Timestamps,channel_1,channel_2,channel_3,channel_4,channel_5,channel_6,channel_7,channel_8,ACC_X,ACC_Y,ACC_Z,GYR_X,GYR_Y,GYR_Z
17_02_10_389,0.0,0.0,0.0,0.0,0.0,0.0,0.0,0.0,0.0,0.0,0.0,0.0,0.0,0.0
17_02_10_389,0.0,0.0,0.0,0.0,0.0,0.0,0.0,0.0,0.0,0.0,0.0,0.0,0.0,0.0
17_02_10_389,0.0,0.0,0.0,0.0,0.0,0.0,0.0,0.0,0.0,0.0,0.0,0.0,0.0,0.0
17_02_10_389,0.0,0.0,0.0,0.0,0.0,0.0,0.0,0.0,0.0,0.0,0.0,0.0,0.0,0.0
17_02_10_389,0.0,0.0,0.0,0.0,0.0,0.0,0.0,0.0,0.0,0.0,0.0,0.0,0.0,0.0
17_02_10_389,0.0,0.0,0.0,0.0,0.0,0.0,0.0,0.0,0.0,0.0,0.0,0.0,0.0,0.0
17_02_10_389,0.0,0.0,0.0,0.0,0.0,0.0,0.0,0.0,0.0,0.0,0.0,0.0,0.0,0.0
17_02_10_389,0.0,0.0,0.0,0.0,0.0,0.0,0.0,0.0,0.0,0.0,0.0,0.0,0.0,0.0
17_02_10_389,0.0,0.0,0.0,0.0,0.0,0.0,0.0,0.0,0.0,0.0,0.0,0.0,0.0,0.0
17_02_10_389,0.0,0.0,0.0,0.0,0.0,0.0,0.0,0.0,0.0,0.0,0.0,0.0,0.0,0.0
17_02_13_147,-2.0,0.0,-2.0,-4.0,-3.0,-1.0,1.0,1.0,0.0,0.0,0.0,0.0,0.0,0.0
17_02_13_147,0.0,0.0,0.0,0.0,0.0,0.0,0.0,0.0,0.0,0.0,0.0,0.0,0.0,0.0
17_02_13_147,0.0,0.0,0.0,0.0,0.0,0.0,0.0,0.0,0.0,0.0,0.0,0.0,0.0,0.0
17_02_13_147,0.0,0.0,0.0,0.0,0.0,0.0,0.0,0.0,0.0,0.0,0.0,0.0,0.0,0.0
17_02_13_147,0.0,0.0,0.0,0.0,0.0,0.0,0.0,0.0,0.0,0.0,0.0,0.0,0.0,0.0
17_02_13_147,0.0,0.0,0.0,0.0,0.0,0.0,0.0,0.0,0.0,0.0,0.0,0.0,0.0,0.0
17_02_13_147,0.0,0.0,0.0,0.0,0.0,0.0,0.0,0.0,0.0,0.0,0.0,0.0,0.0,0.0
17_02_13_147,0.0,0.0,0.0,0.0,0.0,0.0,0.0,0.0,0.0,0.0,0.0,0.0,0.0,0.0
17_02_13_147,0.0,0.0,0.0,0.0,0.0,0.0,0.0,0.0,0.0,0.0,0.0,0.0,0.0,0.0
17_02_13_202,-1.0,0.0,-1.0,0.0,-4.0,-4.0,-2.0,1.0,0.96044921875,-0.1484375,0.181640625,0.853658536585366,0.24390243902439027,-0.12195121951219513
17_02_13_202,-3.0,-2.0,-1.0,0.0,-1.0,-3.0,-2.0,0.0,0.96728515625,-0.142578125,0.18212890625,0.9756097560975611,0.1829268292682927,-0.06097560975609757
17_02_13_202,1.0,0.0,2.0,-2.0,-2.0,0.0,-1.0,3.0,0.0,0.0,0.0,0.0,0.0,0.0
17_02_13_202,-1.0,-1.0,-1.0,-1.0,-1.0,-2.0,-5.0,-3.0,0.0,0.0,0.0,0.0,0.0,0.0
17_02_13_202,-2.0,0.0,2.0,2.0,-5.0,1.0,-3.0,1.0,0.0,0.0,0.0,0.0,0.0,0.0
17_02_13_202,-1.0,-1.0,-1.0,-1.0,-1.0,-2.0,-5.0,-3.0,0.0,0.0,0.0,0.0,0.0,0.0
17_02_13_202,-2.0,0.0,2.0,2.0,-5.0,1.0,-3.0,1.0,0.0,0.0,0.0,0.0,0.0,0.0
17_02_13_202,-3.0,-5.0,-1.0,0.0,-2.0,-1.0,-3.0,-1.0,0.0,0.0,0.0,0.0,0.0,0.0
17_02_13_202,2.0,-2.0,1.0,-3.0,-1.0,-2.0,0.0,-1.0,0.0,0.0,0.0,0.0,0.0,0.0
17_02_13_252,0.0,0.0,-2.0,-1.0,-2.0,2.0,2.0,-2.0,0.96923828125,-0.146484375,0.1796875,0.06097560975609757,0.0,-0.1829268292682927
17_02_13_252,-2.0,0.0,-4.0,1.0,-1.0,-2.0,0.0,1.0,0.9677734375,-0.140625,0.1826171875,0.853658536585366,0.12195121951219513,-0.12195121951219513
17_02_13_252,-2.0,5.0,-1.0,-1.0,4.0,8.0,-1.0,-4.0,0.96044921875,-0.1484375,0.181640625,0.853658536585366,0.24390243902439027,-0.12195121951219513
17_02_13_252,0.0,-1.0,-5.0,-4.0,-1.0,-1.0,4.0,-1.0,0.96728515625,-0.142578125,0.18212890625,0.9756097560975611,0.1829268292682927,-0.06097560975609757
17_02_13_252,0.0,1.0,1.0,-2.0,1.0,-1.0,-4.0,2.0,0.0,0.0,0.0,0.0,0.0,0.0
17_02_13_252,0.0,-1.0,-5.0,-4.0,-1.0,-1.0,4.0,-1.0,0.0,0.0,0.0,0.0,0.0,0.0
17_02_13_252,0.0,1.0,1.0,-2.0,1.0,-1.0,-4.0,2.0,0.0,0.0,0.0,0.0,0.0,0.0
17_02_13_252,2.0,-1.0,-3.0,1.0,-3.0,-2.0,0.0,-1.0,0.0,0.0,0.0,0.0,0.0,0.0
17_02_13_252,-5.0,0.0,-1.0,-1.0,0.0,-3.0,1.0,-3.0,0.0,0.0,0.0,0.0,0.0,0.0
17_02_13_310,2.0,-1.0,-2.0,1.0,6.0,4.0,4.0,3.0,1.34130859375,0.01220703125,1.02197265625,-4.573170731707317,0.7317073170731708,0.7926829268292683
17_02_13_310,0.0,3.0,0.0,-1.0,-1.0,6.0,-1.0,-5.0,0.41357421875,-0.39697265625,-0.248046875,4.51219512195122,-0.30487804878048785,-2.073170731707317
17_02_13_310,1.0,-3.0,-3.0,-5.0,-3.0,-1.0,4.0,5.0,1.5615234375,0.04443359375,0.68212890625,-0.6707317073170732,0.6097560975609757,-1.829268292682927
17_02_13_310,-5.0,4.0,-3.0,-1.0,0.0,7.0,1.0,-1.0,0.62646484375,-0.2021484375,0.13037109375,1.5853658536585367,2.3170731707317076,-3.353658536585366
17_02_13_310,1.0,-2.0,1.0,0.0,6.0,1.0,1.0,3.0,0.96484375,-0.140625,0.177734375,-0.24390243902439027,-0.1829268292682927,-0.24390243902439027
17_02_13_310,1.0,2.0,-5.0,2.0,3.0,4.0,-3.0,-2.0,0.96923828125,-0.146484375,0.1796875,0.06097560975609757,0.0,-0.1829268292682927
17_02_13_310,-1.0,-2.0,-2.0,-4.0,-2.0,-3.0,-3.0,1.0,0.9677734375,-0.140625,0.1826171875,0.853658536585366,0.12195121951219513,-0.12195121951219513
17_02_13_310,-2.0,0.0,-5.0,-3.0,-1.0,7.0,1.0,-3.0,0.96044921875,-0.1484375,0.181640625,0.853658536585366,0.24390243902439027,-0.12195121951219513
17_02_13_310,-3.0,-1.0,-1.0,-1.0,3.0,-4.0,1.0,-2.0,0.96728515625,-0.142578125,0.18212890625,0.9756097560975611,0.1829268292682927,-0.06097560975609757
17_02_13_310,0.0,1.0,1.0,-1.0,1.0,1.0,3.0,-3.0,0.0,0.0,0.0,0.0,0.0,0.0
17_02_13_349,0.0,-5.0,3.0,1.0,-5.0,-3.0,1.0,-1.0,0.56591796875,-0.3291015625,-0.7001953125,3.4756097560975614,-0.30487804878048785,-0.5487804878048781
17_02_13_349,-2.0,0.0,-5.0,0.0,3.0,2.0,-4.0,-2.0,1.41748046875,0.072265625,0.43701171875,-5.7926829268292686,0.7926829268292683,0.5487804878048781
17_02_13_349,3.0,-4.0,0.0,0.0,-2.0,-7.0,-3.0,4.0,1.34130859375,0.01220703125,1.02197265625,-4.573170731707317,0.7317073170731708,0.7926829268292683
17_02_13_349,-3.0,3.0,-2.0,-2.0,1.0,4.0,1.0,-2.0,0.41357421875,-0.39697265625,-0.248046875,4.51219512195122,-0.30487804878048785,-2.073170731707317
17_02_13_349,-1.0,-1.0,-1.0,-1.0,-4.0,-3.0,-5.0,1.0,1.5615234375,0.04443359375,0.68212890625,-0.6707317073170732,0.6097560975609757,-1.829268292682927
17_02_13_349,-2.0,4.0,-5.0,-4.0,3.0,7.0,1.0,-1.0,0.62646484375,-0.2021484375,0.13037109375,1.5853658536585367,2.3170731707317076,-3.353658536585366
17_02_13_349,-5.0,-2.0,1.0,3.0,-1.0,-1.0,1.0,0.0,0.96484375,-0.140625,0.177734375,-0.24390243902439027,-0.1829268292682927,-0.24390243902439027
17_02_13_349,-9.0,2.0,-4.0,0.0,3.0,2.0,0.0,-2.0,0.96923828125,-0.146484375,0.1796875,0.06097560975609757,0.0,-0.1829268292682927
17_02_13_349,6.0,0.0,-1.0,0.0,-2.0,-6.0,-4.0,0.0,0.9677734375,-0.140625,0.1826171875,0.853658536585366,0.12195121951219513,-0.12195121951219513
17_02_13_349,-1.0,2.0,0.0,0.0,-3.0,1.0,-1.0,-2.0,0.96044921875,-0.1484375,0.181640625,0.853658536585366,0.24390243902439027,-0.12195121951219513
17_02_13_413,5.0,-2.0,2.0,-4.0,-5.0,-5.0,-1.0,2.0,1.46923828125,0.0791015625,1.0849609375,-5.121951219512195,1.0365853658536586,0.48780487804878053
17_02_13_413,-4.0,5.0,-3.0,-1.0,3.0,3.0,1.0,-5.0,0.57080078125,-0.3447265625,0.04443359375,4.085365853658537,-0.24390243902439027,-1.3414634146341464
17_02_13_413,1.0,-6.0,-1.0,1.0,-7.0,-4.0,-3.0,0.0,0.56591796875,-0.3291015625,-0.7001953125,3.4756097560975614,-0.30487804878048785,-0.5487804878048781
17_02_13_413,-2.0,0.0,0.0,-1.0,-2.0,3.0,2.0,-1.0,1.41748046875,0.072265625,0.43701171875,-5.7926829268292686,0.7926829268292683,0.5487804878048781
17_02_13_413,-2.0,-4.0,1.0,2.0,-4.0,-7.0,-3.0,4.0,1.34130859375,0.01220703125,1.02197265625,-4.573170731707317,0.7317073170731708,0.7926829268292683
17_02_13_413,-3.0,1.0,-1.0,-5.0,1.0,4.0,2.0,-5.0,0.41357421875,-0.39697265625,-0.248046875,4.51219512195122,-0.30487804878048785,-2.073170731707317
17_02_13_413,0.0,-5.0,3.0,1.0,-5.0,-3.0,1.0,-1.0,1.5615234375,0.04443359375,0.68212890625,-0.6707317073170732,0.6097560975609757,-1.829268292682927
17_02_13_413,-2.0,0.0,-5.0,0.0,3.0,2.0,-4.0,-2.0,0.62646484375,-0.2021484375,0.13037109375,1.5853658536585367,2.3170731707317076,-3.353658536585366
17_02_13_413,3.0,-4.0,0.0,0.0,-2.0,-7.0,-3.0,4.0,0.96484375,-0.140625,0.177734375,-0.24390243902439027,-0.1829268292682927,-0.24390243902439027
17_02_13_413,-3.0,3.0,-2.0,-2.0,1.0,4.0,1.0,-2.0,0.96923828125,-0.146484375,0.1796875,0.06097560975609757,0.0,-0.1829268292682927
17_02_13_455,-1.0,-5.0,2.0,2.0,-5.0,-7.0,-2.0,-1.0,0.57080078125,-0.3447265625,0.04443359375,4.085365853658537,-0.24390243902439027,-1.3414634146341464
17_02_13_455,2.0,3.0,-2.0,-1.0,0.0,6.0,-1.0,-2.0,0.56591796875,-0.3291015625,-0.7001953125,3.4756097560975614,-0.30487804878048785,-0.5487804878048781
17_02_13_455,2.0,-2.0,-1.0,0.0,-5.0,-10.0,3.0,4.0,1.41748046875,0.072265625,0.43701171875,-5.7926829268292686,0.7926829268292683,0.5487804878048781
17_02_13_455,2.0,-2.0,-1.0,0.0,-1.0,1.0,2.0,-3.0,1.34130859375,0.01220703125,1.02197265625,-4.573170731707317,0.7317073170731708,0.7926829268292683
17_02_13_455,5.0,-2.0,2.0,-4.0,-5.0,-5.0,-1.0,2.0,0.41357421875,-0.39697265625,-0.248046875,4.51219512195122,-0.30487804878048785,-2.073170731707317
17_02_13_455,-4.0,5.0,-3.0,-1.0,3.0,3.0,1.0,-5.0,1.5615234375,0.04443359375,0.68212890625,-0.6707317073170732,0.6097560975609757,-1.829268292682927
17_02_13_455,1.0,-6.0,-1.0,1.0,-7.0,-4.0,-3.0,0.0,0.62646484375,-0.2021484375,0.13037109375,1.5853658536585367,2.3170731707317076,-3.353658536585366
17_02_13_455,-2.0,0.0,0.0,-1.0,-2.0,3.0,2.0,-1.0,0.96484375,-0.140625,0.177734375,-0.24390243902439027,-0.1829268292682927,-0.24390243902439027
17_02_13_511,-4.0,-3.0,0.0,4.0,-5.0,-10.0,-2.0,3.0,1.509765625,0.1083984375,0.6494140625,-7.317073170731708,0.9146341463414634,0.853658536585366
17_02_13_511,-1.0,-3.0,0.0,-2.0,1.0,-1.0,-3.0,-3.0,1.04248046875,-0.13623046875,0.75537109375,-0.9146341463414634,0.426829268292683,0.426829268292683
17_02_13_511,-1.0,-3.0,2.0,-4.0,-5.0,-7.0,-1.0,1.0,0.365234375,-0.4228515625,-0.6474609375,5.548780487804878,-0.853658536585366,-0.24390243902439027
17_02_13_511,-2.0,0.0,-3.0,-4.0,1.0,1.0,0.0,-3.0,1.177734375,-0.02490234375,0.0234375,-2.9268292682926833,0.3658536585365854,1.9512195121951221
17_02_13_511,3.0,-5.0,0.0,2.0,-4.0,-7.0,-3.0,2.0,1.46923828125,0.0791015625,1.0849609375,-5.121951219512195,1.0365853658536586,0.48780487804878053
17_02_13_511,5.0,-1.0,1.0,2.0,3.0,2.0,0.0,-3.0,0.57080078125,-0.3447265625,0.04443359375,4.085365853658537,-0.24390243902439027,-1.3414634146341464
17_02_13_511,2.0,-4.0,-1.0,-2.0,-4.0,-9.0,1.0,2.0,0.56591796875,-0.3291015625,-0.7001953125,3.4756097560975614,-0.30487804878048785,-0.5487804878048781
17_02_13_511,0.0,0.0,0.0,-4.0,2.0,0.0,2.0,0.0,1.41748046875,0.072265625,0.43701171875,-5.7926829268292686,0.7926829268292683,0.5487804878048781
17_02_13_511,4.0,-6.0,1.0,-4.0,-3.0,-9.0,-3.0,0.0,1.34130859375,0.01220703125,1.02197265625,-4.573170731707317,0.7317073170731708,0.7926829268292683
17_02_13_511,-1.0,1.0,-3.0,0.0,2.0,2.0,-5.0,-3.0,0.41357421875,-0.39697265625,-0.248046875,4.51219512195122,-0.30487804878048785,-2.073170731707317
17_02_13_565,-2.0,-4.0,0.0,-2.0,-4.0,-5.0,-2.0,0.0,0.72021484375,-0.27880859375,0.302734375,1.524390243902439,-0.3658536585365854,-0.48780487804878053
17_02_13_565,1.0,0.0,0.0,3.0,0.0,-1.0,-2.0,-2.0,0.54345703125,-0.32373046875,-0.70166015625,1.6463414634146343,-0.6707317073170732,0.426829268292683
17_02_13_565,-2.0,-4.0,1.0,3.0,-3.0,-7.0,-1.0,-2.0,1.509765625,0.1083984375,0.6494140625,-7.317073170731708,0.9146341463414634,0.853658536585366
17_02_13_565,3.0,-1.0,-1.0,-3.0,-4.0,2.0,1.0,0.0,1.04248046875,-0.13623046875,0.75537109375,-0.9146341463414634,0.426829268292683,0.426829268292683
17_02_13_565,-4.0,-3.0,0.0,4.0,-5.0,-10.0,-2.0,3.0,0.365234375,-0.4228515625,-0.6474609375,5.548780487804878,-0.853658536585366,-0.24390243902439027
17_02_13_565,-1.0,-3.0,0.0,-2.0,1.0,-1.0,-3.0,-3.0,1.177734375,-0.02490234375,0.0234375,-2.9268292682926833,0.3658536585365854,1.9512195121951221
17_02_13_565,-1.0,-3.0,2.0,-4.0,-5.0,-7.0,-1.0,1.0,1.46923828125,0.0791015625,1.0849609375,-5.121951219512195,1.0365853658536586,0.48780487804878053
17_02_13_565,-2.0,0.0,-3.0,-4.0,1.0,1.0,0.0,-3.0,0.57080078125,-0.3447265625,0.04443359375,4.085365853658537,-0.24390243902439027,-1.3414634146341464
17_02_13_565,3.0,-5.0,0.0,2.0,-4.0,-7.0,-3.0,2.0,0.56591796875,-0.3291015625,-0.7001953125,3.4756097560975614,-0.30487804878048785,-0.5487804878048781
17_02_13_565,5.0,-1.0,1.0,2.0,3.0,2.0,0.0,-3.0,1.41748046875,0.072265625,0.43701171875,-5.7926829268292686,0.7926829268292683,0.5487804878048781
17_02_13_603,-4.0,-3.0,-7.0,0.0,0.0,1.0,1.0,-2.0,1.55615234375,0.09716796875,1.0439453125,-4.207317073170732,0.7317073170731708,-0.1829268292682927
17_02_13_603,-2.0,0.0,-1.0,2.0,1.0,-5.0,0.0,0.0,0.73681640625,-0.2314453125,-0.51318359375,1.2195121951219514,-0.426829268292683,1.0365853658536586
17_02_13_603,-1.0,2.0,0.0,-6.0,-3.0,0.0,-3.0,-4.0,1.5732421875,0.1318359375,0.95849609375,-6.951219512195123,1.2195121951219514,0.426829268292683
17_02_13_603,-2.0,2.0,-1.0,0.0,3.0,0.0,-3.0,-4.0,0.72021484375,-0.27880859375,0.302734375,1.524390243902439,-0.3658536585365854,-0.48780487804878053
17_02_13_603,-3.0,-6.0,1.0,4.0,-2.0,-4.0,-4.0,1.0,0.54345703125,-0.32373046875,-0.70166015625,1.6463414634146343,-0.6707317073170732,0.426829268292683
17_02_13_603,-3.0,-1.0,-3.0,1.0,2.0,1.0,-2.0,-1.0,1.509765625,0.1083984375,0.6494140625,-7.317073170731708,0.9146341463414634,0.853658536585366
17_02_13_603,-4.0,-7.0,-2.0,0.0,-7.0,-7.0,-5.0,0.0,1.04248046875,-0.13623046875,0.75537109375,-0.9146341463414634,0.426829268292683,0.426829268292683
17_02_13_603,-2.0,-1.0,1.0,-3.0,0.0,-2.0,-1.0,-2.0,0.365234375,-0.4228515625,-0.6474609375,5.548780487804878,-0.853658536585366,-0.24390243902439027
17_02_13_603,-2.0,-4.0,-1.0,-6.0,-7.0,-7.0,-4.0,-5.0,1.177734375,-0.02490234375,0.0234375,-2.9268292682926833,0.3658536585365854,1.9512195121951221
17_02_13_603,-1.0,1.0,-4.0,0.0,3.0,2.0,0.0,-1.0,1.46923828125,0.0791015625,1.0849609375,-5.121951219512195,1.0365853658536586,0.48780487804878053
17_02_13_655,-1.0,-1.0,-2.0,-2.0,0.0,4.0,0.0,-5.0,0.93994140625,-0.12744140625,-0.28271484375,-2.3170731707317076,0.24390243902439027,0.7926829268292683
17_02_13_655,-1.0,-2.0,-2.0,-1.0,-3.0,-4.0,-1.0,-3.0,1.5166015625,0.08056640625,1.05810546875,-5.365853658536586,1.1585365853658538,0.1829268292682927
17_02_13_655,-2.0,1.0,-6.0,-1.0,3.0,3.0,-2.0,-3.0,0.48095703125,-0.3818359375,-0.15576171875,5.731707317073171,-0.3658536585365854,-2.5609756097560976
17_02_13_655,3.0,-3.0,-3.0,1.0,-1.0,-2.0,-1.0,-1.0,0.87060546875,-0.16162109375,-0.38037109375,1.0975609756097562,-0.12195121951219513,0.7926829268292683
17_02_13_655,-3.0,2.0,-3.0,4.0,1.0,6.0,1.0,-1.0,1.55615234375,0.09716796875,1.0439453125,-4.207317073170732,0.7317073170731708,-0.1829268292682927
17_02_13_655,1.0,-3.0,-1.0,0.0,2.0,-3.0,1.0,3.0,0.73681640625,-0.2314453125,-0.51318359375,1.2195121951219514,-0.426829268292683,1.0365853658536586
17_02_13_655,-2.0,3.0,0.0,-7.0,1.0,3.0,-2.0,-5.0,1.5732421875,0.1318359375,0.95849609375,-6.951219512195123,1.2195121951219514,0.426829268292683
17_02_13_655,-2.0,3.0,-4.0,-4.0,2.0,4.0,-3.0,1.0,0.72021484375,-0.27880859375,0.302734375,1.524390243902439,-0.3658536585365854,-0.48780487804878053
17_02_13_655,-3.0,2.0,-2.0,-2.0,-1.0,3.0,-3.0,-4.0,0.54345703125,-0.32373046875,-0.70166015625,1.6463414634146343,-0.6707317073170732,0.426829268292683
17_02_13_655,-5.0,-1.0,0.0,0.0,1.0,-4.0,-1.0,2.0,1.509765625,0.1083984375,0.6494140625,-7.317073170731708,0.9146341463414634,0.853658536585366
17_02_13_716,-2.0,1.0,-7.0,-8.0,4.0,3.0,-4.0,-6.0,0.93994140625,-0.12744140625,-0.28271484375,-2.3170731707317076,0.24390243902439027,0.7926829268292683
17_02_13_716,-3.0,0.0,0.0,1.0,8.0,6.0,2.0,2.0,1.5166015625,0.08056640625,1.05810546875,-5.365853658536586,1.1585365853658538,0.1829268292682927
17_02_13_716,-1.0,1.0,-3.0,-2.0,4.0,7.0,0.0,-2.0,0.48095703125,-0.3818359375,-0.15576171875,5.731707317073171,-0.3658536585365854,-2.5609756097560976
17_02_13_716,-2.0,-4.0,4.0,3.0,-4.0,-3.0,1.0,2.0,0.87060546875,-0.16162109375,-0.38037109375,1.0975609756097562,-0.12195121951219513,0.7926829268292683
17_02_13_716,-1.0,-1.0,-2.0,-2.0,0.0,4.0,0.0,-5.0,1.55615234375,0.09716796875,1.0439453125,-4.207317073170732,0.7317073170731708,-0.1829268292682927
17_02_13_716,-1.0,-2.0,-2.0,-1.0,-3.0,-4.0,-1.0,-3.0,0.73681640625,-0.2314453125,-0.51318359375,1.2195121951219514,-0.426829268292683,1.0365853658536586
17_02_13_716,-2.0,1.0,-6.0,-1.0,3.0,3.0,-2.0,-3.0,1.5732421875,0.1318359375,0.95849609375,-6.951219512195123,1.2195121951219514,0.426829268292683
17_02_13_716,3.0,-3.0,-3.0,1.0,-1.0,-2.0,-1.0,-1.0,0.72021484375,-0.27880859375,0.302734375,1.524390243902439,-0.3658536585365854,-0.48780487804878053
17_02_13_716,-3.0,2.0,-3.0,4.0,1.0,6.0,1.0,-1.0,0.54345703125,-0.32373046875,-0.70166015625,1.6463414634146343,-0.6707317073170732,0.426829268292683
17_02_13_716,1.0,-3.0,-1.0,0.0,2.0,-3.0,1.0,3.0,1.509765625,0.1083984375,0.6494140625,-7.317073170731708,0.9146341463414634,0.853658536585366
17_02_13_759,-4.0,0.0,1.0,-1.0,3.0,6.0,-1.0,-3.0,0.93994140625,-0.12744140625,-0.28271484375,-2.3170731707317076,0.24390243902439027,0.7926829268292683
17_02_13_759,5.0,1.0,0.0,-1.0,-3.0,-4.0,1.0,4.0,1.5166015625,0.08056640625,1.05810546875,-5.365853658536586,1.1585365853658538,0.1829268292682927
17_02_13_759,-5.0,2.0,-1.0,3.0,-1.0,4.0,-1.0,-3.0,0.48095703125,-0.3818359375,-0.15576171875,5.731707317073171,-0.3658536585365854,-2.5609756097560976
17_02_13_759,4.0,5.0,6.0,3.0,-1.0,-3.0,-1.0,-1.0,0.87060546875,-0.16162109375,-0.38037109375,1.0975609756097562,-0.12195121951219513,0.7926829268292683
17_02_13_759,-2.0,1.0,-7.0,-8.0,4.0,3.0,-4.0,-6.0,1.55615234375,0.09716796875,1.0439453125,-4.207317073170732,0.7317073170731708,-0.1829268292682927
17_02_13_759,-3.0,0.0,0.0,1.0,8.0,6.0,2.0,2.0,0.73681640625,-0.2314453125,-0.51318359375,1.2195121951219514,-0.426829268292683,1.0365853658536586
17_02_13_759,-1.0,1.0,-3.0,-2.0,4.0,7.0,0.0,-2.0,1.5732421875,0.1318359375,0.95849609375,-6.951219512195123,1.2195121951219514,0.426829268292683
17_02_13_759,-2.0,-4.0,4.0,3.0,-4.0,-3.0,1.0,2.0,0.72021484375,-0.27880859375,0.302734375,1.524390243902439,-0.3658536585365854,-0.48780487804878053
17_02_13_812,-1.0,0.0,-1.0,-1.0,6.0,4.0,0.0,-3.0,0.95947265625,-0.12353515625,-0.25634765625,-0.48780487804878053,0.12195121951219513,1.0365853658536586
17_02_13_812,-2.0,-4.0,0.0,3.0,-6.0,-4.0,-3.0,4.0,1.5,0.06884765625,1.05908203125,-3.963414634146342,1.0975609756097562,1.2804878048780488
17_02_13_812,-2.0,-2.0,-2.0,-3.0,0.0,3.0,-1.0,-3.0,0.9775390625,-0.10791015625,-0.23486328125,-2.0121951219512195,0.7926829268292683,-0.06097560975609757
17_02_13_812,2.0,-5.0,2.0,2.0,-8.0,-10.0,-1.0,0.0,1.48828125,0.06494140625,1.060546875,-5.3048780487804885,0.7926829268292683,0.853658536585366
17_02_13_812,-1.0,-1.0,-3.0,-3.0,4.0,1.0,0.0,1.0,0.43701171875,-0.40478515625,-0.23291015625,4.329268292682928,0.06097560975609757,-1.2195121951219514
17_02_13_812,2.0,-4.0,2.0,-4.0,-2.0,-6.0,0.0,1.0,0.93994140625,-0.12744140625,-0.28271484375,-2.3170731707317076,0.24390243902439027,0.7926829268292683
17_02_13_812,-1.0,1.0,-2.0,-2.0,3.0,3.0,0.0,-4.0,1.5166015625,0.08056640625,1.05810546875,-5.365853658536586,1.1585365853658538,0.1829268292682927
17_02_13_812,2.0,-5.0,-1.0,6.0,-5.0,-12.0,1.0,2.0,0.48095703125,-0.3818359375,-0.15576171875,5.731707317073171,-0.3658536585365854,-2.5609756097560976
17_02_13_812,-3.0,2.0,-3.0,2.0,1.0,5.0,0.0,-1.0,0.87060546875,-0.16162109375,-0.38037109375,1.0975609756097562,-0.12195121951219513,0.7926829268292683
17_02_13_812,3.0,0.0,0.0,-4.0,-9.0,-7.0,0.0,4.0,1.55615234375,0.09716796875,1.0439453125,-4.207317073170732,0.7317073170731708,-0.1829268292682927
17_02_13_860,0.0,0.0,-2.0,-2.0,5.0,4.0,-1.0,-3.0,1.49658203125,0.0625,1.0537109375,-3.780487804878049,0.9146341463414634,1.402439024390244
17_02_13_860,-1.0,-8.0,-1.0,1.0,-6.0,-8.0,-3.0,2.0,0.4384765625,-0.4013671875,-0.23486328125,6.219512195121951,-0.426829268292683,-0.48780487804878053
17_02_13_860,-5.0,0.0,-1.0,1.0,0.0,0.0,-4.0,-2.0,0.95947265625,-0.12353515625,-0.25634765625,-0.48780487804878053,0.12195121951219513,1.0365853658536586
17_02_13_860,-1.0,-6.0,4.0,1.0,-7.0,-11.0,0.0,2.0,1.5,0.06884765625,1.05908203125,-3.963414634146342,1.0975609756097562,1.2804878048780488
17_02_13_860,-1.0,0.0,-3.0,-4.0,-1.0,3.0,-1.0,-2.0,0.9775390625,-0.10791015625,-0.23486328125,-2.0121951219512195,0.7926829268292683,-0.06097560975609757
17_02_13_860,-2.0,-4.0,2.0,-3.0,-3.0,-7.0,-4.0,0.0,1.48828125,0.06494140625,1.060546875,-5.3048780487804885,0.7926829268292683,0.853658536585366
17_02_13_860,-1.0,0.0,-1.0,-1.0,6.0,4.0,0.0,-3.0,0.43701171875,-0.40478515625,-0.23291015625,4.329268292682928,0.06097560975609757,-1.2195121951219514
17_02_13_860,-2.0,-4.0,0.0,3.0,-6.0,-4.0,-3.0,4.0,0.93994140625,-0.12744140625,-0.28271484375,-2.3170731707317076,0.24390243902439027,0.7926829268292683
17_02_13_860,-2.0,-2.0,-2.0,-3.0,0.0,3.0,-1.0,-3.0,1.5166015625,0.08056640625,1.05810546875,-5.365853658536586,1.1585365853658538,0.1829268292682927
17_02_13_860,2.0,-5.0,2.0,2.0,-8.0,-10.0,-1.0,0.0,0.48095703125,-0.3818359375,-0.15576171875,5.731707317073171,-0.3658536585365854,-2.5609756097560976
17_02_13_907,-3.0,-2.0,-3.0,-3.0,-4.0,0.0,-3.0,-3.0,1.55224609375,0.087890625,1.0439453125,-3.963414634146342,1.0365853658536586,0.48780487804878053
17_02_13_907,1.0,-3.0,2.0,-1.0,-5.0,-8.0,-4.0,-3.0,0.47314453125,-0.392578125,-0.17041015625,6.52439024390244,-0.426829268292683,-0.12195121951219513
17_02_13_907,-2.0,-1.0,-4.0,1.0,1.0,-1.0,-2.0,2.0,1.49658203125,0.0625,1.0537109375,-3.780487804878049,0.9146341463414634,1.402439024390244
17_02_13_907,4.0,-2.0,4.0,-4.0,-1.0,-5.0,-2.0,3.0,0.4384765625,-0.4013671875,-0.23486328125,6.219512195121951,-0.426829268292683,-0.48780487804878053
17_02_13_907,0.0,0.0,-1.0,-1.0,-2.0,-4.0,-1.0,-1.0,0.95947265625,-0.12353515625,-0.25634765625,-0.48780487804878053,0.12195121951219513,1.0365853658536586
17_02_13_907,0.0,-3.0,1.0,-1.0,-5.0,-4.0,-1.0,2.0,1.5,0.06884765625,1.05908203125,-3.963414634146342,1.0975609756097562,1.2804878048780488
17_02_13_907,-1.0,2.0,-1.0,1.0,-3.0,3.0,-1.0,-3.0,0.9775390625,-0.10791015625,-0.23486328125,-2.0121951219512195,0.7926829268292683,-0.06097560975609757
17_02_13_907,-1.0,-5.0,0.0,-2.0,-7.0,-9.0,-1.0,2.0,1.48828125,0.06494140625,1.060546875,-5.3048780487804885,0.7926829268292683,0.853658536585366
17_02_13_907,-3.0,2.0,2.0,-3.0,1.0,1.0,-2.0,0.0,0.43701171875,-0.40478515625,-0.23291015625,4.329268292682928,0.06097560975609757,-1.2195121951219514
17_02_13_907,0.0,-2.0,2.0,-1.0,-6.0,-7.0,-5.0,1.0,0.93994140625,-0.12744140625,-0.28271484375,-2.3170731707317076,0.24390243902439027,0.7926829268292683
17_02_13_970,2.0,0.0,-2.0,0.0,0.0,4.0,0.0,-2.0,0.81005859375,-0.1875,-0.43359375,1.0975609756097562,-0.12195121951219513,0.6707317073170732
17_02_13_970,0.0,-5.0,-4.0,-2.0,-11.0,-6.0,-3.0,0.0,1.55224609375,0.087890625,1.0439453125,-3.963414634146342,1.0365853658536586,0.48780487804878053
17_02_13_970,-3.0,-2.0,-3.0,-3.0,-4.0,0.0,-3.0,-3.0,0.47314453125,-0.392578125,-0.17041015625,6.52439024390244,-0.426829268292683,-0.12195121951219513
17_02_13_970,1.0,-3.0,2.0,-1.0,-5.0,-8.0,-4.0,-3.0,1.49658203125,0.0625,1.0537109375,-3.780487804878049,0.9146341463414634,1.402439024390244
17_02_13_970,-2.0,-1.0,-4.0,1.0,1.0,-1.0,-2.0,2.0,0.4384765625,-0.4013671875,-0.23486328125,6.219512195121951,-0.426829268292683,-0.48780487804878053
17_02_13_970,4.0,-2.0,4.0,-4.0,-1.0,-5.0,-2.0,3.0,0.95947265625,-0.12353515625,-0.25634765625,-0.48780487804878053,0.12195121951219513,1.0365853658536586
17_02_13_970,0.0,0.0,-1.0,-1.0,-2.0,-4.0,-1.0,-1.0,1.5,0.06884765625,1.05908203125,-3.963414634146342,1.0975609756097562,1.2804878048780488
17_02_13_970,0.0,-3.0,1.0,-1.0,-5.0,-4.0,-1.0,2.0,0.9775390625,-0.10791015625,-0.23486328125,-2.0121951219512195,0.7926829268292683,-0.06097560975609757
17_02_13_970,-1.0,2.0,-1.0,1.0,-3.0,3.0,-1.0,-3.0,1.48828125,0.06494140625,1.060546875,-5.3048780487804885,0.7926829268292683,0.853658536585366
17_02_13_970,-1.0,-5.0,0.0,-2.0,-7.0,-9.0,-1.0,2.0,0.43701171875,-0.40478515625,-0.23291015625,4.329268292682928,0.06097560975609757,-1.2195121951219514
17_02_14_022,-3.0,-1.0,-3.0,-4.0,2.0,-3.0,3.0,-1.0,0.63037109375,-0.3291015625,0.1416015625,4.390243902439025,-0.5487804878048781,-1.8902439024390245
17_02_14_022,-3.0,-1.0,-2.0,1.0,-2.0,3.0,-3.0,-4.0,1.5791015625,0.11474609375,0.998046875,-5.121951219512195,0.6707317073170732,2.073170731707317
17_02_14_022,-3.0,0.0,-3.0,2.0,0.0,-2.0,-5.0,0.0,0.58203125,-0.35595703125,0.05517578125,5.3048780487804885,-0.24390243902439027,-0.426829268292683
17_02_14_022,-1.0,-5.0,-2.0,-1.0,-8.0,-5.0,-4.0,-2.0,0.81005859375,-0.1875,-0.43359375,1.0975609756097562,-0.12195121951219513,0.6707317073170732
17_02_14_022,0.0,0.0,-3.0,1.0,-2.0,-4.0,-3.0,-2.0,1.55224609375,0.087890625,1.0439453125,-3.963414634146342,1.0365853658536586,0.48780487804878053
17_02_14_022,-6.0,-8.0,-5.0,-3.0,-7.0,-4.0,-5.0,-3.0,0.47314453125,-0.392578125,-0.17041015625,6.52439024390244,-0.426829268292683,-0.12195121951219513
17_02_14_022,2.0,0.0,-2.0,0.0,0.0,4.0,0.0,-2.0,1.49658203125,0.0625,1.0537109375,-3.780487804878049,0.9146341463414634,1.402439024390244
17_02_14_022,0.0,-5.0,-4.0,-2.0,-11.0,-6.0,-3.0,0.0,0.4384765625,-0.4013671875,-0.23486328125,6.219512195121951,-0.426829268292683,-0.48780487804878053
17_02_14_022,-3.0,-2.0,-3.0,-3.0,-4.0,0.0,-3.0,-3.0,0.95947265625,-0.12353515625,-0.25634765625,-0.48780487804878053,0.12195121951219513,1.0365853658536586
17_02_14_022,1.0,-3.0,2.0,-1.0,-5.0,-8.0,-4.0,-3.0,1.5,0.06884765625,1.05908203125,-3.963414634146342,1.0975609756097562,1.2804878048780488
17_02_14_072,2.0,-3.0,2.0,0.0,-3.0,-5.0,0.0,2.0,1.587890625,0.12109375,0.900390625,-5.182926829268293,0.9146341463414634,0.7926829268292683
17_02_14_072,-7.0,-1.0,-5.0,-3.0,4.0,5.0,-2.0,-2.0,0.654296875,-0.26123046875,-0.60205078125,2.1341463414634148,-0.6707317073170732,0.06097560975609757
17_02_14_072,8.0,6.0,4.0,-1.0,3.0,0.0,2.0,2.0,1.5927734375,0.1181640625,0.94189453125,-5.670731707317073,0.426829268292683,1.402439024390244
17_02_14_072,-3.0,1.0,-3.0,2.0,3.0,6.0,-3.0,-3.0,0.63037109375,-0.3291015625,0.1416015625,4.390243902439025,-0.5487804878048781,-1.8902439024390245
17_02_14_072,1.0,0.0,-1.0,5.0,4.0,2.0,4.0,6.0,1.5791015625,0.11474609375,0.998046875,-5.121951219512195,0.6707317073170732,2.073170731707317
17_02_14_072,3.0,2.0,2.0,0.0,-2.0,7.0,-3.0,-3.0,0.58203125,-0.35595703125,0.05517578125,5.3048780487804885,-0.24390243902439027,-0.426829268292683
17_02_14_072,0.0,-2.0,1.0,-4.0,0.0,0.0,-1.0,-1.0,0.81005859375,-0.1875,-0.43359375,1.0975609756097562,-0.12195121951219513,0.6707317073170732
17_02_14_072,-2.0,3.0,0.0,1.0,0.0,8.0,2.0,-4.0,1.55224609375,0.087890625,1.0439453125,-3.963414634146342,1.0365853658536586,0.48780487804878053
17_02_14_072,-4.0,-1.0,-1.0,3.0,1.0,-1.0,-1.0,0.0,0.47314453125,-0.392578125,-0.17041015625,6.52439024390244,-0.426829268292683,-0.12195121951219513
17_02_14_072,1.0,3.0,0.0,2.0,0.0,6.0,-2.0,-6.0,1.49658203125,0.0625,1.0537109375,-3.780487804878049,0.9146341463414634,1.402439024390244
17_02_14_124,3.0,-5.0,1.0,-1.0,-2.0,-4.0,-5.0,3.0,0.654296875,-0.26123046875,-0.60205078125,2.1341463414634148,-0.6707317073170732,0.06097560975609757
17_02_14_124,-2.0,4.0,0.0,0.0,-1.0,1.0,-1.0,-2.0,1.5927734375,0.1181640625,0.94189453125,-5.670731707317073,0.426829268292683,1.402439024390244
17_02_14_124,2.0,-3.0,2.0,0.0,-3.0,-5.0,0.0,2.0,0.63037109375,-0.3291015625,0.1416015625,4.390243902439025,-0.5487804878048781,-1.8902439024390245
17_02_14_124,-7.0,-1.0,-5.0,-3.0,4.0,5.0,-2.0,-2.0,1.5791015625,0.11474609375,0.998046875,-5.121951219512195,0.6707317073170732,2.073170731707317
17_02_14_124,8.0,6.0,4.0,-1.0,3.0,0.0,2.0,2.0,0.58203125,-0.35595703125,0.05517578125,5.3048780487804885,-0.24390243902439027,-0.426829268292683
17_02_14_124,-3.0,1.0,-3.0,2.0,3.0,6.0,-3.0,-3.0,0.81005859375,-0.1875,-0.43359375,1.0975609756097562,-0.12195121951219513,0.6707317073170732
17_02_14_124,1.0,0.0,-1.0,5.0,4.0,2.0,4.0,6.0,1.55224609375,0.087890625,1.0439453125,-3.963414634146342,1.0365853658536586,0.48780487804878053
17_02_14_124,3.0,2.0,2.0,0.0,-2.0,7.0,-3.0,-3.0,0.47314453125,-0.392578125,-0.17041015625,6.52439024390244,-0.426829268292683,-0.12195121951219513
17_02_14_171,-1.0,2.0,0.0,0.0,4.0,4.0,-1.0,-1.0,0.53564453125,-0.3193359375,-0.69677734375,3.7195121951219514,-0.7317073170731708,-1.0365853658536586
17_02_14_171,-1.0,-5.0,3.0,2.0,-8.0,-7.0,-3.0,3.0,1.56982421875,0.1142578125,0.822265625,-5.0,0.9756097560975611,1.829268292682927
17_02_14_171,-4.0,0.0,-3.0,-1.0,0.0,6.0,-1.0,-3.0,0.7412109375,-0.28662109375,0.3251953125,4.390243902439025,-0.24390243902439027,-1.3414634146341464
17_02_14_171,0.0,-6.0,1.0,-2.0,-6.0,-10.0,-1.0,3.0,0.6103515625,-0.27783203125,-0.6455078125,3.1097560975609757,-0.24390243902439027,-0.48780487804878053
17_02_14_171,1.0,2.0,1.0,-2.0,3.0,3.0,-1.0,1.0,1.587890625,0.12109375,0.900390625,-5.182926829268293,0.9146341463414634,0.7926829268292683
17_02_14_171,-2.0,-3.0,0.0,1.0,0.0,-9.0,0.0,1.0,0.654296875,-0.26123046875,-0.60205078125,2.1341463414634148,-0.6707317073170732,0.06097560975609757
17_02_14_171,-3.0,0.0,1.0,-1.0,4.0,4.0,1.0,-2.0,1.5927734375,0.1181640625,0.94189453125,-5.670731707317073,0.426829268292683,1.402439024390244
17_02_14_171,0.0,-7.0,3.0,-1.0,-5.0,-7.0,-2.0,0.0,0.63037109375,-0.3291015625,0.1416015625,4.390243902439025,-0.5487804878048781,-1.8902439024390245
17_02_14_171,-4.0,1.0,-1.0,1.0,0.0,2.0,0.0,-1.0,1.5791015625,0.11474609375,0.998046875,-5.121951219512195,0.6707317073170732,2.073170731707317
17_02_14_224,1.0,-2.0,2.0,-1.0,-7.0,-1.0,1.0,4.0,0.9130859375,-0.20947265625,0.56689453125,0.9756097560975611,0.30487804878048785,-0.24390243902439027
17_02_14_224,0.0,1.0,0.0,-4.0,2.0,4.0,-1.0,-5.0,0.49365234375,-0.337890625,-0.7099609375,3.1707317073170733,-0.24390243902439027,-1.0365853658536586
17_02_14_224,1.0,-4.0,2.0,-1.0,-2.0,-7.0,-5.0,3.0,1.5625,0.11328125,0.7470703125,-6.097560975609756,0.9146341463414634,1.4634146341463417
17_02_14_224,-3.0,0.0,3.0,1.0,2.0,5.0,-3.0,-4.0,0.81787109375,-0.24267578125,0.45068359375,2.25609756097561,-0.12195121951219513,-1.524390243902439
17_02_14_224,3.0,-4.0,4.0,1.0,-4.0,-7.0,-1.0,2.0,0.53564453125,-0.3193359375,-0.69677734375,3.7195121951219514,-0.7317073170731708,-1.0365853658536586
17_02_14_224,-2.0,-1.0,2.0,1.0,1.0,1.0,-2.0,-3.0,1.56982421875,0.1142578125,0.822265625,-5.0,0.9756097560975611,1.829268292682927
17_02_14_224,0.0,-5.0,-1.0,-4.0,-4.0,-7.0,0.0,2.0,0.7412109375,-0.28662109375,0.3251953125,4.390243902439025,-0.24390243902439027,-1.3414634146341464
17_02_14_224,-3.0,3.0,-1.0,-2.0,4.0,4.0,2.0,-2.0,0.6103515625,-0.27783203125,-0.6455078125,3.1097560975609757,-0.24390243902439027,-0.48780487804878053
17_02_14_224,2.0,-1.0,0.0,-2.0,-3.0,-7.0,3.0,5.0,1.587890625,0.12109375,0.900390625,-5.182926829268293,0.9146341463414634,0.7926829268292683
17_02_14_224,-1.0,2.0,0.0,0.0,4.0,4.0,-1.0,-1.0,0.654296875,-0.26123046875,-0.60205078125,2.1341463414634148,-0.6707317073170732,0.06097560975609757
17_02_14_279,0.0,-3.0,2.0,-3.0,-6.0,-8.0,-2.0,2.0,1.498046875,0.09765625,0.6181640625,-6.097560975609756,0.9756097560975611,1.9512195121951221
17_02_14_279,-1.0,2.0,-6.0,-4.0,5.0,-1.0,-5.0,-1.0,0.9130859375,-0.20947265625,0.56689453125,0.9756097560975611,0.30487804878048785,-0.24390243902439027
17_02_14_279,-1.0,-3.0,-1.0,-2.0,-3.0,-2.0,0.0,2.0,0.49365234375,-0.337890625,-0.7099609375,3.1707317073170733,-0.24390243902439027,-1.0365853658536586
17_02_14_279,1.0,0.0,2.0,-3.0,0.0,1.0,1.0,-4.0,1.5625,0.11328125,0.7470703125,-6.097560975609756,0.9146341463414634,1.4634146341463417
17_02_14_279,-2.0,-5.0,-2.0,2.0,-7.0,-5.0,-1.0,2.0,0.81787109375,-0.24267578125,0.45068359375,2.25609756097561,-0.12195121951219513,-1.524390243902439
17_02_14_279,-3.0,0.0,-3.0,-1.0,-1.0,0.0,2.0,-2.0,0.53564453125,-0.3193359375,-0.69677734375,3.7195121951219514,-0.7317073170731708,-1.0365853658536586
17_02_14_279,1.0,-2.0,2.0,-1.0,-7.0,-1.0,1.0,4.0,1.56982421875,0.1142578125,0.822265625,-5.0,0.9756097560975611,1.829268292682927
17_02_14_279,0.0,1.0,0.0,-4.0,2.0,4.0,-1.0,-5.0,0.7412109375,-0.28662109375,0.3251953125,4.390243902439025,-0.24390243902439027,-1.3414634146341464
17_02_14_279,1.0,-4.0,2.0,-1.0,-2.0,-7.0,-5.0,3.0,0.6103515625,-0.27783203125,-0.6455078125,3.1097560975609757,-0.24390243902439027,-0.48780487804878053
17_02_14_279,-3.0,0.0,3.0,1.0,2.0,5.0,-3.0,-4.0,1.587890625,0.12109375,0.900390625,-5.182926829268293,0.9146341463414634,0.7926829268292683
17_02_14_327,-5.0,-6.0,-4.0,0.0,-9.0,-6.0,-3.0,-1.0,0.93701171875,-0.18798828125,0.61865234375,0.5487804878048781,0.426829268292683,-1.7682926829268295
17_02_14_327,-4.0,1.0,-2.0,0.0,0.0,3.0,-1.0,2.0,0.43603515625,-0.37060546875,-0.70849609375,3.780487804878049,-0.30487804878048785,-1.2804878048780488
17_02_14_327,-2.0,-8.0,-7.0,-2.0,-12.0,-8.0,0.0,-4.0,1.498046875,0.09765625,0.6181640625,-6.097560975609756,0.9756097560975611,1.9512195121951221
17_02_14_327,3.0,1.0,0.0,-5.0,3.0,0.0,-2.0,-1.0,0.9130859375,-0.20947265625,0.56689453125,0.9756097560975611,0.30487804878048785,-0.24390243902439027
17_02_14_327,2.0,-4.0,-1.0,-1.0,-7.0,-6.0,-3.0,-1.0,0.49365234375,-0.337890625,-0.7099609375,3.1707317073170733,-0.24390243902439027,-1.0365853658536586
17_02_14_327,2.0,0.0,0.0,-2.0,2.0,3.0,0.0,-6.0,1.5625,0.11328125,0.7470703125,-6.097560975609756,0.9146341463414634,1.4634146341463417
17_02_14_327,2.0,-1.0,-1.0,2.0,-6.0,-7.0,-1.0,1.0,0.81787109375,-0.24267578125,0.45068359375,2.25609756097561,-0.12195121951219513,-1.524390243902439
17_02_14_327,1.0,-1.0,-2.0,-1.0,-2.0,-1.0,-3.0,-1.0,0.53564453125,-0.3193359375,-0.69677734375,3.7195121951219514,-0.7317073170731708,-1.0365853658536586
17_02_14_327,0.0,-3.0,2.0,-3.0,-6.0,-8.0,-2.0,2.0,1.56982421875,0.1142578125,0.822265625,-5.0,0.9756097560975611,1.829268292682927
17_02_14_327,-1.0,2.0,-6.0,-4.0,5.0,-1.0,-5.0,-1.0,0.7412109375,-0.28662109375,0.3251953125,4.390243902439025,-0.24390243902439027,-1.3414634146341464
17_02_14_379,1.0,0.0,1.0,1.0,0.0,-2.0,3.0,0.0,1.5068359375,0.10205078125,0.62939453125,-6.2804878048780495,1.0975609756097562,1.6463414634146343
17_02_14_379,0.0,0.0,-3.0,0.0,0.0,3.0,2.0,-2.0,0.93701171875,-0.18798828125,0.61865234375,0.5487804878048781,0.426829268292683,-1.7682926829268295
17_02_14_379,-3.0,-1.0,0.0,-1.0,1.0,-2.0,-1.0,-4.0,0.43603515625,-0.37060546875,-0.70849609375,3.780487804878049,-0.30487804878048785,-1.2804878048780488
17_02_14_379,0.0,-1.0,0.0,-4.0,2.0,2.0,-1.0,-1.0,1.498046875,0.09765625,0.6181640625,-6.097560975609756,0.9756097560975611,1.9512195121951221
17_02_14_379,0.0,2.0,-1.0,2.0,1.0,1.0,-2.0,-1.0,0.9130859375,-0.20947265625,0.56689453125,0.9756097560975611,0.30487804878048785,-0.24390243902439027
17_02_14_379,0.0,0.0,0.0,-1.0,-2.0,3.0,2.0,-5.0,0.49365234375,-0.337890625,-0.7099609375,3.1707317073170733,-0.24390243902439027,-1.0365853658536586
17_02_14_379,1.0,-3.0,0.0,-2.0,-1.0,0.0,-5.0,0.0,1.5625,0.11328125,0.7470703125,-6.097560975609756,0.9146341463414634,1.4634146341463417
17_02_14_379,-4.0,-3.0,-4.0,-1.0,-3.0,-2.0,0.0,0.0,0.81787109375,-0.24267578125,0.45068359375,2.25609756097561,-0.12195121951219513,-1.524390243902439
17_02_14_379,-1.0,-1.0,-4.0,-4.0,-4.0,-1.0,-2.0,-3.0,0.53564453125,-0.3193359375,-0.69677734375,3.7195121951219514,-0.7317073170731708,-1.0365853658536586
17_02_14_449,-5.0,4.0,-3.0,-3.0,7.0,5.0,2.0,-5.0,0.4248046875,-0.37939453125,-0.701171875,2.8658536585365857,0.06097560975609757,0.3658536585365854
17_02_14_449,2.0,-1.0,0.0,-3.0,1.0,-2.0,-2.0,0.0,0.43994140625,-0.36572265625,-0.697265625,3.353658536585366,-0.426829268292683,-0.7926829268292683
17_02_14_449,0.0,2.0,-4.0,1.0,4.0,5.0,-3.0,-5.0,1.5068359375,0.10205078125,0.62939453125,-6.2804878048780495,1.0975609756097562,1.6463414634146343
17_02_14_449,1.0,0.0,1.0,1.0,0.0,-2.0,3.0,0.0,0.93701171875,-0.18798828125,0.61865234375,0.5487804878048781,0.426829268292683,-1.7682926829268295
17_02_14_449,0.0,0.0,-3.0,0.0,0.0,3.0,2.0,-2.0,0.43603515625,-0.37060546875,-0.70849609375,3.780487804878049,-0.30487804878048785,-1.2804878048780488
17_02_14_449,-3.0,-1.0,0.0,-1.0,1.0,-2.0,-1.0,-4.0,1.498046875,0.09765625,0.6181640625,-6.097560975609756,0.9756097560975611,1.9512195121951221
17_02_14_449,0.0,-1.0,0.0,-4.0,2.0,2.0,-1.0,-1.0,0.9130859375,-0.20947265625,0.56689453125,0.9756097560975611,0.30487804878048785,-0.24390243902439027
17_02_14_449,0.0,2.0,-1.0,2.0,1.0,1.0,-2.0,-1.0,0.49365234375,-0.337890625,-0.7099609375,3.1707317073170733,-0.24390243902439027,-1.0365853658536586
17_02_14_449,0.0,0.0,0.0,-1.0,-2.0,3.0,2.0,-5.0,1.5625,0.11328125,0.7470703125,-6.097560975609756,0.9146341463414634,1.4634146341463417
17_02_14_449,1.0,-3.0,0.0,-2.0,-1.0,0.0,-5.0,0.0,0.81787109375,-0.24267578125,0.45068359375,2.25609756097561,-0.12195121951219513,-1.524390243902439
17_02_14_497,-3.0,-3.0,-4.0,-1.0,0.0,4.0,-2.0,0.0,1.01171875,-0.16650390625,0.69580078125,-0.9756097560975611,0.426829268292683,-0.9756097560975611
17_02_14_497,0.0,0.0,-3.0,-5.0,2.0,-4.0,-1.0,-4.0,0.4248046875,-0.37939453125,-0.701171875,2.8658536585365857,0.06097560975609757,0.3658536585365854
17_02_14_497,-2.0,2.0,-8.0,-4.0,6.0,9.0,-2.0,-2.0,0.43994140625,-0.36572265625,-0.697265625,3.353658536585366,-0.426829268292683,-0.7926829268292683
17_02_14_497,1.0,-1.0,0.0,-2.0,-4.0,-2.0,2.0,5.0,1.5068359375,0.10205078125,0.62939453125,-6.2804878048780495,1.0975609756097562,1.6463414634146343
17_02_14_497,0.0,5.0,-1.0,-1.0,1.0,7.0,1.0,-4.0,0.93701171875,-0.18798828125,0.61865234375,0.5487804878048781,0.426829268292683,-1.7682926829268295
17_02_14_497,1.0,-3.0,-2.0,3.0,-1.0,-5.0,-3.0,-1.0,0.43603515625,-0.37060546875,-0.70849609375,3.780487804878049,-0.30487804878048785,-1.2804878048780488
17_02_14_497,-2.0,1.0,0.0,1.0,-2.0,8.0,0.0,-3.0,1.498046875,0.09765625,0.6181640625,-6.097560975609756,0.9756097560975611,1.9512195121951221
17_02_14_497,-5.0,1.0,-5.0,-4.0,-2.0,0.0,-2.0,-1.0,0.9130859375,-0.20947265625,0.56689453125,0.9756097560975611,0.30487804878048785,-0.24390243902439027
17_02_14_546,-1.0,2.0,0.0,-2.0,2.0,1.0,-6.0,-1.0,0.96435546875,-0.14453125,0.181640625,0.5487804878048781,0.426829268292683,0.0
17_02_14_546,0.0,1.0,-1.0,0.0,2.0,2.0,-1.0,-1.0,0.98388671875,-0.16162109375,0.16455078125,0.426829268292683,0.48780487804878053,0.24390243902439027
17_02_14_546,-2.0,-2.0,-1.0,1.0,0.0,-2.0,1.0,-1.0,0.9873046875,-0.1181640625,0.03857421875,4.085365853658537,0.1829268292682927,-0.7926829268292683
17_02_14_546,-4.0,-2.0,-3.0,-3.0,-3.0,-2.0,-7.0,0.0,1.5966796875,0.00634765625,0.4677734375,0.853658536585366,-0.1829268292682927,0.5487804878048781
17_02_14_546,-2.0,1.0,0.0,-4.0,2.0,-4.0,0.0,0.0,1.45556640625,0.0849609375,0.51025390625,-5.914634146341464,0.9756097560975611,0.7317073170731708
17_02_14_546,1.0,0.0,-3.0,-2.0,-1.0,-3.0,2.0,-2.0,1.01171875,-0.16650390625,0.69580078125,-0.9756097560975611,0.426829268292683,-0.9756097560975611
17_02_14_546,1.0,-1.0,0.0,0.0,0.0,0.0,-1.0,-1.0,0.4248046875,-0.37939453125,-0.701171875,2.8658536585365857,0.06097560975609757,0.3658536585365854
17_02_14_546,-3.0,-2.0,-1.0,-4.0,-1.0,1.0,1.0,-1.0,0.43994140625,-0.36572265625,-0.697265625,3.353658536585366,-0.426829268292683,-0.7926829268292683
17_02_14_546,-1.0,-1.0,-4.0,-4.0,1.0,3.0,-1.0,-1.0,1.5068359375,0.10205078125,0.62939453125,-6.2804878048780495,1.0975609756097562,1.6463414634146343
17_02_14_546,0.0,0.0,-1.0,-3.0,0.0,1.0,-5.0,-3.0,0.93701171875,-0.18798828125,0.61865234375,0.5487804878048781,0.426829268292683,-1.7682926829268295
17_02_14_594,-3.0,0.0,-3.0,-3.0,-2.0,2.0,-3.0,-3.0,0.96435546875,-0.14453125,0.181640625,0.5487804878048781,0.426829268292683,0.0
17_02_14_594,-1.0,-1.0,1.0,-1.0,-2.0,-1.0,0.0,-4.0,0.98388671875,-0.16162109375,0.16455078125,0.426829268292683,0.48780487804878053,0.24390243902439027
17_02_14_594,0.0,0.0,1.0,0.0,0.0,0.0,1.0,3.0,0.9873046875,-0.1181640625,0.03857421875,4.085365853658537,0.1829268292682927,-0.7926829268292683
17_02_14_594,-3.0,1.0,1.0,-4.0,-1.0,-2.0,-1.0,1.0,1.5966796875,0.00634765625,0.4677734375,0.853658536585366,-0.1829268292682927,0.5487804878048781
17_02_14_594,-1.0,1.0,-3.0,-2.0,-1.0,-2.0,-2.0,1.0,1.45556640625,0.0849609375,0.51025390625,-5.914634146341464,0.9756097560975611,0.7317073170731708
17_02_14_594,-3.0,-3.0,-2.0,2.0,-2.0,-5.0,0.0,-3.0,1.01171875,-0.16650390625,0.69580078125,-0.9756097560975611,0.426829268292683,-0.9756097560975611
17_02_14_594,-1.0,2.0,0.0,-2.0,2.0,1.0,-6.0,-1.0,0.4248046875,-0.37939453125,-0.701171875,2.8658536585365857,0.06097560975609757,0.3658536585365854
17_02_14_594,0.0,1.0,-1.0,0.0,2.0,2.0,-1.0,-1.0,0.43994140625,-0.36572265625,-0.697265625,3.353658536585366,-0.426829268292683,-0.7926829268292683
17_02_14_652,-2.0,-2.0,-1.0,-3.0,-1.0,-2.0,-6.0,1.0,0.98388671875,-0.16162109375,0.16455078125,0.426829268292683,0.48780487804878053,0.24390243902439027
17_02_14_652,-3.0,0.0,-3.0,-3.0,-2.0,2.0,-3.0,-3.0,0.9873046875,-0.1181640625,0.03857421875,4.085365853658537,0.1829268292682927,-0.7926829268292683
17_02_14_652,-1.0,-1.0,1.0,-1.0,-2.0,-1.0,0.0,-4.0,1.5966796875,0.00634765625,0.4677734375,0.853658536585366,-0.1829268292682927,0.5487804878048781
17_02_14_652,0.0,0.0,1.0,0.0,0.0,0.0,1.0,3.0,1.45556640625,0.0849609375,0.51025390625,-5.914634146341464,0.9756097560975611,0.7317073170731708
17_02_14_652,-3.0,1.0,1.0,-4.0,-1.0,-2.0,-1.0,1.0,1.01171875,-0.16650390625,0.69580078125,-0.9756097560975611,0.426829268292683,-0.9756097560975611
17_02_14_652,-1.0,1.0,-3.0,-2.0,-1.0,-2.0,-2.0,1.0,0.4248046875,-0.37939453125,-0.701171875,2.8658536585365857,0.06097560975609757,0.3658536585365854
17_02_14_652,-3.0,-3.0,-2.0,2.0,-2.0,-5.0,0.0,-3.0,0.43994140625,-0.36572265625,-0.697265625,3.353658536585366,-0.426829268292683,-0.7926829268292683
17_02_14_698,1.0,1.0,-1.0,-1.0,3.0,0.0,-2.0,0.0,0.96435546875,-0.1533203125,0.18359375,0.6707317073170732,0.12195121951219513,-0.1829268292682927
17_02_14_698,2.0,-2.0,0.0,-3.0,0.0,3.0,-3.0,-3.0,0.9619140625,-0.150390625,0.18505859375,0.7317073170731708,0.12195121951219513,-0.24390243902439027
17_02_14_698,0.0,-2.0,-1.0,-1.0,-2.0,-4.0,-1.0,0.0,0.9638671875,-0.14599609375,0.1845703125,0.48780487804878053,0.30487804878048785,-0.12195121951219513
17_02_14_698,3.0,-2.0,-1.0,-2.0,0.0,-2.0,1.0,1.0,0.96142578125,-0.14501953125,0.18505859375,0.6707317073170732,0.426829268292683,-0.06097560975609757
17_02_14_698,-1.0,-2.0,-4.0,0.0,0.0,-2.0,-1.0,-2.0,0.95849609375,-0.154296875,0.19140625,0.1829268292682927,0.6707317073170732,-0.24390243902439027
17_02_14_698,-2.0,-3.0,4.0,-5.0,1.0,-4.0,-1.0,-2.0,0.9619140625,-0.1533203125,0.185546875,0.0,0.6707317073170732,-0.12195121951219513
17_02_14_698,1.0,0.0,0.0,-2.0,-2.0,3.0,-2.0,1.0,0.96337890625,-0.14892578125,0.17626953125,0.06097560975609757,0.6097560975609757,-0.1829268292682927
17_02_14_698,1.0,1.0,-3.0,-1.0,2.0,-1.0,2.0,0.0,0.96435546875,-0.14453125,0.181640625,0.5487804878048781,0.426829268292683,0.0
17_02_14_698,1.0,-2.0,0.0,-3.0,-2.0,-3.0,2.0,-3.0,0.98388671875,-0.16162109375,0.16455078125,0.426829268292683,0.48780487804878053,0.24390243902439027
17_02_14_698,1.0,0.0,-2.0,-4.0,-1.0,1.0,-1.0,1.0,0.9873046875,-0.1181640625,0.03857421875,4.085365853658537,0.1829268292682927,-0.7926829268292683
17_02_14_756,-2.0,-1.0,-2.0,-1.0,1.0,0.0,-1.0,0.0,0.96435546875,-0.1533203125,0.18359375,0.6707317073170732,0.12195121951219513,-0.1829268292682927
17_02_14_756,-1.0,2.0,0.0,2.0,-1.0,2.0,-3.0,0.0,0.9619140625,-0.150390625,0.18505859375,0.7317073170731708,0.12195121951219513,-0.24390243902439027
17_02_14_756,1.0,1.0,-1.0,-1.0,3.0,0.0,-2.0,0.0,0.9638671875,-0.14599609375,0.1845703125,0.48780487804878053,0.30487804878048785,-0.12195121951219513
17_02_14_756,2.0,-2.0,0.0,-3.0,0.0,3.0,-3.0,-3.0,0.96142578125,-0.14501953125,0.18505859375,0.6707317073170732,0.426829268292683,-0.06097560975609757
17_02_14_756,0.0,-2.0,-1.0,-1.0,-2.0,-4.0,-1.0,0.0,0.95849609375,-0.154296875,0.19140625,0.1829268292682927,0.6707317073170732,-0.24390243902439027
17_02_14_756,3.0,-2.0,-1.0,-2.0,0.0,-2.0,1.0,1.0,0.9619140625,-0.1533203125,0.185546875,0.0,0.6707317073170732,-0.12195121951219513
17_02_14_756,-1.0,-2.0,-4.0,0.0,0.0,-2.0,-1.0,-2.0,0.96337890625,-0.14892578125,0.17626953125,0.06097560975609757,0.6097560975609757,-0.1829268292682927
17_02_14_756,-2.0,-3.0,4.0,-5.0,1.0,-4.0,-1.0,-2.0,0.96435546875,-0.14453125,0.181640625,0.5487804878048781,0.426829268292683,0.0
17_02_14_756,1.0,0.0,0.0,-2.0,-2.0,3.0,-2.0,1.0,0.98388671875,-0.16162109375,0.16455078125,0.426829268292683,0.48780487804878053,0.24390243902439027
17_02_14_756,1.0,1.0,-3.0,-1.0,2.0,-1.0,2.0,0.0,0.9873046875,-0.1181640625,0.03857421875,4.085365853658537,0.1829268292682927,-0.7926829268292683
17_02_14_820,-3.0,-4.0,-1.0,0.0,0.0,0.0,-4.0,-1.0,0.96435546875,-0.1533203125,0.18359375,0.6707317073170732,0.12195121951219513,-0.1829268292682927
17_02_14_820,0.0,1.0,-3.0,0.0,-3.0,-1.0,-1.0,-2.0,0.9619140625,-0.150390625,0.18505859375,0.7317073170731708,0.12195121951219513,-0.24390243902439027
17_02_14_820,-1.0,-3.0,-1.0,0.0,-7.0,-3.0,-2.0,0.0,0.9638671875,-0.14599609375,0.1845703125,0.48780487804878053,0.30487804878048785,-0.12195121951219513
17_02_14_820,-1.0,-1.0,-2.0,-4.0,0.0,2.0,0.0,-1.0,0.96142578125,-0.14501953125,0.18505859375,0.6707317073170732,0.426829268292683,-0.06097560975609757
17_02_14_820,3.0,-1.0,-2.0,0.0,-1.0,3.0,1.0,-3.0,0.95849609375,-0.154296875,0.19140625,0.1829268292682927,0.6707317073170732,-0.24390243902439027
17_02_14_820,-2.0,-1.0,-2.0,-1.0,1.0,0.0,-1.0,0.0,0.9619140625,-0.1533203125,0.185546875,0.0,0.6707317073170732,-0.12195121951219513
17_02_14_820,-1.0,2.0,0.0,2.0,-1.0,2.0,-3.0,0.0,0.96337890625,-0.14892578125,0.17626953125,0.06097560975609757,0.6097560975609757,-0.1829268292682927
17_02_14_820,1.0,1.0,-1.0,-1.0,3.0,0.0,-2.0,0.0,0.96435546875,-0.14453125,0.181640625,0.5487804878048781,0.426829268292683,0.0
17_02_14_820,2.0,-2.0,0.0,-3.0,0.0,3.0,-3.0,-3.0,0.98388671875,-0.16162109375,0.16455078125,0.426829268292683,0.48780487804878053,0.24390243902439027
17_02_14_863,1.0,-5.0,-4.0,1.0,-3.0,-2.0,0.0,3.0,0.96337890625,-0.14501953125,0.18994140625,0.1829268292682927,-0.12195121951219513,-0.06097560975609757
17_02_14_863,-1.0,0.0,-1.0,0.0,1.0,-5.0,-3.0,-1.0,0.96337890625,-0.15185546875,0.1806640625,0.1829268292682927,0.0,-0.12195121951219513
17_02_14_863,-2.0,0.0,-4.0,-2.0,-1.0,3.0,1.0,0.0,0.96337890625,-0.15087890625,0.1865234375,0.1829268292682927,0.12195121951219513,-0.12195121951219513
17_02_14_863,-1.0,0.0,-2.0,0.0,0.0,-3.0,0.0,1.0,0.962890625,-0.14599609375,0.181640625,0.1829268292682927,0.12195121951219513,-0.06097560975609757
17_02_14_863,-1.0,-1.0,2.0,0.0,2.0,-1.0,2.0,0.0,0.96044921875,-0.14697265625,0.181640625,0.3658536585365854,0.06097560975609757,-0.12195121951219513
17_02_14_863,1.0,1.0,0.0,-1.0,-4.0,2.0,0.0,0.0,0.962890625,-0.14892578125,0.18212890625,0.48780487804878053,0.0,-0.1829268292682927
17_02_14_863,1.0,0.0,-1.0,1.0,-1.0,-1.0,-2.0,3.0,0.96435546875,-0.1533203125,0.18359375,0.6707317073170732,0.12195121951219513,-0.1829268292682927
17_02_14_863,0.0,0.0,-2.0,-2.0,-3.0,-6.0,-2.0,-1.0,0.9619140625,-0.150390625,0.18505859375,0.7317073170731708,0.12195121951219513,-0.24390243902439027
17_02_14_863,2.0,-3.0,2.0,0.0,-1.0,-1.0,-2.0,-1.0,0.9638671875,-0.14599609375,0.1845703125,0.48780487804878053,0.30487804878048785,-0.12195121951219513
17_02_16_400,2.0,-2.0,-3.0,-1.0,-3.0,0.0,0.0,-4.0,0.96240234375,-0.146484375,0.18701171875,0.426829268292683,-0.3658536585365854,0.0
17_02_16_400,-3.0,-1.0,-3.0,0.0,-5.0,1.0,2.0,-2.0,0.96533203125,-0.1474609375,0.18603515625,0.30487804878048785,-0.1829268292682927,-0.06097560975609757
17_02_16_400,-1.0,-2.0,1.0,-1.0,-1.0,-1.0,-1.0,-4.0,0.96337890625,-0.14501953125,0.18994140625,0.1829268292682927,-0.12195121951219513,-0.06097560975609757
17_02_16_400,0.0,3.0,-2.0,-3.0,-1.0,2.0,-3.0,2.0,0.96337890625,-0.15185546875,0.1806640625,0.1829268292682927,0.0,-0.12195121951219513
17_02_16_400,0.0,-2.0,0.0,-2.0,-1.0,1.0,-2.0,-1.0,0.96337890625,-0.15087890625,0.1865234375,0.1829268292682927,0.12195121951219513,-0.12195121951219513
17_02_16_400,1.0,-5.0,-4.0,1.0,-3.0,-2.0,0.0,3.0,0.962890625,-0.14599609375,0.181640625,0.1829268292682927,0.12195121951219513,-0.06097560975609757
17_02_16_400,-1.0,0.0,-1.0,0.0,1.0,-5.0,-3.0,-1.0,0.96044921875,-0.14697265625,0.181640625,0.3658536585365854,0.06097560975609757,-0.12195121951219513
17_02_16_400,-2.0,0.0,-4.0,-2.0,-1.0,3.0,1.0,0.0,0.962890625,-0.14892578125,0.18212890625,0.48780487804878053,0.0,-0.1829268292682927
17_02_16_400,-1.0,0.0,-2.0,0.0,0.0,-3.0,0.0,1.0,0.96435546875,-0.1533203125,0.18359375,0.6707317073170732,0.12195121951219513,-0.1829268292682927
17_02_16_400,-1.0,-1.0,2.0,0.0,2.0,-1.0,2.0,0.0,0.9619140625,-0.150390625,0.18505859375,0.7317073170731708,0.12195121951219513,-0.24390243902439027
17_02_16_434,-3.0,-9.0,-39.0,-5.0,-4.0,-2.0,0.0,1.0,0.916015625,-0.06591796875,0.23828125,20.365853658536587,5.3048780487804885,-8.841463414634147
17_02_16_434,-2.0,0.0,8.0,4.0,-2.0,-1.0,-1.0,-1.0,0.9345703125,-0.1220703125,0.23828125,17.5609756097561,3.780487804878049,-8.292682926829269
17_02_16_434,-2.0,-1.0,10.0,-5.0,-2.0,0.0,1.0,-1.0,0.9462890625,-0.12646484375,0.23828125,5.670731707317073,3.780487804878049,-8.719512195121952
17_02_16_434,-2.0,2.0,-20.0,1.0,0.0,-3.0,-1.0,-2.0,0.966796875,-0.13330078125,0.23828125,-0.24390243902439027,3.2926829268292686,-7.500000000000001
17_02_16_434,0.0,2.0,8.0,2.0,1.0,1.0,-4.0,0.0,0.97119140625,-0.13671875,0.22998046875,-4.634146341463415,3.4756097560975614,-6.890243902439025
17_02_16_434,-2.0,0.0,-2.0,-1.0,-2.0,-1.0,-1.0,-4.0,0.97119140625,-0.14501953125,0.224609375,-7.195121951219513,3.231707317073171,-6.463414634146342
17_02_16_434,-2.0,-4.0,-1.0,-3.0,-3.0,0.0,0.0,1.0,0.97509765625,-0.14111328125,0.2197265625,-8.109756097560977,3.414634146341464,-6.341463414634147
17_02_16_434,-5.0,-1.0,2.0,-4.0,-1.0,-1.0,-1.0,2.0,0.96826171875,-0.16064453125,0.21240234375,-0.7926829268292683,3.1707317073170733,-6.036585365853659
17_02_16_434,2.0,-2.0,-2.0,-3.0,-2.0,-4.0,1.0,1.0,0.96240234375,-0.166015625,0.212890625,1.2195121951219514,3.2926829268292686,-5.731707317073171
17_02_16_434,-4.0,0.0,-3.0,-1.0,-2.0,3.0,-2.0,0.0,0.95068359375,-0.1943359375,0.21484375,2.0121951219512195,2.987804878048781,-4.817073170731708
17_02_16_481,0.0,0.0,23.0,6.0,-4.0,-1.0,-1.0,-4.0,0.916015625,-0.06591796875,0.23828125,20.365853658536587,5.3048780487804885,-8.841463414634147
17_02_16_481,-1.0,1.0,-2.0,-1.0,-3.0,0.0,0.0,-3.0,0.9345703125,-0.1220703125,0.23828125,17.5609756097561,3.780487804878049,-8.292682926829269
17_02_16_481,-2.0,0.0,10.0,2.0,2.0,2.0,0.0,-2.0,0.9462890625,-0.12646484375,0.23828125,5.670731707317073,3.780487804878049,-8.719512195121952
17_02_16_481,-1.0,3.0,-3.0,3.0,0.0,4.0,2.0,-1.0,0.966796875,-0.13330078125,0.23828125,-0.24390243902439027,3.2926829268292686,-7.500000000000001
17_02_16_481,-1.0,-1.0,8.0,-2.0,-1.0,-1.0,-3.0,1.0,0.97119140625,-0.13671875,0.22998046875,-4.634146341463415,3.4756097560975614,-6.890243902439025
17_02_16_481,-3.0,-9.0,-39.0,-5.0,-4.0,-2.0,0.0,1.0,0.97119140625,-0.14501953125,0.224609375,-7.195121951219513,3.231707317073171,-6.463414634146342
17_02_16_481,-2.0,0.0,8.0,4.0,-2.0,-1.0,-1.0,-1.0,0.97509765625,-0.14111328125,0.2197265625,-8.109756097560977,3.414634146341464,-6.341463414634147
17_02_16_481,-2.0,-1.0,10.0,-5.0,-2.0,0.0,1.0,-1.0,0.96826171875,-0.16064453125,0.21240234375,-0.7926829268292683,3.1707317073170733,-6.036585365853659
17_02_16_481,-2.0,2.0,-20.0,1.0,0.0,-3.0,-1.0,-2.0,0.96240234375,-0.166015625,0.212890625,1.2195121951219514,3.2926829268292686,-5.731707317073171
17_02_16_554,0.0,3.0,-4.0,-2.0,3.0,1.0,2.0,-1.0,0.9619140625,-0.119140625,0.279296875,-8.048780487804878,4.878048780487806,-5.670731707317073
17_02_16_554,-1.0,-3.0,7.0,-2.0,-2.0,-1.0,-3.0,1.0,0.93701171875,-0.134765625,0.25732421875,-14.634146341463415,4.573170731707317,-6.890243902439025
17_02_16_554,-1.0,-1.0,1.0,0.0,0.0,1.0,-1.0,-1.0,0.9111328125,-0.05078125,0.25048828125,-13.902439024390246,3.9024390243902443,-7.560975609756098
17_02_16_554,0.0,-3.0,2.0,2.0,-3.0,0.0,1.0,0.0,0.9111328125,0.03955078125,0.23779296875,1.5853658536585367,6.2804878048780495,-9.146341463414634
17_02_16_554,-2.0,3.0,12.0,-3.0,-3.0,-3.0,-2.0,0.0,0.916015625,-0.06591796875,0.23828125,20.365853658536587,5.3048780487804885,-8.841463414634147
17_02_16_554,-1.0,-3.0,0.0,0.0,-1.0,-1.0,3.0,-1.0,0.9345703125,-0.1220703125,0.23828125,17.5609756097561,3.780487804878049,-8.292682926829269
17_02_16_554,2.0,-3.0,-12.0,4.0,0.0,-3.0,-4.0,-4.0,0.9462890625,-0.12646484375,0.23828125,5.670731707317073,3.780487804878049,-8.719512195121952
17_02_16_554,-1.0,1.0,6.0,0.0,2.0,3.0,2.0,-1.0,0.966796875,-0.13330078125,0.23828125,-0.24390243902439027,3.2926829268292686,-7.500000000000001
17_02_16_554,0.0,-3.0,-32.0,-9.0,-2.0,-4.0,-3.0,-2.0,0.97119140625,-0.13671875,0.22998046875,-4.634146341463415,3.4756097560975614,-6.890243902439025
17_02_16_554,0.0,0.0,23.0,6.0,-4.0,-1.0,-1.0,-4.0,0.97119140625,-0.14501953125,0.224609375,-7.195121951219513,3.231707317073171,-6.463414634146342
17_02_16_585,2.0,1.0,5.0,-7.0,-2.0,1.0,-1.0,-1.0,0.96728515625,-0.0576171875,0.283203125,-9.085365853658537,10.792682926829269,-5.0
17_02_16_585,-3.0,0.0,3.0,-2.0,-2.0,0.0,-1.0,3.0,0.9765625,-0.05517578125,0.27099609375,-8.475609756097562,9.02439024390244,-4.817073170731708
17_02_16_585,-3.0,-3.0,-2.0,1.0,-3.0,2.0,-4.0,-2.0,0.9951171875,-0.04345703125,0.27734375,-5.914634146341464,7.134146341463415,-5.487804878048781
17_02_16_585,3.0,2.0,0.0,1.0,-1.0,0.0,-1.0,-1.0,0.99755859375,-0.06689453125,0.2744140625,-2.25609756097561,5.853658536585367,-6.158536585365854
17_02_16_585,-1.0,1.0,5.0,2.0,2.0,1.0,1.0,-1.0,0.9619140625,-0.119140625,0.279296875,-8.048780487804878,4.878048780487806,-5.670731707317073
17_02_16_585,-2.0,-4.0,-4.0,-3.0,1.0,-1.0,-1.0,2.0,0.93701171875,-0.134765625,0.25732421875,-14.634146341463415,4.573170731707317,-6.890243902439025
17_02_16_585,-1.0,-3.0,-2.0,0.0,-1.0,1.0,-2.0,1.0,0.9111328125,-0.05078125,0.25048828125,-13.902439024390246,3.9024390243902443,-7.560975609756098
17_02_16_585,1.0,0.0,0.0,-1.0,-4.0,-3.0,0.0,-4.0,0.9111328125,0.03955078125,0.23779296875,1.5853658536585367,6.2804878048780495,-9.146341463414634
17_02_16_585,1.0,2.0,-1.0,3.0,5.0,1.0,-1.0,-1.0,0.916015625,-0.06591796875,0.23828125,20.365853658536587,5.3048780487804885,-8.841463414634147
17_02_16_585,1.0,-3.0,1.0,3.0,-2.0,-4.0,1.0,1.0,0.9345703125,-0.1220703125,0.23828125,17.5609756097561,3.780487804878049,-8.292682926829269
17_02_16_663,2.0,1.0,5.0,0.0,1.0,0.0,-2.0,-2.0,0.94677734375,-0.04638671875,0.279296875,-11.219512195121952,12.682926829268293,-5.182926829268293
17_02_16_663,-4.0,-2.0,-5.0,1.0,-4.0,-2.0,-1.0,0.0,0.96728515625,-0.0576171875,0.283203125,-9.085365853658537,10.792682926829269,-5.0
17_02_16_663,2.0,1.0,5.0,-7.0,-2.0,1.0,-1.0,-1.0,0.9765625,-0.05517578125,0.27099609375,-8.475609756097562,9.02439024390244,-4.817073170731708
17_02_16_663,-3.0,0.0,3.0,-2.0,-2.0,0.0,-1.0,3.0,0.9951171875,-0.04345703125,0.27734375,-5.914634146341464,7.134146341463415,-5.487804878048781
17_02_16_663,-3.0,-3.0,-2.0,1.0,-3.0,2.0,-4.0,-2.0,0.99755859375,-0.06689453125,0.2744140625,-2.25609756097561,5.853658536585367,-6.158536585365854
17_02_16_663,3.0,2.0,0.0,1.0,-1.0,0.0,-1.0,-1.0,0.9619140625,-0.119140625,0.279296875,-8.048780487804878,4.878048780487806,-5.670731707317073
17_02_16_663,-1.0,1.0,5.0,2.0,2.0,1.0,1.0,-1.0,0.93701171875,-0.134765625,0.25732421875,-14.634146341463415,4.573170731707317,-6.890243902439025
17_02_16_663,-2.0,-4.0,-4.0,-3.0,1.0,-1.0,-1.0,2.0,0.9111328125,-0.05078125,0.25048828125,-13.902439024390246,3.9024390243902443,-7.560975609756098
17_02_16_663,-1.0,-3.0,-2.0,0.0,-1.0,1.0,-2.0,1.0,0.9111328125,0.03955078125,0.23779296875,1.5853658536585367,6.2804878048780495,-9.146341463414634
17_02_16_663,1.0,0.0,0.0,-1.0,-4.0,-3.0,0.0,-4.0,0.916015625,-0.06591796875,0.23828125,20.365853658536587,5.3048780487804885,-8.841463414634147
17_02_16_722,2.0,1.0,3.0,0.0,1.0,-1.0,-2.0,-2.0,0.9267578125,-0.06103515625,0.30419921875,-10.975609756097562,11.829268292682928,-6.585365853658537
17_02_16_722,1.0,3.0,-2.0,0.0,1.0,1.0,1.0,-2.0,0.93115234375,-0.06494140625,0.3046875,-12.80487804878049,12.560975609756099,-6.7682926829268295
17_02_16_722,4.0,0.0,4.0,1.0,-1.0,3.0,-2.0,1.0,0.93017578125,-0.05908203125,0.2998046875,-16.158536585365855,13.719512195121952,-6.951219512195123
17_02_16_722,-1.0,-6.0,-5.0,-3.0,-6.0,-3.0,-2.0,0.0,0.93994140625,-0.04736328125,0.29052734375,-14.573170731707318,13.414634146341465,-5.731707317073171
17_02_16_722,1.0,-1.0,-4.0,-5.0,-4.0,-7.0,-5.0,-1.0,0.94677734375,-0.04638671875,0.279296875,-11.219512195121952,12.682926829268293,-5.182926829268293
17_02_16_722,1.0,-1.0,0.0,2.0,2.0,-1.0,-3.0,-1.0,0.96728515625,-0.0576171875,0.283203125,-9.085365853658537,10.792682926829269,-5.0
17_02_16_722,-1.0,2.0,-1.0,1.0,1.0,1.0,-2.0,-1.0,0.9765625,-0.05517578125,0.27099609375,-8.475609756097562,9.02439024390244,-4.817073170731708
17_02_16_722,0.0,-3.0,-2.0,-2.0,-1.0,-2.0,1.0,0.0,0.9951171875,-0.04345703125,0.27734375,-5.914634146341464,7.134146341463415,-5.487804878048781
17_02_16_722,-2.0,-1.0,-2.0,-3.0,-2.0,0.0,2.0,2.0,0.99755859375,-0.06689453125,0.2744140625,-2.25609756097561,5.853658536585367,-6.158536585365854
17_02_16_722,1.0,-3.0,3.0,-3.0,-3.0,2.0,2.0,1.0,0.9619140625,-0.119140625,0.279296875,-8.048780487804878,4.878048780487806,-5.670731707317073
17_02_16_770,-2.0,-2.0,-3.0,-4.0,0.0,-1.0,-2.0,-2.0,0.91796875,-0.0595703125,0.3046875,-4.451219512195122,10.121951219512196,-4.329268292682928
17_02_16_770,-4.0,-3.0,-3.0,-5.0,-4.0,2.0,-2.0,-1.0,0.9228515625,-0.06591796875,0.30615234375,-8.475609756097562,10.853658536585368,-5.7926829268292686
17_02_16_770,2.0,2.0,-1.0,0.0,0.0,-3.0,2.0,1.0,0.9267578125,-0.06103515625,0.30419921875,-10.975609756097562,11.829268292682928,-6.585365853658537
17_02_16_770,3.0,2.0,2.0,4.0,2.0,0.0,-3.0,0.0,0.93115234375,-0.06494140625,0.3046875,-12.80487804878049,12.560975609756099,-6.7682926829268295
17_02_16_770,-3.0,2.0,-3.0,3.0,-3.0,2.0,-4.0,-2.0,0.93017578125,-0.05908203125,0.2998046875,-16.158536585365855,13.719512195121952,-6.951219512195123
17_02_16_770,-1.0,-3.0,1.0,-2.0,-2.0,0.0,-1.0,-2.0,0.93994140625,-0.04736328125,0.29052734375,-14.573170731707318,13.414634146341465,-5.731707317073171
17_02_16_770,2.0,1.0,3.0,0.0,1.0,-1.0,-2.0,-2.0,0.94677734375,-0.04638671875,0.279296875,-11.219512195121952,12.682926829268293,-5.182926829268293
17_02_16_770,1.0,3.0,-2.0,0.0,1.0,1.0,1.0,-2.0,0.96728515625,-0.0576171875,0.283203125,-9.085365853658537,10.792682926829269,-5.0
17_02_16_770,4.0,0.0,4.0,1.0,-1.0,3.0,-2.0,1.0,0.9765625,-0.05517578125,0.27099609375,-8.475609756097562,9.02439024390244,-4.817073170731708
17_02_16_770,-1.0,-6.0,-5.0,-3.0,-6.0,-3.0,-2.0,0.0,0.9951171875,-0.04345703125,0.27734375,-5.914634146341464,7.134146341463415,-5.487804878048781
17_02_16_809,1.0,-6.0,-8.0,-2.0,0.0,-1.0,-5.0,-1.0,0.904296875,-0.04296875,0.30810546875,-1.524390243902439,12.621951219512196,2.5
17_02_16_809,-3.0,3.0,3.0,-1.0,-1.0,-3.0,-3.0,0.0,0.912109375,-0.04345703125,0.30859375,-0.426829268292683,10.609756097560977,0.3658536585365854
17_02_16_809,-3.0,-1.0,-6.0,7.0,2.0,-3.0,0.0,1.0,0.912109375,-0.05029296875,0.3046875,-2.073170731707317,9.756097560975611,-2.1951219512195124
17_02_16_809,-1.0,-3.0,-1.0,-5.0,-4.0,-1.0,0.0,0.0,0.91796875,-0.0595703125,0.3046875,-4.451219512195122,10.121951219512196,-4.329268292682928
17_02_16_809,0.0,-1.0,-3.0,-5.0,-3.0,-2.0,0.0,1.0,0.9228515625,-0.06591796875,0.30615234375,-8.475609756097562,10.853658536585368,-5.7926829268292686
17_02_16_809,-2.0,-3.0,-3.0,-1.0,-2.0,-2.0,1.0,0.0,0.9267578125,-0.06103515625,0.30419921875,-10.975609756097562,11.829268292682928,-6.585365853658537
17_02_16_809,-2.0,2.0,6.0,1.0,-1.0,2.0,0.0,0.0,0.93115234375,-0.06494140625,0.3046875,-12.80487804878049,12.560975609756099,-6.7682926829268295
17_02_16_809,-1.0,-4.0,-1.0,1.0,-1.0,0.0,1.0,1.0,0.93017578125,-0.05908203125,0.2998046875,-16.158536585365855,13.719512195121952,-6.951219512195123
17_02_16_809,-4.0,3.0,0.0,1.0,-1.0,2.0,1.0,0.0,0.93994140625,-0.04736328125,0.29052734375,-14.573170731707318,13.414634146341465,-5.731707317073171
17_02_16_809,0.0,1.0,-1.0,-5.0,-1.0,-4.0,-2.0,-1.0,0.94677734375,-0.04638671875,0.279296875,-11.219512195121952,12.682926829268293,-5.182926829268293
17_02_16_861,-2.0,-1.0,-1.0,-1.0,1.0,1.0,-1.0,1.0,0.912109375,-0.04345703125,0.30859375,-0.426829268292683,10.609756097560977,0.3658536585365854
17_02_16_861,-3.0,-1.0,5.0,0.0,-1.0,1.0,2.0,-1.0,0.912109375,-0.05029296875,0.3046875,-2.073170731707317,9.756097560975611,-2.1951219512195124
17_02_16_861,-1.0,-2.0,-4.0,-1.0,-2.0,-3.0,1.0,1.0,0.91796875,-0.0595703125,0.3046875,-4.451219512195122,10.121951219512196,-4.329268292682928
17_02_16_861,-3.0,-1.0,3.0,-1.0,0.0,-1.0,-1.0,1.0,0.9228515625,-0.06591796875,0.30615234375,-8.475609756097562,10.853658536585368,-5.7926829268292686
17_02_16_861,1.0,-2.0,0.0,2.0,-1.0,1.0,-3.0,-1.0,0.9267578125,-0.06103515625,0.30419921875,-10.975609756097562,11.829268292682928,-6.585365853658537
17_02_16_861,-1.0,2.0,10.0,-2.0,0.0,2.0,-4.0,1.0,0.93115234375,-0.06494140625,0.3046875,-12.80487804878049,12.560975609756099,-6.7682926829268295
17_02_16_861,1.0,-1.0,-13.0,-4.0,0.0,-1.0,1.0,-1.0,0.93017578125,-0.05908203125,0.2998046875,-16.158536585365855,13.719512195121952,-6.951219512195123
17_02_16_912,-3.0,0.0,-9.0,-1.0,-4.0,0.0,1.0,0.0,0.87158203125,-0.06591796875,0.35400390625,-13.963414634146343,23.902439024390247,9.878048780487806
17_02_16_912,-7.0,-2.0,13.0,1.0,-2.0,0.0,0.0,3.0,0.87841796875,-0.056640625,0.345703125,-12.317073170731708,21.82926829268293,8.597560975609756
17_02_16_912,1.0,-2.0,1.0,0.0,1.0,-2.0,-4.0,0.0,0.888671875,-0.044921875,0.3291015625,-9.207317073170733,18.597560975609756,7.25609756097561
17_02_16_912,2.0,0.0,3.0,-3.0,2.0,-2.0,-1.0,1.0,0.8974609375,-0.044921875,0.31396484375,-5.121951219512195,15.243902439024392,5.060975609756098
17_02_16_912,3.0,-2.0,-12.0,-1.0,-3.0,-2.0,-3.0,2.0,0.904296875,-0.04296875,0.30810546875,-1.524390243902439,12.621951219512196,2.5
17_02_16_912,-5.0,-1.0,1.0,-1.0,-1.0,1.0,-1.0,-2.0,0.912109375,-0.04345703125,0.30859375,-0.426829268292683,10.609756097560977,0.3658536585365854
17_02_16_912,-1.0,-3.0,-5.0,-1.0,-3.0,-1.0,-1.0,1.0,0.912109375,-0.05029296875,0.3046875,-2.073170731707317,9.756097560975611,-2.1951219512195124
17_02_16_912,2.0,1.0,2.0,0.0,1.0,-2.0,2.0,-5.0,0.91796875,-0.0595703125,0.3046875,-4.451219512195122,10.121951219512196,-4.329268292682928
17_02_16_912,1.0,0.0,7.0,5.0,-1.0,-4.0,-3.0,0.0,0.9228515625,-0.06591796875,0.30615234375,-8.475609756097562,10.853658536585368,-5.7926829268292686
17_02_16_912,1.0,-3.0,4.0,0.0,0.0,-1.0,0.0,-1.0,0.9267578125,-0.06103515625,0.30419921875,-10.975609756097562,11.829268292682928,-6.585365853658537
17_02_16_962,0.0,0.0,-1.0,-2.0,-3.0,0.0,4.0,4.0,0.8623046875,-0.072265625,0.3701171875,-15.54878048780488,25.731707317073173,10.975609756097562
17_02_16_962,-2.0,1.0,-4.0,-4.0,0.0,2.0,-1.0,0.0,0.87158203125,-0.06591796875,0.35400390625,-13.963414634146343,23.902439024390247,9.878048780487806
17_02_16_962,2.0,-1.0,-3.0,3.0,-1.0,2.0,0.0,-2.0,0.87841796875,-0.056640625,0.345703125,-12.317073170731708,21.82926829268293,8.597560975609756
17_02_16_962,0.0,0.0,2.0,1.0,2.0,-3.0,0.0,-1.0,0.888671875,-0.044921875,0.3291015625,-9.207317073170733,18.597560975609756,7.25609756097561
17_02_16_962,0.0,-2.0,6.0,1.0,-1.0,-4.0,-1.0,-3.0,0.8974609375,-0.044921875,0.31396484375,-5.121951219512195,15.243902439024392,5.060975609756098
17_02_16_962,-1.0,-6.0,-6.0,-8.0,-3.0,-2.0,0.0,0.0,0.904296875,-0.04296875,0.30810546875,-1.524390243902439,12.621951219512196,2.5
17_02_16_962,0.0,5.0,-3.0,6.0,3.0,-1.0,-1.0,0.0,0.912109375,-0.04345703125,0.30859375,-0.426829268292683,10.609756097560977,0.3658536585365854
17_02_16_962,0.0,-2.0,2.0,-3.0,-4.0,1.0,0.0,2.0,0.912109375,-0.05029296875,0.3046875,-2.073170731707317,9.756097560975611,-2.1951219512195124
17_02_17_012,0.0,-3.0,0.0,1.0,1.0,2.0,-2.0,-1.0,0.90283203125,-0.162109375,0.4326171875,-10.060975609756099,18.78048780487805,10.24390243902439
17_02_17_012,0.0,-2.0,-3.0,2.0,-4.0,-5.0,2.0,0.0,0.865234375,-0.13525390625,0.42626953125,-14.695121951219514,23.231707317073173,11.219512195121952
17_02_17_012,-2.0,-3.0,-9.0,-8.0,0.0,-3.0,3.0,0.0,0.8564453125,-0.11767578125,0.4072265625,-18.10975609756098,25.365853658536587,11.585365853658537
17_02_17_012,-1.0,4.0,13.0,8.0,8.0,2.0,-2.0,0.0,0.85009765625,-0.091796875,0.390625,-17.98780487804878,26.34146341463415,11.829268292682928
17_02_17_012,-1.0,-1.0,-5.0,-7.0,-3.0,0.0,-3.0,1.0,0.8623046875,-0.072265625,0.3701171875,-15.54878048780488,25.731707317073173,10.975609756097562
17_02_17_012,-4.0,-1.0,-1.0,4.0,2.0,-1.0,0.0,-1.0,0.87158203125,-0.06591796875,0.35400390625,-13.963414634146343,23.902439024390247,9.878048780487806
17_02_17_012,1.0,1.0,8.0,-2.0,-4.0,-2.0,1.0,1.0,0.87841796875,-0.056640625,0.345703125,-12.317073170731708,21.82926829268293,8.597560975609756
17_02_17_012,1.0,1.0,6.0,0.0,0.0,-1.0,-1.0,-3.0,0.888671875,-0.044921875,0.3291015625,-9.207317073170733,18.597560975609756,7.25609756097561
17_02_17_012,-1.0,-5.0,-16.0,-2.0,-1.0,0.0,1.0,-3.0,0.8974609375,-0.044921875,0.31396484375,-5.121951219512195,15.243902439024392,5.060975609756098
17_02_17_012,-2.0,0.0,1.0,3.0,1.0,0.0,-4.0,-1.0,0.904296875,-0.04296875,0.30810546875,-1.524390243902439,12.621951219512196,2.5
17_02_17_836,2.0,-1.0,3.0,1.0,-5.0,-5.0,0.0,0.0,0.94970703125,-0.1826171875,0.43408203125,-4.939024390243903,13.841463414634148,8.658536585365855
17_02_17_836,-3.0,-2.0,1.0,-3.0,-3.0,0.0,0.0,-2.0,0.90283203125,-0.162109375,0.4326171875,-10.060975609756099,18.78048780487805,10.24390243902439
17_02_17_836,0.0,-3.0,0.0,1.0,1.0,2.0,-2.0,-1.0,0.865234375,-0.13525390625,0.42626953125,-14.695121951219514,23.231707317073173,11.219512195121952
17_02_17_836,0.0,-2.0,-3.0,2.0,-4.0,-5.0,2.0,0.0,0.8564453125,-0.11767578125,0.4072265625,-18.10975609756098,25.365853658536587,11.585365853658537
17_02_17_836,-2.0,-3.0,-9.0,-8.0,0.0,-3.0,3.0,0.0,0.85009765625,-0.091796875,0.390625,-17.98780487804878,26.34146341463415,11.829268292682928
17_02_17_836,-1.0,4.0,13.0,8.0,8.0,2.0,-2.0,0.0,0.8623046875,-0.072265625,0.3701171875,-15.54878048780488,25.731707317073173,10.975609756097562
17_02_17_836,-1.0,-1.0,-5.0,-7.0,-3.0,0.0,-3.0,1.0,0.87158203125,-0.06591796875,0.35400390625,-13.963414634146343,23.902439024390247,9.878048780487806
17_02_17_836,-4.0,-1.0,-1.0,4.0,2.0,-1.0,0.0,-1.0,0.87841796875,-0.056640625,0.345703125,-12.317073170731708,21.82926829268293,8.597560975609756
17_02_17_836,1.0,1.0,8.0,-2.0,-4.0,-2.0,1.0,1.0,0.888671875,-0.044921875,0.3291015625,-9.207317073170733,18.597560975609756,7.25609756097561
17_02_17_836,1.0,1.0,6.0,0.0,0.0,-1.0,-1.0,-3.0,0.8974609375,-0.044921875,0.31396484375,-5.121951219512195,15.243902439024392,5.060975609756098
17_02_17_866,-3.0,-5.0,-20.0,-8.0,-2.0,-5.0,-7.0,0.0,0.7529296875,-0.20263671875,0.47509765625,7.560975609756098,6.341463414634147,-7.073170731707318
17_02_17_866,2.0,4.0,21.0,4.0,-2.0,-4.0,-3.0,-2.0,0.77294921875,-0.21533203125,0.47119140625,6.707317073170732,8.170731707317074,-4.634146341463415
17_02_17_866,-1.0,-1.0,-3.0,0.0,-2.0,-6.0,-3.0,-3.0,0.79541015625,-0.22607421875,0.47314453125,5.853658536585367,9.207317073170733,-2.682926829268293
17_02_17_866,-1.0,1.0,9.0,1.0,-3.0,24.0,10.0,-3.0,0.80908203125,-0.24267578125,0.478515625,3.8414634146341466,11.28048780487805,-1.6463414634146343
17_02_17_866,-2.0,-4.0,-36.0,0.0,-8.0,-27.0,-12.0,-4.0,0.81298828125,-0.2431640625,0.46728515625,3.414634146341464,12.80487804878049,0.0
17_02_17_866,4.0,6.0,14.0,5.0,3.0,0.0,3.0,0.0,0.8173828125,-0.25732421875,0.46240234375,2.987804878048781,14.939024390243905,1.0365853658536586
17_02_17_866,-7.0,-8.0,-12.0,-3.0,0.0,-7.0,-5.0,-5.0,0.81884765625,-0.27197265625,0.45556640625,1.3414634146341464,16.463414634146343,0.9756097560975611
17_02_17_866,-4.0,0.0,14.0,-1.0,-6.0,-3.0,2.0,12.0,0.8310546875,-0.27392578125,0.44580078125,-1.0365853658536586,18.04878048780488,1.3414634146341464
17_02_17_866,0.0,-2.0,5.0,-3.0,4.0,-1.0,-1.0,-5.0,0.83203125,-0.28759765625,0.43896484375,-3.8414634146341466,19.085365853658537,0.853658536585366
17_02_17_914,0.0,1.0,9.0,2.0,0.0,0.0,-4.0,-1.0,0.958984375,-0.265625,0.48095703125,-5.914634146341464,-9.695121951219512,-32.43902439024391
17_02_17_914,-2.0,1.0,-4.0,3.0,3.0,1.0,2.0,11.0,0.84375,-0.232421875,0.49609375,1.2804878048780488,-1.402439024390244,-26.89024390243903
17_02_17_914,17.0,1.0,-9.0,-3.0,-3.0,-10.0,0.0,-9.0,0.73095703125,-0.1826171875,0.498046875,6.341463414634147,4.51219512195122,-15.79268292682927
17_02_17_914,-1.0,4.0,-1.0,-4.0,-3.0,-9.0,-13.0,9.0,0.73388671875,-0.18359375,0.48486328125,7.195121951219513,5.121951219512195,-11.158536585365855
17_02_17_914,-2.0,-8.0,-36.0,-11.0,-9.0,2.0,3.0,-5.0,0.7529296875,-0.20263671875,0.47509765625,7.560975609756098,6.341463414634147,-7.073170731707318
17_02_17_914,1.0,2.0,25.0,5.0,-2.0,-11.0,-5.0,0.0,0.77294921875,-0.21533203125,0.47119140625,6.707317073170732,8.170731707317074,-4.634146341463415
17_02_17_914,-5.0,-4.0,-22.0,-3.0,0.0,4.0,0.0,-2.0,0.79541015625,-0.22607421875,0.47314453125,5.853658536585367,9.207317073170733,-2.682926829268293
17_02_17_914,-5.0,1.0,4.0,6.0,-3.0,-7.0,-8.0,-5.0,0.80908203125,-0.24267578125,0.478515625,3.8414634146341466,11.28048780487805,-1.6463414634146343
17_02_17_914,-2.0,-8.0,-32.0,-6.0,-1.0,-4.0,-3.0,-1.0,0.81298828125,-0.2431640625,0.46728515625,3.414634146341464,12.80487804878049,0.0
17_02_17_914,0.0,1.0,12.0,2.0,3.0,3.0,2.0,7.0,0.8173828125,-0.25732421875,0.46240234375,2.987804878048781,14.939024390243905,1.0365853658536586
17_02_17_974,0.0,1.0,9.0,2.0,0.0,0.0,-4.0,-1.0,0.73095703125,-0.1826171875,0.498046875,6.341463414634147,4.51219512195122,-15.79268292682927
17_02_17_974,-2.0,1.0,-4.0,3.0,3.0,1.0,2.0,11.0,0.73388671875,-0.18359375,0.48486328125,7.195121951219513,5.121951219512195,-11.158536585365855
17_02_17_974,17.0,1.0,-9.0,-3.0,-3.0,-10.0,0.0,-9.0,0.7529296875,-0.20263671875,0.47509765625,7.560975609756098,6.341463414634147,-7.073170731707318
17_02_17_974,-1.0,4.0,-1.0,-4.0,-3.0,-9.0,-13.0,9.0,0.77294921875,-0.21533203125,0.47119140625,6.707317073170732,8.170731707317074,-4.634146341463415
17_02_17_974,-2.0,-8.0,-36.0,-11.0,-9.0,2.0,3.0,-5.0,0.79541015625,-0.22607421875,0.47314453125,5.853658536585367,9.207317073170733,-2.682926829268293
17_02_17_974,1.0,2.0,25.0,5.0,-2.0,-11.0,-5.0,0.0,0.80908203125,-0.24267578125,0.478515625,3.8414634146341466,11.28048780487805,-1.6463414634146343
17_02_17_974,-5.0,-4.0,-22.0,-3.0,0.0,4.0,0.0,-2.0,0.81298828125,-0.2431640625,0.46728515625,3.414634146341464,12.80487804878049,0.0
17_02_17_974,-5.0,1.0,4.0,6.0,-3.0,-7.0,-8.0,-5.0,0.8173828125,-0.25732421875,0.46240234375,2.987804878048781,14.939024390243905,1.0365853658536586
17_02_18_022,-3.0,-5.0,5.0,-7.0,-5.0,-4.0,-16.0,0.0,0.77880859375,-0.19580078125,0.40380859375,-23.170731707317074,-21.28048780487805,-29.207317073170735
17_02_18_022,-1.0,1.0,5.0,2.0,0.0,-2.0,5.0,-2.0,0.84326171875,-0.12353515625,0.478515625,-25.975609756097562,-20.48780487804878,-34.32926829268293
17_02_18_022,-9.0,-28.0,-81.0,-20.0,-13.0,-17.0,-9.0,-6.0,0.92578125,-0.20703125,0.48583984375,-13.841463414634148,-16.951219512195124,-35.243902439024396
17_02_18_022,-3.0,8.0,38.0,12.0,0.0,4.0,-4.0,0.0,0.958984375,-0.265625,0.48095703125,-5.914634146341464,-9.695121951219512,-32.43902439024391
17_02_18_022,2.0,0.0,-18.0,-1.0,2.0,11.0,-6.0,1.0,0.84375,-0.232421875,0.49609375,1.2804878048780488,-1.402439024390244,-26.89024390243903
17_02_18_022,3.0,3.0,9.0,0.0,-2.0,-3.0,-2.0,-1.0,0.73095703125,-0.1826171875,0.498046875,6.341463414634147,4.51219512195122,-15.79268292682927
17_02_18_022,-3.0,-5.0,4.0,3.0,-2.0,5.0,0.0,0.0,0.73388671875,-0.18359375,0.48486328125,7.195121951219513,5.121951219512195,-11.158536585365855
17_02_18_022,3.0,-1.0,-14.0,-2.0,-2.0,-14.0,-1.0,2.0,0.7529296875,-0.20263671875,0.47509765625,7.560975609756098,6.341463414634147,-7.073170731707318
17_02_18_022,5.0,1.0,1.0,-2.0,3.0,-1.0,-3.0,3.0,0.77294921875,-0.21533203125,0.47119140625,6.707317073170732,8.170731707317074,-4.634146341463415
17_02_18_022,-9.0,4.0,3.0,-2.0,-2.0,-7.0,1.0,-7.0,0.79541015625,-0.22607421875,0.47314453125,5.853658536585367,9.207317073170733,-2.682926829268293
17_02_18_076,0.0,3.0,-5.0,-2.0,-1.0,-4.0,-1.0,11.0,0.82666015625,-0.197265625,0.39453125,-6.707317073170732,-19.207317073170735,-28.170731707317074
17_02_18_076,-7.0,-3.0,-23.0,-4.0,-5.0,-11.0,3.0,-12.0,0.77880859375,-0.19580078125,0.40380859375,-23.170731707317074,-21.28048780487805,-29.207317073170735
17_02_18_076,-4.0,0.0,9.0,-5.0,-1.0,3.0,-1.0,3.0,0.84326171875,-0.12353515625,0.478515625,-25.975609756097562,-20.48780487804878,-34.32926829268293
17_02_18_076,6.0,5.0,10.0,1.0,7.0,37.0,17.0,1.0,0.92578125,-0.20703125,0.48583984375,-13.841463414634148,-16.951219512195124,-35.243902439024396
17_02_18_076,1.0,-2.0,-12.0,-3.0,-1.0,-15.0,-7.0,24.0,0.958984375,-0.265625,0.48095703125,-5.914634146341464,-9.695121951219512,-32.43902439024391
17_02_18_076,4.0,8.0,19.0,4.0,-1.0,-7.0,-3.0,0.0,0.84375,-0.232421875,0.49609375,1.2804878048780488,-1.402439024390244,-26.89024390243903
17_02_18_076,4.0,-6.0,-20.0,-7.0,-3.0,-3.0,-6.0,12.0,0.73095703125,-0.1826171875,0.498046875,6.341463414634147,4.51219512195122,-15.79268292682927
17_02_18_076,-17.0,-5.0,-8.0,-1.0,0.0,-3.0,-7.0,-17.0,0.73388671875,-0.18359375,0.48486328125,7.195121951219513,5.121951219512195,-11.158536585365855
17_02_18_076,1.0,-9.0,-9.0,-2.0,1.0,26.0,17.0,10.0,0.7529296875,-0.20263671875,0.47509765625,7.560975609756098,6.341463414634147,-7.073170731707318
17_02_18_123,2.0,2.0,3.0,1.0,3.0,0.0,-5.0,-4.0,0.884765625,-0.1015625,0.390625,7.500000000000001,-19.695121951219512,-25.182926829268293
17_02_18_123,-6.0,-8.0,-11.0,-7.0,-4.0,-9.0,5.0,-3.0,0.8623046875,-0.17822265625,0.38818359375,8.048780487804878,-20.121951219512198,-26.76829268292683
17_02_18_123,2.0,0.0,1.0,-1.0,-1.0,-5.0,-8.0,-4.0,0.82666015625,-0.197265625,0.39453125,-6.707317073170732,-19.207317073170735,-28.170731707317074
17_02_18_123,-2.0,3.0,2.0,2.0,4.0,12.0,1.0,-1.0,0.77880859375,-0.19580078125,0.40380859375,-23.170731707317074,-21.28048780487805,-29.207317073170735
17_02_18_123,2.0,3.0,4.0,-10.0,-3.0,-3.0,10.0,-7.0,0.84326171875,-0.12353515625,0.478515625,-25.975609756097562,-20.48780487804878,-34.32926829268293
17_02_18_123,-1.0,-9.0,-2.0,2.0,-3.0,-6.0,1.0,9.0,0.92578125,-0.20703125,0.48583984375,-13.841463414634148,-16.951219512195124,-35.243902439024396
17_02_18_123,2.0,3.0,5.0,-2.0,-3.0,-2.0,-2.0,-3.0,0.958984375,-0.265625,0.48095703125,-5.914634146341464,-9.695121951219512,-32.43902439024391
17_02_18_123,-4.0,-4.0,4.0,2.0,-3.0,-3.0,1.0,-6.0,0.84375,-0.232421875,0.49609375,1.2804878048780488,-1.402439024390244,-26.89024390243903
17_02_18_123,0.0,3.0,-5.0,-2.0,-1.0,-4.0,-1.0,11.0,0.73095703125,-0.1826171875,0.498046875,6.341463414634147,4.51219512195122,-15.79268292682927
17_02_18_176,-4.0,-1.0,-3.0,-1.0,-2.0,-4.0,-3.0,-10.0,0.89501953125,-0.185546875,0.4326171875,-21.463414634146343,-10.792682926829269,1.1585365853658538
17_02_18_176,1.0,-2.0,-1.0,-1.0,-1.0,-8.0,-1.0,-4.0,0.900390625,-0.1171875,0.3857421875,-35.426829268292686,-8.841463414634147,-4.024390243902439
17_02_18_176,-5.0,1.0,1.0,1.0,-1.0,8.0,-3.0,-8.0,0.92041015625,-0.02783203125,0.37451171875,-29.573170731707318,-12.01219512195122,-9.51219512195122
17_02_18_176,-1.0,0.0,-3.0,-9.0,-2.0,-10.0,2.0,1.0,0.92724609375,-0.0234375,0.35400390625,-13.475609756097562,-15.79268292682927,-15.30487804878049
17_02_18_176,0.0,-5.0,-8.0,-4.0,0.0,-1.0,4.0,-1.0,0.90673828125,-0.0478515625,0.37890625,2.1951219512195124,-19.634146341463417,-21.646341463414636
17_02_18_176,-1.0,3.0,18.0,8.0,2.0,5.0,2.0,2.0,0.884765625,-0.1015625,0.390625,7.500000000000001,-19.695121951219512,-25.182926829268293
17_02_18_176,-2.0,-1.0,5.0,0.0,-5.0,-6.0,-6.0,0.0,0.8623046875,-0.17822265625,0.38818359375,8.048780487804878,-20.121951219512198,-26.76829268292683
17_02_18_176,-7.0,-7.0,-5.0,-2.0,1.0,-2.0,0.0,-2.0,0.82666015625,-0.197265625,0.39453125,-6.707317073170732,-19.207317073170735,-28.170731707317074
17_02_18_176,-4.0,-1.0,-3.0,-1.0,-1.0,-4.0,-4.0,-1.0,0.77880859375,-0.19580078125,0.40380859375,-23.170731707317074,-21.28048780487805,-29.207317073170735
17_02_18_253,3.0,1.0,-17.0,1.0,-2.0,-4.0,0.0,-4.0,0.89501953125,-0.185546875,0.4326171875,-21.463414634146343,-10.792682926829269,1.1585365853658538
17_02_18_253,1.0,5.0,12.0,0.0,-1.0,-3.0,-5.0,-3.0,0.900390625,-0.1171875,0.3857421875,-35.426829268292686,-8.841463414634147,-4.024390243902439
17_02_18_253,-4.0,-1.0,-3.0,-1.0,-2.0,-4.0,-3.0,-10.0,0.92041015625,-0.02783203125,0.37451171875,-29.573170731707318,-12.01219512195122,-9.51219512195122
17_02_18_253,1.0,-2.0,-1.0,-1.0,-1.0,-8.0,-1.0,-4.0,0.92724609375,-0.0234375,0.35400390625,-13.475609756097562,-15.79268292682927,-15.30487804878049
17_02_18_253,-5.0,1.0,1.0,1.0,-1.0,8.0,-3.0,-8.0,0.90673828125,-0.0478515625,0.37890625,2.1951219512195124,-19.634146341463417,-21.646341463414636
17_02_18_253,-1.0,0.0,-3.0,-9.0,-2.0,-10.0,2.0,1.0,0.884765625,-0.1015625,0.390625,7.500000000000001,-19.695121951219512,-25.182926829268293
17_02_18_253,0.0,-5.0,-8.0,-4.0,0.0,-1.0,4.0,-1.0,0.8623046875,-0.17822265625,0.38818359375,8.048780487804878,-20.121951219512198,-26.76829268292683
17_02_18_253,-1.0,3.0,18.0,8.0,2.0,5.0,2.0,2.0,0.82666015625,-0.197265625,0.39453125,-6.707317073170732,-19.207317073170735,-28.170731707317074
17_02_18_253,-2.0,-1.0,5.0,0.0,-5.0,-6.0,-6.0,0.0,0.77880859375,-0.19580078125,0.40380859375,-23.170731707317074,-21.28048780487805,-29.207317073170735
17_02_18_309,0.0,-1.0,1.0,-3.0,-1.0,-5.0,0.0,-4.0,0.87548828125,-0.02978515625,0.4208984375,-16.158536585365855,-13.78048780487805,-9.146341463414634
17_02_18_309,-1.0,1.0,0.0,-3.0,-5.0,-2.0,0.0,0.0,0.8642578125,0.02490234375,0.45166015625,-15.54878048780488,-12.073170731707318,-8.231707317073171
17_02_18_309,-2.0,-2.0,3.0,2.0,0.0,-3.0,-1.0,-4.0,0.86669921875,-0.033203125,0.41748046875,-8.475609756097562,-11.829268292682928,-1.2195121951219514
17_02_18_309,0.0,-5.0,1.0,0.0,-3.0,-5.0,1.0,1.0,0.89599609375,-0.0673828125,0.43896484375,5.853658536585367,-14.878048780487806,2.8658536585365857
17_02_18_309,-17.0,-1.0,-11.0,-8.0,0.0,-2.0,-4.0,-29.0,0.89208984375,-0.09765625,0.45263671875,7.500000000000001,-15.243902439024392,2.682926829268293
17_02_18_309,4.0,-7.0,3.0,3.0,-2.0,-1.0,1.0,10.0,0.89990234375,-0.1591796875,0.44677734375,-2.7439024390243905,-14.146341463414636,2.682926829268293
17_02_18_309,2.0,-1.0,5.0,1.0,0.0,-1.0,-2.0,-1.0,0.89501953125,-0.185546875,0.4326171875,-21.463414634146343,-10.792682926829269,1.1585365853658538
17_02_18_309,-3.0,0.0,-10.0,-2.0,-1.0,-4.0,-2.0,0.0,0.900390625,-0.1171875,0.3857421875,-35.426829268292686,-8.841463414634147,-4.024390243902439
17_02_18_309,-1.0,-1.0,2.0,1.0,-1.0,0.0,-1.0,0.0,0.92041015625,-0.02783203125,0.37451171875,-29.573170731707318,-12.01219512195122,-9.51219512195122
17_02_18_309,0.0,-3.0,-1.0,2.0,-2.0,1.0,-2.0,-1.0,0.92724609375,-0.0234375,0.35400390625,-13.475609756097562,-15.79268292682927,-15.30487804878049
17_02_18_355,0.0,4.0,3.0,2.0,4.0,13.0,2.0,0.0,0.8642578125,0.02490234375,0.45166015625,-15.54878048780488,-12.073170731707318,-8.231707317073171
17_02_18_355,0.0,-1.0,1.0,-3.0,-1.0,-5.0,0.0,-4.0,0.86669921875,-0.033203125,0.41748046875,-8.475609756097562,-11.829268292682928,-1.2195121951219514
17_02_18_355,-1.0,1.0,0.0,-3.0,-5.0,-2.0,0.0,0.0,0.89599609375,-0.0673828125,0.43896484375,5.853658536585367,-14.878048780487806,2.8658536585365857
17_02_18_355,-2.0,-2.0,3.0,2.0,0.0,-3.0,-1.0,-4.0,0.89208984375,-0.09765625,0.45263671875,7.500000000000001,-15.243902439024392,2.682926829268293
17_02_18_355,0.0,-5.0,1.0,0.0,-3.0,-5.0,1.0,1.0,0.89990234375,-0.1591796875,0.44677734375,-2.7439024390243905,-14.146341463414636,2.682926829268293
17_02_18_355,-17.0,-1.0,-11.0,-8.0,0.0,-2.0,-4.0,-29.0,0.89501953125,-0.185546875,0.4326171875,-21.463414634146343,-10.792682926829269,1.1585365853658538
17_02_18_355,4.0,-7.0,3.0,3.0,-2.0,-1.0,1.0,10.0,0.900390625,-0.1171875,0.3857421875,-35.426829268292686,-8.841463414634147,-4.024390243902439
17_02_18_355,2.0,-1.0,5.0,1.0,0.0,-1.0,-2.0,-1.0,0.92041015625,-0.02783203125,0.37451171875,-29.573170731707318,-12.01219512195122,-9.51219512195122
17_02_18_355,-3.0,0.0,-10.0,-2.0,-1.0,-4.0,-2.0,0.0,0.92724609375,-0.0234375,0.35400390625,-13.475609756097562,-15.79268292682927,-15.30487804878049
17_02_18_404,3.0,-2.0,2.0,1.0,-3.0,-7.0,-4.0,1.0,0.88818359375,-0.10498046875,0.3994140625,4.817073170731708,-13.475609756097562,-3.9024390243902443
17_02_18_404,2.0,-2.0,-3.0,-6.0,-3.0,-2.0,-1.0,1.0,0.8916015625,-0.10888671875,0.38427734375,0.426829268292683,-12.74390243902439,-4.51219512195122
17_02_18_404,-3.0,0.0,2.0,-2.0,4.0,0.0,-1.0,-2.0,0.89306640625,-0.10009765625,0.3896484375,-8.597560975609756,-11.036585365853659,-6.158536585365854
17_02_18_404,2.0,-1.0,-2.0,-5.0,-1.0,-1.0,-3.0,0.0,0.89453125,-0.08740234375,0.39990234375,-12.378048780487806,-12.256097560975611,-6.829268292682928
17_02_18_404,8.0,-2.0,0.0,-2.0,-2.0,-2.0,-2.0,-2.0,0.87548828125,-0.02978515625,0.4208984375,-16.158536585365855,-13.78048780487805,-9.146341463414634
17_02_18_404,4.0,6.0,7.0,3.0,3.0,-1.0,0.0,-3.0,0.8642578125,0.02490234375,0.45166015625,-15.54878048780488,-12.073170731707318,-8.231707317073171
17_02_18_404,1.0,0.0,0.0,0.0,2.0,0.0,1.0,-3.0,0.86669921875,-0.033203125,0.41748046875,-8.475609756097562,-11.829268292682928,-1.2195121951219514
17_02_18_404,-3.0,-6.0,0.0,-10.0,-3.0,-1.0,0.0,-1.0,0.89599609375,-0.0673828125,0.43896484375,5.853658536585367,-14.878048780487806,2.8658536585365857
17_02_18_404,1.0,1.0,7.0,4.0,-1.0,0.0,-4.0,2.0,0.89208984375,-0.09765625,0.45263671875,7.500000000000001,-15.243902439024392,2.682926829268293
17_02_18_404,-1.0,-1.0,0.0,-1.0,0.0,-5.0,-3.0,-3.0,0.89990234375,-0.1591796875,0.44677734375,-2.7439024390243905,-14.146341463414636,2.682926829268293
17_02_18_455,-4.0,-15.0,-10.0,-5.0,2.0,7.0,-2.0,-1.0,0.88671875,-0.10693359375,0.39111328125,5.060975609756098,-12.500000000000002,0.0
17_02_18_455,-4.0,2.0,0.0,5.0,3.0,2.0,6.0,-3.0,0.88623046875,-0.11767578125,0.38671875,4.51219512195122,-12.560975609756099,-2.5
17_02_18_455,-3.0,-5.0,-2.0,-4.0,-4.0,-6.0,0.0,-1.0,0.888671875,-0.09912109375,0.3896484375,6.890243902439025,-12.865853658536587,-3.658536585365854
17_02_18_455,-5.0,-2.0,0.0,-1.0,-5.0,-6.0,-7.0,-7.0,0.88818359375,-0.10498046875,0.3994140625,4.817073170731708,-13.475609756097562,-3.9024390243902443
17_02_18_455,4.0,0.0,-1.0,-1.0,-2.0,-4.0,-1.0,3.0,0.8916015625,-0.10888671875,0.38427734375,0.426829268292683,-12.74390243902439,-4.51219512195122
17_02_18_455,5.0,2.0,0.0,0.0,1.0,-4.0,-2.0,3.0,0.89306640625,-0.10009765625,0.3896484375,-8.597560975609756,-11.036585365853659,-6.158536585365854
17_02_18_455,-2.0,-1.0,-2.0,-1.0,5.0,27.0,1.0,-3.0,0.89453125,-0.08740234375,0.39990234375,-12.378048780487806,-12.256097560975611,-6.829268292682928
17_02_18_455,-3.0,1.0,-3.0,-1.0,-4.0,-10.0,0.0,-5.0,0.87548828125,-0.02978515625,0.4208984375,-16.158536585365855,-13.78048780487805,-9.146341463414634
17_02_18_455,1.0,3.0,1.0,-2.0,-3.0,1.0,0.0,-1.0,0.8642578125,0.02490234375,0.45166015625,-15.54878048780488,-12.073170731707318,-8.231707317073171
17_02_18_455,0.0,-1.0,-4.0,-6.0,-1.0,-1.0,0.0,-4.0,0.86669921875,-0.033203125,0.41748046875,-8.475609756097562,-11.829268292682928,-1.2195121951219514
17_02_18_510,0.0,3.0,2.0,1.0,-1.0,-5.0,1.0,1.0,0.88671875,-0.10693359375,0.39111328125,5.060975609756098,-12.500000000000002,0.0
17_02_18_510,-1.0,-5.0,-21.0,-4.0,-5.0,-6.0,-3.0,-1.0,0.88623046875,-0.11767578125,0.38671875,4.51219512195122,-12.560975609756099,-2.5
17_02_18_510,-1.0,2.0,7.0,0.0,-4.0,-2.0,1.0,0.0,0.888671875,-0.09912109375,0.3896484375,6.890243902439025,-12.865853658536587,-3.658536585365854
17_02_18_510,0.0,3.0,3.0,0.0,1.0,3.0,4.0,1.0,0.88818359375,-0.10498046875,0.3994140625,4.817073170731708,-13.475609756097562,-3.9024390243902443
17_02_18_510,-1.0,-4.0,-3.0,-1.0,0.0,0.0,0.0,-3.0,0.8916015625,-0.10888671875,0.38427734375,0.426829268292683,-12.74390243902439,-4.51219512195122
17_02_18_510,-4.0,-15.0,-10.0,-5.0,2.0,7.0,-2.0,-1.0,0.89306640625,-0.10009765625,0.3896484375,-8.597560975609756,-11.036585365853659,-6.158536585365854
17_02_18_510,-4.0,2.0,0.0,5.0,3.0,2.0,6.0,-3.0,0.89453125,-0.08740234375,0.39990234375,-12.378048780487806,-12.256097560975611,-6.829268292682928
17_02_18_510,-3.0,-5.0,-2.0,-4.0,-4.0,-6.0,0.0,-1.0,0.87548828125,-0.02978515625,0.4208984375,-16.158536585365855,-13.78048780487805,-9.146341463414634
17_02_18_510,-5.0,-2.0,0.0,-1.0,-5.0,-6.0,-7.0,-7.0,0.8642578125,0.02490234375,0.45166015625,-15.54878048780488,-12.073170731707318,-8.231707317073171
17_02_18_564,-2.0,1.0,-3.0,0.0,1.0,5.0,-3.0,0.0,0.91259765625,-0.10546875,0.35693359375,0.7926829268292683,-13.353658536585368,0.3658536585365854
17_02_18_564,-1.0,-4.0,-7.0,-4.0,-2.0,-1.0,-6.0,0.0,0.89306640625,-0.0947265625,0.359375,5.914634146341464,-15.30487804878049,-0.9146341463414634
17_02_18_564,1.0,4.0,4.0,6.0,5.0,2.0,4.0,-1.0,0.8876953125,-0.10400390625,0.3779296875,3.8414634146341466,-14.451219512195124,-1.829268292682927
17_02_18_564,-2.0,2.0,12.0,0.0,-5.0,4.0,-21.0,-1.0,0.89111328125,-0.103515625,0.37939453125,5.365853658536586,-12.439024390243903,-0.7317073170731708
17_02_18_564,3.0,4.0,41.0,3.0,-1.0,-5.0,-1.0,0.0,0.88671875,-0.10693359375,0.39111328125,5.060975609756098,-12.500000000000002,0.0
17_02_18_564,-1.0,3.0,-32.0,1.0,2.0,2.0,-2.0,-1.0,0.88623046875,-0.11767578125,0.38671875,4.51219512195122,-12.560975609756099,-2.5
17_02_18_564,2.0,4.0,1.0,1.0,-3.0,-4.0,4.0,4.0,0.888671875,-0.09912109375,0.3896484375,6.890243902439025,-12.865853658536587,-3.658536585365854
17_02_18_564,3.0,-1.0,3.0,-1.0,1.0,-3.0,1.0,6.0,0.88818359375,-0.10498046875,0.3994140625,4.817073170731708,-13.475609756097562,-3.9024390243902443
17_02_18_564,-3.0,-8.0,-4.0,-3.0,0.0,2.0,1.0,-7.0,0.8916015625,-0.10888671875,0.38427734375,0.426829268292683,-12.74390243902439,-4.51219512195122
17_02_18_564,3.0,-6.0,-5.0,3.0,2.0,13.0,14.0,10.0,0.89306640625,-0.10009765625,0.3896484375,-8.597560975609756,-11.036585365853659,-6.158536585365854
17_02_18_607,3.0,5.0,1.0,2.0,-1.0,-5.0,-5.0,-2.0,0.888671875,-0.15087890625,0.3369140625,1.707317073170732,-13.170731707317074,3.9024390243902443
17_02_18_607,0.0,-1.0,2.0,1.0,-1.0,-4.0,2.0,-2.0,0.91796875,-0.12890625,0.33984375,-1.9512195121951221,-13.597560975609758,2.5
17_02_18_607,2.0,2.0,-4.0,1.0,-2.0,-1.0,-6.0,-2.0,0.91259765625,-0.10546875,0.35693359375,0.7926829268292683,-13.353658536585368,0.3658536585365854
17_02_18_607,-1.0,2.0,5.0,0.0,-3.0,-7.0,-1.0,1.0,0.89306640625,-0.0947265625,0.359375,5.914634146341464,-15.30487804878049,-0.9146341463414634
17_02_18_607,0.0,1.0,-1.0,3.0,2.0,17.0,4.0,0.0,0.8876953125,-0.10400390625,0.3779296875,3.8414634146341466,-14.451219512195124,-1.829268292682927
17_02_18_607,-3.0,-5.0,-5.0,-2.0,-2.0,-11.0,-3.0,0.0,0.89111328125,-0.103515625,0.37939453125,5.365853658536586,-12.439024390243903,-0.7317073170731708
17_02_18_607,-2.0,1.0,-3.0,0.0,1.0,5.0,-3.0,0.0,0.88671875,-0.10693359375,0.39111328125,5.060975609756098,-12.500000000000002,0.0
17_02_18_607,-1.0,-4.0,-7.0,-4.0,-2.0,-1.0,-6.0,0.0,0.88623046875,-0.11767578125,0.38671875,4.51219512195122,-12.560975609756099,-2.5
17_02_18_607,1.0,4.0,4.0,6.0,5.0,2.0,4.0,-1.0,0.888671875,-0.09912109375,0.3896484375,6.890243902439025,-12.865853658536587,-3.658536585365854
17_02_18_607,-2.0,2.0,12.0,0.0,-5.0,4.0,-21.0,-1.0,0.88818359375,-0.10498046875,0.3994140625,4.817073170731708,-13.475609756097562,-3.9024390243902443
17_02_18_664,11.0,-8.0,-14.0,-6.0,25.0,107.0,83.0,34.0,0.95654296875,-0.16748046875,0.35693359375,-0.06097560975609757,-18.353658536585368,0.7926829268292683
17_02_18_664,1.0,9.0,15.0,5.0,-9.0,-53.0,-21.0,-6.0,0.89892578125,-0.1552734375,0.34130859375,7.01219512195122,-15.426829268292684,3.780487804878049
17_02_18_664,-17.0,-8.0,4.0,1.0,-1.0,-2.0,5.0,-3.0,0.91064453125,-0.146484375,0.33544921875,4.939024390243903,-14.51219512195122,3.4756097560975614
17_02_18_664,3.0,0.0,-18.0,-13.0,-6.0,-8.0,-17.0,-1.0,0.888671875,-0.15087890625,0.3369140625,1.707317073170732,-13.170731707317074,3.9024390243902443
17_02_18_664,2.0,1.0,8.0,6.0,4.0,-1.0,2.0,-1.0,0.91796875,-0.12890625,0.33984375,-1.9512195121951221,-13.597560975609758,2.5
17_02_18_664,2.0,2.0,-1.0,1.0,-1.0,3.0,3.0,2.0,0.91259765625,-0.10546875,0.35693359375,0.7926829268292683,-13.353658536585368,0.3658536585365854
17_02_18_664,1.0,4.0,0.0,-2.0,-5.0,-3.0,-3.0,2.0,0.89306640625,-0.0947265625,0.359375,5.914634146341464,-15.30487804878049,-0.9146341463414634
17_02_18_664,5.0,5.0,2.0,-3.0,-2.0,-3.0,-1.0,4.0,0.8876953125,-0.10400390625,0.3779296875,3.8414634146341466,-14.451219512195124,-1.829268292682927
17_02_18_664,-9.0,-9.0,-8.0,-7.0,-2.0,-3.0,-4.0,-7.0,0.89111328125,-0.103515625,0.37939453125,5.365853658536586,-12.439024390243903,-0.7317073170731708
17_02_18_664,-9.0,-15.0,-9.0,-4.0,-8.0,-1.0,-4.0,-5.0,0.88671875,-0.10693359375,0.39111328125,5.060975609756098,-12.500000000000002,0.0
17_02_18_715,15.0,2.0,-1.0,0.0,-11.0,-23.0,-29.0,-7.0,0.9765625,-0.17041015625,0.353515625,-3.1097560975609757,-18.902439024390244,-0.5487804878048781
17_02_18_715,-12.0,-6.0,-2.0,3.0,-1.0,5.0,0.0,2.0,0.9677734375,-0.1708984375,0.3515625,-0.12195121951219513,-21.158536585365855,-2.6219512195121952
17_02_18_715,8.0,-1.0,-2.0,-3.0,3.0,10.0,8.0,-7.0,0.95654296875,-0.16748046875,0.35693359375,-0.06097560975609757,-18.353658536585368,0.7926829268292683
17_02_18_715,9.0,5.0,5.0,-3.0,0.0,-5.0,3.0,10.0,0.89892578125,-0.1552734375,0.34130859375,7.01219512195122,-15.426829268292684,3.780487804878049
17_02_18_715,-35.0,-6.0,-1.0,-4.0,-4.0,-3.0,-8.0,-12.0,0.91064453125,-0.146484375,0.33544921875,4.939024390243903,-14.51219512195122,3.4756097560975614
17_02_18_715,-13.0,-2.0,-7.0,-1.0,-3.0,-4.0,-4.0,1.0,0.888671875,-0.15087890625,0.3369140625,1.707317073170732,-13.170731707317074,3.9024390243902443
17_02_18_715,13.0,2.0,2.0,2.0,-2.0,0.0,1.0,7.0,0.91796875,-0.12890625,0.33984375,-1.9512195121951221,-13.597560975609758,2.5
17_02_18_715,-4.0,1.0,-3.0,3.0,-4.0,0.0,-3.0,-5.0,0.91259765625,-0.10546875,0.35693359375,0.7926829268292683,-13.353658536585368,0.3658536585365854
17_02_18_715,1.0,1.0,1.0,0.0,-1.0,-4.0,1.0,-6.0,0.89306640625,-0.0947265625,0.359375,5.914634146341464,-15.30487804878049,-0.9146341463414634
17_02_18_715,-4.0,2.0,-2.0,0.0,-2.0,0.0,0.0,-6.0,0.8876953125,-0.10400390625,0.3779296875,3.8414634146341466,-14.451219512195124,-1.829268292682927
17_02_18_779,4.0,5.0,2.0,4.0,5.0,0.0,-2.0,-1.0,0.9765625,-0.17041015625,0.353515625,-3.1097560975609757,-18.902439024390244,-0.5487804878048781
17_02_18_779,-3.0,-2.0,1.0,-6.0,-2.0,16.0,14.0,-13.0,0.9677734375,-0.1708984375,0.3515625,-0.12195121951219513,-21.158536585365855,-2.6219512195121952
17_02_18_779,15.0,2.0,-1.0,0.0,-11.0,-23.0,-29.0,-7.0,0.95654296875,-0.16748046875,0.35693359375,-0.06097560975609757,-18.353658536585368,0.7926829268292683
17_02_18_779,-12.0,-6.0,-2.0,3.0,-1.0,5.0,0.0,2.0,0.89892578125,-0.1552734375,0.34130859375,7.01219512195122,-15.426829268292684,3.780487804878049
17_02_18_779,8.0,-1.0,-2.0,-3.0,3.0,10.0,8.0,-7.0,0.91064453125,-0.146484375,0.33544921875,4.939024390243903,-14.51219512195122,3.4756097560975614
17_02_18_779,9.0,5.0,5.0,-3.0,0.0,-5.0,3.0,10.0,0.888671875,-0.15087890625,0.3369140625,1.707317073170732,-13.170731707317074,3.9024390243902443
17_02_18_779,-35.0,-6.0,-1.0,-4.0,-4.0,-3.0,-8.0,-12.0,0.91796875,-0.12890625,0.33984375,-1.9512195121951221,-13.597560975609758,2.5
17_02_18_779,-13.0,-2.0,-7.0,-1.0,-3.0,-4.0,-4.0,1.0,0.91259765625,-0.10546875,0.35693359375,0.7926829268292683,-13.353658536585368,0.3658536585365854
17_02_18_779,13.0,2.0,2.0,2.0,-2.0,0.0,1.0,7.0,0.89306640625,-0.0947265625,0.359375,5.914634146341464,-15.30487804878049,-0.9146341463414634
17_02_18_779,-4.0,1.0,-3.0,3.0,-4.0,0.0,-3.0,-5.0,0.8876953125,-0.10400390625,0.3779296875,3.8414634146341466,-14.451219512195124,-1.829268292682927
17_02_18_825,8.0,0.0,0.0,3.0,-2.0,-3.0,2.0,-1.0,0.93994140625,-0.15478515625,0.3466796875,-4.329268292682928,-14.817073170731708,2.804878048780488
17_02_18_825,-3.0,0.0,3.0,-7.0,-12.0,-5.0,-5.0,-4.0,0.9765625,-0.17041015625,0.353515625,-3.1097560975609757,-18.902439024390244,-0.5487804878048781
17_02_18_825,-4.0,1.0,6.0,3.0,0.0,-2.0,-4.0,-1.0,0.9677734375,-0.1708984375,0.3515625,-0.12195121951219513,-21.158536585365855,-2.6219512195121952
17_02_18_825,-2.0,0.0,-5.0,-1.0,0.0,-6.0,-1.0,1.0,0.95654296875,-0.16748046875,0.35693359375,-0.06097560975609757,-18.353658536585368,0.7926829268292683
17_02_18_825,-1.0,-5.0,3.0,0.0,1.0,-5.0,-6.0,1.0,0.89892578125,-0.1552734375,0.34130859375,7.01219512195122,-15.426829268292684,3.780487804878049
17_02_18_825,4.0,2.0,2.0,2.0,-4.0,-8.0,-6.0,2.0,0.91064453125,-0.146484375,0.33544921875,4.939024390243903,-14.51219512195122,3.4756097560975614
17_02_18_825,-12.0,-7.0,-6.0,-5.0,0.0,6.0,2.0,-15.0,0.888671875,-0.15087890625,0.3369140625,1.707317073170732,-13.170731707317074,3.9024390243902443
17_02_18_825,-10.0,-5.0,-2.0,0.0,2.0,-5.0,-2.0,12.0,0.91796875,-0.12890625,0.33984375,-1.9512195121951221,-13.597560975609758,2.5
17_02_18_825,4.0,1.0,-4.0,1.0,-4.0,-17.0,4.0,9.0,0.91259765625,-0.10546875,0.35693359375,0.7926829268292683,-13.353658536585368,0.3658536585365854
17_02_18_881,-3.0,-1.0,-1.0,-10.0,-1.0,0.0,-3.0,-3.0,0.91552734375,-0.08154296875,0.236328125,13.29268292682927,-7.560975609756098,16.463414634146343
17_02_18_881,-5.0,0.0,-4.0,-10.0,-12.0,-1.0,7.0,-5.0,0.90576171875,-0.09375,0.26806640625,16.158536585365855,-8.292682926829269,16.03658536585366
17_02_18_881,-30.0,-6.0,0.0,16.0,15.0,6.0,1.0,-11.0,0.92333984375,-0.08154296875,0.2607421875,17.682926829268293,-9.51219512195122,12.987804878048781
17_02_18_881,33.0,7.0,3.0,-4.0,-2.0,-9.0,3.0,13.0,0.91943359375,-0.14306640625,0.3359375,-3.8414634146341466,-11.890243902439025,4.329268292682928
17_02_18_881,3.0,-3.0,-1.0,-5.0,-13.0,-6.0,-1.0,-1.0,0.93994140625,-0.15478515625,0.3466796875,-4.329268292682928,-14.817073170731708,2.804878048780488
17_02_18_881,-9.0,0.0,0.0,3.0,0.0,1.0,-2.0,-10.0,0.9765625,-0.17041015625,0.353515625,-3.1097560975609757,-18.902439024390244,-0.5487804878048781
17_02_18_881,1.0,-1.0,0.0,0.0,-6.0,-4.0,-3.0,-3.0,0.9677734375,-0.1708984375,0.3515625,-0.12195121951219513,-21.158536585365855,-2.6219512195121952
17_02_18_881,0.0,-5.0,-3.0,4.0,0.0,-4.0,-3.0,-3.0,0.95654296875,-0.16748046875,0.35693359375,-0.06097560975609757,-18.353658536585368,0.7926829268292683
17_02_18_881,-5.0,1.0,-3.0,0.0,-2.0,-7.0,-6.0,0.0,0.89892578125,-0.1552734375,0.34130859375,7.01219512195122,-15.426829268292684,3.780487804878049
17_02_18_881,10.0,5.0,0.0,1.0,0.0,-8.0,-3.0,7.0,0.91064453125,-0.146484375,0.33544921875,4.939024390243903,-14.51219512195122,3.4756097560975614
17_02_18_928,-6.0,-6.0,-5.0,-13.0,9.0,-4.0,-4.0,-6.0,0.939453125,-0.10400390625,0.25244140625,9.26829268292683,-7.682926829268293,15.243902439024392
17_02_18_928,5.0,-2.0,1.0,1.0,-18.0,-4.0,-5.0,0.0,0.91552734375,-0.08154296875,0.236328125,13.29268292682927,-7.560975609756098,16.463414634146343
17_02_18_928,0.0,-2.0,-1.0,19.0,5.0,6.0,3.0,-3.0,0.90576171875,-0.09375,0.26806640625,16.158536585365855,-8.292682926829269,16.03658536585366
17_02_18_928,0.0,-1.0,-2.0,-4.0,-7.0,-11.0,-16.0,-10.0,0.92333984375,-0.08154296875,0.2607421875,17.682926829268293,-9.51219512195122,12.987804878048781
17_02_18_928,-3.0,-1.0,-1.0,-10.0,-1.0,0.0,-3.0,-3.0,0.91943359375,-0.14306640625,0.3359375,-3.8414634146341466,-11.890243902439025,4.329268292682928
17_02_18_928,-5.0,0.0,-4.0,-10.0,-12.0,-1.0,7.0,-5.0,0.93994140625,-0.15478515625,0.3466796875,-4.329268292682928,-14.817073170731708,2.804878048780488
17_02_18_928,-30.0,-6.0,0.0,16.0,15.0,6.0,1.0,-11.0,0.9765625,-0.17041015625,0.353515625,-3.1097560975609757,-18.902439024390244,-0.5487804878048781
17_02_18_928,33.0,7.0,3.0,-4.0,-2.0,-9.0,3.0,13.0,0.9677734375,-0.1708984375,0.3515625,-0.12195121951219513,-21.158536585365855,-2.6219512195121952
17_02_18_928,3.0,-3.0,-1.0,-5.0,-13.0,-6.0,-1.0,-1.0,0.95654296875,-0.16748046875,0.35693359375,-0.06097560975609757,-18.353658536585368,0.7926829268292683
17_02_18_928,-9.0,0.0,0.0,3.0,0.0,1.0,-2.0,-10.0,0.89892578125,-0.1552734375,0.34130859375,7.01219512195122,-15.426829268292684,3.780487804878049
17_02_18_979,-3.0,0.0,0.0,-5.0,2.0,5.0,-5.0,-2.0,0.93359375,-0.2099609375,0.34423828125,-9.146341463414634,2.5609756097560976,13.902439024390246
17_02_18_979,-9.0,-1.0,-2.0,-4.0,3.0,6.0,-17.0,-9.0,0.92236328125,-0.21533203125,0.35693359375,-17.31707317073171,2.804878048780488,14.451219512195124
17_02_18_979,-6.0,0.0,2.0,-8.0,-24.0,-4.0,4.0,-2.0,0.923828125,-0.1748046875,0.31884765625,-22.865853658536587,5.365853658536586,22.5609756097561
17_02_18_979,-2.0,-2.0,-4.0,14.0,41.0,7.0,7.0,-2.0,0.98974609375,-0.09228515625,0.23779296875,-2.1951219512195124,-1.6463414634146343,22.926829268292686
17_02_18_979,-5.0,0.0,2.0,-8.0,-22.0,-8.0,5.0,-4.0,0.9765625,-0.09228515625,0.24365234375,9.329268292682928,-6.402439024390245,18.78048780487805
17_02_18_979,-7.0,-2.0,-6.0,3.0,3.0,2.0,2.0,4.0,0.939453125,-0.10400390625,0.25244140625,9.26829268292683,-7.682926829268293,15.243902439024392
17_02_18_979,6.0,-6.0,-6.0,-4.0,1.0,-1.0,-6.0,4.0,0.91552734375,-0.08154296875,0.236328125,13.29268292682927,-7.560975609756098,16.463414634146343
17_02_18_979,-4.0,-3.0,3.0,-2.0,0.0,6.0,22.0,0.0,0.90576171875,-0.09375,0.26806640625,16.158536585365855,-8.292682926829269,16.03658536585366
17_02_18_979,-2.0,-1.0,-1.0,-1.0,-6.0,-5.0,-5.0,3.0,0.92333984375,-0.08154296875,0.2607421875,17.682926829268293,-9.51219512195122,12.987804878048781
17_02_18_979,-42.0,1.0,0.0,0.0,-3.0,-10.0,-10.0,-5.0,0.91943359375,-0.14306640625,0.3359375,-3.8414634146341466,-11.890243902439025,4.329268292682928
17_02_19_035,13.0,-2.0,-10.0,-10.0,-5.0,39.0,-3.0,-1.0,0.93359375,-0.2099609375,0.34423828125,-9.146341463414634,2.5609756097560976,13.902439024390246
17_02_19_035,6.0,-2.0,-5.0,-3.0,-11.0,-37.0,13.0,18.0,0.92236328125,-0.21533203125,0.35693359375,-17.31707317073171,2.804878048780488,14.451219512195124
17_02_19_035,-3.0,0.0,0.0,-5.0,2.0,5.0,-5.0,-2.0,0.923828125,-0.1748046875,0.31884765625,-22.865853658536587,5.365853658536586,22.5609756097561
17_02_19_035,-9.0,-1.0,-2.0,-4.0,3.0,6.0,-17.0,-9.0,0.98974609375,-0.09228515625,0.23779296875,-2.1951219512195124,-1.6463414634146343,22.926829268292686
17_02_19_035,-6.0,0.0,2.0,-8.0,-24.0,-4.0,4.0,-2.0,0.9765625,-0.09228515625,0.24365234375,9.329268292682928,-6.402439024390245,18.78048780487805
17_02_19_035,-2.0,-2.0,-4.0,14.0,41.0,7.0,7.0,-2.0,0.939453125,-0.10400390625,0.25244140625,9.26829268292683,-7.682926829268293,15.243902439024392
17_02_19_035,-5.0,0.0,2.0,-8.0,-22.0,-8.0,5.0,-4.0,0.91552734375,-0.08154296875,0.236328125,13.29268292682927,-7.560975609756098,16.463414634146343
17_02_19_035,-7.0,-2.0,-6.0,3.0,3.0,2.0,2.0,4.0,0.90576171875,-0.09375,0.26806640625,16.158536585365855,-8.292682926829269,16.03658536585366
17_02_19_035,6.0,-6.0,-6.0,-4.0,1.0,-1.0,-6.0,4.0,0.92333984375,-0.08154296875,0.2607421875,17.682926829268293,-9.51219512195122,12.987804878048781
17_02_19_035,-4.0,-3.0,3.0,-2.0,0.0,6.0,22.0,0.0,0.91943359375,-0.14306640625,0.3359375,-3.8414634146341466,-11.890243902439025,4.329268292682928
17_02_19_078,-1.0,4.0,4.0,1.0,45.0,29.0,34.0,4.0,0.91015625,-0.1669921875,0.26513671875,-4.75609756097561,10.060975609756099,18.29268292682927
17_02_19_078,-6.0,-2.0,-5.0,16.0,30.0,-13.0,-9.0,-4.0,0.953125,-0.1708984375,0.28564453125,-2.439024390243903,6.890243902439025,17.743902439024392
17_02_19_078,-6.0,0.0,-4.0,23.0,30.0,23.0,13.0,1.0,0.93359375,-0.2099609375,0.34423828125,-9.146341463414634,2.5609756097560976,13.902439024390246
17_02_19_078,-4.0,1.0,5.0,-25.0,-28.0,-7.0,6.0,-6.0,0.92236328125,-0.21533203125,0.35693359375,-17.31707317073171,2.804878048780488,14.451219512195124
17_02_19_078,-5.0,-3.0,0.0,1.0,2.0,-11.0,-8.0,-5.0,0.923828125,-0.1748046875,0.31884765625,-22.865853658536587,5.365853658536586,22.5609756097561
17_02_19_078,9.0,2.0,3.0,6.0,9.0,10.0,7.0,4.0,0.98974609375,-0.09228515625,0.23779296875,-2.1951219512195124,-1.6463414634146343,22.926829268292686
17_02_19_078,11.0,4.0,-3.0,-4.0,1.0,2.0,14.0,13.0,0.9765625,-0.09228515625,0.24365234375,9.329268292682928,-6.402439024390245,18.78048780487805
17_02_19_078,-11.0,-1.0,1.0,20.0,0.0,1.0,15.0,0.0,0.939453125,-0.10400390625,0.25244140625,9.26829268292683,-7.682926829268293,15.243902439024392
17_02_19_078,-4.0,-5.0,-10.0,-16.0,-12.0,-27.0,-39.0,-7.0,0.91552734375,-0.08154296875,0.236328125,13.29268292682927,-7.560975609756098,16.463414634146343
17_02_19_078,-4.0,0.0,1.0,3.0,-1.0,-15.0,0.0,2.0,0.90576171875,-0.09375,0.26806640625,16.158536585365855,-8.292682926829269,16.03658536585366
17_02_19_138,-3.0,6.0,5.0,21.0,79.0,40.0,9.0,1.0,0.93994140625,-0.2119140625,0.287109375,-0.9756097560975611,9.390243902439025,16.951219512195124
17_02_19_138,-11.0,-2.0,-1.0,-13.0,-50.0,-34.0,-7.0,-6.0,0.92724609375,-0.265625,0.31591796875,-1.7682926829268295,5.182926829268293,13.414634146341465
17_02_19_138,-7.0,0.0,-1.0,-8.0,-10.0,4.0,3.0,-8.0,0.91015625,-0.1669921875,0.26513671875,-4.75609756097561,10.060975609756099,18.29268292682927
17_02_19_138,-7.0,-4.0,-1.0,-2.0,2.0,-26.0,7.0,-6.0,0.953125,-0.1708984375,0.28564453125,-2.439024390243903,6.890243902439025,17.743902439024392
17_02_19_138,1.0,1.0,-1.0,14.0,7.0,42.0,38.0,8.0,0.93359375,-0.2099609375,0.34423828125,-9.146341463414634,2.5609756097560976,13.902439024390246
17_02_19_138,2.0,-7.0,-4.0,-10.0,-16.0,-42.0,-60.0,-8.0,0.92236328125,-0.21533203125,0.35693359375,-17.31707317073171,2.804878048780488,14.451219512195124
17_02_19_138,-3.0,-1.0,1.0,-5.0,6.0,50.0,10.0,-4.0,0.923828125,-0.1748046875,0.31884765625,-22.865853658536587,5.365853658536586,22.5609756097561
17_02_19_138,-4.0,1.0,6.0,11.0,-29.0,-43.0,-53.0,-5.0,0.98974609375,-0.09228515625,0.23779296875,-2.1951219512195124,-1.6463414634146343,22.926829268292686
17_02_19_138,-1.0,4.0,4.0,1.0,45.0,29.0,34.0,4.0,0.9765625,-0.09228515625,0.24365234375,9.329268292682928,-6.402439024390245,18.78048780487805
17_02_19_138,-6.0,-2.0,-5.0,16.0,30.0,-13.0,-9.0,-4.0,0.939453125,-0.10400390625,0.25244140625,9.26829268292683,-7.682926829268293,15.243902439024392
17_02_19_186,0.0,1.0,1.0,6.0,-11.0,-5.0,5.0,-4.0,0.8916015625,-0.25830078125,0.34423828125,-8.170731707317074,7.560975609756098,14.207317073170733
17_02_19_186,1.0,-8.0,-5.0,0.0,8.0,-6.0,-18.0,2.0,0.9091796875,-0.24853515625,0.306640625,-8.78048780487805,8.292682926829269,16.158536585365855
17_02_19_186,-6.0,1.0,-6.0,-2.0,24.0,19.0,21.0,-8.0,0.93994140625,-0.2119140625,0.287109375,-0.9756097560975611,9.390243902439025,16.951219512195124
17_02_19_186,-1.0,-10.0,0.0,-12.0,-40.0,-30.0,-16.0,-7.0,0.92724609375,-0.265625,0.31591796875,-1.7682926829268295,5.182926829268293,13.414634146341465
17_02_19_186,-1.0,0.0,2.0,-2.0,-6.0,-32.0,-7.0,2.0,0.91015625,-0.1669921875,0.26513671875,-4.75609756097561,10.060975609756099,18.29268292682927
17_02_19_186,3.0,9.0,-6.0,-16.0,16.0,43.0,5.0,-4.0,0.953125,-0.1708984375,0.28564453125,-2.439024390243903,6.890243902439025,17.743902439024392
17_02_19_186,-5.0,-2.0,-3.0,-15.0,-34.0,-29.0,-18.0,-1.0,0.93359375,-0.2099609375,0.34423828125,-9.146341463414634,2.5609756097560976,13.902439024390246
17_02_19_186,-39.0,-3.0,-6.0,10.0,-5.0,-13.0,1.0,-8.0,0.92236328125,-0.21533203125,0.35693359375,-17.31707317073171,2.804878048780488,14.451219512195124
17_02_19_186,10.0,4.0,4.0,23.0,23.0,10.0,0.0,4.0,0.923828125,-0.1748046875,0.31884765625,-22.865853658536587,5.365853658536586,22.5609756097561
17_02_19_186,4.0,-4.0,-2.0,-17.0,-28.0,-13.0,-1.0,2.0,0.98974609375,-0.09228515625,0.23779296875,-2.1951219512195124,-1.6463414634146343,22.926829268292686
17_02_19_247,-4.0,-6.0,-7.0,-11.0,-24.0,1.0,6.0,-1.0,0.908203125,-0.2666015625,0.3271484375,2.9268292682926833,3.8414634146341466,9.878048780487806
17_02_19_247,-5.0,-2.0,3.0,-1.0,-5.0,-15.0,10.0,-7.0,0.9169921875,-0.28564453125,0.33544921875,-3.1707317073170733,4.451219512195122,9.02439024390244
17_02_19_247,-5.0,0.0,-4.0,-11.0,-23.0,-8.0,-7.0,-5.0,0.8916015625,-0.25830078125,0.34423828125,-8.170731707317074,7.560975609756098,14.207317073170733
17_02_19_247,-3.0,-4.0,-1.0,22.0,42.0,3.0,9.0,-3.0,0.9091796875,-0.24853515625,0.306640625,-8.78048780487805,8.292682926829269,16.158536585365855
17_02_19_247,-13.0,-3.0,-5.0,33.0,18.0,0.0,-5.0,-10.0,0.93994140625,-0.2119140625,0.287109375,-0.9756097560975611,9.390243902439025,16.951219512195124
17_02_19_247,1.0,2.0,7.0,-26.0,-37.0,-13.0,6.0,-2.0,0.92724609375,-0.265625,0.31591796875,-1.7682926829268295,5.182926829268293,13.414634146341465
17_02_19_247,19.0,6.0,8.0,2.0,-27.0,-21.0,-16.0,11.0,0.91015625,-0.1669921875,0.26513671875,-4.75609756097561,10.060975609756099,18.29268292682927
17_02_19_247,4.0,-3.0,-6.0,-3.0,39.0,33.0,0.0,-4.0,0.953125,-0.1708984375,0.28564453125,-2.439024390243903,6.890243902439025,17.743902439024392
17_02_19_247,-8.0,3.0,-3.0,-2.0,-7.0,-3.0,-17.0,-6.0,0.93359375,-0.2099609375,0.34423828125,-9.146341463414634,2.5609756097560976,13.902439024390246
17_02_19_247,-3.0,3.0,-1.0,6.0,-5.0,-17.0,1.0,-1.0,0.92236328125,-0.21533203125,0.35693359375,-17.31707317073171,2.804878048780488,14.451219512195124
17_02_19_287,-1.0,15.0,7.0,-10.0,31.0,60.0,-5.0,-3.0,0.8974609375,-0.2939453125,0.34423828125,4.695121951219512,-2.439024390243903,2.1341463414634148
17_02_19_287,-1.0,-4.0,-3.0,-11.0,-58.0,-53.0,-10.0,1.0,0.888671875,-0.296875,0.34912109375,0.5487804878048781,-1.1585365853658538,4.451219512195122
17_02_19_287,4.0,-4.0,-6.0,7.0,-27.0,-26.0,7.0,-10.0,0.89404296875,-0.267578125,0.3427734375,-0.3658536585365854,0.9146341463414634,6.951219512195123
17_02_19_287,17.0,8.0,12.0,-2.0,26.0,34.0,21.0,10.0,0.908203125,-0.2666015625,0.3271484375,2.9268292682926833,3.8414634146341466,9.878048780487806
17_02_19_287,-12.0,5.0,6.0,25.0,66.0,19.0,-2.0,-1.0,0.9169921875,-0.28564453125,0.33544921875,-3.1707317073170733,4.451219512195122,9.02439024390244
17_02_19_287,-8.0,-15.0,-21.0,-32.0,-63.0,-38.0,1.0,-3.0,0.8916015625,-0.25830078125,0.34423828125,-8.170731707317074,7.560975609756098,14.207317073170733
17_02_19_287,9.0,1.0,6.0,19.0,3.0,27.0,13.0,5.0,0.9091796875,-0.24853515625,0.306640625,-8.78048780487805,8.292682926829269,16.158536585365855
17_02_19_287,10.0,2.0,8.0,8.0,17.0,0.0,-16.0,8.0,0.93994140625,-0.2119140625,0.287109375,-0.9756097560975611,9.390243902439025,16.951219512195124
17_02_19_287,4.0,3.0,-1.0,3.0,6.0,23.0,13.0,7.0,0.92724609375,-0.265625,0.31591796875,-1.7682926829268295,5.182926829268293,13.414634146341465
17_02_19_287,-9.0,0.0,-5.0,8.0,20.0,-17.0,-38.0,-12.0,0.91015625,-0.1669921875,0.26513671875,-4.75609756097561,10.060975609756099,18.29268292682927
17_02_19_333,-31.0,-11.0,-8.0,7.0,24.0,-12.0,9.0,1.0,0.92626953125,-0.27001953125,0.3193359375,5.487804878048781,-0.48780487804878053,5.975609756097562
17_02_19_333,14.0,10.0,1.0,-8.0,-7.0,34.0,24.0,1.0,0.92041015625,-0.29736328125,0.3193359375,6.707317073170732,-3.1097560975609757,2.8658536585365857
17_02_19_333,-16.0,6.0,7.0,40.0,88.0,17.0,10.0,1.0,0.8974609375,-0.2939453125,0.34423828125,4.695121951219512,-2.439024390243903,2.1341463414634148
17_02_19_333,-8.0,-1.0,0.0,-38.0,-97.0,-49.0,-42.0,-24.0,0.888671875,-0.296875,0.34912109375,0.5487804878048781,-1.1585365853658538,4.451219512195122
17_02_19_333,18.0,-7.0,-4.0,-22.0,-53.0,-21.0,21.0,18.0,0.89404296875,-0.267578125,0.3427734375,-0.3658536585365854,0.9146341463414634,6.951219512195123
17_02_19_333,7.0,4.0,0.0,17.0,-20.0,-8.0,21.0,5.0,0.908203125,-0.2666015625,0.3271484375,2.9268292682926833,3.8414634146341466,9.878048780487806
17_02_19_333,8.0,4.0,10.0,6.0,25.0,54.0,1.0,3.0,0.9169921875,-0.28564453125,0.33544921875,-3.1707317073170733,4.451219512195122,9.02439024390244
17_02_19_333,-5.0,6.0,4.0,4.0,99.0,-4.0,-15.0,-6.0,0.8916015625,-0.25830078125,0.34423828125,-8.170731707317074,7.560975609756098,14.207317073170733
17_02_19_333,3.0,-8.0,-9.0,-42.0,-119.0,-49.0,-25.0,-3.0,0.9091796875,-0.24853515625,0.306640625,-8.78048780487805,8.292682926829269,16.158536585365855
17_02_19_333,4.0,7.0,4.0,4.0,6.0,29.0,-9.0,10.0,0.93994140625,-0.2119140625,0.287109375,-0.9756097560975611,9.390243902439025,16.951219512195124
17_02_19_388,3.0,-8.0,12.0,-2.0,-128.0,-37.0,8.0,5.0,0.9072265625,-0.26171875,0.314453125,4.634146341463415,1.2195121951219514,3.2926829268292686
17_02_19_388,25.0,7.0,5.0,5.0,-12.0,-8.0,0.0,10.0,0.9013671875,-0.20361328125,0.3017578125,4.024390243902439,1.707317073170732,4.75609756097561
17_02_19_388,5.0,3.0,8.0,36.0,91.0,47.0,0.0,8.0,0.89892578125,-0.2119140625,0.3037109375,6.7682926829268295,1.4634146341463417,5.914634146341464
17_02_19_388,-6.0,0.0,8.0,20.0,-13.0,-21.0,2.0,1.0,0.92626953125,-0.27001953125,0.3193359375,5.487804878048781,-0.48780487804878053,5.975609756097562
17_02_19_388,-3.0,3.0,7.0,10.0,20.0,-8.0,-10.0,-2.0,0.92041015625,-0.29736328125,0.3193359375,6.707317073170732,-3.1097560975609757,2.8658536585365857
17_02_19_388,0.0,-7.0,-6.0,-9.0,-9.0,-12.0,-5.0,-1.0,0.8974609375,-0.2939453125,0.34423828125,4.695121951219512,-2.439024390243903,2.1341463414634148
17_02_19_388,5.0,5.0,1.0,10.0,17.0,2.0,0.0,0.0,0.888671875,-0.296875,0.34912109375,0.5487804878048781,-1.1585365853658538,4.451219512195122
17_02_19_388,-8.0,5.0,-1.0,-1.0,3.0,26.0,13.0,-5.0,0.89404296875,-0.267578125,0.3427734375,-0.3658536585365854,0.9146341463414634,6.951219512195123
17_02_19_388,19.0,9.0,3.0,-27.0,-37.0,-41.0,-18.0,-6.0,0.908203125,-0.2666015625,0.3271484375,2.9268292682926833,3.8414634146341466,9.878048780487806
17_02_19_388,0.0,-7.0,-4.0,-8.0,-24.0,12.0,0.0,1.0,0.9169921875,-0.28564453125,0.33544921875,-3.1707317073170733,4.451219512195122,9.02439024390244
17_02_19_442,-17.0,-12.0,-12.0,-12.0,113.0,-39.0,-83.0,-26.0,0.845703125,-0.27978515625,0.29638671875,5.426829268292684,3.8414634146341466,6.036585365853659
17_02_19_442,2.0,-11.0,-10.0,-53.0,-128.0,-109.0,-30.0,-5.0,0.900390625,-0.26708984375,0.3134765625,7.195121951219513,4.2682926829268295,5.853658536585367
17_02_19_442,-5.0,2.0,-1.0,42.0,122.0,27.0,7.0,-7.0,0.9072265625,-0.26171875,0.314453125,4.634146341463415,1.2195121951219514,3.2926829268292686
17_02_19_442,5.0,-5.0,2.0,-22.0,-128.0,-17.0,11.0,2.0,0.9013671875,-0.20361328125,0.3017578125,4.024390243902439,1.707317073170732,4.75609756097561
17_02_19_442,18.0,7.0,0.0,-4.0,11.0,-4.0,18.0,16.0,0.89892578125,-0.2119140625,0.3037109375,6.7682926829268295,1.4634146341463417,5.914634146341464
17_02_19_442,-13.0,-7.0,-1.0,17.0,93.0,1.0,-2.0,-10.0,0.92626953125,-0.27001953125,0.3193359375,5.487804878048781,-0.48780487804878053,5.975609756097562
17_02_19_442,3.0,-8.0,12.0,-2.0,-128.0,-37.0,8.0,5.0,0.92041015625,-0.29736328125,0.3193359375,6.707317073170732,-3.1097560975609757,2.8658536585365857
17_02_19_442,25.0,7.0,5.0,5.0,-12.0,-8.0,0.0,10.0,0.8974609375,-0.2939453125,0.34423828125,4.695121951219512,-2.439024390243903,2.1341463414634148
17_02_19_442,5.0,3.0,8.0,36.0,91.0,47.0,0.0,8.0,0.888671875,-0.296875,0.34912109375,0.5487804878048781,-1.1585365853658538,4.451219512195122
17_02_19_442,-6.0,0.0,8.0,20.0,-13.0,-21.0,2.0,1.0,0.89404296875,-0.267578125,0.3427734375,-0.3658536585365854,0.9146341463414634,6.951219512195123
17_02_19_487,0.0,-10.0,-11.0,-23.0,-128.0,-24.0,50.0,7.0,0.91357421875,-0.23046875,0.33935546875,6.52439024390244,3.353658536585366,5.731707317073171
17_02_19_487,5.0,-3.0,0.0,57.0,15.0,-21.0,-48.0,-9.0,0.9189453125,-0.22509765625,0.31787109375,13.536585365853659,4.024390243902439,8.658536585365855
17_02_19_487,7.0,6.0,15.0,29.0,105.0,116.0,72.0,22.0,0.8896484375,-0.267578125,0.29736328125,10.792682926829269,2.3170731707317076,7.865853658536586
17_02_19_487,-9.0,4.0,6.0,17.0,40.0,11.0,7.0,5.0,0.845703125,-0.27978515625,0.29638671875,5.426829268292684,3.8414634146341466,6.036585365853659
17_02_19_487,-19.0,-23.0,-17.0,-41.0,-72.0,-52.0,-52.0,-23.0,0.900390625,-0.26708984375,0.3134765625,7.195121951219513,4.2682926829268295,5.853658536585367
17_02_19_487,55.0,10.0,28.0,95.0,98.0,9.0,16.0,5.0,0.9072265625,-0.26171875,0.314453125,4.634146341463415,1.2195121951219514,3.2926829268292686
17_02_19_487,-8.0,2.0,-2.0,-48.0,-92.0,-34.0,-31.0,-10.0,0.9013671875,-0.20361328125,0.3017578125,4.024390243902439,1.707317073170732,4.75609756097561
17_02_19_487,12.0,4.0,0.0,-6.0,-5.0,-1.0,-35.0,-2.0,0.89892578125,-0.2119140625,0.3037109375,6.7682926829268295,1.4634146341463417,5.914634146341464
17_02_19_487,5.0,15.0,-5.0,-16.0,-20.0,9.0,3.0,-13.0,0.92626953125,-0.27001953125,0.3193359375,5.487804878048781,-0.48780487804878053,5.975609756097562
17_02_19_487,-6.0,-11.0,-6.0,-28.0,-35.0,2.0,-26.0,-6.0,0.92041015625,-0.29736328125,0.3193359375,6.707317073170732,-3.1097560975609757,2.8658536585365857
17_02_19_533,-10.0,6.0,-16.0,-69.0,-80.0,-53.0,-42.0,-12.0,0.890625,-0.29150390625,0.36328125,-0.5487804878048781,1.4634146341463417,3.963414634146342
17_02_19_533,1.0,-17.0,-9.0,-37.0,-128.0,-63.0,21.0,-6.0,0.91357421875,-0.23046875,0.33935546875,6.52439024390244,3.353658536585366,5.731707317073171
17_02_19_533,16.0,15.0,19.0,80.0,110.0,55.0,-34.0,-3.0,0.9189453125,-0.22509765625,0.31787109375,13.536585365853659,4.024390243902439,8.658536585365855
17_02_19_533,18.0,30.0,14.0,-51.0,33.0,10.0,-7.0,10.0,0.8896484375,-0.267578125,0.29736328125,10.792682926829269,2.3170731707317076,7.865853658536586
17_02_19_533,0.0,-10.0,-11.0,-23.0,-128.0,-24.0,50.0,7.0,0.845703125,-0.27978515625,0.29638671875,5.426829268292684,3.8414634146341466,6.036585365853659
17_02_19_533,5.0,-3.0,0.0,57.0,15.0,-21.0,-48.0,-9.0,0.900390625,-0.26708984375,0.3134765625,7.195121951219513,4.2682926829268295,5.853658536585367
17_02_19_533,7.0,6.0,15.0,29.0,105.0,116.0,72.0,22.0,0.9072265625,-0.26171875,0.314453125,4.634146341463415,1.2195121951219514,3.2926829268292686
17_02_19_533,-9.0,4.0,6.0,17.0,40.0,11.0,7.0,5.0,0.9013671875,-0.20361328125,0.3017578125,4.024390243902439,1.707317073170732,4.75609756097561
17_02_19_533,-19.0,-23.0,-17.0,-41.0,-72.0,-52.0,-52.0,-23.0,0.89892578125,-0.2119140625,0.3037109375,6.7682926829268295,1.4634146341463417,5.914634146341464
17_02_19_533,55.0,10.0,28.0,95.0,98.0,9.0,16.0,5.0,0.92626953125,-0.27001953125,0.3193359375,5.487804878048781,-0.48780487804878053,5.975609756097562
17_02_19_598,17.0,-23.0,10.0,-29.0,-91.0,-15.0,-17.0,1.0,0.8671875,-0.26611328125,0.3291015625,10.548780487804878,4.451219512195122,13.170731707317074
17_02_19_598,5.0,2.0,-4.0,-2.0,15.0,-1.0,17.0,7.0,0.87060546875,-0.3154296875,0.341796875,9.573170731707318,-2.6219512195121952,5.853658536585367
17_02_19_598,-3.0,9.0,8.0,12.0,74.0,34.0,15.0,8.0,0.83642578125,-0.29736328125,0.36279296875,3.536585365853659,-0.7926829268292683,2.8658536585365857
17_02_19_598,-12.0,1.0,-5.0,-4.0,94.0,-39.0,-26.0,-19.0,0.890625,-0.29150390625,0.36328125,-0.5487804878048781,1.4634146341463417,3.963414634146342
17_02_19_598,10.0,-6.0,-20.0,-24.0,-104.0,12.0,-10.0,2.0,0.91357421875,-0.23046875,0.33935546875,6.52439024390244,3.353658536585366,5.731707317073171
17_02_19_598,-35.0,-3.0,17.0,-21.0,-128.0,-74.0,23.0,10.0,0.9189453125,-0.22509765625,0.31787109375,13.536585365853659,4.024390243902439,8.658536585365855
17_02_19_598,40.0,9.0,9.0,42.0,109.0,127.0,49.0,23.0,0.8896484375,-0.267578125,0.29736328125,10.792682926829269,2.3170731707317076,7.865853658536586
17_02_19_598,-17.0,5.0,1.0,14.0,127.0,-55.0,-88.0,-28.0,0.845703125,-0.27978515625,0.29638671875,5.426829268292684,3.8414634146341466,6.036585365853659
17_02_19_598,-28.0,-34.0,-24.0,-7.0,-128.0,-85.0,-5.0,-5.0,0.900390625,-0.26708984375,0.3134765625,7.195121951219513,4.2682926829268295,5.853658536585367
17_02_19_598,27.0,20.0,8.0,9.0,127.0,127.0,53.0,3.0,0.9072265625,-0.26171875,0.314453125,4.634146341463415,1.2195121951219514,3.2926829268292686
17_02_19_638,41.0,-21.0,-4.0,84.0,84.0,9.0,-35.0,-21.0,0.92919921875,-0.244140625,0.42578125,6.52439024390244,-7.378048780487806,2.1951219512195124
17_02_19_638,-17.0,9.0,0.0,-36.0,8.0,-12.0,-28.0,-1.0,0.9072265625,-0.1923828125,0.3408203125,8.475609756097562,-1.7682926829268295,6.7682926829268295
17_02_19_638,22.0,-3.0,-2.0,-31.0,-16.0,-6.0,40.0,34.0,0.8671875,-0.26611328125,0.3291015625,10.548780487804878,4.451219512195122,13.170731707317074
17_02_19_638,9.0,-3.0,3.0,-26.0,-128.0,4.0,59.0,1.0,0.87060546875,-0.3154296875,0.341796875,9.573170731707318,-2.6219512195121952,5.853658536585367
17_02_19_638,-27.0,-40.0,-22.0,73.0,127.0,28.0,-12.0,-10.0,0.83642578125,-0.29736328125,0.36279296875,3.536585365853659,-0.7926829268292683,2.8658536585365857
17_02_19_638,-3.0,38.0,8.0,14.0,-84.0,-8.0,5.0,-4.0,0.890625,-0.29150390625,0.36328125,-0.5487804878048781,1.4634146341463417,3.963414634146342
17_02_19_638,17.0,-23.0,10.0,-29.0,-91.0,-15.0,-17.0,1.0,0.91357421875,-0.23046875,0.33935546875,6.52439024390244,3.353658536585366,5.731707317073171
17_02_19_638,5.0,2.0,-4.0,-2.0,15.0,-1.0,17.0,7.0,0.9189453125,-0.22509765625,0.31787109375,13.536585365853659,4.024390243902439,8.658536585365855
17_02_19_638,-3.0,9.0,8.0,12.0,74.0,34.0,15.0,8.0,0.8896484375,-0.267578125,0.29736328125,10.792682926829269,2.3170731707317076,7.865853658536586
17_02_19_638,-12.0,1.0,-5.0,-4.0,94.0,-39.0,-26.0,-19.0,0.845703125,-0.27978515625,0.29638671875,5.426829268292684,3.8414634146341466,6.036585365853659
17_02_19_692,-8.0,42.0,43.0,127.0,127.0,117.0,47.0,10.0,0.85546875,-0.28173828125,0.33740234375,15.914634146341465,-3.231707317073171,1.8902439024390245
17_02_19_692,-12.0,-15.0,-26.0,-128.0,-128.0,-128.0,-31.0,-8.0,0.90771484375,-0.3349609375,0.4150390625,11.402439024390246,-6.463414634146342,2.25609756097561
17_02_19_692,-27.0,-41.0,-36.0,-41.0,-55.0,76.0,-38.0,-14.0,0.92919921875,-0.244140625,0.42578125,6.52439024390244,-7.378048780487806,2.1951219512195124
17_02_19_692,25.0,51.0,37.0,22.0,-59.0,-114.0,-23.0,3.0,0.9072265625,-0.1923828125,0.3408203125,8.475609756097562,-1.7682926829268295,6.7682926829268295
17_02_19_692,30.0,-18.0,-3.0,-15.0,-68.0,11.0,-51.0,-22.0,0.8671875,-0.26611328125,0.3291015625,10.548780487804878,4.451219512195122,13.170731707317074
17_02_19_692,-23.0,11.0,-6.0,43.0,127.0,-23.0,1.0,-16.0,0.87060546875,-0.3154296875,0.341796875,9.573170731707318,-2.6219512195121952,5.853658536585367
17_02_19_692,-128.0,-27.0,-17.0,-89.0,-55.0,-24.0,-4.0,-13.0,0.83642578125,-0.29736328125,0.36279296875,3.536585365853659,-0.7926829268292683,2.8658536585365857
17_02_19_692,54.0,8.0,10.0,45.0,-13.0,-33.0,-46.0,5.0,0.890625,-0.29150390625,0.36328125,-0.5487804878048781,1.4634146341463417,3.963414634146342
17_02_19_692,41.0,-21.0,-4.0,84.0,84.0,9.0,-35.0,-21.0,0.91357421875,-0.23046875,0.33935546875,6.52439024390244,3.353658536585366,5.731707317073171
17_02_19_692,-17.0,9.0,0.0,-36.0,8.0,-12.0,-28.0,-1.0,0.9189453125,-0.22509765625,0.31787109375,13.536585365853659,4.024390243902439,8.658536585365855
17_02_19_739,-4.0,12.0,0.0,17.0,54.0,-49.0,-8.0,1.0,0.87109375,-0.29345703125,0.32275390625,12.01219512195122,-4.207317073170732,6.7682926829268295
17_02_19_739,23.0,-13.0,-4.0,-20.0,-83.0,-31.0,-16.0,4.0,0.87109375,-0.30615234375,0.3203125,8.109756097560977,-4.207317073170732,4.939024390243903
17_02_19_739,4.0,13.0,-6.0,-41.0,93.0,127.0,63.0,1.0,0.85546875,-0.28173828125,0.33740234375,15.914634146341465,-3.231707317073171,1.8902439024390245
17_02_19_739,20.0,9.0,17.0,10.0,-104.0,-128.0,-2.0,28.0,0.90771484375,-0.3349609375,0.4150390625,11.402439024390246,-6.463414634146342,2.25609756097561
17_02_19_739,-22.0,3.0,22.0,57.0,122.0,-13.0,-4.0,-14.0,0.92919921875,-0.244140625,0.42578125,6.52439024390244,-7.378048780487806,2.1951219512195124
17_02_19_739,23.0,-45.0,-47.0,-14.0,-70.0,127.0,85.0,29.0,0.9072265625,-0.1923828125,0.3408203125,8.475609756097562,-1.7682926829268295,6.7682926829268295
17_02_19_739,-23.0,6.0,-24.0,-119.0,100.0,-16.0,-37.0,-25.0,0.8671875,-0.26611328125,0.3291015625,10.548780487804878,4.451219512195122,13.170731707317074
17_02_19_739,0.0,3.0,-3.0,-34.0,-128.0,-128.0,-85.0,-16.0,0.87060546875,-0.3154296875,0.341796875,9.573170731707318,-2.6219512195121952,5.853658536585367
17_02_19_739,-28.0,16.0,33.0,106.0,127.0,118.0,36.0,4.0,0.83642578125,-0.29736328125,0.36279296875,3.536585365853659,-0.7926829268292683,2.8658536585365857
17_02_19_739,-9.0,-22.0,-60.0,-128.0,-128.0,-38.0,39.0,7.0,0.890625,-0.29150390625,0.36328125,-0.5487804878048781,1.4634146341463417,3.963414634146342
17_02_19_793,-33.0,35.0,4.0,12.0,121.0,127.0,76.0,9.0,0.916015625,-0.31103515625,0.36279296875,5.182926829268293,-5.060975609756098,-0.06097560975609757
17_02_19_793,-2.0,-55.0,-18.0,-46.0,-122.0,-128.0,-54.0,-9.0,0.91357421875,-0.19775390625,0.34033203125,8.719512195121952,-6.219512195121951,2.0121951219512195
17_02_19_793,8.0,15.0,9.0,65.0,127.0,90.0,21.0,8.0,0.86572265625,-0.203125,0.31298828125,14.817073170731708,-5.670731707317073,3.9024390243902443
17_02_19_793,-15.0,-6.0,-7.0,-7.0,127.0,-71.0,-50.0,-1.0,0.87109375,-0.29345703125,0.32275390625,12.01219512195122,-4.207317073170732,6.7682926829268295
17_02_19_793,7.0,8.0,2.0,-31.0,-128.0,77.0,83.0,18.0,0.87109375,-0.30615234375,0.3203125,8.109756097560977,-4.207317073170732,4.939024390243903
17_02_19_793,23.0,5.0,12.0,21.0,-52.0,-52.0,-19.0,9.0,0.85546875,-0.28173828125,0.33740234375,15.914634146341465,-3.231707317073171,1.8902439024390245
17_02_19_793,-20.0,12.0,30.0,127.0,127.0,127.0,61.0,15.0,0.90771484375,-0.3349609375,0.4150390625,11.402439024390246,-6.463414634146342,2.25609756097561
17_02_19_793,6.0,8.0,-3.0,-89.0,-128.0,-128.0,-30.0,-17.0,0.92919921875,-0.244140625,0.42578125,6.52439024390244,-7.378048780487806,2.1951219512195124
17_02_19_793,25.0,-4.0,4.0,-18.0,127.0,69.0,12.0,3.0,0.9072265625,-0.1923828125,0.3408203125,8.475609756097562,-1.7682926829268295,6.7682926829268295
17_02_19_850,16.0,-18.0,-1.0,10.0,-109.0,-128.0,-19.0,-2.0,0.91748046875,-0.25341796875,0.326171875,14.634146341463415,-2.25609756097561,0.7926829268292683
17_02_19_850,-8.0,-5.0,-14.0,-49.0,127.0,127.0,-36.0,2.0,0.89404296875,-0.32421875,0.37353515625,9.329268292682928,-5.060975609756098,1.402439024390244
17_02_19_850,4.0,-5.0,19.0,74.0,-21.0,-128.0,-32.0,-8.0,0.916015625,-0.31103515625,0.36279296875,5.182926829268293,-5.060975609756098,-0.06097560975609757
17_02_19_850,42.0,-12.0,-15.0,-7.0,-128.0,14.0,12.0,21.0,0.91357421875,-0.19775390625,0.34033203125,8.719512195121952,-6.219512195121951,2.0121951219512195
17_02_19_850,-28.0,-3.0,-33.0,-80.0,46.0,2.0,12.0,-8.0,0.86572265625,-0.203125,0.31298828125,14.817073170731708,-5.670731707317073,3.9024390243902443
17_02_19_850,17.0,11.0,-19.0,-4.0,-18.0,-116.0,-30.0,-20.0,0.87109375,-0.29345703125,0.32275390625,12.01219512195122,-4.207317073170732,6.7682926829268295
17_02_19_850,-8.0,-25.0,-5.0,-39.0,-128.0,-81.0,-1.0,-8.0,0.87109375,-0.30615234375,0.3203125,8.109756097560977,-4.207317073170732,4.939024390243903
17_02_19_850,-33.0,35.0,4.0,12.0,121.0,127.0,76.0,9.0,0.85546875,-0.28173828125,0.33740234375,15.914634146341465,-3.231707317073171,1.8902439024390245
17_02_19_850,-2.0,-55.0,-18.0,-46.0,-122.0,-128.0,-54.0,-9.0,0.90771484375,-0.3349609375,0.4150390625,11.402439024390246,-6.463414634146342,2.25609756097561
17_02_19_850,8.0,15.0,9.0,65.0,127.0,90.0,21.0,8.0,0.92919921875,-0.244140625,0.42578125,6.52439024390244,-7.378048780487806,2.1951219512195124
17_02_19_896,42.0,-51.0,-37.0,-119.0,-128.0,-128.0,-111.0,-47.0,0.90771484375,-0.27978515625,0.36767578125,13.841463414634148,9.390243902439025,6.52439024390244
17_02_19_896,18.0,22.0,40.0,127.0,127.0,75.0,-69.0,12.0,0.93359375,-0.26318359375,0.37158203125,7.01219512195122,8.353658536585366,4.939024390243903
17_02_19_896,17.0,22.0,-18.0,-128.0,-128.0,-128.0,-78.0,-44.0,0.95556640625,-0.240234375,0.33544921875,1.6463414634146343,3.8414634146341466,2.5609756097560976
17_02_19_896,-48.0,-30.0,17.0,85.0,69.0,79.0,-46.0,-25.0,0.93701171875,-0.20654296875,0.32763671875,5.609756097560976,0.853658536585366,0.12195121951219513
17_02_19_896,2.0,-3.0,-5.0,13.0,41.0,10.0,-17.0,-1.0,0.91748046875,-0.25341796875,0.326171875,14.634146341463415,-2.25609756097561,0.7926829268292683
17_02_19_896,-14.0,-15.0,-56.0,-128.0,-128.0,-55.0,-41.0,-23.0,0.89404296875,-0.32421875,0.37353515625,9.329268292682928,-5.060975609756098,1.402439024390244
17_02_19_896,-8.0,1.0,25.0,127.0,108.0,-7.0,51.0,15.0,0.916015625,-0.31103515625,0.36279296875,5.182926829268293,-5.060975609756098,-0.06097560975609757
17_02_19_896,-6.0,-81.0,-74.0,-122.0,-128.0,-26.0,-112.0,-31.0,0.91357421875,-0.19775390625,0.34033203125,8.719512195121952,-6.219512195121951,2.0121951219512195
17_02_19_896,5.0,25.0,-2.0,-1.0,13.0,107.0,116.0,47.0,0.86572265625,-0.203125,0.31298828125,14.817073170731708,-5.670731707317073,3.9024390243902443
17_02_19_896,10.0,1.0,22.0,127.0,127.0,24.0,-44.0,-27.0,0.87109375,-0.29345703125,0.32275390625,12.01219512195122,-4.207317073170732,6.7682926829268295
17_02_19_943,-27.0,-54.0,-41.0,4.0,-128.0,-38.0,-17.0,-12.0,0.92529296875,-0.24658203125,0.28076171875,17.804878048780488,13.170731707317074,10.914634146341465
17_02_19_943,10.0,38.0,46.0,63.0,-17.0,32.0,47.0,35.0,0.91650390625,-0.31201171875,0.34423828125,15.121951219512196,8.109756097560977,5.548780487804878
17_02_19_943,19.0,-91.0,8.0,-13.0,-101.0,-31.0,-46.0,-22.0,0.90771484375,-0.27978515625,0.36767578125,13.841463414634148,9.390243902439025,6.52439024390244
17_02_19_943,-14.0,100.0,-3.0,-55.0,-72.0,-101.0,9.0,-6.0,0.93359375,-0.26318359375,0.37158203125,7.01219512195122,8.353658536585366,4.939024390243903
17_02_19_943,-2.0,-4.0,-8.0,29.0,92.0,127.0,110.0,34.0,0.95556640625,-0.240234375,0.33544921875,1.6463414634146343,3.8414634146341466,2.5609756097560976
17_02_19_943,-8.0,1.0,-6.0,-52.0,108.0,-128.0,-26.0,-32.0,0.93701171875,-0.20654296875,0.32763671875,5.609756097560976,0.853658536585366,0.12195121951219513
17_02_19_943,38.0,-17.0,-15.0,-94.0,-128.0,-109.0,46.0,32.0,0.91748046875,-0.25341796875,0.326171875,14.634146341463415,-2.25609756097561,0.7926829268292683
17_02_19_943,-21.0,20.0,48.0,127.0,127.0,127.0,-4.0,-25.0,0.89404296875,-0.32421875,0.37353515625,9.329268292682928,-5.060975609756098,1.402439024390244
17_02_19_943,42.0,-51.0,-37.0,-119.0,-128.0,-128.0,-111.0,-47.0,0.916015625,-0.31103515625,0.36279296875,5.182926829268293,-5.060975609756098,-0.06097560975609757
17_02_19_943,18.0,22.0,40.0,127.0,127.0,75.0,-69.0,12.0,0.91357421875,-0.19775390625,0.34033203125,8.719512195121952,-6.219512195121951,2.0121951219512195
17_02_20_006,-18.0,-19.0,-15.0,-4.0,57.0,-69.0,-32.0,-17.0,0.92529296875,-0.24658203125,0.28076171875,17.804878048780488,13.170731707317074,10.914634146341465
17_02_20_006,17.0,17.0,17.0,-67.0,-117.0,-10.0,-1.0,-6.0,0.91650390625,-0.31201171875,0.34423828125,15.121951219512196,8.109756097560977,5.548780487804878
17_02_20_006,4.0,-12.0,11.0,58.0,-128.0,-75.0,-36.0,-17.0,0.90771484375,-0.27978515625,0.36767578125,13.841463414634148,9.390243902439025,6.52439024390244
17_02_20_006,-17.0,-36.0,-33.0,-33.0,127.0,2.0,14.0,0.0,0.93359375,-0.26318359375,0.37158203125,7.01219512195122,8.353658536585366,4.939024390243903
17_02_20_006,14.0,-23.0,-34.0,-106.0,-128.0,-25.0,-1.0,-1.0,0.95556640625,-0.240234375,0.33544921875,1.6463414634146343,3.8414634146341466,2.5609756097560976
17_02_20_006,40.0,20.0,43.0,108.0,127.0,127.0,-5.0,50.0,0.93701171875,-0.20654296875,0.32763671875,5.609756097560976,0.853658536585366,0.12195121951219513
17_02_20_006,-61.0,89.0,-22.0,-57.0,127.0,-84.0,-36.0,-56.0,0.91748046875,-0.25341796875,0.326171875,14.634146341463415,-2.25609756097561,0.7926829268292683
17_02_20_044,-23.0,2.0,-40.0,-128.0,-128.0,-119.0,-29.0,-19.0,0.92626953125,-0.24951171875,0.27685546875,-4.451219512195122,10.0,7.621951219512196
17_02_20_044,-7.0,-7.0,-14.0,-86.0,-109.0,-107.0,-64.0,-22.0,0.95068359375,-0.1796875,0.21240234375,11.829268292682928,8.353658536585366,8.414634146341465
17_02_20_044,-11.0,20.0,13.0,68.0,-128.0,-113.0,-19.0,4.0,0.904296875,-0.30517578125,0.21923828125,16.28048780487805,7.317073170731708,9.51219512195122
17_02_20_044,62.0,-43.0,52.0,107.0,127.0,127.0,127.0,61.0,0.87646484375,-0.3349609375,0.291015625,11.585365853658537,10.853658536585368,7.682926829268293
17_02_20_044,-13.0,109.0,-9.0,-16.0,-128.0,-128.0,-50.0,-17.0,0.91455078125,-0.1875,0.30859375,15.609756097560977,11.52439024390244,8.536585365853659
17_02_20_044,6.0,-45.0,8.0,41.0,127.0,115.0,-14.0,11.0,0.92529296875,-0.24658203125,0.28076171875,17.804878048780488,13.170731707317074,10.914634146341465
17_02_20_044,13.0,-39.0,-4.0,-28.0,-128.0,-122.0,-118.0,-46.0,0.91650390625,-0.31201171875,0.34423828125,15.121951219512196,8.109756097560977,5.548780487804878
17_02_20_044,-31.0,-40.0,-41.0,-85.0,-128.0,127.0,21.0,-45.0,0.90771484375,-0.27978515625,0.36767578125,13.841463414634148,9.390243902439025,6.52439024390244
17_02_20_044,0.0,9.0,41.0,127.0,31.0,-82.0,51.0,5.0,0.93359375,-0.26318359375,0.37158203125,7.01219512195122,8.353658536585366,4.939024390243903
17_02_20_110,73.0,39.0,6.0,-54.0,-24.0,-27.0,-12.0,7.0,0.91796875,-0.27197265625,0.31103515625,-0.48780487804878053,14.26829268292683,11.158536585365855
17_02_20_110,1.0,16.0,-12.0,-37.0,-37.0,-14.0,18.0,-8.0,0.93212890625,-0.30029296875,0.3017578125,-4.695121951219512,12.865853658536587,8.597560975609756
17_02_20_110,1.0,-12.0,-38.0,-80.0,-50.0,-117.0,-65.0,-22.0,0.92626953125,-0.24951171875,0.27685546875,-4.451219512195122,10.0,7.621951219512196
17_02_20_110,33.0,-2.0,45.0,84.0,89.0,127.0,124.0,52.0,0.95068359375,-0.1796875,0.21240234375,11.829268292682928,8.353658536585366,8.414634146341465
17_02_20_110,-9.0,68.0,-14.0,10.0,127.0,35.0,-1.0,-6.0,0.904296875,-0.30517578125,0.21923828125,16.28048780487805,7.317073170731708,9.51219512195122
17_02_20_110,-23.0,2.0,-40.0,-128.0,-128.0,-119.0,-29.0,-19.0,0.87646484375,-0.3349609375,0.291015625,11.585365853658537,10.853658536585368,7.682926829268293
17_02_20_110,-7.0,-7.0,-14.0,-86.0,-109.0,-107.0,-64.0,-22.0,0.91455078125,-0.1875,0.30859375,15.609756097560977,11.52439024390244,8.536585365853659
17_02_20_110,-11.0,20.0,13.0,68.0,-128.0,-113.0,-19.0,4.0,0.92529296875,-0.24658203125,0.28076171875,17.804878048780488,13.170731707317074,10.914634146341465
17_02_20_110,62.0,-43.0,52.0,107.0,127.0,127.0,127.0,61.0,0.91650390625,-0.31201171875,0.34423828125,15.121951219512196,8.109756097560977,5.548780487804878
17_02_20_110,-13.0,109.0,-9.0,-16.0,-128.0,-128.0,-50.0,-17.0,0.90771484375,-0.27978515625,0.36767578125,13.841463414634148,9.390243902439025,6.52439024390244
17_02_20_147,5.0,-11.0,-4.0,-40.0,-82.0,-111.0,-27.0,5.0,0.78125,-0.39794921875,0.3837890625,-25.914634146341466,26.09756097560976,6.646341463414635
17_02_20_147,-8.0,-13.0,-8.0,36.0,91.0,-35.0,-54.0,-18.0,0.86083984375,-0.31298828125,0.37060546875,-19.512195121951223,24.878048780487806,8.414634146341465
17_02_20_147,-8.0,24.0,67.0,127.0,127.0,105.0,-32.0,-15.0,0.8798828125,-0.3095703125,0.3623046875,-14.451219512195124,22.012195121951223,10.853658536585368
17_02_20_147,34.0,37.0,-11.0,-128.0,-128.0,-128.0,-13.0,40.0,0.92529296875,-0.2919921875,0.36572265625,-5.7926829268292686,16.890243902439025,10.487804878048781
17_02_20_147,29.0,-14.0,8.0,0.0,32.0,127.0,45.0,13.0,0.91796875,-0.27197265625,0.31103515625,-0.48780487804878053,14.26829268292683,11.158536585365855
17_02_20_147,-4.0,-17.0,-5.0,114.0,61.0,-41.0,58.0,21.0,0.93212890625,-0.30029296875,0.3017578125,-4.695121951219512,12.865853658536587,8.597560975609756
17_02_20_147,-7.0,27.0,28.0,-53.0,108.0,60.0,-7.0,2.0,0.92626953125,-0.24951171875,0.27685546875,-4.451219512195122,10.0,7.621951219512196
17_02_20_147,-17.0,121.0,-26.0,-6.0,-128.0,-128.0,-84.0,-23.0,0.95068359375,-0.1796875,0.21240234375,11.829268292682928,8.353658536585366,8.414634146341465
17_02_20_147,4.0,-18.0,-4.0,-5.0,10.0,124.0,43.0,15.0,0.904296875,-0.30517578125,0.21923828125,16.28048780487805,7.317073170731708,9.51219512195122
17_02_20_147,18.0,22.0,-4.0,-72.0,-128.0,-60.0,-40.0,6.0,0.87646484375,-0.3349609375,0.291015625,11.585365853658537,10.853658536585368,7.682926829268293
17_02_20_197,20.0,-30.0,-33.0,-128.0,31.0,22.0,30.0,34.0,0.9111328125,-0.22314453125,0.4755859375,-19.634146341463417,26.76829268292683,5.731707317073171
17_02_20_197,-39.0,36.0,-33.0,-92.0,-128.0,-118.0,-13.0,-10.0,0.81787109375,-0.318359375,0.39599609375,-26.158536585365855,26.402439024390247,6.890243902439025
17_02_20_197,21.0,-18.0,45.0,127.0,-128.0,-41.0,34.0,17.0,0.78125,-0.39794921875,0.3837890625,-25.914634146341466,26.09756097560976,6.646341463414635
17_02_20_197,-4.0,51.0,29.0,48.0,127.0,127.0,52.0,-1.0,0.86083984375,-0.31298828125,0.37060546875,-19.512195121951223,24.878048780487806,8.414634146341465
17_02_20_197,12.0,-12.0,-16.0,-30.0,-69.0,-53.0,10.0,6.0,0.8798828125,-0.3095703125,0.3623046875,-14.451219512195124,22.012195121951223,10.853658536585368
17_02_20_197,3.0,12.0,11.0,-48.0,-86.0,-53.0,-2.0,-6.0,0.92529296875,-0.2919921875,0.36572265625,-5.7926829268292686,16.890243902439025,10.487804878048781
17_02_20_197,17.0,4.0,18.0,54.0,107.0,91.0,-4.0,2.0,0.91796875,-0.27197265625,0.31103515625,-0.48780487804878053,14.26829268292683,11.158536585365855
17_02_20_197,-13.0,-4.0,-26.0,-64.0,3.0,127.0,28.0,0.0,0.93212890625,-0.30029296875,0.3017578125,-4.695121951219512,12.865853658536587,8.597560975609756
17_02_20_197,5.0,-11.0,-4.0,-40.0,-82.0,-111.0,-27.0,5.0,0.92626953125,-0.24951171875,0.27685546875,-4.451219512195122,10.0,7.621951219512196
17_02_20_197,-8.0,-13.0,-8.0,36.0,91.0,-35.0,-54.0,-18.0,0.95068359375,-0.1796875,0.21240234375,11.829268292682928,8.353658536585366,8.414634146341465
17_02_20_250,6.0,16.0,19.0,96.0,56.0,-42.0,-65.0,1.0,0.8447265625,-0.26025390625,0.4794921875,-15.243902439024392,26.158536585365855,5.914634146341464
17_02_20_250,47.0,1.0,-18.0,-15.0,127.0,91.0,14.0,1.0,0.9111328125,-0.22314453125,0.4755859375,-19.634146341463417,26.76829268292683,5.731707317073171
17_02_20_250,20.0,-30.0,-33.0,-128.0,31.0,22.0,30.0,34.0,0.81787109375,-0.318359375,0.39599609375,-26.158536585365855,26.402439024390247,6.890243902439025
17_02_20_250,-39.0,36.0,-33.0,-92.0,-128.0,-118.0,-13.0,-10.0,0.78125,-0.39794921875,0.3837890625,-25.914634146341466,26.09756097560976,6.646341463414635
17_02_20_250,21.0,-18.0,45.0,127.0,-128.0,-41.0,34.0,17.0,0.86083984375,-0.31298828125,0.37060546875,-19.512195121951223,24.878048780487806,8.414634146341465
17_02_20_250,-4.0,51.0,29.0,48.0,127.0,127.0,52.0,-1.0,0.8798828125,-0.3095703125,0.3623046875,-14.451219512195124,22.012195121951223,10.853658536585368
17_02_20_250,12.0,-12.0,-16.0,-30.0,-69.0,-53.0,10.0,6.0,0.92529296875,-0.2919921875,0.36572265625,-5.7926829268292686,16.890243902439025,10.487804878048781
17_02_20_250,3.0,12.0,11.0,-48.0,-86.0,-53.0,-2.0,-6.0,0.91796875,-0.27197265625,0.31103515625,-0.48780487804878053,14.26829268292683,11.158536585365855
17_02_20_250,17.0,4.0,18.0,54.0,107.0,91.0,-4.0,2.0,0.93212890625,-0.30029296875,0.3017578125,-4.695121951219512,12.865853658536587,8.597560975609756
17_02_20_250,-13.0,-4.0,-26.0,-64.0,3.0,127.0,28.0,0.0,0.92626953125,-0.24951171875,0.27685546875,-4.451219512195122,10.0,7.621951219512196
17_02_20_296,7.0,-1.0,8.0,-93.0,-128.0,-118.0,-15.0,8.0,0.77392578125,-0.37451171875,0.49560546875,3.353658536585366,20.0609756097561,7.25609756097561
17_02_20_296,-14.0,-10.0,2.0,24.0,127.0,95.0,-22.0,-12.0,0.81494140625,-0.28515625,0.482421875,5.2439024390243905,21.34146341463415,8.414634146341465
17_02_20_296,7.0,2.0,13.0,7.0,-128.0,-128.0,-36.0,0.0,0.85302734375,-0.3447265625,0.47998046875,3.658536585365854,21.890243902439025,8.414634146341465
17_02_20_296,30.0,49.0,17.0,85.0,127.0,127.0,24.0,3.0,0.81396484375,-0.36328125,0.4677734375,-14.573170731707318,23.475609756097562,4.024390243902439
17_02_20_296,3.0,-33.0,-50.0,-128.0,-128.0,-87.0,-23.0,17.0,0.8447265625,-0.26025390625,0.4794921875,-15.243902439024392,26.158536585365855,5.914634146341464
17_02_20_296,-6.0,-35.0,-3.0,13.0,93.0,127.0,19.0,-3.0,0.9111328125,-0.22314453125,0.4755859375,-19.634146341463417,26.76829268292683,5.731707317073171
17_02_20_296,-38.0,24.0,-27.0,15.0,127.0,-35.0,6.0,19.0,0.81787109375,-0.318359375,0.39599609375,-26.158536585365855,26.402439024390247,6.890243902439025
17_02_20_296,35.0,-9.0,-29.0,-107.0,-128.0,-52.0,-35.0,1.0,0.78125,-0.39794921875,0.3837890625,-25.914634146341466,26.09756097560976,6.646341463414635
17_02_20_296,-20.0,20.0,-17.0,-8.0,127.0,-19.0,-61.0,-23.0,0.86083984375,-0.31298828125,0.37060546875,-19.512195121951223,24.878048780487806,8.414634146341465
17_02_20_296,-10.0,34.0,-35.0,-128.0,-128.0,-128.0,-48.0,-22.0,0.8798828125,-0.3095703125,0.3623046875,-14.451219512195124,22.012195121951223,10.853658536585368
17_02_20_347,26.0,9.0,3.0,24.0,104.0,117.0,26.0,-18.0,0.76513671875,-0.38037109375,0.48046875,3.2926829268292686,19.146341463414636,7.25609756097561
17_02_20_347,18.0,-29.0,-15.0,-24.0,127.0,32.0,-44.0,-8.0,0.77392578125,-0.37451171875,0.49560546875,3.353658536585366,20.0609756097561,7.25609756097561
17_02_20_347,-20.0,-4.0,-8.0,9.0,40.0,-89.0,-9.0,-7.0,0.81494140625,-0.28515625,0.482421875,5.2439024390243905,21.34146341463415,8.414634146341465
17_02_20_347,10.0,15.0,6.0,-39.0,-128.0,-125.0,-64.0,-14.0,0.85302734375,-0.3447265625,0.47998046875,3.658536585365854,21.890243902439025,8.414634146341465
17_02_20_347,25.0,-13.0,23.0,127.0,127.0,127.0,-17.0,-16.0,0.81396484375,-0.36328125,0.4677734375,-14.573170731707318,23.475609756097562,4.024390243902439
17_02_20_347,-25.0,-4.0,-16.0,-120.0,-128.0,-74.0,68.0,15.0,0.8447265625,-0.26025390625,0.4794921875,-15.243902439024392,26.158536585365855,5.914634146341464
17_02_20_347,-12.0,-31.0,-35.0,-13.0,-90.0,-88.0,-38.0,-15.0,0.9111328125,-0.22314453125,0.4755859375,-19.634146341463417,26.76829268292683,5.731707317073171
17_02_20_347,-6.0,4.0,3.0,62.0,127.0,103.0,72.0,-4.0,0.81787109375,-0.318359375,0.39599609375,-26.158536585365855,26.402439024390247,6.890243902439025
17_02_20_347,7.0,-1.0,8.0,-93.0,-128.0,-118.0,-15.0,8.0,0.78125,-0.39794921875,0.3837890625,-25.914634146341466,26.09756097560976,6.646341463414635
17_02_20_347,-14.0,-10.0,2.0,24.0,127.0,95.0,-22.0,-12.0,0.86083984375,-0.31298828125,0.37060546875,-19.512195121951223,24.878048780487806,8.414634146341465
17_02_20_405,-21.0,0.0,54.0,-20.0,-128.0,-128.0,-81.0,-35.0,0.76513671875,-0.38037109375,0.48046875,3.2926829268292686,19.146341463414636,7.25609756097561
17_02_20_405,-28.0,-20.0,-63.0,-128.0,-128.0,-128.0,-17.0,20.0,0.77392578125,-0.37451171875,0.49560546875,3.353658536585366,20.0609756097561,7.25609756097561
17_02_20_405,35.0,-14.0,1.0,42.0,-128.0,-128.0,0.0,1.0,0.81494140625,-0.28515625,0.482421875,5.2439024390243905,21.34146341463415,8.414634146341465
17_02_20_405,-19.0,-9.0,-15.0,20.0,127.0,127.0,-8.0,-15.0,0.85302734375,-0.3447265625,0.47998046875,3.658536585365854,21.890243902439025,8.414634146341465
17_02_20_405,-12.0,24.0,-29.0,-87.0,-128.0,-128.0,-30.0,-16.0,0.81396484375,-0.36328125,0.4677734375,-14.573170731707318,23.475609756097562,4.024390243902439
17_02_20_405,-12.0,35.0,2.0,-99.0,-128.0,-77.0,-7.0,-24.0,0.8447265625,-0.26025390625,0.4794921875,-15.243902439024392,26.158536585365855,5.914634146341464
17_02_20_405,25.0,22.0,-6.0,-24.0,-128.0,81.0,-22.0,7.0,0.9111328125,-0.22314453125,0.4755859375,-19.634146341463417,26.76829268292683,5.731707317073171
17_02_20_447,5.0,20.0,19.0,84.0,127.0,-52.0,-39.0,2.0,0.810546875,-0.3388671875,0.45361328125,10.609756097560977,14.207317073170733,5.487804878048781
17_02_20_447,0.0,-8.0,0.0,-13.0,-128.0,-22.0,-67.0,-6.0,0.80712890625,-0.36767578125,0.447265625,4.390243902439025,16.28048780487805,3.780487804878049
17_02_20_447,-6.0,25.0,21.0,-8.0,-43.0,24.0,78.0,13.0,0.74609375,-0.33154296875,0.4970703125,2.5,15.243902439024392,3.2926829268292686
17_02_20_447,30.0,-25.0,-18.0,-13.0,-128.0,-99.0,-38.0,12.0,0.76708984375,-0.3154296875,0.47412109375,-0.6097560975609757,18.78048780487805,2.8658536585365857
17_02_20_447,-40.0,-18.0,1.0,15.0,127.0,116.0,28.0,3.0,0.7724609375,-0.30126953125,0.43603515625,1.5853658536585367,19.75609756097561,2.804878048780488
17_02_20_447,27.0,37.0,16.0,-38.0,-128.0,-115.0,-42.0,-18.0,0.76513671875,-0.38037109375,0.48046875,3.2926829268292686,19.146341463414636,7.25609756097561
17_02_20_447,-9.0,-16.0,-17.0,-31.0,91.0,33.0,-5.0,-10.0,0.77392578125,-0.37451171875,0.49560546875,3.353658536585366,20.0609756097561,7.25609756097561
17_02_20_447,30.0,17.0,-31.0,-37.0,-26.0,-69.0,5.0,-13.0,0.81494140625,-0.28515625,0.482421875,5.2439024390243905,21.34146341463415,8.414634146341465
17_02_20_447,2.0,4.0,57.0,127.0,-76.0,-87.0,-38.0,-9.0,0.85302734375,-0.3447265625,0.47998046875,3.658536585365854,21.890243902439025,8.414634146341465
17_02_20_519,35.0,-2.0,-21.0,-11.0,7.0,-86.0,-8.0,-1.0,0.775390625,-0.31884765625,0.5009765625,9.207317073170733,11.829268292682928,5.548780487804878
17_02_20_519,-51.0,-29.0,-16.0,-82.0,34.0,30.0,22.0,17.0,0.810546875,-0.3388671875,0.45361328125,10.609756097560977,14.207317073170733,5.487804878048781
17_02_20_519,17.0,-48.0,-51.0,-75.0,-128.0,46.0,44.0,5.0,0.80712890625,-0.36767578125,0.447265625,4.390243902439025,16.28048780487805,3.780487804878049
17_02_20_519,5.0,20.0,19.0,84.0,127.0,-52.0,-39.0,2.0,0.74609375,-0.33154296875,0.4970703125,2.5,15.243902439024392,3.2926829268292686
17_02_20_519,0.0,-8.0,0.0,-13.0,-128.0,-22.0,-67.0,-6.0,0.76708984375,-0.3154296875,0.47412109375,-0.6097560975609757,18.78048780487805,2.8658536585365857
17_02_20_519,-6.0,25.0,21.0,-8.0,-43.0,24.0,78.0,13.0,0.7724609375,-0.30126953125,0.43603515625,1.5853658536585367,19.75609756097561,2.804878048780488
17_02_20_519,30.0,-25.0,-18.0,-13.0,-128.0,-99.0,-38.0,12.0,0.76513671875,-0.38037109375,0.48046875,3.2926829268292686,19.146341463414636,7.25609756097561
17_02_20_519,-40.0,-18.0,1.0,15.0,127.0,116.0,28.0,3.0,0.77392578125,-0.37451171875,0.49560546875,3.353658536585366,20.0609756097561,7.25609756097561
17_02_20_519,27.0,37.0,16.0,-38.0,-128.0,-115.0,-42.0,-18.0,0.81494140625,-0.28515625,0.482421875,5.2439024390243905,21.34146341463415,8.414634146341465
17_02_20_519,-9.0,-16.0,-17.0,-31.0,91.0,33.0,-5.0,-10.0,0.85302734375,-0.3447265625,0.47998046875,3.658536585365854,21.890243902439025,8.414634146341465
17_02_20_557,-13.0,-7.0,-3.0,-1.0,-48.0,-15.0,85.0,-7.0,0.77392578125,-0.3232421875,0.48779296875,7.865853658536586,5.7926829268292686,2.439024390243903
17_02_20_557,22.0,28.0,-29.0,-79.0,-35.0,-13.0,1.0,-21.0,0.7548828125,-0.33935546875,0.48046875,5.426829268292684,6.341463414634147,2.3170731707317076
17_02_20_557,-42.0,-24.0,-3.0,-68.0,-128.0,-103.0,-54.0,-39.0,0.7470703125,-0.349609375,0.48388671875,8.353658536585366,6.951219512195123,1.8902439024390245
17_02_20_557,46.0,-22.0,16.0,56.0,-117.0,-24.0,61.0,47.0,0.77587890625,-0.34814453125,0.5234375,10.24390243902439,6.402439024390245,4.2682926829268295
17_02_20_557,10.0,4.0,13.0,122.0,127.0,127.0,101.0,-7.0,0.7763671875,-0.34423828125,0.50927734375,8.719512195121952,9.390243902439025,4.695121951219512
17_02_20_557,-61.0,-16.0,-17.0,-114.0,-107.0,-70.0,-56.0,-36.0,0.775390625,-0.31884765625,0.5009765625,9.207317073170733,11.829268292682928,5.548780487804878
17_02_20_557,35.0,-2.0,19.0,105.0,127.0,64.0,5.0,-7.0,0.810546875,-0.3388671875,0.45361328125,10.609756097560977,14.207317073170733,5.487804878048781
17_02_20_557,-8.0,7.0,-29.0,-79.0,-97.0,-48.0,-67.0,-23.0,0.80712890625,-0.36767578125,0.447265625,4.390243902439025,16.28048780487805,3.780487804878049
17_02_20_557,-19.0,5.0,-7.0,-35.0,48.0,51.0,-41.0,7.0,0.74609375,-0.33154296875,0.4970703125,2.5,15.243902439024392,3.2926829268292686
17_02_20_557,6.0,7.0,-14.0,-103.0,-128.0,-128.0,-33.0,-10.0,0.76708984375,-0.3154296875,0.47412109375,-0.6097560975609757,18.78048780487805,2.8658536585365857
17_02_20_609,5.0,-1.0,3.0,15.0,127.0,95.0,24.0,-29.0,0.80224609375,-0.2939453125,0.50634765625,9.939024390243903,4.75609756097561,2.682926829268293
17_02_20_609,-6.0,-33.0,-38.0,-128.0,-128.0,-128.0,-57.0,-15.0,0.77392578125,-0.3232421875,0.48779296875,7.865853658536586,5.7926829268292686,2.439024390243903
17_02_20_609,15.0,14.0,21.0,32.0,82.0,127.0,87.0,10.0,0.7548828125,-0.33935546875,0.48046875,5.426829268292684,6.341463414634147,2.3170731707317076
17_02_20_609,-5.0,-3.0,-19.0,-2.0,127.0,-26.0,-15.0,2.0,0.7470703125,-0.349609375,0.48388671875,8.353658536585366,6.951219512195123,1.8902439024390245
17_02_20_609,41.0,-33.0,15.0,79.0,-128.0,-13.0,-10.0,-19.0,0.77587890625,-0.34814453125,0.5234375,10.24390243902439,6.402439024390245,4.2682926829268295
17_02_20_609,-17.0,-4.0,-39.0,-30.0,56.0,8.0,-48.0,5.0,0.7763671875,-0.34423828125,0.50927734375,8.719512195121952,9.390243902439025,4.695121951219512
17_02_20_609,-13.0,-7.0,-3.0,-1.0,-48.0,-15.0,85.0,-7.0,0.775390625,-0.31884765625,0.5009765625,9.207317073170733,11.829268292682928,5.548780487804878
17_02_20_609,22.0,28.0,-29.0,-79.0,-35.0,-13.0,1.0,-21.0,0.810546875,-0.3388671875,0.45361328125,10.609756097560977,14.207317073170733,5.487804878048781
17_02_20_609,-42.0,-24.0,-3.0,-68.0,-128.0,-103.0,-54.0,-39.0,0.80712890625,-0.36767578125,0.447265625,4.390243902439025,16.28048780487805,3.780487804878049
17_02_20_609,46.0,-22.0,16.0,56.0,-117.0,-24.0,61.0,47.0,0.74609375,-0.33154296875,0.4970703125,2.5,15.243902439024392,3.2926829268292686
17_02_20_669,-4.0,-9.0,72.0,127.0,117.0,127.0,94.0,33.0,0.7578125,-0.3427734375,0.478515625,9.878048780487806,4.2682926829268295,3.4756097560975614
17_02_20_669,6.0,21.0,-27.0,-56.0,-70.0,-124.0,-44.0,-8.0,0.7880859375,-0.33056640625,0.4921875,9.756097560975611,4.329268292682928,1.4634146341463417
17_02_20_669,19.0,16.0,-7.0,-75.0,-128.0,-103.0,-18.0,15.0,0.80224609375,-0.2939453125,0.50634765625,9.939024390243903,4.75609756097561,2.682926829268293
17_02_20_669,-2.0,0.0,-2.0,88.0,127.0,127.0,-4.0,-8.0,0.77392578125,-0.3232421875,0.48779296875,7.865853658536586,5.7926829268292686,2.439024390243903
17_02_20_669,-14.0,-18.0,-15.0,-73.0,-128.0,-128.0,-41.0,-12.0,0.7548828125,-0.33935546875,0.48046875,5.426829268292684,6.341463414634147,2.3170731707317076
17_02_20_669,28.0,10.0,53.0,127.0,-121.0,-33.0,14.0,4.0,0.7470703125,-0.349609375,0.48388671875,8.353658536585366,6.951219512195123,1.8902439024390245
17_02_20_669,-29.0,-16.0,-26.0,-15.0,127.0,127.0,-19.0,-28.0,0.77587890625,-0.34814453125,0.5234375,10.24390243902439,6.402439024390245,4.2682926829268295
17_02_20_669,-99.0,-46.0,-34.0,-128.0,-128.0,-128.0,-65.0,-16.0,0.7763671875,-0.34423828125,0.50927734375,8.719512195121952,9.390243902439025,4.695121951219512
17_02_20_669,51.0,12.0,-12.0,-88.0,4.0,90.0,-111.0,-37.0,0.775390625,-0.31884765625,0.5009765625,9.207317073170733,11.829268292682928,5.548780487804878
17_02_20_669,-2.0,19.0,90.0,127.0,-64.0,40.0,5.0,13.0,0.810546875,-0.3388671875,0.45361328125,10.609756097560977,14.207317073170733,5.487804878048781
17_02_20_710,-20.0,11.0,-4.0,-6.0,127.0,47.0,-10.0,-40.0,0.74951171875,-0.35400390625,0.50341796875,-1.6463414634146343,4.085365853658537,-2.682926829268293
17_02_20_710,-39.0,-40.0,-17.0,22.0,-128.0,-79.0,95.0,6.0,0.74072265625,-0.32666015625,0.47314453125,0.853658536585366,3.9024390243902443,-1.2804878048780488
17_02_20_710,-27.0,29.0,29.0,53.0,127.0,-48.0,-128.0,-20.0,0.76611328125,-0.3212890625,0.48388671875,7.195121951219513,4.51219512195122,-0.3658536585365854
17_02_20_710,-12.0,2.0,-30.0,-26.0,-27.0,127.0,90.0,25.0,0.7578125,-0.3427734375,0.478515625,9.878048780487806,4.2682926829268295,3.4756097560975614
17_02_20_710,8.0,-16.0,-13.0,-5.0,79.0,21.0,-80.0,-13.0,0.7880859375,-0.33056640625,0.4921875,9.756097560975611,4.329268292682928,1.4634146341463417
17_02_20_710,33.0,0.0,-10.0,-42.0,-128.0,-19.0,0.0,-16.0,0.80224609375,-0.2939453125,0.50634765625,9.939024390243903,4.75609756097561,2.682926829268293
17_02_20_710,7.0,12.0,12.0,19.0,127.0,12.0,34.0,5.0,0.77392578125,-0.3232421875,0.48779296875,7.865853658536586,5.7926829268292686,2.439024390243903
17_02_20_710,27.0,-11.0,-21.0,-39.0,-128.0,-29.0,78.0,46.0,0.7548828125,-0.33935546875,0.48046875,5.426829268292684,6.341463414634147,2.3170731707317076
17_02_20_710,-14.0,11.0,-8.0,-16.0,127.0,-29.0,-47.0,-27.0,0.7470703125,-0.349609375,0.48388671875,8.353658536585366,6.951219512195123,1.8902439024390245
17_02_20_710,-24.0,-27.0,-21.0,-115.0,-128.0,-63.0,-17.0,-10.0,0.77587890625,-0.34814453125,0.5234375,10.24390243902439,6.402439024390245,4.2682926829268295
17_02_20_772,-73.0,-11.0,19.0,35.0,92.0,44.0,1.0,-5.0,0.80224609375,-0.28759765625,0.50048828125,4.146341463414634,3.536585365853659,-1.829268292682927
17_02_20_772,13.0,-34.0,-46.0,-78.0,-128.0,-58.0,-43.0,-31.0,0.79150390625,-0.2861328125,0.5087890625,1.9512195121951221,4.207317073170732,-0.6707317073170732
17_02_20_772,25.0,4.0,11.0,28.0,127.0,87.0,2.0,7.0,0.74951171875,-0.35400390625,0.50341796875,-1.6463414634146343,4.085365853658537,-2.682926829268293
17_02_20_772,-38.0,9.0,13.0,-13.0,-6.0,8.0,5.0,-14.0,0.74072265625,-0.32666015625,0.47314453125,0.853658536585366,3.9024390243902443,-1.2804878048780488
17_02_20_772,22.0,15.0,-24.0,-57.0,-128.0,7.0,31.0,17.0,0.76611328125,-0.3212890625,0.48388671875,7.195121951219513,4.51219512195122,-0.3658536585365854
17_02_20_772,14.0,0.0,23.0,58.0,87.0,33.0,60.0,35.0,0.7578125,-0.3427734375,0.478515625,9.878048780487806,4.2682926829268295,3.4756097560975614
17_02_20_772,-20.0,11.0,-4.0,-6.0,127.0,47.0,-10.0,-40.0,0.7880859375,-0.33056640625,0.4921875,9.756097560975611,4.329268292682928,1.4634146341463417
17_02_20_772,-39.0,-40.0,-17.0,22.0,-128.0,-79.0,95.0,6.0,0.80224609375,-0.2939453125,0.50634765625,9.939024390243903,4.75609756097561,2.682926829268293
17_02_20_772,-27.0,29.0,29.0,53.0,127.0,-48.0,-128.0,-20.0,0.77392578125,-0.3232421875,0.48779296875,7.865853658536586,5.7926829268292686,2.439024390243903
17_02_20_772,-12.0,2.0,-30.0,-26.0,-27.0,127.0,90.0,25.0,0.7548828125,-0.33935546875,0.48046875,5.426829268292684,6.341463414634147,2.3170731707317076
17_02_20_818,19.0,3.0,9.0,-62.0,-128.0,-35.0,27.0,-12.0,0.80859375,-0.35302734375,0.5029296875,3.4756097560975614,1.7682926829268295,0.9146341463414634
17_02_20_818,-19.0,-9.0,-20.0,87.0,127.0,-35.0,-36.0,-11.0,0.76806640625,-0.34130859375,0.50830078125,-0.7926829268292683,1.524390243902439,-0.7926829268292683
17_02_20_818,-18.0,-44.0,-24.0,-128.0,-128.0,-105.0,20.0,3.0,0.80224609375,-0.28759765625,0.50048828125,4.146341463414634,3.536585365853659,-1.829268292682927
17_02_20_818,-60.0,-36.0,13.0,-11.0,110.0,-32.0,35.0,-21.0,0.79150390625,-0.2861328125,0.5087890625,1.9512195121951221,4.207317073170732,-0.6707317073170732
17_02_20_818,46.0,13.0,-12.0,-21.0,-128.0,-106.0,-11.0,12.0,0.74951171875,-0.35400390625,0.50341796875,-1.6463414634146343,4.085365853658537,-2.682926829268293
17_02_20_818,-1.0,14.0,9.0,40.0,127.0,127.0,33.0,-2.0,0.74072265625,-0.32666015625,0.47314453125,0.853658536585366,3.9024390243902443,-1.2804878048780488
17_02_20_818,8.0,-41.0,-46.0,-128.0,-128.0,-128.0,-91.0,-31.0,0.76611328125,-0.3212890625,0.48388671875,7.195121951219513,4.51219512195122,-0.3658536585365854
17_02_20_818,26.0,5.0,-2.0,-45.0,-6.0,127.0,127.0,55.0,0.7578125,-0.3427734375,0.478515625,9.878048780487806,4.2682926829268295,3.4756097560975614
17_02_20_818,9.0,30.0,45.0,127.0,127.0,-52.0,-81.0,-41.0,0.7880859375,-0.33056640625,0.4921875,9.756097560975611,4.329268292682928,1.4634146341463417
17_02_20_818,-14.0,-37.0,-63.0,-77.0,-128.0,-63.0,15.0,-6.0,0.80224609375,-0.2939453125,0.50634765625,9.939024390243903,4.75609756097561,2.682926829268293
17_02_20_860,-30.0,1.0,21.0,58.0,127.0,69.0,-36.0,7.0,0.80859375,-0.35302734375,0.5029296875,3.4756097560975614,1.7682926829268295,0.9146341463414634
17_02_20_860,12.0,-14.0,-43.0,-128.0,-128.0,-114.0,-21.0,-19.0,0.76806640625,-0.34130859375,0.50830078125,-0.7926829268292683,1.524390243902439,-0.7926829268292683
17_02_20_860,8.0,-12.0,15.0,9.0,-128.0,-17.0,-25.0,11.0,0.80224609375,-0.28759765625,0.50048828125,4.146341463414634,3.536585365853659,-1.829268292682927
17_02_20_860,-4.0,15.0,32.0,127.0,127.0,119.0,9.0,-5.0,0.79150390625,-0.2861328125,0.5087890625,1.9512195121951221,4.207317073170732,-0.6707317073170732
17_02_20_860,19.0,3.0,9.0,-62.0,-128.0,-35.0,27.0,-12.0,0.74951171875,-0.35400390625,0.50341796875,-1.6463414634146343,4.085365853658537,-2.682926829268293
17_02_20_860,-19.0,-9.0,-20.0,87.0,127.0,-35.0,-36.0,-11.0,0.74072265625,-0.32666015625,0.47314453125,0.853658536585366,3.9024390243902443,-1.2804878048780488
17_02_20_860,-18.0,-44.0,-24.0,-128.0,-128.0,-105.0,20.0,3.0,0.76611328125,-0.3212890625,0.48388671875,7.195121951219513,4.51219512195122,-0.3658536585365854
17_02_20_860,-60.0,-36.0,13.0,-11.0,110.0,-32.0,35.0,-21.0,0.7578125,-0.3427734375,0.478515625,9.878048780487806,4.2682926829268295,3.4756097560975614
17_02_20_922,31.0,4.0,28.0,127.0,127.0,127.0,44.0,-6.0,0.76171875,-0.35107421875,0.5439453125,-5.548780487804878,1.8902439024390245,-1.6463414634146343
17_02_20_922,-99.0,-1.0,-11.0,61.0,127.0,-32.0,62.0,15.0,0.771484375,-0.29345703125,0.49267578125,-1.0975609756097562,3.1707317073170733,-1.2195121951219514
17_02_20_922,35.0,-9.0,20.0,63.0,-78.0,127.0,78.0,38.0,0.79296875,-0.298828125,0.4853515625,6.158536585365854,1.0975609756097562,-1.0975609756097562
17_02_20_922,0.0,51.0,47.0,127.0,127.0,127.0,103.0,58.0,0.80859375,-0.35302734375,0.5029296875,3.4756097560975614,1.7682926829268295,0.9146341463414634
17_02_20_922,-75.0,-2.0,19.0,90.0,127.0,127.0,-18.0,-24.0,0.76806640625,-0.34130859375,0.50830078125,-0.7926829268292683,1.524390243902439,-0.7926829268292683
17_02_20_922,39.0,-4.0,-24.0,-86.0,-128.0,-128.0,-63.0,-11.0,0.80224609375,-0.28759765625,0.50048828125,4.146341463414634,3.536585365853659,-1.829268292682927
17_02_20_922,-30.0,1.0,21.0,58.0,127.0,69.0,-36.0,7.0,0.79150390625,-0.2861328125,0.5087890625,1.9512195121951221,4.207317073170732,-0.6707317073170732
17_02_20_922,12.0,-14.0,-43.0,-128.0,-128.0,-114.0,-21.0,-19.0,0.74951171875,-0.35400390625,0.50341796875,-1.6463414634146343,4.085365853658537,-2.682926829268293
17_02_20_922,8.0,-12.0,15.0,9.0,-128.0,-17.0,-25.0,11.0,0.74072265625,-0.32666015625,0.47314453125,0.853658536585366,3.9024390243902443,-1.2804878048780488
17_02_20_922,-4.0,15.0,32.0,127.0,127.0,119.0,9.0,-5.0,0.76611328125,-0.3212890625,0.48388671875,7.195121951219513,4.51219512195122,-0.3658536585365854
17_02_20_963,-51.0,6.0,-20.0,-128.0,-128.0,1.0,-33.0,-8.0,0.80810546875,-0.30908203125,0.51123046875,2.073170731707317,2.439024390243903,-1.2804878048780488
17_02_20_963,24.0,-15.0,-44.0,-106.0,-128.0,-48.0,-10.0,11.0,0.80712890625,-0.34814453125,0.55029296875,-2.9268292682926833,1.3414634146341464,-2.0121951219512195
17_02_20_963,-24.0,18.0,114.0,127.0,74.0,127.0,63.0,14.0,0.7421875,-0.31298828125,0.517578125,-3.414634146341464,2.3170731707317076,-3.780487804878049
17_02_20_963,-30.0,15.0,-39.0,5.0,127.0,-13.0,12.0,1.0,0.78173828125,-0.294921875,0.53173828125,0.0,2.439024390243903,-2.682926829268293
17_02_20_963,-3.0,22.0,-2.0,83.0,-128.0,-63.0,62.0,18.0,0.73388671875,-0.3232421875,0.53271484375,-0.9756097560975611,2.987804878048781,-1.5853658536585367
17_02_20_963,-12.0,5.0,21.0,39.0,102.0,-1.0,-12.0,-23.0,0.76171875,-0.35107421875,0.5439453125,-5.548780487804878,1.8902439024390245,-1.6463414634146343
17_02_20_963,-8.0,-27.0,-61.0,-128.0,-128.0,-70.0,-35.0,-14.0,0.771484375,-0.29345703125,0.49267578125,-1.0975609756097562,3.1707317073170733,-1.2195121951219514
17_02_20_963,-12.0,-11.0,-28.0,-51.0,-83.0,29.0,65.0,0.0,0.79296875,-0.298828125,0.4853515625,6.158536585365854,1.0975609756097562,-1.0975609756097562
17_02_20_963,8.0,-18.0,-30.0,-89.0,-116.0,-128.0,-69.0,-9.0,0.80859375,-0.35302734375,0.5029296875,3.4756097560975614,1.7682926829268295,0.9146341463414634
17_02_20_963,-1.0,3.0,47.0,127.0,91.0,82.0,34.0,3.0,0.76806640625,-0.34130859375,0.50830078125,-0.7926829268292683,1.524390243902439,-0.7926829268292683
17_02_21_013,-2.0,109.0,54.0,127.0,127.0,127.0,27.0,4.0,0.7607421875,-0.3408203125,0.494140625,-1.2804878048780488,3.1097560975609757,-0.426829268292683
17_02_21_013,-33.0,-52.0,-22.0,11.0,-128.0,-7.0,21.0,-10.0,0.80810546875,-0.30908203125,0.51123046875,2.073170731707317,2.439024390243903,-1.2804878048780488
17_02_21_013,-51.0,6.0,-20.0,-128.0,-128.0,1.0,-33.0,-8.0,0.80712890625,-0.34814453125,0.55029296875,-2.9268292682926833,1.3414634146341464,-2.0121951219512195
17_02_21_013,24.0,-15.0,-44.0,-106.0,-128.0,-48.0,-10.0,11.0,0.7421875,-0.31298828125,0.517578125,-3.414634146341464,2.3170731707317076,-3.780487804878049
17_02_21_013,-24.0,18.0,114.0,127.0,74.0,127.0,63.0,14.0,0.78173828125,-0.294921875,0.53173828125,0.0,2.439024390243903,-2.682926829268293
17_02_21_013,-30.0,15.0,-39.0,5.0,127.0,-13.0,12.0,1.0,0.73388671875,-0.3232421875,0.53271484375,-0.9756097560975611,2.987804878048781,-1.5853658536585367
17_02_21_013,-3.0,22.0,-2.0,83.0,-128.0,-63.0,62.0,18.0,0.76171875,-0.35107421875,0.5439453125,-5.548780487804878,1.8902439024390245,-1.6463414634146343
17_02_21_013,-12.0,5.0,21.0,39.0,102.0,-1.0,-12.0,-23.0,0.771484375,-0.29345703125,0.49267578125,-1.0975609756097562,3.1707317073170733,-1.2195121951219514
17_02_21_013,-8.0,-27.0,-61.0,-128.0,-128.0,-70.0,-35.0,-14.0,0.79296875,-0.298828125,0.4853515625,6.158536585365854,1.0975609756097562,-1.0975609756097562
17_02_21_013,-12.0,-11.0,-28.0,-51.0,-83.0,29.0,65.0,0.0,0.80859375,-0.35302734375,0.5029296875,3.4756097560975614,1.7682926829268295,0.9146341463414634
17_02_21_075,-6.0,-17.0,33.0,34.0,115.0,44.0,-27.0,-16.0,0.72802734375,-0.33154296875,0.5419921875,-0.9146341463414634,2.073170731707317,-2.25609756097561
17_02_21_075,2.0,-16.0,-12.0,11.0,127.0,-14.0,49.0,8.0,0.78662109375,-0.294921875,0.5390625,0.853658536585366,4.329268292682928,-0.1829268292682927
17_02_21_075,44.0,18.0,31.0,102.0,-128.0,-118.0,-108.0,-7.0,0.7568359375,-0.33154296875,0.5185546875,0.30487804878048785,4.695121951219512,0.48780487804878053
17_02_21_075,-43.0,9.0,13.0,-28.0,94.0,114.0,11.0,-8.0,0.7607421875,-0.3408203125,0.494140625,-1.2804878048780488,3.1097560975609757,-0.426829268292683
17_02_21_075,-20.0,-4.0,-9.0,13.0,127.0,-8.0,30.0,7.0,0.80810546875,-0.30908203125,0.51123046875,2.073170731707317,2.439024390243903,-1.2804878048780488
17_02_21_075,9.0,-54.0,-37.0,-83.0,-128.0,-87.0,-126.0,-30.0,0.80712890625,-0.34814453125,0.55029296875,-2.9268292682926833,1.3414634146341464,-2.0121951219512195
17_02_21_075,-8.0,6.0,-11.0,19.0,94.0,-40.0,0.0,13.0,0.7421875,-0.31298828125,0.517578125,-3.414634146341464,2.3170731707317076,-3.780487804878049
17_02_21_075,-14.0,21.0,8.0,-34.0,18.0,-30.0,-77.0,-34.0,0.78173828125,-0.294921875,0.53173828125,0.0,2.439024390243903,-2.682926829268293
17_02_21_075,-16.0,-26.0,-21.0,-128.0,-128.0,-93.0,127.0,36.0,0.73388671875,-0.3232421875,0.53271484375,-0.9756097560975611,2.987804878048781,-1.5853658536585367
17_02_21_075,-37.0,-2.0,41.0,127.0,127.0,36.0,-30.0,-15.0,0.76171875,-0.35107421875,0.5439453125,-5.548780487804878,1.8902439024390245,-1.6463414634146343
17_02_21_119,-18.0,-25.0,-15.0,-128.0,-128.0,-55.0,-31.0,6.0,0.77978515625,-0.33154296875,0.529296875,0.6707317073170732,0.7317073170731708,-1.7682926829268295
17_02_21_119,-8.0,-27.0,-12.0,-85.0,6.0,-13.0,-14.0,-7.0,0.75634765625,-0.30419921875,0.52490234375,0.1829268292682927,1.7682926829268295,-2.9268292682926833
17_02_21_119,10.0,-26.0,-24.0,-24.0,-128.0,-128.0,-17.0,10.0,0.72802734375,-0.33154296875,0.5419921875,-0.9146341463414634,2.073170731707317,-2.25609756097561
17_02_21_119,-6.0,36.0,22.0,50.0,111.0,127.0,124.0,17.0,0.78662109375,-0.294921875,0.5390625,0.853658536585366,4.329268292682928,-0.1829268292682927
17_02_21_119,-5.0,15.0,35.0,38.0,80.0,-81.0,-44.0,-6.0,0.7568359375,-0.33154296875,0.5185546875,0.30487804878048785,4.695121951219512,0.48780487804878053
17_02_21_119,3.0,-16.0,-17.0,6.0,-30.0,-11.0,60.0,11.0,0.7607421875,-0.3408203125,0.494140625,-1.2804878048780488,3.1097560975609757,-0.426829268292683
17_02_21_119,15.0,36.0,31.0,69.0,-128.0,74.0,-7.0,9.0,0.80810546875,-0.30908203125,0.51123046875,2.073170731707317,2.439024390243903,-1.2804878048780488
17_02_21_119,-36.0,-12.0,10.0,90.0,127.0,104.0,54.0,-8.0,0.80712890625,-0.34814453125,0.55029296875,-2.9268292682926833,1.3414634146341464,-2.0121951219512195
17_02_21_119,19.0,-12.0,-49.0,-128.0,-128.0,-128.0,7.0,16.0,0.7421875,-0.31298828125,0.517578125,-3.414634146341464,2.3170731707317076,-3.780487804878049
17_02_21_186,31.0,0.0,-17.0,-38.0,-18.0,78.0,73.0,13.0,0.7470703125,-0.30224609375,0.51025390625,2.682926829268293,2.804878048780488,-0.6097560975609757
17_02_21_186,0.0,40.0,51.0,58.0,109.0,-9.0,-125.0,-5.0,0.77978515625,-0.33154296875,0.529296875,0.6707317073170732,0.7317073170731708,-1.7682926829268295
17_02_21_186,-29.0,-83.0,-6.0,98.0,127.0,86.0,32.0,11.0,0.75634765625,-0.30419921875,0.52490234375,0.1829268292682927,1.7682926829268295,-2.9268292682926833
17_02_21_186,-18.0,-25.0,-15.0,-128.0,-128.0,-55.0,-31.0,6.0,0.72802734375,-0.33154296875,0.5419921875,-0.9146341463414634,2.073170731707317,-2.25609756097561
17_02_21_186,-8.0,-27.0,-12.0,-85.0,6.0,-13.0,-14.0,-7.0,0.78662109375,-0.294921875,0.5390625,0.853658536585366,4.329268292682928,-0.1829268292682927
17_02_21_186,10.0,-26.0,-24.0,-24.0,-128.0,-128.0,-17.0,10.0,0.7568359375,-0.33154296875,0.5185546875,0.30487804878048785,4.695121951219512,0.48780487804878053
17_02_21_186,-6.0,36.0,22.0,50.0,111.0,127.0,124.0,17.0,0.7607421875,-0.3408203125,0.494140625,-1.2804878048780488,3.1097560975609757,-0.426829268292683
17_02_21_186,-5.0,15.0,35.0,38.0,80.0,-81.0,-44.0,-6.0,0.80810546875,-0.30908203125,0.51123046875,2.073170731707317,2.439024390243903,-1.2804878048780488
17_02_21_186,3.0,-16.0,-17.0,6.0,-30.0,-11.0,60.0,11.0,0.80712890625,-0.34814453125,0.55029296875,-2.9268292682926833,1.3414634146341464,-2.0121951219512195
17_02_21_186,15.0,36.0,31.0,69.0,-128.0,74.0,-7.0,9.0,0.7421875,-0.31298828125,0.517578125,-3.414634146341464,2.3170731707317076,-3.780487804878049
17_02_21_225,-37.0,-8.0,-18.0,-74.0,127.0,53.0,-16.0,-19.0,0.75048828125,-0.33642578125,0.51611328125,-0.3658536585365854,2.073170731707317,-1.2195121951219514
17_02_21_225,30.0,80.0,4.0,-60.0,-128.0,-48.0,-16.0,6.0,0.7734375,-0.31689453125,0.5234375,1.829268292682927,1.6463414634146343,-2.3170731707317076
17_02_21_225,16.0,-88.0,27.0,127.0,127.0,47.0,0.0,38.0,0.7470703125,-0.30224609375,0.51025390625,2.682926829268293,2.804878048780488,-0.6097560975609757
17_02_21_225,-23.0,50.0,13.0,34.0,127.0,50.0,-4.0,-32.0,0.77978515625,-0.33154296875,0.529296875,0.6707317073170732,0.7317073170731708,-1.7682926829268295
17_02_21_225,29.0,-85.0,-59.0,-55.0,-128.0,69.0,-9.0,-27.0,0.75634765625,-0.30419921875,0.52490234375,0.1829268292682927,1.7682926829268295,-2.9268292682926833
17_02_21_225,-9.0,-5.0,4.0,-35.0,56.0,3.0,-25.0,-19.0,0.72802734375,-0.33154296875,0.5419921875,-0.9146341463414634,2.073170731707317,-2.25609756097561
17_02_21_225,-1.0,-23.0,-15.0,32.0,109.0,-54.0,-20.0,-19.0,0.78662109375,-0.294921875,0.5390625,0.853658536585366,4.329268292682928,-0.1829268292682927
17_02_21_225,5.0,-2.0,-39.0,-20.0,-128.0,-128.0,-74.0,-14.0,0.7568359375,-0.33154296875,0.5185546875,0.30487804878048785,4.695121951219512,0.48780487804878053
17_02_21_225,-4.0,1.0,63.0,127.0,127.0,127.0,64.0,19.0,0.7607421875,-0.3408203125,0.494140625,-1.2804878048780488,3.1097560975609757,-0.426829268292683
17_02_21_277,-22.0,-31.0,-43.0,-128.0,-128.0,-128.0,-42.0,-25.0,0.7724609375,-0.2861328125,0.529296875,2.1341463414634148,0.7317073170731708,-0.7317073170731708
17_02_21_277,-9.0,-20.0,-28.0,-73.0,-43.0,76.0,58.0,31.0,0.75048828125,-0.33642578125,0.51611328125,-0.3658536585365854,2.073170731707317,-1.2195121951219514
17_02_21_277,6.0,8.0,4.0,-4.0,-128.0,-89.0,-39.0,-26.0,0.7734375,-0.31689453125,0.5234375,1.829268292682927,1.6463414634146343,-2.3170731707317076
17_02_21_277,-37.0,-8.0,-18.0,-74.0,127.0,53.0,-16.0,-19.0,0.7470703125,-0.30224609375,0.51025390625,2.682926829268293,2.804878048780488,-0.6097560975609757
17_02_21_277,30.0,80.0,4.0,-60.0,-128.0,-48.0,-16.0,6.0,0.77978515625,-0.33154296875,0.529296875,0.6707317073170732,0.7317073170731708,-1.7682926829268295
17_02_21_277,16.0,-88.0,27.0,127.0,127.0,47.0,0.0,38.0,0.75634765625,-0.30419921875,0.52490234375,0.1829268292682927,1.7682926829268295,-2.9268292682926833
17_02_21_277,-23.0,50.0,13.0,34.0,127.0,50.0,-4.0,-32.0,0.72802734375,-0.33154296875,0.5419921875,-0.9146341463414634,2.073170731707317,-2.25609756097561
17_02_21_277,29.0,-85.0,-59.0,-55.0,-128.0,69.0,-9.0,-27.0,0.78662109375,-0.294921875,0.5390625,0.853658536585366,4.329268292682928,-0.1829268292682927
17_02_21_329,-6.0,-5.0,45.0,97.0,-83.0,-29.0,-16.0,-10.0,0.76416015625,-0.30859375,0.51953125,0.7317073170731708,-0.5487804878048781,-1.707317073170732
17_02_21_329,25.0,16.0,-29.0,-44.0,127.0,127.0,89.0,0.0,0.7509765625,-0.3076171875,0.5224609375,1.707317073170732,-0.9756097560975611,-1.3414634146341464
17_02_21_329,18.0,-14.0,14.0,17.0,-101.0,-6.0,-35.0,0.0,0.75048828125,-0.3125,0.53857421875,0.7926829268292683,0.1829268292682927,-1.402439024390244
17_02_21_329,-28.0,-38.0,-33.0,40.0,127.0,-13.0,40.0,-3.0,0.7724609375,-0.2861328125,0.529296875,2.1341463414634148,0.7317073170731708,-0.7317073170731708
17_02_21_329,40.0,-32.0,-54.0,-128.0,-128.0,-117.0,32.0,-3.0,0.75048828125,-0.33642578125,0.51611328125,-0.3658536585365854,2.073170731707317,-1.2195121951219514
17_02_21_329,-36.0,-7.0,12.0,21.0,127.0,-2.0,39.0,-1.0,0.7734375,-0.31689453125,0.5234375,1.829268292682927,1.6463414634146343,-2.3170731707317076
17_02_21_329,51.0,-7.0,10.0,-10.0,-128.0,112.0,7.0,46.0,0.7470703125,-0.30224609375,0.51025390625,2.682926829268293,2.804878048780488,-0.6097560975609757
17_02_21_329,-48.0,-23.0,-62.0,-103.0,79.0,-49.0,-26.0,-39.0,0.77978515625,-0.33154296875,0.529296875,0.6707317073170732,0.7317073170731708,-1.7682926829268295
17_02_21_329,19.0,22.0,33.0,40.0,-128.0,-128.0,-78.0,9.0,0.75634765625,-0.30419921875,0.52490234375,0.1829268292682927,1.7682926829268295,-2.9268292682926833
17_02_21_380,-9.0,16.0,44.0,71.0,127.0,53.0,26.0,6.0,0.77392578125,-0.283203125,0.505859375,-0.3658536585365854,-0.24390243902439027,-0.7926829268292683
17_02_21_380,-14.0,-27.0,-58.0,-56.0,-96.0,-120.0,-41.0,-9.0,0.75830078125,-0.31884765625,0.52392578125,-0.9146341463414634,-1.2804878048780488,-0.6707317073170732
17_02_21_380,2.0,42.0,52.0,89.0,-6.0,-56.0,4.0,-7.0,0.74267578125,-0.33447265625,0.51611328125,0.0,-0.853658536585366,0.12195121951219513
17_02_21_380,3.0,-48.0,-8.0,47.0,127.0,127.0,87.0,12.0,0.77294921875,-0.30078125,0.51171875,2.378048780487805,0.7926829268292683,0.426829268292683
17_02_21_380,29.0,-33.0,23.0,80.0,26.0,-116.0,-69.0,4.0,0.77099609375,-0.31396484375,0.513671875,-1.0975609756097562,0.48780487804878053,-0.5487804878048781
17_02_21_380,-29.0,-23.0,12.0,-24.0,28.0,68.0,-19.0,-4.0,0.76416015625,-0.30859375,0.51953125,0.7317073170731708,-0.5487804878048781,-1.707317073170732
17_02_21_380,13.0,1.0,-13.0,-81.0,-94.0,-30.0,96.0,8.0,0.7509765625,-0.3076171875,0.5224609375,1.707317073170732,-0.9756097560975611,-1.3414634146341464
17_02_21_380,-32.0,-3.0,26.0,112.0,-30.0,-17.0,-11.0,2.0,0.75048828125,-0.3125,0.53857421875,0.7926829268292683,0.1829268292682927,-1.402439024390244
17_02_21_380,-20.0,-40.0,-16.0,-44.0,-76.0,-44.0,-43.0,-22.0,0.7724609375,-0.2861328125,0.529296875,2.1341463414634148,0.7317073170731708,-0.7317073170731708
17_02_21_380,25.0,23.0,41.0,97.0,127.0,120.0,58.0,25.0,0.75048828125,-0.33642578125,0.51611328125,-0.3658536585365854,2.073170731707317,-1.2195121951219514
17_02_21_438,31.0,-4.0,-30.0,-68.0,-128.0,127.0,127.0,36.0,0.77392578125,-0.283203125,0.505859375,-0.3658536585365854,-0.24390243902439027,-0.7926829268292683
17_02_21_438,30.0,5.0,-25.0,-16.0,-75.0,-94.0,-37.0,-22.0,0.75830078125,-0.31884765625,0.52392578125,-0.9146341463414634,-1.2804878048780488,-0.6707317073170732
17_02_21_438,-9.0,16.0,44.0,71.0,127.0,53.0,26.0,6.0,0.74267578125,-0.33447265625,0.51611328125,0.0,-0.853658536585366,0.12195121951219513
17_02_21_438,-14.0,-27.0,-58.0,-56.0,-96.0,-120.0,-41.0,-9.0,0.77294921875,-0.30078125,0.51171875,2.378048780487805,0.7926829268292683,0.426829268292683
17_02_21_438,2.0,42.0,52.0,89.0,-6.0,-56.0,4.0,-7.0,0.77099609375,-0.31396484375,0.513671875,-1.0975609756097562,0.48780487804878053,-0.5487804878048781
17_02_21_438,3.0,-48.0,-8.0,47.0,127.0,127.0,87.0,12.0,0.76416015625,-0.30859375,0.51953125,0.7317073170731708,-0.5487804878048781,-1.707317073170732
17_02_21_438,29.0,-33.0,23.0,80.0,26.0,-116.0,-69.0,4.0,0.7509765625,-0.3076171875,0.5224609375,1.707317073170732,-0.9756097560975611,-1.3414634146341464
17_02_21_438,-29.0,-23.0,12.0,-24.0,28.0,68.0,-19.0,-4.0,0.75048828125,-0.3125,0.53857421875,0.7926829268292683,0.1829268292682927,-1.402439024390244
17_02_21_438,13.0,1.0,-13.0,-81.0,-94.0,-30.0,96.0,8.0,0.7724609375,-0.2861328125,0.529296875,2.1341463414634148,0.7317073170731708,-0.7317073170731708
17_02_21_438,-32.0,-3.0,26.0,112.0,-30.0,-17.0,-11.0,2.0,0.75048828125,-0.33642578125,0.51611328125,-0.3658536585365854,2.073170731707317,-1.2195121951219514
17_02_21_486,10.0,31.0,-12.0,-49.0,127.0,73.0,-35.0,-24.0,0.75830078125,-0.33349609375,0.53515625,-2.073170731707317,-2.3170731707317076,-0.48780487804878053
17_02_21_486,3.0,-54.0,9.0,-128.0,-128.0,-113.0,69.0,36.0,0.7626953125,-0.31640625,0.5078125,-3.9024390243902443,-0.853658536585366,-1.9512195121951221
17_02_21_486,29.0,9.0,82.0,127.0,127.0,127.0,52.0,9.0,0.77392578125,-0.283203125,0.505859375,-0.3658536585365854,-0.24390243902439027,-0.7926829268292683
17_02_21_486,-39.0,-21.0,-6.0,-27.0,-128.0,-128.0,-67.0,-26.0,0.75830078125,-0.31884765625,0.52392578125,-0.9146341463414634,-1.2804878048780488,-0.6707317073170732
17_02_21_486,31.0,-4.0,-30.0,-68.0,-128.0,127.0,127.0,36.0,0.74267578125,-0.33447265625,0.51611328125,0.0,-0.853658536585366,0.12195121951219513
17_02_21_486,30.0,5.0,-25.0,-16.0,-75.0,-94.0,-37.0,-22.0,0.77294921875,-0.30078125,0.51171875,2.378048780487805,0.7926829268292683,0.426829268292683
17_02_21_486,-9.0,16.0,44.0,71.0,127.0,53.0,26.0,6.0,0.77099609375,-0.31396484375,0.513671875,-1.0975609756097562,0.48780487804878053,-0.5487804878048781
17_02_21_486,-14.0,-27.0,-58.0,-56.0,-96.0,-120.0,-41.0,-9.0,0.76416015625,-0.30859375,0.51953125,0.7317073170731708,-0.5487804878048781,-1.707317073170732
17_02_21_486,2.0,42.0,52.0,89.0,-6.0,-56.0,4.0,-7.0,0.7509765625,-0.3076171875,0.5224609375,1.707317073170732,-0.9756097560975611,-1.3414634146341464
17_02_21_486,3.0,-48.0,-8.0,47.0,127.0,127.0,87.0,12.0,0.75048828125,-0.3125,0.53857421875,0.7926829268292683,0.1829268292682927,-1.402439024390244
17_02_21_529,-31.0,37.0,-29.0,-64.0,-105.0,-109.0,-1.0,-30.0,0.75244140625,-0.31591796875,0.5380859375,-0.3658536585365854,-3.1097560975609757,-0.3658536585365854
17_02_21_529,33.0,-2.0,24.0,114.0,98.0,-1.0,24.0,21.0,0.79736328125,-0.28759765625,0.52001953125,-3.1097560975609757,-1.0365853658536586,-1.829268292682927
17_02_21_529,-3.0,6.0,8.0,99.0,127.0,23.0,-64.0,-17.0,0.748046875,-0.30517578125,0.5234375,0.0,-2.7439024390243905,-1.3414634146341464
17_02_21_529,-12.0,11.0,-41.0,0.0,-29.0,-116.0,-50.0,-19.0,0.75830078125,-0.33349609375,0.53515625,-2.073170731707317,-2.3170731707317076,-0.48780487804878053
17_02_21_529,2.0,-39.0,-23.0,-8.0,-128.0,-111.0,-50.0,-17.0,0.7626953125,-0.31640625,0.5078125,-3.9024390243902443,-0.853658536585366,-1.9512195121951221
17_02_21_529,52.0,0.0,-10.0,-30.0,-128.0,6.0,26.0,16.0,0.77392578125,-0.283203125,0.505859375,-0.3658536585365854,-0.24390243902439027,-0.7926829268292683
17_02_21_529,12.0,-18.0,18.0,68.0,103.0,105.0,-86.0,4.0,0.75830078125,-0.31884765625,0.52392578125,-0.9146341463414634,-1.2804878048780488,-0.6707317073170732
17_02_21_529,-53.0,-8.0,-8.0,-20.0,127.0,-69.0,-56.0,-41.0,0.74267578125,-0.33447265625,0.51611328125,0.0,-0.853658536585366,0.12195121951219513
17_02_21_529,18.0,-9.0,-32.0,-128.0,-128.0,-60.0,-43.0,-23.0,0.77294921875,-0.30078125,0.51171875,2.378048780487805,0.7926829268292683,0.426829268292683
17_02_21_529,-22.0,-30.0,-10.0,2.0,13.0,56.0,13.0,13.0,0.77099609375,-0.31396484375,0.513671875,-1.0975609756097562,0.48780487804878053,-0.5487804878048781
17_02_21_604,0.0,-13.0,-11.0,-21.0,-43.0,-13.0,-3.0,30.0,0.75244140625,-0.31591796875,0.5380859375,-0.3658536585365854,-3.1097560975609757,-0.3658536585365854
17_02_21_604,-1.0,-4.0,43.0,127.0,127.0,99.0,-5.0,-20.0,0.79736328125,-0.28759765625,0.52001953125,-3.1097560975609757,-1.0365853658536586,-1.829268292682927
17_02_21_604,-31.0,37.0,-29.0,-64.0,-105.0,-109.0,-1.0,-30.0,0.748046875,-0.30517578125,0.5234375,0.0,-2.7439024390243905,-1.3414634146341464
17_02_21_604,33.0,-2.0,24.0,114.0,98.0,-1.0,24.0,21.0,0.75830078125,-0.33349609375,0.53515625,-2.073170731707317,-2.3170731707317076,-0.48780487804878053
17_02_21_604,-3.0,6.0,8.0,99.0,127.0,23.0,-64.0,-17.0,0.7626953125,-0.31640625,0.5078125,-3.9024390243902443,-0.853658536585366,-1.9512195121951221
17_02_21_604,-12.0,11.0,-41.0,0.0,-29.0,-116.0,-50.0,-19.0,0.77392578125,-0.283203125,0.505859375,-0.3658536585365854,-0.24390243902439027,-0.7926829268292683
17_02_21_604,2.0,-39.0,-23.0,-8.0,-128.0,-111.0,-50.0,-17.0,0.75830078125,-0.31884765625,0.52392578125,-0.9146341463414634,-1.2804878048780488,-0.6707317073170732
17_02_21_604,52.0,0.0,-10.0,-30.0,-128.0,6.0,26.0,16.0,0.74267578125,-0.33447265625,0.51611328125,0.0,-0.853658536585366,0.12195121951219513
17_02_21_604,12.0,-18.0,18.0,68.0,103.0,105.0,-86.0,4.0,0.77294921875,-0.30078125,0.51171875,2.378048780487805,0.7926829268292683,0.426829268292683
17_02_21_604,-53.0,-8.0,-8.0,-20.0,127.0,-69.0,-56.0,-41.0,0.77099609375,-0.31396484375,0.513671875,-1.0975609756097562,0.48780487804878053,-0.5487804878048781
17_02_21_644,-7.0,10.0,10.0,-15.0,-128.0,-64.0,-80.0,-2.0,0.77880859375,-0.296875,0.5126953125,-1.829268292682927,-1.0975609756097562,-0.5487804878048781
17_02_21_644,-14.0,-13.0,43.0,127.0,127.0,76.0,62.0,27.0,0.771484375,-0.30712890625,0.52294921875,-0.06097560975609757,-3.2926829268292686,0.426829268292683
17_02_21_644,25.0,-13.0,-19.0,-87.0,-128.0,-114.0,2.0,-32.0,0.7822265625,-0.330078125,0.5380859375,1.524390243902439,-2.6219512195121952,0.7926829268292683
17_02_21_644,15.0,46.0,15.0,127.0,127.0,70.0,-57.0,0.0,0.75244140625,-0.31591796875,0.5380859375,-0.3658536585365854,-3.1097560975609757,-0.3658536585365854
17_02_21_644,-2.0,4.0,25.0,-89.0,-128.0,-91.0,63.0,20.0,0.79736328125,-0.28759765625,0.52001953125,-3.1097560975609757,-1.0365853658536586,-1.829268292682927
17_02_21_644,46.0,0.0,17.0,39.0,92.0,63.0,-3.0,5.0,0.748046875,-0.30517578125,0.5234375,0.0,-2.7439024390243905,-1.3414634146341464
17_02_21_644,0.0,13.0,-9.0,-13.0,127.0,-77.0,-124.0,-17.0,0.75830078125,-0.33349609375,0.53515625,-2.073170731707317,-2.3170731707317076,-0.48780487804878053
17_02_21_644,-86.0,-20.0,-91.0,-92.0,-66.0,-110.0,-30.0,5.0,0.7626953125,-0.31640625,0.5078125,-3.9024390243902443,-0.853658536585366,-1.9512195121951221
17_02_21_644,-18.0,-12.0,67.0,38.0,-32.0,-16.0,-22.0,-42.0,0.77392578125,-0.283203125,0.505859375,-0.3658536585365854,-0.24390243902439027,-0.7926829268292683
17_02_21_644,35.0,8.0,25.0,9.0,-128.0,-128.0,-2.0,26.0,0.75830078125,-0.31884765625,0.52392578125,-0.9146341463414634,-1.2804878048780488,-0.6707317073170732
17_02_21_739,14.0,2.0,-39.0,-6.0,127.0,-23.0,-17.0,-10.0,0.77880859375,-0.296875,0.5126953125,-1.829268292682927,-1.0975609756097562,-0.5487804878048781
17_02_21_739,-8.0,-33.0,-24.0,-128.0,-128.0,-28.0,-74.0,-20.0,0.771484375,-0.30712890625,0.52294921875,-0.06097560975609757,-3.2926829268292686,0.426829268292683
17_02_21_739,-7.0,10.0,10.0,-15.0,-128.0,-64.0,-80.0,-2.0,0.7822265625,-0.330078125,0.5380859375,1.524390243902439,-2.6219512195121952,0.7926829268292683
17_02_21_739,-14.0,-13.0,43.0,127.0,127.0,76.0,62.0,27.0,0.75244140625,-0.31591796875,0.5380859375,-0.3658536585365854,-3.1097560975609757,-0.3658536585365854
17_02_21_739,25.0,-13.0,-19.0,-87.0,-128.0,-114.0,2.0,-32.0,0.79736328125,-0.28759765625,0.52001953125,-3.1097560975609757,-1.0365853658536586,-1.829268292682927
17_02_21_739,15.0,46.0,15.0,127.0,127.0,70.0,-57.0,0.0,0.748046875,-0.30517578125,0.5234375,0.0,-2.7439024390243905,-1.3414634146341464
17_02_21_739,-2.0,4.0,25.0,-89.0,-128.0,-91.0,63.0,20.0,0.75830078125,-0.33349609375,0.53515625,-2.073170731707317,-2.3170731707317076,-0.48780487804878053
17_02_21_739,46.0,0.0,17.0,39.0,92.0,63.0,-3.0,5.0,0.7626953125,-0.31640625,0.5078125,-3.9024390243902443,-0.853658536585366,-1.9512195121951221
17_02_21_739,0.0,13.0,-9.0,-13.0,127.0,-77.0,-124.0,-17.0,0.77392578125,-0.283203125,0.505859375,-0.3658536585365854,-0.24390243902439027,-0.7926829268292683
17_02_21_739,-86.0,-20.0,-91.0,-92.0,-66.0,-110.0,-30.0,5.0,0.75830078125,-0.31884765625,0.52392578125,-0.9146341463414634,-1.2804878048780488,-0.6707317073170732
17_02_21_789,2.0,51.0,55.0,34.0,127.0,47.0,83.0,-9.0,0.7890625,-0.3154296875,0.52685546875,3.2926829268292686,-4.329268292682928,-0.853658536585366
17_02_21_789,-8.0,-32.0,-5.0,49.0,17.0,79.0,13.0,-1.0,0.7646484375,-0.32177734375,0.51904296875,3.7195121951219514,-3.5975609756097566,-1.0975609756097562
17_02_21_789,20.0,17.0,27.0,70.0,-30.0,16.0,-45.0,-2.0,0.78173828125,-0.34716796875,0.54052734375,-2.439024390243903,-0.6097560975609757,0.7926829268292683
17_02_21_789,-19.0,-19.0,-20.0,-9.0,127.0,32.0,-21.0,-6.0,0.76513671875,-0.296875,0.52490234375,-1.2804878048780488,-0.06097560975609757,0.1829268292682927
17_02_21_789,18.0,15.0,38.0,-52.0,-128.0,-33.0,16.0,0.0,0.77880859375,-0.296875,0.5126953125,-1.829268292682927,-1.0975609756097562,-0.5487804878048781
17_02_21_789,-25.0,-1.0,41.0,127.0,127.0,17.0,45.0,21.0,0.771484375,-0.30712890625,0.52294921875,-0.06097560975609757,-3.2926829268292686,0.426829268292683
17_02_21_789,53.0,34.0,-2.0,43.0,-128.0,-63.0,-12.0,13.0,0.7822265625,-0.330078125,0.5380859375,1.524390243902439,-2.6219512195121952,0.7926829268292683
17_02_21_789,21.0,29.0,20.0,-55.0,74.0,125.0,66.0,25.0,0.75244140625,-0.31591796875,0.5380859375,-0.3658536585365854,-3.1097560975609757,-0.3658536585365854
17_02_21_789,24.0,-2.0,-21.0,-90.0,-128.0,-128.0,-67.0,-29.0,0.79736328125,-0.28759765625,0.52001953125,-3.1097560975609757,-1.0365853658536586,-1.829268292682927
17_02_21_789,29.0,53.0,120.0,127.0,54.0,31.0,3.0,15.0,0.748046875,-0.30517578125,0.5234375,0.0,-2.7439024390243905,-1.3414634146341464
17_02_21_866,-14.0,-9.0,-10.0,-121.0,-128.0,-95.0,-29.0,-16.0,0.7890625,-0.3154296875,0.52685546875,3.2926829268292686,-4.329268292682928,-0.853658536585366
17_02_21_866,-5.0,-37.0,-26.0,97.0,9.0,39.0,-20.0,-3.0,0.7646484375,-0.32177734375,0.51904296875,3.7195121951219514,-3.5975609756097566,-1.0975609756097562
17_02_21_866,2.0,51.0,55.0,34.0,127.0,47.0,83.0,-9.0,0.78173828125,-0.34716796875,0.54052734375,-2.439024390243903,-0.6097560975609757,0.7926829268292683
17_02_21_866,-8.0,-32.0,-5.0,49.0,17.0,79.0,13.0,-1.0,0.76513671875,-0.296875,0.52490234375,-1.2804878048780488,-0.06097560975609757,0.1829268292682927
17_02_21_866,20.0,17.0,27.0,70.0,-30.0,16.0,-45.0,-2.0,0.77880859375,-0.296875,0.5126953125,-1.829268292682927,-1.0975609756097562,-0.5487804878048781
17_02_21_866,-19.0,-19.0,-20.0,-9.0,127.0,32.0,-21.0,-6.0,0.771484375,-0.30712890625,0.52294921875,-0.06097560975609757,-3.2926829268292686,0.426829268292683
17_02_21_866,18.0,15.0,38.0,-52.0,-128.0,-33.0,16.0,0.0,0.7822265625,-0.330078125,0.5380859375,1.524390243902439,-2.6219512195121952,0.7926829268292683
17_02_21_866,-25.0,-1.0,41.0,127.0,127.0,17.0,45.0,21.0,0.75244140625,-0.31591796875,0.5380859375,-0.3658536585365854,-3.1097560975609757,-0.3658536585365854
17_02_21_866,53.0,34.0,-2.0,43.0,-128.0,-63.0,-12.0,13.0,0.79736328125,-0.28759765625,0.52001953125,-3.1097560975609757,-1.0365853658536586,-1.829268292682927
17_02_21_866,21.0,29.0,20.0,-55.0,74.0,125.0,66.0,25.0,0.748046875,-0.30517578125,0.5234375,0.0,-2.7439024390243905,-1.3414634146341464
17_02_21_912,9.0,25.0,57.0,25.0,-123.0,91.0,-15.0,-6.0,0.79638671875,-0.294921875,0.49072265625,0.426829268292683,-3.231707317073171,-1.1585365853658538
17_02_21_912,10.0,-30.0,-58.0,-80.0,57.0,92.0,61.0,16.0,0.7802734375,-0.34130859375,0.49365234375,-2.5609756097560976,-4.329268292682928,-2.0121951219512195
17_02_21_912,-7.0,-1.0,32.0,127.0,127.0,-96.0,-80.0,-25.0,0.7734375,-0.3330078125,0.51171875,1.0365853658536586,-6.402439024390245,-1.7682926829268295
17_02_21_912,-13.0,2.0,2.0,93.0,55.0,33.0,-20.0,-28.0,0.7333984375,-0.33203125,0.50341796875,1.5853658536585367,-5.182926829268293,-1.3414634146341464
17_02_21_912,-6.0,-38.0,-1.0,85.0,44.0,-13.0,70.0,8.0,0.7890625,-0.3154296875,0.52685546875,3.2926829268292686,-4.329268292682928,-0.853658536585366
17_02_21_912,23.0,-12.0,-22.0,-128.0,-128.0,-107.0,-12.0,-19.0,0.7646484375,-0.32177734375,0.51904296875,3.7195121951219514,-3.5975609756097566,-1.0975609756097562
17_02_21_912,-5.0,43.0,63.0,86.0,127.0,96.0,87.0,27.0,0.78173828125,-0.34716796875,0.54052734375,-2.439024390243903,-0.6097560975609757,0.7926829268292683
17_02_21_912,18.0,1.0,-71.0,-89.0,-21.0,-41.0,-3.0,14.0,0.76513671875,-0.296875,0.52490234375,-1.2804878048780488,-0.06097560975609757,0.1829268292682927
17_02_21_912,-24.0,-37.0,58.0,109.0,-5.0,83.0,114.0,21.0,0.77880859375,-0.296875,0.5126953125,-1.829268292682927,-1.0975609756097562,-0.5487804878048781
17_02_21_912,-16.0,25.0,40.0,1.0,108.0,-50.0,39.0,6.0,0.771484375,-0.30712890625,0.52294921875,-0.06097560975609757,-3.2926829268292686,0.426829268292683
17_02_21_958,35.0,20.0,56.0,82.0,-22.0,27.0,22.0,44.0,0.79638671875,-0.294921875,0.49072265625,0.426829268292683,-3.231707317073171,-1.1585365853658538
17_02_21_958,-18.0,3.0,32.0,127.0,127.0,49.0,-41.0,-35.0,0.7802734375,-0.34130859375,0.49365234375,-2.5609756097560976,-4.329268292682928,-2.0121951219512195
17_02_21_958,-4.0,-11.0,-14.0,1.0,-82.0,-57.0,7.0,-1.0,0.7734375,-0.3330078125,0.51171875,1.0365853658536586,-6.402439024390245,-1.7682926829268295
17_02_21_958,0.0,-21.0,-49.0,43.0,17.0,-45.0,42.0,15.0,0.7333984375,-0.33203125,0.50341796875,1.5853658536585367,-5.182926829268293,-1.3414634146341464
17_02_21_958,9.0,25.0,57.0,25.0,-123.0,91.0,-15.0,-6.0,0.7890625,-0.3154296875,0.52685546875,3.2926829268292686,-4.329268292682928,-0.853658536585366
17_02_21_958,10.0,-30.0,-58.0,-80.0,57.0,92.0,61.0,16.0,0.7646484375,-0.32177734375,0.51904296875,3.7195121951219514,-3.5975609756097566,-1.0975609756097562
17_02_21_958,-7.0,-1.0,32.0,127.0,127.0,-96.0,-80.0,-25.0,0.78173828125,-0.34716796875,0.54052734375,-2.439024390243903,-0.6097560975609757,0.7926829268292683
17_02_21_958,-13.0,2.0,2.0,93.0,55.0,33.0,-20.0,-28.0,0.76513671875,-0.296875,0.52490234375,-1.2804878048780488,-0.06097560975609757,0.1829268292682927
17_02_21_958,-6.0,-38.0,-1.0,85.0,44.0,-13.0,70.0,8.0,0.77880859375,-0.296875,0.5126953125,-1.829268292682927,-1.0975609756097562,-0.5487804878048781
17_02_21_958,23.0,-12.0,-22.0,-128.0,-128.0,-107.0,-12.0,-19.0,0.771484375,-0.30712890625,0.52294921875,-0.06097560975609757,-3.2926829268292686,0.426829268292683
17_02_22_020,-27.0,-32.0,-37.0,-103.0,-70.0,-59.0,5.0,-4.0,0.78271484375,-0.30712890625,0.53466796875,-4.451219512195122,-4.390243902439025,-2.682926829268293
17_02_22_020,-20.0,-33.0,9.0,-97.0,-128.0,-8.0,-24.0,-19.0,0.79345703125,-0.31201171875,0.51220703125,-2.1341463414634148,-3.5975609756097566,-2.073170731707317
17_02_22_020,16.0,12.0,-12.0,69.0,127.0,55.0,33.0,-5.0,0.802734375,-0.29736328125,0.5048828125,-0.48780487804878053,-4.329268292682928,-2.378048780487805
17_02_22_020,36.0,73.0,65.0,86.0,-128.0,66.0,55.0,30.0,0.79638671875,-0.294921875,0.49072265625,0.426829268292683,-3.231707317073171,-1.1585365853658538
17_02_22_020,8.0,38.0,4.0,-1.0,69.0,72.0,-58.0,-13.0,0.7802734375,-0.34130859375,0.49365234375,-2.5609756097560976,-4.329268292682928,-2.0121951219512195
17_02_22_020,-16.0,-7.0,-13.0,-4.0,-84.0,-1.0,25.0,-4.0,0.7734375,-0.3330078125,0.51171875,1.0365853658536586,-6.402439024390245,-1.7682926829268295
17_02_22_020,-19.0,-24.0,-11.0,35.0,55.0,43.0,51.0,-13.0,0.7333984375,-0.33203125,0.50341796875,1.5853658536585367,-5.182926829268293,-1.3414634146341464
17_02_22_020,3.0,2.0,29.0,70.0,-128.0,-123.0,-15.0,-24.0,0.7890625,-0.3154296875,0.52685546875,3.2926829268292686,-4.329268292682928,-0.853658536585366
17_02_22_020,-30.0,-42.0,-15.0,-22.0,-32.0,-120.0,2.0,29.0,0.7646484375,-0.32177734375,0.51904296875,3.7195121951219514,-3.5975609756097566,-1.0975609756097562
17_02_22_020,-20.0,38.0,-36.0,-94.0,127.0,127.0,127.0,-6.0,0.78173828125,-0.34716796875,0.54052734375,-2.439024390243903,-0.6097560975609757,0.7926829268292683
17_02_22_060,21.0,-12.0,-32.0,-67.0,-128.0,86.0,63.0,17.0,0.771484375,-0.3134765625,0.49853515625,1.829268292682927,-2.6219512195121952,-1.1585365853658538
17_02_22_060,-7.0,42.0,48.0,122.0,127.0,-24.0,14.0,9.0,0.78271484375,-0.2958984375,0.49169921875,3.2926829268292686,-2.1341463414634148,-0.24390243902439027
17_02_22_060,24.0,-10.0,-21.0,-128.0,-128.0,-117.0,2.0,20.0,0.78271484375,-0.30712890625,0.53466796875,-4.451219512195122,-4.390243902439025,-2.682926829268293
17_02_22_060,26.0,-7.0,62.0,127.0,127.0,127.0,-28.0,-11.0,0.79345703125,-0.31201171875,0.51220703125,-2.1341463414634148,-3.5975609756097566,-2.073170731707317
17_02_22_060,-26.0,-51.0,-49.0,-128.0,-128.0,-110.0,127.0,60.0,0.802734375,-0.29736328125,0.5048828125,-0.48780487804878053,-4.329268292682928,-2.378048780487805
17_02_22_060,-32.0,13.0,13.0,74.0,124.0,0.0,-107.0,-52.0,0.79638671875,-0.294921875,0.49072265625,0.426829268292683,-3.231707317073171,-1.1585365853658538
17_02_22_060,-7.0,-25.0,-5.0,-18.0,-128.0,63.0,22.0,-4.0,0.7802734375,-0.34130859375,0.49365234375,-2.5609756097560976,-4.329268292682928,-2.0121951219512195
17_02_22_060,20.0,20.0,19.0,41.0,119.0,-28.0,7.0,-5.0,0.7734375,-0.3330078125,0.51171875,1.0365853658536586,-6.402439024390245,-1.7682926829268295
17_02_22_060,-27.0,-32.0,-37.0,-103.0,-70.0,-59.0,5.0,-4.0,0.7333984375,-0.33203125,0.50341796875,1.5853658536585367,-5.182926829268293,-1.3414634146341464
17_02_22_060,-20.0,-33.0,9.0,-97.0,-128.0,-8.0,-24.0,-19.0,0.7890625,-0.3154296875,0.52685546875,3.2926829268292686,-4.329268292682928,-0.853658536585366
17_02_22_120,2.0,23.0,34.0,100.0,127.0,115.0,-25.0,5.0,0.771484375,-0.3134765625,0.49853515625,1.829268292682927,-2.6219512195121952,-1.1585365853658538
17_02_22_120,3.0,-8.0,-31.0,-128.0,-128.0,96.0,118.0,23.0,0.78271484375,-0.2958984375,0.49169921875,3.2926829268292686,-2.1341463414634148,-0.24390243902439027
17_02_22_120,-31.0,-8.0,17.0,56.0,127.0,-20.0,-45.0,-26.0,0.78271484375,-0.30712890625,0.53466796875,-4.451219512195122,-4.390243902439025,-2.682926829268293
17_02_22_120,-26.0,-26.0,-60.0,-128.0,-128.0,-128.0,-79.0,-3.0,0.79345703125,-0.31201171875,0.51220703125,-2.1341463414634148,-3.5975609756097566,-2.073170731707317
17_02_22_120,-6.0,25.0,31.0,103.0,127.0,48.0,-35.0,-2.0,0.802734375,-0.29736328125,0.5048828125,-0.48780487804878053,-4.329268292682928,-2.378048780487805
17_02_22_120,21.0,-12.0,-32.0,-67.0,-128.0,86.0,63.0,17.0,0.79638671875,-0.294921875,0.49072265625,0.426829268292683,-3.231707317073171,-1.1585365853658538
17_02_22_120,-7.0,42.0,48.0,122.0,127.0,-24.0,14.0,9.0,0.7802734375,-0.34130859375,0.49365234375,-2.5609756097560976,-4.329268292682928,-2.0121951219512195
17_02_22_120,24.0,-10.0,-21.0,-128.0,-128.0,-117.0,2.0,20.0,0.7734375,-0.3330078125,0.51171875,1.0365853658536586,-6.402439024390245,-1.7682926829268295
17_02_22_120,26.0,-7.0,62.0,127.0,127.0,127.0,-28.0,-11.0,0.7333984375,-0.33203125,0.50341796875,1.5853658536585367,-5.182926829268293,-1.3414634146341464
17_02_22_167,-40.0,-28.0,-42.0,-46.0,-26.0,-27.0,-71.0,-4.0,0.75732421875,-0.322265625,0.50048828125,-0.7926829268292683,-6.890243902439025,-0.6707317073170732
17_02_22_167,18.0,17.0,-31.0,6.0,127.0,127.0,126.0,20.0,0.7802734375,-0.28076171875,0.4833984375,-2.073170731707317,-4.207317073170732,-2.7439024390243905
17_02_22_167,24.0,24.0,26.0,87.0,127.0,75.0,54.0,23.0,0.7822265625,-0.3037109375,0.45361328125,-1.524390243902439,-3.7195121951219514,-2.1951219512195124
17_02_22_167,3.0,3.0,0.0,-30.0,-128.0,-40.0,-5.0,-5.0,0.8095703125,-0.3212890625,0.47900390625,1.1585365853658538,-3.658536585365854,-2.073170731707317
17_02_22_167,7.0,35.0,42.0,15.0,127.0,98.0,55.0,32.0,0.7626953125,-0.31640625,0.50341796875,1.3414634146341464,-3.414634146341464,-1.1585365853658538
17_02_22_167,-52.0,10.0,-3.0,26.0,127.0,-99.0,-48.0,-14.0,0.771484375,-0.3134765625,0.49853515625,1.829268292682927,-2.6219512195121952,-1.1585365853658538
17_02_22_167,6.0,-41.0,-33.0,-92.0,-128.0,-119.0,-27.0,-4.0,0.78271484375,-0.2958984375,0.49169921875,3.2926829268292686,-2.1341463414634148,-0.24390243902439027
17_02_22_167,5.0,21.0,32.0,59.0,127.0,29.0,-35.0,-7.0,0.78271484375,-0.30712890625,0.53466796875,-4.451219512195122,-4.390243902439025,-2.682926829268293
17_02_22_167,-8.0,4.0,16.0,-108.0,-128.0,-83.0,-36.0,26.0,0.79345703125,-0.31201171875,0.51220703125,-2.1341463414634148,-3.5975609756097566,-2.073170731707317
17_02_22_167,5.0,4.0,-78.0,-100.0,-128.0,-119.0,-33.0,-30.0,0.802734375,-0.29736328125,0.5048828125,-0.48780487804878053,-4.329268292682928,-2.378048780487805
17_02_22_209,-32.0,-20.0,13.0,121.0,127.0,-62.0,-77.0,-35.0,0.77978515625,-0.275390625,0.49755859375,2.073170731707317,-8.719512195121952,-2.073170731707317
17_02_22_209,1.0,16.0,-10.0,-113.0,-128.0,-87.0,22.0,0.0,0.77099609375,-0.30029296875,0.51513671875,3.963414634146342,-7.317073170731708,-2.1951219512195124
17_02_22_209,-45.0,-1.0,38.0,51.0,74.0,93.0,5.0,-9.0,0.75732421875,-0.322265625,0.50048828125,-0.7926829268292683,-6.890243902439025,-0.6707317073170732
17_02_22_209,-8.0,-50.0,-49.0,-35.0,-25.0,-31.0,72.0,41.0,0.7802734375,-0.28076171875,0.4833984375,-2.073170731707317,-4.207317073170732,-2.7439024390243905
17_02_22_209,13.0,61.0,56.0,103.0,127.0,127.0,-12.0,22.0,0.7822265625,-0.3037109375,0.45361328125,-1.524390243902439,-3.7195121951219514,-2.1951219512195124
17_02_22_209,-7.0,6.0,14.0,-51.0,-128.0,-128.0,-56.0,-31.0,0.8095703125,-0.3212890625,0.47900390625,1.1585365853658538,-3.658536585365854,-2.073170731707317
17_02_22_209,-40.0,-28.0,-42.0,-46.0,-26.0,-27.0,-71.0,-4.0,0.7626953125,-0.31640625,0.50341796875,1.3414634146341464,-3.414634146341464,-1.1585365853658538
17_02_22_209,18.0,17.0,-31.0,6.0,127.0,127.0,126.0,20.0,0.771484375,-0.3134765625,0.49853515625,1.829268292682927,-2.6219512195121952,-1.1585365853658538
17_02_22_209,24.0,24.0,26.0,87.0,127.0,75.0,54.0,23.0,0.78271484375,-0.2958984375,0.49169921875,3.2926829268292686,-2.1341463414634148,-0.24390243902439027
17_02_22_209,3.0,3.0,0.0,-30.0,-128.0,-40.0,-5.0,-5.0,0.78271484375,-0.30712890625,0.53466796875,-4.451219512195122,-4.390243902439025,-2.682926829268293
17_02_22_270,30.0,25.0,37.0,96.0,-51.0,-45.0,62.0,26.0,0.7646484375,-0.30078125,0.4814453125,3.414634146341464,-10.365853658536587,-2.9268292682926833
17_02_22_270,1.0,25.0,26.0,70.0,127.0,127.0,16.0,24.0,0.77978515625,-0.275390625,0.49755859375,2.073170731707317,-8.719512195121952,-2.073170731707317
17_02_22_270,-8.0,-6.0,-65.0,-128.0,-128.0,-128.0,-24.0,-21.0,0.77099609375,-0.30029296875,0.51513671875,3.963414634146342,-7.317073170731708,-2.1951219512195124
17_02_22_270,49.0,12.0,26.0,0.0,22.0,124.0,97.0,13.0,0.75732421875,-0.322265625,0.50048828125,-0.7926829268292683,-6.890243902439025,-0.6707317073170732
17_02_22_270,-32.0,-20.0,13.0,121.0,127.0,-62.0,-77.0,-35.0,0.7802734375,-0.28076171875,0.4833984375,-2.073170731707317,-4.207317073170732,-2.7439024390243905
17_02_22_270,1.0,16.0,-10.0,-113.0,-128.0,-87.0,22.0,0.0,0.7822265625,-0.3037109375,0.45361328125,-1.524390243902439,-3.7195121951219514,-2.1951219512195124
17_02_22_270,-45.0,-1.0,38.0,51.0,74.0,93.0,5.0,-9.0,0.8095703125,-0.3212890625,0.47900390625,1.1585365853658538,-3.658536585365854,-2.073170731707317
17_02_22_270,-8.0,-50.0,-49.0,-35.0,-25.0,-31.0,72.0,41.0,0.7626953125,-0.31640625,0.50341796875,1.3414634146341464,-3.414634146341464,-1.1585365853658538
17_02_22_270,13.0,61.0,56.0,103.0,127.0,127.0,-12.0,22.0,0.771484375,-0.3134765625,0.49853515625,1.829268292682927,-2.6219512195121952,-1.1585365853658538
17_02_22_270,-7.0,6.0,14.0,-51.0,-128.0,-128.0,-56.0,-31.0,0.78271484375,-0.2958984375,0.49169921875,3.2926829268292686,-2.1341463414634148,-0.24390243902439027
17_02_22_314,29.0,9.0,21.0,-52.0,-128.0,-78.0,-34.0,41.0,0.7431640625,-0.3056640625,0.4951171875,4.390243902439025,-16.219512195121954,-3.231707317073171
17_02_22_314,-29.0,-62.0,-22.0,106.0,127.0,127.0,-40.0,-19.0,0.76708984375,-0.31591796875,0.494140625,1.524390243902439,-11.463414634146343,-3.4756097560975614
17_02_22_314,10.0,74.0,46.0,-39.0,-103.0,-72.0,18.0,-12.0,0.7646484375,-0.30078125,0.4814453125,3.414634146341464,-10.365853658536587,-2.9268292682926833
17_02_22_314,30.0,-39.0,-32.0,-57.0,31.0,-7.0,-33.0,22.0,0.77978515625,-0.275390625,0.49755859375,2.073170731707317,-8.719512195121952,-2.073170731707317
17_02_22_314,-7.0,50.0,49.0,28.0,-98.0,71.0,-35.0,-13.0,0.77099609375,-0.30029296875,0.51513671875,3.963414634146342,-7.317073170731708,-2.1951219512195124
17_02_22_314,-17.0,-14.0,-16.0,-67.0,-128.0,-128.0,-107.0,-28.0,0.75732421875,-0.322265625,0.50048828125,-0.7926829268292683,-6.890243902439025,-0.6707317073170732
17_02_22_314,3.0,3.0,-34.0,-33.0,-113.0,70.0,15.0,0.0,0.7802734375,-0.28076171875,0.4833984375,-2.073170731707317,-4.207317073170732,-2.7439024390243905
17_02_22_314,-3.0,13.0,19.0,78.0,127.0,72.0,26.0,-3.0,0.7822265625,-0.3037109375,0.45361328125,-1.524390243902439,-3.7195121951219514,-2.1951219512195124
17_02_22_314,-34.0,-93.0,-106.0,-28.0,-53.0,46.0,19.0,10.0,0.8095703125,-0.3212890625,0.47900390625,1.1585365853658538,-3.658536585365854,-2.073170731707317
17_02_22_363,29.0,-20.0,-77.0,-4.0,29.0,127.0,-4.0,22.0,0.78955078125,-0.30712890625,0.4140625,3.658536585365854,-16.585365853658537,-2.5609756097560976
17_02_22_363,5.0,28.0,7.0,-22.0,127.0,-45.0,120.0,21.0,0.7578125,-0.3037109375,0.44921875,6.585365853658537,-16.463414634146343,-2.9268292682926833
17_02_22_363,-1.0,0.0,1.0,-118.0,-128.0,-128.0,-104.0,-45.0,0.7431640625,-0.3056640625,0.4951171875,4.390243902439025,-16.219512195121954,-3.231707317073171
17_02_22_363,29.0,9.0,21.0,-52.0,-128.0,-78.0,-34.0,41.0,0.76708984375,-0.31591796875,0.494140625,1.524390243902439,-11.463414634146343,-3.4756097560975614
17_02_22_363,-29.0,-62.0,-22.0,106.0,127.0,127.0,-40.0,-19.0,0.7646484375,-0.30078125,0.4814453125,3.414634146341464,-10.365853658536587,-2.9268292682926833
17_02_22_363,10.0,74.0,46.0,-39.0,-103.0,-72.0,18.0,-12.0,0.77978515625,-0.275390625,0.49755859375,2.073170731707317,-8.719512195121952,-2.073170731707317
17_02_22_363,30.0,-39.0,-32.0,-57.0,31.0,-7.0,-33.0,22.0,0.77099609375,-0.30029296875,0.51513671875,3.963414634146342,-7.317073170731708,-2.1951219512195124
17_02_22_363,-7.0,50.0,49.0,28.0,-98.0,71.0,-35.0,-13.0,0.75732421875,-0.322265625,0.50048828125,-0.7926829268292683,-6.890243902439025,-0.6707317073170732
17_02_22_363,-17.0,-14.0,-16.0,-67.0,-128.0,-128.0,-107.0,-28.0,0.7802734375,-0.28076171875,0.4833984375,-2.073170731707317,-4.207317073170732,-2.7439024390243905
17_02_22_363,3.0,3.0,-34.0,-33.0,-113.0,70.0,15.0,0.0,0.7822265625,-0.3037109375,0.45361328125,-1.524390243902439,-3.7195121951219514,-2.1951219512195124
17_02_22_413,-3.0,28.0,81.0,127.0,12.0,-22.0,26.0,7.0,0.78515625,-0.314453125,0.455078125,-3.7195121951219514,-21.82926829268293,-8.414634146341465
17_02_22_413,-20.0,35.0,-26.0,-80.0,-121.0,69.0,56.0,28.0,0.79443359375,-0.271484375,0.4267578125,3.048780487804878,-19.085365853658537,-5.426829268292684
17_02_22_413,6.0,17.0,54.0,112.0,127.0,45.0,2.0,13.0,0.78955078125,-0.30712890625,0.4140625,3.658536585365854,-16.585365853658537,-2.5609756097560976
17_02_22_413,-3.0,30.0,-46.0,-113.0,-128.0,-73.0,-19.0,6.0,0.7578125,-0.3037109375,0.44921875,6.585365853658537,-16.463414634146343,-2.9268292682926833
17_02_22_413,-7.0,6.0,32.0,-1.0,-7.0,-53.0,2.0,-6.0,0.7431640625,-0.3056640625,0.4951171875,4.390243902439025,-16.219512195121954,-3.231707317073171
17_02_22_413,-4.0,17.0,35.0,25.0,-2.0,-3.0,-16.0,-13.0,0.76708984375,-0.31591796875,0.494140625,1.524390243902439,-11.463414634146343,-3.4756097560975614
17_02_22_413,26.0,18.0,-85.0,-99.0,-128.0,-32.0,20.0,9.0,0.7646484375,-0.30078125,0.4814453125,3.414634146341464,-10.365853658536587,-2.9268292682926833
17_02_22_413,2.0,7.0,16.0,-1.0,104.0,10.0,-42.0,-6.0,0.77978515625,-0.275390625,0.49755859375,2.073170731707317,-8.719512195121952,-2.073170731707317
17_02_22_413,-14.0,-33.0,-24.0,-69.0,-57.0,-33.0,46.0,-4.0,0.77099609375,-0.30029296875,0.51513671875,3.963414634146342,-7.317073170731708,-2.1951219512195124
17_02_22_413,42.0,33.0,4.0,49.0,-68.0,117.0,55.0,17.0,0.75732421875,-0.322265625,0.50048828125,-0.7926829268292683,-6.890243902439025,-0.6707317073170732
17_02_22_475,12.0,18.0,10.0,99.0,127.0,47.0,-2.0,35.0,0.8544921875,-0.26416015625,0.4296875,-4.939024390243903,-20.182926829268293,-9.146341463414634
17_02_22_475,-38.0,21.0,127.0,127.0,127.0,92.0,-46.0,-18.0,0.8583984375,-0.28369140625,0.4248046875,-0.7317073170731708,-23.658536585365855,-8.719512195121952
17_02_22_475,15.0,26.0,-21.0,73.0,-128.0,-104.0,35.0,17.0,0.78515625,-0.314453125,0.455078125,-3.7195121951219514,-21.82926829268293,-8.414634146341465
17_02_22_475,-2.0,-74.0,-115.0,-73.0,127.0,127.0,127.0,33.0,0.79443359375,-0.271484375,0.4267578125,3.048780487804878,-19.085365853658537,-5.426829268292684
17_02_22_475,31.0,68.0,45.0,-113.0,-128.0,-113.0,31.0,14.0,0.78955078125,-0.30712890625,0.4140625,3.658536585365854,-16.585365853658537,-2.5609756097560976
17_02_22_475,-12.0,-39.0,-82.0,-39.0,127.0,127.0,-57.0,-31.0,0.7578125,-0.3037109375,0.44921875,6.585365853658537,-16.463414634146343,-2.9268292682926833
17_02_22_475,29.0,5.0,58.0,127.0,41.0,-128.0,-35.0,33.0,0.7431640625,-0.3056640625,0.4951171875,4.390243902439025,-16.219512195121954,-3.231707317073171
17_02_22_475,3.0,13.0,-13.0,-84.0,25.0,28.0,22.0,-13.0,0.76708984375,-0.31591796875,0.494140625,1.524390243902439,-11.463414634146343,-3.4756097560975614
17_02_22_475,-3.0,28.0,81.0,127.0,12.0,-22.0,26.0,7.0,0.7646484375,-0.30078125,0.4814453125,3.414634146341464,-10.365853658536587,-2.9268292682926833
17_02_22_475,-20.0,35.0,-26.0,-80.0,-121.0,69.0,56.0,28.0,0.77978515625,-0.275390625,0.49755859375,2.073170731707317,-8.719512195121952,-2.073170731707317
17_02_22_520,32.0,61.0,-53.0,47.0,127.0,-72.0,-20.0,-20.0,0.85546875,-0.26416015625,0.45703125,-0.853658536585366,-15.54878048780488,-5.7926829268292686
17_02_22_520,14.0,12.0,97.0,38.0,-128.0,116.0,91.0,40.0,0.8408203125,-0.2958984375,0.4697265625,-7.073170731707318,-17.743902439024392,-6.097560975609756
17_02_22_520,-17.0,-55.0,-51.0,-128.0,-32.0,-54.0,-74.0,-23.0,0.8544921875,-0.26416015625,0.4296875,-4.939024390243903,-20.182926829268293,-9.146341463414634
17_02_22_520,17.0,11.0,-10.0,-61.0,-128.0,-51.0,41.0,8.0,0.8583984375,-0.28369140625,0.4248046875,-0.7317073170731708,-23.658536585365855,-8.719512195121952
17_02_22_520,12.0,18.0,10.0,99.0,127.0,47.0,-2.0,35.0,0.78515625,-0.314453125,0.455078125,-3.7195121951219514,-21.82926829268293,-8.414634146341465
17_02_22_520,-38.0,21.0,127.0,127.0,127.0,92.0,-46.0,-18.0,0.79443359375,-0.271484375,0.4267578125,3.048780487804878,-19.085365853658537,-5.426829268292684
17_02_22_520,15.0,26.0,-21.0,73.0,-128.0,-104.0,35.0,17.0,0.78955078125,-0.30712890625,0.4140625,3.658536585365854,-16.585365853658537,-2.5609756097560976
17_02_22_520,-2.0,-74.0,-115.0,-73.0,127.0,127.0,127.0,33.0,0.7578125,-0.3037109375,0.44921875,6.585365853658537,-16.463414634146343,-2.9268292682926833
17_02_22_520,31.0,68.0,45.0,-113.0,-128.0,-113.0,31.0,14.0,0.7431640625,-0.3056640625,0.4951171875,4.390243902439025,-16.219512195121954,-3.231707317073171
17_02_22_520,-12.0,-39.0,-82.0,-39.0,127.0,127.0,-57.0,-31.0,0.76708984375,-0.31591796875,0.494140625,1.524390243902439,-11.463414634146343,-3.4756097560975614
17_02_22_575,25.0,-7.0,-18.0,-113.0,-128.0,-67.0,4.0,50.0,0.8662109375,-0.27294921875,0.43603515625,-1.707317073170732,-16.219512195121954,-8.841463414634147
17_02_22_575,1.0,9.0,6.0,-36.0,59.0,70.0,127.0,4.0,0.8701171875,-0.28955078125,0.47119140625,-2.439024390243903,-16.76829268292683,-6.707317073170732
17_02_22_575,-4.0,-58.0,-12.0,108.0,127.0,50.0,48.0,13.0,0.85546875,-0.26416015625,0.45703125,-0.853658536585366,-15.54878048780488,-5.7926829268292686
17_02_22_575,9.0,23.0,65.0,45.0,60.0,80.0,116.0,38.0,0.8408203125,-0.2958984375,0.4697265625,-7.073170731707318,-17.743902439024392,-6.097560975609756
17_02_22_575,-6.0,2.0,-41.0,-100.0,-128.0,-128.0,-67.0,-3.0,0.8544921875,-0.26416015625,0.4296875,-4.939024390243903,-20.182926829268293,-9.146341463414634
17_02_22_575,8.0,-5.0,30.0,82.0,14.0,5.0,-54.0,-18.0,0.8583984375,-0.28369140625,0.4248046875,-0.7317073170731708,-23.658536585365855,-8.719512195121952
17_02_22_575,13.0,-27.0,-82.0,25.0,-73.0,106.0,-8.0,1.0,0.78515625,-0.314453125,0.455078125,-3.7195121951219514,-21.82926829268293,-8.414634146341465
17_02_22_575,5.0,24.0,32.0,-128.0,-71.0,-103.0,-74.0,-31.0,0.79443359375,-0.271484375,0.4267578125,3.048780487804878,-19.085365853658537,-5.426829268292684
17_02_22_575,-2.0,30.0,18.0,-89.0,127.0,-11.0,-54.0,-11.0,0.78955078125,-0.30712890625,0.4140625,3.658536585365854,-16.585365853658537,-2.5609756097560976
17_02_22_575,-2.0,-32.0,-89.0,-2.0,43.0,127.0,52.0,6.0,0.7578125,-0.3037109375,0.44921875,6.585365853658537,-16.463414634146343,-2.9268292682926833
17_02_22_616,-2.0,11.0,34.0,-11.0,-128.0,-128.0,-38.0,-10.0,0.8603515625,-0.2578125,0.35400390625,0.853658536585366,-18.902439024390244,-9.573170731707318
17_02_22_616,37.0,-9.0,29.0,127.0,15.0,127.0,127.0,76.0,0.88525390625,-0.27685546875,0.38037109375,3.048780487804878,-18.10975609756098,-9.878048780487806
17_02_22_616,-9.0,-52.0,-85.0,-68.0,74.0,-101.0,-128.0,-27.0,0.85986328125,-0.2744140625,0.4052734375,0.24390243902439027,-17.5609756097561,-8.414634146341465
17_02_22_616,-20.0,36.0,18.0,-39.0,-4.0,-89.0,-67.0,4.0,0.8662109375,-0.27294921875,0.43603515625,-1.707317073170732,-16.219512195121954,-8.841463414634147
17_02_22_616,11.0,5.0,10.0,-50.0,-65.0,-125.0,-40.0,5.0,0.8701171875,-0.28955078125,0.47119140625,-2.439024390243903,-16.76829268292683,-6.707317073170732
17_02_22_616,-9.0,-21.0,38.0,-51.0,-128.0,-109.0,-61.0,-20.0,0.85546875,-0.26416015625,0.45703125,-0.853658536585366,-15.54878048780488,-5.7926829268292686
17_02_22_616,-29.0,26.0,31.0,31.0,10.0,44.0,28.0,-11.0,0.8408203125,-0.2958984375,0.4697265625,-7.073170731707318,-17.743902439024392,-6.097560975609756
17_02_22_616,-20.0,-27.0,63.0,54.0,127.0,-11.0,-89.0,-31.0,0.8544921875,-0.26416015625,0.4296875,-4.939024390243903,-20.182926829268293,-9.146341463414634
17_02_22_616,9.0,2.0,-52.0,-60.0,-128.0,21.0,39.0,85.0,0.8583984375,-0.28369140625,0.4248046875,-0.7317073170731708,-23.658536585365855,-8.719512195121952
17_02_22_616,-5.0,3.0,-83.0,10.0,127.0,-6.0,-16.0,-16.0,0.78515625,-0.314453125,0.455078125,-3.7195121951219514,-21.82926829268293,-8.414634146341465
17_02_22_679,-9.0,25.0,2.0,-31.0,-84.0,85.0,62.0,-12.0,0.8525390625,-0.294921875,0.3203125,-7.8048780487804885,-22.5609756097561,-12.621951219512196
17_02_22_679,10.0,7.0,14.0,-42.0,-128.0,-128.0,-1.0,7.0,0.8828125,-0.244140625,0.32470703125,-3.231707317073171,-21.463414634146343,-14.02439024390244
17_02_22_679,-8.0,-40.0,35.0,127.0,127.0,127.0,-13.0,-12.0,0.85498046875,-0.24951171875,0.333984375,-1.402439024390244,-19.26829268292683,-11.951219512195124
17_02_22_679,-1.0,-17.0,-56.0,-128.0,-128.0,-128.0,-128.0,-54.0,0.8603515625,-0.2578125,0.35400390625,0.853658536585366,-18.902439024390244,-9.573170731707318
17_02_22_679,25.0,5.0,27.0,3.0,-41.0,-10.0,51.0,37.0,0.88525390625,-0.27685546875,0.38037109375,3.048780487804878,-18.10975609756098,-9.878048780487806
17_02_22_679,28.0,45.0,-15.0,7.0,-1.0,37.0,33.0,35.0,0.85986328125,-0.2744140625,0.4052734375,0.24390243902439027,-17.5609756097561,-8.414634146341465
17_02_22_679,9.0,-19.0,21.0,-17.0,-7.0,31.0,54.0,9.0,0.8662109375,-0.27294921875,0.43603515625,-1.707317073170732,-16.219512195121954,-8.841463414634147
17_02_22_679,-2.0,16.0,77.0,58.0,127.0,20.0,-7.0,4.0,0.8701171875,-0.28955078125,0.47119140625,-2.439024390243903,-16.76829268292683,-6.707317073170732
17_02_22_679,-4.0,-48.0,-81.0,-117.0,-128.0,15.0,20.0,6.0,0.85546875,-0.26416015625,0.45703125,-0.853658536585366,-15.54878048780488,-5.7926829268292686
17_02_22_679,-18.0,36.0,62.0,45.0,50.0,-64.0,-43.0,-28.0,0.8408203125,-0.2958984375,0.4697265625,-7.073170731707318,-17.743902439024392,-6.097560975609756
17_02_22_714,-7.0,17.0,-1.0,-46.0,-119.0,-54.0,-49.0,-33.0,0.89404296875,-0.2060546875,0.3701171875,-2.3170731707317076,-23.963414634146343,-11.158536585365855
17_02_22_714,5.0,18.0,-23.0,-13.0,11.0,-42.0,-57.0,-13.0,0.9033203125,-0.27001953125,0.3642578125,-8.170731707317074,-21.646341463414636,-12.80487804878049
17_02_22_714,16.0,-35.0,-37.0,-90.0,-47.0,9.0,33.0,-10.0,0.8525390625,-0.294921875,0.3203125,-7.8048780487804885,-22.5609756097561,-12.621951219512196
17_02_22_714,-20.0,-3.0,5.0,57.0,127.0,-5.0,-93.0,-1.0,0.8828125,-0.244140625,0.32470703125,-3.231707317073171,-21.463414634146343,-14.02439024390244
17_02_22_714,32.0,35.0,-20.0,-37.0,107.0,63.0,25.0,19.0,0.85498046875,-0.24951171875,0.333984375,-1.402439024390244,-19.26829268292683,-11.951219512195124
17_02_22_714,3.0,36.0,-37.0,-23.0,-38.0,-40.0,-15.0,22.0,0.8603515625,-0.2578125,0.35400390625,0.853658536585366,-18.902439024390244,-9.573170731707318
17_02_22_714,-32.0,-53.0,-39.0,64.0,5.0,-13.0,2.0,-4.0,0.88525390625,-0.27685546875,0.38037109375,3.048780487804878,-18.10975609756098,-9.878048780487806
17_02_22_714,6.0,20.0,-24.0,-59.0,-102.0,-35.0,-80.0,-7.0,0.85986328125,-0.2744140625,0.4052734375,0.24390243902439027,-17.5609756097561,-8.414634146341465
17_02_22_714,-5.0,25.0,89.0,60.0,-50.0,42.0,-46.0,3.0,0.8662109375,-0.27294921875,0.43603515625,-1.707317073170732,-16.219512195121954,-8.841463414634147
17_02_22_714,4.0,-13.0,-3.0,127.0,127.0,20.0,-37.0,9.0,0.8701171875,-0.28955078125,0.47119140625,-2.439024390243903,-16.76829268292683,-6.707317073170732
17_02_22_769,-6.0,-22.0,-3.0,-47.0,-128.0,-128.0,-73.0,-45.0,0.90380859375,-0.2314453125,0.3701171875,-2.987804878048781,-23.475609756097562,-14.085365853658537
17_02_22_769,38.0,-13.0,-27.0,15.0,-50.0,84.0,127.0,52.0,0.89404296875,-0.2060546875,0.3701171875,-2.3170731707317076,-23.963414634146343,-11.158536585365855
17_02_22_769,-17.0,27.0,64.0,127.0,127.0,44.0,-88.0,-7.0,0.9033203125,-0.27001953125,0.3642578125,-8.170731707317074,-21.646341463414636,-12.80487804878049
17_02_22_769,-24.0,-62.0,-11.0,-78.0,-128.0,-94.0,0.0,-26.0,0.8525390625,-0.294921875,0.3203125,-7.8048780487804885,-22.5609756097561,-12.621951219512196
17_02_22_769,-7.0,17.0,-1.0,-46.0,-119.0,-54.0,-49.0,-33.0,0.8828125,-0.244140625,0.32470703125,-3.231707317073171,-21.463414634146343,-14.02439024390244
17_02_22_769,5.0,18.0,-23.0,-13.0,11.0,-42.0,-57.0,-13.0,0.85498046875,-0.24951171875,0.333984375,-1.402439024390244,-19.26829268292683,-11.951219512195124
17_02_22_769,16.0,-35.0,-37.0,-90.0,-47.0,9.0,33.0,-10.0,0.8603515625,-0.2578125,0.35400390625,0.853658536585366,-18.902439024390244,-9.573170731707318
17_02_22_769,-20.0,-3.0,5.0,57.0,127.0,-5.0,-93.0,-1.0,0.88525390625,-0.27685546875,0.38037109375,3.048780487804878,-18.10975609756098,-9.878048780487806
17_02_22_769,32.0,35.0,-20.0,-37.0,107.0,63.0,25.0,19.0,0.85986328125,-0.2744140625,0.4052734375,0.24390243902439027,-17.5609756097561,-8.414634146341465
17_02_22_769,3.0,36.0,-37.0,-23.0,-38.0,-40.0,-15.0,22.0,0.8662109375,-0.27294921875,0.43603515625,-1.707317073170732,-16.219512195121954,-8.841463414634147
17_02_22_821,-12.0,-9.0,-26.0,-20.0,-17.0,-37.0,0.0,-9.0,0.8662109375,-0.20166015625,0.3486328125,-11.219512195121952,-23.414634146341466,-8.048780487804878
17_02_22_821,5.0,-28.0,-47.0,2.0,-42.0,26.0,19.0,10.0,1.1240234375,-0.31982421875,0.171875,0.7317073170731708,-23.414634146341466,-5.670731707317073
17_02_22_821,-31.0,-17.0,-2.0,24.0,28.0,12.0,-59.0,-20.0,0.90380859375,-0.2314453125,0.3701171875,-2.987804878048781,-23.475609756097562,-14.085365853658537
17_02_22_821,-17.0,18.0,1.0,-65.0,33.0,-42.0,-38.0,-10.0,0.89404296875,-0.2060546875,0.3701171875,-2.3170731707317076,-23.963414634146343,-11.158536585365855
17_02_22_821,15.0,32.0,55.0,78.0,37.0,35.0,47.0,16.0,0.9033203125,-0.27001953125,0.3642578125,-8.170731707317074,-21.646341463414636,-12.80487804878049
17_02_22_821,-3.0,-13.0,-19.0,91.0,127.0,57.0,63.0,10.0,0.8525390625,-0.294921875,0.3203125,-7.8048780487804885,-22.5609756097561,-12.621951219512196
17_02_22_821,-19.0,-23.0,43.0,51.0,127.0,13.0,-48.0,-9.0,0.8828125,-0.244140625,0.32470703125,-3.231707317073171,-21.463414634146343,-14.02439024390244
17_02_22_821,-35.0,2.0,-71.0,-79.0,-105.0,5.0,19.0,-45.0,0.85498046875,-0.24951171875,0.333984375,-1.402439024390244,-19.26829268292683,-11.951219512195124
17_02_22_821,-28.0,-68.0,-36.0,-65.0,-128.0,-128.0,-68.0,-42.0,0.8603515625,-0.2578125,0.35400390625,0.853658536585366,-18.902439024390244,-9.573170731707318
17_02_22_821,31.0,4.0,-23.0,127.0,127.0,127.0,93.0,39.0,0.88525390625,-0.27685546875,0.38037109375,3.048780487804878,-18.10975609756098,-9.878048780487806
17_02_22_870,4.0,4.0,7.0,-11.0,-66.0,-18.0,6.0,13.0,0.9833984375,-0.37109375,0.234375,-16.03658536585366,-9.756097560975611,-2.1951219512195124
17_02_22_870,-3.0,-18.0,7.0,69.0,127.0,121.0,81.0,8.0,0.8408203125,-0.3203125,0.5986328125,-23.29268292682927,-9.451219512195122,-14.817073170731708
17_02_22_870,45.0,19.0,14.0,-17.0,-58.0,-4.0,-7.0,-14.0,0.8662109375,-0.20166015625,0.3486328125,-11.219512195121952,-23.414634146341466,-8.048780487804878
17_02_22_870,19.0,-4.0,-8.0,-6.0,-21.0,-53.0,-71.0,0.0,1.1240234375,-0.31982421875,0.171875,0.7317073170731708,-23.414634146341466,-5.670731707317073
17_02_22_870,0.0,9.0,-8.0,-64.0,-35.0,-40.0,-100.0,-20.0,0.90380859375,-0.2314453125,0.3701171875,-2.987804878048781,-23.475609756097562,-14.085365853658537
17_02_22_870,1.0,-13.0,6.0,46.0,-98.0,-21.0,-36.0,-12.0,0.89404296875,-0.2060546875,0.3701171875,-2.3170731707317076,-23.963414634146343,-11.158536585365855
17_02_22_870,11.0,28.0,32.0,58.0,127.0,46.0,43.0,28.0,0.9033203125,-0.27001953125,0.3642578125,-8.170731707317074,-21.646341463414636,-12.80487804878049
17_02_22_870,6.0,10.0,-13.0,-77.0,-128.0,-22.0,-13.0,27.0,0.8525390625,-0.294921875,0.3203125,-7.8048780487804885,-22.5609756097561,-12.621951219512196
17_02_22_870,-12.0,-9.0,-26.0,-20.0,-17.0,-37.0,0.0,-9.0,0.8828125,-0.244140625,0.32470703125,-3.231707317073171,-21.463414634146343,-14.02439024390244
17_02_22_870,5.0,-28.0,-47.0,2.0,-42.0,26.0,19.0,10.0,0.85498046875,-0.24951171875,0.333984375,-1.402439024390244,-19.26829268292683,-11.951219512195124
17_02_22_930,-1.0,13.0,17.0,-22.0,-21.0,7.0,-26.0,-7.0,0.95947265625,-0.1142578125,0.35205078125,-12.500000000000002,10.060975609756099,-4.634146341463415
17_02_22_930,-5.0,17.0,27.0,21.0,23.0,-11.0,10.0,5.0,1.08740234375,-0.12451171875,0.42236328125,9.695121951219512,-5.365853658536586,-8.292682926829269
17_02_22_930,0.0,-13.0,-33.0,-70.0,-88.0,-23.0,-15.0,-16.0,0.9833984375,-0.37109375,0.234375,-16.03658536585366,-9.756097560975611,-2.1951219512195124
17_02_22_930,-19.0,1.0,-15.0,-26.0,-56.0,-78.0,-64.0,-8.0,0.8408203125,-0.3203125,0.5986328125,-23.29268292682927,-9.451219512195122,-14.817073170731708
17_02_22_930,4.0,4.0,7.0,-11.0,-66.0,-18.0,6.0,13.0,0.8662109375,-0.20166015625,0.3486328125,-11.219512195121952,-23.414634146341466,-8.048780487804878
17_02_22_930,-3.0,-18.0,7.0,69.0,127.0,121.0,81.0,8.0,1.1240234375,-0.31982421875,0.171875,0.7317073170731708,-23.414634146341466,-5.670731707317073
17_02_22_930,45.0,19.0,14.0,-17.0,-58.0,-4.0,-7.0,-14.0,0.90380859375,-0.2314453125,0.3701171875,-2.987804878048781,-23.475609756097562,-14.085365853658537
17_02_22_930,19.0,-4.0,-8.0,-6.0,-21.0,-53.0,-71.0,0.0,0.89404296875,-0.2060546875,0.3701171875,-2.3170731707317076,-23.963414634146343,-11.158536585365855
17_02_22_930,0.0,9.0,-8.0,-64.0,-35.0,-40.0,-100.0,-20.0,0.9033203125,-0.27001953125,0.3642578125,-8.170731707317074,-21.646341463414636,-12.80487804878049
17_02_22_930,1.0,-13.0,6.0,46.0,-98.0,-21.0,-36.0,-12.0,0.8525390625,-0.294921875,0.3203125,-7.8048780487804885,-22.5609756097561,-12.621951219512196
17_02_22_969,-5.0,1.0,-3.0,-25.0,-12.0,-14.0,4.0,-3.0,0.92919921875,-0.150390625,0.2294921875,-16.52439024390244,-7.987804878048781,-15.853658536585368
17_02_22_969,1.0,-6.0,39.0,90.0,32.0,23.0,9.0,-16.0,1.01806640625,-0.158203125,0.388671875,-6.036585365853659,-4.390243902439025,-9.329268292682928
17_02_22_969,4.0,10.0,-52.0,-72.0,6.0,-4.0,2.0,-1.0,0.873046875,-0.23876953125,0.1669921875,-13.353658536585368,0.5487804878048781,-4.75609756097561
17_02_22_969,-6.0,7.0,34.0,16.0,-1.0,-17.0,-3.0,-7.0,0.95947265625,-0.1142578125,0.35205078125,-12.500000000000002,10.060975609756099,-4.634146341463415
17_02_22_969,8.0,5.0,1.0,-17.0,-7.0,-1.0,-12.0,-4.0,1.08740234375,-0.12451171875,0.42236328125,9.695121951219512,-5.365853658536586,-8.292682926829269
17_02_22_969,15.0,1.0,3.0,9.0,22.0,-21.0,-3.0,5.0,0.9833984375,-0.37109375,0.234375,-16.03658536585366,-9.756097560975611,-2.1951219512195124
17_02_22_969,-4.0,4.0,9.0,-24.0,-22.0,35.0,13.0,1.0,0.8408203125,-0.3203125,0.5986328125,-23.29268292682927,-9.451219512195122,-14.817073170731708
17_02_22_969,0.0,-5.0,-2.0,-11.0,-9.0,-56.0,-18.0,0.0,0.8662109375,-0.20166015625,0.3486328125,-11.219512195121952,-23.414634146341466,-8.048780487804878
17_02_22_969,-3.0,4.0,14.0,18.0,4.0,23.0,1.0,1.0,1.1240234375,-0.31982421875,0.171875,0.7317073170731708,-23.414634146341466,-5.670731707317073
17_02_22_969,-16.0,-26.0,-27.0,-23.0,-41.0,-20.0,-12.0,-6.0,0.90380859375,-0.2314453125,0.3701171875,-2.987804878048781,-23.475609756097562,-14.085365853658537
17_02_23_025,-34.0,-1.0,6.0,3.0,-1.0,-43.0,-42.0,-14.0,0.95751953125,-0.27685546875,0.31640625,-9.939024390243903,-7.865853658536586,-8.963414634146343
17_02_23_025,1.0,5.0,2.0,-4.0,6.0,104.0,22.0,6.0,0.92919921875,-0.150390625,0.2294921875,-16.52439024390244,-7.987804878048781,-15.853658536585368
17_02_23_025,2.0,5.0,6.0,-2.0,-3.0,-34.0,2.0,-1.0,1.01806640625,-0.158203125,0.388671875,-6.036585365853659,-4.390243902439025,-9.329268292682928
17_02_23_025,-4.0,2.0,-7.0,-6.0,-16.0,-18.0,-17.0,-11.0,0.873046875,-0.23876953125,0.1669921875,-13.353658536585368,0.5487804878048781,-4.75609756097561
17_02_23_025,-3.0,-1.0,16.0,-9.0,-1.0,8.0,-5.0,-3.0,0.95947265625,-0.1142578125,0.35205078125,-12.500000000000002,10.060975609756099,-4.634146341463415
17_02_23_025,6.0,-7.0,-14.0,-22.0,-20.0,-17.0,7.0,3.0,1.08740234375,-0.12451171875,0.42236328125,9.695121951219512,-5.365853658536586,-8.292682926829269
17_02_23_025,-5.0,1.0,-3.0,-25.0,-12.0,-14.0,4.0,-3.0,0.9833984375,-0.37109375,0.234375,-16.03658536585366,-9.756097560975611,-2.1951219512195124
17_02_23_025,1.0,-6.0,39.0,90.0,32.0,23.0,9.0,-16.0,0.8408203125,-0.3203125,0.5986328125,-23.29268292682927,-9.451219512195122,-14.817073170731708
17_02_23_025,4.0,10.0,-52.0,-72.0,6.0,-4.0,2.0,-1.0,0.8662109375,-0.20166015625,0.3486328125,-11.219512195121952,-23.414634146341466,-8.048780487804878
17_02_23_025,-6.0,7.0,34.0,16.0,-1.0,-17.0,-3.0,-7.0,1.1240234375,-0.31982421875,0.171875,0.7317073170731708,-23.414634146341466,-5.670731707317073
17_02_23_082,2.0,6.0,9.0,8.0,1.0,2.0,18.0,2.0,1.0517578125,-0.1611328125,0.3662109375,-17.743902439024392,8.048780487804878,-6.707317073170732
17_02_23_082,-2.0,-6.0,-11.0,-20.0,-5.0,-6.0,-5.0,-2.0,0.95361328125,-0.1826171875,0.24609375,-6.890243902439025,1.3414634146341464,-3.048780487804878
17_02_23_082,-4.0,-8.0,5.0,-3.0,-1.0,3.0,1.0,-4.0,0.88916015625,-0.2685546875,0.26171875,0.853658536585366,-1.1585365853658538,2.7439024390243905
17_02_23_082,5.0,6.0,-14.0,-28.0,-10.0,-3.0,7.0,1.0,0.95751953125,-0.27685546875,0.31640625,-9.939024390243903,-7.865853658536586,-8.963414634146343
17_02_23_082,-1.0,6.0,2.0,0.0,-6.0,-5.0,-3.0,-3.0,0.92919921875,-0.150390625,0.2294921875,-16.52439024390244,-7.987804878048781,-15.853658536585368
17_02_23_082,-3.0,-5.0,-2.0,-1.0,-6.0,1.0,5.0,-3.0,1.01806640625,-0.158203125,0.388671875,-6.036585365853659,-4.390243902439025,-9.329268292682928
17_02_23_082,-6.0,2.0,-3.0,0.0,4.0,9.0,1.0,0.0,0.873046875,-0.23876953125,0.1669921875,-13.353658536585368,0.5487804878048781,-4.75609756097561
17_02_23_082,-2.0,-8.0,-5.0,-4.0,-13.0,-12.0,-8.0,2.0,0.95947265625,-0.1142578125,0.35205078125,-12.500000000000002,10.060975609756099,-4.634146341463415
17_02_23_082,3.0,7.0,4.0,10.0,34.0,1.0,-8.0,-3.0,1.08740234375,-0.12451171875,0.42236328125,9.695121951219512,-5.365853658536586,-8.292682926829269
17_02_23_082,-1.0,-11.0,-4.0,-5.0,-30.0,-21.0,-11.0,-1.0,0.9833984375,-0.37109375,0.234375,-16.03658536585366,-9.756097560975611,-2.1951219512195124
17_02_23_123,-2.0,-6.0,-5.0,-1.0,-3.0,-14.0,-15.0,-15.0,0.85009765625,-0.369140625,0.29150390625,-5.609756097560976,3.2926829268292686,0.0
17_02_23_123,-8.0,-8.0,-6.0,-7.0,-9.0,-23.0,8.0,-14.0,0.8701171875,-0.2197265625,0.27978515625,-27.378048780487806,11.036585365853659,-2.378048780487805
17_02_23_123,5.0,14.0,2.0,3.0,5.0,28.0,14.0,-2.0,1.0517578125,-0.1611328125,0.3662109375,-17.743902439024392,8.048780487804878,-6.707317073170732
17_02_23_123,3.0,-17.0,-10.0,3.0,-5.0,-18.0,2.0,0.0,0.95361328125,-0.1826171875,0.24609375,-6.890243902439025,1.3414634146341464,-3.048780487804878
17_02_23_123,-1.0,1.0,4.0,1.0,-5.0,-20.0,-9.0,0.0,0.88916015625,-0.2685546875,0.26171875,0.853658536585366,-1.1585365853658538,2.7439024390243905
17_02_23_123,-3.0,-5.0,-8.0,-1.0,7.0,3.0,1.0,-4.0,0.95751953125,-0.27685546875,0.31640625,-9.939024390243903,-7.865853658536586,-8.963414634146343
17_02_23_123,4.0,6.0,-4.0,3.0,-2.0,10.0,-8.0,-1.0,0.92919921875,-0.150390625,0.2294921875,-16.52439024390244,-7.987804878048781,-15.853658536585368
17_02_23_123,0.0,-2.0,4.0,-10.0,-6.0,-16.0,-4.0,0.0,1.01806640625,-0.158203125,0.388671875,-6.036585365853659,-4.390243902439025,-9.329268292682928
17_02_23_123,2.0,6.0,9.0,8.0,1.0,2.0,18.0,2.0,0.873046875,-0.23876953125,0.1669921875,-13.353658536585368,0.5487804878048781,-4.75609756097561
17_02_23_123,-2.0,-6.0,-11.0,-20.0,-5.0,-6.0,-5.0,-2.0,0.95947265625,-0.1142578125,0.35205078125,-12.500000000000002,10.060975609756099,-4.634146341463415
17_02_23_183,-2.0,19.0,17.0,7.0,-1.0,-6.0,-14.0,9.0,0.85009765625,-0.369140625,0.29150390625,-5.609756097560976,3.2926829268292686,0.0
17_02_23_183,-2.0,-6.0,-5.0,-1.0,-3.0,-14.0,-15.0,-15.0,0.8701171875,-0.2197265625,0.27978515625,-27.378048780487806,11.036585365853659,-2.378048780487805
17_02_23_183,-8.0,-8.0,-6.0,-7.0,-9.0,-23.0,8.0,-14.0,1.0517578125,-0.1611328125,0.3662109375,-17.743902439024392,8.048780487804878,-6.707317073170732
17_02_23_183,5.0,14.0,2.0,3.0,5.0,28.0,14.0,-2.0,0.95361328125,-0.1826171875,0.24609375,-6.890243902439025,1.3414634146341464,-3.048780487804878
17_02_23_183,3.0,-17.0,-10.0,3.0,-5.0,-18.0,2.0,0.0,0.88916015625,-0.2685546875,0.26171875,0.853658536585366,-1.1585365853658538,2.7439024390243905
17_02_23_183,-1.0,1.0,4.0,1.0,-5.0,-20.0,-9.0,0.0,0.95751953125,-0.27685546875,0.31640625,-9.939024390243903,-7.865853658536586,-8.963414634146343
17_02_23_183,-3.0,-5.0,-8.0,-1.0,7.0,3.0,1.0,-4.0,0.92919921875,-0.150390625,0.2294921875,-16.52439024390244,-7.987804878048781,-15.853658536585368
17_02_23_183,4.0,6.0,-4.0,3.0,-2.0,10.0,-8.0,-1.0,1.01806640625,-0.158203125,0.388671875,-6.036585365853659,-4.390243902439025,-9.329268292682928
17_02_23_183,0.0,-2.0,4.0,-10.0,-6.0,-16.0,-4.0,0.0,0.873046875,-0.23876953125,0.1669921875,-13.353658536585368,0.5487804878048781,-4.75609756097561
17_02_23_229,-4.0,4.0,13.0,15.0,17.0,65.0,36.0,6.0,0.9716796875,-0.11328125,0.33837890625,-10.609756097560977,19.390243902439025,-14.451219512195124
17_02_23_229,-21.0,-11.0,-6.0,-10.0,-3.0,-27.0,-12.0,-19.0,0.93017578125,-0.15185546875,0.3271484375,11.341463414634147,14.329268292682928,-9.817073170731708
17_02_23_229,3.0,12.0,15.0,9.0,-1.0,-20.0,-12.0,-1.0,0.89599609375,-0.26171875,0.28759765625,23.170731707317074,6.402439024390245,-2.7439024390243905
17_02_23_229,-2.0,10.0,-10.0,-2.0,1.0,-6.0,-4.0,1.0,0.85009765625,-0.369140625,0.29150390625,-5.609756097560976,3.2926829268292686,0.0
17_02_23_229,0.0,-5.0,6.0,7.0,1.0,2.0,-20.0,-11.0,0.8701171875,-0.2197265625,0.27978515625,-27.378048780487806,11.036585365853659,-2.378048780487805
17_02_23_229,3.0,-10.0,-48.0,-27.0,-5.0,24.0,6.0,36.0,1.0517578125,-0.1611328125,0.3662109375,-17.743902439024392,8.048780487804878,-6.707317073170732
17_02_23_229,-27.0,1.0,41.0,20.0,2.0,-17.0,-23.0,-60.0,0.95361328125,-0.1826171875,0.24609375,-6.890243902439025,1.3414634146341464,-3.048780487804878
17_02_23_229,3.0,1.0,-5.0,2.0,1.0,2.0,14.0,40.0,0.88916015625,-0.2685546875,0.26171875,0.853658536585366,-1.1585365853658538,2.7439024390243905
17_02_23_229,4.0,20.0,7.0,-12.0,-4.0,-3.0,-1.0,-13.0,0.95751953125,-0.27685546875,0.31640625,-9.939024390243903,-7.865853658536586,-8.963414634146343
17_02_23_229,-8.0,-4.0,16.0,8.0,2.0,2.0,2.0,4.0,0.92919921875,-0.150390625,0.2294921875,-16.52439024390244,-7.987804878048781,-15.853658536585368
17_02_23_282,-1.0,-2.0,-16.0,-3.0,0.0,2.0,0.0,-12.0,0.95361328125,-0.181640625,0.298828125,-18.78048780487805,23.231707317073173,-13.170731707317074
17_02_23_282,-1.0,-5.0,-14.0,-7.0,-8.0,-7.0,-6.0,0.0,0.9443359375,-0.1748046875,0.3046875,-27.439024390243905,24.451219512195124,-11.219512195121952
17_02_23_282,-7.0,12.0,-7.0,-8.0,0.0,6.0,-2.0,9.0,0.9716796875,-0.11328125,0.33837890625,-10.609756097560977,19.390243902439025,-14.451219512195124
17_02_23_282,2.0,-12.0,-10.0,3.0,-3.0,-21.0,-8.0,4.0,0.93017578125,-0.15185546875,0.3271484375,11.341463414634147,14.329268292682928,-9.817073170731708
17_02_23_282,-12.0,-4.0,0.0,3.0,7.0,23.0,39.0,-50.0,0.89599609375,-0.26171875,0.28759765625,23.170731707317074,6.402439024390245,-2.7439024390243905
17_02_23_282,2.0,5.0,1.0,-3.0,-3.0,-21.0,-35.0,55.0,0.85009765625,-0.369140625,0.29150390625,-5.609756097560976,3.2926829268292686,0.0
17_02_23_282,-8.0,-15.0,7.0,5.0,2.0,-8.0,-4.0,-11.0,0.8701171875,-0.2197265625,0.27978515625,-27.378048780487806,11.036585365853659,-2.378048780487805
17_02_23_282,16.0,5.0,-24.0,-1.0,7.0,23.0,40.0,38.0,1.0517578125,-0.1611328125,0.3662109375,-17.743902439024392,8.048780487804878,-6.707317073170732
17_02_23_282,-4.0,4.0,13.0,15.0,17.0,65.0,36.0,6.0,0.95361328125,-0.1826171875,0.24609375,-6.890243902439025,1.3414634146341464,-3.048780487804878
17_02_23_282,-21.0,-11.0,-6.0,-10.0,-3.0,-27.0,-12.0,-19.0,0.88916015625,-0.2685546875,0.26171875,0.853658536585366,-1.1585365853658538,2.7439024390243905
17_02_23_349,-2.0,3.0,-3.0,-3.0,0.0,-1.0,-4.0,-2.0,0.9365234375,-0.18701171875,0.3427734375,-5.365853658536586,25.426829268292686,-11.28048780487805
17_02_23_349,-3.0,-4.0,1.0,-1.0,1.0,-2.0,-3.0,-8.0,0.95068359375,-0.16796875,0.3583984375,-7.621951219512196,23.414634146341466,-14.695121951219514
17_02_23_349,4.0,3.0,5.0,3.0,1.0,0.0,3.0,0.0,0.95361328125,-0.181640625,0.298828125,-18.78048780487805,23.231707317073173,-13.170731707317074
17_02_23_349,-3.0,4.0,8.0,2.0,-1.0,-5.0,-1.0,-3.0,0.9443359375,-0.1748046875,0.3046875,-27.439024390243905,24.451219512195124,-11.219512195121952
17_02_23_349,-4.0,3.0,-9.0,0.0,-1.0,1.0,1.0,-1.0,0.9716796875,-0.11328125,0.33837890625,-10.609756097560977,19.390243902439025,-14.451219512195124
17_02_23_349,-8.0,-20.0,22.0,2.0,0.0,2.0,3.0,2.0,0.93017578125,-0.15185546875,0.3271484375,11.341463414634147,14.329268292682928,-9.817073170731708
17_02_23_349,2.0,16.0,3.0,-16.0,-7.0,0.0,0.0,1.0,0.89599609375,-0.26171875,0.28759765625,23.170731707317074,6.402439024390245,-2.7439024390243905
17_02_23_349,-2.0,-20.0,-10.0,-12.0,-3.0,-1.0,-4.0,-1.0,0.85009765625,-0.369140625,0.29150390625,-5.609756097560976,3.2926829268292686,0.0
17_02_23_349,0.0,16.0,43.0,19.0,1.0,-1.0,-1.0,-12.0,0.8701171875,-0.2197265625,0.27978515625,-27.378048780487806,11.036585365853659,-2.378048780487805
17_02_23_349,5.0,-16.0,-14.0,2.0,3.0,4.0,1.0,8.0,1.0517578125,-0.1611328125,0.3662109375,-17.743902439024392,8.048780487804878,-6.707317073170732
17_02_23_378,2.0,-1.0,3.0,-1.0,-3.0,1.0,0.0,-1.0,0.83544921875,-0.1298828125,0.31494140625,-12.621951219512196,-1.524390243902439,-11.829268292682928
17_02_23_378,1.0,0.0,-6.0,0.0,0.0,0.0,0.0,4.0,0.85888671875,-0.130859375,0.3193359375,-2.1951219512195124,7.134146341463415,-13.04878048780488
17_02_23_378,-2.0,-7.0,-12.0,-5.0,1.0,-2.0,-4.0,-4.0,0.88671875,-0.15771484375,0.34326171875,9.329268292682928,14.085365853658537,-12.378048780487806
17_02_23_378,3.0,8.0,4.0,8.0,0.0,2.0,-4.0,-1.0,0.90283203125,-0.201171875,0.34130859375,6.402439024390245,18.29268292682927,-6.890243902439025
17_02_23_378,-18.0,-7.0,1.0,-4.0,-4.0,-2.0,-4.0,-35.0,0.9365234375,-0.18701171875,0.3427734375,-5.365853658536586,25.426829268292686,-11.28048780487805
17_02_23_378,1.0,-13.0,-7.0,1.0,-5.0,-3.0,-4.0,9.0,0.95068359375,-0.16796875,0.3583984375,-7.621951219512196,23.414634146341466,-14.695121951219514
17_02_23_378,-1.0,-9.0,-14.0,-2.0,-1.0,-2.0,-1.0,-10.0,0.95361328125,-0.181640625,0.298828125,-18.78048780487805,23.231707317073173,-13.170731707317074
17_02_23_378,0.0,2.0,0.0,-3.0,-1.0,0.0,1.0,1.0,0.9443359375,-0.1748046875,0.3046875,-27.439024390243905,24.451219512195124,-11.219512195121952
17_02_23_378,-2.0,-10.0,-20.0,-1.0,-1.0,-6.0,-2.0,-2.0,0.9716796875,-0.11328125,0.33837890625,-10.609756097560977,19.390243902439025,-14.451219512195124
17_02_23_378,-2.0,0.0,4.0,3.0,1.0,-3.0,1.0,1.0,0.93017578125,-0.15185546875,0.3271484375,11.341463414634147,14.329268292682928,-9.817073170731708
17_02_23_430,-4.0,-1.0,3.0,3.0,0.0,-4.0,-3.0,-3.0,0.83544921875,-0.1298828125,0.31494140625,-12.621951219512196,-1.524390243902439,-11.829268292682928
17_02_23_430,1.0,8.0,-18.0,-15.0,-3.0,2.0,2.0,-1.0,0.85888671875,-0.130859375,0.3193359375,-2.1951219512195124,7.134146341463415,-13.04878048780488
17_02_23_430,2.0,-2.0,5.0,5.0,1.0,5.0,0.0,-3.0,0.88671875,-0.15771484375,0.34326171875,9.329268292682928,14.085365853658537,-12.378048780487806
17_02_23_430,2.0,-1.0,3.0,-1.0,-3.0,1.0,0.0,-1.0,0.90283203125,-0.201171875,0.34130859375,6.402439024390245,18.29268292682927,-6.890243902439025
17_02_23_430,1.0,0.0,-6.0,0.0,0.0,0.0,0.0,4.0,0.9365234375,-0.18701171875,0.3427734375,-5.365853658536586,25.426829268292686,-11.28048780487805
17_02_23_430,-2.0,-7.0,-12.0,-5.0,1.0,-2.0,-4.0,-4.0,0.95068359375,-0.16796875,0.3583984375,-7.621951219512196,23.414634146341466,-14.695121951219514
17_02_23_430,3.0,8.0,4.0,8.0,0.0,2.0,-4.0,-1.0,0.95361328125,-0.181640625,0.298828125,-18.78048780487805,23.231707317073173,-13.170731707317074
17_02_23_430,-18.0,-7.0,1.0,-4.0,-4.0,-2.0,-4.0,-35.0,0.9443359375,-0.1748046875,0.3046875,-27.439024390243905,24.451219512195124,-11.219512195121952
17_02_23_430,1.0,-13.0,-7.0,1.0,-5.0,-3.0,-4.0,9.0,0.9716796875,-0.11328125,0.33837890625,-10.609756097560977,19.390243902439025,-14.451219512195124
17_02_23_489,-3.0,-1.0,2.0,0.0,-1.0,-1.0,0.0,-3.0,0.8623046875,-0.1650390625,0.2744140625,-2.5,-30.182926829268297,-28.414634146341466
17_02_23_489,-2.0,-2.0,-3.0,-3.0,-4.0,0.0,1.0,-1.0,0.83984375,-0.18701171875,0.2861328125,-3.963414634146342,-23.963414634146343,-23.53658536585366
17_02_23_489,-3.0,1.0,1.0,-4.0,2.0,-2.0,-2.0,0.0,0.833984375,-0.18408203125,0.30517578125,-12.560975609756099,-16.646341463414636,-18.29268292682927
17_02_23_489,-3.0,0.0,0.0,0.0,0.0,1.0,1.0,-1.0,0.8310546875,-0.15576171875,0.3203125,-16.76829268292683,-9.146341463414634,-13.902439024390246
17_02_23_489,0.0,-2.0,-3.0,-1.0,0.0,-2.0,-4.0,0.0,0.83544921875,-0.1298828125,0.31494140625,-12.621951219512196,-1.524390243902439,-11.829268292682928
17_02_23_489,2.0,-3.0,1.0,1.0,0.0,-3.0,1.0,1.0,0.85888671875,-0.130859375,0.3193359375,-2.1951219512195124,7.134146341463415,-13.04878048780488
17_02_23_489,-1.0,2.0,-15.0,-1.0,1.0,-2.0,0.0,-3.0,0.88671875,-0.15771484375,0.34326171875,9.329268292682928,14.085365853658537,-12.378048780487806
17_02_23_489,2.0,4.0,10.0,1.0,1.0,0.0,-4.0,-2.0,0.90283203125,-0.201171875,0.34130859375,6.402439024390245,18.29268292682927,-6.890243902439025
17_02_23_489,-2.0,2.0,-2.0,0.0,1.0,0.0,-4.0,-3.0,0.9365234375,-0.18701171875,0.3427734375,-5.365853658536586,25.426829268292686,-11.28048780487805
17_02_23_489,3.0,-3.0,1.0,-1.0,0.0,-6.0,-5.0,2.0,0.95068359375,-0.16796875,0.3583984375,-7.621951219512196,23.414634146341466,-14.695121951219514
17_02_23_532,3.0,3.0,-2.0,0.0,-4.0,0.0,-2.0,0.0,0.912109375,-0.1669921875,0.24755859375,-12.378048780487806,-39.93902439024391,-32.86585365853659
17_02_23_532,-3.0,-1.0,0.0,-3.0,-3.0,-3.0,-4.0,-2.0,0.8623046875,-0.1650390625,0.2744140625,-2.5,-30.182926829268297,-28.414634146341466
17_02_23_532,0.0,-3.0,-3.0,-1.0,-4.0,-3.0,-1.0,-2.0,0.83984375,-0.18701171875,0.2861328125,-3.963414634146342,-23.963414634146343,-23.53658536585366
17_02_23_532,-2.0,-1.0,-2.0,-2.0,-1.0,-1.0,-1.0,2.0,0.833984375,-0.18408203125,0.30517578125,-12.560975609756099,-16.646341463414636,-18.29268292682927
17_02_23_532,1.0,0.0,-4.0,1.0,-3.0,-3.0,0.0,-4.0,0.8310546875,-0.15576171875,0.3203125,-16.76829268292683,-9.146341463414634,-13.902439024390246
17_02_23_532,-3.0,-1.0,2.0,0.0,-1.0,-1.0,0.0,-3.0,0.83544921875,-0.1298828125,0.31494140625,-12.621951219512196,-1.524390243902439,-11.829268292682928
17_02_23_532,-2.0,-2.0,-3.0,-3.0,-4.0,0.0,1.0,-1.0,0.85888671875,-0.130859375,0.3193359375,-2.1951219512195124,7.134146341463415,-13.04878048780488
17_02_23_532,-3.0,1.0,1.0,-4.0,2.0,-2.0,-2.0,0.0,0.88671875,-0.15771484375,0.34326171875,9.329268292682928,14.085365853658537,-12.378048780487806
17_02_23_532,-3.0,0.0,0.0,0.0,0.0,1.0,1.0,-1.0,0.90283203125,-0.201171875,0.34130859375,6.402439024390245,18.29268292682927,-6.890243902439025
17_02_23_593,2.0,-4.0,-2.0,3.0,-2.0,-2.0,3.0,-5.0,0.95654296875,-0.1435546875,0.220703125,-25.914634146341466,-40.60975609756098,-33.53658536585366
17_02_23_593,0.0,0.0,0.0,0.0,0.0,-2.0,0.0,2.0,0.94384765625,-0.14892578125,0.236328125,-22.195121951219512,-42.86585365853659,-34.08536585365854
17_02_23_593,1.0,-1.0,-2.0,0.0,-1.0,2.0,2.0,1.0,0.9296875,-0.16455078125,0.2353515625,-16.951219512195124,-42.13414634146342,-33.53658536585366
17_02_23_593,-2.0,-1.0,-4.0,-3.0,-2.0,-2.0,-1.0,2.0,0.912109375,-0.1669921875,0.24755859375,-12.378048780487806,-39.93902439024391,-32.86585365853659
17_02_23_593,-3.0,3.0,4.0,-1.0,-1.0,1.0,-3.0,-2.0,0.8623046875,-0.1650390625,0.2744140625,-2.5,-30.182926829268297,-28.414634146341466
17_02_23_593,-3.0,0.0,-3.0,-2.0,1.0,3.0,2.0,0.0,0.83984375,-0.18701171875,0.2861328125,-3.963414634146342,-23.963414634146343,-23.53658536585366
17_02_23_593,-1.0,2.0,2.0,-3.0,0.0,-1.0,-1.0,1.0,0.833984375,-0.18408203125,0.30517578125,-12.560975609756099,-16.646341463414636,-18.29268292682927
17_02_23_593,0.0,3.0,-2.0,0.0,2.0,-1.0,1.0,1.0,0.8310546875,-0.15576171875,0.3203125,-16.76829268292683,-9.146341463414634,-13.902439024390246
17_02_23_593,2.0,-26.0,-7.0,-1.0,-1.0,-1.0,2.0,-1.0,0.83544921875,-0.1298828125,0.31494140625,-12.621951219512196,-1.524390243902439,-11.829268292682928
17_02_23_593,0.0,12.0,-1.0,0.0,-1.0,2.0,-1.0,-4.0,0.85888671875,-0.130859375,0.3193359375,-2.1951219512195124,7.134146341463415,-13.04878048780488
17_02_23_638,1.0,-1.0,-1.0,1.0,-2.0,1.0,1.0,0.0,0.94384765625,-0.14892578125,0.236328125,-22.195121951219512,-42.86585365853659,-34.08536585365854
17_02_23_638,-3.0,0.0,-1.0,-1.0,-1.0,0.0,-3.0,-1.0,0.9296875,-0.16455078125,0.2353515625,-16.951219512195124,-42.13414634146342,-33.53658536585366
17_02_23_638,-5.0,-1.0,-1.0,-1.0,0.0,-6.0,-5.0,0.0,0.912109375,-0.1669921875,0.24755859375,-12.378048780487806,-39.93902439024391,-32.86585365853659
17_02_23_638,1.0,2.0,-3.0,-3.0,-2.0,2.0,0.0,0.0,0.8623046875,-0.1650390625,0.2744140625,-2.5,-30.182926829268297,-28.414634146341466
17_02_23_638,1.0,0.0,2.0,0.0,1.0,-1.0,2.0,-3.0,0.83984375,-0.18701171875,0.2861328125,-3.963414634146342,-23.963414634146343,-23.53658536585366
17_02_23_638,0.0,-1.0,-3.0,0.0,1.0,2.0,-4.0,-5.0,0.833984375,-0.18408203125,0.30517578125,-12.560975609756099,-16.646341463414636,-18.29268292682927
17_02_23_638,-1.0,0.0,0.0,-1.0,-1.0,2.0,-3.0,0.0,0.8310546875,-0.15576171875,0.3203125,-16.76829268292683,-9.146341463414634,-13.902439024390246
17_02_23_682,0.0,4.0,1.0,-3.0,-3.0,-3.0,1.0,-2.0,0.9609375,-0.15087890625,0.20166015625,-22.98780487804878,-35.73170731707317,-22.31707317073171
17_02_23_682,-1.0,-16.0,-3.0,1.0,-1.0,-1.0,1.0,-1.0,0.94140625,-0.17333984375,0.2138671875,-27.987804878048784,-39.451219512195124,-30.54878048780488
17_02_23_682,0.0,13.0,-1.0,1.0,0.0,-1.0,1.0,-3.0,0.95654296875,-0.1435546875,0.220703125,-25.914634146341466,-40.60975609756098,-33.53658536585366
17_02_23_682,-5.0,-6.0,-5.0,-4.0,-1.0,-2.0,-1.0,0.0,0.94384765625,-0.14892578125,0.236328125,-22.195121951219512,-42.86585365853659,-34.08536585365854
17_02_23_682,1.0,1.0,-1.0,-1.0,1.0,-3.0,-3.0,0.0,0.9296875,-0.16455078125,0.2353515625,-16.951219512195124,-42.13414634146342,-33.53658536585366
17_02_23_682,-2.0,1.0,-2.0,-2.0,0.0,0.0,1.0,0.0,0.912109375,-0.1669921875,0.24755859375,-12.378048780487806,-39.93902439024391,-32.86585365853659
17_02_23_682,-3.0,-1.0,1.0,-2.0,-1.0,0.0,-1.0,-4.0,0.8623046875,-0.1650390625,0.2744140625,-2.5,-30.182926829268297,-28.414634146341466
17_02_23_682,1.0,-1.0,-1.0,1.0,-2.0,1.0,1.0,0.0,0.83984375,-0.18701171875,0.2861328125,-3.963414634146342,-23.963414634146343,-23.53658536585366
17_02_23_743,-1.0,-9.0,2.0,0.0,-3.0,-3.0,0.0,-1.0,0.9462890625,-0.1630859375,0.21728515625,-29.08536585365854,-27.195121951219516,-13.658536585365855
17_02_23_743,-1.0,-4.0,-4.0,-1.0,-5.0,-1.0,-1.0,-3.0,0.96142578125,-0.1396484375,0.21337890625,-25.853658536585368,-30.182926829268297,-18.84146341463415
17_02_23_743,-3.0,-6.0,-3.0,1.0,0.0,-3.0,-1.0,-1.0,0.9609375,-0.15087890625,0.20166015625,-22.98780487804878,-35.73170731707317,-22.31707317073171
17_02_23_743,-1.0,9.0,2.0,2.0,-2.0,1.0,-2.0,-2.0,0.94140625,-0.17333984375,0.2138671875,-27.987804878048784,-39.451219512195124,-30.54878048780488
17_02_23_743,0.0,-1.0,2.0,-4.0,-1.0,0.0,1.0,0.0,0.95654296875,-0.1435546875,0.220703125,-25.914634146341466,-40.60975609756098,-33.53658536585366
17_02_23_743,2.0,0.0,0.0,1.0,-4.0,0.0,-3.0,1.0,0.94384765625,-0.14892578125,0.236328125,-22.195121951219512,-42.86585365853659,-34.08536585365854
17_02_23_743,-1.0,3.0,-4.0,-1.0,2.0,-4.0,-1.0,-1.0,0.9296875,-0.16455078125,0.2353515625,-16.951219512195124,-42.13414634146342,-33.53658536585366
17_02_23_743,1.0,-1.0,-1.0,-3.0,-1.0,-1.0,-3.0,1.0,0.912109375,-0.1669921875,0.24755859375,-12.378048780487806,-39.93902439024391,-32.86585365853659
17_02_23_787,-6.0,0.0,2.0,-1.0,2.0,2.0,-2.0,-1.0,0.9814453125,-0.142578125,0.220703125,-28.10975609756098,-17.31707317073171,-2.1951219512195124
17_02_23_787,-1.0,3.0,3.0,-1.0,0.0,-1.0,1.0,2.0,0.98291015625,-0.181640625,0.1953125,-23.353658536585368,-24.512195121951223,-4.146341463414634
17_02_23_787,-1.0,-2.0,-1.0,0.0,-1.0,0.0,-2.0,-4.0,0.9501953125,-0.19482421875,0.2109375,-27.865853658536587,-27.743902439024392,-7.378048780487806
17_02_23_787,-1.0,4.0,-2.0,1.0,0.0,0.0,1.0,1.0,0.9462890625,-0.1630859375,0.21728515625,-29.08536585365854,-27.195121951219516,-13.658536585365855
17_02_23_787,-6.0,3.0,-1.0,-1.0,2.0,0.0,0.0,0.0,0.96142578125,-0.1396484375,0.21337890625,-25.853658536585368,-30.182926829268297,-18.84146341463415
17_02_23_787,0.0,1.0,0.0,1.0,-4.0,0.0,0.0,-2.0,0.9609375,-0.15087890625,0.20166015625,-22.98780487804878,-35.73170731707317,-22.31707317073171
17_02_23_787,-1.0,1.0,0.0,0.0,-3.0,1.0,-1.0,-2.0,0.94140625,-0.17333984375,0.2138671875,-27.987804878048784,-39.451219512195124,-30.54878048780488
17_02_23_849,-1.0,8.0,-4.0,-2.0,0.0,-3.0,-2.0,-2.0,0.974609375,-0.15576171875,0.302734375,-22.25609756097561,-6.829268292682928,4.329268292682928
17_02_23_849,0.0,-3.0,1.0,-3.0,3.0,3.0,-1.0,-1.0,0.98291015625,-0.14453125,0.27294921875,-21.890243902439025,-8.536585365853659,4.329268292682928
17_02_23_849,-3.0,-4.0,0.0,3.0,-2.0,-1.0,0.0,0.0,0.98583984375,-0.189453125,0.2802734375,-25.000000000000004,-12.134146341463415,4.634146341463415
17_02_23_849,-1.0,-1.0,-4.0,1.0,-1.0,0.0,1.0,-2.0,0.96533203125,-0.1923828125,0.27587890625,-35.36585365853659,-14.26829268292683,3.414634146341464
17_02_23_849,2.0,-4.0,-6.0,-1.0,-1.0,-3.0,3.0,-4.0,0.9814453125,-0.142578125,0.220703125,-28.10975609756098,-17.31707317073171,-2.1951219512195124
17_02_23_849,2.0,11.0,0.0,-1.0,0.0,0.0,-3.0,-4.0,0.98291015625,-0.181640625,0.1953125,-23.353658536585368,-24.512195121951223,-4.146341463414634
17_02_23_849,-5.0,-10.0,2.0,0.0,-5.0,0.0,-1.0,-1.0,0.9501953125,-0.19482421875,0.2109375,-27.865853658536587,-27.743902439024392,-7.378048780487806
17_02_23_849,-3.0,-4.0,1.0,-4.0,1.0,1.0,0.0,0.0,0.9462890625,-0.1630859375,0.21728515625,-29.08536585365854,-27.195121951219516,-13.658536585365855
17_02_23_849,-2.0,-3.0,-1.0,0.0,-2.0,-2.0,-2.0,-1.0,0.96142578125,-0.1396484375,0.21337890625,-25.853658536585368,-30.182926829268297,-18.84146341463415
17_02_23_849,-6.0,0.0,2.0,-1.0,2.0,2.0,-2.0,-1.0,0.9609375,-0.15087890625,0.20166015625,-22.98780487804878,-35.73170731707317,-22.31707317073171
17_02_23_890,-2.0,0.0,1.0,0.0,-2.0,-2.0,-1.0,-1.0,0.978515625,-0.142578125,0.2587890625,4.75609756097561,2.439024390243903,6.951219512195123
17_02_23_890,-2.0,0.0,1.0,-1.0,-1.0,1.0,0.0,-1.0,0.9873046875,-0.14990234375,0.28515625,0.3658536585365854,-0.9756097560975611,6.585365853658537
17_02_23_890,-5.0,-1.0,-4.0,0.0,0.0,-1.0,0.0,-2.0,0.9873046875,-0.17919921875,0.29296875,-7.560975609756098,-3.9024390243902443,5.914634146341464
17_02_23_890,-2.0,1.0,-1.0,-1.0,1.0,1.0,0.0,0.0,0.97900390625,-0.1787109375,0.310546875,-17.5,-6.341463414634147,5.487804878048781
17_02_23_890,1.0,0.0,1.0,1.0,-2.0,-3.0,-1.0,1.0,0.974609375,-0.15576171875,0.302734375,-22.25609756097561,-6.829268292682928,4.329268292682928
17_02_23_890,-1.0,-5.0,-4.0,-4.0,-3.0,-3.0,0.0,1.0,0.98291015625,-0.14453125,0.27294921875,-21.890243902439025,-8.536585365853659,4.329268292682928
17_02_23_890,-1.0,-1.0,3.0,0.0,-2.0,-4.0,-3.0,1.0,0.98583984375,-0.189453125,0.2802734375,-25.000000000000004,-12.134146341463415,4.634146341463415
17_02_23_890,-1.0,-1.0,-2.0,-2.0,-1.0,-1.0,0.0,-4.0,0.96533203125,-0.1923828125,0.27587890625,-35.36585365853659,-14.26829268292683,3.414634146341464
17_02_23_890,1.0,-2.0,-1.0,1.0,-1.0,-4.0,-2.0,-1.0,0.9814453125,-0.142578125,0.220703125,-28.10975609756098,-17.31707317073171,-2.1951219512195124
17_02_23_890,-2.0,-2.0,-1.0,-3.0,2.0,2.0,-2.0,-2.0,0.98291015625,-0.181640625,0.1953125,-23.353658536585368,-24.512195121951223,-4.146341463414634
17_02_23_936,-3.0,-3.0,-2.0,-2.0,0.0,-2.0,1.0,-1.0,0.9697265625,-0.15380859375,0.224609375,12.256097560975611,8.78048780487805,9.329268292682928
17_02_23_936,-2.0,10.0,-1.0,-1.0,-3.0,-6.0,4.0,-1.0,0.97412109375,-0.15234375,0.25244140625,7.926829268292684,5.548780487804878,8.414634146341465
17_02_23_936,4.0,-5.0,-2.0,-1.0,-1.0,0.0,-5.0,1.0,0.978515625,-0.142578125,0.2587890625,4.75609756097561,2.439024390243903,6.951219512195123
17_02_23_936,-2.0,0.0,0.0,-3.0,-4.0,-2.0,-1.0,-2.0,0.9873046875,-0.14990234375,0.28515625,0.3658536585365854,-0.9756097560975611,6.585365853658537
17_02_23_936,1.0,-2.0,-1.0,-2.0,2.0,-5.0,0.0,-2.0,0.9873046875,-0.17919921875,0.29296875,-7.560975609756098,-3.9024390243902443,5.914634146341464
17_02_23_936,-3.0,0.0,0.0,-2.0,0.0,5.0,1.0,-3.0,0.97900390625,-0.1787109375,0.310546875,-17.5,-6.341463414634147,5.487804878048781
17_02_23_936,-2.0,0.0,1.0,0.0,-2.0,-2.0,-1.0,-1.0,0.974609375,-0.15576171875,0.302734375,-22.25609756097561,-6.829268292682928,4.329268292682928
17_02_23_936,-2.0,0.0,1.0,-1.0,-1.0,1.0,0.0,-1.0,0.98291015625,-0.14453125,0.27294921875,-21.890243902439025,-8.536585365853659,4.329268292682928
17_02_23_936,-5.0,-1.0,-4.0,0.0,0.0,-1.0,0.0,-2.0,0.98583984375,-0.189453125,0.2802734375,-25.000000000000004,-12.134146341463415,4.634146341463415
17_02_23_936,-2.0,1.0,-1.0,-1.0,1.0,1.0,0.0,0.0,0.96533203125,-0.1923828125,0.27587890625,-35.36585365853659,-14.26829268292683,3.414634146341464
17_02_24_000,0.0,0.0,0.0,1.0,-4.0,-3.0,0.0,-2.0,0.96435546875,-0.1494140625,0.20263671875,12.926829268292684,18.231707317073173,11.402439024390246
17_02_24_000,-2.0,-1.0,-7.0,-1.0,-4.0,0.0,0.0,-1.0,0.97119140625,-0.14404296875,0.20849609375,15.975609756097562,15.670731707317074,10.914634146341465
17_02_24_000,3.0,-2.0,-1.0,1.0,-2.0,-1.0,1.0,0.0,0.96923828125,-0.15380859375,0.21630859375,15.243902439024392,12.134146341463415,10.24390243902439
17_02_24_000,-2.0,1.0,-2.0,-1.0,1.0,-1.0,-1.0,-2.0,0.9697265625,-0.15380859375,0.224609375,12.256097560975611,8.78048780487805,9.329268292682928
17_02_24_000,1.0,1.0,3.0,-2.0,-3.0,-4.0,0.0,2.0,0.97412109375,-0.15234375,0.25244140625,7.926829268292684,5.548780487804878,8.414634146341465
17_02_24_000,-2.0,-4.0,0.0,3.0,3.0,-1.0,2.0,-4.0,0.978515625,-0.142578125,0.2587890625,4.75609756097561,2.439024390243903,6.951219512195123
17_02_24_000,0.0,-1.0,0.0,-1.0,1.0,3.0,-1.0,-1.0,0.9873046875,-0.14990234375,0.28515625,0.3658536585365854,-0.9756097560975611,6.585365853658537
17_02_24_000,1.0,3.0,-1.0,0.0,-3.0,1.0,-5.0,-2.0,0.9873046875,-0.17919921875,0.29296875,-7.560975609756098,-3.9024390243902443,5.914634146341464
17_02_24_000,-2.0,0.0,-5.0,-3.0,-1.0,-1.0,1.0,-3.0,0.97900390625,-0.1787109375,0.310546875,-17.5,-6.341463414634147,5.487804878048781
17_02_24_000,0.0,3.0,-2.0,-3.0,1.0,2.0,-1.0,2.0,0.974609375,-0.15576171875,0.302734375,-22.25609756097561,-6.829268292682928,4.329268292682928
17_02_24_044,-3.0,0.0,1.0,-2.0,-1.0,-3.0,-2.0,-1.0,0.96484375,-0.162109375,0.19287109375,5.7926829268292686,19.634146341463417,11.951219512195124
17_02_24_044,1.0,0.0,1.0,-1.0,-1.0,-1.0,-1.0,-2.0,0.966796875,-0.15478515625,0.1923828125,8.658536585365855,19.02439024390244,11.76829268292683
17_02_24_044,-3.0,2.0,-1.0,1.0,-4.0,-4.0,1.0,1.0,0.96435546875,-0.1494140625,0.20263671875,12.926829268292684,18.231707317073173,11.402439024390246
17_02_24_044,-1.0,-1.0,-1.0,1.0,-1.0,-1.0,4.0,0.0,0.97119140625,-0.14404296875,0.20849609375,15.975609756097562,15.670731707317074,10.914634146341465
17_02_24_044,-1.0,-5.0,-3.0,-3.0,-4.0,-3.0,-3.0,0.0,0.96923828125,-0.15380859375,0.21630859375,15.243902439024392,12.134146341463415,10.24390243902439
17_02_24_044,-1.0,0.0,0.0,-3.0,0.0,3.0,-1.0,-1.0,0.9697265625,-0.15380859375,0.224609375,12.256097560975611,8.78048780487805,9.329268292682928
17_02_24_044,-1.0,-3.0,2.0,0.0,0.0,2.0,-3.0,-2.0,0.97412109375,-0.15234375,0.25244140625,7.926829268292684,5.548780487804878,8.414634146341465
17_02_24_044,-4.0,0.0,0.0,-1.0,0.0,3.0,2.0,0.0,0.978515625,-0.142578125,0.2587890625,4.75609756097561,2.439024390243903,6.951219512195123
17_02_24_044,0.0,0.0,0.0,1.0,-4.0,-3.0,0.0,-2.0,0.9873046875,-0.14990234375,0.28515625,0.3658536585365854,-0.9756097560975611,6.585365853658537
17_02_24_044,-2.0,-1.0,-7.0,-1.0,-4.0,0.0,0.0,-1.0,0.9873046875,-0.17919921875,0.29296875,-7.560975609756098,-3.9024390243902443,5.914634146341464
17_02_24_102,-1.0,-2.0,1.0,-3.0,1.0,-3.0,-2.0,-1.0,0.958984375,-0.17041015625,0.1962890625,3.780487804878049,19.634146341463417,12.01219512195122
17_02_24_102,0.0,-2.0,-3.0,1.0,-1.0,-1.0,1.0,0.0,0.96484375,-0.162109375,0.19287109375,5.7926829268292686,19.634146341463417,11.951219512195124
17_02_24_102,-2.0,-1.0,-3.0,-2.0,-2.0,-2.0,-1.0,-3.0,0.966796875,-0.15478515625,0.1923828125,8.658536585365855,19.02439024390244,11.76829268292683
17_02_24_102,1.0,-3.0,-1.0,2.0,-4.0,-3.0,-2.0,0.0,0.96435546875,-0.1494140625,0.20263671875,12.926829268292684,18.231707317073173,11.402439024390246
17_02_24_102,2.0,-5.0,-2.0,0.0,0.0,-4.0,-3.0,0.0,0.97119140625,-0.14404296875,0.20849609375,15.975609756097562,15.670731707317074,10.914634146341465
17_02_24_102,-4.0,1.0,3.0,-1.0,0.0,-1.0,-4.0,-3.0,0.96923828125,-0.15380859375,0.21630859375,15.243902439024392,12.134146341463415,10.24390243902439
17_02_24_102,-3.0,0.0,1.0,-2.0,-1.0,-3.0,-2.0,-1.0,0.9697265625,-0.15380859375,0.224609375,12.256097560975611,8.78048780487805,9.329268292682928
17_02_24_102,1.0,0.0,1.0,-1.0,-1.0,-1.0,-1.0,-2.0,0.97412109375,-0.15234375,0.25244140625,7.926829268292684,5.548780487804878,8.414634146341465
17_02_24_102,-3.0,2.0,-1.0,1.0,-4.0,-4.0,1.0,1.0,0.978515625,-0.142578125,0.2587890625,4.75609756097561,2.439024390243903,6.951219512195123
17_02_24_102,-1.0,-1.0,-1.0,1.0,-1.0,-1.0,4.0,0.0,0.9873046875,-0.14990234375,0.28515625,0.3658536585365854,-0.9756097560975611,6.585365853658537
17_02_24_142,-2.0,0.0,-3.0,5.0,4.0,-2.0,-3.0,1.0,0.9375,-0.1748046875,0.20166015625,6.341463414634147,14.02439024390244,10.792682926829269
17_02_24_142,3.0,-1.0,-2.0,-4.0,-3.0,-4.0,1.0,-1.0,0.9404296875,-0.169921875,0.19677734375,5.426829268292684,16.158536585365855,11.707317073170733
17_02_24_142,0.0,-2.0,-1.0,2.0,-2.0,-2.0,0.0,1.0,0.9443359375,-0.16943359375,0.19580078125,4.695121951219512,18.170731707317074,11.829268292682928
17_02_24_142,-3.0,2.0,0.0,2.0,-1.0,1.0,1.0,-1.0,0.95361328125,-0.1669921875,0.19189453125,3.5975609756097566,19.146341463414636,12.195121951219512
17_02_24_142,-1.0,-2.0,-3.0,-1.0,1.0,-2.0,-1.0,0.0,0.958984375,-0.17041015625,0.1962890625,3.780487804878049,19.634146341463417,12.01219512195122
17_02_24_142,2.0,-2.0,-2.0,-3.0,0.0,0.0,-3.0,-1.0,0.96484375,-0.162109375,0.19287109375,5.7926829268292686,19.634146341463417,11.951219512195124
17_02_24_142,0.0,-1.0,1.0,1.0,1.0,0.0,1.0,-2.0,0.966796875,-0.15478515625,0.1923828125,8.658536585365855,19.02439024390244,11.76829268292683
17_02_24_142,2.0,0.0,3.0,-1.0,0.0,-2.0,0.0,-1.0,0.96435546875,-0.1494140625,0.20263671875,12.926829268292684,18.231707317073173,11.402439024390246
17_02_24_142,-4.0,-6.0,1.0,-2.0,-2.0,-3.0,0.0,-1.0,0.97119140625,-0.14404296875,0.20849609375,15.975609756097562,15.670731707317074,10.914634146341465
17_02_24_193,-1.0,-5.0,-3.0,0.0,7.0,0.0,-1.0,-2.0,0.9326171875,-0.1689453125,0.236328125,3.780487804878049,6.341463414634147,7.500000000000001
17_02_24_193,1.0,0.0,-1.0,-6.0,-13.0,-6.0,-3.0,1.0,0.93505859375,-0.16650390625,0.216796875,4.51219512195122,9.085365853658537,8.475609756097562
17_02_24_193,2.0,2.0,1.0,-1.0,2.0,4.0,-2.0,-6.0,0.935546875,-0.17578125,0.20263671875,6.2804878048780495,11.585365853658537,9.878048780487806
17_02_24_193,-2.0,-4.0,-2.0,-2.0,3.0,6.0,0.0,-4.0,0.9375,-0.1748046875,0.20166015625,6.341463414634147,14.02439024390244,10.792682926829269
17_02_24_193,0.0,4.0,0.0,1.0,-7.0,-4.0,-3.0,-3.0,0.9404296875,-0.169921875,0.19677734375,5.426829268292684,16.158536585365855,11.707317073170733
17_02_24_193,-3.0,-1.0,1.0,-2.0,-1.0,-6.0,0.0,2.0,0.9443359375,-0.16943359375,0.19580078125,4.695121951219512,18.170731707317074,11.829268292682928
17_02_24_193,-3.0,-1.0,2.0,-2.0,-2.0,0.0,0.0,-4.0,0.95361328125,-0.1669921875,0.19189453125,3.5975609756097566,19.146341463414636,12.195121951219512
17_02_24_193,-3.0,-1.0,0.0,-1.0,-3.0,1.0,1.0,-2.0,0.958984375,-0.17041015625,0.1962890625,3.780487804878049,19.634146341463417,12.01219512195122
17_02_24_193,-2.0,-2.0,-4.0,-2.0,-1.0,1.0,1.0,1.0,0.96484375,-0.162109375,0.19287109375,5.7926829268292686,19.634146341463417,11.951219512195124
17_02_24_193,-2.0,0.0,-3.0,5.0,4.0,-2.0,-3.0,1.0,0.966796875,-0.15478515625,0.1923828125,8.658536585365855,19.02439024390244,11.76829268292683
17_02_24_256,-1.0,1.0,-3.0,1.0,-3.0,-8.0,-2.0,-1.0,0.9326171875,-0.1689453125,0.236328125,3.780487804878049,6.341463414634147,7.500000000000001
17_02_24_256,0.0,3.0,1.0,0.0,3.0,-1.0,-2.0,2.0,0.93505859375,-0.16650390625,0.216796875,4.51219512195122,9.085365853658537,8.475609756097562
17_02_24_256,-1.0,-5.0,-3.0,0.0,7.0,0.0,-1.0,-2.0,0.935546875,-0.17578125,0.20263671875,6.2804878048780495,11.585365853658537,9.878048780487806
17_02_24_256,1.0,0.0,-1.0,-6.0,-13.0,-6.0,-3.0,1.0,0.9375,-0.1748046875,0.20166015625,6.341463414634147,14.02439024390244,10.792682926829269
17_02_24_256,2.0,2.0,1.0,-1.0,2.0,4.0,-2.0,-6.0,0.9404296875,-0.169921875,0.19677734375,5.426829268292684,16.158536585365855,11.707317073170733
17_02_24_256,-2.0,-4.0,-2.0,-2.0,3.0,6.0,0.0,-4.0,0.9443359375,-0.16943359375,0.19580078125,4.695121951219512,18.170731707317074,11.829268292682928
17_02_24_256,0.0,4.0,0.0,1.0,-7.0,-4.0,-3.0,-3.0,0.95361328125,-0.1669921875,0.19189453125,3.5975609756097566,19.146341463414636,12.195121951219512
17_02_24_256,-3.0,-1.0,1.0,-2.0,-1.0,-6.0,0.0,2.0,0.958984375,-0.17041015625,0.1962890625,3.780487804878049,19.634146341463417,12.01219512195122
17_02_24_256,-3.0,-1.0,2.0,-2.0,-2.0,0.0,0.0,-4.0,0.96484375,-0.162109375,0.19287109375,5.7926829268292686,19.634146341463417,11.951219512195124
17_02_24_256,-3.0,-1.0,0.0,-1.0,-3.0,1.0,1.0,-2.0,0.966796875,-0.15478515625,0.1923828125,8.658536585365855,19.02439024390244,11.76829268292683
17_02_24_306,5.0,4.0,5.0,-6.0,-6.0,-6.0,3.0,0.0,0.916015625,-0.28466796875,0.38916015625,10.609756097560977,17.865853658536587,15.182926829268293
17_02_24_306,-7.0,-24.0,-43.0,-11.0,-7.0,-3.0,-3.0,-6.0,0.939453125,-0.24853515625,0.380859375,3.963414634146342,14.390243902439027,14.756097560975611
17_02_24_306,1.0,5.0,15.0,2.0,4.0,-3.0,-5.0,-1.0,0.94189453125,-0.20751953125,0.35107421875,-1.9512195121951221,9.695121951219512,13.353658536585368
17_02_24_306,0.0,1.0,-2.0,1.0,-5.0,-1.0,-3.0,1.0,0.9501953125,-0.1455078125,0.263671875,1.6463414634146343,3.414634146341464,9.878048780487806
17_02_24_306,-2.0,3.0,6.0,-1.0,2.0,2.0,-2.0,0.0,0.93896484375,-0.1572265625,0.23974609375,2.8658536585365857,4.085365853658537,7.865853658536586
17_02_24_306,1.0,3.0,3.0,0.0,2.0,1.0,0.0,-4.0,0.9326171875,-0.1689453125,0.236328125,3.780487804878049,6.341463414634147,7.500000000000001
17_02_24_306,1.0,2.0,-10.0,-1.0,-1.0,0.0,-1.0,1.0,0.93505859375,-0.16650390625,0.216796875,4.51219512195122,9.085365853658537,8.475609756097562
17_02_24_306,-1.0,-2.0,1.0,-1.0,-5.0,0.0,-1.0,0.0,0.935546875,-0.17578125,0.20263671875,6.2804878048780495,11.585365853658537,9.878048780487806
17_02_24_306,-1.0,-4.0,-6.0,0.0,6.0,-2.0,1.0,0.0,0.9375,-0.1748046875,0.20166015625,6.341463414634147,14.02439024390244,10.792682926829269
17_02_24_306,0.0,0.0,-3.0,-4.0,-8.0,-8.0,-7.0,-5.0,0.9404296875,-0.169921875,0.19677734375,5.426829268292684,16.158536585365855,11.707317073170733
17_02_24_353,-2.0,-4.0,-6.0,-5.0,-4.0,-3.0,0.0,-14.0,0.91650390625,-0.2900390625,0.39453125,13.597560975609758,21.52439024390244,14.634146341463415
17_02_24_353,2.0,3.0,1.0,0.0,0.0,2.0,-9.0,5.0,0.916015625,-0.28466796875,0.38916015625,10.609756097560977,17.865853658536587,15.182926829268293
17_02_24_353,2.0,2.0,-1.0,0.0,3.0,3.0,5.0,-2.0,0.939453125,-0.24853515625,0.380859375,3.963414634146342,14.390243902439027,14.756097560975611
17_02_24_353,-1.0,-3.0,0.0,0.0,-2.0,2.0,3.0,-1.0,0.94189453125,-0.20751953125,0.35107421875,-1.9512195121951221,9.695121951219512,13.353658536585368
17_02_24_353,0.0,-1.0,-1.0,1.0,0.0,-6.0,-7.0,-3.0,0.9501953125,-0.1455078125,0.263671875,1.6463414634146343,3.414634146341464,9.878048780487806
17_02_24_353,1.0,2.0,-7.0,0.0,-2.0,-4.0,0.0,-1.0,0.93896484375,-0.1572265625,0.23974609375,2.8658536585365857,4.085365853658537,7.865853658536586
17_02_24_353,1.0,0.0,16.0,-4.0,-1.0,-4.0,0.0,0.0,0.9326171875,-0.1689453125,0.236328125,3.780487804878049,6.341463414634147,7.500000000000001
17_02_24_353,-4.0,0.0,5.0,2.0,0.0,24.0,-1.0,-1.0,0.93505859375,-0.16650390625,0.216796875,4.51219512195122,9.085365853658537,8.475609756097562
17_02_24_353,5.0,4.0,5.0,-6.0,-6.0,-6.0,3.0,0.0,0.935546875,-0.17578125,0.20263671875,6.2804878048780495,11.585365853658537,9.878048780487806
17_02_24_353,-7.0,-24.0,-43.0,-11.0,-7.0,-3.0,-3.0,-6.0,0.9375,-0.1748046875,0.20166015625,6.341463414634147,14.02439024390244,10.792682926829269
17_02_24_412,0.0,4.0,23.0,3.0,6.0,4.0,3.0,2.0,0.89453125,-0.25634765625,0.37744140625,10.853658536585368,32.25609756097561,12.621951219512196
17_02_24_412,0.0,3.0,8.0,1.0,-3.0,1.0,-6.0,-3.0,0.90283203125,-0.26513671875,0.38330078125,12.621951219512196,32.01219512195122,13.414634146341465
17_02_24_412,-3.0,-8.0,-6.0,-4.0,-2.0,-5.0,-1.0,-4.0,0.90478515625,-0.271484375,0.3974609375,13.475609756097562,29.39024390243903,13.353658536585368
17_02_24_412,0.0,-12.0,-35.0,-16.0,-3.0,0.0,9.0,7.0,0.91064453125,-0.2734375,0.404296875,15.243902439024392,24.695121951219516,13.29268292682927
17_02_24_412,-4.0,4.0,36.0,15.0,5.0,-2.0,-8.0,4.0,0.91650390625,-0.2900390625,0.39453125,13.597560975609758,21.52439024390244,14.634146341463415
17_02_24_412,-2.0,13.0,6.0,-1.0,-1.0,-4.0,-3.0,0.0,0.916015625,-0.28466796875,0.38916015625,10.609756097560977,17.865853658536587,15.182926829268293
17_02_24_412,-2.0,-11.0,1.0,-8.0,0.0,7.0,-2.0,9.0,0.939453125,-0.24853515625,0.380859375,3.963414634146342,14.390243902439027,14.756097560975611
17_02_24_412,-1.0,6.0,1.0,4.0,0.0,-7.0,11.0,-7.0,0.94189453125,-0.20751953125,0.35107421875,-1.9512195121951221,9.695121951219512,13.353658536585368
17_02_24_412,2.0,6.0,-2.0,4.0,0.0,-3.0,-1.0,-6.0,0.9501953125,-0.1455078125,0.263671875,1.6463414634146343,3.414634146341464,9.878048780487806
17_02_24_412,-2.0,-10.0,-6.0,-1.0,-4.0,-10.0,1.0,10.0,0.93896484375,-0.1572265625,0.23974609375,2.8658536585365857,4.085365853658537,7.865853658536586
17_02_24_451,4.0,10.0,6.0,-1.0,-1.0,-5.0,5.0,5.0,0.89306640625,-0.283203125,0.3583984375,21.34146341463415,28.170731707317074,13.719512195121952
17_02_24_451,1.0,-3.0,-21.0,-22.0,-8.0,2.0,0.0,-2.0,0.88427734375,-0.28759765625,0.361328125,14.26829268292683,29.75609756097561,13.597560975609758
17_02_24_451,2.0,-16.0,30.0,20.0,3.0,4.0,4.0,2.0,0.89453125,-0.25634765625,0.37744140625,10.853658536585368,32.25609756097561,12.621951219512196
17_02_24_451,-7.0,8.0,9.0,-3.0,-3.0,-3.0,2.0,35.0,0.90283203125,-0.26513671875,0.38330078125,12.621951219512196,32.01219512195122,13.414634146341465
17_02_24_451,6.0,6.0,-9.0,1.0,3.0,2.0,-3.0,-22.0,0.90478515625,-0.271484375,0.3974609375,13.475609756097562,29.39024390243903,13.353658536585368
17_02_24_451,-3.0,-6.0,-25.0,-4.0,-8.0,-9.0,-4.0,1.0,0.91064453125,-0.2734375,0.404296875,15.243902439024392,24.695121951219516,13.29268292682927
17_02_24_451,0.0,4.0,23.0,3.0,6.0,4.0,3.0,2.0,0.91650390625,-0.2900390625,0.39453125,13.597560975609758,21.52439024390244,14.634146341463415
17_02_24_451,0.0,3.0,8.0,1.0,-3.0,1.0,-6.0,-3.0,0.916015625,-0.28466796875,0.38916015625,10.609756097560977,17.865853658536587,15.182926829268293
17_02_24_451,-3.0,-8.0,-6.0,-4.0,-2.0,-5.0,-1.0,-4.0,0.939453125,-0.24853515625,0.380859375,3.963414634146342,14.390243902439027,14.756097560975611
17_02_24_451,0.0,-12.0,-35.0,-16.0,-3.0,0.0,9.0,7.0,0.94189453125,-0.20751953125,0.35107421875,-1.9512195121951221,9.695121951219512,13.353658536585368
17_02_24_518,-4.0,4.0,14.0,4.0,3.0,7.0,6.0,18.0,0.89306640625,-0.283203125,0.3583984375,21.34146341463415,28.170731707317074,13.719512195121952
17_02_24_518,-20.0,-4.0,-13.0,-10.0,-2.0,-7.0,-17.0,-28.0,0.88427734375,-0.28759765625,0.361328125,14.26829268292683,29.75609756097561,13.597560975609758
17_02_24_518,4.0,10.0,6.0,-1.0,-1.0,-5.0,5.0,5.0,0.89453125,-0.25634765625,0.37744140625,10.853658536585368,32.25609756097561,12.621951219512196
17_02_24_518,1.0,-3.0,-21.0,-22.0,-8.0,2.0,0.0,-2.0,0.90283203125,-0.26513671875,0.38330078125,12.621951219512196,32.01219512195122,13.414634146341465
17_02_24_518,2.0,-16.0,30.0,20.0,3.0,4.0,4.0,2.0,0.90478515625,-0.271484375,0.3974609375,13.475609756097562,29.39024390243903,13.353658536585368
17_02_24_518,-7.0,8.0,9.0,-3.0,-3.0,-3.0,2.0,35.0,0.91064453125,-0.2734375,0.404296875,15.243902439024392,24.695121951219516,13.29268292682927
17_02_24_518,6.0,6.0,-9.0,1.0,3.0,2.0,-3.0,-22.0,0.91650390625,-0.2900390625,0.39453125,13.597560975609758,21.52439024390244,14.634146341463415
17_02_24_518,-3.0,-6.0,-25.0,-4.0,-8.0,-9.0,-4.0,1.0,0.916015625,-0.28466796875,0.38916015625,10.609756097560977,17.865853658536587,15.182926829268293
17_02_24_518,0.0,4.0,23.0,3.0,6.0,4.0,3.0,2.0,0.939453125,-0.24853515625,0.380859375,3.963414634146342,14.390243902439027,14.756097560975611
17_02_24_518,0.0,3.0,8.0,1.0,-3.0,1.0,-6.0,-3.0,0.94189453125,-0.20751953125,0.35107421875,-1.9512195121951221,9.695121951219512,13.353658536585368
17_02_24_555,2.0,4.0,14.0,3.0,7.0,16.0,7.0,16.0,0.87548828125,-0.2216796875,0.333984375,33.35365853658537,14.451219512195124,13.536585365853659
17_02_24_555,2.0,5.0,22.0,4.0,2.0,-5.0,1.0,5.0,0.86767578125,-0.2490234375,0.33984375,32.31707317073171,16.158536585365855,13.719512195121952
17_02_24_555,12.0,1.0,21.0,0.0,-3.0,-3.0,-2.0,10.0,0.875,-0.259765625,0.33447265625,29.512195121951223,26.402439024390247,15.121951219512196
17_02_24_555,-8.0,-3.0,-14.0,1.0,2.0,1.0,-1.0,11.0,0.88671875,-0.279296875,0.3505859375,25.914634146341466,28.475609756097562,15.487804878048783
17_02_24_555,-12.0,-3.0,-22.0,10.0,1.0,-3.0,-1.0,-1.0,0.89306640625,-0.283203125,0.3583984375,21.34146341463415,28.170731707317074,13.719512195121952
17_02_24_555,9.0,-2.0,22.0,5.0,-4.0,-6.0,-8.0,19.0,0.88427734375,-0.28759765625,0.361328125,14.26829268292683,29.75609756097561,13.597560975609758
17_02_24_555,2.0,1.0,10.0,2.0,-1.0,-6.0,-1.0,-5.0,0.89453125,-0.25634765625,0.37744140625,10.853658536585368,32.25609756097561,12.621951219512196
17_02_24_555,-3.0,-10.0,-29.0,0.0,2.0,3.0,-2.0,-44.0,0.90283203125,-0.26513671875,0.38330078125,12.621951219512196,32.01219512195122,13.414634146341465
17_02_24_555,0.0,7.0,28.0,-2.0,-2.0,-5.0,-6.0,-2.0,0.90478515625,-0.271484375,0.3974609375,13.475609756097562,29.39024390243903,13.353658536585368
17_02_24_555,1.0,-5.0,-18.0,-1.0,-3.0,-7.0,-2.0,-1.0,0.91064453125,-0.2734375,0.404296875,15.243902439024392,24.695121951219516,13.29268292682927
17_02_24_606,5.0,6.0,11.0,3.0,1.0,-4.0,-1.0,14.0,0.86376953125,-0.228515625,0.32177734375,30.853658536585368,11.097560975609756,13.719512195121952
17_02_24_606,-1.0,1.0,-14.0,-7.0,-2.0,-2.0,-5.0,-1.0,0.87548828125,-0.2216796875,0.333984375,33.35365853658537,14.451219512195124,13.536585365853659
17_02_24_606,4.0,6.0,-12.0,1.0,1.0,4.0,9.0,0.0,0.86767578125,-0.2490234375,0.33984375,32.31707317073171,16.158536585365855,13.719512195121952
17_02_24_606,-6.0,2.0,-6.0,-8.0,1.0,-5.0,-6.0,-2.0,0.875,-0.259765625,0.33447265625,29.512195121951223,26.402439024390247,15.121951219512196
17_02_24_606,2.0,-8.0,29.0,17.0,-1.0,-6.0,-2.0,2.0,0.88671875,-0.279296875,0.3505859375,25.914634146341466,28.475609756097562,15.487804878048783
17_02_24_606,-1.0,20.0,4.0,-3.0,-1.0,1.0,4.0,-2.0,0.89306640625,-0.283203125,0.3583984375,21.34146341463415,28.170731707317074,13.719512195121952
17_02_24_606,-1.0,2.0,1.0,2.0,12.0,32.0,10.0,2.0,0.88427734375,-0.28759765625,0.361328125,14.26829268292683,29.75609756097561,13.597560975609758
17_02_24_606,3.0,2.0,9.0,-4.0,-1.0,-15.0,3.0,23.0,0.89453125,-0.25634765625,0.37744140625,10.853658536585368,32.25609756097561,12.621951219512196
17_02_24_606,2.0,4.0,14.0,3.0,7.0,16.0,7.0,16.0,0.90283203125,-0.26513671875,0.38330078125,12.621951219512196,32.01219512195122,13.414634146341465
17_02_24_606,2.0,5.0,22.0,4.0,2.0,-5.0,1.0,5.0,0.90478515625,-0.271484375,0.3974609375,13.475609756097562,29.39024390243903,13.353658536585368
17_02_24_668,0.0,0.0,-4.0,-2.0,-7.0,-11.0,4.0,2.0,0.86767578125,-0.20703125,0.32861328125,29.02439024390244,1.2195121951219514,11.52439024390244
17_02_24_668,5.0,4.0,15.0,2.0,2.0,-3.0,-4.0,-20.0,0.86181640625,-0.21142578125,0.32958984375,33.59756097560976,6.646341463414635,12.378048780487806
17_02_24_668,0.0,6.0,16.0,5.0,1.0,-3.0,-1.0,3.0,0.86962890625,-0.21533203125,0.3154296875,32.6219512195122,9.329268292682928,12.987804878048781
17_02_24_668,2.0,-9.0,-23.0,-15.0,-5.0,-11.0,-17.0,-5.0,0.86376953125,-0.228515625,0.32177734375,30.853658536585368,11.097560975609756,13.719512195121952
17_02_24_668,-19.0,0.0,28.0,8.0,0.0,9.0,16.0,2.0,0.87548828125,-0.2216796875,0.333984375,33.35365853658537,14.451219512195124,13.536585365853659
17_02_24_668,-8.0,-5.0,-19.0,-8.0,-7.0,-8.0,-15.0,1.0,0.86767578125,-0.2490234375,0.33984375,32.31707317073171,16.158536585365855,13.719512195121952
17_02_24_668,-1.0,-1.0,3.0,-1.0,2.0,4.0,1.0,1.0,0.875,-0.259765625,0.33447265625,29.512195121951223,26.402439024390247,15.121951219512196
17_02_24_668,2.0,0.0,-1.0,0.0,3.0,-1.0,1.0,2.0,0.88671875,-0.279296875,0.3505859375,25.914634146341466,28.475609756097562,15.487804878048783
17_02_24_668,-9.0,-5.0,6.0,2.0,-3.0,-3.0,-3.0,-11.0,0.89306640625,-0.283203125,0.3583984375,21.34146341463415,28.170731707317074,13.719512195121952
17_02_24_707,-5.0,1.0,3.0,-4.0,0.0,-2.0,-1.0,-4.0,0.90185546875,-0.1748046875,0.3134765625,24.878048780487806,-3.658536585365854,10.975609756097562
17_02_24_707,-1.0,0.0,2.0,0.0,0.0,-2.0,2.0,4.0,0.88671875,-0.197265625,0.33837890625,24.02439024390244,-2.073170731707317,8.841463414634147
17_02_24_707,4.0,1.0,-2.0,2.0,-1.0,0.0,2.0,3.0,0.88330078125,-0.20556640625,0.34033203125,21.646341463414636,-2.7439024390243905,8.78048780487805
17_02_24_707,-2.0,0.0,-8.0,-2.0,0.0,-4.0,-2.0,-4.0,0.86767578125,-0.20703125,0.32861328125,29.02439024390244,1.2195121951219514,11.52439024390244
17_02_24_707,0.0,-1.0,16.0,0.0,-1.0,-2.0,-1.0,0.0,0.86181640625,-0.21142578125,0.32958984375,33.59756097560976,6.646341463414635,12.378048780487806
17_02_24_707,2.0,-4.0,-19.0,-2.0,-3.0,-3.0,-2.0,1.0,0.86962890625,-0.21533203125,0.3154296875,32.6219512195122,9.329268292682928,12.987804878048781
17_02_24_707,1.0,1.0,6.0,2.0,0.0,-5.0,-6.0,-1.0,0.86376953125,-0.228515625,0.32177734375,30.853658536585368,11.097560975609756,13.719512195121952
17_02_24_707,-1.0,-6.0,-68.0,-6.0,-1.0,2.0,1.0,10.0,0.87548828125,-0.2216796875,0.333984375,33.35365853658537,14.451219512195124,13.536585365853659
17_02_24_707,-1.0,-1.0,19.0,3.0,2.0,7.0,5.0,-1.0,0.86767578125,-0.2490234375,0.33984375,32.31707317073171,16.158536585365855,13.719512195121952
17_02_24_707,1.0,3.0,21.0,4.0,2.0,-3.0,-6.0,1.0,0.875,-0.259765625,0.33447265625,29.512195121951223,26.402439024390247,15.121951219512196
17_02_24_760,-16.0,-15.0,1.0,-3.0,-5.0,-5.0,5.0,-12.0,0.90185546875,-0.1748046875,0.3134765625,24.878048780487806,-3.658536585365854,10.975609756097562
17_02_24_760,10.0,-3.0,-1.0,-4.0,-3.0,-4.0,-7.0,4.0,0.88671875,-0.197265625,0.33837890625,24.02439024390244,-2.073170731707317,8.841463414634147
17_02_24_760,1.0,2.0,6.0,0.0,1.0,0.0,0.0,5.0,0.88330078125,-0.20556640625,0.34033203125,21.646341463414636,-2.7439024390243905,8.78048780487805
17_02_24_760,-5.0,1.0,3.0,-4.0,0.0,-2.0,-1.0,-4.0,0.86767578125,-0.20703125,0.32861328125,29.02439024390244,1.2195121951219514,11.52439024390244
17_02_24_760,-1.0,0.0,2.0,0.0,0.0,-2.0,2.0,4.0,0.86181640625,-0.21142578125,0.32958984375,33.59756097560976,6.646341463414635,12.378048780487806
17_02_24_760,4.0,1.0,-2.0,2.0,-1.0,0.0,2.0,3.0,0.86962890625,-0.21533203125,0.3154296875,32.6219512195122,9.329268292682928,12.987804878048781
17_02_24_760,-2.0,0.0,-8.0,-2.0,0.0,-4.0,-2.0,-4.0,0.86376953125,-0.228515625,0.32177734375,30.853658536585368,11.097560975609756,13.719512195121952
17_02_24_760,0.0,-1.0,16.0,0.0,-1.0,-2.0,-1.0,0.0,0.87548828125,-0.2216796875,0.333984375,33.35365853658537,14.451219512195124,13.536585365853659
17_02_24_760,2.0,-4.0,-19.0,-2.0,-3.0,-3.0,-2.0,1.0,0.86767578125,-0.2490234375,0.33984375,32.31707317073171,16.158536585365855,13.719512195121952
17_02_24_818,-1.0,-6.0,3.0,1.0,-7.0,-9.0,9.0,-7.0,0.92138671875,-0.12744140625,0.3896484375,-12.621951219512196,-8.536585365853659,-4.634146341463415
17_02_24_818,-17.0,-3.0,-28.0,-5.0,-6.0,-6.0,-8.0,-6.0,0.92529296875,-0.0947265625,0.3525390625,-4.146341463414634,-10.548780487804878,-8.475609756097562
17_02_24_818,-1.0,-4.0,10.0,-1.0,1.0,-3.0,1.0,1.0,0.9521484375,-0.044921875,0.30322265625,10.182926829268293,-13.04878048780488,-9.573170731707318
17_02_24_818,-4.0,0.0,10.0,3.0,-2.0,-7.0,-5.0,0.0,0.9521484375,-0.0107421875,0.25390625,21.402439024390247,-15.487804878048783,1.707317073170732
17_02_24_818,1.0,0.0,-6.0,0.0,1.0,6.0,-3.0,6.0,0.89697265625,-0.10546875,0.2724609375,27.926829268292686,-7.743902439024391,11.829268292682928
17_02_24_818,5.0,2.0,0.0,-4.0,-2.0,-4.0,0.0,-1.0,0.90185546875,-0.1748046875,0.3134765625,24.878048780487806,-3.658536585365854,10.975609756097562
17_02_24_818,-3.0,-2.0,0.0,0.0,-1.0,-3.0,-5.0,1.0,0.88671875,-0.197265625,0.33837890625,24.02439024390244,-2.073170731707317,8.841463414634147
17_02_24_818,0.0,6.0,3.0,1.0,1.0,-1.0,3.0,0.0,0.88330078125,-0.20556640625,0.34033203125,21.646341463414636,-2.7439024390243905,8.78048780487805
17_02_24_818,-1.0,0.0,3.0,-2.0,0.0,-8.0,-4.0,-1.0,0.86767578125,-0.20703125,0.32861328125,29.02439024390244,1.2195121951219514,11.52439024390244
17_02_24_818,4.0,-6.0,-13.0,-1.0,-1.0,0.0,-1.0,0.0,0.86181640625,-0.21142578125,0.32958984375,33.59756097560976,6.646341463414635,12.378048780487806
17_02_24_858,7.0,2.0,9.0,-6.0,-8.0,-14.0,-23.0,3.0,0.90576171875,-0.21484375,0.37890625,-15.853658536585368,-4.329268292682928,-1.4634146341463417
17_02_24_858,-3.0,2.0,6.0,3.0,13.0,29.0,-7.0,-3.0,0.92138671875,-0.12744140625,0.3896484375,-12.621951219512196,-8.536585365853659,-4.634146341463415
17_02_24_858,-7.0,-3.0,-8.0,-2.0,0.0,-9.0,-15.0,-3.0,0.92529296875,-0.0947265625,0.3525390625,-4.146341463414634,-10.548780487804878,-8.475609756097562
17_02_24_858,-1.0,-6.0,3.0,1.0,-7.0,-9.0,9.0,-7.0,0.9521484375,-0.044921875,0.30322265625,10.182926829268293,-13.04878048780488,-9.573170731707318
17_02_24_858,-17.0,-3.0,-28.0,-5.0,-6.0,-6.0,-8.0,-6.0,0.9521484375,-0.0107421875,0.25390625,21.402439024390247,-15.487804878048783,1.707317073170732
17_02_24_858,-1.0,-4.0,10.0,-1.0,1.0,-3.0,1.0,1.0,0.89697265625,-0.10546875,0.2724609375,27.926829268292686,-7.743902439024391,11.829268292682928
17_02_24_858,-4.0,0.0,10.0,3.0,-2.0,-7.0,-5.0,0.0,0.90185546875,-0.1748046875,0.3134765625,24.878048780487806,-3.658536585365854,10.975609756097562
17_02_24_858,1.0,0.0,-6.0,0.0,1.0,6.0,-3.0,6.0,0.88671875,-0.197265625,0.33837890625,24.02439024390244,-2.073170731707317,8.841463414634147
17_02_24_858,5.0,2.0,0.0,-4.0,-2.0,-4.0,0.0,-1.0,0.88330078125,-0.20556640625,0.34033203125,21.646341463414636,-2.7439024390243905,8.78048780487805
17_02_24_916,2.0,-5.0,-14.0,2.0,3.0,12.0,0.0,1.0,0.87353515625,-0.2626953125,0.34814453125,-19.75609756097561,-3.048780487804878,1.402439024390244
17_02_24_916,1.0,7.0,0.0,1.0,3.0,1.0,11.0,0.0,0.8583984375,-0.2490234375,0.35498046875,-18.78048780487805,-2.439024390243903,-3.963414634146342
17_02_24_916,7.0,12.0,36.0,2.0,-1.0,-11.0,-5.0,2.0,0.8662109375,-0.1953125,0.333984375,-12.865853658536587,-1.4634146341463417,-2.3170731707317076
17_02_24_916,0.0,-1.0,-26.0,-2.0,-1.0,-3.0,-4.0,-4.0,0.87890625,-0.23681640625,0.3837890625,-12.682926829268293,-3.353658536585366,-1.524390243902439
17_02_24_916,-9.0,23.0,26.0,6.0,4.0,0.0,4.0,-3.0,0.90576171875,-0.21484375,0.37890625,-15.853658536585368,-4.329268292682928,-1.4634146341463417
17_02_24_916,-6.0,-15.0,-24.0,-9.0,-7.0,-7.0,-6.0,-7.0,0.92138671875,-0.12744140625,0.3896484375,-12.621951219512196,-8.536585365853659,-4.634146341463415
17_02_24_916,12.0,2.0,-4.0,-7.0,2.0,-8.0,1.0,8.0,0.92529296875,-0.0947265625,0.3525390625,-4.146341463414634,-10.548780487804878,-8.475609756097562
17_02_24_916,4.0,4.0,3.0,0.0,-5.0,0.0,3.0,1.0,0.9521484375,-0.044921875,0.30322265625,10.182926829268293,-13.04878048780488,-9.573170731707318
17_02_24_916,-6.0,-3.0,0.0,-4.0,-2.0,3.0,-14.0,-5.0,0.9521484375,-0.0107421875,0.25390625,21.402439024390247,-15.487804878048783,1.707317073170732
17_02_24_916,-3.0,-12.0,-4.0,-2.0,-4.0,-5.0,1.0,1.0,0.89697265625,-0.10546875,0.2724609375,27.926829268292686,-7.743902439024391,11.829268292682928
17_02_24_959,14.0,10.0,-10.0,3.0,11.0,-7.0,-20.0,-6.0,0.9130859375,-0.1611328125,0.375,-7.378048780487806,-2.3170731707317076,1.5853658536585367
17_02_24_959,-44.0,-22.0,1.0,-12.0,-27.0,-9.0,11.0,-3.0,0.8828125,-0.2373046875,0.35791015625,0.9756097560975611,-5.7926829268292686,0.5487804878048781
17_02_24_959,43.0,8.0,3.0,3.0,7.0,3.0,2.0,8.0,0.86376953125,-0.28125,0.359375,-7.500000000000001,-3.536585365853659,0.7317073170731708
17_02_24_959,-7.0,-6.0,-1.0,-5.0,4.0,26.0,9.0,10.0,0.87353515625,-0.2626953125,0.34814453125,-19.75609756097561,-3.048780487804878,1.402439024390244
17_02_24_959,-5.0,-1.0,2.0,0.0,-10.0,-9.0,0.0,-9.0,0.8583984375,-0.2490234375,0.35498046875,-18.78048780487805,-2.439024390243903,-3.963414634146342
17_02_24_959,-7.0,-3.0,-1.0,-3.0,1.0,3.0,1.0,-6.0,0.8662109375,-0.1953125,0.333984375,-12.865853658536587,-1.4634146341463417,-2.3170731707317076
17_02_24_959,5.0,3.0,13.0,2.0,4.0,11.0,21.0,9.0,0.87890625,-0.23681640625,0.3837890625,-12.682926829268293,-3.353658536585366,-1.524390243902439
17_02_24_959,-9.0,-7.0,-7.0,-5.0,5.0,1.0,4.0,-2.0,0.90576171875,-0.21484375,0.37890625,-15.853658536585368,-4.329268292682928,-1.4634146341463417
17_02_24_959,1.0,5.0,-15.0,4.0,-4.0,-10.0,-9.0,-1.0,0.92138671875,-0.12744140625,0.3896484375,-12.621951219512196,-8.536585365853659,-4.634146341463415
17_02_24_959,8.0,3.0,3.0,-6.0,-4.0,-7.0,0.0,1.0,0.92529296875,-0.0947265625,0.3525390625,-4.146341463414634,-10.548780487804878,-8.475609756097562
17_02_25_015,12.0,9.0,3.0,4.0,4.0,-8.0,2.0,-2.0,0.8935546875,-0.18994140625,0.3505859375,-29.634146341463417,0.5487804878048781,5.670731707317073
17_02_25_015,24.0,4.0,9.0,-2.0,-12.0,-17.0,-14.0,8.0,0.89697265625,-0.12451171875,0.40673828125,-15.54878048780488,0.7926829268292683,4.2682926829268295
17_02_25_015,-23.0,-27.0,-10.0,-4.0,-8.0,-2.0,1.0,-9.0,0.9130859375,-0.1611328125,0.375,-7.378048780487806,-2.3170731707317076,1.5853658536585367
17_02_25_015,-13.0,10.0,0.0,-3.0,1.0,14.0,-42.0,-5.0,0.8828125,-0.2373046875,0.35791015625,0.9756097560975611,-5.7926829268292686,0.5487804878048781
17_02_25_015,10.0,1.0,-6.0,-6.0,-12.0,-16.0,6.0,2.0,0.86376953125,-0.28125,0.359375,-7.500000000000001,-3.536585365853659,0.7317073170731708
17_02_25_015,-7.0,1.0,-1.0,-11.0,-4.0,-5.0,23.0,3.0,0.87353515625,-0.2626953125,0.34814453125,-19.75609756097561,-3.048780487804878,1.402439024390244
17_02_25_015,-7.0,-2.0,-4.0,-4.0,-7.0,-8.0,-10.0,-5.0,0.8583984375,-0.2490234375,0.35498046875,-18.78048780487805,-2.439024390243903,-3.963414634146342
17_02_25_015,-9.0,-11.0,8.0,3.0,1.0,-5.0,-8.0,-12.0,0.8662109375,-0.1953125,0.333984375,-12.865853658536587,-1.4634146341463417,-2.3170731707317076
17_02_25_015,29.0,18.0,1.0,-18.0,-16.0,24.0,15.0,18.0,0.87890625,-0.23681640625,0.3837890625,-12.682926829268293,-3.353658536585366,-1.524390243902439
17_02_25_015,3.0,9.0,7.0,13.0,19.0,-3.0,-9.0,-4.0,0.90576171875,-0.21484375,0.37890625,-15.853658536585368,-4.329268292682928,-1.4634146341463417
17_02_25_073,14.0,32.0,16.0,22.0,42.0,2.0,3.0,12.0,0.8720703125,-0.25244140625,0.42333984375,11.219512195121952,-0.6097560975609757,8.536585365853659
17_02_25_073,-17.0,-16.0,12.0,-13.0,-34.0,2.0,9.0,2.0,0.8955078125,-0.34814453125,0.41845703125,-25.48780487804878,-1.4634146341463417,7.865853658536586
17_02_25_073,1.0,-4.0,-30.0,15.0,10.0,6.0,10.0,-1.0,0.8935546875,-0.18994140625,0.3505859375,-29.634146341463417,0.5487804878048781,5.670731707317073
17_02_25_073,4.0,-5.0,-4.0,-18.0,-9.0,-13.0,-46.0,-8.0,0.89697265625,-0.12451171875,0.40673828125,-15.54878048780488,0.7926829268292683,4.2682926829268295
17_02_25_073,12.0,9.0,3.0,4.0,4.0,-8.0,2.0,-2.0,0.9130859375,-0.1611328125,0.375,-7.378048780487806,-2.3170731707317076,1.5853658536585367
17_02_25_073,24.0,4.0,9.0,-2.0,-12.0,-17.0,-14.0,8.0,0.8828125,-0.2373046875,0.35791015625,0.9756097560975611,-5.7926829268292686,0.5487804878048781
17_02_25_073,-23.0,-27.0,-10.0,-4.0,-8.0,-2.0,1.0,-9.0,0.86376953125,-0.28125,0.359375,-7.500000000000001,-3.536585365853659,0.7317073170731708
17_02_25_073,-13.0,10.0,0.0,-3.0,1.0,14.0,-42.0,-5.0,0.87353515625,-0.2626953125,0.34814453125,-19.75609756097561,-3.048780487804878,1.402439024390244
17_02_25_073,10.0,1.0,-6.0,-6.0,-12.0,-16.0,6.0,2.0,0.8583984375,-0.2490234375,0.35498046875,-18.78048780487805,-2.439024390243903,-3.963414634146342
17_02_25_073,-7.0,1.0,-1.0,-11.0,-4.0,-5.0,23.0,3.0,0.8662109375,-0.1953125,0.333984375,-12.865853658536587,-1.4634146341463417,-2.3170731707317076
17_02_25_115,3.0,6.0,-4.0,-36.0,-22.0,-28.0,9.0,-2.0,0.94921875,-0.36181640625,0.35107421875,3.8414634146341466,-6.7682926829268295,5.060975609756098
17_02_25_115,-14.0,-8.0,2.0,-24.0,-48.0,-3.0,2.0,0.0,0.83251953125,-0.34130859375,0.38623046875,-16.70731707317073,-8.414634146341465,1.7682926829268295
17_02_25_115,16.0,-5.0,-1.0,23.0,69.0,-2.0,-10.0,6.0,0.80908203125,-0.1962890625,0.400390625,-9.26829268292683,-3.2926829268292686,3.536585365853659
17_02_25_115,-12.0,8.0,12.0,-3.0,21.0,18.0,25.0,2.0,0.87939453125,-0.10595703125,0.40673828125,16.52439024390244,-2.439024390243903,5.853658536585367
17_02_25_115,-6.0,-1.0,-1.0,-20.0,-31.0,-18.0,-10.0,-11.0,0.8720703125,-0.25244140625,0.42333984375,11.219512195121952,-0.6097560975609757,8.536585365853659
17_02_25_115,-3.0,-3.0,-2.0,10.0,22.0,24.0,15.0,6.0,0.8955078125,-0.34814453125,0.41845703125,-25.48780487804878,-1.4634146341463417,7.865853658536586
17_02_25_115,0.0,-5.0,-13.0,-33.0,-50.0,-49.0,-21.0,-12.0,0.8935546875,-0.18994140625,0.3505859375,-29.634146341463417,0.5487804878048781,5.670731707317073
17_02_25_115,16.0,-22.0,-4.0,8.0,-1.0,33.0,14.0,20.0,0.89697265625,-0.12451171875,0.40673828125,-15.54878048780488,0.7926829268292683,4.2682926829268295
17_02_25_115,6.0,23.0,19.0,91.0,102.0,34.0,0.0,1.0,0.9130859375,-0.1611328125,0.375,-7.378048780487806,-2.3170731707317076,1.5853658536585367
17_02_25_115,19.0,3.0,-5.0,-62.0,-66.0,-35.0,-11.0,2.0,0.8828125,-0.2373046875,0.35791015625,0.9756097560975611,-5.7926829268292686,0.5487804878048781
17_02_25_170,-7.0,-1.0,-17.0,17.0,63.0,37.0,-23.0,-21.0,0.94921875,-0.36181640625,0.35107421875,3.8414634146341466,-6.7682926829268295,5.060975609756098
17_02_25_170,-27.0,3.0,12.0,21.0,-51.0,-26.0,-25.0,0.0,0.83251953125,-0.34130859375,0.38623046875,-16.70731707317073,-8.414634146341465,1.7682926829268295
17_02_25_170,3.0,6.0,-4.0,-36.0,-22.0,-28.0,9.0,-2.0,0.80908203125,-0.1962890625,0.400390625,-9.26829268292683,-3.2926829268292686,3.536585365853659
17_02_25_170,-14.0,-8.0,2.0,-24.0,-48.0,-3.0,2.0,0.0,0.87939453125,-0.10595703125,0.40673828125,16.52439024390244,-2.439024390243903,5.853658536585367
17_02_25_170,16.0,-5.0,-1.0,23.0,69.0,-2.0,-10.0,6.0,0.8720703125,-0.25244140625,0.42333984375,11.219512195121952,-0.6097560975609757,8.536585365853659
17_02_25_170,-12.0,8.0,12.0,-3.0,21.0,18.0,25.0,2.0,0.8955078125,-0.34814453125,0.41845703125,-25.48780487804878,-1.4634146341463417,7.865853658536586
17_02_25_170,-6.0,-1.0,-1.0,-20.0,-31.0,-18.0,-10.0,-11.0,0.8935546875,-0.18994140625,0.3505859375,-29.634146341463417,0.5487804878048781,5.670731707317073
17_02_25_170,-3.0,-3.0,-2.0,10.0,22.0,24.0,15.0,6.0,0.89697265625,-0.12451171875,0.40673828125,-15.54878048780488,0.7926829268292683,4.2682926829268295
17_02_25_170,0.0,-5.0,-13.0,-33.0,-50.0,-49.0,-21.0,-12.0,0.9130859375,-0.1611328125,0.375,-7.378048780487806,-2.3170731707317076,1.5853658536585367
17_02_25_170,16.0,-22.0,-4.0,8.0,-1.0,33.0,14.0,20.0,0.8828125,-0.2373046875,0.35791015625,0.9756097560975611,-5.7926829268292686,0.5487804878048781
17_02_25_218,4.0,-24.0,6.0,80.0,-34.0,-58.0,-41.0,-5.0,0.93603515625,-0.20703125,0.41796875,16.646341463414636,-6.52439024390244,7.8048780487804885
17_02_25_218,-22.0,12.0,26.0,22.0,125.0,39.0,-18.0,-19.0,0.9072265625,-0.16845703125,0.34228515625,1.5853658536585367,-4.451219512195122,9.451219512195122
17_02_25_218,0.0,-5.0,-5.0,-46.0,-3.0,-43.0,-33.0,-11.0,0.93408203125,-0.12890625,0.20703125,7.378048780487806,1.3414634146341464,10.30487804878049
17_02_25_218,-30.0,-27.0,-52.0,-61.0,-94.0,-37.0,-16.0,-24.0,0.97314453125,-0.22802734375,0.23876953125,17.25609756097561,0.30487804878048785,8.414634146341465
17_02_25_218,-14.0,16.0,58.0,67.0,96.0,15.0,12.0,3.0,0.94921875,-0.36181640625,0.35107421875,3.8414634146341466,-6.7682926829268295,5.060975609756098
17_02_25_218,20.0,-5.0,17.0,64.0,-34.0,40.0,30.0,7.0,0.83251953125,-0.34130859375,0.38623046875,-16.70731707317073,-8.414634146341465,1.7682926829268295
17_02_25_218,8.0,-14.0,-12.0,41.0,119.0,34.0,-3.0,-1.0,0.80908203125,-0.1962890625,0.400390625,-9.26829268292683,-3.2926829268292686,3.536585365853659
17_02_25_218,-9.0,2.0,-4.0,-8.0,-38.0,-52.0,-28.0,-11.0,0.87939453125,-0.10595703125,0.40673828125,16.52439024390244,-2.439024390243903,5.853658536585367
17_02_25_218,-56.0,-27.0,1.0,-42.0,-94.0,-13.0,23.0,-7.0,0.8720703125,-0.25244140625,0.42333984375,11.219512195121952,-0.6097560975609757,8.536585365853659
17_02_25_218,-17.0,-12.0,-55.0,-23.0,13.0,-30.0,8.0,-9.0,0.8955078125,-0.34814453125,0.41845703125,-25.48780487804878,-1.4634146341463417,7.865853658536586
17_02_25_270,12.0,12.0,-4.0,9.0,67.0,19.0,39.0,32.0,0.92333984375,-0.27294921875,0.40185546875,37.6219512195122,-5.853658536585367,6.707317073170732
17_02_25_270,15.0,-12.0,-4.0,-19.0,-72.0,-16.0,17.0,-9.0,0.94384765625,-0.220703125,0.40869140625,27.500000000000004,-3.780487804878049,11.76829268292683
17_02_25_270,13.0,-3.0,3.0,-40.0,-55.0,-43.0,-25.0,-8.0,0.93603515625,-0.20703125,0.41796875,16.646341463414636,-6.52439024390244,7.8048780487804885
17_02_25_270,-5.0,-3.0,-2.0,31.0,127.0,50.0,9.0,10.0,0.9072265625,-0.16845703125,0.34228515625,1.5853658536585367,-4.451219512195122,9.451219512195122
17_02_25_270,-30.0,-30.0,-35.0,-36.0,-128.0,-24.0,1.0,-28.0,0.93408203125,-0.12890625,0.20703125,7.378048780487806,1.3414634146341464,10.30487804878049
17_02_25_270,-4.0,17.0,-6.0,-46.0,-54.0,-13.0,-13.0,2.0,0.97314453125,-0.22802734375,0.23876953125,17.25609756097561,0.30487804878048785,8.414634146341465
17_02_25_270,4.0,-24.0,6.0,80.0,-34.0,-58.0,-41.0,-5.0,0.94921875,-0.36181640625,0.35107421875,3.8414634146341466,-6.7682926829268295,5.060975609756098
17_02_25_270,-22.0,12.0,26.0,22.0,125.0,39.0,-18.0,-19.0,0.83251953125,-0.34130859375,0.38623046875,-16.70731707317073,-8.414634146341465,1.7682926829268295
17_02_25_270,0.0,-5.0,-5.0,-46.0,-3.0,-43.0,-33.0,-11.0,0.80908203125,-0.1962890625,0.400390625,-9.26829268292683,-3.2926829268292686,3.536585365853659
17_02_25_270,-30.0,-27.0,-52.0,-61.0,-94.0,-37.0,-16.0,-24.0,0.87939453125,-0.10595703125,0.40673828125,16.52439024390244,-2.439024390243903,5.853658536585367
17_02_25_325,17.0,34.0,5.0,-47.0,-128.0,-40.0,-22.0,6.0,0.90087890625,-0.150390625,0.29248046875,48.71951219512196,1.4634146341463417,11.890243902439025
17_02_25_325,-46.0,-56.0,-5.0,35.0,39.0,13.0,24.0,-2.0,0.93701171875,-0.3076171875,0.306640625,47.6219512195122,-5.914634146341464,7.865853658536586
17_02_25_325,-22.0,19.0,-3.0,55.0,127.0,101.0,-4.0,-1.0,0.8935546875,-0.31591796875,0.35302734375,43.170731707317074,-8.841463414634147,2.25609756097561
17_02_25_325,-8.0,-6.0,7.0,-28.0,-128.0,-65.0,34.0,19.0,0.92333984375,-0.27294921875,0.40185546875,37.6219512195122,-5.853658536585367,6.707317073170732
17_02_25_325,-12.0,-12.0,-33.0,-77.0,-39.0,-47.0,0.0,0.0,0.94384765625,-0.220703125,0.40869140625,27.500000000000004,-3.780487804878049,11.76829268292683
17_02_25_325,8.0,7.0,3.0,20.0,127.0,68.0,16.0,17.0,0.93603515625,-0.20703125,0.41796875,16.646341463414636,-6.52439024390244,7.8048780487804885
17_02_25_325,-36.0,-13.0,-11.0,14.0,-48.0,-22.0,6.0,-16.0,0.9072265625,-0.16845703125,0.34228515625,1.5853658536585367,-4.451219512195122,9.451219512195122
17_02_25_325,18.0,-7.0,-11.0,-6.0,-122.0,-31.0,-45.0,0.0,0.93408203125,-0.12890625,0.20703125,7.378048780487806,1.3414634146341464,10.30487804878049
17_02_25_325,21.0,18.0,28.0,98.0,127.0,89.0,37.0,30.0,0.97314453125,-0.22802734375,0.23876953125,17.25609756097561,0.30487804878048785,8.414634146341465
17_02_25_325,-4.0,0.0,18.0,-88.0,-128.0,-34.0,7.0,3.0,0.94921875,-0.36181640625,0.35107421875,3.8414634146341466,-6.7682926829268295,5.060975609756098
17_02_25_371,-31.0,10.0,8.0,12.0,101.0,30.0,23.0,-18.0,0.90087890625,-0.13330078125,0.31982421875,38.78048780487805,0.7317073170731708,9.451219512195122
17_02_25_371,28.0,2.0,-19.0,-88.0,-77.0,-48.0,-54.0,19.0,0.89697265625,-0.23193359375,0.3818359375,45.670731707317074,-2.0121951219512195,10.670731707317074
17_02_25_371,57.0,21.0,-2.0,-45.0,-128.0,-32.0,42.0,27.0,0.89990234375,-0.2548828125,0.33837890625,41.15853658536586,-2.0121951219512195,12.317073170731708
17_02_25_371,-47.0,43.0,44.0,20.0,83.0,127.0,-31.0,-7.0,0.90087890625,-0.150390625,0.29248046875,48.71951219512196,1.4634146341463417,11.890243902439025
17_02_25_371,-27.0,-30.0,-10.0,-12.0,-24.0,-128.0,-13.0,2.0,0.93701171875,-0.3076171875,0.306640625,47.6219512195122,-5.914634146341464,7.865853658536586
17_02_25_371,59.0,12.0,-26.0,-85.0,-17.0,32.0,23.0,26.0,0.8935546875,-0.31591796875,0.35302734375,43.170731707317074,-8.841463414634147,2.25609756097561
17_02_25_371,-7.0,-23.0,-1.0,82.0,49.0,82.0,0.0,3.0,0.92333984375,-0.27294921875,0.40185546875,37.6219512195122,-5.853658536585367,6.707317073170732
17_02_25_371,18.0,15.0,41.0,127.0,127.0,-35.0,28.0,6.0,0.94384765625,-0.220703125,0.40869140625,27.500000000000004,-3.780487804878049,11.76829268292683
17_02_25_371,33.0,20.0,3.0,-128.0,31.0,86.0,18.0,-21.0,0.93603515625,-0.20703125,0.41796875,16.646341463414636,-6.52439024390244,7.8048780487804885
17_02_25_371,-4.0,-1.0,-4.0,-66.0,-128.0,-92.0,-75.0,9.0,0.9072265625,-0.16845703125,0.34228515625,1.5853658536585367,-4.451219512195122,9.451219512195122
17_02_25_452,13.0,-2.0,-14.0,10.0,105.0,127.0,52.0,-12.0,0.90087890625,-0.13330078125,0.31982421875,38.78048780487805,0.7317073170731708,9.451219512195122
17_02_25_452,-31.0,10.0,8.0,12.0,101.0,30.0,23.0,-18.0,0.89697265625,-0.23193359375,0.3818359375,45.670731707317074,-2.0121951219512195,10.670731707317074
17_02_25_452,28.0,2.0,-19.0,-88.0,-77.0,-48.0,-54.0,19.0,0.89990234375,-0.2548828125,0.33837890625,41.15853658536586,-2.0121951219512195,12.317073170731708
17_02_25_452,57.0,21.0,-2.0,-45.0,-128.0,-32.0,42.0,27.0,0.90087890625,-0.150390625,0.29248046875,48.71951219512196,1.4634146341463417,11.890243902439025
17_02_25_452,-47.0,43.0,44.0,20.0,83.0,127.0,-31.0,-7.0,0.93701171875,-0.3076171875,0.306640625,47.6219512195122,-5.914634146341464,7.865853658536586
17_02_25_452,-27.0,-30.0,-10.0,-12.0,-24.0,-128.0,-13.0,2.0,0.8935546875,-0.31591796875,0.35302734375,43.170731707317074,-8.841463414634147,2.25609756097561
17_02_25_452,59.0,12.0,-26.0,-85.0,-17.0,32.0,23.0,26.0,0.92333984375,-0.27294921875,0.40185546875,37.6219512195122,-5.853658536585367,6.707317073170732
17_02_25_452,-7.0,-23.0,-1.0,82.0,49.0,82.0,0.0,3.0,0.94384765625,-0.220703125,0.40869140625,27.500000000000004,-3.780487804878049,11.76829268292683
17_02_25_452,18.0,15.0,41.0,127.0,127.0,-35.0,28.0,6.0,0.93603515625,-0.20703125,0.41796875,16.646341463414636,-6.52439024390244,7.8048780487804885
17_02_25_493,-23.0,24.0,59.0,-75.0,-96.0,37.0,26.0,-17.0,0.966796875,-0.2109375,0.42919921875,27.378048780487806,8.719512195121952,14.451219512195124
17_02_25_493,-2.0,-57.0,-101.0,-112.0,-111.0,-99.0,-61.0,34.0,0.95556640625,-0.24951171875,0.42626953125,16.28048780487805,12.195121951219512,14.329268292682928
17_02_25_493,48.0,51.0,108.0,127.0,127.0,9.0,-11.0,36.0,0.89453125,-0.19921875,0.3935546875,15.060975609756099,8.78048780487805,11.341463414634147
17_02_25_493,-19.0,-40.0,-20.0,-57.0,63.0,-33.0,-32.0,4.0,0.88330078125,-0.30615234375,0.36572265625,15.243902439024392,5.365853658536586,8.658536585365855
17_02_25_493,-13.0,34.0,-9.0,-103.0,75.0,127.0,35.0,16.0,0.9248046875,-0.1435546875,0.337890625,21.158536585365855,2.378048780487805,10.182926829268293
17_02_25_493,17.0,0.0,-6.0,-45.0,-128.0,-128.0,-3.0,-8.0,0.90087890625,-0.13330078125,0.31982421875,38.78048780487805,0.7317073170731708,9.451219512195122
17_02_25_493,21.0,-14.0,40.0,66.0,-20.0,37.0,54.0,11.0,0.89697265625,-0.23193359375,0.3818359375,45.670731707317074,-2.0121951219512195,10.670731707317074
17_02_25_493,68.0,24.0,-14.0,3.0,127.0,10.0,-10.0,38.0,0.89990234375,-0.2548828125,0.33837890625,41.15853658536586,-2.0121951219512195,12.317073170731708
17_02_25_493,70.0,6.0,-55.0,-128.0,-128.0,-128.0,8.0,27.0,0.90087890625,-0.150390625,0.29248046875,48.71951219512196,1.4634146341463417,11.890243902439025
17_02_25_493,30.0,-8.0,-17.0,-4.0,-128.0,107.0,56.0,4.0,0.93701171875,-0.3076171875,0.306640625,47.6219512195122,-5.914634146341464,7.865853658536586
17_02_25_540,-3.0,-4.0,127.0,-15.0,-118.0,100.0,-10.0,1.0,1.0009765625,-0.162109375,0.33251953125,29.87804878048781,12.987804878048781,15.975609756097562
17_02_25_540,-22.0,-92.0,-120.0,-19.0,127.0,0.0,22.0,15.0,0.966796875,-0.2109375,0.42919921875,27.378048780487806,8.719512195121952,14.451219512195124
17_02_25_540,14.0,40.0,57.0,66.0,-128.0,-39.0,18.0,-26.0,0.95556640625,-0.24951171875,0.42626953125,16.28048780487805,12.195121951219512,14.329268292682928
17_02_25_540,18.0,17.0,27.0,32.0,117.0,61.0,-43.0,17.0,0.89453125,-0.19921875,0.3935546875,15.060975609756099,8.78048780487805,11.341463414634147
17_02_25_540,-3.0,-16.0,-10.0,-52.0,-43.0,-9.0,-22.0,-16.0,0.88330078125,-0.30615234375,0.36572265625,15.243902439024392,5.365853658536586,8.658536585365855
17_02_25_540,-23.0,24.0,59.0,-75.0,-96.0,37.0,26.0,-17.0,0.9248046875,-0.1435546875,0.337890625,21.158536585365855,2.378048780487805,10.182926829268293
17_02_25_540,-2.0,-57.0,-101.0,-112.0,-111.0,-99.0,-61.0,34.0,0.90087890625,-0.13330078125,0.31982421875,38.78048780487805,0.7317073170731708,9.451219512195122
17_02_25_540,48.0,51.0,108.0,127.0,127.0,9.0,-11.0,36.0,0.89697265625,-0.23193359375,0.3818359375,45.670731707317074,-2.0121951219512195,10.670731707317074
17_02_25_540,-19.0,-40.0,-20.0,-57.0,63.0,-33.0,-32.0,4.0,0.89990234375,-0.2548828125,0.33837890625,41.15853658536586,-2.0121951219512195,12.317073170731708
17_02_25_604,8.0,21.0,19.0,127.0,127.0,122.0,30.0,4.0,0.939453125,-0.2158203125,0.2744140625,18.10975609756098,17.012195121951223,15.426829268292684
17_02_25_604,15.0,-6.0,6.0,-84.0,-79.0,-25.0,3.0,6.0,0.97802734375,-0.21240234375,0.3212890625,21.951219512195124,12.80487804878049,15.975609756097562
17_02_25_604,-13.0,-23.0,-20.0,-8.0,69.0,-23.0,51.0,8.0,1.0009765625,-0.162109375,0.33251953125,29.87804878048781,12.987804878048781,15.975609756097562
17_02_25_604,4.0,49.0,38.0,43.0,-68.0,-4.0,-46.0,-14.0,0.966796875,-0.2109375,0.42919921875,27.378048780487806,8.719512195121952,14.451219512195124
17_02_25_604,-32.0,-6.0,-128.0,-123.0,-127.0,-88.0,33.0,-13.0,0.95556640625,-0.24951171875,0.42626953125,16.28048780487805,12.195121951219512,14.329268292682928
17_02_25_604,-3.0,-4.0,127.0,-15.0,-118.0,100.0,-10.0,1.0,0.89453125,-0.19921875,0.3935546875,15.060975609756099,8.78048780487805,11.341463414634147
17_02_25_604,-22.0,-92.0,-120.0,-19.0,127.0,0.0,22.0,15.0,0.88330078125,-0.30615234375,0.36572265625,15.243902439024392,5.365853658536586,8.658536585365855
17_02_25_604,14.0,40.0,57.0,66.0,-128.0,-39.0,18.0,-26.0,0.9248046875,-0.1435546875,0.337890625,21.158536585365855,2.378048780487805,10.182926829268293
17_02_25_604,18.0,17.0,27.0,32.0,117.0,61.0,-43.0,17.0,0.90087890625,-0.13330078125,0.31982421875,38.78048780487805,0.7317073170731708,9.451219512195122
17_02_25_604,-3.0,-16.0,-10.0,-52.0,-43.0,-9.0,-22.0,-16.0,0.89697265625,-0.23193359375,0.3818359375,45.670731707317074,-2.0121951219512195,10.670731707317074
17_02_25_643,1.0,-12.0,49.0,127.0,127.0,126.0,-2.0,4.0,0.87841796875,-0.24951171875,0.38720703125,-13.109756097560977,26.89024390243903,6.2804878048780495
17_02_25_643,0.0,1.0,5.0,-40.0,-128.0,73.0,3.0,-24.0,0.828125,-0.2646484375,0.37158203125,-13.170731707317074,26.03658536585366,6.829268292682928
17_02_25_643,-7.0,29.0,22.0,83.0,127.0,-1.0,-3.0,15.0,0.7919921875,-0.26318359375,0.32177734375,-10.487804878048781,26.158536585365855,9.329268292682928
17_02_25_643,-8.0,-19.0,-36.0,-77.0,-128.0,-52.0,-37.0,-34.0,0.88427734375,-0.23095703125,0.3212890625,-1.0975609756097562,24.390243902439025,11.646341463414634
17_02_25_643,-42.0,-13.0,1.0,-52.0,-128.0,-52.0,-32.0,-31.0,0.94677734375,-0.2421875,0.3076171875,5.914634146341464,20.243902439024392,12.987804878048781
17_02_25_643,43.0,14.0,11.0,75.0,-107.0,47.0,74.0,26.0,0.939453125,-0.2158203125,0.2744140625,18.10975609756098,17.012195121951223,15.426829268292684
17_02_25_643,-3.0,32.0,54.0,59.0,127.0,4.0,-22.0,30.0,0.97802734375,-0.21240234375,0.3212890625,21.951219512195124,12.80487804878049,15.975609756097562
17_02_25_643,11.0,-56.0,-59.0,-128.0,-128.0,-95.0,13.0,-21.0,1.0009765625,-0.162109375,0.33251953125,29.87804878048781,12.987804878048781,15.975609756097562
17_02_25_643,16.0,16.0,17.0,-36.0,-59.0,84.0,127.0,44.0,0.966796875,-0.2109375,0.42919921875,27.378048780487806,8.719512195121952,14.451219512195124
17_02_25_643,-14.0,0.0,10.0,122.0,127.0,1.0,-89.0,-48.0,0.95556640625,-0.24951171875,0.42626953125,16.28048780487805,12.195121951219512,14.329268292682928
17_02_25_705,-3.0,-28.0,-47.0,-119.0,-128.0,-25.0,-25.0,-43.0,0.8408203125,-0.21533203125,0.365234375,-23.29268292682927,30.182926829268297,3.658536585365854
17_02_25_705,101.0,13.0,4.0,-75.0,-128.0,49.0,62.0,23.0,0.87841796875,-0.24951171875,0.38720703125,-13.109756097560977,26.89024390243903,6.2804878048780495
17_02_25_705,25.0,15.0,34.0,89.0,127.0,38.0,-16.0,13.0,0.828125,-0.2646484375,0.37158203125,-13.170731707317074,26.03658536585366,6.829268292682928
17_02_25_705,4.0,-15.0,-14.0,19.0,-59.0,-8.0,-56.0,-8.0,0.7919921875,-0.26318359375,0.32177734375,-10.487804878048781,26.158536585365855,9.329268292682928
17_02_25_705,-37.0,-36.0,-61.0,-92.0,127.0,74.0,51.0,-10.0,0.88427734375,-0.23095703125,0.3212890625,-1.0975609756097562,24.390243902439025,11.646341463414634
17_02_25_705,-20.0,8.0,-21.0,-124.0,-128.0,-128.0,-10.0,2.0,0.94677734375,-0.2421875,0.3076171875,5.914634146341464,20.243902439024392,12.987804878048781
17_02_25_705,1.0,-12.0,49.0,127.0,127.0,126.0,-2.0,4.0,0.939453125,-0.2158203125,0.2744140625,18.10975609756098,17.012195121951223,15.426829268292684
17_02_25_705,0.0,1.0,5.0,-40.0,-128.0,73.0,3.0,-24.0,0.97802734375,-0.21240234375,0.3212890625,21.951219512195124,12.80487804878049,15.975609756097562
17_02_25_705,-7.0,29.0,22.0,83.0,127.0,-1.0,-3.0,15.0,1.0009765625,-0.162109375,0.33251953125,29.87804878048781,12.987804878048781,15.975609756097562
17_02_25_705,-8.0,-19.0,-36.0,-77.0,-128.0,-52.0,-37.0,-34.0,0.966796875,-0.2109375,0.42919921875,27.378048780487806,8.719512195121952,14.451219512195124
17_02_25_750,70.0,22.0,-42.0,-104.0,-115.0,-2.0,-8.0,-1.0,0.759765625,-0.3017578125,0.4208984375,-34.08536585365854,32.6829268292683,1.4634146341463417
17_02_25_750,-64.0,-31.0,-8.0,101.0,127.0,-20.0,37.0,-6.0,0.8408203125,-0.21533203125,0.365234375,-23.29268292682927,30.182926829268297,3.658536585365854
17_02_25_750,-45.0,34.0,4.0,-15.0,-17.0,-4.0,-42.0,-12.0,0.87841796875,-0.24951171875,0.38720703125,-13.109756097560977,26.89024390243903,6.2804878048780495
17_02_25_750,60.0,-11.0,4.0,17.0,-118.0,-1.0,-26.0,3.0,0.828125,-0.2646484375,0.37158203125,-13.170731707317074,26.03658536585366,6.829268292682928
17_02_25_750,-128.0,-28.0,-25.0,-32.0,127.0,17.0,-3.0,-18.0,0.7919921875,-0.26318359375,0.32177734375,-10.487804878048781,26.158536585365855,9.329268292682928
17_02_25_750,-3.0,-4.0,-14.0,-101.0,-128.0,-128.0,-25.0,-4.0,0.88427734375,-0.23095703125,0.3212890625,-1.0975609756097562,24.390243902439025,11.646341463414634
17_02_25_750,29.0,9.0,6.0,-4.0,-128.0,-115.0,-31.0,-1.0,0.94677734375,-0.2421875,0.3076171875,5.914634146341464,20.243902439024392,12.987804878048781
17_02_25_796,22.0,16.0,28.0,127.0,127.0,127.0,57.0,30.0,0.77197265625,-0.26806640625,0.4970703125,-29.939024390243905,30.914634146341466,1.7682926829268295
17_02_25_796,-24.0,3.0,-55.0,-128.0,-27.0,-76.0,-79.0,9.0,0.75732421875,-0.36181640625,0.48681640625,-35.30487804878049,30.243902439024392,0.7926829268292683
17_02_25_796,2.0,-7.0,-11.0,78.0,-44.0,-70.0,-43.0,-35.0,0.759765625,-0.3017578125,0.4208984375,-34.08536585365854,32.6829268292683,1.4634146341463417
17_02_25_796,-33.0,-1.0,14.0,40.0,-28.0,-38.0,-40.0,-10.0,0.8408203125,-0.21533203125,0.365234375,-23.29268292682927,30.182926829268297,3.658536585365854
17_02_25_796,-4.0,25.0,-5.0,-69.0,41.0,-89.0,23.0,13.0,0.87841796875,-0.24951171875,0.38720703125,-13.109756097560977,26.89024390243903,6.2804878048780495
17_02_25_796,-5.0,-17.0,19.0,127.0,52.0,6.0,-32.0,-13.0,0.828125,-0.2646484375,0.37158203125,-13.170731707317074,26.03658536585366,6.829268292682928
17_02_25_796,-39.0,3.0,0.0,-42.0,127.0,127.0,16.0,-7.0,0.7919921875,-0.26318359375,0.32177734375,-10.487804878048781,26.158536585365855,9.329268292682928
17_02_25_859,-13.0,5.0,4.0,-32.0,-128.0,-64.0,-3.0,27.0,0.78173828125,-0.26513671875,0.533203125,-11.463414634146343,23.29268292682927,4.817073170731708
17_02_25_859,-3.0,-4.0,-21.0,-31.0,51.0,8.0,-12.0,-20.0,0.78662109375,-0.28076171875,0.5244140625,-8.536585365853659,26.76829268292683,3.780487804878049
17_02_25_859,-2.0,8.0,6.0,-1.0,-111.0,-37.0,-31.0,-10.0,0.76171875,-0.37939453125,0.5625,-19.085365853658537,25.54878048780488,3.780487804878049
17_02_25_859,-31.0,13.0,12.0,-7.0,-128.0,20.0,-44.0,-16.0,0.7138671875,-0.31884765625,0.56640625,-29.146341463414636,31.03658536585366,-0.6707317073170732
17_02_25_859,1.0,-17.0,-13.0,68.0,127.0,116.0,13.0,-12.0,0.8115234375,-0.2255859375,0.54052734375,-25.426829268292686,31.09756097560976,-0.30487804878048785
17_02_25_859,-21.0,0.0,-33.0,-128.0,-128.0,-128.0,-30.0,-12.0,0.77197265625,-0.26806640625,0.4970703125,-29.939024390243905,30.914634146341466,1.7682926829268295
17_02_25_859,28.0,25.0,32.0,-17.0,-128.0,-58.0,-13.0,4.0,0.75732421875,-0.36181640625,0.48681640625,-35.30487804878049,30.243902439024392,0.7926829268292683
17_02_25_859,22.0,16.0,28.0,127.0,127.0,127.0,57.0,30.0,0.759765625,-0.3017578125,0.4208984375,-34.08536585365854,32.6829268292683,1.4634146341463417
17_02_25_859,-24.0,3.0,-55.0,-128.0,-27.0,-76.0,-79.0,9.0,0.8408203125,-0.21533203125,0.365234375,-23.29268292682927,30.182926829268297,3.658536585365854
17_02_25_859,2.0,-7.0,-11.0,78.0,-44.0,-70.0,-43.0,-35.0,0.87841796875,-0.24951171875,0.38720703125,-13.109756097560977,26.89024390243903,6.2804878048780495
17_02_25_898,5.0,-6.0,-46.0,-119.0,-9.0,-57.0,-47.0,-30.0,0.7099609375,-0.29638671875,0.5078125,-3.2926829268292686,17.134146341463417,4.75609756097561
17_02_25_898,-20.0,-1.0,40.0,67.0,39.0,95.0,-13.0,-3.0,0.75390625,-0.314453125,0.55078125,-4.51219512195122,18.597560975609756,5.426829268292684
17_02_25_898,27.0,-25.0,-55.0,-25.0,62.0,-118.0,-30.0,35.0,0.744140625,-0.31787109375,0.5849609375,-13.353658536585368,20.426829268292686,4.817073170731708
17_02_25_898,-37.0,4.0,-26.0,-103.0,-21.0,-15.0,-44.0,-1.0,0.78173828125,-0.26513671875,0.533203125,-11.463414634146343,23.29268292682927,4.817073170731708
17_02_25_898,23.0,-19.0,-25.0,-101.0,-128.0,127.0,50.0,7.0,0.78662109375,-0.28076171875,0.5244140625,-8.536585365853659,26.76829268292683,3.780487804878049
17_02_25_898,21.0,-13.0,11.0,105.0,-12.0,-33.0,-35.0,21.0,0.76171875,-0.37939453125,0.5625,-19.085365853658537,25.54878048780488,3.780487804878049
17_02_25_898,-5.0,32.0,16.0,27.0,127.0,127.0,31.0,2.0,0.7138671875,-0.31884765625,0.56640625,-29.146341463414636,31.03658536585366,-0.6707317073170732
17_02_25_898,-21.0,-9.0,-17.0,-87.0,-104.0,-64.0,-41.0,-32.0,0.8115234375,-0.2255859375,0.54052734375,-25.426829268292686,31.09756097560976,-0.30487804878048785
17_02_25_898,-51.0,8.0,-2.0,-70.0,-60.0,-17.0,20.0,-3.0,0.77197265625,-0.26806640625,0.4970703125,-29.939024390243905,30.914634146341466,1.7682926829268295
17_02_25_898,-70.0,-37.0,6.0,-9.0,16.0,-19.0,-8.0,-17.0,0.75732421875,-0.36181640625,0.48681640625,-35.30487804878049,30.243902439024392,0.7926829268292683
17_02_25_948,33.0,-15.0,-9.0,15.0,-128.0,-119.0,-9.0,10.0,0.7509765625,-0.294921875,0.53857421875,-5.914634146341464,14.02439024390244,1.9512195121951221
17_02_25_948,-4.0,21.0,-7.0,36.0,127.0,127.0,58.0,24.0,0.7119140625,-0.30859375,0.52392578125,-5.121951219512195,14.390243902439027,2.6219512195121952
17_02_25_948,-5.0,-18.0,-29.0,-77.0,-119.0,7.0,-30.0,3.0,0.7099609375,-0.29638671875,0.5078125,-3.2926829268292686,17.134146341463417,4.75609756097561
17_02_25_948,28.0,-12.0,-19.0,-46.0,-69.0,-111.0,-32.0,30.0,0.75390625,-0.314453125,0.55078125,-4.51219512195122,18.597560975609756,5.426829268292684
17_02_25_948,3.0,-14.0,6.0,48.0,-45.0,127.0,50.0,2.0,0.744140625,-0.31787109375,0.5849609375,-13.353658536585368,20.426829268292686,4.817073170731708
17_02_25_948,41.0,60.0,51.0,127.0,127.0,0.0,5.0,21.0,0.78173828125,-0.26513671875,0.533203125,-11.463414634146343,23.29268292682927,4.817073170731708
17_02_25_948,5.0,-6.0,-46.0,-119.0,-9.0,-57.0,-47.0,-30.0,0.78662109375,-0.28076171875,0.5244140625,-8.536585365853659,26.76829268292683,3.780487804878049
17_02_25_948,-20.0,-1.0,40.0,67.0,39.0,95.0,-13.0,-3.0,0.76171875,-0.37939453125,0.5625,-19.085365853658537,25.54878048780488,3.780487804878049
17_02_25_948,27.0,-25.0,-55.0,-25.0,62.0,-118.0,-30.0,35.0,0.7138671875,-0.31884765625,0.56640625,-29.146341463414636,31.03658536585366,-0.6707317073170732
17_02_25_948,-37.0,4.0,-26.0,-103.0,-21.0,-15.0,-44.0,-1.0,0.8115234375,-0.2255859375,0.54052734375,-25.426829268292686,31.09756097560976,-0.30487804878048785
17_02_26_009,-7.0,-5.0,-47.0,-71.0,69.0,21.0,25.0,-7.0,0.76611328125,-0.29150390625,0.5576171875,2.6219512195121952,8.292682926829269,2.9268292682926833
17_02_26_009,-19.0,-8.0,-35.0,-116.0,-128.0,-128.0,-67.0,-5.0,0.73046875,-0.32470703125,0.54931640625,-2.1951219512195124,9.207317073170733,2.25609756097561
17_02_26_009,28.0,24.0,61.0,117.0,-28.0,127.0,27.0,11.0,0.74072265625,-0.2919921875,0.52685546875,-2.987804878048781,12.317073170731708,0.7317073170731708
17_02_26_009,-7.0,-13.0,-14.0,18.0,127.0,48.0,-7.0,-16.0,0.7509765625,-0.294921875,0.53857421875,-5.914634146341464,14.02439024390244,1.9512195121951221
17_02_26_009,47.0,-36.0,-27.0,-64.0,-128.0,-61.0,-111.0,7.0,0.7119140625,-0.30859375,0.52392578125,-5.121951219512195,14.390243902439027,2.6219512195121952
17_02_26_009,6.0,46.0,39.0,47.0,127.0,127.0,43.0,12.0,0.7099609375,-0.29638671875,0.5078125,-3.2926829268292686,17.134146341463417,4.75609756097561
17_02_26_009,12.0,7.0,-36.0,-100.0,-128.0,-128.0,-22.0,-20.0,0.75390625,-0.314453125,0.55078125,-4.51219512195122,18.597560975609756,5.426829268292684
17_02_26_009,27.0,16.0,56.0,127.0,97.0,127.0,80.0,27.0,0.744140625,-0.31787109375,0.5849609375,-13.353658536585368,20.426829268292686,4.817073170731708
17_02_26_009,-15.0,-26.0,-22.0,-16.0,-96.0,-112.0,-32.0,-15.0,0.78173828125,-0.26513671875,0.533203125,-11.463414634146343,23.29268292682927,4.817073170731708
17_02_26_009,65.0,41.0,1.0,-94.0,-128.0,-59.0,-7.0,23.0,0.78662109375,-0.28076171875,0.5244140625,-8.536585365853659,26.76829268292683,3.780487804878049
17_02_26_051,16.0,22.0,16.0,11.0,127.0,59.0,55.0,18.0,0.75439453125,-0.28857421875,0.54296875,3.1707317073170733,5.975609756097562,2.073170731707317
17_02_26_051,17.0,7.0,-6.0,-80.0,-102.0,-104.0,-28.0,-15.0,0.71337890625,-0.337890625,0.53125,0.48780487804878053,6.2804878048780495,3.963414634146342
17_02_26_051,-71.0,8.0,-13.0,27.0,127.0,18.0,-17.0,-8.0,0.755859375,-0.341796875,0.53466796875,-2.5609756097560976,7.439024390243903,2.439024390243903
17_02_26_051,18.0,-10.0,38.0,31.0,-128.0,-112.0,-46.0,7.0,0.76611328125,-0.29150390625,0.5576171875,2.6219512195121952,8.292682926829269,2.9268292682926833
17_02_26_051,49.0,6.0,6.0,23.0,127.0,127.0,54.0,15.0,0.73046875,-0.32470703125,0.54931640625,-2.1951219512195124,9.207317073170733,2.25609756097561
17_02_26_051,-46.0,24.0,2.0,-50.0,-128.0,-112.0,-53.0,-41.0,0.74072265625,-0.2919921875,0.52685546875,-2.987804878048781,12.317073170731708,0.7317073170731708
17_02_26_051,8.0,-60.0,-28.0,-58.0,-128.0,-62.0,44.0,22.0,0.7509765625,-0.294921875,0.53857421875,-5.914634146341464,14.02439024390244,1.9512195121951221
17_02_26_051,-15.0,2.0,-7.0,34.0,127.0,32.0,-55.0,-26.0,0.7119140625,-0.30859375,0.52392578125,-5.121951219512195,14.390243902439027,2.6219512195121952
17_02_26_051,-115.0,-28.0,-10.0,-87.0,-128.0,-97.0,-29.0,-3.0,0.7099609375,-0.29638671875,0.5078125,-3.2926829268292686,17.134146341463417,4.75609756097561
17_02_26_051,-41.0,3.0,-24.0,32.0,127.0,67.0,45.0,-2.0,0.75390625,-0.314453125,0.55078125,-4.51219512195122,18.597560975609756,5.426829268292684
17_02_26_111,11.0,-8.0,-14.0,13.0,-118.0,-14.0,61.0,16.0,0.7353515625,-0.31494140625,0.56005859375,-3.048780487804878,2.804878048780488,-1.7682926829268295
17_02_26_111,-3.0,17.0,10.0,78.0,127.0,123.0,-30.0,-4.0,0.7265625,-0.29296875,0.53271484375,-3.536585365853659,5.975609756097562,-1.1585365853658538
17_02_26_111,11.0,2.0,-40.0,-128.0,-128.0,-128.0,-5.0,15.0,0.7314453125,-0.27001953125,0.5361328125,-0.1829268292682927,5.7926829268292686,1.2804878048780488
17_02_26_111,3.0,10.0,34.0,127.0,127.0,116.0,22.0,7.0,0.75439453125,-0.28857421875,0.54296875,3.1707317073170733,5.975609756097562,2.073170731707317
17_02_26_111,-15.0,-37.0,-33.0,18.0,-92.0,-62.0,47.0,-12.0,0.71337890625,-0.337890625,0.53125,0.48780487804878053,6.2804878048780495,3.963414634146342
17_02_26_111,-8.0,2.0,-7.0,-28.0,-81.0,-92.0,19.0,7.0,0.755859375,-0.341796875,0.53466796875,-2.5609756097560976,7.439024390243903,2.439024390243903
17_02_26_111,8.0,-10.0,-7.0,20.0,127.0,127.0,20.0,-7.0,0.76611328125,-0.29150390625,0.5576171875,2.6219512195121952,8.292682926829269,2.9268292682926833
17_02_26_111,-51.0,19.0,15.0,-87.0,-128.0,-128.0,-29.0,-57.0,0.73046875,-0.32470703125,0.54931640625,-2.1951219512195124,9.207317073170733,2.25609756097561
17_02_26_111,4.0,-50.0,-26.0,-24.0,-55.0,-50.0,-53.0,-8.0,0.74072265625,-0.2919921875,0.52685546875,-2.987804878048781,12.317073170731708,0.7317073170731708
17_02_26_111,52.0,-83.0,-13.0,-6.0,-54.0,9.0,28.0,14.0,0.7509765625,-0.294921875,0.53857421875,-5.914634146341464,14.02439024390244,1.9512195121951221
17_02_26_158,-16.0,-15.0,-4.0,67.0,127.0,16.0,25.0,3.0,0.7939453125,-0.30029296875,0.55712890625,1.1585365853658538,1.7682926829268295,-1.0365853658536586
17_02_26_158,-7.0,-26.0,-11.0,-43.0,-128.0,31.0,32.0,-5.0,0.751953125,-0.3408203125,0.552734375,-1.7682926829268295,1.6463414634146343,-1.4634146341463417
17_02_26_158,-15.0,-13.0,-33.0,-22.0,127.0,-6.0,-55.0,-27.0,0.7353515625,-0.31494140625,0.56005859375,-3.048780487804878,2.804878048780488,-1.7682926829268295
17_02_26_158,5.0,-4.0,34.0,12.0,-128.0,-80.0,-23.0,17.0,0.7265625,-0.29296875,0.53271484375,-3.536585365853659,5.975609756097562,-1.1585365853658538
17_02_26_158,-7.0,-16.0,-15.0,118.0,127.0,99.0,127.0,-7.0,0.7314453125,-0.27001953125,0.5361328125,-0.1829268292682927,5.7926829268292686,1.2804878048780488
17_02_26_158,8.0,2.0,-27.0,-128.0,-128.0,-20.0,-10.0,-4.0,0.75439453125,-0.28857421875,0.54296875,3.1707317073170733,5.975609756097562,2.073170731707317
17_02_26_158,-19.0,-18.0,-31.0,-128.0,-128.0,-128.0,-59.0,-30.0,0.71337890625,-0.337890625,0.53125,0.48780487804878053,6.2804878048780495,3.963414634146342
17_02_26_158,-25.0,-10.0,26.0,94.0,89.0,-39.0,-11.0,-25.0,0.755859375,-0.341796875,0.53466796875,-2.5609756097560976,7.439024390243903,2.439024390243903
17_02_26_158,11.0,-8.0,-14.0,13.0,-118.0,-14.0,61.0,16.0,0.76611328125,-0.29150390625,0.5576171875,2.6219512195121952,8.292682926829269,2.9268292682926833
17_02_26_158,-3.0,17.0,10.0,78.0,127.0,123.0,-30.0,-4.0,0.73046875,-0.32470703125,0.54931640625,-2.1951219512195124,9.207317073170733,2.25609756097561
17_02_26_200,13.0,24.0,21.0,-12.0,-30.0,-93.0,54.0,9.0,0.76611328125,-0.31689453125,0.58544921875,0.06097560975609757,1.707317073170732,2.1341463414634148
17_02_26_200,17.0,-11.0,4.0,19.0,-118.0,127.0,88.0,25.0,0.7939453125,-0.30029296875,0.55712890625,1.1585365853658538,1.7682926829268295,-1.0365853658536586
17_02_26_200,-11.0,0.0,5.0,127.0,127.0,76.0,0.0,-17.0,0.751953125,-0.3408203125,0.552734375,-1.7682926829268295,1.6463414634146343,-1.4634146341463417
17_02_26_200,12.0,34.0,15.0,-53.0,-128.0,-103.0,5.0,22.0,0.7353515625,-0.31494140625,0.56005859375,-3.048780487804878,2.804878048780488,-1.7682926829268295
17_02_26_200,16.0,-14.0,-39.0,-86.0,-128.0,-53.0,-42.0,-26.0,0.7265625,-0.29296875,0.53271484375,-3.536585365853659,5.975609756097562,-1.1585365853658538
17_02_26_200,10.0,-14.0,33.0,123.0,-128.0,-128.0,-6.0,11.0,0.7314453125,-0.27001953125,0.5361328125,-0.1829268292682927,5.7926829268292686,1.2804878048780488
17_02_26_200,9.0,0.0,-17.0,-53.0,68.0,46.0,50.0,18.0,0.75439453125,-0.28857421875,0.54296875,3.1707317073170733,5.975609756097562,2.073170731707317
17_02_26_200,66.0,-100.0,-52.0,-91.0,-128.0,-38.0,64.0,-2.0,0.71337890625,-0.337890625,0.53125,0.48780487804878053,6.2804878048780495,3.963414634146342
17_02_26_200,53.0,58.0,1.0,2.0,-128.0,38.0,-66.0,14.0,0.755859375,-0.341796875,0.53466796875,-2.5609756097560976,7.439024390243903,2.439024390243903
17_02_26_261,23.0,-28.0,-7.0,-6.0,84.0,3.0,-68.0,-32.0,0.76220703125,-0.36328125,0.55810546875,7.01219512195122,1.4634146341463417,4.695121951219512
17_02_26_261,-31.0,-1.0,29.0,89.0,35.0,-28.0,-4.0,-7.0,0.76611328125,-0.31689453125,0.58544921875,0.06097560975609757,1.707317073170732,2.1341463414634148
17_02_26_261,31.0,30.0,-18.0,-128.0,-128.0,-72.0,17.0,6.0,0.7939453125,-0.30029296875,0.55712890625,1.1585365853658538,1.7682926829268295,-1.0365853658536586
17_02_26_261,-21.0,-39.0,-8.0,37.0,127.0,1.0,-58.0,-23.0,0.751953125,-0.3408203125,0.552734375,-1.7682926829268295,1.6463414634146343,-1.4634146341463417
17_02_26_261,13.0,24.0,21.0,-12.0,-30.0,-93.0,54.0,9.0,0.7353515625,-0.31494140625,0.56005859375,-3.048780487804878,2.804878048780488,-1.7682926829268295
17_02_26_261,17.0,-11.0,4.0,19.0,-118.0,127.0,88.0,25.0,0.7265625,-0.29296875,0.53271484375,-3.536585365853659,5.975609756097562,-1.1585365853658538
17_02_26_261,-11.0,0.0,5.0,127.0,127.0,76.0,0.0,-17.0,0.7314453125,-0.27001953125,0.5361328125,-0.1829268292682927,5.7926829268292686,1.2804878048780488
17_02_26_261,12.0,34.0,15.0,-53.0,-128.0,-103.0,5.0,22.0,0.75439453125,-0.28857421875,0.54296875,3.1707317073170733,5.975609756097562,2.073170731707317
17_02_26_261,16.0,-14.0,-39.0,-86.0,-128.0,-53.0,-42.0,-26.0,0.71337890625,-0.337890625,0.53125,0.48780487804878053,6.2804878048780495,3.963414634146342
17_02_26_302,18.0,41.0,37.0,89.0,-18.0,127.0,127.0,30.0,0.76416015625,-0.2626953125,0.51025390625,-0.06097560975609757,-2.5,-0.9146341463414634
17_02_26_302,1.0,-28.0,-27.0,123.0,127.0,-41.0,-128.0,-75.0,0.72119140625,-0.30322265625,0.53662109375,2.0121951219512195,-2.378048780487805,-1.0975609756097562
17_02_26_302,-73.0,-60.0,-69.0,-128.0,-128.0,-128.0,-64.0,-11.0,0.693359375,-0.31103515625,0.53466796875,-4.573170731707317,0.0,-0.1829268292682927
17_02_26_302,28.0,16.0,16.0,45.0,-128.0,117.0,55.0,16.0,0.728515625,-0.2802734375,0.5126953125,-0.5487804878048781,1.4634146341463417,1.2804878048780488
17_02_26_302,-27.0,-14.0,5.0,114.0,127.0,53.0,58.0,-23.0,0.73828125,-0.2900390625,0.5009765625,7.500000000000001,3.1097560975609757,4.207317073170732
17_02_26_302,11.0,-18.0,-11.0,-100.0,-128.0,-75.0,-29.0,-8.0,0.76220703125,-0.36328125,0.55810546875,7.01219512195122,1.4634146341463417,4.695121951219512
17_02_26_302,-20.0,16.0,-17.0,-31.0,127.0,127.0,39.0,-17.0,0.76611328125,-0.31689453125,0.58544921875,0.06097560975609757,1.707317073170732,2.1341463414634148
17_02_26_302,-1.0,-36.0,-48.0,-128.0,-128.0,-128.0,-90.0,-27.0,0.7939453125,-0.30029296875,0.55712890625,1.1585365853658538,1.7682926829268295,-1.0365853658536586
17_02_26_302,10.0,34.0,123.0,127.0,-10.0,127.0,127.0,30.0,0.751953125,-0.3408203125,0.552734375,-1.7682926829268295,1.6463414634146343,-1.4634146341463417
17_02_26_358,36.0,53.0,50.0,99.0,112.0,127.0,95.0,24.0,0.77392578125,-0.30859375,0.54248046875,-3.414634146341464,-2.5609756097560976,-1.4634146341463417
17_02_26_358,-44.0,0.0,-10.0,-77.0,64.0,28.0,26.0,-6.0,0.76416015625,-0.2626953125,0.51025390625,-0.06097560975609757,-2.5,-0.9146341463414634
17_02_26_358,-23.0,-13.0,-7.0,-50.0,-128.0,-128.0,-33.0,-8.0,0.72119140625,-0.30322265625,0.53662109375,2.0121951219512195,-2.378048780487805,-1.0975609756097562
17_02_26_358,18.0,41.0,37.0,89.0,-18.0,127.0,127.0,30.0,0.693359375,-0.31103515625,0.53466796875,-4.573170731707317,0.0,-0.1829268292682927
17_02_26_358,1.0,-28.0,-27.0,123.0,127.0,-41.0,-128.0,-75.0,0.728515625,-0.2802734375,0.5126953125,-0.5487804878048781,1.4634146341463417,1.2804878048780488
17_02_26_358,-73.0,-60.0,-69.0,-128.0,-128.0,-128.0,-64.0,-11.0,0.73828125,-0.2900390625,0.5009765625,7.500000000000001,3.1097560975609757,4.207317073170732
17_02_26_358,28.0,16.0,16.0,45.0,-128.0,117.0,55.0,16.0,0.76220703125,-0.36328125,0.55810546875,7.01219512195122,1.4634146341463417,4.695121951219512
17_02_26_358,-27.0,-14.0,5.0,114.0,127.0,53.0,58.0,-23.0,0.76611328125,-0.31689453125,0.58544921875,0.06097560975609757,1.707317073170732,2.1341463414634148
17_02_26_358,11.0,-18.0,-11.0,-100.0,-128.0,-75.0,-29.0,-8.0,0.7939453125,-0.30029296875,0.55712890625,1.1585365853658538,1.7682926829268295,-1.0365853658536586
17_02_26_358,-20.0,16.0,-17.0,-31.0,127.0,127.0,39.0,-17.0,0.751953125,-0.3408203125,0.552734375,-1.7682926829268295,1.6463414634146343,-1.4634146341463417
17_02_26_412,43.0,15.0,-4.0,-51.0,-128.0,127.0,127.0,67.0,0.76708984375,-0.3134765625,0.54248046875,-1.5853658536585367,-2.804878048780488,-1.0365853658536586
17_02_26_412,37.0,-4.0,-19.0,-78.0,-128.0,-21.0,-60.0,-37.0,0.77392578125,-0.30859375,0.54248046875,-3.414634146341464,-2.5609756097560976,-1.4634146341463417
17_02_26_412,38.0,5.0,2.0,-56.0,-128.0,-124.0,-80.0,12.0,0.76416015625,-0.2626953125,0.51025390625,-0.06097560975609757,-2.5,-0.9146341463414634
17_02_26_412,-3.0,36.0,30.0,86.0,127.0,114.0,23.0,-11.0,0.72119140625,-0.30322265625,0.53662109375,2.0121951219512195,-2.378048780487805,-1.0975609756097562
17_02_26_412,-40.0,-56.0,-18.0,-3.0,-128.0,-27.0,-24.0,-5.0,0.693359375,-0.31103515625,0.53466796875,-4.573170731707317,0.0,-0.1829268292682927
17_02_26_412,-5.0,20.0,3.0,34.0,70.0,-23.0,44.0,-3.0,0.728515625,-0.2802734375,0.5126953125,-0.5487804878048781,1.4634146341463417,1.2804878048780488
17_02_26_412,13.0,-12.0,3.0,59.0,127.0,18.0,-5.0,-4.0,0.73828125,-0.2900390625,0.5009765625,7.500000000000001,3.1097560975609757,4.207317073170732
17_02_26_460,-10.0,-29.0,-20.0,-51.0,55.0,127.0,50.0,1.0,0.7685546875,-0.2919921875,0.5380859375,-0.853658536585366,-2.439024390243903,-2.0121951219512195
17_02_26_460,-8.0,-3.0,-14.0,-4.0,-58.0,-2.0,-24.0,7.0,0.72705078125,-0.33056640625,0.5166015625,0.3658536585365854,-2.6219512195121952,0.0
17_02_26_460,27.0,28.0,23.0,-46.0,-128.0,-82.0,22.0,12.0,0.76513671875,-0.3095703125,0.546875,0.1829268292682927,-2.1951219512195124,0.7317073170731708
17_02_26_460,-35.0,-34.0,-10.0,-46.0,-12.0,13.0,-80.0,-33.0,0.76416015625,-0.3173828125,0.51513671875,-0.9756097560975611,-1.8902439024390245,1.6463414634146343
17_02_26_460,1.0,-24.0,-36.0,-55.0,-35.0,-78.0,59.0,4.0,0.765625,-0.33935546875,0.5224609375,-0.24390243902439027,-3.2926829268292686,0.5487804878048781
17_02_26_460,-41.0,7.0,11.0,-71.0,-128.0,-41.0,-70.0,11.0,0.76708984375,-0.3134765625,0.54248046875,-1.5853658536585367,-2.804878048780488,-1.0365853658536586
17_02_26_460,28.0,10.0,-8.0,0.0,127.0,127.0,79.0,5.0,0.77392578125,-0.30859375,0.54248046875,-3.414634146341464,-2.5609756097560976,-1.4634146341463417
17_02_26_460,-34.0,-23.0,-8.0,-22.0,-128.0,-128.0,-97.0,-12.0,0.76416015625,-0.2626953125,0.51025390625,-0.06097560975609757,-2.5,-0.9146341463414634
17_02_26_460,7.0,-6.0,42.0,127.0,127.0,127.0,42.0,10.0,0.72119140625,-0.30322265625,0.53662109375,2.0121951219512195,-2.378048780487805,-1.0975609756097562
17_02_26_460,43.0,15.0,-4.0,-51.0,-128.0,127.0,127.0,67.0,0.693359375,-0.31103515625,0.53466796875,-4.573170731707317,0.0,-0.1829268292682927
17_02_26_521,-6.0,-9.0,-33.0,-62.0,91.0,-23.0,-50.0,-8.0,0.77392578125,-0.3046875,0.5068359375,-1.7682926829268295,-3.2926829268292686,-1.2195121951219514
17_02_26_521,66.0,21.0,72.0,127.0,-128.0,37.0,49.0,25.0,0.77685546875,-0.31396484375,0.5390625,-0.9146341463414634,-3.536585365853659,-2.682926829268293
17_02_26_521,-59.0,-16.0,-37.0,36.0,127.0,1.0,-40.0,-39.0,0.76513671875,-0.29931640625,0.5517578125,-3.231707317073171,-3.9024390243902443,-2.6219512195121952
17_02_26_521,27.0,-6.0,-39.0,-128.0,-70.0,69.0,58.0,14.0,0.7685546875,-0.2919921875,0.5380859375,-0.853658536585366,-2.439024390243903,-2.0121951219512195
17_02_26_521,-25.0,-1.0,-11.0,0.0,71.0,31.0,-24.0,14.0,0.72705078125,-0.33056640625,0.5166015625,0.3658536585365854,-2.6219512195121952,0.0
17_02_26_521,7.0,18.0,-9.0,-87.0,78.0,-50.0,-70.0,-12.0,0.76513671875,-0.3095703125,0.546875,0.1829268292682927,-2.1951219512195124,0.7317073170731708
17_02_26_521,32.0,-4.0,14.0,33.0,-128.0,65.0,25.0,17.0,0.76416015625,-0.3173828125,0.51513671875,-0.9756097560975611,-1.8902439024390245,1.6463414634146343
17_02_26_521,-16.0,12.0,20.0,23.0,127.0,30.0,12.0,-13.0,0.765625,-0.33935546875,0.5224609375,-0.24390243902439027,-3.2926829268292686,0.5487804878048781
17_02_26_521,-25.0,-77.0,-37.0,-67.0,-76.0,-70.0,-28.0,-15.0,0.76708984375,-0.3134765625,0.54248046875,-1.5853658536585367,-2.804878048780488,-1.0365853658536586
17_02_26_521,65.0,0.0,-18.0,-61.0,-128.0,-97.0,-2.0,17.0,0.77392578125,-0.30859375,0.54248046875,-3.414634146341464,-2.5609756097560976,-1.4634146341463417
17_02_26_562,-3.0,8.0,-15.0,54.0,127.0,26.0,85.0,38.0,0.80810546875,-0.32080078125,0.533203125,2.378048780487805,-1.6463414634146343,1.0365853658536586
17_02_26_562,24.0,-14.0,-23.0,-46.0,-128.0,-101.0,7.0,-18.0,0.7763671875,-0.35302734375,0.52734375,0.853658536585366,-3.536585365853659,0.48780487804878053
17_02_26_562,-6.0,7.0,7.0,32.0,48.0,62.0,40.0,-1.0,0.77392578125,-0.3046875,0.5068359375,-1.7682926829268295,-3.2926829268292686,-1.2195121951219514
17_02_26_562,6.0,9.0,-16.0,-61.0,127.0,33.0,-35.0,8.0,0.77685546875,-0.31396484375,0.5390625,-0.9146341463414634,-3.536585365853659,-2.682926829268293
17_02_26_562,2.0,-23.0,-30.0,-19.0,-128.0,-128.0,-128.0,-43.0,0.76513671875,-0.29931640625,0.5517578125,-3.231707317073171,-3.9024390243902443,-2.6219512195121952
17_02_26_562,10.0,-27.0,-9.0,22.0,-44.0,47.0,85.0,5.0,0.7685546875,-0.2919921875,0.5380859375,-0.853658536585366,-2.439024390243903,-2.0121951219512195
17_02_26_562,35.0,23.0,28.0,-27.0,127.0,127.0,-16.0,7.0,0.72705078125,-0.33056640625,0.5166015625,0.3658536585365854,-2.6219512195121952,0.0
17_02_26_562,48.0,36.0,-4.0,48.0,-6.0,94.0,49.0,51.0,0.76513671875,-0.3095703125,0.546875,0.1829268292682927,-2.1951219512195124,0.7317073170731708
17_02_26_562,-8.0,1.0,9.0,-78.0,-12.0,-45.0,-23.0,-14.0,0.76416015625,-0.3173828125,0.51513671875,-0.9756097560975611,-1.8902439024390245,1.6463414634146343
17_02_26_562,8.0,2.0,-25.0,-63.0,-128.0,-114.0,-25.0,-14.0,0.765625,-0.33935546875,0.5224609375,-0.24390243902439027,-3.2926829268292686,0.5487804878048781
17_02_26_607,-8.0,-14.0,-19.0,-59.0,-75.0,-80.0,45.0,12.0,0.7314453125,-0.33251953125,0.54150390625,-0.24390243902439027,0.9756097560975611,2.439024390243903
17_02_26_607,3.0,6.0,-14.0,-37.0,-102.0,-61.0,-13.0,-25.0,0.78564453125,-0.3291015625,0.51904296875,2.0121951219512195,-0.9146341463414634,2.804878048780488
17_02_26_607,-4.0,-10.0,-27.0,-119.0,-128.0,-74.0,-7.0,-3.0,0.80810546875,-0.32080078125,0.533203125,2.378048780487805,-1.6463414634146343,1.0365853658536586
17_02_26_607,18.0,-24.0,-34.0,-35.0,57.0,-44.0,-5.0,3.0,0.7763671875,-0.35302734375,0.52734375,0.853658536585366,-3.536585365853659,0.48780487804878053
17_02_26_607,7.0,3.0,93.0,127.0,127.0,118.0,-3.0,-1.0,0.77392578125,-0.3046875,0.5068359375,-1.7682926829268295,-3.2926829268292686,-1.2195121951219514
17_02_26_607,34.0,2.0,7.0,-49.0,-128.0,62.0,-8.0,-2.0,0.77685546875,-0.31396484375,0.5390625,-0.9146341463414634,-3.536585365853659,-2.682926829268293
17_02_26_607,-3.0,8.0,-15.0,54.0,127.0,26.0,85.0,38.0,0.76513671875,-0.29931640625,0.5517578125,-3.231707317073171,-3.9024390243902443,-2.6219512195121952
17_02_26_607,24.0,-14.0,-23.0,-46.0,-128.0,-101.0,7.0,-18.0,0.7685546875,-0.2919921875,0.5380859375,-0.853658536585366,-2.439024390243903,-2.0121951219512195
17_02_26_607,-6.0,7.0,7.0,32.0,48.0,62.0,40.0,-1.0,0.72705078125,-0.33056640625,0.5166015625,0.3658536585365854,-2.6219512195121952,0.0
17_02_26_607,6.0,9.0,-16.0,-61.0,127.0,33.0,-35.0,8.0,0.76513671875,-0.3095703125,0.546875,0.1829268292682927,-2.1951219512195124,0.7317073170731708
17_02_26_670,18.0,-15.0,18.0,104.0,110.0,100.0,68.0,27.0,0.71875,-0.3154296875,0.53125,-3.5975609756097566,-0.9756097560975611,-0.6707317073170732
17_02_26_670,-10.0,-9.0,-14.0,4.0,127.0,43.0,31.0,-10.0,0.72998046875,-0.30810546875,0.53564453125,-0.3658536585365854,0.0,1.3414634146341464
17_02_26_670,15.0,11.0,23.0,21.0,-115.0,-34.0,-22.0,-5.0,0.7314453125,-0.33251953125,0.54150390625,-0.24390243902439027,0.9756097560975611,2.439024390243903
17_02_26_670,-13.0,24.0,15.0,-6.0,36.0,29.0,87.0,27.0,0.78564453125,-0.3291015625,0.51904296875,2.0121951219512195,-0.9146341463414634,2.804878048780488
17_02_26_670,-14.0,-24.0,0.0,-6.0,-85.0,0.0,-16.0,-2.0,0.80810546875,-0.32080078125,0.533203125,2.378048780487805,-1.6463414634146343,1.0365853658536586
17_02_26_670,12.0,-3.0,-4.0,23.0,119.0,4.0,1.0,-20.0,0.7763671875,-0.35302734375,0.52734375,0.853658536585366,-3.536585365853659,0.48780487804878053
17_02_26_670,21.0,1.0,-16.0,-31.0,25.0,-32.0,-58.0,7.0,0.77392578125,-0.3046875,0.5068359375,-1.7682926829268295,-3.2926829268292686,-1.2195121951219514
17_02_26_670,-38.0,-12.0,-11.0,66.0,-52.0,-103.0,-100.0,-15.0,0.77685546875,-0.31396484375,0.5390625,-0.9146341463414634,-3.536585365853659,-2.682926829268293
17_02_26_670,11.0,6.0,2.0,-43.0,127.0,96.0,-37.0,3.0,0.76513671875,-0.29931640625,0.5517578125,-3.231707317073171,-3.9024390243902443,-2.6219512195121952
17_02_26_670,-27.0,-16.0,-17.0,27.0,-128.0,-44.0,-18.0,-2.0,0.7685546875,-0.2919921875,0.5380859375,-0.853658536585366,-2.439024390243903,-2.0121951219512195
17_02_26_710,54.0,-14.0,15.0,10.0,56.0,76.0,47.0,-3.0,0.791015625,-0.34033203125,0.533203125,-3.1707317073170733,-5.426829268292684,-4.146341463414634
17_02_26_710,20.0,1.0,27.0,100.0,-128.0,-100.0,-25.0,-6.0,0.74609375,-0.26611328125,0.5146484375,-1.8902439024390245,-4.2682926829268295,-4.695121951219512
17_02_26_710,-13.0,-17.0,-70.0,-60.0,127.0,111.0,15.0,-9.0,0.75927734375,-0.287109375,0.52490234375,-1.2804878048780488,-3.780487804878049,-3.231707317073171
17_02_26_710,22.0,-6.0,7.0,-16.0,-128.0,-128.0,-73.0,-6.0,0.71875,-0.3154296875,0.53125,-3.5975609756097566,-0.9756097560975611,-0.6707317073170732
17_02_26_710,6.0,-5.0,-10.0,-69.0,82.0,109.0,32.0,14.0,0.72998046875,-0.30810546875,0.53564453125,-0.3658536585365854,0.0,1.3414634146341464
17_02_26_710,-61.0,-18.0,-27.0,-54.0,-105.0,-52.0,47.0,15.0,0.7314453125,-0.33251953125,0.54150390625,-0.24390243902439027,0.9756097560975611,2.439024390243903
17_02_26_710,-22.0,28.0,64.0,127.0,127.0,3.0,-98.0,-46.0,0.78564453125,-0.3291015625,0.51904296875,2.0121951219512195,-0.9146341463414634,2.804878048780488
17_02_26_710,46.0,5.0,-7.0,-35.0,-128.0,-48.0,49.0,13.0,0.80810546875,-0.32080078125,0.533203125,2.378048780487805,-1.6463414634146343,1.0365853658536586
17_02_26_710,22.0,-4.0,-39.0,-119.0,-26.0,19.0,-8.0,-5.0,0.7763671875,-0.35302734375,0.52734375,0.853658536585366,-3.536585365853659,0.48780487804878053
17_02_26_769,2.0,-4.0,4.0,56.0,127.0,75.0,0.0,-12.0,0.830078125,-0.30615234375,0.52294921875,2.5,-2.8658536585365857,0.24390243902439027
17_02_26_769,-6.0,10.0,-31.0,-62.0,-47.0,-87.0,-37.0,-7.0,0.8095703125,-0.359375,0.52392578125,2.1341463414634148,-5.609756097560976,-1.9512195121951221
17_02_26_769,-19.0,16.0,-3.0,-42.0,-128.0,-111.0,-42.0,4.0,0.791015625,-0.34033203125,0.533203125,-3.1707317073170733,-5.426829268292684,-4.146341463414634
17_02_26_769,54.0,-14.0,15.0,10.0,56.0,76.0,47.0,-3.0,0.74609375,-0.26611328125,0.5146484375,-1.8902439024390245,-4.2682926829268295,-4.695121951219512
17_02_26_769,20.0,1.0,27.0,100.0,-128.0,-100.0,-25.0,-6.0,0.75927734375,-0.287109375,0.52490234375,-1.2804878048780488,-3.780487804878049,-3.231707317073171
17_02_26_769,-13.0,-17.0,-70.0,-60.0,127.0,111.0,15.0,-9.0,0.71875,-0.3154296875,0.53125,-3.5975609756097566,-0.9756097560975611,-0.6707317073170732
17_02_26_769,22.0,-6.0,7.0,-16.0,-128.0,-128.0,-73.0,-6.0,0.72998046875,-0.30810546875,0.53564453125,-0.3658536585365854,0.0,1.3414634146341464
17_02_26_769,6.0,-5.0,-10.0,-69.0,82.0,109.0,32.0,14.0,0.7314453125,-0.33251953125,0.54150390625,-0.24390243902439027,0.9756097560975611,2.439024390243903
17_02_26_769,-61.0,-18.0,-27.0,-54.0,-105.0,-52.0,47.0,15.0,0.78564453125,-0.3291015625,0.51904296875,2.0121951219512195,-0.9146341463414634,2.804878048780488
17_02_26_769,-22.0,28.0,64.0,127.0,127.0,3.0,-98.0,-46.0,0.80810546875,-0.32080078125,0.533203125,2.378048780487805,-1.6463414634146343,1.0365853658536586
17_02_26_819,-41.0,-45.0,-73.0,-128.0,-128.0,-128.0,-62.0,-22.0,0.74951171875,-0.29052734375,0.515625,1.2804878048780488,-1.6463414634146343,-0.853658536585366
17_02_26_819,45.0,7.0,35.0,127.0,-98.0,80.0,95.0,54.0,0.7607421875,-0.3134765625,0.53173828125,2.5,-1.1585365853658538,0.1829268292682927
17_02_26_819,10.0,6.0,0.0,48.0,127.0,50.0,-60.0,-24.0,0.73876953125,-0.32080078125,0.541015625,0.9146341463414634,-0.7317073170731708,2.0121951219512195
17_02_26_819,-3.0,-23.0,-25.0,-22.0,5.0,48.0,-9.0,-8.0,0.77099609375,-0.310546875,0.5185546875,0.12195121951219513,-0.853658536585366,1.2804878048780488
17_02_26_819,19.0,10.0,-3.0,-68.0,-10.0,-85.0,-10.0,-7.0,0.830078125,-0.30615234375,0.52294921875,2.5,-2.8658536585365857,0.24390243902439027
17_02_26_819,19.0,18.0,30.0,127.0,20.0,10.0,24.0,13.0,0.8095703125,-0.359375,0.52392578125,2.1341463414634148,-5.609756097560976,-1.9512195121951221
17_02_26_819,25.0,8.0,7.0,-83.0,-37.0,123.0,51.0,22.0,0.791015625,-0.34033203125,0.533203125,-3.1707317073170733,-5.426829268292684,-4.146341463414634
17_02_26_819,20.0,-13.0,-16.0,-42.0,-86.0,35.0,78.0,12.0,0.74609375,-0.26611328125,0.5146484375,-1.8902439024390245,-4.2682926829268295,-4.695121951219512
17_02_26_819,10.0,17.0,7.0,17.0,-101.0,-71.0,-70.0,-26.0,0.75927734375,-0.287109375,0.52490234375,-1.2804878048780488,-3.780487804878049,-3.231707317073171
17_02_26_819,-1.0,25.0,52.0,103.0,127.0,127.0,123.0,49.0,0.71875,-0.3154296875,0.53125,-3.5975609756097566,-0.9756097560975611,-0.6707317073170732
17_02_26_907,43.0,-2.0,1.0,89.0,26.0,127.0,43.0,4.0,0.74951171875,-0.29052734375,0.515625,1.2804878048780488,-1.6463414634146343,-0.853658536585366
17_02_26_907,-25.0,-40.0,-38.0,18.0,127.0,-26.0,-53.0,-36.0,0.7607421875,-0.3134765625,0.53173828125,2.5,-1.1585365853658538,0.1829268292682927
17_02_26_907,-41.0,-45.0,-73.0,-128.0,-128.0,-128.0,-62.0,-22.0,0.73876953125,-0.32080078125,0.541015625,0.9146341463414634,-0.7317073170731708,2.0121951219512195
17_02_26_907,45.0,7.0,35.0,127.0,-98.0,80.0,95.0,54.0,0.77099609375,-0.310546875,0.5185546875,0.12195121951219513,-0.853658536585366,1.2804878048780488
17_02_26_907,10.0,6.0,0.0,48.0,127.0,50.0,-60.0,-24.0,0.830078125,-0.30615234375,0.52294921875,2.5,-2.8658536585365857,0.24390243902439027
17_02_26_907,-3.0,-23.0,-25.0,-22.0,5.0,48.0,-9.0,-8.0,0.8095703125,-0.359375,0.52392578125,2.1341463414634148,-5.609756097560976,-1.9512195121951221
17_02_26_907,19.0,10.0,-3.0,-68.0,-10.0,-85.0,-10.0,-7.0,0.791015625,-0.34033203125,0.533203125,-3.1707317073170733,-5.426829268292684,-4.146341463414634
17_02_26_907,19.0,18.0,30.0,127.0,20.0,10.0,24.0,13.0,0.74609375,-0.26611328125,0.5146484375,-1.8902439024390245,-4.2682926829268295,-4.695121951219512
17_02_26_907,25.0,8.0,7.0,-83.0,-37.0,123.0,51.0,22.0,0.75927734375,-0.287109375,0.52490234375,-1.2804878048780488,-3.780487804878049,-3.231707317073171
17_02_26_907,20.0,-13.0,-16.0,-42.0,-86.0,35.0,78.0,12.0,0.71875,-0.3154296875,0.53125,-3.5975609756097566,-0.9756097560975611,-0.6707317073170732
17_02_26_945,-3.0,45.0,18.0,-20.0,-42.0,11.0,-41.0,2.0,0.771484375,-0.27783203125,0.509765625,-0.6097560975609757,-1.2195121951219514,-0.1829268292682927
17_02_26_945,-12.0,-29.0,-10.0,1.0,127.0,-11.0,-37.0,-34.0,0.77001953125,-0.3203125,0.54296875,0.853658536585366,-3.536585365853659,-2.8658536585365857
17_02_26_945,-8.0,22.0,21.0,-37.0,-109.0,-17.0,-63.0,-21.0,0.75146484375,-0.2998046875,0.5263671875,-1.0975609756097562,-2.439024390243903,-3.231707317073171
17_02_26_945,32.0,-72.0,-86.0,-83.0,-10.0,-116.0,-73.0,-6.0,0.74951171875,-0.29052734375,0.515625,1.2804878048780488,-1.6463414634146343,-0.853658536585366
17_02_26_945,31.0,-1.0,-7.0,49.0,-128.0,57.0,-5.0,-6.0,0.7607421875,-0.3134765625,0.53173828125,2.5,-1.1585365853658538,0.1829268292682927
17_02_26_945,9.0,3.0,83.0,127.0,127.0,95.0,4.0,-3.0,0.73876953125,-0.32080078125,0.541015625,0.9146341463414634,-0.7317073170731708,2.0121951219512195
17_02_26_945,92.0,-35.0,1.0,33.0,-85.0,87.0,11.0,-5.0,0.77099609375,-0.310546875,0.5185546875,0.12195121951219513,-0.853658536585366,1.2804878048780488
17_02_26_945,-27.0,0.0,-31.0,-60.0,127.0,-33.0,58.0,18.0,0.830078125,-0.30615234375,0.52294921875,2.5,-2.8658536585365857,0.24390243902439027
17_02_26_945,-6.0,6.0,3.0,31.0,127.0,57.0,-6.0,-21.0,0.8095703125,-0.359375,0.52392578125,2.1341463414634148,-5.609756097560976,-1.9512195121951221
17_02_26_945,-22.0,-30.0,-3.0,31.0,-16.0,4.0,-2.0,-3.0,0.791015625,-0.34033203125,0.533203125,-3.1707317073170733,-5.426829268292684,-4.146341463414634
17_02_26_997,-8.0,-5.0,5.0,24.0,98.0,49.0,-57.0,-5.0,0.7578125,-0.3408203125,0.52490234375,0.12195121951219513,-5.426829268292684,-0.48780487804878053
17_02_26_997,14.0,17.0,4.0,104.0,127.0,-6.0,70.0,24.0,0.759765625,-0.31787109375,0.5185546875,-0.1829268292682927,-3.5975609756097566,-0.5487804878048781
17_02_26_997,-42.0,-33.0,-49.0,-128.0,-128.0,-99.0,-3.0,24.0,0.76806640625,-0.28466796875,0.51171875,-0.853658536585366,-2.0121951219512195,0.30487804878048785
17_02_26_997,15.0,52.0,72.0,1.0,81.0,49.0,-34.0,-10.0,0.771484375,-0.27783203125,0.509765625,-0.6097560975609757,-1.2195121951219514,-0.1829268292682927
17_02_26_997,-1.0,-48.0,-46.0,94.0,127.0,-34.0,-25.0,0.0,0.77001953125,-0.3203125,0.54296875,0.853658536585366,-3.536585365853659,-2.8658536585365857
17_02_26_997,7.0,-22.0,-4.0,-41.0,-128.0,60.0,54.0,32.0,0.75146484375,-0.2998046875,0.5263671875,-1.0975609756097562,-2.439024390243903,-3.231707317073171
17_02_26_997,8.0,29.0,50.0,127.0,127.0,56.0,16.0,-19.0,0.74951171875,-0.29052734375,0.515625,1.2804878048780488,-1.6463414634146343,-0.853658536585366
17_02_26_997,-19.0,-20.0,-72.0,-128.0,-128.0,-95.0,26.0,8.0,0.7607421875,-0.3134765625,0.53173828125,2.5,-1.1585365853658538,0.1829268292682927
17_02_26_997,10.0,31.0,39.0,84.0,127.0,110.0,32.0,-4.0,0.73876953125,-0.32080078125,0.541015625,0.9146341463414634,-0.7317073170731708,2.0121951219512195
17_02_26_997,4.0,16.0,48.0,30.0,-108.0,-89.0,-59.0,-20.0,0.77099609375,-0.310546875,0.5185546875,0.12195121951219513,-0.853658536585366,1.2804878048780488
17_02_27_056,16.0,-3.0,-1.0,-19.0,-128.0,-49.0,38.0,9.0,0.74951171875,-0.3076171875,0.529296875,-2.439024390243903,-6.341463414634147,-3.5975609756097566
17_02_27_056,16.0,20.0,10.0,101.0,127.0,94.0,19.0,16.0,0.75341796875,-0.2939453125,0.50390625,2.7439024390243905,-6.219512195121951,-2.1341463414634148
17_02_27_056,0.0,13.0,-15.0,-44.0,-128.0,8.0,-4.0,0.0,0.7578125,-0.3408203125,0.52490234375,0.12195121951219513,-5.426829268292684,-0.48780487804878053
17_02_27_056,-45.0,0.0,8.0,-4.0,-128.0,-128.0,-105.0,-36.0,0.759765625,-0.31787109375,0.5185546875,-0.1829268292682927,-3.5975609756097566,-0.5487804878048781
17_02_27_056,-7.0,-30.0,-50.0,-67.0,8.0,13.0,38.0,6.0,0.76806640625,-0.28466796875,0.51171875,-0.853658536585366,-2.0121951219512195,0.30487804878048785
17_02_27_056,-1.0,6.0,49.0,99.0,-122.0,127.0,46.0,5.0,0.771484375,-0.27783203125,0.509765625,-0.6097560975609757,-1.2195121951219514,-0.1829268292682927
17_02_27_056,4.0,24.0,19.0,63.0,127.0,-65.0,24.0,7.0,0.77001953125,-0.3203125,0.54296875,0.853658536585366,-3.536585365853659,-2.8658536585365857
17_02_27_056,-6.0,-10.0,-4.0,-57.0,-128.0,-8.0,-2.0,-29.0,0.75146484375,-0.2998046875,0.5263671875,-1.0975609756097562,-2.439024390243903,-3.231707317073171
17_02_27_056,-8.0,-5.0,5.0,24.0,98.0,49.0,-57.0,-5.0,0.74951171875,-0.29052734375,0.515625,1.2804878048780488,-1.6463414634146343,-0.853658536585366
17_02_27_056,14.0,17.0,4.0,104.0,127.0,-6.0,70.0,24.0,0.7607421875,-0.3134765625,0.53173828125,2.5,-1.1585365853658538,0.1829268292682927
17_02_27_102,12.0,-28.0,0.0,12.0,20.0,-2.0,-27.0,-20.0,0.75634765625,-0.3076171875,0.5166015625,2.804878048780488,-6.951219512195123,-2.9268292682926833
17_02_27_102,12.0,-26.0,-21.0,-17.0,107.0,-77.0,-123.0,-35.0,0.7353515625,-0.298828125,0.52001953125,3.231707317073171,-7.621951219512196,-2.5609756097560976
17_02_27_102,8.0,3.0,-27.0,-86.0,-128.0,71.0,-5.0,3.0,0.7490234375,-0.3154296875,0.5576171875,-1.9512195121951221,-7.25609756097561,-3.231707317073171
17_02_27_102,-25.0,18.0,57.0,90.0,71.0,73.0,60.0,1.0,0.74951171875,-0.3076171875,0.529296875,-2.439024390243903,-6.341463414634147,-3.5975609756097566
17_02_27_102,-15.0,0.0,42.0,127.0,127.0,40.0,-32.0,-28.0,0.75341796875,-0.2939453125,0.50390625,2.7439024390243905,-6.219512195121951,-2.1341463414634148
17_02_27_102,4.0,18.0,-14.0,-38.0,102.0,-10.0,-44.0,18.0,0.7578125,-0.3408203125,0.52490234375,0.12195121951219513,-5.426829268292684,-0.48780487804878053
17_02_27_102,-26.0,-66.0,2.0,-54.0,-128.0,-128.0,-57.0,-33.0,0.759765625,-0.31787109375,0.5185546875,-0.1829268292682927,-3.5975609756097566,-0.5487804878048781
17_02_27_102,44.0,51.0,8.0,51.0,127.0,127.0,28.0,30.0,0.76806640625,-0.28466796875,0.51171875,-0.853658536585366,-2.0121951219512195,0.30487804878048785
17_02_27_102,-21.0,1.0,9.0,-52.0,-39.0,-104.0,-10.0,-7.0,0.771484375,-0.27783203125,0.509765625,-0.6097560975609757,-1.2195121951219514,-0.1829268292682927
17_02_27_102,-12.0,-9.0,-5.0,-15.0,-128.0,-73.0,-64.0,-27.0,0.77001953125,-0.3203125,0.54296875,0.853658536585366,-3.536585365853659,-2.8658536585365857
17_02_27_150,5.0,20.0,0.0,-37.0,127.0,49.0,-13.0,13.0,0.75634765625,-0.3076171875,0.5166015625,2.804878048780488,-6.951219512195123,-2.9268292682926833
17_02_27_150,-8.0,7.0,67.0,127.0,127.0,22.0,-16.0,-12.0,0.7353515625,-0.298828125,0.52001953125,3.231707317073171,-7.621951219512196,-2.5609756097560976
17_02_27_150,-5.0,-21.0,-49.0,-110.0,-128.0,3.0,84.0,6.0,0.7490234375,-0.3154296875,0.5576171875,-1.9512195121951221,-7.25609756097561,-3.231707317073171
17_02_27_150,12.0,-28.0,0.0,12.0,20.0,-2.0,-27.0,-20.0,0.74951171875,-0.3076171875,0.529296875,-2.439024390243903,-6.341463414634147,-3.5975609756097566
17_02_27_150,12.0,-26.0,-21.0,-17.0,107.0,-77.0,-123.0,-35.0,0.75341796875,-0.2939453125,0.50390625,2.7439024390243905,-6.219512195121951,-2.1341463414634148
17_02_27_150,8.0,3.0,-27.0,-86.0,-128.0,71.0,-5.0,3.0,0.7578125,-0.3408203125,0.52490234375,0.12195121951219513,-5.426829268292684,-0.48780487804878053
17_02_27_150,-25.0,18.0,57.0,90.0,71.0,73.0,60.0,1.0,0.759765625,-0.31787109375,0.5185546875,-0.1829268292682927,-3.5975609756097566,-0.5487804878048781
17_02_27_150,-15.0,0.0,42.0,127.0,127.0,40.0,-32.0,-28.0,0.76806640625,-0.28466796875,0.51171875,-0.853658536585366,-2.0121951219512195,0.30487804878048785
17_02_27_150,4.0,18.0,-14.0,-38.0,102.0,-10.0,-44.0,18.0,0.771484375,-0.27783203125,0.509765625,-0.6097560975609757,-1.2195121951219514,-0.1829268292682927
17_02_27_209,24.0,13.0,-23.0,25.0,-17.0,-75.0,40.0,6.0,0.759765625,-0.2958984375,0.50244140625,2.5,-14.817073170731708,-4.75609756097561
17_02_27_209,-16.0,-13.0,-9.0,-41.0,-46.0,60.0,-5.0,1.0,0.73583984375,-0.2939453125,0.5,1.4634146341463417,-11.097560975609756,-3.963414634146342
17_02_27_209,6.0,3.0,-2.0,11.0,83.0,64.0,7.0,6.0,0.75390625,-0.31298828125,0.51318359375,1.524390243902439,-9.390243902439025,-1.8902439024390245
17_02_27_209,7.0,7.0,14.0,78.0,102.0,-49.0,-94.0,-22.0,0.74365234375,-0.3173828125,0.513671875,-0.9756097560975611,-7.926829268292684,-1.829268292682927
17_02_27_209,-9.0,-3.0,-16.0,-117.0,-128.0,-63.0,77.0,-7.0,0.75634765625,-0.3076171875,0.5166015625,2.804878048780488,-6.951219512195123,-2.9268292682926833
17_02_27_209,-15.0,-9.0,-26.0,-31.0,-72.0,-33.0,9.0,-4.0,0.7353515625,-0.298828125,0.52001953125,3.231707317073171,-7.621951219512196,-2.5609756097560976
17_02_27_209,9.0,5.0,26.0,-5.0,-128.0,-75.0,-7.0,18.0,0.7490234375,-0.3154296875,0.5576171875,-1.9512195121951221,-7.25609756097561,-3.231707317073171
17_02_27_209,17.0,-42.0,-32.0,110.0,127.0,10.0,-60.0,25.0,0.74951171875,-0.3076171875,0.529296875,-2.439024390243903,-6.341463414634147,-3.5975609756097566
17_02_27_209,4.0,69.0,16.0,0.0,-4.0,-67.0,-86.0,-36.0,0.75341796875,-0.2939453125,0.50390625,2.7439024390243905,-6.219512195121951,-2.1341463414634148
17_02_27_209,6.0,22.0,29.0,-44.0,-36.0,61.0,40.0,21.0,0.7578125,-0.3408203125,0.52490234375,0.12195121951219513,-5.426829268292684,-0.48780487804878053
17_02_27_254,-6.0,16.0,19.0,-38.0,-128.0,-86.0,-55.0,18.0,0.7646484375,-0.30419921875,0.4931640625,0.1829268292682927,-18.29268292682927,-6.463414634146342
17_02_27_254,-8.0,-21.0,-6.0,-30.0,102.0,21.0,68.0,-10.0,0.79833984375,-0.314453125,0.50146484375,1.402439024390244,-18.963414634146343,-5.487804878048781
17_02_27_254,14.0,4.0,-6.0,-7.0,-128.0,-42.0,-106.0,3.0,0.759765625,-0.2958984375,0.50244140625,2.5,-14.817073170731708,-4.75609756097561
17_02_27_254,-52.0,-14.0,25.0,18.0,127.0,125.0,51.0,11.0,0.73583984375,-0.2939453125,0.5,1.4634146341463417,-11.097560975609756,-3.963414634146342
17_02_27_254,-9.0,-15.0,-7.0,62.0,35.0,-29.0,66.0,-1.0,0.75390625,-0.31298828125,0.51318359375,1.524390243902439,-9.390243902439025,-1.8902439024390245
17_02_27_254,-14.0,-14.0,-26.0,-128.0,-128.0,-104.0,-31.0,-12.0,0.74365234375,-0.3173828125,0.513671875,-0.9756097560975611,-7.926829268292684,-1.829268292682927
17_02_27_254,24.0,13.0,-23.0,25.0,-17.0,-75.0,40.0,6.0,0.75634765625,-0.3076171875,0.5166015625,2.804878048780488,-6.951219512195123,-2.9268292682926833
17_02_27_254,-16.0,-13.0,-9.0,-41.0,-46.0,60.0,-5.0,1.0,0.7353515625,-0.298828125,0.52001953125,3.231707317073171,-7.621951219512196,-2.5609756097560976
17_02_27_254,6.0,3.0,-2.0,11.0,83.0,64.0,7.0,6.0,0.7490234375,-0.3154296875,0.5576171875,-1.9512195121951221,-7.25609756097561,-3.231707317073171
17_02_27_254,7.0,7.0,14.0,78.0,102.0,-49.0,-94.0,-22.0,0.74951171875,-0.3076171875,0.529296875,-2.439024390243903,-6.341463414634147,-3.5975609756097566
