Timestamps,channel_1,channel_2,channel_3,channel_4,channel_5,channel_6,channel_7,channel_8,ACC_X,ACC_Y,ACC_Z,GYR_X,GYR_Y,GYR_Z
11_35_58_930,0.0,0.0,0.0,0.0,0.0,0.0,0.0,0.0,0.0,0.0,0.0,0.0,0.0,0.0
11_35_58_930,0.0,0.0,0.0,0.0,0.0,0.0,0.0,0.0,0.0,0.0,0.0,0.0,0.0,0.0
11_35_58_930,0.0,0.0,0.0,0.0,0.0,0.0,0.0,0.0,0.0,0.0,0.0,0.0,0.0,0.0
11_35_58_930,0.0,0.0,0.0,0.0,0.0,0.0,0.0,0.0,0.0,0.0,0.0,0.0,0.0,0.0
11_35_58_930,0.0,0.0,0.0,0.0,0.0,0.0,0.0,0.0,0.0,0.0,0.0,0.0,0.0,0.0
11_35_58_930,0.0,0.0,0.0,0.0,0.0,0.0,0.0,0.0,0.0,0.0,0.0,0.0,0.0,0.0
11_35_58_930,0.0,0.0,0.0,0.0,0.0,0.0,0.0,0.0,0.0,0.0,0.0,0.0,0.0,0.0
11_35_58_930,0.0,0.0,0.0,0.0,0.0,0.0,0.0,0.0,0.0,0.0,0.0,0.0,0.0,0.0
11_35_58_930,0.0,0.0,0.0,0.0,0.0,0.0,0.0,0.0,0.0,0.0,0.0,0.0,0.0,0.0
11_35_58_930,0.0,0.0,0.0,0.0,0.0,0.0,0.0,0.0,0.0,0.0,0.0,0.0,0.0,0.0
11_35_59_623,-14.0,-1.0,-2.0,5.0,-3.0,-7.0,18.0,-21.0,0.62890625,-0.47021484375,0.4140625,-25.000000000000004,-23.231707317073173,-6.2804878048780495
11_35_59_623,0.0,0.0,0.0,0.0,0.0,0.0,0.0,0.0,0.0,0.0,0.0,0.0,0.0,0.0
11_35_59_623,0.0,0.0,0.0,0.0,0.0,0.0,0.0,0.0,0.0,0.0,0.0,0.0,0.0,0.0
11_35_59_623,0.0,0.0,0.0,0.0,0.0,0.0,0.0,0.0,0.0,0.0,0.0,0.0,0.0,0.0
11_35_59_623,0.0,0.0,0.0,0.0,0.0,0.0,0.0,0.0,0.0,0.0,0.0,0.0,0.0,0.0
11_35_59_623,0.0,0.0,0.0,0.0,0.0,0.0,0.0,0.0,0.0,0.0,0.0,0.0,0.0,0.0
11_35_59_623,0.0,0.0,0.0,0.0,0.0,0.0,0.0,0.0,0.0,0.0,0.0,0.0,0.0,0.0
11_35_59_623,0.0,0.0,0.0,0.0,0.0,0.0,0.0,0.0,0.0,0.0,0.0,0.0,0.0,0.0
11_35_59_623,0.0,0.0,0.0,0.0,0.0,0.0,0.0,0.0,0.0,0.0,0.0,0.0,0.0,0.0
11_35_59_674,-38.0,-5.0,-5.0,-5.0,3.0,-11.0,-75.0,-29.0,0.80517578125,-0.39453125,0.39306640625,-38.47560975609756,-24.878048780487806,-16.646341463414636
11_35_59_674,-10.0,5.0,-1.0,1.0,-3.0,9.0,65.0,16.0,0.62890625,-0.47021484375,0.4140625,-25.000000000000004,-23.231707317073173,-6.2804878048780495
11_35_59_674,-38.0,-5.0,-5.0,-5.0,3.0,-11.0,-75.0,-29.0,0.62890625,-0.47021484375,0.4140625,-25.000000000000004,-23.231707317073173,-6.2804878048780495
11_35_59_674,-10.0,5.0,-1.0,1.0,-3.0,9.0,65.0,16.0,0.0,0.0,0.0,0.0,0.0,0.0
11_35_59_674,-18.0,-16.0,-12.0,-13.0,-6.0,-8.0,-13.0,-69.0,0.0,0.0,0.0,0.0,0.0,0.0
11_35_59_674,-30.0,2.0,3.0,7.0,7.0,6.0,-55.0,-32.0,0.0,0.0,0.0,0.0,0.0,0.0
11_35_59_674,17.0,4.0,-5.0,6.0,1.0,4.0,23.0,-16.0,0.0,0.0,0.0,0.0,0.0,0.0
11_35_59_674,0.0,2.0,-2.0,-17.0,0.0,-6.0,-3.0,12.0,0.0,0.0,0.0,0.0,0.0,0.0
11_35_59_727,0.0,0.0,1.0,5.0,-3.0,-4.0,-7.0,0.0,0.87744140625,-0.51708984375,0.6845703125,-28.10975609756098,0.06097560975609757,-2.073170731707317
11_35_59_727,-1.0,2.0,3.0,3.0,0.0,2.0,-3.0,-3.0,0.95263671875,-0.2744140625,0.46044921875,-47.6829268292683,-11.158536585365855,-1.2804878048780488
11_35_59_727,-2.0,-13.0,1.0,2.0,0.0,0.0,-3.0,1.0,0.875,-0.294921875,0.49609375,-56.585365853658544,-13.231707317073171,-13.04878048780488
11_35_59_727,0.0,11.0,-11.0,-5.0,-2.0,-2.0,-2.0,-12.0,0.8388671875,-0.31689453125,0.4375,-52.37804878048781,-16.646341463414636,-17.378048780487806
11_35_59_727,-4.0,-9.0,-8.0,-1.0,-9.0,-5.0,2.0,1.0,0.80517578125,-0.39453125,0.39306640625,-38.47560975609756,-24.878048780487806,-16.646341463414636
11_35_59_727,-1.0,2.0,1.0,-4.0,-1.0,0.0,-3.0,0.0,0.62890625,-0.47021484375,0.4140625,-25.000000000000004,-23.231707317073173,-6.2804878048780495
11_35_59_727,0.0,-9.0,-3.0,-1.0,-9.0,-7.0,1.0,0.0,0.62890625,-0.47021484375,0.4140625,-25.000000000000004,-23.231707317073173,-6.2804878048780495
11_35_59_727,2.0,3.0,0.0,1.0,4.0,3.0,1.0,1.0,0.0,0.0,0.0,0.0,0.0,0.0
11_35_59_727,-3.0,-1.0,-4.0,-2.0,-1.0,-2.0,-17.0,-4.0,0.0,0.0,0.0,0.0,0.0,0.0
11_35_59_727,0.0,-1.0,4.0,1.0,0.0,1.0,4.0,-8.0,0.0,0.0,0.0,0.0,0.0,0.0
11_35_59_775,42.0,9.0,3.0,4.0,4.0,4.0,-14.0,19.0,1.1865234375,-0.0546875,0.986328125,-67.6219512195122,1.2804878048780488,-29.573170731707318
11_35_59_775,-12.0,-3.0,-5.0,0.0,0.0,-6.0,-19.0,-58.0,0.3720703125,-0.21484375,0.14404296875,-33.78048780487805,7.378048780487806,-24.390243902439025
11_35_59_775,-18.0,-3.0,-1.0,-5.0,-9.0,-10.0,-19.0,48.0,0.66455078125,0.02197265625,0.3564453125,-20.121951219512198,6.890243902439025,-12.01219512195122
11_35_59_775,51.0,2.0,-6.0,-7.0,1.0,0.0,-9.0,-18.0,0.87744140625,-0.51708984375,0.6845703125,-28.10975609756098,0.06097560975609757,-2.073170731707317
11_35_59_775,-4.0,-3.0,1.0,-4.0,-1.0,-4.0,-38.0,-21.0,0.95263671875,-0.2744140625,0.46044921875,-47.6829268292683,-11.158536585365855,-1.2804878048780488
11_35_59_775,4.0,-8.0,-6.0,1.0,-5.0,2.0,14.0,34.0,0.875,-0.294921875,0.49609375,-56.585365853658544,-13.231707317073171,-13.04878048780488
11_35_59_775,6.0,6.0,1.0,6.0,1.0,5.0,-9.0,-28.0,0.8388671875,-0.31689453125,0.4375,-52.37804878048781,-16.646341463414636,-17.378048780487806
11_35_59_775,-8.0,1.0,5.0,5.0,6.0,2.0,5.0,-12.0,0.80517578125,-0.39453125,0.39306640625,-38.47560975609756,-24.878048780487806,-16.646341463414636
11_35_59_775,3.0,1.0,6.0,0.0,3.0,3.0,-14.0,2.0,0.62890625,-0.47021484375,0.4140625,-25.000000000000004,-23.231707317073173,-6.2804878048780495
11_35_59_775,7.0,7.0,1.0,-5.0,1.0,0.0,-12.0,82.0,0.62890625,-0.47021484375,0.4140625,-25.000000000000004,-23.231707317073173,-6.2804878048780495
11_35_59_826,10.0,8.0,6.0,-2.0,5.0,7.0,40.0,2.0,0.55810546875,-0.36376953125,0.0361328125,-48.65853658536586,-5.426829268292684,-33.170731707317074
11_35_59_826,-8.0,-3.0,3.0,-6.0,-1.0,-3.0,3.0,-12.0,1.302734375,-0.0400390625,0.95849609375,-70.67073170731707,-0.48780487804878053,-32.86585365853659
11_35_59_826,7.0,1.0,-2.0,0.0,-3.0,0.0,-8.0,4.0,1.1865234375,-0.0546875,0.986328125,-67.6219512195122,1.2804878048780488,-29.573170731707318
11_35_59_826,0.0,2.0,-2.0,1.0,0.0,-2.0,15.0,-13.0,0.3720703125,-0.21484375,0.14404296875,-33.78048780487805,7.378048780487806,-24.390243902439025
11_35_59_826,13.0,6.0,4.0,2.0,-1.0,-2.0,-9.0,11.0,0.66455078125,0.02197265625,0.3564453125,-20.121951219512198,6.890243902439025,-12.01219512195122
11_35_59_826,-14.0,-5.0,4.0,-5.0,-3.0,-1.0,15.0,27.0,0.87744140625,-0.51708984375,0.6845703125,-28.10975609756098,0.06097560975609757,-2.073170731707317
11_35_59_826,-4.0,-10.0,-3.0,-8.0,-1.0,6.0,20.0,0.0,0.95263671875,-0.2744140625,0.46044921875,-47.6829268292683,-11.158536585365855,-1.2804878048780488
11_35_59_826,-1.0,0.0,0.0,-1.0,0.0,0.0,-31.0,45.0,0.875,-0.294921875,0.49609375,-56.585365853658544,-13.231707317073171,-13.04878048780488
11_35_59_826,42.0,9.0,3.0,4.0,4.0,4.0,-14.0,19.0,0.8388671875,-0.31689453125,0.4375,-52.37804878048781,-16.646341463414636,-17.378048780487806
11_35_59_826,-12.0,-3.0,-5.0,0.0,0.0,-6.0,-19.0,-58.0,0.80517578125,-0.39453125,0.39306640625,-38.47560975609756,-24.878048780487806,-16.646341463414636
11_35_59_877,1.0,-11.0,6.0,2.0,6.0,5.0,-17.0,5.0,1.31982421875,-0.03173828125,0.947265625,-55.1829268292683,1.5853658536585367,-38.963414634146346
11_35_59_877,-49.0,1.0,-18.0,-5.0,-8.0,-12.0,13.0,2.0,1.14892578125,-0.23828125,0.8984375,-40.85365853658537,-1.9512195121951221,-34.81707317073171
11_35_59_877,-15.0,9.0,8.0,15.0,11.0,7.0,4.0,-4.0,0.39990234375,-0.515625,-0.0517578125,-29.02439024390244,-5.121951219512195,-31.76829268292683
11_35_59_877,-18.0,-1.0,-5.0,-7.0,-3.0,-3.0,-43.0,63.0,0.55810546875,-0.36376953125,0.0361328125,-48.65853658536586,-5.426829268292684,-33.170731707317074
11_35_59_877,17.0,-2.0,3.0,-17.0,-6.0,-6.0,20.0,-55.0,1.302734375,-0.0400390625,0.95849609375,-70.67073170731707,-0.48780487804878053,-32.86585365853659
11_35_59_877,13.0,6.0,1.0,-10.0,-1.0,15.0,21.0,-23.0,1.1865234375,-0.0546875,0.986328125,-67.6219512195122,1.2804878048780488,-29.573170731707318
11_35_59_877,26.0,10.0,5.0,13.0,5.0,-8.0,13.0,-2.0,0.3720703125,-0.21484375,0.14404296875,-33.78048780487805,7.378048780487806,-24.390243902439025
11_35_59_877,-7.0,7.0,-3.0,5.0,2.0,-4.0,35.0,51.0,0.66455078125,0.02197265625,0.3564453125,-20.121951219512198,6.890243902439025,-12.01219512195122
11_35_59_877,16.0,5.0,13.0,2.0,9.0,20.0,24.0,49.0,0.87744140625,-0.51708984375,0.6845703125,-28.10975609756098,0.06097560975609757,-2.073170731707317
11_35_59_877,-77.0,5.0,0.0,-3.0,0.0,-2.0,17.0,-5.0,0.95263671875,-0.2744140625,0.46044921875,-47.6829268292683,-11.158536585365855,-1.2804878048780488
11_35_59_926,-1.0,-2.0,2.0,-1.0,5.0,-2.0,-8.0,0.0,1.23876953125,-0.04931640625,1.20166015625,-24.81707317073171,-0.30487804878048785,-13.04878048780488
11_35_59_926,-4.0,-5.0,-4.0,-8.0,-6.0,-7.0,-10.0,1.0,0.49267578125,-0.4521484375,0.25048828125,-9.878048780487806,1.0365853658536586,-21.28048780487805
11_35_59_926,0.0,1.0,3.0,-3.0,0.0,-3.0,2.0,-9.0,0.51025390625,-0.4296875,-0.0009765625,-32.31707317073171,0.7926829268292683,-32.37804878048781
11_35_59_926,-5.0,-9.0,-12.0,0.0,-8.0,-7.0,11.0,8.0,1.31982421875,-0.03173828125,0.947265625,-55.1829268292683,1.5853658536585367,-38.963414634146346
11_35_59_926,1.0,6.0,2.0,4.0,-2.0,1.0,-5.0,0.0,1.14892578125,-0.23828125,0.8984375,-40.85365853658537,-1.9512195121951221,-34.81707317073171
11_35_59_926,1.0,-3.0,-2.0,4.0,-2.0,-3.0,15.0,-19.0,0.39990234375,-0.515625,-0.0517578125,-29.02439024390244,-5.121951219512195,-31.76829268292683
11_35_59_926,-2.0,-1.0,1.0,-2.0,0.0,2.0,1.0,2.0,0.55810546875,-0.36376953125,0.0361328125,-48.65853658536586,-5.426829268292684,-33.170731707317074
11_35_59_926,-3.0,-7.0,-1.0,-12.0,-5.0,-5.0,10.0,-25.0,1.302734375,-0.0400390625,0.95849609375,-70.67073170731707,-0.48780487804878053,-32.86585365853659
11_35_59_926,1.0,-11.0,6.0,2.0,6.0,5.0,-17.0,5.0,1.1865234375,-0.0546875,0.986328125,-67.6219512195122,1.2804878048780488,-29.573170731707318
11_35_59_926,-49.0,1.0,-18.0,-5.0,-8.0,-12.0,13.0,2.0,0.3720703125,-0.21484375,0.14404296875,-33.78048780487805,7.378048780487806,-24.390243902439025
11_35_59_979,7.0,-4.0,-6.0,2.0,0.0,2.0,16.0,-23.0,0.12841796875,-0.52490234375,-0.107421875,-34.390243902439025,-2.0121951219512195,-14.390243902439027
11_35_59_979,1.0,-2.0,1.0,0.0,0.0,1.0,14.0,-6.0,0.8515625,-0.07861328125,0.6884765625,-43.04878048780488,-3.5975609756097566,-8.902439024390244
11_35_59_979,-59.0,-3.0,-3.0,-7.0,-1.0,-3.0,-4.0,-5.0,1.23876953125,-0.04931640625,1.20166015625,-24.81707317073171,-0.30487804878048785,-13.04878048780488
11_35_59_979,10.0,-9.0,-10.0,-5.0,-6.0,0.0,14.0,1.0,0.49267578125,-0.4521484375,0.25048828125,-9.878048780487806,1.0365853658536586,-21.28048780487805
11_35_59_979,-10.0,-12.0,-8.0,5.0,-5.0,-3.0,-4.0,-10.0,0.51025390625,-0.4296875,-0.0009765625,-32.31707317073171,0.7926829268292683,-32.37804878048781
11_35_59_979,-10.0,-9.0,-7.0,4.0,-5.0,-4.0,-20.0,-4.0,1.31982421875,-0.03173828125,0.947265625,-55.1829268292683,1.5853658536585367,-38.963414634146346
11_35_59_979,1.0,4.0,-5.0,-2.0,-8.0,-8.0,18.0,13.0,1.14892578125,-0.23828125,0.8984375,-40.85365853658537,-1.9512195121951221,-34.81707317073171
11_35_59_979,11.0,6.0,4.0,0.0,1.0,1.0,4.0,24.0,0.39990234375,-0.515625,-0.0517578125,-29.02439024390244,-5.121951219512195,-31.76829268292683
11_35_59_979,18.0,5.0,1.0,-10.0,1.0,0.0,0.0,46.0,0.55810546875,-0.36376953125,0.0361328125,-48.65853658536586,-5.426829268292684,-33.170731707317074
11_35_59_979,21.0,-19.0,-20.0,-10.0,-14.0,-20.0,9.0,-12.0,1.302734375,-0.0400390625,0.95849609375,-70.67073170731707,-0.48780487804878053,-32.86585365853659
11_36_00_030,2.0,0.0,-2.0,-4.0,0.0,-4.0,-5.0,-8.0,1.18701171875,-0.11181640625,1.19140625,-30.60975609756098,1.707317073170732,-11.829268292682928
11_36_00_030,-6.0,-8.0,-8.0,1.0,-5.0,-6.0,7.0,-11.0,0.73828125,-0.4609375,0.69873046875,-28.170731707317074,2.1341463414634148,-16.463414634146343
11_36_00_030,-2.0,3.0,-1.0,3.0,-1.0,1.0,-7.0,-4.0,0.12841796875,-0.52490234375,-0.107421875,-34.390243902439025,-2.0121951219512195,-14.390243902439027
11_36_00_030,6.0,-6.0,-2.0,2.0,-4.0,-2.0,10.0,-2.0,0.8515625,-0.07861328125,0.6884765625,-43.04878048780488,-3.5975609756097566,-8.902439024390244
11_36_00_030,-1.0,3.0,7.0,0.0,2.0,1.0,-6.0,4.0,1.23876953125,-0.04931640625,1.20166015625,-24.81707317073171,-0.30487804878048785,-13.04878048780488
11_36_00_030,-2.0,-1.0,-3.0,-5.0,-2.0,0.0,11.0,-22.0,0.49267578125,-0.4521484375,0.25048828125,-9.878048780487806,1.0365853658536586,-21.28048780487805
11_36_00_030,-3.0,-3.0,-1.0,0.0,-4.0,-2.0,-14.0,14.0,0.51025390625,-0.4296875,-0.0009765625,-32.31707317073171,0.7926829268292683,-32.37804878048781
11_36_00_030,1.0,1.0,-4.0,4.0,-4.0,-4.0,7.0,-2.0,1.31982421875,-0.03173828125,0.947265625,-55.1829268292683,1.5853658536585367,-38.963414634146346
11_36_00_030,7.0,-4.0,-6.0,2.0,0.0,2.0,16.0,-23.0,1.14892578125,-0.23828125,0.8984375,-40.85365853658537,-1.9512195121951221,-34.81707317073171
11_36_00_030,1.0,-2.0,1.0,0.0,0.0,1.0,14.0,-6.0,0.39990234375,-0.515625,-0.0517578125,-29.02439024390244,-5.121951219512195,-31.76829268292683
11_36_00_077,0.0,-6.0,-6.0,-4.0,-9.0,-7.0,-23.0,32.0,0.40625,-0.58349609375,0.228515625,-21.097560975609756,-3.9024390243902443,-15.54878048780488
11_36_00_077,-21.0,-2.0,0.0,1.0,1.0,-4.0,0.0,-8.0,0.3681640625,-0.34716796875,0.18896484375,-28.414634146341466,-1.707317073170732,-11.097560975609756
11_36_00_077,9.0,-2.0,-3.0,2.0,-6.0,-2.0,-1.0,2.0,1.18701171875,-0.11181640625,1.19140625,-30.60975609756098,1.707317073170732,-11.829268292682928
11_36_00_077,7.0,2.0,3.0,-1.0,-1.0,-1.0,1.0,-2.0,0.73828125,-0.4609375,0.69873046875,-28.170731707317074,2.1341463414634148,-16.463414634146343
11_36_00_077,-4.0,-5.0,-8.0,-7.0,-10.0,-7.0,10.0,-1.0,0.12841796875,-0.52490234375,-0.107421875,-34.390243902439025,-2.0121951219512195,-14.390243902439027
11_36_00_077,-4.0,0.0,-2.0,-4.0,0.0,-1.0,-6.0,3.0,0.8515625,-0.07861328125,0.6884765625,-43.04878048780488,-3.5975609756097566,-8.902439024390244
11_36_00_077,2.0,-4.0,0.0,-2.0,0.0,-5.0,0.0,-6.0,1.23876953125,-0.04931640625,1.20166015625,-24.81707317073171,-0.30487804878048785,-13.04878048780488
11_36_00_077,-2.0,0.0,-2.0,3.0,-2.0,-3.0,-2.0,-6.0,0.49267578125,-0.4521484375,0.25048828125,-9.878048780487806,1.0365853658536586,-21.28048780487805
11_36_00_077,0.0,-2.0,-2.0,3.0,-3.0,-3.0,8.0,1.0,0.51025390625,-0.4296875,-0.0009765625,-32.31707317073171,0.7926829268292683,-32.37804878048781
11_36_00_131,0.0,0.0,3.0,1.0,0.0,-2.0,-3.0,7.0,1.13916015625,-0.2763671875,0.90185546875,-18.414634146341466,-3.5975609756097566,-12.01219512195122
11_36_00_131,1.0,1.0,5.0,2.0,1.0,0.0,-8.0,6.0,0.2705078125,-0.46826171875,-0.12353515625,-14.695121951219514,-8.78048780487805,-12.74390243902439
11_36_00_131,-2.0,2.0,3.0,-4.0,2.0,1.0,-3.0,-5.0,0.81201171875,-0.1142578125,0.5390625,-19.75609756097561,-8.78048780487805,-9.207317073170733
11_36_00_131,-5.0,4.0,-1.0,-6.0,-2.0,1.0,-10.0,2.0,1.298828125,-0.17138671875,1.2314453125,-20.670731707317074,-4.573170731707317,-11.463414634146343
11_36_00_131,-7.0,-4.0,-1.0,1.0,0.0,0.0,3.0,-4.0,0.40625,-0.58349609375,0.228515625,-21.097560975609756,-3.9024390243902443,-15.54878048780488
11_36_00_131,-12.0,-2.0,-1.0,3.0,-2.0,-3.0,-5.0,9.0,0.3681640625,-0.34716796875,0.18896484375,-28.414634146341466,-1.707317073170732,-11.097560975609756
11_36_00_131,-4.0,-4.0,-5.0,1.0,-1.0,-1.0,-36.0,3.0,1.18701171875,-0.11181640625,1.19140625,-30.60975609756098,1.707317073170732,-11.829268292682928
11_36_00_131,-14.0,0.0,5.0,-3.0,-1.0,0.0,4.0,30.0,0.73828125,-0.4609375,0.69873046875,-28.170731707317074,2.1341463414634148,-16.463414634146343
11_36_00_131,4.0,0.0,-1.0,-3.0,0.0,-2.0,-14.0,2.0,0.12841796875,-0.52490234375,-0.107421875,-34.390243902439025,-2.0121951219512195,-14.390243902439027
11_36_00_131,0.0,-6.0,-6.0,-4.0,-9.0,-7.0,-23.0,32.0,0.8515625,-0.07861328125,0.6884765625,-43.04878048780488,-3.5975609756097566,-8.902439024390244
11_36_00_178,-3.0,-4.0,-1.0,1.0,-1.0,-1.0,-6.0,-8.0,0.296875,-0.43115234375,-0.267578125,0.5487804878048781,-3.5975609756097566,-12.682926829268293
11_36_00_178,-5.0,-4.0,-9.0,1.0,-2.0,3.0,-12.0,1.0,1.1181640625,-0.08251953125,0.755859375,-17.073170731707318,-2.073170731707317,-11.951219512195124
11_36_00_178,2.0,-2.0,-2.0,-4.0,2.0,-4.0,-5.0,-4.0,1.13916015625,-0.2763671875,0.90185546875,-18.414634146341466,-3.5975609756097566,-12.01219512195122
11_36_00_178,0.0,4.0,2.0,0.0,2.0,1.0,-10.0,6.0,0.2705078125,-0.46826171875,-0.12353515625,-14.695121951219514,-8.78048780487805,-12.74390243902439
11_36_00_178,-1.0,-2.0,-1.0,-4.0,-4.0,0.0,5.0,-4.0,0.81201171875,-0.1142578125,0.5390625,-19.75609756097561,-8.78048780487805,-9.207317073170733
11_36_00_178,-2.0,2.0,3.0,6.0,-1.0,0.0,-9.0,2.0,1.298828125,-0.17138671875,1.2314453125,-20.670731707317074,-4.573170731707317,-11.463414634146343
11_36_00_178,-2.0,-2.0,-1.0,3.0,-2.0,0.0,1.0,-5.0,0.40625,-0.58349609375,0.228515625,-21.097560975609756,-3.9024390243902443,-15.54878048780488
11_36_00_178,4.0,4.0,8.0,2.0,1.0,3.0,-12.0,7.0,0.3681640625,-0.34716796875,0.18896484375,-28.414634146341466,-1.707317073170732,-11.097560975609756
11_36_00_178,1.0,2.0,0.0,-4.0,1.0,-1.0,-4.0,0.0,1.18701171875,-0.11181640625,1.19140625,-30.60975609756098,1.707317073170732,-11.829268292682928
11_36_00_178,1.0,-2.0,3.0,-5.0,2.0,2.0,-6.0,7.0,0.73828125,-0.4609375,0.69873046875,-28.170731707317074,2.1341463414634148,-16.463414634146343
11_36_00_230,-1.0,3.0,4.0,7.0,-3.0,3.0,-10.0,-1.0,0.9091796875,-0.34326171875,0.478515625,12.865853658536587,-2.1951219512195124,-13.475609756097562
11_36_00_230,2.0,4.0,7.0,2.0,7.0,8.0,3.0,-10.0,0.296875,-0.43115234375,-0.267578125,0.5487804878048781,-3.5975609756097566,-12.682926829268293
11_36_00_230,0.0,9.0,5.0,-4.0,3.0,4.0,-13.0,8.0,1.1181640625,-0.08251953125,0.755859375,-17.073170731707318,-2.073170731707317,-11.951219512195124
11_36_00_230,-2.0,-4.0,-5.0,-7.0,-4.0,-3.0,7.0,13.0,1.13916015625,-0.2763671875,0.90185546875,-18.414634146341466,-3.5975609756097566,-12.01219512195122
11_36_00_230,2.0,-2.0,3.0,3.0,0.0,-1.0,-10.0,-2.0,0.2705078125,-0.46826171875,-0.12353515625,-14.695121951219514,-8.78048780487805,-12.74390243902439
11_36_00_230,-3.0,-4.0,-1.0,1.0,-1.0,-1.0,-6.0,-8.0,0.81201171875,-0.1142578125,0.5390625,-19.75609756097561,-8.78048780487805,-9.207317073170733
11_36_00_230,-5.0,-4.0,-9.0,1.0,-2.0,3.0,-12.0,1.0,1.298828125,-0.17138671875,1.2314453125,-20.670731707317074,-4.573170731707317,-11.463414634146343
11_36_00_230,2.0,-2.0,-2.0,-4.0,2.0,-4.0,-5.0,-4.0,0.40625,-0.58349609375,0.228515625,-21.097560975609756,-3.9024390243902443,-15.54878048780488
11_36_00_230,0.0,4.0,2.0,0.0,2.0,1.0,-10.0,6.0,0.3681640625,-0.34716796875,0.18896484375,-28.414634146341466,-1.707317073170732,-11.097560975609756
11_36_00_265,-3.0,-3.0,-8.0,-2.0,-5.0,-6.0,23.0,-14.0,1.451171875,0.05029296875,0.99755859375,-11.341463414634147,-0.1829268292682927,-14.329268292682928
11_36_00_265,2.0,4.0,2.0,2.0,6.0,4.0,-5.0,8.0,0.60205078125,-0.33984375,0.1015625,1.524390243902439,1.707317073170732,-20.54878048780488
11_36_00_265,-3.0,-14.0,-6.0,-5.0,-2.0,-1.0,15.0,-1.0,0.443359375,-0.15087890625,-0.15576171875,6.890243902439025,3.1097560975609757,-18.29268292682927
11_36_00_265,2.0,4.0,0.0,-4.0,-2.0,0.0,-3.0,9.0,1.3564453125,0.064453125,0.93505859375,10.30487804878049,1.402439024390244,-13.902439024390246
11_36_00_265,21.0,-9.0,-8.0,1.0,-1.0,-5.0,24.0,26.0,0.9091796875,-0.34326171875,0.478515625,12.865853658536587,-2.1951219512195124,-13.475609756097562
11_36_00_265,-11.0,-3.0,4.0,3.0,2.0,4.0,10.0,1.0,0.296875,-0.43115234375,-0.267578125,0.5487804878048781,-3.5975609756097566,-12.682926829268293
11_36_00_265,4.0,0.0,0.0,1.0,3.0,1.0,-6.0,16.0,1.1181640625,-0.08251953125,0.755859375,-17.073170731707318,-2.073170731707317,-11.951219512195124
11_36_00_265,29.0,7.0,8.0,-3.0,-2.0,4.0,-15.0,24.0,1.13916015625,-0.2763671875,0.90185546875,-18.414634146341466,-3.5975609756097566,-12.01219512195122
11_36_00_265,5.0,-7.0,-1.0,-5.0,2.0,1.0,5.0,18.0,0.2705078125,-0.46826171875,-0.12353515625,-14.695121951219514,-8.78048780487805,-12.74390243902439
11_36_00_265,3.0,5.0,5.0,0.0,4.0,2.0,-1.0,-5.0,0.81201171875,-0.1142578125,0.5390625,-19.75609756097561,-8.78048780487805,-9.207317073170733
11_36_00_334,10.0,-6.0,-4.0,-3.0,0.0,2.0,15.0,12.0,1.29296875,-0.19140625,0.7294921875,-0.853658536585366,-11.341463414634147,8.963414634146343
11_36_00_334,-4.0,-2.0,-1.0,-6.0,-6.0,-1.0,7.0,22.0,0.35498046875,-0.49560546875,-0.3466796875,-2.25609756097561,-13.414634146341465,3.7195121951219514
11_36_00_334,-18.0,-12.0,-13.0,-4.0,-7.0,-11.0,12.0,-40.0,0.7763671875,-0.0791015625,0.10791015625,-10.975609756097562,-4.634146341463415,-5.121951219512195
11_36_00_334,-35.0,-9.0,-3.0,-1.0,0.0,-12.0,-4.0,-55.0,1.451171875,0.05029296875,0.99755859375,-11.341463414634147,-0.1829268292682927,-14.329268292682928
11_36_00_334,40.0,-3.0,-3.0,-2.0,-2.0,-5.0,7.0,25.0,0.60205078125,-0.33984375,0.1015625,1.524390243902439,1.707317073170732,-20.54878048780488
11_36_00_334,64.0,5.0,1.0,-7.0,-1.0,8.0,-42.0,-26.0,0.443359375,-0.15087890625,-0.15576171875,6.890243902439025,3.1097560975609757,-18.29268292682927
11_36_00_334,1.0,10.0,2.0,5.0,4.0,3.0,7.0,17.0,1.3564453125,0.064453125,0.93505859375,10.30487804878049,1.402439024390244,-13.902439024390246
11_36_00_334,-20.0,-11.0,1.0,2.0,-2.0,-1.0,-17.0,-4.0,0.9091796875,-0.34326171875,0.478515625,12.865853658536587,-2.1951219512195124,-13.475609756097562
11_36_00_334,10.0,-7.0,-7.0,-3.0,-6.0,-6.0,8.0,14.0,0.296875,-0.43115234375,-0.267578125,0.5487804878048781,-3.5975609756097566,-12.682926829268293
11_36_00_334,-4.0,1.0,7.0,-3.0,2.0,2.0,-6.0,4.0,1.1181640625,-0.08251953125,0.755859375,-17.073170731707318,-2.073170731707317,-11.951219512195124
11_36_00_384,-1.0,-3.0,-1.0,1.0,-1.0,-1.0,4.0,1.0,0.37451171875,-0.45751953125,-0.296875,-51.34146341463415,14.390243902439027,4.451219512195122
11_36_00_384,-1.0,1.0,1.0,-4.0,0.0,1.0,-7.0,0.0,1.13623046875,-0.04541015625,0.6484375,-17.621951219512198,7.987804878048781,6.097560975609756
11_36_00_384,-1.0,-4.0,-8.0,-5.0,-3.0,-2.0,7.0,0.0,1.29296875,-0.19140625,0.7294921875,-0.853658536585366,-11.341463414634147,8.963414634146343
11_36_00_384,-1.0,-2.0,-1.0,1.0,-1.0,-1.0,-1.0,-5.0,0.35498046875,-0.49560546875,-0.3466796875,-2.25609756097561,-13.414634146341465,3.7195121951219514
11_36_00_384,-5.0,-5.0,-7.0,3.0,-6.0,-5.0,14.0,-5.0,0.7763671875,-0.0791015625,0.10791015625,-10.975609756097562,-4.634146341463415,-5.121951219512195
11_36_00_384,-2.0,1.0,0.0,2.0,1.0,1.0,-2.0,4.0,1.451171875,0.05029296875,0.99755859375,-11.341463414634147,-0.1829268292682927,-14.329268292682928
11_36_00_384,-1.0,-7.0,1.0,0.0,0.0,-5.0,2.0,0.0,0.60205078125,-0.33984375,0.1015625,1.524390243902439,1.707317073170732,-20.54878048780488
11_36_00_384,1.0,6.0,5.0,-2.0,1.0,6.0,-1.0,-4.0,0.443359375,-0.15087890625,-0.15576171875,6.890243902439025,3.1097560975609757,-18.29268292682927
11_36_00_384,10.0,-6.0,-4.0,-3.0,0.0,2.0,15.0,12.0,1.3564453125,0.064453125,0.93505859375,10.30487804878049,1.402439024390244,-13.902439024390246
11_36_00_384,-4.0,-2.0,-1.0,-6.0,-6.0,-1.0,7.0,22.0,0.9091796875,-0.34326171875,0.478515625,12.865853658536587,-2.1951219512195124,-13.475609756097562
11_36_00_441,-1.0,-8.0,-7.0,0.0,-3.0,-2.0,2.0,-4.0,0.36474609375,-0.57470703125,-0.1650390625,-9.756097560975611,-8.170731707317074,40.304878048780495
11_36_00_441,-2.0,0.0,-1.0,-6.0,-1.0,3.0,-5.0,1.0,1.3251953125,-0.28515625,0.953125,-42.13414634146342,0.48780487804878053,39.451219512195124
11_36_00_441,-3.0,-3.0,-5.0,-4.0,-4.0,-9.0,-1.0,-5.0,0.99853515625,-0.517578125,0.5439453125,-64.14634146341464,9.878048780487806,24.146341463414636
11_36_00_441,1.0,-2.0,0.0,-4.0,-1.0,-2.0,-7.0,1.0,0.37451171875,-0.45751953125,-0.296875,-51.34146341463415,14.390243902439027,4.451219512195122
11_36_00_441,1.0,-2.0,-6.0,-2.0,-3.0,-4.0,10.0,1.0,1.13623046875,-0.04541015625,0.6484375,-17.621951219512198,7.987804878048781,6.097560975609756
11_36_00_441,-5.0,-2.0,0.0,6.0,-1.0,-3.0,-3.0,-5.0,1.29296875,-0.19140625,0.7294921875,-0.853658536585366,-11.341463414634147,8.963414634146343
11_36_00_441,2.0,-1.0,-1.0,4.0,-5.0,-5.0,5.0,-6.0,0.35498046875,-0.49560546875,-0.3466796875,-2.25609756097561,-13.414634146341465,3.7195121951219514
11_36_00_441,2.0,-2.0,1.0,-2.0,-4.0,1.0,-4.0,-1.0,0.7763671875,-0.0791015625,0.10791015625,-10.975609756097562,-4.634146341463415,-5.121951219512195
11_36_00_441,0.0,-2.0,-8.0,-6.0,-3.0,-2.0,7.0,1.0,1.451171875,0.05029296875,0.99755859375,-11.341463414634147,-0.1829268292682927,-14.329268292682928
11_36_00_441,-1.0,3.0,-1.0,-5.0,2.0,-1.0,-2.0,-5.0,0.60205078125,-0.33984375,0.1015625,1.524390243902439,1.707317073170732,-20.54878048780488
11_36_00_489,1.0,5.0,0.0,-5.0,2.0,0.0,-4.0,0.0,0.7255859375,-0.6640625,0.29736328125,18.170731707317074,-14.085365853658537,40.1219512195122
11_36_00_489,-4.0,-2.0,-1.0,-3.0,-2.0,-1.0,-4.0,3.0,0.36474609375,-0.57470703125,-0.1650390625,-9.756097560975611,-8.170731707317074,40.304878048780495
11_36_00_489,0.0,-1.0,-2.0,0.0,3.0,-1.0,-3.0,1.0,1.3251953125,-0.28515625,0.953125,-42.13414634146342,0.48780487804878053,39.451219512195124
11_36_00_489,-1.0,3.0,-5.0,7.0,-2.0,0.0,-8.0,7.0,0.99853515625,-0.517578125,0.5439453125,-64.14634146341464,9.878048780487806,24.146341463414636
11_36_00_489,1.0,0.0,0.0,0.0,1.0,-1.0,-5.0,-7.0,0.37451171875,-0.45751953125,-0.296875,-51.34146341463415,14.390243902439027,4.451219512195122
11_36_00_489,-4.0,-7.0,-5.0,-3.0,-4.0,-3.0,-8.0,6.0,1.13623046875,-0.04541015625,0.6484375,-17.621951219512198,7.987804878048781,6.097560975609756
11_36_00_489,-3.0,-3.0,4.0,-4.0,-4.0,-1.0,-4.0,5.0,1.29296875,-0.19140625,0.7294921875,-0.853658536585366,-11.341463414634147,8.963414634146343
11_36_00_489,-5.0,-7.0,-4.0,0.0,-6.0,-2.0,3.0,5.0,0.35498046875,-0.49560546875,-0.3466796875,-2.25609756097561,-13.414634146341465,3.7195121951219514
11_36_00_489,0.0,1.0,-2.0,3.0,-4.0,1.0,0.0,1.0,0.7763671875,-0.0791015625,0.10791015625,-10.975609756097562,-4.634146341463415,-5.121951219512195
11_36_00_537,0.0,3.0,4.0,-8.0,-1.0,-3.0,-10.0,3.0,1.38916015625,-0.0244140625,1.01611328125,-20.243902439024392,-30.000000000000004,-0.426829268292683
11_36_00_537,-1.0,2.0,0.0,0.0,-2.0,-1.0,-3.0,-4.0,0.53125,-0.40380859375,-0.0107421875,19.02439024390244,-27.195121951219516,6.463414634146342
11_36_00_537,2.0,-2.0,3.0,4.0,-2.0,1.0,-8.0,7.0,0.52294921875,-0.3203125,-0.046875,35.243902439024396,-22.926829268292686,21.28048780487805
11_36_00_537,-1.0,1.0,1.0,3.0,-2.0,2.0,-3.0,-2.0,1.4033203125,-0.25048828125,1.04931640625,29.695121951219516,-18.963414634146343,35.670731707317074
11_36_00_537,2.0,3.0,7.0,2.0,3.0,6.0,-10.0,8.0,0.7255859375,-0.6640625,0.29736328125,18.170731707317074,-14.085365853658537,40.1219512195122
11_36_00_537,-3.0,4.0,-1.0,-6.0,5.0,-1.0,-5.0,-1.0,0.36474609375,-0.57470703125,-0.1650390625,-9.756097560975611,-8.170731707317074,40.304878048780495
11_36_00_537,-2.0,-1.0,3.0,-5.0,0.0,-2.0,-7.0,4.0,1.3251953125,-0.28515625,0.953125,-42.13414634146342,0.48780487804878053,39.451219512195124
11_36_00_537,-1.0,-2.0,-4.0,-2.0,-3.0,0.0,6.0,-4.0,0.99853515625,-0.517578125,0.5439453125,-64.14634146341464,9.878048780487806,24.146341463414636
11_36_00_537,2.0,3.0,1.0,6.0,1.0,1.0,-10.0,7.0,0.37451171875,-0.45751953125,-0.296875,-51.34146341463415,14.390243902439027,4.451219512195122
11_36_00_537,-3.0,1.0,3.0,3.0,1.0,4.0,-5.0,-2.0,1.13623046875,-0.04541015625,0.6484375,-17.621951219512198,7.987804878048781,6.097560975609756
11_36_00_585,1.0,3.0,0.0,1.0,3.0,0.0,-9.0,4.0,1.26123046875,-0.28564453125,0.94921875,-23.658536585365855,-23.53658536585366,-8.78048780487805
11_36_00_585,-3.0,1.0,3.0,4.0,4.0,2.0,6.0,-6.0,0.3447265625,-0.56396484375,-0.20849609375,-34.87804878048781,-27.865853658536587,-8.109756097560977
11_36_00_585,-1.0,4.0,2.0,3.0,4.0,2.0,-17.0,4.0,0.6982421875,-0.1904296875,0.1669921875,-39.69512195121951,-29.26829268292683,-5.609756097560976
11_36_00_585,0.0,0.0,2.0,-7.0,1.0,2.0,-5.0,7.0,1.38916015625,-0.0244140625,1.01611328125,-20.243902439024392,-30.000000000000004,-0.426829268292683
11_36_00_585,1.0,3.0,3.0,-3.0,2.0,-2.0,-6.0,5.0,0.53125,-0.40380859375,-0.0107421875,19.02439024390244,-27.195121951219516,6.463414634146342
11_36_00_585,-3.0,-1.0,0.0,1.0,0.0,-5.0,4.0,0.0,0.52294921875,-0.3203125,-0.046875,35.243902439024396,-22.926829268292686,21.28048780487805
11_36_00_585,-3.0,2.0,5.0,2.0,1.0,4.0,-10.0,4.0,1.4033203125,-0.25048828125,1.04931640625,29.695121951219516,-18.963414634146343,35.670731707317074
11_36_00_585,1.0,1.0,0.0,4.0,-2.0,-1.0,-5.0,2.0,0.7255859375,-0.6640625,0.29736328125,18.170731707317074,-14.085365853658537,40.1219512195122
11_36_00_585,1.0,5.0,6.0,4.0,0.0,0.0,-12.0,1.0,0.36474609375,-0.57470703125,-0.1650390625,-9.756097560975611,-8.170731707317074,40.304878048780495
11_36_00_585,0.0,-3.0,1.0,-5.0,1.0,2.0,-2.0,0.0,1.3251953125,-0.28515625,0.953125,-42.13414634146342,0.48780487804878053,39.451219512195124
11_36_00_645,-1.0,0.0,3.0,2.0,1.0,-2.0,-6.0,3.0,0.3447265625,-0.56396484375,-0.20849609375,-34.87804878048781,-27.865853658536587,-8.109756097560977
11_36_00_645,0.0,1.0,-3.0,0.0,-3.0,-2.0,5.0,-7.0,0.6982421875,-0.1904296875,0.1669921875,-39.69512195121951,-29.26829268292683,-5.609756097560976
11_36_00_645,0.0,4.0,5.0,6.0,9.0,1.0,-10.0,0.0,1.38916015625,-0.0244140625,1.01611328125,-20.243902439024392,-30.000000000000004,-0.426829268292683
11_36_00_645,-1.0,-5.0,0.0,-10.0,-1.0,2.0,2.0,-6.0,0.53125,-0.40380859375,-0.0107421875,19.02439024390244,-27.195121951219516,6.463414634146342
11_36_00_645,3.0,5.0,5.0,-5.0,3.0,4.0,-12.0,6.0,0.52294921875,-0.3203125,-0.046875,35.243902439024396,-22.926829268292686,21.28048780487805
11_36_00_645,4.0,6.0,1.0,-1.0,-3.0,0.0,7.0,-6.0,1.4033203125,-0.25048828125,1.04931640625,29.695121951219516,-18.963414634146343,35.670731707317074
11_36_00_645,1.0,3.0,0.0,1.0,3.0,0.0,-9.0,4.0,0.7255859375,-0.6640625,0.29736328125,18.170731707317074,-14.085365853658537,40.1219512195122
11_36_00_645,-3.0,1.0,3.0,4.0,4.0,2.0,6.0,-6.0,0.36474609375,-0.57470703125,-0.1650390625,-9.756097560975611,-8.170731707317074,40.304878048780495
11_36_00_686,1.0,2.0,1.0,3.0,0.0,2.0,-4.0,-1.0,0.396484375,-0.55517578125,-0.3291015625,-31.158536585365855,-5.670731707317073,-42.19512195121951
11_36_00_686,-6.0,-2.0,-6.0,0.0,-3.0,-2.0,8.0,-7.0,1.20654296875,-0.19287109375,0.68212890625,-30.54878048780488,-5.7926829268292686,-37.25609756097561
11_36_00_686,1.0,2.0,2.0,-2.0,5.0,4.0,-11.0,4.0,1.181640625,-0.33203125,0.79638671875,-15.731707317073171,-10.0,-28.719512195121954
11_36_00_686,2.0,-5.0,-4.0,-7.0,0.0,-3.0,11.0,-5.0,0.26318359375,-0.55419921875,-0.30712890625,-4.207317073170732,-13.04878048780488,-21.158536585365855
11_36_00_686,-4.0,-1.0,-1.0,-4.0,-4.0,-1.0,-5.0,0.0,0.86572265625,-0.2314453125,0.44970703125,-9.390243902439025,-17.134146341463417,-12.74390243902439
11_36_00_686,-6.0,-2.0,-6.0,-1.0,-3.0,-7.0,11.0,-8.0,1.26123046875,-0.28564453125,0.94921875,-23.658536585365855,-23.53658536585366,-8.78048780487805
11_36_00_686,-3.0,-2.0,-1.0,1.0,2.0,1.0,-8.0,0.0,0.3447265625,-0.56396484375,-0.20849609375,-34.87804878048781,-27.865853658536587,-8.109756097560977
11_36_00_686,-1.0,-3.0,-3.0,-1.0,-3.0,-1.0,6.0,-5.0,0.6982421875,-0.1904296875,0.1669921875,-39.69512195121951,-29.26829268292683,-5.609756097560976
11_36_00_686,1.0,4.0,5.0,0.0,0.0,-1.0,-10.0,-1.0,1.38916015625,-0.0244140625,1.01611328125,-20.243902439024392,-30.000000000000004,-0.426829268292683
11_36_00_686,-3.0,-10.0,-7.0,-7.0,-2.0,-5.0,11.0,-8.0,0.53125,-0.40380859375,-0.0107421875,19.02439024390244,-27.195121951219516,6.463414634146342
11_36_02_069,1.0,-1.0,-6.0,-8.0,-3.0,-2.0,0.0,0.0,0.396484375,-0.55517578125,-0.3291015625,-31.158536585365855,-5.670731707317073,-42.19512195121951
11_36_02_069,4.0,-9.0,-6.0,4.0,-3.0,-5.0,9.0,-5.0,1.20654296875,-0.19287109375,0.68212890625,-30.54878048780488,-5.7926829268292686,-37.25609756097561
11_36_02_069,-1.0,3.0,0.0,4.0,0.0,2.0,-4.0,-1.0,1.181640625,-0.33203125,0.79638671875,-15.731707317073171,-10.0,-28.719512195121954
11_36_02_069,-1.0,-6.0,-6.0,3.0,-4.0,-5.0,9.0,-8.0,0.26318359375,-0.55419921875,-0.30712890625,-4.207317073170732,-13.04878048780488,-21.158536585365855
11_36_02_069,1.0,4.0,3.0,-2.0,2.0,2.0,-6.0,3.0,0.86572265625,-0.2314453125,0.44970703125,-9.390243902439025,-17.134146341463417,-12.74390243902439
11_36_02_069,0.0,-6.0,-8.0,-8.0,-1.0,-3.0,8.0,-3.0,1.26123046875,-0.28564453125,0.94921875,-23.658536585365855,-23.53658536585366,-8.78048780487805
11_36_02_069,-1.0,1.0,1.0,-5.0,1.0,-1.0,-3.0,2.0,0.3447265625,-0.56396484375,-0.20849609375,-34.87804878048781,-27.865853658536587,-8.109756097560977
11_36_02_069,3.0,-7.0,-5.0,-1.0,-3.0,-4.0,12.0,-5.0,0.6982421875,-0.1904296875,0.1669921875,-39.69512195121951,-29.26829268292683,-5.609756097560976
11_36_02_112,4.0,-3.0,-3.0,-6.0,3.0,4.0,-2.0,1.0,0.92333984375,-0.3388671875,0.30078125,-3.536585365853659,-12.500000000000002,-3.7195121951219514
11_36_02_112,-13.0,-23.0,2.0,-10.0,2.0,-2.0,-3.0,1.0,0.92529296875,-0.3447265625,0.29150390625,-12.195121951219512,-12.500000000000002,-1.0975609756097562
11_36_02_112,-3.0,1.0,2.0,5.0,-1.0,-2.0,0.0,-3.0,0.92236328125,-0.333984375,0.29296875,-19.390243902439025,-12.682926829268293,1.4634146341463417
11_36_02_112,21.0,5.0,6.0,8.0,3.0,1.0,-3.0,5.0,0.92529296875,-0.29541015625,0.30224609375,-13.658536585365855,-10.853658536585368,0.12195121951219513
11_36_02_112,2.0,-5.0,-43.0,-8.0,-3.0,-1.0,-2.0,0.0,0.9384765625,-0.27880859375,0.30126953125,-4.146341463414634,-7.621951219512196,-2.5
11_36_02_112,-8.0,9.0,14.0,1.0,-5.0,-3.0,0.0,-1.0,0.95556640625,-0.30517578125,0.27001953125,2.682926829268293,-4.51219512195122,-2.5
11_36_02_112,17.0,2.0,1.0,1.0,-1.0,-2.0,-8.0,0.0,0.9697265625,-0.37158203125,0.23046875,1.5853658536585367,-3.963414634146342,-1.2804878048780488
11_36_02_112,-6.0,-7.0,-32.0,2.0,4.0,1.0,-4.0,-3.0,0.9677734375,-0.41064453125,0.203125,-9.51219512195122,-6.707317073170732,1.524390243902439
11_36_02_112,-21.0,-1.0,14.0,-1.0,0.0,3.0,3.0,-1.0,0.95654296875,-0.396484375,0.19384765625,-23.78048780487805,-8.231707317073171,0.9146341463414634
11_36_02_112,20.0,11.0,2.0,-3.0,-3.0,-5.0,3.0,-2.0,0.94677734375,-0.2919921875,0.1962890625,-23.353658536585368,-8.902439024390244,-0.1829268292682927
11_36_02_151,16.0,-1.0,-5.0,-6.0,2.0,2.0,-8.0,11.0,0.9833984375,-0.203125,0.263671875,35.85365853658537,-23.04878048780488,-10.487804878048781
11_36_02_151,12.0,15.0,-1.0,0.0,2.0,1.0,8.0,10.0,0.9384765625,-0.30615234375,0.236328125,26.707317073170735,-24.81707317073171,-3.658536585365854
11_36_02_151,15.0,-7.0,4.0,1.0,-3.0,-2.0,7.0,-28.0,0.91650390625,-0.36962890625,0.2294921875,9.329268292682928,-16.097560975609756,-3.658536585365854
11_36_02_151,-14.0,-8.0,-3.0,0.0,-4.0,-9.0,-44.0,-27.0,0.92333984375,-0.3388671875,0.30078125,-3.536585365853659,-12.500000000000002,-3.7195121951219514
11_36_02_151,-68.0,-4.0,6.0,1.0,1.0,0.0,11.0,17.0,0.92529296875,-0.3447265625,0.29150390625,-12.195121951219512,-12.500000000000002,-1.0975609756097562
11_36_02_151,6.0,-9.0,-22.0,-9.0,-12.0,-10.0,2.0,-7.0,0.92236328125,-0.333984375,0.29296875,-19.390243902439025,-12.682926829268293,1.4634146341463417
11_36_02_151,17.0,-8.0,4.0,3.0,1.0,0.0,3.0,3.0,0.92529296875,-0.29541015625,0.30224609375,-13.658536585365855,-10.853658536585368,0.12195121951219513
11_36_02_151,-5.0,-1.0,-3.0,-1.0,0.0,-1.0,-4.0,-4.0,0.9384765625,-0.27880859375,0.30126953125,-4.146341463414634,-7.621951219512196,-2.5
11_36_02_151,12.0,9.0,0.0,2.0,5.0,11.0,-6.0,-2.0,0.95556640625,-0.30517578125,0.27001953125,2.682926829268293,-4.51219512195122,-2.5
11_36_02_151,-4.0,8.0,-1.0,-3.0,-1.0,4.0,1.0,3.0,0.9697265625,-0.37158203125,0.23046875,1.5853658536585367,-3.963414634146342,-1.2804878048780488
11_36_02_198,36.0,0.0,2.0,-1.0,-3.0,2.0,-6.0,5.0,0.90869140625,-0.08056640625,0.306640625,5.548780487804878,-11.158536585365855,-19.085365853658537
11_36_02_198,-128.0,-38.0,-15.0,-4.0,-7.0,-8.0,-1.0,-12.0,0.97119140625,-0.0859375,0.3193359375,29.451219512195124,-8.719512195121952,-20.426829268292686
11_36_02_198,6.0,12.0,3.0,1.0,4.0,-2.0,2.0,3.0,0.9833984375,-0.203125,0.263671875,35.85365853658537,-23.04878048780488,-10.487804878048781
11_36_02_198,58.0,16.0,5.0,1.0,1.0,6.0,4.0,3.0,0.9384765625,-0.30615234375,0.236328125,26.707317073170735,-24.81707317073171,-3.658536585365854
11_36_02_198,6.0,8.0,22.0,1.0,0.0,-3.0,-1.0,-5.0,0.91650390625,-0.36962890625,0.2294921875,9.329268292682928,-16.097560975609756,-3.658536585365854
11_36_02_198,-3.0,-14.0,-1.0,2.0,2.0,2.0,-1.0,2.0,0.92333984375,-0.3388671875,0.30078125,-3.536585365853659,-12.500000000000002,-3.7195121951219514
11_36_02_198,-10.0,4.0,-41.0,-3.0,-1.0,1.0,1.0,8.0,0.92529296875,-0.3447265625,0.29150390625,-12.195121951219512,-12.500000000000002,-1.0975609756097562
11_36_02_198,4.0,-3.0,15.0,0.0,-1.0,-2.0,1.0,-10.0,0.92236328125,-0.333984375,0.29296875,-19.390243902439025,-12.682926829268293,1.4634146341463417
11_36_02_198,-65.0,-15.0,-5.0,-4.0,-4.0,-1.0,7.0,-6.0,0.92529296875,-0.29541015625,0.30224609375,-13.658536585365855,-10.853658536585368,0.12195121951219513
11_36_02_198,40.0,8.0,1.0,4.0,3.0,5.0,4.0,5.0,0.9384765625,-0.27880859375,0.30126953125,-4.146341463414634,-7.621951219512196,-2.5
11_36_02_254,-13.0,-5.0,4.0,-2.0,-2.0,0.0,0.0,-1.0,0.943359375,-0.30322265625,0.2412109375,5.2439024390243905,-13.414634146341465,-20.914634146341466
11_36_02_254,8.0,6.0,7.0,0.0,3.0,-2.0,6.0,2.0,0.916015625,-0.29638671875,0.26953125,-13.597560975609758,-14.390243902439027,-18.414634146341466
11_36_02_254,4.0,4.0,21.0,2.0,2.0,-8.0,-2.0,-3.0,0.91552734375,-0.19873046875,0.29296875,-16.890243902439025,-16.82926829268293,-14.51219512195122
11_36_02_254,5.0,-7.0,-33.0,-3.0,-3.0,-11.0,-3.0,-4.0,0.90869140625,-0.08056640625,0.306640625,5.548780487804878,-11.158536585365855,-19.085365853658537
11_36_02_254,-32.0,-1.0,-26.0,-5.0,-2.0,9.0,14.0,-2.0,0.97119140625,-0.0859375,0.3193359375,29.451219512195124,-8.719512195121952,-20.426829268292686
11_36_02_254,2.0,0.0,4.0,7.0,4.0,1.0,2.0,-4.0,0.9833984375,-0.203125,0.263671875,35.85365853658537,-23.04878048780488,-10.487804878048781
11_36_02_254,12.0,13.0,0.0,-3.0,1.0,-1.0,-1.0,3.0,0.9384765625,-0.30615234375,0.236328125,26.707317073170735,-24.81707317073171,-3.658536585365854
11_36_02_254,6.0,1.0,-2.0,11.0,-2.0,-1.0,0.0,2.0,0.91650390625,-0.36962890625,0.2294921875,9.329268292682928,-16.097560975609756,-3.658536585365854
11_36_02_254,27.0,3.0,-3.0,-1.0,2.0,-1.0,2.0,-1.0,0.92333984375,-0.3388671875,0.30078125,-3.536585365853659,-12.500000000000002,-3.7195121951219514
11_36_02_254,-4.0,2.0,11.0,-1.0,4.0,0.0,0.0,-2.0,0.92529296875,-0.3447265625,0.29150390625,-12.195121951219512,-12.500000000000002,-1.0975609756097562
11_36_02_301,20.0,2.0,-8.0,-9.0,-1.0,3.0,-1.0,13.0,0.99755859375,-0.234375,0.1875,24.939024390243905,-14.817073170731708,-21.646341463414636
11_36_02_301,4.0,-19.0,-8.0,2.0,-5.0,-6.0,-6.0,-13.0,0.9365234375,-0.2978515625,0.22265625,20.243902439024392,-13.353658536585368,-20.853658536585368
11_36_02_301,-32.0,1.0,-5.0,-7.0,-2.0,-2.0,7.0,2.0,0.943359375,-0.30322265625,0.2412109375,5.2439024390243905,-13.414634146341465,-20.914634146341466
11_36_02_301,39.0,3.0,1.0,6.0,1.0,-1.0,-3.0,5.0,0.916015625,-0.29638671875,0.26953125,-13.597560975609758,-14.390243902439027,-18.414634146341466
11_36_02_301,6.0,1.0,-3.0,-2.0,-3.0,-2.0,-1.0,0.0,0.91552734375,-0.19873046875,0.29296875,-16.890243902439025,-16.82926829268293,-14.51219512195122
11_36_02_301,10.0,16.0,3.0,0.0,2.0,0.0,-4.0,0.0,0.90869140625,-0.08056640625,0.306640625,5.548780487804878,-11.158536585365855,-19.085365853658537
11_36_02_301,4.0,2.0,-3.0,-2.0,-1.0,2.0,-2.0,-2.0,0.97119140625,-0.0859375,0.3193359375,29.451219512195124,-8.719512195121952,-20.426829268292686
11_36_02_301,13.0,-10.0,2.0,-2.0,-4.0,-3.0,-1.0,-3.0,0.9833984375,-0.203125,0.263671875,35.85365853658537,-23.04878048780488,-10.487804878048781
11_36_02_301,-48.0,-2.0,-6.0,-9.0,-6.0,-2.0,2.0,-4.0,0.9384765625,-0.30615234375,0.236328125,26.707317073170735,-24.81707317073171,-3.658536585365854
11_36_02_301,-6.0,-6.0,-1.0,4.0,0.0,1.0,4.0,-2.0,0.91650390625,-0.36962890625,0.2294921875,9.329268292682928,-16.097560975609756,-3.658536585365854
11_36_02_356,-1.0,-14.0,-8.0,-12.0,-10.0,-6.0,-2.0,-10.0,1.02294921875,-0.17138671875,0.17138671875,15.975609756097562,-18.84146341463415,-18.231707317073173
11_36_02_356,-33.0,1.0,-4.0,-4.0,-3.0,-3.0,11.0,9.0,1.01904296875,-0.1669921875,0.16064453125,22.5609756097561,-15.426829268292684,-21.097560975609756
11_36_02_356,25.0,14.0,7.0,1.0,-2.0,-1.0,-2.0,12.0,0.99755859375,-0.234375,0.1875,24.939024390243905,-14.817073170731708,-21.646341463414636
11_36_02_356,-40.0,-15.0,-4.0,-1.0,10.0,5.0,-11.0,-24.0,0.9365234375,-0.2978515625,0.22265625,20.243902439024392,-13.353658536585368,-20.853658536585368
11_36_02_356,-57.0,-5.0,2.0,-3.0,0.0,0.0,1.0,3.0,0.943359375,-0.30322265625,0.2412109375,5.2439024390243905,-13.414634146341465,-20.914634146341466
11_36_02_356,20.0,-3.0,-15.0,-7.0,-13.0,-12.0,-2.0,6.0,0.916015625,-0.29638671875,0.26953125,-13.597560975609758,-14.390243902439027,-18.414634146341466
11_36_02_356,12.0,11.0,1.0,-4.0,-3.0,1.0,5.0,13.0,0.91552734375,-0.19873046875,0.29296875,-16.890243902439025,-16.82926829268293,-14.51219512195122
11_36_02_356,-45.0,-23.0,-8.0,-5.0,-7.0,0.0,3.0,-34.0,0.90869140625,-0.08056640625,0.306640625,5.548780487804878,-11.158536585365855,-19.085365853658537
11_36_02_356,20.0,2.0,-8.0,-9.0,-1.0,3.0,-1.0,13.0,0.97119140625,-0.0859375,0.3193359375,29.451219512195124,-8.719512195121952,-20.426829268292686
11_36_02_356,4.0,-19.0,-8.0,2.0,-5.0,-6.0,-6.0,-13.0,0.9833984375,-0.203125,0.263671875,35.85365853658537,-23.04878048780488,-10.487804878048781
11_36_02_402,17.0,2.0,-14.0,-9.0,-7.0,-13.0,-17.0,-20.0,1.046875,-0.18310546875,0.1513671875,-6.463414634146342,-20.60975609756098,-6.036585365853659
11_36_02_402,16.0,-10.0,6.0,5.0,8.0,1.0,-1.0,21.0,0.99609375,-0.11474609375,0.15869140625,1.829268292682927,-25.914634146341466,-10.30487804878049
11_36_02_402,-128.0,-19.0,-4.0,-4.0,-6.0,-12.0,-1.0,-38.0,1.0283203125,-0.1298828125,0.14013671875,8.658536585365855,-18.719512195121954,-14.451219512195124
11_36_02_402,30.0,1.0,4.0,1.0,3.0,2.0,-16.0,6.0,1.02294921875,-0.17138671875,0.17138671875,15.975609756097562,-18.84146341463415,-18.231707317073173
11_36_02_402,2.0,7.0,-5.0,-3.0,-3.0,-4.0,11.0,-1.0,1.01904296875,-0.1669921875,0.16064453125,22.5609756097561,-15.426829268292684,-21.097560975609756
11_36_02_402,-14.0,-4.0,-2.0,0.0,-8.0,-3.0,4.0,7.0,0.99755859375,-0.234375,0.1875,24.939024390243905,-14.817073170731708,-21.646341463414636
11_36_02_402,11.0,11.0,2.0,0.0,1.0,6.0,7.0,-9.0,0.9365234375,-0.2978515625,0.22265625,20.243902439024392,-13.353658536585368,-20.853658536585368
11_36_02_402,19.0,12.0,3.0,-3.0,0.0,3.0,-7.0,-6.0,0.943359375,-0.30322265625,0.2412109375,5.2439024390243905,-13.414634146341465,-20.914634146341466
11_36_02_402,28.0,1.0,4.0,12.0,5.0,0.0,-1.0,3.0,0.916015625,-0.29638671875,0.26953125,-13.597560975609758,-14.390243902439027,-18.414634146341466
11_36_02_402,-51.0,-17.0,-11.0,-1.0,20.0,7.0,-3.0,-8.0,0.91552734375,-0.19873046875,0.29296875,-16.890243902439025,-16.82926829268293,-14.51219512195122
11_36_02_455,117.0,63.0,11.0,4.0,-29.0,-1.0,29.0,16.0,0.89990234375,-0.04345703125,0.14501953125,-27.743902439024392,-14.695121951219514,6.219512195121951
11_36_02_455,26.0,4.0,14.0,-47.0,-3.0,-4.0,0.0,5.0,1.0205078125,-0.05810546875,0.3466796875,-0.6707317073170732,-14.02439024390244,-0.853658536585366
11_36_02_455,-55.0,-12.0,10.0,21.0,8.0,-12.0,-5.0,1.0,1.01171875,-0.26220703125,0.15185546875,-5.487804878048781,-10.426829268292684,-2.987804878048781
11_36_02_455,-28.0,-15.0,-24.0,-17.0,-12.0,-4.0,-12.0,-44.0,1.046875,-0.18310546875,0.1513671875,-6.463414634146342,-20.60975609756098,-6.036585365853659
11_36_02_455,-44.0,-10.0,9.0,7.0,-24.0,-27.0,-2.0,-26.0,0.99609375,-0.11474609375,0.15869140625,1.829268292682927,-25.914634146341466,-10.30487804878049
11_36_02_455,18.0,12.0,-17.0,-58.0,-23.0,-3.0,4.0,19.0,1.0283203125,-0.1298828125,0.14013671875,8.658536585365855,-18.719512195121954,-14.451219512195124
11_36_02_455,5.0,9.0,17.0,52.0,36.0,16.0,10.0,-14.0,1.02294921875,-0.17138671875,0.17138671875,15.975609756097562,-18.84146341463415,-18.231707317073173
11_36_02_455,73.0,16.0,14.0,11.0,86.0,48.0,-3.0,23.0,1.01904296875,-0.1669921875,0.16064453125,22.5609756097561,-15.426829268292684,-21.097560975609756
11_36_02_455,-57.0,-18.0,-9.0,-22.0,-37.0,5.0,4.0,-30.0,0.99755859375,-0.234375,0.1875,24.939024390243905,-14.817073170731708,-21.646341463414636
11_36_02_455,15.0,17.0,5.0,-4.0,-27.0,-25.0,4.0,30.0,0.9365234375,-0.2978515625,0.22265625,20.243902439024392,-13.353658536585368,-20.853658536585368
11_36_02_511,9.0,23.0,-3.0,49.0,-45.0,-88.0,29.0,43.0,1.048828125,-0.28125,0.21484375,-45.304878048780495,-6.52439024390244,18.53658536585366
11_36_02_511,-119.0,-22.0,64.0,51.0,32.0,118.0,31.0,-27.0,0.94677734375,-0.26708984375,0.173828125,-64.20731707317074,-18.04878048780488,6.829268292682928
11_36_02_511,-95.0,-39.0,-30.0,-54.0,-21.0,49.0,-29.0,8.0,0.89990234375,-0.04345703125,0.14501953125,-27.743902439024392,-14.695121951219514,6.219512195121951
11_36_02_511,4.0,27.0,17.0,-32.0,-5.0,-99.0,-20.0,-91.0,1.0205078125,-0.05810546875,0.3466796875,-0.6707317073170732,-14.02439024390244,-0.853658536585366
11_36_02_511,38.0,18.0,19.0,52.0,110.0,5.0,-12.0,74.0,1.01171875,-0.26220703125,0.15185546875,-5.487804878048781,-10.426829268292684,-2.987804878048781
11_36_02_511,-17.0,19.0,-11.0,-33.0,-85.0,105.0,31.0,-6.0,1.046875,-0.18310546875,0.1513671875,-6.463414634146342,-20.60975609756098,-6.036585365853659
11_36_02_511,-48.0,27.0,14.0,11.0,58.0,-70.0,-28.0,27.0,0.99609375,-0.11474609375,0.15869140625,1.829268292682927,-25.914634146341466,-10.30487804878049
11_36_02_511,93.0,50.0,1.0,51.0,52.0,42.0,23.0,27.0,1.0283203125,-0.1298828125,0.14013671875,8.658536585365855,-18.719512195121954,-14.451219512195124
11_36_02_511,-128.0,-128.0,-7.0,-10.0,-19.0,-6.0,-31.0,-42.0,1.02294921875,-0.17138671875,0.17138671875,15.975609756097562,-18.84146341463415,-18.231707317073173
11_36_02_511,-86.0,-59.0,-50.0,-60.0,-32.0,-13.0,-1.0,-8.0,1.01904296875,-0.1669921875,0.16064453125,22.5609756097561,-15.426829268292684,-21.097560975609756
11_36_02_551,21.0,16.0,18.0,104.0,66.0,9.0,-86.0,-28.0,1.0322265625,-0.134765625,0.177734375,51.707317073170735,13.78048780487805,22.98780487804878
11_36_02_551,31.0,-47.0,-2.0,-73.0,-29.0,7.0,-20.0,-27.0,1.115234375,-0.259765625,0.1123046875,16.646341463414636,7.134146341463415,22.682926829268293
11_36_02_551,32.0,7.0,3.0,-44.0,-78.0,-52.0,20.0,74.0,1.017578125,-0.2451171875,0.025390625,-22.012195121951223,3.1097560975609757,23.414634146341466
11_36_02_551,-124.0,-47.0,-85.0,-86.0,-96.0,-121.0,-20.0,-15.0,1.048828125,-0.28125,0.21484375,-45.304878048780495,-6.52439024390244,18.53658536585366
11_36_02_551,48.0,12.0,-56.0,7.0,-45.0,-68.0,2.0,43.0,0.94677734375,-0.26708984375,0.173828125,-64.20731707317074,-18.04878048780488,6.829268292682928
11_36_02_551,-5.0,-21.0,16.0,63.0,127.0,83.0,20.0,2.0,0.89990234375,-0.04345703125,0.14501953125,-27.743902439024392,-14.695121951219514,6.219512195121951
11_36_02_551,9.0,9.0,2.0,-69.0,-75.0,127.0,-18.0,-52.0,1.0205078125,-0.05810546875,0.3466796875,-0.6707317073170732,-14.02439024390244,-0.853658536585366
11_36_02_551,-54.0,1.0,-23.0,-59.0,-15.0,-128.0,-12.0,-7.0,1.01171875,-0.26220703125,0.15185546875,-5.487804878048781,-10.426829268292684,-2.987804878048781
11_36_02_551,9.0,23.0,-3.0,49.0,-45.0,-88.0,29.0,43.0,1.046875,-0.18310546875,0.1513671875,-6.463414634146342,-20.60975609756098,-6.036585365853659
11_36_02_551,-119.0,-22.0,64.0,51.0,32.0,118.0,31.0,-27.0,0.99609375,-0.11474609375,0.15869140625,1.829268292682927,-25.914634146341466,-10.30487804878049
11_36_02_607,10.0,-16.0,7.0,113.0,126.0,11.0,-3.0,-49.0,0.92724609375,-0.525390625,0.21923828125,-6.341463414634147,1.8902439024390245,8.292682926829269
11_36_02_607,-6.0,6.0,-7.0,10.0,76.0,57.0,-35.0,89.0,0.935546875,-0.28662109375,0.271484375,14.085365853658537,7.865853658536586,15.30487804878049
11_36_02_607,-40.0,-28.0,-4.0,2.0,-78.0,12.0,-33.0,-128.0,1.0322265625,-0.134765625,0.177734375,51.707317073170735,13.78048780487805,22.98780487804878
11_36_02_607,-128.0,13.0,18.0,-32.0,-45.0,-57.0,4.0,23.0,1.115234375,-0.259765625,0.1123046875,16.646341463414636,7.134146341463415,22.682926829268293
11_36_02_607,66.0,18.0,-30.0,2.0,38.0,-34.0,9.0,40.0,1.017578125,-0.2451171875,0.025390625,-22.012195121951223,3.1097560975609757,23.414634146341466
11_36_02_607,18.0,25.0,16.0,-67.0,-128.0,30.0,4.0,15.0,1.048828125,-0.28125,0.21484375,-45.304878048780495,-6.52439024390244,18.53658536585366
11_36_02_607,-47.0,-25.0,-8.0,91.0,15.0,-113.0,-2.0,3.0,0.94677734375,-0.26708984375,0.173828125,-64.20731707317074,-18.04878048780488,6.829268292682928
11_36_02_607,19.0,-17.0,6.0,91.0,124.0,61.0,-2.0,-51.0,0.89990234375,-0.04345703125,0.14501953125,-27.743902439024392,-14.695121951219514,6.219512195121951
11_36_02_607,-46.0,23.0,-3.0,-45.0,94.0,127.0,-4.0,11.0,1.0205078125,-0.05810546875,0.3466796875,-0.6707317073170732,-14.02439024390244,-0.853658536585366
11_36_02_607,12.0,-17.0,-5.0,-111.0,-128.0,-92.0,-4.0,16.0,1.01171875,-0.26220703125,0.15185546875,-5.487804878048781,-10.426829268292684,-2.987804878048781
11_36_02_655,27.0,6.0,18.0,19.0,-12.0,-37.0,19.0,36.0,1.15087890625,-0.1376953125,0.1103515625,19.512195121951223,8.536585365853659,10.30487804878049
11_36_02_655,-4.0,-4.0,-32.0,45.0,-52.0,-45.0,-11.0,8.0,1.03662109375,-0.35400390625,0.0673828125,22.682926829268293,-0.12195121951219513,5.548780487804878
11_36_02_655,6.0,15.0,16.0,33.0,54.0,13.0,10.0,25.0,0.92724609375,-0.525390625,0.21923828125,-6.341463414634147,1.8902439024390245,8.292682926829269
11_36_02_655,8.0,16.0,3.0,41.0,127.0,114.0,-26.0,-95.0,0.935546875,-0.28662109375,0.271484375,14.085365853658537,7.865853658536586,15.30487804878049
11_36_02_655,-3.0,-19.0,13.0,-23.0,-30.0,6.0,3.0,63.0,1.0322265625,-0.134765625,0.177734375,51.707317073170735,13.78048780487805,22.98780487804878
11_36_02_655,21.0,-23.0,-71.0,-83.0,-59.0,-102.0,-58.0,-29.0,1.115234375,-0.259765625,0.1123046875,16.646341463414636,7.134146341463415,22.682926829268293
11_36_02_655,-49.0,9.0,-15.0,-95.0,-53.0,2.0,38.0,32.0,1.017578125,-0.2451171875,0.025390625,-22.012195121951223,3.1097560975609757,23.414634146341466
11_36_02_655,58.0,39.0,28.0,-20.0,-119.0,-46.0,15.0,49.0,1.048828125,-0.28125,0.21484375,-45.304878048780495,-6.52439024390244,18.53658536585366
11_36_02_655,10.0,-16.0,7.0,113.0,126.0,11.0,-3.0,-49.0,0.94677734375,-0.26708984375,0.173828125,-64.20731707317074,-18.04878048780488,6.829268292682928
11_36_02_655,-6.0,6.0,-7.0,10.0,76.0,57.0,-35.0,89.0,0.89990234375,-0.04345703125,0.14501953125,-27.743902439024392,-14.695121951219514,6.219512195121951
11_36_02_707,-14.0,-15.0,-6.0,4.0,-84.0,-58.0,-1.0,16.0,1.125,-0.2666015625,0.28955078125,11.951219512195124,22.926829268292686,21.76829268292683
11_36_02_707,-29.0,-8.0,3.0,85.0,72.0,0.0,37.0,17.0,1.05810546875,-0.26708984375,0.28271484375,-0.12195121951219513,24.02439024390244,22.865853658536587
11_36_02_707,-36.0,-8.0,13.0,-12.0,18.0,94.0,-5.0,-22.0,1.12060546875,-0.2802734375,0.232421875,-11.585365853658537,22.621951219512198,20.79268292682927
11_36_02_707,9.0,12.0,-16.0,-42.0,59.0,2.0,25.0,-80.0,1.11181640625,-0.1982421875,0.15283203125,-10.0,17.378048780487806,17.073170731707318
11_36_02_707,5.0,-15.0,4.0,27.0,-20.0,-35.0,-6.0,29.0,1.15087890625,-0.1376953125,0.1103515625,19.512195121951223,8.536585365853659,10.30487804878049
11_36_02_707,47.0,15.0,16.0,20.0,123.0,120.0,-4.0,19.0,1.03662109375,-0.35400390625,0.0673828125,22.682926829268293,-0.12195121951219513,5.548780487804878
11_36_02_707,38.0,12.0,5.0,-16.0,-114.0,-62.0,-33.0,-6.0,0.92724609375,-0.525390625,0.21923828125,-6.341463414634147,1.8902439024390245,8.292682926829269
11_36_02_707,-15.0,-1.0,-29.0,-51.0,-18.0,-34.0,15.0,-45.0,0.935546875,-0.28662109375,0.271484375,14.085365853658537,7.865853658536586,15.30487804878049
11_36_02_707,-103.0,9.0,12.0,42.0,37.0,-13.0,-23.0,17.0,1.0322265625,-0.134765625,0.177734375,51.707317073170735,13.78048780487805,22.98780487804878
11_36_02_707,36.0,-2.0,-26.0,2.0,-46.0,-36.0,-8.0,-15.0,1.115234375,-0.259765625,0.1123046875,16.646341463414636,7.134146341463415,22.682926829268293
11_36_02_760,-17.0,0.0,2.0,6.0,-128.0,-70.0,-2.0,-44.0,1.0810546875,-0.23681640625,0.16650390625,27.31707317073171,27.987804878048784,28.170731707317074
11_36_02_760,20.0,-29.0,-3.0,76.0,28.0,-37.0,9.0,-8.0,1.12451171875,-0.283203125,0.2294921875,27.012195121951223,25.0609756097561,25.670731707317074
11_36_02_760,16.0,7.0,18.0,82.0,127.0,127.0,27.0,13.0,1.125,-0.2666015625,0.28955078125,11.951219512195124,22.926829268292686,21.76829268292683
11_36_02_760,-34.0,17.0,21.0,4.0,23.0,102.0,0.0,0.0,1.05810546875,-0.26708984375,0.28271484375,-0.12195121951219513,24.02439024390244,22.865853658536587
11_36_02_760,24.0,11.0,-1.0,-44.0,-12.0,52.0,-10.0,-29.0,1.12060546875,-0.2802734375,0.232421875,-11.585365853658537,22.621951219512198,20.79268292682927
11_36_02_760,-9.0,-24.0,-24.0,-28.0,-23.0,-128.0,-7.0,8.0,1.11181640625,-0.1982421875,0.15283203125,-10.0,17.378048780487806,17.073170731707318
11_36_02_760,11.0,18.0,4.0,-10.0,-44.0,8.0,-3.0,13.0,1.15087890625,-0.1376953125,0.1103515625,19.512195121951223,8.536585365853659,10.30487804878049
11_36_02_760,-11.0,-13.0,-18.0,-80.0,-92.0,-64.0,-13.0,-54.0,1.03662109375,-0.35400390625,0.0673828125,22.682926829268293,-0.12195121951219513,5.548780487804878
11_36_02_760,-14.0,-15.0,-6.0,4.0,-84.0,-58.0,-1.0,16.0,0.92724609375,-0.525390625,0.21923828125,-6.341463414634147,1.8902439024390245,8.292682926829269
11_36_02_760,-29.0,-8.0,3.0,85.0,72.0,0.0,37.0,17.0,0.935546875,-0.28662109375,0.271484375,14.085365853658537,7.865853658536586,15.30487804878049
11_36_02_809,19.0,10.0,13.0,127.0,127.0,127.0,-19.0,3.0,0.97216796875,-0.4267578125,0.27099609375,12.439024390243903,32.13414634146342,31.402439024390247
11_36_02_809,25.0,29.0,34.0,-3.0,104.0,17.0,19.0,15.0,0.95947265625,-0.349609375,0.19287109375,15.609756097560977,30.792682926829272,29.634146341463417
11_36_02_809,-1.0,-6.0,-9.0,-118.0,-128.0,-87.0,1.0,2.0,1.0810546875,-0.23681640625,0.16650390625,27.31707317073171,27.987804878048784,28.170731707317074
11_36_02_809,3.0,5.0,-8.0,12.0,-5.0,-123.0,4.0,11.0,1.12451171875,-0.283203125,0.2294921875,27.012195121951223,25.0609756097561,25.670731707317074
11_36_02_809,10.0,9.0,-4.0,-1.0,25.0,127.0,28.0,30.0,1.125,-0.2666015625,0.28955078125,11.951219512195124,22.926829268292686,21.76829268292683
11_36_02_809,-8.0,7.0,6.0,10.0,67.0,-128.0,8.0,-43.0,1.05810546875,-0.26708984375,0.28271484375,-0.12195121951219513,24.02439024390244,22.865853658536587
11_36_02_809,18.0,20.0,2.0,48.0,102.0,116.0,0.0,35.0,1.12060546875,-0.2802734375,0.232421875,-11.585365853658537,22.621951219512198,20.79268292682927
11_36_02_809,15.0,2.0,-1.0,-66.0,75.0,86.0,-42.0,-73.0,1.11181640625,-0.1982421875,0.15283203125,-10.0,17.378048780487806,17.073170731707318
11_36_02_809,-4.0,-16.0,-17.0,-88.0,-128.0,-128.0,0.0,35.0,1.15087890625,-0.1376953125,0.1103515625,19.512195121951223,8.536585365853659,10.30487804878049
11_36_02_809,29.0,-11.0,-11.0,14.0,49.0,-25.0,-10.0,29.0,1.03662109375,-0.35400390625,0.0673828125,22.682926829268293,-0.12195121951219513,5.548780487804878
11_36_02_858,-86.0,-29.0,-37.0,-19.0,-128.0,-128.0,-22.0,-128.0,0.81201171875,-0.36376953125,0.25146484375,4.146341463414634,42.86585365853659,33.65853658536586
11_36_02_858,23.0,2.0,21.0,102.0,127.0,127.0,30.0,38.0,0.90185546875,-0.30224609375,0.28515625,13.841463414634148,42.43902439024391,37.743902439024396
11_36_02_858,10.0,12.0,15.0,59.0,109.0,58.0,-24.0,2.0,0.96435546875,-0.34716796875,0.30224609375,15.975609756097562,36.09756097560976,37.80487804878049
11_36_02_858,-8.0,9.0,-3.0,-94.0,-110.0,-9.0,28.0,10.0,0.97216796875,-0.4267578125,0.27099609375,12.439024390243903,32.13414634146342,31.402439024390247
11_36_02_858,-1.0,-5.0,-16.0,-92.0,-112.0,-23.0,-11.0,-3.0,0.95947265625,-0.349609375,0.19287109375,15.609756097560977,30.792682926829272,29.634146341463417
11_36_02_858,-3.0,-13.0,-7.0,22.0,-58.0,-127.0,-9.0,-16.0,1.0810546875,-0.23681640625,0.16650390625,27.31707317073171,27.987804878048784,28.170731707317074
11_36_02_858,-33.0,-6.0,1.0,53.0,98.0,18.0,11.0,-28.0,1.12451171875,-0.283203125,0.2294921875,27.012195121951223,25.0609756097561,25.670731707317074
11_36_02_858,-2.0,-61.0,-2.0,4.0,43.0,85.0,-8.0,-18.0,1.125,-0.2666015625,0.28955078125,11.951219512195124,22.926829268292686,21.76829268292683
11_36_02_858,-47.0,5.0,7.0,7.0,-53.0,-16.0,-19.0,21.0,1.05810546875,-0.26708984375,0.28271484375,-0.12195121951219513,24.02439024390244,22.865853658536587
11_36_02_858,16.0,-3.0,3.0,-9.0,35.0,28.0,-6.0,-69.0,1.12060546875,-0.2802734375,0.232421875,-11.585365853658537,22.621951219512198,20.79268292682927
11_36_02_913,-39.0,-6.0,13.0,8.0,-59.0,-12.0,31.0,27.0,0.8359375,-0.4150390625,0.36962890625,2.8658536585365857,47.31707317073171,34.63414634146342
11_36_02_913,26.0,8.0,-14.0,46.0,116.0,56.0,-2.0,-33.0,0.89013671875,-0.39990234375,0.31591796875,5.914634146341464,46.03658536585366,31.463414634146343
11_36_02_913,23.0,-4.0,16.0,-27.0,71.0,56.0,-11.0,31.0,0.81201171875,-0.36376953125,0.25146484375,4.146341463414634,42.86585365853659,33.65853658536586
11_36_02_913,-4.0,-8.0,-5.0,-21.0,-128.0,-101.0,14.0,11.0,0.90185546875,-0.30224609375,0.28515625,13.841463414634148,42.43902439024391,37.743902439024396
11_36_02_913,-20.0,-4.0,-5.0,-67.0,-102.0,8.0,26.0,68.0,0.96435546875,-0.34716796875,0.30224609375,15.975609756097562,36.09756097560976,37.80487804878049
11_36_02_913,32.0,-11.0,-14.0,13.0,8.0,-67.0,6.0,-34.0,0.97216796875,-0.4267578125,0.27099609375,12.439024390243903,32.13414634146342,31.402439024390247
11_36_02_913,11.0,29.0,4.0,67.0,127.0,40.0,-37.0,-116.0,0.95947265625,-0.349609375,0.19287109375,15.609756097560977,30.792682926829272,29.634146341463417
11_36_02_913,15.0,-1.0,14.0,-56.0,-39.0,96.0,12.0,61.0,1.0810546875,-0.23681640625,0.16650390625,27.31707317073171,27.987804878048784,28.170731707317074
11_36_02_913,-86.0,-29.0,-37.0,-19.0,-128.0,-128.0,-22.0,-128.0,1.12451171875,-0.283203125,0.2294921875,27.012195121951223,25.0609756097561,25.670731707317074
11_36_02_913,23.0,2.0,21.0,102.0,127.0,127.0,30.0,38.0,1.125,-0.2666015625,0.28955078125,11.951219512195124,22.926829268292686,21.76829268292683
11_36_02_958,13.0,3.0,17.0,40.0,55.0,37.0,57.0,39.0,0.81591796875,-0.4365234375,0.376953125,7.073170731707318,53.53658536585366,33.90243902439025
11_36_02_958,1.0,5.0,-9.0,-70.0,-38.0,-53.0,-43.0,-57.0,0.845703125,-0.40576171875,0.36572265625,8.719512195121952,51.82926829268293,32.926829268292686
11_36_02_958,-22.0,-37.0,-14.0,-58.0,-128.0,-128.0,-2.0,-6.0,0.8505859375,-0.38232421875,0.38720703125,7.01219512195122,49.81707317073171,33.04878048780488
11_36_02_958,18.0,-10.0,-5.0,51.0,127.0,127.0,2.0,-13.0,0.8359375,-0.4150390625,0.36962890625,2.8658536585365857,47.31707317073171,34.63414634146342
11_36_02_958,-36.0,11.0,12.0,71.0,126.0,88.0,-2.0,17.0,0.89013671875,-0.39990234375,0.31591796875,5.914634146341464,46.03658536585366,31.463414634146343
11_36_02_958,8.0,-9.0,32.0,41.0,-30.0,-69.0,2.0,-4.0,0.81201171875,-0.36376953125,0.25146484375,4.146341463414634,42.86585365853659,33.65853658536586
11_36_02_958,3.0,2.0,-7.0,20.0,88.0,41.0,15.0,-21.0,0.90185546875,-0.30224609375,0.28515625,13.841463414634148,42.43902439024391,37.743902439024396
11_36_02_958,10.0,6.0,6.0,-13.0,-17.0,68.0,5.0,30.0,0.96435546875,-0.34716796875,0.30224609375,15.975609756097562,36.09756097560976,37.80487804878049
11_36_02_958,-13.0,-20.0,-16.0,-60.0,-77.0,-109.0,-29.0,-14.0,0.97216796875,-0.4267578125,0.27099609375,12.439024390243903,32.13414634146342,31.402439024390247
11_36_02_958,15.0,16.0,-15.0,-5.0,13.0,6.0,-9.0,-6.0,0.95947265625,-0.349609375,0.19287109375,15.609756097560977,30.792682926829272,29.634146341463417
11_36_03_009,-3.0,-8.0,-7.0,-16.0,7.0,33.0,-9.0,23.0,0.7763671875,-0.40185546875,0.3564453125,7.865853658536586,60.060975609756106,36.768292682926834
11_36_03_009,17.0,5.0,8.0,-39.0,32.0,9.0,-17.0,-35.0,0.759765625,-0.46142578125,0.38330078125,4.573170731707317,56.768292682926834,34.75609756097561
11_36_03_009,-41.0,-19.0,-24.0,-9.0,-128.0,-105.0,-12.0,-100.0,0.74267578125,-0.46142578125,0.3955078125,2.378048780487805,55.0609756097561,35.73170731707317
11_36_03_009,38.0,15.0,-10.0,-23.0,-2.0,-6.0,-40.0,72.0,0.81591796875,-0.4365234375,0.376953125,7.073170731707318,53.53658536585366,33.90243902439025
11_36_03_009,13.0,-6.0,9.0,2.0,30.0,-20.0,38.0,27.0,0.845703125,-0.40576171875,0.36572265625,8.719512195121952,51.82926829268293,32.926829268292686
11_36_03_009,22.0,32.0,6.0,17.0,-4.0,120.0,26.0,22.0,0.8505859375,-0.38232421875,0.38720703125,7.01219512195122,49.81707317073171,33.04878048780488
11_36_03_009,0.0,5.0,-13.0,25.0,22.0,-53.0,2.0,21.0,0.8359375,-0.4150390625,0.36962890625,2.8658536585365857,47.31707317073171,34.63414634146342
11_36_03_009,-19.0,21.0,14.0,16.0,71.0,119.0,-6.0,-38.0,0.89013671875,-0.39990234375,0.31591796875,5.914634146341464,46.03658536585366,31.463414634146343
11_36_03_009,4.0,8.0,-15.0,0.0,18.0,-82.0,18.0,36.0,0.81201171875,-0.36376953125,0.25146484375,4.146341463414634,42.86585365853659,33.65853658536586
11_36_03_009,-3.0,-6.0,-3.0,0.0,-10.0,-20.0,-11.0,65.0,0.90185546875,-0.30224609375,0.28515625,13.841463414634148,42.43902439024391,37.743902439024396
11_36_03_067,-10.0,-40.0,-1.0,-6.0,70.0,-30.0,-22.0,-43.0,0.68896484375,-0.53955078125,0.39404296875,-7.8048780487804885,59.32926829268293,36.646341463414636
11_36_03_067,25.0,36.0,12.0,-20.0,-85.0,-51.0,-3.0,60.0,0.67578125,-0.42724609375,0.3935546875,-2.3170731707317076,58.47560975609757,37.5
11_36_03_067,-5.0,-16.0,2.0,-40.0,-128.0,-128.0,33.0,10.0,0.7763671875,-0.40185546875,0.3564453125,7.865853658536586,60.060975609756106,36.768292682926834
11_36_03_067,21.0,69.0,0.0,98.0,127.0,62.0,5.0,-36.0,0.759765625,-0.46142578125,0.38330078125,4.573170731707317,56.768292682926834,34.75609756097561
11_36_03_067,31.0,17.0,22.0,54.0,127.0,127.0,0.0,51.0,0.74267578125,-0.46142578125,0.3955078125,2.378048780487805,55.0609756097561,35.73170731707317
11_36_03_067,37.0,23.0,-14.0,-14.0,-112.0,-108.0,-17.0,-52.0,0.81591796875,-0.4365234375,0.376953125,7.073170731707318,53.53658536585366,33.90243902439025
11_36_03_067,-26.0,-36.0,-4.0,-39.0,-47.0,-13.0,27.0,34.0,0.845703125,-0.40576171875,0.36572265625,8.719512195121952,51.82926829268293,32.926829268292686
11_36_03_067,48.0,-8.0,-5.0,-3.0,3.0,17.0,-6.0,25.0,0.8505859375,-0.38232421875,0.38720703125,7.01219512195122,49.81707317073171,33.04878048780488
11_36_03_067,-3.0,29.0,-8.0,-2.0,23.0,4.0,-26.0,-30.0,0.8359375,-0.4150390625,0.36962890625,2.8658536585365857,47.31707317073171,34.63414634146342
11_36_03_067,18.0,2.0,7.0,16.0,-27.0,-26.0,23.0,49.0,0.89013671875,-0.39990234375,0.31591796875,5.914634146341464,46.03658536585366,31.463414634146343
11_36_03_108,-62.0,-21.0,-11.0,-25.0,-123.0,-28.0,5.0,-108.0,0.62890625,-0.4638671875,0.486328125,-1.829268292682927,58.71951219512196,39.32926829268293
11_36_03_108,32.0,32.0,-12.0,46.0,122.0,107.0,20.0,10.0,0.6953125,-0.4296875,0.46435546875,2.1951219512195124,59.268292682926834,38.59756097560976
11_36_03_108,23.0,21.0,30.0,46.0,127.0,74.0,12.0,21.0,0.68505859375,-0.513671875,0.44140625,-1.9512195121951221,60.85365853658537,37.31707317073171
11_36_03_108,11.0,-26.0,4.0,-34.0,-128.0,-65.0,-5.0,13.0,0.68896484375,-0.53955078125,0.39404296875,-7.8048780487804885,59.32926829268293,36.646341463414636
11_36_03_108,0.0,40.0,-4.0,4.0,62.0,41.0,15.0,-4.0,0.67578125,-0.42724609375,0.3935546875,-2.3170731707317076,58.47560975609757,37.5
11_36_03_108,-6.0,30.0,10.0,52.0,43.0,21.0,-27.0,-64.0,0.7763671875,-0.40185546875,0.3564453125,7.865853658536586,60.060975609756106,36.768292682926834
11_36_03_108,-10.0,-13.0,-7.0,-77.0,-108.0,-94.0,-9.0,32.0,0.759765625,-0.46142578125,0.38330078125,4.573170731707317,56.768292682926834,34.75609756097561
11_36_03_108,5.0,16.0,-11.0,-70.0,-128.0,-102.0,11.0,44.0,0.74267578125,-0.46142578125,0.3955078125,2.378048780487805,55.0609756097561,35.73170731707317
11_36_03_108,-1.0,-20.0,1.0,61.0,70.0,-22.0,12.0,-128.0,0.81591796875,-0.4365234375,0.376953125,7.073170731707318,53.53658536585366,33.90243902439025
11_36_03_108,6.0,-8.0,22.0,62.0,123.0,127.0,31.0,108.0,0.845703125,-0.40576171875,0.36572265625,8.719512195121952,51.82926829268293,32.926829268292686
11_36_03_165,-33.0,-46.0,0.0,57.0,127.0,66.0,-38.0,-16.0,0.60693359375,-0.51904296875,0.55029296875,3.1707317073170733,56.768292682926834,32.86585365853659
11_36_03_165,37.0,15.0,11.0,49.0,49.0,126.0,31.0,16.0,0.58154296875,-0.5380859375,0.48681640625,-3.8414634146341466,58.29268292682927,36.09756097560976
11_36_03_165,4.0,14.0,10.0,0.0,15.0,-43.0,9.0,23.0,0.62890625,-0.4638671875,0.486328125,-1.829268292682927,58.71951219512196,39.32926829268293
11_36_03_165,23.0,29.0,7.0,-41.0,-60.0,-75.0,-2.0,15.0,0.6953125,-0.4296875,0.46435546875,2.1951219512195124,59.268292682926834,38.59756097560976
11_36_03_165,19.0,9.0,-1.0,-30.0,-53.0,-60.0,1.0,43.0,0.68505859375,-0.513671875,0.44140625,-1.9512195121951221,60.85365853658537,37.31707317073171
11_36_03_165,-22.0,-75.0,2.0,2.0,10.0,59.0,-51.0,-10.0,0.68896484375,-0.53955078125,0.39404296875,-7.8048780487804885,59.32926829268293,36.646341463414636
11_36_03_165,-62.0,-21.0,-11.0,-25.0,-123.0,-28.0,5.0,-108.0,0.67578125,-0.42724609375,0.3935546875,-2.3170731707317076,58.47560975609757,37.5
11_36_03_165,32.0,32.0,-12.0,46.0,122.0,107.0,20.0,10.0,0.7763671875,-0.40185546875,0.3564453125,7.865853658536586,60.060975609756106,36.768292682926834
11_36_03_165,23.0,21.0,30.0,46.0,127.0,74.0,12.0,21.0,0.759765625,-0.46142578125,0.38330078125,4.573170731707317,56.768292682926834,34.75609756097561
11_36_03_165,11.0,-26.0,4.0,-34.0,-128.0,-65.0,-5.0,13.0,0.74267578125,-0.46142578125,0.3955078125,2.378048780487805,55.0609756097561,35.73170731707317
11_36_03_210,-3.0,19.0,-12.0,16.0,-2.0,-40.0,-3.0,44.0,0.52099609375,-0.58154296875,0.572265625,-1.524390243902439,52.987804878048784,30.975609756097565
11_36_03_210,22.0,16.0,13.0,8.0,73.0,36.0,-20.0,20.0,0.56103515625,-0.51318359375,0.5517578125,-6.585365853658537,55.79268292682927,29.75609756097561
11_36_03_210,-3.0,5.0,1.0,-22.0,-67.0,2.0,-3.0,-22.0,0.607421875,-0.4638671875,0.56005859375,2.073170731707317,56.34146341463415,32.43902439024391
11_36_03_210,-8.0,-5.0,-2.0,7.0,8.0,-39.0,11.0,72.0,0.60693359375,-0.51904296875,0.55029296875,3.1707317073170733,56.768292682926834,32.86585365853659
11_36_03_210,-16.0,18.0,20.0,35.0,41.0,68.0,15.0,-39.0,0.58154296875,-0.5380859375,0.48681640625,-3.8414634146341466,58.29268292682927,36.09756097560976
11_36_03_210,3.0,-44.0,-4.0,0.0,-36.0,-37.0,-17.0,-33.0,0.62890625,-0.4638671875,0.486328125,-1.829268292682927,58.71951219512196,39.32926829268293
11_36_03_210,0.0,6.0,-20.0,-10.0,5.0,-47.0,-10.0,-19.0,0.6953125,-0.4296875,0.46435546875,2.1951219512195124,59.268292682926834,38.59756097560976
11_36_03_210,12.0,35.0,18.0,-11.0,-79.0,19.0,-3.0,9.0,0.68505859375,-0.513671875,0.44140625,-1.9512195121951221,60.85365853658537,37.31707317073171
11_36_03_210,-37.0,-8.0,-6.0,7.0,8.0,-10.0,26.0,32.0,0.68896484375,-0.53955078125,0.39404296875,-7.8048780487804885,59.32926829268293,36.646341463414636
11_36_03_210,-4.0,-6.0,2.0,33.0,58.0,54.0,3.0,54.0,0.67578125,-0.42724609375,0.3935546875,-2.3170731707317076,58.47560975609757,37.5
11_36_03_263,18.0,22.0,7.0,39.0,36.0,-20.0,7.0,-36.0,0.5380859375,-0.50927734375,0.5234375,8.902439024390244,50.0609756097561,25.54878048780488
11_36_03_263,9.0,10.0,11.0,41.0,127.0,94.0,19.0,40.0,0.54443359375,-0.53759765625,0.55322265625,7.926829268292684,53.10975609756098,29.87804878048781
11_36_03_263,16.0,9.0,-4.0,-51.0,-128.0,-61.0,-1.0,-3.0,0.52099609375,-0.58154296875,0.572265625,-1.524390243902439,52.987804878048784,30.975609756097565
11_36_03_263,-52.0,-9.0,-19.0,-43.0,-85.0,-62.0,-6.0,-22.0,0.56103515625,-0.51318359375,0.5517578125,-6.585365853658537,55.79268292682927,29.75609756097561
11_36_03_263,-37.0,-19.0,-8.0,19.0,121.0,56.0,19.0,21.0,0.607421875,-0.4638671875,0.56005859375,2.073170731707317,56.34146341463415,32.43902439024391
11_36_03_263,20.0,1.0,-2.0,-40.0,-60.0,4.0,-19.0,18.0,0.60693359375,-0.51904296875,0.55029296875,3.1707317073170733,56.768292682926834,32.86585365853659
11_36_03_263,-3.0,19.0,-12.0,16.0,-2.0,-40.0,-3.0,44.0,0.58154296875,-0.5380859375,0.48681640625,-3.8414634146341466,58.29268292682927,36.09756097560976
11_36_03_263,22.0,16.0,13.0,8.0,73.0,36.0,-20.0,20.0,0.62890625,-0.4638671875,0.486328125,-1.829268292682927,58.71951219512196,39.32926829268293
11_36_03_263,-3.0,5.0,1.0,-22.0,-67.0,2.0,-3.0,-22.0,0.6953125,-0.4296875,0.46435546875,2.1951219512195124,59.268292682926834,38.59756097560976
11_36_03_263,-8.0,-5.0,-2.0,7.0,8.0,-39.0,11.0,72.0,0.68505859375,-0.513671875,0.44140625,-1.9512195121951221,60.85365853658537,37.31707317073171
11_36_03_315,13.0,2.0,64.0,-76.0,-101.0,-86.0,49.0,-108.0,0.470703125,-0.60595703125,0.61376953125,4.939024390243903,41.03658536585366,18.170731707317074
11_36_03_315,4.0,-12.0,-71.0,15.0,64.0,24.0,-67.0,55.0,0.455078125,-0.53076171875,0.59619140625,1.2195121951219514,47.43902439024391,19.451219512195124
11_36_03_315,-27.0,-15.0,56.0,126.0,127.0,89.0,66.0,-15.0,0.56103515625,-0.50048828125,0.55615234375,3.9024390243902443,48.71951219512196,20.670731707317074
11_36_03_315,8.0,28.0,-18.0,-34.0,-1.0,20.0,-111.0,-41.0,0.5380859375,-0.50927734375,0.5234375,8.902439024390244,50.0609756097561,25.54878048780488
11_36_03_315,46.0,15.0,-9.0,31.0,-47.0,-31.0,37.0,45.0,0.54443359375,-0.53759765625,0.55322265625,7.926829268292684,53.10975609756098,29.87804878048781
11_36_03_315,-35.0,5.0,0.0,-42.0,-33.0,11.0,48.0,55.0,0.52099609375,-0.58154296875,0.572265625,-1.524390243902439,52.987804878048784,30.975609756097565
11_36_03_315,-26.0,-62.0,-31.0,-10.0,39.0,20.0,-12.0,-93.0,0.56103515625,-0.51318359375,0.5517578125,-6.585365853658537,55.79268292682927,29.75609756097561
11_36_03_315,22.0,22.0,-6.0,25.0,43.0,-12.0,-72.0,55.0,0.607421875,-0.4638671875,0.56005859375,2.073170731707317,56.34146341463415,32.43902439024391
11_36_03_315,-17.0,-13.0,-9.0,-33.0,-47.0,-24.0,50.0,0.0,0.60693359375,-0.51904296875,0.55029296875,3.1707317073170733,56.768292682926834,32.86585365853659
11_36_03_315,-64.0,-13.0,-13.0,-71.0,-55.0,-43.0,2.0,-6.0,0.58154296875,-0.5380859375,0.48681640625,-3.8414634146341466,58.29268292682927,36.09756097560976
11_36_03_366,-1.0,-2.0,13.0,33.0,37.0,19.0,23.0,-28.0,0.380859375,-0.455078125,0.67529296875,7.25609756097561,34.390243902439025,12.621951219512196
11_36_03_366,-23.0,-3.0,-11.0,-14.0,1.0,-9.0,-1.0,41.0,0.5205078125,-0.4580078125,0.5947265625,26.34146341463415,39.08536585365854,3.8414634146341466
11_36_03_366,4.0,-23.0,3.0,-44.0,-19.0,-8.0,-3.0,22.0,0.57958984375,-0.57470703125,0.5712890625,21.097560975609756,38.78048780487805,9.451219512195122
11_36_03_366,-6.0,-17.0,-22.0,-57.0,-47.0,-31.0,-6.0,-30.0,0.470703125,-0.60595703125,0.61376953125,4.939024390243903,41.03658536585366,18.170731707317074
11_36_03_366,-11.0,-40.0,1.0,24.0,-38.0,-27.0,-5.0,-17.0,0.455078125,-0.53076171875,0.59619140625,1.2195121951219514,47.43902439024391,19.451219512195124
11_36_03_366,-2.0,33.0,2.0,-41.0,22.0,-9.0,17.0,15.0,0.56103515625,-0.50048828125,0.55615234375,3.9024390243902443,48.71951219512196,20.670731707317074
11_36_03_366,36.0,-8.0,-48.0,-21.0,-14.0,63.0,24.0,2.0,0.5380859375,-0.50927734375,0.5234375,8.902439024390244,50.0609756097561,25.54878048780488
11_36_03_366,17.0,-21.0,-27.0,12.0,-1.0,-67.0,-24.0,16.0,0.54443359375,-0.53759765625,0.55322265625,7.926829268292684,53.10975609756098,29.87804878048781
11_36_03_366,-37.0,-49.0,49.0,-9.0,-2.0,-11.0,-38.0,6.0,0.52099609375,-0.58154296875,0.572265625,-1.524390243902439,52.987804878048784,30.975609756097565
11_36_03_366,4.0,25.0,15.0,-16.0,27.0,72.0,57.0,-27.0,0.56103515625,-0.51318359375,0.5517578125,-6.585365853658537,55.79268292682927,29.75609756097561
11_36_03_424,-10.0,6.0,-2.0,0.0,-61.0,-35.0,-11.0,-89.0,0.48974609375,-0.54638671875,0.671875,14.390243902439027,30.0609756097561,8.414634146341465
11_36_03_424,2.0,9.0,3.0,-5.0,12.0,13.0,7.0,27.0,0.3916015625,-0.58935546875,0.7197265625,0.24390243902439027,28.963414634146343,12.682926829268293
11_36_03_424,-11.0,10.0,2.0,41.0,-2.0,-36.0,-1.0,22.0,0.380859375,-0.455078125,0.67529296875,7.25609756097561,34.390243902439025,12.621951219512196
11_36_03_424,27.0,28.0,11.0,-10.0,-13.0,53.0,20.0,-21.0,0.5205078125,-0.4580078125,0.5947265625,26.34146341463415,39.08536585365854,3.8414634146341466
11_36_03_424,-12.0,-13.0,1.0,-39.0,12.0,-3.0,-20.0,9.0,0.57958984375,-0.57470703125,0.5712890625,21.097560975609756,38.78048780487805,9.451219512195122
11_36_03_424,-4.0,14.0,3.0,64.0,27.0,30.0,-26.0,3.0,0.470703125,-0.60595703125,0.61376953125,4.939024390243903,41.03658536585366,18.170731707317074
11_36_03_424,6.0,-2.0,11.0,-9.0,24.0,27.0,27.0,3.0,0.455078125,-0.53076171875,0.59619140625,1.2195121951219514,47.43902439024391,19.451219512195124
11_36_03_424,18.0,-3.0,-50.0,-21.0,-39.0,-68.0,-100.0,26.0,0.56103515625,-0.50048828125,0.55615234375,3.9024390243902443,48.71951219512196,20.670731707317074
11_36_03_424,-22.0,-41.0,-1.0,16.0,-4.0,2.0,42.0,-25.0,0.5380859375,-0.50927734375,0.5234375,8.902439024390244,50.0609756097561,25.54878048780488
11_36_03_424,10.0,22.0,-1.0,6.0,48.0,66.0,-5.0,21.0,0.54443359375,-0.53759765625,0.55322265625,7.926829268292684,53.10975609756098,29.87804878048781
11_36_03_467,9.0,-1.0,6.0,-25.0,42.0,43.0,-34.0,-99.0,0.36328125,-0.55419921875,0.66845703125,2.0121951219512195,17.804878048780488,13.04878048780488
11_36_03_467,-26.0,-31.0,-11.0,23.0,27.0,-7.0,-15.0,39.0,0.314453125,-0.53857421875,0.673828125,0.06097560975609757,22.134146341463417,14.085365853658537
11_36_03_467,6.0,-14.0,2.0,2.0,-57.0,-60.0,3.0,-7.0,0.392578125,-0.50048828125,0.66455078125,12.195121951219512,27.31707317073171,10.731707317073171
11_36_03_467,-48.0,-20.0,21.0,46.0,26.0,35.0,-14.0,-23.0,0.48974609375,-0.54638671875,0.671875,14.390243902439027,30.0609756097561,8.414634146341465
11_36_03_467,15.0,17.0,-11.0,-31.0,-13.0,24.0,-6.0,18.0,0.3916015625,-0.58935546875,0.7197265625,0.24390243902439027,28.963414634146343,12.682926829268293
11_36_03_467,-33.0,-57.0,1.0,-1.0,-37.0,-36.0,-5.0,-1.0,0.380859375,-0.455078125,0.67529296875,7.25609756097561,34.390243902439025,12.621951219512196
11_36_03_467,-21.0,21.0,-1.0,55.0,81.0,19.0,-6.0,-65.0,0.5205078125,-0.4580078125,0.5947265625,26.34146341463415,39.08536585365854,3.8414634146341466
11_36_03_467,5.0,8.0,-10.0,-32.0,-13.0,-12.0,-6.0,40.0,0.57958984375,-0.57470703125,0.5712890625,21.097560975609756,38.78048780487805,9.451219512195122
11_36_03_467,-10.0,6.0,-2.0,0.0,-61.0,-35.0,-11.0,-89.0,0.470703125,-0.60595703125,0.61376953125,4.939024390243903,41.03658536585366,18.170731707317074
11_36_03_467,2.0,9.0,3.0,-5.0,12.0,13.0,7.0,27.0,0.455078125,-0.53076171875,0.59619140625,1.2195121951219514,47.43902439024391,19.451219512195124
11_36_03_514,13.0,11.0,6.0,7.0,17.0,22.0,17.0,32.0,0.447265625,-0.517578125,0.63623046875,6.646341463414635,18.170731707317074,1.4634146341463417
11_36_03_514,-3.0,-18.0,-14.0,25.0,-19.0,13.0,7.0,-8.0,0.4765625,-0.533203125,0.6220703125,5.609756097560976,16.70731707317073,5.365853658536586
11_36_03_514,-72.0,2.0,9.0,-36.0,-66.0,-63.0,-12.0,3.0,0.36328125,-0.55419921875,0.66845703125,2.0121951219512195,17.804878048780488,13.04878048780488
11_36_03_514,37.0,5.0,-10.0,-3.0,0.0,8.0,-9.0,1.0,0.314453125,-0.53857421875,0.673828125,0.06097560975609757,22.134146341463417,14.085365853658537
11_36_03_514,-8.0,45.0,6.0,51.0,127.0,91.0,7.0,7.0,0.392578125,-0.50048828125,0.66455078125,12.195121951219512,27.31707317073171,10.731707317073171
11_36_03_514,-40.0,-14.0,-5.0,-11.0,-74.0,-59.0,15.0,-4.0,0.48974609375,-0.54638671875,0.671875,14.390243902439027,30.0609756097561,8.414634146341465
11_36_03_514,11.0,8.0,5.0,13.0,29.0,67.0,11.0,5.0,0.3916015625,-0.58935546875,0.7197265625,0.24390243902439027,28.963414634146343,12.682926829268293
11_36_03_514,-8.0,-5.0,-9.0,-56.0,-121.0,-91.0,8.0,-21.0,0.380859375,-0.455078125,0.67529296875,7.25609756097561,34.390243902439025,12.621951219512196
11_36_03_514,10.0,10.0,-2.0,44.0,56.0,-6.0,5.0,11.0,0.5205078125,-0.4580078125,0.5947265625,26.34146341463415,39.08536585365854,3.8414634146341466
11_36_03_514,-5.0,-9.0,-2.0,28.0,32.0,82.0,11.0,6.0,0.57958984375,-0.57470703125,0.5712890625,21.097560975609756,38.78048780487805,9.451219512195122
11_36_03_573,23.0,21.0,-12.0,-45.0,-43.0,24.0,13.0,24.0,0.4189453125,-0.5234375,0.7158203125,-2.0121951219512195,10.975609756097562,3.231707317073171
11_36_03_573,28.0,19.0,6.0,-2.0,27.0,-1.0,17.0,26.0,0.39501953125,-0.47607421875,0.6494140625,-7.073170731707318,16.097560975609756,7.195121951219513
11_36_03_573,5.0,-4.0,7.0,92.0,118.0,32.0,23.0,0.0,0.447265625,-0.517578125,0.63623046875,6.646341463414635,18.170731707317074,1.4634146341463417
11_36_03_573,-49.0,-25.0,-4.0,-21.0,-15.0,24.0,-46.0,51.0,0.4765625,-0.533203125,0.6220703125,5.609756097560976,16.70731707317073,5.365853658536586
11_36_03_573,-18.0,24.0,5.0,13.0,-2.0,10.0,38.0,-32.0,0.36328125,-0.55419921875,0.66845703125,2.0121951219512195,17.804878048780488,13.04878048780488
11_36_03_573,23.0,17.0,-4.0,-126.0,-88.0,-67.0,-22.0,16.0,0.314453125,-0.53857421875,0.673828125,0.06097560975609757,22.134146341463417,14.085365853658537
11_36_03_573,5.0,-9.0,26.0,31.0,26.0,-21.0,-7.0,-63.0,0.392578125,-0.50048828125,0.66455078125,12.195121951219512,27.31707317073171,10.731707317073171
11_36_03_573,-18.0,-1.0,12.0,36.0,48.0,14.0,-25.0,22.0,0.48974609375,-0.54638671875,0.671875,14.390243902439027,30.0609756097561,8.414634146341465
11_36_03_573,13.0,11.0,6.0,7.0,17.0,22.0,17.0,32.0,0.3916015625,-0.58935546875,0.7197265625,0.24390243902439027,28.963414634146343,12.682926829268293
11_36_03_573,-3.0,-18.0,-14.0,25.0,-19.0,13.0,7.0,-8.0,0.380859375,-0.455078125,0.67529296875,7.25609756097561,34.390243902439025,12.621951219512196
11_36_03_619,-9.0,11.0,-10.0,43.0,104.0,97.0,-68.0,20.0,0.380859375,-0.49560546875,0.68359375,6.707317073170732,5.3048780487804885,2.1951219512195124
11_36_03_619,6.0,-15.0,3.0,13.0,-63.0,-92.0,24.0,-40.0,0.44091796875,-0.5751953125,0.6884765625,7.500000000000001,7.134146341463415,0.7926829268292683
11_36_03_619,-83.0,8.0,-5.0,18.0,65.0,127.0,-5.0,3.0,0.45068359375,-0.55126953125,0.6630859375,6.890243902439025,8.231707317073171,-0.6707317073170732
11_36_03_619,18.0,-1.0,-1.0,-3.0,-14.0,-121.0,7.0,7.0,0.4189453125,-0.5234375,0.7158203125,-2.0121951219512195,10.975609756097562,3.231707317073171
11_36_03_619,2.0,-10.0,-22.0,-36.0,-33.0,-13.0,-5.0,1.0,0.39501953125,-0.47607421875,0.6494140625,-7.073170731707318,16.097560975609756,7.195121951219513
11_36_03_619,10.0,16.0,18.0,-17.0,-44.0,-12.0,-14.0,9.0,0.447265625,-0.517578125,0.63623046875,6.646341463414635,18.170731707317074,1.4634146341463417
11_36_03_619,1.0,9.0,9.0,68.0,94.0,9.0,-2.0,-9.0,0.4765625,-0.533203125,0.6220703125,5.609756097560976,16.70731707317073,5.365853658536586
11_36_03_619,5.0,4.0,-1.0,-58.0,-43.0,1.0,15.0,10.0,0.36328125,-0.55419921875,0.66845703125,2.0121951219512195,17.804878048780488,13.04878048780488
11_36_03_619,-1.0,3.0,0.0,-12.0,-12.0,-54.0,4.0,33.0,0.314453125,-0.53857421875,0.673828125,0.06097560975609757,22.134146341463417,14.085365853658537
11_36_03_619,-5.0,-17.0,14.0,29.0,26.0,36.0,-29.0,-86.0,0.392578125,-0.50048828125,0.66455078125,12.195121951219512,27.31707317073171,10.731707317073171
11_36_03_670,7.0,14.0,6.0,3.0,96.0,37.0,17.0,34.0,0.38671875,-0.56494140625,0.6181640625,1.0365853658536586,2.8658536585365857,-6.2804878048780495
11_36_03_670,11.0,17.0,6.0,-56.0,-83.0,-40.0,-10.0,-1.0,0.427734375,-0.54296875,0.6220703125,-2.6219512195121952,1.3414634146341464,-4.207317073170732
11_36_03_670,-3.0,-5.0,-9.0,2.0,-35.0,-60.0,11.0,5.0,0.431640625,-0.48388671875,0.68310546875,1.524390243902439,0.426829268292683,-1.402439024390244
11_36_03_670,1.0,2.0,9.0,-23.0,-39.0,53.0,-33.0,-8.0,0.380859375,-0.49560546875,0.68359375,6.707317073170732,5.3048780487804885,2.1951219512195124
11_36_03_670,11.0,9.0,2.0,8.0,69.0,-17.0,29.0,-15.0,0.44091796875,-0.5751953125,0.6884765625,7.500000000000001,7.134146341463415,0.7926829268292683
11_36_03_670,9.0,-14.0,-12.0,18.0,-19.0,-9.0,33.0,15.0,0.45068359375,-0.55126953125,0.6630859375,6.890243902439025,8.231707317073171,-0.6707317073170732
11_36_03_670,-9.0,-4.0,16.0,48.0,17.0,27.0,-41.0,20.0,0.4189453125,-0.5234375,0.7158203125,-2.0121951219512195,10.975609756097562,3.231707317073171
11_36_03_670,12.0,33.0,4.0,-16.0,25.0,9.0,52.0,-4.0,0.39501953125,-0.47607421875,0.6494140625,-7.073170731707318,16.097560975609756,7.195121951219513
11_36_03_670,23.0,11.0,20.0,41.0,-30.0,-18.0,10.0,29.0,0.447265625,-0.517578125,0.63623046875,6.646341463414635,18.170731707317074,1.4634146341463417
11_36_03_670,-1.0,-12.0,8.0,28.0,53.0,-16.0,-22.0,18.0,0.4765625,-0.533203125,0.6220703125,5.609756097560976,16.70731707317073,5.365853658536586
11_36_03_720,18.0,-12.0,9.0,-17.0,-39.0,-27.0,-9.0,-8.0,0.44482421875,-0.48095703125,0.76611328125,-2.8658536585365857,-4.817073170731708,-2.1951219512195124
11_36_03_720,-15.0,-64.0,-18.0,-17.0,-73.0,-69.0,13.0,-44.0,0.37060546875,-0.50830078125,0.748046875,-3.4756097560975614,-2.5,-2.3170731707317076
11_36_03_720,-23.0,-39.0,5.0,59.0,20.0,-10.0,13.0,55.0,0.38671875,-0.56494140625,0.6181640625,1.0365853658536586,2.8658536585365857,-6.2804878048780495
11_36_03_720,19.0,24.0,12.0,-31.0,72.0,127.0,-1.0,-2.0,0.427734375,-0.54296875,0.6220703125,-2.6219512195121952,1.3414634146341464,-4.207317073170732
11_36_03_720,-10.0,-47.0,-13.0,25.0,-18.0,-112.0,-21.0,-5.0,0.431640625,-0.48388671875,0.68310546875,1.524390243902439,0.426829268292683,-1.402439024390244
11_36_03_720,-19.0,27.0,40.0,96.0,110.0,60.0,9.0,-13.0,0.380859375,-0.49560546875,0.68359375,6.707317073170732,5.3048780487804885,2.1951219512195124
11_36_03_720,48.0,13.0,-1.0,32.0,-53.0,-25.0,2.0,20.0,0.44091796875,-0.5751953125,0.6884765625,7.500000000000001,7.134146341463415,0.7926829268292683
11_36_03_720,-16.0,3.0,-3.0,-14.0,-11.0,19.0,3.0,43.0,0.45068359375,-0.55126953125,0.6630859375,6.890243902439025,8.231707317073171,-0.6707317073170732
11_36_03_720,-31.0,-32.0,-19.0,-52.0,-52.0,-40.0,-31.0,13.0,0.4189453125,-0.5234375,0.7158203125,-2.0121951219512195,10.975609756097562,3.231707317073171
11_36_03_720,-13.0,11.0,-13.0,15.0,30.0,10.0,2.0,-80.0,0.39501953125,-0.47607421875,0.6494140625,-7.073170731707318,16.097560975609756,7.195121951219513
11_36_03_771,11.0,-30.0,-3.0,-81.0,-125.0,-71.0,-11.0,-33.0,0.3271484375,-0.53271484375,0.7822265625,4.817073170731708,-8.475609756097562,0.9756097560975611
11_36_03_771,-50.0,-29.0,-8.0,43.0,55.0,-7.0,11.0,-22.0,0.4130859375,-0.58203125,0.673828125,4.573170731707317,-3.658536585365854,-3.536585365853659
11_36_03_771,43.0,-2.0,17.0,43.0,102.0,127.0,16.0,11.0,0.4365234375,-0.515625,0.70068359375,-1.1585365853658538,-3.780487804878049,-5.060975609756098
11_36_03_771,-4.0,-48.0,6.0,2.0,-1.0,-85.0,3.0,-22.0,0.44482421875,-0.48095703125,0.76611328125,-2.8658536585365857,-4.817073170731708,-2.1951219512195124
11_36_03_771,-35.0,2.0,-32.0,27.0,-29.0,28.0,1.0,10.0,0.37060546875,-0.50830078125,0.748046875,-3.4756097560975614,-2.5,-2.3170731707317076
11_36_03_771,-26.0,127.0,32.0,-52.0,-23.0,-27.0,-6.0,12.0,0.38671875,-0.56494140625,0.6181640625,1.0365853658536586,2.8658536585365857,-6.2804878048780495
11_36_03_771,-13.0,-128.0,-18.0,-1.0,4.0,-2.0,-11.0,18.0,0.427734375,-0.54296875,0.6220703125,-2.6219512195121952,1.3414634146341464,-4.207317073170732
11_36_03_771,30.0,64.0,15.0,-10.0,-50.0,-20.0,12.0,-7.0,0.431640625,-0.48388671875,0.68310546875,1.524390243902439,0.426829268292683,-1.402439024390244
11_36_03_771,-1.0,-65.0,18.0,21.0,3.0,-12.0,10.0,29.0,0.380859375,-0.49560546875,0.68359375,6.707317073170732,5.3048780487804885,2.1951219512195124
11_36_03_771,-43.0,-9.0,11.0,1.0,56.0,36.0,-8.0,-17.0,0.44091796875,-0.5751953125,0.6884765625,7.500000000000001,7.134146341463415,0.7926829268292683
11_36_03_826,-28.0,-30.0,12.0,76.0,127.0,127.0,18.0,42.0,0.45849609375,-0.474609375,0.76513671875,7.926829268292684,-10.30487804878049,-2.073170731707317
11_36_03_826,0.0,16.0,-6.0,-104.0,-96.0,-97.0,-34.0,-26.0,0.3271484375,-0.53271484375,0.7822265625,4.817073170731708,-8.475609756097562,0.9756097560975611
11_36_03_826,-25.0,-18.0,24.0,1.0,11.0,-20.0,4.0,5.0,0.4130859375,-0.58203125,0.673828125,4.573170731707317,-3.658536585365854,-3.536585365853659
11_36_03_826,-32.0,-17.0,4.0,45.0,10.0,16.0,39.0,-5.0,0.4365234375,-0.515625,0.70068359375,-1.1585365853658538,-3.780487804878049,-5.060975609756098
11_36_03_826,11.0,-30.0,-3.0,-81.0,-125.0,-71.0,-11.0,-33.0,0.44482421875,-0.48095703125,0.76611328125,-2.8658536585365857,-4.817073170731708,-2.1951219512195124
11_36_03_826,-50.0,-29.0,-8.0,43.0,55.0,-7.0,11.0,-22.0,0.37060546875,-0.50830078125,0.748046875,-3.4756097560975614,-2.5,-2.3170731707317076
11_36_03_826,43.0,-2.0,17.0,43.0,102.0,127.0,16.0,11.0,0.38671875,-0.56494140625,0.6181640625,1.0365853658536586,2.8658536585365857,-6.2804878048780495
11_36_03_826,-4.0,-48.0,6.0,2.0,-1.0,-85.0,3.0,-22.0,0.427734375,-0.54296875,0.6220703125,-2.6219512195121952,1.3414634146341464,-4.207317073170732
11_36_03_826,-35.0,2.0,-32.0,27.0,-29.0,28.0,1.0,10.0,0.431640625,-0.48388671875,0.68310546875,1.524390243902439,0.426829268292683,-1.402439024390244
11_36_03_826,-26.0,127.0,32.0,-52.0,-23.0,-27.0,-6.0,12.0,0.380859375,-0.49560546875,0.68359375,6.707317073170732,5.3048780487804885,2.1951219512195124
11_36_03_874,-22.0,-28.0,-12.0,-23.0,12.0,49.0,29.0,8.0,0.5078125,-0.4873046875,0.7197265625,-11.76829268292683,-8.841463414634147,-8.658536585365855
11_36_03_874,13.0,15.0,-6.0,-35.0,-66.0,-39.0,-23.0,-56.0,0.38623046875,-0.46923828125,0.67822265625,-1.3414634146341464,-8.292682926829269,-5.365853658536586
11_36_03_874,10.0,-27.0,7.0,2.0,-7.0,-7.0,5.0,-23.0,0.4443359375,-0.61181640625,0.599609375,4.634146341463415,-5.7926829268292686,-7.926829268292684
11_36_03_874,22.0,-9.0,-35.0,3.0,10.0,-4.0,10.0,-5.0,0.4873046875,-0.5634765625,0.6357421875,-0.7317073170731708,-7.25609756097561,-4.329268292682928
11_36_03_874,2.0,2.0,31.0,28.0,-28.0,18.0,-5.0,-7.0,0.45849609375,-0.474609375,0.76513671875,7.926829268292684,-10.30487804878049,-2.073170731707317
11_36_03_874,1.0,-20.0,-33.0,30.0,10.0,-23.0,13.0,-2.0,0.3271484375,-0.53271484375,0.7822265625,4.817073170731708,-8.475609756097562,0.9756097560975611
11_36_03_874,-3.0,-5.0,44.0,12.0,57.0,72.0,-11.0,11.0,0.4130859375,-0.58203125,0.673828125,4.573170731707317,-3.658536585365854,-3.536585365853659
11_36_03_874,29.0,6.0,-15.0,-54.0,-57.0,-79.0,-14.0,-20.0,0.4365234375,-0.515625,0.70068359375,-1.1585365853658538,-3.780487804878049,-5.060975609756098
11_36_03_874,-12.0,-1.0,4.0,-16.0,-45.0,-33.0,-7.0,29.0,0.44482421875,-0.48095703125,0.76611328125,-2.8658536585365857,-4.817073170731708,-2.1951219512195124
11_36_03_874,-23.0,9.0,5.0,52.0,-2.0,15.0,-16.0,-42.0,0.37060546875,-0.50830078125,0.748046875,-3.4756097560975614,-2.5,-2.3170731707317076
11_36_03_922,4.0,-1.0,-6.0,-112.0,-45.0,-86.0,-8.0,4.0,0.4794921875,-0.56982421875,0.66552734375,1.524390243902439,-4.939024390243903,-7.865853658536586
11_36_03_922,20.0,-7.0,-13.0,22.0,34.0,50.0,0.0,-33.0,0.484375,-0.56884765625,0.6962890625,-8.658536585365855,-7.195121951219513,-7.01219512195122
11_36_03_922,-2.0,-1.0,12.0,28.0,5.0,28.0,4.0,10.0,0.5078125,-0.4873046875,0.7197265625,-11.76829268292683,-8.841463414634147,-8.658536585365855
11_36_03_922,6.0,7.0,3.0,-3.0,13.0,-32.0,6.0,3.0,0.38623046875,-0.46923828125,0.67822265625,-1.3414634146341464,-8.292682926829269,-5.365853658536586
11_36_03_922,-6.0,-5.0,2.0,7.0,18.0,86.0,8.0,21.0,0.4443359375,-0.61181640625,0.599609375,4.634146341463415,-5.7926829268292686,-7.926829268292684
11_36_03_922,-10.0,1.0,13.0,53.0,41.0,-83.0,-56.0,-15.0,0.4873046875,-0.5634765625,0.6357421875,-0.7317073170731708,-7.25609756097561,-4.329268292682928
11_36_03_922,-9.0,-6.0,-24.0,-58.0,-106.0,-57.0,4.0,-25.0,0.45849609375,-0.474609375,0.76513671875,7.926829268292684,-10.30487804878049,-2.073170731707317
11_36_03_922,14.0,15.0,-14.0,-6.0,-18.0,0.0,17.0,21.0,0.3271484375,-0.53271484375,0.7822265625,4.817073170731708,-8.475609756097562,0.9756097560975611
11_36_03_922,16.0,68.0,20.0,41.0,50.0,42.0,7.0,25.0,0.4130859375,-0.58203125,0.673828125,4.573170731707317,-3.658536585365854,-3.536585365853659
11_36_03_922,4.0,6.0,3.0,15.0,39.0,1.0,-79.0,-16.0,0.4365234375,-0.515625,0.70068359375,-1.1585365853658538,-3.780487804878049,-5.060975609756098
11_36_03_980,-35.0,-4.0,-14.0,-58.0,-128.0,-128.0,20.0,18.0,0.4775390625,-0.5830078125,0.724609375,-3.658536585365854,-8.78048780487805,-3.536585365853659
11_36_03_980,13.0,1.0,7.0,38.0,123.0,127.0,-9.0,-4.0,0.447265625,-0.51025390625,0.744140625,-9.26829268292683,-9.26829268292683,-3.231707317073171
11_36_03_980,-5.0,10.0,5.0,46.0,83.0,48.0,19.0,8.0,0.44677734375,-0.482421875,0.6875,-2.5609756097560976,-5.731707317073171,-5.2439024390243905
11_36_03_980,20.0,-6.0,4.0,39.0,-18.0,8.0,-38.0,6.0,0.4794921875,-0.56982421875,0.66552734375,1.524390243902439,-4.939024390243903,-7.865853658536586
11_36_03_980,-7.0,-49.0,-7.0,-32.0,-25.0,-73.0,-30.0,-13.0,0.484375,-0.56884765625,0.6962890625,-8.658536585365855,-7.195121951219513,-7.01219512195122
11_36_03_980,9.0,9.0,-9.0,4.0,-65.0,-13.0,-42.0,48.0,0.5078125,-0.4873046875,0.7197265625,-11.76829268292683,-8.841463414634147,-8.658536585365855
11_36_03_980,-21.0,-18.0,-4.0,-18.0,-21.0,-23.0,3.0,-19.0,0.38623046875,-0.46923828125,0.67822265625,-1.3414634146341464,-8.292682926829269,-5.365853658536586
11_36_03_980,3.0,26.0,30.0,127.0,127.0,110.0,21.0,30.0,0.4443359375,-0.61181640625,0.599609375,4.634146341463415,-5.7926829268292686,-7.926829268292684
11_36_03_980,-3.0,3.0,-8.0,-118.0,-87.0,-48.0,-22.0,19.0,0.4873046875,-0.5634765625,0.6357421875,-0.7317073170731708,-7.25609756097561,-4.329268292682928
11_36_03_980,-3.0,14.0,12.0,-10.0,-49.0,-17.0,-2.0,-3.0,0.45849609375,-0.474609375,0.76513671875,7.926829268292684,-10.30487804878049,-2.073170731707317
11_36_04_023,-12.0,4.0,-7.0,21.0,51.0,39.0,-6.0,34.0,0.412109375,-0.4912109375,0.7099609375,-5.914634146341464,-9.878048780487806,-6.158536585365854
11_36_04_023,13.0,-11.0,-22.0,-32.0,-25.0,-53.0,-21.0,-47.0,0.39697265625,-0.5009765625,0.66796875,-2.439024390243903,-5.670731707317073,-4.878048780487806
11_36_04_023,13.0,16.0,2.0,23.0,1.0,5.0,11.0,8.0,0.50341796875,-0.5400390625,0.6640625,2.3170731707317076,-5.487804878048781,-7.743902439024391
11_36_04_023,12.0,11.0,7.0,-3.0,-43.0,-24.0,-8.0,0.0,0.4775390625,-0.5830078125,0.724609375,-3.658536585365854,-8.78048780487805,-3.536585365853659
11_36_04_023,12.0,-10.0,-4.0,-27.0,-18.0,-12.0,8.0,10.0,0.447265625,-0.51025390625,0.744140625,-9.26829268292683,-9.26829268292683,-3.231707317073171
11_36_04_023,-7.0,-12.0,12.0,58.0,47.0,20.0,-15.0,-11.0,0.44677734375,-0.482421875,0.6875,-2.5609756097560976,-5.731707317073171,-5.2439024390243905
11_36_04_023,-70.0,-2.0,-10.0,-30.0,-27.0,5.0,1.0,8.0,0.4794921875,-0.56982421875,0.66552734375,1.524390243902439,-4.939024390243903,-7.865853658536586
11_36_04_023,25.0,15.0,3.0,-4.0,-12.0,-88.0,2.0,7.0,0.484375,-0.56884765625,0.6962890625,-8.658536585365855,-7.195121951219513,-7.01219512195122
11_36_04_023,14.0,-6.0,-13.0,48.0,127.0,34.0,15.0,17.0,0.5078125,-0.4873046875,0.7197265625,-11.76829268292683,-8.841463414634147,-8.658536585365855
11_36_04_023,0.0,3.0,8.0,23.0,-62.0,30.0,-17.0,-55.0,0.38623046875,-0.46923828125,0.67822265625,-1.3414634146341464,-8.292682926829269,-5.365853658536586
11_36_04_075,4.0,-7.0,-6.0,-10.0,-48.0,-93.0,-8.0,-3.0,0.49951171875,-0.5576171875,0.642578125,-5.121951219512195,-5.2439024390243905,-7.01219512195122
11_36_04_075,5.0,-1.0,0.0,-31.0,-16.0,22.0,-10.0,2.0,0.4892578125,-0.51708984375,0.69970703125,-6.036585365853659,-6.52439024390244,-6.890243902439025
11_36_04_075,-6.0,13.0,3.0,-40.0,-115.0,-48.0,5.0,-2.0,0.412109375,-0.4912109375,0.7099609375,-5.914634146341464,-9.878048780487806,-6.158536585365854
11_36_04_075,-4.0,-7.0,3.0,42.0,62.0,19.0,10.0,6.0,0.39697265625,-0.5009765625,0.66796875,-2.439024390243903,-5.670731707317073,-4.878048780487806
11_36_04_075,13.0,3.0,9.0,21.0,46.0,7.0,-6.0,-12.0,0.50341796875,-0.5400390625,0.6640625,2.3170731707317076,-5.487804878048781,-7.743902439024391
11_36_04_075,-22.0,-22.0,-22.0,-38.0,-110.0,-110.0,-5.0,8.0,0.4775390625,-0.5830078125,0.724609375,-3.658536585365854,-8.78048780487805,-3.536585365853659
11_36_04_075,2.0,19.0,22.0,23.0,90.0,127.0,17.0,-43.0,0.447265625,-0.51025390625,0.744140625,-9.26829268292683,-9.26829268292683,-3.231707317073171
11_36_04_075,-12.0,6.0,-11.0,-37.0,-28.0,-33.0,3.0,35.0,0.44677734375,-0.482421875,0.6875,-2.5609756097560976,-5.731707317073171,-5.2439024390243905
11_36_04_075,2.0,-4.0,-11.0,-30.0,-25.0,-55.0,64.0,20.0,0.4794921875,-0.56982421875,0.66552734375,1.524390243902439,-4.939024390243903,-7.865853658536586
11_36_04_075,8.0,11.0,23.0,86.0,57.0,55.0,8.0,-8.0,0.484375,-0.56884765625,0.6962890625,-8.658536585365855,-7.195121951219513,-7.01219512195122
11_36_04_126,-5.0,-8.0,-3.0,-19.0,45.0,8.0,-71.0,-19.0,0.45166015625,-0.47509765625,0.6484375,-10.060975609756099,-7.987804878048781,-8.109756097560977
11_36_04_126,-10.0,-19.0,0.0,6.0,-23.0,57.0,49.0,-34.0,0.4140625,-0.53564453125,0.62158203125,-2.378048780487805,-5.426829268292684,-8.048780487804878
11_36_04_126,12.0,7.0,-5.0,-10.0,47.0,-39.0,12.0,24.0,0.49951171875,-0.5576171875,0.642578125,-5.121951219512195,-5.2439024390243905,-7.01219512195122
11_36_04_126,14.0,3.0,-6.0,-47.0,-53.0,1.0,1.0,-18.0,0.4892578125,-0.51708984375,0.69970703125,-6.036585365853659,-6.52439024390244,-6.890243902439025
11_36_04_126,10.0,1.0,-2.0,31.0,9.0,-25.0,-37.0,0.0,0.412109375,-0.4912109375,0.7099609375,-5.914634146341464,-9.878048780487806,-6.158536585365854
11_36_04_126,-15.0,-22.0,6.0,-3.0,-6.0,-9.0,16.0,9.0,0.39697265625,-0.5009765625,0.66796875,-2.439024390243903,-5.670731707317073,-4.878048780487806
11_36_04_126,21.0,15.0,6.0,8.0,15.0,36.0,10.0,-1.0,0.50341796875,-0.5400390625,0.6640625,2.3170731707317076,-5.487804878048781,-7.743902439024391
11_36_04_126,-33.0,7.0,1.0,-51.0,35.0,55.0,-6.0,3.0,0.4775390625,-0.5830078125,0.724609375,-3.658536585365854,-8.78048780487805,-3.536585365853659
11_36_04_126,4.0,-7.0,-6.0,-10.0,-48.0,-93.0,-8.0,-3.0,0.447265625,-0.51025390625,0.744140625,-9.26829268292683,-9.26829268292683,-3.231707317073171
11_36_04_126,5.0,-1.0,0.0,-31.0,-16.0,22.0,-10.0,2.0,0.44677734375,-0.482421875,0.6875,-2.5609756097560976,-5.731707317073171,-5.2439024390243905
11_36_04_176,-12.0,-13.0,7.0,52.0,127.0,127.0,8.0,-21.0,0.40771484375,-0.525390625,0.66455078125,-6.219512195121951,-8.658536585365855,-6.707317073170732
11_36_04_176,-6.0,2.0,0.0,8.0,-55.0,-41.0,-2.0,12.0,0.4775390625,-0.56689453125,0.67822265625,-8.597560975609756,-7.439024390243903,-5.914634146341464
11_36_04_176,7.0,6.0,3.0,-26.0,7.0,-32.0,-7.0,-12.0,0.48974609375,-0.5478515625,0.68408203125,-16.82926829268293,-8.475609756097562,-6.829268292682928
11_36_04_176,6.0,7.0,14.0,24.0,-6.0,33.0,3.0,8.0,0.45166015625,-0.47509765625,0.6484375,-10.060975609756099,-7.987804878048781,-8.109756097560977
11_36_04_176,-47.0,-7.0,1.0,-20.0,-48.0,-8.0,-13.0,4.0,0.4140625,-0.53564453125,0.62158203125,-2.378048780487805,-5.426829268292684,-8.048780487804878
11_36_04_176,19.0,1.0,-3.0,-13.0,-70.0,-79.0,-16.0,-9.0,0.49951171875,-0.5576171875,0.642578125,-5.121951219512195,-5.2439024390243905,-7.01219512195122
11_36_04_176,-19.0,-23.0,-13.0,-26.0,-40.0,-62.0,19.0,-42.0,0.4892578125,-0.51708984375,0.69970703125,-6.036585365853659,-6.52439024390244,-6.890243902439025
11_36_04_176,0.0,26.0,2.0,44.0,112.0,64.0,28.0,15.0,0.412109375,-0.4912109375,0.7099609375,-5.914634146341464,-9.878048780487806,-6.158536585365854
11_36_04_176,18.0,16.0,28.0,69.0,96.0,127.0,18.0,32.0,0.39697265625,-0.5009765625,0.66796875,-2.439024390243903,-5.670731707317073,-4.878048780487806
11_36_04_176,-10.0,-21.0,-12.0,-36.0,-128.0,-128.0,-17.0,18.0,0.50341796875,-0.5400390625,0.6640625,2.3170731707317076,-5.487804878048781,-7.743902439024391
11_36_04_231,-33.0,-6.0,-18.0,-32.0,-75.0,-67.0,-62.0,10.0,0.45751953125,-0.5654296875,0.6552734375,-4.390243902439025,-16.097560975609756,-5.914634146341464
11_36_04_231,31.0,6.0,-3.0,-5.0,11.0,-25.0,50.0,-15.0,0.44189453125,-0.52099609375,0.68017578125,-8.353658536585366,-13.536585365853659,-7.073170731707318
11_36_04_231,-7.0,-6.0,5.0,45.0,72.0,88.0,34.0,33.0,0.40771484375,-0.525390625,0.66455078125,-6.219512195121951,-8.658536585365855,-6.707317073170732
11_36_04_231,11.0,2.0,14.0,-35.0,9.0,24.0,-12.0,39.0,0.4775390625,-0.56689453125,0.67822265625,-8.597560975609756,-7.439024390243903,-5.914634146341464
11_36_04_231,-3.0,-14.0,-16.0,-35.0,-71.0,-98.0,-41.0,-77.0,0.48974609375,-0.5478515625,0.68408203125,-16.82926829268293,-8.475609756097562,-6.829268292682928
11_36_04_231,-10.0,4.0,-11.0,-18.0,3.0,-5.0,0.0,11.0,0.45166015625,-0.47509765625,0.6484375,-10.060975609756099,-7.987804878048781,-8.109756097560977
11_36_04_231,35.0,16.0,1.0,-24.0,-108.0,-52.0,10.0,13.0,0.4140625,-0.53564453125,0.62158203125,-2.378048780487805,-5.426829268292684,-8.048780487804878
11_36_04_231,6.0,9.0,-2.0,3.0,22.0,-2.0,11.0,4.0,0.49951171875,-0.5576171875,0.642578125,-5.121951219512195,-5.2439024390243905,-7.01219512195122
11_36_04_231,-12.0,-13.0,7.0,52.0,127.0,127.0,8.0,-21.0,0.4892578125,-0.51708984375,0.69970703125,-6.036585365853659,-6.52439024390244,-6.890243902439025
11_36_04_231,-6.0,2.0,0.0,8.0,-55.0,-41.0,-2.0,12.0,0.412109375,-0.4912109375,0.7099609375,-5.914634146341464,-9.878048780487806,-6.158536585365854
11_36_04_280,-9.0,5.0,-7.0,-14.0,-16.0,-29.0,-4.0,-10.0,0.46923828125,-0.4970703125,0.6240234375,-4.451219512195122,-19.390243902439025,-9.634146341463415
11_36_04_280,-67.0,-24.0,2.0,-32.0,4.0,30.0,5.0,-24.0,0.50927734375,-0.50439453125,0.57861328125,-4.207317073170732,-15.975609756097562,-11.646341463414634
11_36_04_280,-6.0,-3.0,-10.0,-4.0,-10.0,-6.0,-6.0,20.0,0.4951171875,-0.51171875,0.60400390625,-2.25609756097561,-17.804878048780488,-8.841463414634147
11_36_04_280,8.0,-4.0,-7.0,-17.0,-59.0,-33.0,3.0,-30.0,0.45751953125,-0.5654296875,0.6552734375,-4.390243902439025,-16.097560975609756,-5.914634146341464
11_36_04_280,4.0,4.0,6.0,26.0,97.0,38.0,0.0,13.0,0.44189453125,-0.52099609375,0.68017578125,-8.353658536585366,-13.536585365853659,-7.073170731707318
11_36_04_280,0.0,9.0,5.0,-13.0,15.0,38.0,-2.0,5.0,0.40771484375,-0.525390625,0.66455078125,-6.219512195121951,-8.658536585365855,-6.707317073170732
11_36_04_280,-5.0,2.0,9.0,15.0,-73.0,-51.0,-3.0,-12.0,0.4775390625,-0.56689453125,0.67822265625,-8.597560975609756,-7.439024390243903,-5.914634146341464
11_36_04_280,21.0,3.0,-3.0,-8.0,-22.0,-37.0,1.0,19.0,0.48974609375,-0.5478515625,0.68408203125,-16.82926829268293,-8.475609756097562,-6.829268292682928
11_36_04_280,-37.0,-21.0,-24.0,-11.0,-23.0,-19.0,-6.0,-4.0,0.45166015625,-0.47509765625,0.6484375,-10.060975609756099,-7.987804878048781,-8.109756097560977
11_36_04_280,15.0,4.0,5.0,-3.0,51.0,43.0,41.0,-15.0,0.4140625,-0.53564453125,0.62158203125,-2.378048780487805,-5.426829268292684,-8.048780487804878
11_36_04_327,-31.0,-44.0,-2.0,-30.0,-55.0,-58.0,-25.0,2.0,0.4990234375,-0.58740234375,0.583984375,-11.890243902439025,-20.79268292682927,-11.951219512195124
11_36_04_327,21.0,18.0,-1.0,3.0,27.0,43.0,23.0,-52.0,0.52734375,-0.51025390625,0.59521484375,-13.170731707317074,-22.439024390243905,-9.634146341463415
11_36_04_327,9.0,16.0,8.0,19.0,67.0,4.0,-10.0,14.0,0.51904296875,-0.4912109375,0.619140625,-5.914634146341464,-23.10975609756098,-9.878048780487806
11_36_04_327,-25.0,-3.0,-11.0,-44.0,-53.0,10.0,37.0,-8.0,0.46923828125,-0.4970703125,0.6240234375,-4.451219512195122,-19.390243902439025,-9.634146341463415
11_36_04_327,0.0,-3.0,1.0,19.0,0.0,35.0,-23.0,-10.0,0.50927734375,-0.50439453125,0.57861328125,-4.207317073170732,-15.975609756097562,-11.646341463414634
11_36_04_327,1.0,-1.0,7.0,28.0,18.0,-21.0,14.0,-7.0,0.4951171875,-0.51171875,0.60400390625,-2.25609756097561,-17.804878048780488,-8.841463414634147
11_36_04_327,-16.0,-20.0,-20.0,15.0,101.0,41.0,-17.0,8.0,0.45751953125,-0.5654296875,0.6552734375,-4.390243902439025,-16.097560975609756,-5.914634146341464
11_36_04_327,-11.0,13.0,32.0,35.0,-14.0,20.0,11.0,2.0,0.44189453125,-0.52099609375,0.68017578125,-8.353658536585366,-13.536585365853659,-7.073170731707318
11_36_04_327,-12.0,-10.0,-6.0,-32.0,-50.0,-45.0,-26.0,26.0,0.40771484375,-0.525390625,0.66455078125,-6.219512195121951,-8.658536585365855,-6.707317073170732
11_36_04_327,5.0,-11.0,-20.0,7.0,22.0,15.0,15.0,-23.0,0.4775390625,-0.56689453125,0.67822265625,-8.597560975609756,-7.439024390243903,-5.914634146341464
11_36_04_384,-15.0,-23.0,-12.0,-14.0,38.0,5.0,-38.0,-128.0,0.49462890625,-0.50341796875,0.619140625,-15.853658536585368,-24.81707317073171,-10.0
11_36_04_384,13.0,2.0,7.0,16.0,-59.0,-61.0,-48.0,67.0,0.4951171875,-0.533203125,0.59375,-8.109756097560977,-20.853658536585368,-13.353658536585368
11_36_04_384,7.0,8.0,9.0,26.0,101.0,116.0,73.0,-1.0,0.4990234375,-0.58740234375,0.583984375,-11.890243902439025,-20.79268292682927,-11.951219512195124
11_36_04_384,4.0,10.0,6.0,0.0,4.0,42.0,-2.0,37.0,0.52734375,-0.51025390625,0.59521484375,-13.170731707317074,-22.439024390243905,-9.634146341463415
11_36_04_384,8.0,-5.0,-11.0,-46.0,-77.0,-118.0,-21.0,19.0,0.51904296875,-0.4912109375,0.619140625,-5.914634146341464,-23.10975609756098,-9.878048780487806
11_36_04_384,-6.0,-5.0,-4.0,-7.0,-12.0,-10.0,-11.0,-54.0,0.46923828125,-0.4970703125,0.6240234375,-4.451219512195122,-19.390243902439025,-9.634146341463415
11_36_04_384,-14.0,-19.0,1.0,-16.0,-35.0,-18.0,-14.0,36.0,0.50927734375,-0.50439453125,0.57861328125,-4.207317073170732,-15.975609756097562,-11.646341463414634
11_36_04_384,3.0,-3.0,-8.0,-37.0,-10.0,-14.0,-6.0,-45.0,0.4951171875,-0.51171875,0.60400390625,-2.25609756097561,-17.804878048780488,-8.841463414634147
11_36_04_384,20.0,8.0,3.0,57.0,43.0,5.0,15.0,43.0,0.45751953125,-0.5654296875,0.6552734375,-4.390243902439025,-16.097560975609756,-5.914634146341464
11_36_04_384,12.0,11.0,12.0,5.0,-28.0,8.0,6.0,-1.0,0.44189453125,-0.52099609375,0.68017578125,-8.353658536585366,-13.536585365853659,-7.073170731707318
11_36_04_433,-30.0,-7.0,-16.0,-91.0,-60.0,-48.0,-24.0,13.0,0.5107421875,-0.5205078125,0.57470703125,-6.646341463414635,-26.219512195121954,-15.000000000000002
11_36_04_433,5.0,5.0,5.0,8.0,-107.0,-73.0,13.0,6.0,0.5595703125,-0.53466796875,0.60009765625,-9.634146341463415,-23.902439024390247,-12.256097560975611
11_36_04_433,1.0,4.0,-5.0,16.0,104.0,36.0,10.0,-4.0,0.53369140625,-0.54443359375,0.642578125,-15.731707317073171,-26.707317073170735,-9.939024390243903
11_36_04_433,11.0,-1.0,16.0,37.0,34.0,100.0,7.0,8.0,0.49462890625,-0.50341796875,0.619140625,-15.853658536585368,-24.81707317073171,-10.0
11_36_04_433,16.0,2.0,-9.0,-9.0,-25.0,-21.0,3.0,-12.0,0.4951171875,-0.533203125,0.59375,-8.109756097560977,-20.853658536585368,-13.353658536585368
11_36_04_433,3.0,7.0,8.0,-12.0,35.0,47.0,16.0,8.0,0.4990234375,-0.58740234375,0.583984375,-11.890243902439025,-20.79268292682927,-11.951219512195124
11_36_04_433,1.0,1.0,-3.0,4.0,-92.0,-117.0,3.0,-4.0,0.52734375,-0.51025390625,0.59521484375,-13.170731707317074,-22.439024390243905,-9.634146341463415
11_36_04_433,22.0,8.0,-7.0,-17.0,-7.0,59.0,-6.0,11.0,0.51904296875,-0.4912109375,0.619140625,-5.914634146341464,-23.10975609756098,-9.878048780487806
11_36_04_433,-8.0,-13.0,3.0,-24.0,-42.0,-28.0,11.0,5.0,0.46923828125,-0.4970703125,0.6240234375,-4.451219512195122,-19.390243902439025,-9.634146341463415
11_36_04_433,13.0,12.0,7.0,42.0,41.0,11.0,-23.0,39.0,0.50927734375,-0.50439453125,0.57861328125,-4.207317073170732,-15.975609756097562,-11.646341463414634
11_36_04_486,27.0,-4.0,-14.0,38.0,127.0,43.0,-8.0,-7.0,0.537109375,-0.53173828125,0.59814453125,-12.01219512195122,-34.207317073170735,-13.04878048780488
11_36_04_486,-2.0,0.0,22.0,56.0,45.0,62.0,18.0,-7.0,0.53173828125,-0.5234375,0.59619140625,-9.573170731707318,-29.87804878048781,-16.76829268292683
11_36_04_486,6.0,-2.0,-10.0,-29.0,-41.0,-9.0,9.0,-13.0,0.5107421875,-0.5205078125,0.57470703125,-6.646341463414635,-26.219512195121954,-15.000000000000002
11_36_04_486,6.0,-1.0,-19.0,-53.0,-58.0,-44.0,0.0,20.0,0.5595703125,-0.53466796875,0.60009765625,-9.634146341463415,-23.902439024390247,-12.256097560975611
11_36_04_486,-16.0,-2.0,9.0,54.0,36.0,8.0,11.0,-5.0,0.53369140625,-0.54443359375,0.642578125,-15.731707317073171,-26.707317073170735,-9.939024390243903
11_36_04_486,10.0,8.0,2.0,-27.0,9.0,27.0,2.0,32.0,0.49462890625,-0.50341796875,0.619140625,-15.853658536585368,-24.81707317073171,-10.0
11_36_04_486,-12.0,16.0,6.0,18.0,-21.0,31.0,1.0,9.0,0.4951171875,-0.533203125,0.59375,-8.109756097560977,-20.853658536585368,-13.353658536585368
11_36_04_486,36.0,-4.0,-9.0,-17.0,2.0,-52.0,-17.0,-9.0,0.4990234375,-0.58740234375,0.583984375,-11.890243902439025,-20.79268292682927,-11.951219512195124
11_36_04_486,-30.0,-7.0,-16.0,-91.0,-60.0,-48.0,-24.0,13.0,0.52734375,-0.51025390625,0.59521484375,-13.170731707317074,-22.439024390243905,-9.634146341463415
11_36_04_486,5.0,5.0,5.0,8.0,-107.0,-73.0,13.0,6.0,0.51904296875,-0.4912109375,0.619140625,-5.914634146341464,-23.10975609756098,-9.878048780487806
11_36_04_535,5.0,-4.0,0.0,7.0,-26.0,-9.0,5.0,17.0,0.6298828125,-0.5048828125,0.53662109375,-5.2439024390243905,-34.08536585365854,-21.28048780487805
11_36_04_535,9.0,13.0,4.0,-5.0,45.0,-7.0,6.0,-47.0,0.646484375,-0.5556640625,0.51953125,-3.658536585365854,-34.268292682926834,-22.743902439024392
11_36_04_535,8.0,12.0,1.0,-2.0,43.0,47.0,-12.0,21.0,0.6171875,-0.52734375,0.56640625,-6.829268292682928,-34.451219512195124,-18.10975609756098
11_36_04_535,-8.0,-10.0,-9.0,-65.0,-128.0,-89.0,-16.0,-7.0,0.537109375,-0.53173828125,0.59814453125,-12.01219512195122,-34.207317073170735,-13.04878048780488
11_36_04_535,-27.0,-12.0,-12.0,8.0,-14.0,-52.0,-5.0,-7.0,0.53173828125,-0.5234375,0.59619140625,-9.573170731707318,-29.87804878048781,-16.76829268292683
11_36_04_535,24.0,7.0,18.0,68.0,71.0,52.0,25.0,3.0,0.5107421875,-0.5205078125,0.57470703125,-6.646341463414635,-26.219512195121954,-15.000000000000002
11_36_04_535,-10.0,-5.0,7.0,33.0,12.0,34.0,2.0,6.0,0.5595703125,-0.53466796875,0.60009765625,-9.634146341463415,-23.902439024390247,-12.256097560975611
11_36_04_535,15.0,11.0,-9.0,-32.0,5.0,10.0,10.0,6.0,0.53369140625,-0.54443359375,0.642578125,-15.731707317073171,-26.707317073170735,-9.939024390243903
11_36_04_535,0.0,-3.0,0.0,-5.0,-119.0,-110.0,20.0,-8.0,0.49462890625,-0.50341796875,0.619140625,-15.853658536585368,-24.81707317073171,-10.0
11_36_04_535,4.0,-4.0,7.0,4.0,67.0,127.0,-3.0,-1.0,0.4951171875,-0.533203125,0.59375,-8.109756097560977,-20.853658536585368,-13.353658536585368
11_36_04_582,-32.0,-7.0,-1.0,-21.0,-55.0,-49.0,-19.0,-14.0,0.658203125,-0.513671875,0.5,-9.695121951219512,-37.19512195121951,-21.951219512195124
11_36_04_582,3.0,-11.0,8.0,2.0,23.0,-20.0,32.0,-8.0,0.62841796875,-0.55615234375,0.55322265625,-10.30487804878049,-35.54878048780488,-16.463414634146343
11_36_04_582,29.0,11.0,4.0,18.0,4.0,118.0,30.0,4.0,0.6298828125,-0.5048828125,0.53662109375,-5.2439024390243905,-34.08536585365854,-21.28048780487805
11_36_04_582,-3.0,10.0,10.0,44.0,107.0,110.0,28.0,-9.0,0.646484375,-0.5556640625,0.51953125,-3.658536585365854,-34.268292682926834,-22.743902439024392
11_36_04_582,16.0,19.0,7.0,18.0,12.0,-52.0,2.0,38.0,0.6171875,-0.52734375,0.56640625,-6.829268292682928,-34.451219512195124,-18.10975609756098
11_36_04_582,-8.0,-16.0,2.0,-55.0,-107.0,-73.0,-96.0,9.0,0.537109375,-0.53173828125,0.59814453125,-12.01219512195122,-34.207317073170735,-13.04878048780488
11_36_04_582,6.0,5.0,-1.0,22.0,-8.0,-31.0,44.0,11.0,0.53173828125,-0.5234375,0.59619140625,-9.573170731707318,-29.87804878048781,-16.76829268292683
11_36_04_582,-65.0,-57.0,-23.0,-10.0,35.0,20.0,-24.0,-91.0,0.5107421875,-0.5205078125,0.57470703125,-6.646341463414635,-26.219512195121954,-15.000000000000002
11_36_04_582,-18.0,0.0,-5.0,30.0,74.0,79.0,9.0,17.0,0.5595703125,-0.53466796875,0.60009765625,-9.634146341463415,-23.902439024390247,-12.256097560975611
11_36_04_582,37.0,16.0,1.0,-18.0,-84.0,-58.0,-18.0,14.0,0.53369140625,-0.54443359375,0.642578125,-15.731707317073171,-26.707317073170735,-9.939024390243903
11_36_04_644,8.0,0.0,-16.0,-30.0,34.0,127.0,17.0,33.0,0.68408203125,-0.4521484375,0.505859375,-6.219512195121951,-39.81707317073171,-22.073170731707318
11_36_04_644,17.0,7.0,3.0,4.0,-61.0,-90.0,0.0,19.0,0.67431640625,-0.55615234375,0.48681640625,-1.9512195121951221,-36.40243902439025,-24.085365853658537
11_36_04_644,-30.0,-34.0,-5.0,-10.0,34.0,68.0,-49.0,-104.0,0.73828125,-0.537109375,0.42578125,-9.329268292682928,-37.926829268292686,-24.75609756097561
11_36_04_644,-13.0,-7.0,-19.0,7.0,13.0,-22.0,13.0,4.0,0.658203125,-0.513671875,0.5,-9.695121951219512,-37.19512195121951,-21.951219512195124
11_36_04_644,29.0,15.0,22.0,21.0,8.0,5.0,7.0,5.0,0.62841796875,-0.55615234375,0.55322265625,-10.30487804878049,-35.54878048780488,-16.463414634146343
11_36_04_644,17.0,9.0,1.0,24.0,58.0,17.0,-7.0,21.0,0.6298828125,-0.5048828125,0.53662109375,-5.2439024390243905,-34.08536585365854,-21.28048780487805
11_36_04_644,-5.0,-9.0,-4.0,-43.0,-11.0,-18.0,-6.0,-5.0,0.646484375,-0.5556640625,0.51953125,-3.658536585365854,-34.268292682926834,-22.743902439024392
11_36_04_644,-3.0,11.0,11.0,-9.0,-23.0,-4.0,-1.0,-6.0,0.6171875,-0.52734375,0.56640625,-6.829268292682928,-34.451219512195124,-18.10975609756098
11_36_04_644,-17.0,-9.0,-6.0,-25.0,-53.0,6.0,-3.0,-1.0,0.537109375,-0.53173828125,0.59814453125,-12.01219512195122,-34.207317073170735,-13.04878048780488
11_36_04_644,8.0,26.0,5.0,9.0,12.0,-39.0,-19.0,-33.0,0.53173828125,-0.5234375,0.59619140625,-9.573170731707318,-29.87804878048781,-16.76829268292683
11_36_04_687,0.0,-4.0,12.0,29.0,2.0,-15.0,7.0,5.0,0.67529296875,-0.52783203125,0.5029296875,-9.756097560975611,-38.170731707317074,-24.878048780487806
11_36_04_687,4.0,8.0,-1.0,31.0,97.0,86.0,11.0,2.0,0.7275390625,-0.53515625,0.4453125,-19.451219512195124,-35.79268292682927,-23.719512195121954
11_36_04_687,-7.0,0.0,-1.0,-7.0,3.0,-8.0,5.0,-15.0,0.7734375,-0.49072265625,0.45751953125,-17.378048780487806,-36.82926829268293,-22.012195121951223
11_36_04_687,1.0,5.0,-11.0,-40.0,-88.0,-87.0,-11.0,10.0,0.68408203125,-0.4521484375,0.505859375,-6.219512195121951,-39.81707317073171,-22.073170731707318
11_36_04_687,8.0,-5.0,-1.0,-56.0,-102.0,-64.0,3.0,4.0,0.67431640625,-0.55615234375,0.48681640625,-1.9512195121951221,-36.40243902439025,-24.085365853658537
11_36_04_687,14.0,4.0,8.0,39.0,24.0,16.0,22.0,30.0,0.73828125,-0.537109375,0.42578125,-9.329268292682928,-37.926829268292686,-24.75609756097561
11_36_04_687,10.0,6.0,10.0,66.0,127.0,110.0,-60.0,-95.0,0.658203125,-0.513671875,0.5,-9.695121951219512,-37.19512195121951,-21.951219512195124
11_36_04_687,8.0,2.0,-13.0,-41.0,-30.0,-13.0,-10.0,71.0,0.62841796875,-0.55615234375,0.55322265625,-10.30487804878049,-35.54878048780488,-16.463414634146343
11_36_04_687,-75.0,-15.0,-20.0,-44.0,-128.0,-128.0,-18.0,-32.0,0.6298828125,-0.5048828125,0.53662109375,-5.2439024390243905,-34.08536585365854,-21.28048780487805
11_36_04_687,27.0,-13.0,2.0,60.0,73.0,14.0,15.0,22.0,0.646484375,-0.5556640625,0.51953125,-3.658536585365854,-34.268292682926834,-22.743902439024392
11_36_04_741,3.0,-10.0,7.0,18.0,-29.0,5.0,-17.0,0.0,0.755859375,-0.48046875,0.49072265625,-13.475609756097562,-29.02439024390244,-19.390243902439025
11_36_04_741,-15.0,-12.0,-16.0,-53.0,-32.0,-15.0,-28.0,-14.0,0.7900390625,-0.525390625,0.5146484375,-7.682926829268293,-35.426829268292686,-25.853658536585368
11_36_04_741,-10.0,1.0,-2.0,21.0,-20.0,-52.0,7.0,-21.0,0.67529296875,-0.52783203125,0.5029296875,-9.756097560975611,-38.170731707317074,-24.878048780487806
11_36_04_741,43.0,20.0,7.0,-12.0,59.0,33.0,11.0,18.0,0.7275390625,-0.53515625,0.4453125,-19.451219512195124,-35.79268292682927,-23.719512195121954
11_36_04_741,-3.0,8.0,-2.0,12.0,-11.0,-3.0,9.0,4.0,0.7734375,-0.49072265625,0.45751953125,-17.378048780487806,-36.82926829268293,-22.012195121951223
11_36_04_741,-3.0,-2.0,1.0,-15.0,-55.0,-46.0,-8.0,2.0,0.68408203125,-0.4521484375,0.505859375,-6.219512195121951,-39.81707317073171,-22.073170731707318
11_36_04_741,8.0,-12.0,-3.0,-30.0,-30.0,-45.0,-7.0,20.0,0.67431640625,-0.55615234375,0.48681640625,-1.9512195121951221,-36.40243902439025,-24.085365853658537
11_36_04_741,-1.0,14.0,16.0,32.0,20.0,44.0,-27.0,-38.0,0.73828125,-0.537109375,0.42578125,-9.329268292682928,-37.926829268292686,-24.75609756097561
11_36_04_741,4.0,-3.0,-7.0,-21.0,10.0,4.0,10.0,12.0,0.658203125,-0.513671875,0.5,-9.695121951219512,-37.19512195121951,-21.951219512195124
11_36_04_741,29.0,-4.0,-2.0,17.0,-25.0,-19.0,-5.0,23.0,0.62841796875,-0.55615234375,0.55322265625,-10.30487804878049,-35.54878048780488,-16.463414634146343
11_36_04_790,-15.0,5.0,6.0,21.0,-14.0,14.0,3.0,32.0,0.78759765625,-0.54541015625,0.45849609375,-5.975609756097562,-27.5609756097561,-22.195121951219512
11_36_04_790,10.0,8.0,-4.0,-9.0,14.0,-10.0,2.0,-22.0,0.6767578125,-0.5185546875,0.47509765625,-18.10975609756098,-29.75609756097561,-20.30487804878049
11_36_04_790,4.0,-4.0,8.0,-6.0,-3.0,-12.0,3.0,-13.0,0.755859375,-0.48046875,0.49072265625,-13.475609756097562,-29.02439024390244,-19.390243902439025
11_36_04_790,-19.0,-9.0,-18.0,-37.0,-69.0,-45.0,-11.0,10.0,0.7900390625,-0.525390625,0.5146484375,-7.682926829268293,-35.426829268292686,-25.853658536585368
11_36_04_790,9.0,-3.0,1.0,-2.0,-22.0,-53.0,-17.0,-16.0,0.67529296875,-0.52783203125,0.5029296875,-9.756097560975611,-38.170731707317074,-24.878048780487806
11_36_04_790,1.0,-3.0,9.0,-50.0,-26.0,-10.0,33.0,13.0,0.7275390625,-0.53515625,0.4453125,-19.451219512195124,-35.79268292682927,-23.719512195121954
11_36_04_790,13.0,-5.0,2.0,47.0,17.0,29.0,-45.0,-11.0,0.7734375,-0.49072265625,0.45751953125,-17.378048780487806,-36.82926829268293,-22.012195121951223
11_36_04_790,9.0,20.0,2.0,44.0,127.0,81.0,39.0,2.0,0.68408203125,-0.4521484375,0.505859375,-6.219512195121951,-39.81707317073171,-22.073170731707318
11_36_04_790,3.0,-10.0,7.0,18.0,-29.0,5.0,-17.0,0.0,0.67431640625,-0.55615234375,0.48681640625,-1.9512195121951221,-36.40243902439025,-24.085365853658537
11_36_04_790,-15.0,-12.0,-16.0,-53.0,-32.0,-15.0,-28.0,-14.0,0.73828125,-0.537109375,0.42578125,-9.329268292682928,-37.926829268292686,-24.75609756097561
11_36_04_838,10.0,-1.0,-6.0,-52.0,-100.0,-33.0,2.0,-12.0,0.7646484375,-0.49853515625,0.42578125,-11.585365853658537,-24.634146341463417,-17.926829268292686
11_36_04_838,-37.0,-15.0,-4.0,41.0,44.0,0.0,10.0,7.0,0.7939453125,-0.4501953125,0.41796875,-11.402439024390246,-25.48780487804878,-19.75609756097561
11_36_04_838,-17.0,3.0,10.0,14.0,98.0,78.0,-8.0,-8.0,0.75830078125,-0.4580078125,0.42333984375,-0.1829268292682927,-25.000000000000004,-17.5
11_36_04_838,0.0,6.0,-9.0,-11.0,-42.0,-21.0,22.0,6.0,0.78759765625,-0.54541015625,0.45849609375,-5.975609756097562,-27.5609756097561,-22.195121951219512
11_36_04_838,-45.0,-13.0,-7.0,24.0,4.0,-27.0,-15.0,30.0,0.6767578125,-0.5185546875,0.47509765625,-18.10975609756098,-29.75609756097561,-20.30487804878049
11_36_04_838,-4.0,7.0,-4.0,-34.0,24.0,75.0,-8.0,-48.0,0.755859375,-0.48046875,0.49072265625,-13.475609756097562,-29.02439024390244,-19.390243902439025
11_36_04_838,21.0,3.0,5.0,-4.0,-48.0,-78.0,-9.0,5.0,0.7900390625,-0.525390625,0.5146484375,-7.682926829268293,-35.426829268292686,-25.853658536585368
11_36_04_838,-1.0,-7.0,-4.0,5.0,-32.0,-44.0,-5.0,25.0,0.67529296875,-0.52783203125,0.5029296875,-9.756097560975611,-38.170731707317074,-24.878048780487806
11_36_04_838,3.0,-11.0,6.0,35.0,23.0,13.0,17.0,3.0,0.7275390625,-0.53515625,0.4453125,-19.451219512195124,-35.79268292682927,-23.719512195121954
11_36_04_838,6.0,16.0,9.0,-27.0,82.0,71.0,8.0,4.0,0.7734375,-0.49072265625,0.45751953125,-17.378048780487806,-36.82926829268293,-22.012195121951223
11_36_04_892,15.0,7.0,5.0,3.0,44.0,49.0,3.0,0.0,0.8916015625,-0.44775390625,0.39111328125,5.548780487804878,-25.670731707317074,-16.402439024390244
11_36_04_892,0.0,-2.0,0.0,-5.0,6.0,-16.0,-3.0,-7.0,0.80517578125,-0.4833984375,0.4267578125,-2.1341463414634148,-25.914634146341466,-19.207317073170735
11_36_04_892,-8.0,5.0,-10.0,-41.0,-29.0,-33.0,2.0,0.0,0.7646484375,-0.49853515625,0.42578125,-11.585365853658537,-24.634146341463417,-17.926829268292686
11_36_04_892,8.0,12.0,-6.0,-54.0,-65.0,-44.0,-12.0,1.0,0.7939453125,-0.4501953125,0.41796875,-11.402439024390246,-25.48780487804878,-19.75609756097561
11_36_04_892,-27.0,-8.0,-4.0,-28.0,-73.0,-51.0,6.0,-2.0,0.75830078125,-0.4580078125,0.42333984375,-0.1829268292682927,-25.000000000000004,-17.5
11_36_04_892,5.0,-8.0,8.0,32.0,48.0,-3.0,4.0,-2.0,0.78759765625,-0.54541015625,0.45849609375,-5.975609756097562,-27.5609756097561,-22.195121951219512
11_36_04_892,-7.0,-23.0,-3.0,75.0,55.0,17.0,-23.0,-11.0,0.6767578125,-0.5185546875,0.47509765625,-18.10975609756098,-29.75609756097561,-20.30487804878049
11_36_04_892,24.0,18.0,11.0,-6.0,32.0,90.0,33.0,2.0,0.755859375,-0.48046875,0.49072265625,-13.475609756097562,-29.02439024390244,-19.390243902439025
11_36_04_892,-3.0,11.0,-1.0,16.0,73.0,28.0,-19.0,20.0,0.7900390625,-0.525390625,0.5146484375,-7.682926829268293,-35.426829268292686,-25.853658536585368
11_36_04_892,5.0,-1.0,6.0,0.0,-27.0,-42.0,-3.0,-11.0,0.67529296875,-0.52783203125,0.5029296875,-9.756097560975611,-38.170731707317074,-24.878048780487806
11_36_04_941,31.0,20.0,11.0,-25.0,10.0,-17.0,24.0,35.0,0.79931640625,-0.50146484375,0.36328125,-7.926829268292684,-24.207317073170735,-20.243902439024392
11_36_04_941,14.0,3.0,-16.0,-31.0,-81.0,-66.0,-12.0,14.0,0.79541015625,-0.40576171875,0.37353515625,-4.085365853658537,-23.658536585365855,-20.79268292682927
11_36_04_941,-21.0,-15.0,1.0,-36.0,-113.0,-85.0,-4.0,-50.0,0.81982421875,-0.4169921875,0.36083984375,4.634146341463415,-24.26829268292683,-18.231707317073173
11_36_04_941,21.0,-1.0,-13.0,13.0,52.0,0.0,-58.0,19.0,0.8916015625,-0.44775390625,0.39111328125,5.548780487804878,-25.670731707317074,-16.402439024390244
11_36_04_941,0.0,12.0,15.0,45.0,90.0,81.0,39.0,13.0,0.80517578125,-0.4833984375,0.4267578125,-2.1341463414634148,-25.914634146341466,-19.207317073170735
11_36_04_941,15.0,8.0,0.0,25.0,29.0,11.0,-27.0,-6.0,0.7646484375,-0.49853515625,0.42578125,-11.585365853658537,-24.634146341463417,-17.926829268292686
11_36_04_941,-21.0,-20.0,-7.0,-20.0,-32.0,-10.0,8.0,0.0,0.7939453125,-0.4501953125,0.41796875,-11.402439024390246,-25.48780487804878,-19.75609756097561
11_36_04_941,13.0,6.0,-19.0,-35.0,-33.0,-58.0,-1.0,5.0,0.75830078125,-0.4580078125,0.42333984375,-0.1829268292682927,-25.000000000000004,-17.5
11_36_04_941,-7.0,-5.0,0.0,10.0,20.0,22.0,-1.0,2.0,0.78759765625,-0.54541015625,0.45849609375,-5.975609756097562,-27.5609756097561,-22.195121951219512
11_36_04_941,14.0,-3.0,-4.0,-37.0,-43.0,-18.0,-8.0,3.0,0.6767578125,-0.5185546875,0.47509765625,-18.10975609756098,-29.75609756097561,-20.30487804878049
11_36_04_990,12.0,18.0,13.0,-31.0,36.0,34.0,-3.0,-9.0,0.7958984375,-0.4072265625,0.353515625,-3.1097560975609757,-10.426829268292684,-19.573170731707318
11_36_04_990,2.0,-33.0,-51.0,81.0,19.0,57.0,8.0,8.0,0.88671875,-0.427734375,0.33056640625,-1.2195121951219514,-13.963414634146343,-17.5609756097561
11_36_04_990,-9.0,30.0,8.0,-70.0,-44.0,-54.0,-2.0,-5.0,0.865234375,-0.4921875,0.33984375,-1.8902439024390245,-20.0609756097561,-22.500000000000004
11_36_04_990,7.0,12.0,-3.0,-9.0,11.0,9.0,-8.0,13.0,0.79931640625,-0.50146484375,0.36328125,-7.926829268292684,-24.207317073170735,-20.243902439024392
11_36_04_990,-33.0,-26.0,3.0,-48.0,-57.0,-45.0,8.0,28.0,0.79541015625,-0.40576171875,0.37353515625,-4.085365853658537,-23.658536585365855,-20.79268292682927
11_36_04_990,27.0,-8.0,-14.0,-14.0,-75.0,-61.0,-2.0,-32.0,0.81982421875,-0.4169921875,0.36083984375,4.634146341463415,-24.26829268292683,-18.231707317073173
11_36_04_990,-30.0,6.0,-2.0,65.0,124.0,35.0,10.0,9.0,0.8916015625,-0.44775390625,0.39111328125,5.548780487804878,-25.670731707317074,-16.402439024390244
11_36_04_990,1.0,-13.0,6.0,25.0,41.0,116.0,-13.0,-11.0,0.80517578125,-0.4833984375,0.4267578125,-2.1341463414634148,-25.914634146341466,-19.207317073170735
11_36_04_990,31.0,20.0,11.0,-25.0,10.0,-17.0,24.0,35.0,0.7646484375,-0.49853515625,0.42578125,-11.585365853658537,-24.634146341463417,-17.926829268292686
11_36_04_990,14.0,3.0,-16.0,-31.0,-81.0,-66.0,-12.0,14.0,0.7939453125,-0.4501953125,0.41796875,-11.402439024390246,-25.48780487804878,-19.75609756097561
11_36_05_044,7.0,-12.0,5.0,67.0,98.0,100.0,-9.0,3.0,0.78515625,-0.41650390625,0.34375,-8.597560975609756,-17.378048780487806,-19.878048780487806
11_36_05_044,-2.0,26.0,14.0,2.0,-16.0,-49.0,-9.0,1.0,0.7958984375,-0.4072265625,0.353515625,-3.1097560975609757,-10.426829268292684,-19.573170731707318
11_36_05_044,8.0,12.0,-7.0,-25.0,-47.0,9.0,1.0,8.0,0.88671875,-0.427734375,0.33056640625,-1.2195121951219514,-13.963414634146343,-17.5609756097561
11_36_05_044,8.0,-4.0,2.0,-66.0,-96.0,-66.0,-11.0,-1.0,0.865234375,-0.4921875,0.33984375,-1.8902439024390245,-20.0609756097561,-22.500000000000004
11_36_05_044,-10.0,-30.0,-22.0,16.0,6.0,-29.0,7.0,3.0,0.79931640625,-0.50146484375,0.36328125,-7.926829268292684,-24.207317073170735,-20.243902439024392
11_36_05_044,4.0,11.0,30.0,48.0,38.0,36.0,3.0,-10.0,0.79541015625,-0.40576171875,0.37353515625,-4.085365853658537,-23.658536585365855,-20.79268292682927
11_36_05_044,12.0,18.0,13.0,-31.0,36.0,34.0,-3.0,-9.0,0.81982421875,-0.4169921875,0.36083984375,4.634146341463415,-24.26829268292683,-18.231707317073173
11_36_05_044,2.0,-33.0,-51.0,81.0,19.0,57.0,8.0,8.0,0.8916015625,-0.44775390625,0.39111328125,5.548780487804878,-25.670731707317074,-16.402439024390244
11_36_05_044,-9.0,30.0,8.0,-70.0,-44.0,-54.0,-2.0,-5.0,0.80517578125,-0.4833984375,0.4267578125,-2.1341463414634148,-25.914634146341466,-19.207317073170735
11_36_05_044,7.0,12.0,-3.0,-9.0,11.0,9.0,-8.0,13.0,0.7646484375,-0.49853515625,0.42578125,-11.585365853658537,-24.634146341463417,-17.926829268292686
11_36_05_089,25.0,7.0,-5.0,-52.0,-56.0,-52.0,-2.0,13.0,0.857421875,-0.43701171875,0.31591796875,-14.695121951219514,-16.219512195121954,-16.76829268292683
11_36_05_089,-27.0,-3.0,11.0,27.0,27.0,20.0,19.0,-7.0,0.841796875,-0.42578125,0.28857421875,-6.951219512195123,-16.463414634146343,-17.378048780487806
11_36_05_089,5.0,4.0,7.0,32.0,30.0,33.0,-4.0,12.0,0.796875,-0.48095703125,0.29736328125,-1.3414634146341464,-16.890243902439025,-15.30487804878049
11_36_05_089,2.0,-7.0,-15.0,-12.0,-3.0,-22.0,-17.0,-11.0,0.78662109375,-0.53857421875,0.31298828125,-4.817073170731708,-22.012195121951223,-13.902439024390246
11_36_05_089,3.0,5.0,2.0,-22.0,-73.0,-54.0,0.0,15.0,0.78515625,-0.41650390625,0.34375,-8.597560975609756,-17.378048780487806,-19.878048780487806
11_36_05_089,11.0,5.0,4.0,27.0,43.0,16.0,13.0,-5.0,0.7958984375,-0.4072265625,0.353515625,-3.1097560975609757,-10.426829268292684,-19.573170731707318
11_36_05_089,4.0,0.0,-16.0,-38.0,22.0,57.0,-11.0,-2.0,0.88671875,-0.427734375,0.33056640625,-1.2195121951219514,-13.963414634146343,-17.5609756097561
11_36_05_089,2.0,4.0,9.0,-8.0,-85.0,-77.0,4.0,4.0,0.865234375,-0.4921875,0.33984375,-1.8902439024390245,-20.0609756097561,-22.500000000000004
11_36_05_089,5.0,6.0,9.0,31.0,51.0,39.0,12.0,5.0,0.79931640625,-0.50146484375,0.36328125,-7.926829268292684,-24.207317073170735,-20.243902439024392
11_36_05_089,-4.0,1.0,-2.0,44.0,110.0,81.0,9.0,-6.0,0.79541015625,-0.40576171875,0.37353515625,-4.085365853658537,-23.658536585365855,-20.79268292682927
11_36_05_143,-2.0,3.0,-9.0,13.0,14.0,52.0,1.0,-38.0,0.869140625,-0.4130859375,0.34521484375,-21.463414634146343,-13.597560975609758,-13.719512195121952
11_36_05_143,15.0,6.0,13.0,1.0,-1.0,-16.0,4.0,0.0,0.82958984375,-0.38671875,0.3623046875,-20.182926829268293,-15.426829268292684,-15.365853658536587
11_36_05_143,-43.0,-16.0,-8.0,-28.0,-55.0,-65.0,-18.0,-3.0,0.857421875,-0.43701171875,0.31591796875,-14.695121951219514,-16.219512195121954,-16.76829268292683
11_36_05_143,18.0,-1.0,-15.0,-56.0,-87.0,-62.0,-51.0,-9.0,0.841796875,-0.42578125,0.28857421875,-6.951219512195123,-16.463414634146343,-17.378048780487806
11_36_05_143,-1.0,-2.0,-13.0,-36.0,-42.0,-45.0,-12.0,-1.0,0.796875,-0.48095703125,0.29736328125,-1.3414634146341464,-16.890243902439025,-15.30487804878049
11_36_05_143,-9.0,3.0,8.0,92.0,119.0,62.0,40.0,23.0,0.78662109375,-0.53857421875,0.31298828125,-4.817073170731708,-22.012195121951223,-13.902439024390246
11_36_05_143,1.0,11.0,13.0,15.0,116.0,127.0,0.0,-10.0,0.78515625,-0.41650390625,0.34375,-8.597560975609756,-17.378048780487806,-19.878048780487806
11_36_05_143,-4.0,-5.0,-10.0,-4.0,-80.0,-91.0,-11.0,-5.0,0.7958984375,-0.4072265625,0.353515625,-3.1097560975609757,-10.426829268292684,-19.573170731707318
11_36_05_143,25.0,7.0,-5.0,-52.0,-56.0,-52.0,-2.0,13.0,0.88671875,-0.427734375,0.33056640625,-1.2195121951219514,-13.963414634146343,-17.5609756097561
11_36_05_143,-27.0,-3.0,11.0,27.0,27.0,20.0,19.0,-7.0,0.865234375,-0.4921875,0.33984375,-1.8902439024390245,-20.0609756097561,-22.500000000000004
11_36_05_192,5.0,7.0,-2.0,82.0,127.0,95.0,16.0,8.0,0.94970703125,-0.4111328125,0.28076171875,-9.207317073170733,-13.475609756097562,-21.402439024390247
11_36_05_192,-10.0,-5.0,39.0,51.0,98.0,63.0,-8.0,-4.0,0.85595703125,-0.45068359375,0.28466796875,-14.146341463414636,-16.158536585365855,-20.975609756097562
11_36_05_192,7.0,4.0,-29.0,-56.0,-120.0,-47.0,2.0,5.0,0.84033203125,-0.4384765625,0.30859375,-16.76829268292683,-13.963414634146343,-13.597560975609758
11_36_05_192,1.0,7.0,-5.0,-83.0,-48.0,-51.0,-21.0,3.0,0.869140625,-0.4130859375,0.34521484375,-21.463414634146343,-13.597560975609758,-13.719512195121952
11_36_05_192,18.0,0.0,-14.0,-54.0,-111.0,-67.0,-33.0,-8.0,0.82958984375,-0.38671875,0.3623046875,-20.182926829268293,-15.426829268292684,-15.365853658536587
11_36_05_192,-30.0,-28.0,-14.0,-24.0,-83.0,-78.0,-6.0,-20.0,0.857421875,-0.43701171875,0.31591796875,-14.695121951219514,-16.219512195121954,-16.76829268292683
11_36_05_192,-18.0,-10.0,3.0,87.0,88.0,14.0,29.0,5.0,0.841796875,-0.42578125,0.28857421875,-6.951219512195123,-16.463414634146343,-17.378048780487806
11_36_05_192,31.0,21.0,25.0,51.0,127.0,127.0,33.0,8.0,0.796875,-0.48095703125,0.29736328125,-1.3414634146341464,-16.890243902439025,-15.30487804878049
11_36_05_192,3.0,13.0,15.0,8.0,2.0,-121.0,-11.0,2.0,0.78662109375,-0.53857421875,0.31298828125,-4.817073170731708,-22.012195121951223,-13.902439024390246
11_36_05_192,1.0,-14.0,-20.0,-41.0,-81.0,-80.0,-12.0,3.0,0.78515625,-0.41650390625,0.34375,-8.597560975609756,-17.378048780487806,-19.878048780487806
11_36_05_241,-10.0,2.0,-10.0,-41.0,15.0,3.0,-5.0,-1.0,0.9697265625,-0.37744140625,0.2822265625,-11.402439024390246,-20.30487804878049,-19.81707317073171
11_36_05_241,4.0,8.0,12.0,1.0,-37.0,-29.0,-4.0,6.0,0.89306640625,-0.31103515625,0.29345703125,-8.414634146341465,-18.53658536585366,-14.451219512195124
11_36_05_241,-4.0,-4.0,-12.0,-14.0,-68.0,-69.0,2.0,-3.0,0.94970703125,-0.4111328125,0.28076171875,-9.207317073170733,-13.475609756097562,-21.402439024390247
11_36_05_241,-12.0,2.0,1.0,-9.0,8.0,2.0,24.0,3.0,0.85595703125,-0.45068359375,0.28466796875,-14.146341463414636,-16.158536585365855,-20.975609756097562
11_36_05_241,-14.0,-6.0,-6.0,1.0,26.0,79.0,-8.0,-33.0,0.84033203125,-0.4384765625,0.30859375,-16.76829268292683,-13.963414634146343,-13.597560975609758
11_36_05_241,-1.0,-17.0,3.0,34.0,21.0,-5.0,-13.0,-23.0,0.869140625,-0.4130859375,0.34521484375,-21.463414634146343,-13.597560975609758,-13.719512195121952
11_36_05_241,12.0,13.0,-6.0,-1.0,66.0,13.0,-8.0,33.0,0.82958984375,-0.38671875,0.3623046875,-20.182926829268293,-15.426829268292684,-15.365853658536587
11_36_05_241,-14.0,-4.0,-7.0,-29.0,-63.0,-39.0,-28.0,-20.0,0.857421875,-0.43701171875,0.31591796875,-14.695121951219514,-16.219512195121954,-16.76829268292683
11_36_05_241,-2.0,-6.0,4.0,-16.0,-82.0,-60.0,15.0,-16.0,0.841796875,-0.42578125,0.28857421875,-6.951219512195123,-16.463414634146343,-17.378048780487806
11_36_05_241,-3.0,-2.0,-2.0,-14.0,-32.0,0.0,15.0,-3.0,0.796875,-0.48095703125,0.29736328125,-1.3414634146341464,-16.890243902439025,-15.30487804878049
11_36_05_297,21.0,15.0,14.0,-38.0,-82.0,-57.0,14.0,-1.0,0.982421875,-0.3310546875,0.1904296875,-6.585365853658537,-18.29268292682927,-23.353658536585368
11_36_05_297,-14.0,-38.0,-19.0,-63.0,-128.0,-105.0,-2.0,-3.0,0.91796875,-0.32275390625,0.25,-2.7439024390243905,-20.0609756097561,-23.475609756097562
11_36_05_297,9.0,3.0,-5.0,77.0,62.0,10.0,20.0,-9.0,0.91357421875,-0.36279296875,0.2900390625,-5.2439024390243905,-18.29268292682927,-21.52439024390244
11_36_05_297,-4.0,14.0,36.0,105.0,127.0,127.0,23.0,12.0,0.9697265625,-0.37744140625,0.2822265625,-11.402439024390246,-20.30487804878049,-19.81707317073171
11_36_05_297,8.0,9.0,5.0,-18.0,41.0,48.0,-19.0,-3.0,0.89306640625,-0.31103515625,0.29345703125,-8.414634146341465,-18.53658536585366,-14.451219512195124
11_36_05_297,-3.0,-7.0,-23.0,-95.0,-128.0,-128.0,-17.0,-7.0,0.94970703125,-0.4111328125,0.28076171875,-9.207317073170733,-13.475609756097562,-21.402439024390247
11_36_05_297,2.0,5.0,-50.0,-3.0,10.0,-16.0,-4.0,-1.0,0.85595703125,-0.45068359375,0.28466796875,-14.146341463414636,-16.158536585365855,-20.975609756097562
11_36_05_297,-9.0,-14.0,-4.0,-22.0,-18.0,-5.0,-4.0,-5.0,0.84033203125,-0.4384765625,0.30859375,-16.76829268292683,-13.963414634146343,-13.597560975609758
11_36_05_297,12.0,6.0,20.0,77.0,41.0,38.0,3.0,13.0,0.869140625,-0.4130859375,0.34521484375,-21.463414634146343,-13.597560975609758,-13.719512195121952
11_36_05_297,4.0,2.0,10.0,20.0,35.0,30.0,6.0,-4.0,0.82958984375,-0.38671875,0.3623046875,-20.182926829268293,-15.426829268292684,-15.365853658536587
11_36_05_345,1.0,6.0,-1.0,-12.0,-20.0,-38.0,-13.0,-2.0,0.9140625,-0.3623046875,0.15380859375,-18.475609756097562,-11.219512195121952,-14.26829268292683
11_36_05_345,-7.0,2.0,-5.0,-19.0,-23.0,-3.0,10.0,4.0,0.95947265625,-0.26171875,0.154296875,-13.841463414634148,-12.317073170731708,-15.853658536585368
11_36_05_345,3.0,-7.0,-28.0,-18.0,-17.0,-22.0,3.0,-8.0,0.982421875,-0.3310546875,0.1904296875,-6.585365853658537,-18.29268292682927,-23.353658536585368
11_36_05_345,8.0,5.0,24.0,26.0,-17.0,-11.0,-29.0,13.0,0.91796875,-0.32275390625,0.25,-2.7439024390243905,-20.0609756097561,-23.475609756097562
11_36_05_345,6.0,-4.0,13.0,4.0,10.0,-1.0,-9.0,15.0,0.91357421875,-0.36279296875,0.2900390625,-5.2439024390243905,-18.29268292682927,-21.52439024390244
11_36_05_345,-44.0,-11.0,6.0,22.0,64.0,59.0,24.0,-24.0,0.9697265625,-0.37744140625,0.2822265625,-11.402439024390246,-20.30487804878049,-19.81707317073171
11_36_05_345,11.0,12.0,-1.0,5.0,26.0,71.0,-29.0,12.0,0.89306640625,-0.31103515625,0.29345703125,-8.414634146341465,-18.53658536585366,-14.451219512195124
11_36_05_345,-21.0,-9.0,-13.0,-24.0,-32.0,-87.0,-35.0,9.0,0.94970703125,-0.4111328125,0.28076171875,-9.207317073170733,-13.475609756097562,-21.402439024390247
11_36_05_345,21.0,15.0,14.0,-38.0,-82.0,-57.0,14.0,-1.0,0.85595703125,-0.45068359375,0.28466796875,-14.146341463414636,-16.158536585365855,-20.975609756097562
11_36_05_345,-14.0,-38.0,-19.0,-63.0,-128.0,-105.0,-2.0,-3.0,0.84033203125,-0.4384765625,0.30859375,-16.76829268292683,-13.963414634146343,-13.597560975609758
11_36_05_396,33.0,7.0,21.0,52.0,105.0,77.0,10.0,7.0,0.9365234375,-0.3701171875,0.17822265625,-40.97560975609756,1.0975609756097562,-20.121951219512198
11_36_05_396,22.0,20.0,0.0,43.0,18.0,9.0,-3.0,4.0,0.93505859375,-0.35009765625,0.22802734375,-23.53658536585366,-2.439024390243903,-19.634146341463417
11_36_05_396,-18.0,-13.0,-17.0,-31.0,-12.0,-11.0,-11.0,-6.0,0.9326171875,-0.39599609375,0.2216796875,-13.353658536585368,-7.926829268292684,-20.0609756097561
11_36_05_396,34.0,-26.0,-58.0,-57.0,-98.0,-9.0,8.0,9.0,0.9140625,-0.3623046875,0.15380859375,-18.475609756097562,-11.219512195121952,-14.26829268292683
11_36_05_396,-1.0,10.0,-43.0,37.0,61.0,28.0,14.0,1.0,0.95947265625,-0.26171875,0.154296875,-13.841463414634148,-12.317073170731708,-15.853658536585368
11_36_05_396,14.0,10.0,8.0,56.0,127.0,75.0,-9.0,6.0,0.982421875,-0.3310546875,0.1904296875,-6.585365853658537,-18.29268292682927,-23.353658536585368
11_36_05_396,12.0,9.0,37.0,2.0,-85.0,-32.0,0.0,17.0,0.91796875,-0.32275390625,0.25,-2.7439024390243905,-20.0609756097561,-23.475609756097562
11_36_05_396,-3.0,-6.0,-38.0,-47.0,-65.0,-72.0,-14.0,-3.0,0.91357421875,-0.36279296875,0.2900390625,-5.2439024390243905,-18.29268292682927,-21.52439024390244
11_36_05_396,-5.0,-18.0,-1.0,-25.0,-65.0,-34.0,-3.0,-3.0,0.9697265625,-0.37744140625,0.2822265625,-11.402439024390246,-20.30487804878049,-19.81707317073171
11_36_05_396,-4.0,-9.0,-21.0,-6.0,12.0,9.0,17.0,7.0,0.89306640625,-0.31103515625,0.29345703125,-8.414634146341465,-18.53658536585366,-14.451219512195124
11_36_05_450,2.0,10.0,17.0,13.0,3.0,10.0,4.0,4.0,0.783203125,-0.43115234375,0.2529296875,-40.73170731707317,5.853658536585367,-16.70731707317073
11_36_05_450,-2.0,-11.0,-2.0,12.0,63.0,78.0,14.0,-4.0,0.9228515625,-0.3935546875,0.16748046875,-48.65853658536586,7.378048780487806,-16.82926829268293
11_36_05_450,26.0,11.0,8.0,23.0,57.0,0.0,-5.0,0.0,0.9365234375,-0.3701171875,0.17822265625,-40.97560975609756,1.0975609756097562,-20.121951219512198
11_36_05_450,6.0,-6.0,9.0,-31.0,-91.0,-47.0,-7.0,-7.0,0.93505859375,-0.35009765625,0.22802734375,-23.53658536585366,-2.439024390243903,-19.634146341463417
11_36_05_450,-9.0,-14.0,2.0,-78.0,-120.0,-73.0,4.0,1.0,0.9326171875,-0.39599609375,0.2216796875,-13.353658536585368,-7.926829268292684,-20.0609756097561
11_36_05_450,-35.0,-16.0,12.0,-3.0,-12.0,-40.0,-3.0,-11.0,0.9140625,-0.3623046875,0.15380859375,-18.475609756097562,-11.219512195121952,-14.26829268292683
11_36_05_450,33.0,7.0,21.0,52.0,105.0,77.0,10.0,7.0,0.95947265625,-0.26171875,0.154296875,-13.841463414634148,-12.317073170731708,-15.853658536585368
11_36_05_450,22.0,20.0,0.0,43.0,18.0,9.0,-3.0,4.0,0.982421875,-0.3310546875,0.1904296875,-6.585365853658537,-18.29268292682927,-23.353658536585368
11_36_05_450,-18.0,-13.0,-17.0,-31.0,-12.0,-11.0,-11.0,-6.0,0.91796875,-0.32275390625,0.25,-2.7439024390243905,-20.0609756097561,-23.475609756097562
11_36_05_450,34.0,-26.0,-58.0,-57.0,-98.0,-9.0,8.0,9.0,0.91357421875,-0.36279296875,0.2900390625,-5.2439024390243905,-18.29268292682927,-21.52439024390244
11_36_05_495,6.0,-3.0,21.0,-17.0,-19.0,-14.0,-4.0,-4.0,0.89404296875,-0.0859375,0.34375,-14.390243902439027,4.939024390243903,3.963414634146342
11_36_05_495,6.0,-11.0,-7.0,-8.0,-41.0,-17.0,7.0,9.0,1.09033203125,-0.4228515625,0.45849609375,7.378048780487806,0.30487804878048785,11.402439024390246
11_36_05_495,-77.0,-11.0,11.0,-4.0,-12.0,-38.0,-37.0,-11.0,1.47021484375,-0.2724609375,0.2509765625,-13.536585365853659,-5.914634146341464,-33.170731707317074
11_36_05_495,35.0,3.0,4.0,13.0,50.0,45.0,8.0,18.0,0.783203125,-0.43115234375,0.2529296875,-40.73170731707317,5.853658536585367,-16.70731707317073
11_36_05_495,3.0,-4.0,-76.0,-13.0,5.0,37.0,13.0,10.0,0.9228515625,-0.3935546875,0.16748046875,-48.65853658536586,7.378048780487806,-16.82926829268293
11_36_05_495,-7.0,-9.0,40.0,-15.0,-48.0,-68.0,-14.0,-2.0,0.9365234375,-0.3701171875,0.17822265625,-40.97560975609756,1.0975609756097562,-20.121951219512198
11_36_05_495,3.0,10.0,-15.0,9.0,52.0,37.0,5.0,-1.0,0.93505859375,-0.35009765625,0.22802734375,-23.53658536585366,-2.439024390243903,-19.634146341463417
11_36_05_495,-2.0,5.0,80.0,18.0,12.0,32.0,-5.0,0.0,0.9326171875,-0.39599609375,0.2216796875,-13.353658536585368,-7.926829268292684,-20.0609756097561
11_36_05_495,-2.0,-13.0,-47.0,-11.0,-22.0,-14.0,6.0,-1.0,0.9140625,-0.3623046875,0.15380859375,-18.475609756097562,-11.219512195121952,-14.26829268292683
11_36_05_495,0.0,-3.0,-44.0,5.0,17.0,-3.0,5.0,2.0,0.95947265625,-0.26171875,0.154296875,-13.841463414634148,-12.317073170731708,-15.853658536585368
11_36_05_550,0.0,3.0,30.0,12.0,-1.0,2.0,-2.0,2.0,0.81396484375,-0.30908203125,0.244140625,10.853658536585368,13.170731707317074,-7.378048780487806
11_36_05_550,1.0,0.0,-6.0,4.0,-1.0,-3.0,-5.0,-5.0,0.9326171875,-0.59375,0.3564453125,-17.804878048780488,12.195121951219512,-5.3048780487804885
11_36_05_550,0.0,0.0,2.0,7.0,4.0,2.0,-1.0,2.0,0.755859375,-0.47705078125,0.3466796875,-45.79268292682927,11.52439024390244,-17.5
11_36_05_550,-1.0,3.0,2.0,-10.0,1.0,-3.0,3.0,-2.0,0.89404296875,-0.0859375,0.34375,-14.390243902439027,4.939024390243903,3.963414634146342
11_36_05_550,3.0,1.0,3.0,3.0,2.0,0.0,2.0,-1.0,1.09033203125,-0.4228515625,0.45849609375,7.378048780487806,0.30487804878048785,11.402439024390246
11_36_05_550,-4.0,-6.0,4.0,3.0,3.0,4.0,-3.0,-3.0,1.47021484375,-0.2724609375,0.2509765625,-13.536585365853659,-5.914634146341464,-33.170731707317074
11_36_05_550,2.0,14.0,2.0,4.0,3.0,2.0,3.0,-3.0,0.783203125,-0.43115234375,0.2529296875,-40.73170731707317,5.853658536585367,-16.70731707317073
11_36_05_550,5.0,10.0,18.0,0.0,3.0,4.0,3.0,-2.0,0.9228515625,-0.3935546875,0.16748046875,-48.65853658536586,7.378048780487806,-16.82926829268293
11_36_05_550,0.0,-6.0,-39.0,-11.0,2.0,-3.0,2.0,-3.0,0.9365234375,-0.3701171875,0.17822265625,-40.97560975609756,1.0975609756097562,-20.121951219512198
11_36_05_550,5.0,11.0,34.0,4.0,-1.0,-3.0,-1.0,2.0,0.93505859375,-0.35009765625,0.22802734375,-23.53658536585366,-2.439024390243903,-19.634146341463417
11_36_05_602,-26.0,2.0,13.0,2.0,2.0,0.0,6.0,10.0,0.89892578125,-0.4580078125,0.26953125,31.219512195121954,-13.170731707317074,-13.109756097560977
11_36_05_602,9.0,-19.0,-18.0,-10.0,-6.0,-6.0,-4.0,-8.0,0.82421875,-0.443359375,0.2548828125,12.378048780487806,0.24390243902439027,-13.04878048780488
11_36_05_602,4.0,8.0,40.0,6.0,0.0,7.0,15.0,-3.0,0.81396484375,-0.30908203125,0.244140625,10.853658536585368,13.170731707317074,-7.378048780487806
11_36_05_602,-2.0,-5.0,-53.0,-10.0,-3.0,0.0,-1.0,-1.0,0.9326171875,-0.59375,0.3564453125,-17.804878048780488,12.195121951219512,-5.3048780487804885
11_36_05_602,1.0,5.0,28.0,7.0,1.0,-2.0,-21.0,1.0,0.755859375,-0.47705078125,0.3466796875,-45.79268292682927,11.52439024390244,-17.5
11_36_05_602,-2.0,-4.0,-7.0,0.0,-1.0,-2.0,6.0,0.0,0.89404296875,-0.0859375,0.34375,-14.390243902439027,4.939024390243903,3.963414634146342
11_36_05_602,0.0,-3.0,-5.0,4.0,6.0,4.0,2.0,-4.0,1.09033203125,-0.4228515625,0.45849609375,7.378048780487806,0.30487804878048785,11.402439024390246
11_36_05_602,-8.0,3.0,2.0,0.0,0.0,2.0,-4.0,-2.0,1.47021484375,-0.2724609375,0.2509765625,-13.536585365853659,-5.914634146341464,-33.170731707317074
11_36_05_602,-3.0,6.0,3.0,0.0,-1.0,-1.0,-2.0,1.0,0.783203125,-0.43115234375,0.2529296875,-40.73170731707317,5.853658536585367,-16.70731707317073
11_36_05_602,0.0,-1.0,-18.0,0.0,0.0,1.0,-3.0,0.0,0.9228515625,-0.3935546875,0.16748046875,-48.65853658536586,7.378048780487806,-16.82926829268293
11_36_05_650,-56.0,-12.0,-14.0,-10.0,-6.0,-7.0,3.0,5.0,0.95947265625,-0.3046875,0.1982421875,61.09756097560976,-31.646341463414636,-16.52439024390244
11_36_05_650,17.0,-1.0,17.0,-2.0,6.0,2.0,4.0,4.0,0.8759765625,-0.41552734375,0.2412109375,56.463414634146346,-24.878048780487806,-13.353658536585368
11_36_05_650,0.0,3.0,18.0,10.0,2.0,0.0,1.0,-1.0,0.89892578125,-0.4580078125,0.26953125,31.219512195121954,-13.170731707317074,-13.109756097560977
11_36_05_650,6.0,-6.0,-22.0,-7.0,-4.0,-5.0,-2.0,-4.0,0.82421875,-0.443359375,0.2548828125,12.378048780487806,0.24390243902439027,-13.04878048780488
11_36_05_650,15.0,6.0,-5.0,2.0,0.0,3.0,-9.0,16.0,0.81396484375,-0.30908203125,0.244140625,10.853658536585368,13.170731707317074,-7.378048780487806
11_36_05_650,-1.0,-2.0,8.0,2.0,-1.0,-3.0,-7.0,-9.0,0.9326171875,-0.59375,0.3564453125,-17.804878048780488,12.195121951219512,-5.3048780487804885
11_36_05_650,-26.0,2.0,13.0,2.0,2.0,0.0,6.0,10.0,0.755859375,-0.47705078125,0.3466796875,-45.79268292682927,11.52439024390244,-17.5
11_36_05_650,9.0,-19.0,-18.0,-10.0,-6.0,-6.0,-4.0,-8.0,0.89404296875,-0.0859375,0.34375,-14.390243902439027,4.939024390243903,3.963414634146342
11_36_05_650,4.0,8.0,40.0,6.0,0.0,7.0,15.0,-3.0,1.09033203125,-0.4228515625,0.45849609375,7.378048780487806,0.30487804878048785,11.402439024390246
11_36_05_650,-2.0,-5.0,-53.0,-10.0,-3.0,0.0,-1.0,-1.0,1.47021484375,-0.2724609375,0.2509765625,-13.536585365853659,-5.914634146341464,-33.170731707317074
11_36_05_704,3.0,3.0,-6.0,-4.0,-1.0,5.0,11.0,4.0,1.04443359375,-0.2734375,0.10791015625,10.914634146341465,-12.134146341463415,-8.963414634146343
11_36_05_704,6.0,13.0,24.0,10.0,6.0,-3.0,-13.0,0.0,1.08056640625,-0.212890625,0.10009765625,29.87804878048781,-15.30487804878049,-16.28048780487805
11_36_05_704,9.0,-12.0,25.0,-2.0,-4.0,-6.0,5.0,2.0,1.07568359375,-0.2197265625,0.125,53.35365853658537,-24.146341463414636,-23.475609756097562
11_36_05_704,0.0,-29.0,-113.0,-25.0,-7.0,2.0,-16.0,0.0,0.95947265625,-0.3046875,0.1982421875,61.09756097560976,-31.646341463414636,-16.52439024390244
11_36_05_704,-23.0,16.0,32.0,5.0,4.0,6.0,3.0,-3.0,0.8759765625,-0.41552734375,0.2412109375,56.463414634146346,-24.878048780487806,-13.353658536585368
11_36_05_704,16.0,-5.0,2.0,-3.0,-6.0,-6.0,-7.0,-9.0,0.89892578125,-0.4580078125,0.26953125,31.219512195121954,-13.170731707317074,-13.109756097560977
11_36_05_704,4.0,-3.0,-25.0,-8.0,-3.0,2.0,-1.0,18.0,0.82421875,-0.443359375,0.2548828125,12.378048780487806,0.24390243902439027,-13.04878048780488
11_36_05_704,-10.0,-12.0,-82.0,-10.0,-3.0,-5.0,3.0,0.0,0.81396484375,-0.30908203125,0.244140625,10.853658536585368,13.170731707317074,-7.378048780487806
11_36_05_704,0.0,9.0,62.0,7.0,4.0,3.0,-1.0,9.0,0.9326171875,-0.59375,0.3564453125,-17.804878048780488,12.195121951219512,-5.3048780487804885
11_36_05_704,-8.0,-17.0,-89.0,-14.0,-2.0,-6.0,2.0,0.0,0.755859375,-0.47705078125,0.3466796875,-45.79268292682927,11.52439024390244,-17.5
11_36_05_752,4.0,3.0,13.0,4.0,2.0,1.0,2.0,-2.0,1.14990234375,-0.3115234375,0.138671875,39.69512195121951,-13.841463414634148,-10.731707317073171
11_36_05_752,-10.0,-13.0,-119.0,-16.0,-11.0,-10.0,-2.0,-5.0,1.08544921875,-0.34521484375,0.1181640625,12.500000000000002,-13.04878048780488,-9.207317073170733
11_36_05_752,-5.0,-14.0,27.0,-4.0,-1.0,-2.0,-5.0,-4.0,1.04443359375,-0.2734375,0.10791015625,10.914634146341465,-12.134146341463415,-8.963414634146343
11_36_05_752,-4.0,-6.0,-12.0,-3.0,-3.0,-4.0,2.0,-4.0,1.08056640625,-0.212890625,0.10009765625,29.87804878048781,-15.30487804878049,-16.28048780487805
11_36_05_752,0.0,6.0,9.0,0.0,0.0,0.0,1.0,0.0,1.07568359375,-0.2197265625,0.125,53.35365853658537,-24.146341463414636,-23.475609756097562
11_36_05_752,2.0,6.0,-7.0,5.0,-1.0,1.0,-7.0,0.0,0.95947265625,-0.3046875,0.1982421875,61.09756097560976,-31.646341463414636,-16.52439024390244
11_36_05_752,1.0,-3.0,14.0,-5.0,0.0,-2.0,5.0,-2.0,0.8759765625,-0.41552734375,0.2412109375,56.463414634146346,-24.878048780487806,-13.353658536585368
11_36_05_752,-7.0,-12.0,-10.0,-22.0,-7.0,-7.0,5.0,-2.0,0.89892578125,-0.4580078125,0.26953125,31.219512195121954,-13.170731707317074,-13.109756097560977
11_36_05_752,8.0,12.0,49.0,15.0,5.0,3.0,9.0,-6.0,0.82421875,-0.443359375,0.2548828125,12.378048780487806,0.24390243902439027,-13.04878048780488
11_36_05_801,-1.0,2.0,-17.0,5.0,2.0,0.0,-5.0,1.0,1.021484375,0.00732421875,0.181640625,27.5609756097561,1.829268292682927,-5.975609756097562
11_36_05_801,-3.0,-4.0,-19.0,-10.0,-5.0,-3.0,2.0,2.0,1.02392578125,-0.00244140625,0.18115234375,59.93902439024391,-4.451219512195122,-6.341463414634147
11_36_05_801,-5.0,-18.0,0.0,-5.0,-7.0,-3.0,1.0,-4.0,1.09912109375,-0.162109375,0.18212890625,65.3658536585366,-10.609756097560977,-6.951219512195123
11_36_05_801,-1.0,4.0,4.0,3.0,0.0,1.0,-2.0,-6.0,1.14990234375,-0.3115234375,0.138671875,39.69512195121951,-13.841463414634148,-10.731707317073171
11_36_05_801,0.0,0.0,1.0,1.0,1.0,0.0,-3.0,1.0,1.08544921875,-0.34521484375,0.1181640625,12.500000000000002,-13.04878048780488,-9.207317073170733
11_36_05_801,1.0,-2.0,0.0,1.0,0.0,-3.0,2.0,-4.0,1.04443359375,-0.2734375,0.10791015625,10.914634146341465,-12.134146341463415,-8.963414634146343
11_36_05_801,-2.0,1.0,0.0,2.0,1.0,-1.0,-2.0,1.0,1.08056640625,-0.212890625,0.10009765625,29.87804878048781,-15.30487804878049,-16.28048780487805
11_36_05_801,0.0,1.0,3.0,-9.0,-2.0,-1.0,-1.0,-1.0,1.07568359375,-0.2197265625,0.125,53.35365853658537,-24.146341463414636,-23.475609756097562
11_36_05_801,-3.0,-11.0,-55.0,-8.0,-4.0,-4.0,1.0,0.0,0.95947265625,-0.3046875,0.1982421875,61.09756097560976,-31.646341463414636,-16.52439024390244
11_36_05_801,-3.0,2.0,92.0,12.0,-4.0,-4.0,1.0,-4.0,0.8759765625,-0.41552734375,0.2412109375,56.463414634146346,-24.878048780487806,-13.353658536585368
11_36_05_854,0.0,1.0,4.0,1.0,0.0,1.0,-1.0,-4.0,0.9912109375,-0.05419921875,0.19921875,0.7926829268292683,5.7926829268292686,-1.5853658536585367
11_36_05_854,-2.0,-6.0,-4.0,6.0,-4.0,1.0,-1.0,0.0,1.021484375,0.00732421875,0.181640625,27.5609756097561,1.829268292682927,-5.975609756097562
11_36_05_854,-2.0,8.0,34.0,13.0,2.0,0.0,-2.0,1.0,1.02392578125,-0.00244140625,0.18115234375,59.93902439024391,-4.451219512195122,-6.341463414634147
11_36_05_854,-5.0,-12.0,-99.0,-14.0,-7.0,-2.0,1.0,-5.0,1.09912109375,-0.162109375,0.18212890625,65.3658536585366,-10.609756097560977,-6.951219512195123
11_36_05_854,2.0,3.0,5.0,6.0,0.0,0.0,1.0,2.0,1.14990234375,-0.3115234375,0.138671875,39.69512195121951,-13.841463414634148,-10.731707317073171
11_36_05_854,-1.0,2.0,-17.0,5.0,2.0,0.0,-5.0,1.0,1.08544921875,-0.34521484375,0.1181640625,12.500000000000002,-13.04878048780488,-9.207317073170733
11_36_05_854,-3.0,-4.0,-19.0,-10.0,-5.0,-3.0,2.0,2.0,1.04443359375,-0.2734375,0.10791015625,10.914634146341465,-12.134146341463415,-8.963414634146343
11_36_05_854,-5.0,-18.0,0.0,-5.0,-7.0,-3.0,1.0,-4.0,1.08056640625,-0.212890625,0.10009765625,29.87804878048781,-15.30487804878049,-16.28048780487805
11_36_05_854,-1.0,4.0,4.0,3.0,0.0,1.0,-2.0,-6.0,1.07568359375,-0.2197265625,0.125,53.35365853658537,-24.146341463414636,-23.475609756097562
11_36_05_902,-1.0,-3.0,0.0,-2.0,-2.0,1.0,-1.0,-3.0,0.94580078125,-0.09228515625,0.126953125,-21.890243902439025,13.597560975609758,-12.621951219512196
11_36_05_902,-2.0,-4.0,1.0,-1.0,0.0,1.0,-2.0,-2.0,0.9697265625,-0.09521484375,0.12548828125,-17.5609756097561,12.500000000000002,-10.548780487804878
11_36_05_902,2.0,-1.0,-4.0,-1.0,-4.0,-1.0,1.0,1.0,0.97265625,-0.09521484375,0.17919921875,-11.463414634146343,9.51219512195122,-4.085365853658537
11_36_05_902,0.0,1.0,2.0,-3.0,0.0,1.0,-3.0,0.0,0.9912109375,-0.05419921875,0.19921875,0.7926829268292683,5.7926829268292686,-1.5853658536585367
11_36_05_902,2.0,0.0,0.0,2.0,-2.0,-5.0,5.0,-2.0,1.021484375,0.00732421875,0.181640625,27.5609756097561,1.829268292682927,-5.975609756097562
11_36_05_902,-3.0,1.0,1.0,-2.0,2.0,1.0,0.0,3.0,1.02392578125,-0.00244140625,0.18115234375,59.93902439024391,-4.451219512195122,-6.341463414634147
11_36_05_902,-1.0,-3.0,2.0,-1.0,1.0,1.0,2.0,1.0,1.09912109375,-0.162109375,0.18212890625,65.3658536585366,-10.609756097560977,-6.951219512195123
11_36_05_902,-1.0,0.0,-34.0,-8.0,1.0,-2.0,0.0,0.0,1.14990234375,-0.3115234375,0.138671875,39.69512195121951,-13.841463414634148,-10.731707317073171
11_36_05_902,-3.0,-1.0,12.0,4.0,1.0,-2.0,2.0,-4.0,1.08544921875,-0.34521484375,0.1181640625,12.500000000000002,-13.04878048780488,-9.207317073170733
11_36_05_959,0.0,0.0,0.0,1.0,-3.0,0.0,-1.0,-2.0,0.9072265625,-0.10107421875,0.2060546875,-13.475609756097562,6.036585365853659,-25.731707317073173
11_36_05_959,-1.0,-3.0,1.0,-1.0,1.0,-1.0,-3.0,-4.0,0.8916015625,-0.11328125,0.2001953125,-15.731707317073171,10.0,-19.02439024390244
11_36_05_959,-1.0,0.0,3.0,2.0,0.0,2.0,-3.0,-3.0,0.908203125,-0.10205078125,0.16259765625,-20.243902439024392,12.560975609756099,-14.329268292682928
11_36_05_959,-1.0,-3.0,-2.0,-2.0,0.0,0.0,1.0,-1.0,0.94580078125,-0.09228515625,0.126953125,-21.890243902439025,13.597560975609758,-12.621951219512196
11_36_05_959,-1.0,1.0,-2.0,-3.0,-2.0,2.0,1.0,-1.0,0.9697265625,-0.09521484375,0.12548828125,-17.5609756097561,12.500000000000002,-10.548780487804878
11_36_05_959,1.0,-6.0,-4.0,1.0,1.0,-2.0,-2.0,-1.0,0.97265625,-0.09521484375,0.17919921875,-11.463414634146343,9.51219512195122,-4.085365853658537
11_36_05_959,-3.0,-2.0,-4.0,3.0,-3.0,0.0,-3.0,-3.0,0.9912109375,-0.05419921875,0.19921875,0.7926829268292683,5.7926829268292686,-1.5853658536585367
11_36_05_959,2.0,-2.0,-3.0,-2.0,1.0,1.0,-1.0,4.0,1.021484375,0.00732421875,0.181640625,27.5609756097561,1.829268292682927,-5.975609756097562
11_36_05_959,1.0,1.0,2.0,3.0,0.0,-3.0,-2.0,0.0,1.02392578125,-0.00244140625,0.18115234375,59.93902439024391,-4.451219512195122,-6.341463414634147
11_36_05_959,-1.0,-3.0,0.0,-2.0,-2.0,1.0,-1.0,-3.0,1.09912109375,-0.162109375,0.18212890625,65.3658536585366,-10.609756097560977,-6.951219512195123
11_36_06_006,2.0,-1.0,-2.0,-2.0,3.0,-2.0,-1.0,-3.0,0.9267578125,-0.130859375,0.2177734375,-17.31707317073171,-8.841463414634147,-39.69512195121951
11_36_06_006,-3.0,-2.0,1.0,-1.0,1.0,-4.0,1.0,1.0,0.93994140625,-0.10009765625,0.25048828125,-16.34146341463415,-4.817073170731708,-38.41463414634147
11_36_06_006,-2.0,2.0,1.0,0.0,0.0,1.0,-2.0,2.0,0.94384765625,-0.10888671875,0.23583984375,-14.085365853658537,-1.2195121951219514,-36.768292682926834
11_36_06_006,-1.0,-2.0,4.0,3.0,-1.0,1.0,-2.0,0.0,0.9248046875,-0.10400390625,0.23046875,-13.231707317073171,2.804878048780488,-31.82926829268293
11_36_06_006,-1.0,1.0,14.0,1.0,-3.0,0.0,-7.0,-2.0,0.9072265625,-0.10107421875,0.2060546875,-13.475609756097562,6.036585365853659,-25.731707317073173
11_36_06_006,-6.0,-20.0,-57.0,-11.0,-3.0,-2.0,-2.0,-3.0,0.8916015625,-0.11328125,0.2001953125,-15.731707317073171,10.0,-19.02439024390244
11_36_06_006,0.0,-1.0,7.0,1.0,0.0,-3.0,0.0,-3.0,0.908203125,-0.10205078125,0.16259765625,-20.243902439024392,12.560975609756099,-14.329268292682928
11_36_06_006,-2.0,1.0,2.0,3.0,1.0,-2.0,2.0,-2.0,0.94580078125,-0.09228515625,0.126953125,-21.890243902439025,13.597560975609758,-12.621951219512196
11_36_06_006,1.0,-1.0,-3.0,-2.0,-4.0,1.0,-1.0,0.0,0.9697265625,-0.09521484375,0.12548828125,-17.5609756097561,12.500000000000002,-10.548780487804878
11_36_06_006,0.0,0.0,-4.0,1.0,2.0,-3.0,2.0,-4.0,0.97265625,-0.09521484375,0.17919921875,-11.463414634146343,9.51219512195122,-4.085365853658537
11_36_06_058,-1.0,-3.0,3.0,-1.0,-1.0,-4.0,-3.0,1.0,0.9140625,-0.15185546875,0.1435546875,-5.914634146341464,-16.951219512195124,-35.0
11_36_06_058,0.0,-2.0,-1.0,-1.0,-2.0,1.0,-2.0,-3.0,0.91943359375,-0.13623046875,0.1806640625,-13.04878048780488,-13.414634146341465,-38.29268292682927
11_36_06_058,-1.0,0.0,3.0,-1.0,-4.0,-3.0,0.0,-2.0,0.9267578125,-0.130859375,0.2177734375,-17.31707317073171,-8.841463414634147,-39.69512195121951
11_36_06_058,2.0,0.0,-1.0,-2.0,-2.0,-2.0,1.0,0.0,0.93994140625,-0.10009765625,0.25048828125,-16.34146341463415,-4.817073170731708,-38.41463414634147
11_36_06_058,1.0,1.0,-2.0,-2.0,-2.0,-1.0,-1.0,-1.0,0.94384765625,-0.10888671875,0.23583984375,-14.085365853658537,-1.2195121951219514,-36.768292682926834
11_36_06_058,-1.0,0.0,-1.0,-1.0,-1.0,1.0,-2.0,0.0,0.9248046875,-0.10400390625,0.23046875,-13.231707317073171,2.804878048780488,-31.82926829268293
11_36_06_058,-2.0,-1.0,0.0,0.0,3.0,0.0,-1.0,0.0,0.9072265625,-0.10107421875,0.2060546875,-13.475609756097562,6.036585365853659,-25.731707317073173
11_36_06_058,-2.0,0.0,-3.0,-2.0,-1.0,-2.0,0.0,-2.0,0.8916015625,-0.11328125,0.2001953125,-15.731707317073171,10.0,-19.02439024390244
11_36_06_058,0.0,1.0,-4.0,0.0,-1.0,-1.0,0.0,-2.0,0.908203125,-0.10205078125,0.16259765625,-20.243902439024392,12.560975609756099,-14.329268292682928
11_36_06_058,-1.0,-3.0,-1.0,0.0,1.0,1.0,2.0,-2.0,0.94580078125,-0.09228515625,0.126953125,-21.890243902439025,13.597560975609758,-12.621951219512196
11_36_06_109,0.0,4.0,-2.0,2.0,0.0,-3.0,2.0,0.0,0.9267578125,-0.171875,0.1171875,2.0121951219512195,-19.26829268292683,-34.51219512195122
11_36_06_109,0.0,-6.0,1.0,-3.0,-3.0,3.0,1.0,-2.0,0.9140625,-0.15185546875,0.1435546875,-5.914634146341464,-16.951219512195124,-35.0
11_36_06_109,2.0,0.0,-2.0,-2.0,1.0,1.0,-3.0,4.0,0.91943359375,-0.13623046875,0.1806640625,-13.04878048780488,-13.414634146341465,-38.29268292682927
11_36_06_109,-2.0,-3.0,-2.0,1.0,3.0,-2.0,-1.0,-3.0,0.9267578125,-0.130859375,0.2177734375,-17.31707317073171,-8.841463414634147,-39.69512195121951
11_36_06_109,1.0,1.0,3.0,1.0,0.0,-1.0,0.0,-5.0,0.93994140625,-0.10009765625,0.25048828125,-16.34146341463415,-4.817073170731708,-38.41463414634147
11_36_06_109,3.0,-1.0,-3.0,-2.0,-6.0,0.0,0.0,-1.0,0.94384765625,-0.10888671875,0.23583984375,-14.085365853658537,-1.2195121951219514,-36.768292682926834
11_36_06_109,-1.0,-1.0,-1.0,1.0,0.0,3.0,-5.0,-2.0,0.9248046875,-0.10400390625,0.23046875,-13.231707317073171,2.804878048780488,-31.82926829268293
11_36_06_109,-6.0,-5.0,1.0,-2.0,1.0,-2.0,-4.0,-5.0,0.9072265625,-0.10107421875,0.2060546875,-13.475609756097562,6.036585365853659,-25.731707317073173
11_36_06_109,1.0,-4.0,-6.0,-5.0,-1.0,-4.0,-4.0,2.0,0.8916015625,-0.11328125,0.2001953125,-15.731707317073171,10.0,-19.02439024390244
11_36_06_157,1.0,-2.0,0.0,1.0,-2.0,0.0,-2.0,0.0,0.9208984375,-0.126953125,0.10205078125,9.878048780487806,-19.81707317073171,-35.54878048780488
11_36_06_157,2.0,-3.0,0.0,3.0,-2.0,-1.0,1.0,-1.0,0.9267578125,-0.1640625,0.099609375,7.378048780487806,-19.695121951219512,-35.670731707317074
11_36_06_157,-1.0,-1.0,-2.0,0.0,0.0,1.0,-7.0,0.0,0.9267578125,-0.171875,0.1171875,2.0121951219512195,-19.26829268292683,-34.51219512195122
11_36_06_157,-1.0,1.0,2.0,-3.0,2.0,-1.0,1.0,0.0,0.9140625,-0.15185546875,0.1435546875,-5.914634146341464,-16.951219512195124,-35.0
11_36_06_157,-1.0,0.0,-6.0,0.0,-1.0,-3.0,1.0,-1.0,0.91943359375,-0.13623046875,0.1806640625,-13.04878048780488,-13.414634146341465,-38.29268292682927
11_36_06_157,0.0,-4.0,-2.0,0.0,-2.0,-2.0,1.0,-1.0,0.9267578125,-0.130859375,0.2177734375,-17.31707317073171,-8.841463414634147,-39.69512195121951
11_36_06_157,1.0,-1.0,-1.0,-2.0,-1.0,0.0,-3.0,0.0,0.93994140625,-0.10009765625,0.25048828125,-16.34146341463415,-4.817073170731708,-38.41463414634147
11_36_06_157,-2.0,-3.0,-3.0,1.0,1.0,-1.0,0.0,0.0,0.94384765625,-0.10888671875,0.23583984375,-14.085365853658537,-1.2195121951219514,-36.768292682926834
11_36_06_157,0.0,4.0,-2.0,2.0,0.0,-3.0,2.0,0.0,0.9248046875,-0.10400390625,0.23046875,-13.231707317073171,2.804878048780488,-31.82926829268293
11_36_06_208,0.0,-1.0,-1.0,2.0,2.0,-1.0,-3.0,-1.0,0.93359375,-0.07861328125,0.09765625,0.1829268292682927,-20.30487804878049,-33.109756097560975
11_36_06_208,-2.0,-2.0,1.0,1.0,-2.0,-1.0,-1.0,-1.0,0.92431640625,-0.10107421875,0.10205078125,7.621951219512196,-20.243902439024392,-34.81707317073171
11_36_06_208,-2.0,0.0,-2.0,2.0,1.0,2.0,-4.0,-1.0,0.9208984375,-0.126953125,0.10205078125,9.878048780487806,-19.81707317073171,-35.54878048780488
11_36_06_208,-5.0,-1.0,3.0,-1.0,-2.0,1.0,-5.0,-1.0,0.9267578125,-0.1640625,0.099609375,7.378048780487806,-19.695121951219512,-35.670731707317074
11_36_06_208,-2.0,0.0,-3.0,-3.0,-2.0,0.0,1.0,-1.0,0.9267578125,-0.171875,0.1171875,2.0121951219512195,-19.26829268292683,-34.51219512195122
11_36_06_208,2.0,3.0,1.0,-4.0,-2.0,-1.0,0.0,1.0,0.9140625,-0.15185546875,0.1435546875,-5.914634146341464,-16.951219512195124,-35.0
11_36_06_208,-1.0,1.0,0.0,2.0,-2.0,0.0,-5.0,-1.0,0.91943359375,-0.13623046875,0.1806640625,-13.04878048780488,-13.414634146341465,-38.29268292682927
11_36_06_258,0.0,0.0,3.0,0.0,1.0,1.0,2.0,2.0,0.85400390625,-0.07275390625,0.12939453125,-20.975609756097562,-16.951219512195124,-19.75609756097561
11_36_06_258,-3.0,1.0,-2.0,-4.0,0.0,-3.0,-1.0,0.0,0.880859375,-0.05859375,0.12158203125,-14.756097560975611,-18.84146341463415,-22.682926829268293
11_36_06_258,2.0,1.0,-1.0,-1.0,1.0,3.0,-2.0,-1.0,0.9052734375,-0.0517578125,0.09765625,-7.500000000000001,-19.75609756097561,-27.5609756097561
11_36_06_258,1.0,-1.0,0.0,1.0,-1.0,0.0,0.0,-1.0,0.93359375,-0.07861328125,0.09765625,0.1829268292682927,-20.30487804878049,-33.109756097560975
11_36_06_258,-1.0,0.0,-1.0,-3.0,-2.0,-1.0,-3.0,-4.0,0.92431640625,-0.10107421875,0.10205078125,7.621951219512196,-20.243902439024392,-34.81707317073171
11_36_06_258,-1.0,-2.0,-1.0,-5.0,-3.0,2.0,1.0,2.0,0.9208984375,-0.126953125,0.10205078125,9.878048780487806,-19.81707317073171,-35.54878048780488
11_36_06_258,0.0,0.0,0.0,0.0,-2.0,0.0,-1.0,-2.0,0.9267578125,-0.1640625,0.099609375,7.378048780487806,-19.695121951219512,-35.670731707317074
11_36_06_258,1.0,0.0,-1.0,-2.0,0.0,-2.0,-2.0,-5.0,0.9267578125,-0.171875,0.1171875,2.0121951219512195,-19.26829268292683,-34.51219512195122
11_36_06_258,0.0,0.0,-3.0,-2.0,0.0,-1.0,0.0,2.0,0.9140625,-0.15185546875,0.1435546875,-5.914634146341464,-16.951219512195124,-35.0
11_36_06_308,-1.0,2.0,-2.0,-2.0,-4.0,-2.0,-2.0,1.0,1.09814453125,-0.2333984375,0.1669921875,-23.04878048780488,-10.24390243902439,-26.646341463414636
11_36_06_308,-2.0,1.0,1.0,-1.0,0.0,0.0,-1.0,2.0,1.060546875,-0.26611328125,0.16015625,-21.585365853658537,-9.390243902439025,-25.792682926829272
11_36_06_308,-2.0,1.0,-2.0,0.0,-1.0,-3.0,0.0,-5.0,1.0009765625,-0.2421875,0.1591796875,-22.500000000000004,-10.121951219512196,-21.951219512195124
11_36_06_308,-2.0,-2.0,0.0,-1.0,0.0,3.0,-1.0,-1.0,0.89404296875,-0.1689453125,0.1533203125,-24.02439024390244,-12.073170731707318,-17.5609756097561
11_36_06_308,-1.0,-1.0,-3.0,-1.0,-1.0,1.0,-2.0,-3.0,0.84619140625,-0.09814453125,0.14404296875,-24.32926829268293,-14.146341463414636,-17.5609756097561
11_36_06_308,-1.0,1.0,2.0,-3.0,1.0,-2.0,-5.0,-1.0,0.85400390625,-0.07275390625,0.12939453125,-20.975609756097562,-16.951219512195124,-19.75609756097561
11_36_06_308,-2.0,-1.0,0.0,0.0,-2.0,-2.0,2.0,-2.0,0.880859375,-0.05859375,0.12158203125,-14.756097560975611,-18.84146341463415,-22.682926829268293
11_36_06_308,1.0,1.0,-2.0,-3.0,-3.0,1.0,1.0,1.0,0.9052734375,-0.0517578125,0.09765625,-7.500000000000001,-19.75609756097561,-27.5609756097561
11_36_06_308,0.0,1.0,2.0,3.0,-2.0,1.0,1.0,1.0,0.93359375,-0.07861328125,0.09765625,0.1829268292682927,-20.30487804878049,-33.109756097560975
11_36_06_308,1.0,0.0,2.0,1.0,3.0,-2.0,-3.0,4.0,0.92431640625,-0.10107421875,0.10205078125,7.621951219512196,-20.243902439024392,-34.81707317073171
11_36_06_367,0.0,-3.0,2.0,1.0,1.0,-4.0,-1.0,2.0,1.11279296875,-0.142578125,0.15673828125,-30.914634146341466,-11.585365853658537,-25.30487804878049
11_36_06_367,-1.0,-1.0,-3.0,3.0,-2.0,0.0,-1.0,-3.0,1.09814453125,-0.2333984375,0.1669921875,-23.04878048780488,-10.24390243902439,-26.646341463414636
11_36_06_367,-1.0,-3.0,-3.0,-1.0,-2.0,-2.0,0.0,0.0,1.060546875,-0.26611328125,0.16015625,-21.585365853658537,-9.390243902439025,-25.792682926829272
11_36_06_367,0.0,-1.0,-7.0,0.0,-2.0,0.0,-3.0,-4.0,1.0009765625,-0.2421875,0.1591796875,-22.500000000000004,-10.121951219512196,-21.951219512195124
11_36_06_367,-1.0,2.0,-2.0,-2.0,-4.0,-2.0,-2.0,1.0,0.89404296875,-0.1689453125,0.1533203125,-24.02439024390244,-12.073170731707318,-17.5609756097561
11_36_06_367,-2.0,1.0,1.0,-1.0,0.0,0.0,-1.0,2.0,0.84619140625,-0.09814453125,0.14404296875,-24.32926829268293,-14.146341463414636,-17.5609756097561
11_36_06_367,-2.0,1.0,-2.0,0.0,-1.0,-3.0,0.0,-5.0,0.85400390625,-0.07275390625,0.12939453125,-20.975609756097562,-16.951219512195124,-19.75609756097561
11_36_06_367,-2.0,-2.0,0.0,-1.0,0.0,3.0,-1.0,-1.0,0.880859375,-0.05859375,0.12158203125,-14.756097560975611,-18.84146341463415,-22.682926829268293
11_36_06_367,-1.0,-1.0,-3.0,-1.0,-1.0,1.0,-2.0,-3.0,0.9052734375,-0.0517578125,0.09765625,-7.500000000000001,-19.75609756097561,-27.5609756097561
11_36_06_367,-1.0,1.0,2.0,-3.0,1.0,-2.0,-5.0,-1.0,0.93359375,-0.07861328125,0.09765625,0.1829268292682927,-20.30487804878049,-33.109756097560975
11_36_06_409,0.0,-1.0,1.0,-4.0,6.0,-1.0,-1.0,0.0,0.93310546875,-0.06787109375,0.2041015625,-46.58536585365854,-13.78048780487805,-4.451219512195122
11_36_06_409,-4.0,-2.0,-2.0,4.0,-2.0,0.0,-3.0,2.0,0.96728515625,-0.0419921875,0.19287109375,-50.85365853658537,-14.451219512195124,-10.914634146341465
11_36_06_409,-1.0,1.0,0.0,-1.0,-3.0,-2.0,-1.0,3.0,1.0546875,-0.06005859375,0.17578125,-43.90243902439025,-13.353658536585368,-18.963414634146343
11_36_06_409,1.0,-7.0,-6.0,-1.0,-3.0,1.0,1.0,-5.0,1.11279296875,-0.142578125,0.15673828125,-30.914634146341466,-11.585365853658537,-25.30487804878049
11_36_06_409,3.0,0.0,-2.0,-2.0,-3.0,-1.0,-2.0,-5.0,1.09814453125,-0.2333984375,0.1669921875,-23.04878048780488,-10.24390243902439,-26.646341463414636
11_36_06_409,2.0,-4.0,-4.0,-1.0,-2.0,1.0,-1.0,0.0,1.060546875,-0.26611328125,0.16015625,-21.585365853658537,-9.390243902439025,-25.792682926829272
11_36_06_409,-3.0,1.0,-2.0,0.0,-2.0,1.0,3.0,0.0,1.0009765625,-0.2421875,0.1591796875,-22.500000000000004,-10.121951219512196,-21.951219512195124
11_36_06_409,-1.0,-2.0,2.0,1.0,3.0,1.0,-1.0,0.0,0.89404296875,-0.1689453125,0.1533203125,-24.02439024390244,-12.073170731707318,-17.5609756097561
11_36_06_409,0.0,-3.0,1.0,-2.0,-3.0,-2.0,-2.0,-1.0,0.84619140625,-0.09814453125,0.14404296875,-24.32926829268293,-14.146341463414636,-17.5609756097561
11_36_06_409,-3.0,0.0,-3.0,-1.0,0.0,0.0,-3.0,0.0,0.85400390625,-0.07275390625,0.12939453125,-20.975609756097562,-16.951219512195124,-19.75609756097561
11_36_06_464,-1.0,1.0,-3.0,-3.0,2.0,0.0,-3.0,1.0,1.0087890625,-0.0947265625,0.12646484375,9.51219512195122,2.8658536585365857,8.048780487804878
11_36_06_464,0.0,-2.0,0.0,-2.0,-3.0,-1.0,4.0,-1.0,1.00244140625,-0.1435546875,0.14794921875,-7.195121951219513,-3.048780487804878,2.439024390243903
11_36_06_464,2.0,1.0,-5.0,0.0,-3.0,-3.0,-1.0,0.0,0.9765625,-0.13427734375,0.18896484375,-30.731707317073173,-10.426829268292684,-1.3414634146341464
11_36_06_464,-1.0,-1.0,-3.0,-2.0,0.0,-2.0,-4.0,0.0,0.93310546875,-0.06787109375,0.2041015625,-46.58536585365854,-13.78048780487805,-4.451219512195122
11_36_06_464,3.0,0.0,-3.0,1.0,1.0,-4.0,-3.0,1.0,0.96728515625,-0.0419921875,0.19287109375,-50.85365853658537,-14.451219512195124,-10.914634146341465
11_36_06_464,-1.0,0.0,-1.0,0.0,0.0,-2.0,-1.0,0.0,1.0546875,-0.06005859375,0.17578125,-43.90243902439025,-13.353658536585368,-18.963414634146343
11_36_06_464,-1.0,-3.0,2.0,1.0,3.0,-2.0,1.0,-2.0,1.11279296875,-0.142578125,0.15673828125,-30.914634146341466,-11.585365853658537,-25.30487804878049
11_36_06_464,-1.0,-1.0,-3.0,-1.0,-4.0,-1.0,2.0,-3.0,1.09814453125,-0.2333984375,0.1669921875,-23.04878048780488,-10.24390243902439,-26.646341463414636
11_36_06_464,0.0,-3.0,-1.0,-1.0,2.0,-3.0,-2.0,-3.0,1.060546875,-0.26611328125,0.16015625,-21.585365853658537,-9.390243902439025,-25.792682926829272
11_36_06_464,0.0,1.0,0.0,-1.0,2.0,-2.0,-4.0,-2.0,1.0009765625,-0.2421875,0.1591796875,-22.500000000000004,-10.121951219512196,-21.951219512195124
11_36_06_514,1.0,-2.0,1.0,3.0,4.0,0.0,-2.0,0.0,0.95751953125,-0.1240234375,0.1865234375,-11.036585365853659,7.987804878048781,16.82926829268293
11_36_06_514,0.0,-2.0,-1.0,2.0,2.0,1.0,-1.0,1.0,0.9970703125,-0.083984375,0.14306640625,0.7317073170731708,8.78048780487805,15.365853658536587
11_36_06_514,-1.0,3.0,-1.0,-3.0,0.0,1.0,-5.0,2.0,1.01513671875,-0.0712890625,0.11767578125,11.341463414634147,7.439024390243903,12.926829268292684
11_36_06_514,-2.0,-4.0,-4.0,-5.0,-4.0,-4.0,3.0,-4.0,1.0087890625,-0.0947265625,0.12646484375,9.51219512195122,2.8658536585365857,8.048780487804878
11_36_06_514,-3.0,0.0,4.0,1.0,1.0,0.0,-1.0,-2.0,1.00244140625,-0.1435546875,0.14794921875,-7.195121951219513,-3.048780487804878,2.439024390243903
11_36_06_514,-2.0,0.0,1.0,1.0,-7.0,-3.0,5.0,-1.0,0.9765625,-0.13427734375,0.18896484375,-30.731707317073173,-10.426829268292684,-1.3414634146341464
11_36_06_514,-2.0,-1.0,-2.0,-4.0,1.0,-1.0,-1.0,-2.0,0.93310546875,-0.06787109375,0.2041015625,-46.58536585365854,-13.78048780487805,-4.451219512195122
11_36_06_514,0.0,-1.0,1.0,-3.0,-1.0,0.0,-2.0,-3.0,0.96728515625,-0.0419921875,0.19287109375,-50.85365853658537,-14.451219512195124,-10.914634146341465
11_36_06_514,-2.0,-2.0,0.0,-1.0,-2.0,-3.0,-1.0,2.0,1.0546875,-0.06005859375,0.17578125,-43.90243902439025,-13.353658536585368,-18.963414634146343
11_36_06_514,-2.0,1.0,0.0,-3.0,-5.0,-3.0,-3.0,-3.0,1.11279296875,-0.142578125,0.15673828125,-30.914634146341466,-11.585365853658537,-25.30487804878049
11_36_06_564,0.0,-3.0,-2.0,-3.0,1.0,3.0,0.0,0.0,0.89404296875,-0.19580078125,0.28662109375,-25.426829268292686,6.158536585365854,19.207317073170735
11_36_06_564,-4.0,-1.0,0.0,-6.0,-5.0,-3.0,-1.0,1.0,0.92138671875,-0.16357421875,0.2421875,-20.975609756097562,6.646341463414635,17.98780487804878
11_36_06_564,-1.0,0.0,0.0,-3.0,0.0,0.0,-3.0,-3.0,0.95751953125,-0.1240234375,0.1865234375,-11.036585365853659,7.987804878048781,16.82926829268293
11_36_06_564,4.0,0.0,-3.0,-1.0,4.0,2.0,1.0,-1.0,0.9970703125,-0.083984375,0.14306640625,0.7317073170731708,8.78048780487805,15.365853658536587
11_36_06_564,-2.0,-2.0,2.0,1.0,1.0,0.0,-3.0,-3.0,1.01513671875,-0.0712890625,0.11767578125,11.341463414634147,7.439024390243903,12.926829268292684
11_36_06_564,-1.0,-6.0,-10.0,-7.0,-4.0,-9.0,-4.0,-1.0,1.0087890625,-0.0947265625,0.12646484375,9.51219512195122,2.8658536585365857,8.048780487804878
11_36_06_564,-1.0,2.0,3.0,-1.0,-4.0,3.0,-2.0,-1.0,1.00244140625,-0.1435546875,0.14794921875,-7.195121951219513,-3.048780487804878,2.439024390243903
11_36_06_564,-3.0,-3.0,3.0,0.0,1.0,1.0,2.0,0.0,0.9765625,-0.13427734375,0.18896484375,-30.731707317073173,-10.426829268292684,-1.3414634146341464
11_36_06_564,1.0,-2.0,1.0,3.0,4.0,0.0,-2.0,0.0,0.93310546875,-0.06787109375,0.2041015625,-46.58536585365854,-13.78048780487805,-4.451219512195122
11_36_06_564,0.0,-2.0,-1.0,2.0,2.0,1.0,-1.0,1.0,0.96728515625,-0.0419921875,0.19287109375,-50.85365853658537,-14.451219512195124,-10.914634146341465
11_36_06_614,-2.0,1.0,-3.0,4.0,3.0,0.0,-4.0,-4.0,0.8955078125,-0.35693359375,0.29833984375,-11.52439024390244,0.9756097560975611,10.792682926829269
11_36_06_614,-1.0,3.0,1.0,0.0,0.0,-2.0,-6.0,-2.0,0.896484375,-0.27880859375,0.30126953125,-23.658536585365855,3.7195121951219514,16.463414634146343
11_36_06_614,-4.0,3.0,-3.0,-3.0,-3.0,-1.0,2.0,-3.0,0.89404296875,-0.19580078125,0.28662109375,-25.426829268292686,6.158536585365854,19.207317073170735
11_36_06_614,-1.0,1.0,-1.0,-6.0,-5.0,-6.0,-7.0,1.0,0.92138671875,-0.16357421875,0.2421875,-20.975609756097562,6.646341463414635,17.98780487804878
11_36_06_614,0.0,-3.0,-4.0,-1.0,2.0,-4.0,2.0,-2.0,0.95751953125,-0.1240234375,0.1865234375,-11.036585365853659,7.987804878048781,16.82926829268293
11_36_06_614,0.0,-1.0,1.0,0.0,-2.0,1.0,-3.0,1.0,0.9970703125,-0.083984375,0.14306640625,0.7317073170731708,8.78048780487805,15.365853658536587
11_36_06_614,1.0,2.0,4.0,0.0,3.0,-1.0,-1.0,3.0,1.01513671875,-0.0712890625,0.11767578125,11.341463414634147,7.439024390243903,12.926829268292684
11_36_06_614,1.0,1.0,-2.0,-3.0,-6.0,2.0,2.0,-2.0,1.0087890625,-0.0947265625,0.12646484375,9.51219512195122,2.8658536585365857,8.048780487804878
11_36_06_614,0.0,-4.0,-4.0,-1.0,-1.0,-3.0,0.0,-4.0,1.00244140625,-0.1435546875,0.14794921875,-7.195121951219513,-3.048780487804878,2.439024390243903
11_36_06_666,-1.0,0.0,-6.0,2.0,1.0,5.0,-4.0,-4.0,0.89892578125,-0.27734375,0.23974609375,18.902439024390244,4.634146341463415,12.134146341463415
11_36_06_666,0.0,-2.0,7.0,-1.0,-3.0,0.0,2.0,-1.0,0.908203125,-0.28173828125,0.275390625,17.012195121951223,0.853658536585366,7.378048780487806
11_36_06_666,-1.0,0.0,-7.0,-2.0,0.0,-1.0,1.0,0.0,0.88818359375,-0.34521484375,0.28515625,12.926829268292684,-1.8902439024390245,4.51219512195122
11_36_06_666,0.0,0.0,-5.0,4.0,3.0,2.0,-1.0,0.0,0.8759765625,-0.37353515625,0.2998046875,2.3170731707317076,-1.0365853658536586,6.463414634146342
11_36_06_666,0.0,0.0,6.0,3.0,-2.0,-6.0,-2.0,1.0,0.8955078125,-0.35693359375,0.29833984375,-11.52439024390244,0.9756097560975611,10.792682926829269
11_36_06_666,0.0,-5.0,2.0,-8.0,-3.0,1.0,-2.0,-3.0,0.896484375,-0.27880859375,0.30126953125,-23.658536585365855,3.7195121951219514,16.463414634146343
11_36_06_666,-1.0,3.0,-1.0,3.0,-1.0,0.0,2.0,-3.0,0.89404296875,-0.19580078125,0.28662109375,-25.426829268292686,6.158536585365854,19.207317073170735
11_36_06_666,0.0,2.0,-4.0,-3.0,1.0,1.0,3.0,-1.0,0.92138671875,-0.16357421875,0.2421875,-20.975609756097562,6.646341463414635,17.98780487804878
11_36_06_666,-5.0,-13.0,-29.0,-8.0,-3.0,-5.0,-8.0,-1.0,0.95751953125,-0.1240234375,0.1865234375,-11.036585365853659,7.987804878048781,16.82926829268293
11_36_06_666,0.0,5.0,7.0,1.0,0.0,-2.0,-4.0,-4.0,0.9970703125,-0.083984375,0.14306640625,0.7317073170731708,8.78048780487805,15.365853658536587
11_36_06_715,2.0,1.0,-4.0,0.0,3.0,0.0,-1.0,0.0,0.89892578125,-0.27734375,0.23974609375,18.902439024390244,4.634146341463415,12.134146341463415
11_36_06_715,-2.0,-4.0,-1.0,1.0,1.0,-1.0,0.0,-3.0,0.908203125,-0.28173828125,0.275390625,17.012195121951223,0.853658536585366,7.378048780487806
11_36_06_715,0.0,2.0,0.0,-1.0,-2.0,-3.0,3.0,-1.0,0.88818359375,-0.34521484375,0.28515625,12.926829268292684,-1.8902439024390245,4.51219512195122
11_36_06_715,0.0,0.0,4.0,1.0,1.0,-1.0,-29.0,-4.0,0.8759765625,-0.37353515625,0.2998046875,2.3170731707317076,-1.0365853658536586,6.463414634146342
11_36_06_715,-4.0,-4.0,6.0,0.0,-1.0,-5.0,7.0,0.0,0.8955078125,-0.35693359375,0.29833984375,-11.52439024390244,0.9756097560975611,10.792682926829269
11_36_06_715,0.0,-4.0,2.0,-1.0,-3.0,-3.0,-3.0,-3.0,0.896484375,-0.27880859375,0.30126953125,-23.658536585365855,3.7195121951219514,16.463414634146343
11_36_06_715,1.0,2.0,9.0,-1.0,-5.0,-1.0,5.0,2.0,0.89404296875,-0.19580078125,0.28662109375,-25.426829268292686,6.158536585365854,19.207317073170735
11_36_06_715,-3.0,-4.0,2.0,-1.0,-1.0,-3.0,13.0,-3.0,0.92138671875,-0.16357421875,0.2421875,-20.975609756097562,6.646341463414635,17.98780487804878
11_36_06_768,0.0,2.0,3.0,-1.0,1.0,-1.0,0.0,-2.0,0.86474609375,-0.29541015625,0.22607421875,28.475609756097562,8.536585365853659,19.75609756097561
11_36_06_768,-1.0,1.0,-9.0,0.0,-4.0,-2.0,-8.0,-1.0,0.87451171875,-0.28857421875,0.228515625,23.963414634146343,7.01219512195122,17.378048780487806
11_36_06_768,1.0,-1.0,0.0,2.0,2.0,-3.0,4.0,-1.0,0.89892578125,-0.27734375,0.23974609375,18.902439024390244,4.634146341463415,12.134146341463415
11_36_06_768,-2.0,0.0,-1.0,-3.0,-3.0,0.0,1.0,2.0,0.908203125,-0.28173828125,0.275390625,17.012195121951223,0.853658536585366,7.378048780487806
11_36_06_768,0.0,-1.0,-4.0,-5.0,-1.0,-1.0,2.0,-3.0,0.88818359375,-0.34521484375,0.28515625,12.926829268292684,-1.8902439024390245,4.51219512195122
11_36_06_768,2.0,1.0,-4.0,0.0,3.0,0.0,-1.0,0.0,0.8759765625,-0.37353515625,0.2998046875,2.3170731707317076,-1.0365853658536586,6.463414634146342
11_36_06_768,-2.0,-4.0,-1.0,1.0,1.0,-1.0,0.0,-3.0,0.8955078125,-0.35693359375,0.29833984375,-11.52439024390244,0.9756097560975611,10.792682926829269
11_36_06_768,0.0,2.0,0.0,-1.0,-2.0,-3.0,3.0,-1.0,0.896484375,-0.27880859375,0.30126953125,-23.658536585365855,3.7195121951219514,16.463414634146343
11_36_06_768,0.0,0.0,4.0,1.0,1.0,-1.0,-29.0,-4.0,0.89404296875,-0.19580078125,0.28662109375,-25.426829268292686,6.158536585365854,19.207317073170735
11_36_06_815,3.0,2.0,4.0,4.0,3.0,-2.0,-1.0,0.0,0.85546875,-0.26953125,0.1591796875,57.743902439024396,5.365853658536586,38.29268292682927
11_36_06_815,-1.0,-2.0,3.0,-1.0,-3.0,0.0,1.0,-2.0,0.8701171875,-0.27001953125,0.1875,49.268292682926834,7.25609756097561,34.75609756097561
11_36_06_815,-4.0,-1.0,-5.0,3.0,0.0,4.0,-2.0,-2.0,0.8994140625,-0.2685546875,0.1943359375,44.390243902439025,9.26829268292683,28.59756097560976
11_36_06_815,-2.0,-3.0,-16.0,-5.0,-3.0,-3.0,-4.0,0.0,0.908203125,-0.30810546875,0.21533203125,40.54878048780488,9.51219512195122,23.719512195121954
11_36_06_815,-3.0,-6.0,-2.0,1.0,-6.0,2.0,-3.0,-3.0,0.89990234375,-0.3212890625,0.22998046875,35.243902439024396,8.78048780487805,20.853658536585368
11_36_06_815,1.0,-3.0,-1.0,-2.0,-4.0,-3.0,-2.0,-1.0,0.86474609375,-0.29541015625,0.22607421875,28.475609756097562,8.536585365853659,19.75609756097561
11_36_06_815,-3.0,-1.0,-1.0,1.0,0.0,2.0,1.0,1.0,0.87451171875,-0.28857421875,0.228515625,23.963414634146343,7.01219512195122,17.378048780487806
11_36_06_815,0.0,-1.0,-12.0,-1.0,-1.0,0.0,5.0,-4.0,0.89892578125,-0.27734375,0.23974609375,18.902439024390244,4.634146341463415,12.134146341463415
11_36_06_815,0.0,-6.0,-23.0,-1.0,0.0,-1.0,-5.0,-2.0,0.908203125,-0.28173828125,0.275390625,17.012195121951223,0.853658536585366,7.378048780487806
11_36_06_815,-2.0,-1.0,29.0,2.0,1.0,-4.0,9.0,-3.0,0.88818359375,-0.34521484375,0.28515625,12.926829268292684,-1.8902439024390245,4.51219512195122
11_36_06_870,-1.0,0.0,6.0,3.0,-1.0,-1.0,-1.0,0.0,0.8779296875,-0.2587890625,0.134765625,65.73170731707317,5.853658536585367,39.146341463414636
11_36_06_870,0.0,6.0,-18.0,-6.0,-2.0,-2.0,-2.0,1.0,0.85546875,-0.26953125,0.1591796875,57.743902439024396,5.365853658536586,38.29268292682927
11_36_06_870,-6.0,-13.0,55.0,4.0,-1.0,-4.0,-2.0,-1.0,0.8701171875,-0.27001953125,0.1875,49.268292682926834,7.25609756097561,34.75609756097561
11_36_06_870,3.0,4.0,-21.0,-3.0,-1.0,-4.0,-6.0,2.0,0.8994140625,-0.2685546875,0.1943359375,44.390243902439025,9.26829268292683,28.59756097560976
11_36_06_870,2.0,2.0,0.0,7.0,1.0,1.0,0.0,-3.0,0.908203125,-0.30810546875,0.21533203125,40.54878048780488,9.51219512195122,23.719512195121954
11_36_06_870,-8.0,5.0,-4.0,0.0,0.0,-3.0,-2.0,1.0,0.89990234375,-0.3212890625,0.22998046875,35.243902439024396,8.78048780487805,20.853658536585368
11_36_06_870,-2.0,3.0,12.0,-5.0,-5.0,-2.0,1.0,-1.0,0.86474609375,-0.29541015625,0.22607421875,28.475609756097562,8.536585365853659,19.75609756097561
11_36_06_870,5.0,0.0,6.0,1.0,-2.0,-1.0,5.0,-4.0,0.87451171875,-0.28857421875,0.228515625,23.963414634146343,7.01219512195122,17.378048780487806
11_36_06_923,6.0,19.0,2.0,-2.0,-3.0,-5.0,-6.0,-3.0,0.95361328125,-0.19287109375,0.0908203125,36.58536585365854,12.500000000000002,39.69512195121951
11_36_06_923,3.0,8.0,16.0,-1.0,-1.0,8.0,7.0,6.0,0.97998046875,-0.16064453125,0.076171875,49.268292682926834,11.951219512195124,36.951219512195124
11_36_06_923,4.0,26.0,6.0,1.0,6.0,2.0,-1.0,5.0,0.958984375,-0.208984375,0.09521484375,65.42682926829269,7.439024390243903,36.09756097560976
11_36_06_923,-12.0,-6.0,1.0,0.0,-1.0,-6.0,-7.0,-9.0,0.8779296875,-0.2587890625,0.134765625,65.73170731707317,5.853658536585367,39.146341463414636
11_36_06_923,-8.0,2.0,9.0,1.0,-1.0,1.0,6.0,0.0,0.85546875,-0.26953125,0.1591796875,57.743902439024396,5.365853658536586,38.29268292682927
11_36_06_923,8.0,2.0,-34.0,-1.0,-1.0,0.0,-1.0,2.0,0.8701171875,-0.27001953125,0.1875,49.268292682926834,7.25609756097561,34.75609756097561
11_36_06_923,-2.0,1.0,14.0,2.0,3.0,-1.0,-4.0,-2.0,0.8994140625,-0.2685546875,0.1943359375,44.390243902439025,9.26829268292683,28.59756097560976
11_36_06_923,1.0,-6.0,-8.0,1.0,-1.0,1.0,0.0,1.0,0.908203125,-0.30810546875,0.21533203125,40.54878048780488,9.51219512195122,23.719512195121954
11_36_06_923,-1.0,2.0,-9.0,-4.0,-3.0,-5.0,-4.0,2.0,0.89990234375,-0.3212890625,0.22998046875,35.243902439024396,8.78048780487805,20.853658536585368
11_36_06_966,0.0,5.0,31.0,13.0,1.0,3.0,-1.0,0.0,0.953125,-0.13427734375,0.138671875,33.170731707317074,12.500000000000002,31.89024390243903
11_36_06_966,1.0,1.0,13.0,3.0,1.0,2.0,1.0,1.0,0.91455078125,-0.14404296875,0.09130859375,36.463414634146346,11.76829268292683,37.80487804878049
11_36_06_966,-1.0,13.0,7.0,-2.0,-2.0,-2.0,-2.0,-3.0,0.9267578125,-0.181640625,0.0888671875,36.28048780487805,10.609756097560977,40.0609756097561
11_36_06_966,3.0,46.0,-26.0,2.0,5.0,3.0,-5.0,1.0,0.95361328125,-0.19287109375,0.0908203125,36.58536585365854,12.500000000000002,39.69512195121951
11_36_06_966,-5.0,-33.0,23.0,5.0,1.0,-2.0,-6.0,0.0,0.97998046875,-0.16064453125,0.076171875,49.268292682926834,11.951219512195124,36.951219512195124
11_36_06_966,-1.0,-16.0,-16.0,-2.0,-2.0,-2.0,-1.0,4.0,0.958984375,-0.208984375,0.09521484375,65.42682926829269,7.439024390243903,36.09756097560976
11_36_06_966,-1.0,0.0,-38.0,-13.0,-8.0,-7.0,1.0,-2.0,0.8779296875,-0.2587890625,0.134765625,65.73170731707317,5.853658536585367,39.146341463414636
11_36_06_966,11.0,11.0,22.0,0.0,1.0,2.0,0.0,3.0,0.85546875,-0.26953125,0.1591796875,57.743902439024396,5.365853658536586,38.29268292682927
11_36_06_966,-51.0,-6.0,1.0,1.0,2.0,4.0,3.0,-1.0,0.8701171875,-0.27001953125,0.1875,49.268292682926834,7.25609756097561,34.75609756097561
11_36_07_027,-19.0,-11.0,2.0,2.0,-1.0,-3.0,-2.0,0.0,1.0751953125,-0.18994140625,0.099609375,15.79268292682927,-0.9146341463414634,28.475609756097562
11_36_07_027,1.0,-4.0,3.0,-4.0,0.0,0.0,-1.0,-2.0,1.0517578125,-0.17578125,0.15625,23.84146341463415,7.378048780487806,27.5609756097561
11_36_07_027,1.0,-3.0,-4.0,0.0,1.0,3.0,-1.0,-3.0,0.953125,-0.13427734375,0.138671875,33.170731707317074,12.500000000000002,31.89024390243903
11_36_07_027,-1.0,-3.0,-2.0,3.0,-2.0,2.0,-1.0,1.0,0.91455078125,-0.14404296875,0.09130859375,36.463414634146346,11.76829268292683,37.80487804878049
11_36_07_027,0.0,4.0,-5.0,2.0,0.0,0.0,0.0,-4.0,0.9267578125,-0.181640625,0.0888671875,36.28048780487805,10.609756097560977,40.0609756097561
11_36_07_027,0.0,0.0,6.0,1.0,-4.0,-1.0,-1.0,1.0,0.95361328125,-0.19287109375,0.0908203125,36.58536585365854,12.500000000000002,39.69512195121951
11_36_07_027,-3.0,-8.0,-15.0,-18.0,-2.0,-1.0,-1.0,2.0,0.97998046875,-0.16064453125,0.076171875,49.268292682926834,11.951219512195124,36.951219512195124
11_36_07_027,0.0,5.0,31.0,13.0,1.0,3.0,-1.0,0.0,0.958984375,-0.208984375,0.09521484375,65.42682926829269,7.439024390243903,36.09756097560976
11_36_07_027,1.0,1.0,13.0,3.0,1.0,2.0,1.0,1.0,0.8779296875,-0.2587890625,0.134765625,65.73170731707317,5.853658536585367,39.146341463414636
11_36_07_027,-1.0,13.0,7.0,-2.0,-2.0,-2.0,-2.0,-3.0,0.85546875,-0.26953125,0.1591796875,57.743902439024396,5.365853658536586,38.29268292682927
11_36_07_067,-24.0,-11.0,-77.0,-29.0,-6.0,-5.0,-1.0,0.0,1.06884765625,-0.0322265625,0.10400390625,7.743902439024391,-12.682926829268293,9.390243902439025
11_36_07_067,-9.0,4.0,32.0,8.0,2.0,4.0,3.0,-3.0,1.04833984375,-0.04296875,0.07470703125,12.74390243902439,-9.817073170731708,12.256097560975611
11_36_07_067,8.0,-4.0,-12.0,-5.0,-1.0,-5.0,-1.0,-5.0,1.02783203125,-0.12109375,0.0947265625,17.804878048780488,-7.01219512195122,19.75609756097561
11_36_07_067,-5.0,3.0,-9.0,-2.0,-4.0,2.0,-3.0,3.0,1.07470703125,-0.1708984375,0.09033203125,18.78048780487805,-6.158536585365854,25.60975609756098
11_36_07_067,6.0,2.0,9.0,5.0,0.0,-2.0,-1.0,-1.0,1.0751953125,-0.18994140625,0.099609375,15.79268292682927,-0.9146341463414634,28.475609756097562
11_36_07_067,0.0,-3.0,22.0,-1.0,-5.0,-6.0,-3.0,-1.0,1.0517578125,-0.17578125,0.15625,23.84146341463415,7.378048780487806,27.5609756097561
11_36_07_067,0.0,5.0,9.0,-3.0,1.0,0.0,0.0,5.0,0.953125,-0.13427734375,0.138671875,33.170731707317074,12.500000000000002,31.89024390243903
11_36_07_067,-6.0,1.0,19.0,-3.0,2.0,3.0,0.0,2.0,0.91455078125,-0.14404296875,0.09130859375,36.463414634146346,11.76829268292683,37.80487804878049
11_36_07_067,-3.0,2.0,10.0,3.0,3.0,2.0,-1.0,-4.0,0.9267578125,-0.181640625,0.0888671875,36.28048780487805,10.609756097560977,40.0609756097561
11_36_07_067,-1.0,2.0,5.0,1.0,2.0,1.0,-2.0,1.0,0.95361328125,-0.19287109375,0.0908203125,36.58536585365854,12.500000000000002,39.69512195121951
11_36_07_119,2.0,1.0,0.0,0.0,-2.0,-4.0,1.0,0.0,1.10693359375,-0.0478515625,0.091796875,-14.329268292682928,-25.121951219512198,14.878048780487806
11_36_07_119,7.0,12.0,15.0,0.0,-10.0,-4.0,-5.0,0.0,1.091796875,-0.04150390625,0.0771484375,-7.500000000000001,-17.865853658536587,9.390243902439025
11_36_07_119,8.0,8.0,45.0,6.0,-3.0,-1.0,-1.0,4.0,1.06884765625,-0.0322265625,0.10400390625,7.743902439024391,-12.682926829268293,9.390243902439025
11_36_07_119,-5.0,-16.0,18.0,-7.0,5.0,3.0,-3.0,-5.0,1.04833984375,-0.04296875,0.07470703125,12.74390243902439,-9.817073170731708,12.256097560975611
11_36_07_119,11.0,6.0,35.0,11.0,4.0,3.0,2.0,3.0,1.02783203125,-0.12109375,0.0947265625,17.804878048780488,-7.01219512195122,19.75609756097561
11_36_07_119,-34.0,0.0,2.0,1.0,-16.0,-9.0,3.0,-2.0,1.07470703125,-0.1708984375,0.09033203125,18.78048780487805,-6.158536585365854,25.60975609756098
11_36_07_119,-8.0,-2.0,4.0,2.0,-6.0,-3.0,1.0,0.0,1.0751953125,-0.18994140625,0.099609375,15.79268292682927,-0.9146341463414634,28.475609756097562
11_36_07_119,-29.0,-3.0,-4.0,19.0,21.0,10.0,1.0,-5.0,1.0517578125,-0.17578125,0.15625,23.84146341463415,7.378048780487806,27.5609756097561
11_36_07_119,19.0,-3.0,8.0,2.0,12.0,8.0,-1.0,-2.0,0.953125,-0.13427734375,0.138671875,33.170731707317074,12.500000000000002,31.89024390243903
11_36_07_119,14.0,5.0,3.0,9.0,-5.0,-5.0,-7.0,-2.0,0.91455078125,-0.14404296875,0.09130859375,36.463414634146346,11.76829268292683,37.80487804878049
11_36_07_174,21.0,9.0,2.0,1.0,-1.0,2.0,20.0,-5.0,1.09033203125,-0.24072265625,0.056640625,-16.158536585365855,-19.146341463414636,15.975609756097562
11_36_07_174,10.0,-8.0,-16.0,-1.0,1.0,1.0,0.0,3.0,1.10498046875,-0.10791015625,0.00146484375,-23.53658536585366,-24.573170731707318,15.000000000000002
11_36_07_174,-25.0,-9.0,-4.0,-1.0,-4.0,-5.0,-9.0,-6.0,1.10693359375,-0.0478515625,0.091796875,-14.329268292682928,-25.121951219512198,14.878048780487806
11_36_07_174,11.0,1.0,8.0,5.0,2.0,2.0,3.0,-5.0,1.091796875,-0.04150390625,0.0771484375,-7.500000000000001,-17.865853658536587,9.390243902439025
11_36_07_174,10.0,9.0,16.0,-8.0,-3.0,-1.0,-2.0,4.0,1.06884765625,-0.0322265625,0.10400390625,7.743902439024391,-12.682926829268293,9.390243902439025
11_36_07_174,-4.0,-6.0,21.0,1.0,-2.0,-3.0,-7.0,-1.0,1.04833984375,-0.04296875,0.07470703125,12.74390243902439,-9.817073170731708,12.256097560975611
11_36_07_174,2.0,1.0,0.0,0.0,-2.0,-4.0,1.0,0.0,1.02783203125,-0.12109375,0.0947265625,17.804878048780488,-7.01219512195122,19.75609756097561
11_36_07_174,7.0,12.0,15.0,0.0,-10.0,-4.0,-5.0,0.0,1.07470703125,-0.1708984375,0.09033203125,18.78048780487805,-6.158536585365854,25.60975609756098
11_36_07_174,8.0,8.0,45.0,6.0,-3.0,-1.0,-1.0,4.0,1.0751953125,-0.18994140625,0.099609375,15.79268292682927,-0.9146341463414634,28.475609756097562
11_36_07_174,-5.0,-16.0,18.0,-7.0,5.0,3.0,-3.0,-5.0,1.0517578125,-0.17578125,0.15625,23.84146341463415,7.378048780487806,27.5609756097561
11_36_07_224,4.0,-21.0,-71.0,-7.0,-1.0,-7.0,-5.0,-5.0,0.9638671875,-0.10400390625,0.2099609375,-10.30487804878049,0.426829268292683,3.8414634146341466
11_36_07_224,14.0,1.0,54.0,24.0,4.0,-2.0,-1.0,2.0,0.98779296875,-0.1865234375,0.18212890625,7.01219512195122,-1.1585365853658538,14.939024390243905
11_36_07_224,-21.0,-12.0,-56.0,-25.0,-13.0,-5.0,2.0,-8.0,1.0625,-0.275390625,0.14013671875,4.024390243902439,-8.109756097560977,16.463414634146343
11_36_07_224,-40.0,3.0,26.0,3.0,5.0,2.0,0.0,-2.0,1.09033203125,-0.24072265625,0.056640625,-16.158536585365855,-19.146341463414636,15.975609756097562
11_36_07_224,13.0,8.0,-1.0,5.0,-2.0,2.0,2.0,5.0,1.10498046875,-0.10791015625,0.00146484375,-23.53658536585366,-24.573170731707318,15.000000000000002
11_36_07_224,38.0,13.0,4.0,2.0,1.0,3.0,1.0,5.0,1.10693359375,-0.0478515625,0.091796875,-14.329268292682928,-25.121951219512198,14.878048780487806
11_36_07_224,-128.0,-22.0,-9.0,-8.0,-4.0,-3.0,0.0,-10.0,1.091796875,-0.04150390625,0.0771484375,-7.500000000000001,-17.865853658536587,9.390243902439025
11_36_07_224,13.0,-15.0,-12.0,-3.0,-2.0,2.0,0.0,-4.0,1.06884765625,-0.0322265625,0.10400390625,7.743902439024391,-12.682926829268293,9.390243902439025
11_36_07_224,3.0,7.0,7.0,3.0,-1.0,-3.0,-4.0,-1.0,1.04833984375,-0.04296875,0.07470703125,12.74390243902439,-9.817073170731708,12.256097560975611
11_36_07_224,16.0,2.0,5.0,4.0,4.0,-4.0,-3.0,4.0,1.02783203125,-0.12109375,0.0947265625,17.804878048780488,-7.01219512195122,19.75609756097561
11_36_07_272,10.0,11.0,-4.0,-3.0,-1.0,-4.0,9.0,1.0,1.00244140625,-0.3369140625,0.18017578125,-19.32926829268293,-12.378048780487806,-10.609756097560977
11_36_07_272,10.0,16.0,5.0,-1.0,-1.0,1.0,7.0,5.0,0.953125,-0.291015625,0.17822265625,-38.59756097560976,-8.353658536585366,-8.170731707317074
11_36_07_272,2.0,-8.0,24.0,8.0,-1.0,1.0,-14.0,1.0,0.96484375,-0.185546875,0.240234375,-33.170731707317074,-3.7195121951219514,-3.780487804878049
11_36_07_272,28.0,-34.0,-30.0,-12.0,0.0,-6.0,-4.0,-6.0,0.9638671875,-0.10400390625,0.2099609375,-10.30487804878049,0.426829268292683,3.8414634146341466
11_36_07_272,-44.0,1.0,1.0,3.0,6.0,3.0,13.0,-4.0,0.98779296875,-0.1865234375,0.18212890625,7.01219512195122,-1.1585365853658538,14.939024390243905
11_36_07_272,43.0,14.0,5.0,4.0,4.0,5.0,1.0,8.0,1.0625,-0.275390625,0.14013671875,4.024390243902439,-8.109756097560977,16.463414634146343
11_36_07_272,11.0,-25.0,-9.0,-9.0,-8.0,-12.0,-11.0,-6.0,1.09033203125,-0.24072265625,0.056640625,-16.158536585365855,-19.146341463414636,15.975609756097562
11_36_07_272,-65.0,-4.0,-6.0,-4.0,-6.0,-1.0,-9.0,-5.0,1.10498046875,-0.10791015625,0.00146484375,-23.53658536585366,-24.573170731707318,15.000000000000002
11_36_07_272,17.0,9.0,6.0,1.0,0.0,7.0,9.0,6.0,1.10693359375,-0.0478515625,0.091796875,-14.329268292682928,-25.121951219512198,14.878048780487806
11_36_07_272,19.0,11.0,16.0,3.0,3.0,2.0,1.0,-1.0,1.091796875,-0.04150390625,0.0771484375,-7.500000000000001,-17.865853658536587,9.390243902439025
11_36_07_325,-1.0,8.0,2.0,-6.0,-8.0,-6.0,-4.0,-34.0,0.86962890625,-0.23095703125,0.2177734375,0.5487804878048781,3.353658536585366,-0.6097560975609757
11_36_07_325,21.0,11.0,-4.0,-6.0,3.0,4.0,10.0,1.0,0.96728515625,-0.224609375,0.20849609375,21.34146341463415,3.9024390243902443,-2.6219512195121952
11_36_07_325,23.0,18.0,2.0,11.0,-1.0,4.0,12.0,19.0,1.01416015625,-0.2998046875,0.17236328125,7.134146341463415,-3.9024390243902443,-8.170731707317074
11_36_07_325,18.0,2.0,7.0,4.0,5.0,11.0,9.0,16.0,1.00244140625,-0.3369140625,0.18017578125,-19.32926829268293,-12.378048780487806,-10.609756097560977
11_36_07_325,-49.0,-50.0,-19.0,-13.0,-14.0,-16.0,-18.0,-22.0,0.953125,-0.291015625,0.17822265625,-38.59756097560976,-8.353658536585366,-8.170731707317074
11_36_07_325,-47.0,-8.0,-8.0,-5.0,-13.0,-5.0,-3.0,0.0,0.96484375,-0.185546875,0.240234375,-33.170731707317074,-3.7195121951219514,-3.780487804878049
11_36_07_325,70.0,27.0,10.0,4.0,8.0,11.0,10.0,10.0,0.9638671875,-0.10400390625,0.2099609375,-10.30487804878049,0.426829268292683,3.8414634146341466
11_36_07_325,19.0,0.0,-10.0,-1.0,-1.0,-7.0,-24.0,0.0,0.98779296875,-0.1865234375,0.18212890625,7.01219512195122,-1.1585365853658538,14.939024390243905
11_36_07_325,4.0,5.0,-4.0,-2.0,1.0,5.0,-9.0,-6.0,1.0625,-0.275390625,0.14013671875,4.024390243902439,-8.109756097560977,16.463414634146343
11_36_07_325,-39.0,-7.0,-4.0,-3.0,-6.0,-13.0,5.0,-13.0,1.09033203125,-0.24072265625,0.056640625,-16.158536585365855,-19.146341463414636,15.975609756097562
11_36_07_376,16.0,2.0,0.0,6.0,12.0,3.0,-11.0,-12.0,0.880859375,-0.24658203125,0.17138671875,-32.6219512195122,-11.158536585365855,-14.51219512195122
11_36_07_376,72.0,-75.0,-19.0,-16.0,-14.0,-46.0,-56.0,-24.0,0.85693359375,-0.259765625,0.236328125,-21.707317073170735,-2.378048780487805,-11.28048780487805
11_36_07_376,-35.0,-6.0,4.0,3.0,2.0,5.0,-5.0,38.0,0.86962890625,-0.23095703125,0.2177734375,0.5487804878048781,3.353658536585366,-0.6097560975609757
11_36_07_376,73.0,37.0,-8.0,-5.0,-12.0,5.0,18.0,20.0,0.96728515625,-0.224609375,0.20849609375,21.34146341463415,3.9024390243902443,-2.6219512195121952
11_36_07_376,36.0,8.0,8.0,-4.0,-20.0,-9.0,18.0,16.0,1.01416015625,-0.2998046875,0.17236328125,7.134146341463415,-3.9024390243902443,-8.170731707317074
11_36_07_376,6.0,-2.0,-10.0,-1.0,-1.0,3.0,0.0,5.0,1.00244140625,-0.3369140625,0.18017578125,-19.32926829268293,-12.378048780487806,-10.609756097560977
11_36_07_376,-5.0,2.0,4.0,-2.0,13.0,16.0,4.0,-13.0,0.953125,-0.291015625,0.17822265625,-38.59756097560976,-8.353658536585366,-8.170731707317074
11_36_07_376,22.0,-8.0,-16.0,23.0,10.0,5.0,4.0,14.0,0.96484375,-0.185546875,0.240234375,-33.170731707317074,-3.7195121951219514,-3.780487804878049
11_36_07_376,1.0,-1.0,-13.0,-23.0,3.0,-7.0,-11.0,0.0,0.9638671875,-0.10400390625,0.2099609375,-10.30487804878049,0.426829268292683,3.8414634146341466
11_36_07_376,-2.0,8.0,6.0,9.0,-9.0,-4.0,-12.0,1.0,0.98779296875,-0.1865234375,0.18212890625,7.01219512195122,-1.1585365853658538,14.939024390243905
11_36_07_439,36.0,-7.0,15.0,64.0,76.0,38.0,13.0,-66.0,0.978515625,-0.28369140625,0.13671875,0.6097560975609757,-7.439024390243903,-3.2926829268292686
11_36_07_439,-128.0,-24.0,-2.0,0.0,29.0,34.0,6.0,-12.0,0.93603515625,-0.306640625,0.1328125,-28.780487804878053,-16.82926829268293,-9.451219512195122
11_36_07_439,127.0,2.0,8.0,35.0,32.0,26.0,0.0,-57.0,0.880859375,-0.24658203125,0.17138671875,-32.6219512195122,-11.158536585365855,-14.51219512195122
11_36_07_439,45.0,25.0,-1.0,-21.0,-14.0,-11.0,-16.0,-52.0,0.85693359375,-0.259765625,0.236328125,-21.707317073170735,-2.378048780487805,-11.28048780487805
11_36_07_439,-33.0,-34.0,-22.0,-22.0,-45.0,-64.0,-49.0,-67.0,0.86962890625,-0.23095703125,0.2177734375,0.5487804878048781,3.353658536585366,-0.6097560975609757
11_36_07_439,23.0,11.0,5.0,-8.0,-10.0,9.0,49.0,57.0,0.96728515625,-0.224609375,0.20849609375,21.34146341463415,3.9024390243902443,-2.6219512195121952
11_36_07_439,57.0,22.0,4.0,-2.0,2.0,23.0,34.0,63.0,1.01416015625,-0.2998046875,0.17236328125,7.134146341463415,-3.9024390243902443,-8.170731707317074
11_36_07_439,2.0,0.0,2.0,5.0,0.0,21.0,19.0,-82.0,1.00244140625,-0.3369140625,0.18017578125,-19.32926829268293,-12.378048780487806,-10.609756097560977
11_36_07_439,16.0,2.0,0.0,6.0,12.0,3.0,-11.0,-12.0,0.953125,-0.291015625,0.17822265625,-38.59756097560976,-8.353658536585366,-8.170731707317074
11_36_07_439,72.0,-75.0,-19.0,-16.0,-14.0,-46.0,-56.0,-24.0,0.96484375,-0.185546875,0.240234375,-33.170731707317074,-3.7195121951219514,-3.780487804878049
11_36_07_478,61.0,23.0,20.0,-25.0,13.0,-26.0,-50.0,-81.0,1.09521484375,-0.26904296875,0.07421875,-35.1829268292683,3.7195121951219514,12.195121951219512
11_36_07_478,-18.0,-21.0,10.0,62.0,75.0,45.0,62.0,-4.0,1.01171875,-0.0576171875,0.06884765625,-14.207317073170733,1.402439024390244,10.365853658536587
11_36_07_478,48.0,-9.0,-15.0,35.0,47.0,87.0,29.0,38.0,1.00439453125,0.01611328125,0.16650390625,11.097560975609756,-4.146341463414634,3.963414634146342
11_36_07_478,-49.0,20.0,17.0,-18.0,-8.0,-39.0,-26.0,-3.0,0.978515625,-0.28369140625,0.13671875,0.6097560975609757,-7.439024390243903,-3.2926829268292686
11_36_07_478,10.0,13.0,-8.0,-56.0,-54.0,-16.0,52.0,40.0,0.93603515625,-0.306640625,0.1328125,-28.780487804878053,-16.82926829268293,-9.451219512195122
11_36_07_478,25.0,16.0,4.0,-32.0,-48.0,-14.0,-13.0,69.0,0.880859375,-0.24658203125,0.17138671875,-32.6219512195122,-11.158536585365855,-14.51219512195122
11_36_07_478,-34.0,-60.0,-23.0,4.0,-29.0,-64.0,-83.0,-128.0,0.85693359375,-0.259765625,0.236328125,-21.707317073170735,-2.378048780487805,-11.28048780487805
11_36_07_478,-128.0,-34.0,-15.0,-1.0,33.0,8.0,7.0,-38.0,0.86962890625,-0.23095703125,0.2177734375,0.5487804878048781,3.353658536585366,-0.6097560975609757
11_36_07_478,82.0,28.0,10.0,17.0,32.0,60.0,34.0,42.0,0.96728515625,-0.224609375,0.20849609375,21.34146341463415,3.9024390243902443,-2.6219512195121952
11_36_07_478,97.0,9.0,-12.0,-44.0,-15.0,-34.0,-34.0,-22.0,1.01416015625,-0.2998046875,0.17236328125,7.134146341463415,-3.9024390243902443,-8.170731707317074
11_36_07_529,6.0,2.0,-6.0,-21.0,-24.0,41.0,-76.0,4.0,0.9013671875,-0.26904296875,0.13818359375,14.085365853658537,16.890243902439025,26.58536585365854
11_36_07_529,37.0,22.0,17.0,30.0,69.0,-8.0,75.0,68.0,0.9892578125,-0.25,0.11962890625,23.10975609756098,19.32926829268293,29.634146341463417
11_36_07_529,-45.0,-41.0,-39.0,-93.0,-67.0,-67.0,-41.0,-128.0,1.17236328125,-0.36083984375,0.1201171875,-8.048780487804878,10.365853658536587,19.573170731707318
11_36_07_529,-69.0,-7.0,16.0,-11.0,-128.0,-64.0,-14.0,127.0,1.09521484375,-0.26904296875,0.07421875,-35.1829268292683,3.7195121951219514,12.195121951219512
11_36_07_529,24.0,26.0,-17.0,-14.0,-5.0,8.0,30.0,-98.0,1.01171875,-0.0576171875,0.06884765625,-14.207317073170733,1.402439024390244,10.365853658536587
11_36_07_529,7.0,25.0,29.0,35.0,127.0,62.0,2.0,79.0,1.00439453125,0.01611328125,0.16650390625,11.097560975609756,-4.146341463414634,3.963414634146342
11_36_07_529,-101.0,-40.0,-5.0,1.0,-63.0,-11.0,-5.0,-77.0,0.978515625,-0.28369140625,0.13671875,0.6097560975609757,-7.439024390243903,-3.2926829268292686
11_36_07_529,48.0,5.0,-20.0,6.0,43.0,46.0,22.0,70.0,0.93603515625,-0.306640625,0.1328125,-28.780487804878053,-16.82926829268293,-9.451219512195122
11_36_07_529,12.0,11.0,11.0,-49.0,-107.0,-49.0,15.0,22.0,0.880859375,-0.24658203125,0.17138671875,-32.6219512195122,-11.158536585365855,-14.51219512195122
11_36_07_529,-45.0,-46.0,-37.0,-21.0,-31.0,-25.0,-12.0,-81.0,0.85693359375,-0.259765625,0.236328125,-21.707317073170735,-2.378048780487805,-11.28048780487805
11_36_07_582,25.0,3.0,-5.0,-49.0,-38.0,-120.0,-12.0,27.0,0.98291015625,-0.330078125,0.1025390625,20.0,18.10975609756098,15.182926829268293
11_36_07_582,9.0,9.0,-11.0,60.0,-14.0,28.0,25.0,-32.0,0.9619140625,-0.2744140625,0.10693359375,15.365853658536587,18.29268292682927,16.402439024390244
11_36_07_582,-9.0,15.0,12.0,-9.0,127.0,61.0,6.0,19.0,0.9013671875,-0.26904296875,0.13818359375,14.085365853658537,16.890243902439025,26.58536585365854
11_36_07_582,-9.0,-30.0,-9.0,9.0,-128.0,1.0,-8.0,18.0,0.9892578125,-0.25,0.11962890625,23.10975609756098,19.32926829268293,29.634146341463417
11_36_07_582,-23.0,2.0,-13.0,-126.0,-64.0,-60.0,5.0,-67.0,1.17236328125,-0.36083984375,0.1201171875,-8.048780487804878,10.365853658536587,19.573170731707318
11_36_07_582,28.0,5.0,-4.0,-11.0,-26.0,-1.0,-9.0,11.0,1.09521484375,-0.26904296875,0.07421875,-35.1829268292683,3.7195121951219514,12.195121951219512
11_36_07_582,2.0,8.0,14.0,80.0,50.0,-23.0,18.0,-54.0,1.01171875,-0.0576171875,0.06884765625,-14.207317073170733,1.402439024390244,10.365853658536587
11_36_07_582,-8.0,5.0,16.0,107.0,105.0,81.0,36.0,31.0,1.00439453125,0.01611328125,0.16650390625,11.097560975609756,-4.146341463414634,3.963414634146342
11_36_07_582,6.0,2.0,-6.0,-21.0,-24.0,41.0,-76.0,4.0,0.978515625,-0.28369140625,0.13671875,0.6097560975609757,-7.439024390243903,-3.2926829268292686
11_36_07_582,37.0,22.0,17.0,30.0,69.0,-8.0,75.0,68.0,0.93603515625,-0.306640625,0.1328125,-28.780487804878053,-16.82926829268293,-9.451219512195122
11_36_07_629,-16.0,2.0,-20.0,-22.0,-125.0,-40.0,-12.0,-9.0,1.1171875,-0.3251953125,0.1396484375,1.0365853658536586,22.621951219512198,19.32926829268293
11_36_07_629,-27.0,-23.0,26.0,14.0,-67.0,-67.0,17.0,2.0,1.0625,-0.2021484375,0.1318359375,4.024390243902439,26.646341463414636,22.439024390243905
11_36_07_629,32.0,-3.0,-4.0,-6.0,-10.0,20.0,31.0,28.0,1.06689453125,-0.20263671875,0.078125,16.70731707317073,20.54878048780488,17.926829268292686
11_36_07_629,-21.0,5.0,-7.0,2.0,111.0,121.0,1.0,60.0,0.98291015625,-0.330078125,0.1025390625,20.0,18.10975609756098,15.182926829268293
11_36_07_629,-31.0,28.0,16.0,-43.0,-22.0,-75.0,-50.0,-5.0,0.9619140625,-0.2744140625,0.10693359375,15.365853658536587,18.29268292682927,16.402439024390244
11_36_07_629,9.0,-7.0,-34.0,-50.0,-128.0,-128.0,6.0,-16.0,0.9013671875,-0.26904296875,0.13818359375,14.085365853658537,16.890243902439025,26.58536585365854
11_36_07_629,38.0,16.0,28.0,67.0,127.0,35.0,31.0,87.0,0.9892578125,-0.25,0.11962890625,23.10975609756098,19.32926829268293,29.634146341463417
11_36_07_629,0.0,-27.0,16.0,33.0,-17.0,78.0,-8.0,17.0,1.17236328125,-0.36083984375,0.1201171875,-8.048780487804878,10.365853658536587,19.573170731707318
11_36_07_629,104.0,42.0,13.0,5.0,11.0,-51.0,16.0,44.0,1.09521484375,-0.26904296875,0.07421875,-35.1829268292683,3.7195121951219514,12.195121951219512
11_36_07_629,18.0,-15.0,10.0,50.0,59.0,56.0,18.0,100.0,1.01171875,-0.0576171875,0.06884765625,-14.207317073170733,1.402439024390244,10.365853658536587
11_36_07_681,8.0,4.0,10.0,52.0,-61.0,-45.0,-22.0,46.0,1.173828125,-0.18701171875,0.15185546875,16.097560975609756,30.853658536585368,27.439024390243905
11_36_07_681,-16.0,20.0,25.0,-9.0,-105.0,-60.0,10.0,-41.0,1.201171875,-0.2529296875,0.18359375,17.98780487804878,28.902439024390247,25.365853658536587
11_36_07_681,4.0,-14.0,4.0,41.0,127.0,99.0,22.0,52.0,1.1171875,-0.3251953125,0.1396484375,1.0365853658536586,22.621951219512198,19.32926829268293
11_36_07_681,17.0,9.0,6.0,-63.0,22.0,-29.0,-28.0,-28.0,1.0625,-0.2021484375,0.1318359375,4.024390243902439,26.646341463414636,22.439024390243905
11_36_07_681,-64.0,-100.0,-29.0,-89.0,-128.0,-128.0,-77.0,-3.0,1.06689453125,-0.20263671875,0.078125,16.70731707317073,20.54878048780488,17.926829268292686
11_36_07_681,55.0,32.0,1.0,-19.0,-74.0,-20.0,49.0,-16.0,0.98291015625,-0.330078125,0.1025390625,20.0,18.10975609756098,15.182926829268293
11_36_07_681,12.0,4.0,-10.0,55.0,127.0,127.0,28.0,-47.0,0.9619140625,-0.2744140625,0.10693359375,15.365853658536587,18.29268292682927,16.402439024390244
11_36_07_681,-8.0,11.0,23.0,95.0,127.0,68.0,-17.0,-5.0,0.9013671875,-0.26904296875,0.13818359375,14.085365853658537,16.890243902439025,26.58536585365854
11_36_07_681,-16.0,2.0,-20.0,-22.0,-125.0,-40.0,-12.0,-9.0,0.9892578125,-0.25,0.11962890625,23.10975609756098,19.32926829268293,29.634146341463417
11_36_07_681,-27.0,-23.0,26.0,14.0,-67.0,-67.0,17.0,2.0,1.17236328125,-0.36083984375,0.1201171875,-8.048780487804878,10.365853658536587,19.573170731707318
11_36_07_729,13.0,7.0,-6.0,-99.0,-75.0,-26.0,9.0,36.0,1.06884765625,-0.357421875,0.15966796875,4.2682926829268295,42.987804878048784,29.87804878048781
11_36_07_729,0.0,5.0,-4.0,-7.0,-128.0,-128.0,-16.0,5.0,1.0634765625,-0.3955078125,0.15625,4.634146341463415,37.80487804878049,29.87804878048781
11_36_07_729,17.0,0.0,12.0,73.0,119.0,49.0,0.0,-118.0,1.123046875,-0.26904296875,0.1572265625,7.134146341463415,34.87804878048781,29.634146341463417
11_36_07_729,-26.0,-40.0,-5.0,127.0,127.0,127.0,10.0,51.0,1.173828125,-0.18701171875,0.15185546875,16.097560975609756,30.853658536585368,27.439024390243905
11_36_07_729,-15.0,7.0,9.0,16.0,37.0,127.0,-15.0,55.0,1.201171875,-0.2529296875,0.18359375,17.98780487804878,28.902439024390247,25.365853658536587
11_36_07_729,18.0,26.0,13.0,-9.0,78.0,-12.0,0.0,-62.0,1.1171875,-0.3251953125,0.1396484375,1.0365853658536586,22.621951219512198,19.32926829268293
11_36_07_729,3.0,1.0,-2.0,-53.0,-85.0,-54.0,-6.0,-15.0,1.0625,-0.2021484375,0.1318359375,4.024390243902439,26.646341463414636,22.439024390243905
11_36_07_729,5.0,-2.0,1.0,-10.0,-22.0,-115.0,-30.0,40.0,1.06689453125,-0.20263671875,0.078125,16.70731707317073,20.54878048780488,17.926829268292686
11_36_07_729,20.0,-3.0,-14.0,-38.0,-96.0,-35.0,-3.0,-16.0,0.98291015625,-0.330078125,0.1025390625,20.0,18.10975609756098,15.182926829268293
11_36_07_729,9.0,5.0,-3.0,-84.0,-15.0,-11.0,-1.0,28.0,0.9619140625,-0.2744140625,0.10693359375,15.365853658536587,18.29268292682927,16.402439024390244
11_36_07_783,-11.0,15.0,16.0,37.0,127.0,127.0,27.0,26.0,0.9677734375,-0.43212890625,0.2080078125,-18.53658536585366,50.79268292682927,37.743902439024396
11_36_07_783,-2.0,-11.0,-3.0,-45.0,-128.0,-78.0,-26.0,23.0,0.986328125,-0.4501953125,0.1923828125,-12.073170731707318,45.426829268292686,33.65853658536586
11_36_07_783,14.0,2.0,-30.0,-118.0,-128.0,-45.0,20.0,66.0,1.06884765625,-0.357421875,0.15966796875,4.2682926829268295,42.987804878048784,29.87804878048781
11_36_07_783,-25.0,-9.0,-14.0,16.0,11.0,-41.0,-52.0,4.0,1.0634765625,-0.3955078125,0.15625,4.634146341463415,37.80487804878049,29.87804878048781
11_36_07_783,-15.0,-17.0,12.0,5.0,-93.0,-83.0,4.0,-22.0,1.123046875,-0.26904296875,0.1572265625,7.134146341463415,34.87804878048781,29.634146341463417
11_36_07_783,0.0,-1.0,7.0,82.0,122.0,76.0,52.0,28.0,1.173828125,-0.18701171875,0.15185546875,16.097560975609756,30.853658536585368,27.439024390243905
11_36_07_783,9.0,14.0,14.0,-21.0,89.0,102.0,29.0,31.0,1.201171875,-0.2529296875,0.18359375,17.98780487804878,28.902439024390247,25.365853658536587
11_36_07_783,-9.0,-5.0,-11.0,5.0,-84.0,-29.0,-22.0,4.0,1.1171875,-0.3251953125,0.1396484375,1.0365853658536586,22.621951219512198,19.32926829268293
11_36_07_783,8.0,14.0,-8.0,-4.0,46.0,19.0,-29.0,21.0,1.0625,-0.2021484375,0.1318359375,4.024390243902439,26.646341463414636,22.439024390243905
11_36_07_783,-3.0,-22.0,7.0,-53.0,-49.0,-70.0,-14.0,2.0,1.06689453125,-0.20263671875,0.078125,16.70731707317073,20.54878048780488,17.926829268292686
11_36_07_838,-36.0,7.0,-9.0,-50.0,-128.0,-102.0,-23.0,-128.0,0.77197265625,-0.54638671875,0.39111328125,-26.646341463414636,61.646341463414636,49.93902439024391
11_36_07_838,-67.0,-24.0,-13.0,6.0,-128.0,-76.0,-9.0,41.0,0.837890625,-0.54345703125,0.3154296875,-31.52439024390244,61.95121951219513,45.487804878048784
11_36_07_838,59.0,6.0,1.0,85.0,127.0,127.0,14.0,-44.0,0.931640625,-0.4306640625,0.22265625,-25.000000000000004,55.60975609756098,40.304878048780495
11_36_07_838,13.0,19.0,11.0,-5.0,40.0,60.0,-3.0,54.0,0.9677734375,-0.43212890625,0.2080078125,-18.53658536585366,50.79268292682927,37.743902439024396
11_36_07_838,8.0,3.0,-1.0,-54.0,-128.0,-74.0,-6.0,-55.0,0.986328125,-0.4501953125,0.1923828125,-12.073170731707318,45.426829268292686,33.65853658536586
11_36_07_838,-23.0,2.0,-12.0,-83.0,-111.0,-98.0,-41.0,-25.0,1.06884765625,-0.357421875,0.15966796875,4.2682926829268295,42.987804878048784,29.87804878048781
11_36_07_838,32.0,-2.0,-19.0,56.0,115.0,-24.0,20.0,10.0,1.0634765625,-0.3955078125,0.15625,4.634146341463415,37.80487804878049,29.87804878048781
11_36_07_838,-52.0,-46.0,1.0,-110.0,-23.0,33.0,-24.0,-10.0,1.123046875,-0.26904296875,0.1572265625,7.134146341463415,34.87804878048781,29.634146341463417
11_36_07_838,41.0,7.0,-16.0,-34.0,-128.0,-128.0,-3.0,-57.0,1.173828125,-0.18701171875,0.15185546875,16.097560975609756,30.853658536585368,27.439024390243905
11_36_07_838,-33.0,-16.0,28.0,127.0,127.0,41.0,23.0,-23.0,1.201171875,-0.2529296875,0.18359375,17.98780487804878,28.902439024390247,25.365853658536587
11_36_07_888,2.0,12.0,3.0,-45.0,19.0,59.0,45.0,22.0,0.775390625,-0.42041015625,0.4033203125,-16.52439024390244,63.04878048780488,49.085365853658544
11_36_07_888,16.0,4.0,-14.0,-58.0,-102.0,0.0,-21.0,38.0,0.8134765625,-0.4521484375,0.42041015625,-15.609756097560977,65.85365853658537,48.29268292682927
11_36_07_888,2.0,2.0,-10.0,-31.0,-6.0,-82.0,-83.0,14.0,0.77197265625,-0.54638671875,0.39111328125,-26.646341463414636,61.646341463414636,49.93902439024391
11_36_07_888,1.0,-15.0,6.0,44.0,60.0,42.0,27.0,-49.0,0.837890625,-0.54345703125,0.3154296875,-31.52439024390244,61.95121951219513,45.487804878048784
11_36_07_888,-1.0,-31.0,26.0,60.0,-21.0,28.0,24.0,29.0,0.931640625,-0.4306640625,0.22265625,-25.000000000000004,55.60975609756098,40.304878048780495
11_36_07_888,4.0,2.0,-15.0,-13.0,66.0,10.0,-14.0,-29.0,0.9677734375,-0.43212890625,0.2080078125,-18.53658536585366,50.79268292682927,37.743902439024396
11_36_07_888,10.0,14.0,5.0,-59.0,-37.0,-10.0,13.0,37.0,0.986328125,-0.4501953125,0.1923828125,-12.073170731707318,45.426829268292686,33.65853658536586
11_36_07_888,40.0,9.0,-7.0,52.0,-58.0,-39.0,6.0,29.0,1.06884765625,-0.357421875,0.15966796875,4.2682926829268295,42.987804878048784,29.87804878048781
11_36_07_888,16.0,10.0,12.0,51.0,127.0,104.0,21.0,42.0,1.0634765625,-0.3955078125,0.15625,4.634146341463415,37.80487804878049,29.87804878048781
11_36_07_888,19.0,-46.0,-12.0,-82.0,-81.0,-11.0,-50.0,5.0,1.123046875,-0.26904296875,0.1572265625,7.134146341463415,34.87804878048781,29.634146341463417
11_36_07_936,7.0,-26.0,-4.0,-74.0,-128.0,-117.0,11.0,20.0,0.7099609375,-0.50537109375,0.337890625,-4.329268292682928,52.50000000000001,45.487804878048784
11_36_07_936,-15.0,25.0,3.0,49.0,81.0,4.0,-31.0,-76.0,0.7841796875,-0.49853515625,0.38525390625,-7.682926829268293,56.15853658536586,46.463414634146346
11_36_07_936,-21.0,3.0,3.0,-55.0,50.0,106.0,14.0,11.0,0.765625,-0.5263671875,0.3837890625,-17.926829268292686,59.63414634146342,47.804878048780495
11_36_07_936,-2.0,-18.0,-10.0,-1.0,-86.0,-80.0,2.0,39.0,0.775390625,-0.42041015625,0.4033203125,-16.52439024390244,63.04878048780488,49.085365853658544
11_36_07_936,-10.0,5.0,-10.0,-82.0,-103.0,-18.0,4.0,-8.0,0.8134765625,-0.4521484375,0.42041015625,-15.609756097560977,65.85365853658537,48.29268292682927
11_36_07_936,51.0,-5.0,0.0,36.0,-37.0,-22.0,3.0,17.0,0.77197265625,-0.54638671875,0.39111328125,-26.646341463414636,61.646341463414636,49.93902439024391
11_36_07_936,31.0,-8.0,2.0,107.0,127.0,45.0,1.0,-98.0,0.837890625,-0.54345703125,0.3154296875,-31.52439024390244,61.95121951219513,45.487804878048784
11_36_07_936,-31.0,-19.0,9.0,-13.0,127.0,95.0,40.0,39.0,0.931640625,-0.4306640625,0.22265625,-25.000000000000004,55.60975609756098,40.304878048780495
11_36_07_936,37.0,6.0,-10.0,-84.0,-128.0,-47.0,-41.0,54.0,0.9677734375,-0.43212890625,0.2080078125,-18.53658536585366,50.79268292682927,37.743902439024396
11_36_07_936,-47.0,-20.0,-15.0,29.0,-12.0,-128.0,-31.0,-60.0,0.986328125,-0.4501953125,0.1923828125,-12.073170731707318,45.426829268292686,33.65853658536586
11_36_07_986,-4.0,14.0,-26.0,26.0,12.0,-15.0,-19.0,-36.0,0.6962890625,-0.58447265625,0.330078125,-12.987804878048781,41.40243902439025,34.87804878048781
11_36_07_986,5.0,13.0,36.0,86.0,127.0,127.0,5.0,-6.0,0.74365234375,-0.5361328125,0.36279296875,-7.743902439024391,42.01219512195122,34.390243902439025
11_36_07_986,-11.0,-24.0,-9.0,-56.0,-128.0,-106.0,-12.0,66.0,0.71630859375,-0.52294921875,0.36279296875,-6.036585365853659,45.426829268292686,40.0609756097561
11_36_07_986,6.0,5.0,-13.0,25.0,-3.0,-75.0,29.0,-89.0,0.7099609375,-0.50537109375,0.337890625,-4.329268292682928,52.50000000000001,45.487804878048784
11_36_07_986,-4.0,5.0,10.0,5.0,127.0,127.0,14.0,-27.0,0.7841796875,-0.49853515625,0.38525390625,-7.682926829268293,56.15853658536586,46.463414634146346
11_36_07_986,-2.0,5.0,-11.0,-43.0,-128.0,-60.0,-29.0,-106.0,0.765625,-0.5263671875,0.3837890625,-17.926829268292686,59.63414634146342,47.804878048780495
11_36_07_986,13.0,14.0,3.0,16.0,67.0,-59.0,-3.0,55.0,0.775390625,-0.42041015625,0.4033203125,-16.52439024390244,63.04878048780488,49.085365853658544
11_36_07_986,-5.0,2.0,4.0,-56.0,-111.0,10.0,15.0,-29.0,0.8134765625,-0.4521484375,0.42041015625,-15.609756097560977,65.85365853658537,48.29268292682927
11_36_07_986,31.0,2.0,-10.0,58.0,63.0,-25.0,16.0,20.0,0.77197265625,-0.54638671875,0.39111328125,-26.646341463414636,61.646341463414636,49.93902439024391
11_36_07_986,-90.0,-25.0,24.0,49.0,68.0,85.0,-2.0,14.0,0.837890625,-0.54345703125,0.3154296875,-31.52439024390244,61.95121951219513,45.487804878048784
11_36_08_035,6.0,17.0,7.0,-47.0,-57.0,-1.0,-4.0,41.0,0.56494140625,-0.58251953125,0.38525390625,-8.353658536585366,41.58536585365854,33.963414634146346
11_36_08_035,10.0,-3.0,-4.0,-32.0,-113.0,-128.0,2.0,21.0,0.5859375,-0.61376953125,0.36962890625,-11.951219512195124,41.707317073170735,35.97560975609756
11_36_08_035,-7.0,-9.0,-2.0,-7.0,-15.0,-4.0,21.0,-115.0,0.6962890625,-0.58447265625,0.330078125,-12.987804878048781,41.40243902439025,34.87804878048781
11_36_08_035,15.0,2.0,13.0,46.0,127.0,101.0,-55.0,56.0,0.74365234375,-0.5361328125,0.36279296875,-7.743902439024391,42.01219512195122,34.390243902439025
11_36_08_035,-16.0,5.0,1.0,12.0,9.0,-13.0,79.0,-28.0,0.71630859375,-0.52294921875,0.36279296875,-6.036585365853659,45.426829268292686,40.0609756097561
11_36_08_035,51.0,3.0,-45.0,-64.0,-93.0,-47.0,-55.0,20.0,0.7099609375,-0.50537109375,0.337890625,-4.329268292682928,52.50000000000001,45.487804878048784
11_36_08_035,17.0,7.0,13.0,29.0,84.0,65.0,-10.0,-29.0,0.7841796875,-0.49853515625,0.38525390625,-7.682926829268293,56.15853658536586,46.463414634146346
11_36_08_035,-47.0,-19.0,-15.0,12.0,30.0,37.0,8.0,22.0,0.765625,-0.5263671875,0.3837890625,-17.926829268292686,59.63414634146342,47.804878048780495
11_36_08_035,23.0,1.0,7.0,-37.0,-91.0,-56.0,0.0,3.0,0.775390625,-0.42041015625,0.4033203125,-16.52439024390244,63.04878048780488,49.085365853658544
11_36_08_035,1.0,7.0,-6.0,-30.0,-41.0,-41.0,-7.0,7.0,0.8134765625,-0.4521484375,0.42041015625,-15.609756097560977,65.85365853658537,48.29268292682927
11_36_08_089,30.0,16.0,-11.0,-80.0,-117.0,-128.0,-34.0,-92.0,0.6064453125,-0.6923828125,0.35791015625,-8.414634146341465,47.743902439024396,34.268292682926834
11_36_08_089,-19.0,-5.0,-12.0,13.0,-82.0,-66.0,-6.0,20.0,0.5908203125,-0.5751953125,0.38671875,-10.30487804878049,45.487804878048784,32.6829268292683
11_36_08_089,30.0,3.0,-4.0,-59.0,-85.0,24.0,18.0,30.0,0.56494140625,-0.58251953125,0.38525390625,-8.353658536585366,41.58536585365854,33.963414634146346
11_36_08_089,-1.0,-8.0,-9.0,15.0,71.0,23.0,20.0,-48.0,0.5859375,-0.61376953125,0.36962890625,-11.951219512195124,41.707317073170735,35.97560975609756
11_36_08_089,-6.0,11.0,16.0,69.0,127.0,103.0,-3.0,19.0,0.6962890625,-0.58447265625,0.330078125,-12.987804878048781,41.40243902439025,34.87804878048781
11_36_08_089,-16.0,-29.0,-16.0,-4.0,36.0,-37.0,24.0,-40.0,0.74365234375,-0.5361328125,0.36279296875,-7.743902439024391,42.01219512195122,34.390243902439025
11_36_08_089,6.0,17.0,7.0,-47.0,-57.0,-1.0,-4.0,41.0,0.71630859375,-0.52294921875,0.36279296875,-6.036585365853659,45.426829268292686,40.0609756097561
11_36_08_089,10.0,-3.0,-4.0,-32.0,-113.0,-128.0,2.0,21.0,0.7099609375,-0.50537109375,0.337890625,-4.329268292682928,52.50000000000001,45.487804878048784
11_36_08_089,-7.0,-9.0,-2.0,-7.0,-15.0,-4.0,21.0,-115.0,0.7841796875,-0.49853515625,0.38525390625,-7.682926829268293,56.15853658536586,46.463414634146346
11_36_08_089,15.0,2.0,13.0,46.0,127.0,101.0,-55.0,56.0,0.765625,-0.5263671875,0.3837890625,-17.926829268292686,59.63414634146342,47.804878048780495
11_36_08_135,11.0,4.0,3.0,61.0,19.0,-2.0,76.0,-26.0,0.56103515625,-0.5625,0.56201171875,-23.84146341463415,51.15853658536586,28.780487804878053
11_36_08_135,26.0,21.0,17.0,16.0,127.0,127.0,-4.0,47.0,0.5380859375,-0.57177734375,0.4296875,-15.975609756097562,52.926829268292686,31.646341463414636
11_36_08_135,-17.0,-25.0,-11.0,-72.0,-128.0,-128.0,-37.0,-71.0,0.56298828125,-0.6220703125,0.38330078125,-7.621951219512196,50.60975609756098,32.01219512195122
11_36_08_135,-83.0,-38.0,-14.0,-19.0,-2.0,-11.0,10.0,-27.0,0.6064453125,-0.6923828125,0.35791015625,-8.414634146341465,47.743902439024396,34.268292682926834
11_36_08_135,47.0,21.0,22.0,77.0,75.0,40.0,4.0,22.0,0.5908203125,-0.5751953125,0.38671875,-10.30487804878049,45.487804878048784,32.6829268292683
11_36_08_135,-16.0,19.0,12.0,53.0,127.0,127.0,-1.0,-8.0,0.56494140625,-0.58251953125,0.38525390625,-8.353658536585366,41.58536585365854,33.963414634146346
11_36_08_135,11.0,37.0,0.0,-65.0,-61.0,-45.0,57.0,48.0,0.5859375,-0.61376953125,0.36962890625,-11.951219512195124,41.707317073170735,35.97560975609756
11_36_08_135,-7.0,-37.0,-12.0,-76.0,-128.0,-128.0,-20.0,23.0,0.6962890625,-0.58447265625,0.330078125,-12.987804878048781,41.40243902439025,34.87804878048781
11_36_08_135,30.0,-3.0,-6.0,-34.0,-28.0,-14.0,-44.0,-24.0,0.74365234375,-0.5361328125,0.36279296875,-7.743902439024391,42.01219512195122,34.390243902439025
11_36_08_135,3.0,-38.0,-9.0,52.0,90.0,50.0,43.0,64.0,0.71630859375,-0.52294921875,0.36279296875,-6.036585365853659,45.426829268292686,40.0609756097561
11_36_08_187,-11.0,-4.0,-12.0,-19.0,-55.0,-59.0,5.0,16.0,0.62255859375,-0.5654296875,0.5859375,15.487804878048783,34.51219512195122,24.146341463414636
11_36_08_187,-30.0,2.0,3.0,-31.0,-25.0,-6.0,-84.0,-17.0,0.57080078125,-0.5263671875,0.6708984375,11.036585365853659,42.926829268292686,22.073170731707318
11_36_08_187,11.0,-8.0,-12.0,-78.0,-128.0,-78.0,-6.0,-8.0,0.52392578125,-0.64111328125,0.63671875,-14.51219512195122,49.146341463414636,28.04878048780488
11_36_08_187,19.0,0.0,-8.0,35.0,49.0,24.0,61.0,8.0,0.56103515625,-0.5625,0.56201171875,-23.84146341463415,51.15853658536586,28.780487804878053
11_36_08_187,0.0,12.0,19.0,118.0,127.0,105.0,65.0,-11.0,0.5380859375,-0.57177734375,0.4296875,-15.975609756097562,52.926829268292686,31.646341463414636
11_36_08_187,5.0,10.0,4.0,-19.0,45.0,42.0,63.0,10.0,0.56298828125,-0.6220703125,0.38330078125,-7.621951219512196,50.60975609756098,32.01219512195122
11_36_08_187,-8.0,-6.0,-5.0,-113.0,-128.0,-84.0,84.0,-3.0,0.6064453125,-0.6923828125,0.35791015625,-8.414634146341465,47.743902439024396,34.268292682926834
11_36_08_187,15.0,-47.0,-11.0,30.0,6.0,-14.0,77.0,5.0,0.5908203125,-0.5751953125,0.38671875,-10.30487804878049,45.487804878048784,32.6829268292683
11_36_08_187,9.0,16.0,2.0,80.0,127.0,127.0,-21.0,33.0,0.56494140625,-0.58251953125,0.38525390625,-8.353658536585366,41.58536585365854,33.963414634146346
11_36_08_187,38.0,22.0,-12.0,-52.0,-16.0,-63.0,-125.0,24.0,0.5859375,-0.61376953125,0.36962890625,-11.951219512195124,41.707317073170735,35.97560975609756
11_36_08_247,-2.0,6.0,4.0,-4.0,8.0,-41.0,-5.0,-5.0,0.5546875,-0.63232421875,0.43994140625,20.365853658536587,30.30487804878049,22.743902439024392
11_36_08_247,22.0,-8.0,8.0,-42.0,-83.0,13.0,-17.0,9.0,0.54248046875,-0.6640625,0.4736328125,19.634146341463417,30.365853658536587,27.987804878048784
11_36_08_247,-14.0,-12.0,-28.0,-12.0,-36.0,-42.0,-31.0,-29.0,0.62255859375,-0.5654296875,0.5859375,15.487804878048783,34.51219512195122,24.146341463414636
11_36_08_247,5.0,25.0,14.0,65.0,127.0,81.0,36.0,-19.0,0.57080078125,-0.5263671875,0.6708984375,11.036585365853659,42.926829268292686,22.073170731707318
11_36_08_247,11.0,0.0,-1.0,-52.0,-55.0,-17.0,-18.0,60.0,0.52392578125,-0.64111328125,0.63671875,-14.51219512195122,49.146341463414636,28.04878048780488
11_36_08_247,-18.0,8.0,2.0,-48.0,-54.0,-31.0,-16.0,-50.0,0.56103515625,-0.5625,0.56201171875,-23.84146341463415,51.15853658536586,28.780487804878053
11_36_08_247,5.0,-21.0,0.0,46.0,51.0,23.0,2.0,10.0,0.5380859375,-0.57177734375,0.4296875,-15.975609756097562,52.926829268292686,31.646341463414636
11_36_08_247,-42.0,6.0,16.0,32.0,-5.0,40.0,-5.0,18.0,0.56298828125,-0.6220703125,0.38330078125,-7.621951219512196,50.60975609756098,32.01219512195122
11_36_08_247,-7.0,10.0,1.0,15.0,80.0,-5.0,4.0,-4.0,0.6064453125,-0.6923828125,0.35791015625,-8.414634146341465,47.743902439024396,34.268292682926834
11_36_08_247,16.0,14.0,12.0,-14.0,66.0,76.0,-28.0,-11.0,0.5908203125,-0.5751953125,0.38671875,-10.30487804878049,45.487804878048784,32.6829268292683
11_36_08_292,6.0,26.0,22.0,57.0,49.0,77.0,-11.0,-45.0,0.50830078125,-0.72607421875,0.5283203125,15.853658536585368,30.0609756097561,20.243902439024392
11_36_08_292,-9.0,-9.0,-13.0,-38.0,-119.0,-128.0,12.0,6.0,0.44580078125,-0.67724609375,0.486328125,12.134146341463415,29.207317073170735,21.585365853658537
11_36_08_292,20.0,2.0,-11.0,-55.0,-128.0,-62.0,11.0,-20.0,0.5546875,-0.63232421875,0.43994140625,20.365853658536587,30.30487804878049,22.743902439024392
11_36_08_292,5.0,-13.0,12.0,124.0,127.0,89.0,31.0,53.0,0.54248046875,-0.6640625,0.4736328125,19.634146341463417,30.365853658536587,27.987804878048784
11_36_08_292,24.0,6.0,-9.0,0.0,54.0,94.0,-14.0,-41.0,0.62255859375,-0.5654296875,0.5859375,15.487804878048783,34.51219512195122,24.146341463414636
11_36_08_292,-6.0,-3.0,0.0,-71.0,-102.0,-101.0,-19.0,32.0,0.57080078125,-0.5263671875,0.6708984375,11.036585365853659,42.926829268292686,22.073170731707318
11_36_08_292,-18.0,-5.0,-10.0,5.0,-56.0,-65.0,18.0,3.0,0.52392578125,-0.64111328125,0.63671875,-14.51219512195122,49.146341463414636,28.04878048780488
11_36_08_292,17.0,-3.0,25.0,94.0,127.0,92.0,6.0,8.0,0.56103515625,-0.5625,0.56201171875,-23.84146341463415,51.15853658536586,28.780487804878053
11_36_08_292,1.0,-12.0,-12.0,-30.0,-45.0,41.0,7.0,-5.0,0.5380859375,-0.57177734375,0.4296875,-15.975609756097562,52.926829268292686,31.646341463414636
11_36_08_347,-38.0,25.0,28.0,91.0,13.0,43.0,4.0,-24.0,0.44677734375,-0.6650390625,0.578125,3.963414634146342,28.231707317073173,15.243902439024392
11_36_08_347,-27.0,-65.0,-19.0,-63.0,-126.0,-102.0,-27.0,-29.0,0.36572265625,-0.5595703125,0.51220703125,10.182926829268293,31.646341463414636,16.463414634146343
11_36_08_347,22.0,13.0,-29.0,-51.0,-128.0,-99.0,-22.0,0.0,0.47119140625,-0.60107421875,0.529296875,19.451219512195124,32.926829268292686,20.30487804878049
11_36_08_347,5.0,-6.0,15.0,45.0,60.0,44.0,74.0,69.0,0.50830078125,-0.72607421875,0.5283203125,15.853658536585368,30.0609756097561,20.243902439024392
11_36_08_347,11.0,9.0,10.0,51.0,127.0,127.0,11.0,15.0,0.44580078125,-0.67724609375,0.486328125,12.134146341463415,29.207317073170735,21.585365853658537
11_36_08_347,-2.0,19.0,28.0,-123.0,-45.0,41.0,-48.0,0.0,0.5546875,-0.63232421875,0.43994140625,20.365853658536587,30.30487804878049,22.743902439024392
11_36_08_347,-6.0,-10.0,-26.0,55.0,-54.0,-90.0,-1.0,-44.0,0.54248046875,-0.6640625,0.4736328125,19.634146341463417,30.365853658536587,27.987804878048784
11_36_08_347,2.0,4.0,21.0,17.0,127.0,127.0,44.0,24.0,0.62255859375,-0.5654296875,0.5859375,15.487804878048783,34.51219512195122,24.146341463414636
11_36_08_347,8.0,-9.0,-2.0,-7.0,-79.0,-103.0,-116.0,45.0,0.57080078125,-0.5263671875,0.6708984375,11.036585365853659,42.926829268292686,22.073170731707318
11_36_08_347,-10.0,-5.0,7.0,9.0,-3.0,-32.0,-13.0,-66.0,0.52392578125,-0.64111328125,0.63671875,-14.51219512195122,49.146341463414636,28.04878048780488
11_36_08_396,1.0,-16.0,-14.0,2.0,47.0,47.0,-25.0,-27.0,0.44482421875,-0.57568359375,0.6201171875,14.817073170731708,26.28048780487805,14.329268292682928
11_36_08_396,40.0,13.0,15.0,81.0,122.0,80.0,41.0,31.0,0.4619140625,-0.64697265625,0.6201171875,10.487804878048781,30.670731707317074,16.097560975609756
11_36_08_396,-3.0,8.0,20.0,-47.0,-33.0,-28.0,-24.0,-15.0,0.44677734375,-0.6650390625,0.578125,3.963414634146342,28.231707317073173,15.243902439024392
11_36_08_396,-1.0,-2.0,-5.0,-31.0,-53.0,-68.0,49.0,24.0,0.36572265625,-0.5595703125,0.51220703125,10.182926829268293,31.646341463414636,16.463414634146343
11_36_08_396,10.0,4.0,13.0,67.0,92.0,85.0,-12.0,18.0,0.47119140625,-0.60107421875,0.529296875,19.451219512195124,32.926829268292686,20.30487804878049
11_36_08_396,-3.0,-5.0,18.0,5.0,10.0,10.0,9.0,5.0,0.50830078125,-0.72607421875,0.5283203125,15.853658536585368,30.0609756097561,20.243902439024392
11_36_08_396,-3.0,-9.0,-9.0,-21.0,-52.0,-40.0,0.0,-6.0,0.44580078125,-0.67724609375,0.486328125,12.134146341463415,29.207317073170735,21.585365853658537
11_36_08_396,24.0,21.0,0.0,-15.0,73.0,40.0,13.0,17.0,0.5546875,-0.63232421875,0.43994140625,20.365853658536587,30.30487804878049,22.743902439024392
11_36_08_396,-38.0,25.0,28.0,91.0,13.0,43.0,4.0,-24.0,0.54248046875,-0.6640625,0.4736328125,19.634146341463417,30.365853658536587,27.987804878048784
11_36_08_396,-27.0,-65.0,-19.0,-63.0,-126.0,-102.0,-27.0,-29.0,0.62255859375,-0.5654296875,0.5859375,15.487804878048783,34.51219512195122,24.146341463414636
11_36_08_443,1.0,-14.0,-20.0,-87.0,-128.0,-128.0,-21.0,1.0,0.36376953125,-0.64404296875,0.59375,8.719512195121952,17.073170731707318,10.121951219512196
11_36_08_443,6.0,-11.0,6.0,4.0,-25.0,-44.0,11.0,17.0,0.42138671875,-0.6533203125,0.580078125,7.378048780487806,19.878048780487806,13.841463414634148
11_36_08_443,-32.0,-18.0,4.0,80.0,127.0,127.0,5.0,-82.0,0.50732421875,-0.6005859375,0.6025390625,11.585365853658537,22.682926829268293,12.560975609756099
11_36_08_443,11.0,18.0,-11.0,-50.0,-67.0,-21.0,23.0,24.0,0.44482421875,-0.57568359375,0.6201171875,14.817073170731708,26.28048780487805,14.329268292682928
11_36_08_443,-32.0,-3.0,-26.0,-44.0,-34.0,-52.0,5.0,-1.0,0.4619140625,-0.64697265625,0.6201171875,10.487804878048781,30.670731707317074,16.097560975609756
11_36_08_443,14.0,-6.0,7.0,26.0,6.0,37.0,-47.0,19.0,0.44677734375,-0.6650390625,0.578125,3.963414634146342,28.231707317073173,15.243902439024392
11_36_08_443,-52.0,-30.0,-30.0,-25.0,20.0,-26.0,-12.0,-45.0,0.36572265625,-0.5595703125,0.51220703125,10.182926829268293,31.646341463414636,16.463414634146343
11_36_08_443,-6.0,17.0,-9.0,-41.0,-85.0,4.0,51.0,-7.0,0.47119140625,-0.60107421875,0.529296875,19.451219512195124,32.926829268292686,20.30487804878049
11_36_08_443,8.0,8.0,10.0,12.0,32.0,-31.0,15.0,28.0,0.50830078125,-0.72607421875,0.5283203125,15.853658536585368,30.0609756097561,20.243902439024392
11_36_08_443,-2.0,2.0,9.0,17.0,13.0,25.0,-35.0,-49.0,0.44580078125,-0.67724609375,0.486328125,12.134146341463415,29.207317073170735,21.585365853658537
11_36_08_499,-26.0,3.0,4.0,8.0,72.0,46.0,-7.0,12.0,0.4541015625,-0.59619140625,0.56689453125,12.134146341463415,15.000000000000002,7.743902439024391
11_36_08_499,2.0,-10.0,-1.0,26.0,-29.0,-51.0,4.0,4.0,0.43603515625,-0.62255859375,0.5791015625,12.256097560975611,15.79268292682927,8.536585365853659
11_36_08_499,-10.0,16.0,9.0,-20.0,-2.0,22.0,-2.0,-5.0,0.36376953125,-0.64404296875,0.59375,8.719512195121952,17.073170731707318,10.121951219512196
11_36_08_499,1.0,-3.0,14.0,4.0,19.0,3.0,3.0,3.0,0.42138671875,-0.6533203125,0.580078125,7.378048780487806,19.878048780487806,13.841463414634148
11_36_08_499,-15.0,-4.0,0.0,8.0,-51.0,9.0,24.0,10.0,0.50732421875,-0.6005859375,0.6025390625,11.585365853658537,22.682926829268293,12.560975609756099
11_36_08_499,25.0,10.0,-16.0,10.0,40.0,14.0,11.0,23.0,0.44482421875,-0.57568359375,0.6201171875,14.817073170731708,26.28048780487805,14.329268292682928
11_36_08_499,17.0,3.0,8.0,-12.0,9.0,-9.0,-69.0,-30.0,0.4619140625,-0.64697265625,0.6201171875,10.487804878048781,30.670731707317074,16.097560975609756
11_36_08_499,16.0,33.0,28.0,63.0,47.0,82.0,61.0,28.0,0.44677734375,-0.6650390625,0.578125,3.963414634146342,28.231707317073173,15.243902439024392
11_36_08_499,1.0,-14.0,-20.0,-87.0,-128.0,-128.0,-21.0,1.0,0.36572265625,-0.5595703125,0.51220703125,10.182926829268293,31.646341463414636,16.463414634146343
11_36_08_499,6.0,-11.0,6.0,4.0,-25.0,-44.0,11.0,17.0,0.47119140625,-0.60107421875,0.529296875,19.451219512195124,32.926829268292686,20.30487804878049
11_36_08_545,4.0,2.0,12.0,-25.0,-37.0,-48.0,-29.0,-6.0,0.4560546875,-0.6552734375,0.60107421875,5.670731707317073,9.573170731707318,3.7195121951219514
11_36_08_545,8.0,-6.0,-8.0,-28.0,-65.0,-9.0,-8.0,-14.0,0.38232421875,-0.63330078125,0.57421875,2.0121951219512195,11.646341463414634,7.378048780487806
11_36_08_545,-9.0,-35.0,-44.0,-31.0,-44.0,-42.0,39.0,0.0,0.43310546875,-0.6015625,0.56591796875,4.51219512195122,14.146341463414636,8.658536585365855
11_36_08_545,12.0,23.0,25.0,55.0,105.0,42.0,19.0,7.0,0.4541015625,-0.59619140625,0.56689453125,12.134146341463415,15.000000000000002,7.743902439024391
11_36_08_545,-1.0,-1.0,-11.0,-49.0,-62.0,41.0,4.0,0.0,0.43603515625,-0.62255859375,0.5791015625,12.256097560975611,15.79268292682927,8.536585365853659
11_36_08_545,15.0,-7.0,-25.0,33.0,19.0,-107.0,-12.0,6.0,0.36376953125,-0.64404296875,0.59375,8.719512195121952,17.073170731707318,10.121951219512196
11_36_08_545,-22.0,-30.0,25.0,36.0,94.0,89.0,26.0,10.0,0.42138671875,-0.6533203125,0.580078125,7.378048780487806,19.878048780487806,13.841463414634148
11_36_08_545,2.0,-10.0,16.0,27.0,-31.0,98.0,-23.0,2.0,0.50732421875,-0.6005859375,0.6025390625,11.585365853658537,22.682926829268293,12.560975609756099
11_36_08_545,19.0,-10.0,-19.0,-19.0,-46.0,-104.0,13.0,-13.0,0.44482421875,-0.57568359375,0.6201171875,14.817073170731708,26.28048780487805,14.329268292682928
11_36_08_545,-13.0,-6.0,-17.0,-41.0,19.0,-21.0,-18.0,37.0,0.4619140625,-0.64697265625,0.6201171875,10.487804878048781,30.670731707317074,16.097560975609756
11_36_08_597,5.0,2.0,-3.0,-20.0,1.0,84.0,1.0,5.0,0.43212890625,-0.6279296875,0.63232421875,-4.878048780487806,1.8902439024390245,0.6707317073170732
11_36_08_597,0.0,0.0,24.0,60.0,77.0,-38.0,38.0,5.0,0.3974609375,-0.53466796875,0.6103515625,4.085365853658537,4.939024390243903,-0.9146341463414634
11_36_08_597,14.0,0.0,-25.0,-81.0,-128.0,-113.0,-62.0,36.0,0.435546875,-0.6220703125,0.5986328125,11.28048780487805,8.048780487804878,3.536585365853659
11_36_08_597,8.0,10.0,19.0,127.0,127.0,55.0,34.0,-34.0,0.4560546875,-0.6552734375,0.60107421875,5.670731707317073,9.573170731707318,3.7195121951219514
11_36_08_597,3.0,-34.0,-2.0,24.0,127.0,127.0,12.0,-8.0,0.38232421875,-0.63330078125,0.57421875,2.0121951219512195,11.646341463414634,7.378048780487806
11_36_08_597,-25.0,-1.0,-12.0,-41.0,-98.0,-74.0,-31.0,18.0,0.43310546875,-0.6015625,0.56591796875,4.51219512195122,14.146341463414636,8.658536585365855
11_36_08_597,1.0,-1.0,-8.0,-14.0,-49.0,-57.0,21.0,30.0,0.4541015625,-0.59619140625,0.56689453125,12.134146341463415,15.000000000000002,7.743902439024391
11_36_08_597,3.0,-10.0,20.0,100.0,69.0,56.0,7.0,8.0,0.43603515625,-0.62255859375,0.5791015625,12.256097560975611,15.79268292682927,8.536585365853659
11_36_08_597,-8.0,2.0,-7.0,-89.0,-11.0,38.0,-19.0,-14.0,0.36376953125,-0.64404296875,0.59375,8.719512195121952,17.073170731707318,10.121951219512196
11_36_08_597,-12.0,-3.0,-21.0,-9.0,-49.0,-73.0,-6.0,-11.0,0.42138671875,-0.6533203125,0.580078125,7.378048780487806,19.878048780487806,13.841463414634148
11_36_08_647,-6.0,0.0,-3.0,-29.0,-17.0,-6.0,-9.0,4.0,0.447265625,-0.59814453125,0.5966796875,10.365853658536587,-0.5487804878048781,-4.51219512195122
11_36_08_647,-5.0,-10.0,-1.0,-13.0,-112.0,-56.0,-7.0,10.0,0.4111328125,-0.685546875,0.63720703125,5.0,0.06097560975609757,0.06097560975609757
11_36_08_647,3.0,-7.0,-19.0,-1.0,46.0,-10.0,11.0,-11.0,0.43212890625,-0.6279296875,0.63232421875,-4.878048780487806,1.8902439024390245,0.6707317073170732
11_36_08_647,1.0,6.0,25.0,19.0,62.0,114.0,6.0,2.0,0.3974609375,-0.53466796875,0.6103515625,4.085365853658537,4.939024390243903,-0.9146341463414634
11_36_08_647,1.0,17.0,-12.0,-57.0,-80.0,-58.0,-28.0,2.0,0.435546875,-0.6220703125,0.5986328125,11.28048780487805,8.048780487804878,3.536585365853659
11_36_08_647,2.0,-11.0,-11.0,-37.0,-54.0,-27.0,22.0,10.0,0.4560546875,-0.6552734375,0.60107421875,5.670731707317073,9.573170731707318,3.7195121951219514
11_36_08_647,2.0,-12.0,5.0,93.0,114.0,71.0,4.0,-7.0,0.38232421875,-0.63330078125,0.57421875,2.0121951219512195,11.646341463414634,7.378048780487806
11_36_08_647,-41.0,12.0,4.0,-40.0,2.0,-52.0,-9.0,25.0,0.43310546875,-0.6015625,0.56591796875,4.51219512195122,14.146341463414636,8.658536585365855
11_36_08_647,5.0,2.0,-3.0,-20.0,1.0,84.0,1.0,5.0,0.4541015625,-0.59619140625,0.56689453125,12.134146341463415,15.000000000000002,7.743902439024391
11_36_08_647,0.0,0.0,24.0,60.0,77.0,-38.0,38.0,5.0,0.43603515625,-0.62255859375,0.5791015625,12.256097560975611,15.79268292682927,8.536585365853659
11_36_08_695,53.0,16.0,-11.0,-35.0,-66.0,-64.0,-50.0,41.0,0.4423828125,-0.5849609375,0.619140625,-3.414634146341464,-3.536585365853659,-2.5609756097560976
11_36_08_695,7.0,22.0,15.0,-4.0,4.0,-52.0,57.0,-39.0,0.41552734375,-0.62841796875,0.64599609375,-7.500000000000001,-4.878048780487806,-5.0
11_36_08_695,-5.0,-15.0,-16.0,-34.0,-96.0,-42.0,-4.0,23.0,0.37255859375,-0.57861328125,0.59912109375,1.1585365853658538,-1.0365853658536586,-2.5609756097560976
11_36_08_695,-19.0,-32.0,-4.0,57.0,98.0,-7.0,-73.0,-27.0,0.447265625,-0.59814453125,0.5966796875,10.365853658536587,-0.5487804878048781,-4.51219512195122
11_36_08_695,-31.0,-9.0,-20.0,2.0,38.0,127.0,37.0,-87.0,0.4111328125,-0.685546875,0.63720703125,5.0,0.06097560975609757,0.06097560975609757
11_36_08_695,35.0,26.0,13.0,-85.0,-128.0,-128.0,-26.0,44.0,0.43212890625,-0.6279296875,0.63232421875,-4.878048780487806,1.8902439024390245,0.6707317073170732
11_36_08_695,-6.0,-5.0,21.0,120.0,127.0,85.0,-46.0,-32.0,0.3974609375,-0.53466796875,0.6103515625,4.085365853658537,4.939024390243903,-0.9146341463414634
11_36_08_695,-7.0,22.0,32.0,-18.0,-72.0,127.0,10.0,28.0,0.435546875,-0.6220703125,0.5986328125,11.28048780487805,8.048780487804878,3.536585365853659
11_36_08_695,3.0,-21.0,-20.0,-56.0,15.0,-102.0,31.0,-34.0,0.4560546875,-0.6552734375,0.60107421875,5.670731707317073,9.573170731707318,3.7195121951219514
11_36_08_695,12.0,6.0,22.0,67.0,116.0,116.0,3.0,22.0,0.38232421875,-0.63330078125,0.57421875,2.0121951219512195,11.646341463414634,7.378048780487806
11_36_08_752,-10.0,-2.0,-4.0,-13.0,-37.0,-75.0,-5.0,-11.0,0.44287109375,-0.65283203125,0.57421875,-2.1341463414634148,-4.817073170731708,-6.402439024390245
11_36_08_752,8.0,0.0,-9.0,-66.0,-55.0,-36.0,-22.0,22.0,0.39404296875,-0.64013671875,0.56884765625,0.3658536585365854,-2.6219512195121952,-5.3048780487804885
11_36_08_752,-13.0,-7.0,3.0,-4.0,-54.0,-36.0,-34.0,-42.0,0.3740234375,-0.63818359375,0.60986328125,-0.6707317073170732,-3.780487804878049,-4.878048780487806
11_36_08_752,16.0,-6.0,3.0,27.0,23.0,-31.0,20.0,16.0,0.4423828125,-0.5849609375,0.619140625,-3.414634146341464,-3.536585365853659,-2.5609756097560976
11_36_08_752,-3.0,-1.0,11.0,-2.0,73.0,73.0,10.0,2.0,0.41552734375,-0.62841796875,0.64599609375,-7.500000000000001,-4.878048780487806,-5.0
11_36_08_752,2.0,-12.0,-21.0,14.0,103.0,127.0,14.0,2.0,0.37255859375,-0.57861328125,0.59912109375,1.1585365853658538,-1.0365853658536586,-2.5609756097560976
11_36_08_752,-10.0,-6.0,-5.0,103.0,-58.0,-128.0,-2.0,11.0,0.447265625,-0.59814453125,0.5966796875,10.365853658536587,-0.5487804878048781,-4.51219512195122
11_36_08_752,1.0,18.0,-11.0,-118.0,-42.0,-16.0,-7.0,5.0,0.4111328125,-0.685546875,0.63720703125,5.0,0.06097560975609757,0.06097560975609757
11_36_08_752,13.0,12.0,-5.0,20.0,-62.0,-77.0,-78.0,1.0,0.43212890625,-0.6279296875,0.63232421875,-4.878048780487806,1.8902439024390245,0.6707317073170732
11_36_08_752,43.0,13.0,1.0,-51.0,-50.0,-45.0,25.0,-7.0,0.3974609375,-0.53466796875,0.6103515625,4.085365853658537,4.939024390243903,-0.9146341463414634
11_36_08_797,12.0,5.0,3.0,4.0,17.0,-22.0,6.0,15.0,0.43505859375,-0.67333984375,0.63134765625,-15.121951219512196,-2.439024390243903,-5.914634146341464
11_36_08_797,-10.0,-12.0,-8.0,53.0,67.0,59.0,-1.0,-18.0,0.40234375,-0.64453125,0.59375,-8.658536585365855,-1.0365853658536586,-3.780487804878049
11_36_08_797,-1.0,14.0,0.0,-46.0,-35.0,-27.0,-5.0,5.0,0.44287109375,-0.65283203125,0.57421875,-2.1341463414634148,-4.817073170731708,-6.402439024390245
11_36_08_797,2.0,-2.0,6.0,-37.0,-30.0,-32.0,-16.0,2.0,0.39404296875,-0.64013671875,0.56884765625,0.3658536585365854,-2.6219512195121952,-5.3048780487804885
11_36_08_797,-1.0,8.0,-3.0,-31.0,-72.0,-39.0,16.0,31.0,0.3740234375,-0.63818359375,0.60986328125,-0.6707317073170732,-3.780487804878049,-4.878048780487806
11_36_08_797,9.0,1.0,20.0,14.0,20.0,29.0,13.0,8.0,0.4423828125,-0.5849609375,0.619140625,-3.414634146341464,-3.536585365853659,-2.5609756097560976
11_36_08_797,0.0,-37.0,-7.0,40.0,20.0,31.0,-49.0,-8.0,0.41552734375,-0.62841796875,0.64599609375,-7.500000000000001,-4.878048780487806,-5.0
11_36_08_797,19.0,5.0,5.0,-49.0,12.0,-8.0,16.0,9.0,0.37255859375,-0.57861328125,0.59912109375,1.1585365853658538,-1.0365853658536586,-2.5609756097560976
11_36_08_797,-4.0,12.0,0.0,78.0,127.0,82.0,-88.0,-16.0,0.447265625,-0.59814453125,0.5966796875,10.365853658536587,-0.5487804878048781,-4.51219512195122
11_36_08_797,8.0,-6.0,-21.0,-31.0,-88.0,-11.0,47.0,43.0,0.4111328125,-0.685546875,0.63720703125,5.0,0.06097560975609757,0.06097560975609757
11_36_08_850,4.0,-13.0,-17.0,-7.0,1.0,-13.0,34.0,26.0,0.3681640625,-0.61669921875,0.71142578125,-1.3414634146341464,-5.3048780487804885,-9.573170731707318
11_36_08_850,13.0,10.0,5.0,23.0,32.0,25.0,-4.0,8.0,0.38037109375,-0.65966796875,0.65625,-9.51219512195122,-0.1829268292682927,-6.036585365853659
11_36_08_850,-3.0,7.0,0.0,-23.0,-25.0,-19.0,-19.0,5.0,0.43505859375,-0.67333984375,0.63134765625,-15.121951219512196,-2.439024390243903,-5.914634146341464
11_36_08_850,2.0,1.0,-21.0,-72.0,-111.0,-42.0,-19.0,-10.0,0.40234375,-0.64453125,0.59375,-8.658536585365855,-1.0365853658536586,-3.780487804878049
11_36_08_850,-21.0,-12.0,-2.0,-70.0,-98.0,-46.0,3.0,27.0,0.44287109375,-0.65283203125,0.57421875,-2.1341463414634148,-4.817073170731708,-6.402439024390245
11_36_08_850,18.0,-6.0,-30.0,-6.0,42.0,-8.0,20.0,-28.0,0.39404296875,-0.64013671875,0.56884765625,0.3658536585365854,-2.6219512195121952,-5.3048780487804885
11_36_08_850,-14.0,-5.0,5.0,97.0,127.0,127.0,11.0,-7.0,0.3740234375,-0.63818359375,0.60986328125,-0.6707317073170732,-3.780487804878049,-4.878048780487806
11_36_08_850,-1.0,3.0,10.0,1.0,-25.0,-19.0,-16.0,22.0,0.4423828125,-0.5849609375,0.619140625,-3.414634146341464,-3.536585365853659,-2.5609756097560976
11_36_08_850,12.0,5.0,3.0,4.0,17.0,-22.0,6.0,15.0,0.41552734375,-0.62841796875,0.64599609375,-7.500000000000001,-4.878048780487806,-5.0
11_36_08_850,-10.0,-12.0,-8.0,53.0,67.0,59.0,-1.0,-18.0,0.37255859375,-0.57861328125,0.59912109375,1.1585365853658538,-1.0365853658536586,-2.5609756097560976
11_36_08_908,18.0,8.0,8.0,16.0,27.0,-12.0,-5.0,4.0,0.416015625,-0.66064453125,0.54052734375,-0.06097560975609757,-17.195121951219512,-14.26829268292683
11_36_08_908,-1.0,-4.0,3.0,12.0,-87.0,-33.0,10.0,-11.0,0.45947265625,-0.59375,0.60546875,1.0365853658536586,-16.402439024390244,-12.439024390243903
11_36_08_908,2.0,0.0,13.0,-19.0,5.0,23.0,15.0,24.0,0.4404296875,-0.58984375,0.6982421875,4.451219512195122,-11.890243902439025,-7.560975609756098
11_36_08_908,-23.0,4.0,-5.0,-15.0,92.0,14.0,-23.0,-40.0,0.3681640625,-0.61669921875,0.71142578125,-1.3414634146341464,-5.3048780487804885,-9.573170731707318
11_36_08_908,0.0,-7.0,-16.0,-57.0,-128.0,-66.0,-2.0,10.0,0.38037109375,-0.65966796875,0.65625,-9.51219512195122,-0.1829268292682927,-6.036585365853659
11_36_08_908,24.0,4.0,-1.0,35.0,124.0,25.0,31.0,9.0,0.43505859375,-0.67333984375,0.63134765625,-15.121951219512196,-2.439024390243903,-5.914634146341464
11_36_08_908,-9.0,-7.0,9.0,49.0,50.0,70.0,-1.0,-17.0,0.40234375,-0.64453125,0.59375,-8.658536585365855,-1.0365853658536586,-3.780487804878049
11_36_08_908,-42.0,3.0,2.0,-19.0,-17.0,-48.0,-10.0,-16.0,0.44287109375,-0.65283203125,0.57421875,-2.1341463414634148,-4.817073170731708,-6.402439024390245
11_36_08_908,36.0,-8.0,1.0,-54.0,-106.0,-62.0,-38.0,14.0,0.39404296875,-0.64013671875,0.56884765625,0.3658536585365854,-2.6219512195121952,-5.3048780487804885
11_36_08_908,-11.0,-7.0,-30.0,24.0,55.0,4.0,-7.0,-14.0,0.3740234375,-0.63818359375,0.60986328125,-0.6707317073170732,-3.780487804878049,-4.878048780487806
11_36_08_954,6.0,-11.0,-14.0,34.0,107.0,33.0,47.0,-16.0,0.455078125,-0.59814453125,0.556640625,-3.963414634146342,-23.719512195121954,-21.28048780487805
11_36_08_954,-13.0,2.0,22.0,12.0,-51.0,29.0,-39.0,9.0,0.43603515625,-0.5732421875,0.5703125,2.25609756097561,-23.658536585365855,-18.353658536585368
11_36_08_954,-4.0,-10.0,-7.0,11.0,33.0,13.0,-5.0,11.0,0.41748046875,-0.61181640625,0.53369140625,5.365853658536586,-19.451219512195124,-16.76829268292683
11_36_08_954,3.0,6.0,-11.0,-12.0,21.0,-29.0,3.0,-11.0,0.416015625,-0.66064453125,0.54052734375,-0.06097560975609757,-17.195121951219512,-14.26829268292683
11_36_08_954,13.0,-4.0,3.0,-32.0,-87.0,-37.0,4.0,21.0,0.45947265625,-0.59375,0.60546875,1.0365853658536586,-16.402439024390244,-12.439024390243903
11_36_08_954,-21.0,-2.0,-10.0,2.0,6.0,-11.0,-17.0,-29.0,0.4404296875,-0.58984375,0.6982421875,4.451219512195122,-11.890243902439025,-7.560975609756098
11_36_08_954,-8.0,-2.0,3.0,0.0,69.0,89.0,-3.0,2.0,0.3681640625,-0.61669921875,0.71142578125,-1.3414634146341464,-5.3048780487804885,-9.573170731707318
11_36_08_954,6.0,1.0,2.0,-54.0,-111.0,-70.0,0.0,10.0,0.38037109375,-0.65966796875,0.65625,-9.51219512195122,-0.1829268292682927,-6.036585365853659
11_36_08_954,2.0,3.0,-1.0,-12.0,-48.0,-65.0,-1.0,-7.0,0.43505859375,-0.67333984375,0.63134765625,-15.121951219512196,-2.439024390243903,-5.914634146341464
11_36_08_954,-34.0,-4.0,-17.0,1.0,47.0,92.0,2.0,-5.0,0.40234375,-0.64453125,0.59375,-8.658536585365855,-1.0365853658536586,-3.780487804878049
11_36_09_006,9.0,13.0,2.0,25.0,22.0,0.0,-18.0,51.0,0.453125,-0.63037109375,0.5703125,-0.48780487804878053,-27.25609756097561,-23.78048780487805
11_36_09_006,-4.0,4.0,-3.0,-54.0,-33.0,-34.0,-5.0,-26.0,0.455078125,-0.62841796875,0.5439453125,-4.390243902439025,-24.085365853658537,-23.59756097560976
11_36_09_006,12.0,12.0,-7.0,-9.0,-10.0,4.0,13.0,19.0,0.455078125,-0.59814453125,0.556640625,-3.963414634146342,-23.719512195121954,-21.28048780487805
11_36_09_006,-13.0,-25.0,-2.0,35.0,-27.0,-8.0,3.0,5.0,0.43603515625,-0.5732421875,0.5703125,2.25609756097561,-23.658536585365855,-18.353658536585368
11_36_09_006,-5.0,5.0,-4.0,-29.0,10.0,-25.0,25.0,-7.0,0.41748046875,-0.61181640625,0.53369140625,5.365853658536586,-19.451219512195124,-16.76829268292683
11_36_09_006,-11.0,16.0,3.0,-7.0,15.0,62.0,3.0,9.0,0.416015625,-0.66064453125,0.54052734375,-0.06097560975609757,-17.195121951219512,-14.26829268292683
11_36_09_006,25.0,2.0,9.0,-13.0,-55.0,-101.0,-26.0,-11.0,0.45947265625,-0.59375,0.60546875,1.0365853658536586,-16.402439024390244,-12.439024390243903
11_36_09_006,-28.0,-20.0,-4.0,-32.0,-11.0,30.0,-17.0,20.0,0.4404296875,-0.58984375,0.6982421875,4.451219512195122,-11.890243902439025,-7.560975609756098
11_36_09_006,6.0,-11.0,-14.0,34.0,107.0,33.0,47.0,-16.0,0.3681640625,-0.61669921875,0.71142578125,-1.3414634146341464,-5.3048780487804885,-9.573170731707318
11_36_09_006,-13.0,2.0,22.0,12.0,-51.0,29.0,-39.0,9.0,0.38037109375,-0.65966796875,0.65625,-9.51219512195122,-0.1829268292682927,-6.036585365853659
11_36_09_056,27.0,16.0,-12.0,-34.0,-26.0,12.0,24.0,20.0,0.47265625,-0.6201171875,0.54443359375,-7.195121951219513,-32.13414634146342,-25.975609756097562
11_36_09_056,5.0,14.0,17.0,57.0,94.0,55.0,-18.0,18.0,0.50439453125,-0.57861328125,0.5625,-7.134146341463415,-31.82926829268293,-25.975609756097562
11_36_09_056,-27.0,-38.0,-22.0,-11.0,-1.0,7.0,10.0,-57.0,0.4501953125,-0.544921875,0.57958984375,1.1585365853658538,-29.26829268292683,-24.02439024390244
11_36_09_056,-25.0,-1.0,-24.0,-48.0,11.0,-58.0,-80.0,-53.0,0.453125,-0.63037109375,0.5703125,-0.48780487804878053,-27.25609756097561,-23.78048780487805
11_36_09_056,7.0,12.0,7.0,-16.0,-22.0,-11.0,43.0,26.0,0.455078125,-0.62841796875,0.5439453125,-4.390243902439025,-24.085365853658537,-23.59756097560976
11_36_09_056,4.0,-10.0,-13.0,-47.0,-5.0,44.0,-16.0,31.0,0.455078125,-0.59814453125,0.556640625,-3.963414634146342,-23.719512195121954,-21.28048780487805
11_36_09_056,-31.0,-11.0,-6.0,15.0,-51.0,-75.0,-59.0,-61.0,0.43603515625,-0.5732421875,0.5703125,2.25609756097561,-23.658536585365855,-18.353658536585368
11_36_09_056,6.0,-3.0,4.0,-10.0,-39.0,1.0,64.0,42.0,0.41748046875,-0.61181640625,0.53369140625,5.365853658536586,-19.451219512195124,-16.76829268292683
11_36_09_056,1.0,-2.0,-9.0,16.0,35.0,-6.0,22.0,-6.0,0.416015625,-0.66064453125,0.54052734375,-0.06097560975609757,-17.195121951219512,-14.26829268292683
11_36_09_056,18.0,-10.0,-19.0,-53.0,66.0,119.0,-17.0,14.0,0.45947265625,-0.59375,0.60546875,1.0365853658536586,-16.402439024390244,-12.439024390243903
11_36_09_107,3.0,29.0,22.0,17.0,87.0,117.0,1.0,58.0,0.548828125,-0.59765625,0.556640625,-2.987804878048781,-35.243902439024396,-28.10975609756098
11_36_09_107,-12.0,-15.0,-9.0,-25.0,-128.0,-93.0,0.0,7.0,0.5185546875,-0.6103515625,0.5478515625,-4.207317073170732,-33.65853658536586,-28.170731707317074
11_36_09_107,-15.0,4.0,-12.0,-41.0,-69.0,-58.0,-16.0,-39.0,0.47265625,-0.6201171875,0.54443359375,-7.195121951219513,-32.13414634146342,-25.975609756097562
11_36_09_107,18.0,8.0,-5.0,-14.0,32.0,3.0,11.0,20.0,0.50439453125,-0.57861328125,0.5625,-7.134146341463415,-31.82926829268293,-25.975609756097562
11_36_09_107,-4.0,-19.0,16.0,65.0,25.0,47.0,5.0,8.0,0.4501953125,-0.544921875,0.57958984375,1.1585365853658538,-29.26829268292683,-24.02439024390244
11_36_09_107,-46.0,-12.0,14.0,-2.0,56.0,23.0,-11.0,-4.0,0.453125,-0.63037109375,0.5703125,-0.48780487804878053,-27.25609756097561,-23.78048780487805
11_36_09_107,35.0,9.0,-8.0,-40.0,-10.0,21.0,-18.0,-14.0,0.455078125,-0.62841796875,0.5439453125,-4.390243902439025,-24.085365853658537,-23.59756097560976
11_36_09_107,17.0,16.0,9.0,-21.0,-24.0,-13.0,3.0,13.0,0.455078125,-0.59814453125,0.556640625,-3.963414634146342,-23.719512195121954,-21.28048780487805
11_36_09_107,4.0,-1.0,-12.0,12.0,-16.0,-26.0,-9.0,-9.0,0.43603515625,-0.5732421875,0.5703125,2.25609756097561,-23.658536585365855,-18.353658536585368
11_36_09_107,-37.0,-11.0,15.0,33.0,-9.0,-27.0,28.0,4.0,0.41748046875,-0.61181640625,0.53369140625,5.365853658536586,-19.451219512195124,-16.76829268292683
11_36_09_166,5.0,-2.0,-2.0,-28.0,-63.0,72.0,10.0,22.0,0.56640625,-0.63720703125,0.52734375,-4.817073170731708,-42.6829268292683,-29.451219512195124
11_36_09_166,-9.0,-15.0,-15.0,30.0,-30.0,-109.0,30.0,2.0,0.52685546875,-0.59765625,0.5595703125,-11.463414634146343,-39.268292682926834,-24.512195121951223
11_36_09_166,31.0,10.0,22.0,93.0,116.0,51.0,35.0,2.0,0.53857421875,-0.54736328125,0.56494140625,-7.8048780487804885,-36.524390243902445,-27.80487804878049
11_36_09_166,-1.0,14.0,16.0,20.0,90.0,127.0,-10.0,18.0,0.548828125,-0.59765625,0.556640625,-2.987804878048781,-35.243902439024396,-28.10975609756098
11_36_09_166,18.0,16.0,-13.0,-14.0,-9.0,-103.0,11.0,2.0,0.5185546875,-0.6103515625,0.5478515625,-4.207317073170732,-33.65853658536586,-28.170731707317074
11_36_09_166,-3.0,-6.0,5.0,-3.0,-24.0,-29.0,-38.0,9.0,0.47265625,-0.6201171875,0.54443359375,-7.195121951219513,-32.13414634146342,-25.975609756097562
11_36_09_166,-4.0,4.0,-5.0,-6.0,-56.0,-52.0,-16.0,-55.0,0.50439453125,-0.57861328125,0.5625,-7.134146341463415,-31.82926829268293,-25.975609756097562
11_36_09_166,-7.0,5.0,7.0,9.0,14.0,14.0,-6.0,17.0,0.4501953125,-0.544921875,0.57958984375,1.1585365853658538,-29.26829268292683,-24.02439024390244
11_36_09_166,-21.0,-47.0,-29.0,-13.0,-13.0,-22.0,9.0,20.0,0.453125,-0.63037109375,0.5703125,-0.48780487804878053,-27.25609756097561,-23.78048780487805
11_36_09_166,-13.0,-12.0,-32.0,-11.0,-13.0,-7.0,1.0,-66.0,0.455078125,-0.62841796875,0.5439453125,-4.390243902439025,-24.085365853658537,-23.59756097560976
11_36_09_205,0.0,-19.0,-9.0,-2.0,10.0,9.0,8.0,20.0,0.568359375,-0.521484375,0.48828125,-13.658536585365855,-42.926829268292686,-31.03658536585366
11_36_09_205,0.0,6.0,0.0,6.0,39.0,1.0,-42.0,-90.0,0.58447265625,-0.47119140625,0.48046875,-2.5609756097560976,-37.80487804878049,-29.32926829268293
11_36_09_205,-24.0,7.0,14.0,44.0,72.0,68.0,16.0,9.0,0.67529296875,-0.60302734375,0.482421875,1.2804878048780488,-38.29268292682927,-33.90243902439025
11_36_09_205,0.0,7.0,19.0,25.0,-2.0,28.0,-4.0,26.0,0.56640625,-0.63720703125,0.52734375,-4.817073170731708,-42.6829268292683,-29.451219512195124
11_36_09_205,-9.0,-17.0,-31.0,-55.0,-78.0,-101.0,4.0,6.0,0.52685546875,-0.59765625,0.5595703125,-11.463414634146343,-39.268292682926834,-24.512195121951223
11_36_09_205,-11.0,-36.0,-8.0,-31.0,-20.0,-12.0,-9.0,3.0,0.53857421875,-0.54736328125,0.56494140625,-7.8048780487804885,-36.524390243902445,-27.80487804878049
11_36_09_205,27.0,5.0,-8.0,28.0,31.0,-1.0,-7.0,-3.0,0.548828125,-0.59765625,0.556640625,-2.987804878048781,-35.243902439024396,-28.10975609756098
11_36_09_205,-13.0,6.0,13.0,50.0,31.0,39.0,-13.0,10.0,0.5185546875,-0.6103515625,0.5478515625,-4.207317073170732,-33.65853658536586,-28.170731707317074
11_36_09_205,-4.0,-10.0,-8.0,-61.0,-71.0,-83.0,0.0,19.0,0.47265625,-0.6201171875,0.54443359375,-7.195121951219513,-32.13414634146342,-25.975609756097562
11_36_09_205,18.0,2.0,-18.0,-38.0,2.0,-6.0,-21.0,-22.0,0.50439453125,-0.57861328125,0.5625,-7.134146341463415,-31.82926829268293,-25.975609756097562
11_36_09_260,-15.0,-4.0,-8.0,-17.0,-5.0,-5.0,-2.0,0.0,0.64453125,-0.58837890625,0.47119140625,-2.5,-40.85365853658537,-38.90243902439025
11_36_09_260,-34.0,-13.0,24.0,64.0,35.0,49.0,-16.0,-4.0,0.638671875,-0.58837890625,0.49609375,-11.28048780487805,-43.23170731707317,-34.87804878048781
11_36_09_260,13.0,-3.0,-15.0,-21.0,-64.0,-39.0,-2.0,-7.0,0.568359375,-0.521484375,0.48828125,-13.658536585365855,-42.926829268292686,-31.03658536585366
11_36_09_260,7.0,10.0,19.0,65.0,39.0,-25.0,-2.0,0.0,0.58447265625,-0.47119140625,0.48046875,-2.5609756097560976,-37.80487804878049,-29.32926829268293
11_36_09_260,1.0,-5.0,-2.0,-21.0,-3.0,5.0,28.0,9.0,0.67529296875,-0.60302734375,0.482421875,1.2804878048780488,-38.29268292682927,-33.90243902439025
11_36_09_260,5.0,14.0,10.0,55.0,106.0,127.0,16.0,6.0,0.56640625,-0.63720703125,0.52734375,-4.817073170731708,-42.6829268292683,-29.451219512195124
11_36_09_260,-15.0,-19.0,-16.0,-110.0,-85.0,-128.0,17.0,-19.0,0.52685546875,-0.59765625,0.5595703125,-11.463414634146343,-39.268292682926834,-24.512195121951223
11_36_09_260,-15.0,-15.0,-16.0,-26.0,-25.0,10.0,5.0,0.0,0.53857421875,-0.54736328125,0.56494140625,-7.8048780487804885,-36.524390243902445,-27.80487804878049
11_36_09_260,10.0,17.0,11.0,85.0,127.0,127.0,-37.0,5.0,0.548828125,-0.59765625,0.556640625,-2.987804878048781,-35.243902439024396,-28.10975609756098
11_36_09_260,12.0,-2.0,10.0,-2.0,-29.0,-41.0,-20.0,37.0,0.5185546875,-0.6103515625,0.5478515625,-4.207317073170732,-33.65853658536586,-28.170731707317074
11_36_09_310,10.0,20.0,-9.0,-5.0,29.0,127.0,37.0,13.0,0.66845703125,-0.4990234375,0.4501953125,-11.646341463414634,-41.707317073170735,-35.487804878048784
11_36_09_310,27.0,6.0,2.0,37.0,39.0,-109.0,-19.0,4.0,0.6279296875,-0.49267578125,0.4716796875,-7.439024390243903,-38.29268292682927,-33.109756097560975
11_36_09_310,7.0,-3.0,12.0,4.0,4.0,5.0,-71.0,-47.0,0.7138671875,-0.5234375,0.47412109375,-2.682926829268293,-39.87804878048781,-40.670731707317074
11_36_09_310,-23.0,2.0,3.0,-11.0,-24.0,30.0,21.0,34.0,0.64453125,-0.58837890625,0.47119140625,-2.5,-40.85365853658537,-38.90243902439025
11_36_09_310,-3.0,-5.0,-7.0,29.0,50.0,11.0,-55.0,0.0,0.638671875,-0.58837890625,0.49609375,-11.28048780487805,-43.23170731707317,-34.87804878048781
11_36_09_310,-2.0,0.0,1.0,54.0,87.0,42.0,29.0,37.0,0.568359375,-0.521484375,0.48828125,-13.658536585365855,-42.926829268292686,-31.03658536585366
11_36_09_310,-9.0,-14.0,8.0,-76.0,-97.0,-71.0,-26.0,-54.0,0.58447265625,-0.47119140625,0.48046875,-2.5609756097560976,-37.80487804878049,-29.32926829268293
11_36_09_310,13.0,11.0,-9.0,-51.0,-78.0,-63.0,-4.0,21.0,0.67529296875,-0.60302734375,0.482421875,1.2804878048780488,-38.29268292682927,-33.90243902439025
11_36_09_310,-15.0,-4.0,-8.0,-17.0,-5.0,-5.0,-2.0,0.0,0.56640625,-0.63720703125,0.52734375,-4.817073170731708,-42.6829268292683,-29.451219512195124
11_36_09_310,-34.0,-13.0,24.0,64.0,35.0,49.0,-16.0,-4.0,0.52685546875,-0.59765625,0.5595703125,-11.463414634146343,-39.268292682926834,-24.512195121951223
11_36_09_361,-50.0,-30.0,-17.0,-35.0,-36.0,-27.0,1.0,-4.0,0.79296875,-0.5283203125,0.455078125,10.0,-38.35365853658537,-36.890243902439025
11_36_09_361,17.0,-2.0,1.0,39.0,39.0,3.0,16.0,9.0,0.74853515625,-0.591796875,0.44873046875,-3.414634146341464,-42.37804878048781,-36.524390243902445
11_36_09_361,0.0,-5.0,9.0,36.0,45.0,86.0,10.0,1.0,0.66845703125,-0.4990234375,0.4501953125,-11.646341463414634,-41.707317073170735,-35.487804878048784
11_36_09_361,1.0,7.0,-10.0,-23.0,14.0,-39.0,-5.0,-8.0,0.6279296875,-0.49267578125,0.4716796875,-7.439024390243903,-38.29268292682927,-33.109756097560975
11_36_09_361,3.0,6.0,20.0,58.0,4.0,28.0,9.0,-1.0,0.7138671875,-0.5234375,0.47412109375,-2.682926829268293,-39.87804878048781,-40.670731707317074
11_36_09_361,-12.0,-9.0,4.0,-15.0,-31.0,-8.0,-3.0,2.0,0.64453125,-0.58837890625,0.47119140625,-2.5,-40.85365853658537,-38.90243902439025
11_36_09_361,-31.0,-8.0,-12.0,-37.0,-34.0,-68.0,-26.0,-6.0,0.638671875,-0.58837890625,0.49609375,-11.28048780487805,-43.23170731707317,-34.87804878048781
11_36_09_361,6.0,0.0,-3.0,20.0,50.0,-7.0,6.0,-37.0,0.568359375,-0.521484375,0.48828125,-13.658536585365855,-42.926829268292686,-31.03658536585366
11_36_09_361,6.0,3.0,7.0,27.0,-50.0,-25.0,37.0,8.0,0.58447265625,-0.47119140625,0.48046875,-2.5609756097560976,-37.80487804878049,-29.32926829268293
11_36_09_361,-3.0,-16.0,8.0,8.0,18.0,8.0,-20.0,2.0,0.67529296875,-0.60302734375,0.482421875,1.2804878048780488,-38.29268292682927,-33.90243902439025
11_36_09_416,12.0,15.0,15.0,51.0,125.0,75.0,21.0,29.0,0.7802734375,-0.55029296875,0.43212890625,1.829268292682927,-42.987804878048784,-32.31707317073171
11_36_09_416,-22.0,-3.0,17.0,9.0,18.0,-23.0,-4.0,-13.0,0.7685546875,-0.5107421875,0.4443359375,-11.28048780487805,-39.451219512195124,-28.04878048780488
11_36_09_416,26.0,-2.0,-11.0,-42.0,-118.0,-19.0,18.0,12.0,0.8125,-0.44921875,0.46044921875,-4.878048780487806,-36.34146341463415,-30.914634146341466
11_36_09_416,6.0,-6.0,-4.0,7.0,56.0,0.0,11.0,13.0,0.79296875,-0.5283203125,0.455078125,10.0,-38.35365853658537,-36.890243902439025
11_36_09_416,12.0,-8.0,-10.0,-9.0,-1.0,34.0,-50.0,-13.0,0.74853515625,-0.591796875,0.44873046875,-3.414634146341464,-42.37804878048781,-36.524390243902445
11_36_09_416,-53.0,6.0,4.0,-36.0,-55.0,-10.0,2.0,31.0,0.66845703125,-0.4990234375,0.4501953125,-11.646341463414634,-41.707317073170735,-35.487804878048784
11_36_09_416,25.0,3.0,-4.0,-24.0,-99.0,-84.0,-5.0,-86.0,0.6279296875,-0.49267578125,0.4716796875,-7.439024390243903,-38.29268292682927,-33.109756097560975
11_36_09_416,-19.0,3.0,-3.0,28.0,89.0,14.0,27.0,6.0,0.7138671875,-0.5234375,0.47412109375,-2.682926829268293,-39.87804878048781,-40.670731707317074
11_36_09_416,-14.0,-2.0,14.0,73.0,30.0,61.0,-15.0,49.0,0.64453125,-0.58837890625,0.47119140625,-2.5,-40.85365853658537,-38.90243902439025
11_36_09_416,18.0,7.0,0.0,-26.0,51.0,-2.0,4.0,-34.0,0.638671875,-0.58837890625,0.49609375,-11.28048780487805,-43.23170731707317,-34.87804878048781
11_36_09_464,10.0,7.0,6.0,28.0,-33.0,-1.0,14.0,4.0,0.89501953125,-0.42138671875,0.3564453125,7.560975609756098,-36.768292682926834,-23.10975609756098
11_36_09_464,5.0,-13.0,-5.0,-90.0,-116.0,-94.0,3.0,-10.0,0.91552734375,-0.47412109375,0.38330078125,8.719512195121952,-42.987804878048784,-30.487804878048784
11_36_09_464,-28.0,5.0,-12.0,-43.0,-88.0,-52.0,-5.0,10.0,0.7802734375,-0.55029296875,0.43212890625,1.829268292682927,-42.987804878048784,-32.31707317073171
11_36_09_464,-4.0,-15.0,-7.0,5.0,14.0,10.0,6.0,-11.0,0.7685546875,-0.5107421875,0.4443359375,-11.28048780487805,-39.451219512195124,-28.04878048780488
11_36_09_464,7.0,0.0,2.0,54.0,127.0,77.0,3.0,13.0,0.8125,-0.44921875,0.46044921875,-4.878048780487806,-36.34146341463415,-30.914634146341466
11_36_09_464,13.0,14.0,25.0,-20.0,32.0,18.0,-7.0,13.0,0.79296875,-0.5283203125,0.455078125,10.0,-38.35365853658537,-36.890243902439025
11_36_09_464,1.0,11.0,-11.0,2.0,-31.0,-29.0,0.0,4.0,0.74853515625,-0.591796875,0.44873046875,-3.414634146341464,-42.37804878048781,-36.524390243902445
11_36_09_464,-15.0,-18.0,-12.0,-24.0,-106.0,-83.0,-5.0,2.0,0.66845703125,-0.4990234375,0.4501953125,-11.646341463414634,-41.707317073170735,-35.487804878048784
11_36_09_464,0.0,-2.0,-6.0,-45.0,-64.0,-47.0,-17.0,-17.0,0.6279296875,-0.49267578125,0.4716796875,-7.439024390243903,-38.29268292682927,-33.109756097560975
11_36_09_464,4.0,-4.0,-11.0,16.0,30.0,10.0,-3.0,3.0,0.7138671875,-0.5234375,0.47412109375,-2.682926829268293,-39.87804878048781,-40.670731707317074
11_36_09_515,-2.0,-12.0,-20.0,-47.0,-66.0,-38.0,-12.0,2.0,0.79931640625,-0.51318359375,0.2919921875,2.5,-30.975609756097565,-25.365853658536587
11_36_09_515,-14.0,2.0,-5.0,24.0,-40.0,8.0,18.0,-13.0,0.82568359375,-0.521484375,0.29541015625,-8.902439024390244,-37.25609756097561,-23.353658536585368
11_36_09_515,7.0,-3.0,34.0,97.0,115.0,81.0,8.0,1.0,0.830078125,-0.40087890625,0.32666015625,-5.975609756097562,-35.97560975609756,-23.658536585365855
11_36_09_515,-9.0,1.0,-7.0,-20.0,127.0,125.0,8.0,-1.0,0.89501953125,-0.42138671875,0.3564453125,7.560975609756098,-36.768292682926834,-23.10975609756098
11_36_09_515,0.0,15.0,5.0,-55.0,-104.0,-74.0,-22.0,20.0,0.91552734375,-0.47412109375,0.38330078125,8.719512195121952,-42.987804878048784,-30.487804878048784
11_36_09_515,11.0,3.0,-19.0,-89.0,-128.0,-121.0,9.0,10.0,0.7802734375,-0.55029296875,0.43212890625,1.829268292682927,-42.987804878048784,-32.31707317073171
11_36_09_515,-18.0,-6.0,-8.0,3.0,-23.0,-90.0,17.0,21.0,0.7685546875,-0.5107421875,0.4443359375,-11.28048780487805,-39.451219512195124,-28.04878048780488
11_36_09_515,-28.0,-23.0,-5.0,11.0,127.0,127.0,-13.0,-106.0,0.8125,-0.44921875,0.46044921875,-4.878048780487806,-36.34146341463415,-30.914634146341466
11_36_09_515,37.0,20.0,32.0,86.0,116.0,103.0,11.0,52.0,0.79296875,-0.5283203125,0.455078125,10.0,-38.35365853658537,-36.890243902439025
11_36_09_515,9.0,14.0,-4.0,19.0,67.0,4.0,10.0,18.0,0.74853515625,-0.591796875,0.44873046875,-3.414634146341464,-42.37804878048781,-36.524390243902445
11_36_09_566,-50.0,-10.0,-24.0,-44.0,-89.0,-99.0,-38.0,-20.0,0.7783203125,-0.447265625,0.375,-7.439024390243903,-26.463414634146343,-18.78048780487805
11_36_09_566,15.0,-4.0,1.0,23.0,77.0,41.0,-2.0,43.0,0.8310546875,-0.43017578125,0.34423828125,-0.06097560975609757,-28.353658536585368,-22.98780487804878
11_36_09_566,25.0,9.0,-5.0,-13.0,-25.0,-7.0,4.0,9.0,0.79931640625,-0.51318359375,0.2919921875,2.5,-30.975609756097565,-25.365853658536587
11_36_09_566,-2.0,-13.0,6.0,-6.0,-47.0,-17.0,-25.0,-35.0,0.82568359375,-0.521484375,0.29541015625,-8.902439024390244,-37.25609756097561,-23.353658536585368
11_36_09_566,-19.0,2.0,-4.0,29.0,68.0,8.0,17.0,26.0,0.830078125,-0.40087890625,0.32666015625,-5.975609756097562,-35.97560975609756,-23.658536585365855
11_36_09_566,22.0,12.0,4.0,5.0,66.0,69.0,11.0,0.0,0.89501953125,-0.42138671875,0.3564453125,7.560975609756098,-36.768292682926834,-23.10975609756098
11_36_09_566,0.0,0.0,-5.0,-6.0,-44.0,-29.0,-8.0,-5.0,0.91552734375,-0.47412109375,0.38330078125,8.719512195121952,-42.987804878048784,-30.487804878048784
11_36_09_566,0.0,7.0,-4.0,-64.0,-111.0,-73.0,2.0,-2.0,0.7802734375,-0.55029296875,0.43212890625,1.829268292682927,-42.987804878048784,-32.31707317073171
11_36_09_566,-2.0,-12.0,-20.0,-47.0,-66.0,-38.0,-12.0,2.0,0.7685546875,-0.5107421875,0.4443359375,-11.28048780487805,-39.451219512195124,-28.04878048780488
11_36_09_566,-14.0,2.0,-5.0,24.0,-40.0,8.0,18.0,-13.0,0.8125,-0.44921875,0.46044921875,-4.878048780487806,-36.34146341463415,-30.914634146341466
11_36_09_616,0.0,-11.0,-14.0,2.0,22.0,3.0,-21.0,-13.0,0.89306640625,-0.4296875,0.31103515625,4.207317073170732,-14.085365853658537,-20.853658536585368
11_36_09_616,6.0,10.0,28.0,58.0,74.0,50.0,27.0,19.0,0.8603515625,-0.48388671875,0.34765625,-0.853658536585366,-21.463414634146343,-24.695121951219516
11_36_09_616,-15.0,-10.0,8.0,3.0,-14.0,-7.0,-30.0,-18.0,0.7568359375,-0.46728515625,0.39697265625,-6.7682926829268295,-24.085365853658537,-20.30487804878049
11_36_09_616,2.0,-1.0,-24.0,-38.0,-62.0,-47.0,8.0,7.0,0.7783203125,-0.447265625,0.375,-7.439024390243903,-26.463414634146343,-18.78048780487805
11_36_09_616,6.0,4.0,-2.0,-14.0,-19.0,-2.0,4.0,-1.0,0.8310546875,-0.43017578125,0.34423828125,-0.06097560975609757,-28.353658536585368,-22.98780487804878
11_36_09_616,8.0,-2.0,-7.0,-9.0,20.0,-12.0,-12.0,12.0,0.79931640625,-0.51318359375,0.2919921875,2.5,-30.975609756097565,-25.365853658536587
11_36_09_616,10.0,-1.0,15.0,16.0,19.0,25.0,-7.0,-7.0,0.82568359375,-0.521484375,0.29541015625,-8.902439024390244,-37.25609756097561,-23.353658536585368
11_36_09_616,9.0,-2.0,0.0,-70.0,-70.0,-71.0,-5.0,-1.0,0.830078125,-0.40087890625,0.32666015625,-5.975609756097562,-35.97560975609756,-23.658536585365855
11_36_09_616,17.0,-11.0,-11.0,13.0,-62.0,-36.0,25.0,4.0,0.89501953125,-0.42138671875,0.3564453125,7.560975609756098,-36.768292682926834,-23.10975609756098
11_36_09_616,-14.0,0.0,6.0,119.0,127.0,127.0,43.0,27.0,0.91552734375,-0.47412109375,0.38330078125,8.719512195121952,-42.987804878048784,-30.487804878048784
11_36_09_670,2.0,-13.0,-11.0,-14.0,-56.0,-102.0,1.0,-12.0,0.99072265625,-0.5419921875,0.3037109375,-5.548780487804878,-16.097560975609756,-24.81707317073171
11_36_09_670,9.0,-3.0,1.0,26.0,2.0,10.0,19.0,15.0,0.78662109375,-0.39111328125,0.29541015625,-19.085365853658537,-17.5,-16.402439024390244
11_36_09_670,8.0,10.0,23.0,-5.0,6.0,127.0,51.0,8.0,0.8076171875,-0.32666015625,0.3056640625,-9.207317073170733,-15.487804878048783,-13.414634146341465
11_36_09_670,-24.0,10.0,-5.0,35.0,106.0,-38.0,-32.0,50.0,0.89306640625,-0.4296875,0.31103515625,4.207317073170732,-14.085365853658537,-20.853658536585368
11_36_09_670,10.0,1.0,9.0,-8.0,-8.0,32.0,-28.0,-60.0,0.8603515625,-0.48388671875,0.34765625,-0.853658536585366,-21.463414634146343,-24.695121951219516
11_36_09_670,1.0,-16.0,-1.0,52.0,24.0,8.0,-62.0,27.0,0.7568359375,-0.46728515625,0.39697265625,-6.7682926829268295,-24.085365853658537,-20.30487804878049
11_36_09_670,-4.0,11.0,21.0,43.0,80.0,36.0,80.0,40.0,0.7783203125,-0.447265625,0.375,-7.439024390243903,-26.463414634146343,-18.78048780487805
11_36_09_670,13.0,-7.0,-6.0,-15.0,-49.0,-22.0,-4.0,-11.0,0.8310546875,-0.43017578125,0.34423828125,-0.06097560975609757,-28.353658536585368,-22.98780487804878
11_36_09_670,-14.0,-13.0,-20.0,-76.0,-46.0,-29.0,-23.0,6.0,0.79931640625,-0.51318359375,0.2919921875,2.5,-30.975609756097565,-25.365853658536587
11_36_09_670,-5.0,-5.0,-13.0,-50.0,-50.0,-34.0,3.0,12.0,0.82568359375,-0.521484375,0.29541015625,-8.902439024390244,-37.25609756097561,-23.353658536585368
11_36_09_717,-14.0,12.0,3.0,-13.0,53.0,94.0,-17.0,2.0,0.83740234375,-0.234375,0.26171875,-3.7195121951219514,-9.695121951219512,-9.451219512195122
11_36_09_717,-12.0,-4.0,-13.0,-58.0,-128.0,-106.0,-3.0,-10.0,1.00927734375,-0.361328125,0.2607421875,16.34146341463415,-8.109756097560977,-11.585365853658537
11_36_09_717,-9.0,-5.0,-13.0,-35.0,-47.0,-17.0,-2.0,-2.0,0.99072265625,-0.5419921875,0.3037109375,-5.548780487804878,-16.097560975609756,-24.81707317073171
11_36_09_717,17.0,3.0,6.0,33.0,80.0,59.0,25.0,19.0,0.78662109375,-0.39111328125,0.29541015625,-19.085365853658537,-17.5,-16.402439024390244
11_36_09_717,-8.0,-6.0,-7.0,75.0,61.0,30.0,-8.0,-24.0,0.8076171875,-0.32666015625,0.3056640625,-9.207317073170733,-15.487804878048783,-13.414634146341465
11_36_09_717,-8.0,0.0,30.0,2.0,50.0,25.0,-1.0,0.0,0.89306640625,-0.4296875,0.31103515625,4.207317073170732,-14.085365853658537,-20.853658536585368
11_36_09_717,-5.0,1.0,-19.0,-50.0,-97.0,-69.0,-23.0,-8.0,0.8603515625,-0.48388671875,0.34765625,-0.853658536585366,-21.463414634146343,-24.695121951219516
11_36_09_717,3.0,1.0,-6.0,-40.0,-79.0,-38.0,-1.0,-3.0,0.7568359375,-0.46728515625,0.39697265625,-6.7682926829268295,-24.085365853658537,-20.30487804878049
11_36_09_717,3.0,0.0,-6.0,25.0,52.0,5.0,-7.0,-1.0,0.7783203125,-0.447265625,0.375,-7.439024390243903,-26.463414634146343,-18.78048780487805
11_36_09_717,11.0,8.0,3.0,-11.0,10.0,13.0,-1.0,14.0,0.8310546875,-0.43017578125,0.34423828125,-0.06097560975609757,-28.353658536585368,-22.98780487804878
11_36_09_768,-8.0,-3.0,-17.0,-55.0,-102.0,-94.0,-20.0,3.0,0.95703125,-0.48486328125,0.267578125,-7.134146341463415,-9.939024390243903,-12.378048780487806
11_36_09_768,0.0,-10.0,-12.0,-39.0,-123.0,-103.0,5.0,7.0,0.931640625,-0.42578125,0.283203125,-21.03658536585366,-11.76829268292683,-14.695121951219514
11_36_09_768,8.0,-2.0,10.0,79.0,76.0,75.0,4.0,-14.0,0.83740234375,-0.234375,0.26171875,-3.7195121951219514,-9.695121951219512,-9.451219512195122
11_36_09_768,12.0,9.0,15.0,86.0,127.0,127.0,38.0,-11.0,1.00927734375,-0.361328125,0.2607421875,16.34146341463415,-8.109756097560977,-11.585365853658537
11_36_09_768,8.0,18.0,-2.0,-39.0,-11.0,21.0,-9.0,24.0,0.99072265625,-0.5419921875,0.3037109375,-5.548780487804878,-16.097560975609756,-24.81707317073171
11_36_09_768,-7.0,-3.0,6.0,-31.0,-102.0,-80.0,6.0,11.0,0.78662109375,-0.39111328125,0.29541015625,-19.085365853658537,-17.5,-16.402439024390244
11_36_09_768,1.0,-6.0,-14.0,-46.0,-59.0,-83.0,-65.0,-56.0,0.8076171875,-0.32666015625,0.3056640625,-9.207317073170733,-15.487804878048783,-13.414634146341465
11_36_09_768,7.0,6.0,-3.0,7.0,32.0,-10.0,26.0,-10.0,0.89306640625,-0.4296875,0.31103515625,4.207317073170732,-14.085365853658537,-20.853658536585368
11_36_09_768,-25.0,-18.0,-1.0,-12.0,-33.0,9.0,-8.0,14.0,0.8603515625,-0.48388671875,0.34765625,-0.853658536585366,-21.463414634146343,-24.695121951219516
11_36_09_768,17.0,-21.0,2.0,82.0,92.0,24.0,15.0,-4.0,0.7568359375,-0.46728515625,0.39697265625,-6.7682926829268295,-24.085365853658537,-20.30487804878049
11_36_09_819,-38.0,-13.0,-14.0,-48.0,-74.0,-42.0,-4.0,-6.0,0.92578125,-0.3173828125,0.28564453125,-5.365853658536586,-4.817073170731708,-9.02439024390244
11_36_09_819,29.0,-7.0,-7.0,25.0,2.0,-14.0,0.0,-1.0,1.02197265625,-0.40625,0.236328125,-0.06097560975609757,-7.682926829268293,-13.78048780487805
11_36_09_819,-10.0,-2.0,8.0,31.0,115.0,66.0,8.0,-1.0,0.95703125,-0.48486328125,0.267578125,-7.134146341463415,-9.939024390243903,-12.378048780487806
11_36_09_819,26.0,17.0,29.0,60.0,26.0,57.0,15.0,10.0,0.931640625,-0.42578125,0.283203125,-21.03658536585366,-11.76829268292683,-14.695121951219514
11_36_09_819,4.0,11.0,9.0,30.0,32.0,-20.0,0.0,11.0,0.83740234375,-0.234375,0.26171875,-3.7195121951219514,-9.695121951219512,-9.451219512195122
11_36_09_819,-5.0,4.0,-5.0,-37.0,-11.0,16.0,-5.0,0.0,1.00927734375,-0.361328125,0.2607421875,16.34146341463415,-8.109756097560977,-11.585365853658537
11_36_09_819,-8.0,-3.0,-17.0,-55.0,-102.0,-94.0,-20.0,3.0,0.99072265625,-0.5419921875,0.3037109375,-5.548780487804878,-16.097560975609756,-24.81707317073171
11_36_09_819,0.0,-10.0,-12.0,-39.0,-123.0,-103.0,5.0,7.0,0.78662109375,-0.39111328125,0.29541015625,-19.085365853658537,-17.5,-16.402439024390244
11_36_09_819,8.0,-2.0,10.0,79.0,76.0,75.0,4.0,-14.0,0.8076171875,-0.32666015625,0.3056640625,-9.207317073170733,-15.487804878048783,-13.414634146341465
11_36_09_819,12.0,9.0,15.0,86.0,127.0,127.0,38.0,-11.0,0.89306640625,-0.4296875,0.31103515625,4.207317073170732,-14.085365853658537,-20.853658536585368
11_36_09_871,-3.0,16.0,64.0,39.0,32.0,64.0,8.0,4.0,0.97607421875,-0.35400390625,0.1796875,-2.439024390243903,-6.707317073170732,-21.646341463414636
11_36_09_871,-1.0,0.0,-9.0,-27.0,-28.0,-60.0,-11.0,-1.0,0.876953125,-0.40087890625,0.21533203125,-0.1829268292682927,-9.26829268292683,-16.097560975609756
11_36_09_871,2.0,-1.0,-4.0,-39.0,-80.0,-60.0,-12.0,-1.0,0.85205078125,-0.3642578125,0.28466796875,-6.158536585365854,-8.048780487804878,-8.353658536585366
11_36_09_871,14.0,-4.0,2.0,-3.0,-39.0,-20.0,2.0,3.0,0.91455078125,-0.28564453125,0.3310546875,-13.109756097560977,-5.2439024390243905,-6.707317073170732
11_36_09_871,32.0,-4.0,-8.0,8.0,38.0,28.0,4.0,9.0,0.92578125,-0.3173828125,0.28564453125,-5.365853658536586,-4.817073170731708,-9.02439024390244
11_36_09_871,44.0,6.0,23.0,88.0,107.0,53.0,4.0,-22.0,1.02197265625,-0.40625,0.236328125,-0.06097560975609757,-7.682926829268293,-13.78048780487805
11_36_09_871,-40.0,-13.0,-1.0,-24.0,5.0,13.0,-3.0,-11.0,0.95703125,-0.48486328125,0.267578125,-7.134146341463415,-9.939024390243903,-12.378048780487806
11_36_09_871,54.0,3.0,1.0,-38.0,-60.0,-38.0,5.0,21.0,0.931640625,-0.42578125,0.283203125,-21.03658536585366,-11.76829268292683,-14.695121951219514
11_36_09_871,-5.0,15.0,4.0,-25.0,-36.0,-21.0,2.0,28.0,0.83740234375,-0.234375,0.26171875,-3.7195121951219514,-9.695121951219512,-9.451219512195122
11_36_09_871,19.0,-7.0,-14.0,-24.0,-23.0,-13.0,2.0,-36.0,1.00927734375,-0.361328125,0.2607421875,16.34146341463415,-8.109756097560977,-11.585365853658537
11_36_09_919,36.0,17.0,33.0,96.0,127.0,126.0,29.0,17.0,1.03369140625,-0.294921875,0.2451171875,-17.31707317073171,0.12195121951219513,-8.292682926829269
11_36_09_919,5.0,-9.0,33.0,64.0,60.0,72.0,-12.0,22.0,1.10498046875,-0.30615234375,0.1796875,-11.52439024390244,-8.963414634146343,-25.0609756097561
11_36_09_919,4.0,6.0,-14.0,-54.0,47.0,-3.0,5.0,17.0,0.97607421875,-0.35400390625,0.1796875,-2.439024390243903,-6.707317073170732,-21.646341463414636
11_36_09_919,18.0,0.0,5.0,17.0,-17.0,-1.0,6.0,-8.0,0.876953125,-0.40087890625,0.21533203125,-0.1829268292682927,-9.26829268292683,-16.097560975609756
11_36_09_919,-31.0,1.0,2.0,2.0,-13.0,-20.0,0.0,-5.0,0.85205078125,-0.3642578125,0.28466796875,-6.158536585365854,-8.048780487804878,-8.353658536585366
11_36_09_919,10.0,-6.0,-14.0,-23.0,-46.0,-32.0,-6.0,-14.0,0.91455078125,-0.28564453125,0.3310546875,-13.109756097560977,-5.2439024390243905,-6.707317073170732
11_36_09_919,20.0,12.0,14.0,-9.0,-42.0,-47.0,-6.0,-2.0,0.92578125,-0.3173828125,0.28564453125,-5.365853658536586,-4.817073170731708,-9.02439024390244
11_36_09_919,3.0,0.0,8.0,8.0,-2.0,-6.0,-30.0,6.0,1.02197265625,-0.40625,0.236328125,-0.06097560975609757,-7.682926829268293,-13.78048780487805
11_36_09_919,13.0,10.0,23.0,9.0,28.0,46.0,2.0,-10.0,0.95703125,-0.48486328125,0.267578125,-7.134146341463415,-9.939024390243903,-12.378048780487806
11_36_09_919,-10.0,-15.0,-84.0,-19.0,23.0,6.0,1.0,15.0,0.931640625,-0.42578125,0.283203125,-21.03658536585366,-11.76829268292683,-14.695121951219514
11_36_09_976,-6.0,-1.0,-3.0,4.0,8.0,9.0,0.0,2.0,1.07421875,-0.61328125,0.4755859375,-13.04878048780488,34.75609756097561,-0.48780487804878053
11_36_09_976,2.0,1.0,-5.0,5.0,15.0,7.0,-1.0,-3.0,0.88916015625,-0.46337890625,0.32568359375,-24.512195121951223,7.621951219512196,-2.25609756097561
11_36_09_976,1.0,-1.0,9.0,5.0,12.0,3.0,3.0,0.0,1.03369140625,-0.294921875,0.2451171875,-17.31707317073171,0.12195121951219513,-8.292682926829269
11_36_09_976,2.0,7.0,1.0,-7.0,10.0,-1.0,-3.0,3.0,1.10498046875,-0.30615234375,0.1796875,-11.52439024390244,-8.963414634146343,-25.0609756097561
11_36_09_976,2.0,7.0,-4.0,-20.0,-22.0,-22.0,-9.0,12.0,0.97607421875,-0.35400390625,0.1796875,-2.439024390243903,-6.707317073170732,-21.646341463414636
11_36_09_976,2.0,-19.0,-23.0,-48.0,-81.0,-58.0,-19.0,16.0,0.876953125,-0.40087890625,0.21533203125,-0.1829268292682927,-9.26829268292683,-16.097560975609756
11_36_09_976,12.0,0.0,-5.0,-54.0,-118.0,-89.0,-8.0,-36.0,0.85205078125,-0.3642578125,0.28466796875,-6.158536585365854,-8.048780487804878,-8.353658536585366
11_36_09_976,4.0,1.0,-12.0,16.0,-2.0,-7.0,12.0,-7.0,0.91455078125,-0.28564453125,0.3310546875,-13.109756097560977,-5.2439024390243905,-6.707317073170732
11_36_09_976,36.0,17.0,33.0,96.0,127.0,126.0,29.0,17.0,0.92578125,-0.3173828125,0.28564453125,-5.365853658536586,-4.817073170731708,-9.02439024390244
11_36_09_976,5.0,-9.0,33.0,64.0,60.0,72.0,-12.0,22.0,1.02197265625,-0.40625,0.236328125,-0.06097560975609757,-7.682926829268293,-13.78048780487805
11_36_10_022,-1.0,4.0,-20.0,-12.0,-5.0,-5.0,-3.0,3.0,0.9091796875,-0.30810546875,0.28369140625,19.512195121951223,9.146341463414634,-11.097560975609756
11_36_10_022,-6.0,-11.0,-7.0,-18.0,-17.0,-13.0,1.0,-6.0,0.86962890625,-0.50634765625,0.3447265625,-4.695121951219512,4.085365853658537,-16.219512195121954
11_36_10_022,2.0,2.0,2.0,-8.0,-15.0,-6.0,0.0,1.0,0.65869140625,-0.24658203125,0.3154296875,-6.036585365853659,26.951219512195124,13.414634146341465
11_36_10_022,6.0,4.0,-10.0,3.0,13.0,5.0,-2.0,1.0,1.07421875,-0.61328125,0.4755859375,-13.04878048780488,34.75609756097561,-0.48780487804878053
11_36_10_022,8.0,8.0,7.0,-10.0,4.0,10.0,5.0,5.0,0.88916015625,-0.46337890625,0.32568359375,-24.512195121951223,7.621951219512196,-2.25609756097561
11_36_10_022,-7.0,1.0,10.0,39.0,7.0,9.0,-5.0,-5.0,1.03369140625,-0.294921875,0.2451171875,-17.31707317073171,0.12195121951219513,-8.292682926829269
11_36_10_022,-9.0,-14.0,4.0,0.0,15.0,-4.0,0.0,-4.0,1.10498046875,-0.30615234375,0.1796875,-11.52439024390244,-8.963414634146343,-25.0609756097561
11_36_10_022,6.0,-1.0,-107.0,-17.0,-19.0,-9.0,-5.0,1.0,0.97607421875,-0.35400390625,0.1796875,-2.439024390243903,-6.707317073170732,-21.646341463414636
11_36_10_022,5.0,12.0,32.0,4.0,4.0,3.0,0.0,-1.0,0.876953125,-0.40087890625,0.21533203125,-0.1829268292682927,-9.26829268292683,-16.097560975609756
11_36_10_022,-3.0,-8.0,45.0,25.0,5.0,2.0,-4.0,0.0,0.85205078125,-0.3642578125,0.28466796875,-6.158536585365854,-8.048780487804878,-8.353658536585366
11_36_10_074,-2.0,7.0,20.0,3.0,3.0,-5.0,15.0,8.0,0.9375,-0.5078125,0.255859375,-7.25609756097561,-21.76829268292683,-46.40243902439025
11_36_10_074,1.0,-13.0,23.0,-15.0,-6.0,1.0,7.0,7.0,0.87109375,-0.33251953125,0.216796875,-9.146341463414634,-20.0,-42.01219512195122
11_36_10_074,53.0,2.0,-13.0,6.0,1.0,2.0,-2.0,8.0,0.83544921875,-0.2197265625,0.20263671875,6.097560975609756,-5.609756097560976,-33.109756097560975
11_36_10_074,-13.0,6.0,17.0,4.0,5.0,6.0,8.0,-1.0,0.9091796875,-0.30810546875,0.28369140625,19.512195121951223,9.146341463414634,-11.097560975609756
11_36_10_074,-37.0,-1.0,0.0,0.0,-6.0,-9.0,-9.0,-9.0,0.86962890625,-0.50634765625,0.3447265625,-4.695121951219512,4.085365853658537,-16.219512195121954
11_36_10_074,5.0,-2.0,-10.0,-3.0,-3.0,-1.0,-31.0,-7.0,0.65869140625,-0.24658203125,0.3154296875,-6.036585365853659,26.951219512195124,13.414634146341465
11_36_10_074,13.0,4.0,3.0,-1.0,2.0,1.0,-10.0,0.0,1.07421875,-0.61328125,0.4755859375,-13.04878048780488,34.75609756097561,-0.48780487804878053
11_36_10_074,4.0,-8.0,-24.0,-6.0,0.0,2.0,8.0,1.0,0.88916015625,-0.46337890625,0.32568359375,-24.512195121951223,7.621951219512196,-2.25609756097561
11_36_10_074,-4.0,4.0,6.0,3.0,4.0,4.0,-2.0,4.0,1.03369140625,-0.294921875,0.2451171875,-17.31707317073171,0.12195121951219513,-8.292682926829269
11_36_10_074,-3.0,8.0,-5.0,7.0,4.0,1.0,-4.0,-1.0,1.10498046875,-0.30615234375,0.1796875,-11.52439024390244,-8.963414634146343,-25.0609756097561
11_36_10_122,37.0,-3.0,38.0,-7.0,-8.0,-5.0,5.0,0.0,1.30322265625,-0.42529296875,0.38330078125,13.414634146341465,6.036585365853659,-34.32926829268293
11_36_10_122,-10.0,7.0,14.0,13.0,4.0,1.0,-2.0,7.0,0.9375,-0.5078125,0.255859375,-7.25609756097561,-21.76829268292683,-46.40243902439025
11_36_10_122,-11.0,-40.0,-128.0,-41.0,-11.0,-3.0,8.0,-1.0,0.87109375,-0.33251953125,0.216796875,-9.146341463414634,-20.0,-42.01219512195122
11_36_10_122,-51.0,-26.0,-8.0,-17.0,-15.0,-13.0,4.0,-2.0,0.83544921875,-0.2197265625,0.20263671875,6.097560975609756,-5.609756097560976,-33.109756097560975
11_36_10_122,12.0,14.0,7.0,10.0,10.0,8.0,9.0,-4.0,0.9091796875,-0.30810546875,0.28369140625,19.512195121951223,9.146341463414634,-11.097560975609756
11_36_10_122,-29.0,-3.0,-12.0,0.0,-2.0,-10.0,-8.0,0.0,0.86962890625,-0.50634765625,0.3447265625,-4.695121951219512,4.085365853658537,-16.219512195121954
11_36_10_122,26.0,-16.0,36.0,-7.0,-2.0,-2.0,-6.0,-15.0,0.65869140625,-0.24658203125,0.3154296875,-6.036585365853659,26.951219512195124,13.414634146341465
11_36_10_122,13.0,7.0,-16.0,3.0,0.0,8.0,35.0,15.0,1.07421875,-0.61328125,0.4755859375,-13.04878048780488,34.75609756097561,-0.48780487804878053
11_36_10_122,-10.0,8.0,2.0,10.0,2.0,7.0,18.0,3.0,0.88916015625,-0.46337890625,0.32568359375,-24.512195121951223,7.621951219512196,-2.25609756097561
11_36_10_173,-6.0,2.0,49.0,5.0,-4.0,0.0,3.0,-4.0,1.04443359375,-0.251953125,0.27490234375,52.13414634146342,-13.414634146341465,-11.341463414634147
11_36_10_173,1.0,-4.0,-87.0,-5.0,-1.0,1.0,5.0,4.0,1.0751953125,-0.302734375,0.33056640625,34.57317073170732,-5.731707317073171,-17.012195121951223
11_36_10_173,4.0,13.0,57.0,8.0,0.0,4.0,11.0,-2.0,0.98388671875,-0.359375,0.37255859375,15.365853658536587,-3.1097560975609757,-26.28048780487805
11_36_10_173,4.0,12.0,11.0,-3.0,3.0,7.0,9.0,5.0,0.90087890625,-0.25390625,0.2900390625,10.365853658536587,3.658536585365854,-6.7682926829268295
11_36_10_173,6.0,-15.0,-7.0,-12.0,-4.0,-9.0,-22.0,-9.0,1.30322265625,-0.42529296875,0.38330078125,13.414634146341465,6.036585365853659,-34.32926829268293
11_36_10_173,-70.0,-34.0,-128.0,-40.0,-18.0,-14.0,22.0,-25.0,0.9375,-0.5078125,0.255859375,-7.25609756097561,-21.76829268292683,-46.40243902439025
11_36_10_173,17.0,3.0,44.0,9.0,-2.0,-14.0,-7.0,11.0,0.87109375,-0.33251953125,0.216796875,-9.146341463414634,-20.0,-42.01219512195122
11_36_10_173,-8.0,-1.0,81.0,2.0,-1.0,-1.0,25.0,14.0,0.83544921875,-0.2197265625,0.20263671875,6.097560975609756,-5.609756097560976,-33.109756097560975
11_36_10_173,-4.0,-6.0,-74.0,1.0,-5.0,4.0,-14.0,-33.0,0.9091796875,-0.30810546875,0.28369140625,19.512195121951223,9.146341463414634,-11.097560975609756
11_36_10_173,3.0,18.0,31.0,8.0,2.0,-3.0,3.0,11.0,0.86962890625,-0.50634765625,0.3447265625,-4.695121951219512,4.085365853658537,-16.219512195121954
11_36_10_228,-1.0,0.0,6.0,2.0,0.0,0.0,-3.0,1.0,1.123046875,-0.0791015625,0.17041015625,99.26829268292684,-19.26829268292683,-0.3658536585365854
11_36_10_228,-1.0,-1.0,-1.0,-3.0,1.0,-1.0,2.0,-4.0,1.07763671875,-0.2099609375,0.244140625,82.01219512195122,-23.170731707317074,-3.1707317073170733
11_36_10_228,1.0,-2.0,-15.0,2.0,5.0,2.0,-2.0,3.0,1.04443359375,-0.251953125,0.27490234375,52.13414634146342,-13.414634146341465,-11.341463414634147
11_36_10_228,1.0,4.0,-21.0,-3.0,-5.0,-3.0,0.0,2.0,1.0751953125,-0.302734375,0.33056640625,34.57317073170732,-5.731707317073171,-17.012195121951223
11_36_10_228,-2.0,-5.0,-17.0,-8.0,-1.0,-4.0,2.0,0.0,0.98388671875,-0.359375,0.37255859375,15.365853658536587,-3.1097560975609757,-26.28048780487805
11_36_10_228,-5.0,-8.0,37.0,1.0,-4.0,-2.0,2.0,-1.0,0.90087890625,-0.25390625,0.2900390625,10.365853658536587,3.658536585365854,-6.7682926829268295
11_36_10_228,0.0,2.0,14.0,0.0,-1.0,-3.0,-3.0,-5.0,1.30322265625,-0.42529296875,0.38330078125,13.414634146341465,6.036585365853659,-34.32926829268293
11_36_10_228,-1.0,6.0,-7.0,1.0,-1.0,2.0,4.0,2.0,0.9375,-0.5078125,0.255859375,-7.25609756097561,-21.76829268292683,-46.40243902439025
11_36_10_228,-6.0,2.0,49.0,5.0,-4.0,0.0,3.0,-4.0,0.87109375,-0.33251953125,0.216796875,-9.146341463414634,-20.0,-42.01219512195122
11_36_10_228,1.0,-4.0,-87.0,-5.0,-1.0,1.0,5.0,4.0,0.83544921875,-0.2197265625,0.20263671875,6.097560975609756,-5.609756097560976,-33.109756097560975
11_36_10_274,0.0,-1.0,-5.0,4.0,1.0,1.0,-1.0,1.0,1.0654296875,0.041015625,0.13623046875,48.35365853658537,4.390243902439025,-2.0121951219512195
11_36_10_274,-1.0,0.0,-2.0,1.0,0.0,-2.0,-1.0,2.0,1.13330078125,0.0615234375,0.10107421875,86.15853658536587,-7.926829268292684,-2.5609756097560976
11_36_10_274,-2.0,-3.0,-4.0,-1.0,0.0,-2.0,0.0,-5.0,1.123046875,-0.0791015625,0.17041015625,99.26829268292684,-19.26829268292683,-0.3658536585365854
11_36_10_274,-2.0,-2.0,0.0,0.0,2.0,-1.0,-2.0,1.0,1.07763671875,-0.2099609375,0.244140625,82.01219512195122,-23.170731707317074,-3.1707317073170733
11_36_10_274,3.0,1.0,-3.0,-4.0,0.0,1.0,0.0,-3.0,1.04443359375,-0.251953125,0.27490234375,52.13414634146342,-13.414634146341465,-11.341463414634147
11_36_10_274,2.0,3.0,-3.0,3.0,2.0,3.0,-5.0,3.0,1.0751953125,-0.302734375,0.33056640625,34.57317073170732,-5.731707317073171,-17.012195121951223
11_36_10_274,0.0,4.0,-4.0,3.0,-2.0,4.0,6.0,-7.0,0.98388671875,-0.359375,0.37255859375,15.365853658536587,-3.1097560975609757,-26.28048780487805
11_36_10_274,0.0,1.0,11.0,7.0,4.0,0.0,-5.0,0.0,0.90087890625,-0.25390625,0.2900390625,10.365853658536587,3.658536585365854,-6.7682926829268295
11_36_10_274,-5.0,-12.0,24.0,-1.0,-2.0,-3.0,-1.0,-4.0,1.30322265625,-0.42529296875,0.38330078125,13.414634146341465,6.036585365853659,-34.32926829268293
11_36_10_326,0.0,1.0,-2.0,-3.0,0.0,0.0,-6.0,0.0,0.9326171875,-0.09765625,0.21044921875,-7.621951219512196,14.573170731707318,-13.963414634146343
11_36_10_326,0.0,-2.0,-1.0,0.0,2.0,0.0,0.0,2.0,0.94091796875,-0.10986328125,0.20068359375,0.12195121951219513,12.439024390243903,-12.073170731707318
11_36_10_326,0.0,0.0,0.0,-2.0,-3.0,-2.0,-2.0,0.0,0.919921875,-0.103515625,0.2138671875,7.25609756097561,12.682926829268293,-6.341463414634147
11_36_10_326,0.0,-2.0,-4.0,1.0,0.0,-6.0,0.0,-2.0,0.94482421875,-0.06298828125,0.24560546875,22.378048780487806,11.890243902439025,-1.829268292682927
11_36_10_326,0.0,1.0,-2.0,-3.0,-3.0,-2.0,-2.0,-2.0,1.0654296875,0.041015625,0.13623046875,48.35365853658537,4.390243902439025,-2.0121951219512195
11_36_10_326,-1.0,-4.0,-1.0,-3.0,-1.0,-1.0,3.0,1.0,1.13330078125,0.0615234375,0.10107421875,86.15853658536587,-7.926829268292684,-2.5609756097560976
11_36_10_326,-1.0,0.0,0.0,1.0,-1.0,0.0,1.0,3.0,1.123046875,-0.0791015625,0.17041015625,99.26829268292684,-19.26829268292683,-0.3658536585365854
11_36_10_326,0.0,-3.0,-2.0,-2.0,2.0,-2.0,-3.0,-2.0,1.07763671875,-0.2099609375,0.244140625,82.01219512195122,-23.170731707317074,-3.1707317073170733
11_36_10_326,-2.0,-4.0,-2.0,-5.0,1.0,-1.0,-4.0,2.0,1.04443359375,-0.251953125,0.27490234375,52.13414634146342,-13.414634146341465,-11.341463414634147
11_36_10_326,-1.0,-2.0,-5.0,-2.0,-4.0,-1.0,1.0,1.0,1.0751953125,-0.302734375,0.33056640625,34.57317073170732,-5.731707317073171,-17.012195121951223
11_36_10_384,0.0,0.0,2.0,2.0,1.0,2.0,-1.0,-1.0,0.90380859375,-0.05615234375,0.22802734375,-23.963414634146343,-2.804878048780488,-17.926829268292686
11_36_10_384,-1.0,-2.0,-1.0,-2.0,0.0,-1.0,-3.0,-1.0,0.890625,-0.064453125,0.21875,-17.5609756097561,7.8048780487804885,-15.243902439024392
11_36_10_384,-1.0,2.0,-1.0,2.0,0.0,0.0,-5.0,-1.0,0.9326171875,-0.09765625,0.21044921875,-7.621951219512196,14.573170731707318,-13.963414634146343
11_36_10_384,-3.0,-2.0,-4.0,-3.0,-2.0,-1.0,1.0,-1.0,0.94091796875,-0.10986328125,0.20068359375,0.12195121951219513,12.439024390243903,-12.073170731707318
11_36_10_384,3.0,1.0,0.0,-3.0,1.0,0.0,-2.0,-2.0,0.919921875,-0.103515625,0.2138671875,7.25609756097561,12.682926829268293,-6.341463414634147
11_36_10_384,1.0,-1.0,2.0,2.0,3.0,3.0,-1.0,-1.0,0.94482421875,-0.06298828125,0.24560546875,22.378048780487806,11.890243902439025,-1.829268292682927
11_36_10_384,-3.0,-3.0,-4.0,2.0,-2.0,2.0,1.0,1.0,1.0654296875,0.041015625,0.13623046875,48.35365853658537,4.390243902439025,-2.0121951219512195
11_36_10_384,1.0,-1.0,-3.0,-1.0,-3.0,1.0,3.0,-1.0,1.13330078125,0.0615234375,0.10107421875,86.15853658536587,-7.926829268292684,-2.5609756097560976
11_36_10_384,-3.0,-1.0,0.0,-3.0,-2.0,1.0,3.0,-3.0,1.123046875,-0.0791015625,0.17041015625,99.26829268292684,-19.26829268292683,-0.3658536585365854
11_36_10_384,1.0,-2.0,-1.0,0.0,0.0,1.0,3.0,-3.0,1.07763671875,-0.2099609375,0.244140625,82.01219512195122,-23.170731707317074,-3.1707317073170733
11_36_10_423,-1.0,0.0,-2.0,-2.0,0.0,-1.0,1.0,0.0,0.92578125,-0.10693359375,0.22216796875,-24.573170731707318,-7.743902439024391,-23.10975609756098
11_36_10_423,-3.0,-3.0,-2.0,0.0,2.0,0.0,-2.0,2.0,0.90380859375,-0.05615234375,0.22802734375,-23.963414634146343,-2.804878048780488,-17.926829268292686
11_36_10_423,0.0,0.0,0.0,2.0,0.0,0.0,1.0,-3.0,0.890625,-0.064453125,0.21875,-17.5609756097561,7.8048780487804885,-15.243902439024392
11_36_10_423,1.0,-3.0,3.0,3.0,-2.0,3.0,-3.0,-1.0,0.9326171875,-0.09765625,0.21044921875,-7.621951219512196,14.573170731707318,-13.963414634146343
11_36_10_423,-1.0,-2.0,-2.0,-2.0,-1.0,0.0,-2.0,-1.0,0.94091796875,-0.10986328125,0.20068359375,0.12195121951219513,12.439024390243903,-12.073170731707318
11_36_10_423,-3.0,1.0,-1.0,-5.0,0.0,-1.0,-2.0,-6.0,0.919921875,-0.103515625,0.2138671875,7.25609756097561,12.682926829268293,-6.341463414634147
11_36_10_423,-1.0,-1.0,-1.0,-1.0,-1.0,-4.0,0.0,-1.0,0.94482421875,-0.06298828125,0.24560546875,22.378048780487806,11.890243902439025,-1.829268292682927
11_36_10_423,-4.0,-2.0,-3.0,-2.0,1.0,0.0,-1.0,-1.0,1.0654296875,0.041015625,0.13623046875,48.35365853658537,4.390243902439025,-2.0121951219512195
11_36_10_423,0.0,0.0,-3.0,-2.0,-2.0,-2.0,1.0,-2.0,1.13330078125,0.0615234375,0.10107421875,86.15853658536587,-7.926829268292684,-2.5609756097560976
11_36_10_481,1.0,-2.0,0.0,-2.0,-3.0,-4.0,3.0,-2.0,0.93603515625,-0.13916015625,0.2158203125,-13.29268292682927,-7.682926829268293,-26.707317073170735
11_36_10_481,-1.0,-5.0,1.0,1.0,2.0,-4.0,-2.0,0.0,0.92578125,-0.10693359375,0.22216796875,-24.573170731707318,-7.743902439024391,-23.10975609756098
11_36_10_481,0.0,-1.0,1.0,-3.0,-3.0,-4.0,1.0,2.0,0.90380859375,-0.05615234375,0.22802734375,-23.963414634146343,-2.804878048780488,-17.926829268292686
11_36_10_481,-1.0,0.0,-6.0,-1.0,-2.0,-1.0,-3.0,-4.0,0.890625,-0.064453125,0.21875,-17.5609756097561,7.8048780487804885,-15.243902439024392
11_36_10_481,0.0,-3.0,0.0,1.0,-2.0,0.0,3.0,-3.0,0.9326171875,-0.09765625,0.21044921875,-7.621951219512196,14.573170731707318,-13.963414634146343
11_36_10_481,-3.0,-2.0,3.0,0.0,1.0,-1.0,0.0,2.0,0.94091796875,-0.10986328125,0.20068359375,0.12195121951219513,12.439024390243903,-12.073170731707318
11_36_10_481,-1.0,0.0,-2.0,-2.0,0.0,-1.0,1.0,0.0,0.919921875,-0.103515625,0.2138671875,7.25609756097561,12.682926829268293,-6.341463414634147
11_36_10_533,-4.0,0.0,0.0,3.0,0.0,2.0,0.0,-4.0,0.900390625,-0.07861328125,0.18115234375,22.5609756097561,-27.80487804878049,-21.097560975609756
11_36_10_533,-2.0,0.0,0.0,-1.0,0.0,-3.0,1.0,4.0,0.91845703125,-0.0986328125,0.19189453125,24.878048780487806,-20.30487804878049,-25.426829268292686
11_36_10_533,0.0,0.0,0.0,1.0,-3.0,-1.0,-1.0,-4.0,0.91796875,-0.12841796875,0.212890625,21.28048780487805,-13.841463414634148,-26.89024390243903
11_36_10_533,-1.0,-5.0,-6.0,-1.0,-1.0,0.0,-3.0,-2.0,0.9150390625,-0.14697265625,0.224609375,6.890243902439025,-8.902439024390244,-27.073170731707318
11_36_10_533,1.0,-2.0,0.0,-1.0,-3.0,1.0,1.0,0.0,0.93603515625,-0.13916015625,0.2158203125,-13.29268292682927,-7.682926829268293,-26.707317073170735
11_36_10_533,-2.0,1.0,-2.0,-2.0,-2.0,-1.0,-1.0,-2.0,0.92578125,-0.10693359375,0.22216796875,-24.573170731707318,-7.743902439024391,-23.10975609756098
11_36_10_533,-3.0,-1.0,-1.0,-1.0,1.0,0.0,2.0,-2.0,0.90380859375,-0.05615234375,0.22802734375,-23.963414634146343,-2.804878048780488,-17.926829268292686
11_36_10_533,-2.0,0.0,-2.0,0.0,0.0,1.0,3.0,-2.0,0.890625,-0.064453125,0.21875,-17.5609756097561,7.8048780487804885,-15.243902439024392
11_36_10_578,-3.0,1.0,2.0,-1.0,-2.0,-1.0,0.0,2.0,0.919921875,-0.13720703125,0.162109375,19.32926829268293,-39.08536585365854,-21.28048780487805
11_36_10_578,2.0,-3.0,-4.0,-4.0,0.0,-2.0,-2.0,3.0,0.916015625,-0.11181640625,0.1767578125,19.81707317073171,-34.75609756097561,-20.0
11_36_10_578,1.0,3.0,-1.0,0.0,-3.0,-2.0,1.0,2.0,0.900390625,-0.07861328125,0.18115234375,22.5609756097561,-27.80487804878049,-21.097560975609756
11_36_10_578,0.0,-2.0,-2.0,1.0,3.0,-2.0,-3.0,-4.0,0.91845703125,-0.0986328125,0.19189453125,24.878048780487806,-20.30487804878049,-25.426829268292686
11_36_10_578,0.0,0.0,3.0,1.0,0.0,1.0,0.0,1.0,0.91796875,-0.12841796875,0.212890625,21.28048780487805,-13.841463414634148,-26.89024390243903
11_36_10_578,-5.0,-5.0,0.0,-1.0,0.0,0.0,1.0,-1.0,0.9150390625,-0.14697265625,0.224609375,6.890243902439025,-8.902439024390244,-27.073170731707318
11_36_10_578,-2.0,-3.0,-2.0,-3.0,-1.0,-1.0,-1.0,1.0,0.93603515625,-0.13916015625,0.2158203125,-13.29268292682927,-7.682926829268293,-26.707317073170735
11_36_10_578,1.0,2.0,-1.0,-2.0,-3.0,-4.0,-1.0,1.0,0.92578125,-0.10693359375,0.22216796875,-24.573170731707318,-7.743902439024391,-23.10975609756098
11_36_10_632,0.0,-4.0,0.0,0.0,0.0,0.0,4.0,-3.0,0.966796875,-0.111328125,0.220703125,14.390243902439027,-44.32926829268293,-21.03658536585366
11_36_10_632,-2.0,-2.0,0.0,-1.0,-2.0,-3.0,-3.0,2.0,0.951171875,-0.10595703125,0.21484375,17.012195121951223,-45.97560975609756,-22.31707317073171
11_36_10_632,-2.0,-2.0,0.0,-1.0,-1.0,-2.0,0.0,-4.0,0.93359375,-0.1591796875,0.185546875,20.60975609756098,-43.65853658536586,-24.207317073170735
11_36_10_632,1.0,-1.0,-1.0,-2.0,-2.0,0.0,2.0,-2.0,0.92236328125,-0.1484375,0.15966796875,20.670731707317074,-41.463414634146346,-22.31707317073171
11_36_10_632,1.0,-1.0,-1.0,-3.0,-4.0,0.0,-1.0,0.0,0.919921875,-0.13720703125,0.162109375,19.32926829268293,-39.08536585365854,-21.28048780487805
11_36_10_632,-1.0,-2.0,-5.0,0.0,-1.0,-1.0,-3.0,0.0,0.916015625,-0.11181640625,0.1767578125,19.81707317073171,-34.75609756097561,-20.0
11_36_10_632,0.0,-1.0,1.0,-2.0,2.0,-1.0,-4.0,-1.0,0.900390625,-0.07861328125,0.18115234375,22.5609756097561,-27.80487804878049,-21.097560975609756
11_36_10_632,0.0,-3.0,-4.0,-2.0,-2.0,0.0,-2.0,-2.0,0.91845703125,-0.0986328125,0.19189453125,24.878048780487806,-20.30487804878049,-25.426829268292686
11_36_10_632,1.0,-2.0,-3.0,-1.0,0.0,-2.0,2.0,-3.0,0.91796875,-0.12841796875,0.212890625,21.28048780487805,-13.841463414634148,-26.89024390243903
11_36_10_682,-2.0,-3.0,-4.0,-1.0,-4.0,-2.0,2.0,-2.0,0.939453125,-0.0576171875,0.197265625,-2.6219512195121952,-27.682926829268297,-15.182926829268293
11_36_10_682,-2.0,2.0,2.0,-3.0,-3.0,-4.0,-2.0,-3.0,0.962890625,-0.05908203125,0.201171875,3.8414634146341466,-32.987804878048784,-17.926829268292686
11_36_10_682,-3.0,-4.0,-4.0,1.0,-2.0,-1.0,-2.0,2.0,0.9833984375,-0.0888671875,0.216796875,9.756097560975611,-39.81707317073171,-21.76829268292683
11_36_10_682,0.0,-1.0,-4.0,-4.0,-2.0,0.0,-1.0,-1.0,0.966796875,-0.111328125,0.220703125,14.390243902439027,-44.32926829268293,-21.03658536585366
11_36_10_682,-1.0,-3.0,-1.0,-4.0,1.0,-3.0,0.0,-1.0,0.951171875,-0.10595703125,0.21484375,17.012195121951223,-45.97560975609756,-22.31707317073171
11_36_10_682,1.0,1.0,-4.0,0.0,1.0,-1.0,-4.0,0.0,0.93359375,-0.1591796875,0.185546875,20.60975609756098,-43.65853658536586,-24.207317073170735
11_36_10_682,-4.0,1.0,-2.0,-1.0,0.0,2.0,-3.0,-5.0,0.92236328125,-0.1484375,0.15966796875,20.670731707317074,-41.463414634146346,-22.31707317073171
11_36_10_682,2.0,-2.0,-1.0,0.0,0.0,-1.0,2.0,0.0,0.919921875,-0.13720703125,0.162109375,19.32926829268293,-39.08536585365854,-21.28048780487805
11_36_10_682,-2.0,-1.0,-4.0,-2.0,-3.0,1.0,0.0,-4.0,0.916015625,-0.11181640625,0.1767578125,19.81707317073171,-34.75609756097561,-20.0
11_36_10_682,0.0,-4.0,-3.0,0.0,-2.0,-2.0,-3.0,-1.0,0.900390625,-0.07861328125,0.18115234375,22.5609756097561,-27.80487804878049,-21.097560975609756
11_36_10_737,-1.0,-2.0,-1.0,0.0,1.0,-2.0,0.0,0.0,0.90234375,-0.11083984375,0.17431640625,-0.24390243902439027,-20.0609756097561,-8.170731707317074
11_36_10_737,0.0,-1.0,-2.0,-4.0,-2.0,0.0,-2.0,1.0,0.92431640625,-0.08544921875,0.18896484375,-3.9024390243902443,-23.475609756097562,-11.707317073170733
11_36_10_737,1.0,-2.0,-4.0,1.0,2.0,0.0,-3.0,0.0,0.939453125,-0.0576171875,0.197265625,-2.6219512195121952,-27.682926829268297,-15.182926829268293
11_36_10_737,0.0,-1.0,-2.0,3.0,-1.0,2.0,1.0,-3.0,0.962890625,-0.05908203125,0.201171875,3.8414634146341466,-32.987804878048784,-17.926829268292686
11_36_10_737,3.0,1.0,1.0,-4.0,0.0,-1.0,-3.0,-2.0,0.9833984375,-0.0888671875,0.216796875,9.756097560975611,-39.81707317073171,-21.76829268292683
11_36_10_737,1.0,0.0,-1.0,-1.0,1.0,-1.0,0.0,1.0,0.966796875,-0.111328125,0.220703125,14.390243902439027,-44.32926829268293,-21.03658536585366
11_36_10_737,-3.0,-2.0,2.0,2.0,-1.0,-3.0,2.0,1.0,0.951171875,-0.10595703125,0.21484375,17.012195121951223,-45.97560975609756,-22.31707317073171
11_36_10_737,1.0,-1.0,-3.0,-3.0,-2.0,1.0,-1.0,-1.0,0.93359375,-0.1591796875,0.185546875,20.60975609756098,-43.65853658536586,-24.207317073170735
11_36_10_737,-2.0,-1.0,-4.0,-1.0,-2.0,0.0,0.0,-2.0,0.92236328125,-0.1484375,0.15966796875,20.670731707317074,-41.463414634146346,-22.31707317073171
11_36_10_785,3.0,-2.0,-2.0,-2.0,-1.0,-1.0,-1.0,-4.0,0.92431640625,-0.08544921875,0.18896484375,-3.9024390243902443,-23.475609756097562,-11.707317073170733
11_36_10_785,-3.0,1.0,2.0,0.0,-1.0,0.0,-5.0,1.0,0.939453125,-0.0576171875,0.197265625,-2.6219512195121952,-27.682926829268297,-15.182926829268293
11_36_10_785,1.0,2.0,-6.0,-1.0,-2.0,-1.0,-2.0,1.0,0.962890625,-0.05908203125,0.201171875,3.8414634146341466,-32.987804878048784,-17.926829268292686
11_36_10_785,-1.0,-4.0,0.0,-1.0,-1.0,-1.0,-1.0,1.0,0.9833984375,-0.0888671875,0.216796875,9.756097560975611,-39.81707317073171,-21.76829268292683
11_36_10_785,-3.0,-1.0,-2.0,-2.0,-1.0,1.0,1.0,-3.0,0.966796875,-0.111328125,0.220703125,14.390243902439027,-44.32926829268293,-21.03658536585366
11_36_10_785,-2.0,3.0,-1.0,1.0,1.0,0.0,-5.0,-4.0,0.951171875,-0.10595703125,0.21484375,17.012195121951223,-45.97560975609756,-22.31707317073171
11_36_10_840,1.0,-3.0,-1.0,0.0,4.0,0.0,-7.0,-1.0,0.8779296875,-0.1328125,0.1943359375,-1.2804878048780488,-8.048780487804878,-1.402439024390244
11_36_10_840,-4.0,-1.0,-6.0,-2.0,-3.0,-3.0,1.0,0.0,0.8837890625,-0.12158203125,0.173828125,6.097560975609756,-10.853658536585368,-2.0121951219512195
11_36_10_840,0.0,-3.0,0.0,0.0,-1.0,0.0,-1.0,-4.0,0.8798828125,-0.14404296875,0.166015625,8.658536585365855,-14.695121951219514,-3.414634146341464
11_36_10_840,2.0,1.0,1.0,0.0,-1.0,-3.0,0.0,-1.0,0.8818359375,-0.13134765625,0.17724609375,4.939024390243903,-16.70731707317073,-5.0
11_36_10_840,2.0,-1.0,-6.0,-2.0,1.0,-3.0,0.0,1.0,0.90234375,-0.11083984375,0.17431640625,-0.24390243902439027,-20.0609756097561,-8.170731707317074
11_36_10_840,2.0,-1.0,1.0,-1.0,-3.0,-1.0,-3.0,-3.0,0.92431640625,-0.08544921875,0.18896484375,-3.9024390243902443,-23.475609756097562,-11.707317073170733
11_36_10_840,-1.0,2.0,0.0,1.0,-7.0,-2.0,-2.0,2.0,0.939453125,-0.0576171875,0.197265625,-2.6219512195121952,-27.682926829268297,-15.182926829268293
11_36_10_840,-1.0,2.0,2.0,1.0,-1.0,0.0,-4.0,-4.0,0.962890625,-0.05908203125,0.201171875,3.8414634146341466,-32.987804878048784,-17.926829268292686
11_36_10_895,1.0,-1.0,-2.0,-2.0,-3.0,3.0,-1.0,-4.0,0.91552734375,-0.17236328125,0.20947265625,-21.097560975609756,-7.8048780487804885,-3.536585365853659
11_36_10_895,-3.0,-2.0,-3.0,1.0,3.0,0.0,-3.0,0.0,0.88525390625,-0.14990234375,0.20849609375,-12.01219512195122,-7.195121951219513,-2.073170731707317
11_36_10_895,-3.0,-3.0,2.0,-1.0,-1.0,-1.0,3.0,-2.0,0.8779296875,-0.1328125,0.1943359375,-1.2804878048780488,-8.048780487804878,-1.402439024390244
11_36_10_895,-3.0,-3.0,0.0,-2.0,-2.0,0.0,-1.0,0.0,0.8837890625,-0.12158203125,0.173828125,6.097560975609756,-10.853658536585368,-2.0121951219512195
11_36_10_895,-2.0,1.0,-2.0,-1.0,0.0,0.0,-1.0,-4.0,0.8798828125,-0.14404296875,0.166015625,8.658536585365855,-14.695121951219514,-3.414634146341464
11_36_10_895,1.0,-3.0,-1.0,0.0,4.0,0.0,-7.0,-1.0,0.8818359375,-0.13134765625,0.17724609375,4.939024390243903,-16.70731707317073,-5.0
11_36_10_895,-4.0,-1.0,-6.0,-2.0,-3.0,-3.0,1.0,0.0,0.90234375,-0.11083984375,0.17431640625,-0.24390243902439027,-20.0609756097561,-8.170731707317074
11_36_10_895,0.0,-3.0,0.0,0.0,-1.0,0.0,-1.0,-4.0,0.92431640625,-0.08544921875,0.18896484375,-3.9024390243902443,-23.475609756097562,-11.707317073170733
11_36_10_895,2.0,1.0,1.0,0.0,-1.0,-3.0,0.0,-1.0,0.939453125,-0.0576171875,0.197265625,-2.6219512195121952,-27.682926829268297,-15.182926829268293
11_36_10_940,0.0,0.0,-1.0,0.0,1.0,2.0,-3.0,-3.0,0.9365234375,-0.23779296875,0.22021484375,-20.121951219512198,-10.914634146341465,-4.024390243902439
11_36_10_940,1.0,-2.0,-1.0,-1.0,1.0,-4.0,1.0,-2.0,0.93505859375,-0.2041015625,0.20703125,-24.207317073170735,-8.841463414634147,-4.207317073170732
11_36_10_940,-1.0,1.0,1.0,-2.0,-4.0,-1.0,-1.0,1.0,0.91552734375,-0.17236328125,0.20947265625,-21.097560975609756,-7.8048780487804885,-3.536585365853659
11_36_10_940,-4.0,-3.0,0.0,1.0,-2.0,-1.0,-2.0,-2.0,0.88525390625,-0.14990234375,0.20849609375,-12.01219512195122,-7.195121951219513,-2.073170731707317
11_36_10_940,0.0,-1.0,0.0,0.0,0.0,-1.0,-8.0,-1.0,0.8779296875,-0.1328125,0.1943359375,-1.2804878048780488,-8.048780487804878,-1.402439024390244
11_36_10_940,1.0,1.0,-1.0,-3.0,0.0,0.0,-3.0,0.0,0.8837890625,-0.12158203125,0.173828125,6.097560975609756,-10.853658536585368,-2.0121951219512195
11_36_10_940,0.0,-2.0,-3.0,1.0,-1.0,-1.0,0.0,-3.0,0.8798828125,-0.14404296875,0.166015625,8.658536585365855,-14.695121951219514,-3.414634146341464
11_36_10_987,0.0,1.0,-2.0,-1.0,1.0,0.0,0.0,0.0,0.9951171875,-0.203125,0.1474609375,42.25609756097561,-13.170731707317074,-3.414634146341464
11_36_10_987,0.0,0.0,2.0,-1.0,2.0,0.0,3.0,-1.0,1.00244140625,-0.2421875,0.17724609375,28.963414634146343,-15.79268292682927,-6.219512195121951
11_36_10_987,-2.0,-1.0,1.0,-2.0,-3.0,-2.0,-2.0,-2.0,0.97412109375,-0.263671875,0.19921875,14.02439024390244,-16.951219512195124,-6.2804878048780495
11_36_10_987,-1.0,0.0,-3.0,-2.0,1.0,-2.0,-1.0,-4.0,0.93359375,-0.25732421875,0.2333984375,0.48780487804878053,-15.670731707317074,-4.146341463414634
11_36_10_987,-1.0,-3.0,-2.0,-2.0,3.0,-1.0,-1.0,-3.0,0.9326171875,-0.24365234375,0.22802734375,-11.28048780487805,-13.170731707317074,-4.2682926829268295
11_36_10_987,-3.0,1.0,1.0,-1.0,0.0,1.0,-1.0,2.0,0.9365234375,-0.23779296875,0.22021484375,-20.121951219512198,-10.914634146341465,-4.024390243902439
11_36_10_987,-6.0,1.0,-1.0,0.0,2.0,1.0,0.0,0.0,0.93505859375,-0.2041015625,0.20703125,-24.207317073170735,-8.841463414634147,-4.207317073170732
11_36_10_987,0.0,-3.0,1.0,-2.0,-4.0,0.0,0.0,-3.0,0.91552734375,-0.17236328125,0.20947265625,-21.097560975609756,-7.8048780487804885,-3.536585365853659
11_36_10_987,-3.0,1.0,-2.0,-2.0,-4.0,-1.0,-1.0,2.0,0.88525390625,-0.14990234375,0.20849609375,-12.01219512195122,-7.195121951219513,-2.073170731707317
11_36_10_987,-4.0,-1.0,0.0,2.0,0.0,-1.0,-3.0,0.0,0.8779296875,-0.1328125,0.1943359375,-1.2804878048780488,-8.048780487804878,-1.402439024390244
11_36_11_040,4.0,-1.0,1.0,0.0,-3.0,-2.0,1.0,-3.0,1.02392578125,-0.13525390625,0.0791015625,50.670731707317074,-7.134146341463415,2.0121951219512195
11_36_11_040,-1.0,-1.0,-3.0,-2.0,-3.0,-2.0,-4.0,-1.0,0.9990234375,-0.16796875,0.10986328125,49.87804878048781,-10.365853658536587,-0.5487804878048781
11_36_11_040,-3.0,-5.0,-5.0,-4.0,-2.0,-2.0,1.0,1.0,0.9951171875,-0.203125,0.1474609375,42.25609756097561,-13.170731707317074,-3.414634146341464
11_36_11_040,2.0,-2.0,-3.0,1.0,0.0,-1.0,-1.0,-2.0,1.00244140625,-0.2421875,0.17724609375,28.963414634146343,-15.79268292682927,-6.219512195121951
11_36_11_040,1.0,-1.0,-2.0,-6.0,-2.0,-1.0,-2.0,3.0,0.97412109375,-0.263671875,0.19921875,14.02439024390244,-16.951219512195124,-6.2804878048780495
11_36_11_040,-3.0,-2.0,-2.0,2.0,1.0,-5.0,-5.0,-1.0,0.93359375,-0.25732421875,0.2333984375,0.48780487804878053,-15.670731707317074,-4.146341463414634
11_36_11_040,-2.0,-2.0,0.0,-1.0,-2.0,-1.0,-1.0,-2.0,0.9326171875,-0.24365234375,0.22802734375,-11.28048780487805,-13.170731707317074,-4.2682926829268295
11_36_11_040,-1.0,0.0,-1.0,2.0,-1.0,-2.0,-1.0,-2.0,0.9365234375,-0.23779296875,0.22021484375,-20.121951219512198,-10.914634146341465,-4.024390243902439
11_36_11_040,1.0,0.0,0.0,0.0,-4.0,-2.0,0.0,-3.0,0.93505859375,-0.2041015625,0.20703125,-24.207317073170735,-8.841463414634147,-4.207317073170732
11_36_11_090,0.0,0.0,-4.0,-3.0,1.0,-2.0,-2.0,-3.0,1.06787109375,-0.078125,0.044921875,35.609756097560975,17.5,15.79268292682927
11_36_11_090,1.0,-3.0,-1.0,0.0,1.0,-1.0,1.0,3.0,1.0927734375,-0.13037109375,0.03759765625,39.024390243902445,8.902439024390244,9.451219512195122
11_36_11_090,0.0,0.0,-1.0,1.0,-1.0,1.0,-1.0,-5.0,1.095703125,-0.16259765625,0.04296875,42.25609756097561,0.3658536585365854,4.878048780487806
11_36_11_090,-3.0,0.0,-2.0,2.0,-1.0,1.0,-1.0,-3.0,1.07470703125,-0.1455078125,0.07275390625,47.13414634146342,-5.0,2.8658536585365857
11_36_11_090,-4.0,0.0,2.0,2.0,2.0,-3.0,-1.0,3.0,1.02392578125,-0.13525390625,0.0791015625,50.670731707317074,-7.134146341463415,2.0121951219512195
11_36_11_090,4.0,-1.0,-2.0,1.0,-5.0,-1.0,1.0,-2.0,0.9990234375,-0.16796875,0.10986328125,49.87804878048781,-10.365853658536587,-0.5487804878048781
11_36_11_090,4.0,0.0,1.0,-1.0,1.0,-1.0,-5.0,-2.0,0.9951171875,-0.203125,0.1474609375,42.25609756097561,-13.170731707317074,-3.414634146341464
11_36_11_090,-2.0,-2.0,-2.0,1.0,1.0,0.0,1.0,-5.0,1.00244140625,-0.2421875,0.17724609375,28.963414634146343,-15.79268292682927,-6.219512195121951
11_36_11_090,10.0,1.0,-1.0,-2.0,1.0,-1.0,-6.0,-4.0,0.97412109375,-0.263671875,0.19921875,14.02439024390244,-16.951219512195124,-6.2804878048780495
11_36_11_090,-8.0,-3.0,-3.0,-2.0,-3.0,-3.0,1.0,6.0,0.93359375,-0.25732421875,0.2333984375,0.48780487804878053,-15.670731707317074,-4.146341463414634
11_36_11_142,-4.0,-1.0,-2.0,-5.0,1.0,-2.0,-1.0,0.0,1.05029296875,-0.04150390625,0.05908203125,25.853658536585368,22.500000000000004,21.585365853658537
11_36_11_142,-1.0,1.0,1.0,0.0,-2.0,1.0,-3.0,3.0,1.06787109375,-0.078125,0.044921875,35.609756097560975,17.5,15.79268292682927
11_36_11_142,-1.0,-1.0,-3.0,2.0,-2.0,1.0,0.0,-2.0,1.0927734375,-0.13037109375,0.03759765625,39.024390243902445,8.902439024390244,9.451219512195122
11_36_11_142,-1.0,-2.0,-1.0,-1.0,1.0,-2.0,-1.0,-1.0,1.095703125,-0.16259765625,0.04296875,42.25609756097561,0.3658536585365854,4.878048780487806
11_36_11_142,1.0,-2.0,2.0,-5.0,-1.0,-1.0,0.0,1.0,1.07470703125,-0.1455078125,0.07275390625,47.13414634146342,-5.0,2.8658536585365857
11_36_11_142,-4.0,1.0,2.0,1.0,2.0,3.0,-4.0,-2.0,1.02392578125,-0.13525390625,0.0791015625,50.670731707317074,-7.134146341463415,2.0121951219512195
11_36_11_142,-3.0,-4.0,0.0,-4.0,-3.0,0.0,2.0,1.0,0.9990234375,-0.16796875,0.10986328125,49.87804878048781,-10.365853658536587,-0.5487804878048781
11_36_11_142,-4.0,3.0,-2.0,0.0,-1.0,-1.0,1.0,-1.0,0.9951171875,-0.203125,0.1474609375,42.25609756097561,-13.170731707317074,-3.414634146341464
11_36_11_142,-4.0,-4.0,-1.0,1.0,0.0,-1.0,-2.0,1.0,1.00244140625,-0.2421875,0.17724609375,28.963414634146343,-15.79268292682927,-6.219512195121951
11_36_11_195,-5.0,-1.0,-4.0,1.0,0.0,-3.0,-7.0,-19.0,1.05029296875,-0.04150390625,0.05908203125,25.853658536585368,22.500000000000004,21.585365853658537
11_36_11_195,0.0,2.0,5.0,3.0,0.0,-3.0,0.0,9.0,1.06787109375,-0.078125,0.044921875,35.609756097560975,17.5,15.79268292682927
11_36_11_195,3.0,-4.0,-3.0,-2.0,0.0,1.0,-4.0,-4.0,1.0927734375,-0.13037109375,0.03759765625,39.024390243902445,8.902439024390244,9.451219512195122
11_36_11_195,-3.0,1.0,-1.0,0.0,-2.0,2.0,-5.0,-12.0,1.095703125,-0.16259765625,0.04296875,42.25609756097561,0.3658536585365854,4.878048780487806
11_36_11_195,1.0,0.0,-3.0,-2.0,-1.0,-2.0,2.0,4.0,1.07470703125,-0.1455078125,0.07275390625,47.13414634146342,-5.0,2.8658536585365857
11_36_11_195,0.0,0.0,-3.0,1.0,-3.0,2.0,0.0,-2.0,1.02392578125,-0.13525390625,0.0791015625,50.670731707317074,-7.134146341463415,2.0121951219512195
11_36_11_195,-4.0,-1.0,-2.0,-5.0,1.0,-2.0,-1.0,0.0,0.9990234375,-0.16796875,0.10986328125,49.87804878048781,-10.365853658536587,-0.5487804878048781
11_36_11_242,-4.0,-1.0,0.0,0.0,-1.0,-1.0,-2.0,1.0,0.994140625,-0.1533203125,0.1064453125,25.0609756097561,31.402439024390247,36.03658536585366
11_36_11_242,0.0,-1.0,-2.0,-2.0,-3.0,-3.0,0.0,-2.0,1.013671875,-0.14453125,0.07958984375,18.10975609756098,29.207317073170735,32.37804878048781
11_36_11_242,-1.0,-2.0,-1.0,0.0,-4.0,-1.0,0.0,2.0,1.04248046875,-0.12158203125,0.076171875,11.707317073170733,25.731707317073173,28.10975609756098
11_36_11_242,0.0,2.0,-3.0,-2.0,3.0,-3.0,-1.0,1.0,1.04248046875,-0.0712890625,0.07763671875,14.939024390243905,23.719512195121954,25.243902439024392
11_36_11_242,-2.0,1.0,4.0,3.0,-1.0,1.0,-1.0,-3.0,1.05029296875,-0.04150390625,0.05908203125,25.853658536585368,22.500000000000004,21.585365853658537
11_36_11_242,-1.0,-3.0,2.0,-1.0,-1.0,-1.0,-3.0,-1.0,1.06787109375,-0.078125,0.044921875,35.609756097560975,17.5,15.79268292682927
11_36_11_242,-4.0,0.0,-1.0,-2.0,-3.0,1.0,-3.0,-5.0,1.0927734375,-0.13037109375,0.03759765625,39.024390243902445,8.902439024390244,9.451219512195122
11_36_11_242,0.0,1.0,-5.0,-3.0,-2.0,-1.0,-1.0,-2.0,1.095703125,-0.16259765625,0.04296875,42.25609756097561,0.3658536585365854,4.878048780487806
11_36_11_301,-1.0,-1.0,-1.0,1.0,1.0,1.0,-1.0,-3.0,0.9990234375,-0.23779296875,0.1318359375,29.81707317073171,24.451219512195124,26.58536585365854
11_36_11_301,0.0,-2.0,-2.0,1.0,-3.0,-1.0,-5.0,-1.0,0.994140625,-0.2421875,0.13916015625,27.987804878048784,24.75609756097561,29.939024390243905
11_36_11_301,1.0,-1.0,-1.0,0.0,-4.0,0.0,-2.0,1.0,0.97900390625,-0.21875,0.13916015625,28.59756097560976,26.58536585365854,33.53658536585366
11_36_11_301,0.0,-2.0,-4.0,-5.0,1.0,-1.0,2.0,1.0,0.96630859375,-0.18310546875,0.12841796875,29.75609756097561,29.634146341463417,35.0
11_36_11_301,1.0,-2.0,-2.0,1.0,-5.0,-2.0,-3.0,2.0,0.96875,-0.16015625,0.13330078125,27.80487804878049,32.07317073170732,37.25609756097561
11_36_11_301,-3.0,-2.0,1.0,-2.0,2.0,-4.0,0.0,-1.0,0.994140625,-0.1533203125,0.1064453125,25.0609756097561,31.402439024390247,36.03658536585366
11_36_11_301,-3.0,-1.0,-2.0,-1.0,2.0,0.0,2.0,0.0,1.013671875,-0.14453125,0.07958984375,18.10975609756098,29.207317073170735,32.37804878048781
11_36_11_301,-3.0,-1.0,2.0,-1.0,-1.0,0.0,0.0,0.0,1.04248046875,-0.12158203125,0.076171875,11.707317073170733,25.731707317073173,28.10975609756098
11_36_11_301,-4.0,4.0,3.0,0.0,0.0,-1.0,-3.0,0.0,1.04248046875,-0.0712890625,0.07763671875,14.939024390243905,23.719512195121954,25.243902439024392
11_36_11_301,-1.0,-3.0,0.0,-1.0,-3.0,2.0,0.0,-1.0,1.05029296875,-0.04150390625,0.05908203125,25.853658536585368,22.500000000000004,21.585365853658537
11_36_11_346,0.0,0.0,2.0,0.0,2.0,1.0,3.0,0.0,0.986328125,-0.1689453125,0.10400390625,27.439024390243905,24.81707317073171,21.646341463414636
11_36_11_346,-1.0,-5.0,-1.0,-1.0,-4.0,0.0,1.0,-1.0,0.99072265625,-0.2080078125,0.1171875,29.939024390243905,24.81707317073171,23.658536585365855
11_36_11_346,-1.0,0.0,-2.0,0.0,1.0,-2.0,-4.0,-2.0,0.9990234375,-0.23779296875,0.1318359375,29.81707317073171,24.451219512195124,26.58536585365854
11_36_11_346,-3.0,-2.0,-2.0,-3.0,-2.0,-5.0,-2.0,-1.0,0.994140625,-0.2421875,0.13916015625,27.987804878048784,24.75609756097561,29.939024390243905
11_36_11_346,-2.0,1.0,3.0,0.0,0.0,0.0,1.0,2.0,0.97900390625,-0.21875,0.13916015625,28.59756097560976,26.58536585365854,33.53658536585366
11_36_11_346,-2.0,1.0,0.0,0.0,0.0,-1.0,0.0,0.0,0.96630859375,-0.18310546875,0.12841796875,29.75609756097561,29.634146341463417,35.0
11_36_11_346,-1.0,0.0,0.0,-2.0,0.0,-3.0,-2.0,-2.0,0.96875,-0.16015625,0.13330078125,27.80487804878049,32.07317073170732,37.25609756097561
11_36_11_346,-4.0,-1.0,0.0,1.0,1.0,0.0,0.0,1.0,0.994140625,-0.1533203125,0.1064453125,25.0609756097561,31.402439024390247,36.03658536585366
11_36_11_346,-1.0,-3.0,1.0,1.0,-1.0,0.0,1.0,2.0,1.013671875,-0.14453125,0.07958984375,18.10975609756098,29.207317073170735,32.37804878048781
11_36_11_346,0.0,2.0,2.0,0.0,0.0,-1.0,-2.0,1.0,1.04248046875,-0.12158203125,0.076171875,11.707317073170733,25.731707317073173,28.10975609756098
11_36_11_398,-1.0,0.0,0.0,-3.0,-2.0,-2.0,2.0,-3.0,0.97265625,-0.1552734375,0.14013671875,17.439024390243905,21.097560975609756,18.53658536585366
11_36_11_398,1.0,-4.0,1.0,-2.0,5.0,0.0,0.0,4.0,0.96630859375,-0.13037109375,0.123046875,18.53658536585366,22.378048780487806,19.634146341463417
11_36_11_398,-1.0,-4.0,-3.0,-1.0,-1.0,1.0,3.0,2.0,0.9736328125,-0.1416015625,0.111328125,23.29268292682927,23.719512195121954,20.60975609756098
11_36_11_398,-1.0,0.0,5.0,-3.0,-2.0,1.0,-4.0,-3.0,0.986328125,-0.1689453125,0.10400390625,27.439024390243905,24.81707317073171,21.646341463414636
11_36_11_398,-1.0,1.0,5.0,1.0,-3.0,-2.0,1.0,-3.0,0.99072265625,-0.2080078125,0.1171875,29.939024390243905,24.81707317073171,23.658536585365855
11_36_11_398,-1.0,-2.0,-1.0,1.0,-3.0,-1.0,-1.0,-2.0,0.9990234375,-0.23779296875,0.1318359375,29.81707317073171,24.451219512195124,26.58536585365854
11_36_11_398,-1.0,0.0,-1.0,0.0,-2.0,1.0,-2.0,-2.0,0.994140625,-0.2421875,0.13916015625,27.987804878048784,24.75609756097561,29.939024390243905
11_36_11_398,3.0,1.0,-3.0,-4.0,-1.0,-3.0,0.0,2.0,0.97900390625,-0.21875,0.13916015625,28.59756097560976,26.58536585365854,33.53658536585366
11_36_11_398,-4.0,-2.0,-4.0,0.0,-2.0,0.0,4.0,-3.0,0.96630859375,-0.18310546875,0.12841796875,29.75609756097561,29.634146341463417,35.0
11_36_11_398,1.0,0.0,1.0,1.0,0.0,3.0,-4.0,3.0,0.96875,-0.16015625,0.13330078125,27.80487804878049,32.07317073170732,37.25609756097561
11_36_11_448,-1.0,1.0,-1.0,-1.0,2.0,1.0,2.0,-5.0,0.962890625,-0.18115234375,0.14404296875,25.731707317073173,19.207317073170735,17.073170731707318
11_36_11_448,2.0,1.0,-5.0,2.0,-1.0,-4.0,-4.0,4.0,0.970703125,-0.17724609375,0.14013671875,20.79268292682927,20.243902439024392,17.5
11_36_11_448,3.0,0.0,-2.0,0.0,-2.0,1.0,-3.0,-1.0,0.97265625,-0.1552734375,0.14013671875,17.439024390243905,21.097560975609756,18.53658536585366
11_36_11_448,0.0,0.0,2.0,0.0,-1.0,-2.0,-5.0,1.0,0.96630859375,-0.13037109375,0.123046875,18.53658536585366,22.378048780487806,19.634146341463417
11_36_11_448,3.0,2.0,-4.0,1.0,-1.0,0.0,-4.0,-2.0,0.9736328125,-0.1416015625,0.111328125,23.29268292682927,23.719512195121954,20.60975609756098
11_36_11_448,-2.0,-1.0,-2.0,-2.0,-3.0,-1.0,-1.0,-4.0,0.986328125,-0.1689453125,0.10400390625,27.439024390243905,24.81707317073171,21.646341463414636
11_36_11_448,-1.0,0.0,0.0,-3.0,-2.0,-2.0,2.0,-3.0,0.99072265625,-0.2080078125,0.1171875,29.939024390243905,24.81707317073171,23.658536585365855
11_36_11_448,1.0,-4.0,1.0,-2.0,5.0,0.0,0.0,4.0,0.9990234375,-0.23779296875,0.1318359375,29.81707317073171,24.451219512195124,26.58536585365854
11_36_11_448,-1.0,-4.0,-3.0,-1.0,-1.0,1.0,3.0,2.0,0.994140625,-0.2421875,0.13916015625,27.987804878048784,24.75609756097561,29.939024390243905
11_36_11_448,-1.0,0.0,5.0,-3.0,-2.0,1.0,-4.0,-3.0,0.97900390625,-0.21875,0.13916015625,28.59756097560976,26.58536585365854,33.53658536585366
11_36_11_498,2.0,-2.0,-1.0,1.0,-4.0,0.0,2.0,-1.0,0.96923828125,-0.19189453125,0.14404296875,30.60975609756098,12.682926829268293,11.28048780487805
11_36_11_498,0.0,0.0,-1.0,-2.0,1.0,1.0,-1.0,-3.0,0.96630859375,-0.19091796875,0.15185546875,31.09756097560976,14.695121951219514,13.719512195121952
11_36_11_498,-1.0,-2.0,-3.0,-3.0,-2.0,1.0,0.0,-6.0,0.962890625,-0.18994140625,0.1513671875,29.573170731707318,17.134146341463417,15.853658536585368
11_36_11_498,0.0,1.0,-1.0,-2.0,-2.0,0.0,-3.0,8.0,0.962890625,-0.18115234375,0.14404296875,25.731707317073173,19.207317073170735,17.073170731707318
11_36_11_498,-2.0,-1.0,-1.0,-3.0,0.0,-2.0,1.0,-5.0,0.970703125,-0.17724609375,0.14013671875,20.79268292682927,20.243902439024392,17.5
11_36_11_498,-4.0,-1.0,0.0,2.0,-3.0,-3.0,-2.0,16.0,0.97265625,-0.1552734375,0.14013671875,17.439024390243905,21.097560975609756,18.53658536585366
11_36_11_498,-1.0,0.0,0.0,-2.0,1.0,-1.0,-2.0,-3.0,0.96630859375,-0.13037109375,0.123046875,18.53658536585366,22.378048780487806,19.634146341463417
11_36_11_498,0.0,-2.0,3.0,1.0,-1.0,0.0,-2.0,5.0,0.9736328125,-0.1416015625,0.111328125,23.29268292682927,23.719512195121954,20.60975609756098
11_36_11_498,1.0,-3.0,-2.0,-4.0,-4.0,-4.0,3.0,2.0,0.986328125,-0.1689453125,0.10400390625,27.439024390243905,24.81707317073171,21.646341463414636
11_36_11_498,-4.0,3.0,-1.0,-3.0,-2.0,-2.0,-2.0,4.0,0.99072265625,-0.2080078125,0.1171875,29.939024390243905,24.81707317073171,23.658536585365855
11_36_11_550,-3.0,-6.0,-3.0,0.0,1.0,1.0,4.0,-1.0,0.94970703125,-0.16455078125,0.12109375,18.78048780487805,10.0,4.878048780487806
11_36_11_550,-1.0,-2.0,-1.0,-2.0,2.0,-1.0,2.0,-1.0,0.95849609375,-0.17333984375,0.1318359375,24.573170731707318,11.646341463414634,7.195121951219513
11_36_11_550,-3.0,-4.0,-4.0,-2.0,1.0,-2.0,4.0,-1.0,0.962890625,-0.17822265625,0.140625,28.292682926829272,12.317073170731708,9.085365853658537
11_36_11_550,-3.0,-1.0,-5.0,-1.0,0.0,-1.0,-2.0,-3.0,0.96923828125,-0.19189453125,0.14404296875,30.60975609756098,12.682926829268293,11.28048780487805
11_36_11_550,-1.0,-1.0,-1.0,-1.0,2.0,-1.0,3.0,-6.0,0.96630859375,-0.19091796875,0.15185546875,31.09756097560976,14.695121951219514,13.719512195121952
11_36_11_550,-5.0,0.0,-2.0,0.0,-4.0,-3.0,1.0,-1.0,0.962890625,-0.18994140625,0.1513671875,29.573170731707318,17.134146341463417,15.853658536585368
11_36_11_550,-1.0,1.0,0.0,-3.0,-3.0,-3.0,1.0,-1.0,0.962890625,-0.18115234375,0.14404296875,25.731707317073173,19.207317073170735,17.073170731707318
11_36_11_550,0.0,0.0,-1.0,-2.0,-1.0,-1.0,-2.0,-1.0,0.970703125,-0.17724609375,0.14013671875,20.79268292682927,20.243902439024392,17.5
11_36_11_550,-1.0,-3.0,0.0,-3.0,2.0,-3.0,2.0,-2.0,0.97265625,-0.1552734375,0.14013671875,17.439024390243905,21.097560975609756,18.53658536585366
11_36_11_550,-4.0,-1.0,-3.0,2.0,-4.0,-2.0,-1.0,1.0,0.96630859375,-0.13037109375,0.123046875,18.53658536585366,22.378048780487806,19.634146341463417
11_36_11_598,0.0,0.0,1.0,-1.0,1.0,-1.0,-3.0,0.0,0.94970703125,-0.19287109375,0.12841796875,11.76829268292683,8.597560975609756,2.1341463414634148
11_36_11_598,-1.0,0.0,0.0,0.0,-1.0,-3.0,3.0,0.0,0.953125,-0.17041015625,0.12744140625,14.51219512195122,9.390243902439025,3.2926829268292686
11_36_11_598,-3.0,-5.0,-3.0,-3.0,-4.0,0.0,-1.0,1.0,0.94970703125,-0.16455078125,0.12109375,18.78048780487805,10.0,4.878048780487806
11_36_11_598,0.0,1.0,-1.0,3.0,-1.0,-4.0,0.0,-3.0,0.95849609375,-0.17333984375,0.1318359375,24.573170731707318,11.646341463414634,7.195121951219513
11_36_11_598,-1.0,-3.0,0.0,-3.0,0.0,-1.0,-1.0,-1.0,0.962890625,-0.17822265625,0.140625,28.292682926829272,12.317073170731708,9.085365853658537
11_36_11_598,-5.0,-3.0,-4.0,-2.0,-1.0,0.0,-1.0,2.0,0.96923828125,-0.19189453125,0.14404296875,30.60975609756098,12.682926829268293,11.28048780487805
11_36_11_598,-2.0,1.0,-3.0,-2.0,-3.0,-1.0,2.0,1.0,0.96630859375,-0.19091796875,0.15185546875,31.09756097560976,14.695121951219514,13.719512195121952
11_36_11_598,-1.0,-2.0,-5.0,-1.0,3.0,-1.0,2.0,-1.0,0.962890625,-0.18994140625,0.1513671875,29.573170731707318,17.134146341463417,15.853658536585368
11_36_11_598,0.0,-3.0,0.0,-2.0,0.0,-4.0,0.0,-1.0,0.962890625,-0.18115234375,0.14404296875,25.731707317073173,19.207317073170735,17.073170731707318
11_36_11_598,-1.0,0.0,0.0,-1.0,1.0,1.0,-1.0,-3.0,0.970703125,-0.17724609375,0.14013671875,20.79268292682927,20.243902439024392,17.5
11_36_11_650,1.0,-3.0,1.0,-4.0,-5.0,-1.0,-1.0,-3.0,0.93994140625,-0.1796875,0.1552734375,6.402439024390245,4.695121951219512,-1.2804878048780488
11_36_11_650,1.0,-3.0,2.0,1.0,-3.0,-4.0,-1.0,0.0,0.94189453125,-0.17431640625,0.1435546875,9.51219512195122,7.195121951219513,-0.12195121951219513
11_36_11_650,-2.0,0.0,-2.0,-3.0,0.0,1.0,0.0,-3.0,0.95263671875,-0.18212890625,0.13916015625,11.585365853658537,8.292682926829269,0.7317073170731708
11_36_11_650,1.0,-3.0,-4.0,-1.0,-3.0,-1.0,0.0,-2.0,0.94970703125,-0.19287109375,0.12841796875,11.76829268292683,8.597560975609756,2.1341463414634148
11_36_11_650,-1.0,-1.0,-1.0,-4.0,0.0,0.0,4.0,-3.0,0.953125,-0.17041015625,0.12744140625,14.51219512195122,9.390243902439025,3.2926829268292686
11_36_11_650,1.0,2.0,1.0,2.0,0.0,-1.0,4.0,0.0,0.94970703125,-0.16455078125,0.12109375,18.78048780487805,10.0,4.878048780487806
11_36_11_650,-3.0,-3.0,-2.0,0.0,2.0,-1.0,-2.0,0.0,0.95849609375,-0.17333984375,0.1318359375,24.573170731707318,11.646341463414634,7.195121951219513
11_36_11_650,-1.0,-3.0,0.0,0.0,-2.0,0.0,-1.0,1.0,0.962890625,-0.17822265625,0.140625,28.292682926829272,12.317073170731708,9.085365853658537
11_36_11_650,-1.0,1.0,2.0,2.0,-3.0,-1.0,-1.0,-1.0,0.96923828125,-0.19189453125,0.14404296875,30.60975609756098,12.682926829268293,11.28048780487805
11_36_11_650,-2.0,1.0,1.0,-2.0,-1.0,4.0,-2.0,-3.0,0.96630859375,-0.19091796875,0.15185546875,31.09756097560976,14.695121951219514,13.719512195121952
11_36_11_702,-2.0,-3.0,1.0,-1.0,2.0,-2.0,1.0,-1.0,0.9501953125,-0.2099609375,0.16552734375,4.451219512195122,-0.7317073170731708,-3.5975609756097566
11_36_11_702,-1.0,-2.0,-3.0,-1.0,0.0,-2.0,-1.0,-3.0,0.94287109375,-0.201171875,0.16064453125,4.390243902439025,1.829268292682927,-2.378048780487805
11_36_11_702,-1.0,-1.0,0.0,0.0,-1.0,2.0,0.0,-3.0,0.93994140625,-0.1796875,0.1552734375,6.402439024390245,4.695121951219512,-1.2804878048780488
11_36_11_702,-1.0,1.0,0.0,0.0,0.0,-1.0,-1.0,-3.0,0.94189453125,-0.17431640625,0.1435546875,9.51219512195122,7.195121951219513,-0.12195121951219513
11_36_11_702,1.0,-2.0,1.0,-3.0,0.0,-1.0,-1.0,-1.0,0.95263671875,-0.18212890625,0.13916015625,11.585365853658537,8.292682926829269,0.7317073170731708
11_36_11_702,-1.0,0.0,-3.0,1.0,-1.0,0.0,-3.0,-1.0,0.94970703125,-0.19287109375,0.12841796875,11.76829268292683,8.597560975609756,2.1341463414634148
11_36_11_702,-3.0,0.0,-3.0,-3.0,-1.0,0.0,0.0,-1.0,0.953125,-0.17041015625,0.12744140625,14.51219512195122,9.390243902439025,3.2926829268292686
11_36_11_702,0.0,-1.0,0.0,0.0,-1.0,2.0,-7.0,-2.0,0.94970703125,-0.16455078125,0.12109375,18.78048780487805,10.0,4.878048780487806
11_36_11_702,1.0,-3.0,1.0,-4.0,-5.0,-1.0,-1.0,-3.0,0.95849609375,-0.17333984375,0.1318359375,24.573170731707318,11.646341463414634,7.195121951219513
11_36_11_702,1.0,-3.0,2.0,1.0,-3.0,-4.0,-1.0,0.0,0.962890625,-0.17822265625,0.140625,28.292682926829272,12.317073170731708,9.085365853658537
11_36_11_755,0.0,-1.0,5.0,1.0,0.0,-2.0,-5.0,-3.0,0.9580078125,-0.20166015625,0.18115234375,9.695121951219512,-8.536585365853659,-5.670731707317073
11_36_11_755,-4.0,-1.0,0.0,-1.0,1.0,1.0,2.0,-3.0,0.95458984375,-0.19873046875,0.1826171875,7.682926829268293,-5.609756097560976,-5.3048780487804885
11_36_11_755,-3.0,0.0,0.0,3.0,0.0,2.0,-5.0,1.0,0.95068359375,-0.21142578125,0.17041015625,5.914634146341464,-3.048780487804878,-4.390243902439025
11_36_11_755,-7.0,-1.0,1.0,-3.0,-5.0,1.0,4.0,-3.0,0.9501953125,-0.2099609375,0.16552734375,4.451219512195122,-0.7317073170731708,-3.5975609756097566
11_36_11_755,-3.0,0.0,0.0,2.0,0.0,-1.0,-3.0,-1.0,0.94287109375,-0.201171875,0.16064453125,4.390243902439025,1.829268292682927,-2.378048780487805
11_36_11_755,-3.0,-3.0,0.0,-3.0,-1.0,-2.0,-1.0,0.0,0.93994140625,-0.1796875,0.1552734375,6.402439024390245,4.695121951219512,-1.2804878048780488
11_36_11_755,0.0,-3.0,-2.0,0.0,-3.0,-2.0,-1.0,-1.0,0.94189453125,-0.17431640625,0.1435546875,9.51219512195122,7.195121951219513,-0.12195121951219513
11_36_11_755,-2.0,0.0,-2.0,-2.0,-2.0,2.0,-3.0,0.0,0.95263671875,-0.18212890625,0.13916015625,11.585365853658537,8.292682926829269,0.7317073170731708
11_36_11_755,0.0,-2.0,-2.0,-2.0,0.0,-2.0,2.0,2.0,0.94970703125,-0.19287109375,0.12841796875,11.76829268292683,8.597560975609756,2.1341463414634148
11_36_11_755,-3.0,-2.0,-3.0,2.0,2.0,0.0,-6.0,-3.0,0.953125,-0.17041015625,0.12744140625,14.51219512195122,9.390243902439025,3.2926829268292686
11_36_11_803,-10.0,-9.0,-2.0,-1.0,0.0,3.0,-3.0,-4.0,0.9609375,-0.17041015625,0.18896484375,13.963414634146343,-12.560975609756099,-5.365853658536586
11_36_11_803,2.0,-2.0,-1.0,0.0,0.0,1.0,0.0,1.0,0.9638671875,-0.1962890625,0.19091796875,11.76829268292683,-10.853658536585368,-6.097560975609756
11_36_11_803,3.0,1.0,0.0,-2.0,-2.0,2.0,-4.0,3.0,0.9580078125,-0.20166015625,0.18115234375,9.695121951219512,-8.536585365853659,-5.670731707317073
11_36_11_803,-4.0,-3.0,-4.0,-5.0,-4.0,0.0,1.0,-4.0,0.95458984375,-0.19873046875,0.1826171875,7.682926829268293,-5.609756097560976,-5.3048780487804885
11_36_11_803,-2.0,-1.0,-3.0,1.0,3.0,-2.0,-3.0,0.0,0.95068359375,-0.21142578125,0.17041015625,5.914634146341464,-3.048780487804878,-4.390243902439025
11_36_11_803,1.0,-3.0,2.0,-3.0,0.0,0.0,1.0,1.0,0.9501953125,-0.2099609375,0.16552734375,4.451219512195122,-0.7317073170731708,-3.5975609756097566
11_36_11_803,-1.0,-4.0,2.0,2.0,-2.0,0.0,-4.0,-1.0,0.94287109375,-0.201171875,0.16064453125,4.390243902439025,1.829268292682927,-2.378048780487805
11_36_11_803,-1.0,-5.0,-2.0,-2.0,-4.0,0.0,0.0,-6.0,0.93994140625,-0.1796875,0.1552734375,6.402439024390245,4.695121951219512,-1.2804878048780488
11_36_11_803,-1.0,1.0,0.0,-2.0,-2.0,-3.0,0.0,1.0,0.94189453125,-0.17431640625,0.1435546875,9.51219512195122,7.195121951219513,-0.12195121951219513
11_36_11_803,-1.0,0.0,-2.0,-3.0,-1.0,2.0,0.0,1.0,0.95263671875,-0.18212890625,0.13916015625,11.585365853658537,8.292682926829269,0.7317073170731708
11_36_11_858,-39.0,-9.0,-8.0,-5.0,-4.0,-5.0,-6.0,-37.0,0.94189453125,-0.14404296875,0.185546875,18.475609756097562,-14.939024390243905,-0.6707317073170732
11_36_11_858,18.0,49.0,11.0,3.0,-2.0,3.0,4.0,20.0,0.947265625,-0.14990234375,0.1865234375,16.34146341463415,-13.597560975609758,-3.4756097560975614
11_36_11_858,8.0,-13.0,-2.0,0.0,-5.0,-2.0,-3.0,0.0,0.9609375,-0.17041015625,0.18896484375,13.963414634146343,-12.560975609756099,-5.365853658536586
11_36_11_858,-8.0,5.0,-4.0,-4.0,0.0,0.0,1.0,-3.0,0.9638671875,-0.1962890625,0.19091796875,11.76829268292683,-10.853658536585368,-6.097560975609756
11_36_11_858,4.0,3.0,-2.0,1.0,-2.0,-2.0,2.0,4.0,0.9580078125,-0.20166015625,0.18115234375,9.695121951219512,-8.536585365853659,-5.670731707317073
11_36_11_858,-3.0,6.0,6.0,4.0,3.0,-2.0,-2.0,0.0,0.95458984375,-0.19873046875,0.1826171875,7.682926829268293,-5.609756097560976,-5.3048780487804885
11_36_11_858,-1.0,-4.0,1.0,-2.0,1.0,-2.0,-12.0,-13.0,0.95068359375,-0.21142578125,0.17041015625,5.914634146341464,-3.048780487804878,-4.390243902439025
11_36_11_858,5.0,-3.0,-5.0,0.0,-3.0,1.0,9.0,27.0,0.9501953125,-0.2099609375,0.16552734375,4.451219512195122,-0.7317073170731708,-3.5975609756097566
11_36_11_858,-2.0,1.0,1.0,0.0,-3.0,-1.0,-1.0,-12.0,0.94287109375,-0.201171875,0.16064453125,4.390243902439025,1.829268292682927,-2.378048780487805
11_36_11_907,0.0,3.0,2.0,0.0,2.0,-3.0,-27.0,3.0,0.96630859375,-0.1396484375,0.21630859375,32.86585365853659,-11.76829268292683,5.731707317073171
11_36_11_907,5.0,-2.0,-4.0,-2.0,1.0,-2.0,7.0,0.0,0.96240234375,-0.15771484375,0.21630859375,28.963414634146343,-12.865853658536587,4.207317073170732
11_36_11_907,0.0,3.0,2.0,-1.0,-1.0,0.0,1.0,2.0,0.95068359375,-0.1513671875,0.1962890625,23.231707317073173,-13.963414634146343,1.9512195121951221
11_36_11_907,6.0,-1.0,-1.0,3.0,2.0,-2.0,5.0,3.0,0.94189453125,-0.14404296875,0.185546875,18.475609756097562,-14.939024390243905,-0.6707317073170732
11_36_11_907,-36.0,-8.0,-4.0,-2.0,1.0,-3.0,-8.0,-9.0,0.947265625,-0.14990234375,0.1865234375,16.34146341463415,-13.597560975609758,-3.4756097560975614
11_36_11_907,13.0,2.0,1.0,0.0,4.0,-1.0,9.0,0.0,0.9609375,-0.17041015625,0.18896484375,13.963414634146343,-12.560975609756099,-5.365853658536586
11_36_11_907,-2.0,0.0,-2.0,-1.0,0.0,0.0,4.0,-1.0,0.9638671875,-0.1962890625,0.19091796875,11.76829268292683,-10.853658536585368,-6.097560975609756
11_36_11_907,-6.0,0.0,-2.0,-1.0,-1.0,0.0,-6.0,-2.0,0.9580078125,-0.20166015625,0.18115234375,9.695121951219512,-8.536585365853659,-5.670731707317073
11_36_11_907,54.0,3.0,0.0,-1.0,-2.0,0.0,-9.0,-6.0,0.95458984375,-0.19873046875,0.1826171875,7.682926829268293,-5.609756097560976,-5.3048780487804885
11_36_11_907,-12.0,-5.0,-1.0,-6.0,-3.0,-7.0,-4.0,-4.0,0.95068359375,-0.21142578125,0.17041015625,5.914634146341464,-3.048780487804878,-4.390243902439025
11_36_11_962,1.0,-1.0,-1.0,-1.0,-1.0,1.0,2.0,-2.0,0.94091796875,-0.1474609375,0.22607421875,34.451219512195124,-12.500000000000002,5.609756097560976
11_36_11_962,-5.0,-1.0,-3.0,3.0,1.0,-1.0,-3.0,7.0,0.96630859375,-0.1396484375,0.21630859375,32.86585365853659,-11.76829268292683,5.731707317073171
11_36_11_962,-2.0,-3.0,-2.0,-1.0,-1.0,0.0,2.0,6.0,0.96240234375,-0.15771484375,0.21630859375,28.963414634146343,-12.865853658536587,4.207317073170732
11_36_11_962,-3.0,3.0,1.0,-2.0,1.0,-2.0,-5.0,-1.0,0.95068359375,-0.1513671875,0.1962890625,23.231707317073173,-13.963414634146343,1.9512195121951221
11_36_11_962,12.0,-1.0,4.0,1.0,-6.0,1.0,4.0,-4.0,0.94189453125,-0.14404296875,0.185546875,18.475609756097562,-14.939024390243905,-0.6707317073170732
11_36_11_962,5.0,-5.0,-4.0,0.0,2.0,-2.0,-3.0,3.0,0.947265625,-0.14990234375,0.1865234375,16.34146341463415,-13.597560975609758,-3.4756097560975614
11_36_11_962,-4.0,-4.0,-5.0,-5.0,-3.0,-5.0,-9.0,-11.0,0.9609375,-0.17041015625,0.18896484375,13.963414634146343,-12.560975609756099,-5.365853658536586
11_36_11_962,0.0,3.0,2.0,0.0,2.0,-3.0,-27.0,3.0,0.9638671875,-0.1962890625,0.19091796875,11.76829268292683,-10.853658536585368,-6.097560975609756
11_36_11_962,5.0,-2.0,-4.0,-2.0,1.0,-2.0,7.0,0.0,0.9580078125,-0.20166015625,0.18115234375,9.695121951219512,-8.536585365853659,-5.670731707317073
11_36_12_007,-2.0,0.0,3.0,0.0,0.0,-4.0,-1.0,4.0,0.90185546875,-0.17333984375,0.201171875,42.6829268292683,-17.926829268292686,7.500000000000001
11_36_12_007,-4.0,-3.0,-4.0,-3.0,-1.0,-1.0,0.0,-2.0,0.9150390625,-0.1669921875,0.2080078125,41.707317073170735,-16.646341463414636,6.829268292682928
11_36_12_007,1.0,3.0,-1.0,-3.0,-3.0,-2.0,-1.0,-2.0,0.931640625,-0.15380859375,0.20556640625,39.451219512195124,-14.756097560975611,5.182926829268293
11_36_12_007,0.0,2.0,-1.0,-3.0,-3.0,2.0,0.0,0.0,0.94091796875,-0.1474609375,0.22607421875,34.451219512195124,-12.500000000000002,5.609756097560976
11_36_12_007,1.0,1.0,-1.0,0.0,2.0,-2.0,0.0,0.0,0.96630859375,-0.1396484375,0.21630859375,32.86585365853659,-11.76829268292683,5.731707317073171
11_36_12_007,-3.0,-1.0,2.0,-1.0,-3.0,0.0,-4.0,-4.0,0.96240234375,-0.15771484375,0.21630859375,28.963414634146343,-12.865853658536587,4.207317073170732
11_36_12_007,-2.0,-1.0,-1.0,1.0,-3.0,-2.0,-1.0,-2.0,0.95068359375,-0.1513671875,0.1962890625,23.231707317073173,-13.963414634146343,1.9512195121951221
11_36_12_007,-5.0,-2.0,-1.0,-3.0,-2.0,1.0,-5.0,-2.0,0.94189453125,-0.14404296875,0.185546875,18.475609756097562,-14.939024390243905,-0.6707317073170732
11_36_12_058,-4.0,-3.0,-1.0,1.0,1.0,-2.0,-1.0,0.0,0.931640625,-0.1279296875,0.17578125,31.03658536585366,-20.79268292682927,0.9146341463414634
11_36_12_058,-1.0,-3.0,1.0,-4.0,-1.0,1.0,3.0,-1.0,0.91259765625,-0.16015625,0.16015625,38.71951219512196,-21.28048780487805,2.3170731707317076
11_36_12_058,1.0,-1.0,-2.0,-5.0,-2.0,0.0,2.0,1.0,0.89892578125,-0.1826171875,0.173828125,41.15853658536586,-21.28048780487805,4.146341463414634
11_36_12_058,-3.0,-1.0,0.0,0.0,1.0,-4.0,1.0,-2.0,0.8994140625,-0.17626953125,0.18798828125,42.37804878048781,-19.634146341463417,6.158536585365854
11_36_12_058,-1.0,-2.0,3.0,1.0,-1.0,0.0,1.0,1.0,0.90185546875,-0.17333984375,0.201171875,42.6829268292683,-17.926829268292686,7.500000000000001
11_36_12_058,-11.0,-1.0,0.0,-2.0,-6.0,1.0,-2.0,0.0,0.9150390625,-0.1669921875,0.2080078125,41.707317073170735,-16.646341463414636,6.829268292682928
11_36_12_058,1.0,0.0,2.0,-3.0,2.0,0.0,-1.0,1.0,0.931640625,-0.15380859375,0.20556640625,39.451219512195124,-14.756097560975611,5.182926829268293
11_36_12_058,-3.0,-2.0,-1.0,-1.0,-1.0,-1.0,0.0,-1.0,0.94091796875,-0.1474609375,0.22607421875,34.451219512195124,-12.500000000000002,5.609756097560976
11_36_12_058,-3.0,-5.0,-2.0,-2.0,-2.0,-2.0,-1.0,-2.0,0.96630859375,-0.1396484375,0.21630859375,32.86585365853659,-11.76829268292683,5.731707317073171
11_36_12_058,-2.0,0.0,-1.0,0.0,-3.0,-2.0,2.0,-1.0,0.96240234375,-0.15771484375,0.21630859375,28.963414634146343,-12.865853658536587,4.207317073170732
11_36_12_113,-2.0,1.0,1.0,-3.0,-5.0,1.0,-2.0,-7.0,0.9443359375,-0.11083984375,0.18701171875,19.81707317073171,-20.54878048780488,-0.7317073170731708
11_36_12_113,1.0,-2.0,0.0,0.0,-1.0,0.0,-1.0,1.0,0.931640625,-0.1279296875,0.17578125,31.03658536585366,-20.79268292682927,0.9146341463414634
11_36_12_113,5.0,4.0,-3.0,-1.0,2.0,-1.0,-1.0,1.0,0.91259765625,-0.16015625,0.16015625,38.71951219512196,-21.28048780487805,2.3170731707317076
11_36_12_113,-4.0,-3.0,-1.0,1.0,1.0,-2.0,-1.0,0.0,0.89892578125,-0.1826171875,0.173828125,41.15853658536586,-21.28048780487805,4.146341463414634
11_36_12_113,-1.0,-3.0,1.0,-4.0,-1.0,1.0,3.0,-1.0,0.8994140625,-0.17626953125,0.18798828125,42.37804878048781,-19.634146341463417,6.158536585365854
11_36_12_113,1.0,-1.0,-2.0,-5.0,-2.0,0.0,2.0,1.0,0.90185546875,-0.17333984375,0.201171875,42.6829268292683,-17.926829268292686,7.500000000000001
11_36_12_113,-3.0,-1.0,0.0,0.0,1.0,-4.0,1.0,-2.0,0.9150390625,-0.1669921875,0.2080078125,41.707317073170735,-16.646341463414636,6.829268292682928
11_36_12_113,-1.0,-2.0,3.0,1.0,-1.0,0.0,1.0,1.0,0.931640625,-0.15380859375,0.20556640625,39.451219512195124,-14.756097560975611,5.182926829268293
11_36_12_113,-11.0,-1.0,0.0,-2.0,-6.0,1.0,-2.0,0.0,0.94091796875,-0.1474609375,0.22607421875,34.451219512195124,-12.500000000000002,5.609756097560976
11_36_12_164,2.0,-5.0,-2.0,-3.0,1.0,-1.0,1.0,-5.0,1.00732421875,-0.0654296875,0.25390625,0.1829268292682927,-13.170731707317074,1.0975609756097562
11_36_12_164,-3.0,2.0,2.0,0.0,-2.0,2.0,0.0,1.0,1.00732421875,-0.08447265625,0.2265625,-0.48780487804878053,-16.951219512195124,-1.829268292682927
11_36_12_164,-2.0,-1.0,0.0,-4.0,-2.0,-4.0,0.0,2.0,0.99951171875,-0.09765625,0.21240234375,2.8658536585365857,-19.02439024390244,-2.378048780487805
11_36_12_164,-2.0,1.0,-1.0,0.0,-5.0,2.0,-4.0,2.0,0.97705078125,-0.1083984375,0.19921875,9.573170731707318,-20.670731707317074,-2.073170731707317
11_36_12_164,-3.0,-1.0,-4.0,1.0,0.0,-3.0,1.0,-3.0,0.9443359375,-0.11083984375,0.18701171875,19.81707317073171,-20.54878048780488,-0.7317073170731708
11_36_12_164,-7.0,1.0,1.0,0.0,0.0,-1.0,-5.0,-1.0,0.931640625,-0.1279296875,0.17578125,31.03658536585366,-20.79268292682927,0.9146341463414634
11_36_12_164,6.0,0.0,-1.0,-4.0,-1.0,-3.0,2.0,-3.0,0.91259765625,-0.16015625,0.16015625,38.71951219512196,-21.28048780487805,2.3170731707317076
11_36_12_164,1.0,3.0,-2.0,-1.0,-2.0,1.0,-1.0,3.0,0.89892578125,-0.1826171875,0.173828125,41.15853658536586,-21.28048780487805,4.146341463414634
11_36_12_164,-4.0,-5.0,-4.0,-3.0,-3.0,0.0,2.0,-3.0,0.8994140625,-0.17626953125,0.18798828125,42.37804878048781,-19.634146341463417,6.158536585365854
11_36_12_164,26.0,0.0,3.0,2.0,1.0,0.0,-1.0,4.0,0.90185546875,-0.17333984375,0.201171875,42.6829268292683,-17.926829268292686,7.500000000000001
11_36_12_208,0.0,-4.0,-5.0,2.0,-1.0,-2.0,2.0,-3.0,1.00732421875,-0.08447265625,0.2265625,-0.48780487804878053,-16.951219512195124,-1.829268292682927
11_36_12_208,4.0,2.0,2.0,0.0,0.0,-2.0,-1.0,0.0,0.99951171875,-0.09765625,0.21240234375,2.8658536585365857,-19.02439024390244,-2.378048780487805
11_36_12_208,-2.0,1.0,2.0,-2.0,-1.0,-1.0,1.0,-2.0,0.97705078125,-0.1083984375,0.19921875,9.573170731707318,-20.670731707317074,-2.073170731707317
11_36_12_208,-1.0,1.0,-1.0,-2.0,1.0,2.0,-1.0,-1.0,0.9443359375,-0.11083984375,0.18701171875,19.81707317073171,-20.54878048780488,-0.7317073170731708
11_36_12_208,0.0,-1.0,0.0,-1.0,-5.0,-3.0,-2.0,-3.0,0.931640625,-0.1279296875,0.17578125,31.03658536585366,-20.79268292682927,0.9146341463414634
11_36_12_208,-1.0,-2.0,-3.0,-2.0,1.0,-3.0,-2.0,-1.0,0.91259765625,-0.16015625,0.16015625,38.71951219512196,-21.28048780487805,2.3170731707317076
11_36_12_260,8.0,-2.0,-2.0,-1.0,-3.0,1.0,-5.0,2.0,1.0126953125,-0.0947265625,0.29345703125,22.378048780487806,-14.146341463414636,8.109756097560977
11_36_12_260,-5.0,-1.0,-3.0,-2.0,-1.0,-2.0,7.0,-2.0,1.01708984375,-0.09521484375,0.28759765625,9.329268292682928,-12.926829268292684,7.01219512195122
11_36_12_260,4.0,3.0,-2.0,-1.0,1.0,0.0,-5.0,-1.0,1.01513671875,-0.07666015625,0.27197265625,2.073170731707317,-11.890243902439025,5.060975609756098
11_36_12_260,1.0,-3.0,1.0,0.0,-1.0,-2.0,-8.0,2.0,1.00927734375,-0.05078125,0.2734375,0.6097560975609757,-11.28048780487805,3.414634146341464
11_36_12_260,7.0,-2.0,1.0,-1.0,0.0,-3.0,-1.0,-10.0,1.00732421875,-0.0654296875,0.25390625,0.1829268292682927,-13.170731707317074,1.0975609756097562
11_36_12_260,-16.0,-4.0,-5.0,-2.0,2.0,-1.0,-24.0,-10.0,1.00732421875,-0.08447265625,0.2265625,-0.48780487804878053,-16.951219512195124,-1.829268292682927
11_36_12_260,-2.0,0.0,-6.0,0.0,-2.0,0.0,4.0,-3.0,0.99951171875,-0.09765625,0.21240234375,2.8658536585365857,-19.02439024390244,-2.378048780487805
11_36_12_260,4.0,-3.0,1.0,-1.0,0.0,2.0,2.0,1.0,0.97705078125,-0.1083984375,0.19921875,9.573170731707318,-20.670731707317074,-2.073170731707317
11_36_12_260,-3.0,-1.0,-4.0,-3.0,-1.0,0.0,-1.0,-3.0,0.9443359375,-0.11083984375,0.18701171875,19.81707317073171,-20.54878048780488,-0.7317073170731708
11_36_12_313,7.0,-2.0,-3.0,0.0,-1.0,-2.0,0.0,-6.0,0.98779296875,-0.0576171875,0.31201171875,42.19512195121951,-12.926829268292684,5.914634146341464
11_36_12_313,-2.0,-2.0,-3.0,-2.0,-3.0,2.0,2.0,0.0,0.9970703125,-0.0771484375,0.30322265625,34.32926829268293,-14.573170731707318,8.597560975609756
11_36_12_313,1.0,-3.0,2.0,0.0,-1.0,0.0,4.0,0.0,1.0126953125,-0.0947265625,0.29345703125,22.378048780487806,-14.146341463414636,8.109756097560977
11_36_12_313,-3.0,-4.0,-2.0,-1.0,-3.0,1.0,-2.0,0.0,1.01708984375,-0.09521484375,0.28759765625,9.329268292682928,-12.926829268292684,7.01219512195122
11_36_12_313,1.0,1.0,-1.0,1.0,0.0,-1.0,2.0,-4.0,1.01513671875,-0.07666015625,0.27197265625,2.073170731707317,-11.890243902439025,5.060975609756098
11_36_12_313,0.0,6.0,0.0,0.0,3.0,-2.0,-6.0,5.0,1.00927734375,-0.05078125,0.2734375,0.6097560975609757,-11.28048780487805,3.414634146341464
11_36_12_313,-2.0,0.0,-1.0,-2.0,-1.0,0.0,-4.0,-22.0,1.00732421875,-0.0654296875,0.25390625,0.1829268292682927,-13.170731707317074,1.0975609756097562
11_36_12_313,14.0,-1.0,-3.0,-3.0,-4.0,0.0,1.0,17.0,1.00732421875,-0.08447265625,0.2265625,-0.48780487804878053,-16.951219512195124,-1.829268292682927
11_36_12_368,-2.0,-2.0,0.0,1.0,1.0,1.0,-2.0,0.0,0.99658203125,-0.01513671875,0.28076171875,16.646341463414636,-6.585365853658537,-2.804878048780488
11_36_12_368,0.0,-3.0,-2.0,-2.0,-1.0,1.0,0.0,-4.0,1.00634765625,-0.01318359375,0.30615234375,32.19512195121951,-7.439024390243903,-0.7317073170731708
11_36_12_368,-1.0,-5.0,-5.0,0.0,-2.0,-1.0,1.0,1.0,1.00048828125,-0.03125,0.31591796875,42.25609756097561,-10.182926829268293,1.8902439024390245
11_36_12_368,-1.0,-1.0,1.0,-3.0,-2.0,2.0,0.0,0.0,0.98779296875,-0.0576171875,0.31201171875,42.19512195121951,-12.926829268292684,5.914634146341464
11_36_12_368,3.0,-1.0,-1.0,-1.0,0.0,-2.0,3.0,3.0,0.9970703125,-0.0771484375,0.30322265625,34.32926829268293,-14.573170731707318,8.597560975609756
11_36_12_368,-5.0,0.0,-4.0,-3.0,0.0,-3.0,11.0,1.0,1.0126953125,-0.0947265625,0.29345703125,22.378048780487806,-14.146341463414636,8.109756097560977
11_36_12_368,7.0,-2.0,-3.0,0.0,-1.0,-2.0,0.0,-6.0,1.01708984375,-0.09521484375,0.28759765625,9.329268292682928,-12.926829268292684,7.01219512195122
11_36_12_368,-2.0,-2.0,-3.0,-2.0,-3.0,2.0,2.0,0.0,1.01513671875,-0.07666015625,0.27197265625,2.073170731707317,-11.890243902439025,5.060975609756098
11_36_12_368,1.0,-3.0,2.0,0.0,-1.0,0.0,4.0,0.0,1.00927734375,-0.05078125,0.2734375,0.6097560975609757,-11.28048780487805,3.414634146341464
11_36_12_368,-3.0,-4.0,-2.0,-1.0,-3.0,1.0,-2.0,0.0,1.00732421875,-0.0654296875,0.25390625,0.1829268292682927,-13.170731707317074,1.0975609756097562
11_36_12_409,-1.0,0.0,0.0,-1.0,1.0,0.0,-1.0,1.0,0.93310546875,-0.0791015625,0.24853515625,5.3048780487804885,-1.7682926829268295,-4.75609756097561
11_36_12_409,-2.0,1.0,1.0,4.0,-1.0,1.0,-3.0,3.0,0.96875,-0.0478515625,0.265625,5.487804878048781,-5.0,-3.4756097560975614
11_36_12_409,-3.0,-3.0,-1.0,-4.0,-5.0,-2.0,0.0,-2.0,0.99658203125,-0.01513671875,0.28076171875,16.646341463414636,-6.585365853658537,-2.804878048780488
11_36_12_409,-1.0,-2.0,0.0,-4.0,-4.0,-1.0,0.0,-2.0,1.00634765625,-0.01318359375,0.30615234375,32.19512195121951,-7.439024390243903,-0.7317073170731708
11_36_12_409,0.0,-1.0,-2.0,-1.0,-2.0,4.0,0.0,-1.0,1.00048828125,-0.03125,0.31591796875,42.25609756097561,-10.182926829268293,1.8902439024390245
11_36_12_409,-1.0,0.0,-4.0,0.0,0.0,-2.0,-1.0,0.0,0.98779296875,-0.0576171875,0.31201171875,42.19512195121951,-12.926829268292684,5.914634146341464
11_36_12_409,-4.0,-3.0,1.0,1.0,-1.0,-3.0,1.0,-2.0,0.9970703125,-0.0771484375,0.30322265625,34.32926829268293,-14.573170731707318,8.597560975609756
11_36_12_409,1.0,-1.0,-3.0,2.0,1.0,2.0,0.0,6.0,1.0126953125,-0.0947265625,0.29345703125,22.378048780487806,-14.146341463414636,8.109756097560977
11_36_12_409,-1.0,2.0,0.0,1.0,-3.0,0.0,-2.0,-1.0,1.01708984375,-0.09521484375,0.28759765625,9.329268292682928,-12.926829268292684,7.01219512195122
11_36_12_466,-1.0,-3.0,-2.0,-1.0,1.0,-1.0,-1.0,-3.0,0.9189453125,-0.0498046875,0.2158203125,-4.390243902439025,10.30487804878049,-5.182926829268293
11_36_12_466,-1.0,2.0,-4.0,-2.0,-1.0,1.0,-1.0,-1.0,0.9169921875,-0.041015625,0.2314453125,6.219512195121951,8.536585365853659,-5.731707317073171
11_36_12_466,-1.0,-2.0,-4.0,1.0,-3.0,-1.0,0.0,1.0,0.916015625,-0.0634765625,0.2470703125,12.073170731707318,6.219512195121951,-6.158536585365854
11_36_12_466,1.0,-4.0,-3.0,1.0,-1.0,-4.0,0.0,-2.0,0.9169921875,-0.08544921875,0.25439453125,10.30487804878049,2.3170731707317076,-5.487804878048781
11_36_12_466,-1.0,-1.0,-2.0,0.0,-1.0,0.0,-1.0,2.0,0.93310546875,-0.0791015625,0.24853515625,5.3048780487804885,-1.7682926829268295,-4.75609756097561
11_36_12_466,-1.0,-1.0,-1.0,-3.0,0.0,3.0,-1.0,-4.0,0.96875,-0.0478515625,0.265625,5.487804878048781,-5.0,-3.4756097560975614
11_36_12_466,0.0,-1.0,-3.0,0.0,-2.0,-3.0,0.0,-2.0,0.99658203125,-0.01513671875,0.28076171875,16.646341463414636,-6.585365853658537,-2.804878048780488
11_36_12_466,1.0,3.0,-2.0,-2.0,2.0,-2.0,0.0,1.0,1.00634765625,-0.01318359375,0.30615234375,32.19512195121951,-7.439024390243903,-0.7317073170731708
11_36_12_466,1.0,-3.0,-2.0,2.0,-1.0,2.0,-7.0,-5.0,1.00048828125,-0.03125,0.31591796875,42.25609756097561,-10.182926829268293,1.8902439024390245
11_36_12_466,-2.0,2.0,3.0,0.0,0.0,1.0,-4.0,-1.0,0.98779296875,-0.0576171875,0.31201171875,42.19512195121951,-12.926829268292684,5.914634146341464
11_36_12_516,-1.0,-3.0,1.0,1.0,3.0,-2.0,0.0,0.0,0.9443359375,-0.09033203125,0.150390625,-24.26829268292683,10.30487804878049,-3.536585365853659
11_36_12_516,-3.0,-1.0,0.0,-2.0,-4.0,-1.0,-2.0,0.0,0.92724609375,-0.076171875,0.16943359375,-20.853658536585368,11.402439024390246,-4.207317073170732
11_36_12_516,0.0,0.0,-3.0,-1.0,-1.0,1.0,-1.0,1.0,0.92919921875,-0.0673828125,0.19189453125,-14.451219512195124,11.463414634146343,-5.182926829268293
11_36_12_516,1.0,-4.0,-2.0,-4.0,-3.0,-3.0,2.0,0.0,0.9189453125,-0.0498046875,0.2158203125,-4.390243902439025,10.30487804878049,-5.182926829268293
11_36_12_516,0.0,1.0,-2.0,1.0,-3.0,-3.0,-4.0,1.0,0.9169921875,-0.041015625,0.2314453125,6.219512195121951,8.536585365853659,-5.731707317073171
11_36_12_516,-34.0,-3.0,-4.0,-1.0,-3.0,-1.0,0.0,-11.0,0.916015625,-0.0634765625,0.2470703125,12.073170731707318,6.219512195121951,-6.158536585365854
11_36_12_516,8.0,3.0,-1.0,-1.0,-3.0,-1.0,-3.0,3.0,0.9169921875,-0.08544921875,0.25439453125,10.30487804878049,2.3170731707317076,-5.487804878048781
11_36_12_516,-1.0,0.0,-1.0,2.0,-3.0,2.0,3.0,0.0,0.93310546875,-0.0791015625,0.24853515625,5.3048780487804885,-1.7682926829268295,-4.75609756097561
11_36_12_516,2.0,0.0,1.0,-2.0,-4.0,-1.0,-3.0,3.0,0.96875,-0.0478515625,0.265625,5.487804878048781,-5.0,-3.4756097560975614
11_36_12_516,5.0,1.0,0.0,-2.0,-1.0,1.0,-2.0,-2.0,0.99658203125,-0.01513671875,0.28076171875,16.646341463414636,-6.585365853658537,-2.804878048780488
11_36_12_565,2.0,-1.0,0.0,-3.0,-3.0,-1.0,0.0,4.0,0.9638671875,-0.1005859375,0.14111328125,-24.146341463414636,10.365853658536587,-3.231707317073171
11_36_12_565,-1.0,-4.0,0.0,0.0,1.0,0.0,-1.0,-1.0,0.9443359375,-0.09033203125,0.150390625,-24.26829268292683,10.30487804878049,-3.536585365853659
11_36_12_565,-2.0,1.0,-3.0,-1.0,-2.0,1.0,-1.0,-2.0,0.92724609375,-0.076171875,0.16943359375,-20.853658536585368,11.402439024390246,-4.207317073170732
11_36_12_565,-2.0,-1.0,2.0,1.0,1.0,0.0,-3.0,-3.0,0.92919921875,-0.0673828125,0.19189453125,-14.451219512195124,11.463414634146343,-5.182926829268293
11_36_12_565,0.0,-2.0,1.0,-2.0,1.0,-1.0,-2.0,2.0,0.9189453125,-0.0498046875,0.2158203125,-4.390243902439025,10.30487804878049,-5.182926829268293
11_36_12_565,1.0,-1.0,0.0,-1.0,-4.0,1.0,0.0,0.0,0.9169921875,-0.041015625,0.2314453125,6.219512195121951,8.536585365853659,-5.731707317073171
11_36_12_565,-2.0,-4.0,0.0,2.0,-2.0,-2.0,1.0,1.0,0.916015625,-0.0634765625,0.2470703125,12.073170731707318,6.219512195121951,-6.158536585365854
11_36_12_565,-1.0,-3.0,1.0,1.0,3.0,-2.0,0.0,0.0,0.9169921875,-0.08544921875,0.25439453125,10.30487804878049,2.3170731707317076,-5.487804878048781
11_36_12_565,-3.0,-1.0,0.0,-2.0,-4.0,-1.0,-2.0,0.0,0.93310546875,-0.0791015625,0.24853515625,5.3048780487804885,-1.7682926829268295,-4.75609756097561
11_36_12_619,0.0,-2.0,-4.0,0.0,0.0,0.0,-3.0,1.0,0.95556640625,-0.119140625,0.1591796875,-21.890243902439025,8.963414634146343,7.01219512195122
11_36_12_619,-2.0,-1.0,-2.0,0.0,-3.0,-1.0,1.0,-3.0,0.966796875,-0.107421875,0.142578125,-22.80487804878049,9.878048780487806,3.2926829268292686
11_36_12_619,0.0,0.0,1.0,0.0,1.0,0.0,-4.0,0.0,0.96875,-0.103515625,0.13427734375,-23.658536585365855,10.060975609756099,-0.48780487804878053
11_36_12_619,0.0,0.0,2.0,2.0,-1.0,1.0,4.0,-1.0,0.9638671875,-0.1005859375,0.14111328125,-24.146341463414636,10.365853658536587,-3.231707317073171
11_36_12_619,0.0,0.0,-1.0,-2.0,-2.0,-1.0,0.0,-1.0,0.9443359375,-0.09033203125,0.150390625,-24.26829268292683,10.30487804878049,-3.536585365853659
11_36_12_619,-1.0,-1.0,0.0,2.0,-2.0,-3.0,-1.0,0.0,0.92724609375,-0.076171875,0.16943359375,-20.853658536585368,11.402439024390246,-4.207317073170732
11_36_12_619,-1.0,1.0,-1.0,-2.0,-1.0,0.0,-3.0,1.0,0.92919921875,-0.0673828125,0.19189453125,-14.451219512195124,11.463414634146343,-5.182926829268293
11_36_12_619,1.0,-3.0,-4.0,-1.0,-2.0,1.0,-2.0,0.0,0.9189453125,-0.0498046875,0.2158203125,-4.390243902439025,10.30487804878049,-5.182926829268293
11_36_12_619,1.0,-1.0,2.0,0.0,-4.0,-2.0,-7.0,0.0,0.9169921875,-0.041015625,0.2314453125,6.219512195121951,8.536585365853659,-5.731707317073171
11_36_12_619,0.0,-1.0,-4.0,0.0,-3.0,-3.0,-2.0,-1.0,0.916015625,-0.0634765625,0.2470703125,12.073170731707318,6.219512195121951,-6.158536585365854
11_36_12_670,4.0,0.0,0.0,0.0,0.0,-1.0,1.0,-4.0,0.95263671875,-0.18798828125,0.17578125,-11.28048780487805,3.7195121951219514,8.048780487804878
11_36_12_670,4.0,-4.0,-2.0,0.0,-1.0,-2.0,-4.0,-3.0,0.962890625,-0.173828125,0.1689453125,-17.804878048780488,4.878048780487806,8.414634146341465
11_36_12_670,0.0,-1.0,1.0,-1.0,-5.0,0.0,0.0,-2.0,0.96875,-0.14208984375,0.1640625,-21.28048780487805,7.134146341463415,8.231707317073171
11_36_12_670,-1.0,0.0,-5.0,0.0,2.0,1.0,-2.0,2.0,0.95556640625,-0.119140625,0.1591796875,-21.890243902439025,8.963414634146343,7.01219512195122
11_36_12_670,-1.0,1.0,1.0,1.0,-1.0,-1.0,-6.0,1.0,0.966796875,-0.107421875,0.142578125,-22.80487804878049,9.878048780487806,3.2926829268292686
11_36_12_670,3.0,-1.0,-2.0,1.0,-3.0,2.0,1.0,-4.0,0.96875,-0.103515625,0.13427734375,-23.658536585365855,10.060975609756099,-0.48780487804878053
11_36_12_670,1.0,2.0,2.0,-1.0,1.0,0.0,0.0,-2.0,0.9638671875,-0.1005859375,0.14111328125,-24.146341463414636,10.365853658536587,-3.231707317073171
11_36_12_670,1.0,-4.0,2.0,0.0,1.0,-1.0,0.0,-1.0,0.9443359375,-0.09033203125,0.150390625,-24.26829268292683,10.30487804878049,-3.536585365853659
11_36_12_670,-1.0,-2.0,0.0,0.0,0.0,0.0,-3.0,-2.0,0.92724609375,-0.076171875,0.16943359375,-20.853658536585368,11.402439024390246,-4.207317073170732
11_36_12_670,3.0,-1.0,0.0,-3.0,-4.0,0.0,0.0,0.0,0.92919921875,-0.0673828125,0.19189453125,-14.451219512195124,11.463414634146343,-5.182926829268293
11_36_12_717,-2.0,0.0,-1.0,0.0,1.0,-1.0,-1.0,-4.0,0.9287109375,-0.154296875,0.18115234375,-6.036585365853659,3.4756097560975614,5.853658536585367
11_36_12_717,0.0,-1.0,-5.0,-5.0,-1.0,-2.0,-1.0,-1.0,0.93798828125,-0.17431640625,0.181640625,-6.646341463414635,3.5975609756097566,7.317073170731708
11_36_12_717,-1.0,1.0,0.0,0.0,3.0,0.0,2.0,-4.0,0.95263671875,-0.18798828125,0.17578125,-11.28048780487805,3.7195121951219514,8.048780487804878
11_36_12_717,0.0,-2.0,1.0,1.0,0.0,-2.0,-3.0,-4.0,0.962890625,-0.173828125,0.1689453125,-17.804878048780488,4.878048780487806,8.414634146341465
11_36_12_717,-2.0,-5.0,0.0,-2.0,0.0,-4.0,-3.0,-1.0,0.96875,-0.14208984375,0.1640625,-21.28048780487805,7.134146341463415,8.231707317073171
11_36_12_717,0.0,-3.0,-5.0,1.0,0.0,0.0,0.0,-2.0,0.95556640625,-0.119140625,0.1591796875,-21.890243902439025,8.963414634146343,7.01219512195122
11_36_12_717,0.0,0.0,-4.0,-1.0,-2.0,-3.0,2.0,-1.0,0.966796875,-0.107421875,0.142578125,-22.80487804878049,9.878048780487806,3.2926829268292686
11_36_12_717,-2.0,0.0,3.0,-1.0,-1.0,3.0,-4.0,-3.0,0.96875,-0.103515625,0.13427734375,-23.658536585365855,10.060975609756099,-0.48780487804878053
11_36_12_717,-3.0,-1.0,-2.0,-2.0,0.0,-2.0,3.0,-1.0,0.9638671875,-0.1005859375,0.14111328125,-24.146341463414636,10.365853658536587,-3.231707317073171
11_36_12_770,1.0,-2.0,-6.0,0.0,0.0,-1.0,-2.0,1.0,0.92236328125,-0.1494140625,0.1728515625,-9.390243902439025,3.048780487804878,3.9024390243902443
11_36_12_770,-1.0,-2.0,1.0,-1.0,3.0,-2.0,0.0,-4.0,0.9287109375,-0.154296875,0.18115234375,-6.036585365853659,3.4756097560975614,5.853658536585367
11_36_12_770,-2.0,-3.0,-1.0,1.0,-2.0,-2.0,0.0,-2.0,0.93798828125,-0.17431640625,0.181640625,-6.646341463414635,3.5975609756097566,7.317073170731708
11_36_12_770,0.0,-1.0,-4.0,-4.0,-4.0,-4.0,-3.0,-1.0,0.95263671875,-0.18798828125,0.17578125,-11.28048780487805,3.7195121951219514,8.048780487804878
11_36_12_770,1.0,1.0,0.0,-5.0,-3.0,0.0,1.0,-5.0,0.962890625,-0.173828125,0.1689453125,-17.804878048780488,4.878048780487806,8.414634146341465
11_36_12_770,-1.0,1.0,0.0,1.0,-3.0,-4.0,-2.0,-1.0,0.96875,-0.14208984375,0.1640625,-21.28048780487805,7.134146341463415,8.231707317073171
11_36_12_770,-2.0,0.0,-1.0,0.0,1.0,-1.0,-1.0,-4.0,0.95556640625,-0.119140625,0.1591796875,-21.890243902439025,8.963414634146343,7.01219512195122
11_36_12_770,0.0,-1.0,-5.0,-5.0,-1.0,-2.0,-1.0,-1.0,0.966796875,-0.107421875,0.142578125,-22.80487804878049,9.878048780487806,3.2926829268292686
11_36_12_770,-1.0,1.0,0.0,0.0,3.0,0.0,2.0,-4.0,0.96875,-0.103515625,0.13427734375,-23.658536585365855,10.060975609756099,-0.48780487804878053
11_36_12_817,1.0,-4.0,0.0,-1.0,1.0,-3.0,5.0,-1.0,0.97900390625,-0.1396484375,0.1943359375,-16.03658536585366,-3.1097560975609757,-4.75609756097561
11_36_12_817,0.0,-1.0,0.0,-2.0,-2.0,-1.0,2.0,0.0,0.96923828125,-0.16455078125,0.18505859375,-15.365853658536587,-1.7682926829268295,-3.9024390243902443
11_36_12_817,-1.0,1.0,0.0,1.0,-1.0,0.0,-3.0,-2.0,0.96630859375,-0.1748046875,0.17626953125,-16.097560975609756,-0.3658536585365854,-2.439024390243903
11_36_12_817,-4.0,-1.0,0.0,-1.0,1.0,0.0,2.0,-1.0,0.9482421875,-0.17626953125,0.16455078125,-16.52439024390244,0.3658536585365854,-0.5487804878048781
11_36_12_817,-1.0,-3.0,-2.0,4.0,0.0,-2.0,2.0,-2.0,0.92919921875,-0.1611328125,0.16748046875,-13.719512195121952,1.707317073170732,1.8902439024390245
11_36_12_817,0.0,1.0,0.0,-2.0,2.0,-1.0,-3.0,-1.0,0.92236328125,-0.1494140625,0.1728515625,-9.390243902439025,3.048780487804878,3.9024390243902443
11_36_12_817,-4.0,1.0,-3.0,-1.0,-2.0,-1.0,-2.0,0.0,0.9287109375,-0.154296875,0.18115234375,-6.036585365853659,3.4756097560975614,5.853658536585367
11_36_12_817,1.0,-5.0,-2.0,1.0,0.0,-2.0,-1.0,0.0,0.93798828125,-0.17431640625,0.181640625,-6.646341463414635,3.5975609756097566,7.317073170731708
11_36_12_817,1.0,1.0,-1.0,-4.0,-1.0,1.0,-3.0,2.0,0.95263671875,-0.18798828125,0.17578125,-11.28048780487805,3.7195121951219514,8.048780487804878
11_36_12_817,-1.0,0.0,-7.0,-2.0,-4.0,-4.0,2.0,2.0,0.962890625,-0.173828125,0.1689453125,-17.804878048780488,4.878048780487806,8.414634146341465
11_36_12_872,-1.0,2.0,0.0,0.0,3.0,-2.0,0.0,3.0,0.9716796875,-0.14404296875,0.21484375,-16.03658536585366,-5.2439024390243905,-3.9024390243902443
11_36_12_872,-2.0,-2.0,-4.0,-1.0,-4.0,-3.0,1.0,4.0,0.9697265625,-0.13037109375,0.205078125,-16.82926829268293,-4.390243902439025,-4.207317073170732
11_36_12_872,2.0,0.0,-1.0,1.0,-1.0,2.0,1.0,-1.0,0.97900390625,-0.1396484375,0.1943359375,-16.03658536585366,-3.1097560975609757,-4.75609756097561
11_36_12_872,0.0,-1.0,3.0,1.0,0.0,-2.0,0.0,-1.0,0.96923828125,-0.16455078125,0.18505859375,-15.365853658536587,-1.7682926829268295,-3.9024390243902443
11_36_12_872,-1.0,-2.0,-1.0,-1.0,4.0,-1.0,-5.0,-3.0,0.96630859375,-0.1748046875,0.17626953125,-16.097560975609756,-0.3658536585365854,-2.439024390243903
11_36_12_872,-4.0,-1.0,-1.0,0.0,-1.0,-2.0,-2.0,-3.0,0.9482421875,-0.17626953125,0.16455078125,-16.52439024390244,0.3658536585365854,-0.5487804878048781
11_36_12_872,1.0,-4.0,0.0,-1.0,1.0,-3.0,5.0,-1.0,0.92919921875,-0.1611328125,0.16748046875,-13.719512195121952,1.707317073170732,1.8902439024390245
11_36_12_872,0.0,-1.0,0.0,-2.0,-2.0,-1.0,2.0,0.0,0.92236328125,-0.1494140625,0.1728515625,-9.390243902439025,3.048780487804878,3.9024390243902443
11_36_12_872,-1.0,1.0,0.0,1.0,-1.0,0.0,-3.0,-2.0,0.9287109375,-0.154296875,0.18115234375,-6.036585365853659,3.4756097560975614,5.853658536585367
11_36_12_872,-4.0,-1.0,0.0,-1.0,1.0,0.0,2.0,-1.0,0.93798828125,-0.17431640625,0.181640625,-6.646341463414635,3.5975609756097566,7.317073170731708
11_36_12_923,-2.0,0.0,0.0,-3.0,1.0,-1.0,-7.0,3.0,0.9697265625,-0.13037109375,0.205078125,-16.82926829268293,-4.390243902439025,-4.207317073170732
11_36_12_923,-2.0,-3.0,-3.0,1.0,-1.0,1.0,0.0,-2.0,0.97900390625,-0.1396484375,0.1943359375,-16.03658536585366,-3.1097560975609757,-4.75609756097561
11_36_12_923,0.0,-1.0,-2.0,-1.0,-1.0,0.0,-5.0,-3.0,0.96923828125,-0.16455078125,0.18505859375,-15.365853658536587,-1.7682926829268295,-3.9024390243902443
11_36_12_923,1.0,-1.0,-1.0,-1.0,-1.0,2.0,-6.0,-3.0,0.96630859375,-0.1748046875,0.17626953125,-16.097560975609756,-0.3658536585365854,-2.439024390243903
11_36_12_923,4.0,-1.0,2.0,2.0,-1.0,-1.0,-5.0,-3.0,0.9482421875,-0.17626953125,0.16455078125,-16.52439024390244,0.3658536585365854,-0.5487804878048781
11_36_12_923,-1.0,-1.0,-1.0,2.0,1.0,2.0,2.0,1.0,0.92919921875,-0.1611328125,0.16748046875,-13.719512195121952,1.707317073170732,1.8902439024390245
11_36_12_923,-2.0,1.0,2.0,-2.0,-2.0,-1.0,-6.0,1.0,0.92236328125,-0.1494140625,0.1728515625,-9.390243902439025,3.048780487804878,3.9024390243902443
11_36_12_971,-5.0,-2.0,2.0,-2.0,-4.0,-1.0,0.0,2.0,0.9755859375,-0.134765625,0.19970703125,-5.975609756097562,0.12195121951219513,-2.8658536585365857
11_36_12_971,-3.0,-1.0,-1.0,0.0,-1.0,0.0,2.0,-4.0,0.9775390625,-0.13525390625,0.197265625,-3.414634146341464,-0.9146341463414634,-2.7439024390243905
11_36_12_971,0.0,2.0,0.0,0.0,-3.0,-1.0,-1.0,-4.0,0.97998046875,-0.14404296875,0.19775390625,-3.1707317073170733,-2.378048780487805,-2.8658536585365857
11_36_12_971,2.0,3.0,-2.0,0.0,-2.0,-1.0,0.0,2.0,0.97314453125,-0.1552734375,0.208984375,-6.829268292682928,-3.9024390243902443,-2.9268292682926833
11_36_12_971,-2.0,-1.0,2.0,-3.0,0.0,1.0,-5.0,-5.0,0.98046875,-0.14794921875,0.20947265625,-12.682926829268293,-4.695121951219512,-3.536585365853659
11_36_12_971,1.0,-3.0,-2.0,0.0,-1.0,-1.0,-1.0,1.0,0.9716796875,-0.14404296875,0.21484375,-16.03658536585366,-5.2439024390243905,-3.9024390243902443
11_36_12_971,-2.0,-3.0,0.0,0.0,-3.0,-5.0,-1.0,3.0,0.9697265625,-0.13037109375,0.205078125,-16.82926829268293,-4.390243902439025,-4.207317073170732
11_36_12_971,0.0,1.0,0.0,-3.0,-2.0,-1.0,-2.0,-5.0,0.97900390625,-0.1396484375,0.1943359375,-16.03658536585366,-3.1097560975609757,-4.75609756097561
11_36_12_971,1.0,-1.0,2.0,-3.0,-1.0,2.0,-2.0,2.0,0.96923828125,-0.16455078125,0.18505859375,-15.365853658536587,-1.7682926829268295,-3.9024390243902443
11_36_13_030,0.0,-2.0,-2.0,0.0,-4.0,-2.0,2.0,-1.0,0.9755859375,-0.15087890625,0.20166015625,-12.134146341463415,2.1341463414634148,-4.085365853658537
11_36_13_030,0.0,-1.0,0.0,-1.0,0.0,-1.0,-5.0,1.0,0.9755859375,-0.1435546875,0.20166015625,-10.060975609756099,1.0975609756097562,-3.5975609756097566
11_36_13_030,-1.0,-2.0,-1.0,-1.0,-4.0,4.0,3.0,-1.0,0.9755859375,-0.134765625,0.19970703125,-5.975609756097562,0.12195121951219513,-2.8658536585365857
11_36_13_030,0.0,-3.0,6.0,4.0,-1.0,2.0,1.0,-4.0,0.9775390625,-0.13525390625,0.197265625,-3.414634146341464,-0.9146341463414634,-2.7439024390243905
11_36_13_030,0.0,0.0,-2.0,-1.0,-1.0,0.0,1.0,-3.0,0.97998046875,-0.14404296875,0.19775390625,-3.1707317073170733,-2.378048780487805,-2.8658536585365857
11_36_13_030,-5.0,-2.0,2.0,-2.0,-4.0,-1.0,0.0,2.0,0.97314453125,-0.1552734375,0.208984375,-6.829268292682928,-3.9024390243902443,-2.9268292682926833
11_36_13_030,-3.0,-1.0,-1.0,0.0,-1.0,0.0,2.0,-4.0,0.98046875,-0.14794921875,0.20947265625,-12.682926829268293,-4.695121951219512,-3.536585365853659
11_36_13_030,0.0,2.0,0.0,0.0,-3.0,-1.0,-1.0,-4.0,0.9716796875,-0.14404296875,0.21484375,-16.03658536585366,-5.2439024390243905,-3.9024390243902443
11_36_13_030,2.0,3.0,-2.0,0.0,-2.0,-1.0,0.0,2.0,0.9697265625,-0.13037109375,0.205078125,-16.82926829268293,-4.390243902439025,-4.207317073170732
11_36_13_030,-2.0,-1.0,2.0,-3.0,0.0,1.0,-5.0,-5.0,0.97900390625,-0.1396484375,0.1943359375,-16.03658536585366,-3.1097560975609757,-4.75609756097561
11_36_13_075,-5.0,-2.0,2.0,-2.0,-4.0,-1.0,0.0,2.0,0.9716796875,-0.14404296875,0.21484375,-16.03658536585366,-5.2439024390243905,-3.9024390243902443
11_36_13_075,-3.0,-1.0,-1.0,0.0,-1.0,0.0,2.0,-4.0,0.9697265625,-0.13037109375,0.205078125,-16.82926829268293,-4.390243902439025,-4.207317073170732
11_36_13_075,0.0,2.0,0.0,0.0,-3.0,-1.0,-1.0,-4.0,0.97900390625,-0.1396484375,0.1943359375,-16.03658536585366,-3.1097560975609757,-4.75609756097561
11_36_13_123,2.0,0.0,1.0,0.0,-2.0,0.0,-2.0,-2.0,0.9775390625,-0.13525390625,0.197265625,-3.414634146341464,-0.9146341463414634,-2.7439024390243905
11_36_13_123,-1.0,0.0,-4.0,-4.0,-2.0,1.0,1.0,-3.0,0.97998046875,-0.14404296875,0.19775390625,-3.1707317073170733,-2.378048780487805,-2.8658536585365857
11_36_13_123,-2.0,-1.0,-4.0,1.0,-1.0,-2.0,0.0,-1.0,0.97314453125,-0.1552734375,0.208984375,-6.829268292682928,-3.9024390243902443,-2.9268292682926833
11_36_13_182,0.0,1.0,-3.0,0.0,1.0,1.0,1.0,0.0,0.96826171875,-0.1611328125,0.20068359375,-10.975609756097562,5.2439024390243905,-4.085365853658537
11_36_13_182,-1.0,-3.0,-5.0,1.0,-1.0,-1.0,0.0,-2.0,0.962890625,-0.15087890625,0.19140625,-11.402439024390246,5.3048780487804885,-4.451219512195122
11_36_13_182,-1.0,-2.0,-2.0,0.0,-1.0,-3.0,4.0,-4.0,0.9697265625,-0.15234375,0.1982421875,-12.621951219512196,3.963414634146342,-5.060975609756098
11_36_13_182,-1.0,-1.0,-1.0,1.0,-2.0,0.0,2.0,0.0,0.97119140625,-0.16015625,0.201171875,-12.80487804878049,3.1097560975609757,-4.634146341463415
11_36_13_182,1.0,0.0,-4.0,-1.0,1.0,-2.0,-3.0,-1.0,0.9755859375,-0.15087890625,0.20166015625,-12.134146341463415,2.1341463414634148,-4.085365853658537
11_36_13_182,-2.0,-1.0,-2.0,-3.0,0.0,-1.0,-2.0,-2.0,0.9755859375,-0.1435546875,0.20166015625,-10.060975609756099,1.0975609756097562,-3.5975609756097566
11_36_13_182,-1.0,-3.0,-3.0,-2.0,-1.0,-1.0,-1.0,-1.0,0.9755859375,-0.134765625,0.19970703125,-5.975609756097562,0.12195121951219513,-2.8658536585365857
11_36_13_182,0.0,-1.0,-2.0,-2.0,-3.0,-2.0,-2.0,-3.0,0.9775390625,-0.13525390625,0.197265625,-3.414634146341464,-0.9146341463414634,-2.7439024390243905
11_36_13_226,-1.0,-1.0,1.0,-4.0,-1.0,1.0,-1.0,-2.0,0.97607421875,-0.15966796875,0.2080078125,-1.829268292682927,3.353658536585366,-2.8658536585365857
11_36_13_226,0.0,-2.0,2.0,3.0,2.0,-2.0,-1.0,-2.0,0.9716796875,-0.16650390625,0.20263671875,-4.085365853658537,3.5975609756097566,-3.048780487804878
11_36_13_226,1.0,-1.0,2.0,-1.0,0.0,-1.0,-3.0,0.0,0.96875,-0.1708984375,0.2060546875,-7.073170731707318,3.9024390243902443,-2.987804878048781
11_36_13_226,-1.0,2.0,-1.0,-3.0,3.0,2.0,-5.0,0.0,0.96533203125,-0.1640625,0.2080078125,-8.902439024390244,4.390243902439025,-3.1707317073170733
11_36_13_226,2.0,-2.0,-2.0,0.0,-3.0,0.0,-2.0,0.0,0.96923828125,-0.15576171875,0.2001953125,-10.30487804878049,4.817073170731708,-3.4756097560975614
11_36_13_226,-1.0,-1.0,-3.0,0.0,-4.0,-1.0,0.0,0.0,0.97802734375,-0.15869140625,0.197265625,-10.731707317073171,5.182926829268293,-4.207317073170732
11_36_13_226,-2.0,-1.0,-1.0,1.0,1.0,-2.0,-1.0,-1.0,0.96826171875,-0.1611328125,0.20068359375,-10.975609756097562,5.2439024390243905,-4.085365853658537
11_36_13_226,-1.0,-2.0,-1.0,0.0,0.0,-1.0,-3.0,2.0,0.962890625,-0.15087890625,0.19140625,-11.402439024390246,5.3048780487804885,-4.451219512195122
11_36_13_226,2.0,0.0,-2.0,-5.0,0.0,-5.0,-3.0,2.0,0.9697265625,-0.15234375,0.1982421875,-12.621951219512196,3.963414634146342,-5.060975609756098
11_36_13_226,-2.0,-4.0,0.0,0.0,1.0,0.0,-3.0,-4.0,0.97119140625,-0.16015625,0.201171875,-12.80487804878049,3.1097560975609757,-4.634146341463415
11_36_13_283,-2.0,-1.0,0.0,3.0,-3.0,-5.0,-1.0,-5.0,0.97607421875,-0.15966796875,0.2080078125,-1.829268292682927,3.353658536585366,-2.8658536585365857
11_36_13_283,1.0,-1.0,-1.0,-1.0,0.0,-1.0,-3.0,2.0,0.9716796875,-0.16650390625,0.20263671875,-4.085365853658537,3.5975609756097566,-3.048780487804878
11_36_13_283,-1.0,-2.0,-3.0,-1.0,1.0,-2.0,-2.0,-3.0,0.96875,-0.1708984375,0.2060546875,-7.073170731707318,3.9024390243902443,-2.987804878048781
11_36_13_283,-1.0,1.0,1.0,-4.0,0.0,-1.0,-1.0,-1.0,0.96533203125,-0.1640625,0.2080078125,-8.902439024390244,4.390243902439025,-3.1707317073170733
11_36_13_283,2.0,0.0,-2.0,-3.0,-4.0,2.0,1.0,-1.0,0.96923828125,-0.15576171875,0.2001953125,-10.30487804878049,4.817073170731708,-3.4756097560975614
11_36_13_283,-1.0,-1.0,1.0,-4.0,-1.0,1.0,-1.0,-2.0,0.97802734375,-0.15869140625,0.197265625,-10.731707317073171,5.182926829268293,-4.207317073170732
11_36_13_283,0.0,-2.0,2.0,3.0,2.0,-2.0,-1.0,-2.0,0.96826171875,-0.1611328125,0.20068359375,-10.975609756097562,5.2439024390243905,-4.085365853658537
11_36_13_283,1.0,-1.0,2.0,-1.0,0.0,-1.0,-3.0,0.0,0.962890625,-0.15087890625,0.19140625,-11.402439024390246,5.3048780487804885,-4.451219512195122
11_36_13_283,-1.0,2.0,-1.0,-3.0,3.0,2.0,-5.0,0.0,0.9697265625,-0.15234375,0.1982421875,-12.621951219512196,3.963414634146342,-5.060975609756098
11_36_13_327,-1.0,1.0,2.0,1.0,0.0,-2.0,-2.0,-3.0,0.97607421875,-0.15966796875,0.2080078125,-1.829268292682927,3.353658536585366,-2.8658536585365857
11_36_13_327,-1.0,-1.0,0.0,-2.0,-3.0,-2.0,2.0,-2.0,0.9716796875,-0.16650390625,0.20263671875,-4.085365853658537,3.5975609756097566,-3.048780487804878
11_36_13_327,0.0,-1.0,0.0,-2.0,1.0,-2.0,-4.0,-1.0,0.96875,-0.1708984375,0.2060546875,-7.073170731707318,3.9024390243902443,-2.987804878048781
11_36_13_327,-2.0,-1.0,0.0,3.0,-3.0,-5.0,-1.0,-5.0,0.96533203125,-0.1640625,0.2080078125,-8.902439024390244,4.390243902439025,-3.1707317073170733
11_36_13_327,1.0,-1.0,-1.0,-1.0,0.0,-1.0,-3.0,2.0,0.96923828125,-0.15576171875,0.2001953125,-10.30487804878049,4.817073170731708,-3.4756097560975614
11_36_13_327,-1.0,-2.0,-3.0,-1.0,1.0,-2.0,-2.0,-3.0,0.97802734375,-0.15869140625,0.197265625,-10.731707317073171,5.182926829268293,-4.207317073170732
11_36_13_327,-1.0,1.0,1.0,-4.0,0.0,-1.0,-1.0,-1.0,0.96826171875,-0.1611328125,0.20068359375,-10.975609756097562,5.2439024390243905,-4.085365853658537
11_36_13_327,2.0,0.0,-2.0,-3.0,-4.0,2.0,1.0,-1.0,0.962890625,-0.15087890625,0.19140625,-11.402439024390246,5.3048780487804885,-4.451219512195122
11_36_13_378,-2.0,2.0,-1.0,0.0,1.0,-3.0,1.0,0.0,0.98388671875,-0.13232421875,0.201171875,-1.707317073170732,8.170731707317074,-2.073170731707317
11_36_13_378,1.0,3.0,1.0,-4.0,1.0,-1.0,-3.0,1.0,0.98876953125,-0.1279296875,0.19970703125,-1.829268292682927,6.890243902439025,-2.25609756097561
11_36_13_378,-1.0,-2.0,-3.0,-1.0,-3.0,0.0,3.0,-1.0,0.99267578125,-0.123046875,0.19921875,-1.6463414634146343,5.7926829268292686,-2.439024390243903
11_36_13_378,0.0,-2.0,1.0,0.0,-1.0,0.0,0.0,-4.0,0.98974609375,-0.1337890625,0.19677734375,-1.524390243902439,4.634146341463415,-2.9268292682926833
11_36_13_378,-3.0,0.0,-5.0,-3.0,-3.0,-3.0,4.0,-3.0,0.98828125,-0.15234375,0.201171875,-1.5853658536585367,3.5975609756097566,-3.1097560975609757
11_36_13_378,-1.0,1.0,0.0,0.0,-1.0,-1.0,-1.0,-1.0,0.98046875,-0.16015625,0.20751953125,-1.2195121951219514,3.2926829268292686,-3.1097560975609757
11_36_13_378,0.0,-2.0,-5.0,-4.0,-3.0,-5.0,-1.0,-2.0,0.97607421875,-0.15966796875,0.2080078125,-1.829268292682927,3.353658536585366,-2.8658536585365857
11_36_13_378,-2.0,-2.0,-3.0,-1.0,-2.0,-1.0,0.0,-1.0,0.9716796875,-0.16650390625,0.20263671875,-4.085365853658537,3.5975609756097566,-3.048780487804878
11_36_13_378,0.0,-2.0,-6.0,2.0,0.0,-1.0,2.0,-1.0,0.96875,-0.1708984375,0.2060546875,-7.073170731707318,3.9024390243902443,-2.987804878048781
11_36_13_436,-1.0,-3.0,4.0,0.0,4.0,-2.0,3.0,2.0,0.98486328125,-0.11474609375,0.19091796875,-2.5,10.30487804878049,-2.25609756097561
11_36_13_436,-2.0,-1.0,-1.0,-1.0,-4.0,0.0,0.0,1.0,0.984375,-0.12060546875,0.2001953125,-1.3414634146341464,9.26829268292683,-2.1341463414634148
11_36_13_436,-2.0,-2.0,1.0,1.0,-3.0,-1.0,0.0,-1.0,0.98388671875,-0.13232421875,0.201171875,-1.707317073170732,8.170731707317074,-2.073170731707317
11_36_13_436,-1.0,-1.0,0.0,-1.0,1.0,-1.0,-1.0,-3.0,0.98876953125,-0.1279296875,0.19970703125,-1.829268292682927,6.890243902439025,-2.25609756097561
11_36_13_436,1.0,1.0,0.0,-1.0,-2.0,-5.0,1.0,0.0,0.99267578125,-0.123046875,0.19921875,-1.6463414634146343,5.7926829268292686,-2.439024390243903
11_36_13_436,1.0,0.0,2.0,-3.0,-3.0,-3.0,1.0,0.0,0.98974609375,-0.1337890625,0.19677734375,-1.524390243902439,4.634146341463415,-2.9268292682926833
11_36_13_436,0.0,0.0,-2.0,0.0,-1.0,-1.0,0.0,-4.0,0.98828125,-0.15234375,0.201171875,-1.5853658536585367,3.5975609756097566,-3.1097560975609757
11_36_13_436,-5.0,0.0,1.0,1.0,-5.0,1.0,-4.0,-2.0,0.98046875,-0.16015625,0.20751953125,-1.2195121951219514,3.2926829268292686,-3.1097560975609757
11_36_13_436,-2.0,2.0,-1.0,0.0,1.0,-3.0,1.0,0.0,0.97607421875,-0.15966796875,0.2080078125,-1.829268292682927,3.353658536585366,-2.8658536585365857
11_36_13_482,-1.0,-2.0,-3.0,0.0,-5.0,-1.0,-1.0,-2.0,0.96728515625,-0.14404296875,0.2197265625,-10.609756097560977,8.414634146341465,-4.573170731707317
11_36_13_482,-2.0,-3.0,-2.0,0.0,0.0,-1.0,0.0,-3.0,0.97216796875,-0.1181640625,0.19677734375,-8.963414634146343,10.609756097560977,-3.231707317073171
11_36_13_482,1.0,3.0,-2.0,-1.0,2.0,0.0,2.0,-6.0,0.97314453125,-0.10888671875,0.1865234375,-5.548780487804878,11.036585365853659,-2.439024390243903
11_36_13_482,-1.0,2.0,-3.0,-3.0,-6.0,2.0,-2.0,-4.0,0.98486328125,-0.11474609375,0.19091796875,-2.5,10.30487804878049,-2.25609756097561
11_36_13_482,-1.0,-2.0,2.0,1.0,2.0,-1.0,-2.0,-2.0,0.984375,-0.12060546875,0.2001953125,-1.3414634146341464,9.26829268292683,-2.1341463414634148
11_36_13_482,-2.0,-2.0,-1.0,0.0,0.0,1.0,-2.0,-1.0,0.98388671875,-0.13232421875,0.201171875,-1.707317073170732,8.170731707317074,-2.073170731707317
11_36_13_482,0.0,-1.0,0.0,-1.0,-4.0,-1.0,1.0,-4.0,0.98876953125,-0.1279296875,0.19970703125,-1.829268292682927,6.890243902439025,-2.25609756097561
11_36_13_482,0.0,-2.0,-1.0,-2.0,1.0,-3.0,-3.0,0.0,0.99267578125,-0.123046875,0.19921875,-1.6463414634146343,5.7926829268292686,-2.439024390243903
11_36_13_482,2.0,1.0,-2.0,-1.0,-1.0,-1.0,2.0,-1.0,0.98974609375,-0.1337890625,0.19677734375,-1.524390243902439,4.634146341463415,-2.9268292682926833
11_36_13_539,0.0,-1.0,2.0,-2.0,-3.0,2.0,-2.0,0.0,0.95751953125,-0.17919921875,0.25048828125,-8.170731707317074,4.634146341463415,-7.073170731707318
11_36_13_539,-1.0,0.0,1.0,-3.0,1.0,-1.0,-3.0,-1.0,0.96728515625,-0.14404296875,0.2197265625,-10.609756097560977,8.414634146341465,-4.573170731707317
11_36_13_539,-3.0,0.0,-3.0,2.0,-3.0,-3.0,-2.0,-3.0,0.97216796875,-0.1181640625,0.19677734375,-8.963414634146343,10.609756097560977,-3.231707317073171
11_36_13_539,1.0,-4.0,-2.0,0.0,-3.0,-3.0,0.0,-1.0,0.97314453125,-0.10888671875,0.1865234375,-5.548780487804878,11.036585365853659,-2.439024390243903
11_36_13_539,0.0,-2.0,-2.0,-5.0,-1.0,-4.0,2.0,-2.0,0.98486328125,-0.11474609375,0.19091796875,-2.5,10.30487804878049,-2.25609756097561
11_36_13_539,-3.0,-1.0,-4.0,3.0,-1.0,-3.0,-1.0,0.0,0.984375,-0.12060546875,0.2001953125,-1.3414634146341464,9.26829268292683,-2.1341463414634148
11_36_13_539,-2.0,1.0,-2.0,-1.0,0.0,-2.0,2.0,-1.0,0.98388671875,-0.13232421875,0.201171875,-1.707317073170732,8.170731707317074,-2.073170731707317
11_36_13_587,-1.0,-1.0,0.0,-1.0,2.0,1.0,0.0,4.0,0.94580078125,-0.05615234375,0.21142578125,13.719512195121952,-7.01219512195122,-10.487804878048781
11_36_13_587,-2.0,-2.0,-2.0,-2.0,-3.0,-2.0,-2.0,2.0,0.93798828125,-0.11572265625,0.22607421875,12.073170731707318,-5.7926829268292686,-10.24390243902439
11_36_13_587,-3.0,4.0,1.0,0.0,-2.0,-1.0,1.0,1.0,0.935546875,-0.158203125,0.2451171875,5.853658536585367,-2.804878048780488,-9.695121951219512
11_36_13_587,1.0,0.0,-1.0,1.0,-1.0,0.0,1.0,-2.0,0.94384765625,-0.1728515625,0.248046875,-2.1341463414634148,0.9146341463414634,-8.719512195121952
11_36_13_587,-3.0,-2.0,-1.0,-3.0,-1.0,-3.0,3.0,-4.0,0.95751953125,-0.17919921875,0.25048828125,-8.170731707317074,4.634146341463415,-7.073170731707318
11_36_13_587,0.0,0.0,-2.0,-3.0,-3.0,2.0,-1.0,4.0,0.96728515625,-0.14404296875,0.2197265625,-10.609756097560977,8.414634146341465,-4.573170731707317
11_36_13_587,-1.0,-3.0,3.0,-3.0,0.0,-1.0,1.0,0.0,0.97216796875,-0.1181640625,0.19677734375,-8.963414634146343,10.609756097560977,-3.231707317073171
11_36_13_587,0.0,-1.0,6.0,-2.0,0.0,-4.0,0.0,-2.0,0.97314453125,-0.10888671875,0.1865234375,-5.548780487804878,11.036585365853659,-2.439024390243903
11_36_13_587,0.0,-1.0,2.0,-2.0,-3.0,2.0,-2.0,0.0,0.98486328125,-0.11474609375,0.19091796875,-2.5,10.30487804878049,-2.25609756097561
11_36_13_640,-2.0,0.0,-1.0,-3.0,0.0,1.0,-1.0,-1.0,0.94140625,0.0107421875,0.16064453125,1.0975609756097562,-4.75609756097561,-7.987804878048781
11_36_13_640,-2.0,0.0,2.0,1.0,-4.0,-2.0,2.0,1.0,0.94677734375,-0.01171875,0.18359375,9.146341463414634,-6.890243902439025,-9.695121951219512
11_36_13_640,0.0,-1.0,-2.0,-1.0,-3.0,-3.0,-4.0,-2.0,0.94580078125,-0.05615234375,0.21142578125,13.719512195121952,-7.01219512195122,-10.487804878048781
11_36_13_640,-3.0,0.0,-3.0,1.0,-3.0,-2.0,3.0,-4.0,0.93798828125,-0.11572265625,0.22607421875,12.073170731707318,-5.7926829268292686,-10.24390243902439
11_36_13_640,1.0,-4.0,-2.0,1.0,-4.0,-3.0,-1.0,0.0,0.935546875,-0.158203125,0.2451171875,5.853658536585367,-2.804878048780488,-9.695121951219512
11_36_13_640,-3.0,-1.0,1.0,-2.0,1.0,-2.0,2.0,-2.0,0.94384765625,-0.1728515625,0.248046875,-2.1341463414634148,0.9146341463414634,-8.719512195121952
11_36_13_640,-1.0,1.0,-4.0,-1.0,-1.0,-2.0,3.0,0.0,0.95751953125,-0.17919921875,0.25048828125,-8.170731707317074,4.634146341463415,-7.073170731707318
11_36_13_640,0.0,-2.0,-1.0,-1.0,0.0,2.0,-5.0,-3.0,0.96728515625,-0.14404296875,0.2197265625,-10.609756097560977,8.414634146341465,-4.573170731707317
11_36_13_694,-2.0,3.0,0.0,-2.0,-3.0,-2.0,-3.0,-2.0,0.91796875,-0.056640625,0.2001953125,-23.53658536585366,7.134146341463415,-4.695121951219512
11_36_13_694,-1.0,-3.0,-1.0,2.0,2.0,0.0,3.0,-3.0,0.9169921875,-0.03515625,0.189453125,-19.451219512195124,5.609756097560976,-4.024390243902439
11_36_13_694,-1.0,1.0,-3.0,-4.0,-1.0,0.0,1.0,-4.0,0.91650390625,-0.00732421875,0.17578125,-14.756097560975611,2.7439024390243905,-4.085365853658537
11_36_13_694,-1.0,-4.0,-1.0,-2.0,2.0,3.0,-3.0,3.0,0.923828125,0.0068359375,0.15966796875,-7.560975609756098,-0.853658536585366,-5.548780487804878
11_36_13_694,2.0,0.0,-5.0,3.0,-1.0,-1.0,1.0,1.0,0.94140625,0.0107421875,0.16064453125,1.0975609756097562,-4.75609756097561,-7.987804878048781
11_36_13_694,-1.0,-3.0,-2.0,1.0,0.0,-2.0,-1.0,-4.0,0.94677734375,-0.01171875,0.18359375,9.146341463414634,-6.890243902439025,-9.695121951219512
11_36_13_694,-2.0,0.0,2.0,0.0,-2.0,-3.0,2.0,-2.0,0.94580078125,-0.05615234375,0.21142578125,13.719512195121952,-7.01219512195122,-10.487804878048781
11_36_13_694,-2.0,0.0,2.0,-4.0,-2.0,-2.0,-5.0,0.0,0.93798828125,-0.11572265625,0.22607421875,12.073170731707318,-5.7926829268292686,-10.24390243902439
11_36_13_694,1.0,-3.0,-5.0,-1.0,-1.0,-1.0,-1.0,-1.0,0.935546875,-0.158203125,0.2451171875,5.853658536585367,-2.804878048780488,-9.695121951219512
11_36_13_694,1.0,3.0,-1.0,0.0,-3.0,0.0,1.0,2.0,0.94384765625,-0.1728515625,0.248046875,-2.1341463414634148,0.9146341463414634,-8.719512195121952
11_36_13_734,-2.0,-3.0,-2.0,0.0,0.0,-1.0,3.0,-7.0,0.9189453125,-0.1044921875,0.21484375,-34.63414634146342,4.207317073170732,-7.926829268292684
11_36_13_734,-3.0,-1.0,0.0,1.0,-1.0,-1.0,1.0,-2.0,0.9140625,-0.080078125,0.20849609375,-28.59756097560976,6.402439024390245,-6.158536585365854
11_36_13_734,-1.0,0.0,3.0,-1.0,0.0,-3.0,-4.0,0.0,0.91796875,-0.056640625,0.2001953125,-23.53658536585366,7.134146341463415,-4.695121951219512
11_36_13_734,-2.0,-3.0,0.0,-1.0,-5.0,-1.0,-1.0,0.0,0.9169921875,-0.03515625,0.189453125,-19.451219512195124,5.609756097560976,-4.024390243902439
11_36_13_734,1.0,0.0,3.0,1.0,2.0,0.0,2.0,-1.0,0.91650390625,-0.00732421875,0.17578125,-14.756097560975611,2.7439024390243905,-4.085365853658537
11_36_13_734,0.0,0.0,-2.0,1.0,-2.0,0.0,-2.0,-3.0,0.923828125,0.0068359375,0.15966796875,-7.560975609756098,-0.853658536585366,-5.548780487804878
11_36_13_734,-4.0,0.0,-1.0,-3.0,-1.0,-1.0,-1.0,-1.0,0.94140625,0.0107421875,0.16064453125,1.0975609756097562,-4.75609756097561,-7.987804878048781
11_36_13_734,-2.0,-2.0,-3.0,-3.0,1.0,0.0,2.0,0.0,0.94677734375,-0.01171875,0.18359375,9.146341463414634,-6.890243902439025,-9.695121951219512
11_36_13_734,-1.0,0.0,-1.0,0.0,-3.0,-1.0,-1.0,0.0,0.94580078125,-0.05615234375,0.21142578125,13.719512195121952,-7.01219512195122,-10.487804878048781
11_36_13_787,-2.0,-1.0,0.0,2.0,-1.0,0.0,-6.0,-2.0,0.93359375,-0.1435546875,0.23193359375,-33.29268292682927,-2.0121951219512195,-12.378048780487806
11_36_13_787,-2.0,0.0,-2.0,0.0,1.0,-2.0,-3.0,-2.0,0.927734375,-0.13916015625,0.22900390625,-36.646341463414636,-0.12195121951219513,-11.158536585365855
11_36_13_787,-1.0,0.0,-6.0,-1.0,0.0,0.0,-3.0,-2.0,0.9267578125,-0.12841796875,0.21240234375,-37.80487804878049,1.8902439024390245,-9.634146341463415
11_36_13_787,-1.0,1.0,-1.0,-1.0,-4.0,2.0,-2.0,-3.0,0.9189453125,-0.1044921875,0.21484375,-34.63414634146342,4.207317073170732,-7.926829268292684
11_36_13_787,-4.0,-1.0,0.0,-3.0,-3.0,-3.0,-3.0,-1.0,0.9140625,-0.080078125,0.20849609375,-28.59756097560976,6.402439024390245,-6.158536585365854
11_36_13_787,-4.0,0.0,-2.0,0.0,-2.0,0.0,0.0,-4.0,0.91796875,-0.056640625,0.2001953125,-23.53658536585366,7.134146341463415,-4.695121951219512
11_36_13_787,-1.0,-2.0,-5.0,-3.0,2.0,1.0,0.0,0.0,0.9169921875,-0.03515625,0.189453125,-19.451219512195124,5.609756097560976,-4.024390243902439
11_36_13_787,0.0,0.0,1.0,-2.0,-1.0,0.0,0.0,1.0,0.91650390625,-0.00732421875,0.17578125,-14.756097560975611,2.7439024390243905,-4.085365853658537
11_36_13_787,-2.0,-3.0,-3.0,0.0,-3.0,0.0,2.0,-2.0,0.923828125,0.0068359375,0.15966796875,-7.560975609756098,-0.853658536585366,-5.548780487804878
11_36_13_841,0.0,0.0,-1.0,2.0,-4.0,-3.0,0.0,0.0,0.92529296875,-0.1220703125,0.23828125,-25.670731707317074,-7.682926829268293,-13.109756097560977
11_36_13_841,-1.0,0.0,3.0,-2.0,-1.0,1.0,-1.0,1.0,0.92919921875,-0.14111328125,0.24169921875,-29.207317073170735,-5.0,-12.621951219512196
11_36_13_841,-1.0,0.0,2.0,3.0,1.0,-1.0,-7.0,0.0,0.93359375,-0.1435546875,0.23193359375,-33.29268292682927,-2.0121951219512195,-12.378048780487806
11_36_13_841,-2.0,-2.0,-1.0,-1.0,-2.0,-3.0,-1.0,-1.0,0.927734375,-0.13916015625,0.22900390625,-36.646341463414636,-0.12195121951219513,-11.158536585365855
11_36_13_841,-1.0,-4.0,-7.0,-9.0,2.0,-1.0,0.0,-1.0,0.9267578125,-0.12841796875,0.21240234375,-37.80487804878049,1.8902439024390245,-9.634146341463415
11_36_13_841,-2.0,-4.0,1.0,-1.0,-3.0,-2.0,2.0,1.0,0.9189453125,-0.1044921875,0.21484375,-34.63414634146342,4.207317073170732,-7.926829268292684
11_36_13_841,0.0,0.0,-3.0,5.0,-5.0,-1.0,-1.0,1.0,0.9140625,-0.080078125,0.20849609375,-28.59756097560976,6.402439024390245,-6.158536585365854
11_36_13_841,-3.0,-1.0,0.0,-6.0,-2.0,-2.0,-2.0,2.0,0.91796875,-0.056640625,0.2001953125,-23.53658536585366,7.134146341463415,-4.695121951219512
11_36_13_841,0.0,1.0,-3.0,-2.0,-1.0,-1.0,-1.0,2.0,0.9169921875,-0.03515625,0.189453125,-19.451219512195124,5.609756097560976,-4.024390243902439
11_36_13_886,-3.0,-3.0,0.0,0.0,1.0,-4.0,4.0,1.0,0.955078125,-0.08251953125,0.19091796875,-18.29268292682927,-7.865853658536586,-10.792682926829269
11_36_13_886,1.0,-4.0,0.0,0.0,-1.0,0.0,2.0,-2.0,0.91748046875,-0.099609375,0.2138671875,-19.02439024390244,-10.853658536585368,-11.28048780487805
11_36_13_886,-2.0,-1.0,0.0,0.0,0.0,1.0,-4.0,2.0,0.921875,-0.1005859375,0.2197265625,-21.219512195121954,-10.487804878048781,-13.109756097560977
11_36_13_886,-2.0,-1.0,0.0,-1.0,3.0,3.0,-5.0,-1.0,0.919921875,-0.115234375,0.2353515625,-24.02439024390244,-9.51219512195122,-13.231707317073171
11_36_13_886,2.0,0.0,-1.0,-1.0,0.0,-1.0,4.0,-2.0,0.92529296875,-0.1220703125,0.23828125,-25.670731707317074,-7.682926829268293,-13.109756097560977
11_36_13_886,0.0,0.0,-3.0,-1.0,2.0,2.0,-2.0,-1.0,0.92919921875,-0.14111328125,0.24169921875,-29.207317073170735,-5.0,-12.621951219512196
11_36_13_886,1.0,-1.0,1.0,0.0,1.0,-3.0,-2.0,3.0,0.93359375,-0.1435546875,0.23193359375,-33.29268292682927,-2.0121951219512195,-12.378048780487806
11_36_13_886,0.0,-3.0,-3.0,-2.0,-4.0,-1.0,2.0,-1.0,0.927734375,-0.13916015625,0.22900390625,-36.646341463414636,-0.12195121951219513,-11.158536585365855
11_36_13_886,0.0,-3.0,-3.0,-2.0,-1.0,-3.0,2.0,0.0,0.9267578125,-0.12841796875,0.21240234375,-37.80487804878049,1.8902439024390245,-9.634146341463415
11_36_13_886,-1.0,3.0,-3.0,-2.0,0.0,0.0,-4.0,-3.0,0.9189453125,-0.1044921875,0.21484375,-34.63414634146342,4.207317073170732,-7.926829268292684
11_36_13_944,0.0,-1.0,-2.0,-1.0,-3.0,-4.0,2.0,-6.0,0.955078125,-0.08251953125,0.19091796875,-18.29268292682927,-7.865853658536586,-10.792682926829269
11_36_13_944,-1.0,1.0,-4.0,-1.0,2.0,1.0,-4.0,0.0,0.91748046875,-0.099609375,0.2138671875,-19.02439024390244,-10.853658536585368,-11.28048780487805
11_36_13_944,-3.0,1.0,1.0,-1.0,-2.0,2.0,-7.0,1.0,0.921875,-0.1005859375,0.2197265625,-21.219512195121954,-10.487804878048781,-13.109756097560977
11_36_13_944,-2.0,0.0,-5.0,-1.0,0.0,-1.0,3.0,1.0,0.919921875,-0.115234375,0.2353515625,-24.02439024390244,-9.51219512195122,-13.231707317073171
11_36_13_944,-2.0,-1.0,1.0,-1.0,-2.0,0.0,-4.0,-6.0,0.92529296875,-0.1220703125,0.23828125,-25.670731707317074,-7.682926829268293,-13.109756097560977
11_36_13_944,1.0,0.0,1.0,0.0,2.0,0.0,0.0,0.0,0.92919921875,-0.14111328125,0.24169921875,-29.207317073170735,-5.0,-12.621951219512196
11_36_13_944,-1.0,-1.0,0.0,-2.0,-2.0,3.0,-3.0,-1.0,0.93359375,-0.1435546875,0.23193359375,-33.29268292682927,-2.0121951219512195,-12.378048780487806
11_36_13_944,0.0,-2.0,-8.0,0.0,-2.0,-1.0,0.0,-1.0,0.927734375,-0.13916015625,0.22900390625,-36.646341463414636,-0.12195121951219513,-11.158536585365855
11_36_13_988,0.0,-3.0,-1.0,-1.0,0.0,-1.0,-4.0,2.0,0.998046875,-0.0712890625,0.18310546875,-46.21951219512196,2.804878048780488,-2.9268292682926833
11_36_13_988,0.0,-3.0,-2.0,2.0,-2.0,-1.0,1.0,0.0,1.001953125,-0.05615234375,0.17333984375,-40.91463414634147,0.5487804878048781,-4.939024390243903
11_36_13_988,-2.0,2.0,3.0,-1.0,-3.0,-6.0,0.0,2.0,0.9990234375,-0.046875,0.169921875,-32.13414634146342,-1.3414634146341464,-7.378048780487806
11_36_13_988,-1.0,-3.0,0.0,-1.0,-1.0,-2.0,1.0,-4.0,0.9873046875,-0.060546875,0.1669921875,-23.353658536585368,-3.7195121951219514,-9.634146341463415
11_36_13_988,0.0,-2.0,2.0,-1.0,-4.0,1.0,0.0,0.0,0.955078125,-0.08251953125,0.19091796875,-18.29268292682927,-7.865853658536586,-10.792682926829269
11_36_13_988,-3.0,0.0,-3.0,0.0,-1.0,-1.0,-2.0,-1.0,0.91748046875,-0.099609375,0.2138671875,-19.02439024390244,-10.853658536585368,-11.28048780487805
11_36_13_988,0.0,0.0,0.0,0.0,2.0,-3.0,-4.0,-2.0,0.921875,-0.1005859375,0.2197265625,-21.219512195121954,-10.487804878048781,-13.109756097560977
11_36_13_988,-1.0,-1.0,-2.0,1.0,-4.0,-1.0,-1.0,-2.0,0.919921875,-0.115234375,0.2353515625,-24.02439024390244,-9.51219512195122,-13.231707317073171
11_36_13_988,2.0,-4.0,-1.0,0.0,-2.0,0.0,0.0,-1.0,0.92529296875,-0.1220703125,0.23828125,-25.670731707317074,-7.682926829268293,-13.109756097560977
11_36_13_988,-3.0,1.0,-3.0,0.0,-2.0,3.0,0.0,-4.0,0.92919921875,-0.14111328125,0.24169921875,-29.207317073170735,-5.0,-12.621951219512196
11_36_14_039,-1.0,2.0,-3.0,0.0,0.0,1.0,-1.0,-2.0,0.98828125,-0.09375,0.197265625,-39.268292682926834,6.2804878048780495,5.182926829268293
11_36_14_039,0.0,0.0,-2.0,-1.0,0.0,0.0,2.0,-3.0,0.98974609375,-0.07861328125,0.1982421875,-42.6829268292683,5.426829268292684,3.048780487804878
11_36_14_039,-1.0,-1.0,-1.0,-1.0,-1.0,2.0,-2.0,2.0,0.9951171875,-0.076171875,0.2001953125,-45.85365853658537,4.573170731707317,-0.30487804878048785
11_36_14_039,-3.0,-5.0,-5.0,-3.0,-1.0,-4.0,2.0,-1.0,0.998046875,-0.0712890625,0.18310546875,-46.21951219512196,2.804878048780488,-2.9268292682926833
11_36_14_039,2.0,0.0,-1.0,2.0,2.0,-1.0,-3.0,0.0,1.001953125,-0.05615234375,0.17333984375,-40.91463414634147,0.5487804878048781,-4.939024390243903
11_36_14_039,-1.0,-3.0,-4.0,-4.0,-2.0,-1.0,-1.0,1.0,0.9990234375,-0.046875,0.169921875,-32.13414634146342,-1.3414634146341464,-7.378048780487806
11_36_14_039,0.0,-1.0,1.0,-1.0,1.0,-1.0,-1.0,-3.0,0.9873046875,-0.060546875,0.1669921875,-23.353658536585368,-3.7195121951219514,-9.634146341463415
11_36_14_039,0.0,-1.0,-2.0,-2.0,-3.0,0.0,2.0,-4.0,0.955078125,-0.08251953125,0.19091796875,-18.29268292682927,-7.865853658536586,-10.792682926829269
11_36_14_039,2.0,0.0,-1.0,-1.0,-2.0,-2.0,-2.0,-1.0,0.91748046875,-0.099609375,0.2138671875,-19.02439024390244,-10.853658536585368,-11.28048780487805
11_36_14_039,0.0,-3.0,0.0,-1.0,-3.0,1.0,0.0,-6.0,0.921875,-0.1005859375,0.2197265625,-21.219512195121954,-10.487804878048781,-13.109756097560977
11_36_14_098,0.0,-2.0,-5.0,-2.0,0.0,-3.0,-1.0,-1.0,0.98828125,-0.09375,0.197265625,-39.268292682926834,6.2804878048780495,5.182926829268293
11_36_14_098,0.0,0.0,-1.0,0.0,-3.0,1.0,-2.0,1.0,0.98974609375,-0.07861328125,0.1982421875,-42.6829268292683,5.426829268292684,3.048780487804878
11_36_14_098,-2.0,-1.0,-5.0,-1.0,0.0,-1.0,-2.0,0.0,0.9951171875,-0.076171875,0.2001953125,-45.85365853658537,4.573170731707317,-0.30487804878048785
11_36_14_098,-1.0,2.0,-3.0,0.0,0.0,1.0,-1.0,-2.0,0.998046875,-0.0712890625,0.18310546875,-46.21951219512196,2.804878048780488,-2.9268292682926833
11_36_14_098,0.0,0.0,-2.0,-1.0,0.0,0.0,2.0,-3.0,1.001953125,-0.05615234375,0.17333984375,-40.91463414634147,0.5487804878048781,-4.939024390243903
11_36_14_098,-1.0,-1.0,-1.0,-1.0,-1.0,2.0,-2.0,2.0,0.9990234375,-0.046875,0.169921875,-32.13414634146342,-1.3414634146341464,-7.378048780487806
11_36_14_098,-3.0,-5.0,-5.0,-3.0,-1.0,-4.0,2.0,-1.0,0.9873046875,-0.060546875,0.1669921875,-23.353658536585368,-3.7195121951219514,-9.634146341463415
11_36_14_098,2.0,0.0,-1.0,2.0,2.0,-1.0,-3.0,0.0,0.955078125,-0.08251953125,0.19091796875,-18.29268292682927,-7.865853658536586,-10.792682926829269
11_36_14_098,-1.0,-3.0,-4.0,-4.0,-2.0,-1.0,-1.0,1.0,0.91748046875,-0.099609375,0.2138671875,-19.02439024390244,-10.853658536585368,-11.28048780487805
11_36_14_141,-1.0,1.0,-5.0,-5.0,1.0,-1.0,-1.0,-2.0,0.9609375,-0.1279296875,0.2255859375,-33.59756097560976,6.463414634146342,5.487804878048781
11_36_14_141,0.0,-1.0,1.0,0.0,0.0,-1.0,-5.0,0.0,0.95849609375,-0.10693359375,0.21923828125,-33.23170731707317,7.378048780487806,6.829268292682928
11_36_14_141,2.0,-2.0,0.0,-2.0,-1.0,-3.0,1.0,-6.0,0.962890625,-0.10400390625,0.2080078125,-33.47560975609756,7.743902439024391,7.317073170731708
11_36_14_141,-2.0,0.0,-1.0,-1.0,1.0,-2.0,0.0,-2.0,0.97900390625,-0.10107421875,0.203125,-35.85365853658537,7.439024390243903,6.707317073170732
11_36_14_141,0.0,-4.0,-1.0,1.0,-1.0,2.0,2.0,-4.0,0.98828125,-0.09375,0.197265625,-39.268292682926834,6.2804878048780495,5.182926829268293
11_36_14_141,-1.0,1.0,-1.0,1.0,0.0,-2.0,-3.0,-2.0,0.98974609375,-0.07861328125,0.1982421875,-42.6829268292683,5.426829268292684,3.048780487804878
11_36_14_141,-3.0,-2.0,-5.0,0.0,2.0,-3.0,0.0,-4.0,0.9951171875,-0.076171875,0.2001953125,-45.85365853658537,4.573170731707317,-0.30487804878048785
11_36_14_141,0.0,-1.0,0.0,-1.0,-4.0,-3.0,-1.0,-1.0,0.998046875,-0.0712890625,0.18310546875,-46.21951219512196,2.804878048780488,-2.9268292682926833
11_36_14_141,-2.0,-2.0,-1.0,-4.0,-3.0,2.0,2.0,0.0,1.001953125,-0.05615234375,0.17333984375,-40.91463414634147,0.5487804878048781,-4.939024390243903
11_36_14_194,-2.0,0.0,-1.0,-1.0,3.0,-1.0,-1.0,0.0,0.9755859375,-0.14794921875,0.24267578125,-32.6829268292683,1.829268292682927,-1.4634146341463417
11_36_14_194,2.0,-4.0,1.0,-1.0,1.0,-2.0,2.0,0.0,0.970703125,-0.1416015625,0.234375,-33.47560975609756,3.780487804878049,1.1585365853658538
11_36_14_194,-1.0,-1.0,-2.0,0.0,-2.0,-1.0,3.0,0.0,0.9638671875,-0.13671875,0.236328125,-33.963414634146346,5.3048780487804885,3.4756097560975614
11_36_14_194,1.0,2.0,0.0,0.0,-2.0,-1.0,0.0,-4.0,0.9609375,-0.1279296875,0.2255859375,-33.59756097560976,6.463414634146342,5.487804878048781
11_36_14_194,2.0,-1.0,2.0,-3.0,1.0,-2.0,0.0,-1.0,0.95849609375,-0.10693359375,0.21923828125,-33.23170731707317,7.378048780487806,6.829268292682928
11_36_14_194,-2.0,-3.0,-3.0,0.0,0.0,-1.0,0.0,1.0,0.962890625,-0.10400390625,0.2080078125,-33.47560975609756,7.743902439024391,7.317073170731708
11_36_14_194,-2.0,-3.0,-2.0,-1.0,-1.0,-1.0,-2.0,-1.0,0.97900390625,-0.10107421875,0.203125,-35.85365853658537,7.439024390243903,6.707317073170732
11_36_14_194,0.0,-1.0,-2.0,0.0,-1.0,-4.0,-1.0,2.0,0.98828125,-0.09375,0.197265625,-39.268292682926834,6.2804878048780495,5.182926829268293
11_36_14_194,2.0,0.0,-5.0,0.0,1.0,1.0,-1.0,-2.0,0.98974609375,-0.07861328125,0.1982421875,-42.6829268292683,5.426829268292684,3.048780487804878
11_36_14_251,0.0,-2.0,-2.0,0.0,0.0,-3.0,0.0,1.0,0.958984375,-0.13671875,0.24560546875,-29.146341463414636,-1.1585365853658538,-5.975609756097562
11_36_14_251,-3.0,-4.0,-2.0,-4.0,-4.0,-3.0,0.0,-2.0,0.97021484375,-0.134765625,0.2353515625,-31.402439024390247,0.06097560975609757,-3.9024390243902443
11_36_14_251,2.0,0.0,1.0,-1.0,-1.0,-1.0,2.0,-2.0,0.9755859375,-0.14794921875,0.24267578125,-32.6829268292683,1.829268292682927,-1.4634146341463417
11_36_14_251,1.0,0.0,3.0,1.0,0.0,0.0,0.0,-1.0,0.970703125,-0.1416015625,0.234375,-33.47560975609756,3.780487804878049,1.1585365853658538
11_36_14_251,0.0,-2.0,-2.0,-4.0,-1.0,-3.0,1.0,-2.0,0.9638671875,-0.13671875,0.236328125,-33.963414634146346,5.3048780487804885,3.4756097560975614
11_36_14_251,-3.0,2.0,-3.0,-1.0,-2.0,-2.0,-1.0,-2.0,0.9609375,-0.1279296875,0.2255859375,-33.59756097560976,6.463414634146342,5.487804878048781
11_36_14_251,0.0,-2.0,1.0,1.0,2.0,-2.0,1.0,-2.0,0.95849609375,-0.10693359375,0.21923828125,-33.23170731707317,7.378048780487806,6.829268292682928
11_36_14_251,-1.0,-1.0,-2.0,-2.0,-1.0,-1.0,-1.0,-3.0,0.962890625,-0.10400390625,0.2080078125,-33.47560975609756,7.743902439024391,7.317073170731708
11_36_14_251,2.0,0.0,-7.0,-3.0,-1.0,-2.0,1.0,-4.0,0.97900390625,-0.10107421875,0.203125,-35.85365853658537,7.439024390243903,6.707317073170732
11_36_14_294,0.0,0.0,0.0,-1.0,0.0,-3.0,3.0,0.0,0.958984375,-0.13671875,0.24560546875,-29.146341463414636,-1.1585365853658538,-5.975609756097562
11_36_14_294,0.0,-1.0,-1.0,-2.0,-2.0,0.0,-3.0,2.0,0.97021484375,-0.134765625,0.2353515625,-31.402439024390247,0.06097560975609757,-3.9024390243902443
11_36_14_294,1.0,-4.0,1.0,-3.0,0.0,-2.0,2.0,0.0,0.9755859375,-0.14794921875,0.24267578125,-32.6829268292683,1.829268292682927,-1.4634146341463417
11_36_14_294,1.0,1.0,-2.0,-1.0,-1.0,0.0,-2.0,0.0,0.970703125,-0.1416015625,0.234375,-33.47560975609756,3.780487804878049,1.1585365853658538
11_36_14_294,4.0,1.0,0.0,-4.0,-1.0,1.0,-2.0,-2.0,0.9638671875,-0.13671875,0.236328125,-33.963414634146346,5.3048780487804885,3.4756097560975614
11_36_14_294,-2.0,-2.0,-2.0,3.0,0.0,-3.0,0.0,-1.0,0.9609375,-0.1279296875,0.2255859375,-33.59756097560976,6.463414634146342,5.487804878048781
11_36_14_351,-4.0,0.0,0.0,-2.0,3.0,-2.0,-3.0,1.0,0.9345703125,-0.13037109375,0.26904296875,-15.853658536585368,-7.195121951219513,-10.426829268292684
11_36_14_351,-3.0,-2.0,-2.0,1.0,-4.0,-3.0,-2.0,0.0,0.94140625,-0.13525390625,0.2529296875,-21.097560975609756,-4.817073170731708,-9.207317073170733
11_36_14_351,-1.0,0.0,-1.0,-3.0,-1.0,-1.0,2.0,-4.0,0.951171875,-0.13623046875,0.248046875,-25.792682926829272,-2.9268292682926833,-7.743902439024391
11_36_14_351,1.0,-1.0,-1.0,0.0,-2.0,-3.0,0.0,-2.0,0.958984375,-0.13671875,0.24560546875,-29.146341463414636,-1.1585365853658538,-5.975609756097562
11_36_14_351,-3.0,0.0,0.0,0.0,2.0,3.0,1.0,0.0,0.97021484375,-0.134765625,0.2353515625,-31.402439024390247,0.06097560975609757,-3.9024390243902443
11_36_14_351,-1.0,-4.0,2.0,1.0,-1.0,0.0,-5.0,0.0,0.9755859375,-0.14794921875,0.24267578125,-32.6829268292683,1.829268292682927,-1.4634146341463417
11_36_14_351,-1.0,0.0,0.0,-2.0,0.0,-1.0,-1.0,-1.0,0.970703125,-0.1416015625,0.234375,-33.47560975609756,3.780487804878049,1.1585365853658538
11_36_14_398,-1.0,-3.0,-3.0,1.0,-3.0,0.0,-3.0,0.0,0.93603515625,-0.17041015625,0.26123046875,12.439024390243903,-19.390243902439025,-21.52439024390244
11_36_14_398,-1.0,-1.0,-1.0,1.0,-5.0,2.0,-2.0,-1.0,0.94189453125,-0.1767578125,0.27490234375,10.853658536585368,-17.439024390243905,-20.48780487804878
11_36_14_398,-2.0,-4.0,2.0,-3.0,0.0,-3.0,1.0,-4.0,0.93701171875,-0.20849609375,0.2900390625,5.853658536585367,-15.365853658536587,-17.804878048780488
11_36_14_398,-1.0,1.0,0.0,2.0,-1.0,2.0,-2.0,1.0,0.9404296875,-0.20166015625,0.2861328125,-3.658536585365854,-13.536585365853659,-14.695121951219514
11_36_14_398,-1.0,-5.0,-1.0,-1.0,-1.0,0.0,2.0,1.0,0.9365234375,-0.171875,0.28125,-11.28048780487805,-10.731707317073171,-11.402439024390246
11_36_14_398,-2.0,-1.0,2.0,-2.0,-4.0,-1.0,-2.0,-2.0,0.9345703125,-0.13037109375,0.26904296875,-15.853658536585368,-7.195121951219513,-10.426829268292684
11_36_14_398,2.0,-3.0,-1.0,-1.0,-2.0,-1.0,0.0,-1.0,0.94140625,-0.13525390625,0.2529296875,-21.097560975609756,-4.817073170731708,-9.207317073170733
11_36_14_398,-2.0,-7.0,-2.0,-2.0,-5.0,4.0,1.0,-1.0,0.951171875,-0.13623046875,0.248046875,-25.792682926829272,-2.9268292682926833,-7.743902439024391
11_36_14_398,-2.0,1.0,-2.0,-4.0,-2.0,0.0,5.0,3.0,0.958984375,-0.13671875,0.24560546875,-29.146341463414636,-1.1585365853658538,-5.975609756097562
11_36_14_398,-2.0,-4.0,-2.0,-1.0,-2.0,-1.0,0.0,0.0,0.97021484375,-0.134765625,0.2353515625,-31.402439024390247,0.06097560975609757,-3.9024390243902443
11_36_14_449,-1.0,-1.0,-2.0,0.0,0.0,-1.0,0.0,-5.0,0.982421875,-0.1220703125,0.205078125,20.30487804878049,-15.182926829268293,-19.26829268292683
11_36_14_449,1.0,-3.0,1.0,-1.0,0.0,0.0,-3.0,-4.0,0.958984375,-0.14013671875,0.23095703125,19.207317073170735,-17.926829268292686,-20.426829268292686
11_36_14_449,-2.0,0.0,-1.0,-1.0,0.0,-2.0,1.0,3.0,0.9462890625,-0.15283203125,0.24169921875,16.52439024390244,-19.634146341463417,-20.975609756097562
11_36_14_449,1.0,0.0,-4.0,-1.0,0.0,1.0,-2.0,2.0,0.93603515625,-0.17041015625,0.26123046875,12.439024390243903,-19.390243902439025,-21.52439024390244
11_36_14_449,-2.0,-3.0,-3.0,-2.0,-2.0,-1.0,1.0,2.0,0.94189453125,-0.1767578125,0.27490234375,10.853658536585368,-17.439024390243905,-20.48780487804878
11_36_14_449,-1.0,1.0,-2.0,-1.0,-3.0,-1.0,-4.0,-1.0,0.93701171875,-0.20849609375,0.2900390625,5.853658536585367,-15.365853658536587,-17.804878048780488
11_36_14_449,-4.0,-1.0,1.0,-2.0,-2.0,2.0,0.0,-1.0,0.9404296875,-0.20166015625,0.2861328125,-3.658536585365854,-13.536585365853659,-14.695121951219514
11_36_14_449,-1.0,-4.0,1.0,-4.0,2.0,3.0,0.0,4.0,0.9365234375,-0.171875,0.28125,-11.28048780487805,-10.731707317073171,-11.402439024390246
11_36_14_449,-2.0,-4.0,4.0,0.0,-3.0,-1.0,2.0,-3.0,0.9345703125,-0.13037109375,0.26904296875,-15.853658536585368,-7.195121951219513,-10.426829268292684
11_36_14_449,-2.0,-2.0,2.0,-1.0,2.0,-1.0,0.0,1.0,0.94140625,-0.13525390625,0.2529296875,-21.097560975609756,-4.817073170731708,-9.207317073170733
11_36_14_502,0.0,-2.0,-2.0,-3.0,-5.0,0.0,0.0,-2.0,0.982421875,-0.1220703125,0.205078125,20.30487804878049,-15.182926829268293,-19.26829268292683
11_36_14_502,1.0,-2.0,1.0,1.0,1.0,1.0,-6.0,-1.0,0.958984375,-0.14013671875,0.23095703125,19.207317073170735,-17.926829268292686,-20.426829268292686
11_36_14_502,-1.0,-1.0,-2.0,0.0,0.0,-1.0,0.0,-5.0,0.9462890625,-0.15283203125,0.24169921875,16.52439024390244,-19.634146341463417,-20.975609756097562
11_36_14_502,1.0,-3.0,1.0,-1.0,0.0,0.0,-3.0,-4.0,0.93603515625,-0.17041015625,0.26123046875,12.439024390243903,-19.390243902439025,-21.52439024390244
11_36_14_502,-2.0,0.0,-1.0,-1.0,0.0,-2.0,1.0,3.0,0.94189453125,-0.1767578125,0.27490234375,10.853658536585368,-17.439024390243905,-20.48780487804878
11_36_14_502,1.0,0.0,-4.0,-1.0,0.0,1.0,-2.0,2.0,0.93701171875,-0.20849609375,0.2900390625,5.853658536585367,-15.365853658536587,-17.804878048780488
11_36_14_502,-2.0,-3.0,-3.0,-2.0,-2.0,-1.0,1.0,2.0,0.9404296875,-0.20166015625,0.2861328125,-3.658536585365854,-13.536585365853659,-14.695121951219514
11_36_14_502,-1.0,1.0,-2.0,-1.0,-3.0,-1.0,-4.0,-1.0,0.9365234375,-0.171875,0.28125,-11.28048780487805,-10.731707317073171,-11.402439024390246
11_36_14_502,-4.0,-1.0,1.0,-2.0,-2.0,2.0,0.0,-1.0,0.9345703125,-0.13037109375,0.26904296875,-15.853658536585368,-7.195121951219513,-10.426829268292684
11_36_14_502,-1.0,-4.0,1.0,-4.0,2.0,3.0,0.0,4.0,0.94140625,-0.13525390625,0.2529296875,-21.097560975609756,-4.817073170731708,-9.207317073170733
11_36_14_550,2.0,-1.0,-2.0,0.0,0.0,4.0,2.0,-2.0,0.9775390625,-0.08154296875,0.1650390625,11.707317073170733,2.9268292682926833,-0.6707317073170732
11_36_14_550,1.0,-2.0,1.0,2.0,-2.0,0.0,-4.0,1.0,0.982421875,-0.083984375,0.1767578125,9.634146341463415,-1.2195121951219514,-5.426829268292684
11_36_14_550,-3.0,-2.0,1.0,-3.0,-1.0,2.0,3.0,-3.0,0.99169921875,-0.07958984375,0.17431640625,10.30487804878049,-5.182926829268293,-10.121951219512196
11_36_14_550,2.0,-1.0,-1.0,1.0,-2.0,-1.0,0.0,-1.0,0.99169921875,-0.091796875,0.18505859375,13.719512195121952,-8.658536585365855,-14.02439024390244
11_36_14_550,-3.0,1.0,0.0,0.0,0.0,-2.0,-2.0,0.0,0.98583984375,-0.109375,0.19384765625,17.5,-12.01219512195122,-17.073170731707318
11_36_14_550,1.0,0.0,2.0,0.0,2.0,-2.0,-1.0,-6.0,0.982421875,-0.1220703125,0.205078125,20.30487804878049,-15.182926829268293,-19.26829268292683
11_36_14_550,0.0,-2.0,1.0,1.0,-3.0,-2.0,0.0,-2.0,0.958984375,-0.14013671875,0.23095703125,19.207317073170735,-17.926829268292686,-20.426829268292686
11_36_14_550,0.0,-1.0,-1.0,-4.0,-2.0,1.0,0.0,2.0,0.9462890625,-0.15283203125,0.24169921875,16.52439024390244,-19.634146341463417,-20.975609756097562
11_36_14_550,1.0,-1.0,-2.0,1.0,-1.0,1.0,2.0,1.0,0.93603515625,-0.17041015625,0.26123046875,12.439024390243903,-19.390243902439025,-21.52439024390244
11_36_14_550,1.0,-1.0,-3.0,0.0,-1.0,-1.0,-1.0,3.0,0.94189453125,-0.1767578125,0.27490234375,10.853658536585368,-17.439024390243905,-20.48780487804878
11_36_14_605,1.0,-1.0,-2.0,-1.0,0.0,3.0,-6.0,0.0,0.982421875,-0.083984375,0.1767578125,9.634146341463415,-1.2195121951219514,-5.426829268292684
11_36_14_605,-3.0,-1.0,-4.0,-2.0,0.0,-4.0,-1.0,0.0,0.99169921875,-0.07958984375,0.17431640625,10.30487804878049,-5.182926829268293,-10.121951219512196
11_36_14_605,-2.0,-3.0,0.0,0.0,2.0,-2.0,-3.0,-2.0,0.99169921875,-0.091796875,0.18505859375,13.719512195121952,-8.658536585365855,-14.02439024390244
11_36_14_605,-4.0,0.0,1.0,2.0,0.0,3.0,-1.0,1.0,0.98583984375,-0.109375,0.19384765625,17.5,-12.01219512195122,-17.073170731707318
11_36_14_605,0.0,1.0,3.0,-3.0,-1.0,-4.0,-3.0,-2.0,0.982421875,-0.1220703125,0.205078125,20.30487804878049,-15.182926829268293,-19.26829268292683
11_36_14_605,2.0,-1.0,-2.0,0.0,0.0,4.0,2.0,-2.0,0.958984375,-0.14013671875,0.23095703125,19.207317073170735,-17.926829268292686,-20.426829268292686
11_36_14_605,1.0,-2.0,1.0,2.0,-2.0,0.0,-4.0,1.0,0.9462890625,-0.15283203125,0.24169921875,16.52439024390244,-19.634146341463417,-20.975609756097562
11_36_14_655,0.0,3.0,-5.0,-1.0,-4.0,0.0,-1.0,1.0,0.96728515625,-0.10107421875,0.16357421875,10.548780487804878,14.695121951219514,13.231707317073171
11_36_14_655,-1.0,1.0,-3.0,1.0,0.0,-4.0,0.0,-3.0,0.970703125,-0.0908203125,0.16552734375,13.231707317073171,12.621951219512196,10.30487804878049
11_36_14_655,1.0,-2.0,-3.0,-3.0,-5.0,-2.0,-1.0,-1.0,0.96630859375,-0.09423828125,0.16650390625,14.146341463414636,10.060975609756099,7.073170731707318
11_36_14_655,1.0,2.0,-5.0,3.0,-2.0,-1.0,-2.0,1.0,0.97119140625,-0.0947265625,0.16650390625,13.170731707317074,6.829268292682928,3.4756097560975614
11_36_14_655,-2.0,-1.0,-2.0,0.0,-5.0,0.0,1.0,-3.0,0.9775390625,-0.08154296875,0.1650390625,11.707317073170733,2.9268292682926833,-0.6707317073170732
11_36_14_655,1.0,-2.0,-3.0,-4.0,1.0,-1.0,0.0,3.0,0.982421875,-0.083984375,0.1767578125,9.634146341463415,-1.2195121951219514,-5.426829268292684
11_36_14_655,-1.0,-3.0,-2.0,-4.0,2.0,0.0,-2.0,-3.0,0.99169921875,-0.07958984375,0.17431640625,10.30487804878049,-5.182926829268293,-10.121951219512196
11_36_14_655,-4.0,4.0,0.0,1.0,1.0,-1.0,-3.0,1.0,0.99169921875,-0.091796875,0.18505859375,13.719512195121952,-8.658536585365855,-14.02439024390244
11_36_14_655,-2.0,-2.0,-2.0,-1.0,-1.0,0.0,0.0,-2.0,0.98583984375,-0.109375,0.19384765625,17.5,-12.01219512195122,-17.073170731707318
11_36_14_655,-3.0,-1.0,2.0,-1.0,-2.0,-1.0,-2.0,-1.0,0.982421875,-0.1220703125,0.205078125,20.30487804878049,-15.182926829268293,-19.26829268292683
11_36_14_699,1.0,-1.0,-3.0,-1.0,-4.0,-3.0,-3.0,0.0,0.953125,-0.1298828125,0.171875,7.073170731707318,17.195121951219512,18.84146341463415
11_36_14_699,-1.0,-1.0,-1.0,0.0,-2.0,1.0,0.0,-2.0,0.95556640625,-0.12158203125,0.16845703125,6.646341463414635,16.82926829268293,17.378048780487806
11_36_14_699,-2.0,0.0,-2.0,-2.0,-3.0,-2.0,2.0,-5.0,0.96044921875,-0.11328125,0.16162109375,7.987804878048781,15.975609756097562,15.54878048780488
11_36_14_699,0.0,2.0,1.0,0.0,-1.0,1.0,-3.0,2.0,0.96728515625,-0.10107421875,0.16357421875,10.548780487804878,14.695121951219514,13.231707317073171
11_36_14_699,0.0,1.0,2.0,0.0,2.0,-2.0,-3.0,-1.0,0.970703125,-0.0908203125,0.16552734375,13.231707317073171,12.621951219512196,10.30487804878049
11_36_14_699,0.0,-3.0,-1.0,-1.0,2.0,0.0,-1.0,-5.0,0.96630859375,-0.09423828125,0.16650390625,14.146341463414636,10.060975609756099,7.073170731707318
11_36_14_699,3.0,-3.0,-3.0,-4.0,-2.0,-3.0,2.0,0.0,0.97119140625,-0.0947265625,0.16650390625,13.170731707317074,6.829268292682928,3.4756097560975614
11_36_14_699,-3.0,-1.0,0.0,1.0,1.0,-3.0,-3.0,-4.0,0.9775390625,-0.08154296875,0.1650390625,11.707317073170733,2.9268292682926833,-0.6707317073170732
11_36_14_699,1.0,-1.0,-1.0,-1.0,0.0,-3.0,-1.0,0.0,0.982421875,-0.083984375,0.1767578125,9.634146341463415,-1.2195121951219514,-5.426829268292684
11_36_14_699,-4.0,2.0,-2.0,-5.0,3.0,-2.0,0.0,-4.0,0.99169921875,-0.07958984375,0.17431640625,10.30487804878049,-5.182926829268293,-10.121951219512196
11_36_14_759,0.0,1.0,-3.0,1.0,-1.0,0.0,-5.0,2.0,0.95556640625,-0.14111328125,0.1630859375,9.451219512195122,17.073170731707318,20.365853658536587
11_36_14_759,0.0,-3.0,0.0,0.0,0.0,-3.0,0.0,-2.0,0.95703125,-0.130859375,0.16796875,8.231707317073171,17.31707317073171,19.573170731707318
11_36_14_759,0.0,1.0,0.0,-3.0,-2.0,-1.0,2.0,2.0,0.953125,-0.1298828125,0.171875,7.073170731707318,17.195121951219512,18.84146341463415
11_36_14_759,2.0,0.0,0.0,0.0,-1.0,1.0,4.0,-2.0,0.95556640625,-0.12158203125,0.16845703125,6.646341463414635,16.82926829268293,17.378048780487806
11_36_14_759,-2.0,0.0,-1.0,-3.0,0.0,-1.0,-4.0,0.0,0.96044921875,-0.11328125,0.16162109375,7.987804878048781,15.975609756097562,15.54878048780488
11_36_14_759,0.0,2.0,0.0,1.0,1.0,-1.0,-4.0,-4.0,0.96728515625,-0.10107421875,0.16357421875,10.548780487804878,14.695121951219514,13.231707317073171
11_36_14_759,1.0,-1.0,-3.0,-1.0,-4.0,-3.0,-3.0,0.0,0.970703125,-0.0908203125,0.16552734375,13.231707317073171,12.621951219512196,10.30487804878049
11_36_14_759,-1.0,-1.0,-1.0,0.0,-2.0,1.0,0.0,-2.0,0.96630859375,-0.09423828125,0.16650390625,14.146341463414636,10.060975609756099,7.073170731707318
11_36_14_759,-2.0,0.0,-2.0,-2.0,-3.0,-2.0,2.0,-5.0,0.97119140625,-0.0947265625,0.16650390625,13.170731707317074,6.829268292682928,3.4756097560975614
11_36_14_759,0.0,2.0,1.0,0.0,-1.0,1.0,-3.0,2.0,0.9775390625,-0.08154296875,0.1650390625,11.707317073170733,2.9268292682926833,-0.6707317073170732
11_36_14_812,0.0,2.0,-1.0,1.0,4.0,1.0,-6.0,2.0,0.96044921875,-0.130859375,0.15283203125,11.646341463414634,14.451219512195124,20.975609756097562
11_36_14_812,-3.0,0.0,1.0,1.0,0.0,-1.0,-5.0,-2.0,0.966796875,-0.13427734375,0.162109375,10.609756097560977,15.365853658536587,20.853658536585368
11_36_14_812,-2.0,0.0,2.0,-3.0,-2.0,0.0,-2.0,0.0,0.96240234375,-0.138671875,0.1611328125,10.24390243902439,16.402439024390244,20.60975609756098
11_36_14_812,2.0,-4.0,-3.0,-2.0,0.0,-3.0,-1.0,-3.0,0.95556640625,-0.14111328125,0.1630859375,9.451219512195122,17.073170731707318,20.365853658536587
11_36_14_812,0.0,1.0,1.0,-4.0,0.0,-4.0,0.0,0.0,0.95703125,-0.130859375,0.16796875,8.231707317073171,17.31707317073171,19.573170731707318
11_36_14_812,2.0,-2.0,-5.0,3.0,-1.0,3.0,0.0,-2.0,0.953125,-0.1298828125,0.171875,7.073170731707318,17.195121951219512,18.84146341463415
11_36_14_812,-2.0,1.0,1.0,0.0,0.0,2.0,-4.0,3.0,0.95556640625,-0.12158203125,0.16845703125,6.646341463414635,16.82926829268293,17.378048780487806
11_36_14_812,-2.0,-2.0,-3.0,-1.0,-4.0,0.0,1.0,-5.0,0.96044921875,-0.11328125,0.16162109375,7.987804878048781,15.975609756097562,15.54878048780488
11_36_14_812,-3.0,-2.0,3.0,-4.0,0.0,-5.0,-1.0,-1.0,0.96728515625,-0.10107421875,0.16357421875,10.548780487804878,14.695121951219514,13.231707317073171
11_36_14_812,-3.0,1.0,-1.0,0.0,-4.0,-1.0,2.0,3.0,0.970703125,-0.0908203125,0.16552734375,13.231707317073171,12.621951219512196,10.30487804878049
11_36_14_859,2.0,1.0,-1.0,-2.0,1.0,1.0,-2.0,1.0,0.95654296875,-0.13330078125,0.169921875,13.170731707317074,12.01219512195122,20.914634146341466
11_36_14_859,0.0,-2.0,-4.0,-1.0,0.0,0.0,-1.0,0.0,0.958984375,-0.1259765625,0.16552734375,12.560975609756099,13.170731707317074,21.097560975609756
11_36_14_859,-3.0,-1.0,-4.0,-3.0,-1.0,0.0,1.0,0.0,0.96044921875,-0.130859375,0.15283203125,11.646341463414634,14.451219512195124,20.975609756097562
11_36_14_859,3.0,-2.0,2.0,-2.0,-1.0,1.0,-5.0,-1.0,0.966796875,-0.13427734375,0.162109375,10.609756097560977,15.365853658536587,20.853658536585368
11_36_14_859,-2.0,1.0,-3.0,3.0,2.0,-2.0,1.0,-5.0,0.96240234375,-0.138671875,0.1611328125,10.24390243902439,16.402439024390244,20.60975609756098
11_36_14_859,1.0,0.0,-3.0,2.0,-1.0,1.0,-2.0,3.0,0.95556640625,-0.14111328125,0.1630859375,9.451219512195122,17.073170731707318,20.365853658536587
11_36_14_859,1.0,-2.0,1.0,-3.0,-1.0,-1.0,-3.0,-4.0,0.95703125,-0.130859375,0.16796875,8.231707317073171,17.31707317073171,19.573170731707318
11_36_14_859,0.0,0.0,1.0,-2.0,0.0,0.0,0.0,-1.0,0.953125,-0.1298828125,0.171875,7.073170731707318,17.195121951219512,18.84146341463415
11_36_14_859,0.0,-2.0,-5.0,1.0,-1.0,1.0,-3.0,2.0,0.95556640625,-0.12158203125,0.16845703125,6.646341463414635,16.82926829268293,17.378048780487806
11_36_14_908,1.0,1.0,0.0,-1.0,-6.0,0.0,-3.0,1.0,0.96435546875,-0.13330078125,0.16015625,12.439024390243903,7.317073170731708,16.28048780487805
11_36_14_908,-1.0,-1.0,-3.0,1.0,-3.0,-3.0,1.0,0.0,0.96337890625,-0.13427734375,0.15869140625,13.78048780487805,8.414634146341465,17.621951219512198
11_36_14_908,-4.0,-2.0,-5.0,0.0,0.0,1.0,-4.0,-1.0,0.966796875,-0.134765625,0.15625,14.085365853658537,9.695121951219512,18.78048780487805
11_36_14_908,0.0,-2.0,1.0,0.0,0.0,-1.0,0.0,0.0,0.96044921875,-0.134765625,0.15869140625,13.78048780487805,10.914634146341465,19.939024390243905
11_36_14_908,2.0,-1.0,-1.0,0.0,4.0,2.0,-1.0,0.0,0.95654296875,-0.13330078125,0.169921875,13.170731707317074,12.01219512195122,20.914634146341466
11_36_14_908,1.0,-2.0,-4.0,0.0,-2.0,0.0,1.0,0.0,0.958984375,-0.1259765625,0.16552734375,12.560975609756099,13.170731707317074,21.097560975609756
11_36_14_908,0.0,0.0,0.0,0.0,0.0,-1.0,-5.0,1.0,0.96044921875,-0.130859375,0.15283203125,11.646341463414634,14.451219512195124,20.975609756097562
11_36_14_908,2.0,-3.0,-1.0,-1.0,-4.0,-1.0,1.0,0.0,0.966796875,-0.13427734375,0.162109375,10.609756097560977,15.365853658536587,20.853658536585368
11_36_14_908,-2.0,-2.0,-2.0,-3.0,-4.0,-2.0,-3.0,0.0,0.96240234375,-0.138671875,0.1611328125,10.24390243902439,16.402439024390244,20.60975609756098
11_36_14_908,0.0,2.0,0.0,3.0,1.0,0.0,0.0,-2.0,0.95556640625,-0.14111328125,0.1630859375,9.451219512195122,17.073170731707318,20.365853658536587
11_36_14_955,0.0,-2.0,0.0,0.0,2.0,-2.0,-1.0,1.0,0.9580078125,-0.1259765625,0.16259765625,10.365853658536587,5.975609756097562,14.695121951219514
11_36_14_955,1.0,-2.0,-1.0,2.0,3.0,-2.0,-1.0,-4.0,0.96435546875,-0.13330078125,0.16015625,12.439024390243903,7.317073170731708,16.28048780487805
11_36_14_955,-2.0,-2.0,-4.0,-1.0,-3.0,-3.0,1.0,-2.0,0.96337890625,-0.13427734375,0.15869140625,13.78048780487805,8.414634146341465,17.621951219512198
11_36_14_955,2.0,-1.0,2.0,-3.0,-4.0,-3.0,0.0,-1.0,0.966796875,-0.134765625,0.15625,14.085365853658537,9.695121951219512,18.78048780487805
11_36_14_955,0.0,-5.0,-4.0,-1.0,2.0,-1.0,-2.0,-2.0,0.96044921875,-0.134765625,0.15869140625,13.78048780487805,10.914634146341465,19.939024390243905
11_36_14_955,-2.0,-1.0,-2.0,-2.0,2.0,1.0,1.0,0.0,0.95654296875,-0.13330078125,0.169921875,13.170731707317074,12.01219512195122,20.914634146341466
11_36_14_955,0.0,1.0,-1.0,0.0,-2.0,-1.0,0.0,-2.0,0.958984375,-0.1259765625,0.16552734375,12.560975609756099,13.170731707317074,21.097560975609756
11_36_14_955,1.0,0.0,2.0,-1.0,-2.0,1.0,-4.0,1.0,0.96044921875,-0.130859375,0.15283203125,11.646341463414634,14.451219512195124,20.975609756097562
11_36_14_955,0.0,1.0,-1.0,0.0,-4.0,0.0,-2.0,-2.0,0.966796875,-0.13427734375,0.162109375,10.609756097560977,15.365853658536587,20.853658536585368
11_36_15_010,-2.0,-2.0,-1.0,1.0,0.0,0.0,-1.0,1.0,0.947265625,-0.1416015625,0.17919921875,7.134146341463415,1.2195121951219514,8.963414634146343
11_36_15_010,0.0,-1.0,1.0,1.0,0.0,2.0,-2.0,0.0,0.95068359375,-0.1318359375,0.16845703125,7.621951219512196,2.682926829268293,11.097560975609756
11_36_15_010,-1.0,-2.0,-2.0,-1.0,0.0,0.0,2.0,-1.0,0.95458984375,-0.126953125,0.1708984375,8.78048780487805,4.451219512195122,13.04878048780488
11_36_15_010,0.0,1.0,-1.0,-1.0,-1.0,-3.0,2.0,-1.0,0.9580078125,-0.1259765625,0.16259765625,10.365853658536587,5.975609756097562,14.695121951219514
11_36_15_010,-3.0,-1.0,1.0,-5.0,-2.0,0.0,-3.0,2.0,0.96435546875,-0.13330078125,0.16015625,12.439024390243903,7.317073170731708,16.28048780487805
11_36_15_010,-3.0,-1.0,-3.0,-1.0,-1.0,-1.0,1.0,-2.0,0.96337890625,-0.13427734375,0.15869140625,13.78048780487805,8.414634146341465,17.621951219512198
11_36_15_010,-3.0,1.0,-1.0,-2.0,-3.0,1.0,0.0,3.0,0.966796875,-0.134765625,0.15625,14.085365853658537,9.695121951219512,18.78048780487805
11_36_15_010,-1.0,0.0,-3.0,0.0,-3.0,-2.0,-1.0,-1.0,0.96044921875,-0.134765625,0.15869140625,13.78048780487805,10.914634146341465,19.939024390243905
11_36_15_010,1.0,-5.0,-6.0,0.0,0.0,-1.0,-2.0,-3.0,0.95654296875,-0.13330078125,0.169921875,13.170731707317074,12.01219512195122,20.914634146341466
11_36_15_010,0.0,-2.0,0.0,0.0,2.0,-2.0,-1.0,1.0,0.958984375,-0.1259765625,0.16552734375,12.560975609756099,13.170731707317074,21.097560975609756
11_36_15_060,-3.0,-1.0,-2.0,-2.0,-2.0,-2.0,-3.0,-1.0,0.94482421875,-0.1494140625,0.18310546875,6.158536585365854,-2.1951219512195124,3.963414634146342
11_36_15_060,2.0,0.0,-3.0,2.0,-1.0,-4.0,2.0,-2.0,0.9443359375,-0.146484375,0.18017578125,6.890243902439025,-0.30487804878048785,6.52439024390244
11_36_15_060,-2.0,2.0,0.0,-1.0,-3.0,-1.0,-1.0,1.0,0.947265625,-0.1416015625,0.17919921875,7.134146341463415,1.2195121951219514,8.963414634146343
11_36_15_060,-3.0,-5.0,0.0,1.0,0.0,0.0,-1.0,0.0,0.95068359375,-0.1318359375,0.16845703125,7.621951219512196,2.682926829268293,11.097560975609756
11_36_15_060,0.0,-3.0,0.0,-1.0,-4.0,-3.0,1.0,-3.0,0.95458984375,-0.126953125,0.1708984375,8.78048780487805,4.451219512195122,13.04878048780488
11_36_15_060,-1.0,0.0,0.0,-2.0,-3.0,-1.0,-1.0,1.0,0.9580078125,-0.1259765625,0.16259765625,10.365853658536587,5.975609756097562,14.695121951219514
11_36_15_060,-2.0,-2.0,-5.0,-1.0,-1.0,-3.0,0.0,-1.0,0.96435546875,-0.13330078125,0.16015625,12.439024390243903,7.317073170731708,16.28048780487805
11_36_15_060,-1.0,-3.0,-4.0,-1.0,-1.0,0.0,-1.0,-2.0,0.96337890625,-0.13427734375,0.15869140625,13.78048780487805,8.414634146341465,17.621951219512198
11_36_15_060,0.0,-1.0,-1.0,0.0,1.0,0.0,-1.0,-2.0,0.966796875,-0.134765625,0.15625,14.085365853658537,9.695121951219512,18.78048780487805
11_36_15_107,1.0,-2.0,4.0,-2.0,-3.0,0.0,1.0,2.0,0.9384765625,-0.162109375,0.18212890625,1.6463414634146343,-6.2804878048780495,-3.4756097560975614
11_36_15_107,-5.0,1.0,-3.0,0.0,-4.0,0.0,-2.0,2.0,0.9345703125,-0.14599609375,0.1806640625,3.7195121951219514,-5.2439024390243905,-0.7317073170731708
11_36_15_107,-1.0,-1.0,-3.0,1.0,1.0,-2.0,-5.0,-2.0,0.93798828125,-0.1435546875,0.18408203125,5.2439024390243905,-3.780487804878049,1.6463414634146343
11_36_15_107,-1.0,-4.0,-4.0,-2.0,-1.0,-1.0,-2.0,1.0,0.94482421875,-0.1494140625,0.18310546875,6.158536585365854,-2.1951219512195124,3.963414634146342
11_36_15_107,-1.0,-2.0,-3.0,-5.0,0.0,-3.0,-2.0,-1.0,0.9443359375,-0.146484375,0.18017578125,6.890243902439025,-0.30487804878048785,6.52439024390244
11_36_15_107,1.0,-4.0,-2.0,-4.0,0.0,-3.0,-2.0,-1.0,0.947265625,-0.1416015625,0.17919921875,7.134146341463415,1.2195121951219514,8.963414634146343
11_36_15_107,-1.0,-1.0,1.0,-2.0,-5.0,0.0,-3.0,0.0,0.95068359375,-0.1318359375,0.16845703125,7.621951219512196,2.682926829268293,11.097560975609756
11_36_15_107,-1.0,0.0,2.0,-1.0,-5.0,-4.0,2.0,-2.0,0.95458984375,-0.126953125,0.1708984375,8.78048780487805,4.451219512195122,13.04878048780488
11_36_15_107,-5.0,-1.0,1.0,0.0,-4.0,-3.0,-2.0,-2.0,0.9580078125,-0.1259765625,0.16259765625,10.365853658536587,5.975609756097562,14.695121951219514
11_36_15_165,0.0,-1.0,-1.0,-4.0,-2.0,0.0,2.0,-3.0,0.95556640625,-0.16943359375,0.169921875,-1.829268292682927,-7.621951219512196,-8.658536585365855
11_36_15_165,-1.0,-3.0,-2.0,0.0,0.0,0.0,-2.0,4.0,0.94287109375,-0.16796875,0.17333984375,-0.12195121951219513,-7.317073170731708,-6.036585365853659
11_36_15_165,0.0,1.0,1.0,1.0,0.0,-1.0,2.0,-3.0,0.9384765625,-0.162109375,0.18212890625,1.6463414634146343,-6.2804878048780495,-3.4756097560975614
11_36_15_165,1.0,-2.0,4.0,-2.0,-3.0,0.0,1.0,2.0,0.9345703125,-0.14599609375,0.1806640625,3.7195121951219514,-5.2439024390243905,-0.7317073170731708
11_36_15_165,-5.0,1.0,-3.0,0.0,-4.0,0.0,-2.0,2.0,0.93798828125,-0.1435546875,0.18408203125,5.2439024390243905,-3.780487804878049,1.6463414634146343
11_36_15_165,-1.0,-1.0,-3.0,1.0,1.0,-2.0,-5.0,-2.0,0.94482421875,-0.1494140625,0.18310546875,6.158536585365854,-2.1951219512195124,3.963414634146342
11_36_15_165,-1.0,-4.0,-4.0,-2.0,-1.0,-1.0,-2.0,1.0,0.9443359375,-0.146484375,0.18017578125,6.890243902439025,-0.30487804878048785,6.52439024390244
11_36_15_165,-1.0,-2.0,-3.0,-5.0,0.0,-3.0,-2.0,-1.0,0.947265625,-0.1416015625,0.17919921875,7.134146341463415,1.2195121951219514,8.963414634146343
11_36_15_165,1.0,-4.0,-2.0,-4.0,0.0,-3.0,-2.0,-1.0,0.95068359375,-0.1318359375,0.16845703125,7.621951219512196,2.682926829268293,11.097560975609756
11_36_15_165,-1.0,-1.0,1.0,-2.0,-5.0,0.0,-3.0,0.0,0.95458984375,-0.126953125,0.1708984375,8.78048780487805,4.451219512195122,13.04878048780488
11_36_15_211,-3.0,2.0,0.0,0.0,0.0,0.0,-3.0,-2.0,0.98291015625,-0.15576171875,0.16162109375,-16.34146341463415,-8.353658536585366,-14.51219512195122
11_36_15_211,-2.0,-2.0,-3.0,-1.0,-3.0,1.0,-3.0,1.0,0.97265625,-0.1630859375,0.162109375,-10.670731707317074,-8.353658536585366,-12.987804878048781
11_36_15_211,-3.0,2.0,1.0,-1.0,1.0,2.0,-3.0,1.0,0.96142578125,-0.1591796875,0.1630859375,-5.548780487804878,-8.048780487804878,-11.097560975609756
11_36_15_211,-1.0,0.0,-1.0,0.0,-1.0,0.0,3.0,-2.0,0.95556640625,-0.16943359375,0.169921875,-1.829268292682927,-7.621951219512196,-8.658536585365855
11_36_15_211,-1.0,2.0,1.0,-3.0,0.0,0.0,3.0,-1.0,0.94287109375,-0.16796875,0.17333984375,-0.12195121951219513,-7.317073170731708,-6.036585365853659
11_36_15_211,0.0,-3.0,0.0,-1.0,-6.0,-2.0,-2.0,1.0,0.9384765625,-0.162109375,0.18212890625,1.6463414634146343,-6.2804878048780495,-3.4756097560975614
11_36_15_211,-2.0,2.0,1.0,3.0,-2.0,2.0,-2.0,0.0,0.9345703125,-0.14599609375,0.1806640625,3.7195121951219514,-5.2439024390243905,-0.7317073170731708
11_36_15_211,-4.0,-2.0,-2.0,0.0,1.0,-2.0,1.0,3.0,0.93798828125,-0.1435546875,0.18408203125,5.2439024390243905,-3.780487804878049,1.6463414634146343
11_36_15_211,-1.0,-3.0,-4.0,-1.0,1.0,-1.0,0.0,0.0,0.94482421875,-0.1494140625,0.18310546875,6.158536585365854,-2.1951219512195124,3.963414634146342
11_36_15_262,0.0,-1.0,3.0,-1.0,0.0,-4.0,5.0,-3.0,0.99365234375,-0.14306640625,0.15380859375,-21.03658536585366,-8.048780487804878,-15.30487804878049
11_36_15_262,0.0,1.0,2.0,-3.0,-1.0,1.0,-2.0,3.0,0.98291015625,-0.15576171875,0.16162109375,-16.34146341463415,-8.353658536585366,-14.51219512195122
11_36_15_262,-3.0,0.0,0.0,-2.0,-1.0,0.0,-3.0,-1.0,0.97265625,-0.1630859375,0.162109375,-10.670731707317074,-8.353658536585366,-12.987804878048781
11_36_15_262,0.0,0.0,-1.0,-1.0,-1.0,-1.0,-1.0,-3.0,0.96142578125,-0.1591796875,0.1630859375,-5.548780487804878,-8.048780487804878,-11.097560975609756
11_36_15_262,-2.0,-2.0,-6.0,-1.0,-3.0,1.0,-1.0,2.0,0.95556640625,-0.16943359375,0.169921875,-1.829268292682927,-7.621951219512196,-8.658536585365855
11_36_15_262,0.0,-1.0,-3.0,3.0,0.0,0.0,-1.0,0.0,0.94287109375,-0.16796875,0.17333984375,-0.12195121951219513,-7.317073170731708,-6.036585365853659
11_36_15_262,0.0,-1.0,-2.0,-2.0,-4.0,-2.0,-2.0,0.0,0.9384765625,-0.162109375,0.18212890625,1.6463414634146343,-6.2804878048780495,-3.4756097560975614
11_36_15_262,-3.0,2.0,0.0,0.0,0.0,0.0,-3.0,-2.0,0.9345703125,-0.14599609375,0.1806640625,3.7195121951219514,-5.2439024390243905,-0.7317073170731708
11_36_15_321,-1.0,-4.0,0.0,0.0,-1.0,-1.0,0.0,-3.0,0.97900390625,-0.14111328125,0.1630859375,-24.573170731707318,-7.317073170731708,-12.195121951219512
11_36_15_321,0.0,0.0,-2.0,-4.0,-3.0,-1.0,-5.0,1.0,0.98486328125,-0.13720703125,0.15966796875,-25.243902439024392,-7.500000000000001,-13.658536585365855
11_36_15_321,-5.0,-2.0,-3.0,-1.0,-1.0,-2.0,2.0,2.0,0.990234375,-0.13818359375,0.162109375,-24.390243902439025,-7.682926829268293,-14.878048780487806
11_36_15_321,3.0,-2.0,1.0,-2.0,1.0,0.0,-3.0,0.0,0.99365234375,-0.14306640625,0.15380859375,-21.03658536585366,-8.048780487804878,-15.30487804878049
11_36_15_321,-3.0,-1.0,-1.0,-2.0,-1.0,0.0,2.0,-3.0,0.98291015625,-0.15576171875,0.16162109375,-16.34146341463415,-8.353658536585366,-14.51219512195122
11_36_15_321,-3.0,2.0,1.0,1.0,-2.0,-3.0,0.0,1.0,0.97265625,-0.1630859375,0.162109375,-10.670731707317074,-8.353658536585366,-12.987804878048781
11_36_15_321,1.0,-1.0,-3.0,-1.0,-1.0,-5.0,0.0,2.0,0.96142578125,-0.1591796875,0.1630859375,-5.548780487804878,-8.048780487804878,-11.097560975609756
11_36_15_321,1.0,-3.0,-1.0,-1.0,-1.0,-1.0,-2.0,0.0,0.95556640625,-0.16943359375,0.169921875,-1.829268292682927,-7.621951219512196,-8.658536585365855
11_36_15_364,1.0,0.0,-3.0,0.0,2.0,-1.0,2.0,-1.0,0.96728515625,-0.16650390625,0.1650390625,-20.853658536585368,-6.463414634146342,-7.621951219512196
11_36_15_364,-1.0,1.0,-1.0,0.0,-3.0,2.0,1.0,-1.0,0.970703125,-0.14990234375,0.16845703125,-21.707317073170735,-6.7682926829268295,-8.963414634146343
11_36_15_364,2.0,-1.0,-5.0,3.0,-2.0,-2.0,3.0,1.0,0.97509765625,-0.14404296875,0.16796875,-23.10975609756098,-7.01219512195122,-10.487804878048781
11_36_15_364,-1.0,0.0,3.0,-1.0,-3.0,-1.0,-2.0,-2.0,0.97900390625,-0.14111328125,0.1630859375,-24.573170731707318,-7.317073170731708,-12.195121951219512
11_36_15_364,-2.0,-3.0,-2.0,-1.0,-1.0,-2.0,2.0,0.0,0.98486328125,-0.13720703125,0.15966796875,-25.243902439024392,-7.500000000000001,-13.658536585365855
11_36_15_364,-3.0,-3.0,0.0,1.0,-1.0,0.0,0.0,2.0,0.990234375,-0.13818359375,0.162109375,-24.390243902439025,-7.682926829268293,-14.878048780487806
11_36_15_364,0.0,-4.0,-2.0,-3.0,-1.0,-2.0,-1.0,-5.0,0.99365234375,-0.14306640625,0.15380859375,-21.03658536585366,-8.048780487804878,-15.30487804878049
11_36_15_364,0.0,-1.0,-3.0,0.0,-1.0,1.0,0.0,1.0,0.98291015625,-0.15576171875,0.16162109375,-16.34146341463415,-8.353658536585366,-14.51219512195122
11_36_15_364,1.0,2.0,-1.0,-2.0,0.0,-1.0,0.0,1.0,0.97265625,-0.1630859375,0.162109375,-10.670731707317074,-8.353658536585366,-12.987804878048781
11_36_15_425,-5.0,1.0,-2.0,-3.0,2.0,-4.0,-4.0,0.0,0.9541015625,-0.18359375,0.181640625,-19.512195121951223,-6.585365853658537,-5.670731707317073
11_36_15_425,-1.0,-3.0,-2.0,1.0,-2.0,0.0,-5.0,-2.0,0.9599609375,-0.1796875,0.1806640625,-19.26829268292683,-6.097560975609756,-6.036585365853659
11_36_15_425,-1.0,1.0,1.0,-1.0,2.0,1.0,-2.0,-1.0,0.958984375,-0.17919921875,0.17138671875,-19.81707317073171,-6.219512195121951,-6.707317073170732
11_36_15_425,1.0,-5.0,-1.0,0.0,2.0,0.0,-2.0,-4.0,0.96728515625,-0.16650390625,0.1650390625,-20.853658536585368,-6.463414634146342,-7.621951219512196
11_36_15_425,-2.0,-4.0,0.0,-1.0,0.0,-2.0,1.0,0.0,0.970703125,-0.14990234375,0.16845703125,-21.707317073170735,-6.7682926829268295,-8.963414634146343
11_36_15_425,-1.0,0.0,0.0,1.0,0.0,-1.0,1.0,0.0,0.97509765625,-0.14404296875,0.16796875,-23.10975609756098,-7.01219512195122,-10.487804878048781
11_36_15_425,0.0,-1.0,3.0,0.0,1.0,-1.0,-5.0,-3.0,0.97900390625,-0.14111328125,0.1630859375,-24.573170731707318,-7.317073170731708,-12.195121951219512
11_36_15_425,-4.0,0.0,1.0,-3.0,3.0,-1.0,-2.0,-2.0,0.98486328125,-0.13720703125,0.15966796875,-25.243902439024392,-7.500000000000001,-13.658536585365855
11_36_15_425,1.0,-4.0,1.0,-3.0,-2.0,-2.0,2.0,2.0,0.990234375,-0.13818359375,0.162109375,-24.390243902439025,-7.682926829268293,-14.878048780487806
11_36_15_425,1.0,0.0,-3.0,0.0,2.0,-1.0,2.0,-1.0,0.99365234375,-0.14306640625,0.15380859375,-21.03658536585366,-8.048780487804878,-15.30487804878049
11_36_15_474,1.0,-3.0,-1.0,-3.0,1.0,1.0,4.0,-4.0,0.95263671875,-0.1943359375,0.19140625,-19.512195121951223,-7.8048780487804885,-5.3048780487804885
11_36_15_474,-4.0,0.0,-1.0,-2.0,-1.0,-3.0,-1.0,-1.0,0.95556640625,-0.19189453125,0.19677734375,-19.695121951219512,-7.195121951219513,-5.609756097560976
11_36_15_474,0.0,-2.0,-2.0,0.0,-4.0,2.0,2.0,0.0,0.9541015625,-0.18359375,0.181640625,-19.512195121951223,-6.585365853658537,-5.670731707317073
11_36_15_474,-1.0,2.0,-1.0,-2.0,1.0,0.0,-4.0,-2.0,0.9599609375,-0.1796875,0.1806640625,-19.26829268292683,-6.097560975609756,-6.036585365853659
11_36_15_474,-3.0,-4.0,-2.0,-3.0,-3.0,1.0,0.0,-4.0,0.958984375,-0.17919921875,0.17138671875,-19.81707317073171,-6.219512195121951,-6.707317073170732
11_36_15_474,-4.0,-3.0,-4.0,1.0,-1.0,-2.0,-3.0,-1.0,0.96728515625,-0.16650390625,0.1650390625,-20.853658536585368,-6.463414634146342,-7.621951219512196
11_36_15_474,-1.0,-2.0,-2.0,0.0,-4.0,0.0,-4.0,-1.0,0.970703125,-0.14990234375,0.16845703125,-21.707317073170735,-6.7682926829268295,-8.963414634146343
11_36_15_474,2.0,3.0,-1.0,3.0,-2.0,4.0,-1.0,2.0,0.97509765625,-0.14404296875,0.16796875,-23.10975609756098,-7.01219512195122,-10.487804878048781
11_36_15_474,-3.0,-2.0,2.0,0.0,-2.0,-1.0,0.0,-2.0,0.97900390625,-0.14111328125,0.1630859375,-24.573170731707318,-7.317073170731708,-12.195121951219512
11_36_15_515,-3.0,-1.0,-1.0,1.0,1.0,-2.0,-4.0,1.0,0.96826171875,-0.1943359375,0.20166015625,-8.414634146341465,-9.51219512195122,-3.1097560975609757
11_36_15_515,-1.0,-2.0,0.0,-1.0,1.0,-4.0,-2.0,2.0,0.96484375,-0.20068359375,0.1982421875,-11.402439024390246,-9.329268292682928,-4.085365853658537
11_36_15_515,-1.0,-1.0,-2.0,-2.0,-1.0,-4.0,-4.0,1.0,0.96142578125,-0.19873046875,0.19580078125,-15.243902439024392,-8.963414634146343,-4.695121951219512
11_36_15_515,-2.0,1.0,-1.0,-2.0,2.0,-1.0,-3.0,1.0,0.953125,-0.19921875,0.1953125,-17.98780487804878,-8.353658536585366,-5.0
11_36_15_515,1.0,1.0,1.0,-4.0,2.0,1.0,1.0,0.0,0.95263671875,-0.1943359375,0.19140625,-19.512195121951223,-7.8048780487804885,-5.3048780487804885
11_36_15_515,1.0,-5.0,-1.0,-3.0,0.0,-2.0,-2.0,-2.0,0.95556640625,-0.19189453125,0.19677734375,-19.695121951219512,-7.195121951219513,-5.609756097560976
11_36_15_515,-1.0,0.0,-1.0,-1.0,1.0,1.0,-1.0,0.0,0.9541015625,-0.18359375,0.181640625,-19.512195121951223,-6.585365853658537,-5.670731707317073
11_36_15_515,-1.0,0.0,0.0,-1.0,-3.0,-1.0,4.0,-3.0,0.9599609375,-0.1796875,0.1806640625,-19.26829268292683,-6.097560975609756,-6.036585365853659
11_36_15_515,-2.0,-1.0,2.0,0.0,-3.0,-2.0,-1.0,-1.0,0.958984375,-0.17919921875,0.17138671875,-19.81707317073171,-6.219512195121951,-6.707317073170732
11_36_15_515,-3.0,-2.0,0.0,-4.0,-2.0,-1.0,-1.0,-3.0,0.96728515625,-0.16650390625,0.1650390625,-20.853658536585368,-6.463414634146342,-7.621951219512196
11_36_15_584,0.0,-1.0,0.0,-2.0,1.0,-1.0,1.0,0.0,0.9697265625,-0.18798828125,0.1953125,-6.7682926829268295,-9.390243902439025,-1.6463414634146343
11_36_15_584,1.0,0.0,1.0,-2.0,1.0,0.0,-1.0,-3.0,0.96826171875,-0.1943359375,0.20166015625,-8.414634146341465,-9.51219512195122,-3.1097560975609757
11_36_15_584,0.0,0.0,-3.0,-1.0,-2.0,0.0,4.0,-1.0,0.96484375,-0.20068359375,0.1982421875,-11.402439024390246,-9.329268292682928,-4.085365853658537
11_36_15_584,0.0,2.0,3.0,-1.0,0.0,-1.0,-6.0,1.0,0.96142578125,-0.19873046875,0.19580078125,-15.243902439024392,-8.963414634146343,-4.695121951219512
11_36_15_584,-1.0,-1.0,-5.0,-5.0,-1.0,-2.0,1.0,-2.0,0.953125,-0.19921875,0.1953125,-17.98780487804878,-8.353658536585366,-5.0
11_36_15_584,-4.0,4.0,-2.0,-3.0,0.0,1.0,-6.0,1.0,0.95263671875,-0.1943359375,0.19140625,-19.512195121951223,-7.8048780487804885,-5.3048780487804885
11_36_15_584,-1.0,1.0,0.0,1.0,-1.0,0.0,3.0,-1.0,0.95556640625,-0.19189453125,0.19677734375,-19.695121951219512,-7.195121951219513,-5.609756097560976
11_36_15_584,-1.0,-1.0,0.0,0.0,0.0,-2.0,-4.0,-2.0,0.9541015625,-0.18359375,0.181640625,-19.512195121951223,-6.585365853658537,-5.670731707317073
11_36_15_584,2.0,2.0,-3.0,-4.0,-2.0,-1.0,2.0,-2.0,0.9599609375,-0.1796875,0.1806640625,-19.26829268292683,-6.097560975609756,-6.036585365853659
11_36_15_617,-1.0,-2.0,-2.0,0.0,-4.0,-2.0,2.0,3.0,0.97509765625,-0.166015625,0.19140625,-0.3658536585365854,-7.25609756097561,3.353658536585366
11_36_15_617,-1.0,-3.0,-3.0,-6.0,2.0,0.0,-1.0,-2.0,0.97265625,-0.17431640625,0.1865234375,-3.4756097560975614,-8.414634146341465,1.9512195121951221
11_36_15_617,0.0,-2.0,-1.0,0.0,-2.0,-3.0,1.0,-2.0,0.97021484375,-0.1796875,0.1953125,-5.853658536585367,-9.146341463414634,0.24390243902439027
11_36_15_617,0.0,1.0,0.0,-2.0,-2.0,-2.0,-2.0,0.0,0.9697265625,-0.18798828125,0.1953125,-6.7682926829268295,-9.390243902439025,-1.6463414634146343
11_36_15_617,-1.0,-2.0,-5.0,1.0,2.0,-3.0,0.0,-4.0,0.96826171875,-0.1943359375,0.20166015625,-8.414634146341465,-9.51219512195122,-3.1097560975609757
11_36_15_617,-1.0,1.0,1.0,-1.0,-3.0,0.0,-3.0,-1.0,0.96484375,-0.20068359375,0.1982421875,-11.402439024390246,-9.329268292682928,-4.085365853658537
11_36_15_617,-2.0,-4.0,-4.0,1.0,2.0,-2.0,1.0,0.0,0.96142578125,-0.19873046875,0.19580078125,-15.243902439024392,-8.963414634146343,-4.695121951219512
11_36_15_617,-1.0,1.0,3.0,0.0,-1.0,-1.0,-6.0,1.0,0.953125,-0.19921875,0.1953125,-17.98780487804878,-8.353658536585366,-5.0
11_36_15_617,0.0,-1.0,0.0,-2.0,1.0,-1.0,1.0,0.0,0.95263671875,-0.1943359375,0.19140625,-19.512195121951223,-7.8048780487804885,-5.3048780487804885
11_36_15_675,0.0,-1.0,2.0,-5.0,-2.0,1.0,-4.0,0.0,0.97021484375,-0.16162109375,0.18701171875,1.2804878048780488,-5.7926829268292686,4.390243902439025
11_36_15_675,-2.0,-3.0,0.0,-3.0,-2.0,0.0,3.0,0.0,0.97509765625,-0.166015625,0.19140625,-0.3658536585365854,-7.25609756097561,3.353658536585366
11_36_15_675,-3.0,-1.0,-1.0,3.0,-1.0,-2.0,-2.0,-1.0,0.97265625,-0.17431640625,0.1865234375,-3.4756097560975614,-8.414634146341465,1.9512195121951221
11_36_15_675,-4.0,-3.0,-1.0,-1.0,0.0,-1.0,5.0,-1.0,0.97021484375,-0.1796875,0.1953125,-5.853658536585367,-9.146341463414634,0.24390243902439027
11_36_15_675,-3.0,-3.0,-1.0,-2.0,-3.0,-3.0,-3.0,0.0,0.9697265625,-0.18798828125,0.1953125,-6.7682926829268295,-9.390243902439025,-1.6463414634146343
11_36_15_675,0.0,0.0,-5.0,-1.0,-3.0,-1.0,-3.0,0.0,0.96826171875,-0.1943359375,0.20166015625,-8.414634146341465,-9.51219512195122,-3.1097560975609757
11_36_15_675,-2.0,0.0,-1.0,-3.0,4.0,-2.0,-5.0,-1.0,0.96484375,-0.20068359375,0.1982421875,-11.402439024390246,-9.329268292682928,-4.085365853658537
11_36_15_675,0.0,-2.0,-1.0,-2.0,-4.0,-3.0,1.0,-2.0,0.96142578125,-0.19873046875,0.19580078125,-15.243902439024392,-8.963414634146343,-4.695121951219512
11_36_15_722,-3.0,-3.0,-5.0,0.0,-1.0,-5.0,1.0,1.0,0.97607421875,-0.17919921875,0.212890625,6.2804878048780495,-1.5853658536585367,5.975609756097562
11_36_15_722,1.0,-2.0,-2.0,-1.0,-2.0,-3.0,2.0,-4.0,0.98193359375,-0.1728515625,0.19921875,4.390243902439025,-1.8902439024390245,5.975609756097562
11_36_15_722,-3.0,-2.0,-2.0,-2.0,2.0,-1.0,-3.0,1.0,0.98583984375,-0.1748046875,0.20263671875,3.353658536585366,-2.7439024390243905,6.036585365853659
11_36_15_722,-2.0,1.0,3.0,0.0,-2.0,-3.0,0.0,-1.0,0.98388671875,-0.17724609375,0.1953125,1.9512195121951221,-3.9024390243902443,5.609756097560976
11_36_15_722,-1.0,0.0,0.0,-1.0,3.0,-1.0,-2.0,-1.0,0.97900390625,-0.17041015625,0.2021484375,1.524390243902439,-4.878048780487806,5.121951219512195
11_36_15_722,-4.0,-1.0,-3.0,-2.0,-2.0,2.0,-2.0,3.0,0.97021484375,-0.16162109375,0.18701171875,1.2804878048780488,-5.7926829268292686,4.390243902439025
11_36_15_722,0.0,-3.0,-1.0,-2.0,-3.0,0.0,-1.0,0.0,0.97509765625,-0.166015625,0.19140625,-0.3658536585365854,-7.25609756097561,3.353658536585366
11_36_15_722,0.0,0.0,-1.0,-2.0,-3.0,-1.0,-3.0,-2.0,0.97265625,-0.17431640625,0.1865234375,-3.4756097560975614,-8.414634146341465,1.9512195121951221
11_36_15_722,2.0,-3.0,-3.0,1.0,0.0,-2.0,0.0,3.0,0.97021484375,-0.1796875,0.1953125,-5.853658536585367,-9.146341463414634,0.24390243902439027
11_36_15_722,2.0,-2.0,-2.0,-2.0,-4.0,0.0,-2.0,1.0,0.9697265625,-0.18798828125,0.1953125,-6.7682926829268295,-9.390243902439025,-1.6463414634146343
11_36_15_783,-1.0,-2.0,-3.0,-1.0,-1.0,-2.0,-2.0,-3.0,0.962890625,-0.1865234375,0.208984375,11.646341463414634,-0.7317073170731708,5.3048780487804885
11_36_15_783,0.0,1.0,1.0,0.0,0.0,-1.0,-1.0,1.0,0.9697265625,-0.1884765625,0.20703125,9.329268292682928,-0.9146341463414634,5.670731707317073
11_36_15_783,-2.0,1.0,0.0,-3.0,-1.0,-1.0,-1.0,-1.0,0.97607421875,-0.17919921875,0.212890625,6.2804878048780495,-1.5853658536585367,5.975609756097562
11_36_15_783,-4.0,4.0,-2.0,-3.0,-1.0,0.0,-4.0,3.0,0.98193359375,-0.1728515625,0.19921875,4.390243902439025,-1.8902439024390245,5.975609756097562
11_36_15_783,1.0,0.0,-2.0,-2.0,0.0,-2.0,0.0,0.0,0.98583984375,-0.1748046875,0.20263671875,3.353658536585366,-2.7439024390243905,6.036585365853659
11_36_15_783,0.0,2.0,-2.0,2.0,-1.0,-1.0,0.0,0.0,0.98388671875,-0.17724609375,0.1953125,1.9512195121951221,-3.9024390243902443,5.609756097560976
11_36_15_783,-1.0,-2.0,-2.0,-3.0,1.0,0.0,-2.0,0.0,0.97900390625,-0.17041015625,0.2021484375,1.524390243902439,-4.878048780487806,5.121951219512195
11_36_15_783,-3.0,0.0,-1.0,-1.0,-1.0,-4.0,3.0,0.0,0.97021484375,-0.16162109375,0.18701171875,1.2804878048780488,-5.7926829268292686,4.390243902439025
11_36_15_783,0.0,0.0,2.0,-3.0,0.0,0.0,0.0,0.0,0.97509765625,-0.166015625,0.19140625,-0.3658536585365854,-7.25609756097561,3.353658536585366
11_36_15_783,-1.0,2.0,1.0,-3.0,1.0,0.0,-5.0,2.0,0.97265625,-0.17431640625,0.1865234375,-3.4756097560975614,-8.414634146341465,1.9512195121951221
11_36_15_836,-2.0,-1.0,-2.0,1.0,-1.0,1.0,-1.0,-1.0,0.9697265625,-0.1884765625,0.20703125,9.329268292682928,-0.9146341463414634,5.670731707317073
11_36_15_836,-2.0,-1.0,-4.0,-1.0,-4.0,-3.0,-1.0,-2.0,0.97607421875,-0.17919921875,0.212890625,6.2804878048780495,-1.5853658536585367,5.975609756097562
11_36_15_836,0.0,-1.0,-3.0,4.0,-5.0,0.0,-1.0,-2.0,0.98193359375,-0.1728515625,0.19921875,4.390243902439025,-1.8902439024390245,5.975609756097562
11_36_15_836,-1.0,1.0,-1.0,-1.0,0.0,-2.0,-2.0,-1.0,0.98583984375,-0.1748046875,0.20263671875,3.353658536585366,-2.7439024390243905,6.036585365853659
11_36_15_836,-3.0,-2.0,0.0,-3.0,-1.0,-3.0,0.0,-2.0,0.98388671875,-0.17724609375,0.1953125,1.9512195121951221,-3.9024390243902443,5.609756097560976
11_36_15_836,-1.0,-3.0,3.0,-3.0,0.0,1.0,0.0,0.0,0.97900390625,-0.17041015625,0.2021484375,1.524390243902439,-4.878048780487806,5.121951219512195
