cv_inf_ms,proc_time_ms
1418.778,1472.55
115.742,133.78
123.802,138.72
137.155,152.14
116.53,130.94
121.519,148.9
136.295,149.25
130.047,144.58
126.824,140.92
159.455,173.3
148.402,185.65
149.156,181.63
139.342,219.01
148.574,210.98
150.796,171.27
113.855,140.64
129.02,146.15
122.238,145.93
131.734,152.65
110.132,134.58
91.654,115.27
94.626,118.12
118.574,137.41
122.052,151.97
109.75,173.31
98.761,118.08
85.282,108.24
89.584,109.94
114.261,138.22
96.046,124.28
123.099,151.23
105.772,131.09
132.641,157.1
131.182,155.55
114.569,139.09
115.914,138.77
143.999,166.4
118.691,142.9
125.552,151.62
99.932,124.6
80.22,106.89
122.953,150.33
103.011,125.41
124.629,150.86
123.942,145.17
136.55,166.34
131.422,150.3
118.416,149.97
115.963,141.75
108.194,130.42
112.282,137.4
116.767,141.19
132.635,155.18
94.456,143.08
130.351,144.86
117.54,133.56
77.249,119.89
128.064,149.12
83.108,108.71
85.885,119.0
115.379,127.58
138.261,150.72
122.832,173.64
126.66,139.02
137.123,182.08
124.153,137.18
151.415,169.93
99.71,140.34
97.84,113.74
112.268,122.51
130.896,140.88
131.64,143.4
119.998,131.57
137.15,153.86
130.435,151.34
97.492,107.77
117.67,133.64
70.614,84.11
100.792,112.51
112.508,124.5
124.084,137.83
112.346,124.88
109.75,120.88
131.175,144.52
118.396,131.54
110.82,123.95
104.472,118.36
134.075,148.7
123.443,180.38
123.001,174.72
119.497,161.87
144.63,157.61
85.403,121.6
96.38,124.99
112.826,128.38
128.563,145.76
119.268,150.33
114.508,130.73
84.175,100.59
112.336,126.65
131.908,146.2
128.195,147.77
140.895,157.01
95.46,112.35
94.387,122.09
88.063,102.53
101.61,121.8
115.806,129.88
92.485,129.79
98.104,129.63
115.15,129.74
115.162,130.06
113.354,126.74
110.34,129.25
114.557,130.13
113.558,128.6
112.744,127.99
113.13,128.2
110.503,126.01
112.077,128.81
126.078,140.23
114.649,128.29
111.929,125.85
106.086,123.1
109.475,124.53
111.809,128.43
109.326,126.54
108.866,123.91
113.217,132.24
110.121,124.28
109.768,123.45
98.629,112.91
84.096,101.63
85.789,102.47
100.248,121.09
93.94,126.69
107.41,126.99
113.324,130.12
114.282,132.78
142.544,157.26
144.172,172.12
95.072,110.03
85.66,101.93
125.948,154.75
75.554,98.61
98.747,118.33
142.069,161.32
116.955,134.19
145.992,167.63
85.479,102.99
110.326,131.34
85.607,102.12
94.289,122.48
121.391,138.79
90.61,113.95
112.424,129.98
112.238,141.88
110.769,142.9
135.219,204.27
112.378,135.99
101.207,126.02
141.622,166.96
117.475,144.32
136.094,165.61
109.729,137.3
91.236,114.93
91.951,116.48
96.835,119.13
113.682,179.97
119.636,144.89
113.726,133.49
126.873,150.04
134.229,161.68
112.198,139.27
97.215,126.06
92.771,119.92
95.65,124.27
97.762,136.24
111.541,139.2
93.169,122.03
128.699,163.37
130.152,157.7
117.695,141.0
111.614,134.54
134.366,159.22
123.725,151.59
128.821,153.42
130.64,155.95
112.35,133.96
106.625,167.96
128.804,149.32
103.285,128.95
125.444,157.86
126.289,154.47
139.381,166.53
108.613,127.85
110.105,131.53
107.027,132.04
106.029,128.19
107.112,133.3
114.473,142.0
121.75,148.8
96.307,138.07
103.038,129.96
101.767,132.91
118.041,139.3
85.521,112.13
112.864,135.89
111.326,133.59
100.301,134.12
126.976,149.61
144.879,171.11
103.311,126.03
95.334,118.14
95.99,120.94
137.883,161.38
139.71,167.36
106.954,130.75
114.556,139.99
109.342,134.11
121.772,150.33
124.852,166.67
105.588,144.42
125.642,143.38
121.459,163.34
102.202,126.31
101.514,126.91
131.664,149.03
152.39,175.83
87.472,108.51
143.803,167.66
106.135,129.04
113.196,162.51
109.234,131.61
128.635,148.74
108.044,126.51
109.794,129.72
133.194,155.72
93.489,128.94
96.153,123.21
97.867,123.03
103.136,126.34
134.176,160.23
134.935,160.1
112.925,165.9
110.312,156.35
120.78,151.24
99.655,135.28
129.968,139.11
114.326,135.79
134.411,156.81
72.488,121.51
129.947,144.11
855.146,881.83
105.88,127.93
161.212,175.6
126.179,133.21
108.088,122.2
130.125,141.44
112.323,120.22
120.399,126.21
108.305,116.04
124.918,131.27
101.957,118.04
174.345,197.19
127.364,135.82
128.514,139.24
139.544,154.04
126.425,144.61
122.766,147.34
136.274,151.89
129.131,141.33
140.389,152.81
133.472,154.71
143.712,163.97
167.054,182.74
135.352,149.5
136.532,148.57
163.233,188.3
131.725,143.74
127.774,143.5
107.64,120.18
151.285,176.88
124.342,139.96
137.376,159.89
139.044,159.27
127.482,149.89
115.123,141.55
127.944,141.23
149.382,164.33
111.997,127.55
113.216,129.62
89.438,107.69
126.159,144.2
148.138,215.66
146.339,170.99
116.955,165.02
113.838,130.86
110.163,126.8
143.113,159.81
121.717,142.2
142.347,160.95
130.184,150.65
139.338,156.48
118.567,137.44
134.449,162.98
129.873,172.17
168.196,192.53
124.638,149.79
147.043,209.84
122.631,181.27
129.379,177.16
147.211,164.91
105.818,122.8
125.066,180.41
145.39,196.55
132.954,183.5
124.19,163.0
128.145,170.11
121.084,168.09
137.692,178.35
121.734,136.25
129.11,178.28
92.979,110.8
124.375,139.69
109.351,150.52
112.812,123.99
105.905,117.83
74.25,87.01
129.446,141.07
118.129,143.09
87.56,101.02
104.203,116.22
89.615,102.97
119.525,131.04
118.322,131.68
115.726,155.41
160.025,177.35
128.184,152.77
127.814,167.1
105.382,117.79
112.503,126.37
104.813,116.66
115.125,128.45
125.144,140.93
118.75,131.51
112.035,124.12
115.345,126.84
122.118,134.35
127.094,179.41
90.319,113.59
124.155,139.92
120.849,170.35
110.954,127.26
98.64,139.69
79.449,94.7
118.592,144.09
153.335,207.56
128.735,163.83
118.423,140.92
98.622,119.98
123.533,154.34
107.056,136.64
107.108,128.35
79.243,103.06
140.684,165.91
99.659,121.6
127.766,152.0
113.767,132.38
135.537,152.94
113.633,132.74
123.613,151.82
121.691,151.57
148.629,171.76
89.882,118.78
84.374,107.83
96.782,121.19
124.405,148.95
121.939,149.76
112.84,139.16
98.435,132.36
87.607,114.39
76.445,101.0
128.703,162.71
123.439,150.12
78.253,104.22
96.186,126.11
88.253,118.54
148.655,183.04
101.102,127.71
117.372,151.97
123.042,152.77
105.388,127.24
113.013,136.08
109.045,131.49
129.322,150.77
117.249,149.12
97.277,121.7
108.572,136.09
108.463,136.53
128.558,159.23
71.745,98.91
89.529,117.58
91.689,117.36
117.994,150.81
92.994,121.83
118.647,151.84
124.986,148.58
100.242,126.13
109.972,134.76
110.883,137.66
109.287,132.3
112.217,134.21
108.197,131.21
107.961,131.44
113.937,138.21
127.886,155.87
104.13,127.7
106.939,131.44
130.918,154.9
94.993,122.23
101.163,126.9
117.002,140.95
87.03,115.12
146.404,175.06
133.148,157.27
128.714,157.98
116.474,136.15
126.236,144.41
135.12,163.61
106.734,127.93
83.514,105.28
107.631,131.21
150.187,173.31
90.474,110.93
79.326,102.15
152.256,185.72
83.787,109.05
80.911,104.21
112.205,142.77
112.411,135.17
78.87,107.19
147.781,176.04
87.682,112.23
78.558,105.07
95.882,120.56
96.118,124.82
98.037,124.97
113.363,136.5
110.504,133.95
125.215,188.96
132.339,165.7
136.471,188.61
159.476,183.1
81.046,101.41
150.185,173.59
108.542,125.88
113.764,131.15
117.224,134.0
121.652,137.4
116.842,133.5
125.441,142.07
143.997,170.27
141.23,166.33
116.051,156.1
100.73,144.13
95.691,130.07
78.079,131.64
124.644,149.19
142.711,191.2
139.78,154.42
110.653,159.76
144.954,194.0
123.939,177.23
130.713,172.77
146.817,196.16
129.036,168.19
93.27,142.14
102.61,155.23
109.438,155.55
117.702,170.33
144.407,161.05
126.459,150.38
115.856,133.36
102.832,117.49
101.226,116.58
86.237,103.75
98.63,117.12
81.967,100.45
125.66,170.19
162.527,187.17
115.721,137.9
110.904,128.71
109.465,126.81
113.076,133.6
115.884,133.42
146.619,168.8
154.335,193.44
96.282,114.76
86.409,106.84
153.358,181.72
115.075,135.92
111.958,132.74
127.563,145.46
132.493,156.26
108.849,134.62
121.657,143.4
117.196,138.79
84.585,108.21
84.172,106.0
103.441,127.09
141.323,174.41
128.517,154.91
121.035,144.39
92.842,116.36
97.466,119.75
95.938,117.72
89.679,113.82
79.548,107.65
127.194,153.74
75.357,101.92
116.653,139.21
95.534,122.79
100.584,127.13
111.286,140.92
123.641,147.21
117.377,150.52
146.231,173.44
121.805,149.98
935.726,965.65
128.642,139.21
143.248,152.71
164.644,178.19
74.189,95.91
156.87,169.22
135.086,148.77
159.207,169.74
119.098,131.1
129.887,148.55
125.804,135.72
113.783,131.97
113.49,124.17
118.265,127.11
109.662,122.08
126.123,136.24
108.356,116.66
153.087,174.97
115.897,135.27
145.308,160.81
112.925,146.89
116.604,133.84
137.712,161.4
121.822,131.95
117.623,132.45
118.056,133.37
131.553,142.35
110.219,123.63
113.436,122.41
119.232,132.42
122.369,135.65
143.548,153.96
142.697,156.86
145.446,167.55
127.08,143.78
146.66,158.35
124.422,137.54
131.372,143.37
134.723,149.3
159.767,176.19
87.152,101.18
154.28,176.95
95.404,110.23
92.182,121.75
112.411,130.42
96.344,112.38
103.296,126.72
149.558,167.6
133.108,153.0
110.714,158.08
118.834,167.71
109.474,161.52
145.317,205.31
143.126,164.35
98.724,124.97
154.663,182.51
135.944,162.8
120.665,138.4
123.66,143.54
115.585,136.25
94.06,115.04
130.309,154.17
115.715,136.65
108.202,128.34
125.381,147.3
120.39,142.4
132.168,155.73
111.409,138.99
160.669,188.46
113.27,141.61
117.686,142.45
114.119,138.42
113.901,138.36
105.893,129.04
120.119,149.02
110.774,135.02
146.229,182.66
98.305,121.1
128.121,152.71
98.775,121.29
90.822,123.45
104.385,138.37
101.288,129.37
134.523,181.57
142.9,172.05
120.191,175.05
113.536,130.3
113.083,134.76
102.433,128.99
129.479,159.13
127.966,160.93
134.606,158.52
101.411,125.25
127.983,153.01
125.138,145.82
96.779,119.63
87.352,108.9
83.116,107.95
99.051,124.67
100.323,123.25
95.914,123.33
101.934,129.2
126.275,147.64
110.687,138.34
108.521,131.14
92.386,119.04
99.743,130.63
130.215,165.58
146.931,180.96
135.647,177.49
130.424,171.45
100.098,153.63
132.32,155.47
109.255,150.26
111.263,127.37
104.841,125.4
84.788,101.29
94.976,117.87
87.624,107.88
114.877,136.32
93.991,115.75
131.154,148.61
87.694,109.6
112.307,133.95
100.944,124.36
124.833,145.73
98.399,122.37
94.265,123.86
112.608,132.25
111.522,132.31
103.235,136.11
131.127,163.09
79.4,99.68
100.404,124.54
145.883,169.36
105.07,125.97
125.003,149.86
107.381,127.93
148.326,172.65
115.996,134.61
109.529,130.62
125.278,146.81
111.629,133.04
144.122,162.17
119.901,149.83
116.967,141.56
130.994,161.26
102.117,123.43
100.28,121.42
122.473,144.49
100.791,121.41
130.104,157.72
113.806,133.07
125.849,146.88
122.045,144.41
128.691,157.17
130.457,154.49
87.284,111.25
162.983,188.17
122.864,146.57
160.303,179.44
124.231,144.26
136.097,162.61
133.79,154.43
112.123,134.56
133.308,155.45
117.971,171.47
127.039,171.28
145.982,183.35
152.5,199.2
96.046,112.72
139.176,161.52
109.963,129.47
110.12,130.44
114.349,131.67
122.391,141.11
110.524,129.02
115.632,138.17
128.049,144.39
114.394,131.37
127.66,144.74
127.264,144.16
113.251,138.63
112.149,131.87
93.861,120.72
101.355,125.4
97.574,121.06
102.162,134.02
110.643,128.41
101.863,134.78
108.805,131.35
107.867,143.87
152.618,209.06
147.216,173.03
123.064,149.79
78.585,104.52
151.551,176.06
101.088,123.73
87.953,114.08
102.378,127.27
110.243,137.54
74.701,100.9
116.202,141.83
104.094,129.95
112.837,142.04
103.545,129.27
147.688,177.34
108.441,130.96
116.443,140.96
111.962,136.72
116.462,139.02
105.139,129.79
118.092,144.31
107.791,133.14
96.544,128.3
112.558,134.11
112.798,140.88
92.616,118.48
108.922,132.95
155.025,178.94
118.559,142.25
106.523,131.55
103.02,125.9
115.21,136.48
109.867,130.18
117.992,139.64
110.704,136.67
112.123,138.49
117.162,140.14
132.869,172.69
122.807,176.74
130.362,149.76
106.233,124.78
85.186,105.24
107.819,129.56
130.978,152.03
151.292,170.05
110.876,129.94
109.725,128.18
124.572,142.2
139.757,159.4
171.208,220.61
122.216,168.07
98.84,110.93
125.981,139.37
143.696,160.66
112.934,125.08
99.973,128.49
112.966,125.31
115.223,130.42
115.242,128.74
127.845,138.96
114.347,151.65
154.498,171.37
95.259,109.02
133.332,146.79
127.253,182.76
132.352,152.09
143.463,163.85
132.178,158.32
119.466,176.61
115.554,136.49
127.075,150.18
102.184,125.48
148.825,170.75
100.595,119.88
79.073,101.93
89.22,114.99
96.245,120.08
99.94,129.78
114.838,138.67
93.628,125.95
100.048,125.67
116.047,137.21
99.739,135.38
110.441,134.76
70.834,98.28
118.547,143.92
78.119,103.69
102.233,134.02
100.772,134.62
93.217,118.79
100.067,125.32
97.573,136.64
88.742,109.66
111.395,137.91
112.011,133.59
99.519,130.43
125.284,150.95
122.776,159.83
82.136,105.81
98.227,129.04
124.934,150.42
78.71,104.23
93.395,114.58
112.134,135.02
128.401,148.27
84.365,111.72
112.119,137.83
146.546,170.28
126.204,154.4
125.676,148.43
124.466,150.37
116.927,142.54
133.895,154.82
99.062,162.3
143.75,170.25
119.558,142.18
137.203,157.54
126.47,148.36
119.546,145.11
85.579,111.27
128.282,153.73
83.459,126.92
115.927,133.37
90.073,112.64
101.561,123.38
99.834,122.63
123.14,152.53
144.283,173.06
110.833,137.32
90.553,107.91
107.777,131.93
89.639,115.92
78.382,108.58
103.843,132.67
92.66,118.98
103.966,129.29
129.358,152.44
140.336,164.36
125.596,146.78
131.337,150.62
128.462,148.52
133.042,151.62
131.007,164.14
112.726,174.65
123.304,147.25
119.008,180.47
136.014,159.04
133.907,158.36
131.856,151.46
109.445,130.92
121.047,143.1
116.696,137.56
141.419,199.13
144.58,166.1
133.346,151.08
127.334,151.41
119.519,136.79
123.033,145.66
135.883,156.87
95.644,114.97
132.281,161.18
122.899,142.41
132.518,153.12
124.895,147.15
111.511,129.19
114.359,134.97
125.674,149.8
162.6,189.89
116.313,174.32
102.414,163.52
114.42,134.43
128.775,184.32
128.596,147.43
133.346,156.12
108.657,134.16
128.349,152.7
118.848,155.09
94.999,116.11
105.006,129.28
83.92,137.54
102.82,125.43
133.977,159.57
128.856,151.78
100.098,126.78
122.373,146.57
133.677,151.45
121.537,140.74
137.901,160.39
135.008,164.18
124.346,171.3
137.439,169.05
126.916,151.03
111.971,132.1
133.67,158.25
104.677,160.13
126.558,189.57
120.546,140.41
166.658,188.34
132.458,153.77
117.531,177.84
127.957,181.85
144.432,207.33
117.138,149.34
100.853,127.52
112.971,136.59
98.146,119.91
114.536,135.79
107.75,129.59
95.306,137.83
97.813,127.73
111.265,129.93
101.725,126.37
103.231,137.64
117.876,138.31
96.123,122.1
116.73,193.42
114.134,148.7
146.746,181.55
104.415,129.53
108.954,133.79
105.835,171.88
92.823,120.04
85.736,113.42
88.432,122.26
149.225,174.53
133.123,162.39
138.921,161.81
101.704,132.67
97.78,126.95
131.962,155.12
128.733,155.17
153.123,176.78
120.06,147.27
111.611,134.36
117.228,140.79
125.708,148.38
98.543,125.12
125.775,148.79
93.082,121.41
91.071,117.58
126.068,148.52
133.626,157.35
117.647,146.44
115.206,166.03
134.812,173.78
136.904,163.45
137.407,165.99
97.908,124.16
116.794,141.23
109.186,132.3
114.626,136.84
116.883,142.54
112.974,135.63
108.065,129.66
122.627,143.2
97.467,128.9
113.056,138.03
101.623,131.76
98.706,127.27
115.285,143.78
97.788,131.3
91.174,117.11
99.415,128.73
102.494,131.41
101.846,129.98
116.218,137.87
95.657,119.57
100.611,134.84
153.058,182.78
89.848,113.29
81.169,110.0
94.502,122.72
97.162,122.55
98.979,135.08
102.242,129.57
91.775,122.42
102.377,131.41
111.771,135.63
99.402,134.61
97.779,123.81
119.889,144.27
93.07,123.26
91.625,116.89
118.044,143.4
97.52,128.43
89.369,116.12
139.649,176.64
90.175,115.5
80.759,108.18
101.486,136.11
146.684,172.48
108.701,135.46
117.867,143.07
106.331,127.7
108.311,134.2
105.392,128.0
109.028,131.58
99.624,123.84
100.318,125.05
108.951,135.55
93.947,116.51
103.355,131.27
88.749,113.18
94.558,124.4
89.627,117.31
108.479,135.03
116.906,145.5
111.26,140.11
97.808,123.66
88.601,113.89
94.142,119.74
125.325,155.76
86.066,111.91
90.057,120.19
137.698,162.09
84.349,112.49
72.627,99.88
94.983,125.37
99.668,128.01
93.052,120.35
96.641,124.37
106.704,135.63
96.925,125.76
115.19,139.36
98.236,129.4
101.937,131.48
107.298,130.86
96.545,125.91
101.159,125.5
104.305,132.78
92.241,123.01
105.756,140.8
149.814,181.21
92.764,117.23
75.924,105.34
91.96,116.99
88.509,122.42
94.016,126.15
112.724,137.74
97.829,127.95
106.795,135.61
97.011,130.33
100.303,130.77
98.377,126.37
105.545,137.92
110.985,133.78
116.23,136.31
112.261,131.37
107.191,127.49
115.243,137.65
127.909,147.81
112.715,132.87
110.104,133.23
92.765,121.71
109.482,131.1
100.898,130.79
102.125,136.08
116.317,140.05
109.499,137.56
96.695,125.66
118.943,145.95
80.582,107.22
92.411,120.96
116.478,140.46
88.656,116.72
100.745,128.17
109.017,133.28
98.818,125.52
104.165,135.34
120.716,165.73
107.368,134.48
77.646,102.43
97.717,130.3
86.913,119.29
102.257,136.01
112.935,139.08
92.44,119.64
96.138,126.27
109.489,136.98
98.809,125.49
93.723,123.17
106.321,130.26
101.38,139.68
95.154,124.89
117.721,141.94
94.892,125.07
96.229,123.92
119.579,140.75
93.161,119.86
104.431,131.5
110.068,135.47
90.255,122.18
103.712,134.83
141.051,175.2
95.48,120.08
105.466,132.42
124.725,156.47
133.081,159.73
111.417,136.47
97.111,134.27
93.641,126.49
94.094,129.57
123.32,152.56
125.832,154.33
147.207,176.03
116.798,142.97
129.152,157.3
166.766,206.71
101.388,129.73
116.966,139.61
112.674,143.43
121.473,147.82
128.58,156.24
110.956,141.17
131.089,160.81
140.496,170.42
131.477,158.95
127.129,152.3
96.829,122.72
120.927,148.53
136.773,164.7
133.748,163.7
142.769,169.22
133.087,154.29
123.239,151.16
112.874,139.49
145.891,173.09
98.802,125.36
132.072,158.93
106.453,131.97
101.817,160.66
103.162,127.53
127.888,153.48
124.137,146.61
146.761,175.4
105.245,127.19
145.909,170.42
129.134,149.75
131.651,155.36
124.766,154.08
119.902,146.85
110.885,158.88
117.672,137.65
119.733,139.27
105.471,133.51
138.242,182.37
107.09,137.59
89.504,110.7
75.872,99.16
114.807,190.41
134.583,166.8
151.702,187.4
120.933,145.39
138.243,161.3
107.714,129.86
118.224,143.62
111.365,134.13
125.432,182.12
111.621,138.5
138.384,203.19
142.134,158.38
141.131,163.41
135.156,159.03
130.814,149.38
161.827,178.89
119.392,135.57
115.382,135.82
113.433,135.18
141.504,158.51
142.394,160.36
125.544,142.45
133.012,148.92
167.094,182.64
142.046,169.64
114.49,132.23
135.06,151.79
112.003,131.57
95.882,111.92
98.857,128.08
90.281,106.96
138.857,163.43
104.767,120.06
127.773,142.86
120.338,139.92
113.651,144.42
139.744,184.95
112.503,132.43
104.917,126.33
88.508,140.1
115.923,129.75
87.792,107.59
126.517,146.86
102.203,119.06
137.02,156.8
138.511,154.4
89.55,125.67
145.526,191.06
135.503,161.21
131.023,145.91
90.743,113.43
86.616,105.54
133.735,164.42
89.214,108.0
98.319,116.44
99.673,122.19
111.919,131.31
112.214,128.81
131.282,146.33
107.632,136.55
91.316,112.59
113.688,131.78
118.335,133.09
101.755,121.34
115.096,131.37
124.223,139.09
88.225,104.3
95.632,115.44
109.994,123.58
116.868,134.88
108.492,134.85
102.967,126.5
137.899,168.02
136.15,153.31
120.32,139.77
129.663,143.4
116.727,131.83
113.561,126.37
99.364,116.93
109.317,127.56
88.616,102.44
139.24,157.68
137.673,191.2
121.463,180.68
121.325,176.54
111.287,170.3
151.57,169.1
126.351,148.26
124.767,180.6
118.908,176.49
163.43,224.07
118.188,171.62
124.827,176.05
126.825,169.66
115.368,165.53
105.932,142.83
71.94,85.56
103.789,121.05
134.939,144.85
143.411,155.37
91.535,105.53
95.519,113.14
105.926,145.75
102.449,126.66
144.195,166.78
114.959,131.83
84.229,98.9
135.556,168.89
71.081,88.01
90.162,119.69
116.295,134.98
110.332,132.11
98.385,117.01
104.577,120.88
117.383,131.93
113.832,127.87
113.48,129.99
114.86,133.3
127.607,144.64
111.506,127.45
103.373,124.78
116.856,137.64
111.724,127.66
113.495,130.42
105.349,134.45
110.153,126.54
101.99,127.1
128.625,144.75
102.865,126.93
115.515,131.07
105.351,126.65
103.388,123.23
102.723,124.53
99.675,123.96
140.833,155.49
94.905,112.12
98.257,122.51
111.238,138.38
96.202,124.38
104.201,122.05
98.566,126.55
120.218,139.52
99.915,119.55
114.054,127.29
110.776,126.75
114.044,131.09
117.411,137.8
125.748,141.78
140.281,168.1
121.362,183.95
111.846,133.13
113.615,138.86
112.907,136.78
107.286,130.51
118.81,144.03
103.726,128.79
101.229,126.94
98.838,130.05
102.3,130.7
110.034,139.2
98.231,123.5
98.457,130.01
113.211,136.85
92.224,118.41
118.155,137.65
102.278,124.49
121.729,149.53
102.113,126.56
132.449,152.55
105.363,171.15
141.193,168.26
136.833,158.36
113.59,134.4
109.74,146.57
128.554,156.88
112.458,133.94
126.048,147.58
99.982,126.91
115.342,145.24
113.24,138.15
119.191,140.05
130.205,150.49
115.57,141.57
129.61,153.37
100.737,128.52
110.063,130.13
92.454,119.22
102.642,128.8
93.066,112.55
156.029,177.17
106.165,134.44
111.011,133.7
92.483,113.43
141.433,161.72
122.055,143.18
106.032,132.49
124.522,148.03
128.903,156.8
112.62,135.7
105.67,129.96
98.033,121.66
93.804,121.05
100.936,123.68
104.304,136.13
98.791,127.0
122.587,153.03
125.773,146.31
95.363,118.98
88.007,114.91
106.613,131.99
96.284,122.54
98.929,127.39
100.939,135.78
93.187,122.7
138.542,203.85
100.934,125.24
123.295,146.43
108.823,127.06
123.872,147.83
118.017,138.64
123.814,140.73
133.842,155.6
123.297,147.62
92.821,115.68
123.268,148.38
116.297,140.43
89.688,109.66
93.451,120.0
111.633,138.0
93.561,116.03
105.458,128.24
119.167,144.13
148.401,171.33
131.27,152.21
96.193,120.51
118.813,141.93
129.99,153.72
93.315,116.31
106.244,133.26
136.302,159.07
145.506,170.49
118.918,160.37
160.836,207.31
117.712,144.11
119.431,142.17
119.855,145.67
132.504,157.9
118.757,147.3
122.199,152.29
144.785,173.16
126.155,149.98
122.85,146.78
146.297,171.78
124.988,152.73
147.017,169.68
156.705,182.17
86.898,112.62
127.607,158.62
116.124,140.06
119.154,142.4
132.13,155.71
159.069,180.14
121.739,149.13
144.968,171.06
131.874,157.96
159.665,185.65
112.316,135.95
122.81,147.01
133.912,157.45
108.985,147.99
112.521,144.86
136.184,161.27
134.611,202.16
128.064,194.37
103.809,127.87
113.272,146.5
98.471,122.02
122.565,147.54
110.656,133.77
128.499,154.74
116.836,137.22
120.029,152.04
90.139,117.67
139.489,165.14
95.959,124.6
79.392,113.56
120.649,149.9
135.192,177.88
114.384,137.47
125.745,151.43
129.123,150.35
111.881,140.44
128.18,175.55
134.758,216.71
141.707,162.69
111.822,129.09
125.024,149.18
144.608,173.97
108.034,129.14
72.726,91.0
88.894,114.2
93.229,118.93
98.382,129.77
104.842,134.94
67.829,84.14
143.005,161.4
114.961,134.98
116.392,138.98
109.764,135.62
117.387,136.72
105.653,128.51
94.458,118.38
103.517,126.38
112.328,131.8
96.779,120.17
116.266,133.06
131.186,161.6
134.071,174.29
122.27,150.31
121.41,144.74
121.503,138.74
102.411,134.12
99.334,119.48
128.699,147.31
109.113,135.04
106.937,123.44
122.232,149.98
96.652,116.73
95.409,119.85
97.728,126.28
106.684,132.22
100.394,126.58
100.19,127.91
116.856,134.44
102.807,128.26
97.372,122.81
133.333,153.14
114.016,136.44
128.235,153.42
97.248,119.65
114.38,133.2
117.476,136.14
134.919,161.2
101.474,124.4
117.438,167.44
113.856,160.1
111.811,137.67
136.092,166.36
112.167,154.23
145.09,211.73
131.525,183.91
110.136,167.77
105.314,127.77
100.898,126.05
109.218,138.27
123.312,144.69
109.732,133.43
113.893,140.23
130.547,156.59
142.76,169.36
95.43,127.05
117.33,162.95
133.886,175.99
149.838,189.6
111.077,142.22
115.648,139.35
132.532,200.29
133.706,206.96
101.344,127.44
115.368,184.35
156.872,229.54
119.575,150.17
145.091,210.3
100.609,162.4
137.063,196.76
120.41,177.25
111.281,178.22
112.269,183.32
99.721,160.73
115.208,180.88
119.216,187.77
132.858,192.4
92.141,144.24
129.054,177.11
93.289,122.78
104.882,186.44
115.611,180.12
124.764,186.41
135.849,199.18
126.65,152.64
123.545,152.56
119.041,156.75
117.158,146.86
132.224,167.03
169.297,197.23
164.607,193.18
128.044,159.84
114.369,152.18
155.636,179.77
139.326,168.79
117.354,147.65
127.464,160.89
113.153,165.08
133.591,181.2
127.236,171.34
138.051,177.79
127.646,160.47
119.702,142.35
143.942,171.98
135.425,163.35
105.548,133.74
87.221,115.63
95.689,127.34
122.266,153.57
131.587,163.89
151.658,179.33
136.656,163.89
107.96,140.79
130.711,171.93
129.916,154.82
98.96,120.2
112.176,130.25
96.183,132.93
120.287,139.68
140.685,167.9
107.4,157.71
131.416,158.69
116.812,166.5
147.085,176.2
111.982,132.92
108.917,134.57
89.811,108.06
98.94,124.53
95.999,121.57
125.28,153.97
162.544,187.51
112.338,135.04
120.161,146.78
123.531,145.15
136.539,157.74
135.729,160.86
114.382,134.75
133.173,198.39
134.418,162.47
96.384,119.95
95.857,122.46
126.283,154.51
110.614,132.69
123.775,147.19
113.998,140.1
117.035,139.02
119.72,143.87
138.943,164.74
141.536,171.47
116.655,137.25
115.325,133.48
106.64,131.24
115.831,137.36
105.839,126.2
117.641,141.47
113.421,137.43
120.191,144.94
116.821,136.31
91.939,117.36
132.869,155.76
97.97,130.25
114.668,142.65
84.498,107.36
113.467,137.92
148.289,173.12
86.766,110.36
92.036,120.09
84.459,112.63
91.677,121.82
90.485,117.02
94.082,124.67
102.697,132.22
118.49,144.16
125.396,153.27
114.332,144.96
114.584,144.08
117.212,147.12
143.787,174.52
115.283,136.07
115.524,142.34
117.649,155.69
96.669,126.42
127.892,162.89
133.215,158.04
104.749,135.56
136.845,165.11
134.771,197.37
108.224,132.23
121.385,140.63
113.989,127.09
103.239,132.07
92.528,111.11
114.631,133.64
124.035,139.1
123.44,151.19
108.692,130.88
147.812,168.9
124.045,143.57
84.894,104.04
126.628,153.18
102.713,124.39
98.137,119.15
90.867,122.05
98.02,123.32
81.544,104.66
106.065,125.13
125.691,158.77
114.509,193.17
127.243,146.71
113.959,130.89
126.335,145.03
96.327,117.25
113.769,134.23
118.686,136.83
106.634,134.61
126.937,147.17
150.525,170.17
92.506,110.88
77.585,100.86
118.382,137.63
92.549,111.09
97.684,118.8
117.385,135.32
103.965,130.49
100.867,124.94
116.37,136.54
147.373,171.47
146.293,179.79
124.503,157.25
150.432,182.67
141.008,162.18
148.778,173.16
146.762,176.25
168.97,187.32
104.765,121.36
134.873,153.31
132.899,153.17
136.853,154.64
140.726,157.19
110.356,128.82
107.042,126.07
119.338,137.78
132.906,148.57
117.912,133.99
120.652,136.69
140.024,162.53
150.087,166.39
130.695,192.44
110.68,129.26
127.747,145.77
127.558,141.99
133.942,147.74
119.823,145.85
118.875,180.7
119.995,138.34
114.06,128.97
122.095,136.6
132.419,148.34
146.184,166.65
124.683,154.3
147.98,167.41
101.819,118.54
91.356,108.99
95.67,121.43
92.663,109.84
116.924,139.13
96.67,118.2
101.767,127.47
100.266,122.38
101.498,119.52
113.407,127.75
133.754,154.19
97.703,126.09
97.547,118.85
118.936,136.6
106.407,127.85
110.935,131.74
108.227,128.05
99.537,125.4
109.172,128.85
139.067,161.87
124.245,143.34
152.877,176.23
131.009,149.56
113.788,136.21
112.209,129.24
110.737,127.82
111.12,127.9
109.143,129.14
112.629,129.79
118.094,139.09
108.442,126.42
109.73,132.37
111.734,136.77
121.884,146.33
96.098,150.71
116.568,135.93
102.184,131.41
100.242,126.0
100.233,126.68
147.259,170.18
96.233,125.55
103.203,130.0
102.765,129.32
89.576,111.7
146.494,173.67
117.892,142.86
126.393,156.7
98.65,120.81
133.915,160.93
122.731,143.57
104.679,138.01
100.079,128.41
144.983,181.02
118.88,146.86
106.799,135.41
114.786,138.47
116.008,142.36
115.423,140.95
116.886,142.62
130.75,160.3
82.77,105.96
113.373,147.51
141.271,178.29
102.311,122.32
965.327,1001.3
89.064,129.95
89.513,102.93
102.409,128.82
86.853,126.67
171.088,196.52
119.844,135.91
111.767,144.57
130.755,147.17
112.771,124.68
109.98,123.87
112.36,125.43
103.834,114.0
82.229,98.28
147.417,164.18
122.058,146.58
124.12,147.05
120.684,139.45
129.24,146.12
117.142,133.27
149.989,169.36
101.557,118.27
128.687,149.73
111.829,140.8
117.116,144.92
139.399,161.72
127.203,146.29
122.924,136.09
118.514,131.32
143.714,156.49
107.531,128.08
111.377,137.56
136.408,160.36
89.945,111.01
93.83,121.25
99.984,127.33
110.246,131.11
141.867,155.5
87.586,103.81
108.598,130.85
106.136,133.22
106.978,139.88
84.441,115.91
108.571,126.65
112.351,130.09
110.661,126.45
138.317,155.75
95.695,121.34
105.553,135.38
98.987,124.48
129.154,160.24
125.654,150.41
146.834,169.08
126.328,146.33
124.516,149.64
151.866,175.8
130.597,155.15
112.517,132.33
128.295,146.85
145.239,170.17
160.892,186.28
102.27,124.09
124.761,147.28
115.284,134.51
115.896,134.28
112.494,133.19
107.822,127.08
132.85,151.8
98.492,124.71
94.209,124.75
106.683,129.15
107.783,132.59
103.013,125.89
134.43,156.27
114.156,137.92
153.7,176.45
84.412,107.68
138.433,162.7
114.404,153.03
118.378,147.18
146.307,159.82
112.531,144.66
94.481,106.84
109.117,121.59
93.984,109.0
84.269,100.19
112.801,124.85
117.419,128.63
113.223,125.41
110.351,125.07
135.182,148.31
114.423,137.45
133.038,155.27
118.985,137.84
106.008,124.93
124.091,147.35
109.209,149.77
118.989,137.01
116.386,149.02
99.825,120.2
114.537,133.03
96.311,118.68
106.421,121.79
111.799,132.74
131.728,147.5
100.75,126.32
155.465,185.06
74.154,91.77
98.304,118.68
113.807,135.94
130.546,152.26
96.716,117.08
93.733,116.94
111.848,134.35
124.577,144.29
125.803,148.0
81.5,102.93
124.246,154.4
112.443,134.3
110.206,132.96
104.877,129.42
82.245,102.79
100.111,125.01
128.246,156.02
88.932,109.36
118.704,140.51
125.299,149.64
78.978,101.44
96.58,122.7
119.979,139.54
98.793,121.22
98.977,121.43
109.981,129.38
114.972,137.09
108.759,129.21
95.487,124.0
109.157,135.39
115.455,137.6
105.517,131.07
109.468,132.41
101.959,129.51
91.838,115.56
110.149,131.91
109.074,127.19
110.869,132.58
131.856,166.76
88.106,110.94
70.336,96.99
98.278,120.01
94.895,127.71
96.919,127.93
114.421,134.08
108.192,130.99
113.369,134.29
139.574,167.87
80.388,105.85
95.096,120.72
98.609,128.39
98.086,124.1
101.91,130.1
103.054,139.03
96.023,120.34
111.006,133.03
94.711,130.35
140.767,175.47
77.068,100.35
109.187,134.59
132.721,158.6
124.581,150.01
99.288,121.09
133.545,159.81
125.746,146.29
129.98,150.47
138.777,156.76
116.959,137.2
116.386,139.73
146.661,169.16
108.23,129.76
71.121,115.54
140.355,168.89
140.028,159.11
98.239,115.88
99.93,128.47
131.392,149.94
113.947,131.33
141.234,160.71
130.578,146.3
120.84,138.79
100.817,123.69
98.773,129.12
110.523,138.01
91.456,116.52
97.008,128.51
111.641,132.06
123.107,142.14
116.855,137.11
128.219,150.12
127.972,150.69
134.049,155.29
128.021,146.55
121.419,140.02
138.464,156.69
140.431,160.14
83.615,136.82
135.949,155.87
81.832,100.94
95.986,120.79
107.381,121.91
111.025,131.2
104.988,123.76
128.384,147.75
133.495,150.01
113.725,135.29
144.354,163.98
134.542,156.46
111.65,128.98
107.068,126.0
114.42,137.25
116.997,135.04
113.179,130.96
105.716,124.4
116.176,137.37
115.667,138.1
112.29,131.2
111.05,133.97
110.416,130.81
172.479,194.95
123.725,169.07
129.453,141.1
129.71,155.39
105.88,153.02
114.115,139.83
104.113,119.11
129.335,155.98
146.621,162.97
118.493,134.36
139.204,154.75
101.392,120.79
121.225,140.97
110.651,133.88
139.98,163.83
130.1,150.09
115.627,132.27
146.185,161.98
121.254,139.2
129.866,147.7
130.097,151.19
112.846,140.73
131.479,148.34
101.97,120.68
136.623,158.06
126.074,175.84
100.391,123.43
131.741,147.23
92.697,144.88
107.218,122.07
159.334,175.47
109.937,125.12
127.477,151.98
136.25,152.14
160.454,176.72
153.852,170.31
143.015,188.38
142.373,192.6
134.229,148.01
111.59,134.66
141.125,168.92
140.402,157.4
137.097,189.56
142.89,158.96
129.697,219.17
144.532,175.92
112.641,156.12
126.822,175.68
118.508,146.39
129.617,177.68
121.694,136.96
125.99,144.12
122.632,171.89
115.736,142.9
142.074,183.95
114.466,155.62
128.106,159.79
116.36,165.03
139.835,183.49
117.688,166.08
146.209,185.05
120.197,144.4
129.215,144.43
127.946,152.08
110.486,158.13
122.273,145.53
125.812,139.95
162.517,187.93
108.012,124.27
160.351,175.28
150.718,164.64
97.068,128.93
113.892,155.34
104.837,145.88
128.79,142.12
125.07,137.66
127.469,158.46
135.445,174.2
157.911,201.67
128.718,152.54
136.987,163.84
123.839,159.35
133.723,160.35
125.949,152.27
104.733,145.41
125.054,168.2
142.909,156.58
136.754,164.83
152.826,201.71
125.669,140.2
111.024,143.57
115.04,158.83
132.823,174.73
113.711,157.01
125.887,163.09
137.142,167.75
129.394,166.25
122.658,171.26
138.555,170.04
121.132,148.56
130.558,170.1
119.478,154.84
120.267,154.22
131.191,161.91
136.824,192.23
157.037,191.36
120.082,150.1
105.434,152.57
115.392,130.09
160.244,190.48
119.871,163.89
118.112,162.38
87.54,103.84
119.608,134.84
125.638,142.53
112.408,130.05
119.643,175.52
112.619,154.81
113.857,129.74
96.241,119.1
84.481,121.11
125.922,145.39
108.493,126.2
142.918,159.59
80.432,102.08
95.079,123.53
146.246,166.09
130.402,150.87
141.763,156.73
120.498,170.31
137.279,153.12
119.44,141.12
98.093,115.87
93.367,110.75
104.582,122.49
144.685,161.87
135.901,157.98
139.738,160.72
111.489,132.45
89.413,104.12
89.274,111.77
110.756,133.3
106.476,128.41
162.995,185.24
126.592,144.6
105.661,126.15
111.966,129.12
128.034,148.07
106.943,123.44
114.03,145.3
115.116,130.64
112.698,127.36
103.937,124.14
112.279,132.12
107.523,123.2
110.091,136.12
112.331,129.88
112.373,131.45
107.392,125.62
108.196,124.33
108.059,126.89
109.818,129.72
112.239,129.28
111.278,129.8
111.244,130.06
116.473,135.29
119.469,142.25
123.924,141.05
111.652,130.21
80.12,97.89
83.985,100.93
112.367,131.01
96.137,118.23
116.258,130.88
109.767,126.42
97.549,126.61
124.394,143.77
115.287,142.35
90.573,116.28
115.433,133.74
111.609,127.57
109.102,125.7
114.518,129.94
116.189,131.36
129.28,146.53
135.05,159.3
148.067,167.89
99.168,113.82
73.689,88.3
140.876,163.78
119.446,137.5
111.058,136.42
116.542,140.02
140.833,163.58
114.937,130.64
104.26,118.79
121.869,139.67
154.121,173.14
114.958,136.35
75.023,93.01
119.83,144.02
141.841,162.23
119.475,139.98
111.906,129.8
104.913,121.78
69.693,89.81
94.866,118.17
127.645,149.17
82.037,106.27
97.786,120.16
113.706,132.67
100.525,121.79
104.79,124.82
123.001,140.66
96.136,118.64
113.296,131.1
101.289,130.13
127.418,148.08
112.926,136.0
124.322,193.6
134.143,189.44
137.967,167.53
146.784,174.4
124.469,147.21
112.625,135.44
132.831,157.71
107.041,134.23
124.253,183.53
132.542,186.33
130.717,149.87
141.232,173.25
139.507,161.97
109.638,132.0
112.164,132.69
108.769,132.05
107.09,128.4
111.055,132.16
108.508,130.23
125.027,150.09
117.819,156.17
127.424,159.63
132.899,163.35
84.964,109.74
92.81,119.94
79.681,106.82
88.387,116.23
121.003,151.13
119.371,149.26
104.127,129.07
112.629,141.44
91.879,118.0
94.42,122.61
79.023,107.33
95.964,121.82
112.296,136.7
96.136,124.4
109.068,132.56
97.127,134.08
93.875,122.21
98.402,125.72
103.068,134.48
101.032,129.2
120.416,147.53
94.991,120.99
94.431,122.07
100.484,129.69
128.655,161.12
83.318,109.02
96.474,122.3
110.792,139.86
119.379,145.79
123.081,179.5
109.143,128.17
110.515,133.36
102.68,122.78
110.269,132.2
111.489,130.17
100.667,118.25
100.352,123.6
104.484,127.32
92.432,110.85
78.039,99.94
97.778,120.79
114.41,137.94
94.371,122.22
114.541,136.52
94.764,121.33
96.455,124.71
110.065,128.73
99.568,138.1
98.708,125.71
109.815,127.73
94.894,131.12
110.558,128.58
103.374,139.79
121.97,147.93
106.562,135.63
143.995,174.24
111.464,139.0
86.021,109.59
145.684,174.86
110.713,133.17
138.46,163.47
132.66,153.74
159.253,186.81
137.545,162.4
125.004,145.36
118.306,136.75
149.546,175.48
135.934,162.54
110.01,127.8
118.005,134.62
111.588,132.59
106.14,126.25
109.704,130.18
108.902,130.13
132.406,158.81
108.567,171.75
120.961,146.81
87.636,106.84
72.786,98.95
112.616,135.44
89.437,118.11
130.817,168.13
124.961,150.44
122.961,153.66
120.092,143.67
132.803,153.6
119.133,160.86
142.414,168.74
84.912,108.92
72.303,101.68
96.588,123.03
109.221,130.42
98.311,122.86
110.971,135.92
92.602,123.42
122.137,152.36
103.864,133.32
130.098,159.3
116.214,142.35
126.643,164.23
139.01,178.33
114.609,141.11
114.63,140.25
112.419,124.16
121.084,130.14
111.588,120.85
118.315,129.75
112.221,123.4
86.367,98.97
98.391,114.06
80.188,93.66
93.487,125.59
125.777,140.34
134.133,155.17
122.859,140.62
138.105,153.11
138.913,151.46
110.512,123.36
113.702,127.99
112.606,128.26
111.796,128.06
129.512,143.67
103.388,125.93
120.663,137.11
96.486,119.84
98.876,128.65
137.213,156.98
121.694,142.32
125.071,142.18
144.117,165.95
127.501,144.08
128.056,151.38
132.007,150.15
154.924,169.7
101.426,117.37
116.572,178.83
108.932,135.49
96.602,126.17
115.961,141.25
130.717,158.11
82.794,111.84
94.13,123.26
112.661,158.06
78.601,112.62
91.648,126.53
98.513,135.67
127.581,169.12
95.363,124.76
146.495,177.79
126.161,155.35
120.177,199.68
111.515,145.01
111.856,142.26
127.997,161.14
101.542,135.58
111.974,140.83
91.044,124.53
94.927,126.78
101.93,139.32
130.688,162.24
137.901,169.11
121.785,147.59
114.713,142.25
126.643,154.32
99.257,137.12
97.429,138.28
93.63,125.81
90.058,120.86
150.618,176.01
86.906,118.43
79.041,110.08
94.648,121.95
105.096,132.81
121.379,154.71
81.76,109.38
125.506,157.52
98.955,124.02
148.955,180.0
124.699,150.25
89.846,122.52
94.234,123.08
119.542,153.58
104.915,148.51
133.998,175.77
133.13,151.42
108.753,166.95
118.768,141.7
121.764,153.81
121.59,141.02
131.157,149.13
94.331,115.81
132.391,146.49
100.595,134.18
93.313,116.89
111.198,131.37
102.798,127.46
129.788,148.9
108.2,133.3
129.261,154.97
114.212,136.89
92.128,110.25
89.739,111.55
75.044,102.47
89.632,118.09
99.43,128.06
94.732,119.05
116.864,138.95
94.602,132.56
102.092,136.71
92.947,122.19
104.772,137.44
95.023,120.67
102.034,128.09
162.548,187.11
134.186,159.24
126.558,150.79
135.306,155.29
109.176,141.2
80.208,108.78
136.61,175.56
94.981,125.14
87.835,111.85
77.546,107.95
123.051,151.97
83.357,112.93
110.576,141.1
80.073,110.06
115.789,147.77
114.372,142.73
86.565,116.41
76.552,105.73
117.275,151.37
157.139,186.82
111.945,133.85
111.565,136.7
116.6,142.37
117.76,142.9
111.461,140.04
98.324,131.74
132.715,162.72
118.397,151.92
84.002,111.1
133.666,164.14
110.072,134.33
89.946,112.53
130.541,159.29
108.2,131.64
110.597,133.46
110.529,138.38
133.175,155.91
111.433,134.97
100.766,130.04
98.193,126.22
113.169,136.59
93.229,122.88
100.354,138.69
105.5,136.96
89.482,123.12
93.067,121.39
150.01,174.93
78.281,106.7
86.034,119.72
94.187,125.84
97.784,133.47
95.401,127.75
91.176,120.08
111.39,147.13
152.778,182.13
119.919,146.5
111.568,132.49
109.36,134.23
109.553,136.2
128.944,153.81
114.488,181.34
141.427,208.76
91.528,136.68
108.873,119.15
106.055,120.26
115.837,129.9
130.536,155.2
108.973,122.38
149.65,163.75
115.187,135.67
124.194,151.04
105.112,120.12
133.654,159.68
144.554,162.7
115.74,131.61
127.361,154.51
131.41,149.01
127.579,156.32
142.43,166.63
106.716,125.76
134.609,153.52
100.073,117.33
130.905,157.34
124.826,142.29
134.971,154.49
140.983,161.69
120.407,176.72
109.184,132.63
149.656,168.18
94.653,114.39
152.528,178.24
136.368,160.5
129.46,151.68
138.826,161.69
139.702,160.03
139.086,156.24
131.344,156.53
131.099,151.69
113.922,131.01
128.743,146.76
116.368,136.77
150.194,175.75
124.483,154.66
117.47,139.44
103.237,123.81
148.213,172.57
123.32,142.35
134.057,168.27
138.427,195.78
135.778,184.4
134.368,160.4
166.099,203.78
140.457,162.85
123.136,147.63
134.615,159.88
98.953,122.16
87.401,108.44
91.846,116.73
85.561,111.87
103.069,121.32
105.633,128.67
96.163,121.66
101.985,133.87
105.853,132.42
104.658,131.85
106.684,131.69
107.152,139.21
93.377,118.82
99.652,130.83
124.715,162.97
97.55,125.22
120.606,148.92
90.761,113.82
106.582,127.49
88.758,111.36
98.297,125.29
77.98,102.52
98.12,120.91
95.909,123.42
106.267,141.91
97.123,121.96
108.298,134.09
97.657,122.22
105.468,126.28
101.404,134.25
91.827,127.4
117.312,140.67
98.175,123.94
104.731,133.35
104.844,130.68
98.774,122.99
104.18,131.54
101.554,134.76
98.655,121.98
114.229,131.13
105.314,125.65
116.332,149.13
115.88,140.96
87.35,122.86
135.533,161.56
144.738,169.39
106.082,133.26
118.936,142.54
128.707,149.78
130.737,153.89
132.046,160.92
124.045,151.27
115.151,141.55
119.078,140.95
135.22,158.73
120.489,140.92
128.15,146.44
137.805,164.39
121.855,143.46
135.112,156.74
136.534,157.98
131.292,149.83
127.678,157.97
109.723,142.36
128.069,152.72
136.8,159.7
120.253,143.7
134.165,158.43
137.099,160.24
135.766,159.2
111.025,130.38
111.82,134.39
123.031,151.51
107.736,133.87
99.882,125.32
107.065,144.41
103.778,137.58
121.35,156.51
124.781,153.99
120.448,142.09
122.5,145.28
106.264,128.19
123.103,148.06
110.007,133.14
111.819,131.68
128.838,151.07
121.598,143.76
99.144,127.52
127.144,150.66
137.278,164.6
105.762,133.76
132.653,158.66
113.904,135.68
116.08,133.08
147.114,163.83
88.12,117.41
103.194,130.02
100.347,129.25
106.919,136.38
99.078,129.97
94.931,127.46
137.878,163.19
107.87,131.62
137.626,165.64
97.096,122.51
117.189,139.92
112.546,139.05
118.283,137.45
119.585,145.99
141.565,166.25
99.699,131.01
95.216,124.41
94.094,117.22
103.754,130.05
123.48,156.25
144.768,168.46
126.898,159.91
109.218,130.44
113.421,137.68
112.507,130.98
111.084,133.3
113.345,139.01
124.998,147.04
111.835,133.35
106.879,132.87
134.484,157.07
150.212,173.8
109.958,134.5
113.436,132.09
128.283,145.89
141.59,165.39
95.367,119.98
110.531,136.98
147.576,168.29
120.602,145.45
124.908,143.62
114.071,132.58
115.636,133.5
119.99,140.19
114.387,138.26
105.52,131.02
101.586,130.28
110.758,130.02
96.442,121.82
113.403,140.07
91.89,115.41
116.062,137.62
107.035,140.92
98.663,125.2
102.643,126.21
128.837,158.69
104.784,132.73
100.11,127.8
104.653,133.08
94.729,120.35
84.331,111.33
153.38,181.6
118.51,142.18
131.441,158.46
145.077,171.94
145.98,179.72
116.278,144.5
166.349,225.13
128.511,183.3
137.56,170.72
131.519,162.28
152.744,185.72
112.062,142.14
141.598,168.88
154.913,189.62
108.306,144.91
88.727,113.78
119.537,159.27
107.398,138.56
113.094,145.06
113.579,140.16
130.709,155.75
148.268,191.01
109.759,169.83
105.313,132.83
108.223,138.76
126.127,160.02
141.104,181.59
101.336,137.41
103.726,142.73
114.13,150.95
121.581,158.25
136.098,167.76
125.654,164.75
90.06,123.32
100.355,133.59
113.54,144.14
112.862,138.72
109.298,134.65
119.124,151.59
127.759,185.8
136.932,168.43
134.648,165.19
132.402,158.81
122.285,150.08
135.003,160.0
117.219,183.68
121.284,180.44
130.053,153.79
92.461,122.06
106.385,137.73
143.876,170.84
141.982,171.95
107.166,133.43
106.764,128.83
112.692,138.91
105.252,129.05
122.607,148.74
131.416,159.8
92.321,122.49
91.763,120.12
101.554,196.64
106.637,147.51
126.199,188.7
132.765,169.91
118.425,162.33
138.134,165.24
127.714,154.44
111.189,145.34
137.19,175.15
119.862,167.82
136.971,170.28
155.87,199.96
115.796,152.94
160.869,196.45
94.866,125.04
89.176,124.21
136.389,169.3
122.654,161.85
139.831,173.29
142.992,174.25
144.545,178.1
128.548,161.93
136.712,172.03
99.221,146.71
117.561,136.4
138.949,164.63
129.383,148.13
100.8,142.09
113.367,125.11
108.787,122.35
110.526,124.89
132.098,143.96
132.362,148.69
130.815,154.54
84.541,99.21
120.088,157.67
111.309,129.24
132.268,152.32
102.507,118.92
84.575,103.23
106.097,130.17
93.801,113.62
126.172,143.96
98.841,121.25
104.841,131.16
113.297,147.51
124.06,144.85
96.639,115.49
156.344,181.15
132.262,150.25
114.949,131.72
94.601,111.4
117.857,139.69
114.557,129.95
101.23,116.2
140.292,158.13
108.047,121.97
110.605,127.7
123.687,139.73
119.706,134.9
106.428,121.86
116.458,133.94
106.551,120.94
127.415,144.53
104.592,174.49
145.761,176.87
101.795,132.57
118.712,143.38
99.936,123.55
112.208,140.46
110.033,139.68
110.912,141.35
110.104,135.09
112.069,139.72
118.812,147.24
96.895,130.14
110.463,142.86
116.345,148.22
110.494,139.04
127.463,155.1
165.294,208.94
116.604,145.99
114.219,143.93
130.658,154.16
125.499,152.03
125.38,159.37
151.389,210.52
113.155,173.27
152.502,174.45
136.025,153.57
133.366,160.04
116.26,148.98
128.309,151.62
110.784,132.95
136.607,157.77
85.57,107.51
77.278,102.57
95.864,123.06
97.95,127.28
99.739,126.78
109.555,132.63
99.187,127.86
95.983,130.07
92.865,131.32
118.568,153.93
146.545,173.05
110.958,138.52
99.303,128.67
101.031,133.46
112.979,138.12
140.044,177.09
130.038,165.15
96.368,137.12
114.168,152.23
110.441,143.75
111.194,145.88
108.054,139.68
122.618,166.5
80.243,110.05
98.126,130.73
95.842,129.8
92.856,126.3
98.556,132.73
95.181,135.02
111.489,150.32
75.436,114.37
99.745,130.11
144.415,176.07
137.944,179.71
129.327,171.47
133.563,162.56
125.34,163.09
108.159,153.51
116.768,155.0
122.102,136.38
142.74,159.25
142.196,166.91
109.586,132.39
90.594,142.12
99.792,125.48
151.51,171.05
74.43,103.1
103.478,124.59
119.459,151.61
98.97,124.46
99.778,121.64
142.49,168.42
75.627,102.11
82.783,116.28
112.299,133.27
93.192,125.75
99.107,132.07
92.906,127.17
118.851,144.63
137.893,161.47
115.772,142.94
112.199,144.91
113.732,143.54
121.092,149.05
114.918,177.75
117.314,163.29
104.637,127.81
116.984,147.0
121.764,146.04
124.507,143.15
131.277,161.93
169.384,192.9
116.579,137.49
122.594,146.24
112.081,139.11
114.474,139.39
142.877,173.7
101.333,130.05
117.538,142.19
139.507,165.39
134.726,162.82
135.579,161.17
107.155,184.97
92.264,162.02
122.659,192.29
872.478,901.14
132.649,154.91
129.525,136.62
117.648,123.7
116.972,152.6
117.086,144.41
110.322,124.36
118.277,134.48
77.62,103.79
134.557,170.21
90.785,124.23
105.003,120.75
69.653,108.44
103.532,113.9
131.509,140.78
121.828,131.7
107.51,149.87
103.686,142.96
117.214,131.73
100.05,118.54
146.64,183.4
140.467,155.38
168.528,200.25
150.902,199.94
141.668,177.16
78.058,124.54
115.265,129.41
119.849,147.06
123.393,160.71
123.174,158.1
87.989,123.48
120.44,157.58
140.957,175.92
134.908,169.27
152.892,179.35
147.468,162.2
133.329,146.31
133.041,146.09
149.143,163.48
125.454,144.0
157.487,176.56
120.486,143.59
127.884,150.73
158.739,190.46
147.765,165.83
120.748,165.12
141.086,184.73
139.621,185.48
141.011,214.68
157.771,199.28
119.276,137.55
132.489,154.76
140.82,165.55
156.462,182.13
129.948,196.5
148.386,174.5
137.508,156.54
120.216,144.41
119.929,143.15
132.303,156.25
125.202,146.7
122.029,147.05
148.905,172.45
108.512,128.9
110.964,135.71
148.6,168.08
128.584,150.02
114.248,135.18
149.423,170.13
102.087,124.65
139.39,174.48
93.44,118.97
138.606,169.23
127.02,150.41
129.562,151.98
126.014,150.4
114.665,140.44
148.573,177.12
137.982,167.15
132.887,179.73
113.287,139.07
82.753,99.11
104.245,130.12
104.697,124.59
113.716,129.17
130.291,147.52
100.054,119.57
98.604,131.78
127.329,156.58
135.122,162.37
112.724,143.63
104.17,131.22
95.876,121.89
135.251,165.18
119.49,143.97
109.424,135.36
110.026,133.78
104.602,139.01
98.926,127.93
100.876,127.24
116.074,151.83
165.867,195.05
137.854,164.48
96.493,112.28
98.17,126.79
116.663,137.27
81.774,99.75
102.391,130.71
103.516,126.52
81.369,110.04
101.841,134.98
101.123,131.9
99.112,127.79
92.406,118.35
102.337,127.94
116.481,147.74
127.742,155.3
139.841,168.12
110.712,135.29
127.731,158.32
88.402,164.66
109.64,141.2
78.7,116.32
94.357,125.31
88.404,124.93
95.031,134.08
122.072,164.98
130.099,173.43
118.863,160.66
116.529,149.18
133.927,173.14
107.169,144.3
103.322,132.89
102.975,135.2
127.353,152.04
131.598,172.66
117.85,134.06
111.798,128.57
97.681,128.28
160.98,191.61
87.987,109.27
87.052,108.68
102.79,126.21
97.515,126.98
94.614,125.84
99.914,126.65
140.254,178.27
130.795,162.31
123.119,170.78
143.041,159.97
116.043,176.83
108.876,167.28
115.687,138.44
114.552,142.53
130.161,151.82
100.015,126.0
108.62,123.95
113.007,130.83
125.445,149.41
76.383,98.7
95.588,115.88
104.522,124.09
126.062,153.36
116.135,142.97
101.519,124.88
142.867,166.73
93.243,115.32
118.643,144.05
108.183,141.34
103.359,128.63
105.517,135.26
87.871,109.58
111.224,138.87
147.968,212.27
135.601,158.67
102.355,148.32
109.77,130.78
116.57,135.5
105.944,129.84
93.539,120.31
93.597,117.97
115.176,137.21
145.796,165.86
88.628,113.68
94.615,130.19
93.359,123.19
129.598,153.79
75.707,98.81
126.871,164.9
79.244,107.41
92.979,120.89
120.882,153.14
133.591,162.32
122.851,154.87
117.421,152.19
128.881,168.38
93.943,131.85
94.626,133.77
121.17,158.85
125.318,166.72
119.483,159.12
114.968,150.48
129.005,172.25
111.03,151.29
121.348,164.48
127.565,168.41
99.592,137.33
99.249,137.24
115.285,162.68
130.833,176.88
127.561,159.43
121.864,167.21
105.611,150.15
138.357,171.42
125.781,168.88
108.982,148.95
131.928,175.92
120.594,157.14
79.717,120.75
139.183,178.4
119.976,164.07
146.869,229.1
138.454,181.93
128.206,161.12
157.637,197.52
130.384,175.31
144.25,183.5
144.373,189.01
126.163,168.09
85.145,120.17
96.613,137.23
128.956,167.5
123.276,164.22
126.486,166.01
112.27,154.73
99.829,141.63
150.116,191.3
122.065,159.68
126.792,167.61
145.261,190.62
127.285,161.12
113.898,159.06
114.053,160.54
121.642,166.52
108.025,140.72
114.099,145.83
154.657,198.87
103.378,133.22
87.769,122.27
155.32,196.04
135.812,170.21
117.646,155.65
145.93,227.6
132.077,161.61
109.725,147.05
102.442,136.03
117.198,148.66
97.641,127.22
116.485,153.23
106.392,142.96
145.883,197.47
117.103,155.84
119.335,153.09
115.164,157.19
138.426,172.61
124.165,165.94
105.942,148.94
94.037,121.76
101.464,143.99
94.255,124.46
93.579,133.88
101.876,149.78
85.912,127.33
124.605,165.16
116.612,154.17
118.144,156.88
137.56,179.66
95.754,141.3
91.833,132.57
146.187,185.24
113.301,151.11
92.034,133.29
96.323,139.07
92.878,138.13
162.248,207.23
117.502,148.0
116.499,144.58
102.968,146.05
135.695,174.08
126.196,168.74
131.486,163.29
79.766,132.04
92.001,120.11
134.686,165.74
101.103,174.5
132.883,198.33
126.474,161.38
131.353,177.91
123.871,189.95
132.671,185.44
130.363,154.65
145.776,168.2
136.574,163.96
114.418,133.99
112.104,130.05
116.674,145.18
135.737,163.71
92.488,119.06
98.091,136.36
106.456,137.28
95.691,118.8
88.779,133.36
99.275,137.15
150.429,183.55
114.963,138.65
98.333,123.25
103.572,135.87
68.19,92.87
133.683,166.26
86.328,115.45
91.859,124.06
108.235,132.85
93.721,122.2
111.682,145.66
122.812,155.41
134.122,158.73
151.383,180.32
113.601,146.11
90.953,114.93
92.706,120.81
118.583,152.85
101.551,135.64
131.319,162.25
124.281,163.3
133.318,173.4
175.338,215.96
145.486,181.59
135.64,177.4
151.28,184.96
125.741,166.62
129.507,184.83
130.971,165.26
119.799,151.12
133.683,161.84
145.433,182.06
144.008,177.9
144.389,181.56
133.383,160.06
135.098,168.59
143.926,175.47
145.89,180.64
112.594,152.91
104.979,135.77
118.518,152.54
134.937,160.83
111.821,143.61
128.389,163.31
120.699,153.2
75.815,105.86
106.502,137.65
90.188,125.76
84.726,115.0
105.04,143.69
103.006,135.8
94.062,133.0
103.586,142.35
99.835,136.07
87.822,123.19
147.239,180.57
118.089,165.75
127.245,164.75
104.845,139.99
147.08,182.93
140.945,174.68
130.837,161.25
120.752,172.81
143.431,196.0
126.643,166.72
114.923,131.92
114.205,132.77
114.138,134.56
118.128,139.15
133.534,190.23
122.418,151.98
112.818,137.53
115.925,135.42
110.533,133.49
114.371,137.82
110.234,131.3
108.733,133.91
112.202,136.85
114.886,137.02
114.641,136.78
99.432,130.25
107.149,133.64
118.398,150.0
107.718,134.76
121.852,154.51
101.248,162.02
113.619,140.18
125.166,169.55
100.965,140.34
129.223,153.89
84.236,108.8
124.528,150.42
89.74,115.26
88.64,113.69
101.993,128.85
101.903,130.07
101.427,128.77
129.815,153.56
131.357,159.14
1047.033,1090.08
101.977,133.21
144.586,165.3
174.544,184.54
119.602,144.06
105.648,146.34
149.817,177.26
119.936,145.26
116.955,131.06
114.75,129.51
111.696,123.44
132.408,148.21
127.114,140.89
134.765,147.78
150.184,193.99
131.488,162.44
157.689,177.88
130.376,148.52
107.946,126.5
151.447,167.25
156.587,175.26
143.661,162.03
130.247,173.1
168.658,227.94
124.592,150.45
125.339,152.28
137.531,154.62
122.212,144.16
123.837,143.35
149.521,169.0
128.108,148.14
144.594,162.61
129.578,149.99
162.018,188.93
142.017,165.94
146.941,169.7
148.523,168.73
160.153,179.25
121.104,139.59
154.482,179.11
139.317,161.97
155.808,175.89
112.051,133.4
122.13,142.32
154.943,180.29
123.267,145.98
148.762,171.13
116.473,133.27
124.885,153.96
142.717,173.14
142.925,210.7
142.391,166.78
110.774,133.23
85.841,106.43
120.767,150.28
126.478,195.15
119.073,182.5
152.681,173.16
123.089,147.34
132.673,156.7
128.448,188.44
160.051,178.89
155.679,201.49
116.992,163.6
119.684,172.4
121.733,138.98
108.488,125.09
117.777,134.26
103.258,121.42
116.03,133.41
71.639,86.79
164.333,195.6
121.138,138.44
109.913,127.23
129.633,147.0
110.6,127.07
104.772,134.09
125.17,161.72
123.257,142.11
120.129,137.15
124.768,148.99
122.804,144.61
142.16,166.37
93.388,115.51
95.955,130.88
128.437,154.99
123.4,147.29
99.913,123.48
112.364,138.44
109.8,135.92
97.264,121.99
130.804,159.42
136.228,158.24
143.583,165.73
77.373,108.36
85.652,117.12
128.296,153.75
118.618,168.77
117.528,159.25
122.289,152.91
111.26,141.45
101.951,134.38
115.123,155.97
86.081,118.2
110.452,138.26
124.469,156.35
124.635,155.5
113.016,145.42
113.68,144.71
107.693,134.6
112.459,140.2
142.606,169.37
77.924,112.51
97.898,132.57
143.296,174.56
133.146,152.23
118.123,138.26
114.856,159.98
137.934,157.08
118.492,168.5
115.31,134.03
117.467,134.82
117.162,131.59
113.773,131.79
131.426,150.05
103.882,126.71
115.14,136.69
90.378,114.29
111.551,130.23
111.028,131.06
109.588,126.78
133.714,153.79
109.073,135.6
90.581,114.52
118.451,150.2
124.308,151.01
144.087,172.27
103.812,148.9
126.643,150.83
125.707,174.56
123.385,143.75
114.475,165.43
105.251,119.76
89.281,106.15
116.787,143.34
148.311,162.57
119.807,134.38
120.409,136.6
112.764,128.19
109.708,122.8
110.082,123.66
103.434,118.11
114.715,134.03
86.989,103.7
97.61,119.83
126.885,146.1
143.892,162.8
133.841,149.31
134.691,155.86
142.062,174.48
82.131,132.77
97.351,128.55
122.175,146.53
124.681,148.55
137.99,165.27
147.609,180.32
148.157,179.92
98.019,123.31
102.141,126.11
104.643,126.45
102.841,135.74
148.907,174.93
123.71,147.01
132.117,155.63
129.471,162.24
134.787,166.57
127.93,158.2
105.89,131.3
103.738,126.49
87.188,108.51
112.71,136.7
92.423,117.87
91.732,117.65
79.384,106.63
121.944,146.52
92.332,118.4
139.626,165.5
97.844,128.21
85.583,111.8
92.345,121.17
97.213,126.82
119.238,145.73
107.609,137.42
111.71,145.8
122.902,158.04
168.181,208.12
111.756,143.54
113.562,138.63
108.314,137.57
142.796,168.62
131.31,203.75
128.752,157.5
102.086,161.01
92.821,139.71
112.024,141.04
94.5,123.06
104.302,129.96
88.895,117.15
93.102,127.5
93.16,142.12
127.915,158.54
145.207,173.64
113.044,140.5
117.192,140.28
104.994,131.62
124.097,148.9
134.662,158.72
95.065,126.48
145.293,175.89
119.832,148.62
131.613,158.76
112.832,139.14
119.212,146.57
132.197,166.4
118.251,155.21
139.656,177.85
103.732,127.07
115.02,140.53
113.323,139.35
106.132,146.67
103.397,135.78
89.814,122.55
93.628,125.7
111.564,146.12
96.453,128.58
88.674,119.04
103.676,139.12
101.284,129.77
93.556,122.67
100.1,142.51
105.161,133.97
93.75,124.04
90.027,120.65
99.128,129.98
110.487,141.43
106.286,138.57
96.186,125.52
83.66,114.44
114.506,142.33
80.44,107.98
148.967,179.99
125.294,152.8
117.085,142.26
138.163,164.23
102.277,135.06
138.838,166.73
134.475,161.91
111.778,140.24
87.295,114.32
143.722,172.3
113.834,135.39
109.536,134.14
115.462,139.34
137.878,159.17
111.667,133.06
125.209,152.38
117.945,138.1
157.771,185.49
114.076,139.67
128.934,151.74
122.279,149.17
102.315,174.88
122.108,188.95
120.445,178.23
119.737,143.82
137.248,165.04
134.126,154.46
153.205,175.49
113.145,134.17
139.439,161.07
121.726,146.25
109.739,129.91
125.544,158.02
97.675,127.11
111.737,129.62
113.302,132.19
104.643,128.58
132.343,153.72
135.664,159.34
90.712,116.92
81.063,105.82
97.93,126.02
100.852,126.21
101.301,132.86
102.167,127.58
104.244,130.37
98.803,125.11
100.967,133.07
132.386,151.27
125.641,146.1
125.046,152.4
100.901,121.07
104.1,129.46
75.87,97.89
165.702,188.26
113.05,132.9
113.051,131.0
114.045,135.1
94.234,115.95
111.942,132.06
107.818,132.91
110.082,133.68
109.454,130.05
106.849,128.99
112.947,145.88
124.985,146.59
124.572,145.37
111.007,131.23
118.51,141.72
111.315,132.98
176.955,202.98
108.281,128.38
108.246,128.69
112.177,132.7
116.775,137.48
115.048,137.98
111.789,132.93
115.634,134.21
115.619,140.77
113.87,135.2
105.275,133.16
101.433,128.75
95.734,125.93
120.995,149.12
134.595,165.11
115.418,187.08
129.277,157.06
131.336,158.06
118.096,146.68
138.782,163.82
115.651,143.36
113.276,135.48
107.288,137.16
147.495,178.73
122.506,181.03
127.662,179.05
143.651,166.75
134.462,154.26
152.558,197.91
128.48,140.36
114.588,125.74
109.865,120.69
110.375,133.73
113.382,126.05
115.687,127.6
135.465,148.92
109.965,123.64
114.031,126.17
137.767,152.12
133.368,152.33
87.58,100.93
122.927,158.73
86.28,103.45
118.943,136.14
92.05,122.05
95.388,128.49
96.648,114.85
112.307,125.71
116.954,131.11
139.15,156.47
131.074,153.37
132.376,156.79
147.297,162.57
117.601,138.22
76.655,97.71
116.816,137.9
99.577,121.95
99.591,127.62
124.156,142.76
128.895,152.03
116.843,146.23
129.13,154.34
115.49,142.56
113.329,148.38
132.174,164.81
121.502,160.01
116.088,142.01
107.21,128.8
110.3,132.28
114.765,142.31
119.816,146.9
141.288,163.99
136.014,161.54
119.233,146.13
119.506,147.66
110.768,135.08
118.951,147.77
143.618,170.99
88.205,156.71
79.604,106.57
91.202,120.43
128.458,164.67
83.16,114.89
112.271,144.4
126.585,154.41
75.007,100.85
89.654,122.62
147.636,178.95
98.63,123.81
108.356,135.03
113.291,136.27
113.0,145.36
123.724,152.96
133.25,161.54
108.416,151.74
120.353,162.28
127.859,150.99
129.691,170.29
97.934,132.48
113.598,134.46
135.283,154.69
158.402,212.48
130.897,152.02
128.169,153.28
136.718,159.67
884.393,917.53
139.785,167.45
113.865,149.32
89.43,132.93
131.782,140.25
140.347,166.38
123.792,161.97
173.956,200.54
120.908,161.81
119.456,145.01
130.77,153.21
125.227,144.59
132.307,144.3
102.829,121.42
106.084,120.15
111.436,152.13
105.069,120.11
131.503,144.17
106.248,121.6
164.602,174.68
121.904,136.68
137.829,166.15
131.411,177.03
143.516,156.86
165.967,181.01
130.133,156.01
157.499,166.44
129.951,142.1
101.072,115.84
153.848,183.11
127.597,139.98
113.993,125.51
124.677,140.61
109.256,120.09
135.245,147.74
109.291,119.76
127.761,142.0
129.662,145.2
117.807,131.05
124.212,135.59
122.557,136.22
145.687,156.79
134.936,149.04
117.814,133.04
84.893,99.91
134.676,148.6
146.396,161.24
72.804,99.83
92.965,127.72
109.551,132.4
118.69,148.43
149.086,169.09
126.25,142.88
146.566,164.09
118.536,133.91
113.237,130.11
136.379,154.6
172.088,187.93
107.529,130.29
130.956,150.09
151.225,176.75
110.03,133.48
149.557,171.65
131.587,158.87
125.767,151.65
125.753,148.19
117.345,140.51
123.188,146.26
103.338,129.42
153.275,232.78
221.983,246.44
137.95,161.26
219.635,248.23
135.698,158.38
139.672,244.52
207.239,230.74
136.146,157.6
141.141,164.77
100.201,129.34
108.041,136.11
126.85,156.11
155.704,181.25
136.659,163.36
108.067,144.06
120.576,149.08
96.102,126.72
103.919,133.07
98.348,129.37
133.95,164.35
129.962,159.45
141.79,162.5
124.443,147.61
110.468,139.48
109.257,134.2
92.213,123.11
94.072,123.33
124.567,161.27
107.113,133.63
105.933,133.35
130.983,157.11
118.162,147.64
116.791,142.88
128.206,155.9
112.548,152.78
127.912,200.92
129.717,163.21
140.569,173.97
111.425,144.38
110.033,142.88
96.943,128.27
125.29,155.62
105.267,149.94
116.685,146.44
138.046,171.9
105.536,135.41
87.349,114.78
95.318,123.45
138.272,166.64
120.21,152.31
129.482,196.31
124.082,191.92
151.929,174.82
155.133,179.74
118.313,136.36
113.731,131.89
111.584,128.51
115.92,136.33
114.496,136.99
112.295,131.21
121.486,139.93
116.852,132.34
109.059,127.29
143.808,168.06
76.88,100.1
119.045,135.37
117.195,133.36
114.462,139.19
140.191,172.29
112.483,132.9
135.408,164.85
124.3,148.01
106.916,128.77
116.674,136.22
114.021,134.68
103.68,128.64
112.131,134.39
116.751,132.8
109.977,126.45
117.819,137.52
112.028,129.49
118.857,149.15
103.344,136.86
93.876,120.87
106.282,130.51
88.42,111.63
101.546,133.53
111.933,130.55
104.619,131.27
127.713,145.99
75.242,104.98
101.493,125.25
93.476,119.26
111.781,131.02
136.882,169.66
74.616,105.88
110.985,135.45
81.815,107.58
98.422,118.73
118.661,138.91
101.618,126.26
106.309,125.63
123.215,145.35
93.999,116.3
102.472,124.36
118.162,136.28
103.68,129.12
101.55,124.64
109.491,130.21
110.291,129.95
112.01,132.65
111.662,132.03
112.452,138.79
99.316,120.93
113.141,130.13
110.643,127.72
116.871,139.17
87.829,142.38
92.102,117.83
96.721,127.65
127.505,144.66
125.229,154.42
81.374,106.69
104.141,128.53
97.967,121.85
143.944,164.75
112.47,133.12
118.11,139.16
103.882,122.06
105.4,127.67
115.096,134.35
109.749,129.89
89.004,107.39
102.096,127.05
127.154,160.0
97.091,114.55
114.387,135.74
110.806,129.78
87.271,109.74
116.628,138.53
128.58,146.79
69.422,89.84
123.061,148.25
99.595,126.15
128.668,154.09
112.713,133.87
97.82,124.61
112.121,135.87
140.235,216.39
147.983,172.47
115.614,144.73
115.345,141.79
113.573,138.2
112.837,136.45
131.241,157.76
95.692,123.73
142.492,176.81
122.824,152.29
113.221,141.1
113.772,143.58
111.038,142.61
105.956,145.17
102.126,131.05
111.159,135.98
94.892,126.43
98.668,129.65
117.541,138.16
92.668,122.39
92.744,120.21
116.883,140.62
116.204,138.57
87.294,117.94
97.675,132.65
95.78,120.35
123.568,145.83
105.848,128.05
99.75,136.28
95.8,121.01
161.695,197.89
102.52,127.93
99.791,123.67
90.396,111.37
97.852,119.97
77.862,105.51
91.95,125.58
95.865,120.93
99.719,134.11
120.766,144.55
90.405,123.57
147.619,175.94
107.65,132.71
105.047,136.6
104.415,130.63
107.683,130.41
74.039,98.97
111.976,143.12
137.638,166.38
111.357,133.17
114.778,138.81
112.025,134.37
114.38,135.19
119.657,140.62
119.799,146.32
100.437,124.13
106.308,137.15
91.911,131.84
94.811,128.57
93.698,133.45
132.877,161.32
84.399,110.31
91.57,122.11
91.938,125.53
116.785,146.24
102.561,134.37
93.711,121.98
101.769,136.7
93.417,122.38
124.275,152.89
125.522,150.98
122.808,155.13
123.874,151.19
114.615,140.97
116.236,147.65
103.251,134.3
93.771,130.26
102.857,134.2
93.819,124.79
102.126,136.05
116.61,144.24
113.082,146.22
117.635,146.19
121.575,147.88
95.337,129.7
113.471,142.76
147.016,172.8
152.259,176.51
124.019,151.56
108.124,134.47
71.748,103.01
113.706,148.22
113.865,141.64
144.978,176.43
132.775,161.03
92.44,119.99
76.563,108.42
90.147,128.13
151.259,176.15
128.906,159.05
130.843,160.46
128.934,151.11
139.064,165.11
138.005,153.85
129.625,165.74
119.898,169.58
91.766,138.76
106.082,128.83
117.145,139.57
100.517,122.02
106.283,127.46
116.442,142.81
110.882,129.42
110.252,128.29
112.412,131.37
115.128,136.83
116.505,135.06
104.734,125.59
121.781,143.47
103.883,126.94
142.243,168.65
136.092,166.81
117.168,142.96
79.842,102.71
115.829,143.23
146.185,175.4
96.846,122.22
133.436,164.28
124.664,150.92
120.846,145.68
119.227,148.29
113.83,138.99
110.799,137.95
104.727,134.26
121.874,149.93
105.588,134.59
81.212,104.94
93.343,121.62
80.802,111.33
93.9,121.65
102.579,131.66
99.235,129.7
167.11,197.9
112.353,139.13
111.883,137.32
113.075,134.64
130.291,154.86
118.187,153.39
162.139,194.6
142.759,171.37
125.976,150.38
114.367,155.9
98.551,121.36
116.918,132.32
114.245,128.62
95.226,128.62
109.027,125.45
130.375,148.72
135.592,164.64
120.16,150.68
129.432,154.28
114.384,133.03
114.632,133.28
117.913,138.95
111.95,134.11
111.83,132.9
113.748,132.82
115.626,136.87
110.481,133.07
118.849,140.33
101.996,141.23
142.209,176.51
131.742,159.25
136.431,162.17
114.511,135.97
113.73,144.96
111.004,148.25
130.181,158.02
122.685,150.36
108.905,132.6
104.842,128.46
85.003,111.33
98.484,135.72
101.28,124.74
102.576,128.08
112.98,136.25
98.329,123.76
103.873,130.79
112.958,136.43
101.48,128.91
94.952,123.03
113.821,133.29
92.873,137.24
98.551,126.82
126.058,150.99
89.133,116.57
86.215,121.98
82.892,111.06
92.747,125.02
98.422,127.61
105.888,138.89
112.356,141.46
89.954,117.71
97.862,125.86
108.07,141.22
89.858,119.34
119.282,151.98
139.931,168.52
113.851,142.13
114.366,140.02
109.468,132.28
113.67,142.12
119.598,144.0
130.955,150.9
101.926,130.96
99.222,130.77
94.201,123.92
96.599,122.97
96.365,124.22
127.454,180.11
136.254,165.94
108.507,135.72
112.105,137.99
110.07,132.74
148.883,175.69
112.403,146.35
105.628,136.62
149.075,175.76
111.913,144.5
100.972,121.14
115.339,132.65
114.105,141.25
128.049,151.47
101.39,124.8
129.782,148.64
137.82,159.87
126.797,148.46
111.093,129.25
117.04,136.17
86.073,107.48
139.685,161.99
111.16,132.39
127.656,150.97
125.388,144.53
132.25,159.05
111.591,132.93
139.763,167.21
127.644,162.8
144.881,196.05
171.681,202.33
129.994,153.94
113.728,140.86
102.632,125.02
104.453,127.51
106.568,135.66
111.666,136.22
112.921,136.45
115.477,138.6
131.051,153.75
112.495,136.54
134.654,166.94
131.816,160.82
106.771,167.47
115.9,143.64
115.705,143.41
110.912,133.73
115.599,138.08
103.971,133.13
97.579,130.17
113.23,147.32
96.439,126.88
94.482,126.09
111.708,139.85
95.406,120.96
94.86,121.13
113.054,146.07
94.749,124.87
97.063,124.43
103.349,137.52
114.185,146.19
131.068,165.15
134.838,233.75
129.79,162.7
99.249,130.04
113.236,143.16
112.085,138.07
109.129,137.13
118.419,144.74
115.372,142.31
123.74,150.38
127.548,163.3
149.955,182.39
111.794,146.51
112.84,141.62
99.526,144.01
130.728,163.7
134.415,168.72
104.943,135.45
121.029,151.57
124.038,156.14
102.845,169.14
107.939,138.96
133.744,164.74
116.523,139.92
111.354,136.38
137.001,162.81
112.376,143.99
139.898,168.73
86.912,116.17
75.588,108.42
106.527,135.56
80.085,115.31
92.1,124.57
105.512,138.26
93.368,123.51
94.737,125.54
99.47,128.07
105.143,135.4
118.572,151.11
122.678,157.12
89.578,119.06
78.69,110.02
135.736,163.78
186.108,254.53
116.865,159.05
135.891,177.02
143.249,174.48
138.429,169.86
160.429,190.37
116.039,145.98
133.038,155.18
104.129,140.97
138.496,171.15
91.812,121.0
123.846,153.87
127.643,156.8
117.352,145.56
113.054,137.43
118.637,149.14
154.866,190.8
131.74,159.6
111.054,136.03
106.518,132.93
118.035,140.02
125.929,149.45
151.922,175.59
75.451,102.99
94.489,121.28
110.056,135.23
110.37,142.51
140.12,170.74
122.76,150.51
129.408,157.72
139.186,167.2
147.274,178.2
113.163,140.33
130.609,160.51
126.257,150.73
128.751,154.26
138.097,166.24
110.849,141.47
124.548,155.1
138.319,168.73
114.212,138.93
120.521,147.49
119.138,145.77
131.144,157.05
141.68,171.56
110.11,178.75
128.034,170.63
139.591,174.26
136.672,198.49
115.039,183.31
121.929,185.09
147.441,213.75
137.274,164.12
115.577,139.64
130.248,162.34
101.336,133.54
95.027,124.85
92.449,119.99
81.04,110.88
136.168,166.36
112.529,146.09
101.737,131.37
91.397,118.49
134.118,169.94
116.117,142.96
120.825,162.94
130.542,169.95
135.227,164.3
115.527,145.12
110.474,143.05
110.9,139.31
158.859,184.62
94.228,122.51
98.193,126.06
103.124,134.41
113.352,141.17
113.677,145.47
102.383,126.03
130.244,154.44
87.59,109.21
90.343,119.23
88.935,118.92
114.875,147.72
148.141,176.31
106.978,130.93
123.905,150.93
135.31,160.58
140.7,170.85
109.105,137.58
132.775,160.63
130.137,159.18
109.611,133.45
140.269,169.74
81.774,108.82
157.91,193.23
83.475,108.26
82.219,114.48
78.837,108.38
85.285,116.75
99.825,128.27
97.327,130.44
118.55,168.74
122.673,153.82
113.995,141.16
121.933,149.71
111.591,147.73
129.358,160.7
94.672,130.98
92.522,125.26
95.912,127.24
80.288,109.65
108.447,142.8
81.076,114.64
97.819,128.45
138.105,172.18
112.986,142.59
123.796,152.62
112.849,143.65
108.878,133.29
113.323,140.3
102.908,130.43
112.645,135.66
101.713,134.49
102.266,134.09
97.656,141.99
125.657,159.71
96.142,129.55
153.585,186.4
133.751,158.82
114.821,165.95
109.848,141.24
119.253,162.07
114.509,137.12
97.091,121.14
115.773,137.1
98.888,119.66
114.22,133.02
103.025,128.85
102.641,126.81
143.605,164.24
133.597,157.46
121.157,144.49
120.749,146.14
100.507,124.39
109.144,134.97
116.905,140.06
108.218,134.42
113.734,138.78
109.101,133.8
140.821,170.38
125.908,161.72
89.177,120.93
96.216,127.01
96.252,132.66
117.071,148.85
124.678,154.99
133.289,155.92
141.85,173.39
121.189,151.85
112.112,138.1
116.344,141.63
117.713,145.67
118.122,147.34
132.153,166.01
78.733,110.18
121.934,155.11
79.595,109.73
94.945,126.49
115.234,146.39
151.026,182.12
116.514,144.28
135.831,161.02
105.708,137.48
101.081,134.1
102.545,133.19
99.639,131.87
124.658,163.47
112.044,146.94
138.879,173.24
122.799,154.52
145.002,177.3
129.133,157.11
141.598,174.1
130.794,158.77
121.965,181.94
113.498,164.97
147.684,167.14
151.907,168.28
153.3,192.27
116.31,160.7
137.367,199.84
129.545,164.13
122.474,173.58
89.705,142.11
82.152,132.29
89.403,111.59
104.45,134.46
145.65,164.94
77.81,101.91
95.176,114.76
125.308,145.74
122.535,148.56
96.374,123.29
108.786,134.7
138.022,159.67
112.281,136.29
85.279,108.71
97.355,122.73
84.835,113.93
108.767,140.3
83.361,111.22
114.437,144.45
110.071,135.17
84.234,115.03
123.852,149.93
140.417,168.29
148.301,174.54
133.848,160.01
99.063,127.35
99.365,133.62
93.238,124.1
97.497,127.67
95.038,129.12
118.832,151.83
117.651,147.13
95.338,125.49
115.451,147.16
110.854,141.53
91.302,116.89
135.626,164.32
136.377,165.81
123.157,164.37
127.994,162.24
75.897,105.33
109.662,138.63
112.499,145.44
105.067,132.72
91.138,120.0
118.398,152.78
109.123,134.45
112.227,137.19
129.95,160.17
115.906,169.16
163.962,194.21
152.967,194.65
147.733,181.76
143.462,176.51
136.199,168.79
105.634,174.04
122.717,144.6
114.333,132.29
111.19,134.07
134.177,150.97
139.992,164.49
122.698,144.8
107.217,186.52
149.877,189.44
117.386,148.4
132.882,170.85
142.184,186.99
153.682,198.02
138.317,169.97
130.227,166.59
130.036,164.54
119.48,149.81
115.405,150.14
101.172,139.62
123.721,156.98
107.281,145.53
155.485,190.85
105.484,143.16
127.153,158.71
133.919,168.19
112.537,147.08
117.166,149.83
120.952,156.61
125.597,156.26
133.421,162.36
131.804,162.29
122.719,153.3
135.703,168.84
115.045,146.14
146.767,176.26
135.488,165.75
112.438,146.68
149.669,181.17
127.385,161.62
107.773,143.25
125.479,153.53
110.372,142.11
142.669,174.55
133.648,166.54
119.436,152.96
132.062,167.78
138.547,164.28
158.886,193.29
109.021,135.7
109.813,141.5
116.125,144.87
114.618,140.86
136.471,170.96
121.767,155.5
132.263,163.42
112.724,144.71
106.187,175.38
131.888,162.53
90.667,116.64
137.542,165.35
113.952,139.37
133.417,161.13
109.612,139.71
95.676,136.15
102.896,139.07
103.771,136.37
96.759,128.16
105.707,136.78
91.459,122.78
118.169,149.76
145.753,174.6
139.71,169.24
134.751,164.4
134.065,167.04
123.948,153.59
112.009,147.99
139.649,170.73
122.501,152.72
135.557,161.79
152.433,186.87
116.288,146.91
119.698,186.52
143.35,183.99
134.303,163.17
117.684,154.16
116.937,147.96
116.057,154.22
127.434,159.15
116.712,144.9
107.807,135.57
104.271,129.63
136.025,167.21
130.165,163.98
120.275,153.26
117.96,143.91
134.697,167.32
107.903,139.17
116.791,145.76
115.318,144.94
72.208,102.64
109.599,154.12
125.649,172.62
161.709,207.41
137.034,178.21
129.884,160.66
74.975,109.97
109.489,144.92
97.308,132.02
96.157,126.66
126.219,157.48
105.819,139.97
113.794,146.43
114.082,141.35
117.051,143.82
112.649,139.77
105.031,142.23
95.031,130.73
113.449,153.13
123.731,159.64
91.146,121.2
78.221,111.8
130.227,174.29
89.366,117.1
113.15,144.44
109.414,136.18
119.581,151.95
120.815,147.91
111.067,146.05
91.094,126.47
126.184,159.41
136.209,170.13
113.508,142.4
113.072,141.9
114.892,142.53
114.986,140.74
97.332,139.94
96.73,138.07
101.052,140.93
94.21,131.76
95.463,129.62
87.921,123.02
87.862,125.69
88.495,123.99
96.93,130.87
96.395,128.46
96.364,133.46
97.246,136.49
94.164,130.5
119.775,151.01
143.777,177.48
109.788,137.17
129.773,158.65
111.329,154.24
118.341,155.79
130.058,167.85
108.222,137.53
113.817,140.91
122.19,155.5
125.582,153.13
100.646,132.18
91.093,125.77
94.416,128.61
96.799,135.23
97.299,131.73
97.775,128.3
89.243,124.5
95.88,127.64
95.109,130.62
92.876,128.18
93.885,126.27
98.038,134.29
144.607,178.17
114.562,152.51
122.988,154.05
118.066,151.78
103.324,137.07
127.913,166.67
131.828,166.41
99.433,126.43
143.276,174.6
126.709,167.14
131.444,169.47
139.815,172.37
114.792,142.2
143.514,168.47
107.683,143.0
130.557,167.48
121.71,146.98
122.304,166.83
81.619,116.49
113.976,146.88
105.235,138.01
109.039,139.67
119.139,148.12
110.517,138.1
111.061,139.38
132.771,163.78
111.795,139.98
137.887,164.39
75.946,107.06
92.402,121.88
94.154,129.68
118.104,147.89
100.34,137.02
126.249,158.78
88.381,114.89
131.437,162.35
112.941,145.69
123.092,150.3
127.72,155.5
102.943,142.83
129.921,163.62
152.043,184.86
118.325,146.44
111.111,142.86
95.793,129.82
105.689,137.96
137.614,177.99
103.624,135.13
126.114,155.83
113.021,140.79
116.46,143.8
110.418,137.36
134.619,160.91
102.865,140.04
114.564,148.33
158.289,189.42
141.467,184.84
116.579,154.09
128.085,165.36
121.091,152.16
123.445,153.77
133.252,166.38
118.137,150.27
108.223,143.51
111.994,142.74
141.098,171.58
106.428,137.05
110.677,143.29
113.629,140.83
129.348,159.74
136.217,174.99
93.408,129.56
91.545,125.36
93.077,129.15
78.843,110.97
96.706,133.05
94.973,124.9
141.888,177.91
91.87,122.69
133.74,168.06
127.827,157.89
118.698,158.57
131.275,167.22
144.124,180.36
112.851,141.4
119.078,147.05
106.646,139.78
99.537,133.2
119.908,153.41
120.942,152.33
87.779,119.64
118.917,152.49
102.668,129.82
103.706,133.98
118.583,147.23
137.788,169.15
122.657,150.89
112.453,141.47
112.455,138.6
116.626,160.73
135.419,170.17
97.709,128.88
88.114,117.38
111.906,145.74
100.592,127.29
99.998,132.74
112.154,139.14
101.077,130.75
134.969,162.76
117.296,146.21
115.524,144.64
99.793,132.04
94.612,130.16
135.306,170.63
95.527,120.92
94.293,126.59
88.994,123.56
119.2,151.97
94.785,122.8
127.266,160.36
117.683,142.87
120.534,151.7
124.075,175.7
104.822,136.86
103.508,137.27
120.567,154.98
108.218,136.29
160.112,187.95
81.579,116.64
93.003,130.9
109.364,145.08
106.899,140.69
125.211,165.72
123.205,153.66
130.463,157.93
130.265,159.78
154.633,193.47
123.211,151.79
105.205,142.11
102.446,138.62
110.389,142.19
137.245,170.83
128.233,160.75
116.302,147.11
133.375,161.78
151.359,183.8
135.963,166.63
121.208,148.66
139.534,170.61
136.774,174.05
140.83,171.57
128.567,153.92
98.26,135.63
91.248,126.79
101.81,135.27
128.489,163.06
100.375,136.41
99.074,131.21
101.504,131.48
108.577,138.71
115.811,144.07
110.826,140.99
117.818,150.5
125.615,154.3
102.75,137.82
139.916,177.26
127.246,158.87
129.954,159.66
123.579,164.05
113.799,145.4
128.042,160.82
129.034,160.92
131.145,165.84
121.936,157.18
114.738,144.6
123.653,154.28
137.62,169.6
125.233,165.53
99.775,133.1
122.826,160.68
115.948,147.31
100.358,143.59
89.922,129.49
89.962,126.77
121.036,151.57
94.707,131.82
119.254,156.29
112.769,142.14
119.275,149.49
101.592,141.92
102.055,141.61
107.629,142.77
80.367,115.04
100.851,137.93
106.567,141.59
119.877,152.01
112.414,137.32
118.259,149.14
109.662,140.03
118.748,150.81
93.645,129.26
92.243,127.57
98.821,134.9
109.977,147.74
85.083,116.78
118.463,151.26
108.888,147.04
118.151,151.6
117.064,148.55
117.745,151.07
105.011,142.64
129.261,155.95
118.208,146.34
109.683,140.06
109.387,140.08
92.747,129.32
95.697,126.86
95.922,128.84
98.971,134.55
118.105,153.58
121.838,154.62
108.138,137.84
110.758,147.08
116.251,147.82
115.965,140.97
107.013,147.27
117.714,152.22
105.075,137.64
92.318,126.63
80.762,116.48
111.538,147.16
98.57,132.49
125.397,160.38
116.386,145.65
109.807,138.42
102.879,135.39
115.492,144.44
118.968,146.54
114.437,157.5
104.223,138.5
130.772,163.18
117.495,145.74
116.136,148.05
125.84,155.95
139.506,169.55
98.268,135.79
92.11,123.57
127.306,162.37
120.862,152.31
112.354,149.2
103.75,138.36
88.363,115.97
114.647,148.22
101.777,134.22
88.839,128.1
94.953,127.65
123.996,158.96
99.52,131.06
115.811,142.3
112.874,143.89
115.63,142.74
115.103,142.03
134.275,159.93
126.774,160.94
140.73,177.39
132.688,164.89
98.197,129.94
96.203,128.97
101.564,138.95
100.794,133.24
96.211,131.96
112.484,147.98
103.915,136.22
103.011,139.31
88.669,123.68
91.697,120.12
78.842,107.19
92.951,126.81
97.114,128.59
91.181,132.49
98.046,129.0
109.012,138.31
93.855,132.91
95.149,125.78
91.644,125.41
106.041,138.27
109.331,139.52
79.535,106.43
103.667,137.17
117.134,151.0
76.184,106.58
90.831,121.84
93.105,124.65
94.643,129.2
103.999,139.2
91.418,121.68
108.849,141.6
96.545,126.52
97.992,131.61
91.052,120.98
93.757,126.59
105.724,137.84
98.258,132.38
119.78,154.97
77.178,110.18
136.614,175.78
107.698,139.4
118.195,151.46
120.341,156.54
112.797,159.4
115.47,152.52
117.942,154.33
115.858,148.87
125.256,166.31
109.09,145.7
115.371,156.78
78.971,117.92
122.392,161.73
93.565,123.36
120.292,153.66
112.28,142.37
117.076,145.05
120.292,147.77
121.735,153.63
99.846,128.19
101.447,134.68
96.522,129.35
114.328,146.96
116.454,146.22
87.538,117.52
116.155,148.41
117.291,148.85
127.117,152.12
108.622,145.07
92.453,127.64
95.117,131.68
96.49,126.89
90.163,123.08
100.482,140.03
94.235,124.22
96.558,129.98
119.966,155.76
81.07,110.61
91.792,127.19
113.715,148.29
93.728,125.64
82.902,116.32
108.731,142.9
129.606,171.1
98.011,120.91
98.314,131.4
114.345,140.3
111.095,136.08
116.466,146.52
127.65,155.51
127.562,165.92
105.217,137.68
93.592,129.13
112.066,147.91
90.13,115.1
90.933,122.18
112.112,144.83
98.308,131.59
123.111,158.37
128.06,157.33
121.631,148.91
148.903,182.34
145.457,180.87
129.332,156.54
131.597,176.64
128.219,160.44
111.146,142.38
140.841,170.14
116.424,153.06
111.818,147.78
120.529,150.09
122.144,156.62
127.533,157.59
119.638,147.75
104.274,137.42
130.265,168.53
144.72,181.23
135.717,165.59
136.687,165.46
100.076,132.17
116.666,132.17
105.93,122.17
138.864,156.62
143.746,160.55
130.238,150.17
111.725,132.73
115.293,135.23
99.007,124.74
111.213,131.38
113.559,137.84
104.743,129.32
119.276,144.55
136.822,205.27
116.211,140.67
98.905,121.29
106.107,132.97
114.945,140.64
116.655,142.35
125.049,148.2
120.515,161.96
114.085,195.23
146.362,174.04
147.485,175.02
129.776,159.46
117.252,146.42
98.355,143.54
93.177,127.15
105.181,139.04
124.358,156.47
80.61,107.73
91.676,122.05
114.519,148.75
98.877,129.06
83.714,117.43
114.635,146.42
128.586,158.48
118.941,148.65
111.645,141.4
105.64,135.34
114.835,148.27
110.825,142.13
97.382,125.6
81.487,112.93
109.532,144.71
82.262,109.92
135.741,168.04
138.242,169.91
138.831,167.21
132.753,164.21
107.875,135.84
133.3,164.39
115.216,146.81
141.99,172.62
117.833,142.43
91.924,129.4
107.72,136.66
130.617,166.37
140.952,171.55
131.124,161.33
131.017,161.11
84.902,128.14
130.975,142.77
111.187,123.43
154.369,167.39
122.699,135.32
134.238,157.56
72.949,87.52
91.94,114.72
90.361,114.32
138.473,160.35
117.073,183.47
110.378,135.49
104.471,129.76
126.607,152.63
120.496,152.75
134.579,161.05
84.98,110.12
95.516,128.36
139.609,172.31
76.849,105.65
115.696,142.07
130.39,161.35
117.61,150.13
131.041,159.5
136.295,178.77
141.526,167.06
125.087,142.82
112.41,128.41
118.71,135.81
134.765,163.49
101.698,121.72
162.15,185.3
126.539,152.04
139.199,160.85
108.394,145.7
123.273,149.94
123.936,152.67
129.648,156.0
1304.217,1384.46
119.205,129.59
99.678,111.85
96.043,110.17
106.292,120.95
87.825,108.82
101.956,128.95
110.438,124.22
106.709,129.2
129.206,145.28
175.946,197.8
114.928,134.61
122.072,139.76
122.206,139.67
128.737,149.03
124.733,142.48
110.193,135.26
114.099,139.98
113.777,133.17
150.053,175.37
129.923,150.82
160.859,179.95
167.122,207.64
152.328,175.16
153.097,175.67
131.344,148.89
145.528,170.22
137.925,158.25
142.134,160.67
143.632,168.93
125.774,149.89
135.479,160.83
129.605,147.12
132.695,154.17
128.014,157.9
105.986,130.9
125.143,151.58
145.255,162.61
139.848,161.21
149.54,171.51
127.677,157.03
119.672,140.1
138.905,160.87
154.104,178.54
113.351,128.95
136.475,155.83
127.686,148.87
148.895,170.97
164.385,186.06
164.639,185.02
128.935,144.66
108.345,134.8
145.713,165.94
135.61,155.9
159.539,186.97
125.791,141.29
133.227,153.77
135.819,149.77
133.861,150.77
113.656,134.22
132.863,156.94
153.939,171.12
143.349,161.77
113.67,136.62
165.606,184.28
145.808,167.4
155.969,173.82
145.144,172.45
121.19,145.51
135.991,156.96
135.822,153.03
153.36,172.97
124.369,145.01
128.14,146.7
144.468,172.2
152.16,174.41
113.818,128.61
116.161,134.19
140.952,173.74
118.232,174.31
130.555,189.76
146.627,170.93
115.538,139.49
137.138,157.71
125.182,144.63
169.169,192.35
133.722,154.19
162.404,182.4
142.927,168.52
140.296,166.74
120.313,153.13
117.734,138.63
138.114,165.73
120.877,174.66
113.811,142.2
120.216,140.12
148.495,210.69
121.871,143.05
99.089,118.59
143.869,164.56
118.852,139.2
131.4,149.52
107.817,136.94
104.368,133.59
157.62,185.56
138.316,166.67
132.391,156.3
114.838,139.85
106.557,129.21
115.606,143.61
94.476,120.04
97.745,127.39
105.213,149.07
96.099,121.47
117.067,145.24
132.017,163.03
159.155,188.56
109.837,135.57
139.033,165.65
138.771,165.61
132.275,158.02
117.687,143.52
97.003,127.98
107.909,131.03
106.729,134.5
111.004,140.27
99.488,125.62
114.811,140.51
127.24,156.44
126.982,155.0
100.336,126.79
86.796,113.69
145.536,175.28
151.843,173.11
131.707,163.18
144.501,173.03
112.961,136.68
123.676,149.66
118.803,150.14
117.442,147.64
133.19,154.75
118.742,147.39
125.577,164.73
128.429,158.34
121.353,145.66
117.756,140.74
118.989,144.19
104.435,133.54
102.447,126.82
114.785,146.17
132.974,170.04
112.26,142.16
129.563,153.38
127.802,158.38
129.997,156.72
106.163,131.81
168.596,195.18
113.462,141.28
107.397,165.2
111.083,130.03
134.627,153.52
132.102,149.23
104.393,166.11
159.269,178.0
118.414,181.07
134.284,191.75
129.07,183.64
127.752,145.13
134.051,166.07
129.186,176.8
106.358,145.4
130.073,151.28
117.827,159.14
101.515,126.2
138.046,155.42
121.369,144.09
112.285,141.03
126.059,155.93
138.61,154.66
137.576,198.15
147.093,167.75
114.633,135.2
166.555,194.5
115.662,135.27
114.149,136.87
131.597,154.94
114.554,150.58
104.677,133.7
90.342,118.31
99.088,130.66
129.155,157.04
89.553,133.66
152.542,180.81
117.335,141.39
111.855,138.43
114.28,138.96
111.01,135.71
128.599,153.69
120.492,150.58
122.175,159.65
132.806,165.97
115.882,139.75
118.198,144.69
150.892,178.74
128.72,157.5
114.335,140.73
117.696,145.42
116.577,140.37
97.911,139.24
128.621,158.6
125.268,157.06
114.919,142.85
152.082,188.86
152.476,187.79
110.344,139.07
145.851,172.38
163.609,192.97
104.437,132.39
117.343,146.84
113.928,139.94
115.426,141.6
139.297,167.68
91.916,135.7
138.381,162.8
107.632,157.38
110.836,136.84
129.829,152.74
129.954,146.75
125.833,184.54
100.048,125.57
103.156,128.3
90.854,115.12
134.352,166.44
146.764,171.86
113.495,137.98
120.524,141.63
117.892,140.04
113.881,142.24
115.764,139.64
134.658,172.69
113.486,139.06
104.934,134.34
92.135,117.48
100.932,137.26
113.976,139.82
127.66,162.02
129.248,154.39
111.733,136.51
109.626,143.08
107.352,135.92
109.819,133.51
114.948,142.87
107.925,135.77
126.761,151.09
122.309,151.32
109.527,149.93
100.097,128.52
90.883,122.38
104.803,138.44
99.108,133.07
98.879,129.01
98.353,135.8
105.746,141.54
83.333,118.83
99.492,130.42
108.405,142.37
95.125,129.56
96.553,130.1
118.409,141.28
100.657,128.49
97.602,125.77
98.415,126.53
98.456,130.11
99.819,128.75
97.361,131.51
103.22,137.56
96.067,128.97
99.511,128.6
116.944,147.51
91.542,118.71
99.344,130.52
110.145,142.06
92.849,126.24
133.141,155.91
125.868,156.78
84.315,118.6
115.355,131.34
98.461,123.18
117.071,133.84
120.238,141.01
97.531,125.3
107.561,128.69
111.613,130.96
116.768,138.54
101.149,132.53
127.269,149.26
128.258,166.9
108.076,134.63
117.426,177.56
129.097,163.63
156.329,188.96
100.999,132.03
107.325,136.73
101.87,126.71
115.197,142.39
116.172,139.25
118.494,144.21
121.761,147.68
111.77,136.9
139.637,168.29
86.795,112.71
136.001,173.29
93.415,119.16
117.91,149.85
97.481,122.91
110.319,135.11
113.59,136.99
112.53,137.91
120.275,144.78
119.981,146.24
114.569,140.59
102.774,131.29
106.534,140.79
94.836,124.25
109.146,136.1
128.745,169.43
90.766,118.98
135.184,167.2
117.035,138.68
111.773,133.81
118.779,144.85
116.851,138.96
117.327,145.96
104.471,134.88
107.709,137.98
97.099,129.43
97.817,129.49
103.686,135.56
96.507,126.36
103.341,129.92
114.107,142.11
127.768,159.76
115.956,138.97
117.843,142.1
111.802,137.03
108.892,150.57
112.28,139.16
118.922,145.84
130.159,151.06
94.4,126.67
80.414,109.94
99.932,127.99
96.861,126.8
98.717,132.89
104.367,134.93
138.243,171.82
117.49,156.56
116.42,140.14
116.371,138.03
110.714,134.4
118.664,146.49
119.95,143.4
100.232,139.32
97.913,124.99
107.479,132.98
111.991,138.76
91.362,118.03
103.893,131.99
122.721,152.4
81.341,110.36
117.981,139.91
101.009,125.28
88.454,116.53
107.885,134.15
104.125,137.96
100.108,129.02
94.893,124.97
115.192,153.78
101.602,131.98
82.212,113.62
109.671,143.23
79.122,109.06
99.019,133.77
95.558,130.17
93.502,122.02
131.336,163.82
89.543,113.19
112.903,141.17
100.386,126.74
90.929,114.88
104.048,135.2
97.659,129.99
92.857,119.87
103.311,134.63
122.551,151.95
110.162,135.33
119.798,145.05
117.887,144.04
113.898,136.82
126.562,149.77
91.016,120.29
108.374,134.21
101.657,136.46
98.694,128.45
107.565,136.94
98.329,125.17
90.927,125.05
121.849,152.3
78.016,109.09
83.258,117.76
117.828,141.88
94.119,121.8
102.312,131.22
107.758,137.45
94.85,127.94
100.447,134.17
107.595,140.38
106.196,132.29
83.956,109.6
120.493,162.46
102.909,152.57
91.993,120.6
107.273,136.92
120.375,144.4
115.447,141.12
110.832,134.57
100.29,138.44
100.749,130.19
114.45,145.84
98.458,131.59
89.157,120.13
127.393,173.13
100.62,129.82
78.135,106.0
107.14,133.49
124.398,154.36
116.709,139.97
113.62,142.95
112.339,136.44
111.187,136.65
119.894,144.36
112.513,137.6
120.287,141.32
94.343,134.69
94.827,131.15
134.874,167.51
93.43,118.03
83.399,109.9
108.092,139.73
92.062,117.55
92.035,127.2
121.442,144.88
112.945,137.87
111.78,152.82
91.405,124.86
99.717,131.53
99.369,131.12
114.52,137.96
101.146,130.16
114.009,139.88
94.318,126.5
124.908,156.62
75.719,105.32
101.144,127.27
119.117,151.32
118.076,148.92
113.825,137.41
122.46,148.95
110.496,133.93
101.233,139.14
104.967,145.96
93.547,125.56
90.727,123.67
166.018,207.48
119.912,143.01
136.035,161.49
108.401,139.78
99.098,129.09
101.34,133.63
91.126,124.41
92.431,124.32
97.602,130.78
121.563,152.7
102.742,173.67
122.881,148.29
118.94,150.09
114.963,141.26
109.054,144.65
100.907,138.09
115.572,151.0
80.329,111.6
88.721,118.53
100.13,133.66
97.229,125.81
109.64,138.72
97.875,132.76
93.927,124.98
96.804,127.59
109.849,139.96
104.523,134.34
106.096,142.03
84.572,117.4
112.119,144.68
125.186,156.23
112.85,147.8
123.099,147.34
111.945,134.37
150.577,250.93
165.687,207.51
128.881,165.58
127.375,156.99
130.681,159.97
125.335,159.69
133.486,164.55
122.361,157.62
108.879,137.09
142.127,184.27
89.461,118.84
117.697,151.08
89.157,118.43
104.734,133.53
123.447,154.25
128.796,151.83
118.607,144.16
114.716,139.99
111.401,136.11
106.231,140.95
94.441,126.33
97.228,137.5
99.58,130.69
104.21,141.18
96.874,129.39
93.052,127.21
131.537,165.83
119.606,153.58
140.032,167.54
114.574,141.98
120.597,149.89
136.473,166.07
120.628,149.9
131.278,160.91
152.198,181.12
113.267,144.54
92.955,125.64
92.765,122.58
106.732,134.62
112.343,142.21
98.451,127.76
113.987,141.5
131.303,160.59
116.852,143.15
99.995,141.19
125.332,158.07
122.264,159.9
101.085,131.16
89.165,117.71
120.928,148.8
120.748,149.99
135.782,163.19
132.637,165.61
83.091,110.74
101.602,132.67
154.701,179.4
139.589,171.43
115.969,148.43
100.457,138.91
118.504,152.02
164.219,189.29
118.4,146.22
116.336,141.33
130.526,157.16
118.375,149.54
124.197,153.5
119.561,147.63
144.387,170.16
167.303,197.04
130.033,156.99
131.124,160.13
141.501,169.88
138.554,165.45
160.882,197.7
145.067,170.36
109.417,145.12
128.964,157.74
129.928,182.87
138.26,159.06
121.176,140.41
118.048,140.58
137.072,158.69
135.099,157.8
152.931,180.79
126.004,151.62
102.048,135.32
161.599,207.96
122.253,158.92
132.402,165.58
149.866,216.04
116.44,145.59
116.238,142.09
134.254,160.04
119.772,153.98
114.441,151.74
121.319,155.62
65.707,95.67
94.023,126.65
94.943,130.9
101.7,136.57
93.682,125.67
99.589,138.47
156.812,189.19
118.407,144.9
139.325,172.32
80.035,119.21
113.331,151.46
106.085,140.14
119.818,154.78
116.47,150.36
116.475,149.8
145.818,177.65
118.076,150.73
129.981,163.6
136.907,170.65
130.468,165.22
112.754,145.83
90.816,121.03
111.561,144.08
119.259,148.24
101.418,126.79
107.841,142.0
74.511,107.81
113.416,143.32
98.194,128.66
88.832,113.61
127.949,162.66
83.13,122.05
92.854,117.01
147.254,166.09
143.291,192.34
119.668,180.14
116.161,135.11
132.371,154.14
120.152,181.83
112.236,176.44
140.525,206.04
128.816,209.58
142.702,209.87
138.089,161.41
129.71,174.26
102.211,150.03
128.423,149.65
142.413,164.77
113.843,130.25
105.188,124.56
138.917,187.09
102.933,160.8
112.253,139.16
129.513,155.84
140.425,166.34
114.217,138.72
105.342,141.24
136.635,163.13
148.479,178.05
111.046,137.41
119.724,146.05
92.056,122.25
118.965,144.49
111.342,145.2
84.505,112.06
105.836,134.4
109.885,144.25
148.085,179.54
132.627,155.49
119.94,148.89
103.68,141.04
131.619,170.83
99.155,131.06
132.47,159.91
120.638,185.46
105.436,133.33
105.589,141.93
145.944,174.64
90.674,119.22
122.016,157.98
122.166,146.8
99.838,149.19
100.813,130.0
141.572,175.14
105.908,137.88
108.712,138.26
116.147,145.76
111.196,137.49
111.225,140.67
116.924,144.64
116.655,150.0
93.192,120.93
100.206,133.99
149.948,184.63
135.341,166.56
97.531,122.93
111.921,139.81
119.775,145.93
115.478,139.55
112.361,163.05
152.183,188.11
134.684,159.98
138.157,161.0
126.309,156.37
93.49,124.13
89.719,122.97
114.455,144.96
144.272,172.93
102.837,130.02
109.525,135.57
130.931,154.64
110.57,140.16
108.562,135.46
103.529,145.88
93.253,127.52
96.708,126.5
107.717,136.76
122.324,154.85
93.303,137.72
116.896,127.34
109.948,119.75
110.628,120.1
126.774,137.68
113.018,126.28
118.382,130.76
122.599,135.17
124.878,141.88
139.333,194.76
119.2,146.8
102.607,154.7
127.908,149.97
115.357,134.44
105.524,128.03
115.135,136.61
114.604,136.5
112.831,131.66
112.385,137.96
139.015,161.12
115.561,142.83
129.606,160.05
96.976,126.08
96.817,123.29
85.003,114.19
93.524,122.83
129.232,154.93
81.821,109.93
87.486,119.77
106.627,140.91
96.197,127.38
107.009,135.18
92.345,121.11
96.115,124.51
98.383,129.82
136.702,162.84
72.569,139.63
142.229,165.02
143.533,210.03
114.021,144.79
96.83,116.68
93.332,114.17
123.669,146.1
98.784,124.37
97.055,120.69
137.81,170.1
144.953,167.5
114.338,134.09
105.983,123.78
137.792,158.29
124.817,145.84
115.989,133.9
97.525,140.72
139.796,170.45
115.513,140.58
117.891,143.4
138.38,206.05
118.25,198.06
147.326,200.64
138.542,168.59
106.91,130.02
129.873,154.15
109.674,133.23
128.814,151.56
109.993,133.46
143.568,185.89
103.296,125.31
96.849,119.94
86.301,110.81
113.364,137.42
106.006,139.11
145.537,172.33
117.74,140.82
115.271,137.57
110.824,132.69
128.669,152.81
92.605,125.29
94.636,119.72
107.147,129.13
112.999,134.56
103.439,146.95
107.69,144.14
113.778,148.12
113.924,139.0
137.798,166.66
123.298,146.01
112.825,134.42
119.765,143.82
107.737,128.09
118.043,141.66
94.015,125.66
93.731,139.2
98.288,125.68
99.76,132.88
95.278,122.1
104.485,137.88
99.21,125.34
115.647,139.37
101.784,135.12
91.261,123.44
90.706,118.35
120.081,141.37
146.915,185.36
85.035,109.79
77.913,103.08
127.203,151.04
81.865,112.91
135.805,166.02
101.189,129.14
119.774,142.24
115.145,141.9
108.417,131.51
105.9,128.29
118.304,139.15
112.157,136.09
102.725,125.88
114.461,141.86
115.052,134.21
95.84,127.06
115.043,137.98
104.997,126.29
95.15,131.78
95.671,127.56
111.021,132.09
96.519,128.21
104.148,123.7
131.439,152.52
91.871,117.29
94.864,131.24
107.211,130.95
92.073,122.16
131.718,154.07
94.021,121.81
91.951,117.82
110.942,135.0
115.762,138.96
107.899,134.63
92.206,122.65
108.396,128.66
98.655,124.33
97.814,133.62
108.127,130.34
98.066,132.44
101.439,128.59
109.68,132.68
96.7,122.52
105.986,127.44
103.682,126.85
128.03,151.21
91.829,117.77
112.84,136.49
102.814,130.1
92.39,117.74
113.836,137.32
112.038,141.74
91.944,119.31
112.401,136.76
95.54,120.37
102.624,135.19
106.612,129.43
91.777,119.97
107.697,130.02
111.682,136.56
97.69,122.47
108.721,129.12
111.152,134.6
96.881,129.9
109.262,129.92
117.743,142.51
96.688,120.29
99.177,129.11
114.657,136.86
100.25,124.63
96.653,126.19
109.497,129.47
106.136,129.56
95.079,133.59
124.946,146.65
91.172,116.92
110.449,134.05
110.124,131.89
102.936,129.01
107.024,139.43
112.474,131.78
91.912,117.14
101.391,125.9
109.918,128.04
95.773,130.71
97.027,130.79
108.94,130.47
110.387,130.95
99.056,130.58
109.642,130.05
98.545,125.06
105.285,128.32
111.861,133.67
107.504,130.24
108.22,130.39
110.773,132.33
89.092,130.07
109.094,132.56
113.053,135.07
96.951,122.52
109.136,131.23
111.985,131.88
99.28,129.26
100.214,137.78
112.365,135.71
96.051,125.96
121.015,145.18
77.933,100.61
111.428,141.66
85.061,112.07
108.656,135.5
97.132,123.5
99.603,128.66
104.02,131.63
134.508,176.43
102.721,129.72
85.963,111.7
92.873,119.55
78.471,104.27
98.023,124.12
98.44,134.05
94.083,121.69
116.074,141.01
92.033,120.17
106.712,133.79
96.527,127.63
112.706,134.24
96.263,121.84
118.005,139.37
112.413,132.19
98.375,124.31
92.302,132.2
95.179,119.88
108.883,131.74
105.868,131.69
117.472,139.9
109.083,135.03
93.85,124.65
98.855,124.99
94.094,125.78
98.364,130.1
113.038,136.56
107.929,132.0
96.204,123.84
99.218,127.56
134.656,156.64
132.999,156.53
126.231,153.04
108.514,131.42
102.434,126.27
92.961,115.32
123.108,152.68
134.827,157.52
105.316,126.9
123.63,145.7
108.395,130.2
118.018,139.7
93.602,129.31
113.553,140.43
93.008,129.88
96.132,122.49
111.493,132.64
112.126,138.97
91.866,119.46
105.514,128.67
111.497,131.48
95.832,134.09
111.792,134.63
103.985,124.6
107.797,141.95
93.637,125.29
106.247,128.72
95.02,127.89
131.003,163.45
109.039,137.16
112.064,137.57
106.916,128.97
121.167,150.38
124.968,152.34
85.55,107.01
108.766,134.07
100.611,122.49
76.337,99.58
91.498,113.83
93.643,121.82
106.986,136.97
107.755,130.04
115.846,145.3
94.583,117.11
120.809,141.08
140.796,168.76
114.731,136.12
127.196,148.92
104.199,124.82
100.782,125.03
92.285,112.18
84.974,109.21
80.864,107.33
92.751,118.79
95.784,120.52
108.579,128.62
112.138,134.04
98.382,132.18
108.117,130.0
107.865,131.0
97.916,129.52
107.797,141.41
107.299,132.59
100.795,127.76
97.773,123.53
108.382,129.16
109.18,130.58
103.157,133.26
110.224,130.52
98.193,132.19
95.528,122.08
108.784,131.3
103.517,137.59
100.061,125.63
110.213,133.2
97.208,122.08
109.809,131.03
118.706,144.12
98.102,121.79
117.471,138.43
100.062,129.81
89.39,115.48
103.222,128.55
143.858,166.37
81.405,104.71
97.206,123.54
107.772,148.04
91.024,119.55
96.023,120.44
108.43,130.94
99.141,123.76
105.085,125.72
116.633,137.88
92.659,126.96
92.798,129.68
91.444,124.89
125.508,148.43
93.473,120.74
102.244,122.64
112.385,134.23
100.628,135.53
144.977,177.88
139.177,166.7
109.642,132.41
111.534,136.93
104.863,126.21
112.937,134.6
105.802,126.33
110.972,134.29
111.797,133.13
108.771,128.89
108.316,130.21
100.285,120.95
116.57,138.37
107.145,129.21
104.214,130.21
108.297,131.15
107.738,129.96
108.549,130.53
100.001,119.35
115.593,136.93
114.217,133.69
107.578,127.69
92.851,120.42
97.312,124.01
112.781,135.76
94.982,115.98
113.386,139.57
105.86,128.61
106.627,133.44
96.224,116.74
82.373,109.91
98.05,130.54
77.283,101.99
90.672,113.7
114.349,136.66
91.106,117.11
109.215,131.2
107.57,128.63
104.023,128.87
112.066,135.29
112.227,133.29
100.853,129.14
143.69,175.89
109.906,131.17
108.934,132.19
95.901,116.41
92.625,116.98
90.753,115.31
77.127,102.58
104.109,128.51
118.461,146.68
96.306,121.49
115.327,142.9
114.026,137.98
108.808,135.64
114.11,138.14
120.799,144.25
87.841,109.01
88.456,114.28
130.04,161.06
108.674,137.92
114.336,136.86
120.156,141.53
109.218,131.72
88.251,109.87
103.669,129.53
85.876,111.32
118.459,148.49
103.609,125.13
88.063,113.13
81.311,106.9
119.795,142.82
79.863,106.03
95.394,122.02
106.931,126.48
107.48,131.51
100.554,122.53
110.368,134.11
108.397,131.75
92.874,130.97
108.7,130.24
96.737,132.8
108.561,130.92
108.885,131.98
108.734,131.12
95.159,130.86
105.611,127.71
128.213,148.36
95.326,121.86
105.93,127.22
102.39,130.03
130.168,158.9
135.811,160.83
95.705,124.85
72.817,99.72
105.93,128.31
87.703,112.5
97.834,123.51
107.281,128.26
99.827,125.96
102.162,138.96
98.412,129.49
94.901,119.37
108.697,130.68
89.647,130.95
91.734,128.81
110.449,132.34
115.392,138.81
101.686,126.41
116.843,145.35
129.928,158.12
78.298,105.59
90.23,116.79
93.865,125.15
98.714,122.17
110.324,132.87
111.237,134.9
98.614,124.8
111.908,136.53
112.031,137.17
100.192,125.43
103.503,131.73
168.762,203.1
101.109,132.21
88.171,111.66
126.298,163.53
120.37,143.29
107.398,134.18
113.305,138.04
117.442,140.0
115.27,138.38
102.895,131.32
139.651,171.34
107.664,130.87
130.046,162.46
120.716,147.07
140.868,175.92
110.574,148.78
90.169,118.77
114.917,147.06
128.339,157.55
127.126,155.54
150.023,185.26
122.524,163.09
122.016,150.73
113.321,140.14
127.501,152.21
162.402,191.57
123.473,156.82
129.347,160.0
113.863,149.13
135.435,170.13
130.071,161.01
122.194,152.81
135.357,161.81
108.017,139.54
162.519,190.57
149.008,177.12
131.718,167.65
115.044,145.82
100.396,133.47
103.366,129.15
110.742,136.52
125.233,156.36
121.263,145.05
115.708,141.47
111.052,137.51
143.452,182.36
105.815,138.93
127.339,156.34
114.744,143.28
146.383,171.25
121.189,152.52
93.551,120.79
110.957,143.09
153.796,185.14
122.038,150.2
120.344,153.67
134.99,169.91
148.151,175.02
145.751,207.26
144.103,165.59
145.684,165.69
132.969,151.75
102.993,125.37
131.897,157.82
134.415,160.43
165.769,188.28
147.164,180.17
150.545,173.53
135.601,152.95
140.54,159.96
130.829,156.45
147.333,168.49
150.028,173.03
124.6,148.11
115.025,133.16
136.989,158.6
131.477,147.0
145.674,164.47
137.829,154.8
144.289,164.13
131.195,150.73
149.474,173.81
142.876,158.85
131.212,163.53
131.806,148.47
124.977,138.81
143.264,158.25
148.257,170.21
143.808,159.73
133.788,149.25
168.84,185.38
142.315,166.45
122.666,144.43
125.898,141.67
120.42,136.06
120.713,140.83
118.377,143.32
112.804,141.74
105.283,126.75
123.911,148.58
118.091,134.73
110.652,129.4
115.545,135.75
133.778,150.57
122.271,150.07
125.379,140.97
146.183,166.32
151.727,168.41
117.138,177.25
118.492,139.9
145.001,161.87
114.228,135.02
138.36,162.32
151.192,170.97
115.959,134.14
129.779,145.22
131.483,145.84
119.949,138.24
110.505,128.19
136.898,157.49
129.035,145.39
130.581,152.42
102.401,120.71
117.767,144.16
147.308,165.47
125.057,142.47
129.989,147.42
114.305,137.74
150.321,172.01
162.439,193.74
117.997,141.46
148.702,168.96
142.17,164.24
126.525,143.38
124.88,145.36
117.531,136.65
129.153,151.33
121.649,148.2
115.559,181.88
157.481,226.29
113.489,135.86
148.297,174.41
127.494,155.22
105.827,171.73
113.378,135.51
138.701,167.13
148.225,171.22
127.423,156.47
125.261,154.55
126.954,150.77
135.792,161.3
116.635,184.71
122.169,144.17
131.116,154.45
117.281,157.92
116.93,134.28
127.827,146.25
128.893,143.26
148.367,165.14
120.696,148.86
109.106,159.48
137.645,165.61
161.233,185.72
158.107,186.57
114.793,149.71
134.213,157.81
135.715,162.74
121.61,148.1
138.818,159.79
157.674,183.3
145.344,170.11
113.684,139.2
137.882,174.0
130.906,160.13
118.657,168.07
95.988,136.71
86.482,109.32
103.861,130.01
138.157,168.89
133.2,158.94
88.287,112.33
138.855,166.27
122.751,147.69
134.769,159.92
118.035,145.4
96.356,128.67
101.022,128.8
96.28,129.29
114.819,145.69
111.465,154.21
95.629,128.57
77.207,107.35
110.425,138.98
144.503,173.47
119.203,155.15
128.278,166.6
129.624,163.81
142.938,173.21
145.814,197.55
147.677,184.61
119.339,145.98
158.573,187.51
147.153,183.55
138.383,168.9
118.505,149.56
123.632,153.89
139.301,179.96
138.973,173.63
125.256,156.62
101.247,142.05
100.661,134.03
111.458,150.72
95.027,127.89
106.6,138.51
124.217,156.02
93.941,122.09
110.706,149.15
110.223,138.57
119.251,150.8
115.312,146.79
96.098,128.05
112.95,154.28
115.067,142.08
98.357,131.3
122.625,157.72
147.143,178.99
129.643,157.76
125.14,160.11
125.904,156.69
134.68,162.87
135.905,166.14
106.457,135.86
123.556,153.56
124.524,162.09
143.542,173.42
118.751,161.16
129.433,156.44
111.945,143.23
123.835,165.52
100.917,131.4
114.105,145.03
110.286,146.09
141.863,172.82
133.794,169.87
115.443,145.4
158.259,189.6
85.25,108.45
85.579,105.65
101.391,122.49
100.242,123.5
108.212,125.63
133.529,156.67
77.796,137.29
116.578,151.8
96.726,122.82
75.276,104.96
98.169,134.17
125.685,158.05
74.956,106.36
107.991,140.06
81.987,112.11
93.879,130.12
101.656,134.52
95.592,125.61
132.716,161.78
110.732,136.73
113.192,142.11
117.162,144.61
108.41,138.77
104.5,142.1
102.109,134.03
104.812,140.13
130.356,164.94
93.565,125.29
127.723,156.57
125.279,152.71
126.098,155.04
96.741,152.28
98.533,123.26
135.428,153.9
99.186,121.12
143.047,162.03
110.853,165.34
116.939,134.64
113.065,128.02
114.022,137.94
119.585,137.02
116.555,134.52
148.571,163.35
120.187,149.92
99.487,120.11
96.563,118.38
100.654,130.95
120.805,140.85
129.884,154.39
117.851,139.7
143.317,170.0
125.123,147.23
121.848,139.85
129.481,147.29
119.503,156.25
146.012,204.43
146.899,179.46
136.923,165.13
91.982,131.39
94.744,114.38
150.979,169.4
80.068,100.14
145.848,172.62
157.019,181.72
110.895,135.17
142.822,170.92
104.923,136.86
103.674,137.33
115.35,145.58
108.563,139.31
84.285,112.05
128.408,159.15
137.551,165.93
1318.341,1372.65
156.253,189.01
150.097,181.1
113.956,151.78
168.524,205.71
147.145,179.13
117.799,151.26
121.015,160.79
149.987,179.81
131.707,167.9
114.269,146.21
131.693,176.65
110.891,175.22
138.772,151.94
130.235,178.2
124.012,155.24
141.463,158.94
137.903,194.16
112.103,162.87
117.538,136.66
117.132,140.77
117.754,136.16
137.061,154.15
125.777,141.93
109.083,124.0
127.501,144.02
141.604,157.17
127.906,198.59
81.75,100.03
107.125,132.38
126.514,153.19
98.374,117.0
84.72,102.02
135.619,151.19
126.814,159.7
139.556,154.8
116.863,146.88
124.973,155.37
73.724,97.9
69.422,85.57
76.069,91.35
131.673,146.12
126.834,143.91
114.721,142.5
152.272,173.61
149.589,198.78
74.009,122.57
127.558,147.22
142.537,176.12
74.06,122.11
78.381,94.04
75.544,89.98
75.752,91.16
132.067,159.32
124.614,144.32
109.286,125.93
146.855,175.17
132.793,160.82
109.059,133.12
118.262,135.83
115.244,133.15
89.999,106.88
128.858,154.25
121.211,139.77
132.901,187.77
140.861,164.22
131.436,163.24
117.394,132.17
121.327,136.53
132.411,149.89
134.06,175.59
131.345,184.24
91.112,107.3
102.517,124.34
105.228,133.52
72.101,97.63
107.069,137.35
119.824,138.5
112.999,134.5
113.313,139.38
129.164,153.46
141.277,168.03
127.266,155.62
117.744,176.1
143.893,169.25
77.748,96.05
90.94,120.12
132.858,149.78
77.434,99.77
133.006,160.91
128.333,149.25
79.159,101.52
128.669,152.14
99.893,120.74
123.326,140.78
140.898,169.17
141.872,160.84
116.982,132.77
118.767,135.2
114.78,129.82
114.313,131.04
115.757,130.68
130.391,146.55
161.577,176.48
77.057,96.94
130.331,152.44
91.337,114.51
112.521,138.03
118.278,139.92
73.822,91.6
137.007,154.46
88.619,119.84
113.522,133.34
83.677,103.62
99.086,126.59
108.875,135.84
105.996,132.8
68.654,84.18
73.769,88.36
111.539,126.32
70.163,90.58
76.256,92.55
76.059,89.5
75.073,90.32
70.459,89.76
139.745,153.87
129.424,150.03
117.156,132.83
125.088,148.31
135.017,162.82
139.095,164.81
134.132,150.95
153.187,169.34
140.282,158.94
112.119,131.51
164.814,187.1
155.002,183.75
144.041,175.3
133.58,152.08
129.365,150.98
107.152,128.02
113.498,132.39
89.222,106.18
122.119,143.06
118.096,133.94
79.938,99.7
124.117,151.0
101.705,122.09
94.427,110.9
156.063,181.97
123.702,140.15
116.143,131.8
130.595,148.41
140.455,173.31
125.18,167.06
151.97,183.08
108.252,137.12
129.34,184.24
116.683,136.01
121.354,139.71
138.848,160.73
104.783,130.22
116.609,140.03
121.02,144.78
92.977,115.84
125.356,150.19
115.829,137.85
117.031,135.45
68.809,93.77
74.427,88.74
144.411,162.82
118.43,131.77
100.696,120.12
103.282,118.94
168.912,193.03
118.572,138.09
142.952,159.79
145.684,164.67
137.914,191.15
110.906,178.37
131.589,163.46
124.653,152.4
97.873,129.4
118.704,157.36
109.575,185.85
125.559,189.17
109.425,169.41
116.972,140.35
116.809,138.13
115.631,141.81
96.864,121.93
116.441,154.54
117.17,151.8
90.123,116.93
103.776,131.6
142.427,171.9
70.563,94.31
89.383,108.65
119.919,147.4
123.55,150.22
121.307,171.54
122.659,177.87
126.123,143.05
150.236,167.54
123.237,141.36
114.339,176.25
103.085,134.48
107.886,130.36
117.84,133.63
134.357,155.53
154.772,181.73
144.053,166.42
127.411,152.23
122.743,157.12
141.763,159.68
133.79,153.79
149.311,190.27
120.273,168.95
122.696,170.81
125.904,189.11
127.366,152.51
134.853,150.02
132.872,150.16
143.875,201.78
133.651,181.33
123.119,178.76
130.615,143.77
84.314,102.84
103.401,123.77
126.58,142.77
115.357,134.71
100.333,126.78
114.393,138.2
94.117,121.77
123.412,138.59
99.322,127.65
137.954,166.9
138.984,160.28
137.64,156.65
126.091,141.0
125.996,142.83
100.04,153.25
113.057,128.79
129.859,144.18
98.424,118.84
144.221,165.15
111.891,133.54
118.379,140.66
108.977,163.8
105.02,129.43
98.478,150.48
112.767,139.83
131.459,159.32
136.909,161.93
152.196,182.98
130.162,188.59
147.326,184.84
122.284,139.09
150.038,169.71
115.226,146.04
124.7,155.86
124.16,144.44
101.814,128.9
116.194,140.7
105.7,129.89
140.608,164.02
119.699,145.27
121.666,187.75
138.352,157.02
136.88,156.72
102.15,186.3
149.921,233.18
119.455,146.86
147.357,188.27
134.217,206.43
121.198,157.65
119.343,154.56
111.576,151.37
152.417,180.12
118.342,140.7
112.306,129.32
115.446,138.09
120.874,144.62
124.208,146.63
94.53,130.56
92.115,122.54
101.598,130.39
94.721,128.31
106.165,142.62
99.318,129.69
99.525,134.07
95.023,131.65
109.271,144.59
131.939,165.18
88.344,114.8
87.153,117.67
96.072,129.71
109.303,141.84
113.476,139.62
111.93,136.43
98.793,130.1
122.664,156.52
126.892,153.34
136.931,163.98
82.662,116.99
96.729,128.21
131.215,169.38
1164.015,1229.11
118.547,151.52
114.844,138.02
122.753,146.49
155.171,185.44
143.754,173.16
161.927,205.04
164.073,205.58
152.533,204.12
152.84,193.55
155.583,196.18
156.191,232.81
151.272,254.69
141.557,176.76
147.914,200.25
144.023,201.83
101.733,133.49
144.532,180.86
144.748,179.25
172.503,215.48
163.356,214.51
164.642,200.05
137.46,173.82
150.867,201.44
129.614,168.96
143.17,180.09
137.471,176.52
160.477,193.06
126.889,161.98
126.292,147.21
158.929,208.33
171.524,206.42
173.147,231.11
120.228,154.63
147.551,167.32
134.153,188.88
149.615,209.92
146.348,161.23
136.973,171.65
156.978,219.56
148.847,202.26
128.337,179.73
152.22,195.19
158.369,174.55
149.45,207.52
156.606,234.61
127.188,174.91
126.553,142.02
121.62,144.27
145.428,170.24
122.07,135.15
162.727,177.97
143.731,168.01
138.281,156.25
118.284,134.4
153.226,174.85
145.265,204.29
116.612,169.77
145.386,204.1
133.09,151.26
124.819,140.22
127.248,150.62
133.174,160.99
111.284,130.75
118.421,132.57
141.532,175.07
128.891,187.92
150.89,172.33
100.146,124.87
118.011,151.16
166.268,176.51
95.537,138.65
151.812,195.65
146.522,167.07
113.293,152.55
117.808,130.47
113.061,127.75
134.262,145.22
102.438,114.95
86.18,97.59
109.676,119.98
100.281,111.12
115.942,127.59
72.248,107.8
92.983,114.06
115.879,126.1
123.461,134.07
125.364,163.26
98.458,111.06
99.912,113.5
115.507,127.26
116.755,127.77
103.666,149.52
113.881,139.75
127.709,150.2
102.381,120.69
122.899,144.52
124.08,156.01
110.534,125.85
111.432,128.37
70.668,110.9
69.388,85.78
70.918,85.14
122.349,137.78
165.373,188.97
152.824,171.64
148.685,193.45
160.148,180.72
164.848,200.0
81.633,109.29
77.228,98.07
111.385,135.31
137.475,160.24
140.035,170.69
137.361,162.7
116.788,160.81
124.593,202.77
136.926,195.65
150.686,213.15
160.034,197.6
157.575,186.15
143.614,182.86
120.695,146.47
147.302,170.68
146.55,215.97
147.823,196.35
140.852,201.02
156.81,202.8
122.669,193.66
167.881,205.97
167.431,202.39
148.173,189.51
164.637,204.3
134.14,148.73
138.473,188.28
136.582,176.65
129.276,188.52
168.764,244.71
151.291,202.84
179.763,241.0
169.899,210.15
158.599,227.41
146.484,169.45
174.434,196.36
96.395,112.49
71.669,94.06
142.53,165.74
69.677,90.25
75.963,89.72
75.077,91.7
78.895,93.89
124.89,146.17
124.695,141.98
135.238,156.63
128.327,147.62
73.566,86.99
107.067,122.42
92.778,117.12
139.931,157.35
125.853,146.51
120.435,146.96
122.788,147.18
126.496,155.25
118.141,138.11
144.12,169.23
159.153,190.76
121.038,145.15
127.952,146.6
125.819,148.26
114.357,133.74
156.053,180.9
112.498,135.45
129.091,156.64
126.788,143.59
130.253,155.16
123.214,146.0
127.414,147.02
132.281,200.88
182.736,214.87
147.358,171.81
163.891,188.54
139.192,163.3
124.156,153.58
132.999,177.58
149.583,196.88
176.235,230.05
133.806,169.15
152.32,171.07
143.054,174.83
167.794,194.36
169.983,189.43
138.49,158.16
147.353,205.04
152.213,187.51
119.391,136.88
114.938,129.99
141.841,178.55
154.336,200.46
164.662,179.71
172.612,201.2
125.285,143.82
135.384,188.65
121.449,165.49
133.891,156.14
117.902,164.77
110.397,123.2
140.694,155.13
105.847,158.93
106.608,158.87
122.903,139.98
117.97,135.99
121.737,145.21
116.018,171.06
136.678,158.33
133.255,164.93
118.317,148.44
99.392,133.81
100.146,117.81
125.177,143.32
119.059,138.64
114.13,142.77
95.287,120.52
136.935,156.02
131.767,160.16
114.012,138.1
93.316,117.81
101.152,123.61
103.528,126.35
134.158,158.56
114.578,141.48
132.541,163.15
133.559,182.62
103.351,131.07
149.819,187.21
164.526,190.91
138.205,167.99
129.447,157.72
129.773,197.54
158.32,215.69
105.559,167.43
134.411,164.25
122.618,155.06
149.477,183.76
143.134,178.81
117.191,139.35
158.879,187.38
117.774,150.3
119.43,146.04
125.134,154.93
142.93,173.12
125.946,161.23
112.218,135.32
114.97,141.75
120.378,148.62
100.597,131.5
106.252,136.54
97.14,128.14
122.929,157.06
83.67,112.11
76.636,98.86
72.579,95.1
73.087,98.95
71.558,99.97
71.207,94.51
118.121,142.8
163.265,190.36
126.494,164.5
170.733,244.37
138.325,167.99
162.976,184.16
132.216,150.03
142.741,159.03
122.667,140.81
137.669,154.76
129.419,147.9
141.612,164.16
165.319,223.15
138.02,160.88
136.438,159.51
122.912,200.77
107.734,148.44
122.68,143.16
126.969,170.12
155.998,178.05
128.53,150.57
163.058,225.23
130.854,159.8
119.665,141.63
82.136,98.93
139.267,159.21
118.065,135.86
130.612,147.8
116.0,138.14
119.411,138.53
107.975,131.63
97.604,123.14
155.45,176.84
94.502,118.98
81.764,111.98
88.714,139.99
106.12,142.16
70.608,95.63
122.153,147.28
125.229,168.75
151.11,170.26
90.482,136.21
146.446,168.42
124.935,203.79
130.431,200.93
105.782,160.63
98.564,164.27
123.939,189.19
148.104,211.11
77.795,105.76
75.373,103.58
77.348,93.66
110.113,127.97
130.388,153.38
147.557,169.25
145.267,166.18
149.405,170.93
141.136,163.03
124.547,149.32
165.974,187.75
134.776,190.34
149.938,196.48
174.149,207.52
97.655,120.11
133.438,194.49
152.951,185.37
143.0,171.04
135.789,179.29
156.535,171.86
120.681,132.81
115.954,129.49
138.357,157.21
123.819,160.6
132.058,154.72
124.889,145.53
122.001,141.14
135.749,158.28
130.907,179.56
120.541,166.33
136.309,147.97
115.489,129.27
1072.844,1111.83
144.392,157.64
449.684,475.46
368.553,434.61
142.478,152.2
137.998,149.88
147.063,158.71
105.19,162.42
144.403,164.34
126.011,140.11
142.242,159.74
131.595,146.82
133.688,187.06
139.251,159.2
145.446,195.51
155.369,175.15
97.756,115.56
142.557,168.04
111.297,167.33
125.251,142.57
149.865,171.76
106.677,163.79
145.117,213.3
121.485,147.6
146.179,218.01
124.754,150.07
156.631,195.52
133.963,149.88
166.02,193.37
166.361,235.57
160.266,183.0
142.416,168.08
113.916,139.46
132.39,159.68
112.798,131.83
129.095,152.75
150.586,174.57
139.38,172.88
144.42,177.99
138.884,164.81
131.077,151.31
142.799,163.03
166.334,199.83
125.615,148.94
127.484,152.03
145.794,168.89
144.633,166.31
127.397,148.19
140.304,166.46
139.26,173.67
131.782,151.21
134.355,203.63
150.384,179.14
127.114,163.39
139.822,177.66
113.332,147.4
123.262,150.14
130.628,164.15
142.033,175.28
143.173,176.74
154.931,237.58
173.516,200.79
135.662,209.07
139.382,169.14
144.709,176.66
111.136,142.54
120.885,146.55
119.161,186.2
159.285,226.78
140.454,172.65
143.435,184.0
108.138,143.08
127.568,191.63
130.495,152.55
163.98,223.12
104.309,164.59
129.578,166.14
136.807,171.32
136.055,161.59
136.499,158.41
151.657,176.73
136.597,158.46
116.232,141.95
145.2,174.95
130.213,156.05
141.679,171.05
111.999,135.88
140.126,167.12
137.162,168.82
111.653,163.18
114.799,138.51
87.898,110.86
93.383,119.93
98.612,131.39
121.57,147.75
89.679,116.44
97.988,122.27
111.388,133.19
117.961,138.35
120.119,146.92
116.864,178.8
114.87,167.85
114.123,134.91
128.343,147.05
134.728,156.9
114.26,141.18
95.347,122.7
120.703,149.02
94.564,118.98
109.13,138.49
127.263,155.34
116.096,142.17
122.385,145.72
147.032,177.93
137.478,164.99
123.244,149.18
117.409,141.96
135.667,162.23
124.343,147.01
143.281,170.71
153.357,179.34
125.165,149.53
119.243,145.9
159.529,181.39
139.796,164.24
117.512,142.88
99.948,124.59
97.538,126.08
118.603,142.32
130.882,179.91
126.317,153.72
107.975,127.13
114.486,129.67
109.511,125.94
106.419,122.5
71.977,87.62
136.655,158.87
76.384,97.95
101.52,121.68
114.072,131.71
130.754,157.95
122.908,178.54
187.664,246.9
115.383,181.46
147.147,169.76
142.672,163.98
98.497,121.62
101.164,123.69
97.584,118.0
108.905,131.95
76.635,100.87
117.635,151.14
97.56,122.3
82.406,108.84
125.696,153.07
139.481,168.92
122.952,152.76
115.101,143.64
119.527,146.41
99.424,132.01
117.209,156.94
146.109,175.85
107.26,131.53
151.549,177.94
118.15,143.02
136.068,166.78
120.247,187.76
103.706,171.49
98.215,125.17
132.092,164.93
116.304,140.97
118.472,144.74
102.207,132.84
142.397,171.88
115.54,147.47
114.127,138.76
98.906,122.37
119.779,146.91
101.461,128.44
129.386,159.69
124.727,178.2
120.414,144.15
140.018,167.0
127.309,184.22
135.607,161.02
124.958,144.16
140.557,181.11
75.989,127.52
88.782,112.22
158.792,178.57
120.062,146.74
119.544,139.21
116.925,137.2
115.865,138.42
122.726,141.82
138.261,159.97
132.608,155.47
144.382,178.08
113.034,139.63
112.396,138.44
116.027,141.6
117.773,144.29
139.731,167.64
130.32,160.11
74.882,101.38
99.419,127.85
96.616,127.14
97.773,126.84
124.254,147.1
154.151,181.33
110.336,143.44
120.226,152.42
159.642,191.06
151.03,186.35
113.139,139.99
120.96,143.89
74.243,98.89
78.182,104.17
138.038,167.71
150.165,179.03
159.864,188.12
132.636,158.86
114.12,140.41
115.887,151.58
145.929,175.25
107.955,134.85
100.226,127.61
89.813,115.19
75.679,105.75
116.84,145.78
101.217,132.0
114.504,148.27
116.956,142.56
120.108,197.78
93.889,128.5
121.745,158.47
135.58,172.32
119.97,150.75
94.736,132.28
95.093,133.8
123.25,162.18
89.923,127.64
92.284,127.72
141.081,177.61
138.867,203.69
132.165,176.54
97.234,156.22
107.308,162.74
134.523,187.11
106.902,169.08
127.008,190.72
130.076,179.32
134.55,164.22
98.706,135.94
95.398,119.14
109.981,128.44
96.061,128.79
105.171,138.86
107.63,129.81
102.494,130.53
98.886,128.05
116.272,137.73
105.643,130.81
113.417,137.16
115.084,140.12
89.763,117.43
102.042,131.93
108.051,141.62
91.166,120.32
94.848,130.45
124.51,163.02
85.921,123.05
112.015,149.25
106.817,143.49
118.039,150.69
115.603,145.23
122.3,150.54
114.943,140.08
105.561,137.98
100.851,135.85
144.921,182.97
129.164,186.5
122.685,152.62
138.487,175.11
122.679,183.67
134.344,158.46
124.244,144.77
175.007,211.66
136.303,176.28
104.084,132.54
150.544,191.83
103.173,129.82
135.623,160.33
117.03,143.42
116.543,143.49
97.087,136.27
136.037,161.16
80.422,112.16
146.357,181.24
114.525,146.51
120.704,148.25
119.825,151.63
153.446,184.37
138.13,168.39
142.335,176.17
117.811,144.92
164.762,207.89
119.041,149.24
118.022,144.16
139.837,175.78
113.869,146.31
138.748,176.52
127.931,162.57
137.994,174.78
126.071,171.21
123.048,199.4
135.522,200.96
126.548,197.79
123.862,196.54
114.97,144.37
119.3,146.63
117.813,145.46
113.749,142.36
113.143,137.25
97.255,130.43
100.556,132.58
116.787,149.1
102.94,133.57
101.549,138.4
93.898,122.9
109.249,141.47
103.535,134.52
119.817,150.81
110.023,142.12
131.595,162.38
102.826,144.62
98.879,131.12
95.607,132.82
131.968,169.26
119.809,150.0
120.211,150.46
123.938,159.17
127.739,160.61
145.92,209.57
151.219,225.77
122.335,179.93
131.973,187.34
118.709,152.17
133.853,167.7
126.082,158.34
102.558,139.11
145.568,183.05
89.498,116.59
119.401,152.11
117.748,143.18
139.334,167.99
107.217,132.41
148.646,180.01
133.371,164.74
110.943,141.35
136.487,168.28
129.395,158.27
137.427,207.35
138.55,227.9
118.49,156.71
127.104,231.38
128.424,169.51
151.761,203.53
148.475,190.64
123.529,161.51
113.634,154.99
109.779,146.17
104.883,133.99
137.668,166.92
138.289,170.32
144.878,179.56
112.45,144.92
123.659,160.11
124.167,159.01
104.56,141.27
131.477,162.32
139.852,206.08
124.149,148.36
111.902,135.88
128.83,148.12
128.913,192.21
140.599,218.31
111.568,137.72
121.95,201.31
134.071,173.94
129.146,167.04
124.482,164.87
148.84,189.65
142.02,177.53
115.044,145.23
148.42,166.01
102.775,139.96
91.237,117.26
117.324,134.02
118.408,136.99
77.45,131.37
116.994,136.74
128.235,148.01
80.751,102.96
92.651,119.65
103.409,129.61
108.889,130.07
125.143,158.57
91.044,120.67
103.387,132.46
135.491,160.88
130.937,155.45
103.696,129.94
114.824,140.23
108.711,134.31
117.719,146.78
119.573,142.61
115.46,141.25
77.835,100.98
106.605,129.74
166.68,193.65
137.888,163.78
121.912,168.71
153.634,201.0
157.592,184.89
144.165,183.14
122.949,142.73
122.977,143.5
105.441,125.66
141.844,162.84
140.33,194.94
143.396,211.63
127.794,151.75
147.122,171.13
121.375,183.77
125.297,144.03
143.693,170.59
138.956,170.19
133.988,146.48
98.177,123.35
88.25,116.9
115.284,126.84
114.998,127.76
116.936,128.47
129.796,144.51
105.484,126.88
109.726,124.13
117.426,131.88
109.852,125.1
129.032,143.22
137.221,164.4
148.2,167.98
115.892,131.99
121.679,137.87
102.144,116.9
87.44,107.44
111.279,126.84
132.992,152.17
81.514,98.32
132.796,152.53
81.157,106.12
139.914,166.0
147.413,168.47
136.202,165.73
147.667,226.54
146.391,177.68
127.261,163.32
153.023,196.15
127.969,164.92
136.222,165.98
124.514,215.2
116.057,163.15
70.542,116.2
77.391,117.58
153.58,200.05
167.408,215.11
114.297,156.03
147.098,181.71
142.054,177.51
143.712,184.46
132.706,175.01
152.088,194.85
130.907,174.63
128.943,166.45
134.848,178.72
138.695,172.35
120.011,186.59
107.361,151.22
109.752,133.22
137.953,163.29
118.03,143.29
131.593,156.67
137.514,163.91
161.834,183.3
120.735,199.16
150.821,183.59
128.662,167.09
149.488,190.83
103.316,135.59
115.508,151.05
116.161,141.22
129.874,162.26
82.951,120.59
103.031,141.99
95.321,128.88
143.565,181.33
130.598,158.02
138.852,179.07
131.798,162.64
145.118,182.28
130.298,170.76
77.693,101.55
96.636,120.74
101.442,124.4
116.664,146.33
151.281,174.76
118.699,142.12
96.067,118.72
88.733,114.26
115.033,141.79
79.864,108.31
70.971,94.87
119.159,150.3
119.153,147.41
126.303,191.08
131.57,159.77
167.39,218.19
138.492,174.85
120.156,143.18
138.697,168.08
110.336,129.34
123.926,144.04
117.429,139.16
122.565,142.7
117.907,136.1
111.603,134.2
140.636,162.72
99.783,121.94
104.679,128.92
99.608,126.11
124.324,149.87
105.424,131.2
103.423,130.17
128.324,154.48
133.188,154.18
114.231,138.0
130.0,153.2
133.959,156.55
130.436,160.3
126.511,152.46
99.976,123.39
112.343,137.28
119.327,139.8
80.103,100.02
108.551,133.71
81.3,110.97
113.409,137.88
85.601,112.18
117.616,142.1
88.221,112.24
140.067,168.08
109.535,180.95
107.439,133.73
147.9,178.24
118.056,148.92
93.0,122.51
105.14,134.64
115.991,148.12
124.722,150.55
119.323,145.33
124.411,149.97
115.71,140.89
115.732,138.0
102.256,135.72
96.077,126.63
99.132,132.25
138.624,177.01
104.902,132.74
98.839,126.69
108.516,136.45
118.306,147.98
122.737,147.27
112.751,140.1
120.007,149.76
107.021,140.91
125.832,152.85
108.873,140.3
91.407,118.65
114.437,145.55
94.099,120.49
106.297,139.97
89.978,116.04
127.584,156.87
116.046,136.31
119.627,146.69
125.993,154.93
102.765,135.01
120.909,157.7
109.931,140.06
98.181,121.59
106.338,135.9
90.795,113.91
82.006,111.02
98.362,129.88
100.749,130.07
107.767,142.11
82.744,110.64
114.227,144.29
143.498,168.25
117.079,140.84
103.343,127.66
118.842,144.32
116.583,140.49
132.625,158.11
82.004,111.28
130.111,156.59
100.27,131.02
81.481,109.77
119.033,146.33
96.855,123.65
74.627,108.13
114.321,146.39
85.962,112.48
94.921,121.24
127.233,161.54
134.082,165.89
107.713,139.11
122.53,149.3
125.468,150.7
124.928,150.81
117.662,151.94
87.205,119.02
117.525,147.02
120.585,147.4
92.404,118.24
118.459,144.14
97.84,125.62
74.536,103.36
128.793,162.88
100.182,127.49
76.181,104.14
135.174,166.94
118.97,142.56
111.195,150.37
120.646,155.07
105.917,136.26
150.306,179.31
131.835,156.85
137.721,167.78
101.064,133.15
130.621,159.63
127.466,154.2
121.766,149.84
127.184,159.82
118.527,143.15
136.681,166.82
160.03,190.16
130.654,161.01
162.978,190.83
126.66,158.19
138.156,166.23
126.433,150.61
130.094,164.81
147.309,174.2
162.876,194.0
132.331,162.61
150.644,172.53
120.54,149.13
113.881,143.14
136.937,165.86
156.44,186.42
119.143,150.7
118.274,147.47
103.952,130.34
114.871,142.58
118.534,141.53
119.139,145.39
117.15,139.82
109.281,144.13
99.854,127.76
109.297,145.31
98.356,131.36
146.689,181.49
124.313,151.03
123.258,147.09
137.895,161.82
104.973,174.98
142.986,211.45
119.206,185.61
137.3,208.11
117.246,150.12
99.583,125.71
96.191,128.93
111.615,144.96
99.478,134.3
125.374,153.37
113.578,140.87
125.902,153.28
97.607,127.32
98.712,131.4
103.879,136.43
125.786,162.32
83.819,118.47
138.092,173.63
114.248,148.74
113.539,147.7
116.764,145.25
99.505,133.36
182.105,212.51
113.983,143.51
116.254,146.16
138.52,164.23
96.642,125.28
119.518,153.62
92.379,126.09
110.964,142.89
134.839,163.16
124.463,179.24
123.272,140.97
119.873,139.97
137.169,197.79
114.612,166.09
121.341,138.96
160.476,192.23
127.466,147.68
149.23,206.59
150.861,211.21
114.839,133.4
131.24,153.66
155.203,212.44
132.948,155.14
122.602,142.21
124.481,145.6
104.457,170.26
146.569,175.58
136.635,199.4
143.153,206.09
123.155,144.91
141.657,181.87
90.227,141.88
85.134,101.93
115.383,149.08
82.574,104.18
103.912,125.34
113.419,132.9
95.904,133.31
102.978,126.46
111.22,132.54
97.464,124.18
110.495,137.39
133.645,160.21
141.657,170.09
122.259,147.21
119.776,199.74
113.707,152.16
132.553,202.95
133.873,158.69
151.29,174.64
104.97,130.14
126.608,156.88
113.362,142.87
125.266,148.82
162.016,183.95
145.446,176.19
117.163,141.04
103.56,161.04
135.274,166.67
96.53,151.14
87.979,124.0
179.61,201.69
133.892,189.91
128.139,184.63
117.811,136.97
124.289,142.49
120.663,133.39
139.004,152.28
86.684,117.07
116.273,132.24
134.549,149.75
133.524,153.6
100.926,119.96
86.987,107.94
95.564,120.3
101.233,130.09
101.107,133.7
109.896,137.22
138.442,169.08
156.308,186.08
112.583,143.16
126.07,194.05
130.735,199.17
148.695,173.13
114.121,141.59
112.5,178.21
113.328,140.65
98.112,150.08
103.081,131.03
98.566,131.92
118.076,148.48
104.645,135.03
120.59,148.91
142.388,169.29
136.23,214.71
119.113,146.31
118.645,148.08
109.988,139.46
117.163,145.54
116.884,150.9
98.989,133.12
122.206,156.83
134.81,163.06
103.468,134.82
114.488,164.34
96.657,133.67
118.767,151.11
147.827,218.44
128.947,202.25
140.14,163.06
134.536,165.26
92.393,119.57
122.507,154.3
113.196,141.13
81.252,102.71
118.429,142.8
138.89,175.24
141.424,166.99
133.333,163.4
89.642,115.24
138.565,169.99
152.212,210.92
125.593,156.32
129.314,149.87
102.217,129.55
109.721,133.22
101.551,153.21
145.076,158.74
119.419,142.92
1050.948,1088.19
118.677,135.78
140.604,158.75
128.074,144.35
125.689,141.68
129.295,144.3
116.15,135.72
140.805,170.23
142.371,160.38
124.162,135.02
136.436,152.28
152.331,165.21
117.002,141.04
146.059,165.75
120.638,139.89
120.491,136.13
127.331,147.7
141.415,158.73
122.86,147.93
144.395,197.25
144.346,177.18
149.312,184.97
122.387,143.27
107.385,129.09
116.946,135.52
106.059,128.48
121.065,144.7
123.742,148.35
118.427,139.39
119.715,139.2
140.298,171.57
102.849,128.88
131.317,154.58
107.821,129.21
109.796,134.94
97.579,123.03
98.259,125.93
103.231,130.85
120.843,146.44
81.736,105.52
161.565,189.34
142.93,165.89
154.742,178.99
172.794,200.07
150.665,224.87
162.389,212.43
167.036,182.33
158.591,183.58
135.122,188.16
127.772,177.31
80.641,92.35
133.089,148.06
116.948,141.15
97.203,108.91
94.646,107.71
119.56,133.57
125.972,138.48
127.937,151.48
162.693,180.59
123.089,138.22
143.447,174.26
127.167,182.44
97.042,147.89
132.931,180.04
124.345,152.18
144.652,198.68
101.789,123.79
125.164,147.86
134.02,155.03
136.324,160.64
141.706,167.04
152.816,168.54
173.64,200.1
154.752,197.44
127.796,140.43
107.371,130.39
143.197,163.57
139.073,156.32
137.175,155.92
126.925,149.28
134.517,152.84
117.979,140.31
141.088,163.67
142.42,160.27
126.358,149.29
120.372,159.81
136.988,168.84
141.796,164.33
124.03,145.65
121.463,140.42
121.903,159.41
143.659,157.62
107.195,120.93
121.089,132.68
98.809,123.33
118.858,128.64
118.862,131.8
115.035,127.43
120.111,132.72
125.737,138.55
103.978,127.32
131.878,143.43
133.293,149.77
130.339,193.15
124.443,148.44
117.025,137.63
117.215,138.56
113.243,133.13
119.602,140.78
148.941,168.61
129.308,154.63
93.614,113.28
99.793,122.33
102.566,127.87
101.125,124.34
85.56,108.16
98.143,120.82
117.718,139.85
139.687,168.73
105.463,126.63
110.279,131.96
142.814,163.49
139.297,201.73
83.074,139.28
80.325,121.63
80.406,102.03
139.557,160.12
78.124,123.42
81.48,97.39
183.071,207.38
168.704,190.16
180.95,201.98
143.555,164.09
156.441,175.41
131.728,151.7
145.448,171.3
180.469,201.02
119.359,141.45
116.792,138.4
91.668,109.97
89.242,111.25
120.119,142.73
116.165,140.74
123.753,146.58
109.117,131.12
108.683,129.61
115.836,135.85
150.628,173.14
146.055,168.05
132.204,155.17
135.416,154.9
82.859,104.49
155.507,178.65
134.992,152.82
119.506,135.98
120.017,139.08
126.127,144.92
120.278,143.52
138.04,161.61
159.103,213.14
121.058,168.21
144.304,185.95
127.274,158.5
132.124,144.61
154.353,205.34
128.918,143.74
171.117,212.87
140.845,191.38
174.356,229.05
143.402,159.21
128.439,170.08
168.167,222.78
132.638,175.09
142.077,182.77
153.717,184.17
127.346,177.6
131.564,169.58
128.392,177.7
147.187,170.18
135.721,155.28
122.532,150.63
146.146,168.86
116.254,163.4
119.737,139.74
145.394,163.81
96.262,115.09
174.112,207.91
115.647,138.85
122.755,169.3
105.248,130.89
116.014,135.36
123.096,142.2
146.762,180.37
122.371,143.87
143.404,167.79
115.73,173.8
118.873,146.06
99.737,120.55
117.285,141.55
116.893,142.07
119.553,143.11
140.561,163.36
88.511,149.17
121.012,156.23
99.968,123.66
90.015,111.19
116.146,141.13
85.024,110.45
97.46,121.81
114.341,159.56
123.448,150.17
131.044,154.99
138.446,196.9
118.599,183.09
128.915,149.23
120.825,139.57
119.794,143.19
120.764,141.04
104.499,125.9
122.668,146.73
135.17,162.4
92.658,112.49
86.469,114.13
118.779,143.14
141.54,167.85
102.506,124.9
139.474,164.11
138.731,160.12
130.799,150.1
152.596,176.35
141.9,202.23
159.196,184.01
135.749,185.0
120.214,133.29
123.307,135.56
126.662,139.11
144.572,158.05
103.175,130.13
141.464,170.99
100.682,118.93
136.074,154.18
107.425,120.32
111.283,126.72
121.278,139.59
121.649,137.17
118.038,130.71
97.198,111.41
96.911,120.55
148.725,173.11
103.039,118.43
127.748,145.86
117.969,130.94
131.318,146.36
147.684,161.87
139.459,168.79
107.806,161.27
125.645,144.2
148.963,197.03
120.568,138.01
76.541,94.09
75.617,94.37
81.224,103.14
146.509,165.46
148.088,172.53
166.768,186.13
150.398,175.33
130.717,155.93
103.04,156.8
126.096,150.17
141.182,156.81
121.405,174.21
134.241,153.84
134.8,152.91
122.23,156.96
147.547,181.08
124.765,152.4
157.791,178.63
112.821,135.03
151.25,174.47
123.46,142.84
120.014,140.28
115.261,132.63
114.661,136.23
110.03,134.28
103.088,125.69
147.321,170.55
98.713,123.57
83.102,107.83
121.831,151.46
126.046,142.32
77.414,94.67
74.248,92.32
77.856,93.3
75.169,92.53
77.073,93.31
73.875,93.26
74.569,93.33
123.722,141.67
131.239,147.27
143.923,162.1
149.461,213.02
143.716,205.3
147.864,201.12
125.005,179.53
129.357,182.97
137.526,190.03
136.903,199.03
167.787,225.91
141.524,168.2
148.134,172.27
154.457,178.65
161.767,184.93
167.789,210.49
118.378,210.85
123.974,160.67
119.132,147.5
79.607,101.83
109.877,140.86
143.004,172.56
88.971,110.8
123.213,150.33
116.591,139.65
117.398,141.14
117.761,142.36
123.589,148.8
152.534,174.22
100.115,127.17
81.98,112.47
132.534,158.58
134.272,165.58
139.278,166.01
104.061,124.07
97.46,117.6
112.237,137.88
106.508,130.43
97.02,119.61
98.203,124.39
94.125,121.95
84.032,110.04
97.89,126.42
102.334,130.92
91.972,121.89
103.084,131.32
100.438,128.96
102.647,135.42
118.95,146.9
89.661,118.34
119.826,154.59
137.045,166.73
105.049,131.89
123.112,146.22
134.392,160.89
83.9,112.04
102.412,137.15
118.127,146.91
97.479,124.98
92.825,122.88
120.321,147.13
95.739,124.09
84.947,114.82
105.602,138.21
84.493,114.11
101.391,130.32
149.499,175.16
115.019,140.08
84.489,111.91
128.363,159.28
117.393,144.08
122.228,147.64
118.741,143.01
116.614,140.11
118.979,143.75
155.322,190.19
118.754,142.04
118.474,145.62
121.581,145.91
118.215,143.84
123.399,156.24
90.004,121.19
105.537,135.29
94.231,124.07
95.366,125.36
121.077,155.23
136.233,167.73
94.924,121.06
121.522,151.18
118.04,146.14
114.975,144.36
117.026,145.5
103.061,136.04
136.834,159.47
98.514,129.0
88.564,119.4
131.105,168.44
117.412,144.55
89.564,113.0
116.939,144.9
121.29,147.08
100.802,126.16
120.633,146.86
116.937,143.75
121.218,144.13
102.366,132.08
110.684,142.23
140.956,177.77
80.157,105.0
98.115,125.29
127.803,160.8
105.1,130.51
125.769,160.66
122.653,148.54
122.644,150.9
125.281,146.91
101.735,132.12
99.663,127.96
121.708,155.23
115.915,145.54
83.776,109.02
113.164,144.64
111.636,141.64
96.561,121.82
120.064,151.15
133.226,166.33
118.835,147.74
110.413,141.8
122.664,151.86
85.503,112.62
115.035,147.04
83.291,114.53
101.286,135.24
108.026,135.97
82.283,111.03
106.259,133.79
121.758,153.65
120.387,150.02
120.998,143.75
74.512,99.41
112.768,141.02
97.257,126.45
98.374,124.84
81.242,111.23
96.825,121.34
111.334,146.72
125.257,157.84
100.508,126.83
102.259,136.1
121.409,155.37
118.393,143.09
119.013,144.55
122.003,147.89
123.111,150.51
125.93,162.82
110.3,146.36
102.496,131.2
93.491,121.48
127.413,155.38
111.882,136.96
72.778,97.52
123.27,161.96
100.645,130.88
118.166,147.86
117.514,146.31
115.595,138.47
92.918,114.26
108.972,138.16
115.937,145.52
115.858,139.46
118.902,141.57
122.957,146.61
103.867,136.17
117.856,145.82
95.768,125.6
108.421,143.78
111.122,141.38
86.075,119.2
102.543,130.94
131.178,161.92
95.415,120.18
103.513,133.65
99.546,127.86
137.765,163.08
85.507,109.84
96.618,125.95
124.539,159.12
100.839,125.59
83.498,115.54
139.57,175.97
109.741,133.76
94.421,119.72
118.555,146.79
122.808,148.73
119.412,143.74
115.404,139.39
119.721,147.76
120.464,143.77
126.618,154.15
85.776,111.49
146.155,174.67
102.69,125.73
121.403,151.04
107.919,136.66
115.095,152.3
102.085,132.4
86.922,112.31
125.843,153.86
119.723,149.15
124.206,148.68
122.116,148.64
97.058,126.54
103.365,132.64
147.823,180.19
97.038,120.13
123.114,155.48
122.797,149.19
126.914,156.36
123.868,151.38
103.193,134.79
98.685,127.31
110.226,139.72
100.818,132.2
95.276,125.23
109.838,144.98
101.839,130.17
104.265,136.13
104.362,132.94
107.203,134.28
92.574,125.43
116.28,146.26
95.097,119.69
116.0,145.66
112.054,141.58
104.249,131.61
115.508,142.98
125.466,153.56
108.436,147.66
119.856,155.12
119.848,141.05
103.613,129.89
141.688,173.88
92.119,114.79
120.288,148.08
90.949,118.18
101.564,125.13
102.344,129.65
119.485,143.88
105.457,130.38
92.408,118.4
104.972,134.87
92.969,121.73
103.53,131.81
132.063,154.9
107.064,133.9
86.558,114.33
127.509,158.11
113.394,143.99
119.448,141.78
113.145,139.01
118.31,144.62
126.013,149.91
119.01,149.67
129.666,165.31
121.696,152.62
107.309,134.82
102.182,126.45
115.188,140.69
117.186,142.48
104.414,132.15
114.931,146.0
127.756,155.48
116.565,145.64
109.131,136.76
101.942,127.92
98.936,129.51
90.121,122.91
103.268,134.52
101.876,136.42
139.467,167.73
106.378,134.08
82.034,106.14
123.741,151.03
132.69,158.73
110.401,164.75
101.28,148.66
118.155,137.39
113.42,134.15
105.108,127.28
117.583,140.44
114.537,135.93
122.923,144.28
119.106,141.69
116.87,142.47
159.168,180.14
109.094,133.48
112.736,137.15
104.247,128.73
95.633,124.29
113.415,142.34
93.905,123.65
119.431,151.94
103.229,131.46
108.901,138.04
120.173,146.0
117.371,148.93
137.61,175.0
124.032,168.04
110.233,144.86
117.776,151.13
115.11,143.96
121.805,149.21
122.648,158.36
103.248,136.78
124.669,157.97
128.391,161.69
117.648,145.58
122.962,157.33
148.49,183.48
115.858,171.34
120.168,138.8
143.001,163.39
101.016,124.5
115.534,140.92
104.762,124.44
138.982,177.74
106.023,132.35
135.483,166.23
153.007,181.05
121.867,171.79
141.88,165.84
141.701,158.78
119.332,140.45
118.136,143.75
127.386,149.19
104.242,123.0
115.409,141.33
107.567,130.52
117.189,139.0
110.798,131.77
116.285,139.27
113.541,140.45
116.868,138.95
119.905,145.1
126.965,163.87
143.532,185.43
138.19,194.24
116.218,183.72
112.496,135.43
118.569,139.73
128.86,151.24
120.868,141.03
152.377,172.74
94.96,167.07
101.739,126.02
102.037,130.91
95.108,122.23
115.801,142.0
109.933,135.72
136.836,159.75
119.289,142.77
124.009,148.5
115.531,143.19
107.479,135.01
143.854,172.75
111.387,139.26
105.87,130.16
107.054,131.79
128.436,152.15
123.786,150.92
124.572,149.07
117.289,140.45
110.184,136.67
118.367,146.76
86.445,110.78
124.549,155.88
122.427,149.59
94.11,119.56
104.374,132.03
120.982,143.71
120.592,146.21
120.531,143.85
112.069,151.23
103.331,133.74
106.487,133.92
97.857,124.69
121.213,149.34
147.198,170.21
150.96,211.58
144.584,165.8
128.894,148.16
152.56,197.24
143.226,167.84
122.563,149.76
116.513,143.48
123.43,141.19
121.814,137.2
125.04,143.65
137.634,154.2
134.065,151.71
140.915,178.35
157.85,200.5
159.33,199.11
112.362,161.68
120.516,139.31
121.307,138.15
124.574,143.74
121.927,139.66
103.647,129.33
110.703,131.42
146.485,170.0
94.719,117.09
106.288,134.28
94.98,118.39
86.193,112.49
163.303,191.44
153.522,177.67
90.113,138.79
97.277,128.96
100.574,128.75
105.83,131.16
94.288,123.65
100.701,135.05
94.926,127.81
134.35,164.27
136.751,167.33
105.587,128.82
122.974,148.32
119.615,143.6
138.827,166.9
135.371,165.19
122.01,151.97
96.504,123.58
130.752,167.3
142.556,170.71
100.445,130.72
96.392,132.33
96.339,130.16
96.178,128.97
123.589,156.38
111.644,152.62
78.967,107.83
155.095,186.07
125.906,151.95
138.198,161.61
123.887,149.27
144.075,182.12
102.219,152.87
160.563,211.33
132.002,149.97
159.134,176.48
110.334,129.91
82.234,106.31
103.546,126.59
135.32,155.01
109.174,135.7
133.199,194.97
142.596,208.44
81.888,126.34
156.255,170.85
126.476,141.26
153.367,166.83
92.012,152.74
123.543,151.22
84.392,112.71
98.276,124.79
124.576,150.67
111.3,140.27
97.975,123.41
135.529,162.86
122.901,184.96
118.001,141.27
102.166,127.74
103.726,129.73
161.649,183.45
94.687,116.95
119.741,144.32
123.616,148.07
120.261,142.47
122.801,142.6
139.835,163.04
156.131,185.86
139.231,164.03
143.805,204.01
133.05,159.22
124.213,146.03
143.266,171.86
106.125,132.86
91.273,125.85
135.072,164.31
92.751,117.06
115.99,142.57
95.899,120.1
152.911,192.09
115.211,137.77
107.784,131.15
117.854,149.72
120.591,149.27
84.434,116.06
118.724,149.88
120.856,157.0
76.323,107.27
146.181,177.69
135.154,175.0
100.031,128.83
144.885,174.02
121.427,144.79
121.688,147.91
124.427,150.33
119.285,139.93
112.043,153.39
102.832,128.59
86.847,120.49
132.952,160.22
110.991,140.14
109.852,144.0
120.113,144.02
120.296,141.09
116.995,139.96
120.735,146.06
103.015,143.25
106.868,148.85
112.171,141.25
84.206,114.88
137.749,168.89
103.936,129.83
114.728,146.63
124.198,151.03
121.987,151.57
152.772,186.93
105.754,160.39
117.56,156.2
128.734,161.75
132.802,164.41
113.166,144.48
123.367,153.48
104.905,126.43
117.358,144.42
129.059,156.55
130.917,154.39
102.374,128.78
105.614,136.55
147.653,173.83
110.891,136.45
122.78,157.2
120.258,148.73
121.505,142.63
120.256,143.5
117.66,147.43
135.869,163.61
122.35,148.49
119.659,145.27
115.172,142.96
122.369,144.93
103.101,135.97
105.314,138.99
100.411,134.78
130.333,160.94
125.524,157.44
125.232,152.81
120.14,142.15
113.299,141.57
105.099,133.53
99.091,127.33
138.28,165.8
109.509,137.91
96.56,120.93
110.931,139.13
119.91,151.86
119.877,155.43
119.946,146.34
111.73,151.07
140.548,165.44
97.534,125.2
101.061,133.32
105.778,133.11
119.606,148.92
74.152,102.91
131.98,160.1
119.827,147.97
120.999,145.84
119.834,156.78
103.722,131.79
91.557,122.8
125.852,160.9
106.651,131.73
110.08,138.95
116.661,144.39
125.554,147.76
118.712,144.83
107.102,149.73
115.245,151.54
110.063,142.76
116.107,144.04
97.816,121.04
123.228,160.45
117.759,139.61
126.437,159.84
114.632,150.56
103.177,131.02
137.193,164.91
136.002,164.82
101.326,127.15
112.194,138.01
115.495,149.89
113.186,141.21
141.389,177.81
127.28,149.98
132.491,161.24
127.787,155.78
129.345,161.7
102.892,148.08
108.609,137.59
123.472,153.39
100.135,128.15
85.927,110.98
128.25,158.3
97.764,123.0
115.962,145.51
120.648,146.13
115.869,138.14
128.096,149.9
114.305,136.21
147.387,173.12
134.941,167.18
158.914,188.71
151.147,176.98
126.493,160.97
141.995,166.39
110.1,135.76
163.02,189.86
109.384,133.24
151.598,175.99
123.477,148.86
119.942,154.32
138.966,172.39
132.503,155.52
169.595,190.99
162.191,193.72
133.514,158.0
124.209,147.93
110.711,143.96
157.139,187.76
92.652,120.08
114.322,141.43
134.277,163.22
121.243,143.32
116.413,144.32
103.566,132.24
103.712,136.65
138.854,164.98
116.115,149.28
75.428,103.77
140.003,179.38
131.958,157.08
124.49,150.66
145.744,184.03
119.157,148.6
154.546,185.59
111.822,148.61
144.737,166.91
85.056,112.89
151.967,178.4
132.304,158.14
127.014,148.56
136.447,167.14
128.355,151.97
150.174,181.01
142.92,165.56
129.151,163.6
143.37,182.63
118.814,148.52
144.929,169.79
131.026,161.99
141.995,173.15
133.505,159.33
123.531,146.68
143.74,166.48
162.702,189.74
125.069,150.38
116.948,148.51
127.185,160.0
131.559,160.09
116.956,141.55
114.656,136.54
135.028,167.91
117.399,148.59
143.126,174.21
110.276,134.69
84.832,107.04
125.874,155.84
119.486,142.54
117.298,145.63
116.229,139.19
121.901,148.22
124.251,158.48
108.583,143.55
110.495,147.18
92.807,118.06
127.077,155.22
135.179,158.31
87.438,112.94
77.677,100.9
79.041,100.11
123.685,146.62
151.244,178.6
129.284,159.09
163.282,197.31
144.535,166.19
153.871,184.88
152.815,184.88
144.523,166.22
142.049,181.32
149.314,174.11
143.662,173.91
148.291,172.53
129.261,158.28
126.366,148.65
150.212,185.97
154.476,184.3
150.105,182.6
146.501,180.83
144.609,198.92
128.6,159.37
96.079,122.73
132.136,162.24
129.196,151.73
123.487,147.31
123.17,147.44
150.104,186.41
80.768,102.84
136.996,172.18
151.696,236.01
132.411,161.11
128.098,161.67
120.538,153.0
141.005,166.29
124.888,155.04
108.902,134.23
123.172,153.62
123.342,149.14
138.152,168.5
147.13,178.64
146.378,194.99
110.613,179.22
138.23,173.06
128.414,157.32
150.688,177.61
148.634,179.42
151.248,178.32
141.208,165.79
132.026,208.81
147.923,210.74
131.688,202.65
144.741,201.95
129.548,157.59
138.768,168.38
115.445,140.29
119.191,140.54
113.764,142.14
108.888,132.63
103.121,129.41
124.256,145.31
142.232,163.1
145.351,172.23
131.336,163.41
107.029,135.25
105.537,130.39
147.131,181.45
139.752,159.96
143.653,163.93
168.519,202.27
116.69,140.87
133.329,153.14
163.313,219.74
148.49,169.2
124.784,147.56
136.877,151.9
148.729,184.4
158.071,196.07
139.593,179.84
103.767,125.21
126.6,148.89
123.623,145.3
106.314,136.73
146.517,170.16
127.59,152.7
117.905,148.02
103.987,152.27
123.521,143.02
94.52,119.77
103.371,125.02
137.469,155.9
137.484,164.37
158.038,179.98
159.981,222.34
81.806,102.23
155.57,181.42
115.202,133.96
125.763,145.93
121.874,142.21
121.067,142.44
118.195,141.65
134.461,162.74
98.356,125.76
94.272,117.89
115.738,149.15
113.683,146.3
137.407,163.57
158.614,187.38
147.937,176.91
150.986,178.19
137.58,207.78
141.983,163.09
124.67,157.51
152.71,181.33
126.583,149.19
113.756,180.83
123.847,146.88
122.33,153.62
111.236,151.28
99.515,139.36
92.972,123.42
96.934,128.13
100.079,136.38
137.084,161.92
131.316,163.84
139.749,171.33
120.212,149.03
136.654,165.05
119.585,148.3
122.458,152.02
117.737,146.14
102.618,137.55
106.561,141.6
138.308,165.69
142.863,202.51
128.712,185.16
130.355,149.2
106.404,120.51
107.486,129.73
153.387,174.86
136.275,151.36
163.706,182.21
131.062,150.64
134.613,182.28
142.374,162.21
94.293,107.39
134.607,153.84
92.992,110.8
122.81,141.12
119.162,142.05
126.437,184.23
107.443,144.62
131.326,158.78
148.697,179.92
140.52,164.2
132.746,192.31
132.482,154.92
106.049,131.27
121.159,141.92
112.906,137.3
116.756,140.75
150.396,173.95
152.7,189.93
148.767,193.0
132.052,184.11
134.531,157.65
146.851,183.18
149.956,181.82
143.239,179.42
160.916,183.4
143.393,169.17
125.006,149.77
122.785,153.03
109.762,133.43
137.461,168.9
121.046,143.93
121.317,142.23
128.733,157.34
131.778,205.28
131.93,158.77
120.889,147.21
108.508,144.96
106.873,140.3
141.888,171.12
122.298,150.58
121.399,149.61
124.666,158.2
122.995,153.26
150.096,187.49
118.425,144.19
129.647,156.68
137.896,177.22
155.509,221.36
139.899,160.44
117.882,150.48
114.032,134.52
123.703,148.62
132.073,151.27
124.026,144.26
112.513,147.82
105.89,137.09
186.837,215.85
124.806,185.66
148.936,212.44
126.38,149.56
139.544,178.98
117.464,153.27
135.187,154.59
158.964,182.15
117.717,175.11
108.867,162.5
116.272,138.86
124.486,177.16
129.683,152.1
162.775,184.28
127.837,187.07
122.886,149.06
129.525,160.5
126.923,153.71
138.992,164.96
163.448,198.04
119.231,146.86
142.727,169.63
110.365,161.79
119.281,149.68
132.524,180.25
133.026,170.53
122.962,152.71
111.085,139.97
115.406,144.91
135.331,168.93
139.947,192.87
129.966,214.68
129.138,180.74
141.012,169.02
114.278,142.94
128.792,170.52
154.846,186.91
117.054,157.91
165.618,202.13
120.711,148.47
120.023,148.11
105.819,139.05
122.583,147.05
87.665,116.44
112.643,144.09
107.537,138.25
1333.068,1381.53
127.788,140.48
115.526,138.09
156.768,164.65
158.568,179.99
106.072,116.89
138.377,156.75
130.246,140.62
128.819,135.91
120.341,130.72
142.616,150.09
78.863,84.95
146.245,171.37
140.24,159.36
165.23,175.33
94.489,115.94
151.026,175.11
122.315,136.6
121.976,144.78
149.344,157.72
146.154,173.57
107.942,115.73
102.911,124.9
127.216,137.97
143.162,156.06
136.438,144.08
155.054,163.95
124.011,134.15
96.433,109.91
122.27,130.38
118.808,129.74
136.009,148.8
78.631,95.58
126.953,146.74
72.814,86.96
108.307,119.88
113.286,124.84
111.396,122.36
121.335,143.46
159.563,208.22
115.343,126.74
110.374,124.41
109.642,121.21
111.593,123.86
77.509,90.69
98.381,112.55
116.781,130.89
125.186,152.66
74.757,100.11
114.856,128.61
129.479,142.23
114.813,136.21
101.348,132.87
86.228,104.32
111.712,128.44
145.542,158.68
91.065,147.89
114.719,139.25
146.194,196.17
133.625,162.62
142.494,156.5
112.327,143.53
178.359,218.32
113.803,136.43
118.368,134.84
105.415,127.7
136.08,152.9
80.298,131.92
96.706,128.97
118.109,138.94
157.957,180.55
86.095,104.08
79.732,102.99
126.891,144.15
101.294,121.79
121.233,140.55
124.161,152.35
88.416,111.99
78.426,101.27
111.872,129.3
99.512,124.73
129.874,165.93
78.27,104.72
101.981,123.24
112.313,124.85
136.506,150.54
135.129,161.14
107.289,154.99
104.161,129.08
107.8,138.31
97.893,118.63
109.556,135.45
117.782,140.22
144.363,169.84
88.401,109.01
74.189,98.44
106.431,128.83
99.88,128.82
112.391,133.22
102.513,129.0
124.376,152.97
124.272,144.68
98.716,127.55
72.029,97.61
128.637,150.26
104.838,136.12
121.197,147.49
145.35,170.37
110.682,136.38
108.005,124.01
123.811,141.3
100.015,116.67
132.824,153.43
132.03,151.31
81.102,106.08
93.428,126.74
113.855,134.17
90.729,116.0
110.222,129.35
115.806,137.43
120.074,146.37
77.407,98.85
113.099,138.12
130.284,156.52
74.725,98.11
85.003,113.04
85.095,130.14
103.538,130.54
110.245,132.61
112.383,132.51
136.862,165.02
98.37,124.6
129.473,156.56
99.387,126.64
76.075,100.16
113.959,141.12
81.994,108.43
93.038,121.25
98.526,131.21
94.888,121.47
94.845,127.22
137.609,162.64
127.764,155.5
98.892,123.09
117.662,141.58
115.746,142.99
111.435,134.73
107.386,131.19
162.45,200.83
107.429,151.64
98.963,112.95
117.519,134.54
108.837,136.58
117.154,131.81
113.582,127.24
109.83,125.49
125.43,140.17
118.915,135.38
112.847,127.58
115.344,132.55
117.271,136.92
141.017,155.35
116.623,133.21
127.626,152.92
118.081,134.76
151.999,177.28
138.706,157.92
127.069,144.33
119.101,147.27
134.506,147.71
133.797,166.36
111.194,122.75
123.56,135.37
114.992,149.14
87.601,98.88
147.498,172.62
137.825,177.17
131.976,164.32
161.714,216.21
129.916,170.03
117.749,133.2
112.787,131.0
115.414,131.69
104.218,127.46
118.329,145.94
111.829,137.7
128.354,152.77
110.64,130.26
112.85,133.3
111.607,133.86
123.277,145.22
123.185,144.28
112.416,131.22
139.214,157.91
126.174,159.07
92.202,120.87
127.931,162.57
106.356,129.64
128.682,152.72
116.395,138.85
119.649,141.45
111.132,131.13
92.24,122.24
111.691,132.56
137.585,161.66
71.237,95.99
115.033,141.16
153.051,178.28
69.176,91.72
94.559,121.7
127.447,170.02
93.202,117.29
79.081,106.29
96.425,119.7
137.147,165.27
106.446,130.15
153.623,178.01
124.221,180.97
136.122,152.44
132.125,158.01
87.378,136.73
107.502,156.75
94.566,115.94
80.985,102.6
140.311,159.06
104.495,126.11
133.038,155.77
98.775,121.55
78.095,103.91
115.841,136.92
135.336,159.17
125.246,150.18
108.529,129.7
1478.616,1514.13
107.637,141.32
143.053,169.21
144.88,172.25
123.175,135.32
161.925,182.96
178.271,191.66
140.903,157.97
179.97,194.52
118.818,133.94
138.863,180.67
161.51,188.57
160.22,202.67
174.758,185.09
129.9,141.31
116.502,132.28
114.349,127.07
145.594,159.77
153.191,166.2
77.826,90.64
124.853,135.7
111.339,124.19
111.566,124.0
109.01,119.56
123.578,136.55
125.264,147.91
133.722,148.39
138.484,158.12
80.983,95.18
115.567,139.18
123.529,136.89
146.514,198.56
122.982,166.11
109.006,124.58
107.713,120.58
131.212,155.43
133.021,151.02
147.854,176.37
99.485,112.29
94.085,108.67
78.74,106.79
110.582,123.22
153.723,176.56
140.32,191.64
79.145,135.6
109.939,127.09
108.246,122.92
122.045,136.4
122.322,174.82
119.493,138.36
78.214,97.31
146.392,162.59
114.162,164.27
88.454,104.45
116.415,169.3
116.786,160.04
121.947,137.44
92.053,137.7
87.625,101.75
128.973,142.89
107.631,121.23
90.145,103.28
96.74,111.57
113.155,123.45
110.695,121.99
109.622,123.2
109.934,122.02
107.984,121.89
114.034,126.36
113.499,125.09
107.835,120.2
109.769,121.56
103.93,118.98
101.269,115.81
77.04,90.03
112.846,126.63
97.878,120.17
109.234,126.24
112.579,126.62
113.12,125.88
110.097,125.71
116.771,135.75
125.148,143.38
113.521,135.5
107.501,126.71
93.165,118.81
110.187,124.04
109.83,133.59
134.429,157.37
130.577,149.87
135.439,150.93
83.531,98.92
117.984,136.25
145.364,160.67
129.879,148.16
93.721,161.1
85.892,125.65
148.842,183.5
108.454,132.65
123.227,149.0
125.399,148.27
116.978,139.79
96.785,116.82
115.259,136.99
112.91,131.52
106.555,128.49
106.733,129.76
114.536,134.44
93.175,117.44
96.357,117.64
122.162,145.16
110.657,131.72
107.833,128.71
129.425,155.68
135.376,153.75
127.35,155.85
127.83,152.51
153.173,210.82
134.053,188.31
131.073,147.71
113.783,129.82
145.358,164.5
72.986,101.39
98.33,119.87
114.779,135.4
127.503,144.34
101.837,125.83
108.731,132.1
107.15,128.44
84.334,116.79
105.49,126.89
108.272,128.69
92.856,120.24
114.722,134.1
103.378,126.45
105.383,125.92
101.448,120.91
96.306,118.66
126.314,149.48
111.537,164.83
107.378,158.78
64.88,106.25
68.07,82.38
80.555,95.93
99.599,115.96
108.48,135.83
113.555,140.07
133.863,148.78
107.751,161.2
114.032,144.09
128.26,171.45
129.869,158.9
97.814,123.5
98.55,131.94
100.04,130.11
118.061,143.45
95.641,125.41
139.651,166.83
83.744,114.83
99.775,124.49
90.911,115.82
98.331,121.62
110.872,133.71
112.283,134.09
123.251,150.67
81.031,107.57
111.282,130.36
115.143,144.99
105.631,130.84
120.998,143.31
128.603,160.69
142.08,168.44
114.984,140.65
97.268,125.37
113.694,131.91
99.176,113.05
90.238,101.39
93.683,108.23
77.35,125.83
98.058,115.93
108.777,123.63
126.868,139.64
147.62,201.88
169.654,209.57
102.503,118.6
97.548,123.26
120.887,143.68
110.822,127.36
119.596,162.75
98.332,121.28
108.003,123.54
143.067,160.87
114.184,138.42
115.691,138.86
144.897,170.65
93.639,115.93
74.778,119.56
122.478,174.01
67.844,80.52
113.77,127.54
131.922,154.68
93.561,106.42
109.797,138.54
158.695,173.04
146.685,163.68
114.811,153.89
118.833,134.38
141.917,155.48
144.215,165.92
98.726,136.14
98.223,120.0
84.053,104.25
92.657,115.05
127.972,143.41
148.409,187.19
111.197,131.47
111.686,129.93
108.065,127.14
108.331,130.46
110.496,132.92
88.706,130.88
109.29,130.98
109.891,131.53
130.438,154.08
113.225,139.25
105.451,131.68
100.851,126.71
87.284,113.07
86.676,133.98
107.338,132.62
94.186,121.8
150.06,170.9
123.236,152.27
73.156,96.71
120.345,148.33
119.48,148.02
133.88,160.56
133.701,156.55
144.257,166.26
122.089,152.5
118.743,144.34
145.842,168.73
127.603,169.56
70.487,117.28
84.844,113.87
98.636,124.33
95.059,126.67
130.806,149.0
104.345,129.57
140.051,162.0
77.156,99.88
114.685,140.01
112.08,137.3
112.988,140.88
95.017,119.13
85.678,116.59
136.582,163.91
94.406,120.46
117.338,143.81
99.557,127.13
117.495,152.79
116.906,144.58
133.146,161.01
146.616,173.55
141.799,169.23
101.244,124.29
75.861,102.45
99.42,132.49
75.488,107.17
94.342,123.1
155.922,196.42
94.829,117.32
89.604,118.09
110.055,139.84
124.853,155.32
86.161,117.05
136.489,167.45
137.624,161.3
142.291,170.02
135.876,163.66
65.056,90.51
143.843,174.72
131.845,160.34
116.323,151.96
109.328,140.63
153.334,180.93
67.97,93.17
143.258,169.66
143.648,171.64
107.077,133.66
110.422,138.94
93.411,123.29
108.352,135.67
125.85,161.48
121.696,154.22
121.493,150.39
110.481,139.1
114.786,142.52
129.853,155.17
105.533,134.88
108.288,135.87
132.651,163.65
123.194,149.56
142.77,174.31
95.476,126.77
98.193,137.13
117.514,144.94
150.415,181.27
106.283,131.37
120.662,157.76
130.535,157.67
159.165,190.99
150.986,183.41
127.019,158.5
139.947,174.36
149.551,186.28
115.639,144.86
136.487,176.2
140.684,172.69
124.495,161.44
118.168,170.8
118.74,156.21
113.943,143.79
112.218,149.09
124.224,162.35
126.37,167.04
135.402,170.0
128.673,164.34
92.857,122.91
83.895,123.6
93.307,121.3
105.788,134.91
118.832,154.86
93.069,129.99
89.942,123.61
122.165,155.4
114.943,142.56
126.082,157.36
125.58,162.26
142.154,175.05
142.606,178.95
98.965,126.89
123.413,154.19
120.379,151.41
117.858,146.69
92.929,123.66
96.261,122.13
124.536,147.11
93.789,120.42
119.086,146.08
110.862,141.32
76.331,102.46
140.777,168.98
1266.669,1308.41
138.7,175.62
150.788,165.39
123.261,145.05
104.473,120.12
115.745,127.31
161.203,183.98
122.115,136.02
147.168,159.9
147.587,161.62
143.708,159.24
120.068,144.5
116.762,138.84
118.394,133.57
125.608,137.48
116.447,130.02
135.985,148.69
116.154,132.83
125.421,137.87
124.064,138.53
112.699,124.78
102.818,117.57
119.594,133.64
125.649,141.16
111.307,126.59
114.193,137.45
102.053,116.74
119.187,134.45
76.993,89.59
128.158,139.92
101.464,118.25
107.872,126.1
112.608,136.51
95.083,110.1
151.952,180.32
126.091,141.47
111.818,162.59
151.024,167.3
109.363,125.66
113.716,130.38
125.256,148.2
148.258,174.43
134.444,148.7
149.191,173.71
101.853,122.87
144.325,167.77
119.744,143.06
147.655,172.38
130.369,158.7
118.419,134.24
137.16,152.31
157.29,173.52
128.902,154.58
131.613,145.89
112.599,124.55
141.204,165.52
152.293,171.13
122.074,136.87
143.096,154.4
125.877,137.78
140.033,153.61
130.584,143.21
142.749,159.37
116.658,130.4
102.162,115.87
134.455,148.36
153.265,170.08
149.28,162.46
84.561,100.83
114.03,128.98
105.385,129.81
118.807,137.57
138.366,163.31
121.094,137.04
140.555,156.79
127.108,158.74
137.022,150.51
105.562,147.53
120.012,153.74
137.098,148.87
77.387,117.59
75.699,86.71
75.365,86.13
164.88,187.4
103.282,141.52
118.326,146.73
139.559,163.63
102.802,129.14
144.866,169.65
156.761,191.22
106.652,122.62
125.216,164.45
119.764,150.46
104.759,119.94
117.131,127.99
116.381,127.74
120.91,135.25
118.789,129.94
118.138,132.55
97.724,126.74
110.416,123.97
112.87,124.97
115.387,128.29
116.789,130.72
117.927,133.19
76.269,88.72
119.476,132.41
141.131,154.78
124.87,156.5
135.443,149.84
118.539,131.26
122.759,142.77
103.214,132.13
127.23,144.87
89.548,109.28
127.848,146.51
146.04,161.45
123.005,142.02
111.531,129.34
168.949,188.16
144.886,160.14
135.034,204.03
138.845,187.07
162.677,216.45
143.176,186.58
106.901,147.07
141.139,154.1
146.355,158.71
138.032,182.54
165.366,215.45
142.69,155.81
121.999,145.39
129.546,145.25
148.972,164.56
118.663,140.07
102.377,119.99
74.854,90.75
104.554,124.26
73.714,89.01
122.913,137.61
108.964,127.34
75.833,93.59
116.396,133.85
111.387,131.07
78.437,96.84
113.095,128.74
119.282,136.5
76.532,97.49
115.859,133.81
153.139,178.1
138.512,161.9
141.11,163.08
109.938,130.63
120.332,142.25
155.04,178.61
141.753,163.43
144.321,163.88
124.002,150.34
139.447,165.93
124.558,151.15
141.305,165.08
109.731,131.1
156.952,183.66
142.2,164.92
72.515,95.29
97.8,124.17
134.289,159.93
73.154,101.2
116.436,136.86
115.078,142.54
115.593,141.79
83.266,108.79
118.42,149.23
81.317,110.0
99.404,130.78
117.478,137.39
133.982,169.06
100.188,128.82
125.603,153.98
108.148,127.24
104.949,128.11
101.093,175.63
125.663,149.17
119.436,152.4
120.555,149.95
119.188,145.88
137.62,171.37
135.059,158.66
101.665,130.39
111.131,142.02
83.484,109.96
129.285,154.6
99.981,129.4
76.488,106.34
113.659,136.63
130.231,162.76
131.486,164.2
140.513,168.63
132.478,155.75
144.825,173.22
139.478,172.07
117.328,160.13
116.665,129.93
118.67,144.44
116.528,132.34
111.031,125.91
122.866,139.32
114.043,127.87
107.511,123.21
114.792,130.53
123.794,137.0
113.613,130.98
115.444,131.53
117.851,135.21
114.104,130.07
119.983,134.63
118.25,132.41
99.329,110.25
139.46,155.84
113.474,129.77
113.93,132.22
151.569,168.13
150.376,214.41
124.057,140.18
113.499,130.94
115.333,131.68
114.46,131.83
127.591,146.47
86.168,103.89
109.898,137.87
122.59,151.17
121.482,141.47
105.649,127.36
90.836,112.11
85.564,104.69
98.403,125.54
135.422,158.56
77.985,99.54
114.062,130.52
116.258,133.7
124.877,150.99
89.932,120.18
133.473,149.14
98.496,119.83
113.584,127.19
114.894,131.41
94.509,109.95
137.1,155.81
147.671,172.42
139.932,160.87
113.904,128.67
116.07,132.84
129.044,146.1
101.262,133.08
113.645,130.37
148.955,167.77
86.245,103.65
99.865,119.97
100.212,126.01
96.107,119.35
123.64,140.12
95.705,121.48
113.921,131.72
120.348,141.08
99.973,122.98
136.706,156.25
83.011,103.54
117.485,136.29
100.2,122.28
114.142,132.62
102.898,131.9
100.619,125.18
131.94,147.44
88.419,105.82
107.565,138.54
115.881,133.29
113.743,132.05
154.47,173.47
144.167,173.88
124.975,146.85
109.738,126.29
117.359,136.7
110.748,129.18
115.425,135.83
117.03,136.41
114.788,133.07
98.425,114.3
120.587,137.67
110.131,127.47
116.384,132.52
120.074,149.12
109.717,141.43
136.563,158.54
99.82,116.95
106.747,127.27
129.917,153.96
120.871,141.85
119.48,134.43
111.941,128.49
122.723,141.03
118.644,132.69
118.1,135.11
100.021,119.39
110.353,124.66
119.024,134.01
115.585,132.81
123.74,142.07
113.651,129.57
120.243,139.11
128.548,149.86
128.765,161.8
97.171,115.49
84.382,110.32
136.821,156.94
80.923,106.3
105.26,129.18
150.863,172.82
107.123,124.34
73.284,93.31
117.966,135.39
94.166,116.05
101.766,125.1
99.618,124.37
130.166,150.97
94.79,116.83
100.776,124.53
94.564,120.75
99.452,121.61
106.207,134.82
97.417,118.86
119.855,138.17
100.351,131.97
100.689,125.38
105.279,132.55
130.519,149.66
83.788,109.91
112.015,134.04
111.344,134.56
145.78,173.53
115.545,132.01
88.681,105.66
122.14,144.64
118.732,133.71
113.281,131.02
122.036,138.74
122.705,139.08
96.568,112.04
125.814,145.94
119.018,135.95
103.699,118.74
127.884,147.52
119.311,134.54
104.567,121.3
119.561,137.88
109.777,128.24
128.627,147.67
114.959,136.17
104.061,130.26
134.381,153.24
95.651,113.26
117.586,136.72
108.03,132.38
116.524,135.56
89.042,111.14
121.783,140.32
111.177,138.03
90.862,113.84
109.585,141.62
94.133,117.11
103.025,127.63
132.872,152.63
93.628,124.47
98.373,119.69
117.8,140.86
120.527,143.45
92.503,112.97
99.412,120.88
102.724,123.14
105.332,125.3
116.07,133.72
129.452,150.55
104.001,123.64
74.619,96.58
115.535,142.57
86.386,113.66
101.364,122.28
99.533,119.63
166.916,184.16
103.676,119.01
88.234,107.08
114.938,135.58
116.043,137.31
122.298,139.5
114.145,130.07
114.441,130.22
69.802,86.95
114.965,136.47
121.894,142.82
77.823,94.66
112.948,136.92
129.254,146.27
123.161,147.67
84.471,102.46
97.95,122.77
113.301,132.73
87.85,110.59
108.553,131.27
133.645,150.68
90.482,110.61
137.26,162.89
75.229,93.17
100.331,128.93
119.359,138.51
86.126,109.93
110.216,140.75
131.143,153.15
76.236,99.89
101.038,121.73
125.686,143.69
118.138,133.0
101.956,121.73
124.688,148.67
93.9,114.82
101.884,138.06
113.793,138.03
92.942,113.79
97.94,118.58
114.823,131.79
115.227,133.79
117.767,135.39
117.579,136.32
98.153,125.51
103.083,125.66
120.442,153.27
95.179,113.99
104.335,128.0
103.361,123.76
94.585,119.3
114.529,131.04
109.555,127.69
104.867,130.46
114.901,132.93
120.407,150.99
130.702,158.68
101.862,125.39
143.471,164.83
122.332,144.04
148.782,164.96
114.249,140.64
109.527,128.79
87.685,110.71
116.977,140.06
91.31,114.03
99.546,120.11
104.732,133.89
105.078,134.26
98.402,120.73
135.545,156.71
101.476,124.71
94.305,115.72
142.677,162.33
78.004,95.41
121.912,138.32
130.124,149.76
88.697,114.71
120.179,143.96
103.378,124.32
77.057,99.97
157.007,174.64
136.282,157.49
161.029,182.89
141.004,165.57
109.093,128.9
106.367,132.79
110.369,132.14
76.385,96.23
121.276,137.8
97.369,123.72
99.244,124.41
99.974,125.09
120.038,134.75
156.954,178.92
141.07,168.74
130.36,148.08
151.79,172.56
149.228,169.09
129.631,145.75
137.259,154.7
148.112,164.03
121.496,141.91
160.215,187.11
136.894,155.55
122.809,142.54
167.927,184.15
116.419,137.48
114.703,143.07
124.179,148.44
104.946,122.99
139.279,155.54
100.895,123.25
143.779,162.86
121.032,135.98
119.373,136.29
115.116,131.69
126.854,141.05
124.459,141.14
128.826,147.27
109.611,127.5
136.916,155.07
91.579,111.64
154.685,181.28
95.686,114.05
78.306,102.91
116.729,135.47
156.479,177.79
120.201,148.14
105.343,123.07
128.261,146.01
111.049,128.08
103.805,122.02
138.953,163.0
134.481,150.22
141.087,154.6
157.316,181.89
131.251,162.07
118.688,138.9
116.062,133.14
110.837,126.55
116.314,135.57
99.582,129.88
114.346,131.53
104.974,135.5
122.375,145.67
116.518,135.84
149.799,172.8
106.361,125.03
119.954,137.57
129.681,155.62
133.833,153.84
141.26,160.0
117.806,147.15
106.036,124.08
129.679,146.71
143.818,206.76
140.034,194.95
127.462,158.84
139.353,209.94
106.574,129.94
89.852,113.67
86.855,110.51
136.875,164.74
135.037,162.4
127.834,149.41
112.271,137.38
109.874,133.11
119.682,141.03
116.761,135.02
102.861,134.52
117.961,143.74
97.314,123.01
137.65,161.69
95.347,118.5
86.685,114.5
117.199,138.45
110.808,131.24
117.997,149.77
80.646,109.0
102.708,123.47
112.768,140.24
140.82,165.82
115.566,142.19
88.976,109.81
86.927,111.92
157.335,178.2
118.255,140.72
108.831,129.2
123.749,148.25
107.022,132.22
116.959,149.75
114.276,144.85
133.273,161.52
116.043,146.45
115.86,147.17
136.734,169.47
123.33,156.3
135.948,161.01
118.204,143.53
119.284,155.23
137.668,176.34
123.85,159.86
132.355,170.08
78.332,115.58
145.726,180.21
108.79,142.98
116.861,148.55
115.128,139.94
100.361,131.69
103.689,132.31
103.217,135.45
102.937,130.71
98.813,132.86
96.82,133.14
99.694,134.53
95.967,126.1
157.394,192.31
117.97,149.84
110.822,144.18
117.964,148.85
131.736,158.97
114.413,150.81
135.67,160.3
96.714,164.71
142.251,166.56
131.564,191.79
109.63,160.5
126.373,144.07
148.564,164.93
110.234,132.17
163.625,181.34
131.441,187.52
139.96,155.65
128.22,186.53
111.815,134.61
129.797,147.32
119.281,135.35
114.696,133.97
139.185,163.27
109.611,126.37
112.331,134.49
85.95,106.14
103.103,125.43
113.724,134.33
109.559,131.46
102.929,130.13
103.48,127.55
130.685,155.51
79.052,103.05
112.862,143.73
84.664,109.78
101.162,134.94
115.339,150.43
86.492,112.41
148.64,193.42
115.12,142.11
118.049,142.99
96.218,119.06
98.32,124.87
140.838,166.94
124.591,151.75
105.696,130.97
139.61,166.81
100.619,162.79
143.0,159.8
128.916,146.85
120.022,138.09
117.938,135.51
136.748,154.86
90.607,119.17
106.129,128.03
128.494,166.65
133.363,156.95
95.372,113.52
127.37,150.92
137.753,156.68
121.075,140.04
139.099,155.11
117.976,140.59
90.688,110.46
127.204,152.72
147.447,165.22
149.66,167.84
153.28,169.13
117.297,135.46
143.973,171.01
142.608,160.87
138.601,208.72
145.695,169.93
140.187,157.12
163.035,215.1
129.783,178.02
131.357,180.97
115.012,138.29
137.84,155.07
106.371,129.29
102.101,130.35
125.957,158.96
99.113,122.05
139.155,162.33
85.426,107.53
164.606,185.53
111.37,131.84
122.734,145.96
98.247,120.35
135.635,159.32
108.17,134.66
118.75,150.11
186.491,210.56
134.594,162.52
140.415,167.33
83.525,111.96
94.423,124.94
114.868,140.98
126.784,157.57
107.831,139.21
95.629,123.89
134.254,198.57
138.887,200.87
144.113,165.48
109.838,130.86
115.769,139.12
147.281,168.78
125.987,151.65
84.35,112.88
103.6,130.37
99.224,130.34
103.418,130.69
96.89,130.87
132.32,154.12
81.797,113.67
100.624,129.83
118.339,146.5
121.257,150.01
82.828,112.61
144.084,165.86
121.932,146.05
106.332,129.4
118.878,144.1
119.842,139.61
117.361,141.32
105.245,134.67
105.518,146.14
160.443,192.01
87.982,108.46
157.809,185.61
131.655,161.48
94.55,122.33
99.759,125.45
98.181,129.18
140.612,170.8
101.422,126.49
118.115,145.4
100.686,126.01
113.665,139.2
70.319,93.65
137.472,163.29
115.907,140.72
118.463,143.67
95.11,117.84
127.419,155.86
119.039,143.27
121.799,147.4
135.846,162.97
74.312,97.0
94.67,118.87
122.542,149.96
95.817,127.46
85.559,110.41
116.579,144.4
80.803,109.71
136.752,160.16
106.59,131.81
137.744,166.04
122.681,147.49
132.799,157.25
119.096,139.88
111.132,134.46
133.68,161.42
87.066,116.71
139.649,167.23
74.856,100.06
109.102,144.19
126.217,154.85
107.289,131.74
76.683,99.96
128.853,157.9
103.735,126.72
75.711,98.61
119.803,147.85
95.479,120.96
84.152,112.44
129.606,155.38
89.564,112.96
123.137,149.79
138.946,162.11
148.65,173.04
121.586,176.08
87.853,108.14
94.687,118.55
69.615,86.0
124.166,165.38
135.123,153.32
103.219,124.13
116.72,136.25
73.879,96.57
103.816,123.57
109.065,128.07
98.959,121.54
115.214,131.29
123.359,139.07
105.019,124.36
109.616,124.81
106.468,128.23
101.686,129.09
103.122,122.92
116.88,134.4
100.436,125.47
99.649,126.55
105.288,126.86
132.522,151.73
84.624,107.9
118.016,132.7
118.711,135.9
117.606,138.87
105.529,123.31
160.589,184.01
121.716,138.37
120.958,137.77
125.964,141.32
116.302,132.4
116.768,132.58
104.128,124.42
105.747,129.64
114.001,131.17
132.773,161.54
85.327,105.28
104.322,134.7
105.41,130.68
97.739,121.57
120.558,134.95
117.116,134.6
122.225,139.11
108.705,124.19
157.51,174.22
123.036,142.58
92.558,110.37
167.173,193.7
145.17,161.64
127.727,145.16
117.848,140.8
102.753,125.5
73.34,88.54
81.895,98.02
91.89,106.65
127.847,154.07
144.534,168.3
159.64,179.97
153.106,172.62
143.201,176.44
143.36,166.24
141.956,165.15
145.248,168.45
119.833,138.85
131.539,196.89
160.688,184.79
148.718,163.95
124.878,182.56
115.594,160.63
118.253,135.86
138.775,154.41
96.064,144.32
79.916,102.32
114.825,129.64
133.789,158.47
78.23,99.01
121.823,135.12
113.935,133.49
96.032,113.31
101.485,122.87
133.928,151.43
149.087,171.69
113.533,132.49
121.694,138.47
120.486,137.73
144.1,158.94
101.187,161.3
148.29,177.33
129.953,144.87
122.669,137.68
111.45,130.39
117.968,133.37
136.601,154.23
140.806,160.67
120.403,137.84
121.916,144.2
86.425,105.23
93.917,118.73
100.884,122.08
99.317,121.09
132.645,147.92
116.294,137.7
76.102,93.48
140.965,155.92
88.743,111.14
99.498,121.75
128.826,157.94
86.113,105.89
97.527,122.93
151.149,169.71
73.315,90.9
137.921,160.4
108.033,126.7
94.304,113.04
103.944,127.08
138.659,154.7
162.128,187.57
153.744,171.01
157.16,176.67
117.567,133.59
156.043,174.06
124.876,144.24
150.957,220.38
123.168,162.29
104.105,128.54
151.876,183.67
116.759,142.96
140.42,165.16
128.983,148.05
144.292,162.73
146.442,169.29
135.148,155.48
152.937,172.86
117.209,146.99
128.628,156.41
144.479,177.84
140.175,173.46
118.329,133.96
138.105,154.68
113.226,130.64
103.309,135.56
148.227,166.68
126.36,153.44
132.435,153.33
102.385,120.85
120.525,142.35
115.537,137.73
118.952,141.22
115.326,135.37
120.432,145.96
118.48,144.75
118.06,137.76
111.995,135.26
99.461,127.24
108.807,134.97
120.217,141.71
103.042,134.09
125.22,155.86
91.739,114.95
83.278,111.48
108.63,139.39
86.061,113.62
97.522,127.62
131.262,154.18
79.457,109.48
110.679,140.94
142.991,171.16
92.271,114.29
99.833,127.07
127.038,159.98
97.967,125.6
133.474,163.39
109.564,153.3
124.968,156.79
139.77,173.59
151.152,182.3
135.455,165.35
149.754,175.33
137.214,162.55
103.849,131.02
135.93,166.92
123.766,153.26
97.402,124.77
85.99,114.12
123.353,151.1
115.856,141.53
119.164,178.88
114.639,132.42
128.247,146.51
125.606,141.55
119.193,143.89
141.183,159.9
128.391,153.07
100.764,116.89
91.017,108.73
114.564,137.34
104.542,122.79
110.695,129.98
145.101,165.6
108.134,132.74
131.397,149.87
141.792,160.37
163.39,178.93
127.212,187.69
114.734,167.46
148.899,167.91
77.938,95.25
141.3,165.38
128.719,188.11
117.356,171.53
112.145,175.02
146.114,206.46
123.851,156.45
135.699,154.58
80.136,127.66
99.11,123.31
104.815,129.92
140.975,169.4
98.483,122.59
113.561,137.47
78.771,105.73
105.42,136.0
102.801,133.47
92.195,119.71
159.436,182.54
81.024,105.35
126.948,157.57
106.101,135.94
120.965,150.15
119.46,142.0
107.06,131.69
121.756,146.52
116.849,142.31
119.428,146.65
132.908,157.41
140.388,173.5
118.745,146.55
102.121,129.47
117.413,145.25
124.591,151.55
99.528,143.48
157.805,185.78
101.19,124.5
136.605,166.29
117.353,142.54
127.627,154.42
154.865,202.0
148.21,177.57
134.527,174.85
106.701,136.46
106.597,137.25
127.613,156.32
126.65,156.16
118.277,144.47
116.967,142.27
111.166,141.88
114.812,145.96
85.72,118.85
96.866,129.38
143.581,177.87
90.9,115.74
79.576,107.87
121.526,158.23
124.616,156.37
115.369,139.28
121.499,142.94
114.573,139.8
147.643,179.55
133.507,161.32
122.484,153.79
114.829,141.29
127.095,154.39
107.698,134.74
140.732,169.72
79.449,112.19
118.514,151.3
122.855,156.26
144.282,181.14
125.951,157.46
144.714,177.7
148.608,211.09
115.993,134.07
153.078,183.91
138.488,157.6
118.657,152.8
148.512,206.42
161.339,213.03
121.258,175.26
103.219,131.38
110.734,129.8
118.078,133.76
105.89,126.38
134.162,150.83
139.616,162.96
135.297,153.86
115.357,133.35
79.087,97.79
166.27,186.21
115.81,138.38
148.832,167.07
139.296,161.1
130.853,152.54
138.632,158.2
98.985,122.81
137.535,158.16
117.135,139.04
81.007,100.26
77.242,95.64
76.221,92.55
77.577,92.38
131.126,146.43
107.228,125.09
148.875,167.48
132.585,155.17
152.065,173.55
127.585,146.55
156.1,223.12
130.416,161.01
118.916,189.57
137.491,194.42
140.543,164.17
171.854,191.48
118.751,137.59
112.627,130.98
119.565,137.92
98.724,117.14
94.657,117.24
107.225,132.1
139.58,162.16
120.348,143.31
130.32,157.19
131.981,157.28
146.981,175.32
87.678,112.11
142.746,171.98
143.632,169.35
135.699,203.02
135.913,155.28
118.089,187.08
99.271,153.95
129.069,155.1
121.263,149.36
123.49,152.7
96.447,128.7
132.213,171.57
110.036,140.64
94.409,124.26
88.268,119.91
135.234,170.79
125.066,157.53
152.161,179.71
106.736,143.13
141.202,176.61
131.532,162.18
128.282,153.39
151.6,188.17
123.792,154.14
120.408,153.08
146.687,188.19
109.013,138.37
108.029,137.36
136.81,163.56
113.325,142.13
1077.153,1125.01
108.216,126.84
108.378,122.54
113.297,128.5
108.612,125.6
112.411,128.09
114.983,130.33
115.446,132.61
115.836,136.33
108.961,124.14
113.953,132.42
112.998,126.66
112.032,126.17
109.07,125.73
126.775,143.05
107.7,123.23
106.785,127.32
120.278,138.84
110.119,126.89
108.285,126.3
111.108,129.02
110.682,128.01
111.119,130.79
113.092,131.19
63.946,84.03
134.216,164.64
103.391,120.12
84.626,106.66
123.228,146.89
115.951,133.06
133.066,151.44
123.444,142.92
146.496,172.3
133.038,158.1
74.918,94.47
114.585,139.13
141.64,170.25
103.284,125.39
131.651,152.83
131.272,154.19
118.549,163.68
131.75,143.27
128.504,143.4
88.669,101.83
104.38,116.56
112.678,124.81
109.582,122.62
108.507,123.14
114.403,126.87
127.145,140.64
112.39,134.02
125.124,139.59
135.584,149.34
109.992,126.57
130.97,147.83
144.677,163.39
132.861,145.47
143.861,203.78
139.994,160.75
158.41,182.64
137.336,160.19
146.044,166.94
141.911,166.67
137.354,159.15
129.167,149.05
132.477,151.14
118.142,141.25
120.058,138.9
109.377,148.21
92.907,115.2
75.154,98.98
95.967,133.18
93.659,116.53
101.188,124.85
111.838,131.4
113.43,135.89
97.675,131.25
139.339,164.41
135.404,156.3
112.464,133.32
122.27,143.99
133.677,155.49
117.676,147.19
150.913,175.53
128.161,156.28
122.959,144.01
114.706,131.84
110.607,129.93
117.678,136.22
118.69,138.68
102.863,128.59
134.664,154.24
138.103,159.35
123.294,150.75
115.097,132.18
130.361,149.64
127.26,166.09
121.901,137.44
83.621,105.94
103.279,136.26
81.972,101.62
95.789,118.61
97.851,120.07
109.966,128.43
113.115,129.42
127.609,145.42
124.598,144.66
98.21,120.14
96.048,120.04
116.929,136.46
99.931,129.75
98.954,119.92
112.477,128.66
119.083,137.49
103.794,129.07
129.929,149.23
112.502,131.65
89.731,113.74
136.245,154.37
128.836,147.52
123.216,146.75
76.227,102.23
125.752,146.71
121.04,142.08
76.995,98.02
100.886,133.28
89.258,117.35
96.295,130.95
115.992,137.09
105.799,127.7
87.979,109.78
114.826,132.34
114.349,134.33
99.559,122.18
73.049,94.97
132.108,164.15
114.729,136.9
99.481,117.45
69.801,92.95
100.649,146.77
83.726,110.75
137.479,168.59
74.691,92.59
126.377,149.14
103.471,121.53
87.225,110.1
135.198,155.65
93.946,118.53
101.155,124.78
87.953,110.89
70.491,100.3
99.465,134.26
95.622,117.55
133.743,154.63
129.004,154.86
125.949,159.22
110.777,123.96
102.65,115.33
107.457,120.58
111.514,162.16
122.817,137.58
116.846,130.71
107.342,119.67
177.663,205.31
140.105,152.16
108.78,118.3
120.154,131.61
154.087,171.08
105.056,153.63
126.056,177.09
78.667,106.64
127.745,147.41
128.506,143.94
121.066,141.29
89.631,104.52
109.008,134.29
114.487,131.85
118.048,139.21
136.059,162.49
142.103,157.8
133.122,150.28
100.925,147.62
131.158,180.6
106.216,130.43
116.187,146.2
98.229,116.16
130.247,152.83
110.925,133.36
133.337,152.28
86.966,105.73
129.055,154.3
120.141,142.34
147.56,168.38
79.826,103.69
80.818,109.93
112.071,131.5
133.693,153.81
85.895,110.13
133.982,160.74
84.64,108.4
97.513,123.2
107.34,131.06
94.969,123.17
120.499,150.97
117.802,141.14
71.422,96.45
117.663,143.44
149.993,203.94
137.134,158.89
122.381,141.64
113.999,130.97
98.518,119.89
105.083,126.56
112.259,133.5
118.522,139.24
110.84,130.96
115.475,135.05
96.734,132.26
96.135,129.36
116.415,136.65
96.352,122.56
109.9,127.62
113.262,131.86
103.579,129.86
113.807,137.86
113.636,135.97
98.385,120.87
115.647,137.9
108.815,131.85
117.867,142.03
98.457,119.34
101.617,132.21
90.423,117.42
114.853,136.4
112.964,136.02
110.388,129.95
103.206,126.64
115.516,141.28
98.742,131.45
114.835,139.02
99.543,130.47
90.121,114.43
120.638,141.88
73.116,93.57
130.071,156.8
119.246,138.99
108.163,130.02
106.068,125.9
111.03,131.6
69.66,89.71
96.408,132.44
99.642,122.04
110.977,134.18
122.241,155.29
108.814,131.21
85.236,107.26
115.78,139.25
110.14,132.04
88.086,107.16
121.247,149.73
111.541,133.06
110.494,130.45
117.768,137.89
107.746,127.96
106.096,128.66
106.09,129.22
117.72,139.53
140.714,160.45
72.799,101.04
107.757,127.72
89.064,113.41
101.476,133.19
98.654,127.81
112.456,131.81
113.745,143.14
84.503,106.02
96.078,129.73
116.753,146.75
80.214,104.96
90.117,119.52
107.211,130.91
111.453,136.56
95.404,118.09
118.656,137.7
102.23,125.26
112.1,132.8
104.952,124.87
125.724,147.52
98.255,125.03
100.021,121.56
116.718,139.35
113.596,136.26
109.063,129.6
113.936,134.87
101.793,126.09
104.933,128.43
111.688,132.46
94.542,118.91
110.533,128.58
92.135,120.75
103.824,128.63
95.118,117.07
115.264,137.13
102.634,123.4
118.59,139.35
118.16,139.65
110.448,130.25
110.917,130.63
127.342,151.28
111.565,131.49
113.313,132.47
128.753,153.77
83.813,112.87
108.279,129.13
113.571,139.02
110.794,132.09
116.562,140.03
96.818,130.37
112.873,135.64
68.073,92.24
64.929,90.69
83.308,105.96
75.448,102.45
69.795,92.6
71.831,96.57
89.784,115.18
74.882,98.22
118.729,147.29
121.915,151.42
82.416,115.49
146.47,174.45
108.594,134.23
122.143,151.73
75.223,101.64
99.349,133.71
117.846,148.67
113.865,137.85
110.871,136.63
120.687,143.7
121.144,150.2
130.97,157.45
122.741,148.72
148.463,186.51
108.124,134.33
105.911,135.19
121.745,150.49
113.656,137.68
108.947,140.89
130.348,158.57
134.735,163.31
112.287,133.93
152.816,184.61
144.793,176.6
120.993,146.1
127.232,159.98
109.311,134.46
107.543,134.23
126.26,151.95
114.563,137.69
107.0,130.69
101.926,127.17
110.708,132.87
123.676,145.66
121.65,142.36
98.198,127.2
107.394,132.25
75.66,101.52
83.771,113.11
132.479,152.7
113.91,143.52
75.572,101.09
114.376,139.94
81.82,105.41
123.761,155.43
128.028,155.5
114.375,138.04
86.901,109.8
114.617,142.27
89.24,111.43
77.705,102.64
106.287,134.47
91.627,119.29
89.712,117.74
118.295,152.32
77.318,101.09
101.827,143.93
109.711,133.76
98.42,132.11
105.954,131.72
155.737,182.74
96.929,120.19
74.031,98.07
144.586,168.91
113.643,136.33
66.841,89.98
94.855,122.57
68.278,88.94
114.077,138.78
73.208,96.12
71.138,93.0
75.501,95.48
114.288,141.59
121.286,146.23
141.106,164.14
106.935,131.1
129.147,171.16
115.898,144.32
140.004,170.52
145.87,186.37
99.075,120.09
109.291,137.14
111.275,135.65
104.701,135.41
113.723,136.2
99.054,127.65
106.029,143.48
89.567,113.53
143.953,174.2
121.583,142.39
104.373,126.93
114.133,139.74
111.237,134.28
112.502,138.81
114.839,140.12
111.267,145.33
113.18,147.99
83.918,109.69
120.318,143.32
104.833,137.43
107.129,137.98
89.924,114.1
106.131,132.39
133.4,163.24
72.431,94.19
117.636,143.89
88.346,117.15
102.468,131.88
117.289,142.96
82.583,106.58
114.556,138.9
129.708,161.41
74.671,96.92
92.259,124.87
108.883,140.21
108.427,134.35
88.104,112.36
118.624,138.74
98.242,119.83
114.751,139.17
93.39,117.92
115.974,142.71
120.823,143.04
98.671,140.99
119.198,140.54
97.707,127.12
111.774,141.1
97.163,135.96
95.03,121.91
95.582,121.24
68.965,90.86
116.503,141.07
110.3,132.92
138.586,160.9
99.256,127.2
115.759,136.95
142.967,164.66
110.679,134.56
86.265,107.89
109.813,140.79
105.535,133.13
81.937,113.2
121.738,151.79
128.853,155.13
92.893,120.84
130.194,157.82
116.247,145.3
118.178,138.23
121.941,149.01
97.728,129.72
118.604,150.68
105.977,130.59
122.998,146.59
118.357,143.34
121.281,145.78
129.826,161.05
77.111,102.01
131.984,153.67
128.102,153.25
143.84,167.08
146.782,171.19
124.689,147.63
121.937,146.71
131.38,153.94
119.969,142.37
150.14,178.44
157.075,180.19
124.325,149.03
116.724,139.94
121.849,143.3
120.222,142.2
113.37,135.18
123.342,152.78
78.778,111.94
96.147,131.16
154.266,181.21
124.702,150.95
91.923,113.99
113.615,136.75
119.005,146.81
122.849,144.28
115.597,137.08
132.26,155.39
114.113,135.72
122.894,145.28
99.091,133.54
109.048,131.73
93.601,123.72
109.102,135.08
109.905,135.49
119.557,145.02
92.513,123.61
89.477,117.27
104.729,142.1
114.428,148.55
80.958,105.9
120.19,146.9
138.324,167.12
138.272,171.04
120.36,153.38
117.82,175.48
110.885,146.73
121.598,141.66
125.623,145.21
127.021,145.7
161.241,181.17
111.778,130.22
141.304,174.23
115.811,135.74
114.66,134.59
124.004,140.84
110.401,131.28
70.678,88.23
146.051,171.52
125.916,143.68
111.689,130.18
110.991,129.49
118.109,137.11
123.558,140.05
137.784,154.51
133.305,151.96
131.294,153.63
130.878,159.59
127.923,149.82
118.809,135.66
125.943,145.59
84.319,102.21
122.927,141.21
131.803,151.39
113.785,133.14
84.649,105.64
114.19,132.14
88.102,115.78
114.337,129.17
117.814,134.34
109.96,138.48
128.007,145.62
88.771,106.02
118.467,140.18
119.464,142.87
79.627,99.82
140.92,169.74
124.685,144.01
98.411,124.16
121.76,140.57
120.106,139.73
114.709,178.37
116.877,134.75
142.786,160.85
113.754,133.22
137.458,164.25
71.062,88.42
127.598,149.73
69.441,90.58
131.656,148.81
128.863,155.27
120.421,152.7
111.094,173.98
119.759,142.37
99.036,168.96
110.355,128.23
151.795,181.42
112.798,131.36
120.229,140.71
144.852,167.39
149.352,168.16
119.129,146.39
129.251,144.53
119.841,140.98
120.113,142.36
125.911,141.46
126.888,149.38
115.874,131.79
161.97,190.06
132.263,150.12
139.566,157.72
138.708,160.78
141.058,157.27
127.374,155.38
142.157,163.47
109.546,126.66
153.646,180.13
128.285,146.06
118.366,138.77
119.185,147.82
153.92,176.93
131.685,149.41
123.515,142.78
140.527,161.52
111.779,131.35
107.029,126.68
121.494,137.85
107.792,123.02
98.405,114.36
111.555,131.22
96.175,113.79
89.077,108.71
109.119,129.59
112.325,137.52
122.1,142.84
112.874,134.56
71.192,92.64
95.693,121.97
140.318,159.99
80.843,104.29
123.249,145.93
99.963,122.27
138.581,161.81
94.47,121.84
100.518,130.02
89.212,117.74
101.181,128.0
109.899,133.44
111.244,138.23
95.543,125.3
103.719,133.17
106.181,129.99
96.522,125.88
104.861,134.8
82.322,110.37
99.85,135.73
133.412,162.7
71.486,92.96
99.183,131.71
109.548,131.42
111.234,135.15
111.828,151.71
129.052,160.0
100.217,128.54
112.327,177.19
138.286,162.98
133.168,161.64
125.459,159.64
119.884,147.63
114.602,136.95
100.412,133.57
118.972,141.97
108.6,134.95
101.896,132.4
83.769,109.55
91.178,124.47
94.046,123.48
103.503,133.46
133.087,163.3
92.589,119.36
78.089,109.8
111.115,138.35
132.584,174.21
131.304,160.65
114.253,139.43
110.309,137.08
139.63,167.67
114.683,165.44
107.213,126.37
133.642,156.47
144.676,166.24
131.237,163.53
125.545,186.67
129.025,183.6
66.922,103.86
102.942,114.74
118.75,131.42
73.42,94.01
145.248,167.69
117.767,134.39
113.685,129.05
111.314,130.99
93.637,112.33
113.401,134.52
71.747,91.22
120.906,143.98
106.737,127.82
111.286,132.3
75.128,94.92
120.502,141.78
115.043,141.12
90.628,113.65
78.484,101.56
127.206,149.54
72.083,101.23
107.443,131.04
93.648,136.38
86.09,114.78
97.452,130.03
111.168,135.22
91.545,121.96
97.57,130.06
108.031,130.68
107.606,138.79
97.231,142.06
119.044,148.67
95.638,125.82
117.26,145.68
141.075,183.45
75.134,113.07
109.516,122.18
110.694,121.1
111.916,123.41
117.603,128.42
119.228,161.88
85.403,114.08
86.114,101.14
114.028,126.59
101.652,116.83
117.513,141.2
112.575,124.68
111.579,127.73
111.675,126.02
114.811,129.04
110.79,124.0
121.691,134.79
104.411,120.61
108.385,123.36
115.644,130.68
105.919,121.76
107.593,122.93
113.386,130.15
133.027,147.62
137.029,151.48
110.55,125.67
145.505,168.52
116.378,144.02
148.202,173.45
135.003,158.41
151.458,219.88
74.381,95.76
120.575,144.61
122.622,148.81
137.575,163.53
109.157,133.42
125.753,150.86
123.381,143.71
127.155,195.92
92.032,139.06
148.254,169.64
118.472,172.6
129.854,180.83
138.288,202.75
128.766,184.23
179.286,194.55
113.002,128.05
144.304,160.03
112.471,134.32
87.374,102.36
105.947,119.91
110.814,126.93
109.791,124.31
65.711,81.33
130.555,147.06
117.98,136.19
138.374,159.05
101.865,129.98
93.071,109.02
111.424,130.82
112.793,134.05
91.422,125.3
111.469,133.3
114.056,130.48
110.232,130.03
101.928,122.64
117.383,142.63
150.662,176.72
92.908,120.35
76.539,101.13
115.914,136.46
143.864,172.88
84.38,105.41
135.897,162.52
73.407,95.08
95.826,122.3
111.143,130.94
113.988,139.11
79.462,103.57
125.934,143.63
102.368,128.56
134.547,158.79
142.44,165.71
114.532,137.97
129.145,149.96
117.124,136.08
105.098,125.02
104.667,129.51
118.276,139.13
115.286,135.5
112.568,131.24
114.916,135.6
100.633,121.49
120.441,145.75
136.467,159.44
91.2,112.33
113.66,144.4
86.755,110.31
92.393,122.63
97.322,122.51
110.832,143.6
106.292,135.2
113.59,144.5
120.844,149.95
75.333,97.39
93.336,119.05
114.325,133.75
87.338,114.57
100.142,139.42
134.688,173.85
85.037,108.83
93.238,118.54
115.937,144.2
79.211,104.63
105.087,137.06
111.826,135.22
113.836,153.46
83.263,104.39
104.732,128.03
106.204,129.19
114.12,142.74
113.169,141.26
77.271,100.39
111.001,135.5
99.546,128.06
96.652,123.82
116.06,137.02
110.83,128.69
132.373,151.03
81.276,105.64
86.729,107.49
73.136,101.32
116.64,135.44
136.853,165.19
111.586,139.17
126.288,148.73
128.096,164.95
73.191,97.5
120.702,139.2
105.718,131.08
104.255,126.61
129.732,164.95
86.301,109.96
122.085,143.86
74.326,95.85
89.601,109.73
149.089,177.28
78.009,103.57
96.719,118.21
117.577,141.46
113.943,134.06
124.754,146.76
73.513,92.06
96.82,119.57
100.292,119.42
109.197,130.99
113.162,135.64
118.523,136.51
96.271,120.81
110.995,130.06
111.349,135.57
117.073,137.0
103.838,129.81
116.277,135.89
117.527,142.23
95.681,120.34
112.066,132.59
139.243,160.15
73.941,100.78
140.312,167.6
97.355,117.0
111.261,137.51
113.465,139.4
115.049,135.87
116.959,138.87
116.308,134.47
112.894,135.99
115.186,133.55
130.303,156.53
82.289,110.58
111.033,132.77
98.216,128.81
96.999,119.4
113.671,137.82
110.517,129.96
108.762,132.92
117.582,138.66
113.202,141.68
77.072,101.87
100.025,119.1
110.105,132.33
127.026,146.66
112.188,136.08
99.671,121.47
111.932,133.06
103.855,125.71
101.332,121.25
107.556,130.78
101.825,132.28
104.111,128.92
115.731,139.62
100.71,130.07
98.032,128.36
97.733,124.37
95.325,121.7
164.969,186.07
87.006,109.14
81.579,105.52
131.017,150.72
91.561,120.94
97.87,122.96
81.784,109.34
117.269,142.03
80.055,105.65
97.014,130.32
103.826,133.05
98.249,124.4
103.758,129.98
100.507,127.85
96.672,124.96
100.404,126.72
121.169,141.94
96.126,124.46
115.305,136.92
106.424,140.72
141.009,166.46
127.654,153.45
138.984,161.87
145.693,165.6
125.64,152.69
114.992,172.63
118.985,142.42
121.99,183.75
99.575,157.2
139.243,154.39
131.005,152.07
112.129,136.84
131.45,152.87
100.652,120.66
180.977,204.59
117.184,135.1
161.484,185.92
148.544,203.06
133.922,196.26
133.371,150.37
128.219,144.77
125.061,150.84
116.27,175.25
134.473,209.78
140.752,172.07
153.476,172.27
116.506,173.79
138.523,196.67
130.73,152.05
129.783,155.86
145.715,165.48
109.901,127.04
125.265,142.69
136.307,154.35
119.633,146.36
97.162,116.6
115.208,131.1
95.348,123.44
137.538,155.28
128.437,152.58
91.076,111.07
113.165,130.33
149.847,176.48
121.678,140.14
126.541,147.32
116.136,133.3
107.441,156.48
97.334,116.78
70.862,92.52
102.834,123.66
84.558,109.18
90.736,122.3
134.037,156.65
161.744,188.07
108.526,134.7
99.939,122.07
111.235,133.73
74.569,95.18
135.316,161.76
76.536,100.35
133.489,167.95
144.639,167.02
122.681,144.08
131.878,174.75
108.85,137.08
115.102,137.34
121.928,147.08
121.98,162.97
120.033,148.89
118.068,146.56
139.989,165.9
122.374,152.18
121.018,149.0
141.643,174.32
88.574,113.34
120.643,149.09
113.987,141.86
108.249,143.27
115.027,145.88
76.263,107.41
116.089,138.97
146.153,176.79
116.982,146.94
104.511,132.51
115.238,144.13
110.794,135.99
99.528,126.44
125.691,151.67
126.284,150.42
106.646,167.56
144.108,167.77
107.708,124.88
131.453,153.28
132.841,155.97
115.973,138.79
114.031,180.11
124.576,152.11
117.849,138.79
114.661,133.34
86.38,106.18
130.851,152.29
127.188,148.99
129.933,152.35
104.488,124.63
152.07,221.75
126.063,150.04
120.079,147.03
103.832,130.8
149.143,179.06
124.734,153.14
122.56,153.14
152.89,185.16
98.33,121.75
147.29,176.28
115.925,140.11
126.055,149.35
111.377,141.19
129.804,159.89
128.382,152.37
142.386,169.99
151.106,178.09
109.845,140.37
126.071,150.65
144.159,170.27
158.175,186.87
140.465,174.74
125.505,156.39
143.041,173.45
148.39,176.02
115.577,144.62
125.439,151.25
126.939,150.61
121.926,148.93
112.752,136.44
155.067,178.09
121.538,149.6
130.783,174.4
137.421,167.45
139.15,166.2
128.286,155.98
119.638,145.99
128.427,148.95
138.808,169.03
154.803,187.5
132.13,156.35
125.629,155.63
151.34,185.64
125.291,154.37
128.328,158.9
124.371,144.3
143.1,166.37
148.006,171.81
111.121,142.16
112.288,136.37
131.976,169.69
118.77,145.69
129.643,166.83
113.632,137.16
144.826,174.02
134.653,158.88
132.483,156.68
124.378,198.4
116.094,187.7
109.005,134.82
138.685,169.11
125.534,156.63
130.355,158.96
130.999,160.24
134.404,169.16
112.933,142.4
140.825,167.23
121.201,149.95
124.716,152.25
110.094,137.06
117.705,146.23
131.613,169.95
115.849,152.45
118.688,149.96
162.807,190.9
143.295,170.26
134.034,163.02
149.45,183.7
136.711,165.08
138.767,174.04
97.845,127.45
102.518,138.85
108.217,141.41
151.542,189.91
112.726,138.98
118.063,147.08
71.676,97.81
127.02,158.54
110.596,134.89
76.323,99.17
115.381,142.07
78.094,101.26
126.095,162.19
136.695,167.97
115.323,144.77
140.293,166.62
118.129,149.87
141.858,173.86
99.933,139.97
92.852,125.3
119.034,144.65
92.624,120.45
121.755,152.05
143.728,177.41
128.608,152.5
111.38,142.9
110.314,135.44
114.921,141.52
139.894,164.62
128.876,157.55
120.22,150.56
127.385,157.61
141.119,171.23
127.76,182.3
120.498,140.73
133.306,148.73
140.943,176.85
151.256,211.76
142.12,166.52
145.785,164.14
145.791,162.34
120.078,140.06
103.213,124.15
117.915,146.77
116.825,140.62
106.613,124.43
116.488,147.21
130.728,141.21
105.355,117.77
111.624,122.03
114.729,125.39
115.738,126.77
112.263,125.55
66.285,77.67
130.195,142.53
111.03,126.71
94.717,116.49
158.977,174.18
85.378,98.39
84.309,102.76
114.559,129.04
131.48,146.71
129.189,154.36
117.718,141.17
141.156,158.03
79.477,95.74
122.454,150.08
113.241,129.79
128.077,143.4
116.997,130.83
109.052,126.01
117.094,132.68
137.225,152.47
138.871,153.03
112.748,127.94
113.538,130.94
134.318,161.15
136.371,154.51
120.097,143.58
116.335,140.54
127.635,181.41
145.472,168.3
139.598,163.95
127.69,147.54
136.326,159.48
141.397,160.78
124.679,150.0
165.73,184.54
109.098,128.95
135.411,165.17
121.142,146.08
110.21,180.04
110.607,194.88
162.089,213.65
169.882,225.94
116.973,146.42
117.398,148.97
151.139,170.96
120.898,145.66
111.667,130.7
84.116,104.95
116.696,138.64
128.455,152.15
118.855,147.14
111.226,134.29
111.459,134.26
111.02,137.29
108.741,133.66
110.42,136.93
140.321,169.47
111.811,138.11
113.807,144.38
116.754,141.52
112.82,138.21
111.841,137.55
120.319,145.21
111.92,140.68
121.127,151.75
118.159,181.1
116.052,186.08
123.111,152.99
120.547,159.4
132.92,167.78
120.209,144.56
129.385,153.01
126.37,146.99
138.915,167.67
132.749,158.99
113.013,136.98
114.927,141.97
97.931,117.07
103.755,126.69
1186.747,1245.14
79.278,91.31
74.752,136.05
185.004,200.03
145.756,160.68
153.434,221.02
150.516,165.6
208.969,224.25
129.055,142.88
147.985,160.74
195.458,209.65
151.728,165.71
201.336,213.44
118.145,132.22
113.683,125.71
122.889,136.51
113.655,126.36
117.73,134.18
120.519,137.66
117.333,131.85
120.976,134.8
119.88,133.69
122.444,137.26
119.301,134.14
131.92,144.33
129.974,142.77
120.989,137.57
72.023,145.25
77.215,134.17
75.093,128.13
74.588,121.7
149.843,164.61
118.852,158.87
121.495,133.19
77.567,126.64
117.47,129.47
119.607,130.84
77.317,114.71
118.0,129.64
121.682,133.62
135.08,208.08
136.186,150.44
139.967,153.56
139.55,212.68
201.959,250.46
143.994,246.97
135.624,178.08
140.755,175.6
79.456,127.71
126.629,140.25
198.21,212.77
115.843,153.04
122.331,138.09
119.919,137.91
133.021,148.25
74.388,124.03
137.131,153.92
125.537,174.72
135.022,148.84
120.35,130.26
140.347,151.02
131.407,141.15
126.432,137.26
136.355,148.05
76.055,132.18
203.3,220.35
122.373,137.51
123.112,138.55
134.478,151.58
133.926,157.0
141.437,166.71
128.154,146.56
126.786,144.42
128.476,145.2
123.086,141.05
74.839,128.28
73.198,159.02
134.66,158.83
111.959,127.43
115.583,131.02
135.392,154.58
134.518,151.04
131.36,147.46
133.48,212.01
133.563,152.3
133.301,152.77
122.09,142.32
133.991,205.62
158.813,179.7
249.783,394.02
122.06,217.96
119.672,157.07
122.535,134.5
116.735,130.75
123.22,134.33
129.373,142.77
121.737,133.9
129.072,144.07
181.722,194.88
140.922,152.53
118.052,131.95
199.101,211.62
158.17,201.71
144.902,216.97
131.39,165.43
79.14,132.25
76.808,126.24
72.695,130.88
78.31,151.48
79.671,129.92
124.769,137.05
120.42,134.91
118.996,133.65
122.788,135.58
126.143,140.43
117.527,131.99
80.348,136.95
79.853,128.76
205.041,220.49
138.117,168.95
136.925,152.89
116.19,134.45
76.662,146.56
76.335,128.87
77.834,142.35
76.525,119.65
75.892,125.71
78.239,130.62
74.234,133.86
79.821,130.4
74.9,132.12
77.625,134.81
124.271,143.78
85.729,115.31
92.121,123.95
119.766,139.93
129.668,198.37
134.287,156.97
130.036,152.86
127.187,218.06
117.264,141.91
133.712,154.37
154.294,172.57
150.773,179.98
72.413,174.09
95.218,123.16
119.007,192.58
133.385,150.96
118.417,139.36
122.895,144.77
131.715,149.86
111.758,129.22
77.279,148.68
78.067,129.48
169.481,186.78
132.66,150.67
141.006,160.03
124.244,205.29
154.895,170.72
131.443,148.37
144.515,212.26
148.71,168.86
76.26,134.03
83.498,164.1
148.218,236.73
129.217,204.35
222.877,235.31
130.166,174.22
180.583,197.37
120.177,135.48
76.033,91.5
155.315,180.45
136.038,150.12
77.024,137.34
184.393,201.16
140.131,157.76
142.855,157.67
119.411,156.15
124.236,140.66
132.426,149.01
151.057,228.21
83.564,167.8
76.234,137.57
121.271,183.87
72.437,91.9
169.629,182.7
128.636,144.9
75.844,149.14
118.137,137.98
123.752,174.32
77.921,99.9
146.917,219.01
139.036,156.68
73.743,125.49
173.684,185.73
134.734,146.0
74.451,87.32
153.561,183.93
135.607,150.11
147.589,162.01
75.186,145.07
125.481,177.44
118.995,133.65
122.162,137.13
131.982,144.12
191.45,203.21
72.513,84.11
81.286,142.99
132.262,159.71
69.196,83.5
129.5,143.57
148.019,227.05
142.619,181.97
139.311,221.91
138.342,181.69
112.739,195.19
120.358,137.0
120.511,135.06
111.151,124.49
131.532,146.57
120.81,136.87
119.251,133.72
122.645,137.63
126.608,143.63
140.015,158.82
109.969,138.13
121.179,189.49
121.743,135.25
121.053,132.89
129.643,145.85
143.348,160.93
150.741,165.24
127.524,190.03
137.928,149.74
218.787,230.42
138.382,234.85
142.827,193.31
76.587,149.41
140.639,219.09
77.476,162.59
215.372,230.75
159.174,174.39
148.116,224.7
152.39,251.46
226.832,272.97
223.134,263.06
79.561,108.92
138.949,173.98
137.081,151.03
157.776,172.24
119.985,135.34
135.525,150.78
123.188,140.0
136.006,151.64
80.405,95.15
122.46,136.28
117.073,136.16
233.956,248.89
92.888,112.28
88.639,109.01
118.218,137.55
131.136,156.37
110.834,132.1
160.984,181.06
130.212,148.03
135.657,188.71
157.976,200.23
117.642,173.74
129.258,187.54
142.739,206.98
102.227,131.62
90.237,118.47
1325.207,1364.05
123.866,135.29
123.071,132.39
128.979,141.82
124.53,133.1
102.229,112.49
103.891,117.34
75.413,90.01
97.95,120.59
152.219,167.48
93.732,109.93
94.84,111.94
150.305,172.61
102.777,122.86
125.537,147.65
117.333,131.18
116.247,129.78
121.316,135.82
101.055,134.8
104.307,130.16
100.332,121.15
111.422,143.12
151.963,184.44
116.977,137.58
101.591,114.9
99.673,116.07
75.092,91.64
95.679,114.62
111.38,126.84
95.528,118.23
111.381,124.67
107.594,122.79
110.863,127.24
108.695,123.97
102.014,117.72
109.159,123.93
83.286,98.29
84.427,104.57
92.158,110.99
87.758,118.26
92.253,123.95
116.258,131.68
106.388,121.94
110.447,128.06
114.746,130.64
110.02,125.5
120.034,135.23
120.894,137.09
119.607,138.46
117.556,133.59
130.855,151.42
135.42,164.14
88.992,113.21
144.733,181.88
103.579,139.23
105.632,125.35
103.944,120.5
142.861,166.07
153.523,190.92
117.227,138.04
116.071,148.3
75.969,94.29
98.233,114.89
113.742,127.96
112.699,131.57
114.288,132.32
107.526,121.4
108.549,127.01
114.962,129.78
108.199,123.38
114.529,128.67
111.24,126.95
113.669,129.86
108.798,124.15
87.187,100.96
113.438,131.04
117.806,154.41
119.59,144.97
98.573,131.64
127.568,152.02
119.327,155.39
86.516,106.84
95.606,119.16
131.772,158.48
106.029,128.79
114.693,165.61
98.172,113.79
89.505,106.83
85.428,109.3
89.902,117.65
97.785,120.06
108.102,124.54
143.729,164.47
102.386,166.5
103.936,125.51
93.433,112.22
77.914,101.5
97.634,118.95
98.49,125.45
104.525,129.34
114.126,134.59
130.388,156.4
111.268,132.75
86.972,110.21
130.826,154.62
103.955,124.34
85.623,105.82
117.647,140.97
106.597,133.19
118.042,142.46
130.08,160.0
116.077,137.96
116.03,134.14
109.11,135.3
115.93,178.27
124.115,182.21
126.528,176.05
101.106,145.57
126.509,136.7
111.61,127.12
120.26,165.96
70.54,94.51
125.02,136.07
135.896,149.51
129.617,149.85
87.23,101.48
144.727,158.1
106.106,122.45
119.352,140.16
115.673,131.11
100.926,116.41
117.565,151.22
137.429,152.65
69.942,83.47
98.847,123.32
110.62,123.5
130.239,145.16
109.476,124.15
141.796,163.52
137.439,150.84
134.132,152.67
153.399,211.07
87.966,130.37
114.002,137.3
104.236,127.04
86.43,107.14
129.474,153.88
120.733,139.17
98.389,115.9
84.649,100.88
116.984,140.22
74.709,102.91
92.03,123.77
91.793,117.22
126.841,147.97
88.281,113.17
109.99,148.7
95.65,123.51
102.451,141.07
98.539,127.74
87.547,118.17
100.365,129.5
113.431,144.97
133.672,164.31
137.254,162.98
92.809,118.61
116.374,145.58
122.961,150.91
128.396,153.56
128.361,152.41
91.415,120.5
102.722,134.98
117.584,145.14
124.154,150.18
122.784,155.47
110.077,157.2
123.77,138.73
114.647,131.85
117.702,132.44
144.471,167.88
83.65,139.79
102.887,123.48
79.663,101.72
90.978,126.19
131.159,150.53
122.181,173.76
93.209,116.14
125.076,149.17
136.636,189.29
125.997,174.65
128.941,180.73
118.955,136.94
129.926,148.19
116.247,136.65
125.892,146.26
122.911,152.7
117.226,138.15
114.356,146.97
118.63,154.3
115.026,137.69
111.562,134.24
90.644,140.13
117.452,140.11
105.345,127.81
92.226,115.03
78.957,104.54
99.838,125.8
109.183,133.92
110.094,133.0
114.303,138.22
121.979,160.38
104.876,138.52
111.325,139.89
115.573,139.54
111.212,133.73
138.137,158.63
116.252,148.59
118.413,143.02
123.457,186.08
116.016,139.56
112.256,138.24
111.552,133.48
115.679,138.35
120.957,143.86
112.001,135.3
123.336,191.66
108.012,154.3
121.66,150.73
111.048,135.93
132.23,152.73
107.62,128.22
130.364,154.88
139.005,164.57
123.023,175.02
127.593,146.57
119.548,136.65
117.956,137.9
126.402,147.29
144.866,160.9
129.685,163.95
103.305,154.28
125.275,140.19
125.313,165.44
150.697,188.29
124.611,174.66
156.767,202.66
122.083,134.13
136.337,181.3
133.227,178.95
128.962,168.49
72.895,114.17
133.513,145.32
100.705,145.17
88.975,128.04
115.51,157.87
125.115,148.47
102.082,120.21
129.684,143.85
116.16,130.09
120.448,164.72
106.74,146.23
114.565,131.16
131.046,143.79
102.931,154.11
91.23,106.77
106.711,140.72
112.727,137.75
92.088,111.66
141.1,174.52
110.897,130.83
144.335,214.87
127.843,152.62
116.957,156.66
130.064,160.02
118.999,146.69
100.226,126.34
71.886,97.56
90.115,120.42
85.11,120.51
110.887,139.41
86.751,120.33
93.658,122.45
112.093,144.89
98.903,130.77
95.193,126.6
129.743,168.52
133.298,178.88
127.757,178.09
126.991,151.5
100.779,115.86
110.162,128.55
106.421,122.93
75.518,95.28
87.841,117.88
122.447,140.27
78.278,97.71
127.818,146.23
122.682,179.37
105.833,156.78
108.249,158.14
122.649,141.34
118.726,138.55
131.024,150.2
127.988,169.92
150.893,172.79
106.346,128.56
102.99,143.38
110.266,132.33
108.837,152.19
97.602,135.08
74.213,90.25
156.826,177.37
95.236,136.25
122.399,137.45
112.789,162.08
143.627,158.7
121.098,141.67
155.227,200.12
143.031,173.84
77.079,122.81
99.351,121.76
99.448,118.28
112.501,136.63
93.538,116.68
124.275,155.08
129.736,149.38
97.888,131.89
70.422,90.82
126.062,153.16
137.802,161.74
135.49,160.05
123.951,187.78
97.09,117.8
108.019,131.92
111.383,138.26
95.593,118.55
139.92,163.64
128.311,189.82
136.418,162.7
160.858,190.45
125.898,185.14
118.302,169.54
116.276,147.65
146.958,167.8
73.33,99.46
171.286,203.57
112.38,135.53
114.385,138.85
109.382,140.71
136.114,166.42
141.762,177.32
135.785,166.44
119.332,151.21
136.59,166.93
144.719,172.19
120.081,146.35
113.34,144.83
115.421,139.61
119.441,155.94
90.256,119.15
88.255,119.53
127.188,155.83
107.477,138.96
138.904,169.17
111.372,138.87
122.887,148.2
131.051,155.9
111.072,135.21
96.948,130.04
145.123,170.21
118.187,155.31
115.022,146.58
99.794,124.74
97.98,127.3
119.554,147.44
107.226,135.06
116.505,142.82
107.435,133.41
112.068,139.25
111.642,137.38
111.543,137.99
106.387,137.13
88.068,120.86
102.496,130.93
115.579,141.95
126.747,160.13
75.256,111.51
111.404,141.64
127.054,157.37
88.551,118.92
93.223,123.92
116.679,149.44
88.203,118.19
157.07,188.53
146.469,172.81
133.415,162.39
99.636,142.51
100.393,120.06
93.579,115.53
139.999,151.64
76.783,122.83
106.243,118.98
116.347,127.48
114.359,128.41
1268.107,1317.14
80.59,95.79
105.888,122.77
167.788,187.67
123.331,146.52
142.825,159.64
127.342,143.28
127.924,148.38
149.41,172.68
84.047,106.39
109.749,134.71
107.446,124.75
84.387,103.44
92.955,134.04
106.288,130.61
110.837,131.65
128.41,152.11
120.654,147.41
137.879,164.66
121.669,143.79
125.551,142.4
122.628,141.17
121.265,141.29
128.202,151.63
133.816,166.06
103.696,123.67
96.076,116.81
104.316,126.75
151.901,178.55
119.48,142.56
130.271,148.32
122.575,141.5
120.865,137.87
139.992,166.0
99.864,147.28
97.695,119.43
146.866,168.97
131.543,145.69
150.565,197.84
106.828,155.72
82.909,97.5
104.859,122.15
129.731,146.38
143.3,198.64
145.137,159.47
118.314,135.2
123.41,140.25
103.508,129.96
127.007,151.47
128.595,147.59
103.511,118.97
101.195,126.46
109.17,126.23
92.717,108.2
105.699,125.7
100.86,131.29
113.068,135.58
110.604,133.21
113.535,132.12
95.211,118.91
105.687,130.51
120.023,143.43
102.412,130.29
107.287,124.67
159.014,177.09
117.931,139.54
108.0,123.91
110.285,127.26
92.386,107.17
123.297,142.08
97.161,123.64
104.781,131.81
108.82,136.81
118.707,143.53
143.648,158.59
130.61,147.11
116.047,131.26
153.728,176.74
113.737,131.78
145.351,161.85
123.078,137.75
90.486,102.91
142.252,160.98
122.939,137.93
126.877,140.71
136.778,151.95
115.088,132.74
127.972,141.33
172.498,198.53
108.798,127.1
121.639,137.86
124.101,140.01
122.479,137.86
118.941,131.09
137.523,151.93
140.832,165.57
98.939,138.74
161.547,185.25
121.342,140.49
145.014,166.67
102.003,149.7
109.826,132.32
105.725,126.93
120.872,143.92
92.016,119.83
109.004,140.06
124.151,147.34
132.204,156.98
107.202,133.21
135.189,157.1
117.062,135.0
115.028,136.05
125.22,145.49
122.216,141.85
188.83,210.75
128.547,150.96
156.888,213.27
107.513,131.67
123.879,148.73
114.228,135.19
117.018,136.75
125.2,144.79
124.296,145.37
125.668,144.17
98.481,127.51
115.63,156.45
106.969,135.16
99.448,128.53
127.781,153.8
126.108,152.41
101.655,123.64
142.46,165.86
110.637,165.44
99.215,123.13
123.436,155.5
81.322,105.1
138.502,161.03
89.498,114.19
135.257,160.03
97.323,120.03
98.741,123.07
126.043,149.34
138.449,164.34
137.718,165.12
116.236,145.39
133.626,159.95
120.425,170.92
125.067,138.16
124.364,137.41
187.694,205.13
189.545,210.81
83.509,142.35
125.39,142.0
154.172,170.07
170.089,212.08
147.121,184.18
162.626,182.27
160.141,212.44
123.254,147.08
117.417,138.1
100.855,118.81
131.582,152.41
120.674,140.87
124.265,141.76
121.635,143.08
113.241,136.63
112.063,132.69
152.623,179.75
121.4,141.64
90.941,107.98
114.478,137.91
78.406,100.51
98.076,124.22
116.019,147.01
103.482,132.44
128.096,156.72
127.182,147.83
117.707,139.68
131.157,156.69
168.799,193.85
122.564,147.94
132.324,160.07
144.174,183.8
141.548,163.79
121.739,143.94
118.626,141.06
121.095,143.87
121.946,143.96
123.129,147.26
95.29,124.99
109.05,145.5
101.874,129.7
101.449,128.65
152.621,184.03
118.187,143.02
110.657,135.65
142.181,168.45
122.299,145.63
121.188,149.35
158.789,186.89
137.344,192.62
129.157,177.82
137.338,154.14
137.75,162.46
136.74,184.01
103.422,126.39
81.561,108.51
136.824,166.55
78.731,95.09
106.704,125.79
124.031,151.22
92.38,112.94
121.793,145.82
108.975,132.16
138.207,159.17
92.185,112.16
102.633,125.51
103.077,125.66
92.019,113.91
129.587,164.19
138.662,163.79
138.295,176.19
128.189,151.11
132.758,153.62
118.677,136.67
134.276,151.96
138.811,156.78
137.471,156.94
130.732,154.26
122.005,140.2
112.45,131.05
136.836,156.19
119.363,140.01
160.726,180.22
132.865,154.55
123.578,151.89
136.81,164.18
134.091,153.45
155.746,207.73
148.425,192.39
124.046,175.15
142.191,194.24
137.712,163.44
148.24,180.52
131.496,172.87
145.002,164.71
127.445,179.38
135.793,156.75
82.438,127.58
126.846,146.63
129.843,153.64
150.517,171.63
127.523,144.3
118.088,136.75
112.966,137.88
140.36,170.91
159.528,178.36
136.552,156.04
93.803,154.48
99.47,124.05
141.556,168.2
98.025,123.51
87.805,110.39
104.695,127.71
101.553,130.17
103.228,129.79
132.127,161.46
99.022,126.36
149.989,178.96
130.7,153.36
142.358,166.24
119.425,149.74
155.122,180.5
112.785,135.56
135.526,161.22
128.887,154.57
118.923,141.42
124.543,148.28
123.108,147.27
120.495,140.52
111.838,148.25
144.553,177.48
118.069,146.0
109.121,131.72
124.75,146.21
121.759,150.58
115.19,142.28
110.398,144.27
170.39,206.2
121.241,145.78
117.528,139.55
123.651,143.72
117.253,153.76
114.257,137.81
102.936,130.61
99.894,125.18
104.714,128.39
139.891,160.62
86.23,113.74
131.859,153.86
141.891,173.81
121.614,147.22
119.897,146.05
106.531,140.93
105.915,140.91
113.976,154.27
92.437,120.43
98.792,134.2
136.163,163.69
120.888,147.92
139.274,161.78
118.01,141.14
144.426,170.82
117.465,138.83
116.045,143.6
121.268,145.1
114.573,134.61
127.327,149.92
104.504,130.1
119.788,141.61
135.357,173.16
119.647,144.66
103.556,126.21
124.397,151.31
123.239,148.6
118.806,143.9
133.795,165.25
81.7,107.83
110.896,141.3
99.756,128.67
83.729,113.71
121.834,148.02
96.641,122.05
126.813,156.06
86.61,114.94
132.809,160.63
81.94,114.17
124.772,154.34
106.95,135.33
100.865,124.04
121.694,146.63
113.259,139.15
104.154,129.18
140.508,167.7
89.71,119.02
105.699,139.08
119.788,145.95
85.942,115.5
116.229,139.65
125.616,155.95
116.06,145.61
96.826,121.74
120.392,146.07
121.378,150.28
118.494,143.58
109.944,145.48
123.693,154.82
155.243,187.62
123.39,146.44
118.182,142.5
138.632,162.89
102.404,131.03
160.767,185.72
95.522,116.19
143.066,182.76
139.433,164.13
144.035,170.01
156.192,184.0
132.643,187.4
154.892,207.43
123.161,139.03
119.016,136.25
119.812,138.17
147.924,163.83
145.359,164.73
117.477,134.82
114.649,143.22
127.82,147.01
128.03,156.31
124.537,138.66
118.751,135.45
128.688,145.36
141.126,159.22
151.156,170.14
150.431,166.69
149.001,199.94
88.772,132.1
145.649,162.69
141.919,157.37
142.968,157.62
129.125,143.19
153.776,174.68
121.531,137.2
153.17,169.56
127.231,145.08
136.766,152.56
145.315,159.36
96.979,123.21
126.825,162.7
101.725,120.72
92.571,108.52
111.495,131.7
97.851,126.18
129.954,148.51
109.591,128.51
116.511,136.4
110.227,126.13
96.728,114.97
99.301,117.6
91.496,117.57
105.248,125.25
119.629,143.18
88.943,109.72
110.957,144.66
129.828,159.05
94.521,115.58
115.602,132.66
158.124,216.55
141.688,158.28
138.474,195.54
121.629,143.53
118.908,140.24
139.86,156.57
142.641,160.76
119.611,146.68
149.005,164.06
122.956,147.54
132.394,163.39
126.962,145.36
153.53,172.08
143.226,193.98
165.13,190.27
125.232,150.68
141.485,158.81
123.297,141.27
158.278,183.09
144.239,163.26
141.44,154.89
138.718,162.77
121.387,141.88
156.773,175.1
130.106,149.6
120.086,136.14
139.359,158.65
138.123,157.8
87.564,108.71
118.881,133.67
108.093,127.28
123.912,142.75
162.749,189.42
130.174,143.02
123.645,143.37
131.196,145.09
121.387,138.36
124.295,141.41
135.011,157.79
96.757,113.88
89.654,108.91
151.207,182.43
123.075,147.47
122.204,139.25
123.986,144.29
114.689,135.67
132.481,154.83
172.853,194.5
152.932,174.56
149.93,170.62
131.894,153.12
113.314,137.61
111.109,132.37
111.737,132.04
131.521,152.52
114.317,131.01
128.162,143.92
123.561,145.43
123.449,141.39
143.442,164.28
146.173,171.52
161.922,238.88
181.629,231.55
156.508,178.25
166.651,193.88
126.996,146.66
161.93,181.35
139.351,156.2
120.532,139.2
106.371,126.03
110.521,130.01
118.906,133.63
103.794,124.58
148.249,167.3
151.074,169.56
122.63,141.99
150.259,167.71
157.296,173.52
155.985,172.22
128.574,144.56
129.752,146.4
110.83,140.49
133.23,160.75
118.883,146.31
112.799,130.0
102.674,121.22
94.087,120.77
132.005,156.83
141.147,159.91
141.075,156.14
156.973,191.44
132.629,157.31
124.086,140.45
122.849,138.93
119.746,135.52
119.093,133.73
126.069,145.76
140.98,159.24
162.055,189.65
123.403,142.42
120.078,135.9
139.898,153.88
121.757,139.45
124.43,141.24
106.724,121.6
144.404,167.02
109.616,130.55
122.814,146.98
122.587,141.93
109.814,125.06
112.815,130.06
112.721,128.05
97.952,113.97
139.245,157.07
133.302,147.6
134.579,149.94
116.779,131.84
124.214,141.72
124.305,141.31
108.028,136.58
105.938,128.51
104.222,134.65
106.312,140.43
136.626,164.95
97.312,113.33
89.216,111.84
102.942,123.3
130.334,149.89
85.461,105.82
107.149,132.78
111.17,133.06
125.295,147.99
97.396,118.2
130.661,150.97
121.513,150.67
109.264,131.25
120.018,136.72
115.99,129.29
126.958,143.2
135.19,152.83
144.87,161.56
137.174,152.0
140.963,212.34
142.703,168.87
112.653,179.33
128.959,192.45
109.026,145.91
109.844,143.64
106.965,130.64
123.886,158.26
132.502,158.53
121.31,145.24
128.863,155.55
117.985,139.78
110.071,140.54
104.451,134.37
121.45,150.21
99.686,125.99
142.355,168.86
144.773,170.08
155.321,227.81
126.536,166.55
117.48,148.16
150.649,192.89
120.533,150.7
121.615,145.52
135.972,160.66
86.61,112.98
102.773,129.87
125.725,155.47
126.274,154.92
93.792,117.01
97.34,125.71
141.839,170.71
120.069,182.72
98.438,128.34
106.313,137.3
114.746,154.12
89.511,118.21
97.902,129.41
108.737,142.62
89.619,119.08
144.272,174.03
150.055,183.15
182.85,233.99
147.097,169.78
110.947,146.21
140.424,181.4
97.424,125.92
92.785,119.21
132.18,163.13
150.934,204.4
164.749,183.42
142.896,160.92
118.843,133.69
143.177,159.76
153.466,181.77
105.562,120.6
150.773,176.27
117.661,179.72
123.916,141.75
107.913,128.94
122.824,141.67
141.112,157.7
156.436,174.56
162.255,184.6
112.965,159.16
126.2,145.02
121.453,138.96
120.147,139.83
124.171,143.32
125.951,149.2
79.645,95.54
127.688,143.76
129.649,164.71
108.839,138.18
97.416,124.49
113.917,141.22
81.326,103.24
150.531,171.69
97.325,118.96
143.735,179.97
101.893,161.49
118.142,141.1
157.08,187.84
118.525,141.65
121.49,144.48
144.022,171.29
100.051,129.34
105.888,139.14
114.0,145.25
84.919,114.27
110.879,139.09
100.764,129.67
124.16,159.36
97.727,127.07
127.412,158.38
106.605,135.48
124.246,150.92
136.933,165.19
112.031,141.69
111.592,144.49
83.462,113.21
123.674,157.61
112.262,147.59
112.401,142.89
107.329,129.96
127.557,154.65
124.395,151.68
119.781,146.16
104.127,131.98
151.049,183.73
104.869,128.75
123.217,148.57
119.512,144.61
118.791,142.58
123.363,153.72
93.752,128.85
134.732,167.12
94.368,122.93
82.939,114.14
142.778,167.33
119.18,147.87
121.567,148.52
125.721,154.49
99.304,140.73
104.808,135.6
116.442,148.12
127.917,154.84
120.586,143.43
160.284,186.71
146.777,174.27
132.023,195.6
122.573,175.4
143.298,205.28
166.133,213.64
127.292,182.4
128.013,179.5
166.692,218.24
147.175,200.79
122.742,147.91
136.343,151.92
167.221,185.42
136.325,156.45
132.278,161.35
117.202,147.34
125.782,142.31
105.441,129.74
97.18,124.06
115.711,136.68
106.001,129.88
99.119,123.95
121.27,141.29
147.254,170.27
136.034,172.34
148.101,180.21
123.771,207.85
143.441,171.43
99.355,127.03
104.176,127.94
143.422,168.45
145.039,178.52
130.081,154.08
75.517,102.12
137.935,160.38
131.929,158.72
154.014,185.34
103.102,129.93
134.827,169.73
122.728,165.99
124.115,165.98
81.168,110.91
102.067,127.64
99.439,131.38
122.708,151.92
87.011,115.69
115.505,145.37
135.926,163.42
118.759,182.68
105.219,135.42
118.698,143.38
132.566,164.03
99.023,133.56
115.027,145.44
122.841,148.52
124.093,155.66
116.13,176.94
132.459,163.62
117.718,156.8
119.894,151.93
165.329,191.57
158.539,193.21
131.013,191.92
165.963,235.84
115.031,176.92
96.334,125.6
128.575,158.76
116.423,145.93
126.075,152.47
123.432,153.45
109.958,145.36
115.088,147.38
96.015,127.36
86.478,118.35
124.126,155.54
113.568,140.8
127.257,158.13
135.051,165.3
119.737,144.27
155.88,188.83
136.167,167.46
120.73,144.48
122.654,149.11
97.242,128.57
112.514,142.49
135.922,163.21
95.07,122.3
97.777,128.86
127.208,159.98
118.467,145.82
99.366,144.67
121.308,161.71
106.937,140.07
86.67,116.73
142.152,176.53
122.01,146.3
125.368,156.53
105.967,138.35
102.192,135.47
128.185,161.16
81.199,107.84
131.934,163.44
119.439,145.46
117.636,145.51
119.688,147.87
142.094,168.21
120.738,152.61
131.67,161.4
107.129,133.63
128.009,153.58
100.325,137.01
100.125,131.57
117.118,161.69
154.992,193.19
129.857,155.61
124.049,159.16
142.742,170.84
122.6,161.78
120.091,148.82
125.596,153.4
158.962,188.66
118.858,150.08
147.805,173.07
118.617,155.0
140.184,168.22
137.264,171.23
146.362,175.82
153.951,193.34
137.714,168.84
145.994,178.34
127.653,162.55
125.229,156.56
118.633,149.42
141.481,164.74
132.85,148.78
117.394,141.35
141.028,160.33
138.608,157.39
145.141,163.36
136.225,188.5
124.585,151.84
123.4,141.26
128.954,145.88
123.042,139.84
119.203,140.1
121.929,140.34
112.988,134.69
134.401,155.73
105.362,125.18
88.05,110.07
157.646,184.9
85.391,109.99
116.411,143.87
97.346,121.92
132.9,171.21
123.55,153.64
133.746,159.98
113.461,147.79
98.179,132.33
137.464,168.15
116.068,148.05
117.891,142.71
124.489,149.59
121.933,149.27
112.572,144.53
123.215,158.84
136.504,161.97
150.891,180.46
118.178,146.34
134.704,170.18
106.681,137.21
151.633,176.89
139.713,173.37
107.603,136.21
119.878,148.13
128.41,162.0
101.48,127.72
133.561,163.26
136.734,166.2
106.924,138.07
160.489,188.66
115.025,143.23
166.598,197.66
133.973,164.48
131.422,164.23
111.138,148.9
129.11,162.2
132.839,165.56
121.696,145.05
105.783,130.26
125.806,151.23
135.036,165.26
147.324,174.95
84.767,107.6
117.39,146.49
114.445,146.23
163.116,191.9
128.052,159.26
122.753,155.55
105.207,132.9
128.626,159.35
120.41,150.67
119.843,145.14
119.133,161.49
103.094,134.9
108.844,145.76
140.715,175.14
79.24,105.05
137.611,168.27
119.667,145.81
133.372,165.59
123.013,162.75
78.755,112.91
164.763,195.98
122.161,147.85
117.837,139.65
105.424,145.82
99.334,129.63
121.298,160.09
103.969,134.42
84.562,114.44
143.888,172.76
119.401,151.17
107.213,128.72
130.863,156.6
121.191,145.69
109.688,142.04
101.295,132.42
105.146,133.94
111.508,148.89
99.075,129.24
87.347,118.72
135.802,168.36
129.626,165.17
128.722,158.03
128.067,193.71
116.971,141.77
117.657,137.89
125.715,143.27
119.914,139.79
120.503,140.99
115.754,137.14
123.801,144.08
138.857,170.49
89.409,115.14
140.335,165.56
127.123,150.23
118.601,137.64
128.46,144.75
121.106,140.79
121.283,140.99
116.592,138.52
129.61,148.01
117.117,146.1
116.232,138.88
99.534,124.72
144.634,187.39
132.55,162.81
139.406,164.31
147.551,180.57
127.708,147.21
143.45,165.2
135.853,165.58
150.55,174.24
141.955,213.29
132.053,158.44
157.871,232.26
149.593,178.89
128.335,148.24
126.713,144.76
119.261,146.35
108.588,133.82
120.637,148.26
124.699,151.32
127.514,152.81
123.382,149.7
134.959,164.03
144.685,175.51
152.174,179.21
154.695,175.93
166.145,191.79
95.578,118.57
136.567,166.34
151.968,180.12
139.011,165.33
170.681,197.64
137.149,207.62
163.325,187.29
160.465,242.39
128.946,169.13
141.867,180.17
110.326,146.17
110.076,150.55
142.347,178.31
139.287,159.91
81.658,98.09
97.978,120.31
103.837,124.61
107.435,133.42
134.53,161.17
157.909,219.05
150.884,189.12
144.157,207.79
192.017,260.35
122.568,185.15
111.58,126.84
115.905,131.03
137.242,153.14
120.631,135.86
125.797,146.21
107.773,137.66
154.668,170.79
127.025,150.93
133.479,149.02
135.322,159.34
138.99,162.79
108.461,132.78
150.766,174.64
141.906,158.87
136.988,161.27
157.735,242.37
123.639,150.94
136.632,183.06
122.634,155.75
119.003,210.26
117.153,158.27
136.046,174.51
115.578,162.85
137.693,184.97
126.77,164.81
138.705,176.07
122.831,158.64
146.335,234.48
116.405,160.35
130.347,193.47
135.127,173.88
124.805,156.11
119.773,148.56
120.399,146.07
113.133,154.39
149.364,183.44
127.207,164.16
127.142,167.64
112.715,155.61
129.475,156.53
134.423,177.8
119.594,152.67
112.352,140.0
124.189,152.33
123.537,151.7
171.108,206.99
138.962,174.07
124.119,162.16
105.197,145.07
112.125,144.79
100.803,134.75
102.753,137.96
132.262,170.95
118.126,160.83
121.997,150.13
151.864,203.22
125.675,164.63
140.118,178.94
145.696,208.35
144.88,193.49
139.516,174.64
120.62,149.68
125.367,158.01
139.916,174.25
131.163,163.42
125.337,167.39
167.056,198.72
149.209,178.77
127.915,175.2
154.487,179.45
131.003,182.09
157.485,183.76
132.891,156.21
122.255,141.78
146.769,163.91
124.25,144.35
106.15,138.0
139.854,167.86
131.648,163.92
122.611,145.46
121.964,142.89
125.008,143.83
122.372,143.33
126.925,147.43
168.634,211.52
107.492,160.27
103.793,137.12
121.389,151.96
125.99,150.89
125.094,156.96
137.289,175.07
83.938,116.03
133.744,168.01
124.889,157.39
150.419,182.38
149.236,182.13
139.12,175.79
182.442,221.08
148.54,189.37
147.73,217.56
165.603,228.14
141.098,168.62
98.492,149.92
142.795,191.03
125.944,170.89
112.81,158.53
114.351,148.65
108.164,146.34
132.372,175.59
130.913,190.07
126.578,168.24
124.726,156.37
125.026,159.24
125.078,161.65
114.622,161.37
119.675,161.83
114.206,169.19
103.209,150.48
145.749,192.64
140.658,185.74
129.224,174.78
119.371,158.64
128.176,171.16
106.85,154.13
187.339,231.36
146.812,179.6
121.458,159.78
117.846,159.36
141.265,189.06
161.039,216.67
128.037,177.54
144.361,180.79
117.145,160.0
106.828,143.44
115.331,159.09
124.29,176.08
135.929,180.35
129.743,178.33
143.829,187.76
146.363,187.53
123.503,165.92
142.139,197.73
119.194,163.77
123.282,159.21
108.732,157.92
100.041,132.04
122.661,160.94
116.485,156.55
134.306,178.83
128.448,176.28
121.892,195.0
144.554,174.01
129.816,199.9
138.18,189.7
89.059,146.68
136.836,198.3
126.492,177.5
136.247,189.25
131.135,187.15
114.418,170.07
133.008,155.27
120.298,144.34
141.154,163.68
128.301,180.08
167.034,244.59
121.874,157.9
77.336,104.44
147.554,178.31
133.412,161.51
130.642,185.47
84.317,102.27
106.876,131.93
129.213,151.6
101.487,122.82
146.418,167.13
119.925,138.06
131.665,153.77
143.216,162.93
131.031,151.65
125.848,201.99
124.007,152.67
141.833,179.87
138.056,172.55
107.864,149.17
114.412,147.79
136.713,162.87
142.215,171.79
112.946,147.54
156.229,210.17
147.633,247.68
157.425,194.93
134.163,167.73
107.307,148.11
140.366,176.12
122.681,151.3
129.64,162.43
115.512,147.64
85.917,120.37
155.925,191.42
126.99,155.23
113.523,148.23
120.761,147.2
134.618,163.16
112.413,157.17
113.379,144.65
123.614,161.48
117.209,148.59
137.484,166.51
171.69,213.93
149.806,187.58
79.483,123.76
113.174,143.64
103.455,132.18
113.657,145.13
144.979,175.46
151.315,176.65
145.299,169.99
92.052,118.37
144.886,174.34
137.375,239.46
155.084,205.16
172.637,199.23
118.46,147.96
153.997,180.92
149.503,184.3
133.799,177.76
158.167,185.43
166.371,193.06
161.319,199.35
174.061,201.41
150.074,183.07
159.025,188.92
1042.205,1073.76
94.411,111.99
86.332,101.32
109.573,115.73
114.394,123.36
116.001,122.39
114.427,122.07
115.68,123.29
110.066,117.69
69.806,75.99
104.746,112.67
109.309,120.44
114.235,124.36
67.955,76.71
120.299,143.2
65.719,76.48
93.587,111.88
100.668,112.05
107.106,122.13
107.179,118.94
68.485,77.77
77.947,100.47
107.344,117.39
111.381,122.03
110.206,121.45
107.14,116.89
110.303,122.69
100.842,112.66
74.973,88.86
99.907,115.29
99.832,124.94
111.515,123.18
107.495,122.7
116.542,128.02
127.371,141.88
120.85,132.78
112.975,126.86
113.78,131.62
114.497,126.83
108.518,121.08
111.475,126.67
108.389,120.81
112.544,126.77
103.99,117.29
123.762,149.52
146.683,170.09
151.151,170.1
154.039,172.0
145.962,167.25
118.398,133.64
115.778,136.4
122.883,145.62
102.783,121.93
97.946,125.44
110.041,130.04
105.038,134.78
113.979,148.15
139.391,161.7
125.947,149.11
128.396,147.44
127.879,147.59
127.805,147.67
120.373,150.55
118.253,141.42
120.288,148.15
112.762,138.57
130.688,154.37
111.977,134.18
115.569,134.81
117.682,138.73
103.093,127.41
135.555,158.56
128.068,152.52
76.765,98.96
112.435,138.23
144.499,168.49
84.808,104.33
108.204,132.48
162.33,186.41
118.932,142.3
117.899,138.34
114.709,136.78
98.906,129.72
130.269,151.22
115.555,139.4
114.495,137.13
104.65,128.73
106.191,128.68
127.948,200.98
133.224,201.2
77.12,102.85
146.539,175.67
131.683,156.46
115.443,140.13
130.004,207.39
127.854,190.88
125.62,148.77
114.546,135.41
153.004,174.97
126.329,148.31
161.988,184.46
141.626,164.27
112.506,137.14
151.41,172.85
123.628,206.61
132.502,169.91
148.062,188.21
150.657,183.44
111.255,144.18
115.166,147.08
134.659,162.03
96.503,126.18
91.708,119.41
135.679,163.48
104.189,159.3
93.634,113.83
102.415,123.98
79.661,99.65
115.749,141.53
119.444,167.67
131.939,183.78
113.811,157.5
149.821,181.5
102.033,148.77
104.473,150.96
97.275,145.39
108.035,158.69
116.762,136.89
102.654,128.68
100.1,122.42
100.489,123.99
122.768,144.24
132.5,157.16
136.84,159.84
116.265,162.53
122.521,158.98
134.692,178.69
131.187,163.6
126.252,151.29
139.127,165.31
89.309,115.35
95.138,121.85
110.234,133.4
99.319,126.4
99.231,132.72
102.229,145.49
96.986,126.22
127.669,154.45
125.644,156.78
118.883,142.14
136.183,161.01
117.266,145.35
117.063,140.68
115.765,139.76
101.506,130.89
106.159,139.04
98.254,123.96
91.635,121.87
115.917,140.29
101.462,132.35
88.234,116.16
100.723,133.87
130.163,166.28
84.769,114.48
115.603,141.45
113.92,176.41
96.052,121.57
142.592,166.99
130.025,151.93
129.811,153.12
123.042,151.32
98.5,125.74
88.414,114.78
81.878,105.95
91.171,116.44
96.591,122.83
93.259,119.07
111.447,134.06
110.195,137.08
93.061,118.77
129.545,155.04
91.584,117.84
114.43,145.15
96.668,121.98
87.744,118.86
120.892,148.14
113.698,171.9
130.166,148.25
117.21,133.3
138.451,155.08
115.389,170.59
119.029,196.7
132.844,147.14
134.873,183.1
131.195,189.54
121.788,175.29
74.164,120.3
75.301,89.05
73.356,90.75
72.214,86.86
69.159,84.72
72.855,87.17
136.838,151.76
124.447,172.44
124.217,145.34
126.843,162.65
98.651,141.89
126.664,145.19
113.468,138.47
75.074,95.9
117.348,141.14
86.49,106.68
91.264,117.04
99.28,128.12
135.658,156.3
71.041,92.76
139.742,166.0
122.639,143.61
115.319,167.35
111.439,128.78
117.615,138.13
140.299,162.78
73.208,126.48
125.498,142.62
100.934,118.83
104.92,120.05
118.93,136.3
74.949,101.87
148.537,170.48
70.491,88.42
128.988,142.78
131.236,194.73
126.664,150.31
156.706,176.74
87.967,113.65
115.746,145.12
130.037,153.85
79.21,102.25
99.908,129.05
117.037,145.62
77.828,101.92
114.011,136.66
117.371,139.84
96.16,122.87
105.039,127.56
118.163,156.46
115.212,143.54
130.858,160.19
142.411,170.99
86.167,138.91
130.32,146.13
89.079,103.03
114.17,130.11
113.319,130.36
139.233,170.5
84.813,103.83
110.655,128.34
88.176,115.48
102.277,121.14
111.754,128.91
87.271,135.87
115.518,130.77
116.237,132.13
93.679,131.25
105.823,122.88
122.676,138.55
100.489,122.85
110.456,137.0
114.043,129.92
102.21,123.02
99.015,121.98
116.225,132.35
112.278,135.69
80.348,99.46
113.413,130.22
115.03,133.21
101.641,125.04
152.607,174.28
102.981,122.21
116.209,135.76
122.707,140.14
109.478,125.44
119.354,137.45
122.834,137.28
110.16,124.89
146.138,170.83
101.517,122.42
105.5,122.15
132.325,149.91
100.854,118.86
115.493,141.37
100.942,119.98
98.59,119.57
130.336,151.37
140.164,157.37
122.41,187.64
126.217,185.13
144.232,187.15
114.9,164.67
96.33,118.14
102.273,129.14
112.59,128.33
111.262,128.25
117.525,132.87
114.916,131.67
110.043,130.0
115.177,130.82
112.8,129.3
128.2,147.17
110.304,137.09
89.334,119.86
111.408,136.41
130.831,155.99
96.064,120.73
122.22,145.42
104.813,157.62
111.425,158.07
109.676,152.02
138.192,154.49
130.662,147.88
112.638,127.45
112.327,127.85
132.812,151.48
120.762,149.44
111.859,132.5
103.065,120.21
117.71,135.18
123.302,139.64
156.692,173.55
134.056,151.27
135.764,165.27
134.993,158.75
133.604,151.38
135.029,150.61
138.035,188.34
125.496,184.39
133.192,175.6
116.411,170.88
105.554,155.99
83.311,129.66
114.061,138.96
140.394,167.37
100.292,130.8
124.914,170.88
111.887,128.57
96.249,118.87
141.634,182.47
96.035,110.96
98.973,109.55
125.9,159.03
77.397,91.98
100.099,116.07
117.179,129.43
111.853,124.38
142.6,154.98
80.898,96.85
111.289,134.69
90.696,108.53
111.863,128.87
109.092,126.08
114.551,130.24
113.423,130.76
111.08,126.16
114.895,131.49
104.995,121.1
118.091,135.54
115.026,133.02
116.775,135.66
113.549,129.19
117.765,141.86
80.81,104.62
97.574,120.82
102.089,133.38
107.769,130.19
95.211,125.65
141.218,159.29
79.411,110.92
100.288,123.17
108.1,136.69
108.432,129.22
124.977,145.77
87.463,109.46
106.961,131.19
104.211,137.34
81.635,100.22
122.852,149.17
144.362,162.29
114.318,135.06
118.85,140.4
130.458,149.63
122.558,142.17
111.315,130.56
110.176,138.4
104.663,134.78
95.097,122.82
109.044,138.39
120.729,144.05
108.941,131.87
87.354,106.62
105.194,131.64
150.623,175.93
116.263,134.2
102.977,128.04
111.262,130.16
73.259,92.44
118.08,141.83
97.952,120.84
84.73,109.77
104.195,131.92
102.038,129.37
100.327,125.25
103.267,125.57
103.341,132.4
107.03,124.58
105.632,132.05
106.463,129.8
107.616,130.44
107.341,129.64
107.721,140.94
94.716,122.33
102.651,132.58
101.581,135.24
122.904,146.94
104.02,131.01
117.012,141.43
122.111,149.7
102.888,131.09
130.628,151.62
148.825,174.33
148.561,170.96
119.868,141.16
117.836,139.75
117.864,135.5
128.048,148.84
144.057,162.73
155.481,180.95
104.586,125.1
118.289,135.49
155.796,176.78
135.453,157.25
149.454,170.23
142.685,165.6
126.371,148.14
126.361,150.05
125.214,146.0
141.046,160.01
137.872,158.21
181.576,201.85
133.287,157.41
124.104,148.24
110.981,131.62
123.37,141.9
138.417,161.87
113.248,133.35
124.667,208.67
124.379,154.79
116.02,137.4
98.014,121.01
99.128,131.62
99.784,134.67
106.472,132.19
100.756,132.45
115.928,135.57
93.214,119.32
108.516,130.56
112.747,135.11
108.359,130.14
108.492,139.31
113.25,137.35
89.954,117.25
95.999,122.62
107.181,132.27
98.77,140.63
92.704,122.23
127.163,161.23
111.584,143.1
125.539,155.21
145.393,243.39
151.682,191.86
154.644,187.44
127.612,157.06
143.889,212.19
131.161,191.5
117.641,144.48
111.84,136.55
134.754,162.68
173.372,228.17
132.536,179.21
153.664,184.4
129.244,171.75
134.384,195.05
107.914,131.53
118.539,141.87
121.655,145.3
99.18,118.54
119.203,140.23
108.288,130.04
119.564,142.86
112.15,133.58
115.08,143.3
120.11,143.89
147.467,186.21
125.217,158.63
151.699,184.26
77.788,101.08
110.439,156.19
91.82,120.02
98.336,124.17
104.516,129.73
102.467,137.04
138.041,166.36
93.487,118.19
95.798,125.35
119.196,153.22
119.589,181.32
98.562,128.49
94.723,136.63
103.821,133.29
94.673,122.25
117.452,146.43
114.939,142.83
125.672,197.91
121.475,149.6
113.446,143.53
142.417,172.37
94.663,125.85
126.751,156.82
88.862,114.75
91.841,121.37
96.742,134.83
108.648,142.32
107.796,138.95
114.593,143.82
119.737,147.92
115.021,179.95
105.666,130.18
136.903,173.28
127.502,147.2
107.103,128.65
103.712,120.65
90.832,107.55
136.632,155.58
127.304,179.06
131.535,153.72
102.607,159.56
132.304,154.36
118.402,169.34
125.907,143.02
131.835,169.21
120.552,136.68
111.266,133.71
118.41,149.69
118.758,137.32
98.574,125.11
112.859,131.38
116.199,136.99
116.226,142.04
107.477,131.35
117.639,139.28
128.83,154.74
90.393,147.75
120.377,174.84
115.298,165.57
131.304,154.79
77.869,102.98
98.084,136.93
141.215,173.15
117.767,143.87
111.068,133.61
114.447,141.13
115.093,139.71
113.598,137.05
132.924,157.6
116.793,178.27
120.743,138.83
114.228,129.65
119.513,135.32
131.586,151.98
142.596,172.06
127.945,146.73
96.041,114.1
115.021,131.96
110.804,129.56
125.799,145.84
115.589,134.27
115.554,134.64
114.757,131.5
108.018,126.4
116.283,134.06
111.438,128.52
119.063,138.98
115.282,131.43
110.686,126.69
117.417,133.54
114.684,130.36
108.338,126.17
116.742,135.84
121.023,141.61
106.74,129.7
122.062,140.97
101.51,125.52
106.884,130.02
113.432,132.22
99.885,118.46
128.202,155.51
74.777,94.26
118.006,142.64
83.094,107.95
115.694,138.25
106.416,124.49
120.627,142.09
86.432,112.61
99.068,124.55
114.788,148.05
86.494,109.21
135.976,166.4
116.203,139.0
108.756,143.53
132.937,164.51
104.06,152.35
97.861,135.39
125.646,143.86
86.791,138.75
94.735,116.89
129.1,150.87
109.148,133.45
102.219,124.16
68.96,91.84
134.415,155.33
76.991,103.71
110.431,131.68
99.28,132.48
102.125,126.7
94.805,122.05
93.026,140.37
100.088,130.29
123.543,149.6
122.781,155.07
91.68,118.42
79.942,110.27
109.545,139.94
83.149,116.43
100.652,129.2
93.943,129.0
109.522,140.67
100.73,131.99
112.891,144.17
77.81,110.07
110.898,140.75
92.728,127.48
93.843,130.27
112.899,142.4
116.779,159.44
111.412,139.7
115.946,151.28
105.099,150.88
100.674,128.41
96.85,128.83
106.185,139.65
95.721,128.5
100.667,132.53
91.801,124.72
116.295,148.71
91.664,122.7
100.255,133.21
121.23,156.09
115.51,148.02
119.41,148.83
98.906,139.5
100.449,134.34
105.551,138.9
92.069,123.52
93.679,131.91
96.279,126.45
108.807,152.59
73.681,110.12
142.751,174.28
116.081,142.3
136.145,161.94
95.846,133.5
93.61,131.06
92.436,124.75
97.642,129.44
105.677,141.07
96.981,131.0
147.17,173.21
77.34,106.92
92.539,128.22
128.766,160.13
111.23,139.59
115.876,139.6
113.844,139.04
114.442,144.56
115.155,139.07
98.309,142.2
112.556,143.64
105.963,139.28
103.52,130.54
102.37,132.38
119.888,150.12
115.12,141.83
123.779,152.38
112.207,141.99
105.31,138.72
97.978,131.02
117.495,155.7
81.492,110.03
102.847,134.91
147.65,181.69
91.545,116.13
140.393,171.04
95.394,151.0
122.848,143.53
129.807,145.47
118.618,144.41
96.152,114.16
82.475,105.99
141.911,162.58
84.047,101.66
97.978,126.36
121.331,144.16
105.202,123.7
139.803,166.55
150.228,179.91
152.173,224.16
135.127,160.93
128.653,171.8
146.457,174.79
145.036,177.38
137.84,165.36
149.728,180.06
117.127,144.27
110.677,135.47
120.791,147.25
71.008,98.86
118.682,141.63
130.78,164.05
136.264,162.17
132.959,161.78
108.133,133.58
135.677,158.98
129.327,150.08
153.782,174.08
71.385,92.73
117.97,136.51
169.315,204.61
135.367,174.13
127.651,177.51
91.905,123.79
128.765,156.88
112.952,137.17
114.446,170.56
115.856,166.92
114.234,136.7
129.372,153.61
106.959,130.89
98.512,125.68
129.047,151.47
79.054,104.56
96.027,124.23
94.297,124.76
105.49,131.77
103.267,133.69
99.904,128.83
101.24,132.61
109.78,135.04
97.092,125.89
141.625,172.84
96.793,130.15
110.674,141.57
85.299,116.85
129.485,155.62
118.45,143.08
120.592,146.93
120.128,191.71
74.172,104.45
142.651,169.24
121.527,180.33
117.699,133.37
119.549,140.89
113.208,131.84
114.944,133.04
114.452,135.93
112.64,130.04
156.784,173.78
117.755,138.9
147.406,165.22
135.753,155.27
135.892,158.61
133.229,208.6
114.368,135.64
119.025,143.95
118.037,147.57
107.045,134.5
114.73,136.39
98.095,131.53
105.951,135.94
90.392,124.14
99.889,129.01
95.087,121.78
103.786,137.21
105.238,137.09
148.415,173.05
118.707,194.73
113.902,135.82
152.32,186.92
121.24,143.86
130.415,191.6
138.018,156.98
123.209,189.29
133.66,154.0
119.533,151.56
98.872,131.79
136.013,154.5
93.549,115.04
97.978,120.42
109.955,130.02
105.755,129.15
128.382,162.03
106.567,133.41
125.033,189.86
116.542,170.51
112.33,133.31
105.825,139.92
107.73,142.8
123.086,147.57
79.518,109.21
94.152,127.05
106.61,144.3
129.717,163.47
124.03,163.66
141.852,168.8
116.854,141.16
145.555,185.2
100.005,129.28
100.393,128.91
122.711,156.09
98.588,120.77
114.761,147.76
129.067,153.77
94.319,165.07
121.989,155.51
136.226,165.89
138.994,164.08
139.825,165.22
112.043,183.81
125.025,218.68
136.673,176.82
122.415,164.26
99.411,142.56
120.834,154.52
100.224,141.03
115.993,150.87
119.467,214.69
156.125,212.7
120.65,162.52
104.725,145.74
126.243,165.69
96.876,139.6
125.767,168.67
116.334,147.53
108.529,155.66
118.344,153.98
133.467,177.35
128.689,165.96
139.064,189.18
109.817,149.17
117.331,159.16
107.345,158.32
143.237,186.88
130.202,167.29
119.328,150.47
99.357,144.9
115.164,155.97
118.359,151.44
106.638,146.07
127.369,166.38
92.316,151.44
99.608,143.81
150.463,195.73
122.917,159.2
113.567,140.77
101.434,141.13
135.661,174.29
106.742,139.59
134.325,164.06
120.646,148.55
116.849,145.36
114.472,142.47
114.319,150.76
132.933,168.81
128.491,194.93
122.25,185.4
95.513,152.19
111.318,164.85
129.324,184.53
94.896,115.7
115.263,142.15
104.764,128.62
105.204,165.52
109.817,159.1
132.537,153.9
123.972,182.3
105.475,160.58
85.044,111.34
94.978,120.55
81.794,109.98
96.683,131.0
113.784,147.84
82.352,112.62
83.923,117.12
124.999,162.57
127.048,162.61
116.019,145.24
108.034,163.22
119.803,144.39
106.994,139.41
116.04,143.44
95.712,128.22
101.927,138.38
146.172,178.89
148.96,177.11
153.652,222.12
107.365,137.85
124.01,150.23
117.015,142.44
110.278,138.12
112.351,138.26
127.068,160.83
112.124,140.87
138.385,197.87
146.54,173.77
108.968,145.54
133.413,169.48
125.43,160.41
120.518,144.03
117.559,152.05
90.888,119.04
127.384,160.39
132.693,168.94
112.329,146.5
116.009,139.38
128.265,161.87
105.135,144.2
101.48,136.04
121.88,151.16
85.821,120.32
1214.343,1262.36
126.842,166.38
138.06,150.3
116.639,161.22
133.88,178.13
129.709,160.18
126.916,167.76
143.627,196.19
147.916,196.55
139.854,177.18
133.476,182.86
146.306,178.45
134.498,204.7
141.715,183.17
127.087,165.55
130.0,144.54
120.512,141.77
121.994,165.3
120.427,204.2
121.611,168.87
127.407,220.13
129.691,199.49
135.11,203.6
127.69,177.51
126.466,199.33
141.252,214.34
162.878,191.23
132.581,172.68
145.325,177.05
126.055,200.51
132.605,186.48
140.078,172.8
145.709,176.64
128.483,160.09
139.043,169.27
161.196,191.0
138.943,167.03
125.272,154.91
150.937,180.75
143.869,217.19
141.078,168.94
131.266,155.69
151.007,170.25
147.32,189.78
125.914,179.88
120.867,155.11
107.864,139.19
125.148,157.9
154.643,191.25
135.259,170.97
124.562,208.74
139.162,220.0
131.24,170.66
118.895,153.9
140.183,156.28
131.626,149.06
124.607,145.29
109.162,135.55
108.858,127.58
123.699,143.34
109.798,134.3
66.503,84.63
100.092,126.04
69.261,92.57
69.79,90.96
138.645,164.88
127.307,158.89
137.832,168.05
129.033,156.11
124.716,149.13
113.895,141.0
131.686,152.88
132.927,165.89
115.018,185.75
107.297,150.72
131.917,147.25
102.604,116.12
78.932,89.94
115.551,125.97
106.984,122.1
116.999,134.53
112.425,127.47
118.232,133.85
99.104,119.11
125.906,142.43
94.997,118.48
120.162,136.85
103.046,128.0
127.226,175.6
113.924,135.15
140.529,162.16
124.796,144.25
128.213,200.47
116.593,186.27
115.71,142.76
119.891,143.32
120.505,151.24
121.462,149.8
121.941,193.56
109.158,180.77
125.232,158.27
135.436,169.42
122.508,148.22
118.05,145.43
96.429,127.4
116.18,141.69
141.107,174.57
87.561,111.86
123.525,151.53
102.061,127.43
105.414,128.06
136.812,162.58
143.461,170.27
115.868,144.16
85.618,112.75
116.398,149.83
80.739,107.91
93.808,122.27
104.74,134.55
144.075,164.38
98.284,123.36
105.112,135.66
103.015,125.38
79.282,103.44
98.552,132.58
120.084,141.32
142.484,167.87
116.892,144.67
115.901,142.47
117.813,143.31
134.623,158.7
116.642,146.47
133.285,161.2
113.588,140.45
102.648,125.82
121.45,145.72
115.747,138.18
136.05,159.51
143.003,185.54
108.508,160.66
120.508,161.68
112.106,132.72
70.692,90.35
123.192,142.89
135.181,154.97
137.022,193.11
134.203,183.54
141.216,169.13
135.833,187.1
165.136,189.59
137.148,164.95
176.537,202.05
80.248,122.19
73.564,105.54
72.198,97.29
113.703,141.15
143.06,174.06
125.578,158.89
134.355,204.09
142.762,182.73
120.386,154.31
142.325,163.99
81.11,100.93
136.525,162.33
148.085,200.19
101.444,129.0
118.155,137.67
124.421,149.89
90.079,119.95
142.57,169.86
138.595,168.18
140.549,166.97
117.317,176.75
138.308,206.63
129.505,158.04
162.179,230.95
113.583,176.73
147.469,176.77
124.259,155.45
74.839,101.6
72.244,100.08
102.817,120.49
123.106,143.94
137.193,202.21
131.178,156.06
130.956,166.33
129.044,156.44
109.683,136.83
145.36,177.66
125.375,164.13
118.501,145.14
101.814,133.72
115.335,148.06
97.399,133.96
127.69,154.59
154.068,187.23
115.779,165.54
131.771,204.97
111.216,182.53
124.482,163.8
126.097,157.5
132.45,163.42
126.888,159.22
116.619,151.81
120.126,155.62
139.876,215.8
163.308,193.0
113.415,199.82
144.74,177.41
151.944,189.98
137.973,168.16
149.086,179.07
112.664,143.31
123.113,151.06
139.175,168.46
143.133,171.21
146.263,179.22
126.863,167.35
162.093,196.97
75.018,102.34
138.336,167.21
149.274,179.07
139.297,172.61
137.532,164.61
133.211,191.14
134.773,174.47
116.785,179.11
133.774,161.23
111.022,141.96
122.958,155.94
122.605,153.12
140.848,172.94
90.955,164.79
102.963,133.82
141.896,185.44
162.499,215.59
121.331,150.97
119.074,158.3
133.864,206.85
102.34,142.29
129.648,214.3
142.306,204.97
116.445,195.25
110.991,157.2
130.28,216.94
106.365,148.87
107.235,200.66
108.992,178.43
157.896,239.9
134.327,199.25
130.509,223.66
91.118,182.32
121.799,207.21
1856.537,1917.77
155.445,200.86
149.601,166.67
151.215,173.71
177.642,201.18
170.857,196.29
180.833,205.88
139.895,164.76
146.301,171.28
150.243,213.3
187.843,212.77
479.139,598.09
516.987,606.41
151.488,222.95
76.635,153.33
131.172,222.44
168.124,191.37
136.005,202.26
78.716,159.4
149.359,235.87
167.454,293.2
137.737,244.11
130.908,150.07
76.278,150.07
75.101,97.28
355.639,374.7
153.911,224.32
352.739,438.03
131.832,163.18
148.299,179.52
78.92,115.84
81.577,122.7
80.818,131.57
77.986,135.98
74.664,143.69
80.319,127.63
70.188,145.78
82.202,140.42
133.558,159.15
123.308,149.31
135.695,161.86
81.906,114.89
79.045,107.49
301.752,330.54
324.537,352.36
121.653,189.61
121.134,167.24
84.753,152.7
73.775,144.34
140.277,228.47
138.563,186.02
172.296,200.39
129.72,153.72
169.055,192.24
74.279,97.17
132.126,193.38
121.554,150.45
123.644,148.25
172.426,201.09
128.568,156.12
89.974,122.26
77.968,104.99
181.054,251.33
144.906,170.61
147.041,233.67
224.976,258.11
135.408,167.52
150.612,226.96
153.363,258.21
158.572,172.64
75.083,151.94
225.108,244.46
158.338,217.6
219.419,292.35
134.473,157.91
216.793,246.26
151.113,177.62
146.789,233.71
136.26,163.39
134.606,208.89
151.319,179.59
144.357,241.97
136.857,231.58
128.317,151.73
131.898,151.96
190.352,209.22
128.268,152.73
152.82,171.22
144.941,191.48
186.298,215.99
119.368,150.43
122.264,141.51
132.262,149.69
132.83,151.72
190.188,208.5
136.942,187.88
122.505,141.28
76.498,115.09
145.394,227.89
74.895,183.24
198.478,226.75
80.575,134.61
155.497,224.27
82.814,141.75
346.404,433.23
203.825,245.82
131.895,161.17
190.306,215.66
126.876,151.9
209.74,238.59
70.828,111.08
141.655,212.47
146.69,201.0
135.535,183.81
138.61,210.35
137.892,186.08
137.821,156.82
150.504,213.85
126.99,149.69
76.737,102.05
200.512,259.26
70.583,95.15
130.594,207.55
180.869,209.13
77.239,106.36
216.497,242.41
146.425,235.43
78.715,153.34
148.332,226.18
125.531,196.85
151.306,179.38
203.575,234.13
128.774,250.25
153.394,177.69
232.333,259.7
191.948,219.51
133.394,164.36
132.699,161.63
147.038,223.47
1131.854,1192.69
83.853,112.89
95.743,126.59
149.624,172.04
112.276,152.55
130.104,156.49
140.174,172.31
143.397,193.07
118.826,172.54
78.589,133.43
94.875,118.49
170.643,198.21
140.102,204.14
163.623,207.29
154.293,223.07
140.827,205.02
145.87,219.47
139.696,194.68
134.855,209.05
129.905,181.07
156.488,208.36
168.759,221.03
148.322,164.66
149.138,175.7
155.537,182.15
135.201,154.12
133.888,220.67
114.625,178.7
113.104,182.02
152.647,227.43
149.885,174.51
132.943,186.58
140.1,205.12
155.0,175.43
120.161,145.39
75.064,99.12
75.128,96.14
74.174,95.85
76.653,97.92
147.675,169.23
119.87,145.98
122.797,143.54
142.252,164.08
139.57,164.63
132.622,158.95
153.04,176.74
141.335,167.21
133.166,218.6
144.42,187.23
163.735,203.15
112.826,157.13
162.875,207.93
121.857,163.7
155.111,198.03
122.437,165.04
129.12,162.42
122.347,163.83
114.457,135.68
108.884,129.12
116.413,149.35
135.128,162.88
162.386,205.58
129.382,180.99
87.551,151.89
114.18,142.16
126.969,158.56
128.109,150.65
137.296,168.06
120.988,150.91
132.081,162.43
158.455,191.14
131.449,156.13
131.448,165.58
133.505,165.51
123.151,154.27
119.512,146.96
124.76,162.19
127.684,163.16
132.495,165.42
102.921,138.93
144.011,196.36
135.993,174.76
129.625,193.52
144.886,191.99
145.13,195.3
141.974,170.32
133.209,159.75
109.319,134.75
154.329,181.94
108.635,134.81
115.033,141.67
123.418,173.11
135.443,169.82
160.624,193.78
142.833,188.45
125.885,154.39
125.269,197.96
108.595,134.99
113.956,145.33
118.397,149.6
106.386,141.61
87.849,124.15
127.587,165.19
89.577,123.08
141.023,174.78
118.154,151.18
119.896,150.8
96.715,132.1
113.978,159.4
141.215,174.83
131.16,194.03
129.111,149.06
73.43,95.71
72.892,92.73
112.211,134.26
121.663,152.52
129.221,154.51
124.331,151.32
113.255,144.38
68.625,145.15
106.558,130.22
122.585,149.66
141.984,185.97
113.586,141.0
109.699,134.57
116.238,145.71
93.101,127.13
125.035,155.6
137.999,172.45
99.194,133.99
116.362,147.42
105.604,129.0
151.401,184.13
154.456,194.96
157.803,195.45
119.294,154.99
127.934,155.93
160.036,231.77
103.355,175.77
123.284,189.98
132.363,202.06
103.533,179.89
109.43,141.13
122.34,192.62
152.086,183.71
113.102,180.19
108.735,186.54
147.473,226.13
116.727,165.15
145.675,174.76
128.201,162.43
115.189,143.31
131.849,201.19
138.123,260.59
155.128,219.09
148.72,217.59
129.811,154.32
137.993,161.9
128.195,185.92
109.714,152.29
115.281,158.22
150.994,165.19
142.897,161.03
137.751,153.5
164.63,189.23
168.823,225.08
108.338,125.08
94.564,127.57
101.926,122.42
141.199,163.59
136.035,207.43
116.476,163.8
119.605,157.27
153.694,211.15
103.49,144.83
78.095,97.51
153.481,170.98
117.877,135.03
113.207,130.75
110.206,126.84
112.269,129.03
115.392,132.74
117.829,138.13
117.669,138.77
145.481,200.65
138.634,161.39
116.975,174.02
145.802,176.2
105.294,157.22
132.395,160.69
130.96,151.62
121.591,142.73
146.519,168.07
124.055,149.69
141.235,163.97
102.661,139.99
106.825,170.89
126.507,185.68
137.575,176.52
102.464,121.57
115.676,127.78
116.853,129.4
121.399,147.76
132.368,145.92
100.077,118.68
95.592,115.17
127.755,157.0
94.595,117.87
93.707,113.55
104.675,142.74
131.197,147.01
119.837,140.2
84.454,107.78
97.96,119.71
101.131,127.16
104.188,126.87
112.326,132.17
111.889,136.25
123.774,146.47
115.668,137.63
128.787,195.78
148.907,172.45
163.862,218.72
126.862,179.95
121.538,154.4
123.518,139.08
127.184,142.17
122.583,141.94
105.145,125.71
125.189,158.88
112.409,143.66
83.151,96.79
90.027,114.55
93.225,109.27
103.296,116.63
132.581,145.96
112.782,152.14
96.746,114.01
121.938,150.2
95.338,115.68
123.209,144.4
145.464,170.41
106.861,156.97
105.821,125.87
100.182,119.22
72.321,93.3
95.492,120.26
99.936,129.13
110.966,135.73
88.748,116.7
105.802,144.69
95.048,123.32
131.875,159.94
116.034,141.61
84.978,109.31
110.458,137.11
119.659,143.03
109.288,169.15
134.933,161.92
96.58,121.76
114.796,137.62
94.222,128.1
99.988,143.56
134.938,170.16
94.585,126.3
93.417,123.81
85.494,116.4
159.014,184.55
114.078,139.78
114.568,143.08
121.111,150.28
122.132,149.97
99.998,131.25
92.287,125.75
93.684,124.79
108.318,130.29
114.411,143.24
141.225,171.53
111.136,131.8
134.407,158.62
124.725,147.37
136.955,207.52
110.568,134.57
117.094,142.92
108.328,136.41
118.773,145.99
152.645,197.48
88.38,115.71
119.417,147.8
120.199,140.85
124.883,147.28
116.58,137.77
103.168,130.66
92.432,136.02
102.938,129.08
91.52,119.09
97.851,128.89
128.1,149.86
94.463,125.15
114.446,137.25
108.646,129.95
119.156,148.42
80.591,112.64
92.669,120.0
142.35,169.55
76.587,100.02
89.652,114.78
102.692,129.78
97.809,122.91
102.979,136.12
100.493,127.78
103.374,136.6
98.808,123.96
133.253,166.87
80.018,108.75
127.953,158.32
88.62,113.47
79.062,108.78
112.91,141.36
92.262,120.34
90.509,120.75
113.533,143.86
104.949,128.61
112.676,141.1
99.052,129.94
80.029,106.46
98.405,128.22
102.693,128.5
96.221,121.87
96.971,124.63
105.748,131.43
97.304,124.93
98.981,130.37
118.537,140.0
93.913,120.81
114.596,138.44
104.206,138.7
85.839,113.23
108.332,129.99
109.498,133.34
102.981,138.73
100.295,133.15
96.927,124.31
98.985,123.55
107.74,129.42
94.345,140.73
94.732,122.37
114.434,137.83
100.546,138.0
105.342,133.56
89.35,116.04
100.035,132.51
121.4,158.09
91.12,119.29
76.189,104.06
121.427,144.62
82.975,109.24
97.877,123.61
93.566,121.23
100.846,130.47
98.765,132.73
100.329,125.76
100.431,128.12
98.797,126.44
111.167,134.38
90.384,126.4
100.564,137.15
107.342,129.93
101.814,136.47
93.268,122.88
103.662,132.37
98.837,124.6
99.815,130.54
114.511,137.34
95.711,129.38
103.384,134.12
96.618,128.35
94.929,122.42
96.838,121.44
107.287,147.55
94.353,122.21
100.25,124.44
103.797,138.46
112.919,135.65
99.436,125.72
90.507,119.96
101.028,129.33
104.187,132.36
112.549,136.09
98.201,126.76
95.893,129.88
106.438,134.04
106.116,143.68
94.531,122.82
101.521,139.73
132.336,169.57
91.098,117.22
81.869,106.34
107.549,135.54
84.909,112.2
95.034,122.85
101.203,130.97
100.209,130.15
111.554,134.46
132.653,156.8
93.685,123.37
80.962,105.96
99.379,130.19
90.818,121.35
101.298,137.24
120.3,144.58
128.308,149.24
77.688,106.72
98.887,127.74
96.297,125.03
98.975,132.0
94.331,123.16
93.795,123.5
123.315,146.8
130.765,157.19
94.558,122.15
80.3,108.59
116.592,151.17
78.798,105.2
96.628,126.5
113.004,135.26
98.246,126.01
100.181,127.09
106.281,129.03
98.973,133.28
96.338,132.18
103.847,136.91
96.48,124.52
101.283,134.09
98.632,128.01
105.297,133.64
98.262,129.1
99.142,127.7
92.3,121.85
98.693,131.67
112.713,131.8
97.207,124.33
107.394,130.41
99.963,137.54
138.069,160.29
119.195,145.01
107.276,129.24
119.919,143.58
107.565,129.08
113.003,138.08
109.678,132.1
110.79,134.95
115.952,140.0
116.39,137.25
100.151,134.23
114.413,136.77
100.767,135.28
99.575,133.55
100.985,128.5
90.687,119.22
114.986,135.34
97.265,132.4
92.132,122.01
132.0,202.08
113.944,137.27
106.274,131.39
104.489,127.21
106.548,128.88
88.682,110.0
72.94,99.0
124.386,147.62
89.416,117.54
78.258,104.23
110.506,131.75
95.985,123.68
118.746,147.55
121.216,150.93
131.706,164.13
101.082,128.73
114.782,142.59
119.579,144.51
114.618,150.11
141.542,172.2
123.826,201.48
114.306,194.59
76.487,109.69
153.114,195.21
116.965,165.01
93.055,138.88
105.069,147.33
121.426,158.16
94.624,129.53
114.666,139.57
134.64,165.03
112.774,142.12
121.708,148.9
104.0,128.87
92.922,122.11
95.718,123.35
123.734,147.34
110.421,181.09
121.64,189.82
96.049,129.8
125.662,152.46
129.765,199.13
148.229,173.38
126.171,153.54
114.569,167.43
117.186,181.74
120.521,169.23
123.631,147.96
137.189,176.14
92.969,139.75
117.398,143.13
119.157,187.97
103.613,130.78
117.762,146.65
102.628,165.16
119.968,180.23
116.528,188.81
128.794,192.96
121.586,144.18
94.416,153.38
118.942,167.77
131.958,175.64
103.58,129.98
125.682,148.42
146.093,175.13
162.737,187.64
129.633,157.39
144.357,183.69
98.502,124.14
136.621,164.39
122.986,146.89
123.664,148.06
132.97,212.53
98.813,145.39
69.364,86.7
132.754,168.92
99.447,122.62
78.13,128.31
67.694,81.25
108.048,122.76
137.092,158.07
108.953,124.89
110.547,130.84
135.431,157.61
87.236,104.71
120.518,145.75
78.435,100.16
117.454,133.24
101.023,128.17
120.007,136.56
145.412,176.87
113.31,165.82
104.658,122.46
132.831,152.93
112.696,137.59
113.421,121.99
104.654,113.01
124.324,145.2
100.063,118.14
127.982,139.41
103.72,145.5
109.075,129.58
95.833,114.32
123.775,149.98
94.198,112.4
106.217,128.36
83.725,102.98
75.837,102.89
87.334,112.1
97.299,127.89
115.894,138.19
142.608,167.06
134.468,154.85
76.459,125.34
118.525,140.29
138.612,151.95
133.825,155.34
71.445,87.17
120.712,152.89
135.751,163.91
69.717,87.02
100.43,119.57
116.396,137.54
95.102,116.86
110.639,130.05
94.708,118.21
114.678,134.11
117.986,139.7
146.94,169.95
109.842,135.26
90.764,115.44
110.604,136.68
98.853,128.46
129.108,155.11
99.405,162.0
108.715,132.84
104.587,133.69
93.733,123.02
150.865,174.28
97.025,127.33
78.973,109.53
101.991,134.02
91.63,118.52
98.957,126.46
126.289,197.68
114.191,141.43
128.504,156.88
127.857,150.58
99.924,137.18
121.88,152.98
124.894,150.9
102.48,128.67
97.26,121.64
112.928,146.46
91.287,119.18
113.537,143.3
114.586,143.83
118.065,144.28
119.972,147.22
126.305,153.34
135.035,160.26
131.546,204.66
125.587,159.89
151.435,192.98
122.136,155.64
131.932,161.9
161.511,188.04
144.143,176.42
134.401,210.2
173.802,209.89
143.107,185.79
147.694,183.4
123.783,157.95
121.721,154.82
144.915,188.89
153.97,200.13
131.364,167.94
148.172,186.24
119.862,154.17
134.251,221.17
145.01,182.8
164.68,252.68
137.5,184.03
141.704,223.92
130.291,160.02
136.329,175.14
163.693,253.23
135.231,179.2
142.286,217.01
146.237,218.44
152.271,181.24
148.527,212.22
131.523,156.92
134.488,155.36
128.358,153.12
126.462,149.6
113.851,139.38
141.478,167.73
129.027,199.27
133.387,151.79
136.149,195.94
157.269,184.9
140.366,217.04
113.76,138.81
146.78,173.49
133.002,156.55
132.146,217.28
138.195,212.21
136.114,189.32
111.937,144.53
146.826,221.72
102.691,129.98
141.714,164.57
143.799,169.15
132.481,160.91
156.336,200.82
116.905,169.74
118.919,193.57
134.652,167.63
127.829,161.34
166.636,206.48
133.884,184.87
145.142,187.99
162.213,203.0
128.599,164.56
139.413,195.85
121.185,174.29
144.703,172.1
116.788,148.59
132.818,164.02
137.07,173.83
103.911,139.2
117.466,175.67
134.506,161.18
141.611,164.58
120.287,153.89
112.126,129.32
127.161,143.84
128.766,148.62
145.42,164.24
135.871,192.79
124.207,144.27
137.011,163.79
143.246,170.49
114.364,141.36
116.61,136.47
124.304,147.21
105.35,131.46
116.91,137.95
144.757,169.61
84.273,107.91
119.957,138.11
112.045,138.03
99.636,125.56
85.472,109.31
134.724,156.29
115.493,142.7
76.842,100.32
118.056,147.71
111.099,140.59
143.584,195.74
132.763,203.53
77.392,134.68
131.448,163.18
124.304,148.62
101.854,136.65
99.764,131.92
124.77,153.21
122.266,149.71
113.786,136.75
124.113,148.74
119.443,143.56
108.677,138.01
118.834,159.82
122.993,151.98
69.868,97.53
147.677,175.98
121.04,150.87
98.89,123.81
142.355,213.53
144.525,171.51
170.452,242.88
117.989,148.39
127.454,157.85
150.783,180.79
134.648,165.38
131.973,195.91
122.699,193.7
168.667,238.6
123.154,151.32
139.038,166.61
140.112,170.01
161.979,195.02
135.28,166.81
117.704,149.16
140.708,208.58
138.976,170.25
128.416,197.38
121.196,152.13
156.817,190.03
142.565,204.6
122.189,169.93
147.117,173.01
118.296,183.25
123.598,203.27
125.824,191.17
150.054,221.07
165.289,222.34
115.207,186.91
148.538,173.63
151.642,179.53
151.0,178.88
132.187,181.36
120.375,137.09
155.83,170.93
158.293,214.01
126.229,144.86
130.774,149.07
136.584,152.46
154.485,181.94
124.721,150.09
118.428,136.49
119.568,136.14
120.209,136.43
116.274,135.37
102.826,136.28
99.485,126.57
126.975,159.74
131.645,161.61
133.607,198.05
142.127,212.52
120.885,185.67
113.399,141.43
93.614,122.61
139.309,174.73
80.005,108.41
123.05,159.68
105.833,139.14
101.367,138.24
109.933,141.6
125.06,155.99
148.184,186.71
147.396,183.19
99.954,136.11
97.111,132.67
127.749,170.37
104.912,141.67
91.701,125.21
120.298,150.63
145.814,232.37
102.046,140.86
119.06,154.11
132.24,173.2
125.451,193.17
113.547,177.29
129.978,153.77
142.548,201.49
137.204,206.69
127.611,151.1
173.478,243.67
125.131,173.05
114.572,177.48
138.209,209.94
119.194,194.08
150.229,180.95
140.767,219.31
132.624,209.22
126.751,200.43
133.005,169.37
98.297,136.23
114.617,156.9
132.598,173.53
109.535,152.32
107.815,149.39
119.759,155.37
70.989,107.08
131.732,162.37
133.72,177.8
107.142,156.26
123.189,159.9
168.425,211.84
136.369,175.75
125.432,151.75
133.541,175.02
100.294,140.33
126.398,170.79
114.583,153.31
118.178,150.07
135.972,180.94
123.318,166.01
105.614,150.48
116.675,163.29
153.875,198.17
112.407,145.56
154.479,193.62
165.401,197.1
120.918,157.6
138.904,176.59
117.485,186.75
119.602,143.96
114.589,127.33
130.753,144.73
138.121,151.8
82.349,141.11
107.682,161.59
100.618,121.88
97.567,124.44
151.911,179.77
141.731,195.99
118.412,176.82
93.058,112.37
110.03,135.44
92.673,113.08
100.548,125.26
131.278,157.3
124.932,183.4
118.664,136.86
129.739,254.99
123.039,156.64
130.328,157.85
94.507,121.49
139.238,163.62
134.346,154.44
127.335,143.53
122.677,145.75
107.65,137.6
107.451,134.41
103.406,131.89
123.62,155.73
103.182,126.13
111.17,135.58
91.058,116.98
107.296,125.85
124.38,147.0
107.655,133.36
135.212,162.37
114.143,136.21
122.048,145.22
116.683,138.34
116.67,133.38
108.488,133.93
97.447,122.73
124.992,148.28
120.431,144.98
134.42,159.72
124.963,142.36
133.347,153.79
132.049,192.78
110.242,152.4
152.865,188.81
107.862,148.32
120.297,161.49
128.459,158.08
143.3,180.05
144.223,186.69
137.653,178.61
125.599,163.35
127.842,163.19
144.427,174.03
144.639,184.7
95.468,140.33
126.595,206.26
109.94,142.56
116.814,205.44
102.406,195.7
136.548,191.88
127.505,195.09
101.084,139.23
124.094,211.99
126.994,185.86
114.858,180.98
134.061,174.73
120.733,176.66
111.409,175.61
107.742,143.37
132.562,169.48
115.729,152.64
120.292,161.09
121.168,165.52
118.073,152.27
112.188,156.62
102.62,141.36
119.617,201.61
138.89,173.01
146.951,182.99
129.286,170.8
190.061,223.76
128.346,168.96
131.625,181.13
144.762,184.28
142.933,183.69
142.589,169.46
118.244,152.69
107.348,146.95
88.558,131.94
131.814,172.5
122.799,163.46
123.675,161.72
97.95,132.92
121.647,165.44
79.411,120.86
136.693,168.71
116.309,146.83
119.923,153.6
106.41,133.16
119.963,158.37
102.522,150.12
83.017,120.9
128.871,159.04
80.584,116.35
150.064,183.12
123.0,160.65
106.733,155.3
118.228,159.76
105.595,139.48
107.665,149.12
116.03,152.59
132.054,161.76
104.939,145.96
111.344,154.47
79.813,110.13
108.96,140.8
127.446,168.34
110.637,159.04
104.207,143.21
113.352,151.49
123.34,156.03
114.387,150.98
116.397,146.83
121.832,156.81
118.495,157.82
100.854,138.43
105.778,146.23
120.115,150.88
98.484,136.66
124.162,149.2
105.226,150.35
105.399,138.48
114.524,152.57
80.468,112.77
96.991,138.95
117.864,148.03
98.447,129.31
84.756,112.28
138.449,177.92
112.859,142.93
114.715,151.05
118.987,151.55
157.18,196.5
119.63,150.98
121.417,153.86
121.626,152.92
90.887,135.03
121.885,169.69
115.568,157.5
120.391,159.0
108.193,143.36
131.787,163.24
121.227,161.26
113.899,152.03
115.677,140.8
115.716,141.79
118.023,144.05
102.573,131.84
130.073,157.75
87.27,114.96
144.364,176.89
115.278,136.42
122.793,149.71
110.3,136.45
102.792,143.55
138.091,164.82
121.148,148.84
110.501,136.44
115.255,146.66
123.606,150.21
96.84,126.58
113.654,142.94
126.237,154.9
97.224,128.57
119.294,153.72
77.801,109.38
128.306,153.0
113.964,139.16
104.168,133.58
100.213,128.85
115.197,143.94
119.602,140.93
122.86,149.11
114.681,141.0
100.185,139.29
135.722,174.21
122.728,151.14
97.032,121.49
101.589,131.44
117.935,146.46
111.515,135.04
117.354,147.18
116.111,142.56
140.992,180.5
93.319,121.07
81.273,112.67
125.733,152.53
117.821,147.59
78.149,104.56
122.53,153.13
107.791,131.82
105.653,132.31
113.753,138.11
113.093,138.3
100.457,127.77
106.125,133.1
116.267,141.21
126.337,151.03
120.958,145.88
142.996,180.03
90.742,123.27
95.353,129.47
96.855,123.45
101.669,131.73
79.902,111.22
133.365,159.0
121.634,153.38
137.163,164.81
118.158,145.7
123.108,148.39
130.093,161.44
97.038,128.69
80.777,113.2
139.474,172.14
105.437,133.61
119.048,148.93
113.809,139.93
112.276,137.12
112.06,138.1
116.784,142.29
117.128,141.8
94.045,126.28
128.051,159.66
97.775,127.33
92.599,120.27
86.528,114.7
141.79,173.71
113.026,140.44
127.415,152.12
117.069,141.08
99.81,128.51
129.26,162.95
100.76,131.25
94.598,126.93
128.267,160.43
105.046,130.35
108.222,134.59
103.103,129.17
88.449,115.11
128.777,158.23
124.941,147.83
136.513,160.45
105.254,141.55
128.925,165.83
130.602,163.02
98.62,123.66
129.54,155.41
122.259,145.83
154.516,176.43
131.364,164.13
92.178,143.39
130.431,189.85
131.054,198.56
111.523,179.3
113.772,138.67
105.878,137.17
106.423,141.6
112.176,143.3
101.066,129.04
132.792,161.83
112.719,136.41
116.15,143.61
120.322,144.71
132.813,161.59
79.095,105.23
111.157,134.14
150.428,185.55
138.159,164.75
112.405,137.15
116.35,152.32
105.358,135.43
130.797,157.5
135.435,164.2
135.776,162.47
138.861,166.66
138.662,197.66
132.815,182.24
113.923,140.65
141.801,207.79
137.832,211.05
116.487,146.52
147.075,178.12
135.376,159.28
114.309,146.35
130.123,201.33
132.183,158.19
138.936,211.16
140.251,198.43
155.112,182.66
144.871,170.82
120.525,192.82
107.873,174.78
142.956,211.67
115.219,187.16
118.326,146.8
137.045,174.73
147.656,213.84
133.48,155.58
139.331,161.0
125.966,149.67
159.762,187.55
166.021,198.52
132.613,159.97
138.344,164.77
137.731,163.53
119.635,144.71
139.628,167.1
127.586,152.33
120.957,140.46
138.075,156.79
107.7,161.83
122.153,152.48
138.62,189.87
134.32,212.44
105.618,163.94
127.483,186.61
112.464,140.27
114.402,130.43
119.036,137.8
114.484,130.76
117.467,136.52
127.343,144.42
116.132,138.14
151.311,170.98
144.599,165.21
111.324,132.68
120.464,144.22
124.133,146.36
137.256,159.05
82.344,141.86
97.213,116.99
135.212,151.98
136.232,153.46
93.288,109.61
101.443,121.27
103.953,122.34
120.879,144.98
124.058,143.46
153.812,179.6
141.894,163.24
136.312,162.38
105.71,125.81
108.221,127.45
102.865,121.88
105.116,127.87
102.697,123.58
119.064,136.3
137.08,159.64
101.247,173.71
100.666,124.61
135.718,209.41
134.795,200.85
115.172,147.71
137.638,162.43
115.25,147.4
115.36,144.38
100.623,132.13
78.212,110.43
121.103,151.32
122.619,194.98
131.993,161.92
129.448,164.73
77.686,106.74
110.986,140.38
120.466,154.31
84.752,117.54
127.97,160.22
113.702,141.64
137.043,171.48
124.249,203.26
134.415,159.93
138.921,163.37
143.347,181.64
141.342,197.68
120.64,141.84
135.058,188.24
107.22,154.26
140.566,169.53
122.877,153.44
136.261,210.33
105.262,169.73
117.649,177.97
131.781,181.0
144.796,175.85
125.09,157.68
145.657,206.66
121.225,167.38
140.6,219.14
114.68,148.03
135.169,161.36
123.504,202.76
131.26,200.74
120.72,190.03
103.386,168.19
146.227,179.0
103.971,166.96
136.632,166.42
122.413,142.92
144.816,162.4
128.871,146.6
132.441,162.26
125.145,146.92
142.871,161.74
153.11,179.99
118.459,173.67
151.211,173.71
115.782,170.56
118.792,146.4
121.899,145.23
144.621,163.5
148.423,209.93
136.24,152.47
148.431,179.46
88.678,121.78
114.763,131.15
96.181,118.12
137.251,154.69
80.077,102.38
112.863,132.34
99.267,135.93
96.733,119.96
117.291,137.38
111.53,135.52
97.344,127.11
96.096,121.34
150.218,188.65
89.566,116.31
110.844,139.42
91.672,114.2
139.537,167.64
116.847,139.88
113.979,142.86
110.195,137.33
119.208,151.35
131.923,163.34
121.778,149.93
142.091,203.64
122.277,168.15
144.301,173.24
124.366,149.32
130.7,198.61
159.666,210.82
115.898,138.87
139.323,179.3
128.701,162.71
122.525,147.23
133.027,158.59
133.222,197.68
162.587,188.45
133.045,193.78
133.97,155.15
129.047,145.95
138.07,206.19
132.988,160.01
115.209,140.2
121.32,145.34
118.554,145.96
126.797,158.56
126.581,158.63
93.962,162.9
111.33,140.0
143.473,167.89
97.93,145.11
140.899,171.64
73.084,100.96
119.034,153.48
111.272,139.42
114.402,142.28
119.817,146.96
134.567,161.06
151.72,178.07
111.625,143.51
110.793,136.52
102.872,126.67
106.213,134.62
75.446,104.42
149.015,178.09
118.683,144.62
138.597,164.95
134.125,161.01
130.595,196.9
122.738,145.26
152.37,175.97
95.411,125.74
139.121,178.42
153.127,190.73
99.189,145.0
79.367,95.48
118.341,145.86
112.911,171.77
120.667,164.73
132.951,153.07
157.926,180.45
116.181,144.52
96.857,122.73
104.054,131.34
129.614,162.34
144.436,188.05
127.025,166.2
123.757,161.87
146.641,187.97
132.807,171.65
127.238,169.15
105.582,145.51
121.886,164.25
103.848,150.02
136.767,175.07
114.948,149.39
148.652,188.63
152.851,186.96
126.537,169.17
124.992,154.26
107.549,148.65
129.369,167.98
124.599,156.84
111.94,135.92
115.333,140.78
115.934,143.12
118.13,143.41
105.997,129.03
152.521,177.53
82.894,112.23
1122.862,1151.65
147.379,205.33
145.705,199.57
121.284,166.91
129.907,178.34
143.407,182.43
132.75,187.46
116.968,154.12
129.534,154.6
172.526,228.6
139.695,184.17
132.428,194.91
112.808,168.18
133.697,197.3
119.507,199.42
151.47,219.36
138.284,183.17
126.354,179.72
132.269,193.07
131.775,182.83
137.077,191.82
108.029,169.89
148.427,205.18
141.339,193.82
122.806,181.13
155.746,218.4
118.117,179.05
142.212,201.22
117.612,172.64
111.482,134.46
146.879,211.11
120.296,154.76
143.919,167.24
147.846,166.78
142.235,163.7
116.547,179.89
152.417,206.63
136.299,160.29
89.249,137.43
102.938,153.85
126.296,143.8
121.861,141.64
96.956,113.48
135.987,153.91
112.81,131.99
105.485,124.28
123.38,142.03
112.446,132.98
129.061,147.83
124.994,142.89
102.177,133.28
94.761,121.15
117.166,144.18
130.537,146.71
130.467,191.0
122.556,146.19
119.272,167.53
123.439,145.03
122.549,139.8
129.88,145.21
121.507,148.07
130.174,183.48
108.223,127.79
124.744,148.49
117.649,137.48
108.074,128.3
115.164,137.44
121.357,140.04
116.101,137.83
114.384,137.42
107.275,150.96
123.645,154.59
119.937,169.41
88.417,108.74
101.253,123.25
114.964,133.54
110.218,132.9
130.11,149.33
119.385,175.31
127.338,148.12
116.246,164.91
110.831,152.49
125.865,142.51
117.556,133.92
119.568,149.93
102.046,127.95
158.723,221.0
122.531,146.78
126.445,154.49
144.125,175.0
97.828,127.71
84.656,109.96
106.969,131.7
79.267,106.57
100.396,128.9
102.221,129.09
100.593,126.16
101.379,125.63
115.12,134.25
116.585,136.37
116.993,136.5
109.0,134.0
128.293,155.69
111.663,172.7
125.209,152.98
114.05,172.76
90.572,145.43
76.842,101.95
90.336,113.45
98.594,122.15
111.599,133.09
132.212,157.06
136.67,192.65
117.119,131.06
112.448,128.63
103.132,120.36
99.797,117.54
93.283,109.56
93.329,111.28
109.772,125.62
113.864,133.02
112.533,126.11
110.075,125.26
116.292,132.18
106.841,130.55
111.932,126.6
132.33,150.21
110.37,132.54
116.035,135.77
86.736,103.42
114.211,131.93
120.266,133.88
126.111,148.51
127.613,148.95
132.477,164.77
126.324,174.97
132.308,160.93
116.009,142.52
130.785,155.45
126.478,155.63
132.739,184.9
139.044,195.52
113.467,154.58
138.028,164.08
115.32,139.98
94.366,118.02
79.766,106.6
99.572,125.23
147.854,215.31
107.649,126.84
126.677,149.82
112.498,136.67
129.426,148.5
135.793,157.14
127.464,154.54
114.496,172.68
117.118,152.38
131.396,148.46
102.938,122.93
113.527,129.98
101.643,120.93
98.286,115.19
114.539,134.07
114.418,131.39
103.373,119.99
122.618,142.5
110.767,126.2
119.997,137.44
105.449,135.81
98.081,128.63
95.803,118.46
125.885,150.34
135.941,196.96
112.064,131.58
118.96,138.71
98.979,119.42
116.791,138.66
107.415,128.64
115.057,135.37
122.36,143.78
133.51,155.12
123.909,152.04
144.558,166.8
127.948,151.38
122.449,143.27
112.662,133.49
116.863,141.38
100.657,125.4
123.603,148.34
92.193,116.02
124.334,154.35
121.971,146.37
130.716,155.05
140.356,165.74
144.62,168.67
133.627,165.06
101.588,160.98
87.374,111.75
154.466,182.9
119.828,172.8
127.131,146.59
134.867,161.1
116.636,147.35
116.87,134.96
114.377,132.17
120.504,140.26
139.066,162.41
109.966,140.05
88.281,111.21
132.514,153.53
85.585,107.97
117.971,143.49
146.181,173.24
99.063,123.4
120.88,142.57
110.629,132.37
96.283,121.29
73.821,100.7
120.998,149.87
113.209,162.61
91.749,108.46
113.473,135.71
96.263,111.25
79.789,94.82
132.149,154.24
136.096,154.71
70.332,86.32
108.55,130.03
96.08,125.51
96.844,120.82
134.3,151.99
164.389,189.32
115.396,129.5
110.461,126.87
122.842,137.83
115.146,131.14
113.63,130.79
113.825,131.79
115.745,140.86
118.834,136.1
115.168,131.08
116.177,132.44
117.238,133.64
117.345,134.38
115.281,135.22
139.384,175.27
107.646,127.77
106.728,132.76
104.503,121.28
91.562,111.85
100.384,127.06
105.378,124.33
104.426,123.93
115.849,133.69
112.712,129.69
100.479,132.57
109.211,135.54
101.885,130.7
93.606,120.66
101.341,129.18
113.061,130.07
95.546,119.12
114.354,131.71
73.394,90.25
93.293,109.7
122.986,141.21
125.487,152.11
107.306,129.16
122.793,149.12
113.976,130.53
109.043,125.94
117.172,140.79
134.62,150.32
113.947,128.75
119.5,137.93
101.436,125.78
109.661,134.19
100.061,126.91
129.763,145.34
89.546,114.08
116.785,134.66
123.676,147.87
80.645,104.77
130.178,145.77
97.656,121.71
103.99,133.95
126.376,148.72
129.925,154.14
113.778,138.33
92.016,114.02
113.908,133.47
95.064,114.0
101.697,125.03
135.941,155.29
145.35,174.88
73.915,93.34
136.945,163.86
113.2,131.94
118.543,134.96
114.336,129.69
115.998,131.24
124.434,141.64
116.741,139.55
103.553,128.3
118.21,137.66
103.283,124.57
119.598,135.49
115.585,131.01
99.412,120.64
128.123,152.46
98.666,120.01
99.521,119.06
104.131,126.01
106.257,135.12
105.533,127.63
109.864,131.09
96.991,124.7
114.931,131.44
118.052,133.42
95.938,126.24
103.756,127.01
117.767,136.29
95.888,130.12
103.446,122.25
105.542,132.29
117.626,135.81
114.108,131.48
115.413,130.86
99.63,134.16
114.594,129.37
104.732,125.76
114.594,131.93
122.694,140.2
106.798,130.03
104.196,125.99
103.419,125.58
104.681,131.24
103.26,124.25
99.258,118.87
107.16,128.33
114.196,131.45
121.02,139.45
101.312,124.37
113.177,131.3
107.339,126.76
115.607,134.63
109.97,128.63
112.777,129.48
112.749,128.13
96.689,112.17
106.743,123.2
113.141,133.7
116.044,130.19
113.013,129.75
114.486,129.68
112.06,129.51
110.756,125.29
113.26,127.69
102.281,117.34
109.592,128.81
96.457,112.51
112.162,133.68
98.623,116.18
94.113,110.35
99.335,118.55
82.486,104.35
146.371,161.99
94.193,114.01
98.016,117.17
99.846,118.06
118.052,134.98
113.364,130.8
122.422,141.06
107.901,127.17
105.69,137.09
106.443,130.02
121.681,142.41
88.535,109.94
116.313,131.03
98.865,121.46
102.665,120.85
120.29,134.97
108.1,130.46
98.746,124.45
113.428,130.1
111.329,130.62
112.516,132.06
117.55,134.78
113.284,127.72
114.224,130.4
108.848,131.36
117.7,134.84
116.381,135.02
111.966,139.67
111.014,141.18
132.065,150.8
111.402,128.7
91.722,108.05
105.765,126.45
79.815,96.66
126.622,156.15
106.082,125.65
87.91,109.05
95.276,114.93
129.875,163.06
75.255,90.61
116.277,140.51
81.855,101.98
110.371,127.1
112.747,132.52
115.846,133.17
114.453,132.49
114.615,129.86
111.078,136.71
110.244,126.06
121.794,139.04
92.972,115.68
111.678,132.08
119.394,178.84
96.007,114.14
95.798,123.57
89.568,109.23
99.302,118.62
109.148,128.99
111.663,126.73
98.382,123.68
110.681,127.83
115.736,134.6
101.871,121.36
107.58,131.0
100.723,124.28
105.697,125.55
104.211,125.4
104.71,134.67
158.506,178.22
115.251,134.99
69.049,86.27
112.758,132.49
98.949,126.5
94.893,118.23
137.541,157.67
131.483,152.2
127.743,210.17
155.524,193.61
109.356,149.2
131.383,167.32
96.893,134.28
95.073,133.56
145.395,178.8
143.89,173.43
112.085,150.38
80.877,117.76
98.038,128.3
139.666,172.44
112.156,144.33
127.024,158.06
115.314,149.0
109.815,133.3
128.231,157.77
118.112,151.81
82.0,118.61
123.462,151.61
73.448,99.29
98.849,123.75
108.707,144.17
106.711,134.17
140.064,174.59
132.206,209.92
136.249,198.8
139.472,159.58
148.262,176.37
99.1,125.27
107.611,132.92
112.257,137.83
109.103,134.52
113.835,137.39
118.459,142.08
110.373,129.77
123.276,145.11
116.975,136.5
115.48,138.4
130.151,151.77
80.415,105.11
116.909,141.25
126.405,148.52
86.306,114.69
118.286,149.54
82.397,113.56
93.918,126.09
122.302,148.82
78.411,104.88
118.067,141.29
118.714,144.2
80.893,113.98
98.22,134.55
92.417,122.74
94.409,119.77
94.714,128.2
103.756,138.22
121.532,154.66
79.464,110.29
110.538,142.74
82.433,115.63
96.757,126.79
96.723,128.55
96.421,123.69
95.549,127.37
93.057,122.73
105.792,137.14
102.588,134.16
116.042,147.37
80.361,110.91
117.743,163.07
124.652,152.4
76.642,105.35
102.885,133.82
100.365,125.18
90.68,119.07
109.891,136.91
132.161,212.1
133.511,174.09
114.882,148.99
140.438,171.18
123.938,153.23
125.563,194.03
115.347,147.79
113.466,144.47
115.207,138.22
99.434,135.43
96.002,130.25
139.392,185.68
124.404,157.63
132.236,165.87
109.228,143.86
98.287,126.6
100.374,133.95
109.137,143.5
133.694,156.16
120.337,154.55
121.697,155.12
148.563,177.15
81.847,129.23
111.771,143.76
124.723,157.66
128.449,155.3
123.23,151.03
118.773,147.98
149.628,227.51
117.87,184.97
100.214,160.42
153.716,223.49
119.37,191.04
135.56,183.6
147.578,176.91
134.077,162.97
108.708,131.05
131.002,155.56
118.014,185.44
92.428,150.91
116.835,177.54
115.941,177.79
124.107,166.95
105.91,161.58
103.817,132.85
135.425,162.6
138.3,183.33
109.742,173.2
103.722,153.0
135.063,156.77
116.835,138.54
140.726,163.82
110.447,168.4
112.392,167.46
128.196,150.86
111.808,132.16
128.125,147.65
129.023,190.39
122.777,137.78
108.251,119.98
125.597,140.17
135.482,153.64
143.28,156.68
135.226,157.08
112.912,136.97
141.209,160.85
112.317,166.76
102.092,132.24
114.045,130.25
130.838,160.15
146.576,165.97
133.005,199.88
139.772,191.37
123.12,171.83
141.034,165.49
134.157,162.6
86.179,139.37
124.559,145.67
138.733,166.35
134.418,171.01
138.724,161.79
114.404,132.83
142.108,165.78
115.255,157.62
119.041,135.49
96.064,152.32
119.978,141.37
141.193,165.64
122.258,172.17
123.053,138.39
113.807,132.55
130.965,151.43
172.895,195.33
128.893,143.88
156.799,172.09
110.424,126.16
119.534,134.79
116.713,131.46
113.886,130.16
126.531,140.63
118.482,136.32
116.494,130.52
116.051,131.93
113.823,129.96
111.202,133.54
124.261,140.01
115.221,174.06
155.234,221.85
152.86,223.26
124.773,147.91
139.346,168.36
135.058,162.25
83.529,104.77
100.294,130.12
131.762,159.77
98.861,178.97
122.236,145.88
143.847,172.97
103.3,132.6
78.779,103.95
117.864,145.69
93.644,126.16
134.812,161.75
116.955,147.67
121.37,151.91
146.15,215.15
101.92,130.68
107.237,167.84
120.639,150.76
134.82,165.01
99.699,171.0
131.13,194.93
124.836,152.31
147.82,212.94
131.405,154.88
127.971,197.27
110.937,169.85
114.363,174.06
142.824,213.4
136.87,199.98
141.345,209.96
129.177,201.6
121.376,184.47
157.146,198.43
132.175,177.5
139.659,201.03
131.471,193.53
119.222,170.62
126.659,172.85
86.087,101.13
120.32,143.5
135.526,200.1
120.406,147.09
138.976,186.63
130.59,152.48
127.32,170.88
101.299,121.39
123.015,142.91
116.75,132.9
145.375,161.73
139.608,198.84
86.016,111.52
151.7,177.79
113.867,138.81
128.461,158.66
123.312,140.4
112.995,127.4
115.69,130.43
101.076,117.6
116.664,134.92
112.454,129.28
95.259,112.37
134.796,159.14
107.916,126.82
106.88,169.02
139.185,172.02
135.977,162.99
116.935,179.16
103.25,183.05
135.334,203.89
136.3,177.42
117.478,146.46
90.465,111.83
115.363,141.16
113.324,137.31
122.362,145.82
139.237,164.05
110.31,170.37
132.723,167.45
110.824,136.28
107.238,131.0
139.316,164.59
113.179,138.08
144.463,185.25
92.006,117.98
100.792,132.89
117.367,147.27
113.283,186.72
109.994,154.33
139.246,208.27
119.294,148.56
114.527,179.91
124.541,154.5
137.048,169.89
126.027,147.24
163.79,204.9
98.256,122.59
103.134,128.16
139.307,166.26
135.124,196.96
138.266,189.15
101.212,156.01
110.794,129.87
133.953,150.1
128.41,149.3
82.302,105.71
114.79,131.41
119.297,148.76
89.319,110.07
97.228,123.04
119.385,143.35
140.133,162.18
73.096,88.7
136.81,160.22
75.268,93.47
134.207,151.85
106.629,128.24
135.753,158.92
113.971,137.09
101.266,119.7
120.494,140.98
131.344,149.82
105.236,120.95
117.737,137.48
117.49,134.08
117.261,131.95
113.47,131.82
117.088,136.5
108.789,130.17
146.321,174.3
145.291,167.9
117.885,157.07
139.847,162.85
115.944,141.48
134.05,167.5
132.13,166.39
120.739,170.08
123.175,172.91
150.264,190.01
82.753,106.7
100.923,128.69
127.501,145.8
113.156,147.09
106.009,136.09
146.837,178.38
129.256,154.02
115.534,137.58
109.64,134.73
109.634,135.12
117.174,143.41
113.016,133.79
128.458,155.7
86.833,114.59
99.574,137.79
130.663,165.06
114.176,146.14
141.128,171.64
127.652,160.25
123.706,153.8
81.273,109.86
98.265,130.42
134.479,164.12
116.528,142.87
75.054,101.98
138.037,168.51
134.3,162.04
90.525,117.65
86.153,117.8
106.405,137.4
84.571,115.07
120.392,149.76
153.877,175.65
123.545,150.17
114.358,136.82
100.573,124.35
121.227,151.68
117.854,146.31
94.947,125.69
143.933,188.16
106.31,137.9
101.793,131.01
119.782,152.35
111.619,137.55
103.429,134.88
121.425,148.23
124.296,156.08
117.687,150.47
71.061,99.37
127.487,157.06
114.285,143.58
118.93,142.46
120.329,146.16
105.127,148.53
100.272,142.97
104.679,144.87
109.615,134.06
111.266,147.01
77.651,109.56
96.052,126.42
112.147,146.16
81.038,111.33
112.859,141.38
97.814,128.08
116.757,146.44
84.139,117.65
140.246,177.5
99.509,132.19
123.106,150.2
114.865,145.7
117.946,144.78
113.868,138.28
91.206,122.75
114.648,140.65
142.743,182.28
113.007,140.75
74.516,96.7
128.096,161.25
108.417,133.64
76.885,100.65
127.002,150.92
104.373,142.43
119.423,152.99
107.083,140.58
105.233,143.52
100.353,135.22
96.265,130.02
134.583,165.08
115.124,139.16
110.013,135.87
121.954,146.96
110.556,138.01
119.477,149.28
115.609,138.85
102.044,135.09
93.181,126.02
101.507,129.0
70.344,95.11
135.055,167.05
100.54,139.87
158.376,187.09
115.676,136.71
97.47,125.24
112.443,144.49
115.354,139.65
113.36,137.18
102.66,137.38
92.427,125.78
118.557,144.91
118.385,148.98
83.648,110.87
96.729,125.71
152.627,179.59
67.715,94.78
140.302,166.18
77.026,106.76
96.393,127.51
132.948,163.23
116.354,141.83
108.93,135.68
114.113,135.1
120.909,143.5
121.534,142.48
105.283,137.12
127.724,153.83
74.69,98.99
135.288,160.74
113.002,142.84
70.699,94.38
95.087,125.25
142.183,175.14
117.449,143.22
109.965,133.56
108.642,136.12
105.467,135.69
131.115,158.05
132.383,162.63
89.426,116.78
122.473,160.57
116.979,140.15
119.763,147.41
119.755,147.46
100.218,140.49
85.546,112.47
121.251,153.12
96.639,129.71
118.151,157.93
101.793,129.68
84.427,112.78
115.028,139.81
109.538,142.49
81.721,109.68
110.61,140.26
101.76,132.15
98.188,128.42
124.763,158.01
99.007,128.03
77.4,106.31
101.585,130.59
105.898,139.14
124.008,154.0
72.368,98.74
149.411,183.27
106.74,139.16
116.246,142.25
129.794,157.94
132.902,165.33
104.542,132.37
70.661,104.12
108.141,144.26
115.419,143.53
89.77,118.11
136.187,164.8
117.244,144.83
102.828,128.54
124.064,150.9
120.01,148.94
156.869,184.2
80.821,117.0
122.948,158.88
111.937,138.9
115.409,142.95
130.974,157.72
109.14,135.81
111.208,138.15
144.314,181.86
127.084,163.25
122.803,154.21
128.721,173.66
105.486,140.03
162.155,197.61
109.44,133.81
122.678,150.61
123.107,157.99
128.625,156.97
102.612,145.63
143.925,172.35
101.31,161.21
147.052,211.86
118.361,173.38
122.5,173.45
117.437,153.97
121.183,154.14
122.857,142.54
145.331,168.16
162.431,225.4
125.168,151.12
152.215,176.85
113.312,164.55
119.891,145.56
133.803,179.85
150.367,176.46
163.444,190.55
73.894,98.37
133.44,158.8
145.687,175.51
131.745,156.69
159.523,188.57
124.389,153.15
119.658,146.76
118.674,153.58
123.174,154.52
127.714,158.94
122.093,186.37
132.933,278.0
127.506,177.91
145.61,232.22
127.188,166.06
132.385,159.32
143.428,166.3
159.315,189.83
132.671,157.36
126.632,155.67
141.582,167.24
145.542,176.02
147.185,178.01
92.647,122.46
127.648,149.51
152.103,203.45
116.559,177.69
111.571,191.03
123.259,224.67
136.74,177.35
142.877,188.63
133.059,170.03
157.791,205.02
91.507,108.5
139.184,163.62
126.587,167.54
130.703,149.18
116.04,160.86
116.355,140.72
146.721,170.51
117.624,156.52
114.18,127.07
120.315,131.42
106.897,120.98
141.236,166.22
144.342,190.62
95.321,114.7
111.784,130.45
101.006,123.97
109.235,128.36
82.935,106.53
105.99,135.01
126.899,153.14
130.493,151.56
85.601,104.45
131.451,151.03
139.42,162.21
128.972,198.96
129.713,161.09
114.968,187.42
135.299,198.93
130.226,202.36
87.51,116.3
124.724,155.81
138.154,166.68
131.299,159.79
149.015,175.95
102.038,132.52
145.031,171.07
131.258,165.95
99.071,129.22
119.563,145.8
114.021,137.23
137.873,165.22
128.075,158.95
95.772,121.46
125.557,155.24
121.976,153.19
130.014,156.93
155.728,226.09
154.818,182.72
142.128,184.95
143.077,190.35
128.157,191.53
103.572,167.22
130.525,174.38
153.076,193.54
114.613,142.42
142.772,170.22
136.988,193.76
162.276,190.41
85.295,134.72
108.128,131.83
140.321,156.78
71.653,125.29
67.456,84.25
158.698,174.4
116.082,133.33
134.616,203.71
124.286,182.51
142.363,157.8
151.807,194.2
132.066,181.34
132.472,167.01
125.566,152.51
143.542,154.52
132.177,148.42
125.554,172.73
78.639,119.6
125.057,174.83
135.202,153.31
129.115,142.99
70.882,117.04
75.687,94.66
75.044,95.51
150.46,169.16
143.738,177.77
170.394,207.91
165.247,225.49
135.566,156.67
129.46,191.1
108.225,144.93
134.52,155.54
100.948,125.92
96.037,120.7
106.836,173.56
74.039,99.58
96.681,117.53
137.198,164.72
126.766,162.67
137.802,176.78
140.693,168.68
134.288,160.82
135.008,155.97
104.522,165.9
135.416,164.61
147.335,175.73
119.606,164.76
120.019,153.31
150.304,178.85
119.157,148.09
146.968,177.1
71.946,104.3
124.456,152.92
102.993,180.74
116.768,188.21
132.884,199.44
162.526,232.79
153.023,196.19
155.421,184.47
158.28,184.76
131.449,156.36
116.374,138.34
114.886,141.47
104.486,131.62
116.726,138.55
129.484,157.18
112.797,142.51
138.512,163.41
119.088,142.5
118.689,144.22
115.175,140.05
118.481,146.54
143.981,183.51
115.764,141.01
74.982,100.33
132.276,160.28
145.324,173.02
118.994,142.59
90.288,111.85
129.81,156.19
114.516,141.18
132.949,158.43
120.606,144.87
121.429,142.49
126.223,150.21
122.203,145.24
125.83,191.36
114.879,168.12
142.246,168.47
144.33,183.73
116.929,161.64
117.012,132.8
135.958,153.3
138.342,168.13
84.865,108.79
160.477,184.4
69.279,91.49
113.07,140.87
106.942,134.51
112.437,136.97
94.864,119.98
80.81,107.7
108.159,137.86
84.668,112.91
101.167,133.88
125.901,150.9
119.208,194.5
72.427,97.15
148.396,179.3
128.08,156.59
145.905,176.4
123.804,156.92
128.684,155.05
82.641,155.17
100.154,129.75
133.516,160.05
124.789,149.57
95.071,124.77
137.298,169.31
96.176,124.39
115.089,144.18
116.951,142.04
115.024,140.08
107.818,134.67
136.148,163.21
98.528,132.32
108.291,138.87
115.102,142.47
112.745,140.11
115.991,144.42
101.899,126.88
111.582,143.64
128.843,165.61
124.854,163.58
119.06,173.0
122.816,160.08
129.041,165.54
131.954,164.18
1321.694,1351.13
136.385,171.89
139.934,155.62
116.917,153.68
153.259,169.38
120.448,167.92
117.499,171.92
119.755,138.7
118.632,155.02
104.318,128.21
96.035,115.36
121.03,139.07
101.424,123.76
102.624,127.19
115.238,138.78
99.879,125.41
104.054,137.0
116.042,143.0
151.652,173.42
92.205,120.06
90.507,117.07
144.443,166.67
106.271,126.44
80.986,106.4
111.532,137.7
177.488,217.47
134.327,170.13
107.419,129.17
71.88,91.27
72.228,93.43
69.184,86.57
69.293,87.54
90.531,117.52
112.951,133.02
124.561,152.1
113.593,139.18
98.723,126.19
130.692,157.66
134.674,161.2
117.675,144.87
102.945,129.14
124.46,153.14
126.126,153.77
124.558,151.81
112.77,149.28
136.865,154.89
146.52,167.84
98.965,124.69
101.833,125.24
109.28,133.67
127.408,152.32
110.159,134.79
87.268,113.44
73.692,100.65
102.094,131.91
139.88,167.19
100.347,124.9
75.899,103.56
93.91,126.36
113.418,139.42
88.604,119.37
133.07,163.54
97.702,126.94
105.978,132.38
106.976,135.66
95.138,120.9
110.377,141.3
99.877,130.64
117.791,148.76
124.124,158.95
142.436,169.96
120.693,155.54
140.619,167.91
154.837,212.35
123.311,167.3
138.642,172.74
156.678,188.24
72.057,97.86
117.418,181.34
111.339,125.12
109.125,125.28
114.782,129.34
90.67,105.33
101.845,125.39
96.187,121.52
104.116,122.8
82.966,102.48
116.951,132.03
106.842,126.69
122.026,144.59
152.984,175.21
128.303,148.36
137.942,214.4
140.348,172.23
108.459,136.16
139.231,202.48
130.071,204.2
107.385,164.24
114.044,160.02
125.823,178.05
162.444,202.26
100.9,126.15
115.969,152.77
129.665,193.7
108.085,171.34
110.045,176.02
117.924,193.31
113.359,138.36
82.225,104.86
108.331,135.0
72.707,95.61
88.563,121.4
101.365,129.34
134.272,161.44
138.26,163.54
115.307,141.78
72.853,95.48
71.306,90.22
67.546,90.25
67.443,91.12
104.424,127.05
114.797,139.52
69.357,92.61
68.27,92.06
123.827,145.5
143.375,169.77
126.378,151.85
119.19,147.61
125.55,150.04
151.117,214.81
127.059,152.38
143.376,201.8
114.683,160.13
113.571,139.28
116.497,136.38
120.684,142.58
146.45,205.8
133.062,149.81
149.373,167.53
154.161,173.11
128.892,181.28
135.605,157.43
139.163,193.81
116.936,168.02
116.26,134.11
148.981,165.58
145.449,165.55
132.509,147.66
107.91,125.73
87.956,104.88
99.832,116.45
140.251,166.84
127.878,189.09
140.755,171.78
139.666,161.42
123.541,179.72
118.499,165.22
113.38,152.23
140.262,208.11
133.127,174.07
133.951,159.62
115.955,139.93
113.062,133.87
109.115,131.84
114.173,137.58
121.748,151.05
139.918,168.87
108.34,140.55
115.826,145.36
135.463,176.15
108.223,133.29
113.302,141.09
118.332,150.24
120.584,150.19
127.959,155.24
98.962,123.51
140.731,171.38
131.427,162.57
116.809,144.38
121.367,155.19
162.691,192.57
135.607,164.79
82.019,136.2
126.097,141.9
125.045,148.03
88.165,109.66
93.492,117.68
79.738,102.63
91.521,114.91
93.994,126.73
105.72,129.02
120.787,152.38
73.054,123.98
126.123,140.29
104.794,123.43
131.351,143.52
100.092,125.73
113.421,128.43
144.658,162.24
113.811,172.1
99.631,119.55
76.468,106.28
165.231,215.47
138.019,160.95
97.929,115.36
75.484,88.59
131.596,145.8
83.652,101.83
72.59,87.09
74.437,89.8
74.285,85.4
97.501,111.31
110.385,126.44
158.613,181.24
122.215,177.27
134.478,157.23
153.443,173.77
119.877,142.74
118.363,178.76
99.055,162.09
160.31,205.33
161.057,185.88
122.444,139.98
107.866,133.48
76.441,93.55
90.501,106.11
77.126,98.55
133.381,149.02
115.02,147.62
100.421,124.91
166.52,185.76
107.122,128.86
66.979,88.3
119.455,148.93
99.345,124.78
73.692,95.17
117.664,146.72
128.993,158.14
116.904,139.38
66.484,125.62
111.607,160.41
1264.473,1311.48
129.059,148.77
140.883,154.27
94.63,107.15
90.996,103.96
132.218,143.38
111.38,132.47
120.562,138.1
107.642,120.13
88.182,102.99
84.253,97.21
126.788,140.97
140.844,166.13
128.45,146.72
133.045,154.01
128.537,146.49
116.945,144.35
117.19,144.16
141.068,159.18
117.589,134.59
111.619,127.54
120.768,184.66
135.132,166.02
117.937,139.31
107.723,144.94
114.616,174.09
129.288,182.27
125.379,180.42
108.982,130.79
155.875,212.56
133.076,190.15
129.12,195.54
131.094,158.85
111.155,229.69
109.463,135.88
116.278,140.12
120.484,148.24
100.373,132.78
116.724,132.49
120.472,144.12
82.122,135.11
156.863,177.11
87.698,105.93
81.843,108.25
115.871,144.12
88.505,116.5
141.522,163.51
106.688,127.71
96.072,120.17
138.197,161.05
119.513,148.94
119.644,140.03
110.651,128.31
115.649,136.79
134.194,154.24
123.452,149.46
126.263,150.29
90.547,109.7
107.543,127.25
89.07,108.38
111.853,134.65
130.467,153.95
142.15,168.11
77.278,108.23
104.492,125.39
103.289,122.64
74.428,89.55
72.656,89.2
71.781,87.89
114.142,130.17
121.298,146.38
123.997,148.56
165.584,190.69
143.435,162.74
116.539,178.81
120.832,144.44
96.47,120.87
71.546,91.16
70.743,91.59
72.794,100.6
73.097,97.26
74.975,98.0
70.374,91.69
74.218,95.69
74.56,96.19
73.027,93.09
75.525,97.56
73.51,94.53
72.057,96.16
72.016,96.02
113.793,139.1
63.577,140.63
104.975,150.32
131.309,161.6
116.363,148.24
113.989,150.59
138.397,170.79
151.212,183.99
142.724,181.6
133.356,164.05
120.377,148.33
141.118,167.73
155.548,184.67
103.509,136.64
115.289,148.57
125.108,155.47
154.567,187.17
113.188,139.66
161.113,186.25
122.005,151.02
126.111,159.03
138.431,169.83
141.03,173.81
116.232,143.7
107.044,133.2
131.992,167.98
134.27,162.72
129.501,158.13
124.365,158.05
112.773,126.47
96.047,139.9
155.558,186.58
98.747,148.67
78.376,91.95
113.923,127.75
126.521,153.59
137.689,155.57
123.908,139.99
112.009,130.07
113.892,129.26
120.178,136.47
117.783,138.23
111.845,131.0
106.897,126.84
94.163,145.79
156.54,174.86
134.614,165.26
110.864,131.16
97.974,134.72
75.079,95.98
96.675,118.46
126.995,157.62
151.911,178.42
100.636,120.88
67.919,84.98
68.698,87.42
116.18,131.65
138.638,159.28
94.946,115.23
140.36,199.26
164.05,213.74
146.933,163.51
151.116,198.35
114.445,157.73
64.031,76.29
73.143,85.13
91.208,102.94
150.768,167.11
98.676,139.01
88.476,132.83
78.166,99.55
114.855,129.76
106.433,127.67
147.572,163.29
123.796,139.28
124.291,148.64
112.714,130.43
105.32,138.59
131.805,147.51
102.58,151.85
106.667,170.85
137.29,164.73
138.376,168.06
117.099,146.4
90.136,117.68
137.859,161.55
130.294,201.28
124.334,145.69
150.431,174.14
159.668,190.22
1328.273,1378.85
129.134,165.74
114.963,165.59
101.847,121.95
122.707,139.91
141.643,159.05
120.562,142.61
103.875,123.59
151.87,179.3
133.283,151.05
110.888,147.0
72.387,90.55
69.088,86.3
98.75,116.79
80.41,103.0
76.56,93.22
74.754,94.17
75.378,92.04
139.674,162.51
103.251,137.17
136.234,161.11
142.252,169.85
116.743,144.27
137.348,166.32
133.066,160.14
123.313,157.44
120.722,146.49
105.592,133.46
91.954,122.56
98.945,130.32
136.94,162.06
133.679,157.72
145.29,170.93
127.838,150.17
99.438,127.3
119.371,151.61
153.283,189.53
72.324,102.44
136.932,167.82
104.852,179.84
113.8,185.89
130.451,228.37
119.962,165.17
121.065,164.99
109.032,148.2
100.07,114.69
85.996,103.05
120.407,136.56
96.974,113.7
116.27,134.92
92.699,110.8
84.383,104.24
95.212,114.27
97.344,124.3
113.08,131.42
131.267,148.59
129.286,148.2
125.114,191.06
109.196,132.37
86.257,115.68
104.415,135.34
111.979,139.44
122.607,150.65
122.054,147.95
122.182,148.98
116.837,148.04
77.068,108.67
112.582,148.84
110.056,141.91
81.586,111.99
98.429,127.68
98.663,130.35
111.97,137.78
97.323,134.87
93.054,122.61
113.489,138.91
107.394,151.75
152.691,184.3
115.182,142.72
115.224,144.78
135.683,162.19
93.899,125.12
93.381,123.46
114.271,144.14
113.522,138.13
149.718,182.14
113.053,138.46
126.097,153.22
118.454,147.62
152.738,184.05
114.993,141.58
110.962,141.17
116.767,142.97
119.041,147.5
144.616,168.13
107.989,180.27
120.329,181.24
141.097,171.01
104.376,128.92
142.067,169.35
119.789,144.32
124.592,148.09
119.29,180.78
141.599,158.03
128.444,149.84
106.44,121.87
72.169,87.63
76.186,89.95
73.091,87.13
70.238,84.09
68.829,83.91
70.932,85.76
75.695,87.64
123.703,138.21
135.891,151.84
134.427,151.8
137.164,200.54
143.175,180.83
124.324,148.49
134.798,159.85
137.146,158.19
142.013,167.88
121.236,144.58
140.409,164.5
157.712,179.65
117.503,137.77
140.68,169.24
110.328,132.33
130.85,156.06
140.292,164.91
127.916,153.48
153.591,176.26
131.553,156.05
85.856,130.24
110.866,126.56
109.574,124.19
129.152,155.05
124.66,143.13
108.621,131.13
108.742,129.26
117.678,138.44
118.618,144.33
97.419,160.32
113.982,136.44
111.414,138.36
103.388,127.32
111.207,138.1
111.207,133.65
112.335,136.47
104.614,130.17
118.853,145.17
141.393,165.49
111.67,141.44
151.158,174.9
113.331,137.17
103.728,128.84
111.344,140.34
118.609,147.56
93.173,127.39
108.902,134.13
86.431,113.72
87.823,118.54
117.408,148.74
143.577,170.15
119.327,189.95
162.812,220.03
107.498,129.76
116.298,140.5
85.394,106.12
129.286,154.11
80.815,104.59
121.726,152.01
109.876,134.27
121.046,141.75
156.909,190.1
137.794,160.95
77.308,99.63
111.955,133.22
122.363,153.37
96.081,118.09
115.686,142.82
105.889,142.79
129.395,162.73
161.209,211.33
133.688,178.32
140.843,195.66
141.823,196.76
73.368,120.08
116.516,164.43
124.038,177.38
99.161,152.29
169.721,196.3
150.532,174.78
133.62,156.29
115.776,146.86
134.886,178.51
128.23,181.44
126.389,174.76
151.883,169.72
113.932,128.35
118.274,133.5
130.069,145.94
102.463,119.93
91.416,109.93
113.817,129.75
110.092,128.53
117.373,142.88
109.397,131.63
78.924,101.42
110.936,136.47
104.849,127.33
72.533,91.29
70.092,89.57
70.583,90.11
76.452,97.72
68.639,87.52
108.274,133.29
69.852,89.95
67.758,91.18
87.537,108.25
135.274,163.99
152.063,216.02
160.813,189.37
143.13,173.08
127.366,174.51
125.466,143.49
127.717,145.1
130.461,183.47
140.041,164.54
123.761,183.96
128.436,190.11
132.175,170.19
124.008,167.77
106.451,134.0
128.445,159.13
103.013,144.53
129.536,159.83
132.762,162.39
154.281,184.33
136.319,158.84
122.642,192.36
155.966,185.18
121.594,173.03
132.394,192.94
108.574,165.84
144.69,207.72
130.264,179.88
165.164,229.11
124.285,173.78
148.381,187.22
108.0,154.71
149.335,195.63
98.92,153.21
133.072,176.66
106.891,147.23
120.385,136.34
144.891,201.8
142.172,198.51
138.655,196.13
135.171,185.59
121.472,173.59
145.388,203.5
177.632,251.26
138.22,185.69
107.755,162.86
152.044,210.24
135.221,184.24
120.889,173.09
108.289,150.81
124.486,158.55
123.814,152.43
137.496,181.8
164.906,234.16
127.627,177.92
122.312,165.1
130.074,168.48
114.678,152.99
140.324,154.81
101.836,147.27
101.977,133.9
98.462,158.36
135.75,183.5
114.083,163.67
102.18,155.18
72.113,113.75
71.88,84.99
75.372,87.16
113.943,129.15
138.025,154.72
148.561,202.72
143.753,191.22
143.464,193.37
134.042,185.82
133.111,188.34
141.629,170.06
158.588,215.76
126.938,174.5
123.517,183.51
127.637,184.89
128.241,188.06
120.258,156.84
123.354,173.96
128.699,186.62
122.058,183.07
146.499,204.5
127.995,189.42
128.982,183.12
145.152,213.39
142.905,210.65
106.612,157.33
129.097,166.26
122.016,177.94
135.176,189.92
75.921,109.18
117.778,144.05
74.102,104.82
98.526,133.31
81.687,134.08
136.331,190.22
133.357,181.64
144.401,196.81
128.85,172.39
109.647,158.48
106.469,163.26
158.415,219.2
148.263,205.65
135.552,187.45
138.627,164.07
121.91,146.23
132.845,154.13
142.439,164.56
129.531,192.65
129.124,187.32
125.251,180.22
109.407,161.12
113.219,167.4
172.527,223.91
120.749,186.28
147.839,204.28
132.83,193.46
149.652,210.29
153.55,176.43
136.086,161.25
126.865,151.76
129.635,153.02
133.294,152.38
103.652,130.1
137.695,164.97
154.515,177.96
156.513,180.73
151.287,179.78
139.397,195.52
136.772,173.62
105.261,174.42
132.678,162.37
128.687,156.47
77.752,124.8
74.587,126.62
126.15,141.5
81.823,103.8
131.104,154.05
118.607,138.49
124.218,145.37
114.484,134.86
138.437,176.85
157.63,183.7
76.612,96.57
120.416,152.56
89.088,112.74
109.109,132.6
118.312,147.63
88.0,111.94
83.099,108.86
116.399,145.51
100.167,127.29
105.329,130.99
147.549,176.31
120.94,142.73
101.522,126.07
116.384,140.74
111.711,136.47
120.332,143.33
135.193,156.22
149.962,171.04
142.688,167.62
119.118,147.29
112.951,134.78
149.857,172.64
71.474,94.99
128.437,159.61
107.024,134.79
118.025,140.76
102.756,125.69
119.473,144.71
108.729,133.08
104.375,126.45
117.23,143.16
136.698,157.89
109.467,133.5
87.835,109.47
116.708,145.26
135.438,155.38
104.783,128.93
110.818,148.16
145.732,190.42
107.693,180.94
115.734,190.75
111.269,178.7
123.632,147.48
122.038,150.64
119.44,149.31
108.848,135.72
117.133,146.47
109.907,140.06
111.736,139.3
110.205,134.06
120.757,145.1
114.131,137.41
115.925,138.91
128.508,155.8
145.24,212.51
121.371,164.0
129.826,152.75
155.888,182.79
130.599,154.97
104.68,125.03
126.44,149.85
114.505,135.68
76.939,96.79
121.373,144.76
162.191,187.87
136.236,158.14
106.208,131.52
157.531,183.93
148.587,172.51
119.98,196.85
119.864,150.14
112.926,138.81
99.732,146.66
109.456,142.55
104.42,129.94
110.945,139.15
126.781,160.11
123.871,157.56
138.708,217.76
109.963,151.06
104.14,128.68
140.361,170.55
118.507,183.69
85.949,115.13
152.935,187.33
146.481,172.85
111.51,149.42
130.304,162.19
132.8,158.27
129.569,158.05
134.705,189.09
132.896,158.54
158.463,222.19
119.145,145.54
71.583,121.68
70.624,103.56
74.478,89.44
133.035,156.43
117.281,142.22
116.06,133.86
93.807,132.29
132.926,152.6
121.536,142.49
127.733,149.11
118.294,139.97
113.126,136.3
115.446,136.43
104.041,133.16
115.383,142.12
95.056,122.29
104.044,136.96
107.92,143.58
107.187,139.64
94.12,123.49
108.032,138.56
70.502,98.65
140.123,171.7
116.77,147.05
109.339,135.2
104.194,140.65
104.203,141.04
147.908,180.83
70.253,95.41
120.568,150.06
139.46,171.1
117.8,139.93
90.742,121.45
74.889,108.37
70.655,97.03
73.336,99.13
113.922,138.85
112.308,147.09
124.315,151.0
129.166,159.9
133.06,180.06
106.988,178.6
146.457,218.4
128.705,160.4
141.483,173.45
149.3,176.65
127.196,156.27
117.955,146.53
155.641,184.15
125.643,155.2
129.43,158.85
127.904,154.11
159.255,192.69
143.811,206.5
139.357,157.81
147.749,167.82
141.742,161.04
130.431,152.8
121.999,143.92
135.677,159.09
118.399,150.13
125.125,147.73
132.342,158.13
120.054,139.98
130.743,200.9
84.165,113.9
118.155,145.07
83.445,111.26
110.59,142.48
108.38,138.9
122.27,150.4
113.664,133.48
140.248,164.72
99.561,128.43
124.804,147.11
96.333,120.95
68.451,93.16
139.599,167.03
137.2,160.02
114.087,145.96
110.395,135.49
111.24,132.41
135.59,158.59
134.345,165.26
123.461,151.41
136.663,166.07
118.623,184.37
123.967,186.05
120.714,183.26
155.821,222.67
129.741,186.79
150.942,211.74
131.77,157.45
77.244,118.44
119.981,138.5
114.561,132.44
116.985,138.47
110.516,137.87
109.878,137.37
100.896,140.48
135.461,161.26
70.514,94.79
98.848,126.66
93.906,122.05
94.158,125.58
96.827,126.12
102.955,136.2
133.872,164.23
113.31,145.4
143.645,212.81
125.743,188.91
134.384,156.55
136.727,225.5
75.839,104.1
130.343,158.48
158.805,190.08
120.173,145.26
103.723,137.19
130.413,162.81
86.934,117.1
134.184,171.18
121.341,152.49
120.357,149.86
122.05,155.06
94.448,129.22
157.522,195.64
123.161,167.25
122.319,161.65
125.967,164.76
101.43,139.17
75.661,104.25
137.881,171.07
103.335,141.13
120.531,150.36
127.31,196.62
118.435,173.23
113.383,142.5
118.965,145.96
131.993,159.48
103.858,136.35
93.275,125.38
117.725,145.25
95.819,133.69
114.229,144.25
137.491,210.65
138.664,166.75
119.102,142.88
120.308,147.83
115.169,189.92
146.778,173.09
112.195,145.44
116.927,149.16
159.31,278.41
125.477,165.83
137.165,187.69
130.413,161.7
71.31,113.35
110.818,136.96
108.617,138.7
139.853,169.5
101.624,128.69
114.343,149.87
176.117,206.75
120.75,146.6
113.416,146.5
105.426,146.39
92.853,125.76
121.728,154.36
98.527,132.15
93.479,128.09
125.658,157.97
89.576,115.43
116.716,146.99
111.026,144.73
138.741,171.67
124.31,148.78
101.946,127.53
127.955,162.19
118.486,160.02
155.319,183.18
133.762,167.46
144.821,175.37
168.885,198.01
111.639,147.66
94.196,124.09
99.629,129.46
99.192,129.74
111.86,157.97
114.422,147.01
79.049,105.19
118.419,155.43
114.082,141.51
115.381,140.02
113.534,138.82
103.586,144.11
101.439,138.33
117.581,150.57
84.21,112.21
109.568,141.25
108.542,141.72
91.539,124.38
127.103,161.21
122.784,154.61
114.242,143.82
100.819,131.55
101.471,131.48
133.452,161.91
96.241,127.18
106.784,141.86
78.915,110.35
132.223,167.15
102.083,132.48
104.908,134.93
114.607,141.57
136.82,162.99
140.092,167.33
128.317,162.33
77.827,110.04
128.045,159.44
101.08,133.4
131.273,160.26
122.54,150.71
169.571,197.24
78.915,112.22
104.094,141.91
126.896,169.8
117.505,144.43
119.638,154.69
157.628,198.52
119.953,160.93
121.435,157.71
113.163,152.05
138.367,179.74
111.138,145.0
117.778,155.82
145.935,190.09
107.232,152.45
131.431,173.88
92.254,136.35
126.69,166.16
95.484,133.56
137.35,175.55
125.955,167.31
129.054,166.3
154.78,187.43
120.873,158.67
118.31,160.4
134.159,175.64
123.526,164.89
112.582,144.72
103.117,138.68
114.804,141.74
90.128,129.16
114.781,145.68
107.995,157.01
139.613,175.32
121.766,164.8
129.554,171.84
110.493,150.94
124.964,161.93
75.14,99.12
73.096,97.55
91.748,120.78
112.91,137.67
95.287,119.85
116.617,146.59
132.63,161.23
124.991,158.68
132.635,166.12
122.231,150.3
155.694,184.91
139.855,168.78
73.083,105.59
112.123,142.41
136.576,170.15
116.233,148.47
109.48,141.79
99.592,143.46
147.215,183.6
115.788,141.86
115.163,140.57
119.073,145.78
107.622,137.99
101.83,132.05
108.273,149.19
92.262,125.1
82.497,113.98
92.9,126.79
100.733,130.09
115.659,146.82
96.781,128.39
79.447,111.23
91.965,126.44
115.881,153.44
124.235,158.96
119.055,146.85
101.808,128.14
113.644,142.07
108.537,136.22
98.486,196.17
88.351,123.16
146.037,179.92
113.989,140.32
115.453,142.8
137.329,163.36
115.414,141.14
136.243,166.83
88.652,124.23
95.946,131.62
134.12,167.45
118.277,146.19
117.111,147.69
119.861,146.22
101.12,133.03
98.48,131.44
99.325,131.6
101.303,135.34
116.343,156.97
107.101,140.68
122.01,152.01
120.408,148.35
69.742,96.92
68.901,97.93
67.119,94.87
102.076,131.98
144.099,174.15
151.943,186.97
152.208,182.17
134.308,173.64
160.521,189.82
125.961,160.09
132.447,163.38
108.018,141.84
129.118,163.92
121.551,158.3
128.97,165.65
94.11,126.59
135.441,171.91
122.119,155.83
105.508,155.4
114.55,151.8
93.263,133.87
131.441,172.81
120.939,165.61
115.813,146.65
138.978,183.67
118.819,160.6
75.869,120.82
114.025,167.7
135.994,167.4
98.756,146.62
112.411,149.95
100.132,141.73
116.668,154.89
113.538,143.77
118.661,152.43
94.86,137.08
148.25,185.02
118.648,149.41
104.483,146.9
145.932,181.85
125.284,196.71
124.442,149.0
127.75,150.89
104.066,129.52
133.796,158.25
106.478,131.52
129.927,200.81
141.135,168.33
117.863,142.67
122.677,200.01
129.69,190.74
137.474,196.82
123.398,154.08
138.145,207.19
127.155,158.38
115.781,146.21
105.323,120.67
187.538,225.47
120.423,141.67
67.103,84.92
79.188,95.71
67.954,85.4
152.482,174.44
130.199,153.34
139.455,162.49
126.994,154.38
119.218,141.7
104.449,125.93
106.596,131.82
109.086,130.84
113.773,137.51
125.17,143.37
93.803,120.64
83.747,111.93
104.058,127.26
117.937,151.65
103.63,131.87
124.979,147.6
131.3,205.02
117.915,142.18
115.448,140.86
123.119,155.92
113.604,146.3
77.732,105.07
135.637,171.55
109.725,134.27
125.069,153.62
147.262,178.54
100.588,157.68
125.157,151.98
110.06,128.36
134.891,155.97
115.145,136.9
118.847,141.97
123.319,148.44
142.791,173.99
98.54,125.81
120.2,154.87
103.623,138.98
140.924,180.99
132.581,168.28
153.189,185.64
126.551,158.86
131.836,156.79
150.317,182.71
119.402,147.32
109.393,133.31
144.689,175.15
123.005,182.97
119.017,193.08
101.634,140.16
113.033,143.76
84.885,116.8
103.499,135.0
150.379,184.87
123.726,151.17
155.23,192.24
105.347,135.72
123.301,160.96
115.585,153.07
87.176,121.56
160.778,207.52
96.398,128.64
127.092,162.64
164.868,194.25
116.954,154.54
117.302,147.86
114.298,140.58
117.16,155.4
130.507,173.03
121.447,155.92
115.974,145.97
73.116,105.59
116.726,148.57
128.447,158.17
138.361,171.69
144.094,176.89
140.621,181.28
75.054,103.69
76.735,101.55
68.803,105.38
65.1,97.64
67.597,100.41
113.037,143.19
147.289,189.22
119.972,154.74
119.594,199.52
93.502,162.92
107.199,139.78
108.068,132.1
144.221,182.43
122.244,154.63
102.674,134.32
71.124,97.96
72.052,101.07
156.206,190.01
140.769,168.03
147.884,216.31
162.951,185.83
149.329,177.25
123.692,142.5
135.113,213.9
127.367,153.65
163.189,192.37
137.019,161.11
131.147,155.34
105.006,172.65
119.015,144.86
97.145,123.58
133.422,192.65
109.961,178.22
107.175,136.96
108.252,135.37
99.839,174.7
152.301,196.04
130.746,186.83
101.626,128.09
73.402,92.18
73.684,92.41
73.323,88.66
73.923,94.01
71.614,92.88
117.566,137.58
129.831,156.44
150.957,176.53
172.393,203.29
152.815,180.0
90.907,124.53
121.503,155.31
131.213,165.58
156.372,191.04
117.234,151.94
117.941,188.19
141.104,165.74
144.118,167.05
76.384,146.12
75.206,106.79
110.928,148.24
136.068,171.41
108.195,141.01
120.494,159.04
139.529,168.78
141.619,177.18
160.522,191.38
102.14,142.36
73.167,100.23
68.278,92.23
148.727,174.59
133.762,163.99
117.567,155.45
132.143,158.64
142.713,172.62
135.389,166.33
134.414,171.14
128.504,163.81
141.281,225.83
145.366,184.95
139.499,164.59
115.456,147.97
107.297,143.68
142.408,170.18
161.521,200.87
110.596,166.01
155.699,211.62
124.689,181.93
114.177,156.48
112.865,142.1
107.867,127.71
121.042,140.84
136.063,160.09
110.096,135.25
69.454,119.01
76.242,96.57
75.896,98.99
108.99,130.63
137.932,167.58
134.807,161.43
136.246,171.74
132.898,170.87
145.341,179.39
142.048,177.62
123.921,206.12
125.615,160.21
115.999,151.83
110.027,143.4
136.518,175.2
127.116,162.13
117.165,149.14
141.757,167.72
109.146,147.81
136.851,164.59
89.861,126.58
118.339,143.27
130.347,166.86
126.083,161.16
92.105,121.3
72.503,105.21
66.906,92.42
75.667,99.97
76.953,99.95
73.281,95.43
80.084,108.67
119.195,145.17
107.612,145.41
125.674,162.3
149.034,207.03
138.682,188.32
165.753,204.98
110.318,145.17
127.517,158.7
71.073,104.94
77.551,101.31
139.429,178.22
833.735,869.1
123.687,130.36
115.699,125.33
132.93,143.73
150.13,181.56
138.341,157.19
68.95,90.81
126.343,140.24
81.961,98.12
87.018,101.74
117.199,137.82
134.265,156.48
137.794,167.86
153.247,187.63
123.998,147.09
127.347,151.09
139.352,158.25
123.848,147.43
150.433,173.75
149.193,181.45
151.271,183.33
145.149,171.48
149.567,173.25
113.291,141.37
149.365,182.72
127.867,158.3
118.522,146.09
109.807,138.89
152.806,186.13
115.602,151.93
145.008,180.96
155.911,200.88
100.996,127.25
120.434,147.29
116.147,139.42
121.019,153.38
100.212,132.47
104.072,142.53
110.732,148.32
122.65,168.95
124.982,159.6
149.609,180.73
130.884,192.37
119.142,140.48
119.955,141.16
95.76,119.24
142.683,164.23
83.837,106.83
70.29,91.62
73.433,89.56
71.595,88.96
71.932,93.13
118.816,137.81
127.246,158.54
129.127,151.29
121.222,148.88
152.903,178.25
122.748,139.68
131.493,154.92
144.956,170.0
160.757,205.47
116.383,179.43
119.312,160.61
121.986,160.0
122.249,191.55
119.288,182.65
126.012,177.62
114.26,147.67
130.536,199.7
126.469,156.88
146.442,173.32
89.007,118.46
82.559,141.83
82.084,120.06
112.484,132.03
139.963,157.23
89.373,114.97
100.567,126.43
135.01,150.27
118.016,144.04
142.961,171.81
116.077,135.68
110.167,159.99
99.12,122.58
126.365,175.27
115.529,135.01
126.88,145.86
120.611,146.69
145.649,169.82
118.038,165.65
112.948,143.12
121.248,142.25
136.407,181.76
93.965,126.9
103.334,133.73
80.36,107.4
103.101,138.1
98.337,127.84
95.849,121.97
120.306,141.6
124.995,146.97
86.177,109.8
90.649,121.25
130.898,150.89
79.486,104.66
96.293,122.96
111.338,135.52
94.85,123.69
89.819,121.1
91.208,118.26
96.957,125.24
95.082,123.69
108.337,136.83
97.382,135.61
113.867,140.21
96.934,123.93
114.264,138.59
141.813,169.85
68.793,96.52
130.098,159.53
113.666,141.98
84.607,106.99
87.118,116.29
78.071,104.74
99.215,125.58
128.343,152.82
76.345,106.74
132.485,174.59
146.997,177.81
99.0,123.46
141.756,169.28
77.094,137.65
101.431,164.96
135.731,249.3
130.544,184.99
132.518,185.03
98.861,142.25
149.589,169.09
129.064,147.82
130.994,150.03
115.427,142.45
113.493,169.6
103.816,156.35
94.627,143.07
137.364,177.05
119.349,176.26
97.159,114.93
125.513,149.13
128.093,150.96
110.051,133.79
129.347,153.22
113.519,134.44
110.135,129.98
131.386,153.09
105.671,130.42
131.865,184.79
120.256,147.07
90.553,146.22
93.546,146.9
74.773,97.55
133.228,153.25
71.358,89.13
119.638,160.34
104.413,126.82
150.56,171.27
67.756,89.14
114.383,134.49
101.836,128.99
110.945,131.75
135.405,157.14
122.25,146.16
126.824,154.38
108.711,129.54
113.909,135.53
107.925,134.71
99.87,121.23
86.232,111.84
74.371,105.44
89.73,112.9
92.298,118.19
120.88,150.01
115.898,153.19
76.446,100.8
85.693,116.42
111.499,137.06
104.708,128.63
108.297,134.94
115.397,139.14
99.987,128.48
93.33,122.42
133.599,161.88
99.987,166.01
102.925,159.35
113.56,141.13
158.117,185.19
138.856,202.1
112.772,180.38
128.744,157.27
142.781,174.28
110.713,140.6
126.081,156.13
91.491,119.72
71.657,94.92
147.685,178.24
103.857,131.34
142.838,167.69
115.881,139.61
105.499,127.17
104.698,128.75
111.387,138.31
119.357,148.1
115.546,135.65
132.31,155.11
143.142,166.51
97.99,152.62
171.163,198.18
132.59,191.06
138.007,170.81
127.502,151.68
129.145,182.52
113.38,132.32
95.044,115.37
103.282,125.08
95.464,120.22
97.781,121.14
123.72,146.86
109.279,131.6
99.348,124.98
118.419,147.2
106.351,133.99
152.306,179.39
117.369,141.31
114.839,134.31
114.52,141.02
117.542,140.36
110.795,135.97
124.466,151.89
115.481,152.45
73.657,99.51
102.83,129.0
136.918,164.67
118.243,141.99
106.638,132.53
111.152,134.91
72.952,97.25
69.43,91.67
131.952,158.28
101.735,138.4
89.512,118.91
121.864,159.77
115.757,142.4
139.994,167.48
107.528,128.98
71.899,95.27
113.464,135.75
111.892,138.59
133.718,202.5
135.971,163.6
108.831,131.54
99.743,121.17
112.868,135.84
110.381,133.52
101.82,132.79
75.17,96.03
99.653,130.47
96.384,124.53
100.907,129.66
110.987,137.81
94.76,121.64
111.008,134.71
112.789,139.57
130.555,156.84
120.745,141.6
125.102,148.93
111.177,166.08
108.85,128.87
77.51,92.31
99.71,122.57
130.415,146.77
97.199,117.3
113.386,128.31
72.785,88.46
112.809,128.59
124.452,140.36
123.876,139.92
151.223,219.62
141.505,170.95
125.484,194.43
114.169,176.86
100.262,159.17
132.063,191.17
77.256,133.47
145.436,204.01
133.231,164.46
123.599,159.71
124.978,178.34
103.39,124.59
125.779,144.7
116.406,134.9
111.368,130.25
124.373,143.55
119.112,137.73
98.326,143.17
82.431,101.94
86.005,126.14
111.76,127.57
116.082,131.16
111.865,125.93
72.675,87.9
118.647,136.63
144.813,162.35
114.222,135.1
93.148,116.21
151.299,167.18
93.552,114.18
72.151,94.34
109.666,128.72
117.195,134.21
107.371,126.3
112.808,131.89
110.921,128.25
129.823,149.95
90.641,115.61
116.0,139.79
115.528,138.35
93.777,137.74
125.28,149.97
92.765,116.84
76.239,103.6
110.78,130.36
96.179,121.4
117.403,139.34
123.903,141.93
98.167,126.87
108.328,132.38
100.341,130.03
102.594,124.67
112.224,140.84
101.551,127.57
120.063,141.8
131.099,172.39
145.693,210.85
132.566,161.49
111.073,140.07
119.788,186.7
116.049,140.64
100.807,126.56
107.415,139.84
103.663,133.6
134.569,161.84
77.794,101.66
122.804,147.98
87.105,114.43
71.153,96.67
94.498,118.41
107.014,136.26
113.029,140.86
111.989,134.22
97.335,123.55
110.46,133.49
111.57,131.74
111.483,142.49
119.365,141.39
134.404,159.1
73.764,97.53
94.984,126.15
74.972,94.91
72.85,92.98
67.911,91.4
100.263,131.2
130.304,156.02
129.543,160.26
114.526,144.95
142.377,171.91
137.626,171.01
87.895,115.45
110.527,131.74
131.533,171.37
107.173,134.78
117.982,142.57
109.696,135.32
71.455,93.89
84.371,115.74
69.68,94.52
72.28,94.19
68.749,92.32
70.976,98.28
70.9,92.48
107.862,129.81
65.876,89.73
69.547,92.68
91.483,115.11
119.67,146.09
136.917,165.76
106.734,131.2
108.671,133.56
73.894,99.29
70.926,93.1
123.769,143.62
115.891,146.89
135.706,170.25
108.357,139.64
125.317,154.45
129.089,153.05
111.136,138.58
98.674,126.24
124.981,162.96
73.299,98.05
104.739,131.97
93.137,124.65
72.391,101.34
121.722,151.66
73.174,96.38
108.842,130.65
76.788,98.88
106.253,127.49
115.855,140.24
94.987,131.04
135.544,187.78
107.15,140.2
124.443,153.63
118.416,142.34
122.842,149.06
128.613,149.92
123.099,151.27
111.801,143.27
138.163,166.88
150.506,175.35
96.879,119.58
112.33,138.3
110.732,135.91
106.941,132.42
111.212,139.91
120.103,149.55
102.663,131.85
128.924,159.04
74.881,99.94
149.744,177.09
96.926,120.27
86.934,113.17
76.362,105.56
154.03,175.44
72.314,97.19
68.957,92.05
69.696,90.21
65.291,87.68
67.37,88.16
72.253,93.32
72.633,93.0
95.037,116.72
125.63,152.49
102.083,133.7
69.971,97.36
72.472,97.43
69.858,93.17
119.174,150.05
143.289,171.26
117.475,143.6
119.717,149.29
149.095,180.67
145.08,178.62
131.174,161.1
140.852,165.27
99.477,126.5
111.137,136.0
115.071,143.49
68.248,94.2
70.268,90.38
67.963,93.33
67.0,87.66
67.748,88.8
70.948,91.96
113.294,138.45
66.488,88.6
68.372,89.62
103.912,130.47
121.78,148.85
81.073,106.99
74.173,92.83
71.734,93.33
127.621,153.11
122.08,149.72
112.114,145.73
117.313,143.58
107.97,132.37
107.888,134.07
122.266,152.17
136.592,165.93
136.279,164.28
150.691,173.3
107.634,132.45
92.767,125.36
126.247,155.03
132.446,159.58
137.941,165.48
130.953,161.45
98.07,128.84
102.155,135.98
80.977,112.85
114.751,138.98
113.34,138.03
131.451,158.07
119.865,144.4
118.802,141.49
136.874,167.33
113.244,133.81
75.133,98.33
81.425,102.73
81.817,109.27
109.119,130.74
128.939,154.34
81.19,122.75
112.481,132.92
70.366,91.81
70.551,91.35
115.688,135.58
70.572,93.45
72.288,93.31
103.078,130.92
134.303,168.91
131.605,164.37
67.578,96.85
94.496,131.47
65.497,92.56
69.284,86.92
72.187,93.89
111.443,134.57
71.054,92.06
68.922,92.04
68.493,92.11
102.786,124.7
124.252,154.64
71.72,95.01
144.68,163.67
68.203,91.57
73.467,93.88
68.43,91.88
169.415,194.47
109.712,133.31
126.126,149.59
90.18,116.41
123.321,152.18
142.924,174.11
113.753,143.49
115.459,140.61
77.846,103.41
111.041,135.47
105.094,132.3
116.244,141.19
108.084,145.3
72.035,97.66
110.517,133.46
106.071,135.15
130.31,159.81
114.494,142.44
114.148,141.06
92.153,122.73
144.228,168.99
77.731,102.57
84.716,108.92
114.644,142.9
133.959,160.9
74.111,99.22
132.402,160.19
109.179,148.37
131.023,161.82
97.217,127.04
140.547,168.9
125.925,156.23
107.737,137.74
146.012,171.08
112.151,135.65
143.272,172.42
82.778,143.61
101.653,131.26
87.11,111.85
114.808,142.86
125.843,149.1
111.375,138.91
117.953,141.51
70.107,92.92
114.329,136.88
69.119,97.5
112.503,137.92
96.657,126.11
73.324,97.49
155.58,177.94
151.638,183.22
76.215,103.59
117.321,147.32
68.915,97.45
119.073,140.91
113.238,143.39
100.098,122.64
103.738,128.59
71.275,96.98
69.588,91.48
120.331,146.97
85.754,109.1
75.537,103.75
113.449,135.08
102.38,132.45
134.397,166.66
104.805,133.98
88.653,121.2
80.6,114.28
118.096,145.31
72.844,101.18
64.647,86.49
128.086,151.28
92.844,118.25
122.471,152.36
129.849,156.42
105.169,130.92
113.137,145.15
147.071,172.18
116.829,140.67
130.31,155.45
135.165,165.08
154.101,179.87
133.629,163.42
94.519,125.81
117.271,141.63
68.798,101.66
113.85,144.74
136.158,177.53
87.434,110.62
110.644,133.42
137.713,162.11
112.539,139.82
114.763,139.39
110.912,137.93
103.028,137.98
100.672,127.71
110.549,136.8
109.382,131.78
105.334,130.5
112.862,139.56
99.498,128.33
91.407,120.61
113.796,139.32
110.697,141.7
107.279,140.09
109.827,134.83
110.245,131.35
106.832,135.5
112.249,137.21
77.857,105.79
113.558,135.51
139.541,178.25
117.406,139.09
117.757,140.43
66.244,87.59
108.827,140.95
112.441,142.06
83.161,104.4
113.391,144.19
114.133,138.76
114.446,138.86
97.245,119.72
121.091,147.4
119.127,143.18
91.451,115.96
95.648,124.81
98.542,132.57
87.478,119.83
100.039,132.71
110.51,138.08
111.089,133.58
92.849,123.37
106.629,128.92
107.128,134.56
113.626,144.87
77.957,107.87
117.578,139.31
123.303,145.42
93.448,126.82
138.189,177.67
67.379,92.1
107.293,137.58
96.704,124.15
92.559,121.8
103.04,133.39
94.118,120.71
78.745,107.31
123.283,147.95
103.944,133.94
84.482,114.9
89.641,121.72
124.322,155.02
158.297,185.99
104.871,130.34
73.125,95.37
118.232,140.97
69.902,94.5
71.178,94.12
71.592,90.59
76.844,96.11
147.159,183.78
124.986,150.49
138.668,165.18
127.964,158.28
140.222,165.43
72.343,98.17
70.24,93.22
71.552,96.28
110.035,132.22
111.036,143.08
120.584,156.15
107.809,134.58
104.04,135.19
138.769,166.3
97.135,116.78
115.644,140.8
140.049,169.1
76.581,99.29
97.035,135.38
76.859,100.62
115.429,137.14
137.818,170.59
128.052,152.81
115.462,143.09
147.821,174.06
128.78,154.79
151.885,185.27
136.571,172.61
130.703,159.56
131.159,161.21
115.384,142.29
77.239,106.5
116.82,145.26
109.881,154.66
116.631,146.88
96.222,123.99
97.016,126.41
97.167,127.96
82.557,107.27
116.376,139.1
113.748,138.98
149.327,170.28
116.722,143.84
101.457,123.64
89.005,115.19
90.474,118.81
84.473,114.54
72.747,95.85
72.034,95.02
75.393,95.96
75.385,97.44
71.145,98.24
152.416,174.82
151.368,176.26
138.863,163.72
138.793,164.43
112.668,137.05
115.029,146.57
101.148,129.32
117.493,209.57
136.356,187.62
144.802,164.7
128.721,146.48
118.633,133.13
72.821,90.09
68.313,83.13
71.319,89.96
74.849,90.72
129.805,145.93
122.055,141.94
136.1,152.27
159.015,179.26
135.385,163.84
131.735,150.51
140.163,197.91
137.089,159.76
74.887,88.64
73.43,88.62
74.422,87.5
108.889,125.44
121.453,138.39
123.1,152.16
114.597,134.73
136.766,197.95
134.031,160.91
73.808,128.16
93.105,115.38
125.191,150.05
105.801,169.74
67.558,110.31
78.279,101.02
108.89,130.04
124.112,179.35
119.151,141.72
124.266,181.84
91.842,115.16
152.609,205.16
158.185,220.61
94.93,118.34
122.87,150.28
114.545,135.07
106.241,130.98
108.305,132.85
114.399,141.76
105.881,131.64
117.863,144.33
114.993,140.07
92.061,121.13
109.208,137.62
72.275,98.87
132.811,156.67
137.533,171.43
111.942,137.91
113.468,144.57
121.203,151.99
122.853,147.26
99.218,141.93
101.426,132.72
115.972,142.89
123.787,167.33
80.066,114.57
132.703,163.65
105.807,133.65
69.48,97.09
122.095,151.83
111.806,144.3
71.781,98.79
127.873,154.56
80.846,111.76
138.321,171.93
99.202,122.87
145.737,177.04
80.421,114.42
141.806,166.38
129.096,162.96
122.051,150.04
139.025,168.82
118.427,190.17
103.071,127.16
68.969,98.35
68.643,97.94
151.399,179.45
157.817,186.37
114.987,143.5
110.285,136.86
79.212,108.26
71.556,95.45
82.78,108.8
120.763,151.39
144.922,170.18
119.229,182.1
110.443,175.51
144.976,189.42
116.937,163.99
105.28,120.57
129.481,144.23
73.262,100.83
132.871,149.36
130.858,162.36
73.488,114.99
70.681,89.56
71.285,90.15
72.138,89.71
119.255,150.61
127.804,155.7
92.212,115.88
129.972,158.3
172.101,195.81
146.629,167.98
128.499,160.38
137.209,164.16
107.775,130.18
113.496,131.65
131.971,153.12
109.044,131.67
92.621,118.23
131.044,157.51
110.19,166.45
96.347,117.53
130.457,155.44
111.817,141.14
114.985,137.96
133.057,167.21
74.189,102.8
118.258,140.94
110.77,140.21
109.657,132.15
89.339,129.07
95.838,131.04
100.591,135.27
114.118,145.83
88.4,118.34
77.399,107.82
104.443,135.84
135.285,167.77
110.849,137.33
104.211,127.15
119.91,146.22
121.31,146.66
116.438,141.04
106.542,137.8
104.186,136.3
70.553,96.93
131.813,158.15
119.388,147.38
99.588,129.52
116.999,146.18
91.017,127.98
116.402,148.25
101.029,132.54
100.607,128.76
121.898,155.11
115.514,139.66
126.796,152.58
145.287,169.94
83.882,129.96
122.613,158.83
109.181,139.12
90.497,121.03
117.005,147.14
107.844,134.96
113.537,142.96
107.315,148.77
90.521,126.56
99.521,136.32
89.5,125.79
95.267,134.3
120.864,149.38
106.473,137.29
94.62,135.56
95.413,126.79
135.252,165.96
107.447,136.9
75.996,105.69
137.723,172.38
110.16,138.16
115.068,145.91
115.18,144.63
128.3,155.16
133.921,157.81
90.129,123.14
84.379,117.16
113.261,148.38
131.27,171.87
120.739,155.9
113.951,148.76
138.322,181.67
99.424,133.05
122.98,154.77
110.928,140.56
105.943,134.45
123.083,151.05
94.594,130.1
109.149,140.41
127.593,160.68
114.457,147.3
110.573,137.67
116.444,146.75
117.629,155.91
99.452,133.21
126.39,162.51
74.679,107.09
96.668,128.99
123.259,158.96
68.202,99.16
110.541,141.67
90.087,126.18
67.489,92.75
66.404,98.32
66.933,94.17
114.117,143.3
70.14,101.58
113.337,142.71
112.236,144.05
117.452,149.63
72.514,100.33
104.407,146.38
124.364,159.42
110.337,144.42
111.182,138.86
67.44,96.79
71.561,98.16
73.646,98.92
73.755,100.98
87.797,115.7
75.448,115.66
118.188,147.67
129.165,172.73
97.068,131.9
119.767,153.33
125.361,159.58
111.856,144.7
96.064,130.71
129.279,165.93
110.457,155.54
110.902,150.27
114.552,152.53
124.977,169.55
116.315,160.65
114.793,155.6
93.147,134.76
69.646,100.49
74.423,112.43
127.588,175.59
141.744,183.1
112.77,151.21
135.264,175.92
142.343,189.37
110.936,148.04
119.491,172.17
131.342,177.14
123.772,171.7
128.659,177.31
136.556,185.97
131.087,178.08
145.909,179.94
139.903,175.69
102.825,148.1
127.486,169.05
122.57,167.92
120.116,166.77
74.511,112.27
70.066,111.97
115.574,142.62
162.894,204.46
123.623,166.23
147.461,192.25
121.371,155.67
133.044,177.22
101.485,138.35
119.53,159.58
92.605,136.62
134.92,179.28
130.467,177.32
125.209,172.79
121.875,156.76
98.496,133.46
105.309,151.61
105.017,150.18
73.369,120.01
125.059,174.3
130.488,166.09
122.686,163.45
115.818,149.71
156.32,186.04
97.604,140.65
114.029,155.8
123.041,151.38
95.104,121.4
123.901,158.77
111.636,158.74
81.198,125.18
126.263,172.47
129.808,179.26
100.546,151.45
149.671,190.66
106.972,148.63
110.402,142.93
114.852,156.65
121.465,154.59
122.388,157.31
93.249,136.02
110.238,147.41
118.813,157.38
114.814,150.01
111.486,145.92
114.888,153.63
100.926,142.17
102.966,142.09
121.165,160.52
118.087,159.01
93.156,141.64
83.226,130.69
144.426,185.21
116.776,160.58
94.49,136.93
102.433,138.33
112.172,160.04
119.652,159.92
117.581,149.7
106.585,145.84
165.531,211.77
119.348,160.87
135.057,168.32
113.172,149.89
69.47,100.93
108.865,152.38
123.648,165.92
132.033,173.4
104.529,148.28
134.18,167.72
127.704,170.44
132.976,174.27
119.011,157.95
140.106,178.62
131.869,167.07
123.321,164.09
133.092,175.8
121.9,155.7
133.005,176.24
137.649,177.56
97.611,130.16
105.875,143.69
131.673,171.78
108.816,152.05
100.913,139.63
114.722,158.01
121.77,167.62
165.387,207.93
138.167,174.17
144.713,187.51
116.461,161.7
94.127,135.79
133.307,171.04
157.231,205.19
136.8,183.47
136.752,181.87
115.471,161.18
135.45,176.83
120.585,155.93
135.364,180.39
119.544,154.08
118.005,152.74
107.185,152.79
119.509,160.93
102.364,144.35
113.392,154.74
121.665,165.99
129.985,205.81
122.021,166.99
69.547,111.11
103.431,115.3
100.584,113.21
119.259,132.4
105.457,117.54
64.7,79.25
115.098,130.63
75.984,93.62
108.897,122.78
99.037,114.79
131.092,146.19
124.36,149.3
95.875,111.84
134.759,150.03
115.422,138.72
80.054,103.74
103.307,123.54
101.572,121.01
91.956,123.79
111.666,134.33
114.455,134.76
153.335,172.34
107.851,138.68
79.381,99.0
85.223,104.49
111.873,129.47
118.048,137.99
97.968,120.25
142.3,159.16
111.659,131.97
100.168,120.44
106.367,127.78
113.52,134.37
116.99,139.82
70.011,87.61
103.005,135.52
107.227,126.19
69.69,87.77
122.388,145.36
107.677,128.95
86.212,107.38
119.921,138.53
108.821,128.49
109.709,128.61
103.132,121.47
106.874,126.25
111.557,131.83
93.749,112.56
111.497,131.86
114.465,133.95
101.257,120.95
100.881,121.41
114.993,136.37
107.6,123.46
81.992,102.55
90.335,112.99
75.685,100.95
122.919,146.07
82.906,118.42
103.94,128.65
73.938,102.26
84.831,108.52
111.745,129.78
103.28,126.1
104.297,125.67
103.853,125.71
90.637,118.27
94.479,116.82
109.007,129.19
113.33,134.01
92.758,126.29
99.614,119.99
113.353,134.48
107.013,127.55
110.557,130.19
117.069,138.79
103.408,137.25
99.39,124.09
114.122,134.11
97.454,122.61
109.476,129.42
70.662,88.06
108.78,126.23
132.184,157.74
93.904,128.15
94.553,123.06
93.209,120.89
113.771,134.49
112.448,139.23
110.067,130.36
91.49,128.64
107.465,125.48
97.287,126.36
106.482,126.69
105.121,126.65
108.617,129.81
111.334,131.92
124.603,142.12
95.92,123.1
126.695,145.86
104.745,127.22
65.042,88.56
70.893,87.94
73.414,96.86
68.17,93.36
63.804,83.03
64.325,82.44
69.939,84.04
69.422,84.43
148.043,163.43
181.988,205.36
121.295,142.78
124.465,142.65
122.476,152.01
82.695,132.91
108.047,119.44
126.002,141.84
84.312,131.67
107.938,124.7
104.162,118.85
115.55,130.87
101.559,115.68
108.854,123.57
119.146,145.7
103.043,120.19
111.701,127.95
107.5,122.57
105.616,123.14
79.884,95.53
91.019,110.78
71.822,92.98
105.094,120.84
114.199,131.44
106.587,126.18
115.359,156.21
68.622,87.17
68.227,84.56
64.734,80.22
64.17,80.57
71.602,87.79
101.451,125.21
139.708,171.07
131.892,155.15
129.276,160.07
122.031,144.29
105.491,123.33
123.965,149.31
90.663,117.15
123.403,152.28
108.321,127.96
106.797,125.52
101.789,121.32
98.078,118.97
117.714,138.81
67.201,88.62
113.047,133.52
98.358,119.09
72.797,92.11
98.153,119.04
107.664,128.04
108.401,134.75
103.325,126.43
109.804,131.05
108.013,126.59
107.843,128.92
103.807,123.21
106.586,128.95
87.058,104.07
109.461,131.92
78.365,95.41
80.112,101.1
101.757,121.98
107.525,122.57
115.209,145.79
93.219,117.34
108.288,129.65
108.518,131.87
103.56,121.9
104.809,129.94
109.851,130.47
110.535,133.35
99.674,118.0
106.94,134.97
96.865,117.53
112.379,133.69
107.742,127.84
103.677,120.14
99.076,120.6
108.631,130.96
107.778,125.45
103.634,123.04
88.061,107.0
79.04,100.39
86.64,117.66
96.246,120.28
101.453,126.37
105.809,125.62
112.895,134.74
66.054,84.93
65.098,83.57
67.763,81.9
70.892,87.74
66.589,83.94
98.081,115.59
148.334,168.95
131.268,158.69
111.315,129.27
123.413,149.89
114.522,141.6
132.181,156.84
107.979,125.47
99.971,118.94
105.999,135.34
66.277,82.74
64.606,84.13
67.245,83.98
99.33,113.51
112.238,133.43
122.697,143.14
136.331,157.06
145.065,162.93
96.819,114.03
85.375,105.44
71.38,101.15
109.979,129.2
103.842,160.26
72.021,101.8
111.472,144.3
85.381,107.37
86.904,125.69
127.094,148.21
86.119,108.5
105.352,122.87
114.361,132.64
94.016,117.34
107.044,125.22
104.211,121.68
76.156,95.67
99.779,118.61
73.157,103.39
103.451,123.4
93.494,115.14
107.159,122.98
109.315,126.86
93.216,116.33
107.596,124.06
103.645,120.19
113.791,131.15
104.125,121.85
100.341,119.15
101.682,121.0
101.541,120.39
69.587,86.71
92.953,115.49
121.6,142.67
100.828,122.34
89.84,122.11
92.963,116.01
114.143,133.68
116.927,133.58
94.684,118.76
135.235,153.57
111.993,128.55
133.738,152.63
129.413,186.72
107.778,125.94
103.916,121.74
90.381,109.2
118.485,143.32
115.831,145.06
105.338,171.31
118.089,154.44
124.534,166.05
103.068,148.19
97.958,118.0
142.672,168.79
112.434,172.58
110.338,162.1
110.68,135.21
143.419,166.19
102.298,168.95
130.818,161.0
119.603,148.29
63.293,96.03
162.749,196.34
147.024,175.8
151.194,183.49
117.938,146.92
141.692,170.84
123.953,161.18
96.271,145.48
122.551,170.34
115.247,135.68
116.72,138.75
111.53,131.01
109.985,133.48
114.409,139.06
126.192,148.65
139.006,163.34
119.471,144.97
77.808,107.58
127.918,159.42
104.083,129.35
109.648,139.17
114.098,141.72
107.166,136.53
119.768,149.14
99.278,128.72
115.266,146.47
96.463,127.93
93.843,128.21
92.736,126.48
121.516,153.79
135.089,164.98
152.789,186.16
112.892,144.03
95.9,129.36
127.148,154.22
106.386,147.18
98.198,131.74
77.405,109.04
119.877,151.07
68.667,99.25
102.029,132.25
101.154,129.63
108.967,139.39
117.802,153.82
146.172,218.78
122.281,151.21
131.99,198.32
144.471,169.72
143.28,167.03
137.966,163.82
100.581,124.75
83.005,112.3
111.191,135.95
145.953,185.89
153.016,187.91
142.617,175.42
137.815,170.96
108.979,136.09
105.351,136.11
104.915,136.62
129.117,150.74
99.912,126.71
114.492,141.44
88.956,111.0
80.138,107.04
126.725,151.97
102.772,129.73
95.669,124.46
139.453,168.42
136.854,165.22
71.742,96.98
76.953,99.78
68.858,89.07
69.936,93.52
68.726,96.12
115.713,135.33
110.568,134.17
137.215,159.84
111.942,179.01
135.351,185.22
144.513,190.83
141.06,191.78
123.391,146.57
115.109,139.07
97.907,116.9
70.827,87.78
72.958,92.34
73.412,90.87
70.897,94.09
81.241,106.51
137.174,169.97
116.203,140.28
116.771,179.12
134.986,202.64
150.688,194.92
127.826,168.96
131.15,193.67
134.077,196.33
130.211,164.4
136.548,161.86
136.112,201.97
148.246,215.27
125.425,149.94
122.69,148.08
112.58,138.17
119.14,142.95
110.885,138.26
99.257,132.74
108.64,138.38
111.333,136.53
102.61,131.38
107.855,131.84
112.881,139.48
105.014,143.05
91.773,125.45
119.238,148.53
82.302,112.47
98.788,131.12
132.794,169.68
73.99,100.98
125.001,154.61
122.115,152.44
119.991,192.05
165.581,224.79
138.155,165.58
129.968,187.99
64.672,120.9
113.866,138.74
126.765,160.15
128.435,175.99
105.402,166.55
65.91,90.8
92.212,118.1
150.792,185.18
83.46,110.07
127.49,153.76
126.474,152.18
81.495,107.74
75.35,106.05
113.006,140.49
72.136,105.2
157.016,190.02
126.106,162.08
105.173,129.15
122.602,139.36
73.993,103.68
126.613,142.05
106.866,132.06
69.676,122.74
122.586,142.23
130.074,165.19
96.069,128.48
92.65,115.68
128.827,146.06
70.889,92.26
142.171,167.15
125.019,148.19
87.471,113.47
99.181,123.3
78.576,103.34
109.008,134.44
118.468,142.98
121.483,145.88
77.034,102.4
111.067,136.47
100.554,132.25
122.352,164.19
111.451,142.93
133.324,160.99
114.702,143.75
107.487,137.6
108.492,136.99
110.525,143.0
130.827,153.78
105.609,134.22
119.216,142.6
118.082,142.97
120.322,146.56
110.512,138.53
111.309,133.43
111.481,146.39
101.763,128.23
140.826,171.11
85.71,118.18
125.532,157.32
106.822,137.59
77.854,105.23
90.036,118.41
129.576,159.38
114.76,140.69
73.117,98.63
73.404,101.5
1429.245,1492.49
145.61,193.41
128.451,153.02
147.122,161.23
118.791,150.16
134.771,148.23
148.878,191.66
121.512,147.74
138.79,155.34
123.259,155.99
132.146,157.36
122.599,164.65
144.678,195.67
132.143,162.02
121.967,160.51
110.44,128.31
68.529,92.57
133.479,147.54
131.865,182.59
126.86,152.09
127.24,140.38
132.418,148.19
148.8,163.53
77.866,128.38
142.635,195.03
122.625,138.54
102.246,152.93
115.797,131.49
100.572,146.01
100.24,136.17
140.733,157.35
122.268,154.97
118.801,142.54
105.794,127.84
121.519,140.44
142.249,158.61
138.063,154.5
122.342,144.41
136.976,160.58
122.796,150.92
161.914,197.0
87.372,103.34
159.211,184.49
107.836,123.59
101.57,119.96
112.682,137.29
89.456,103.75
95.926,116.5
84.102,101.12
116.496,137.12
123.155,146.79
137.428,166.23
120.465,154.5
99.099,113.9
102.057,119.61
88.318,106.07
123.37,139.03
121.622,139.91
97.368,113.98
89.609,108.12
139.7,162.66
115.972,129.81
146.369,169.72
135.173,158.12
119.039,141.72
120.834,160.93
141.74,197.37
139.506,162.97
140.445,168.35
116.094,144.35
113.274,148.65
82.603,109.22
96.505,125.26
97.657,126.74
100.666,133.8
120.049,152.91
75.962,107.79
88.419,122.54
128.583,153.58
88.296,113.52
101.707,137.71
133.339,166.72
122.838,148.15
109.856,136.49
112.893,138.34
114.858,139.66
111.368,140.16
113.085,138.19
109.654,133.85
113.313,138.38
96.755,127.21
99.456,132.58
101.028,135.71
103.739,133.85
105.306,131.73
98.37,132.69
97.143,123.2
105.847,136.66
115.641,149.54
75.242,107.23
94.284,124.22
99.34,130.34
91.059,124.83
136.892,169.54
118.822,145.31
130.571,157.88
109.392,138.53
156.186,172.35
113.72,150.76
116.736,129.66
116.227,133.16
109.7,126.21
138.449,154.3
127.263,141.19
98.645,143.48
126.874,140.03
137.932,153.77
101.856,116.15
86.8,104.83
112.511,131.41
138.308,156.58
123.054,179.26
86.659,102.35
85.717,109.95
98.168,116.18
94.56,133.69
86.62,119.13
113.109,128.89
137.385,163.7
116.03,138.64
113.427,156.52
99.154,121.32
135.149,149.67
116.957,140.82
80.682,100.3
120.695,139.05
124.754,148.55
86.461,108.8
100.195,128.36
135.241,156.17
97.943,121.02
104.172,128.87
106.427,132.02
105.302,167.65
124.074,149.23
106.568,131.96
149.995,176.62
109.522,137.87
151.566,181.57
110.113,140.46
106.062,128.04
112.774,139.1
127.525,155.59
130.351,153.84
94.817,124.75
94.145,126.1
96.29,129.87
125.987,153.73
134.717,166.74
116.6,170.15
119.157,133.74
120.906,137.47
142.78,158.23
145.309,180.02
134.881,176.84
123.47,142.27
135.856,155.42
100.22,121.59
102.711,127.31
100.478,137.75
131.697,158.44
120.367,140.66
127.382,148.87
98.813,155.71
112.47,134.01
101.633,147.5
114.823,138.89
108.356,129.87
115.942,143.3
130.343,152.32
123.285,154.15
106.139,134.58
118.915,151.05
110.713,135.15
111.096,131.82
118.679,146.97
114.827,138.65
144.165,167.2
110.331,141.68
132.224,162.09
115.245,135.3
113.403,141.88
122.961,146.36
118.534,147.16
117.32,152.71
116.854,147.77
152.781,186.37
105.355,133.55
106.078,138.74
112.581,167.06
95.177,130.07
140.538,164.45
134.198,154.14
131.358,149.05
111.972,130.17
135.277,156.27
118.223,135.76
135.893,157.72
120.211,145.49
128.389,149.88
71.279,113.32
97.815,127.64
157.182,178.12
137.105,155.01
129.2,145.95
119.352,182.5
117.796,144.36
105.255,163.3
134.062,148.38
116.588,147.09
126.12,149.76
121.156,143.65
148.498,177.12
155.111,181.67
146.29,162.08
143.65,228.67
117.92,146.35
104.982,128.47
129.758,158.78
118.225,167.47
114.402,155.34
117.271,151.02
116.859,143.35
107.013,154.84
118.0,157.79
123.127,156.89
74.987,99.15
119.12,152.95
102.485,132.87
85.769,115.96
130.583,159.73
114.979,138.02
115.454,139.3
114.965,143.11
121.45,148.48
111.057,138.6
99.498,131.34
130.499,161.29
135.139,161.57
118.812,151.61
132.351,178.58
102.667,143.79
88.669,102.03
95.347,116.92
120.442,135.43
99.437,125.35
117.999,135.26
140.3,156.8
118.649,142.07
111.231,129.97
131.982,151.02
103.458,134.46
135.995,160.31
86.344,114.05
119.643,148.1
82.392,110.33
92.091,120.95
107.646,133.27
96.31,125.26
110.067,144.55
96.807,125.9
125.132,151.8
141.311,170.28
126.668,153.06
119.849,143.1
130.77,153.38
122.889,188.15
108.597,126.26
126.119,142.89
134.405,149.5
135.49,153.19
171.413,197.79
117.913,137.87
111.412,129.24
122.929,139.46
100.998,168.19
149.342,192.49
100.635,134.42
114.998,185.12
132.481,183.77
100.122,134.05
128.3,162.08
93.617,127.21
134.489,167.06
114.897,149.99
142.772,166.64
110.125,129.18
123.495,144.64
129.286,182.13
106.881,165.11
117.876,137.07
97.713,131.76
93.94,113.9
115.499,134.75
107.613,130.54
93.866,132.12
95.238,122.35
107.856,145.92
100.186,125.96
117.394,144.92
117.317,146.66
1294.342,1337.24
134.349,180.82
181.297,217.44
135.182,180.13
154.87,196.06
136.836,199.86
128.54,165.6
142.191,175.72
134.063,171.62
129.106,196.31
139.321,177.7
152.531,196.98
122.962,142.16
143.542,171.5
146.734,173.58
131.376,171.25
117.041,170.79
135.51,165.88
120.617,159.87
117.939,171.47
133.9,173.34
167.33,203.47
147.474,186.9
157.621,210.96
96.142,143.02
146.87,167.16
120.002,172.5
144.12,173.47
149.832,187.3
142.03,184.13
160.079,199.8
132.761,177.14
143.106,185.49
108.537,140.08
148.323,217.65
172.868,213.17
167.952,194.87
154.282,178.6
139.923,164.06
149.586,174.51
175.836,230.11
138.222,189.07
120.293,143.33
152.858,201.55
145.617,190.02
156.404,218.47
139.062,195.26
133.819,174.63
113.192,160.87
151.272,194.63
158.173,210.44
114.652,159.18
130.269,150.03
120.298,185.46
130.009,152.47
144.806,208.81
120.621,183.95
132.22,148.83
142.394,166.51
119.057,170.15
122.056,136.86
119.579,145.34
141.015,157.56
149.016,171.29
152.686,171.68
160.399,181.99
120.758,141.38
141.815,159.23
123.195,143.31
112.704,137.13
105.8,129.17
142.652,170.19
147.407,181.91
148.327,177.8
125.596,198.31
120.321,149.83
149.857,177.95
135.221,165.21
122.173,143.82
158.926,193.69
125.784,153.8
134.641,182.24
146.653,187.7
80.077,129.85
116.746,136.07
98.89,127.31
115.803,133.36
131.737,159.21
111.198,132.36
126.783,145.61
109.56,132.73
145.92,184.96
121.676,140.74
119.861,147.43
151.77,187.96
165.036,178.7
115.711,129.95
117.381,131.93
139.556,152.98
121.741,163.64
122.807,138.53
138.04,154.75
100.337,154.21
104.502,155.7
148.909,168.71
119.849,174.37
120.176,165.06
120.482,137.67
106.246,163.33
81.045,100.87
99.857,126.43
132.151,156.72
137.375,158.97
130.203,151.72
144.758,194.68
93.392,125.04
132.449,152.16
85.584,104.66
124.648,140.11
102.812,131.47
94.798,124.03
119.625,134.29
138.683,157.4
154.325,223.86
127.331,153.3
98.04,119.19
101.963,133.16
104.523,128.29
98.077,123.64
105.548,126.15
101.862,123.0
121.036,145.18
119.208,142.83
129.837,148.68
129.515,191.49
150.932,214.81
141.449,165.7
147.742,166.91
138.809,174.72
104.563,146.29
107.207,135.6
89.517,115.94
107.112,139.36
104.906,136.99
93.776,128.71
89.293,118.83
128.796,170.65
87.838,116.92
81.383,111.08
109.47,139.0
105.209,142.9
90.226,126.12
152.323,185.57
109.263,137.93
113.992,153.96
124.865,165.52
97.262,135.32
77.498,101.82
113.334,135.81
145.791,179.01
126.085,161.51
136.274,167.67
117.598,144.75
131.519,168.32
103.988,132.7
92.874,122.52
143.84,188.85
116.831,146.69
124.211,153.02
118.558,146.93
135.09,174.25
76.569,105.75
103.053,145.97
137.782,175.08
137.863,171.41
134.568,176.27
104.282,133.6
69.832,103.48
144.48,177.6
121.094,153.97
116.929,147.95
104.672,139.04
105.488,145.4
135.261,167.01
127.22,160.27
121.212,146.09
123.329,153.62
160.365,196.19
113.793,148.16
121.86,154.07
130.002,157.87
111.75,149.33
150.946,184.29
141.522,176.24
108.66,156.69
149.521,194.14
118.581,151.04
115.5,141.79
146.152,194.39
136.59,177.34
142.237,196.05
118.73,189.59
121.132,140.3
138.985,159.59
145.411,226.31
135.333,189.77
141.902,197.31
117.784,139.27
115.167,138.78
117.135,137.95
110.128,131.36
142.327,178.03
101.888,124.12
122.715,137.36
102.948,126.24
120.413,146.48
136.286,160.06
111.076,132.43
119.321,166.97
138.631,152.62
130.077,147.28
128.605,143.83
122.261,182.03
110.34,141.41
128.953,144.88
145.993,165.06
122.197,143.47
114.859,143.91
133.543,155.47
117.625,157.31
114.288,132.09
115.059,137.64
160.71,211.02
140.352,156.47
70.446,110.89
97.026,108.49
164.401,185.02
128.629,172.76
95.458,122.22
110.611,125.09
145.632,160.99
98.379,113.56
103.426,132.0
149.739,172.54
140.29,159.34
118.283,135.37
124.732,156.79
123.379,149.02
117.568,140.25
96.884,114.69
109.431,134.33
122.264,143.05
161.184,179.85
131.143,149.92
122.7,183.89
137.583,197.29
130.635,148.94
112.982,174.63
106.724,170.82
126.198,157.32
117.43,137.05
134.135,169.45
133.939,184.68
101.919,146.72
76.803,93.44
74.033,93.72
75.055,94.75
128.143,144.92
149.17,172.92
109.238,131.85
134.126,161.58
127.959,153.87
102.101,131.84
121.069,150.07
125.535,150.83
136.707,167.12
138.361,166.38
100.722,130.75
132.852,161.35
124.867,151.48
111.893,140.61
119.456,149.73
141.126,165.47
163.582,194.18
140.278,167.94
148.072,225.57
117.668,149.9
133.332,169.78
129.032,164.15
130.712,167.74
132.009,160.02
150.239,187.06
146.052,180.31
159.324,189.04
131.557,161.75
123.95,149.79
144.504,171.96
137.009,205.62
98.445,134.3
103.974,138.55
1244.064,1307.93
117.257,131.24
104.377,133.72
105.575,142.51
112.919,128.84
101.007,127.38
111.758,133.83
85.671,129.48
98.075,122.69
97.764,127.2
113.452,130.82
116.56,135.83
116.64,137.66
131.643,152.34
82.367,104.52
93.076,126.48
122.015,144.51
93.225,121.21
116.182,141.61
111.489,147.86
118.261,143.21
117.952,143.41
120.4,148.81
74.554,100.31
119.749,148.11
77.774,105.7
128.134,152.39
71.434,97.83
107.533,134.56
72.268,96.07
116.471,141.96
127.635,160.17
131.08,162.5
132.77,160.96
122.254,146.02
132.743,155.04
103.252,129.95
128.259,180.15
107.763,133.86
135.514,161.92
113.277,172.41
103.979,137.96
95.357,113.26
125.976,138.76
130.587,193.45
118.739,149.5
145.017,168.98
128.202,151.9
111.618,166.1
115.751,137.17
135.041,156.33
130.348,181.54
116.744,167.67
119.062,138.21
119.133,168.69
99.403,132.74
115.686,144.36
74.335,129.89
89.276,115.8
113.112,130.83
107.143,127.0
115.185,133.37
110.114,126.53
114.239,132.34
110.169,128.75
112.199,132.31
105.131,123.19
111.313,130.68
109.9,134.59
112.439,129.57
111.679,130.36
116.385,133.35
111.93,136.08
153.97,185.06
94.068,112.06
131.028,151.88
112.375,133.97
123.407,142.39
119.574,138.91
125.112,149.38
125.873,143.86
127.782,152.25
128.073,154.21
127.611,150.21
139.699,157.98
123.439,143.42
121.838,142.49
151.86,170.47
113.675,150.15
110.993,134.14
114.438,132.12
114.794,133.92
114.145,132.19
132.179,155.15
112.888,131.5
130.977,148.96
135.006,160.77
89.499,114.04
82.957,106.61
117.253,135.87
117.958,144.4
111.546,138.01
145.112,172.89
110.361,134.14
108.945,161.84
114.568,133.06
113.378,136.27
118.777,139.77
109.481,129.08
108.88,130.29
138.602,161.7
118.265,210.43
117.511,150.05
149.029,199.78
87.741,119.36
102.97,132.88
107.017,138.07
89.778,119.17
87.545,122.4
90.67,119.27
105.449,139.91
96.821,125.79
94.199,127.23
103.848,131.6
86.768,114.92
77.793,105.58
97.068,136.7
74.693,111.16
127.394,163.89
113.215,146.36
136.395,166.52
131.846,157.73
100.196,163.32
127.767,151.24
78.872,96.51
95.884,118.86
102.09,125.39
110.775,135.92
123.622,146.23
97.321,116.62
104.057,128.95
98.956,133.08
120.356,144.79
78.048,94.53
93.547,122.93
86.656,124.85
102.925,127.36
114.013,140.99
99.03,120.18
110.612,126.29
103.004,129.84
97.228,120.48
119.789,140.15
135.406,153.76
128.068,152.85
122.723,190.97
121.908,184.54
144.636,165.9
145.831,194.48
115.32,170.23
125.197,155.16
138.946,194.33
117.443,139.31
122.864,176.54
134.024,149.67
124.061,138.5
133.148,167.54
113.623,129.72
130.005,159.43
90.054,112.22
132.468,155.04
114.998,172.21
90.241,110.15
98.226,122.75
92.065,111.74
77.779,99.63
93.151,135.27
132.781,165.66
107.729,164.16
117.229,141.27
112.889,138.07
112.218,136.32
119.129,144.18
116.336,136.66
109.043,147.27
91.709,119.9
110.042,133.51
111.96,135.83
97.747,129.87
114.175,180.57
99.156,130.81
125.898,163.46
104.026,137.03
115.096,143.25
119.444,143.79
122.809,178.67
99.288,163.91
124.599,184.57
122.323,178.49
86.308,123.68
121.94,144.9
110.632,130.78
97.406,116.98
105.439,123.36
101.801,123.3
90.803,111.64
82.368,103.42
98.706,121.73
100.262,124.54
99.381,128.45
107.668,131.69
109.827,132.3
140.52,203.64
137.849,160.87
129.939,148.88
114.445,133.13
95.755,121.91
93.605,129.8
111.403,128.85
113.147,128.93
105.187,121.23
112.466,131.13
113.597,130.24
112.377,130.51
113.133,130.08
116.534,134.61
107.016,125.7
112.1,129.28
110.914,125.39
124.507,145.23
110.734,125.71
118.629,141.76
110.009,127.18
141.568,160.09
131.838,196.37
138.465,161.08
100.422,167.35
80.361,101.06
120.242,149.76
118.575,143.99
113.238,182.32
96.385,159.98
126.75,189.59
138.416,182.34
111.329,126.17
121.175,135.23
75.928,90.68
137.947,159.35
116.713,133.2
114.967,128.89
88.502,103.76
115.642,139.4
96.586,115.87
103.789,122.27
109.78,130.02
113.482,130.0
114.171,129.03
97.886,119.24
120.985,134.17
110.263,127.3
110.003,126.24
114.488,129.58
117.523,132.8
111.64,129.45
114.112,134.11
106.928,125.5
129.863,151.66
143.61,160.3
151.5,175.6
122.193,144.54
137.969,166.09
133.772,156.22
117.964,140.54
129.78,152.63
137.518,160.79
111.474,130.82
126.019,145.44
131.277,151.85
129.018,151.34
92.492,119.88
109.404,127.63
101.82,128.09
120.541,144.19
140.028,173.46
128.838,159.42
99.87,117.01
115.938,139.8
122.339,141.74
129.095,152.62
100.949,139.69
130.991,160.2
143.014,177.73
136.508,169.91
121.22,160.58
93.937,121.23
90.009,121.37
84.518,112.0
99.961,128.92
96.794,128.48
117.311,142.75
118.882,150.31
112.346,142.68
126.81,152.13
139.371,166.17
142.582,167.6
116.584,150.05
158.141,186.21
116.558,143.06
105.457,133.68
134.37,158.16
135.22,173.25
119.809,148.34
123.232,157.15
107.519,133.88
111.216,136.7
104.936,127.27
132.244,157.64
146.346,174.16
138.752,166.77
94.694,178.83
102.802,138.52
93.47,129.2
96.051,126.59
98.103,131.47
101.401,143.11
103.307,140.31
117.69,156.91
101.319,131.23
97.579,125.56
97.592,125.72
112.898,147.35
132.662,159.77
110.247,133.37
142.232,172.04
117.324,184.19
119.127,144.83
157.753,178.36
132.04,207.07
121.564,206.73
126.096,211.76
169.555,232.26
152.703,213.89
131.566,158.3
119.143,159.62
112.954,150.34
97.556,120.96
120.714,145.13
132.222,163.87
74.86,96.87
93.256,118.0
97.702,125.61
113.83,133.98
119.644,142.82
92.38,118.12
99.02,123.9
109.713,136.5
132.607,158.25
76.59,102.07
98.294,132.82
115.808,152.58
108.073,139.6
99.701,127.63
104.529,129.97
97.489,121.09
125.118,152.12
120.898,148.61
100.467,135.01
114.325,136.51
140.459,155.6
87.262,109.25
94.363,117.66
113.568,131.08
107.158,126.22
103.177,131.42
101.158,130.8
113.901,132.21
91.834,123.94
112.588,136.67
115.828,145.73
95.444,117.42
100.037,134.59
112.831,136.78
130.171,151.89
151.546,177.5
114.338,145.59
113.34,139.86
112.759,136.86
88.685,118.91
116.794,142.98
88.683,119.62
101.767,134.73
129.775,170.02
140.496,174.2
136.558,163.27
138.758,201.68
117.275,194.78
148.543,214.84
98.666,119.73
96.98,119.68
101.943,128.55
99.547,123.31
87.534,115.53
96.987,123.84
118.536,141.1
111.832,136.02
142.925,167.76
112.602,133.76
122.767,145.8
106.603,126.3
158.798,184.39
113.676,178.07
140.511,165.01
163.544,185.36
134.691,152.79
134.506,157.2
129.908,175.25
134.231,169.23
128.614,179.31
118.609,135.54
90.163,138.41
102.898,149.28
134.625,180.75
134.216,183.3
120.919,169.57
129.185,172.11
103.386,144.78
120.495,145.2
113.987,130.75
114.935,132.16
105.418,127.08
143.535,168.1
81.571,103.76
101.212,127.14
115.743,138.75
104.946,127.27
105.056,129.63
116.202,140.09
127.384,216.59
133.496,190.84
131.149,186.88
116.784,133.32
107.734,125.68
98.703,116.76
103.541,124.74
90.417,111.91
99.727,123.79
88.103,109.29
114.531,148.35
107.958,127.53
83.928,102.28
154.551,172.58
145.703,168.88
110.391,166.68
120.095,153.73
130.708,161.41
130.971,155.28
91.388,110.92
118.822,145.25
120.0,144.58
125.917,148.29
116.826,135.71
134.323,159.07
131.946,168.68
137.918,193.94
110.123,172.27
137.358,192.2
110.71,175.3
147.491,217.53
116.385,171.56
131.463,160.62
133.499,186.53
128.159,181.79
133.095,176.96
114.214,144.97
112.947,135.0
122.065,141.6
116.753,138.73
106.655,130.09
110.105,132.03
109.927,132.04
100.343,134.94
97.104,144.62
95.096,136.82
113.106,148.05
78.685,114.35
117.185,148.98
94.153,124.7
78.572,108.75
113.425,148.72
115.971,147.21
114.15,145.05
109.077,139.89
116.689,148.61
110.007,142.57
114.462,143.99
93.727,129.09
94.784,129.6
117.19,159.16
110.047,148.5
88.946,120.19
94.726,130.63
106.158,139.73
95.289,127.72
105.758,138.94
111.396,145.76
106.374,134.62
124.884,154.35
115.771,144.72
131.156,159.45
76.205,112.88
101.757,131.61
103.404,135.1
88.034,121.55
94.908,127.77
116.53,143.68
88.269,123.21
91.079,127.6
107.031,155.54
95.375,132.01
84.071,121.56
108.654,145.8
92.394,129.12
76.908,112.43
108.484,138.4
116.374,153.74
105.204,134.14
93.004,123.62
113.32,149.67
112.888,146.53
115.04,147.29
118.668,155.38
109.479,156.38
102.139,140.61
93.091,128.94
109.484,143.45
106.337,134.28
92.25,123.34
112.835,145.74
97.703,130.37
112.285,143.83
113.744,145.0
117.032,146.62
113.798,140.25
101.115,137.62
91.665,127.4
136.489,167.76
105.141,140.17
77.12,108.08
108.379,145.18
108.258,145.31
72.929,104.98
124.239,162.47
102.521,132.96
107.288,138.56
113.016,141.26
107.394,139.34
114.773,148.7
115.367,143.48
99.561,137.65
93.247,129.98
155.065,190.12
67.678,96.37
111.072,146.37
123.075,160.02
113.682,142.71
99.464,125.4
116.686,148.63
108.563,140.4
97.181,127.46
121.801,152.25
100.457,143.48
141.697,180.37
101.939,132.04
106.989,138.26
118.634,149.87
119.715,150.34
113.254,144.95
104.386,137.59
96.563,130.23
96.574,130.64
89.451,127.66
120.633,163.55
111.508,145.14
90.759,120.25
107.43,142.55
112.539,147.18
119.313,147.73
111.506,145.04
103.201,149.95
98.999,131.68
99.634,145.15
84.275,121.28
92.765,129.43
112.845,150.25
92.152,129.4
77.744,114.57
122.894,164.81
117.878,149.98
114.586,148.62
117.096,149.28
100.14,146.15
115.648,144.26
121.613,161.36
77.808,112.95
108.11,144.28
81.027,117.06
94.91,133.84
107.321,140.84
90.665,126.45
92.772,160.06
78.19,110.85
113.264,145.47
82.261,114.21
111.288,145.06
139.13,211.45
144.186,209.08
97.116,121.12
109.262,136.96
114.931,140.43
113.478,133.57
118.708,148.64
114.696,163.44
116.487,146.93
115.292,139.18
98.176,125.22
101.749,130.48
93.823,135.73
96.933,126.55
112.562,157.39
128.332,165.65
136.187,202.28
149.26,189.88
136.933,174.55
110.106,150.57
139.946,174.87
118.081,151.77
160.639,204.95
145.264,182.69
111.728,145.47
135.966,166.33
129.144,163.97
151.037,185.33
129.519,165.16
117.298,151.39
115.184,144.99
97.896,135.04
93.705,126.81
88.8,120.9
122.275,156.54
122.636,157.46
107.505,191.01
107.301,192.22
122.722,167.41
108.894,147.98
104.441,142.13
107.784,175.76
129.053,156.41
106.204,143.66
112.98,147.14
117.001,144.46
131.729,165.46
110.143,166.92
116.576,157.64
74.05,93.86
144.033,173.67
131.913,152.44
161.913,187.94
123.852,188.39
129.804,188.89
152.141,217.88
105.802,133.5
153.535,173.12
147.915,171.52
122.227,208.73
110.127,167.76
126.959,162.87
136.205,206.76
106.698,176.16
125.215,159.83
131.65,195.66
125.269,187.07
122.641,178.01
119.479,185.72
117.731,142.1
139.217,162.12
119.69,154.53
139.569,169.36
134.993,153.74
117.71,141.05
99.57,115.22
113.013,130.89
80.692,100.69
114.292,138.89
113.614,149.47
151.816,176.17
89.78,107.25
94.646,120.14
129.694,155.2
128.99,155.1
114.718,138.31
111.595,128.92
107.083,128.46
127.4,144.7
130.403,154.9
120.039,150.04
126.442,153.33
116.986,175.81
139.398,215.23
148.333,185.33
122.283,149.15
153.964,189.69
124.131,148.3
115.038,145.14
120.22,147.96
100.737,133.49
129.899,170.12
125.474,152.13
114.135,178.62
124.598,153.09
134.607,189.86
133.784,203.25
128.084,173.93
109.125,185.51
147.302,180.6
150.854,170.93
98.229,123.51
107.471,132.62
104.585,132.32
105.494,130.43
91.452,115.08
134.088,161.42
110.057,133.74
107.023,130.13
120.188,145.04
117.31,140.51
124.812,146.06
126.058,149.64
135.445,186.97
153.016,214.25
130.095,157.47
149.062,181.01
140.04,163.42
142.452,222.83
138.541,166.16
155.947,189.82
116.482,150.25
116.908,169.94
96.053,119.16
120.668,142.63
99.008,120.37
94.227,134.31
105.301,136.21
90.429,120.59
113.542,136.59
117.407,144.09
116.053,145.3
75.719,139.39
127.975,158.29
108.541,134.54
128.891,154.24
95.95,138.19
121.925,156.53
92.028,125.14
106.08,177.36
133.492,165.63
119.268,161.16
91.273,136.92
124.497,165.56
128.115,164.28
122.337,165.35
153.232,195.94
130.378,190.55
147.739,186.39
113.945,154.48
120.377,159.95
137.555,168.93
137.097,175.97
124.146,154.78
117.086,165.95
84.942,126.11
108.807,150.3
103.312,145.64
115.332,152.18
123.828,167.96
130.495,162.13
94.844,133.24
104.974,152.11
115.666,160.71
115.066,154.72
110.097,151.57
129.135,174.73
125.157,161.59
129.837,168.01
110.491,155.75
162.445,206.53
123.005,163.79
91.015,137.75
86.073,127.72
103.831,143.6
121.916,166.42
118.792,163.76
121.93,153.68
109.823,138.43
99.132,135.01
120.883,162.67
120.744,186.27
136.508,187.53
117.486,142.62
131.059,214.53
113.653,180.68
137.528,171.95
83.013,105.54
101.333,119.05
83.112,101.67
107.157,124.7
117.029,132.61
100.268,117.69
105.302,122.57
113.802,131.81
126.025,158.6
92.015,148.23
128.693,182.21
102.265,147.97
133.931,168.13
122.012,169.3
106.193,159.72
103.918,157.36
129.67,181.21
128.847,170.81
107.397,157.79
99.663,150.43
138.689,180.2
135.392,189.89
129.302,185.17
128.346,183.58
146.029,203.45
150.012,193.02
140.414,196.26
122.753,190.48
137.132,183.02
100.781,160.37
82.225,108.0
94.027,121.08
93.757,118.54
113.634,144.32
109.869,143.54
141.573,171.53
109.866,137.86
117.707,145.96
114.782,151.67
96.243,136.09
143.44,177.02
141.264,199.0
131.506,156.4
155.333,230.73
163.321,201.4
173.846,202.54
141.246,181.97
187.196,209.45
143.199,161.59
124.726,141.44
166.07,187.09
161.01,188.36
163.63,183.63
154.372,179.23
145.31,164.81
144.648,162.92
164.283,192.21
137.437,161.34
139.142,160.08
152.909,177.3
161.004,187.66
150.369,178.87
154.537,179.6
159.658,183.8
159.324,180.85
135.43,154.17
131.526,154.48
123.545,149.17
148.923,174.06
122.847,148.85
142.874,167.35
152.43,173.26
154.766,178.39
131.212,153.83
137.332,218.91
149.068,188.2
147.239,182.2
113.102,144.63
155.058,184.75
291.99,325.81
338.804,419.73
295.565,373.26
132.597,223.51
141.444,165.55
223.665,246.01
166.125,292.36
155.973,238.32
239.455,263.93
244.888,269.03
191.069,276.92
170.431,269.9
149.636,269.99
166.495,311.84
164.646,257.93
114.825,152.43
120.835,129.55
112.109,122.36
118.477,129.68
119.542,130.44
132.277,142.25
120.446,130.55
122.978,136.97
134.537,146.04
75.015,127.57
120.937,134.05
124.646,138.44
120.011,190.48
128.913,143.58
124.357,141.11
127.224,141.2
124.08,137.4
134.234,152.01
72.166,135.4
161.002,240.34
211.622,231.86
77.084,183.5
75.599,127.43
76.273,141.08
133.746,207.69
132.035,158.38
203.726,231.12
156.341,183.96
113.55,146.73
105.23,171.84
108.011,134.0
109.335,134.42
124.327,155.65
118.878,153.64
135.36,169.56
123.004,198.06
121.578,190.03
169.064,193.22
111.224,133.45
105.181,124.95
944.988,1008.12
123.081,152.16
124.055,145.6
63.958,145.9
67.612,127.75
128.492,134.79
68.107,136.43
71.01,131.05
127.527,196.95
130.44,147.12
123.667,129.3
131.851,138.04
129.603,135.72
133.627,140.83
128.437,143.18
137.356,144.78
190.799,210.07
127.233,152.33
124.657,140.9
132.323,153.55
74.193,135.89
128.057,210.31
146.62,170.47
124.452,132.84
135.156,142.07
134.705,140.33
181.584,190.7
132.781,161.45
130.29,146.65
129.222,146.39
72.391,150.04
182.863,203.65
133.099,148.36
132.686,148.29
125.162,140.66
134.404,150.39
133.55,214.15
127.5,149.35
99.996,132.65
106.781,173.31
106.321,130.25
72.572,91.04
127.84,194.35
133.726,153.08
139.616,148.13
123.098,131.15
125.464,142.74
119.862,140.75
128.221,135.64
121.28,131.64
131.267,137.12
96.304,131.84
72.222,142.09
153.485,178.15
124.241,145.63
112.518,119.45
109.839,115.86
76.004,82.68
75.354,111.31
109.291,117.34
114.295,121.69
119.445,126.08
102.27,109.11
121.955,129.25
119.611,127.53
71.971,81.28
179.657,186.06
120.707,128.49
73.11,83.16
75.425,116.02
122.308,130.65
104.739,113.31
123.071,130.77
117.198,124.33
123.895,129.91
127.642,134.14
121.559,128.39
127.55,134.59
119.834,128.84
112.934,120.49
115.771,123.71
107.7,114.21
71.016,76.98
83.293,111.77
128.897,135.06
113.972,122.2
112.919,121.75
113.574,119.28
124.636,131.57
122.32,147.7
129.327,145.09
124.797,133.86
122.032,129.5
124.918,131.35
136.125,152.33
126.895,142.9
126.83,133.1
180.686,201.76
129.973,152.34
122.679,143.95
119.237,124.92
70.851,149.09
75.594,137.72
123.13,185.82
109.68,130.11
71.977,80.31
110.928,118.69
106.832,114.59
112.301,120.52
122.146,127.79
124.962,132.37
130.961,138.75
127.013,133.46
123.325,129.36
123.256,144.59
124.78,144.03
68.82,131.57
69.659,142.58
122.912,186.87
130.014,148.3
125.565,134.2
128.079,144.57
187.741,210.65
121.453,138.39
131.531,150.57
130.093,138.91
125.026,132.59
123.298,130.15
124.929,146.26
129.723,145.84
68.863,123.78
130.368,137.23
125.679,134.31
104.154,133.48
100.605,132.91
179.458,201.42
129.745,137.36
64.972,90.67
128.267,183.07
113.803,123.41
104.321,116.16
103.642,112.54
111.468,135.47
109.32,133.15
68.292,74.42
109.826,116.84
108.431,115.13
110.475,117.51
113.699,122.28
106.551,119.55
74.216,80.09
83.179,108.28
118.476,127.8
127.963,135.2
73.761,138.2
118.076,127.89
113.097,119.05
132.292,138.46
68.902,150.51
70.06,145.67
124.311,183.08
124.157,145.57
134.151,142.37
134.391,159.16
68.711,139.92
124.911,132.27
68.955,135.7
106.172,142.41
137.373,207.41
136.905,163.91
130.947,218.23
134.863,155.5
148.378,166.92
130.647,202.12
140.553,166.34
205.08,231.36
130.748,146.54
130.983,146.56
133.986,209.4
139.935,158.75
135.348,158.74
67.74,145.33
129.937,202.33
147.768,173.09
129.721,215.85
139.293,162.74
131.768,149.63
69.699,145.31
126.612,195.41
135.407,160.25
126.974,145.57
130.377,151.93
152.093,206.96
119.892,145.91
109.885,117.59
140.183,147.46
136.804,143.4
133.188,154.91
111.666,179.56
108.925,135.65
70.087,76.46
106.16,112.83
123.218,133.78
123.193,130.46
128.87,136.63
119.68,130.94
128.551,136.97
119.283,128.68
108.168,114.6
65.741,75.46
70.682,111.32
81.598,106.46
105.827,113.41
109.059,115.2
114.203,122.46
103.69,111.01
70.382,78.0
109.256,117.46
108.918,117.47
108.591,115.82
106.273,112.86
106.916,116.47
104.542,113.6
70.936,82.52
165.165,171.14
100.747,109.56
73.769,83.61
75.141,109.54
110.553,119.01
109.139,116.64
108.984,116.44
68.796,77.36
124.866,191.28
124.852,149.64
132.844,148.99
122.309,143.09
126.495,147.08
101.383,175.58
115.524,186.02
132.744,160.1
123.126,151.87
134.215,140.5
124.858,130.93
121.79,130.15
121.468,128.24
127.287,133.55
127.047,133.21
123.233,133.23
111.38,118.54
112.136,119.03
124.902,131.9
122.51,129.24
126.609,134.34
124.724,146.57
121.37,145.3
125.578,151.28
90.792,125.83
68.248,109.73
115.849,122.91
159.148,167.18
71.119,81.56
119.459,130.63
109.239,116.29
108.606,116.19
111.689,118.7
127.041,134.93
130.939,155.81
122.686,129.56
111.017,117.01
109.708,118.25
106.654,115.55
68.534,77.44
74.001,113.86
118.222,129.4
108.963,117.56
122.527,128.7
121.926,128.06
121.202,128.85
135.226,141.17
133.228,139.99
126.082,133.42
120.793,126.72
106.86,117.57
114.868,122.93
109.545,116.01
113.297,119.32
69.091,75.93
111.433,117.34
122.709,131.41
67.787,125.1
106.858,115.66
112.15,118.25
134.156,140.69
125.611,149.45
132.09,138.93
68.099,134.86
71.65,131.94
169.56,194.89
135.305,160.61
127.194,151.04
127.561,133.74
128.831,155.4
125.898,188.87
122.795,133.36
125.226,136.88
122.618,146.64
69.658,142.2
127.602,144.53
188.546,209.81
133.378,144.34
135.523,161.66
113.815,191.69
100.298,127.22
133.054,149.12
113.934,128.74
110.843,138.18
123.093,150.73
136.6,150.88
113.26,120.86
128.987,140.27
126.858,133.47
129.79,137.41
106.268,113.13
138.701,166.53
118.815,133.52
165.683,176.27
124.195,137.67
95.184,109.33
149.381,177.54
122.179,142.8
148.147,158.91
135.306,143.65
133.221,151.33
127.092,147.94
92.675,124.9
94.677,135.67
138.129,171.82
148.106,176.07
144.373,178.61
155.786,193.93
100.258,153.53
123.287,170.44
127.897,141.62
129.5,155.82
114.716,131.99
134.982,144.11
147.224,174.77
154.902,194.2
126.426,139.06
131.794,169.19
133.297,147.77
128.278,139.51
119.838,129.2
118.084,126.51
113.525,121.63
122.582,138.16
112.394,121.7
102.151,113.59
137.09,154.35
154.7,168.4
72.774,102.59
139.882,151.05
114.977,130.09
118.296,128.36
145.27,157.14
146.732,182.77
99.908,135.21
144.355,155.21
152.288,173.88
136.179,177.8
151.933,177.58
96.979,110.44
133.937,144.12
133.635,170.71
116.127,159.02
130.91,174.44
145.571,204.8
127.168,182.07
109.816,154.35
137.429,176.39
117.257,136.44
129.397,152.54
134.703,146.42
141.864,178.17
150.834,163.09
82.033,102.45
136.075,157.73
105.337,153.45
116.046,136.01
120.44,138.35
119.48,145.15
138.852,151.38
115.611,128.36
120.809,134.8
115.677,127.44
120.557,132.9
129.943,141.2
116.253,126.09
117.585,130.23
117.929,129.66
135.092,145.58
136.182,148.82
112.765,135.56
119.416,132.89
95.172,119.19
100.407,119.99
113.988,125.28
107.473,121.06
135.882,148.34
124.337,133.99
117.88,127.37
118.737,128.77
116.434,128.87
123.943,138.88
137.345,151.46
78.435,126.72
113.491,125.79
98.532,123.36
116.665,129.14
119.666,130.87
123.557,135.63
97.468,125.64
115.101,129.43
119.63,130.28
119.784,131.8
114.303,126.62
111.357,124.59
113.556,129.0
110.299,126.29
117.297,132.99
127.818,139.47
114.657,124.84
111.261,125.6
115.82,130.15
108.961,122.54
139.44,171.96
117.242,132.12
127.909,143.71
97.747,120.98
144.532,160.36
113.208,136.8
143.324,179.6
113.677,128.15
135.014,175.09
108.169,138.19
124.512,164.64
138.537,153.05
114.04,135.01
134.996,163.12
121.33,165.86
111.502,134.11
125.395,149.8
135.841,148.27
138.12,179.28
119.973,145.4
81.686,97.02
125.686,151.36
102.314,123.44
92.901,136.88
130.11,147.86
110.827,129.5
108.901,126.74
112.818,135.87
98.511,117.16
118.691,135.71
76.314,91.59
108.705,134.07
88.75,114.73
86.129,104.66
96.207,125.67
116.628,139.31
110.106,140.72
131.722,155.54
89.308,133.23
116.173,132.11
103.407,116.95
73.746,89.91
93.025,116.83
105.745,129.27
102.222,124.36
114.29,127.33
114.025,127.7
115.815,128.1
116.521,129.2
111.83,127.0
111.438,125.47
127.412,142.47
113.439,122.56
115.503,133.27
113.65,125.65
112.32,126.23
114.837,126.4
132.81,145.87
114.013,129.06
115.337,132.92
114.247,129.4
114.326,127.49
127.556,140.09
124.166,137.49
109.518,122.7
124.208,136.23
145.949,161.15
120.36,139.38
122.997,141.16
128.053,147.34
76.018,88.2
130.838,145.4
159.412,177.57
110.299,133.98
98.703,106.29
97.35,114.75
87.949,100.49
97.168,109.35
116.808,124.17
112.048,119.95
117.886,125.48
104.555,114.13
113.571,125.19
85.072,97.66
110.265,126.13
112.913,125.77
108.871,120.09
78.374,87.23
124.15,144.16
89.52,100.11
137.569,146.8
146.475,179.43
101.617,123.63
118.637,135.05
108.453,133.81
133.349,157.97
121.992,156.94
118.511,170.82
109.41,151.67
115.562,146.78
103.907,128.43
104.707,133.42
144.462,162.6
143.312,157.1
134.011,163.64
106.75,154.33
117.96,134.36
108.639,127.25
94.941,112.31
85.022,108.8
110.308,126.18
96.881,113.96
112.01,123.85
112.133,125.61
115.059,126.34
120.496,134.22
113.997,125.7
120.757,134.81
141.215,159.96
73.993,99.56
112.72,135.83
112.537,125.71
98.205,120.79
109.672,123.12
132.493,145.97
119.976,133.32
111.162,122.77
114.351,126.46
133.112,145.93
110.805,121.53
103.771,128.44
110.346,124.09
118.259,130.06
117.414,132.34
114.565,128.99
116.007,129.86
113.63,131.3
125.219,137.46
109.142,121.38
135.519,154.83
102.265,151.28
137.307,182.98
108.802,136.54
83.07,99.86
106.841,122.07
91.92,116.03
104.507,121.82
115.498,138.08
152.317,171.58
83.534,115.64
129.654,148.24
124.715,164.63
117.315,143.72
127.106,145.21
108.541,152.75
123.325,166.55
113.442,154.76
121.607,173.44
118.31,145.53
139.505,177.29
91.868,136.86
133.276,174.65
133.886,176.58
122.464,152.82
120.816,139.57
101.218,110.67
115.031,127.88
98.331,111.37
89.136,108.63
114.13,137.07
135.043,151.05
120.414,161.06
95.147,126.51
89.989,110.14
79.349,105.12
100.347,118.25
115.289,127.46
115.087,125.82
115.96,127.83
116.843,133.54
125.626,135.56
113.459,126.03
113.919,125.74
112.094,125.46
114.127,126.9
114.643,128.14
100.83,111.97
117.544,131.42
116.266,128.2
110.906,121.08
117.161,128.06
116.156,129.85
107.52,119.44
114.241,129.15
112.504,124.54
70.708,86.75
126.202,140.24
114.319,130.09
88.375,101.63
85.498,98.66
112.758,125.41
119.333,131.6
97.767,124.61
116.71,130.01
104.164,117.49
114.962,130.82
112.908,123.8
113.466,124.83
117.508,129.49
122.634,138.78
97.23,108.13
113.849,129.95
97.39,111.98
77.259,90.59
97.069,121.83
118.027,129.73
78.73,110.37
117.885,131.38
115.974,127.67
116.397,129.97
114.527,129.14
114.53,124.84
122.017,131.9
116.264,128.31
119.494,130.24
125.782,137.73
114.422,126.57
114.602,126.52
115.666,129.83
116.712,126.89
111.121,122.29
71.483,83.92
96.256,115.42
112.872,135.14
87.175,103.65
98.689,123.54
112.881,125.03
115.321,127.52
106.913,120.11
73.605,87.3
132.298,153.71
102.931,115.18
76.14,91.2
107.878,133.96
76.921,100.82
95.467,115.84
115.829,126.92
110.183,122.18
109.972,123.26
113.918,128.37
113.716,126.93
106.845,117.91
89.427,103.06
77.798,99.7
113.58,136.73
88.317,107.58
116.037,129.65
116.72,128.09
116.036,128.16
116.364,128.03
113.39,126.29
114.02,125.98
106.393,119.53
117.259,131.75
112.909,125.59
103.021,115.89
109.754,126.21
87.738,98.89
74.379,99.1
106.375,122.87
100.527,117.75
111.913,125.98
115.652,126.8
115.543,126.4
115.897,128.45
109.903,120.97
113.677,129.93
70.126,85.55
117.253,129.82
100.182,127.17
92.569,114.74
90.278,104.33
115.375,127.42
117.575,127.77
110.85,126.43
114.444,128.34
117.387,130.2
120.645,132.58
114.343,125.0
114.433,127.51
111.825,123.49
96.314,108.78
116.328,134.66
100.294,113.25
70.421,88.65
111.162,131.29
87.473,104.17
119.376,134.28
113.285,126.26
99.526,127.31
112.189,125.8
108.802,121.8
117.937,131.54
112.735,125.39
113.45,125.43
116.342,127.9
115.316,126.22
88.95,100.26
95.972,111.8
86.506,100.29
99.283,119.53
110.636,122.08
112.265,126.5
114.821,128.12
114.477,128.04
110.431,121.99
114.489,126.62
103.431,118.06
100.229,114.8
92.817,113.12
86.687,107.49
87.359,107.19
104.057,124.59
117.72,131.85
110.567,122.11
118.379,130.4
115.542,128.7
86.314,112.69
118.879,131.47
117.886,129.04
112.632,127.08
120.23,132.83
112.777,125.46
117.701,130.57
105.078,117.72
114.224,129.78
115.041,128.83
115.911,128.4
116.193,128.6
109.99,121.08
96.232,108.01
92.467,114.7
75.548,96.88
98.604,118.01
115.584,129.02
119.493,133.05
101.808,125.15
98.01,125.1
115.482,127.86
133.478,147.13
97.295,116.38
116.153,129.59
130.245,141.75
130.713,142.93
89.16,116.99
114.922,128.52
119.641,133.33
111.251,127.42
113.934,126.92
130.563,143.01
129.669,143.69
82.581,125.73
103.218,121.83
111.783,139.05
101.181,123.31
112.6,124.41
116.24,129.41
108.513,118.7
109.19,122.52
117.527,129.23
116.704,130.85
114.101,125.5
113.971,125.43
120.315,135.19
112.144,123.35
89.34,100.73
93.221,108.85
97.5,115.8
113.258,129.95
132.604,150.59
120.38,146.74
98.213,113.33
87.32,102.17
149.105,161.76
100.842,116.11
150.831,168.19
99.77,116.45
82.9,106.21
87.505,110.2
90.623,118.34
129.525,140.95
134.886,144.71
126.885,140.15
110.412,128.55
116.313,135.08
115.162,140.11
95.88,114.22
107.794,137.16
106.737,128.75
116.644,137.75
131.06,145.46
89.643,114.74
124.658,150.23
111.932,128.01
131.209,149.31
108.17,131.06
147.315,163.29
117.32,132.47
84.385,99.79
134.402,156.99
111.819,124.93
91.145,101.46
114.669,133.1
76.598,92.38
111.305,123.1
114.39,131.7
100.041,127.5
113.087,124.85
115.117,126.69
126.48,143.41
120.512,146.78
109.736,146.44
94.93,106.28
96.244,121.12
112.816,123.0
116.566,126.14
115.193,123.49
118.618,126.83
113.952,122.0
116.694,125.31
105.413,115.74
112.83,130.12
135.602,152.36
99.078,107.18
108.258,122.52
76.868,87.21
100.223,115.14
138.975,150.11
113.474,135.7
108.826,121.94
115.698,158.39
107.57,135.53
126.565,149.03
126.621,151.11
128.726,154.76
141.92,155.05
111.791,145.25
93.037,104.36
157.533,166.07
79.736,90.99
100.035,116.3
128.31,137.16
130.705,137.59
113.951,157.99
145.228,155.17
89.776,103.57
106.431,113.87
98.248,121.8
103.013,127.02
114.038,124.38
114.313,124.81
116.606,128.52
147.227,162.47
123.832,146.61
103.018,114.31
111.618,128.86
141.64,149.63
123.627,135.41
118.612,133.43
129.712,149.96
113.634,129.2
95.926,124.51
121.774,135.28
125.661,143.76
126.962,137.86
84.859,106.8
131.634,165.89
114.1,144.83
113.799,133.24
129.374,140.29
138.926,171.25
96.312,110.72
112.614,124.53
113.784,122.23
136.029,145.45
115.628,149.23
122.928,143.51
88.74,132.61
87.999,103.43
128.67,136.52
112.523,135.55
112.35,122.52
87.743,115.66
110.941,120.93
114.555,124.43
126.562,136.45
114.61,128.05
115.467,123.81
99.94,107.66
103.029,115.74
74.977,87.06
102.019,119.13
110.324,118.65
115.895,124.64
113.538,122.48
85.46,96.4
103.436,126.62
79.995,91.97
132.204,149.39
122.862,134.45
137.933,151.9
116.96,125.69
76.469,82.37
107.091,117.32
105.628,119.0
91.587,113.32
71.972,78.82
101.634,111.81
125.192,136.1
126.125,140.53
73.01,81.36
121.226,130.13
89.86,100.24
159.51,169.61
127.741,147.38
72.818,97.65
70.21,82.01
73.224,83.99
70.926,79.54
107.521,118.83
145.815,158.74
123.813,162.95
131.999,167.41
130.172,168.07
122.382,134.48
128.363,142.73
145.834,154.86
136.37,149.73
114.813,153.81
131.196,167.81
126.404,169.87
135.94,162.59
110.232,145.35
77.979,127.87
89.499,116.9
104.035,128.48
108.0,123.61
121.441,140.53
111.628,127.19
133.552,149.29
149.812,164.05
123.065,143.18
75.795,97.38
122.636,145.08
95.059,126.8
97.178,118.16
101.221,129.98
117.246,134.0
121.904,147.13
118.083,139.58
115.541,134.79
88.809,109.16
119.974,143.43
133.346,147.76
114.77,136.53
121.817,143.91
127.169,148.47
115.492,140.7
137.808,157.88
90.421,105.31
81.802,104.95
113.941,129.14
117.54,138.49
120.463,140.6
88.983,137.02
123.825,140.07
85.991,101.25
118.499,134.02
131.121,153.93
91.364,108.19
100.261,126.6
93.654,117.29
114.515,127.73
122.495,136.33
131.939,145.66
102.135,118.41
112.159,126.61
111.536,126.5
111.943,126.45
110.54,123.05
115.039,129.27
116.169,126.84
117.418,132.75
108.963,121.03
116.084,131.29
116.395,129.9
111.161,122.73
102.054,114.95
90.512,110.98
90.974,117.99
89.357,110.11
110.233,126.54
99.228,121.04
103.817,134.34
113.356,127.33
122.867,135.42
121.286,138.46
126.575,149.66
104.971,144.38
131.735,141.41
138.98,149.92
119.31,164.24
152.505,195.76
139.02,179.96
151.928,186.56
114.714,160.21
74.459,110.4
145.807,162.72
137.426,152.85
114.676,141.84
104.214,116.35
118.313,137.58
93.689,113.8
73.27,89.6
114.72,124.71
121.301,131.8
118.993,130.97
121.825,134.38
118.207,128.06
122.978,134.75
104.239,121.71
123.614,139.74
89.241,129.88
101.473,108.45
96.43,107.57
106.428,117.92
67.29,74.75
92.249,105.69
129.355,134.8
108.77,116.05
108.102,116.11
110.352,117.84
85.241,92.61
83.521,96.87
110.651,118.68
107.965,115.59
111.381,118.78
107.338,116.71
83.785,92.1
94.561,108.05
106.217,131.4
128.341,140.14
96.723,116.53
95.004,135.22
73.627,87.26
89.656,115.16
108.768,123.19
108.643,116.84
107.73,118.44
96.523,105.58
67.625,80.14
91.25,113.28
114.9,124.09
110.823,118.98
116.093,125.6
91.906,101.65
123.997,149.1
67.135,88.86
122.321,131.54
74.568,95.57
104.38,115.58
107.488,114.62
109.606,117.68
113.932,122.54
111.058,124.55
105.303,136.62
66.755,74.57
116.403,125.06
103.651,110.71
112.231,124.24
102.209,110.97
86.897,98.63
101.262,123.8
70.198,80.77
95.464,110.84
90.643,98.56
109.841,123.0
77.974,85.53
81.758,93.31
108.308,116.37
98.328,106.02
108.324,116.03
82.66,90.31
83.218,97.68
97.968,104.67
112.421,121.07
94.892,102.09
70.489,79.94
90.586,107.83
104.795,112.19
106.764,114.73
93.603,103.05
85.261,99.14
82.791,98.2
100.331,108.6
112.532,130.3
95.428,103.07
119.659,133.09
114.364,122.94
105.432,117.21
103.775,120.07
69.282,77.16
94.055,114.41
135.294,143.54
119.419,132.07
97.898,105.33
117.789,127.9
135.259,143.65
111.895,121.38
108.841,116.0
105.136,114.27
112.267,122.09
129.156,141.77
109.111,143.14
105.627,116.41
106.886,119.12
94.53,107.0
71.451,86.0
106.699,119.04
100.906,135.84
89.872,131.69
169.177,193.13
85.01,101.05
103.377,124.98
128.071,151.28
71.473,89.91
114.018,134.87
103.344,121.31
108.588,130.88
96.431,117.88
138.022,165.74
137.131,154.5
86.677,102.44
92.172,113.06
134.506,153.63
105.493,133.72
89.087,108.44
138.636,158.53
153.502,172.76
139.042,162.42
88.165,138.14
98.738,118.45
115.389,136.29
116.862,132.49
119.471,136.29
121.981,137.39
99.444,120.08
112.707,125.68
101.589,116.7
137.5,153.92
105.323,126.64
110.809,127.21
139.699,158.21
99.137,117.09
101.194,118.24
113.997,128.54
114.803,129.13
126.516,142.23
117.03,133.57
101.368,124.58
115.755,130.74
154.132,169.15
115.806,141.89
165.937,186.1
128.012,143.45
149.149,163.98
119.467,144.92
128.726,180.92
118.943,141.03
110.788,126.36
126.706,153.82
123.253,167.05
127.985,171.78
140.043,171.64
101.751,128.1
129.65,146.5
123.534,141.66
93.247,117.87
114.342,129.23
101.841,127.98
94.447,126.74
134.025,152.12
98.607,123.39
97.738,116.0
116.881,131.58
129.535,147.7
119.506,140.29
122.198,145.83
117.119,135.39
132.074,147.67
114.257,136.9
101.856,123.72
140.63,158.62
90.577,107.47
102.014,126.42
116.533,131.48
102.112,120.65
116.05,133.86
119.594,133.57
110.889,128.17
122.141,134.86
114.111,128.52
140.1,171.09
101.435,119.46
96.436,113.05
133.931,150.89
72.704,89.7
101.391,121.93
129.766,145.59
94.777,113.43
113.492,134.24
130.003,148.11
73.822,92.09
104.44,125.09
114.067,128.76
100.301,122.94
98.803,119.53
111.477,128.54
114.174,130.54
112.342,129.19
112.33,129.46
113.436,128.13
113.529,128.38
114.937,128.53
112.853,128.86
115.838,133.89
115.099,129.79
115.571,129.68
115.952,132.97
114.653,130.31
135.649,151.46
123.455,154.15
139.284,154.86
88.266,131.82
79.498,101.2
100.211,118.7
120.159,134.22
99.142,116.72
112.231,125.4
101.743,115.01
110.462,126.32
110.696,124.65
117.587,129.97
99.047,111.98
103.514,120.19
92.084,106.96
83.13,98.52
96.58,124.54
115.153,127.76
118.874,134.35
113.326,162.3
89.267,107.31
117.112,133.43
113.047,137.66
93.785,114.86
89.175,104.81
99.991,130.45
110.876,126.15
110.906,128.67
117.941,133.41
115.738,132.32
118.544,134.02
111.354,127.43
116.324,131.84
110.2,123.51
116.91,129.65
119.225,134.27
112.845,128.4
117.973,133.93
110.743,124.63
116.931,134.67
119.667,134.1
121.122,139.59
120.535,137.34
106.159,124.58
117.21,132.47
109.677,127.7
114.392,130.6
113.71,129.49
111.675,126.43
114.11,128.1
109.324,126.04
113.393,127.98
92.053,105.04
118.228,133.69
114.692,130.85
101.007,116.91
91.006,105.27
104.303,122.52
132.826,148.72
77.368,92.37
112.842,127.17
149.633,171.14
85.176,100.18
97.904,126.32
88.044,117.93
113.473,134.04
126.683,141.97
104.576,121.71
120.76,148.87
114.747,137.29
89.494,104.99
102.716,125.41
116.356,132.18
99.458,121.02
119.501,135.6
119.773,134.61
116.242,129.78
116.157,131.4
112.946,129.42
104.389,125.58
88.925,101.87
114.687,132.63
88.424,106.87
104.402,122.35
100.586,120.92
115.25,132.22
115.043,128.53
100.154,126.75
120.278,135.77
114.889,128.62
110.554,125.92
110.451,125.05
116.608,131.8
118.046,135.36
118.017,133.76
112.309,128.35
114.837,131.03
113.34,130.27
118.61,138.21
109.288,138.02
108.399,127.5
92.853,104.02
83.133,101.96
113.654,131.1
109.864,125.92
101.886,122.24
115.511,133.9
95.75,120.05
98.381,129.95
111.172,126.28
116.551,132.03
116.691,133.98
117.033,133.0
115.986,131.58
112.752,129.67
114.436,130.07
118.419,133.51
124.893,135.31
130.038,146.77
97.478,107.52
125.694,146.3
74.313,89.41
117.177,139.97
122.049,139.98
94.552,114.46
142.37,157.4
97.414,113.63
97.913,113.85
113.648,129.83
116.137,134.7
93.837,114.72
132.001,148.28
112.593,126.74
123.806,138.63
125.162,146.74
170.397,187.96
121.729,136.31
125.799,143.07
126.513,140.09
133.398,145.82
113.647,126.56
127.348,145.04
112.695,129.0
111.984,127.0
124.49,142.08
115.283,139.29
101.325,121.83
100.897,124.32
112.516,128.34
103.835,139.38
95.544,122.49
113.45,128.93
113.35,133.4
111.477,130.91
115.574,129.84
115.789,131.08
110.212,126.18
113.277,127.67
108.564,124.3
116.125,133.88
117.813,133.16
109.748,127.32
117.686,134.35
117.377,131.42
118.042,132.46
119.285,133.36
115.821,129.88
116.334,131.65
112.671,129.95
111.625,127.29
120.423,135.24
114.058,129.03
115.181,129.31
116.168,131.95
116.636,131.83
115.533,131.1
84.438,100.95
108.925,135.49
123.95,140.85
109.002,126.65
113.046,138.3
111.504,127.03
112.681,127.54
103.259,117.5
73.7,90.0
110.698,131.41
85.594,107.3
99.625,118.78
113.651,128.69
114.951,132.76
114.838,130.61
115.449,132.42
116.315,131.06
116.645,129.88
99.606,111.23
100.948,117.83
83.493,99.57
85.657,106.04
112.393,127.0
97.371,117.93
110.485,126.36
119.85,134.36
130.061,145.98
92.877,113.53
111.455,125.62
119.226,135.08
116.904,132.19
114.14,129.49
110.187,126.76
110.452,127.92
111.538,127.17
117.454,132.69
115.327,131.71
113.978,127.84
118.504,133.09
114.639,129.16
115.722,132.92
115.744,133.88
110.621,126.06
111.845,127.89
114.856,131.0
115.364,130.91
117.96,132.64
118.264,134.16
113.411,130.34
111.662,127.85
113.844,129.86
113.056,127.99
113.07,129.24
109.56,124.02
105.345,120.67
88.891,104.2
135.513,155.28
106.72,120.6
76.883,92.98
101.808,118.18
89.967,115.71
100.791,118.66
115.241,131.33
131.353,146.38
100.363,119.64
115.068,130.09
100.342,129.03
113.976,131.58
110.364,127.71
109.644,126.21
129.489,147.13
98.766,118.71
128.481,158.53
123.53,137.45
148.536,164.75
81.617,127.63
116.555,140.1
127.35,174.24
123.623,159.0
145.061,164.36
88.306,138.23
122.787,139.12
139.844,189.71
90.363,125.41
119.159,150.77
78.648,116.61
114.231,159.86
111.698,153.86
120.019,163.89
84.545,123.29
134.214,155.67
116.762,161.72
120.957,148.91
128.634,144.23
125.785,158.46
123.842,170.37
111.977,151.95
114.095,157.56
73.782,105.09
122.566,143.2
73.678,93.67
103.008,120.46
121.409,134.83
100.082,121.01
137.743,152.92
132.06,148.45
97.79,116.55
114.25,128.88
139.592,158.3
85.531,101.23
108.722,126.55
101.679,124.19
102.796,133.3
142.642,159.03
150.809,197.13
111.065,152.59
124.294,138.75
129.438,159.86
125.192,141.74
76.136,91.54
80.926,109.96
110.365,126.31
123.75,151.47
124.739,139.03
119.336,157.54
115.711,128.44
103.183,114.42
101.206,113.94
148.381,161.76
131.819,146.23
126.265,142.48
109.448,123.68
117.018,128.0
101.029,110.78
118.844,132.63
69.388,80.65
115.827,128.57
100.707,121.21
119.512,128.65
115.067,127.33
150.104,160.76
101.335,115.15
76.563,89.77
102.372,124.66
99.338,119.8
111.222,124.56
107.04,119.64
114.692,129.37
113.068,124.29
110.949,120.82
72.312,84.74
110.811,133.08
89.094,102.03
103.137,118.76
110.874,141.54
97.437,117.57
110.981,124.35
115.001,127.56
109.805,121.37
134.046,146.86
130.204,141.93
102.751,125.72
125.625,137.16
112.816,130.4
103.481,120.46
112.536,123.45
115.297,126.74
96.931,124.96
109.29,121.82
113.327,124.14
125.268,136.87
114.308,125.91
108.231,121.45
110.358,124.01
111.206,123.23
109.269,120.74
106.866,118.15
114.67,124.02
76.875,110.6
113.786,127.17
116.162,127.93
110.846,121.14
112.313,125.47
110.941,121.4
117.177,129.54
115.352,128.03
114.091,125.84
99.519,110.86
89.629,102.99
90.865,107.31
94.7,120.7
109.418,130.35
107.114,131.71
127.177,138.17
129.649,153.88
140.678,153.54
106.328,135.81
89.962,132.02
146.952,172.93
122.488,151.58
137.668,147.54
119.306,129.81
78.343,90.94
151.02,201.74
144.033,179.47
120.259,133.63
109.351,131.72
78.832,92.32
66.842,76.82
107.885,121.38
109.655,124.59
136.686,154.45
115.374,126.23
123.602,135.43
141.457,156.45
116.52,158.95
128.655,149.35
118.864,150.52
113.885,155.87
135.958,172.53
116.997,126.86
150.155,162.38
111.749,134.67
139.114,172.33
135.107,148.92
121.123,133.54
148.197,167.44
118.203,158.21
137.777,154.29
100.902,112.55
114.958,126.32
117.923,141.78
124.715,150.3
102.897,115.34
109.624,152.01
111.221,146.83
93.943,133.08
89.526,132.87
127.572,183.47
118.45,131.49
138.31,158.94
89.848,115.04
98.781,117.25
112.734,124.33
117.756,129.78
112.953,124.13
111.8,122.08
110.393,121.94
115.38,128.27
104.376,117.38
107.646,121.27
128.173,139.83
120.593,158.64
75.511,86.97
74.176,87.87
90.316,101.82
122.785,136.72
135.522,156.07
163.848,176.58
98.219,113.07
137.103,150.19
114.933,126.1
111.601,122.86
95.976,112.38
115.96,129.18
133.427,148.64
150.771,175.61
109.563,138.03
144.295,164.57
120.311,166.06
102.342,144.2
128.789,175.22
113.761,129.58
113.311,129.23
114.601,130.04
117.702,136.13
113.193,128.39
114.818,132.27
108.098,126.03
111.948,127.73
121.036,137.79
132.746,150.48
111.559,137.59
121.399,151.89
119.172,164.83
116.537,135.41
141.875,163.25
131.06,148.84
115.505,135.14
110.902,155.37
98.549,115.69
75.286,97.18
114.885,145.64
104.63,122.04
120.122,153.28
94.707,112.62
94.154,114.35
81.489,98.45
116.222,132.05
102.208,129.14
136.534,152.08
131.385,161.88
104.401,121.11
138.44,162.96
101.125,113.85
79.195,96.27
88.564,112.41
99.234,119.0
109.646,127.42
115.769,133.72
115.665,131.69
118.701,135.52
112.127,127.46
108.918,126.79
117.688,133.86
112.968,129.67
114.205,135.85
129.691,149.29
109.287,126.77
99.713,129.01
102.562,125.81
111.539,129.66
107.896,123.68
113.859,131.2
112.135,130.2
110.44,130.13
109.585,128.6
117.12,134.65
113.402,130.1
111.927,127.72
110.122,127.51
115.242,132.67
145.398,162.19
101.594,147.63
77.579,94.99
96.1,122.49
135.335,148.81
108.937,154.56
74.821,86.22
138.765,163.7
133.521,150.73
76.708,111.67
102.775,117.78
116.285,128.0
120.301,133.31
86.286,109.98
104.73,125.93
87.642,105.26
115.791,143.62
88.009,109.01
94.75,121.65
121.216,145.3
77.502,95.01
107.22,126.35
100.745,121.98
112.788,131.76
111.421,131.66
110.571,129.74
112.793,130.92
134.263,153.49
84.53,111.54
99.556,130.26
112.475,129.92
121.562,148.84
82.959,109.69
145.344,160.98
113.924,145.84
113.229,129.26
118.886,134.27
110.33,126.75
115.411,128.85
117.022,132.28
117.256,131.62
105.496,119.16
128.061,144.17
108.957,124.47
114.569,131.52
115.611,131.8
111.92,127.91
112.045,126.65
113.003,127.28
129.544,144.28
128.659,142.29
108.815,122.52
144.336,160.0
87.569,139.78
151.954,167.69
100.82,125.09
113.921,171.68
103.417,113.47
101.68,115.0
92.43,106.35
143.293,164.38
84.631,95.31
103.842,118.74
93.535,107.41
109.4,119.99
113.089,126.09
112.088,124.21
118.009,129.93
135.289,147.03
113.573,125.74
115.631,128.03
111.585,121.93
115.153,127.3
130.199,154.44
95.538,149.71
111.292,161.3
136.571,155.96
88.56,105.37
114.484,133.31
122.343,138.12
91.822,108.87
115.546,135.99
132.655,151.77
132.759,148.97
112.778,158.88
107.142,130.53
105.005,128.0
106.25,136.94
124.563,151.25
83.822,107.21
122.636,147.75
130.156,172.04
109.302,156.76
81.746,99.29
120.056,139.6
92.809,129.79
107.373,137.93
97.514,121.38
140.236,155.78
74.192,85.47
144.435,157.23
104.657,118.8
103.366,116.33
95.744,120.71
114.609,126.22
102.081,125.62
110.565,122.93
138.237,148.98
102.96,121.96
109.048,118.56
110.946,122.88
114.434,124.4
116.405,126.53
108.605,119.26
87.963,97.75
102.331,113.48
84.826,100.29
110.846,121.69
106.714,117.62
118.355,129.0
130.017,169.45
110.756,133.63
103.897,117.79
170.213,193.48
111.355,123.68
115.068,126.36
98.229,109.02
1679.874,1754.99
132.921,163.26
143.906,188.87
108.577,131.34
161.455,177.26
148.813,172.44
186.493,209.7
145.395,167.55
134.923,156.75
159.575,193.22
146.044,166.97
144.157,167.11
145.773,167.87
137.051,159.04
142.19,168.42
143.485,161.08
169.079,193.49
175.336,206.07
169.839,194.09
158.315,181.98
122.786,142.92
157.187,182.53
142.597,182.45
134.089,166.77
157.994,203.43
162.184,191.48
150.399,187.44
139.356,169.21
133.592,216.77
177.659,241.42
125.269,146.3
145.297,169.0
159.985,184.55
143.775,170.1
150.305,215.84
123.668,148.0
123.451,200.04
137.556,206.44
128.827,160.59
153.386,181.88
129.669,156.07
131.16,156.6
133.093,158.44
168.232,200.49
125.43,150.24
129.643,164.14
174.976,207.09
158.817,185.77
145.743,172.23
131.633,153.33
146.064,187.48
133.905,158.15
142.549,175.73
142.49,183.09
143.133,183.41
155.381,193.01
142.648,166.96
101.23,132.14
103.622,130.11
142.735,174.85
152.445,187.36
126.501,152.32
131.8,162.96
101.908,126.55
127.994,170.15
137.992,171.59
162.128,185.98
112.521,140.55
108.885,139.8
122.841,152.59
124.815,155.23
128.927,168.01
113.214,140.19
148.915,179.56
137.914,167.23
140.96,169.66
135.35,179.94
146.834,180.19
107.825,138.41
128.934,202.49
141.773,177.72
156.276,182.39
146.242,171.92
132.527,162.14
129.553,153.51
114.854,153.21
149.606,179.2
140.644,174.86
134.964,162.59
129.361,163.02
129.999,157.55
154.53,182.37
137.254,162.95
156.947,188.99
167.693,199.84
151.666,180.27
133.344,158.12
178.954,212.66
133.604,164.1
148.647,186.0
154.941,186.01
133.767,158.19
154.067,181.51
118.851,145.08
121.865,154.25
138.788,169.68
156.616,204.43
141.855,194.66
185.319,211.92
128.148,152.33
151.14,178.64
123.203,146.33
125.521,157.0
134.158,159.87
121.768,148.16
156.889,188.6
142.201,169.27
150.585,176.19
142.258,172.48
149.486,212.81
143.452,209.97
126.072,152.33
130.59,174.52
157.642,180.05
147.998,170.07
150.467,169.3
146.005,171.38
112.899,165.22
137.701,184.14
135.706,189.49
80.735,106.51
137.222,155.92
152.514,173.54
146.129,169.02
156.752,191.11
159.285,208.76
141.708,164.08
136.532,183.03
132.841,155.68
115.543,138.61
155.522,179.04
125.304,145.72
147.094,168.99
148.126,172.81
109.317,174.31
127.078,151.14
112.111,141.91
106.128,147.86
137.928,177.01
147.918,178.19
131.238,156.15
116.199,143.27
108.251,144.48
143.357,180.7
129.34,161.71
142.484,190.81
131.698,159.22
126.876,157.81
155.748,183.15
128.209,154.45
117.233,152.76
146.262,171.05
158.022,192.9
134.326,169.89
139.78,186.38
162.916,206.19
119.151,149.16
132.268,156.23
147.999,187.21
134.871,164.18
134.156,158.2
115.11,145.13
151.795,183.42
148.254,170.95
146.778,170.59
152.215,179.4
152.346,191.47
132.683,160.18
103.551,131.25
141.964,171.84
145.984,208.29
131.485,150.12
138.064,153.43
153.366,214.91
162.782,218.41
131.289,152.88
141.347,156.49
151.766,176.53
126.058,180.19
138.67,164.83
130.072,147.27
153.318,176.4
134.877,154.59
129.019,198.35
135.386,159.67
110.245,138.88
137.137,155.93
142.034,166.02
155.412,172.27
149.418,171.93
122.561,140.6
150.911,179.05
152.101,175.35
174.437,195.03
105.904,128.26
166.473,190.03
153.955,174.06
144.158,162.09
141.568,163.99
129.833,185.42
142.484,198.95
109.096,168.92
171.812,205.11
130.192,155.77
156.792,184.05
125.407,163.43
93.844,112.1
163.417,179.99
163.537,218.02
115.214,175.37
151.687,185.21
127.148,160.16
139.637,176.07
125.818,154.2
126.92,150.71
117.9,144.33
129.922,152.23
107.247,152.12
130.079,154.7
158.633,190.16
170.319,214.04
140.983,212.88
122.154,168.61
1583.196,1635.64
100.164,146.6
157.264,204.62
172.062,208.95
139.347,191.84
110.171,148.85
127.409,170.05
137.774,182.39
146.527,193.58
134.016,152.13
119.736,143.16
137.71,159.93
133.131,159.97
165.335,195.47
148.69,174.89
131.827,162.95
133.484,159.14
127.044,146.12
138.255,170.91
114.945,141.39
118.969,148.04
124.273,150.03
136.055,221.07
116.786,151.93
124.633,208.5
126.833,174.38
133.563,178.96
167.855,208.86
147.1,190.05
126.572,171.71
147.065,190.15
182.387,221.95
150.742,194.78
111.701,152.46
137.531,197.69
130.711,180.53
122.309,144.65
139.846,161.7
134.523,169.3
115.269,152.16
119.615,153.92
147.759,173.9
137.191,179.72
140.344,171.58
126.847,177.49
121.124,143.68
125.151,145.54
117.911,155.93
148.153,164.13
135.239,194.97
169.008,206.54
117.157,152.54
145.586,178.99
128.384,155.9
127.076,166.48
126.379,163.78
161.419,204.13
130.263,171.29
146.708,217.22
182.031,228.3
177.234,226.13
195.571,228.86
166.084,234.01
165.683,196.88
144.073,173.73
152.353,181.82
156.3,181.92
167.86,193.56
126.128,146.14
123.277,222.09
148.602,194.21
128.139,176.37
147.716,193.95
128.746,174.58
173.158,209.93
130.549,173.48
132.77,188.07
129.123,198.09
149.047,176.08
142.615,205.76
150.796,176.94
161.322,187.81
160.054,185.09
143.662,166.68
124.094,150.08
111.887,178.48
150.201,174.49
146.718,168.27
150.585,181.03
174.76,242.7
136.358,160.29
133.482,211.08
131.164,204.79
163.874,194.62
152.581,190.62
139.94,189.86
124.87,151.63
128.825,151.26
123.53,155.08
123.723,147.59
141.486,171.14
108.103,144.04
101.134,138.67
115.205,143.97
124.862,153.91
131.891,164.54
94.711,139.16
103.174,134.71
110.507,149.58
143.376,180.94
170.066,212.79
143.091,211.32
108.082,137.58
113.767,142.38
110.561,140.55
108.317,139.61
135.072,168.94
134.425,164.87
125.193,154.73
126.084,163.75
116.811,144.53
137.774,168.35
148.566,233.28
141.526,178.68
144.036,179.5
159.55,193.36
130.2,166.76
96.894,167.76
109.414,139.86
113.072,144.46
133.995,161.11
118.977,170.26
122.327,143.14
113.887,138.46
121.373,148.26
155.582,176.1
125.41,150.91
125.408,154.51
118.211,143.19
152.213,187.8
161.444,182.45
144.451,177.59
152.542,220.92
127.535,152.95
130.023,167.55
127.847,193.58
141.137,172.8
144.761,176.61
120.05,154.53
134.116,171.34
158.111,189.47
138.439,172.42
152.866,187.93
132.219,204.94
134.524,156.21
135.906,201.85
186.278,211.87
121.547,147.32
143.92,218.77
89.827,150.46
115.945,149.96
103.036,127.0
154.786,187.88
141.313,178.92
152.99,217.96
139.744,166.75
105.045,131.82
122.166,159.22
150.824,176.49
138.232,169.94
124.716,148.99
153.682,229.69
117.321,149.67
135.929,170.17
123.07,153.06
129.599,196.35
139.294,223.63
151.899,232.72
150.961,182.14
115.832,155.96
156.627,199.21
158.668,198.49
158.212,199.8
137.761,172.12
128.297,165.97
142.244,190.72
137.278,199.19
117.724,141.37
149.518,177.06
128.269,187.08
132.73,168.15
106.138,148.14
125.379,169.14
1865.191,1930.09
111.305,138.59
142.684,174.36
148.548,178.85
138.653,171.33
143.969,178.85
105.131,148.75
146.325,182.96
141.482,184.74
159.544,203.34
129.539,171.34
150.106,186.12
116.108,187.8
162.935,190.37
136.568,159.32
126.279,187.64
116.176,179.65
167.007,234.59
126.813,174.59
161.388,245.31
133.43,179.66
160.079,204.18
146.295,188.03
131.26,219.67
140.942,231.35
133.746,206.58
118.905,175.19
174.912,197.72
148.349,166.35
129.709,153.54
134.088,154.86
147.029,164.98
126.859,154.09
161.371,247.73
183.546,231.32
152.077,205.61
166.499,227.25
147.766,173.26
134.919,209.06
128.039,175.96
128.196,147.68
131.299,151.41
154.248,212.36
144.693,189.8
170.225,208.92
147.679,174.8
138.665,176.95
141.128,215.38
173.826,247.94
154.54,201.65
132.65,183.88
152.788,186.81
137.324,168.01
144.697,174.5
131.725,173.19
144.347,192.66
147.097,199.73
134.1,167.65
116.28,149.63
138.149,170.63
115.433,151.93
121.066,155.31
149.575,187.45
123.656,167.92
143.659,182.53
135.233,164.67
129.897,165.47
116.095,151.39
118.183,205.03
122.369,163.05
138.854,181.69
131.773,174.75
128.304,174.57
124.152,162.09
137.881,179.44
154.342,203.61
116.617,149.38
116.281,157.14
117.442,158.24
84.584,119.05
137.727,180.22
118.939,148.93
145.077,184.66
147.722,194.35
106.288,145.61
73.627,110.39
119.796,157.8
115.949,156.31
156.91,205.59
119.289,154.8
142.043,157.49
138.329,180.61
119.988,163.14
137.409,181.07
145.31,190.7
146.598,200.92
109.195,125.64
131.865,152.9
137.079,199.98
122.421,174.36
150.046,174.66
124.473,146.2
118.258,145.42
136.172,188.93
159.454,209.97
121.088,178.7
104.287,150.71
93.06,121.89
97.668,129.81
88.384,114.76
114.851,142.78
100.034,133.91
134.729,173.28
122.091,158.3
114.311,150.54
145.316,190.18
119.187,158.96
126.745,164.81
153.695,183.69
128.609,179.33
130.728,157.48
129.112,146.5
126.007,179.8
122.537,139.01
103.716,124.09
132.602,153.12
103.979,127.1
166.081,192.57
126.791,147.62
135.876,160.9
130.73,161.18
120.569,140.39
155.964,184.04
130.208,157.41
133.586,161.33
125.216,160.09
131.374,163.16
119.349,142.96
119.488,143.07
120.651,143.9
118.057,154.11
139.204,167.91
128.228,150.84
155.037,180.69
127.556,156.66
138.55,158.35
130.479,158.57
126.077,193.67
109.941,136.06
129.989,152.74
154.293,192.24
102.288,129.24
125.022,147.86
120.884,147.07
127.683,152.37
147.457,172.61
146.712,180.99
121.424,148.16
123.699,143.0
123.76,149.69
152.063,171.72
143.193,170.58
111.807,134.79
131.514,205.73
117.044,197.11
114.233,197.75
139.321,215.54
128.557,195.19
144.705,210.87
115.898,191.94
111.207,170.31
140.174,202.77
153.375,181.84
158.916,192.23
129.643,162.68
108.558,139.01
106.114,135.02
95.663,126.8
97.433,129.97
140.007,184.07
140.044,180.77
151.106,194.12
132.884,169.29
96.516,179.45
145.049,187.19
138.164,170.06
140.742,183.36
102.613,141.52
114.605,147.85
143.033,178.2
148.441,185.05
122.541,167.07
146.497,192.97
118.769,158.72
103.081,145.98
131.164,172.98
131.002,166.51
121.671,158.18
141.136,182.22
95.377,131.55
138.65,176.58
132.754,171.11
124.993,169.98
117.944,156.93
135.557,169.61
133.366,168.02
121.731,153.63
119.864,156.83
146.089,187.28
96.381,142.83
119.201,151.27
112.954,145.97
121.864,151.92
110.753,152.82
104.029,137.32
134.667,172.43
90.2,129.64
96.119,133.89
141.521,178.06
109.627,153.07
141.15,170.48
112.177,155.61
105.235,141.97
129.336,166.96
137.187,168.98
113.316,149.92
118.179,160.25
112.924,154.78
137.657,163.23
99.875,140.66
137.699,176.42
150.66,186.73
151.914,191.38
139.698,181.82
116.118,147.27
135.328,165.82
97.827,129.04
121.544,166.63
99.854,142.05
121.023,160.13
125.691,162.84
100.198,145.1
131.486,174.59
113.948,144.33
127.455,162.22
110.803,160.85
120.593,163.92
119.948,154.83
122.255,152.16
105.683,145.65
124.407,160.39
131.922,169.78
120.846,159.6
121.049,159.05
99.163,140.16
137.085,178.07
113.386,150.78
127.473,158.97
97.103,137.05
122.026,164.29
125.066,165.61
124.502,163.53
111.623,147.26
134.271,164.05
127.875,172.09
101.241,146.28
112.276,155.86
144.645,182.33
129.002,166.06
105.829,145.32
102.169,146.32
113.256,149.73
129.171,180.14
128.637,166.37
139.074,185.87
110.615,150.18
127.072,165.24
114.126,144.65
105.76,158.71
123.156,164.78
118.791,153.44
128.457,167.66
105.141,147.84
103.464,142.43
135.93,179.32
115.745,151.74
128.846,165.0
113.798,153.64
113.837,154.48
134.651,177.02
143.192,185.22
161.476,200.47
118.369,153.55
130.424,169.35
149.981,186.68
151.338,194.85
153.754,199.94
130.244,171.04
140.826,181.87
123.116,153.28
130.893,172.34
135.679,177.02
109.016,165.98
114.897,160.78
112.887,154.43
121.873,162.27
122.179,163.95
96.567,137.47
103.081,140.21
160.194,206.64
105.437,165.93
133.909,180.09
115.816,154.24
108.096,148.23
123.817,169.2
102.95,147.53
120.552,164.35
119.76,158.36
134.72,172.34
106.406,150.87
103.766,147.3
121.664,166.9
122.054,160.41
116.527,178.84
102.813,142.27
142.833,182.03
134.376,170.37
111.216,148.63
147.945,196.55
138.379,175.86
113.971,153.93
150.742,183.91
166.843,237.53
133.401,150.3
151.43,168.02
153.407,184.11
157.728,184.06
135.516,162.64
144.116,172.2
127.209,156.75
114.631,183.0
128.818,154.91
148.246,174.81
140.519,168.58
105.969,136.17
139.262,167.09
147.697,176.94
140.096,166.24
147.781,176.22
132.127,161.08
131.442,163.1
133.089,161.74
156.83,182.47
151.194,175.14
156.122,180.44
161.053,208.94
120.8,190.8
162.955,202.37
117.845,138.03
129.682,156.84
129.452,153.24
146.198,174.84
118.448,145.51
104.949,134.77
139.942,168.94
162.647,185.94
135.114,207.8
142.987,169.94
132.716,161.29
149.763,174.84
144.75,171.39
119.964,149.56
119.742,150.34
159.959,235.83
150.048,175.75
131.779,159.3
159.063,186.45
152.688,182.44
108.739,137.2
126.21,157.55
134.403,162.42
136.918,165.1
116.111,142.86
153.27,181.51
147.097,172.66
146.204,174.81
148.359,173.72
147.625,172.75
148.908,219.04
158.519,179.31
126.689,153.39
154.47,180.24
141.167,164.94
138.663,162.79
156.918,226.31
129.725,158.5
165.796,194.36
127.553,155.62
148.426,172.81
134.006,160.1
124.428,165.53
157.78,175.78
151.584,182.69
159.153,188.57
130.143,154.89
148.306,218.16
128.983,175.33
140.005,201.7
142.286,198.32
141.811,209.11
147.268,208.77
117.672,184.82
138.495,210.85
126.48,156.09
126.639,153.44
140.441,169.27
136.832,163.46
116.762,148.13
118.05,141.21
108.66,145.05
117.28,158.01
81.414,121.95
133.238,164.14
107.524,138.08
127.868,168.54
136.759,168.3
113.77,155.26
90.589,129.02
166.499,208.26
148.114,178.94
153.42,203.25
137.663,177.21
135.901,181.0
142.47,160.32
131.617,178.03
122.209,178.3
146.423,173.98
134.94,190.57
129.788,195.36
121.78,140.89
114.31,134.55
151.647,169.76
133.118,150.06
143.423,164.47
121.259,144.72
145.853,167.7
137.618,158.53
136.816,153.16
132.477,150.76
128.727,149.53
156.247,222.85
128.257,160.06
107.975,126.58
108.323,133.07
106.681,128.46
124.217,143.92
122.215,143.15
115.479,142.83
124.029,147.53
122.529,148.48
136.006,181.15
104.642,135.76
74.403,104.89
128.035,162.52
138.168,172.97
126.963,157.19
140.506,219.41
112.703,154.21
118.621,153.53
140.692,169.23
135.247,182.31
108.007,142.49
125.162,163.56
139.149,171.53
127.832,164.39
131.679,168.75
124.782,165.14
123.648,160.01
120.557,162.46
114.185,152.41
124.59,160.93
125.734,160.44
108.352,150.28
106.009,138.01
133.096,170.27
122.129,211.96
130.363,169.96
146.542,188.51
135.989,174.44
124.909,170.19
124.181,164.57
124.493,175.15
74.533,117.97
103.251,142.95
142.247,187.73
149.767,181.84
166.744,212.77
131.026,172.97
128.779,173.19
117.618,161.33
108.112,146.75
131.885,174.3
119.758,162.41
127.213,180.06
174.925,218.72
151.631,192.17
112.254,159.2
120.049,160.7
110.557,156.87
82.764,126.38
128.887,168.63
135.931,185.4
135.993,165.09
135.541,168.96
133.294,199.36
136.524,205.4
121.694,196.8
131.46,201.95
121.411,153.35
142.342,169.9
94.737,148.87
108.57,137.32
117.404,144.36
89.476,111.2
130.266,152.51
136.278,166.36
122.388,150.2
130.044,154.82
144.624,168.76
130.197,152.49
140.891,169.3
124.053,151.86
129.313,164.27
110.959,137.86
104.598,133.56
132.603,161.74
172.063,200.73
120.392,146.34
123.017,153.82
138.208,168.36
127.299,150.68
132.666,153.29
129.907,156.05
146.881,178.93
159.56,184.7
116.69,182.49
130.076,171.03
118.849,161.31
103.937,145.55
128.923,168.37
121.519,165.05
131.804,173.05
144.878,190.04
107.17,146.98
110.082,154.9
120.72,163.33
152.775,183.98
148.32,186.33
153.815,189.16
116.41,160.13
147.552,176.8
128.444,169.1
114.143,190.07
181.844,218.72
152.237,180.89
135.396,165.73
131.722,157.91
146.728,218.25
118.991,175.0
129.985,165.69
127.209,158.49
143.306,166.51
148.221,173.76
135.315,162.68
151.563,173.41
156.278,186.37
146.034,173.7
139.799,164.77
139.905,165.4
157.47,188.88
128.97,153.85
143.289,167.28
160.333,187.6
161.816,188.74
152.424,173.86
128.666,162.76
130.972,157.4
121.59,148.72
138.322,169.26
167.141,196.03
149.559,171.09
147.795,176.57
133.568,202.57
125.058,155.38
139.927,168.14
136.647,166.0
147.342,170.86
127.961,155.92
147.3,172.46
147.705,220.86
148.105,180.73
150.369,183.65
158.16,185.57
123.974,195.92
131.735,197.8
136.231,165.3
134.551,157.75
107.994,132.23
135.637,208.89
143.172,210.87
116.714,187.14
150.879,200.97
140.944,215.93
134.833,161.57
135.081,209.16
125.734,168.97
129.995,175.45
135.434,163.55
139.947,167.78
132.783,183.91
128.057,178.48
132.536,179.65
134.34,161.77
178.083,208.89
139.289,162.64
136.655,165.87
147.874,177.47
135.462,191.85
154.815,177.91
160.1,194.44
140.565,197.34
163.173,192.15
125.35,151.98
150.305,178.76
161.081,192.68
145.252,179.66
129.259,159.69
123.337,150.57
139.605,167.58
119.919,150.9
143.649,172.87
128.249,149.72
138.932,164.39
124.984,153.04
125.29,151.01
120.721,153.69
122.844,151.34
142.691,174.68
135.171,163.8
150.462,177.05
162.505,192.99
152.673,186.21
162.399,193.97
136.207,161.93
158.542,189.35
129.627,155.82
135.906,164.36
129.732,164.89
121.281,153.64
132.784,162.08
159.985,186.25
156.071,181.06
129.775,158.72
156.906,181.76
153.594,182.03
158.557,223.6
146.073,169.79
133.97,199.74
141.725,167.58
166.064,190.05
108.279,138.41
141.578,166.1
132.518,172.96
137.363,167.76
154.029,183.17
129.178,158.59
100.501,183.87
121.727,205.72
138.129,225.14
105.233,193.27
146.301,180.02
153.39,235.98
130.802,174.11
144.371,185.41
148.247,200.06
108.133,158.71
131.282,197.49
130.848,180.88
138.478,183.72
144.688,180.28
129.388,170.82
142.556,179.31
120.996,184.84
152.983,212.47
146.702,206.81
159.028,186.51
134.099,163.25
136.753,168.12
132.747,167.35
127.609,160.11
157.333,190.11
143.255,177.58
145.576,179.58
137.355,166.46
131.929,167.8
120.162,154.87
123.479,160.15
121.911,164.33
119.496,163.8
110.996,128.27
124.482,140.15
117.2,133.81
134.213,148.93
168.107,183.67
137.616,190.87
157.368,195.48
133.18,150.75
125.547,189.27
175.022,238.52
152.183,184.08
161.682,183.33
142.253,203.17
118.557,181.85
143.147,203.7
163.324,190.7
131.582,195.33
165.241,233.9
130.595,157.45
154.542,193.64
117.724,181.77
123.36,186.67
102.192,130.37
118.446,155.74
115.593,155.83
119.757,152.72
122.243,153.46
106.865,147.36
115.633,156.14
82.86,116.0
118.986,147.72
118.616,157.92
129.47,165.3
116.718,160.87
104.051,147.08
120.707,159.39
153.304,194.4
133.239,188.28
137.411,177.85
130.808,171.09
138.956,187.02
120.719,163.99
124.019,159.18
144.613,189.75
130.194,170.46
124.628,157.13
124.978,166.2
138.403,166.0
141.184,183.99
134.259,177.28
137.51,176.69
134.711,186.17
142.76,171.48
128.072,162.81
142.515,180.66
146.166,181.02
157.554,196.91
146.024,192.99
148.109,179.69
143.051,187.72
128.137,166.78
134.445,170.13
113.396,196.08
127.638,160.94
130.367,164.31
133.272,197.82
122.313,186.95
135.569,156.96
141.709,164.25
139.181,164.02
131.688,155.27
169.853,199.09
145.531,165.82
142.272,169.99
119.607,149.2
141.139,170.98
151.026,172.91
147.67,174.47
165.46,190.39
128.527,163.12
142.695,164.46
136.334,166.37
159.205,180.26
149.447,171.97
158.791,181.42
125.638,149.81
103.417,136.29
130.47,158.46
145.418,170.99
136.541,169.74
128.255,149.42
150.172,169.79
129.706,153.03
119.17,136.79
119.602,145.93
148.878,173.98
124.107,148.49
117.752,140.53
120.183,185.9
133.283,201.01
158.148,182.66
111.491,166.09
138.755,195.6
130.527,166.81
134.099,182.22
121.644,148.93
75.589,95.62
118.231,138.1
124.455,149.25
103.222,131.57
98.666,130.82
75.735,107.96
100.856,129.94
156.517,188.89
131.064,161.91
124.026,151.46
94.191,130.73
100.786,134.56
140.22,178.35
137.57,184.49
129.311,159.9
142.246,173.5
133.518,180.74
115.636,159.91
104.91,139.43
125.757,159.09
117.856,151.82
115.07,152.52
133.196,171.95
143.057,186.91
136.934,168.79
103.253,140.06
106.171,137.41
112.828,141.2
130.826,165.75
122.357,148.34
1366.127,1398.83
131.509,150.95
163.546,180.0
175.61,192.92
154.864,168.0
146.471,161.19
110.889,135.7
128.404,142.49
122.411,136.38
152.857,166.46
141.24,157.11
133.334,141.41
128.446,136.08
122.354,135.26
106.946,113.66
123.5,137.34
135.542,144.77
152.477,165.75
114.545,133.12
153.229,171.61
129.905,149.25
143.698,158.11
116.659,141.36
116.936,133.94
142.969,162.76
124.809,138.88
145.908,163.72
153.932,170.43
126.114,144.91
106.122,132.13
125.614,154.16
144.03,162.73
135.463,152.2
127.936,151.8
96.648,112.18
100.882,136.3
108.659,126.81
138.694,175.31
149.435,171.67
117.848,133.11
114.847,128.47
121.266,137.03
126.641,141.69
110.334,125.59
109.958,122.28
136.665,163.25
127.672,143.96
91.271,108.34
100.326,128.21
111.845,126.9
129.843,144.6
119.066,135.42
98.2,114.91
102.202,118.74
141.746,158.78
112.981,128.97
91.499,119.08
133.512,148.41
115.028,170.07
105.016,144.62
143.923,159.43
123.885,138.77
131.197,176.93
78.3,129.59
125.488,148.69
144.937,193.86
135.365,149.83
117.808,135.07
141.847,159.74
137.502,159.57
104.429,117.51
99.799,123.26
93.989,160.5
133.072,160.18
176.022,215.84
165.401,191.7
125.292,158.14
97.775,117.47
111.835,124.07
115.386,129.23
113.789,129.9
114.329,129.19
109.155,124.18
114.91,131.55
132.579,148.22
95.828,128.32
117.26,133.92
101.563,131.7
108.54,128.54
77.118,92.18
75.35,93.1
144.802,165.84
104.058,139.26
108.457,128.1
120.794,142.27
143.502,166.69
135.201,154.48
135.462,155.8
100.226,139.41
90.776,116.36
84.628,111.23
132.821,154.12
125.554,149.28
145.316,179.29
93.585,115.0
135.277,161.34
114.593,137.25
94.663,115.5
103.073,124.64
106.093,134.13
131.778,158.08
134.46,165.5
125.898,162.22
157.001,191.51
130.37,176.7
132.462,150.33
112.72,137.78
103.542,124.69
114.46,145.2
131.088,165.52
146.15,169.83
129.747,157.97
122.579,145.3
105.372,133.46
95.553,123.82
96.845,120.81
100.935,130.81
95.891,123.02
140.658,165.65
98.477,122.36
153.717,189.04
121.331,146.27
117.676,138.62
123.135,144.95
129.552,153.95
152.931,179.85
119.137,145.11
115.673,141.28
118.513,142.05
121.629,145.21
109.09,130.46
128.573,153.81
95.264,120.65
148.074,167.89
105.619,131.51
111.862,133.57
121.999,145.95
109.05,133.54
128.606,153.73
115.971,140.81
136.06,210.11
120.998,146.25
136.227,171.97
114.268,147.19
97.064,127.94
110.392,143.41
84.079,115.63
92.899,121.72
146.77,181.06
143.351,179.47
140.903,173.06
119.092,148.72
101.045,134.76
128.003,151.05
73.09,94.97
72.142,93.08
127.802,157.25
140.108,195.46
134.36,187.68
114.187,131.22
126.44,149.91
133.416,149.15
115.486,173.13
134.813,210.87
139.616,198.08
125.317,176.77
144.073,197.92
132.592,182.97
155.904,209.27
133.712,178.95
115.231,166.24
96.869,165.73
135.0,185.75
135.99,179.18
102.701,127.89
122.736,156.41
117.565,162.48
126.024,173.87
89.122,153.3
144.585,169.41
89.582,106.72
99.721,122.24
88.246,111.93
82.311,106.09
111.077,127.79
112.771,131.34
92.684,118.51
115.83,134.97
114.006,134.9
104.176,129.94
128.413,190.0
122.969,153.99
122.842,153.33
113.774,134.43
137.44,160.26
77.469,143.01
109.297,132.0
115.454,139.3
108.806,133.58
128.77,154.24
80.66,110.22
97.891,124.51
101.579,134.8
90.775,122.3
94.358,128.18
127.046,154.04
93.429,123.69
79.845,112.29
116.913,144.81
85.578,129.55
130.754,144.64
112.801,132.55
145.278,193.73
130.774,171.63
115.624,160.65
134.001,149.35
90.448,109.14
102.667,124.98
117.574,132.99
101.465,117.51
72.42,83.75
73.967,89.09
88.65,105.09
101.106,123.41
121.695,142.18
143.835,157.82
124.617,146.45
115.836,133.36
150.329,166.21
116.535,132.34
106.712,123.16
74.836,92.21
107.163,120.96
109.615,128.28
122.303,164.87
137.889,157.22
129.584,150.7
116.992,137.77
105.096,120.87
111.79,127.87
126.713,143.14
142.797,161.74
119.577,140.03
117.982,145.64
150.534,211.86
115.392,177.21
128.774,147.58
105.003,127.16
126.364,151.99
102.559,121.03
117.078,141.06
113.63,130.3
106.317,122.79
116.232,138.08
114.405,130.92
99.128,115.38
142.688,160.98
137.757,158.17
125.987,202.05
139.938,170.76
121.985,176.68
119.917,192.46
119.823,176.78
134.014,180.99
115.566,159.13
132.221,158.48
131.569,167.88
115.999,131.11
124.087,141.47
77.65,121.89
109.144,131.98
82.714,107.07
91.742,110.6
111.167,124.5
115.701,128.33
111.699,126.56
114.011,125.5
126.563,152.24
134.685,148.93
142.854,160.39
71.636,86.87
149.558,161.13
90.785,106.38
97.477,115.35
117.343,137.61
124.774,147.65
135.626,159.78
100.694,123.31
91.106,109.89
131.996,150.97
115.77,176.07
118.966,141.13
96.01,141.06
115.328,137.94
115.71,139.13
106.118,136.44
93.426,123.43
98.559,129.72
95.957,124.55
115.574,142.13
130.532,157.99
121.302,148.15
88.813,115.05
113.9,142.74
118.997,144.22
115.997,138.72
116.411,140.48
99.209,135.62
96.416,125.08
114.001,140.96
107.355,139.88
110.972,150.43
121.68,154.81
110.093,143.1
117.474,144.83
117.394,146.73
131.007,153.93
117.119,142.02
112.947,146.73
160.591,190.67
128.881,156.22
137.659,166.15
108.131,132.13
126.824,162.08
78.934,109.02
128.31,156.82
74.604,98.5
97.785,131.98
105.702,137.88
124.191,153.99
70.563,99.14
124.152,163.57
112.143,137.23
94.485,119.65
100.754,131.59
82.444,113.85
77.295,111.0
114.219,145.59
75.507,108.28
95.366,125.58
98.444,127.37
99.666,129.88
103.724,137.74
112.805,148.87
74.067,104.63
100.383,133.21
116.141,147.0
76.055,108.38
95.169,129.91
114.682,157.15
77.901,107.22
101.892,139.03
111.523,135.89
101.691,127.71
119.554,145.49
126.784,158.23
91.852,123.75
80.264,107.85
140.548,175.1
117.838,147.84
98.646,132.33
134.109,168.83
111.297,149.56
69.194,101.03
137.684,181.84
106.261,135.59
109.282,136.43
112.953,138.9
110.825,136.16
113.538,137.79
114.605,137.23
114.58,138.08
99.833,136.07
99.657,129.34
91.553,120.39
109.478,137.17
99.439,128.4
99.599,135.89
103.469,137.81
137.742,168.8
122.316,147.01
111.76,135.12
117.471,154.05
102.393,137.08
102.448,133.33
98.321,127.32
98.322,132.73
88.036,123.06
102.166,146.97
89.604,123.19
104.02,138.84
114.691,141.6
73.079,102.05
97.861,134.43
132.123,166.99
72.046,101.47
99.28,130.98
90.621,122.79
100.535,131.1
91.032,121.12
102.572,134.92
139.048,171.56
110.927,140.9
116.507,140.89
91.659,120.34
114.851,146.44
124.035,147.17
110.466,137.37
118.51,144.74
108.087,136.63
110.681,138.38
143.597,170.36
75.654,104.46
114.837,139.89
127.233,157.42
70.346,97.47
111.214,144.66
113.984,149.72
99.69,127.44
74.362,103.71
124.744,156.59
86.839,115.66
106.291,138.24
105.947,137.8
111.542,140.24
99.284,123.73
96.47,127.24
118.091,147.15
101.907,129.12
120.071,146.57
116.719,140.74
116.482,145.0
101.968,134.12
100.23,135.16
111.43,134.34
108.97,138.76
93.268,124.71
97.512,128.84
119.414,153.61
115.676,149.23
119.117,153.32
113.449,142.51
121.53,149.89
116.369,141.36
112.205,147.03
105.702,138.56
87.897,121.97
98.824,132.39
115.685,152.44
80.289,110.99
113.597,153.03
111.067,151.98
98.621,133.03
70.982,105.74
128.759,162.18
115.776,148.7
118.719,149.66
125.101,150.77
81.781,112.41
96.68,127.09
114.847,145.24
112.925,138.37
103.479,131.96
113.302,140.57
102.032,135.65
96.893,126.02
92.945,126.73
126.169,149.24
77.912,107.5
108.878,132.06
124.026,154.08
80.712,105.65
108.841,145.9
118.422,161.23
86.371,116.5
96.109,123.57
124.686,157.22
92.288,125.38
79.488,107.12
107.281,137.35
75.929,107.87
92.419,130.62
114.874,146.27
81.617,116.5
105.629,142.11
146.957,189.46
113.349,142.12
98.502,127.95
118.964,150.33
121.801,149.91
106.226,137.18
132.805,167.46
76.082,104.89
141.53,170.77
96.738,127.81
106.627,138.23
100.087,130.8
110.669,138.61
112.916,142.2
116.272,142.89
103.285,145.74
128.248,158.29
75.88,111.16
92.666,126.74
114.587,140.98
96.112,129.64
90.014,121.47
108.578,146.51
140.505,176.12
140.217,172.39
137.216,175.18
99.289,130.5
80.222,106.39
119.877,158.9
70.799,104.86
101.393,131.93
139.886,174.26
94.03,122.29
119.407,147.91
111.949,142.71
98.164,136.91
101.91,135.18
96.85,128.74
99.06,133.97
130.932,171.5
136.963,170.95
130.984,159.95
141.217,174.4
72.928,104.4
107.698,143.09
127.8,162.5
118.293,158.07
146.338,213.4
112.143,148.86
106.229,127.65
112.773,134.63
107.717,128.84
102.377,147.35
114.575,135.21
89.665,110.41
111.269,135.68
114.237,138.05
103.565,147.65
100.06,126.75
98.572,129.73
113.961,152.86
80.493,109.86
110.042,138.97
138.643,164.93
122.629,149.72
113.815,137.61
115.85,138.73
111.324,135.47
110.073,132.72
114.448,140.39
92.558,123.93
98.245,127.3
147.536,184.43
113.485,143.91
103.006,134.45
127.907,164.51
115.04,141.77
109.841,139.51
115.567,155.99
108.965,145.91
111.489,143.2
76.754,105.35
116.684,149.32
105.159,134.85
108.409,137.71
94.854,124.33
111.269,141.66
98.081,122.64
115.928,146.34
112.031,140.79
100.772,126.09
115.84,147.71
111.407,139.91
110.231,138.83
106.972,134.58
134.591,164.2
84.966,117.9
122.765,154.51
76.798,104.66
103.994,132.97
136.177,174.29
102.028,130.56
135.683,161.12
117.509,146.03
114.219,141.49
101.765,134.51
119.82,154.56
111.5,143.82
102.071,136.83
163.989,198.56
128.661,165.89
137.45,167.59
136.452,171.03
149.838,186.72
107.591,148.01
141.187,182.55
124.469,164.13
150.467,191.67
141.22,178.37
117.022,159.07
128.089,167.64
144.649,183.45
134.524,175.03
147.31,183.27
115.988,144.21
115.819,149.31
111.068,147.05
113.322,138.25
92.084,132.48
98.539,130.17
108.64,138.19
101.558,140.92
140.286,175.23
104.492,133.96
137.585,163.19
115.33,152.61
169.463,202.14
128.523,179.09
134.725,176.27
159.22,192.44
145.573,180.83
112.072,139.05
104.173,145.99
114.603,143.58
78.457,113.38
141.828,180.94
126.48,160.05
110.207,136.45
115.182,145.89
112.904,146.85
94.045,135.09
124.199,158.73
83.237,116.83
95.112,128.83
111.6,152.27
108.194,135.48
114.583,153.76
118.219,158.43
119.66,158.26
116.776,153.04
94.143,128.06
114.386,152.59
125.567,164.21
84.266,123.68
114.674,148.97
139.188,172.96
113.977,190.82
119.732,141.22
124.009,187.92
107.657,134.3
169.666,198.49
136.534,161.37
144.99,165.43
70.964,121.52
156.828,173.71
130.3,148.82
134.645,192.74
107.345,131.74
134.611,159.45
112.864,132.91
110.724,132.41
136.064,163.55
103.736,123.83
134.001,161.91
116.068,140.79
125.018,147.57
131.311,165.35
128.32,149.26
149.161,201.68
127.72,172.29
142.683,185.71
88.321,134.3
119.429,171.89
135.0,181.42
138.251,198.19
120.625,162.53
132.131,155.14
129.534,185.82
130.683,178.22
114.012,172.2
110.957,169.37
131.887,183.68
101.885,154.32
125.87,162.32
116.73,154.53
133.361,161.84
107.794,135.52
114.369,140.04
115.532,138.04
138.514,162.5
108.976,138.24
131.261,162.65
155.038,186.56
112.587,149.25
106.968,118.51
102.887,115.74
101.402,115.17
77.058,89.01
128.117,146.64
82.706,107.34
111.875,126.18
109.63,126.26
115.803,130.24
120.965,133.13
109.978,127.41
133.222,164.46
77.895,100.86
117.573,130.49
102.844,128.95
99.123,117.71
100.794,118.91
127.942,148.13
110.781,128.6
120.36,135.17
98.204,126.82
109.13,126.8
114.541,130.34
103.923,123.04
94.181,120.1
104.504,128.35
117.574,132.52
112.206,128.1
108.8,127.93
112.127,127.34
112.686,128.08
131.078,151.95
131.999,145.32
137.064,155.33
85.327,104.09
114.42,133.42
99.079,121.98
91.934,119.63
123.551,143.19
82.03,105.29
109.242,142.45
148.425,173.24
111.572,130.78
75.003,92.76
142.321,166.97
113.657,128.82
117.313,132.08
121.655,138.83
115.593,130.76
106.613,144.47
111.441,133.0
96.458,119.08
104.967,127.91
104.919,135.64
109.08,133.54
108.546,131.42
115.392,131.56
114.434,130.06
119.397,139.06
139.38,169.32
117.244,136.13
140.33,170.12
116.761,134.11
116.719,132.28
123.718,139.25
126.319,144.27
145.403,206.41
128.157,178.39
119.073,182.15
130.076,146.61
142.548,198.03
125.627,191.46
131.416,151.67
112.179,129.87
127.534,176.77
122.09,150.46
135.394,161.9
157.284,218.95
149.672,209.58
132.932,202.79
120.314,178.15
111.914,168.18
130.865,148.24
140.109,195.11
136.151,187.34
134.959,186.34
96.618,147.74
89.853,134.74
84.281,101.21
128.418,144.62
75.721,102.09
95.318,114.55
113.195,130.12
127.887,144.69
79.316,107.86
93.845,120.3
114.487,137.0
101.22,128.84
100.627,130.76
163.27,184.6
82.862,104.81
111.149,136.32
124.632,153.76
136.989,194.89
107.312,151.41
121.893,146.62
113.241,138.19
118.447,145.43
115.829,148.01
97.811,121.76
78.605,107.66
88.93,121.49
94.514,126.56
107.701,133.55
120.071,145.1
113.1,141.45
122.559,150.96
90.027,120.01
113.623,140.46
120.51,148.16
94.024,119.65
113.082,143.16
135.382,164.05
115.736,165.72
138.802,182.87
135.274,157.64
132.59,153.02
124.706,141.04
129.023,144.28
141.294,161.7
118.829,135.75
173.83,198.84
117.695,143.67
116.042,130.0
102.81,124.58
113.438,135.74
137.521,158.06
96.782,115.12
137.608,158.35
102.98,120.11
71.442,88.33
116.613,147.05
92.54,113.73
98.12,122.52
152.215,177.4
128.898,155.47
122.99,140.81
136.005,159.88
128.599,193.8
119.051,140.56
132.167,177.13
117.834,155.89
142.52,161.77
113.764,138.07
97.702,119.94
81.916,101.47
148.682,168.29
126.755,146.98
103.006,118.58
93.922,113.79
102.156,124.81
84.251,103.92
102.236,126.98
119.212,143.65
109.339,131.99
92.707,111.1
91.601,112.15
108.382,132.49
115.829,139.58
115.05,137.73
142.373,162.81
118.615,137.11
116.589,184.95
160.74,212.12
127.76,173.51
114.02,172.54
138.082,204.66
142.938,183.1
88.648,108.19
112.612,131.24
148.372,169.24
71.757,93.04
102.933,129.47
104.865,130.48
90.197,119.09
112.614,135.3
106.558,132.69
101.395,129.49
126.323,164.63
130.356,204.33
116.996,141.16
103.537,137.98
115.305,147.09
112.673,175.36
100.889,128.71
111.446,129.89
164.659,189.17
78.882,156.94
90.13,118.53
100.274,132.54
99.89,131.8
116.318,140.71
100.305,136.26
88.903,127.9
123.847,158.91
102.845,134.44
107.539,137.63
91.971,122.51
118.78,150.06
112.329,140.64
103.272,131.49
122.524,147.78
115.723,141.38
135.078,160.69
104.969,136.71
96.002,126.29
80.277,116.98
96.699,128.76
139.963,172.14
115.764,150.15
123.499,151.17
120.179,149.3
152.866,195.04
113.662,146.43
117.063,148.87
133.52,160.22
105.297,137.56
130.486,156.08
140.952,172.75
115.097,144.26
127.166,155.79
127.877,162.4
133.03,161.69
99.199,129.39
80.046,111.33
140.736,180.28
1074.44,1121.67
130.313,161.48
129.536,156.23
116.263,137.59
158.076,175.41
112.035,161.13
137.485,166.09
136.254,173.95
135.113,162.54
129.93,157.19
134.319,143.63
105.998,141.62
147.847,179.6
125.017,158.36
133.936,160.63
109.907,153.99
112.945,124.36
115.013,125.0
116.785,125.94
106.274,116.16
96.419,107.8
103.555,116.2
81.454,93.43
112.61,126.65
110.758,126.24
148.217,160.11
122.933,137.66
103.309,146.55
86.222,98.0
100.545,115.73
93.569,108.23
116.586,136.42
82.235,108.27
131.829,147.91
116.101,133.05
124.871,156.29
162.141,204.89
132.03,180.78
108.173,146.75
112.389,130.53
135.746,178.0
126.514,163.74
78.016,117.11
116.203,152.24
99.513,142.82
79.276,96.24
128.251,150.07
115.055,137.66
88.22,137.28
123.719,178.38
109.257,152.85
142.788,162.48
113.478,167.22
120.146,174.79
115.808,135.13
131.983,157.99
126.531,149.4
93.37,113.33
129.946,151.04
138.83,162.24
114.383,135.11
139.455,168.69
88.385,104.16
106.397,120.83
116.503,133.24
151.212,171.67
95.209,109.72
124.107,142.34
99.951,153.11
104.041,127.82
99.22,118.83
98.548,118.28
111.639,132.66
133.257,153.54
137.426,189.05
111.411,126.54
110.825,123.18
110.525,121.52
77.218,88.93
94.13,116.33
118.668,131.49
100.049,153.84
99.288,147.5
90.739,103.25
111.416,126.86
93.119,151.32
117.329,133.68
107.324,123.64
147.59,164.34
114.227,132.0
114.03,134.04
132.661,147.79
100.729,126.63
113.092,129.21
101.404,124.38
131.747,150.79
133.179,162.37
77.733,99.93
98.665,120.92
102.408,130.39
95.196,115.55
111.267,131.16
107.554,126.67
133.815,158.04
109.477,126.6
131.616,170.95
111.243,130.28
103.987,155.39
115.425,161.42
117.221,136.87
113.976,132.14
119.141,135.8
115.565,135.02
126.208,146.56
155.053,186.3
85.253,106.52
111.197,135.66
108.632,134.53
121.913,147.47
82.045,99.61
108.041,128.32
92.53,113.78
111.981,166.39
105.54,127.61
92.032,142.23
95.198,113.6
133.846,149.85
110.231,131.19
128.977,146.3
131.468,176.27
119.058,168.33
126.702,138.49
116.124,161.08
130.63,154.8
157.227,169.91
120.613,132.71
92.846,118.25
89.465,113.07
112.121,124.33
120.017,131.8
118.421,130.72
109.338,157.2
114.908,131.78
116.34,135.21
92.637,136.19
186.06,205.07
123.756,141.61
115.93,145.33
126.533,142.97
112.032,132.14
89.335,116.05
112.97,136.05
114.772,134.38
101.125,120.4
109.64,133.03
122.275,178.36
73.366,89.65
89.625,113.65
98.256,123.11
110.571,127.04
111.545,127.26
113.876,130.02
110.188,129.27
111.726,128.75
114.566,132.03
110.034,127.62
98.633,129.91
129.312,147.08
99.429,118.93
124.581,149.55
131.576,151.26
85.87,111.84
108.096,130.13
132.932,153.06
75.11,94.31
137.688,157.15
131.818,152.39
114.248,134.02
132.615,166.33
124.707,150.46
84.971,129.7
116.852,160.6
110.779,151.38
128.935,152.23
83.749,99.01
122.979,145.21
103.266,119.54
146.605,162.77
98.32,114.18
122.43,137.61
106.14,124.77
132.98,167.0
112.231,130.85
147.572,164.27
79.816,125.59
84.736,133.48
96.798,114.86
100.534,120.54
134.597,157.49
87.042,117.64
74.297,98.51
125.091,142.66
1128.04,1158.56
130.843,170.55
163.937,206.32
136.109,158.6
129.56,144.99
168.418,189.07
148.341,178.95
120.676,164.45
138.794,146.44
169.867,181.74
132.98,160.71
134.227,141.02
112.972,131.21
126.623,135.06
119.363,127.56
121.537,127.57
126.889,132.92
121.937,128.88
132.288,141.69
124.923,133.26
138.74,146.21
142.745,164.72
123.403,159.93
115.688,125.2
79.871,86.61
135.241,141.06
105.084,119.35
134.947,151.78
116.796,151.83
103.08,117.67
116.65,131.24
139.903,154.76
86.686,96.61
133.751,156.56
126.224,140.97
95.599,104.16
140.603,151.27
166.152,195.44
136.891,165.96
120.039,163.12
127.593,149.59
136.013,179.61
115.026,128.41
115.989,130.75
124.032,146.97
100.861,119.93
121.195,138.1
168.843,185.77
132.288,146.18
125.487,142.92
135.848,148.22
131.021,151.54
117.306,140.66
115.252,137.31
122.064,139.93
93.135,111.82
132.735,153.46
116.609,133.0
93.601,110.26
87.94,104.86
108.63,123.21
121.322,142.31
109.021,127.79
120.502,142.61
98.411,124.75
111.075,142.33
99.995,123.32
114.81,129.62
140.18,157.61
77.881,93.89
133.01,148.58
147.68,166.98
109.495,125.78
132.772,163.34
118.666,134.13
121.263,138.68
118.137,132.56
143.991,162.01
155.222,173.33
133.656,161.04
131.293,162.02
106.382,122.5
115.307,140.14
162.294,175.74
93.426,116.2
101.929,125.53
92.793,105.22
138.188,162.89
167.741,180.01
117.294,132.82
106.517,115.94
99.046,111.23
125.326,147.13
108.318,119.91
95.369,108.13
101.174,125.35
92.087,103.75
101.391,124.78
112.506,123.94
124.696,136.05
105.84,128.1
121.983,132.57
122.74,145.65
121.54,147.15
134.487,154.12
118.203,136.51
121.843,138.36
139.972,156.45
139.938,158.29
149.805,169.64
124.282,140.16
109.399,125.08
120.596,141.83
120.822,135.57
118.83,134.78
115.107,130.7
120.893,138.21
114.788,130.92
125.995,144.2
139.605,156.29
126.334,139.13
91.273,119.26
120.747,135.83
120.366,135.12
106.597,129.83
121.431,137.75
121.09,140.05
137.426,152.98
107.436,127.02
154.527,174.91
137.413,154.16
146.338,169.89
119.558,143.04
131.455,184.44
132.462,153.43
133.733,146.26
104.67,153.86
118.758,136.97
136.137,155.35
102.873,123.2
135.25,151.86
93.175,109.81
92.994,110.94
159.9,185.99
107.873,122.61
136.447,152.17
104.758,118.63
80.366,98.15
93.046,106.19
169.11,187.01
156.6,184.08
121.412,134.94
115.48,147.44
119.737,130.39
114.517,126.08
123.338,142.22
121.145,131.04
86.595,114.71
125.025,134.63
120.114,135.45
124.648,150.61
87.36,133.43
131.864,142.09
89.682,107.78
128.411,138.12
128.038,136.97
128.891,143.25
129.893,175.74
139.657,152.41
154.454,165.91
117.394,126.58
133.438,146.56
130.691,142.64
131.941,184.53
127.821,151.58
140.252,159.21
142.019,180.57
120.737,136.31
118.901,133.64
126.831,161.69
138.848,155.38
104.042,153.28
82.327,105.31
115.705,136.09
106.279,130.51
85.416,106.0
105.007,129.93
132.841,148.69
90.098,109.18
100.614,120.82
116.731,134.3
121.124,138.98
104.582,127.13
103.136,129.57
105.168,134.21
106.532,131.73
124.69,155.4
80.466,99.71
114.682,131.08
108.885,136.68
157.507,177.17
92.015,112.08
104.247,131.46
84.49,109.5
97.158,115.88
101.425,129.49
111.797,134.41
124.894,143.87
96.988,116.3
96.493,118.75
122.035,139.8
129.74,154.19
113.156,132.71
84.144,109.79
119.226,136.09
116.298,144.54
90.637,110.13
155.607,183.09
93.88,112.63
88.896,112.36
115.396,137.02
162.63,182.61
116.523,136.95
94.972,112.66
126.23,175.6
124.436,140.04
104.934,124.82
98.754,122.59
104.324,125.38
118.629,137.46
98.886,120.24
129.05,145.15
99.788,124.88
106.483,129.07
151.395,170.31
123.625,145.66
128.404,145.7
116.907,134.43
107.524,127.56
129.887,147.82
137.93,155.54
119.949,168.46
106.977,137.36
140.884,161.35
118.402,166.14
123.502,148.08
114.975,129.84
118.33,133.23
119.47,134.88
162.957,186.71
130.028,146.54
110.371,128.26
115.274,137.6
114.637,131.66
106.111,122.51
117.868,136.22
119.796,136.76
124.746,143.44
119.731,136.58
117.992,134.77
134.864,155.32
112.222,132.89
130.641,149.11
125.577,147.51
119.552,136.51
99.366,116.71
82.181,102.88
139.979,168.13
112.832,129.01
74.758,90.72
157.791,175.65
113.076,150.7
84.613,98.77
157.889,171.2
121.939,151.03
114.471,123.2
120.224,132.34
128.668,145.03
77.84,119.46
105.114,115.81
112.979,123.16
111.262,120.03
93.706,103.12
111.0,127.96
92.611,101.34
98.699,113.07
104.518,120.02
113.681,124.97
101.963,119.25
100.892,117.89
112.405,123.11
131.877,140.64
109.204,118.44
121.427,130.0
104.992,115.41
127.542,143.8
128.158,140.65
124.379,134.15
128.889,136.45
119.771,155.34
132.179,145.95
103.22,148.14
100.393,117.1
143.734,160.67
123.911,139.28
136.024,150.22
74.689,87.78
87.206,103.2
161.146,172.57
72.041,85.88
147.981,158.39
128.553,154.17
115.447,127.43
115.427,131.84
104.899,117.87
102.785,118.08
114.529,130.43
103.376,118.82
91.55,107.01
89.57,104.66
101.546,118.39
95.907,125.34
132.454,144.56
116.283,159.01
99.103,114.99
136.697,143.27
82.197,130.07
115.895,130.48
174.197,189.76
106.33,122.44
80.112,91.96
133.868,146.32
155.01,168.61
117.332,133.31
141.193,154.64
101.533,157.87
149.924,202.4
135.732,176.26
123.517,182.61
143.683,194.89
115.312,158.84
141.424,187.32
135.015,177.17
145.675,174.01
124.683,175.36
129.806,161.61
90.781,133.33
122.148,153.62
1334.531,1394.93
122.496,138.8
124.563,149.18
144.471,158.87
124.838,146.05
106.881,127.47
118.455,142.06
122.023,146.51
118.57,141.53
134.946,157.53
100.935,124.79
119.8,141.95
153.809,175.85
90.898,111.57
82.685,106.94
121.136,144.7
92.48,117.0
123.317,154.2
148.955,176.44
131.923,155.7
117.897,137.74
115.836,138.44
96.369,122.06
118.434,141.59
93.404,117.55
94.686,119.97
103.545,142.91
144.446,168.25
148.603,176.15
119.891,140.65
121.658,142.05
108.363,129.02
139.245,159.15
91.755,144.59
141.441,154.64
168.633,192.78
143.104,157.24
111.464,171.88
119.843,155.22
147.572,176.8
121.186,139.27
148.261,174.11
146.185,212.54
181.202,229.71
134.193,162.05
117.143,126.76
151.69,166.55
92.758,140.01
82.856,112.53
144.989,158.55
104.796,124.35
150.794,172.09
152.189,178.18
122.095,141.45
119.242,138.18
113.42,133.66
106.416,131.35
80.363,101.47
118.221,133.78
124.154,146.33
82.181,109.66
95.306,118.07
103.765,132.57
106.397,128.43
111.933,153.16
140.535,165.6
119.163,139.04
103.608,124.15
120.488,140.24
87.691,108.19
115.467,140.41
110.418,131.38
120.601,178.16
109.8,133.13
128.254,154.2
128.867,151.16
110.567,142.57
114.613,139.82
138.364,179.87
120.785,156.61
116.753,139.06
117.507,141.55
120.848,146.15
110.893,135.85
98.751,164.54
124.862,155.6
113.997,139.15
116.297,148.41
101.223,131.86
137.951,167.66
132.599,164.65
112.745,145.76
154.159,187.53
117.609,147.43
114.511,143.7
97.878,127.93
90.201,119.63
93.742,122.5
164.308,203.94
124.928,154.15
131.986,190.25
149.149,177.2
92.55,108.54
112.138,135.32
159.332,183.19
119.33,176.8
132.561,183.34
130.28,142.05
139.328,195.7
183.206,215.1
193.474,229.91
162.23,212.92
95.28,115.78
147.884,169.01
123.778,141.5
138.09,157.64
78.449,135.55
90.686,116.58
122.28,139.09
105.834,129.08
101.825,131.02
144.801,166.86
129.921,154.57
113.535,133.17
138.846,156.68
137.333,164.17
116.235,136.6
133.764,150.55
181.519,205.4
96.093,153.11
130.561,189.71
156.964,180.12
105.2,163.25
113.411,173.21
111.919,132.43
116.841,166.91
121.1,146.86
126.027,157.25
169.318,196.35
115.086,142.11
142.488,167.64
138.245,183.41
162.365,201.99
123.252,180.91
96.856,142.22
121.862,134.14
114.394,127.5
132.459,145.42
118.571,135.51
137.039,160.95
126.703,159.03
132.846,145.55
93.367,139.4
122.423,135.67
112.587,128.18
133.917,148.51
126.452,146.86
144.2,163.85
144.326,160.64
139.389,161.78
105.087,145.86
146.348,163.16
118.835,137.54
141.367,156.45
115.056,134.65
80.612,123.03
122.837,134.38
145.8,171.4
117.888,140.31
120.99,134.16
128.391,149.91
138.703,186.65
96.139,122.58
121.126,162.29
110.309,161.4
107.889,120.22
111.195,133.17
121.017,137.56
125.08,136.51
162.193,177.87
155.039,175.53
91.956,107.84
144.317,166.64
126.603,142.56
90.022,115.27
109.543,129.86
79.253,95.38
95.323,131.72
128.954,143.71
85.527,110.78
97.259,118.81
153.623,169.08
123.625,138.34
100.46,117.59
138.506,156.37
93.212,109.92
139.281,160.15
138.307,156.76
120.564,135.76
117.169,133.24
138.493,158.34
145.488,168.6
142.482,160.08
122.658,140.91
124.881,140.0
121.202,142.14
105.386,125.74
101.828,129.55
145.791,165.09
113.266,131.38
152.623,219.22
131.693,195.29
138.207,195.08
143.202,202.29
152.952,174.61
111.323,165.41
141.053,171.82
76.183,96.48
163.325,183.02
132.781,153.32
144.499,182.01
129.403,182.37
125.507,172.31
147.429,205.83
153.362,187.22
151.28,170.74
161.912,201.45
169.874,226.13
163.626,211.53
169.199,220.2
141.821,182.44
151.086,200.05
141.209,184.93
119.468,173.85
144.171,195.8
132.493,173.79
119.794,168.92
159.374,208.87
144.558,193.75
128.324,182.19
125.207,141.05
159.656,174.48
81.777,108.86
101.996,123.11
145.827,160.69
119.18,175.07
133.572,180.69
114.799,160.07
99.736,134.95
162.258,178.29
149.709,200.61
162.624,202.43
111.565,151.84
114.383,138.69
149.813,177.73
161.468,200.49
113.026,142.63
153.601,184.1
179.655,219.88
122.899,158.2
135.219,149.37
96.815,146.35
111.688,161.39
80.552,124.44
118.643,153.39
120.792,168.94
177.813,223.94
101.025,149.96
122.616,183.57
126.939,172.06
120.07,160.24
164.369,206.55
160.113,186.31
186.515,234.46
139.546,180.25
136.396,183.6
142.688,179.73
143.929,192.73
156.049,194.07
142.249,183.18
157.112,206.46
155.144,184.48
140.97,192.12
122.077,166.59
169.166,220.94
149.212,194.47
143.09,199.28
120.669,167.49
118.438,132.7
91.847,141.18
110.553,129.26
128.853,143.74
144.837,179.13
74.785,95.24
132.419,148.94
146.016,161.39
132.716,146.56
135.475,152.7
95.07,128.85
110.484,124.7
128.573,145.13
140.809,158.75
119.542,135.41
107.092,123.91
98.186,114.92
119.553,139.21
112.862,132.32
99.808,123.98
100.47,125.35
121.814,148.61
81.789,101.19
115.941,157.38
96.23,123.27
107.221,124.19
117.325,146.08
103.348,123.73
90.957,110.72
115.556,134.4
118.586,135.01
96.387,118.24
120.745,137.74
132.485,148.74
114.811,134.03
149.192,179.95
99.526,117.14
73.714,87.44
77.043,92.07
75.925,90.33
80.801,95.95
76.133,93.62
76.864,95.28
77.468,93.37
78.021,94.12
83.338,98.71
78.593,97.48
73.491,94.85
73.499,94.56
73.436,94.27
77.262,98.02
82.447,104.63
82.726,103.26
73.967,94.71
71.647,95.51
76.264,91.03
74.324,88.51
73.951,89.54
77.233,91.44
79.479,94.26
75.157,85.78
78.681,91.46
75.562,88.67
72.765,89.14
76.093,89.19
80.262,97.45
75.033,89.22
74.541,92.44
76.879,90.81
79.415,99.07
78.426,95.47
77.348,92.41
81.554,96.06
80.56,96.38
77.444,92.63
79.523,95.2
77.349,92.5
80.818,98.64
76.25,92.43
80.686,96.67
78.096,93.52
78.64,93.17
79.583,94.83
81.029,96.51
77.91,94.24
78.022,92.71
79.173,94.68
80.425,96.98
82.132,99.64
77.779,94.59
78.214,94.21
77.128,92.0
79.531,98.04
76.566,92.4
75.443,92.94
82.155,99.35
77.325,93.76
78.668,96.43
77.045,100.2
74.183,93.28
73.286,92.38
71.496,90.71
73.747,94.02
71.655,92.46
76.229,92.27
73.932,90.16
76.291,91.96
77.366,92.1
80.049,95.0
77.664,98.67
73.208,93.27
75.921,96.19
77.368,99.68
72.756,90.4
74.178,95.91
74.123,94.3
74.533,90.81
75.671,91.77
76.047,91.68
76.124,92.55
79.544,99.76
77.941,95.3
77.106,95.04
76.789,94.14
77.804,100.17
72.617,92.45
73.76,92.78
73.748,94.13
75.708,95.06
75.534,93.57
80.777,100.76
80.49,100.09
77.319,94.95
79.317,99.18
78.6,99.42
75.824,97.65
74.942,92.03
75.053,95.63
78.113,94.3
80.318,99.98
77.164,95.3
74.735,95.08
74.943,95.68
73.992,93.92
77.706,96.19
71.856,92.98
71.29,91.05
74.901,92.48
75.414,92.96
76.645,92.26
78.767,97.0
77.625,96.42
75.657,95.34
74.882,94.13
72.871,92.56
73.923,94.51
73.394,89.25
73.726,92.83
76.172,94.01
75.561,93.13
73.486,93.68
74.448,93.01
72.099,92.18
80.774,95.73
83.345,102.55
79.988,100.88
79.097,99.31
73.066,89.38
70.58,89.86
73.028,90.02
75.428,91.51
76.143,93.31
78.501,97.87
81.504,100.7
80.823,98.69
80.086,97.53
77.347,97.76
73.573,90.84
73.454,94.61
73.415,90.56
74.64,93.94
76.9,92.85
77.368,96.37
76.296,94.57
77.535,94.5
82.18,100.18
77.286,96.47
70.619,89.94
72.865,94.61
72.049,89.4
77.689,93.33
77.483,97.77
73.186,94.76
72.55,96.52
71.596,92.28
78.365,95.98
79.579,103.6
73.782,95.49
75.77,97.02
77.674,97.52
81.338,99.23
79.275,98.64
79.869,100.21
77.051,101.39
73.441,95.19
72.041,91.04
75.318,92.46
74.561,90.98
75.085,94.73
76.087,93.1
77.3,94.63
75.525,92.39
75.703,97.16
76.14,93.46
78.92,97.58
82.407,100.48
81.757,97.3
81.159,98.57
80.102,95.28
74.969,93.92
75.413,95.82
71.83,89.23
74.536,92.6
73.08,96.21
72.968,91.09
75.279,91.55
82.494,101.02
76.442,93.15
76.975,97.98
72.149,95.14
69.84,91.39
71.692,92.5
72.902,91.64
75.084,93.11
76.104,94.01
77.562,96.0
78.756,96.19
82.259,100.09
76.857,95.54
77.781,95.52
75.82,94.15
78.006,94.73
72.173,87.39
74.31,91.56
72.655,93.1
73.944,92.22
74.829,93.3
78.434,95.26
75.722,94.25
75.897,95.82
72.85,88.82
77.278,94.02
1262.996,1305.93
122.119,160.87
104.454,124.37
118.124,131.83
119.243,134.68
144.547,169.05
96.314,113.09
105.097,123.95
111.346,136.39
100.148,114.32
134.108,156.07
130.972,179.69
125.106,138.35
122.369,132.73
137.146,146.42
123.051,132.0
130.53,142.7
117.959,158.94
111.607,123.25
97.889,110.88
111.38,123.38
92.274,102.73
120.201,129.39
116.023,125.46
109.915,126.98
119.35,142.08
126.447,159.57
93.231,111.15
139.921,149.02
145.223,156.08
79.167,93.87
110.352,120.82
136.117,144.16
88.757,109.97
147.031,156.79
112.102,124.73
101.268,115.96
123.265,134.22
134.148,148.4
93.559,138.79
140.441,153.59
172.438,192.68
155.29,187.88
121.672,162.84
129.654,152.11
137.494,163.0
102.945,134.84
111.673,153.13
135.263,167.0
137.765,156.42
114.359,132.36
117.257,136.85
115.291,128.63
117.387,127.72
138.659,157.4
113.76,126.6
117.467,130.87
114.821,129.71
114.153,125.34
118.006,132.77
136.112,150.56
114.539,130.97
110.413,127.36
112.578,139.61
86.282,109.04
109.209,131.26
145.377,158.48
115.295,143.06
98.122,139.45
116.762,162.73
116.865,147.01
102.137,115.68
117.949,135.19
102.859,117.47
136.752,150.14
116.874,133.6
123.354,138.24
126.092,140.17
124.14,157.74
135.2,147.28
128.998,147.54
113.584,141.4
150.642,194.63
141.458,157.83
134.158,148.98
116.904,160.28
121.438,132.58
138.75,151.41
118.482,132.98
93.757,104.48
122.491,148.99
124.373,140.1
99.877,109.54
139.158,153.95
111.621,124.43
119.268,132.08
114.858,126.45
135.48,149.18
117.593,139.73
145.987,166.68
126.205,163.63
141.393,153.19
144.21,159.02
135.972,171.66
141.56,180.71
115.021,130.46
123.165,139.31
153.713,185.53
162.791,195.01
128.945,176.16
174.23,196.56
139.511,166.84
111.251,128.76
131.441,149.28
131.212,156.37
156.006,186.92
74.565,91.92
119.78,140.16
162.512,180.58
122.453,137.23
118.498,137.81
80.876,94.59
132.749,158.33
121.935,136.71
120.787,138.82
132.104,156.07
81.62,99.24
105.13,131.52
119.491,145.83
143.505,158.27
122.121,160.51
127.242,178.33
140.177,164.14
115.594,134.97
125.625,148.66
105.329,145.86
116.092,132.01
116.325,130.57
101.962,120.03
121.62,139.83
116.897,129.6
130.723,145.73
121.078,145.32
128.059,146.71
101.302,145.71
78.062,95.05
114.698,140.67
99.913,117.67
129.812,157.71
144.979,161.45
78.735,93.81
79.246,109.98
154.999,167.64
80.918,97.92
104.788,126.01
147.301,161.23
92.171,107.04
104.278,131.95
119.312,149.95
82.898,102.23
133.158,145.71
117.69,135.26
87.707,104.92
121.813,138.42
140.994,156.65
107.23,121.8
96.002,143.01
104.78,131.64
98.6,114.42
82.706,122.64
123.96,139.6
100.313,114.87
123.531,136.58
116.683,129.68
117.104,134.41
123.612,143.67
114.805,154.76
117.456,164.57
85.452,109.23
117.848,141.63
110.979,128.29
78.524,95.47
157.951,176.53
120.953,135.62
104.134,118.81
133.33,156.11
114.953,129.39
118.771,142.83
122.704,137.63
128.218,147.06
115.962,131.95
131.697,150.86
146.307,168.73
154.291,174.59
121.071,137.85
103.572,129.54
134.988,148.59
157.04,181.25
110.608,128.4
104.275,118.24
102.17,121.94
101.754,119.16
146.223,163.25
101.973,144.82
104.846,144.53
122.294,144.94
111.885,126.64
95.34,114.82
135.162,155.85
131.546,152.28
128.609,143.73
132.491,150.65
119.355,138.72
110.669,134.13
132.612,180.67
111.905,141.19
133.908,148.65
112.917,151.36
131.826,170.36
108.67,150.51
147.208,182.31
146.666,214.96
93.939,128.2
91.354,132.91
141.291,159.57
128.255,167.19
112.807,147.01
123.782,150.1
112.528,142.96
166.435,183.18
94.744,135.76
154.053,203.39
134.947,166.62
107.626,157.59
125.606,175.67
143.426,184.38
111.5,153.97
146.813,164.88
115.202,130.94
114.226,155.23
124.099,159.56
125.726,152.75
88.263,118.15
123.136,157.35
128.202,167.37
149.884,186.03
123.12,163.07
125.706,158.48
168.482,204.05
124.595,163.76
127.961,158.9
157.008,200.49
107.163,142.93
141.925,167.99
123.466,156.36
151.279,165.56
158.059,203.81
97.364,136.85
150.531,162.74
112.482,164.4
119.213,153.47
130.632,159.01
130.934,158.61
135.612,175.82
149.727,183.63
92.494,136.35
118.572,165.57
129.753,168.22
111.465,135.7
107.692,129.58
125.588,172.59
128.908,170.09
134.672,170.79
97.246,133.19
111.025,148.87
142.364,182.6
129.515,156.93
180.457,215.14
137.693,185.4
149.936,182.57
112.437,146.05
131.87,166.66
150.805,179.77
117.657,142.9
124.803,148.01
110.184,144.11
117.563,126.54
141.612,154.45
125.675,149.12
134.365,176.28
143.653,182.88
102.123,129.99
95.344,109.44
133.167,177.89
137.391,165.18
75.03,108.55
107.803,120.02
152.088,171.35
129.944,167.87
145.706,188.36
120.719,153.73
154.938,200.12
131.66,169.98
145.731,176.84
122.218,151.44
117.271,146.8
97.463,136.27
119.745,146.72
135.765,172.8
121.234,153.53
157.309,195.25
113.773,151.21
129.506,165.87
137.964,187.61
114.991,135.09
116.802,133.92
121.949,135.63
103.323,116.78
100.406,124.44
150.924,174.1
115.913,155.71
104.39,149.75
102.287,121.67
147.001,164.29
139.031,155.29
96.069,108.36
146.813,171.28
134.415,172.7
110.61,157.51
132.272,177.63
123.688,159.08
131.669,159.11
138.323,165.57
128.686,173.52
123.642,153.58
135.244,165.98
146.975,172.12
93.386,136.08
106.68,144.54
111.828,155.52
135.358,173.97
101.002,130.47
141.133,164.23
102.623,141.7
144.991,181.91
122.112,153.27
93.857,119.39
107.903,144.34
76.869,116.12
132.01,179.94
116.342,153.89
134.059,165.74
101.709,142.86
86.394,141.97
132.176,158.64
148.413,196.55
115.289,149.46
103.254,146.69
122.776,152.21
143.238,179.39
116.534,148.96
144.249,163.02
130.854,172.46
119.844,148.96
133.196,147.51
97.809,120.12
123.849,139.21
86.02,97.36
125.994,144.66
116.468,129.1
130.389,144.06
106.964,129.26
112.255,124.01
117.771,129.73
116.135,133.86
113.568,125.14
115.91,127.49
130.14,144.06
114.45,126.55
118.28,135.37
114.995,130.39
106.659,128.95
119.397,166.24
142.982,158.85
131.377,144.56
111.916,126.92
134.917,150.38
125.86,148.6
96.222,141.72
118.065,160.81
95.803,141.18
129.613,178.5
120.14,157.41
85.975,102.64
105.633,128.9
78.913,95.32
130.457,152.22
117.771,134.64
113.826,126.93
104.195,145.38
114.516,131.0
74.737,88.55
108.831,126.53
101.118,119.44
135.85,150.01
88.482,110.34
129.613,141.96
82.475,131.36
120.588,134.61
161.13,178.1
129.949,148.91
127.612,143.77
162.077,177.58
110.285,128.11
82.559,102.48
112.618,133.53
95.033,115.41
155.836,171.68
95.23,122.03
72.719,93.63
147.771,162.76
105.207,124.48
84.122,104.34
110.606,125.87
113.893,128.67
102.471,130.36
129.93,141.91
134.529,149.82
159.728,178.61
95.224,124.07
137.525,180.11
96.882,133.6
135.194,146.87
101.077,115.94
129.172,171.01
126.673,167.73
130.099,166.69
129.612,153.39
111.294,126.39
93.158,116.88
78.348,104.22
121.258,131.1
139.108,156.82
139.763,155.84
96.374,113.16
124.86,172.96
128.06,142.55
120.133,158.38
111.401,155.62
143.516,169.0
152.554,171.53
117.165,131.93
102.921,116.53
115.296,131.1
73.619,85.88
114.028,127.34
118.126,141.36
81.769,103.82
114.285,128.22
119.605,131.19
177.058,192.55
132.226,148.84
141.46,153.49
163.252,182.39
85.509,99.53
131.721,147.81
120.016,159.24
122.529,150.67
116.554,131.02
113.817,126.19
141.013,156.19
89.512,129.64
118.872,128.56
117.911,126.99
116.817,126.28
117.887,125.76
104.665,115.42
118.852,146.26
119.265,133.18
132.611,146.23
127.869,140.65
159.916,192.6
118.541,155.79
123.097,146.35
100.38,113.85
88.2,111.64
109.5,133.15
78.632,96.18
116.639,133.41
83.965,103.89
111.297,122.68
127.955,142.34
95.627,122.77
114.57,128.06
133.764,145.38
101.267,127.06
119.895,131.57
111.879,123.73
112.348,122.52
115.293,127.37
100.589,112.16
106.85,130.67
121.09,132.56
121.494,136.54
117.268,130.63
94.567,127.19
108.085,121.73
127.733,144.48
130.689,144.08
112.648,137.15
136.1,151.55
124.233,145.18
124.086,165.55
127.221,165.84
103.191,143.36
113.372,130.12
122.326,140.76
120.157,136.11
129.561,137.97
104.35,124.39
138.318,166.61
105.01,153.75
89.756,136.14
87.537,106.29
121.266,134.6
119.196,130.4
100.983,119.74
131.084,143.32
116.917,130.46
101.246,120.27
98.051,123.93
122.754,136.59
151.351,164.47
96.915,111.61
83.879,100.38
132.825,149.82
93.517,110.99
115.713,137.6
105.889,124.82
109.284,132.45
91.957,112.96
131.572,145.26
147.714,161.72
84.401,128.68
103.562,149.42
105.606,149.62
95.51,114.63
79.292,101.65
140.674,158.22
123.627,141.06
78.145,92.55
109.408,126.37
113.782,122.93
128.091,140.31
1162.496,1199.1
127.914,170.69
144.622,164.6
180.137,203.15
129.731,167.09
125.347,148.36
131.661,174.46
136.881,175.63
130.073,161.73
138.315,154.8
73.268,134.45
75.481,145.14
134.046,209.42
132.188,149.96
132.366,148.8
71.221,135.16
132.149,208.13
123.705,142.98
132.358,151.87
133.063,151.34
68.318,147.61
163.155,189.42
134.569,152.5
134.547,158.29
142.706,251.95
75.673,167.72
141.424,213.7
151.134,170.31
142.694,245.32
191.775,230.9
116.751,156.66
124.942,136.84
127.093,137.51
114.005,126.02
123.883,135.3
118.062,129.91
120.141,132.24
119.655,133.76
114.245,126.9
122.366,133.9
117.635,129.35
117.558,129.54
120.364,133.31
139.404,153.38
121.022,185.84
125.16,139.77
117.498,129.53
115.366,129.19
147.43,161.97
129.664,178.79
72.676,157.11
136.46,195.08
134.525,152.58
123.552,140.93
121.643,143.84
117.482,135.71
75.567,136.09
83.001,112.15
121.365,139.28
198.41,221.6
139.345,156.83
122.782,228.71
135.42,156.01
130.519,246.82
142.807,165.35
188.438,207.87
114.461,159.42
122.625,143.32
122.104,138.91
118.905,138.92
134.337,150.58
75.649,129.89
83.612,113.89
70.637,148.34
197.437,227.64
181.341,230.06
147.63,162.84
121.193,135.19
122.766,135.75
117.312,131.13
225.554,238.92
119.488,160.01
202.87,215.95
144.162,184.2
70.959,142.17
127.427,142.59
131.425,193.8
145.897,158.3
221.621,261.54
129.885,162.72
71.565,159.79
117.95,134.86
128.713,143.12
149.364,177.37
129.109,173.29
193.842,212.12
71.38,148.56
118.316,136.77
159.462,178.01
132.739,150.52
134.662,150.02
193.044,212.45
197.496,245.76
120.08,165.53
117.796,136.23
116.041,134.17
118.524,136.71
71.304,132.41
72.522,130.11
186.184,205.64
121.131,172.18
69.225,87.49
301.984,325.17
158.546,260.84
138.171,233.72
143.815,161.24
74.716,146.62
76.05,115.14
71.288,130.93
77.502,148.1
132.407,195.92
139.924,157.91
119.432,201.18
116.548,134.95
129.694,146.73
128.051,147.33
130.47,146.56
72.937,129.63
118.6,190.72
127.68,172.66
136.956,148.99
130.882,143.16
71.453,130.59
119.533,135.09
121.719,135.03
69.152,119.55
119.645,132.41
125.662,139.82
73.335,127.42
127.395,143.6
120.941,185.14
124.815,139.01
126.963,141.37
127.215,140.29
122.815,136.01
117.283,132.68
125.754,139.81
124.591,138.53
114.131,130.93
124.254,141.62
192.166,205.36
120.773,135.58
119.316,132.57
144.225,159.32
137.92,152.99
140.891,223.1
110.905,151.56
129.363,145.34
169.032,212.21
116.976,135.8
128.595,143.77
113.962,150.53
121.553,132.06
119.644,129.56
134.992,146.18
135.291,145.42
141.408,225.8
115.219,159.91
119.129,135.61
73.934,131.37
76.328,157.94
121.469,185.37
133.195,147.79
131.161,142.87
115.202,129.49
136.106,150.29
135.571,147.24
72.971,151.02
87.531,112.29
169.42,191.4
120.935,144.74
120.161,140.16
125.666,146.22
116.704,138.66
122.92,142.98
75.041,137.47
69.795,146.34
140.718,221.81
118.699,182.47
69.468,90.78
73.064,128.48
88.497,116.65
92.053,121.4
122.385,199.54
126.165,146.61
122.496,141.87
121.319,143.15
140.667,159.34
131.064,212.65
125.783,188.89
78.151,143.69
144.608,172.76
131.887,160.66
123.068,143.33
128.184,150.69
128.579,149.94
134.452,196.01
122.49,143.78
125.402,147.22
119.936,141.46
123.494,145.52
120.497,198.27
128.884,153.96
123.017,145.65
135.525,158.05
70.97,146.07
90.399,118.4
87.579,116.48
129.69,152.8
126.558,200.71
132.32,180.99
188.336,202.75
124.185,138.62
131.06,146.76
184.239,200.17
128.509,142.58
122.548,137.2
120.25,136.3
143.571,162.82
133.858,205.56
123.238,143.15
134.876,148.86
142.775,155.7
180.866,213.23
136.06,254.45
125.432,145.44
126.968,147.96
119.166,139.03
131.28,155.66
73.813,143.62
70.8,135.8
121.323,181.47
122.906,143.2
72.078,91.0
125.98,182.49
118.175,139.67
131.709,151.75
68.389,132.4
129.933,150.52
190.873,212.62
133.371,156.45
129.042,149.54
124.257,187.35
123.36,143.17
125.512,144.25
74.109,141.1
71.448,143.89
171.337,191.92
129.615,151.81
131.188,153.12
120.429,139.8
126.227,147.53
127.513,190.73
127.293,149.04
123.549,142.22
123.939,144.71
127.403,148.47
179.254,199.29
126.916,147.49
122.992,146.58
123.734,147.01
120.314,140.54
124.965,146.96
85.398,113.35
122.822,141.09
176.475,195.93
77.288,95.43
76.648,126.37
131.012,182.73
124.328,149.89
128.007,151.61
119.801,139.73
70.329,136.06
122.766,142.7
75.31,132.58
71.22,125.72
130.745,153.11
128.157,186.76
123.163,143.32
121.045,146.65
125.586,151.49
175.726,201.35
127.288,146.27
123.95,145.8
129.514,149.03
124.188,144.15
176.784,196.21
126.923,147.57
123.189,142.67
121.182,145.01
70.046,132.59
133.216,155.01
138.314,206.32
135.075,163.41
173.19,194.34
130.858,153.15
126.137,146.99
185.396,206.56
67.122,86.45
175.766,199.07
125.536,146.45
133.414,159.05
126.025,194.31
126.252,148.4
118.386,137.17
177.405,201.26
70.926,92.94
171.231,192.26
129.498,151.43
124.212,144.63
121.852,142.87
123.375,146.19
120.171,142.65
130.404,188.48
129.477,151.78
120.087,140.87
120.593,144.26
122.263,142.36
121.929,191.64
122.974,147.34
127.418,149.5
128.743,150.74
119.064,144.53
171.26,194.89
113.279,137.05
119.504,138.98
127.112,145.7
122.791,144.56
124.077,146.92
73.152,131.31
124.464,147.99
123.375,177.81
75.039,95.67
76.071,125.7
152.326,175.11
122.157,142.68
123.093,146.92
129.267,149.22
126.352,146.22
123.091,199.68
123.341,148.71
131.328,154.83
126.902,149.39
77.839,152.39
153.541,181.08
181.449,210.24
122.362,140.84
128.769,151.8
123.757,144.41
128.556,152.24
128.41,188.6
121.827,145.22
119.539,141.34
126.37,147.04
73.46,129.99
78.359,149.92
146.105,170.95
127.999,149.32
125.841,148.71
123.947,142.49
128.154,149.53
128.482,191.14
130.699,154.96
121.203,142.63
124.303,146.18
130.406,152.21
171.192,193.46
69.368,90.33
70.709,123.37
123.91,188.74
134.804,156.57
129.433,151.58
72.459,136.58
130.437,152.07
130.099,192.29
115.258,137.85
126.133,148.42
121.795,142.43
72.806,143.23
190.808,216.67
128.091,150.71
124.506,144.68
72.389,132.97
74.186,143.39
139.432,212.08
139.514,161.68
123.688,144.48
124.529,191.22
68.288,90.95
131.787,200.64
130.897,152.98
195.717,218.89
134.752,161.11
125.472,150.56
143.87,221.0
137.859,162.11
127.519,199.11
124.492,145.73
124.417,145.06
129.247,148.28
118.511,137.56
120.41,192.39
126.95,149.5
142.191,159.58
72.515,164.52
140.435,211.77
136.748,257.9
125.457,177.31
115.268,184.72
66.905,87.31
131.435,200.02
148.106,169.06
135.185,152.9
137.858,199.16
134.737,152.82
134.285,153.8
119.042,144.64
120.411,140.92
73.125,126.74
130.702,198.97
149.682,168.59
177.647,196.76
121.577,142.33
125.586,146.2
118.626,138.71
122.851,140.57
70.929,129.7
60.954,129.08
178.702,205.82
130.182,154.26
143.131,160.68
139.421,225.2
143.506,163.16
73.186,142.25
71.814,119.93
201.554,222.51
150.472,168.47
214.886,233.94
144.994,168.82
77.668,147.89
131.318,185.17
125.209,147.7
126.646,147.91
130.139,148.93
141.653,160.87
120.851,192.91
129.632,149.64
131.343,150.55
134.406,154.02
119.16,178.92
123.749,144.3
139.963,159.43
148.761,230.32
134.489,155.71
123.584,142.01
75.076,127.47
74.229,130.75
126.097,216.79
160.252,180.99
76.08,137.06
144.937,204.96
129.789,144.93
153.593,169.74
71.552,122.83
70.908,137.52
135.723,208.64
227.843,290.2
133.255,260.43
213.507,256.05
127.091,155.54
132.439,154.02
132.703,147.74
119.493,157.27
115.157,132.56
129.312,146.97
179.261,194.66
117.501,156.6
140.479,152.0
80.489,154.0
143.603,171.16
119.404,134.42
122.531,133.37
67.15,79.11
126.621,178.6
124.44,137.37
114.461,127.53
122.439,137.99
137.979,150.73
125.835,140.52
124.357,137.39
121.942,137.95
207.945,221.64
150.878,205.78
146.036,246.22
140.022,221.05
198.972,249.71
142.631,162.87
123.889,142.71
69.824,138.82
69.157,133.72
69.859,126.63
73.922,143.34
119.31,186.74
131.583,153.29
126.821,148.72
135.922,154.82
71.139,149.18
132.7,196.24
128.028,152.61
131.321,151.73
74.858,140.04
73.639,141.13
154.118,196.87
125.949,152.14
130.093,150.43
147.146,210.01
122.774,146.1
141.682,166.13
129.538,195.53
125.07,148.95
127.526,146.75
229.421,252.85
153.219,269.39
252.73,378.55
211.701,262.17
145.278,159.48
143.26,239.53
153.881,179.73
128.755,164.57
132.445,148.39
112.909,127.34
113.333,129.33
115.095,129.72
116.264,132.38
120.431,136.4
134.878,154.62
73.036,123.75
71.643,129.53
115.914,187.08
134.143,179.66
146.541,231.64
114.045,156.32
119.653,137.35
112.535,130.35
141.121,159.44
141.02,221.16
68.212,131.48
76.959,133.77
127.796,187.01
124.45,149.84
124.479,148.18
146.766,177.16
292.741,318.85
147.05,261.51
143.232,167.25
149.744,230.72
136.264,160.43
71.327,126.48
193.333,215.81
128.47,153.73
125.266,151.22
129.522,221.01
129.764,154.51
125.65,150.08
74.138,135.7
138.104,212.92
140.096,182.84
71.422,144.79
196.486,229.91
141.188,166.98
95.469,131.87
126.111,191.86
124.406,150.0
122.318,148.95
69.847,147.9
74.027,153.44
126.436,189.8
141.541,167.36
190.933,219.7
127.079,156.51
127.135,153.76
70.021,151.19
73.427,130.75
129.625,192.91
126.435,152.93
130.177,155.53
76.434,145.33
134.322,202.75
144.035,169.71
142.491,239.06
128.771,169.01
128.078,146.27
133.266,148.56
192.24,207.47
129.697,170.89
188.819,206.8
128.43,157.87
126.549,143.71
142.764,157.94
71.847,139.13
74.528,125.11
119.68,132.26
73.997,132.46
136.777,198.22
137.524,152.67
189.887,204.1
123.392,172.55
130.59,152.31
132.913,225.66
139.332,163.36
127.626,151.62
93.096,117.7
143.081,222.9
119.757,230.34
130.049,154.41
128.443,147.84
132.044,155.99
128.016,148.81
137.354,219.33
139.39,161.22
139.897,242.73
142.84,248.27
128.937,233.13
133.463,158.27
126.014,146.17
124.49,148.18
129.598,149.54
128.89,186.97
125.861,145.25
152.453,178.08
98.206,128.86
188.235,209.9
131.355,154.24
127.693,148.37
125.651,210.98
123.259,144.63
68.282,88.72
144.283,218.41
149.383,241.59
139.836,245.29
206.33,262.62
137.782,251.46
139.539,192.97
149.256,216.43
80.093,193.36
139.875,203.6
76.309,174.6
136.93,216.72
218.192,258.93
150.143,252.55
77.46,180.41
164.375,216.55
74.909,171.12
150.894,217.86
70.469,168.67
76.887,136.62
91.798,122.54
76.623,144.11
154.822,225.45
69.706,165.54
125.211,189.15
131.237,156.58
136.059,156.11
133.764,210.69
124.698,153.35
71.191,94.37
173.203,194.12
72.365,94.78
245.965,276.96
130.065,154.05
197.714,223.17
142.674,165.25
200.652,229.12
152.113,182.68
142.203,235.58
134.584,165.6
183.277,206.63
119.4,143.01
130.992,155.76
75.423,142.64
76.618,155.87
129.885,180.94
129.021,155.86
127.346,149.74
76.928,149.61
76.688,147.93
140.204,202.98
134.559,158.88
202.127,227.0
130.704,154.61
194.72,216.79
135.706,157.31
185.733,210.52
127.976,155.51
119.64,142.93
179.257,201.88
129.555,152.0
124.326,146.12
127.741,148.7
72.73,143.96
189.169,212.12
127.039,148.85
123.957,146.71
182.494,206.66
137.745,163.62
142.311,169.03
78.619,162.06
159.131,193.1
135.096,162.63
194.353,215.78
128.927,155.22
131.93,154.89
70.838,132.87
76.767,136.94
176.964,205.69
128.476,153.82
132.839,157.65
128.347,191.34
73.212,98.94
147.396,178.68
138.411,161.46
134.249,156.71
130.281,197.81
127.605,150.47
143.188,169.84
77.21,140.54
148.497,221.42
132.969,155.93
68.993,140.66
129.502,208.31
129.606,155.42
130.113,151.51
126.561,149.66
76.352,150.66
130.715,188.33
131.48,157.32
181.086,207.1
123.366,150.02
131.781,154.02
126.625,148.0
122.656,144.48
175.486,201.35
129.175,152.93
129.872,155.49
69.614,140.63
76.473,158.46
125.847,177.98
130.883,156.91
133.319,156.91
75.615,137.93
76.45,150.24
131.451,192.45
125.924,148.76
131.787,154.46
75.465,137.08
74.434,149.03
129.952,189.66
125.298,152.23
128.963,150.12
75.153,146.41
74.279,135.01
149.357,219.01
131.797,155.92
187.722,212.1
126.667,153.0
130.841,156.06
68.211,136.22
78.235,148.28
124.68,185.43
124.778,151.83
137.188,159.14
67.717,146.18
70.336,136.71
151.889,221.06
199.593,224.68
145.722,170.49
132.138,154.78
120.654,144.12
149.292,213.38
157.145,181.75
162.036,236.28
223.958,248.55
239.503,271.07
248.043,277.89
217.232,330.51
70.668,159.16
74.766,136.07
130.788,199.86
124.248,147.1
123.047,146.22
128.231,213.4
145.702,170.88
142.497,233.68
70.979,176.24
132.443,206.96
122.782,145.66
125.842,146.16
129.49,152.91
69.91,151.18
138.046,190.04
143.682,168.11
119.262,219.86
131.18,156.36
132.799,157.74
144.499,217.79
125.93,152.75
214.565,244.12
72.174,165.72
228.795,263.68
192.663,224.84
143.265,228.49
131.257,152.29
133.098,153.14
76.144,154.5
129.052,213.46
125.942,148.75
199.258,217.59
130.432,152.64
130.166,154.16
129.979,208.69
118.251,142.76
122.325,141.85
132.517,152.78
204.999,226.88
127.32,150.55
201.352,222.28
127.806,149.86
140.822,160.4
202.602,226.78
139.645,163.75
216.768,239.33
144.449,167.4
225.563,244.37
143.927,163.45
139.269,211.93
149.777,169.76
143.562,228.38
213.554,267.06
77.048,156.04
146.823,229.92
73.374,160.04
129.988,186.93
125.494,147.36
139.153,161.34
197.695,223.18
129.818,157.77
130.109,152.81
122.966,198.39
72.368,95.83
121.176,182.61
132.225,155.81
132.707,157.42
144.862,241.49
232.327,259.07
120.667,144.61
219.837,241.36
151.088,272.8
154.621,227.14
151.901,246.05
247.338,269.68
154.226,247.41
229.029,254.69
220.623,240.38
123.741,143.59
158.841,178.84
144.147,213.87
147.35,167.65
230.443,254.58
147.783,255.26
118.812,140.15
143.034,163.43
141.483,225.29
153.826,173.41
135.792,217.92
156.142,175.15
143.735,215.99
146.163,169.41
152.686,259.81
73.674,136.21
143.128,225.0
159.24,182.21
185.635,209.63
126.857,147.14
193.751,213.88
126.988,146.6
131.543,151.82
113.318,141.59
70.095,156.11
127.58,231.86
120.351,142.7
208.382,232.11
137.827,161.62
184.343,207.58
135.908,156.63
252.721,303.27
159.645,260.42
80.678,152.06
156.975,227.9
137.017,220.89
154.99,289.83
149.618,271.06
133.055,178.88
140.301,158.52
133.43,175.62
138.661,156.94
71.05,144.68
132.924,188.02
134.051,181.09
116.549,134.43
117.853,182.83
72.885,95.13
80.132,132.79
140.655,203.53
139.026,161.19
212.057,232.31
147.898,246.53
199.82,250.72
134.233,150.25
112.016,133.49
138.757,157.58
128.002,204.04
138.768,155.34
130.624,143.84
124.842,139.89
122.992,136.58
127.857,147.39
130.849,186.31
71.734,87.34
128.293,145.26
182.109,198.78
214.996,234.56
129.759,147.27
134.337,147.89
128.556,148.64
147.653,226.43
237.746,253.33
73.102,190.45
159.435,268.89
126.572,244.01
116.253,174.32
125.421,196.5
149.558,170.67
142.622,212.51
144.954,170.75
69.024,151.51
134.75,200.7
232.294,255.07
219.094,245.13
174.167,267.65
154.934,257.68
140.677,265.18
139.464,265.88
155.005,278.15
134.793,239.92
217.82,265.07
150.906,239.23
73.745,175.32
152.243,247.53
77.572,148.89
173.452,255.58
260.351,362.34
153.285,245.22
239.951,264.06
147.111,169.86
308.33,400.23
212.597,370.4
210.132,230.7
145.761,165.8
161.292,265.48
254.279,384.68
139.486,260.25
221.856,275.85
168.578,281.17
172.891,275.49
139.691,182.6
133.967,209.5
109.554,150.85
120.459,136.24
118.605,135.67
113.329,132.79
197.143,220.37
127.328,221.86
125.881,174.14
116.378,134.34
114.99,131.2
130.403,150.37
130.083,196.9
68.692,89.33
206.456,233.35
240.484,327.33
155.444,265.52
73.339,156.06
74.894,135.33
141.367,230.63
120.032,145.83
260.069,285.03
79.595,140.0
139.324,197.16
130.693,158.52
205.484,229.51
161.893,244.6
211.604,237.27
128.706,155.91
129.499,156.44
128.9,218.07
128.5,153.15
123.23,146.88
71.912,138.26
73.291,145.26
131.79,194.84
123.595,148.07
201.838,227.26
139.62,166.2
192.74,217.73
127.811,153.15
132.794,158.73
125.677,208.37
133.482,162.6
215.338,241.09
152.776,178.99
160.712,240.84
154.227,283.71
156.205,236.02
121.701,152.49
119.445,136.93
191.573,208.7
135.606,153.29
136.418,156.95
73.425,169.82
128.061,191.72
115.68,163.46
121.073,139.94
138.712,157.37
75.198,142.81
175.282,199.67
126.683,147.64
132.055,154.14
76.185,138.99
70.678,151.59
148.527,228.14
208.36,230.27
76.062,188.75
132.051,206.75
195.771,219.01
130.669,157.39
238.031,261.74
256.456,281.41
135.281,227.57
133.466,161.64
72.732,148.19
133.586,216.99
134.471,158.94
69.549,154.86
199.323,221.38
142.073,166.83
146.107,221.79
140.758,164.57
192.766,217.73
136.84,240.75
221.913,247.05
135.263,159.2
133.66,159.5
202.889,225.75
203.827,229.61
129.482,153.71
219.664,243.95
134.861,229.75
128.596,149.79
137.981,159.7
131.198,152.92
94.931,122.08
141.947,224.76
211.646,245.15
162.711,188.98
252.245,354.87
118.801,203.19
134.007,186.25
107.105,166.62
149.906,222.61
133.529,163.55
97.589,129.05
1221.579,1262.04
138.14,181.82
109.577,134.95
139.089,154.64
141.264,164.76
139.816,154.59
118.258,127.74
119.629,144.8
129.072,169.05
156.774,168.28
137.114,150.0
140.92,155.03
126.455,140.63
145.692,159.16
117.269,129.93
118.667,141.11
122.065,144.39
126.357,138.46
143.39,189.92
97.343,124.05
125.271,139.65
114.298,143.41
84.537,103.52
121.678,138.68
70.464,94.94
111.562,124.38
149.392,165.1
71.596,127.47
99.504,120.58
153.02,168.93
126.175,144.74
132.363,149.04
126.412,139.91
113.188,127.87
117.61,138.18
109.318,166.42
130.027,150.15
121.813,183.16
122.579,141.53
112.5,129.7
123.047,141.22
140.212,166.13
116.766,143.27
116.404,140.97
130.04,150.19
120.108,135.32
116.872,132.74
113.064,134.61
109.911,128.17
72.423,92.09
141.146,160.2
129.346,151.67
108.937,132.63
103.913,124.96
119.198,143.84
92.815,119.94
68.061,86.8
115.964,141.48
142.679,171.96
174.121,225.94
87.631,141.67
124.222,144.84
145.965,200.81
113.907,146.16
135.21,150.3
128.762,144.8
149.204,167.01
135.315,190.21
123.215,141.03
129.385,168.12
130.467,148.88
131.393,144.99
153.203,169.63
103.923,124.04
121.595,144.35
112.255,132.54
88.4,105.65
85.135,108.08
77.391,100.88
122.806,142.98
112.686,133.49
98.803,123.21
119.023,147.99
89.541,118.02
144.155,175.18
86.097,110.66
133.182,169.78
117.388,147.68
115.229,139.01
120.928,143.61
117.687,144.2
100.499,132.55
100.854,128.93
113.13,144.78
99.369,129.19
168.546,195.15
128.654,155.11
105.582,130.15
131.19,152.54
98.921,131.43
118.53,144.55
125.802,159.3
91.435,120.47
87.964,118.7
95.364,127.05
92.94,125.36
119.518,147.03
107.813,137.79
106.925,133.33
102.303,133.48
146.368,173.44
122.773,149.78
115.953,144.29
123.69,149.31
134.723,158.85
130.825,161.05
93.307,116.89
119.578,152.33
110.58,142.83
122.404,152.84
121.924,148.1
126.083,149.27
118.863,149.95
80.289,111.89
126.015,160.55
130.931,159.33
121.82,149.07
142.888,169.02
96.562,129.73
110.417,138.04
161.726,185.43
113.725,137.29
112.85,141.04
121.068,144.35
107.335,132.95
113.992,139.92
109.552,139.11
100.285,133.91
105.59,138.11
120.979,158.75
119.267,148.91
147.677,174.76
139.228,168.92
124.827,149.08
132.853,171.98
133.051,163.96
140.024,166.38
116.216,149.47
131.77,153.81
96.835,161.45
131.792,160.8
71.159,93.79
141.585,168.39
115.635,135.33
109.42,133.16
97.495,151.25
127.426,151.54
136.804,156.39
134.42,149.77
138.8,156.62
129.694,148.25
110.109,130.47
110.221,131.11
108.086,129.78
107.494,127.12
115.596,136.12
112.712,131.07
96.296,116.43
104.176,125.51
123.94,151.0
112.302,134.75
118.933,141.84
123.26,146.99
134.728,162.45
67.667,86.64
141.155,166.5
124.455,145.69
114.642,174.13
116.483,135.67
123.784,141.78
94.971,115.81
100.714,118.61
98.078,119.8
75.886,97.16
131.091,160.78
87.804,115.0
82.584,104.91
100.248,131.34
122.067,151.42
75.251,100.37
96.755,133.0
101.014,130.7
112.698,144.96
156.129,185.86
107.568,137.99
112.498,139.99
125.879,154.47
120.607,148.45
129.857,158.8
156.84,219.85
135.95,153.11
154.239,181.03
113.314,134.44
132.365,156.03
124.323,145.79
91.878,165.65
153.825,185.04
1181.593,1207.38
148.744,173.42
135.047,154.47
154.531,177.76
121.924,143.75
156.269,166.88
117.481,135.07
115.529,141.0
143.366,157.63
138.396,161.86
83.642,97.08
130.071,154.21
103.645,117.2
74.886,90.0
89.817,117.18
138.292,154.73
134.16,153.83
137.596,152.38
111.13,134.78
141.376,157.88
140.643,196.39
130.189,157.62
138.226,185.28
121.372,176.2
106.255,159.21
124.682,141.96
121.665,181.38
145.836,178.72
150.608,165.6
136.706,153.41
149.189,202.49
98.879,144.36
131.417,175.28
135.339,185.54
109.378,157.84
141.245,166.17
109.214,156.42
108.043,122.43
143.049,159.56
99.16,151.78
125.829,176.56
114.965,166.23
98.356,119.86
91.936,106.72
97.936,116.11
85.508,110.64
94.692,126.55
100.026,125.77
105.628,121.61
113.58,131.32
113.802,130.07
113.669,130.54
104.951,122.35
135.711,149.18
117.638,135.85
108.835,124.58
142.736,160.87
125.703,179.35
127.018,176.25
97.51,146.03
146.898,191.38
112.642,126.58
86.445,104.09
147.242,167.21
116.006,136.62
155.837,179.15
110.608,161.88
137.56,155.55
131.413,146.87
116.536,143.53
137.764,153.04
110.349,134.66
164.51,181.51
97.341,114.34
137.063,153.29
108.605,152.85
83.065,131.2
125.534,161.74
132.607,181.36
145.391,186.48
132.612,162.76
116.96,152.01
109.505,126.82
107.297,126.98
126.692,146.64
94.598,124.55
130.528,154.45
119.147,142.71
74.182,100.93
134.118,168.47
144.784,173.74
113.381,137.85
94.461,133.87
102.194,132.55
101.081,130.99
141.207,169.71
100.608,127.1
154.558,183.92
139.161,170.06
140.328,170.07
102.553,131.51
94.241,122.83
106.827,134.52
147.72,178.3
128.171,154.36
107.976,134.15
89.629,146.56
102.849,140.42
120.826,142.83
111.928,140.53
85.862,114.81
125.173,156.65
68.958,95.67
95.934,126.7
160.474,199.74
112.332,136.59
93.407,118.58
106.172,133.07
113.428,137.75
116.744,138.04
116.078,141.57
111.14,136.67
114.75,138.39
95.177,125.34
112.812,136.07
107.158,130.61
101.288,132.1
139.126,170.98
133.922,173.15
140.302,153.45
77.102,86.85
129.305,144.37
100.782,127.1
97.4,112.46
116.653,130.77
116.157,130.69
115.323,139.08
113.951,132.68
115.149,131.73
123.242,141.04
124.527,143.36
101.337,116.68
100.144,117.41
132.46,147.91
119.673,135.48
72.9,91.6
116.93,139.85
148.564,173.38
141.959,188.33
123.824,143.27
97.886,140.79
99.41,116.84
72.479,92.44
121.486,138.76
112.35,135.53
97.036,117.83
139.738,164.72
112.442,136.16
124.204,168.3
165.934,196.13
130.157,147.14
130.878,145.22
110.363,123.15
131.828,146.54
120.336,172.77
123.491,172.14
85.947,136.38
151.786,189.58
118.123,173.51
131.948,152.68
115.214,134.82
98.859,117.93
129.002,161.47
130.451,149.83
139.995,158.81
127.013,152.12
115.667,135.09
115.663,131.46
107.302,124.3
117.907,137.98
134.325,150.44
142.778,197.85
130.595,177.74
130.848,151.43
114.287,135.7
130.197,152.47
112.558,135.62
76.144,102.1
87.714,115.84
117.733,145.51
132.214,185.74
112.432,164.95
139.099,156.01
150.646,175.98
112.764,158.19
121.981,143.43
121.991,139.71
109.666,126.38
119.078,135.05
107.05,120.95
119.799,140.18
114.843,131.88
135.571,151.33
125.41,140.68
124.726,139.76
132.538,151.09
144.138,161.05
144.473,161.84
148.504,172.14
135.316,158.36
138.566,193.92
136.542,199.49
109.906,127.42
152.209,214.7
164.993,187.71
112.284,130.93
117.157,140.58
105.85,130.2
136.235,172.07
125.61,153.61
97.646,173.7
147.187,176.0
116.004,186.36
149.958,179.18
109.161,139.63
156.616,186.65
118.635,149.47
127.57,152.83
133.625,148.02
110.178,135.38
143.155,163.8
100.866,118.82
136.128,162.8
137.344,155.57
130.112,151.67
83.421,137.08
130.119,150.99
147.614,169.98
94.44,114.34
93.485,120.37
128.354,150.62
89.278,107.6
71.784,97.73
1213.535,1263.99
116.627,154.51
95.746,136.48
123.896,154.02
103.35,148.1
95.693,126.9
110.11,137.54
129.213,152.65
144.284,161.19
120.455,132.63
130.623,145.09
106.266,155.68
139.629,188.29
90.672,106.44
136.016,147.69
127.755,172.07
122.423,137.67
116.4,130.27
114.063,127.58
105.578,119.85
129.995,143.28
115.654,129.37
115.309,131.71
133.508,147.43
127.42,144.19
155.616,171.96
120.979,137.65
116.326,131.72
130.154,180.55
121.027,172.44
142.427,158.6
129.203,186.63
90.356,137.43
94.551,121.55
154.911,174.48
134.407,149.4
112.252,136.69
110.407,125.13
141.523,158.35
139.832,163.16
83.134,101.94
115.623,131.89
130.039,148.98
127.22,145.25
110.966,129.51
136.86,157.17
158.495,175.31
135.973,152.34
112.966,126.92
155.953,189.23
105.465,121.75
132.527,149.22
118.665,179.24
107.458,161.78
112.248,129.43
108.311,163.22
92.901,147.22
91.248,142.13
79.458,106.99
114.683,147.83
124.4,145.53
117.671,142.62
98.067,119.22
89.327,108.75
84.342,109.26
94.928,120.14
93.673,118.59
100.776,132.84
101.111,135.41
99.534,135.35
152.105,200.77
108.165,127.29
114.708,137.28
122.962,142.21
146.48,171.8
137.974,161.83
133.461,158.7
114.738,171.92
101.339,131.66
114.491,140.01
113.403,135.89
142.247,169.3
100.746,124.99
124.087,147.71
127.398,153.09
118.976,156.86
137.654,163.14
117.134,142.15
129.452,154.22
123.561,147.6
110.248,131.25
108.914,131.49
111.529,132.55
116.568,134.79
93.563,112.93
147.717,179.23
123.723,151.12
110.845,176.89
105.853,168.32
105.808,153.65
93.247,117.87
96.056,123.16
97.493,125.99
93.221,119.21
116.709,141.13
99.98,128.41
105.81,137.57
114.435,141.86
97.81,119.46
106.698,124.43
130.107,151.21
94.343,122.23
144.275,167.15
86.098,109.34
98.574,122.26
111.27,133.68
82.592,108.78
107.374,127.82
116.661,134.99
116.045,135.47
132.032,154.62
134.699,161.85
117.217,140.43
128.376,153.41
150.683,171.36
137.021,174.11
128.786,194.53
113.825,142.22
132.4,156.91
69.186,97.57
89.495,121.66
110.443,133.26
147.087,179.44
71.813,99.95
130.081,154.29
120.979,148.09
108.959,132.92
115.278,138.73
91.531,112.35
117.742,144.09
107.01,127.52
109.993,134.56
109.135,131.58
112.661,136.03
136.369,161.28
116.78,141.18
108.786,134.57
120.59,148.81
66.316,88.01
148.485,180.25
129.12,155.48
103.081,128.0
84.475,109.68
98.612,122.87
138.851,166.36
157.68,187.82
131.474,156.48
122.036,145.34
116.019,138.99
168.716,196.41
127.612,149.54
147.829,174.21
136.318,161.11
126.671,149.67
136.842,193.0
147.431,164.43
128.213,142.23
111.298,124.94
131.328,156.13
112.526,127.23
136.142,158.52
124.151,143.47
143.128,159.39
119.419,133.05
77.491,91.9
126.281,186.06
132.606,159.82
126.196,184.91
96.014,152.25
132.759,180.72
120.748,174.31
98.251,145.45
90.747,137.57
145.199,166.41
108.549,138.56
115.249,126.35
89.552,117.63
112.196,124.38
141.179,155.63
120.987,163.75
112.371,135.24
102.898,116.16
128.333,142.03
120.61,165.24
116.648,153.24
163.972,217.36
149.266,198.0
125.445,152.54
98.581,131.7
142.091,162.69
99.528,121.77
115.561,138.17
97.27,119.97
107.72,133.32
130.244,153.27
82.8,107.74
100.037,130.19
147.36,179.65
73.877,96.26
96.676,122.47
120.517,152.42
73.921,97.61
101.821,125.61
104.042,131.09
130.769,155.54
117.794,148.23
107.153,135.52
144.917,171.95
107.431,134.19
113.412,142.46
104.623,127.71
111.291,136.18
103.211,125.59
132.163,159.2
72.586,102.78
94.891,123.62
90.368,120.41
91.005,122.0
85.675,117.5
97.21,128.01
116.146,147.32
74.919,104.95
95.973,128.15
93.952,126.97
102.542,137.59
128.121,153.89
90.807,124.02
78.431,110.27
117.078,151.71
141.469,173.0
107.897,138.66
117.393,141.6
128.137,156.58
127.369,153.93
127.28,157.6
148.073,200.17
143.99,176.51
163.168,198.83
122.488,152.46
132.364,159.4
126.847,160.62
129.648,178.98
102.812,151.65
110.761,149.36
121.113,134.5
122.904,163.79
140.62,151.77
140.291,154.09
120.648,137.1
102.156,115.43
130.209,146.19
122.723,135.23
116.557,130.99
142.131,156.59
131.789,162.48
116.367,168.13
114.835,132.13
88.779,108.15
136.662,160.45
124.033,145.31
112.744,130.93
119.057,135.02
111.709,126.9
132.823,150.06
128.165,146.09
110.405,130.77
115.126,134.47
128.092,148.4
136.725,158.88
125.431,152.08
100.868,119.4
74.732,92.67
111.272,129.21
125.897,150.84
81.581,108.89
101.457,130.0
140.647,168.57
120.074,145.08
91.46,115.16
142.793,168.24
127.109,150.34
112.705,134.62
136.185,159.96
134.783,173.25
109.417,134.6
129.233,187.93
125.401,180.7
136.491,157.13
118.881,147.75
106.767,127.29
111.987,130.09
116.622,133.58
123.192,141.22
98.401,122.96
106.178,125.29
108.148,126.42
112.854,136.22
128.463,149.0
135.98,165.03
118.067,188.36
112.985,139.97
144.633,177.98
142.861,171.77
129.18,157.59
139.996,206.98
159.869,189.38
119.747,142.53
110.737,137.3
144.934,168.94
124.467,171.8
96.761,156.42
160.88,190.57
119.193,149.07
146.639,176.29
149.604,177.82
133.585,160.61
128.322,153.14
141.985,216.65
144.702,171.76
134.583,164.47
147.845,181.68
143.29,168.99
98.814,129.91
125.806,152.06
143.218,176.33
114.828,148.39
171.466,199.81
117.588,145.07
122.691,149.61
134.254,159.28
126.806,154.05
128.7,159.56
109.317,141.25
70.344,99.21
112.283,147.78
100.952,134.9
113.537,140.93
124.697,149.01
112.237,139.31
94.076,128.17
115.087,146.44
115.236,142.9
115.555,159.28
79.03,107.57
109.336,132.41
116.436,139.42
105.795,138.13
104.604,140.11
119.441,150.55
106.622,134.15
109.164,134.25
85.836,119.46
116.038,148.37
111.244,140.61
121.528,149.59
115.699,143.48
116.696,142.0
107.939,133.45
129.249,154.04
111.726,142.0
76.379,109.98
100.209,133.06
97.359,129.77
86.962,119.71
100.317,131.94
115.615,156.92
98.428,128.11
75.791,107.4
95.932,123.62
74.626,104.88
121.09,147.56
74.84,100.92
123.657,151.37
136.829,167.52
124.627,152.09
148.885,180.41
129.19,156.33
115.288,144.03
113.384,139.35
109.131,134.07
70.539,97.04
98.478,121.52
68.701,92.01
145.749,179.83
145.436,180.25
147.145,178.55
96.896,123.84
115.682,143.84
120.508,169.13
106.736,144.25
123.906,153.23
124.385,151.6
115.619,144.69
113.064,142.85
118.278,141.02
150.661,177.7
115.4,146.48
93.818,127.12
116.256,151.07
74.33,106.6
124.384,157.34
90.396,122.34
104.384,129.01
113.174,141.73
102.509,127.42
106.703,133.69
91.643,125.84
117.698,145.52
115.518,143.29
109.844,141.27
108.87,142.94
123.061,154.21
96.84,138.93
115.056,139.67
72.901,97.43
111.904,139.31
77.052,102.84
131.637,162.03
111.011,135.83
100.311,132.0
147.312,178.28
105.203,134.31
131.587,162.56
105.238,129.57
99.664,126.21
120.936,151.79
116.868,146.29
114.881,144.61
119.952,150.87
111.61,140.92
69.726,95.26
141.076,173.1
137.24,162.83
99.703,124.07
117.267,147.35
121.752,152.11
144.99,174.65
114.859,144.81
154.098,180.26
136.85,161.62
136.753,171.53
129.07,155.51
110.035,138.63
136.109,162.71
110.826,134.78
113.934,145.57
117.827,148.81
86.596,118.93
100.72,133.15
105.483,135.82
124.636,150.22
110.935,144.61
111.382,140.17
98.36,120.87
114.198,144.04
137.497,168.18
100.35,124.63
113.487,140.89
99.673,138.54
136.96,161.69
134.219,168.19
86.499,114.22
131.959,164.63
124.283,150.2
115.74,141.0
114.357,138.14
111.676,134.31
97.345,126.26
98.607,131.11
115.242,149.83
116.489,150.85
110.037,141.49
129.548,158.35
155.718,185.6
119.102,152.49
106.391,139.47
130.714,162.72
140.841,172.65
123.538,148.92
130.513,156.42
141.573,173.06
109.631,138.25
109.183,141.74
123.055,148.57
130.946,190.22
114.54,156.3
96.981,119.87
121.138,144.6
128.008,158.36
100.469,123.4
131.36,155.31
157.314,193.18
116.594,139.93
118.872,139.19
110.692,132.2
111.117,138.98
134.31,156.93
137.562,164.55
101.588,131.89
145.401,170.03
112.345,148.33
111.516,138.79
128.393,150.38
130.53,155.67
90.847,118.92
97.438,124.72
96.476,132.65
145.875,169.09
79.424,108.94
91.341,120.6
93.924,123.99
97.321,126.83
96.361,144.95
96.689,127.15
96.459,126.04
127.052,156.11
134.968,197.58
126.231,170.73
113.625,165.82
109.258,132.6
111.871,138.04
108.538,131.63
124.357,152.06
114.151,141.98
123.682,147.55
86.665,118.99
121.767,155.11
97.235,123.99
93.034,126.31
132.114,169.95
94.018,122.49
78.015,105.98
128.215,154.73
103.19,133.6
73.91,101.98
113.484,145.39
111.678,147.03
84.595,110.66
81.346,111.57
110.602,144.5
68.47,92.51
130.463,158.53
147.152,177.78
124.702,152.75
140.073,167.37
123.266,158.21
135.379,161.49
142.517,173.9
101.559,126.14
71.758,98.81
140.068,172.66
108.088,134.78
96.252,186.49
94.853,126.66
118.031,146.26
74.344,98.06
120.395,145.86
106.163,135.26
95.988,126.48
80.017,111.34
120.534,153.54
96.324,119.85
72.275,104.0
116.448,140.06
138.979,167.97
117.084,142.28
103.113,129.63
113.43,141.9
114.838,142.01
114.159,142.9
101.403,143.13
93.03,128.05
111.013,139.48
101.26,134.27
111.472,145.87
81.256,113.92
90.952,118.94
113.653,148.83
131.249,163.11
125.406,154.0
110.295,137.25
112.835,140.48
118.734,146.44
127.568,173.26
126.972,154.94
156.027,217.21
129.927,151.04
139.602,158.26
108.64,130.99
111.591,134.4
123.711,147.83
118.389,136.2
130.184,148.72
108.302,137.86
114.783,165.38
113.572,140.32
133.873,147.11
108.319,122.78
128.872,151.38
154.525,196.06
132.223,154.59
116.484,164.91
130.493,175.64
147.307,201.07
136.816,172.92
135.801,163.4
137.951,154.33
115.857,138.09
129.689,148.36
159.464,178.42
118.86,138.58
115.376,135.73
138.64,159.35
85.623,132.54
128.636,142.1
135.494,147.43
116.199,131.67
126.161,187.4
139.322,162.72
72.957,100.75
122.26,155.82
143.74,173.15
119.651,147.25
104.275,131.68
144.274,171.89
145.085,173.22
141.487,214.8
120.947,143.2
139.81,165.55
139.873,159.06
95.584,121.18
95.984,123.57
129.975,149.8
81.084,107.92
99.79,134.46
151.153,188.81
109.404,129.99
104.142,125.71
116.333,138.33
116.855,139.2
115.96,136.56
98.265,118.1
78.427,101.05
76.483,95.85
134.205,155.47
115.716,141.76
104.173,135.77
117.284,142.12
72.812,101.05
111.305,140.26
108.843,134.97
114.221,138.36
99.78,123.73
115.889,138.97
113.359,133.59
108.753,132.43
111.256,134.6
115.794,136.42
108.33,131.73
108.262,133.29
117.317,141.8
97.521,116.2
115.666,136.75
117.846,137.62
109.976,135.7
85.162,105.72
100.187,128.92
95.975,119.44
143.606,168.25
113.037,134.16
114.597,134.57
117.725,151.94
120.957,138.82
109.802,137.9
142.336,164.92
116.967,145.29
119.279,140.12
114.897,136.43
67.688,93.03
124.093,143.88
104.196,136.26
138.337,163.94
111.612,131.97
113.361,134.23
95.921,122.56
114.623,137.42
77.345,99.1
137.283,167.55
75.093,99.26
111.805,134.31
95.598,123.15
140.849,169.8
116.547,137.53
100.868,129.24
129.299,161.48
77.267,103.64
130.893,172.57
101.449,122.12
117.308,138.49
67.732,90.8
89.166,120.23
113.162,136.98
116.87,139.03
87.375,112.29
137.563,161.27
73.11,96.48
128.294,148.09
137.599,161.89
127.989,157.85
123.689,150.68
153.774,181.29
199.148,220.96
110.96,132.49
120.343,145.02
123.615,197.93
108.025,135.12
125.997,160.78
106.121,133.15
131.392,158.1
117.036,148.2
138.672,166.62
107.598,142.5
157.036,188.54
157.066,188.14
108.66,138.39
128.247,155.66
132.368,168.56
135.863,166.75
131.84,159.56
123.787,153.78
124.34,155.68
145.018,174.65
135.715,166.51
125.96,162.97
115.918,150.71
73.163,102.59
91.853,124.05
128.87,157.26
144.931,176.3
124.322,156.05
117.555,151.54
104.539,141.52
118.555,149.76
113.609,147.88
114.988,146.23
79.841,108.41
95.843,130.2
133.417,167.04
119.248,151.52
117.584,149.31
103.772,146.93
102.462,136.21
79.553,117.51
109.241,135.39
98.964,133.64
127.172,164.73
106.05,136.01
114.769,148.38
118.684,147.48
98.441,132.73
99.124,132.88
115.138,141.4
94.779,127.75
110.263,139.95
131.371,158.34
106.502,141.32
90.68,123.29
130.417,163.68
93.066,118.84
122.028,155.4
111.897,139.79
115.307,143.99
117.498,149.25
131.202,161.98
114.555,147.23
136.945,171.08
113.346,145.62
91.446,117.63
105.616,132.25
101.651,143.54
101.738,135.12
151.89,188.65
143.664,175.24
143.73,175.42
117.512,151.32
110.44,144.1
104.757,134.38
113.651,144.1
114.597,142.42
101.657,129.54
121.748,154.97
110.941,134.65
109.903,150.68
117.837,154.38
68.584,98.71
109.043,143.8
82.442,117.07
94.561,122.55
116.396,149.08
133.015,171.78
118.608,151.49
76.103,104.64
118.509,147.37
101.527,130.2
132.954,166.96
114.517,140.54
110.736,138.48
104.558,136.45
81.471,112.56
143.087,175.83
100.891,132.83
76.693,111.4
122.502,165.3
107.458,142.61
128.845,169.06
109.956,139.72
67.331,98.32
117.21,143.29
142.26,179.09
92.928,128.02
109.773,145.03
128.626,159.23
67.238,94.22
146.856,183.43
78.547,106.18
117.187,152.47
124.267,153.43
128.56,156.17
140.691,175.45
129.43,158.98
102.9,137.87
104.018,139.89
103.935,138.55
91.219,125.2
102.075,137.48
122.373,149.65
101.792,137.66
111.027,143.62
149.552,188.62
134.783,164.44
136.481,169.95
112.99,145.03
111.895,142.75
144.376,191.73
127.592,167.3
118.275,146.32
113.247,143.79
117.691,146.61
101.879,133.81
87.218,124.2
113.164,147.59
147.07,184.65
115.444,149.13
111.235,140.76
124.702,152.15
100.428,138.49
141.865,170.07
131.939,167.95
100.781,132.57
125.872,162.0
121.091,148.53
115.017,143.48
112.697,142.6
83.492,114.26
126.54,164.97
90.336,118.04
74.742,108.64
121.286,153.46
146.241,175.79
102.61,130.42
112.285,145.14
118.495,145.94
139.96,167.07
135.999,170.93
71.2,96.7
93.949,128.23
133.108,171.8
116.767,144.22
122.075,160.59
78.512,114.18
103.221,136.49
111.81,137.59
114.911,145.84
97.78,135.34
144.792,179.86
114.045,143.51
93.474,121.28
86.518,115.71
112.653,139.05
110.832,134.64
99.132,133.6
112.651,136.51
128.458,161.99
119.764,149.42
75.844,104.77
88.968,126.07
75.002,99.56
75.544,100.37
120.14,148.97
132.327,160.93
125.737,155.17
130.221,193.73
152.426,169.58
133.566,151.23
122.351,147.5
136.913,160.4
112.859,129.41
116.162,135.3
99.363,116.69
133.902,153.18
158.18,183.0
143.43,162.26
136.002,153.75
122.066,144.68
123.582,155.01
125.376,151.01
131.116,146.69
112.715,134.79
104.838,127.69
94.136,119.4
128.246,149.17
122.819,143.32
132.994,195.54
124.369,145.38
105.149,126.49
135.898,161.04
130.907,154.95
142.314,174.18
121.593,148.48
117.425,143.08
130.182,156.7
164.131,190.77
116.358,141.03
109.69,141.0
120.645,146.75
114.067,142.63
115.978,144.79
113.427,148.02
76.844,106.4
109.943,145.27
111.309,147.17
107.505,140.16
153.367,188.16
114.444,143.33
117.412,141.46
121.244,146.27
151.955,190.41
121.966,149.77
108.403,139.01
145.39,174.04
143.5,198.38
116.782,166.49
113.456,141.92
102.439,131.91
82.829,114.72
147.516,178.57
70.793,93.56
147.872,188.86
103.653,127.89
137.66,167.56
160.529,201.74
100.696,128.35
118.266,183.67
119.429,152.49
119.91,148.81
167.117,191.45
99.476,124.38
134.992,163.48
121.214,151.76
114.07,146.07
107.343,182.69
121.517,149.62
106.136,136.02
108.136,140.1
121.173,156.41
81.936,114.39
116.895,148.08
80.172,105.55
145.922,173.67
75.064,100.25
102.509,128.44
100.019,133.5
148.026,179.79
112.354,137.42
129.466,156.28
137.576,163.26
110.863,143.3
124.909,151.19
92.395,120.31
76.436,104.6
141.428,167.03
143.694,175.24
114.757,138.11
135.86,156.6
80.005,103.31
96.969,130.81
99.84,134.43
120.397,154.58
150.5,172.03
118.291,145.5
105.239,172.22
132.11,156.04
117.819,175.96
67.493,115.0
126.66,149.12
74.592,118.96
91.593,107.75
149.571,179.0
121.804,180.87
126.492,151.18
161.089,185.88
142.617,161.62
117.032,139.28
150.045,168.72
138.708,206.52
123.598,187.43
114.717,141.55
110.589,141.16
111.612,132.76
127.231,146.44
86.371,104.72
105.315,130.8
131.897,160.76
121.523,157.87
101.576,130.83
69.376,96.83
113.292,138.37
132.989,158.79
112.876,145.58
115.837,145.84
96.931,127.32
104.826,134.28
114.586,143.37
116.921,147.09
132.154,158.12
96.093,131.16
135.397,164.29
141.158,173.37
111.427,140.54
115.405,139.73
110.329,139.18
139.13,172.11
118.021,153.46
80.848,114.31
121.157,147.96
168.422,199.79
118.686,149.84
119.273,162.05
78.429,113.43
90.834,128.94
98.796,134.53
122.719,155.8
135.367,167.09
142.51,171.19
111.016,144.7
134.99,170.67
70.409,104.05
131.534,161.65
84.687,121.15
101.82,127.22
145.642,198.85
151.728,203.42
125.052,158.9
123.298,163.39
120.167,149.02
113.225,143.3
130.016,171.31
103.325,142.55
139.683,185.1
111.904,154.5
78.145,110.19
115.114,143.26
127.181,156.91
141.809,170.35
132.536,165.52
116.083,147.92
132.152,187.02
107.849,159.39
105.847,134.03
104.56,166.64
105.647,158.36
115.257,150.06
135.881,151.5
86.573,133.6
94.304,118.77
99.343,116.82
101.954,114.64
135.951,147.54
114.224,127.49
100.034,121.58
109.226,122.08
117.543,131.8
130.009,146.03
139.617,155.28
133.82,151.7
117.971,183.97
146.196,173.23
118.484,141.26
112.103,136.22
108.091,133.8
100.524,133.05
99.075,117.68
77.158,99.14
134.256,162.38
117.772,158.38
137.19,173.34
152.852,186.09
150.935,184.92
120.931,150.07
165.028,204.43
126.798,165.34
124.677,147.58
138.791,169.98
122.908,148.66
1096.931,1152.12
152.762,174.44
118.013,127.98
100.089,118.09
119.501,129.9
166.134,185.32
131.054,169.9
134.841,142.53
166.524,177.92
154.591,173.56
136.206,141.63
146.497,155.3
128.406,144.43
127.457,164.42
134.594,169.72
112.243,124.03
137.607,147.8
100.615,107.86
130.975,148.25
145.397,154.02
141.857,151.0
124.354,137.86
142.545,165.64
148.628,169.42
89.4,97.82
167.119,180.31
131.112,174.12
110.227,119.24
148.198,158.59
147.891,177.89
134.542,143.95
129.461,147.49
150.217,178.41
95.859,107.12
117.42,124.03
117.881,126.89
117.957,125.06
137.336,145.89
118.894,126.04
127.129,134.88
87.112,108.13
117.318,126.11
116.306,123.62
114.372,122.17
112.674,121.83
133.34,141.95
118.947,127.18
125.372,131.82
99.064,110.77
138.033,149.06
105.576,117.44
162.446,176.65
140.667,154.03
143.263,184.14
121.103,132.95
120.358,128.44
118.151,125.68
116.396,125.51
77.074,85.16
114.062,121.98
128.061,143.5
162.242,183.22
124.952,154.87
145.672,151.74
148.128,164.75
74.903,114.6
150.551,167.47
130.512,146.17
101.537,118.99
124.996,150.85
127.684,155.6
132.973,149.5
132.406,158.55
101.737,119.03
136.006,155.37
89.657,106.11
105.729,124.28
133.893,151.17
148.913,176.04
127.035,146.2
135.155,157.8
114.233,150.2
127.489,138.74
114.437,126.19
108.263,138.69
123.691,138.4
107.248,144.03
95.161,140.66
96.614,151.33
153.175,209.03
170.116,200.73
160.969,184.91
133.662,151.1
129.759,148.04
130.541,158.23
118.761,170.06
133.323,181.19
113.603,150.11
146.445,176.04
121.633,143.17
119.548,140.03
144.379,195.19
130.453,184.46
144.268,169.96
132.617,151.4
150.197,206.05
102.762,119.68
115.937,135.68
121.855,146.61
146.238,165.94
114.756,166.86
121.451,147.46
129.792,152.62
137.682,153.52
99.461,118.07
103.716,120.23
185.085,204.73
117.506,137.45
111.184,132.57
136.456,155.67
137.961,157.32
130.819,190.65
94.979,144.78
78.252,99.17
112.589,129.37
112.45,135.23
96.286,117.27
142.451,158.78
138.11,184.72
119.535,145.48
124.061,148.76
108.276,118.26
116.02,126.46
116.169,124.73
79.367,95.58
105.374,120.24
109.665,122.84
166.822,219.96
139.672,170.28
111.009,155.65
124.908,168.28
154.971,194.44
101.29,134.13
120.369,154.8
158.715,195.21
88.232,126.05
112.76,140.04
102.041,113.28
138.347,180.07
113.327,126.1
120.692,144.64
139.42,170.45
98.232,121.15
110.875,136.59
146.144,167.47
113.729,131.64
110.975,126.53
90.843,109.19
76.738,95.24
109.651,127.1
131.737,147.65
99.913,120.15
115.41,132.87
100.285,122.56
133.804,153.26
84.598,106.62
116.111,132.62
96.47,122.52
98.78,122.98
115.741,132.68
112.565,129.94
111.91,131.33
114.043,131.32
113.031,133.02
111.976,128.96
113.414,133.34
112.347,128.77
117.291,135.55
72.735,89.32
71.424,89.23
80.646,98.03
72.182,89.03
71.401,90.16
133.088,158.65
118.857,137.67
120.616,149.06
133.137,150.07
118.328,139.97
139.854,165.27
107.89,132.42
82.066,102.26
112.071,135.27
113.578,130.57
92.716,118.85
111.784,130.3
103.168,119.74
110.85,129.49
106.902,128.42
97.958,126.48
102.861,131.87
114.271,131.03
110.365,127.84
121.079,138.22
99.891,128.67
111.081,128.34
109.699,128.64
110.429,129.1
113.771,132.71
113.644,129.85
142.938,159.89
158.515,180.13
98.194,120.99
139.356,164.06
85.906,114.28
146.422,170.05
112.746,146.08
120.512,131.08
107.181,118.63
104.058,114.7
97.282,108.88
77.129,91.39
101.783,120.09
108.43,120.93
115.88,127.28
119.963,130.96
101.268,113.73
113.951,127.09
107.042,120.09
132.112,144.15
86.046,139.46
128.203,138.47
145.214,195.53
69.544,84.13
112.422,140.25
129.385,143.62
109.755,132.25
100.751,134.19
141.601,167.38
119.667,161.88
102.014,140.89
81.25,131.11
137.987,187.84
142.276,190.7
119.34,134.15
126.479,142.07
83.705,99.9
118.136,131.77
90.03,113.64
121.417,136.87
129.302,143.64
155.622,170.18
70.609,86.89
119.581,158.48
118.485,133.82
94.777,113.57
129.9,145.32
79.556,95.78
112.416,126.23
105.878,125.67
111.12,126.72
96.916,110.37
122.236,142.08
111.655,125.57
113.718,127.93
113.254,130.06
109.495,127.19
114.434,130.25
109.698,125.98
116.662,131.19
113.775,127.78
113.312,128.66
69.139,83.8
152.946,170.23
108.967,122.67
110.438,124.54
118.25,134.48
110.139,122.73
71.733,86.65
73.306,87.73
68.416,81.45
126.684,140.96
133.123,155.41
151.065,166.38
109.808,126.62
111.204,124.69
116.324,130.12
121.641,135.5
107.738,121.79
122.4,137.37
112.463,126.59
111.227,126.3
109.73,125.15
112.152,128.03
109.112,125.2
122.447,138.74
95.996,119.42
94.613,109.12
114.724,128.9
73.277,95.27
71.441,83.87
99.109,125.65
72.754,85.71
100.338,121.59
124.721,150.95
117.327,147.95
122.513,163.06
125.13,152.17
138.478,152.81
105.429,115.98
98.726,115.44
114.344,127.87
99.831,115.52
123.281,135.83
138.596,154.54
122.347,138.11
109.149,126.27
119.373,133.97
109.809,125.7
152.289,171.7
86.271,98.07
71.351,83.39
74.998,87.48
119.411,133.86
168.339,188.68
107.028,122.2
123.34,153.82
112.788,129.67
126.304,140.77
158.922,177.51
141.008,156.79
132.224,151.32
73.388,86.74
72.162,85.31
142.572,167.42
137.433,150.92
126.885,140.73
118.597,133.76
131.232,148.11
126.385,143.58
114.219,128.78
175.985,194.86
165.377,179.64
118.093,140.28
92.372,107.76
92.508,117.7
102.745,117.8
70.125,93.89
159.275,171.86
130.794,147.35
124.754,139.73
134.866,149.9
132.777,149.35
147.766,162.89
169.118,183.33
146.57,161.79
122.629,141.07
146.828,168.98
101.205,131.03
117.173,131.87
101.674,125.36
78.1,95.99
111.938,125.58
108.902,124.85
110.545,125.52
123.468,137.04
159.718,174.53
97.373,114.89
123.301,136.48
132.317,146.65
123.478,139.97
123.703,146.18
152.946,168.47
116.672,130.98
130.186,145.23
100.46,118.24
102.739,117.94
106.536,120.18
123.571,135.98
114.554,129.15
68.608,83.08
133.326,160.14
147.997,164.77
72.147,87.65
69.173,82.08
113.122,125.97
121.802,139.38
159.91,185.7
127.845,143.1
130.773,156.45
152.035,177.68
126.143,142.35
128.802,156.01
74.668,85.36
138.069,154.51
121.053,166.07
121.981,135.37
99.677,109.87
136.352,148.28
133.739,166.28
105.096,116.42
75.976,88.85
112.9,128.03
79.448,94.11
119.96,131.85
153.438,166.74
119.443,151.53
73.337,85.79
112.924,126.7
96.51,118.29
129.097,152.63
111.42,124.63
77.992,89.54
67.547,79.75
67.214,79.71
73.119,84.84
146.653,169.54
142.184,163.0
132.786,147.93
97.438,110.16
126.487,149.37
109.489,122.56
148.999,160.38
117.379,132.55
117.752,131.21
110.491,123.66
109.048,122.19
112.343,123.6
115.031,127.68
107.158,122.26
116.473,130.38
110.769,123.99
110.878,121.93
109.038,123.56
111.498,123.55
104.95,117.74
103.393,116.96
102.073,119.16
75.034,92.01
105.334,127.13
109.918,123.64
112.076,124.52
111.453,126.12
112.65,124.27
119.708,132.58
110.199,123.46
113.019,127.88
110.619,122.81
116.614,129.13
110.937,125.69
130.036,141.25
112.113,123.71
98.683,112.37
156.616,188.02
78.538,92.81
129.071,139.64
109.385,121.85
130.779,145.44
113.84,133.53
99.492,116.68
103.18,119.11
112.517,126.31
116.454,127.92
114.759,127.08
117.721,130.99
126.289,142.07
100.954,121.85
91.062,113.54
108.6,120.29
111.18,123.28
119.007,162.67
112.129,124.08
91.205,103.86
116.382,128.88
124.777,138.5
124.519,142.27
120.838,132.61
129.884,143.34
107.61,122.23
131.821,144.15
78.423,90.35
126.462,140.6
107.182,146.12
145.773,163.31
115.145,170.44
133.511,148.66
87.51,102.7
119.591,133.58
108.076,154.81
104.275,115.94
88.396,103.66
150.285,174.68
76.387,91.03
142.895,158.79
124.322,139.97
155.019,169.19
117.891,129.21
128.131,139.83
136.661,148.96
151.316,165.47
72.217,84.5
141.225,157.91
144.648,161.07
136.564,160.31
141.518,183.95
78.196,96.75
86.426,116.55
111.736,127.4
107.278,125.38
106.187,123.48
128.394,144.8
109.321,127.18
123.618,145.43
109.653,131.24
105.169,126.08
113.34,131.29
126.887,142.86
120.874,138.53
127.831,146.42
137.5,160.6
109.248,129.17
113.705,135.09
118.165,143.31
109.864,126.98
128.377,147.28
118.921,138.46
112.579,130.68
125.394,146.09
105.534,134.38
129.112,149.01
77.586,99.55
114.366,133.91
108.975,131.62
95.831,121.17
117.932,141.07
107.52,130.48
99.353,124.53
91.912,129.95
98.005,126.99
133.408,152.8
90.514,110.57
111.209,132.86
93.866,113.88
113.643,133.27
94.777,124.69
124.797,143.27
144.282,170.16
111.445,129.83
103.766,123.44
135.939,153.71
122.631,143.64
86.249,110.2
113.491,133.29
110.421,132.24
112.046,129.5
113.382,130.21
111.959,137.5
117.749,144.27
70.012,93.44
97.649,146.33
78.198,100.73
94.204,125.25
145.12,165.17
106.126,128.87
99.318,120.92
154.015,179.49
70.311,95.47
97.371,122.88
156.016,179.38
68.618,88.84
97.349,122.04
117.275,138.45
168.054,189.36
87.414,110.01
120.175,145.94
112.122,131.41
121.35,140.66
149.335,170.85
119.648,166.97
117.392,153.31
114.031,127.21
112.731,126.86
114.066,133.44
119.426,134.26
94.898,111.15
94.777,109.62
154.487,176.74
120.219,137.31
84.568,103.39
110.907,134.04
82.748,100.22
133.007,153.76
71.955,93.58
107.588,132.12
89.401,113.56
100.07,120.87
109.498,127.06
137.675,156.16
96.227,119.66
117.474,137.58
93.237,114.91
115.706,136.47
108.839,131.07
87.299,112.47
115.931,136.14
138.881,158.44
94.101,115.46
103.069,122.91
112.629,133.25
104.768,126.51
116.891,137.78
110.896,130.91
118.254,147.4
99.112,121.75
112.799,129.09
96.134,123.76
98.045,116.74
121.818,143.94
118.195,137.45
86.86,107.81
113.468,130.81
108.021,131.0
97.984,119.92
109.654,128.33
118.511,148.19
108.577,127.08
71.295,90.21
103.267,120.83
133.03,157.46
105.76,126.62
113.068,133.55
111.441,132.65
122.604,139.44
97.788,118.7
120.902,141.55
107.589,124.83
112.004,131.39
116.016,138.43
120.02,138.8
112.326,129.17
88.682,116.44
112.454,130.88
113.327,131.25
115.002,134.64
113.032,134.21
113.676,132.65
98.539,121.97
132.55,151.08
119.204,168.09
80.985,93.89
110.002,131.96
103.226,156.15
126.862,146.19
104.155,122.46
79.122,94.46
102.829,121.99
120.222,132.64
129.488,142.69
80.109,110.1
108.165,121.57
111.34,124.43
99.854,111.55
128.779,142.09
111.991,152.13
122.485,139.29
101.576,115.47
116.998,131.61
98.589,124.67
104.606,119.47
94.769,116.36
149.972,193.65
132.704,148.88
109.711,128.62
109.983,132.72
118.145,136.12
127.566,144.02
132.958,149.62
118.231,135.7
162.48,180.64
114.412,134.19
98.375,160.83
108.928,126.79
109.743,128.3
104.41,128.08
102.523,124.61
114.533,133.68
116.433,135.51
145.348,159.98
111.133,129.93
112.823,143.65
127.475,150.97
123.978,143.11
98.421,120.87
126.984,149.56
121.492,152.85
112.056,131.1
116.638,132.46
126.71,143.16
107.68,124.92
125.532,143.37
119.217,135.63
101.758,132.64
96.177,120.86
106.073,124.84
106.546,124.72
110.481,129.87
113.274,135.41
113.616,133.61
110.239,129.84
116.826,140.14
97.928,118.91
116.933,138.58
113.033,130.13
140.035,161.36
98.871,163.63
119.557,138.75
69.88,88.8
101.461,124.02
91.547,118.41
112.816,130.05
116.089,134.55
100.937,125.65
112.093,132.22
121.086,142.85
133.274,164.09
79.207,102.29
122.405,186.83
101.092,127.17
90.316,112.2
157.102,195.26
79.289,100.49
74.235,95.33
73.162,95.63
73.165,95.24
89.736,110.5
130.522,159.17
141.314,167.13
146.44,172.47
125.748,150.31
123.306,149.75
115.128,149.43
119.463,146.84
157.892,184.29
114.072,137.72
116.095,140.78
95.916,128.86
96.207,121.46
105.411,135.5
109.768,136.08
110.351,132.55
115.733,136.43
112.986,137.8
131.744,173.36
111.34,133.51
111.635,137.38
106.898,129.17
107.668,128.34
110.606,131.8
73.093,92.07
105.464,130.65
118.623,177.89
113.475,137.11
115.075,137.05
131.304,157.21
127.353,151.03
76.743,100.14
100.232,124.77
109.913,131.51
112.767,132.71
93.1,117.76
96.457,122.48
95.92,120.61
113.53,134.73
113.002,134.71
109.405,131.88
119.447,138.36
80.692,106.63
92.876,116.76
103.66,126.77
113.344,136.78
113.483,132.97
113.646,132.93
109.091,129.43
99.315,130.85
112.218,131.98
93.867,118.48
99.345,131.59
110.755,130.55
95.1,119.98
113.708,134.7
114.767,134.81
112.966,134.44
118.537,139.86
110.659,131.66
109.007,131.43
113.419,132.87
73.91,93.9
108.12,129.6
113.96,137.18
115.083,138.22
120.571,142.02
109.849,137.21
109.722,131.86
109.506,133.77
113.679,132.95
75.425,97.54
102.182,130.8
85.689,107.25
74.764,101.99
103.847,124.4
69.482,90.53
116.767,143.15
69.445,94.68
112.474,132.23
75.35,96.61
113.372,135.52
113.246,133.1
110.712,132.08
108.787,131.91
130.816,161.35
117.831,142.27
74.55,97.58
122.958,142.86
113.93,135.3
149.751,175.1
122.384,153.56
135.28,161.07
118.023,140.58
130.673,150.71
82.245,105.69
100.511,125.63
99.156,130.66
101.36,126.94
111.094,130.85
112.178,133.79
114.911,138.22
98.181,130.97
90.009,116.44
97.871,125.05
118.372,139.65
109.132,128.46
126.049,147.29
77.725,103.61
91.254,118.84
102.355,124.08
113.356,133.71
108.427,132.3
109.531,132.23
100.377,123.4
109.019,132.82
112.701,138.2
111.326,132.28
111.45,132.37
111.08,132.95
117.067,140.86
97.807,130.53
95.53,133.48
92.134,114.82
112.869,132.05
74.45,93.44
118.309,144.72
110.509,131.73
71.949,93.66
127.13,154.82
114.413,133.57
108.461,129.86
112.498,134.3
71.995,95.61
130.528,153.39
71.968,93.52
129.12,157.73
72.592,94.25
149.683,170.26
99.907,121.97
70.859,93.5
140.393,163.66
66.119,90.26
98.103,120.33
111.289,133.46
95.189,120.85
75.816,98.39
109.143,131.76
155.049,178.5
108.823,130.75
72.031,96.01
124.563,149.85
112.886,136.81
111.813,135.49
126.825,148.22
79.355,105.48
70.449,92.65
110.179,134.64
111.96,135.3
121.164,141.15
109.126,132.07
113.943,133.26
90.811,110.84
74.025,99.19
123.102,148.33
78.822,104.61
95.853,116.02
70.567,90.45
136.389,158.94
69.252,89.5
108.174,127.24
71.791,95.27
103.488,122.11
112.149,135.46
124.942,151.5
110.56,136.13
136.686,167.06
91.913,122.83
102.872,141.42
111.581,130.32
102.457,135.01
84.312,113.51
110.78,135.24
95.336,125.12
109.495,130.39
90.736,116.31
104.196,132.35
99.574,120.7
99.062,128.98
80.904,109.64
112.589,132.98
114.366,139.89
109.752,129.92
111.731,133.97
87.778,127.36
113.852,133.65
108.254,130.94
116.684,139.63
108.928,126.91
109.024,133.04
125.875,199.49
74.653,99.12
83.779,104.41
88.471,114.81
92.624,122.78
109.087,131.12
104.879,126.22
69.741,92.69
147.671,170.09
73.999,94.69
121.517,147.14
76.594,100.41
102.561,129.18
72.733,101.74
119.267,139.78
136.169,160.8
87.456,112.83
116.837,141.51
71.195,91.11
100.462,129.46
71.524,97.41
92.856,118.5
116.014,141.47
100.305,130.59
97.756,123.26
89.08,128.11
95.952,129.56
110.632,134.65
110.625,133.65
121.403,151.41
81.203,104.59
97.698,134.92
98.099,124.96
105.508,129.22
107.782,133.02
109.778,135.13
88.397,114.84
101.606,125.74
112.052,136.65
93.807,120.41
111.214,131.89
118.197,138.64
97.831,124.43
111.692,133.54
113.453,141.31
115.583,135.91
112.245,132.85
94.161,121.61
108.099,131.8
106.388,126.25
115.933,138.61
114.834,137.05
96.696,121.19
111.176,133.65
114.964,138.3
111.668,131.4
93.817,115.17
93.773,115.97
98.498,124.23
66.592,90.21
109.587,133.86
135.193,162.82
110.862,133.09
100.199,123.68
107.413,131.54
87.267,107.55
71.739,96.49
135.194,166.69
66.913,87.51
133.448,162.25
72.123,92.08
93.947,119.42
106.212,132.16
95.817,132.19
91.621,116.31
91.867,118.66
85.609,111.36
132.123,155.39
76.665,102.25
123.035,146.2
82.365,108.33
101.383,124.31
112.388,135.74
97.606,119.17
111.427,138.44
133.541,157.71
69.246,93.13
108.951,128.91
74.224,97.64
132.56,164.95
71.571,92.78
97.845,119.44
108.354,133.36
139.92,167.95
109.792,134.08
104.028,125.56
113.24,134.32
102.33,128.92
74.546,94.84
89.162,116.93
92.951,119.12
72.987,97.25
76.63,97.77
74.242,94.93
145.352,179.72
108.395,129.3
69.823,90.19
128.955,151.13
116.308,142.67
140.296,170.6
142.107,165.51
119.625,140.38
110.175,139.11
132.954,160.87
113.199,132.31
114.182,138.22
114.379,135.43
112.711,135.32
113.641,133.45
85.504,132.32
113.932,136.05
112.856,132.27
94.364,128.46
115.745,140.53
115.083,133.56
94.485,117.59
96.915,133.45
107.974,130.93
94.471,131.3
107.818,132.76
145.297,165.85
82.237,108.89
97.669,123.46
114.467,135.52
98.739,127.68
99.765,131.78
105.085,128.89
113.903,139.12
100.668,133.95
115.096,136.44
102.36,123.86
118.19,138.58
121.426,146.15
81.347,104.63
112.105,135.66
132.325,153.6
77.022,100.31
127.45,147.61
112.112,136.89
110.475,133.65
97.368,124.95
93.349,121.11
95.129,122.4
104.533,127.96
90.11,129.82
95.091,125.08
130.272,154.13
104.434,125.83
115.557,141.49
81.63,105.38
116.574,140.04
130.53,158.12
104.106,125.52
89.608,115.59
143.704,167.16
123.688,146.12
106.903,128.8
135.01,159.22
127.952,153.03
148.032,171.77
141.655,166.42
119.172,144.13
153.807,179.81
80.263,104.23
107.97,139.07
122.924,149.86
102.832,127.0
110.906,136.71
124.512,152.6
86.872,107.58
148.617,173.97
112.006,132.87
104.716,124.1
111.741,132.37
110.527,134.77
115.324,139.02
126.47,147.12
109.276,131.8
105.557,125.56
125.636,144.81
128.821,152.39
123.571,161.07
121.712,148.07
120.878,142.4
129.052,148.58
138.182,161.63
93.63,122.2
114.211,135.72
139.911,165.63
84.584,109.01
126.581,155.88
110.306,140.27
133.844,160.93
115.778,135.48
113.876,135.13
110.882,134.02
97.307,119.27
117.311,138.19
92.02,116.03
111.737,137.85
98.59,120.01
106.485,131.36
109.772,129.69
103.105,126.65
68.182,90.81
126.276,147.31
109.93,136.32
70.075,93.47
122.519,151.52
150.377,173.35
124.674,145.44
129.845,157.19
113.732,137.1
101.32,129.44
148.684,170.33
121.619,168.04
97.526,108.52
76.666,87.83
118.233,145.1
133.982,157.49
84.212,97.08
96.872,111.38
144.945,160.72
76.079,98.84
115.839,139.13
136.681,155.53
135.469,157.54
125.458,137.66
92.953,104.23
109.275,123.73
87.839,102.62
72.448,84.69
71.678,82.66
125.263,136.93
127.561,146.0
128.043,147.18
103.714,157.6
103.1,126.2
124.58,169.96
130.105,184.12
125.492,152.14
118.105,154.36
123.986,142.22
124.106,142.95
134.887,155.29
110.307,126.82
109.739,129.0
113.975,140.33
99.449,119.87
124.544,147.66
127.491,142.78
113.815,129.82
122.178,138.14
128.692,143.76
132.394,147.68
115.879,133.54
100.481,125.11
119.843,138.98
133.58,153.19
107.784,128.57
138.56,161.25
118.47,186.87
140.823,166.31
115.25,142.02
128.258,148.04
143.012,167.34
113.669,136.89
109.423,128.34
103.252,125.6
109.242,131.43
134.39,157.75
110.344,132.63
125.675,157.09
106.34,132.03
122.019,140.37
99.658,131.6
91.301,117.27
106.98,126.73
117.058,136.88
103.196,123.54
105.328,125.79
109.328,134.2
106.758,127.91
113.861,136.79
92.202,116.71
107.275,127.14
96.283,116.3
112.52,133.25
110.315,132.86
114.713,135.23
114.088,133.89
104.351,123.79
110.313,130.15
111.474,134.46
113.875,135.9
110.803,130.92
108.73,126.66
102.402,122.92
113.34,132.04
101.227,132.67
109.107,127.31
114.364,139.72
99.344,124.41
114.672,133.08
114.181,136.43
109.076,130.75
88.929,108.14
108.762,131.53
143.177,165.33
133.85,174.65
115.637,144.5
111.325,131.51
76.996,100.46
101.465,126.55
96.262,117.93
99.306,118.9
100.512,133.78
90.323,118.75
111.948,131.2
111.961,130.6
100.347,125.23
132.529,164.74
114.206,143.25
81.116,103.25
109.438,126.92
149.248,184.81
97.765,126.42
116.584,139.9
130.623,154.01
111.995,135.63
104.074,120.98
125.409,144.21
119.843,147.51
110.552,124.01
130.202,168.84
129.488,141.23
115.403,137.53
128.812,165.47
129.726,142.97
70.738,84.65
98.316,118.7
109.949,123.38
110.644,122.34
120.485,133.18
113.439,126.83
122.247,134.76
85.282,100.05
139.565,154.3
110.829,124.99
107.73,157.9
169.112,182.74
132.95,146.51
113.51,129.02
128.105,150.19
101.669,153.46
123.955,144.69
97.728,120.89
115.209,141.65
107.001,126.01
137.594,159.54
91.756,111.18
108.383,128.93
111.884,152.32
86.797,106.86
148.808,166.12
101.506,126.48
122.918,143.04
116.497,136.23
100.506,119.72
126.405,149.05
110.236,131.05
110.12,131.15
140.369,160.36
99.51,123.85
117.403,139.8
134.507,158.45
113.232,164.56
152.048,169.89
116.684,132.45
102.333,119.82
116.995,131.56
118.584,133.21
94.587,111.92
113.536,131.22
104.807,123.54
114.868,132.13
98.319,119.06
84.504,108.58
83.214,104.64
107.049,124.02
101.812,130.94
99.801,122.58
98.482,115.22
117.145,134.03
115.157,139.82
107.369,134.33
119.849,153.42
102.222,166.6
113.376,139.14
137.048,164.01
121.293,187.66
104.313,147.99
88.554,111.75
90.613,113.12
84.292,107.88
124.077,146.36
135.09,158.95
115.368,140.81
107.749,129.03
110.052,132.39
132.848,157.53
127.988,151.29
128.32,151.79
108.485,130.57
97.385,121.6
101.627,135.55
107.306,139.47
115.147,139.39
122.362,149.86
108.887,168.67
126.546,154.13
110.55,150.96
115.52,137.74
151.271,181.5
100.414,125.66
113.097,138.39
142.642,163.13
121.082,179.29
129.036,152.9
100.482,164.01
133.67,156.88
98.307,122.87
105.863,128.9
118.869,147.64
140.175,180.01
119.944,158.88
153.229,187.76
99.802,125.48
105.657,129.42
91.828,118.45
1189.126,1227.58
136.46,175.97
133.347,162.48
92.758,102.93
85.007,97.67
130.063,140.78
164.103,187.88
189.342,212.48
115.526,133.04
119.279,146.55
127.965,153.99
98.839,120.47
75.335,96.39
130.994,163.23
115.041,141.58
113.099,141.03
131.339,158.64
149.125,170.71
137.892,190.81
122.228,162.66
118.622,138.79
152.365,171.91
160.784,185.95
151.025,169.29
144.999,163.02
143.671,158.39
152.705,175.07
160.086,191.56
113.733,140.09
156.119,174.51
157.907,176.03
135.61,156.37
140.87,167.96
155.946,175.31
144.752,162.73
105.742,125.22
139.159,158.92
129.042,150.9
128.932,149.02
136.779,158.96
150.886,172.49
140.09,166.91
139.646,162.54
104.995,133.21
144.278,169.93
128.494,160.46
147.307,167.87
148.306,176.68
157.925,185.13
144.788,166.02
122.072,146.03
172.243,198.71
170.412,195.57
119.567,146.36
119.709,152.46
121.196,130.9
136.45,147.2
154.37,166.01
100.859,111.61
114.339,133.91
153.006,165.54
107.241,119.83
113.431,135.26
101.319,116.4
80.517,105.91
136.357,154.06
144.764,159.79
118.384,130.61
118.784,159.86
99.278,153.92
92.758,115.82
116.336,132.5
103.651,129.43
101.388,123.39
119.426,136.58
92.703,121.63
120.392,147.45
103.544,127.89
93.502,120.79
97.389,119.8
114.767,131.88
119.11,146.82
97.442,120.03
114.334,138.07
116.773,139.73
142.302,165.75
143.227,167.19
120.186,143.9
134.721,154.67
121.408,150.96
110.958,135.8
119.779,140.68
128.126,151.93
156.596,179.63
151.707,175.5
111.031,171.74
116.512,174.72
124.654,170.67
128.053,168.29
105.243,158.06
147.709,184.09
120.965,140.85
106.45,123.06
117.628,140.37
122.622,146.75
122.51,145.17
117.508,137.21
98.242,136.33
145.816,175.94
155.382,177.41
116.755,137.08
110.006,127.31
112.822,135.53
116.523,138.45
122.486,146.53
115.346,135.14
130.991,149.72
92.028,123.36
78.874,105.22
99.439,126.71
96.381,124.59
114.733,139.68
114.253,134.55
104.017,138.06
111.293,133.12
78.963,100.07
112.781,139.33
114.708,142.31
90.208,114.58
128.401,167.4
113.882,137.17
90.889,111.98
71.226,99.71
109.399,137.43
80.228,105.31
105.156,128.82
139.402,163.09
138.774,165.7
133.256,157.04
125.45,148.13
135.816,160.46
136.536,189.81
125.928,144.1
117.669,167.14
128.132,166.71
136.254,150.4
118.978,141.85
98.451,112.85
90.13,110.64
104.501,126.03
84.827,110.16
95.529,119.93
132.653,155.1
93.106,117.99
86.588,109.0
99.479,131.27
136.797,160.71
85.887,109.74
116.449,133.91
94.859,124.11
111.285,142.42
119.561,145.68
85.511,107.62
111.512,136.15
132.006,154.89
119.097,139.43
115.691,139.78
104.164,128.34
116.714,142.04
98.528,122.53
104.939,136.47
119.716,145.3
145.809,175.59
75.27,105.16
104.538,131.75
77.703,103.73
130.211,155.93
85.166,107.89
114.854,142.23
70.151,91.48
132.471,166.72
103.982,129.02
73.213,97.23
106.126,133.11
82.194,109.82
133.626,160.06
91.07,119.71
126.956,163.32
135.236,162.87
121.372,144.2
139.126,163.85
162.432,189.22
115.873,162.61
116.982,133.84
133.545,147.82
117.77,131.7
136.201,150.3
100.029,128.11
125.672,142.4
113.099,131.89
99.986,117.03
104.92,128.86
101.373,124.35
119.689,145.54
113.01,133.65
84.387,103.91
117.173,132.1
98.536,130.16
97.212,125.72
131.474,151.26
141.046,161.92
137.085,155.77
133.13,147.96
118.905,134.42
122.312,137.49
130.386,145.4
127.912,170.45
149.111,200.92
152.414,185.69
132.739,159.3
73.872,94.06
133.6,157.98
115.458,141.27
114.639,134.45
109.007,129.04
116.303,140.12
123.045,142.88
111.279,135.14
116.739,138.12
115.291,137.19
112.376,133.02
117.661,141.61
96.336,125.57
107.143,140.48
130.869,155.3
166.848,194.46
128.086,189.59
126.34,147.13
77.559,99.66
125.706,148.93
126.471,148.63
109.793,130.72
108.071,130.88
110.836,130.84
120.48,141.87
113.947,136.92
115.214,135.51
115.855,133.95
118.842,139.94
112.945,134.28
108.873,128.17
114.883,139.16
150.859,173.99
142.757,168.0
115.132,139.91
121.914,150.39
117.89,135.86
119.86,137.1
117.333,134.61
120.202,137.28
117.719,139.18
94.178,119.12
114.864,135.92
113.268,133.9
104.965,131.63
102.503,127.4
104.311,136.06
98.264,125.82
103.057,130.76
115.67,157.88
74.303,101.14
102.287,131.47
120.898,153.49
78.192,104.79
113.825,138.43
102.749,126.3
134.573,160.97
80.835,110.25
73.595,95.59
74.355,96.67
138.993,167.38
165.074,201.07
154.854,181.31
102.448,123.15
116.313,145.74
107.179,129.57
75.533,101.78
96.623,124.4
122.274,152.8
75.064,99.35
98.769,129.88
111.472,132.3
101.159,121.5
118.77,140.01
128.532,149.67
80.036,104.1
110.353,146.92
106.866,138.49
83.185,116.28
96.057,125.32
118.961,147.99
80.731,107.31
117.57,141.51
136.921,167.48
79.336,103.2
113.009,142.58
104.045,132.48
116.177,141.34
115.493,137.75
117.129,139.76
107.835,131.26
84.913,110.47
118.438,146.79
117.414,144.07
111.774,135.63
111.784,135.13
115.374,139.78
113.422,135.7
96.362,135.38
104.355,143.34
137.814,161.01
92.366,118.61
83.344,113.29
128.345,154.43
95.837,124.88
77.285,104.79
133.296,156.75
101.02,130.84
78.536,106.38
108.982,135.76
112.148,141.76
102.773,129.1
82.824,108.37
109.74,141.0
82.233,109.78
119.587,149.78
79.089,106.32
97.334,126.83
115.949,140.59
107.992,135.48
89.396,118.43
106.679,141.15
104.052,134.85
80.913,108.17
101.143,135.55
97.294,125.86
92.354,125.81
113.016,135.84
92.681,125.28
102.809,130.8
148.475,173.35
110.393,137.51
69.979,95.4
124.12,156.39
123.561,145.1
115.883,137.47
111.588,135.44
110.613,135.33
153.09,188.14
131.986,154.24
115.37,137.66
119.451,154.77
141.374,170.68
94.919,116.55
94.647,120.99
115.831,135.17
103.155,128.1
99.168,132.85
116.568,136.16
92.966,118.04
109.033,131.4
113.711,135.89
93.137,123.9
110.385,133.17
115.299,136.73
95.756,120.45
110.451,129.75
107.955,132.07
98.872,127.01
115.055,135.44
115.928,138.32
121.951,143.01
97.068,121.42
130.795,150.7
77.844,107.13
96.501,123.29
110.873,134.44
93.379,122.08
104.47,143.97
109.8,146.81
103.703,136.26
81.74,109.93
128.005,152.06
98.174,129.06
81.227,110.08
119.721,147.44
82.825,115.2
97.419,126.67
113.989,144.58
84.573,113.93
94.41,123.06
97.133,133.55
103.236,132.74
98.016,133.37
117.664,139.05
113.151,143.32
75.267,102.33
129.097,164.52
82.982,109.7
79.01,111.01
105.377,136.63
127.877,165.63
94.299,118.34
115.017,142.74
114.185,135.54
114.648,141.75
117.58,140.5
103.996,141.79
122.332,143.37
108.797,134.31
88.845,119.51
95.054,126.54
111.677,134.57
108.74,137.18
94.175,124.21
117.147,141.25
116.51,144.46
80.63,105.08
114.375,138.19
96.377,120.95
96.04,130.28
120.595,152.35
83.326,112.05
92.73,121.69
138.26,164.76
88.153,114.85
99.042,128.7
129.365,156.42
71.336,98.01
94.583,125.41
103.178,148.62
82.64,113.25
93.375,125.24
118.344,140.87
118.204,150.19
77.765,105.6
127.624,151.37
92.79,124.37
84.637,113.64
136.164,174.81
110.775,137.01
88.49,111.94
123.305,154.83
112.528,139.54
85.66,109.13
120.911,149.97
120.169,142.13
126.833,153.83
113.546,133.62
109.822,135.24
116.761,137.27
110.217,131.27
114.972,134.79
113.545,136.15
114.139,135.91
112.552,135.23
116.07,138.54
115.854,135.84
114.302,138.49
94.875,124.54
108.129,130.06
130.546,169.85
80.663,107.67
153.977,175.18
103.941,132.57
108.88,135.91
93.955,118.04
100.62,128.81
86.154,114.82
110.031,140.52
118.365,144.98
103.055,125.28
104.967,133.29
104.953,133.97
113.483,139.48
111.961,135.25
116.13,140.6
120.025,145.47
114.305,136.12
106.662,143.73
139.495,165.64
125.463,156.22
106.686,131.0
112.786,141.07
138.385,166.98
149.483,175.64
131.192,168.44
113.308,141.23
115.823,145.75
113.497,138.77
115.324,141.44
112.711,136.9
113.47,138.22
114.665,151.4
100.444,128.59
89.779,120.21
132.714,161.04
114.686,180.02
116.426,142.39
106.65,144.48
113.317,149.91
97.423,135.43
76.233,107.28
129.715,162.47
101.879,130.38
102.998,132.28
88.503,118.25
106.074,129.8
173.984,200.52
72.945,99.36
142.902,171.91
102.753,127.81
99.109,125.84
118.346,149.53
96.745,122.23
115.165,144.75
105.749,134.26
122.477,149.34
113.971,138.35
101.886,137.49
94.079,131.07
144.537,185.83
118.316,148.1
129.244,187.92
163.75,230.94
120.8,172.68
112.036,137.84
95.029,122.66
114.367,148.4
79.057,103.11
112.995,135.74
136.097,156.65
112.618,139.2
96.959,121.52
120.721,151.59
114.5,142.08
86.267,112.3
97.214,125.58
91.818,118.08
90.767,118.59
92.976,123.62
93.072,123.91
94.981,128.93
115.589,138.76
93.58,121.49
109.025,143.51
105.214,136.2
81.832,109.87
97.379,128.36
118.657,152.1
77.062,106.83
108.356,150.04
116.888,147.42
133.566,164.03
109.787,134.37
122.567,147.09
134.352,158.91
139.58,164.83
107.303,141.63
105.388,133.18
138.527,169.76
120.201,143.7
100.18,123.4
116.913,144.38
123.727,149.63
164.406,191.22
115.448,140.15
135.882,161.94
138.837,183.24
89.912,119.71
80.055,109.8
117.019,147.63
118.901,146.85
100.952,143.0
99.986,129.8
114.112,138.14
101.254,132.42
98.637,131.89
113.242,136.5
114.689,144.24
78.443,108.68
128.391,152.31
84.587,114.61
94.345,124.11
95.727,127.63
124.126,157.92
110.473,138.4
92.058,121.22
121.403,149.76
130.865,154.41
124.153,150.28
159.68,200.14
97.973,133.18
102.381,129.58
118.751,149.04
150.301,182.6
140.851,166.46
143.23,171.5
150.51,181.26
137.174,165.12
145.928,173.57
134.066,160.05
133.051,157.72
133.951,158.75
79.161,107.66
127.136,149.32
79.145,108.99
94.906,124.36
104.54,132.18
117.654,149.32
85.172,113.89
95.52,126.87
124.272,155.54
84.373,115.78
108.314,136.73
91.82,125.57
85.196,114.65
109.28,141.53
98.059,125.65
83.983,113.35
132.581,165.7
164.78,190.19
142.905,168.07
101.882,130.09
90.675,119.58
110.956,159.73
86.411,114.65
95.812,127.29
88.201,128.14
112.204,146.08
84.39,116.12
93.89,135.18
154.828,189.33
153.258,181.52
117.179,158.26
95.412,130.98
80.831,115.06
106.994,139.31
127.489,166.22
101.803,139.12
121.8,152.65
120.964,156.87
105.003,141.41
94.279,130.99
94.653,126.27
109.877,146.3
80.419,116.12
101.626,139.07
104.112,142.25
83.007,115.09
113.718,148.54
109.25,148.19
110.854,147.46
105.848,142.57
109.857,143.22
114.935,143.39
111.259,142.97
114.015,138.5
113.944,141.79
144.325,170.77
141.111,177.78
153.048,188.92
140.889,232.48
118.334,174.58
122.672,192.86
109.841,175.83
114.262,146.09
124.667,196.86
106.078,166.73
100.547,136.89
134.084,169.18
90.554,120.61
82.567,112.84
131.045,163.98
89.658,111.08
73.07,97.71
134.428,177.29
104.461,136.68
121.473,147.81
124.258,159.17
117.414,149.06
132.925,167.39
111.143,147.24
153.449,175.94
159.461,191.16
112.535,144.71
86.46,112.72
115.835,147.29
112.997,138.45
101.79,124.28
116.446,139.99
150.519,177.94
154.904,186.28
120.046,148.28
102.586,151.95
112.473,138.08
147.674,190.28
117.729,155.44
115.386,127.03
112.954,126.31
108.329,124.17
141.088,152.23
117.087,129.38
133.402,155.82
81.956,108.97
133.893,150.57
120.864,137.49
87.353,102.11
116.963,128.48
104.818,124.62
121.027,142.43
125.308,146.12
116.325,136.72
115.685,134.81
90.81,109.13
135.434,153.39
111.856,130.05
83.098,103.14
101.241,126.83
109.783,129.16
113.17,135.67
115.967,138.69
112.42,133.18
116.323,139.31
105.434,125.74
108.91,129.27
88.814,108.84
109.954,133.47
133.399,152.93
110.431,133.26
134.018,154.59
104.461,126.7
120.434,140.68
115.437,132.13
119.014,134.39
116.302,133.66
111.016,126.99
117.834,136.53
111.265,127.76
122.589,138.18
111.192,126.43
114.201,131.56
145.302,158.69
125.991,145.6
151.951,170.42
142.254,164.71
123.682,139.29
143.148,161.16
157.516,174.54
128.964,189.92
135.827,150.68
151.08,168.45
124.246,173.62
115.426,133.78
122.769,149.23
116.883,131.64
155.613,177.41
104.016,149.91
166.023,219.18
120.497,151.17
95.635,121.01
110.021,129.92
102.859,119.52
124.488,139.79
104.215,131.77
114.407,130.8
99.512,128.07
120.442,142.37
137.002,160.81
141.918,161.9
116.948,132.44
97.587,116.85
105.593,137.6
100.907,120.3
98.568,121.12
111.034,138.36
93.343,113.31
94.722,117.53
112.365,139.54
71.672,96.33
107.004,133.88
104.183,128.11
134.375,170.5
110.406,141.0
102.946,125.14
138.855,163.73
125.951,150.32
118.19,140.45
107.184,144.4
104.906,128.41
101.486,131.84
106.403,136.63
116.77,143.38
97.907,127.45
100.006,128.41
113.076,145.9
96.677,119.04
100.923,127.47
102.876,132.19
82.486,108.14
108.39,137.55
85.306,112.82
97.223,122.53
144.945,169.8
105.098,126.02
116.269,139.46
111.771,134.21
120.103,147.32
121.966,144.96
117.532,140.74
134.986,156.2
109.784,135.0
99.706,129.78
112.641,140.36
99.604,125.48
94.642,122.5
148.224,175.88
103.857,129.18
100.882,124.4
77.051,103.83
100.417,126.14
96.036,121.72
116.151,139.47
119.442,150.46
142.295,165.51
125.65,147.55
121.802,143.04
135.501,161.24
141.968,163.09
76.857,98.93
124.27,156.38
114.798,133.42
78.521,103.35
129.424,164.2
122.11,142.7
103.066,125.29
116.633,141.4
114.095,136.28
124.401,154.45
146.689,178.92
110.333,131.02
114.696,138.01
115.93,139.19
115.144,137.08
114.134,135.37
120.608,145.21
114.639,136.89
110.352,132.16
121.611,152.77
87.491,113.65
98.554,131.47
93.219,122.6
114.715,149.98
95.929,122.26
97.666,128.53
102.778,141.46
110.701,143.43
83.619,115.03
101.641,128.12
120.868,153.57
82.055,110.25
94.623,124.93
140.864,163.83
120.713,152.21
114.836,139.47
112.903,134.01
116.704,144.82
117.818,139.35
122.416,142.99
106.099,133.57
114.323,141.94
138.744,168.85
79.288,106.21
123.313,155.11
72.093,106.67
113.366,141.94
85.592,117.21
109.892,137.45
95.951,127.57
93.416,123.78
110.695,140.71
122.765,156.85
117.21,141.66
116.853,140.11
118.868,142.11
115.221,139.58
109.771,133.41
111.066,140.72
81.376,111.77
114.544,141.17
96.202,122.15
105.014,134.48
97.95,128.47
124.08,152.53
102.242,124.59
90.939,117.41
122.459,155.0
116.677,137.39
118.19,141.85
116.845,140.74
108.574,131.11
111.921,136.96
120.304,146.55
111.744,134.29
114.032,135.9
129.509,152.14
113.947,144.41
135.893,163.64
114.825,136.38
118.041,139.97
119.869,144.6
113.494,134.52
118.38,142.6
102.024,127.87
95.292,141.18
97.929,129.82
97.426,129.91
106.376,143.03
144.605,180.45
119.122,148.93
109.635,140.36
106.856,136.57
98.441,127.7
110.123,136.24
103.669,133.11
93.892,125.59
160.05,190.84
140.915,167.08
134.858,161.5
79.745,107.56
94.389,126.62
103.423,132.35
96.959,129.79
113.562,144.67
92.134,118.58
118.405,150.47
124.81,153.31
134.352,158.81
113.205,138.23
117.545,144.02
118.227,147.58
116.693,139.14
139.095,169.34
77.369,108.76
147.065,174.5
113.073,136.98
114.248,144.04
126.629,148.18
118.841,143.17
124.926,146.56
133.282,165.35
160.404,194.42
152.956,176.66
144.404,184.88
134.883,163.76
115.803,148.31
118.964,157.44
84.828,116.11
96.25,127.47
140.533,181.87
103.461,126.64
73.633,99.1
135.862,160.15
105.721,129.88
79.595,103.62
129.348,154.81
107.947,136.14
100.122,125.38
106.19,133.23
114.67,142.43
102.074,126.52
112.204,137.59
115.243,137.39
115.843,137.83
116.574,139.66
116.258,142.73
123.554,143.41
102.681,132.42
106.254,140.9
114.304,139.33
111.684,138.51
84.086,113.85
117.55,150.65
79.61,109.99
132.369,165.15
133.919,162.53
130.841,154.6
133.1,158.77
119.619,182.15
125.854,188.69
145.436,171.64
145.585,168.78
144.99,177.13
140.94,166.4
123.03,150.45
135.041,157.9
128.172,158.25
113.916,133.27
114.661,138.34
109.866,139.13
121.752,142.28
113.484,146.09
98.504,130.8
149.076,172.76
127.505,158.55
125.909,155.25
134.959,162.58
111.223,137.07
118.3,143.44
147.07,176.3
145.366,177.22
138.202,164.15
168.587,195.66
143.064,169.02
120.316,153.85
127.05,156.84
147.638,175.45
124.125,148.49
120.122,146.56
101.967,136.86
118.204,147.54
94.597,123.22
97.712,131.43
117.58,150.6
112.068,139.72
79.979,112.36
108.022,138.71
112.208,141.74
147.151,189.02
116.565,147.88
118.001,139.34
156.933,192.68
113.789,141.16
124.271,148.0
121.245,144.61
137.053,164.21
137.438,171.1
116.961,141.1
116.753,140.65
114.405,138.49
145.543,169.73
137.177,169.84
116.679,142.65
152.506,179.82
146.951,181.56
165.61,194.27
152.889,184.25
74.206,131.29
97.813,137.2
113.27,133.58
109.287,132.52
112.718,136.03
115.636,139.81
130.369,151.08
115.371,146.99
130.716,153.46
102.564,128.62
81.03,111.46
89.097,116.07
102.916,131.7
94.772,128.9
96.743,135.64
140.532,172.64
112.809,141.46
122.198,148.74
114.895,140.14
114.532,142.11
102.912,136.29
104.07,133.57
87.79,125.26
120.625,155.42
82.92,112.55
97.734,134.35
120.445,156.42
98.902,135.03
117.0,150.75
112.756,142.91
113.471,142.7
131.299,160.7
145.915,174.54
95.33,129.87
110.71,149.88
125.166,162.01
106.562,136.49
124.891,158.06
105.494,140.43
102.721,143.88
99.366,135.68
138.772,171.04
121.767,151.03
123.484,151.66
122.518,149.0
141.311,176.65
112.047,145.87
132.959,161.48
140.644,174.73
149.193,186.33
125.675,184.41
121.427,138.97
116.1,134.88
90.481,105.46
143.989,159.8
90.283,115.71
99.689,120.49
95.626,127.94
99.309,116.93
119.289,137.99
119.132,132.45
101.727,122.16
122.112,140.73
121.825,143.4
122.014,139.83
99.643,119.26
130.38,157.83
115.264,138.3
128.68,195.71
129.789,158.09
124.045,152.42
128.039,152.51
128.673,156.25
100.41,124.11
100.736,128.67
114.928,144.47
112.068,135.49
131.691,159.71
121.697,147.89
95.019,125.88
116.229,158.55
84.313,118.23
94.97,125.36
106.168,135.63
127.443,154.66
77.314,100.26
117.643,142.82
86.251,114.97
99.702,126.88
106.473,140.8
117.954,143.37
108.699,138.8
149.399,177.61
117.625,138.13
110.986,137.78
115.197,141.12
110.616,136.59
150.18,175.95
88.442,119.62
108.004,145.65
124.85,151.15
117.946,142.19
123.663,151.06
98.729,135.45
116.204,144.41
153.2,185.94
113.894,139.75
148.776,177.34
111.347,167.52
175.551,201.99
151.601,171.92
98.697,163.61
152.564,180.59
132.83,173.74
150.447,167.53
105.046,125.24
76.648,110.69
96.946,119.2
112.541,135.75
107.703,132.82
76.686,101.66
98.285,121.81
110.96,136.7
75.493,101.65
99.307,124.94
113.657,139.99
90.665,119.23
105.518,135.28
110.224,138.47
130.827,162.15
79.231,108.49
145.103,175.02
113.808,146.39
114.679,147.33
136.954,157.78
121.639,190.21
127.472,146.27
125.522,187.63
143.34,165.65
127.416,148.96
122.902,144.27
120.802,141.76
112.196,134.2
136.508,155.91
117.651,135.32
113.047,130.38
121.511,141.94
119.218,141.55
123.881,146.33
106.002,130.47
148.162,171.41
117.258,183.68
155.788,179.19
119.53,143.21
138.025,158.88
113.176,138.52
119.691,146.05
118.036,142.8
115.308,134.39
113.499,137.18
118.297,135.45
131.867,158.0
125.82,157.78
129.241,186.19
115.221,137.12
110.105,136.04
134.885,158.61
133.174,155.69
118.984,152.47
74.47,104.41
124.442,160.24
133.177,164.93
114.522,141.96
125.66,155.1
129.47,161.76
93.963,127.54
142.168,170.15
155.241,186.56
106.597,137.57
136.795,169.91
100.038,130.07
114.84,153.17
86.694,119.5
96.629,135.86
142.783,178.57
120.557,151.14
118.82,146.75
115.939,145.83
107.272,155.46
112.887,151.8
140.834,193.36
141.845,174.0
135.418,180.26
125.136,167.14
105.707,157.07
94.656,138.3
1244.268,1289.96
130.051,162.15
117.476,168.13
91.425,138.39
145.871,196.92
104.183,156.7
123.076,179.91
113.011,154.03
123.312,166.49
117.773,168.27
138.774,186.02
124.951,169.73
114.065,163.34
90.31,127.75
124.87,175.52
128.506,170.24
103.046,158.55
138.227,188.1
74.002,105.19
143.984,181.6
121.185,169.13
129.61,172.01
125.17,179.43
129.557,158.81
109.977,162.77
104.528,154.78
107.72,157.11
133.924,167.13
130.362,186.71
81.497,130.55
98.668,150.38
95.634,117.9
114.093,139.05
93.517,115.31
113.988,137.29
112.645,132.11
81.703,103.56
79.069,101.18
105.167,128.09
101.604,134.99
74.728,94.58
70.843,89.66
71.889,87.94
134.92,151.22
153.646,178.23
154.096,173.4
117.516,147.91
83.8,104.5
101.505,124.61
109.532,135.03
100.698,126.35
118.562,141.2
115.688,147.56
97.263,121.23
101.98,133.06
103.489,139.15
96.152,119.33
94.326,119.74
112.884,133.44
118.638,148.63
82.336,108.3
96.937,135.76
103.116,126.27
93.921,119.33
123.527,147.51
103.719,139.83
123.015,152.05
112.995,137.49
95.892,121.61
104.494,131.58
76.296,100.02
112.946,138.48
79.734,104.69
115.171,137.51
94.65,136.46
94.07,117.74
118.484,138.16
116.904,136.81
99.664,125.4
110.447,131.05
115.615,134.78
100.081,128.1
94.587,126.7
111.384,136.21
108.624,141.0
96.924,123.37
114.231,133.92
112.953,140.15
86.789,108.01
106.902,136.47
93.56,120.3
103.176,138.88
119.332,139.56
92.052,116.53
101.337,136.85
113.551,139.9
98.686,121.52
103.511,130.51
84.022,107.63
125.988,152.67
85.29,107.29
134.775,197.4
115.205,133.82
111.915,129.08
115.411,133.26
113.408,130.67
96.801,116.08
118.766,141.26
116.529,134.91
104.835,121.97
88.658,106.52
77.999,99.66
72.713,91.35
97.295,114.61
151.629,177.82
147.145,174.23
126.749,147.48
171.239,190.87
130.951,149.88
146.535,167.7
120.286,150.65
118.422,140.99
116.847,137.66
73.454,94.47
145.854,163.48
114.375,138.12
112.923,129.81
136.318,157.02
119.4,140.15
143.069,164.92
130.137,155.51
107.052,141.08
130.874,149.54
117.08,148.91
113.361,138.88
135.86,157.95
75.668,92.5
130.207,147.47
119.224,142.93
173.65,202.51
137.527,160.56
106.07,123.81
115.872,136.29
114.277,134.22
134.52,156.1
98.15,118.86
109.732,136.34
132.83,156.09
109.611,135.04
144.883,172.62
125.427,153.75
113.568,137.23
115.82,148.01
132.192,181.64
114.254,175.92
139.149,159.74
94.07,120.92
92.352,114.39
136.944,163.34
135.86,167.18
116.726,147.24
101.43,131.32
123.676,148.12
129.092,159.93
108.523,164.52
140.627,167.2
95.951,118.74
97.338,121.56
100.197,123.83
80.672,101.93
105.536,132.01
82.618,108.84
95.404,122.6
99.723,140.78
103.308,137.16
89.336,126.4
96.797,123.75
94.851,123.22
95.068,120.93
95.463,127.96
128.599,155.07
103.59,129.98
124.564,157.53
144.639,173.34
87.078,111.99
115.796,170.02
144.321,195.37
134.196,189.21
146.605,202.68
133.622,180.9
146.408,195.57
92.706,142.79
126.687,147.47
119.87,169.4
130.729,166.37
101.348,124.39
117.031,139.86
73.343,91.46
85.215,115.26
95.843,121.3
91.4,116.02
98.086,124.8
113.494,131.64
102.318,138.71
114.35,136.22
94.845,129.01
97.67,125.9
98.781,123.82
101.878,130.82
108.553,131.75
92.921,121.88
118.862,140.22
118.702,142.42
138.067,164.75
88.11,116.65
137.946,165.12
117.781,143.95
87.163,109.31
122.151,146.58
126.214,153.7
133.227,186.02
134.506,184.66
88.163,103.89
91.409,111.44
80.358,106.96
95.814,120.81
113.423,131.53
104.357,127.01
108.817,125.12
74.507,88.34
99.034,120.11
126.332,147.65
116.659,158.85
127.434,144.13
138.875,165.39
89.501,142.57
90.808,140.94
155.579,176.83
127.758,176.26
134.7,176.41
125.689,146.3
141.484,162.7
68.716,105.48
143.46,158.1
152.546,166.66
120.642,131.33
114.131,125.08
116.626,129.03
114.95,126.99
112.713,123.59
97.695,108.61
107.67,122.3
89.14,101.56
100.675,114.57
145.815,162.42
88.729,114.32
88.859,107.91
115.827,129.21
105.91,130.56
105.931,129.05
132.288,147.11
129.308,149.4
92.54,108.3
103.381,124.18
159.488,186.06
104.429,119.39
78.459,93.79
120.423,145.23
122.029,154.14
138.89,155.13
112.647,132.65
113.79,130.13
117.602,141.74
116.466,131.01
116.29,130.59
100.005,113.17
116.152,131.16
108.655,124.2
109.99,127.28
117.418,132.35
118.451,134.11
90.389,103.42
113.376,129.17
71.715,91.17
125.246,140.77
115.071,143.83
85.134,113.83
115.795,130.01
96.873,121.79
100.11,119.21
111.794,127.16
129.854,148.12
116.132,134.25
108.435,122.33
108.716,125.83
116.99,131.67
107.267,120.41
113.161,134.34
128.634,152.39
91.113,159.12
126.418,151.99
157.136,226.97
132.313,155.44
137.344,165.65
87.099,113.42
142.236,168.62
115.253,139.96
127.009,149.61
101.055,131.04
127.311,156.36
126.27,153.7
135.137,159.63
127.446,153.95
126.847,149.86
121.897,144.94
109.403,141.36
107.815,134.73
82.928,105.52
137.324,165.06
75.3,96.91
94.403,124.47
112.664,139.51
109.99,133.67
82.174,107.3
77.217,106.83
99.883,138.88
110.527,136.68
111.119,133.28
103.849,125.21
112.041,134.78
117.996,144.56
130.265,161.99
113.202,137.27
98.461,122.18
118.251,142.27
130.013,155.53
99.003,123.64
109.649,133.12
118.991,143.83
111.803,135.69
142.806,171.56
128.056,160.27
123.355,152.5
136.979,163.24
104.324,130.58
123.883,156.0
148.265,174.26
156.095,178.97
137.112,168.0
143.8,164.25
115.339,144.77
115.245,142.75
124.476,147.99
100.862,128.67
94.513,123.59
113.164,137.82
103.014,134.95
128.078,162.98
118.388,149.37
131.212,160.76
125.624,168.93
133.984,159.91
140.335,169.59
114.745,141.14
133.613,160.92
122.899,154.53
97.896,142.22
99.355,126.31
102.006,129.44
101.518,138.31
96.938,124.81
103.343,135.89
95.272,128.51
99.65,129.73
106.439,142.19
94.611,122.76
101.974,129.93
128.113,157.04
136.598,166.15
147.345,176.6
114.731,141.71
142.978,171.3
107.56,132.78
155.752,185.43
114.654,140.34
121.894,144.92
96.916,128.34
115.189,143.57
101.256,136.43
92.169,123.54
96.134,128.85
120.932,153.42
133.738,158.29
128.815,173.25
167.235,211.04
137.583,162.31
126.278,184.96
117.865,141.07
116.718,173.46
135.924,193.59
133.678,191.68
126.563,147.25
119.177,141.15
131.351,150.96
128.941,150.03
133.865,153.41
130.347,165.0
136.814,161.25
105.916,129.4
125.488,147.74
120.1,142.67
153.004,175.17
141.582,166.68
124.799,149.03
139.13,161.04
140.002,162.18
130.436,149.13
112.1,132.3
120.868,144.11
119.163,142.76
143.537,170.94
120.169,146.23
99.08,124.59
110.336,133.07
94.228,129.51
114.329,133.9
113.481,136.01
136.05,158.03
132.938,156.98
124.834,148.85
140.931,164.01
135.874,161.62
116.728,144.74
137.75,166.11
110.51,130.88
108.875,134.61
117.047,142.14
128.02,151.42
151.149,177.69
79.38,105.75
124.831,154.78
120.464,144.22
135.716,160.98
129.366,149.82
97.726,125.38
103.485,136.71
102.592,133.74
97.827,131.2
122.644,148.22
143.192,173.56
67.582,92.07
136.452,164.03
71.802,97.53
142.379,165.0
76.378,100.38
73.752,93.88
140.777,167.13
149.337,179.37
123.508,148.47
103.957,131.35
125.116,150.65
114.649,143.29
142.901,173.75
146.973,218.74
171.415,230.29
126.777,154.14
124.152,147.29
102.663,129.16
143.226,164.88
162.245,188.07
142.213,164.4
136.569,163.61
161.87,185.6
128.743,155.97
142.71,169.1
129.212,152.52
110.284,158.71
124.199,140.6
133.748,150.31
142.076,164.96
119.885,137.23
140.497,156.7
150.743,173.92
118.825,136.57
119.724,140.41
116.236,141.31
149.31,168.8
134.11,155.43
133.791,150.26
126.492,153.23
128.904,146.63
119.849,135.39
142.363,159.28
110.695,135.23
147.393,166.81
158.272,179.02
154.876,171.89
136.353,151.67
157.453,184.18
130.411,146.62
164.067,181.09
117.565,146.69
122.907,138.22
111.757,127.73
139.981,162.1
155.956,170.35
115.572,133.59
115.197,172.7
110.97,135.12
142.396,162.6
113.594,135.81
116.574,137.94
117.859,140.66
110.704,130.36
137.183,156.76
113.946,132.27
134.463,153.69
112.401,139.11
134.38,154.28
121.606,148.72
124.411,156.41
110.99,131.76
141.012,164.78
136.907,163.28
89.472,144.81
81.099,100.11
105.091,121.06
119.45,134.7
133.671,164.29
138.636,187.27
107.416,124.29
74.638,91.2
131.092,157.49
138.842,155.6
135.68,157.61
150.003,170.47
137.897,160.45
120.095,147.72
115.224,125.94
74.618,84.43
73.19,84.97
148.839,166.38
146.312,165.34
137.034,150.57
97.877,109.71
120.08,131.82
102.962,113.43
118.736,133.97
109.393,122.8
74.094,87.85
142.91,156.91
109.379,123.75
148.919,208.79
114.652,141.12
112.736,134.74
114.815,135.73
101.086,129.57
136.73,159.03
147.459,172.97
89.806,111.64
123.456,145.06
124.558,145.63
149.12,175.55
134.326,159.61
157.295,180.2
114.384,137.19
119.673,139.85
113.122,138.02
101.74,129.22
119.961,148.27
136.202,166.72
79.384,105.02
94.025,118.73
104.039,133.12
105.957,134.1
149.373,172.98
115.416,142.01
97.711,121.72
103.108,128.45
115.583,137.98
111.747,132.95
102.05,124.0
116.742,140.26
116.486,138.32
126.959,152.93
128.31,154.35
116.666,137.3
141.762,169.88
122.754,139.25
113.805,171.6
68.7,110.98
162.948,191.76
136.515,177.35
147.925,199.24
121.132,173.84
115.823,167.47
89.649,146.63
174.413,196.3
75.366,92.79
115.399,135.16
133.436,163.57
117.853,141.21
110.543,135.42
101.754,127.68
117.096,139.44
110.505,131.29
124.335,144.78
75.116,104.18
112.227,133.2
124.554,150.47
116.394,149.36
98.165,122.6
87.955,113.77
110.359,140.39
91.928,114.38
89.879,122.0
92.907,123.7
80.661,112.31
128.623,155.14
112.725,136.48
107.518,139.06
122.395,179.87
123.927,141.39
67.482,88.02
92.767,136.83
139.414,163.64
147.579,184.0
119.871,147.16
128.082,160.62
152.152,170.24
131.466,149.18
124.765,140.8
120.506,142.89
127.438,149.75
76.069,131.81
147.571,171.0
92.813,115.44
85.077,107.08
99.575,124.8
95.812,126.05
139.158,166.35
75.704,105.29
130.474,159.32
146.639,174.02
124.329,149.73
132.68,155.15
118.322,142.2
97.668,124.28
132.051,158.09
120.41,143.49
123.365,156.94
129.34,156.26
128.019,164.65
135.473,167.51
161.991,186.62
113.591,139.12
118.644,138.95
114.516,136.92
114.7,144.71
122.671,150.37
135.173,160.45
73.661,101.34
116.369,152.4
124.702,149.06
115.446,164.46
102.241,131.68
118.562,145.66
117.597,144.87
104.683,139.7
100.54,132.75
97.244,127.74
96.535,129.15
92.212,129.25
72.229,98.91
74.074,99.76
70.075,95.95
70.579,96.26
74.146,100.84
76.109,99.93
107.675,144.68
116.84,147.2
128.685,158.65
153.256,182.29
113.32,139.83
163.672,206.89
117.927,151.81
137.849,171.75
135.892,174.3
137.055,169.06
115.137,146.12
111.728,145.78
106.779,147.14
94.257,131.4
142.036,167.92
116.221,144.89
112.294,140.1
112.066,143.06
115.913,145.39
118.096,152.49
99.031,127.44
94.024,124.85
118.247,145.36
103.388,134.19
106.492,142.07
110.93,148.61
78.406,112.96
102.606,137.02
122.14,154.04
101.614,137.75
74.538,105.87
132.609,171.13
121.253,148.55
91.596,123.07
103.039,134.18
115.459,146.24
115.965,141.81
117.677,148.71
87.553,118.4
91.343,125.49
112.139,144.61
122.346,157.75
113.054,137.44
111.327,135.64
109.831,137.43
135.749,163.26
156.804,198.09
127.283,151.74
124.927,156.66
127.721,153.58
127.036,162.05
118.039,179.87
154.463,219.43
121.077,141.38
136.022,158.85
100.319,165.32
144.697,209.19
150.887,213.98
113.665,150.85
119.124,147.45
123.935,145.96
113.525,136.68
125.052,147.53
142.02,165.86
131.803,164.75
134.927,161.46
114.89,135.66
119.572,140.4
118.129,142.63
125.066,145.73
137.411,162.16
82.298,110.35
97.476,127.71
131.968,162.66
118.632,138.34
122.301,148.74
116.244,139.83
108.234,132.63
105.689,131.91
126.356,147.96
108.607,138.97
95.902,121.27
103.232,132.4
123.398,144.5
86.816,117.91
99.766,126.36
99.824,127.73
107.891,137.45
127.265,154.11
78.977,108.75
149.39,175.01
135.672,158.3
111.884,135.94
116.62,142.21
120.303,141.12
118.913,139.27
128.058,154.68
111.728,140.18
88.64,110.01
114.298,141.07
80.346,105.87
112.497,132.13
116.557,141.4
133.61,163.52
80.332,104.22
109.077,138.86
79.987,106.97
111.352,144.78
133.479,156.76
131.153,156.38
107.874,136.02
156.02,182.43
108.83,144.77
142.77,172.89
111.82,136.58
131.412,153.4
103.203,124.87
123.896,148.19
100.6,126.94
103.739,137.01
93.039,120.06
116.169,134.76
116.026,149.36
90.297,123.06
116.17,140.2
109.934,137.84
128.288,195.33
126.806,141.15
139.958,155.44
122.595,138.31
117.748,142.54
96.291,116.41
125.689,148.22
120.384,142.38
111.408,133.61
105.975,129.99
99.296,118.71
103.742,129.81
88.104,105.21
123.295,137.5
74.823,90.18
100.275,118.72
130.034,145.68
117.32,138.69
142.824,165.74
125.525,164.47
142.434,170.57
130.459,147.46
93.346,112.93
77.06,101.69
114.734,134.41
156.355,177.19
118.606,154.81
123.417,171.76
113.225,137.41
92.403,122.46
116.032,145.22
125.814,154.04
117.958,140.41
101.512,123.85
111.215,133.15
113.778,141.38
115.978,137.93
100.208,128.31
88.288,115.02
103.847,137.24
117.389,142.76
112.875,139.81
116.097,143.93
114.63,140.1
111.085,145.24
109.78,148.54
118.144,156.44
127.7,163.09
119.835,148.98
115.459,151.32
129.334,159.7
144.663,181.53
121.294,162.47
136.678,201.72
155.928,183.59
138.297,155.65
155.11,183.58
118.185,160.17
110.077,139.14
119.237,144.37
121.521,182.54
144.824,216.19
116.139,185.61
92.997,115.06
127.539,151.02
100.273,128.84
120.856,144.94
113.264,127.12
88.906,106.37
116.226,132.33
91.517,108.68
73.713,102.45
122.221,139.38
104.188,122.05
76.155,105.29
98.836,134.5
95.364,118.25
105.919,128.56
124.257,146.88
124.194,149.31
125.583,166.15
136.06,152.56
128.326,142.78
116.903,132.1
126.295,150.53
145.226,163.7
131.716,186.88
136.787,193.1
113.802,129.61
141.062,156.64
96.209,123.75
99.742,140.3
124.746,144.36
114.083,130.93
117.621,134.12
109.802,134.86
99.2,118.46
113.962,133.27
122.473,140.2
100.996,120.97
110.608,138.07
135.053,152.13
136.537,158.14
141.127,209.93
146.781,191.67
108.287,139.57
116.169,131.66
137.236,153.86
121.754,140.14
132.169,149.93
87.09,141.97
144.157,164.35
102.386,156.02
130.502,155.47
109.768,131.56
114.564,136.58
111.039,128.76
118.846,141.98
119.92,139.18
114.329,135.62
101.728,133.2
113.219,134.84
118.12,158.7
113.425,137.08
1238.745,1292.64
74.911,108.68
140.803,157.09
148.041,162.2
129.519,167.87
130.74,164.37
147.428,190.79
127.338,158.04
117.432,157.52
143.556,190.5
124.31,142.49
124.4,137.97
137.699,151.25
126.801,137.81
90.908,105.6
96.673,117.35
150.983,164.93
118.477,133.16
98.334,116.95
105.538,122.5
100.006,119.48
141.759,154.72
114.095,128.31
108.256,120.94
147.146,163.37
130.513,143.62
128.848,146.22
88.086,105.6
111.549,132.57
166.994,191.33
126.22,142.9
130.857,155.94
136.001,200.91
125.144,162.8
127.922,143.55
111.693,129.08
111.57,141.41
169.57,186.95
93.988,132.52
149.491,163.55
123.157,137.47
118.457,133.17
113.98,126.43
112.053,124.81
92.356,104.09
107.343,121.8
85.379,101.4
130.966,142.78
124.897,153.67
107.894,127.79
130.786,181.84
112.91,127.26
136.305,150.98
118.621,162.24
115.706,151.16
145.066,181.69
92.723,120.11
79.524,114.54
112.552,129.6
166.475,186.18
125.329,141.55
113.823,129.75
139.552,160.52
102.607,151.18
108.947,119.91
76.102,90.83
74.544,85.32
86.669,100.18
86.512,100.02
140.461,157.11
142.127,157.51
148.337,163.87
112.118,128.78
120.269,139.48
113.848,180.54
150.847,218.79
141.704,228.25
108.906,135.57
103.688,124.34
119.96,145.47
118.451,139.82
114.912,136.67
113.985,137.94
137.111,165.08
88.09,117.39
108.865,141.88
81.557,109.69
113.129,142.67
127.76,182.57
102.179,133.33
85.164,114.52
140.404,170.39
111.919,135.9
67.021,93.84
128.211,158.86
131.812,166.28
107.769,140.08
143.083,173.72
75.763,105.3
91.945,124.87
115.282,151.5
118.625,151.54
115.106,144.27
117.439,144.66
113.462,141.73
115.388,141.43
93.548,127.85
109.823,141.17
73.379,104.86
130.505,155.4
81.695,110.73
76.232,100.52
110.878,137.24
67.524,98.91
71.811,101.76
119.056,145.65
68.354,93.01
69.025,99.15
70.37,94.57
70.397,94.1
75.129,99.46
117.017,143.04
110.609,137.93
105.353,136.1
98.445,130.59
90.104,124.76
115.403,146.59
115.815,151.5
120.915,153.45
138.978,169.05
129.833,155.37
161.051,194.94
129.199,159.7
119.398,163.16
114.041,134.23
115.259,136.6
143.835,161.58
139.718,157.86
126.314,143.75
113.636,132.96
150.173,176.23
134.939,154.46
138.614,166.82
109.108,125.78
111.92,141.37
136.707,160.92
156.499,172.46
115.665,129.82
125.9,144.89
152.267,175.18
134.296,160.36
164.843,227.08
128.976,149.5
139.756,157.97
134.877,182.19
130.079,191.58
111.365,188.59
118.711,150.99
121.952,151.79
101.575,127.25
122.709,148.9
116.661,139.13
117.329,141.06
118.493,139.14
98.501,125.25
105.655,139.99
164.945,210.41
146.117,171.05
118.583,152.42
119.102,150.29
130.574,170.04
118.21,144.6
149.32,175.5
126.115,161.83
135.411,180.87
76.277,123.09
167.671,188.07
98.944,118.32
123.426,147.43
99.863,121.98
137.474,158.1
113.303,136.2
126.849,148.84
115.208,145.8
93.923,124.31
117.047,141.45
95.874,125.94
86.682,117.52
100.365,129.83
94.217,126.12
102.588,139.02
133.861,158.63
146.0,209.93
115.895,177.26
125.793,148.93
115.607,139.03
111.004,173.37
125.277,183.13
120.946,140.1
123.105,143.98
118.119,149.86
123.573,144.75
148.055,186.48
130.344,169.99
125.876,178.09
119.366,166.15
128.05,171.19
119.024,134.32
115.546,128.69
129.332,142.26
134.636,147.73
105.319,125.34
116.241,135.37
116.48,135.01
119.333,137.18
137.044,153.59
94.761,117.08
130.998,154.23
101.762,128.17
94.817,120.54
105.559,128.56
158.596,182.22
107.445,127.29
124.467,193.96
91.452,131.78
100.736,139.8
122.954,156.9
95.501,123.42
154.367,229.09
1424.814,1484.74
155.616,195.82
135.068,157.73
117.287,126.86
142.115,152.1
147.613,157.99
85.179,126.48
126.186,161.01
114.549,137.76
79.822,95.98
118.194,138.35
126.189,141.5
96.371,123.41
87.223,102.27
114.309,125.47
106.893,125.77
123.093,138.9
129.49,141.79
82.711,107.63
101.735,131.63
147.57,163.89
85.704,105.0
118.838,131.53
140.287,154.36
127.448,144.26
147.355,164.2
123.487,183.79
109.394,176.99
145.158,174.85
115.774,141.95
102.759,121.59
146.811,168.69
137.601,158.9
116.407,145.19
129.441,153.44
125.542,148.07
119.234,135.26
119.919,135.97
114.156,135.48
118.633,140.88
117.863,134.88
121.51,141.35
136.864,167.05
151.147,175.15
123.014,140.16
120.3,138.32
108.373,127.56
135.475,156.29
88.998,115.6
99.711,123.26
137.064,164.05
111.907,134.03
92.792,111.83
112.297,134.54
131.052,154.94
102.721,121.33
115.338,138.2
115.171,135.49
106.914,124.86
90.453,108.86
123.042,147.26
104.024,130.73
108.202,134.39
103.395,123.17
120.101,143.15
120.587,137.87
119.632,139.26
108.728,133.08
99.239,137.41
108.247,132.4
109.957,138.39
100.766,125.28
129.841,156.01
119.056,143.58
115.198,135.41
112.749,134.43
106.217,131.34
124.025,149.66
106.154,139.89
105.777,141.66
118.657,138.81
90.774,121.71
106.767,131.75
124.749,156.05
99.165,122.61
81.553,107.89
103.733,137.8
103.866,129.97
117.338,143.29
127.771,153.49
120.692,151.58
113.741,155.02
135.596,163.02
152.791,179.13
129.863,167.2
104.638,118.28
110.976,126.72
116.473,130.2
116.7,128.4
119.214,130.81
114.292,128.73
109.541,123.44
103.944,129.26
108.893,122.4
137.254,151.7
125.382,138.91
107.884,125.87
102.935,120.57
133.812,158.83
115.622,128.62
100.108,118.33
155.492,178.55
121.098,136.72
116.927,131.6
115.034,131.74
139.859,163.08
143.209,157.72
166.263,186.91
91.97,109.16
140.096,159.74
144.18,168.49
131.768,163.48
125.793,138.44
120.56,176.71
121.084,134.95
138.35,186.79
136.236,182.37
90.92,136.54
103.526,126.4
141.923,158.12
123.741,156.16
121.892,131.46
122.833,133.94
115.773,132.7
99.479,113.23
119.642,130.27
162.763,174.51
117.375,131.44
134.349,150.2
105.379,119.8
149.777,161.81
128.045,143.54
108.476,170.08
105.777,132.39
117.618,145.87
76.215,103.41
154.208,176.82
113.17,141.03
118.656,146.09
130.417,157.77
127.785,150.88
99.151,133.79
103.37,134.86
99.681,130.58
117.646,140.09
135.074,160.48
96.044,126.28
101.658,132.23
96.122,123.09
84.553,113.39
126.852,168.25
115.357,144.57
122.65,146.15
112.703,143.47
121.42,150.82
146.234,179.99
117.491,153.1
112.736,144.04
118.844,148.73
108.289,133.02
121.596,160.75
98.187,129.5
103.533,134.42
140.442,178.23
103.83,132.31
124.73,152.29
125.938,167.61
145.386,177.57
121.777,150.04
129.393,154.87
115.802,145.52
100.861,128.78
140.564,165.47
140.269,169.78
118.336,144.54
110.982,136.11
122.573,155.21
118.892,129.94
120.004,132.42
133.665,146.08
156.905,179.35
142.504,155.58
160.373,172.19
148.171,165.9
153.72,170.64
102.754,116.95
169.62,191.84
154.543,186.83
121.076,169.26
142.522,168.34
159.851,192.0
92.031,139.51
148.212,165.21
127.831,147.63
121.37,141.89
133.349,153.81
87.751,109.82
119.267,141.31
127.237,169.31
123.068,157.39
72.338,99.34
119.151,144.07
134.924,166.64
114.208,139.2
164.17,193.58
104.422,137.47
139.897,172.19
120.537,148.14
135.423,164.04
105.482,143.03
122.368,162.32
112.002,153.2
132.618,176.21
124.867,165.05
