Timestamps,channel_1,channel_2,channel_3,channel_4,channel_5,channel_6,channel_7,channel_8,ACC_X,ACC_Y,ACC_Z,GYR_X,GYR_Y,GYR_Z
10_41_05_676,0.0,0.0,0.0,0.0,0.0,0.0,0.0,0.0,0.0,0.0,0.0,0.0,0.0,0.0
10_41_05_676,0.0,0.0,0.0,0.0,0.0,0.0,0.0,0.0,0.0,0.0,0.0,0.0,0.0,0.0
10_41_05_676,0.0,0.0,0.0,0.0,0.0,0.0,0.0,0.0,0.0,0.0,0.0,0.0,0.0,0.0
10_41_05_676,0.0,0.0,0.0,0.0,0.0,0.0,0.0,0.0,0.0,0.0,0.0,0.0,0.0,0.0
10_41_05_676,0.0,0.0,0.0,0.0,0.0,0.0,0.0,0.0,0.0,0.0,0.0,0.0,0.0,0.0
10_41_05_676,0.0,0.0,0.0,0.0,0.0,0.0,0.0,0.0,0.0,0.0,0.0,0.0,0.0,0.0
10_41_05_676,0.0,0.0,0.0,0.0,0.0,0.0,0.0,0.0,0.0,0.0,0.0,0.0,0.0,0.0
10_41_05_676,0.0,0.0,0.0,0.0,0.0,0.0,0.0,0.0,0.0,0.0,0.0,0.0,0.0,0.0
10_41_05_676,0.0,0.0,0.0,0.0,0.0,0.0,0.0,0.0,0.0,0.0,0.0,0.0,0.0,0.0
10_41_05_676,0.0,0.0,0.0,0.0,0.0,0.0,0.0,0.0,0.0,0.0,0.0,0.0,0.0,0.0
10_41_07_972,-6.0,-2.0,-3.0,-6.0,-2.0,9.0,-4.0,-12.0,0.0,0.0,0.0,0.0,0.0,0.0
10_41_07_972,2.0,0.0,-4.0,1.0,-1.0,-3.0,2.0,10.0,0.0,0.0,0.0,0.0,0.0,0.0
10_41_07_972,0.0,0.0,0.0,0.0,0.0,0.0,0.0,0.0,0.0,0.0,0.0,0.0,0.0,0.0
10_41_07_972,0.0,0.0,0.0,0.0,0.0,0.0,0.0,0.0,0.0,0.0,0.0,0.0,0.0,0.0
10_41_07_972,0.0,0.0,0.0,0.0,0.0,0.0,0.0,0.0,0.0,0.0,0.0,0.0,0.0,0.0
10_41_07_972,0.0,0.0,0.0,0.0,0.0,0.0,0.0,0.0,0.0,0.0,0.0,0.0,0.0,0.0
10_41_07_972,0.0,0.0,0.0,0.0,0.0,0.0,0.0,0.0,0.0,0.0,0.0,0.0,0.0,0.0
10_41_07_972,0.0,0.0,0.0,0.0,0.0,0.0,0.0,0.0,0.0,0.0,0.0,0.0,0.0,0.0
10_41_07_972,0.0,0.0,0.0,0.0,0.0,0.0,0.0,0.0,0.0,0.0,0.0,0.0,0.0,0.0
10_41_07_972,0.0,0.0,0.0,0.0,0.0,0.0,0.0,0.0,0.0,0.0,0.0,0.0,0.0,0.0
10_41_08_010,1.0,-2.0,-3.0,-2.0,-4.0,0.0,-1.0,1.0,0.94970703125,0.16455078125,0.15380859375,-1.7682926829268295,-2.073170731707317,-1.2195121951219514
10_41_08_010,-1.0,-1.0,3.0,0.0,-1.0,0.0,1.0,-2.0,0.94970703125,0.201171875,0.17578125,-0.9146341463414634,-0.853658536585366,-1.3414634146341464
10_41_08_010,2.0,6.0,0.0,-1.0,4.0,1.0,0.0,-1.0,0.96337890625,0.193359375,0.1845703125,5.365853658536586,-0.9756097560975611,-1.3414634146341464
10_41_08_010,-2.0,0.0,-1.0,-4.0,-1.0,4.0,1.0,-6.0,0.0,0.0,0.0,0.0,0.0,0.0
10_41_08_010,-8.0,-3.0,-2.0,1.0,1.0,-3.0,0.0,-5.0,0.0,0.0,0.0,0.0,0.0,0.0
10_41_08_010,0.0,0.0,-2.0,-1.0,1.0,1.0,2.0,4.0,0.0,0.0,0.0,0.0,0.0,0.0
10_41_08_010,-1.0,1.0,0.0,3.0,0.0,1.0,-8.0,5.0,0.0,0.0,0.0,0.0,0.0,0.0
10_41_08_010,-1.0,-1.0,-1.0,2.0,-2.0,-2.0,-3.0,-3.0,0.0,0.0,0.0,0.0,0.0,0.0
10_41_08_010,-6.0,1.0,0.0,-3.0,-3.0,-2.0,-2.0,-4.0,0.0,0.0,0.0,0.0,0.0,0.0
10_41_08_051,1.0,-1.0,-1.0,-9.0,-5.0,-51.0,-14.0,15.0,0.92041015625,0.1728515625,0.1748046875,2.8658536585365857,-3.780487804878049,-0.7317073170731708
10_41_08_051,-2.0,-4.0,5.0,-11.0,-5.0,-2.0,-12.0,-20.0,0.9365234375,0.17822265625,0.15966796875,0.12195121951219513,-1.707317073170732,-0.06097560975609757
10_41_08_051,6.0,3.0,0.0,11.0,7.0,-20.0,3.0,17.0,0.94970703125,0.16455078125,0.15380859375,-1.7682926829268295,-2.073170731707317,-1.2195121951219514
10_41_08_051,-1.0,-3.0,-1.0,-12.0,0.0,-4.0,9.0,-12.0,0.94970703125,0.16455078125,0.15380859375,-1.7682926829268295,-2.073170731707317,-1.2195121951219514
10_41_08_051,7.0,3.0,-3.0,3.0,7.0,5.0,-6.0,11.0,0.94970703125,0.201171875,0.17578125,-0.9146341463414634,-0.853658536585366,-1.3414634146341464
10_41_08_051,8.0,5.0,4.0,-2.0,0.0,10.0,10.0,-6.0,0.96337890625,0.193359375,0.1845703125,5.365853658536586,-0.9756097560975611,-1.3414634146341464
10_41_08_051,1.0,8.0,-5.0,1.0,3.0,-9.0,-7.0,4.0,0.0,0.0,0.0,0.0,0.0,0.0
10_41_08_051,0.0,0.0,2.0,3.0,3.0,4.0,5.0,2.0,0.0,0.0,0.0,0.0,0.0,0.0
10_41_08_106,-8.0,-4.0,5.0,-15.0,-4.0,12.0,28.0,-26.0,0.39013671875,-0.0380859375,-0.388671875,18.170731707317074,-5.853658536585367,-1.402439024390244
10_41_08_106,-1.0,-4.0,-7.0,-9.0,-5.0,-27.0,-20.0,10.0,1.09375,0.13525390625,0.63232421875,5.670731707317073,-6.52439024390244,1.3414634146341464
10_41_08_106,-6.0,-7.0,2.0,-9.0,-4.0,6.0,21.0,-21.0,0.8857421875,0.14208984375,0.1953125,6.463414634146342,-7.25609756097561,-3.048780487804878
10_41_08_106,9.0,6.0,-2.0,4.0,2.0,-21.0,7.0,13.0,0.92041015625,0.1728515625,0.1748046875,2.8658536585365857,-3.780487804878049,-0.7317073170731708
10_41_08_106,-5.0,-2.0,-4.0,-4.0,0.0,14.0,11.0,-24.0,0.9365234375,0.17822265625,0.15966796875,0.12195121951219513,-1.707317073170732,-0.06097560975609757
10_41_08_106,4.0,3.0,-2.0,2.0,5.0,10.0,3.0,7.0,0.94970703125,0.16455078125,0.15380859375,-1.7682926829268295,-2.073170731707317,-1.2195121951219514
10_41_08_106,-1.0,-3.0,-1.0,-10.0,2.0,3.0,15.0,-16.0,0.94970703125,0.16455078125,0.15380859375,-1.7682926829268295,-2.073170731707317,-1.2195121951219514
10_41_08_106,-2.0,0.0,-4.0,-3.0,-1.0,-63.0,-17.0,6.0,0.94970703125,0.201171875,0.17578125,-0.9146341463414634,-0.853658536585366,-1.3414634146341464
10_41_08_106,-12.0,-7.0,5.0,-15.0,-2.0,26.0,-4.0,-29.0,0.96337890625,0.193359375,0.1845703125,5.365853658536586,-0.9756097560975611,-1.3414634146341464
10_41_08_163,4.0,5.0,-5.0,-3.0,3.0,18.0,-1.0,1.0,0.76416015625,0.0546875,-0.68505859375,12.01219512195122,-7.8048780487804885,-1.6463414634146343
10_41_08_163,-6.0,-5.0,4.0,-6.0,-3.0,5.0,14.0,-12.0,1.443359375,0.369140625,0.39794921875,5.548780487804878,-8.414634146341465,-0.6707317073170732
10_41_08_163,-7.0,4.0,-1.0,-2.0,0.0,9.0,10.0,-11.0,1.25634765625,0.36572265625,1.0634765625,7.01219512195122,-7.500000000000001,-1.524390243902439
10_41_08_163,-6.0,-7.0,-4.0,-2.0,1.0,23.0,34.0,-13.0,0.39013671875,-0.0380859375,-0.388671875,18.170731707317074,-5.853658536585367,-1.402439024390244
10_41_08_163,4.0,2.0,-3.0,5.0,2.0,14.0,7.0,7.0,1.09375,0.13525390625,0.63232421875,5.670731707317073,-6.52439024390244,1.3414634146341464
10_41_08_163,-17.0,-8.0,1.0,-12.0,-15.0,-37.0,-41.0,-28.0,0.8857421875,0.14208984375,0.1953125,6.463414634146342,-7.25609756097561,-3.048780487804878
10_41_08_163,5.0,1.0,-3.0,-23.0,-12.0,-48.0,-79.0,2.0,0.92041015625,0.1728515625,0.1748046875,2.8658536585365857,-3.780487804878049,-0.7317073170731708
10_41_08_163,-11.0,-5.0,3.0,-5.0,5.0,12.0,11.0,-27.0,0.9365234375,0.17822265625,0.15966796875,0.12195121951219513,-1.707317073170732,-0.06097560975609757
10_41_08_163,1.0,0.0,-6.0,0.0,-2.0,13.0,-20.0,-6.0,0.94970703125,0.16455078125,0.15380859375,-1.7682926829268295,-2.073170731707317,-1.2195121951219514
10_41_08_163,-4.0,-3.0,2.0,-1.0,-3.0,-17.0,-5.0,-12.0,0.94970703125,0.16455078125,0.15380859375,-1.7682926829268295,-2.073170731707317,-1.2195121951219514
10_41_08_209,1.0,-1.0,-4.0,-3.0,-5.0,-5.0,-13.0,0.0,1.048828125,0.2724609375,0.8740234375,13.902439024390246,-3.414634146341464,-0.853658536585366
10_41_08_209,-7.0,-6.0,0.0,-2.0,-7.0,8.0,32.0,-6.0,0.4189453125,-0.0390625,-0.32470703125,21.219512195121954,-5.731707317073171,-3.048780487804878
10_41_08_209,2.0,0.0,-2.0,-9.0,0.0,-19.0,-19.0,-8.0,0.76416015625,0.0546875,-0.68505859375,12.01219512195122,-7.8048780487804885,-1.6463414634146343
10_41_08_209,-6.0,-1.0,0.0,2.0,0.0,8.0,2.0,-12.0,1.443359375,0.369140625,0.39794921875,5.548780487804878,-8.414634146341465,-0.6707317073170732
10_41_08_209,4.0,0.0,-7.0,-3.0,-1.0,-9.0,-8.0,6.0,1.25634765625,0.36572265625,1.0634765625,7.01219512195122,-7.500000000000001,-1.524390243902439
10_41_08_209,-10.0,-11.0,3.0,-3.0,-7.0,12.0,12.0,-15.0,0.39013671875,-0.0380859375,-0.388671875,18.170731707317074,-5.853658536585367,-1.402439024390244
10_41_08_209,4.0,5.0,-5.0,-3.0,3.0,18.0,-1.0,1.0,1.09375,0.13525390625,0.63232421875,5.670731707317073,-6.52439024390244,1.3414634146341464
10_41_08_209,-6.0,-5.0,4.0,-6.0,-3.0,5.0,14.0,-12.0,0.8857421875,0.14208984375,0.1953125,6.463414634146342,-7.25609756097561,-3.048780487804878
10_41_08_209,-7.0,4.0,-1.0,-2.0,0.0,9.0,10.0,-11.0,0.92041015625,0.1728515625,0.1748046875,2.8658536585365857,-3.780487804878049,-0.7317073170731708
10_41_08_209,-6.0,-7.0,-4.0,-2.0,1.0,23.0,34.0,-13.0,0.9365234375,0.17822265625,0.15966796875,0.12195121951219513,-1.707317073170732,-0.06097560975609757
10_41_08_270,1.0,4.0,-2.0,0.0,-6.0,-1.0,-2.0,4.0,0.85498046875,0.1083984375,-0.65771484375,8.902439024390244,-4.329268292682928,-0.5487804878048781
10_41_08_270,-6.0,-3.0,1.0,11.0,1.0,2.0,3.0,-5.0,1.50146484375,0.4208984375,0.6064453125,7.01219512195122,-4.573170731707317,0.1829268292682927
10_41_08_270,-3.0,-3.0,-3.0,-11.0,-4.0,-28.0,-39.0,-5.0,1.048828125,0.2724609375,0.8740234375,13.902439024390246,-3.414634146341464,-0.853658536585366
10_41_08_270,-2.0,-5.0,3.0,0.0,3.0,4.0,30.0,-8.0,0.4189453125,-0.0390625,-0.32470703125,21.219512195121954,-5.731707317073171,-3.048780487804878
10_41_08_270,-2.0,-2.0,-1.0,-6.0,-4.0,-2.0,0.0,-4.0,0.76416015625,0.0546875,-0.68505859375,12.01219512195122,-7.8048780487804885,-1.6463414634146343
10_41_08_270,-3.0,-3.0,2.0,9.0,4.0,8.0,6.0,-7.0,1.443359375,0.369140625,0.39794921875,5.548780487804878,-8.414634146341465,-0.6707317073170732
10_41_08_270,1.0,-1.0,-4.0,-3.0,-5.0,-5.0,-13.0,0.0,1.25634765625,0.36572265625,1.0634765625,7.01219512195122,-7.500000000000001,-1.524390243902439
10_41_08_270,-7.0,-6.0,0.0,-2.0,-7.0,8.0,32.0,-6.0,0.39013671875,-0.0380859375,-0.388671875,18.170731707317074,-5.853658536585367,-1.402439024390244
10_41_08_270,2.0,0.0,-2.0,-9.0,0.0,-19.0,-19.0,-8.0,1.09375,0.13525390625,0.63232421875,5.670731707317073,-6.52439024390244,1.3414634146341464
10_41_08_270,-6.0,-1.0,0.0,2.0,0.0,8.0,2.0,-12.0,0.8857421875,0.14208984375,0.1953125,6.463414634146342,-7.25609756097561,-3.048780487804878
10_41_08_310,-2.0,-1.0,-5.0,-6.0,-2.0,1.0,-15.0,1.0,0.67236328125,0.02587890625,-0.74755859375,9.207317073170733,-5.487804878048781,-0.48780487804878053
10_41_08_310,1.0,4.0,-5.0,20.0,3.0,12.0,14.0,10.0,1.45068359375,0.384765625,0.453125,-1.9512195121951221,-3.780487804878049,1.1585365853658538
10_41_08_310,-1.0,-3.0,-1.0,-6.0,1.0,11.0,3.0,-2.0,1.1005859375,0.30029296875,0.9189453125,3.353658536585366,-1.829268292682927,-0.9146341463414634
10_41_08_310,-12.0,-5.0,-1.0,-1.0,-12.0,-46.0,-21.0,-25.0,0.40673828125,-0.02783203125,-0.36865234375,13.04878048780488,-2.8658536585365857,-1.7682926829268295
10_41_08_310,-5.0,-2.0,2.0,-15.0,1.0,-2.0,-33.0,-8.0,0.85498046875,0.1083984375,-0.65771484375,8.902439024390244,-4.329268292682928,-0.5487804878048781
10_41_08_310,4.0,2.0,-3.0,16.0,9.0,52.0,0.0,7.0,1.50146484375,0.4208984375,0.6064453125,7.01219512195122,-4.573170731707317,0.1829268292682927
10_41_08_310,1.0,-1.0,-5.0,-2.0,-6.0,-28.0,9.0,2.0,1.048828125,0.2724609375,0.8740234375,13.902439024390246,-3.414634146341464,-0.853658536585366
10_41_08_310,-10.0,-5.0,2.0,9.0,-3.0,11.0,20.0,3.0,0.4189453125,-0.0390625,-0.32470703125,21.219512195121954,-5.731707317073171,-3.048780487804878
10_41_08_310,-3.0,1.0,-1.0,-13.0,-3.0,-32.0,-32.0,-9.0,0.76416015625,0.0546875,-0.68505859375,12.01219512195122,-7.8048780487804885,-1.6463414634146343
10_41_08_310,-3.0,-4.0,-4.0,2.0,-7.0,20.0,32.0,-3.0,1.443359375,0.369140625,0.39794921875,5.548780487804878,-8.414634146341465,-0.6707317073170732
10_41_08_359,0.0,-2.0,1.0,-3.0,0.0,15.0,8.0,0.0,1.27685546875,0.30126953125,-0.02978515625,-1.2804878048780488,-2.1341463414634148,0.5487804878048781
10_41_08_359,9.0,6.0,1.0,11.0,3.0,-5.0,-84.0,23.0,1.34619140625,0.40625,1.0185546875,-0.5487804878048781,-1.2195121951219514,0.9756097560975611
10_41_08_359,-8.0,-4.0,2.0,3.0,-5.0,-27.0,44.0,-6.0,0.51611328125,0.0263671875,0.013671875,11.585365853658537,-3.536585365853659,-1.707317073170732
10_41_08_359,6.0,3.0,-7.0,8.0,6.0,36.0,-20.0,29.0,0.67236328125,0.02587890625,-0.74755859375,9.207317073170733,-5.487804878048781,-0.48780487804878053
10_41_08_359,-9.0,-1.0,-5.0,-6.0,1.0,20.0,25.0,-11.0,1.45068359375,0.384765625,0.453125,-1.9512195121951221,-3.780487804878049,1.1585365853658538
10_41_08_359,3.0,3.0,0.0,6.0,-2.0,-19.0,-12.0,10.0,1.1005859375,0.30029296875,0.9189453125,3.353658536585366,-1.829268292682927,-0.9146341463414634
10_41_08_359,4.0,1.0,-1.0,-2.0,1.0,16.0,-2.0,1.0,0.40673828125,-0.02783203125,-0.36865234375,13.04878048780488,-2.8658536585365857,-1.7682926829268295
10_41_08_359,-2.0,-1.0,4.0,17.0,2.0,-27.0,-11.0,11.0,0.85498046875,0.1083984375,-0.65771484375,8.902439024390244,-4.329268292682928,-0.5487804878048781
10_41_08_359,1.0,2.0,-5.0,-5.0,-3.0,-2.0,-7.0,-11.0,1.50146484375,0.4208984375,0.6064453125,7.01219512195122,-4.573170731707317,0.1829268292682927
10_41_08_359,1.0,2.0,-7.0,3.0,-3.0,-3.0,-8.0,17.0,1.048828125,0.2724609375,0.8740234375,13.902439024390246,-3.414634146341464,-0.853658536585366
10_41_08_420,6.0,6.0,5.0,7.0,4.0,16.0,51.0,5.0,0.77392578125,0.1455078125,0.5087890625,4.207317073170732,-1.0365853658536586,-0.9756097560975611
10_41_08_420,5.0,2.0,-5.0,10.0,0.0,-5.0,-13.0,5.0,0.4462890625,-0.04931640625,-0.763671875,7.378048780487806,-2.987804878048781,-0.6707317073170732
10_41_08_420,-7.0,-1.0,6.0,1.0,4.0,9.0,-1.0,-9.0,1.27685546875,0.30126953125,-0.02978515625,-1.2804878048780488,-2.1341463414634148,0.5487804878048781
10_41_08_420,0.0,2.0,-5.0,0.0,-1.0,-6.0,-7.0,9.0,1.34619140625,0.40625,1.0185546875,-0.5487804878048781,-1.2195121951219514,0.9756097560975611
10_41_08_420,1.0,-2.0,0.0,-12.0,-4.0,-1.0,6.0,-2.0,0.51611328125,0.0263671875,0.013671875,11.585365853658537,-3.536585365853659,-1.707317073170732
10_41_08_420,3.0,2.0,-6.0,7.0,1.0,-6.0,-10.0,15.0,0.67236328125,0.02587890625,-0.74755859375,9.207317073170733,-5.487804878048781,-0.48780487804878053
10_41_08_420,-1.0,-1.0,-2.0,1.0,-1.0,-2.0,5.0,-5.0,1.45068359375,0.384765625,0.453125,-1.9512195121951221,-3.780487804878049,1.1585365853658538
10_41_08_420,8.0,2.0,-5.0,12.0,2.0,11.0,-6.0,21.0,1.1005859375,0.30029296875,0.9189453125,3.353658536585366,-1.829268292682927,-0.9146341463414634
10_41_08_420,-3.0,-1.0,0.0,-8.0,1.0,5.0,12.0,-5.0,0.40673828125,-0.02783203125,-0.36865234375,13.04878048780488,-2.8658536585365857,-1.7682926829268295
10_41_08_420,9.0,3.0,-4.0,10.0,1.0,2.0,13.0,13.0,0.85498046875,0.1083984375,-0.65771484375,8.902439024390244,-4.329268292682928,-0.5487804878048781
10_41_08_482,-4.0,-3.0,4.0,-10.0,-3.0,4.0,8.0,-18.0,0.42431640625,-0.02001953125,-0.3115234375,3.1097560975609757,-0.853658536585366,-2.439024390243903
10_41_08_482,4.0,3.0,-3.0,0.0,0.0,-3.0,-5.0,9.0,0.89599609375,0.123046875,-0.6123046875,0.1829268292682927,-1.7682926829268295,0.7926829268292683
10_41_08_482,12.0,-13.0,5.0,-5.0,-1.0,5.0,10.0,-2.0,1.49609375,0.4287109375,0.791015625,-4.085365853658537,-0.1829268292682927,2.5
10_41_08_482,-2.0,4.0,-5.0,1.0,0.0,-18.0,-15.0,7.0,0.77392578125,0.1455078125,0.5087890625,4.207317073170732,-1.0365853658536586,-0.9756097560975611
10_41_08_482,-6.0,-6.0,4.0,-17.0,-8.0,0.0,-1.0,-21.0,0.4462890625,-0.04931640625,-0.763671875,7.378048780487806,-2.987804878048781,-0.6707317073170732
10_41_08_482,4.0,4.0,-2.0,4.0,0.0,1.0,2.0,9.0,1.27685546875,0.30126953125,-0.02978515625,-1.2804878048780488,-2.1341463414634148,0.5487804878048781
10_41_08_482,-6.0,-3.0,2.0,-5.0,-4.0,11.0,15.0,-16.0,1.34619140625,0.40625,1.0185546875,-0.5487804878048781,-1.2195121951219514,0.9756097560975611
10_41_08_482,4.0,1.0,-3.0,7.0,5.0,4.0,3.0,22.0,0.51611328125,0.0263671875,0.013671875,11.585365853658537,-3.536585365853659,-1.707317073170732
10_41_08_482,-8.0,-3.0,1.0,-11.0,-6.0,-17.0,-16.0,-49.0,0.67236328125,0.02587890625,-0.74755859375,9.207317073170733,-5.487804878048781,-0.48780487804878053
10_41_08_482,6.0,6.0,-1.0,10.0,9.0,1.0,22.0,29.0,1.45068359375,0.384765625,0.453125,-1.9512195121951221,-3.780487804878049,1.1585365853658538
10_41_08_533,-11.0,-6.0,4.0,1.0,-1.0,8.0,2.0,-17.0,0.49658203125,-0.0390625,-0.79296875,-3.5975609756097566,3.8414634146341466,-0.6097560975609757
10_41_08_533,5.0,2.0,-4.0,1.0,0.0,-2.0,-5.0,7.0,1.384765625,0.3623046875,0.1455078125,-11.646341463414634,5.548780487804878,1.707317073170732
10_41_08_533,-8.0,-8.0,1.0,-8.0,-2.0,3.0,9.0,-13.0,1.25390625,0.37353515625,0.96728515625,-7.926829268292684,4.024390243902439,-0.06097560975609757
10_41_08_533,9.0,11.0,2.0,-6.0,1.0,-4.0,-1.0,-1.0,0.42431640625,-0.02001953125,-0.3115234375,3.1097560975609757,-0.853658536585366,-2.439024390243903
10_41_08_533,-6.0,-1.0,2.0,-8.0,-1.0,7.0,10.0,-13.0,0.89599609375,0.123046875,-0.6123046875,0.1829268292682927,-1.7682926829268295,0.7926829268292683
10_41_08_533,-9.0,1.0,-1.0,0.0,4.0,-4.0,-6.0,5.0,1.49609375,0.4287109375,0.791015625,-4.085365853658537,-0.1829268292682927,2.5
10_41_08_533,-6.0,-4.0,3.0,3.0,-3.0,1.0,6.0,-14.0,0.77392578125,0.1455078125,0.5087890625,4.207317073170732,-1.0365853658536586,-0.9756097560975611
10_41_08_533,4.0,2.0,-1.0,4.0,1.0,-4.0,-6.0,5.0,0.4462890625,-0.04931640625,-0.763671875,7.378048780487806,-2.987804878048781,-0.6707317073170732
10_41_08_533,-7.0,-4.0,3.0,-12.0,-5.0,1.0,12.0,-17.0,1.27685546875,0.30126953125,-0.02978515625,-1.2804878048780488,-2.1341463414634148,0.5487804878048781
10_41_08_533,0.0,3.0,-7.0,-4.0,3.0,-3.0,-1.0,2.0,1.34619140625,0.40625,1.0185546875,-0.5487804878048781,-1.2195121951219514,0.9756097560975611
10_41_08_573,-7.0,-1.0,4.0,4.0,1.0,24.0,-21.0,-11.0,1.51513671875,0.43994140625,0.87158203125,-14.085365853658537,4.573170731707317,1.0365853658536586
10_41_08_573,2.0,1.0,-4.0,1.0,4.0,9.0,19.0,3.0,0.73388671875,0.1220703125,0.4609375,-6.341463414634147,3.7195121951219514,-0.9146341463414634
10_41_08_573,-7.0,-4.0,0.0,-8.0,-2.0,22.0,17.0,-10.0,0.49658203125,-0.0390625,-0.79296875,-3.5975609756097566,3.8414634146341466,-0.6097560975609757
10_41_08_573,-7.0,1.0,-2.0,-7.0,-5.0,-19.0,-4.0,-3.0,1.384765625,0.3623046875,0.1455078125,-11.646341463414634,5.548780487804878,1.707317073170732
10_41_08_573,-7.0,-4.0,-2.0,-2.0,0.0,21.0,12.0,-9.0,1.25390625,0.37353515625,0.96728515625,-7.926829268292684,4.024390243902439,-0.06097560975609757
10_41_08_573,-1.0,0.0,-2.0,-3.0,-4.0,-36.0,-36.0,1.0,0.42431640625,-0.02001953125,-0.3115234375,3.1097560975609757,-0.853658536585366,-2.439024390243903
10_41_08_573,-1.0,-4.0,1.0,4.0,-1.0,22.0,35.0,-18.0,0.89599609375,0.123046875,-0.6123046875,0.1829268292682927,-1.7682926829268295,0.7926829268292683
10_41_08_573,0.0,-1.0,0.0,-3.0,2.0,-6.0,-4.0,0.0,1.49609375,0.4287109375,0.791015625,-4.085365853658537,-0.1829268292682927,2.5
10_41_08_573,-6.0,-7.0,4.0,-9.0,-4.0,7.0,7.0,-17.0,0.77392578125,0.1455078125,0.5087890625,4.207317073170732,-1.0365853658536586,-0.9756097560975611
10_41_08_573,0.0,-2.0,0.0,-9.0,-1.0,-1.0,-2.0,-1.0,0.4462890625,-0.04931640625,-0.763671875,7.378048780487806,-2.987804878048781,-0.6707317073170732
10_41_08_620,7.0,5.0,-1.0,25.0,11.0,88.0,127.0,10.0,1.2783203125,0.34619140625,1.04345703125,-11.036585365853659,0.6097560975609757,-2.439024390243903
10_41_08_620,-5.0,-5.0,-5.0,-17.0,-5.0,-41.0,-13.0,-6.0,0.40478515625,-0.03076171875,-0.255859375,-2.6219512195121952,2.1341463414634148,-1.6463414634146343
10_41_08_620,1.0,-4.0,5.0,1.0,-1.0,-19.0,-23.0,-7.0,0.92138671875,0.1455078125,-0.5283203125,-6.951219512195123,5.670731707317073,0.426829268292683
10_41_08_620,3.0,2.0,-5.0,3.0,3.0,35.0,14.0,4.0,1.51513671875,0.43994140625,0.87158203125,-14.085365853658537,4.573170731707317,1.0365853658536586
10_41_08_620,-4.0,-1.0,0.0,12.0,1.0,-22.0,-12.0,-8.0,0.73388671875,0.1220703125,0.4609375,-6.341463414634147,3.7195121951219514,-0.9146341463414634
10_41_08_620,1.0,-3.0,-1.0,-8.0,-5.0,3.0,-6.0,9.0,0.49658203125,-0.0390625,-0.79296875,-3.5975609756097566,3.8414634146341466,-0.6097560975609757
10_41_08_620,-2.0,-5.0,-2.0,-3.0,1.0,47.0,23.0,-3.0,1.384765625,0.3623046875,0.1455078125,-11.646341463414634,5.548780487804878,1.707317073170732
10_41_08_620,1.0,3.0,0.0,-2.0,-1.0,-1.0,5.0,-5.0,1.25390625,0.37353515625,0.96728515625,-7.926829268292684,4.024390243902439,-0.06097560975609757
10_41_08_620,-3.0,-6.0,3.0,0.0,2.0,15.0,12.0,-7.0,0.42431640625,-0.02001953125,-0.3115234375,3.1097560975609757,-0.853658536585366,-2.439024390243903
10_41_08_620,-2.0,-3.0,-2.0,-5.0,-12.0,-29.0,-10.0,4.0,0.89599609375,0.123046875,-0.6123046875,0.1829268292682927,-1.7682926829268295,0.7926829268292683
10_41_08_686,-6.0,-2.0,-4.0,3.0,-3.0,16.0,12.0,-7.0,1.2783203125,0.34619140625,1.04345703125,-11.036585365853659,0.6097560975609757,-2.439024390243903
10_41_08_686,0.0,2.0,-1.0,-3.0,3.0,24.0,24.0,0.0,0.40478515625,-0.03076171875,-0.255859375,-2.6219512195121952,2.1341463414634148,-1.6463414634146343
10_41_08_686,-11.0,-11.0,-2.0,1.0,-21.0,-63.0,-45.0,-10.0,0.92138671875,0.1455078125,-0.5283203125,-6.951219512195123,5.670731707317073,0.426829268292683
10_41_08_686,-2.0,-2.0,-1.0,-13.0,-2.0,2.0,-123.0,7.0,1.51513671875,0.43994140625,0.87158203125,-14.085365853658537,4.573170731707317,1.0365853658536586
10_41_08_686,7.0,5.0,-1.0,25.0,11.0,88.0,127.0,10.0,0.73388671875,0.1220703125,0.4609375,-6.341463414634147,3.7195121951219514,-0.9146341463414634
10_41_08_686,-5.0,-5.0,-5.0,-17.0,-5.0,-41.0,-13.0,-6.0,0.49658203125,-0.0390625,-0.79296875,-3.5975609756097566,3.8414634146341466,-0.6097560975609757
10_41_08_686,1.0,-4.0,5.0,1.0,-1.0,-19.0,-23.0,-7.0,1.384765625,0.3623046875,0.1455078125,-11.646341463414634,5.548780487804878,1.707317073170732
10_41_08_686,3.0,2.0,-5.0,3.0,3.0,35.0,14.0,4.0,1.25390625,0.37353515625,0.96728515625,-7.926829268292684,4.024390243902439,-0.06097560975609757
10_41_08_686,-4.0,-1.0,0.0,12.0,1.0,-22.0,-12.0,-8.0,0.42431640625,-0.02001953125,-0.3115234375,3.1097560975609757,-0.853658536585366,-2.439024390243903
10_41_08_686,1.0,-3.0,-1.0,-8.0,-5.0,3.0,-6.0,9.0,0.89599609375,0.123046875,-0.6123046875,0.1829268292682927,-1.7682926829268295,0.7926829268292683
10_41_08_719,3.0,3.0,-3.0,8.0,-1.0,-2.0,-1.0,14.0,0.654296875,0.02978515625,-0.72802734375,7.560975609756098,-1.0975609756097562,-0.5487804878048781
10_41_08_719,0.0,-1.0,-5.0,-4.0,2.0,3.0,12.0,-3.0,1.4951171875,0.40673828125,0.6220703125,-8.353658536585366,-1.7682926829268295,1.402439024390244
10_41_08_719,1.0,-3.0,-3.0,6.0,4.0,-8.0,-1.0,9.0,0.89794921875,0.212890625,0.75927734375,-3.5975609756097566,-0.3658536585365854,-0.30487804878048785
10_41_08_719,1.0,2.0,-5.0,3.0,-1.0,11.0,-7.0,-3.0,0.419921875,-0.0341796875,-0.68017578125,5.060975609756098,3.1707317073170733,-0.3658536585365854
10_41_08_719,2.0,0.0,-1.0,12.0,-9.0,-25.0,17.0,26.0,1.31103515625,0.3115234375,0.07275390625,-6.2804878048780495,2.682926829268293,0.30487804878048785
10_41_08_719,-7.0,2.0,0.0,-9.0,-1.0,-13.0,-10.0,3.0,1.2783203125,0.34619140625,1.04345703125,-11.036585365853659,0.6097560975609757,-2.439024390243903
10_41_08_719,6.0,5.0,-4.0,10.0,2.0,11.0,5.0,13.0,0.40478515625,-0.03076171875,-0.255859375,-2.6219512195121952,2.1341463414634148,-1.6463414634146343
10_41_08_719,-1.0,1.0,2.0,-8.0,4.0,4.0,2.0,-3.0,0.92138671875,0.1455078125,-0.5283203125,-6.951219512195123,5.670731707317073,0.426829268292683
10_41_08_719,0.0,-2.0,-5.0,10.0,0.0,-21.0,-5.0,11.0,1.51513671875,0.43994140625,0.87158203125,-14.085365853658537,4.573170731707317,1.0365853658536586
10_41_08_719,-1.0,-1.0,0.0,-3.0,0.0,21.0,-10.0,-7.0,0.73388671875,0.1220703125,0.4609375,-6.341463414634147,3.7195121951219514,-0.9146341463414634
10_41_08_781,5.0,3.0,-2.0,12.0,-2.0,-6.0,-9.0,14.0,0.5869140625,0.07763671875,0.2109375,7.865853658536586,-0.6707317073170732,-0.06097560975609757
10_41_08_781,-2.0,1.0,3.0,-3.0,0.0,3.0,7.0,-6.0,0.654296875,0.02978515625,-0.72802734375,7.560975609756098,-1.0975609756097562,-0.5487804878048781
10_41_08_781,3.0,3.0,-3.0,8.0,-1.0,-2.0,-1.0,14.0,1.4951171875,0.40673828125,0.6220703125,-8.353658536585366,-1.7682926829268295,1.402439024390244
10_41_08_781,0.0,-1.0,-5.0,-4.0,2.0,3.0,12.0,-3.0,0.89794921875,0.212890625,0.75927734375,-3.5975609756097566,-0.3658536585365854,-0.30487804878048785
10_41_08_781,1.0,-3.0,-3.0,6.0,4.0,-8.0,-1.0,9.0,0.419921875,-0.0341796875,-0.68017578125,5.060975609756098,3.1707317073170733,-0.3658536585365854
10_41_08_781,1.0,2.0,-5.0,3.0,-1.0,11.0,-7.0,-3.0,1.31103515625,0.3115234375,0.07275390625,-6.2804878048780495,2.682926829268293,0.30487804878048785
10_41_08_781,2.0,0.0,-1.0,12.0,-9.0,-25.0,17.0,26.0,1.2783203125,0.34619140625,1.04345703125,-11.036585365853659,0.6097560975609757,-2.439024390243903
10_41_08_781,-7.0,2.0,0.0,-9.0,-1.0,-13.0,-10.0,3.0,0.40478515625,-0.03076171875,-0.255859375,-2.6219512195121952,2.1341463414634148,-1.6463414634146343
10_41_08_781,6.0,5.0,-4.0,10.0,2.0,11.0,5.0,13.0,0.92138671875,0.1455078125,-0.5283203125,-6.951219512195123,5.670731707317073,0.426829268292683
10_41_08_781,-1.0,1.0,2.0,-8.0,4.0,4.0,2.0,-3.0,1.51513671875,0.43994140625,0.87158203125,-14.085365853658537,4.573170731707317,1.0365853658536586
10_41_08_826,9.0,3.0,-1.0,8.0,8.0,36.0,5.0,14.0,0.40087890625,-0.0361328125,-0.33447265625,9.695121951219512,-4.390243902439025,-1.829268292682927
10_41_08_826,-1.0,-1.0,4.0,-2.0,-5.0,-36.0,14.0,-9.0,0.9873046875,0.162109375,-0.4453125,2.7439024390243905,-2.3170731707317076,1.7682926829268295
10_41_08_826,7.0,-1.0,-7.0,-4.0,-3.0,-19.0,-69.0,34.0,1.46923828125,0.4384765625,0.970703125,-3.780487804878049,-0.9756097560975611,1.0365853658536586
10_41_08_826,9.0,2.0,3.0,-9.0,1.0,20.0,64.0,3.0,0.5869140625,0.07763671875,0.2109375,7.865853658536586,-0.6707317073170732,-0.06097560975609757
10_41_08_826,4.0,3.0,-1.0,11.0,7.0,16.0,12.0,14.0,0.654296875,0.02978515625,-0.72802734375,7.560975609756098,-1.0975609756097562,-0.5487804878048781
10_41_08_826,-3.0,-2.0,1.0,-5.0,4.0,10.0,18.0,-2.0,1.4951171875,0.40673828125,0.6220703125,-8.353658536585366,-1.7682926829268295,1.402439024390244
10_41_08_826,-2.0,-2.0,-4.0,2.0,-6.0,-53.0,-27.0,12.0,0.89794921875,0.212890625,0.75927734375,-3.5975609756097566,-0.3658536585365854,-0.30487804878048785
10_41_08_826,-6.0,-2.0,0.0,-4.0,-8.0,10.0,-44.0,-9.0,0.419921875,-0.0341796875,-0.68017578125,5.060975609756098,3.1707317073170733,-0.3658536585365854
10_41_08_826,10.0,3.0,-5.0,8.0,6.0,34.0,34.0,25.0,1.31103515625,0.3115234375,0.07275390625,-6.2804878048780495,2.682926829268293,0.30487804878048785
10_41_08_826,-3.0,-6.0,-1.0,-9.0,2.0,0.0,-8.0,-1.0,1.2783203125,0.34619140625,1.04345703125,-11.036585365853659,0.6097560975609757,-2.439024390243903
10_41_08_876,-12.0,-14.0,3.0,-11.0,-8.0,-16.0,-44.0,-15.0,1.28271484375,0.359375,1.01123046875,-1.402439024390244,-2.804878048780488,-1.7682926829268295
10_41_08_876,2.0,2.0,-3.0,-4.0,-8.0,76.0,-11.0,8.0,0.40087890625,-0.0361328125,-0.33447265625,9.695121951219512,-4.390243902439025,-1.829268292682927
10_41_08_876,2.0,-3.0,4.0,-13.0,7.0,19.0,15.0,6.0,0.9873046875,0.162109375,-0.4453125,2.7439024390243905,-2.3170731707317076,1.7682926829268295
10_41_08_876,-5.0,3.0,0.0,-4.0,0.0,-40.0,-107.0,-3.0,1.46923828125,0.4384765625,0.970703125,-3.780487804878049,-0.9756097560975611,1.0365853658536586
10_41_08_876,6.0,4.0,-3.0,4.0,3.0,26.0,69.0,-7.0,0.5869140625,0.07763671875,0.2109375,7.865853658536586,-0.6707317073170732,-0.06097560975609757
10_41_08_876,3.0,5.0,-2.0,2.0,4.0,6.0,-13.0,6.0,0.654296875,0.02978515625,-0.72802734375,7.560975609756098,-1.0975609756097562,-0.5487804878048781
10_41_08_876,-1.0,-4.0,3.0,-9.0,-4.0,0.0,26.0,-10.0,1.4951171875,0.40673828125,0.6220703125,-8.353658536585366,-1.7682926829268295,1.402439024390244
10_41_08_876,3.0,-1.0,-2.0,-2.0,-3.0,5.0,7.0,10.0,0.89794921875,0.212890625,0.75927734375,-3.5975609756097566,-0.3658536585365854,-0.30487804878048785
10_41_08_876,-3.0,-5.0,3.0,-14.0,0.0,-6.0,12.0,-14.0,0.419921875,-0.0341796875,-0.68017578125,5.060975609756098,3.1707317073170733,-0.3658536585365854
10_41_08_931,-7.0,-5.0,0.0,2.0,-3.0,8.0,5.0,-9.0,0.4189453125,-0.05419921875,-0.6826171875,5.914634146341464,-3.048780487804878,-1.2804878048780488
10_41_08_931,3.0,-3.0,-1.0,-12.0,0.0,-1.0,-4.0,4.0,1.27783203125,0.29541015625,0.00048828125,-3.048780487804878,-1.4634146341463417,2.6219512195121952
10_41_08_931,-10.0,0.0,7.0,-7.0,-6.0,4.0,9.0,-19.0,1.28271484375,0.359375,1.01123046875,-1.402439024390244,-2.804878048780488,-1.7682926829268295
10_41_08_931,6.0,1.0,-4.0,-6.0,1.0,-6.0,-5.0,3.0,0.40087890625,-0.0361328125,-0.33447265625,9.695121951219512,-4.390243902439025,-1.829268292682927
10_41_08_931,-1.0,-7.0,3.0,-2.0,-7.0,3.0,6.0,-10.0,0.9873046875,0.162109375,-0.4453125,2.7439024390243905,-2.3170731707317076,1.7682926829268295
10_41_08_931,8.0,1.0,-7.0,3.0,-1.0,-6.0,-10.0,17.0,1.46923828125,0.4384765625,0.970703125,-3.780487804878049,-0.9756097560975611,1.0365853658536586
10_41_08_931,-12.0,-5.0,4.0,-2.0,-1.0,4.0,4.0,-24.0,0.5869140625,0.07763671875,0.2109375,7.865853658536586,-0.6707317073170732,-0.06097560975609757
10_41_08_931,12.0,-1.0,-7.0,-5.0,-1.0,-2.0,0.0,11.0,0.654296875,0.02978515625,-0.72802734375,7.560975609756098,-1.0975609756097562,-0.5487804878048781
10_41_08_931,0.0,-7.0,2.0,-13.0,-3.0,13.0,20.0,-6.0,1.4951171875,0.40673828125,0.6220703125,-8.353658536585366,-1.7682926829268295,1.402439024390244
10_41_08_969,7.0,5.0,1.0,5.0,6.0,31.0,37.0,23.0,1.43115234375,0.4208984375,1.0087890625,-5.487804878048781,-0.9146341463414634,-0.426829268292683
10_41_08_969,-12.0,-7.0,0.0,0.0,-2.0,-2.0,-13.0,-60.0,0.55126953125,0.0361328125,0.1162109375,1.5853658536585367,-1.1585365853658538,-2.804878048780488
10_41_08_969,1.0,2.0,-3.0,1.0,-1.0,9.0,16.0,16.0,0.64453125,0.04541015625,-0.7763671875,1.402439024390244,0.30487804878048785,-1.6463414634146343
10_41_08_969,-7.0,-7.0,4.0,-7.0,-5.0,-35.0,-2.0,-17.0,0.96044921875,0.23583984375,0.77001953125,1.707317073170732,-0.9146341463414634,-0.9756097560975611
10_41_08_969,1.0,2.0,-1.0,-7.0,1.0,21.0,-7.0,-1.0,0.4189453125,-0.05419921875,-0.6826171875,5.914634146341464,-3.048780487804878,-1.2804878048780488
10_41_08_969,-5.0,-6.0,0.0,1.0,0.0,12.0,19.0,-12.0,1.27783203125,0.29541015625,0.00048828125,-3.048780487804878,-1.4634146341463417,2.6219512195121952
10_41_08_969,6.0,2.0,-1.0,0.0,2.0,5.0,10.0,2.0,1.28271484375,0.359375,1.01123046875,-1.402439024390244,-2.804878048780488,-1.7682926829268295
10_41_08_969,-5.0,-3.0,3.0,2.0,-3.0,8.0,5.0,-9.0,0.40087890625,-0.0361328125,-0.33447265625,9.695121951219512,-4.390243902439025,-1.829268292682927
10_41_08_969,-3.0,0.0,0.0,-6.0,1.0,-39.0,-51.0,-7.0,0.9873046875,0.162109375,-0.4453125,2.7439024390243905,-2.3170731707317076,1.7682926829268295
10_41_08_969,-1.0,-4.0,2.0,-3.0,-5.0,41.0,52.0,-11.0,1.46923828125,0.4384765625,0.970703125,-3.780487804878049,-0.9756097560975611,1.0365853658536586
10_41_09_033,-2.0,2.0,-2.0,-4.0,5.0,4.0,3.0,-3.0,1.1328125,0.23974609375,-0.2744140625,-1.524390243902439,-0.426829268292683,0.7317073170731708
10_41_09_033,-7.0,-4.0,-2.0,3.0,-9.0,7.0,5.0,-5.0,1.43115234375,0.4208984375,1.0087890625,-5.487804878048781,-0.9146341463414634,-0.426829268292683
10_41_09_033,-5.0,-2.0,1.0,-14.0,1.0,-19.0,14.0,-4.0,0.55126953125,0.0361328125,0.1162109375,1.5853658536585367,-1.1585365853658538,-2.804878048780488
10_41_09_033,-3.0,2.0,3.0,6.0,-4.0,15.0,-19.0,-18.0,0.64453125,0.04541015625,-0.7763671875,1.402439024390244,0.30487804878048785,-1.6463414634146343
10_41_09_033,6.0,3.0,-3.0,4.0,3.0,19.0,41.0,15.0,0.96044921875,0.23583984375,0.77001953125,1.707317073170732,-0.9146341463414634,-0.9756097560975611
10_41_09_033,-6.0,-2.0,3.0,10.0,-1.0,10.0,18.0,-8.0,0.4189453125,-0.05419921875,-0.6826171875,5.914634146341464,-3.048780487804878,-1.2804878048780488
10_41_09_033,-10.0,-5.0,-5.0,-15.0,-12.0,-48.0,-30.0,4.0,1.27783203125,0.29541015625,0.00048828125,-3.048780487804878,-1.4634146341463417,2.6219512195121952
10_41_09_033,-5.0,-3.0,2.0,-2.0,2.0,45.0,-16.0,-7.0,1.28271484375,0.359375,1.01123046875,-1.402439024390244,-2.804878048780488,-1.7682926829268295
10_41_09_084,11.0,5.0,1.0,2.0,-3.0,-3.0,-1.0,-5.0,0.62109375,0.03955078125,-0.783203125,-3.231707317073171,-1.8902439024390245,-2.7439024390243905
10_41_09_084,-2.0,-3.0,0.0,17.0,2.0,-5.0,-13.0,20.0,1.48388671875,0.42578125,0.5166015625,-9.390243902439025,-1.5853658536585367,-0.12195121951219513
10_41_09_084,2.0,1.0,-2.0,-4.0,-2.0,-5.0,-1.0,-1.0,1.017578125,0.259765625,0.87158203125,-5.487804878048781,-1.829268292682927,-1.0975609756097562
10_41_09_084,2.0,2.0,-4.0,6.0,-2.0,-4.0,-9.0,14.0,0.39306640625,-0.0576171875,-0.5712890625,2.378048780487805,-1.829268292682927,-1.9512195121951221
10_41_09_084,-3.0,-3.0,2.0,-12.0,0.0,-3.0,9.0,-7.0,1.1328125,0.23974609375,-0.2744140625,-1.524390243902439,-0.426829268292683,0.7317073170731708
10_41_09_084,2.0,0.0,-1.0,10.0,0.0,24.0,1.0,14.0,1.43115234375,0.4208984375,1.0087890625,-5.487804878048781,-0.9146341463414634,-0.426829268292683
10_41_09_084,-1.0,1.0,2.0,1.0,4.0,12.0,14.0,-4.0,0.55126953125,0.0361328125,0.1162109375,1.5853658536585367,-1.1585365853658538,-2.804878048780488
10_41_09_084,1.0,4.0,0.0,21.0,5.0,19.0,0.0,13.0,0.64453125,0.04541015625,-0.7763671875,1.402439024390244,0.30487804878048785,-1.6463414634146343
10_41_09_084,-2.0,1.0,-1.0,1.0,-4.0,-11.0,6.0,-6.0,0.96044921875,0.23583984375,0.77001953125,1.707317073170732,-0.9146341463414634,-0.9756097560975611
10_41_09_084,-5.0,-6.0,-1.0,-6.0,-12.0,-16.0,-38.0,3.0,0.4189453125,-0.05419921875,-0.6826171875,5.914634146341464,-3.048780487804878,-1.2804878048780488
10_41_09_120,-2.0,4.0,0.0,3.0,3.0,1.0,-1.0,-4.0,1.005859375,0.19287109375,-0.4501953125,-11.341463414634147,-0.30487804878048785,0.7926829268292683
10_41_09_120,2.0,2.0,-6.0,12.0,-2.0,-8.0,-11.0,14.0,1.4658203125,0.44189453125,0.97705078125,-15.365853658536587,1.0365853658536586,1.1585365853658538
10_41_09_120,-6.0,1.0,1.0,-8.0,-3.0,0.0,3.0,-8.0,0.6123046875,0.07177734375,0.20556640625,-6.036585365853659,-0.5487804878048781,-2.6219512195121952
10_41_09_120,0.0,2.0,0.0,0.0,-2.0,0.0,-6.0,5.0,0.62109375,0.03955078125,-0.783203125,-3.231707317073171,-1.8902439024390245,-2.7439024390243905
10_41_09_120,1.0,3.0,-3.0,-8.0,0.0,-4.0,1.0,-2.0,1.48388671875,0.42578125,0.5166015625,-9.390243902439025,-1.5853658536585367,-0.12195121951219513
10_41_09_120,-74.0,-18.0,-1.0,6.0,-1.0,-5.0,-8.0,22.0,1.017578125,0.259765625,0.87158203125,-5.487804878048781,-1.829268292682927,-1.0975609756097562
10_41_09_120,-8.0,9.0,-4.0,-3.0,1.0,-2.0,1.0,-2.0,0.39306640625,-0.0576171875,-0.5712890625,2.378048780487805,-1.829268292682927,-1.9512195121951221
10_41_09_120,2.0,7.0,-6.0,9.0,4.0,-1.0,-9.0,9.0,1.1328125,0.23974609375,-0.2744140625,-1.524390243902439,-0.426829268292683,0.7317073170731708
10_41_09_120,-3.0,-3.0,-2.0,-8.0,-2.0,-5.0,0.0,-7.0,1.43115234375,0.4208984375,1.0087890625,-5.487804878048781,-0.9146341463414634,-0.426829268292683
10_41_09_120,4.0,0.0,-3.0,5.0,0.0,-2.0,-10.0,14.0,0.55126953125,0.0361328125,0.1162109375,1.5853658536585367,-1.1585365853658538,-2.804878048780488
10_41_09_185,2.0,3.0,-4.0,4.0,-2.0,-9.0,-17.0,6.0,0.40869140625,-0.02880859375,-0.38037109375,-6.585365853658537,-0.853658536585366,-1.0365853658536586
10_41_09_185,7.0,1.0,4.0,4.0,3.0,11.0,10.0,1.0,1.005859375,0.19287109375,-0.4501953125,-11.341463414634147,-0.30487804878048785,0.7926829268292683
10_41_09_185,6.0,7.0,-4.0,9.0,-6.0,5.0,-25.0,8.0,1.4658203125,0.44189453125,0.97705078125,-15.365853658536587,1.0365853658536586,1.1585365853658538
10_41_09_185,8.0,-1.0,1.0,-2.0,8.0,14.0,12.0,2.0,0.6123046875,0.07177734375,0.20556640625,-6.036585365853659,-0.5487804878048781,-2.6219512195121952
10_41_09_185,-39.0,-8.0,-2.0,-2.0,-1.0,-12.0,-20.0,13.0,0.62109375,0.03955078125,-0.783203125,-3.231707317073171,-1.8902439024390245,-2.7439024390243905
10_41_09_185,-5.0,0.0,2.0,-16.0,2.0,1.0,14.0,0.0,1.48388671875,0.42578125,0.5166015625,-9.390243902439025,-1.5853658536585367,-0.12195121951219513
10_41_09_185,3.0,2.0,-6.0,8.0,0.0,-8.0,-5.0,9.0,1.017578125,0.259765625,0.87158203125,-5.487804878048781,-1.829268292682927,-1.0975609756097562
10_41_09_185,-2.0,4.0,0.0,3.0,3.0,1.0,-1.0,-4.0,0.39306640625,-0.0576171875,-0.5712890625,2.378048780487805,-1.829268292682927,-1.9512195121951221
10_41_09_185,2.0,2.0,-6.0,12.0,-2.0,-8.0,-11.0,14.0,1.1328125,0.23974609375,-0.2744140625,-1.524390243902439,-0.426829268292683,0.7317073170731708
10_41_09_225,-71.0,-9.0,3.0,-13.0,-4.0,6.0,16.0,-29.0,0.97412109375,0.26318359375,0.79248046875,-8.048780487804878,-1.1585365853658538,1.2195121951219514
10_41_09_225,29.0,-2.0,-5.0,1.0,2.0,-2.0,-10.0,17.0,0.4091796875,-0.04541015625,-0.68896484375,0.6097560975609757,-2.25609756097561,0.48780487804878053
10_41_09_225,-4.0,-6.0,6.0,-7.0,-4.0,6.0,6.0,-16.0,1.30859375,0.33349609375,0.06396484375,-12.195121951219512,0.48780487804878053,1.9512195121951221
10_41_09_225,1.0,1.0,-7.0,-5.0,2.0,-4.0,-12.0,10.0,1.25732421875,0.36279296875,1.0244140625,-15.731707317073171,0.426829268292683,-0.7317073170731708
10_41_09_225,-10.0,-5.0,2.0,-14.0,-3.0,3.0,12.0,-22.0,0.40869140625,-0.02880859375,-0.38037109375,-6.585365853658537,-0.853658536585366,-1.0365853658536586
10_41_09_225,7.0,9.0,-3.0,0.0,2.0,-7.0,-4.0,3.0,1.005859375,0.19287109375,-0.4501953125,-11.341463414634147,-0.30487804878048785,0.7926829268292683
10_41_09_225,-54.0,-3.0,3.0,-13.0,-6.0,3.0,8.0,-7.0,1.4658203125,0.44189453125,0.97705078125,-15.365853658536587,1.0365853658536586,1.1585365853658538
10_41_09_225,3.0,3.0,-2.0,10.0,0.0,-3.0,-10.0,15.0,0.6123046875,0.07177734375,0.20556640625,-6.036585365853659,-0.5487804878048781,-2.6219512195121952
10_41_09_225,-3.0,-3.0,2.0,-9.0,0.0,3.0,11.0,-17.0,0.62109375,0.03955078125,-0.783203125,-3.231707317073171,-1.8902439024390245,-2.7439024390243905
10_41_09_225,1.0,1.0,-1.0,-3.0,2.0,-3.0,-4.0,6.0,1.48388671875,0.42578125,0.5166015625,-9.390243902439025,-1.5853658536585367,-0.12195121951219513
10_41_09_269,-4.0,11.0,2.0,-4.0,-5.0,0.0,1.0,-9.0,1.28076171875,0.19091796875,0.158203125,-7.865853658536586,-5.365853658536586,7.743902439024391
10_41_09_269,-4.0,1.0,0.0,6.0,-2.0,-4.0,-6.0,4.0,0.537109375,-0.0107421875,-0.76513671875,-0.426829268292683,-0.9146341463414634,3.658536585365854
10_41_09_269,0.0,3.0,-4.0,1.0,-2.0,0.0,-1.0,-4.0,1.447265625,0.41015625,0.4580078125,-11.76829268292683,0.853658536585366,4.329268292682928
10_41_09_269,1.0,11.0,0.0,-1.0,0.0,-2.0,2.0,-2.0,0.97412109375,0.26318359375,0.79248046875,-8.048780487804878,-1.1585365853658538,1.2195121951219514
10_41_09_269,-8.0,-5.0,-1.0,-7.0,-7.0,0.0,1.0,-6.0,0.4091796875,-0.04541015625,-0.68896484375,0.6097560975609757,-2.25609756097561,0.48780487804878053
10_41_09_269,-20.0,9.0,3.0,4.0,8.0,2.0,3.0,-14.0,1.30859375,0.33349609375,0.06396484375,-12.195121951219512,0.48780487804878053,1.9512195121951221
10_41_09_269,-5.0,-8.0,1.0,-8.0,-2.0,7.0,9.0,-21.0,1.25732421875,0.36279296875,1.0244140625,-15.731707317073171,0.426829268292683,-0.7317073170731708
10_41_09_269,6.0,-1.0,-5.0,7.0,-1.0,-9.0,-10.0,12.0,0.40869140625,-0.02880859375,-0.38037109375,-6.585365853658537,-0.853658536585366,-1.0365853658536586
10_41_09_269,-1.0,-4.0,0.0,-2.0,-4.0,5.0,10.0,-10.0,1.005859375,0.19287109375,-0.4501953125,-11.341463414634147,-0.30487804878048785,0.7926829268292683
10_41_09_269,4.0,-1.0,-2.0,-2.0,3.0,-2.0,-2.0,8.0,1.4658203125,0.44189453125,0.97705078125,-15.365853658536587,1.0365853658536586,1.1585365853658538
10_41_09_338,2.0,0.0,-4.0,0.0,-3.0,22.0,-11.0,8.0,1.28076171875,0.19091796875,0.158203125,-7.865853658536586,-5.365853658536586,7.743902439024391
10_41_09_338,-2.0,-2.0,-2.0,-3.0,-4.0,-5.0,-7.0,-4.0,0.537109375,-0.0107421875,-0.76513671875,-0.426829268292683,-0.9146341463414634,3.658536585365854
10_41_09_338,3.0,1.0,-2.0,-3.0,3.0,2.0,28.0,-7.0,1.447265625,0.41015625,0.4580078125,-11.76829268292683,0.853658536585366,4.329268292682928
10_41_09_338,-4.0,5.0,0.0,6.0,4.0,1.0,-18.0,-31.0,0.97412109375,0.26318359375,0.79248046875,-8.048780487804878,-1.1585365853658538,1.2195121951219514
10_41_09_338,-4.0,11.0,2.0,-4.0,-5.0,0.0,1.0,-9.0,0.4091796875,-0.04541015625,-0.68896484375,0.6097560975609757,-2.25609756097561,0.48780487804878053
10_41_09_338,-4.0,1.0,0.0,6.0,-2.0,-4.0,-6.0,4.0,1.30859375,0.33349609375,0.06396484375,-12.195121951219512,0.48780487804878053,1.9512195121951221
10_41_09_338,0.0,3.0,-4.0,1.0,-2.0,0.0,-1.0,-4.0,1.25732421875,0.36279296875,1.0244140625,-15.731707317073171,0.426829268292683,-0.7317073170731708
10_41_09_338,1.0,11.0,0.0,-1.0,0.0,-2.0,2.0,-2.0,0.40869140625,-0.02880859375,-0.38037109375,-6.585365853658537,-0.853658536585366,-1.0365853658536586
10_41_09_338,-8.0,-5.0,-1.0,-7.0,-7.0,0.0,1.0,-6.0,1.005859375,0.19287109375,-0.4501953125,-11.341463414634147,-0.30487804878048785,0.7926829268292683
10_41_09_338,-20.0,9.0,3.0,4.0,8.0,2.0,3.0,-14.0,1.4658203125,0.44189453125,0.97705078125,-15.365853658536587,1.0365853658536586,1.1585365853658538
10_41_09_374,1.0,-2.0,1.0,0.0,-3.0,-3.0,-1.0,0.0,0.9814453125,0.19970703125,0.1669921875,-18.719512195121954,3.048780487804878,3.9024390243902443
10_41_09_374,-3.0,35.0,-10.0,-1.0,0.0,-5.0,0.0,-5.0,0.98095703125,0.22412109375,0.1484375,-14.939024390243905,3.5975609756097566,4.634146341463415
10_41_09_374,3.0,-5.0,1.0,-2.0,-1.0,0.0,1.0,-2.0,0.9755859375,0.212890625,0.1259765625,-5.914634146341464,1.2195121951219514,4.51219512195122
10_41_09_374,-13.0,11.0,-2.0,-8.0,-5.0,0.0,2.0,8.0,0.96337890625,0.18505859375,0.10107421875,-3.1707317073170733,-3.8414634146341466,5.3048780487804885
10_41_09_374,27.0,-4.0,-7.0,5.0,1.0,-3.0,-6.0,1.0,1.28076171875,0.19091796875,0.158203125,-7.865853658536586,-5.365853658536586,7.743902439024391
10_41_09_374,7.0,-2.0,-1.0,3.0,2.0,-3.0,1.0,-2.0,0.537109375,-0.0107421875,-0.76513671875,-0.426829268292683,-0.9146341463414634,3.658536585365854
10_41_09_374,1.0,-5.0,-4.0,-5.0,-6.0,-6.0,1.0,-1.0,1.447265625,0.41015625,0.4580078125,-11.76829268292683,0.853658536585366,4.329268292682928
10_41_09_374,-6.0,-4.0,-3.0,-1.0,-1.0,2.0,-2.0,-6.0,0.97412109375,0.26318359375,0.79248046875,-8.048780487804878,-1.1585365853658538,1.2195121951219514
10_41_09_374,0.0,1.0,-6.0,3.0,-1.0,-2.0,-3.0,6.0,0.4091796875,-0.04541015625,-0.68896484375,0.6097560975609757,-2.25609756097561,0.48780487804878053
10_41_09_374,11.0,-1.0,-2.0,1.0,-2.0,-2.0,3.0,-3.0,1.30859375,0.33349609375,0.06396484375,-12.195121951219512,0.48780487804878053,1.9512195121951221
10_41_09_424,5.0,0.0,-2.0,3.0,-4.0,1.0,-2.0,-3.0,0.9248046875,0.20263671875,0.1708984375,-13.170731707317074,-2.1951219512195124,4.207317073170732
10_41_09_424,-2.0,2.0,0.0,-1.0,3.0,2.0,1.0,-3.0,0.9560546875,0.201171875,0.17626953125,-17.865853658536587,0.9146341463414634,5.060975609756098
10_41_09_424,-1.0,2.0,-3.0,-4.0,2.0,10.0,4.0,-4.0,0.9814453125,0.19970703125,0.1669921875,-18.719512195121954,3.048780487804878,3.9024390243902443
10_41_09_424,-8.0,-3.0,-2.0,-5.0,-4.0,-18.0,-11.0,-11.0,0.98095703125,0.22412109375,0.1484375,-14.939024390243905,3.5975609756097566,4.634146341463415
10_41_09_424,-2.0,-20.0,-6.0,-8.0,-14.0,-9.0,-12.0,22.0,0.9755859375,0.212890625,0.1259765625,-5.914634146341464,1.2195121951219514,4.51219512195122
10_41_09_424,-3.0,16.0,1.0,5.0,6.0,12.0,15.0,-10.0,0.96337890625,0.18505859375,0.10107421875,-3.1707317073170733,-3.8414634146341466,5.3048780487804885
10_41_09_424,1.0,-4.0,-5.0,-1.0,-1.0,0.0,-3.0,-1.0,1.28076171875,0.19091796875,0.158203125,-7.865853658536586,-5.365853658536586,7.743902439024391
10_41_09_424,-2.0,-9.0,0.0,-1.0,0.0,3.0,0.0,-1.0,0.537109375,-0.0107421875,-0.76513671875,-0.426829268292683,-0.9146341463414634,3.658536585365854
10_41_09_424,1.0,-2.0,1.0,0.0,-3.0,-3.0,-1.0,0.0,1.447265625,0.41015625,0.4580078125,-11.76829268292683,0.853658536585366,4.329268292682928
10_41_09_424,-3.0,35.0,-10.0,-1.0,0.0,-5.0,0.0,-5.0,0.97412109375,0.26318359375,0.79248046875,-8.048780487804878,-1.1585365853658538,1.2195121951219514
10_41_09_491,-1.0,-3.0,-5.0,5.0,3.0,2.0,-9.0,-1.0,0.91064453125,0.14306640625,0.17529296875,-3.353658536585366,-5.426829268292684,5.2439024390243905
10_41_09_491,12.0,6.0,3.0,-1.0,-2.0,-2.0,2.0,10.0,0.9228515625,0.1611328125,0.15185546875,-8.658536585365855,-5.0,2.378048780487805
10_41_09_491,28.0,-8.0,8.0,12.0,3.0,-2.0,-1.0,-12.0,0.9228515625,0.19189453125,0.173828125,-7.8048780487804885,-4.817073170731708,1.6463414634146343
10_41_09_491,-46.0,3.0,-12.0,-6.0,-3.0,1.0,2.0,-10.0,0.9248046875,0.20263671875,0.1708984375,-13.170731707317074,-2.1951219512195124,4.207317073170732
10_41_09_491,-23.0,-8.0,1.0,-6.0,6.0,-4.0,-6.0,3.0,0.9560546875,0.201171875,0.17626953125,-17.865853658536587,0.9146341463414634,5.060975609756098
10_41_09_491,6.0,1.0,-3.0,0.0,-7.0,-1.0,0.0,-2.0,0.9814453125,0.19970703125,0.1669921875,-18.719512195121954,3.048780487804878,3.9024390243902443
10_41_09_491,1.0,2.0,-2.0,-1.0,1.0,-3.0,-2.0,1.0,0.98095703125,0.22412109375,0.1484375,-14.939024390243905,3.5975609756097566,4.634146341463415
10_41_09_491,-2.0,-3.0,0.0,-3.0,-2.0,1.0,3.0,-6.0,0.9755859375,0.212890625,0.1259765625,-5.914634146341464,1.2195121951219514,4.51219512195122
10_41_09_491,5.0,0.0,-2.0,3.0,-4.0,1.0,-2.0,-3.0,0.96337890625,0.18505859375,0.10107421875,-3.1707317073170733,-3.8414634146341466,5.3048780487804885
10_41_09_491,-2.0,2.0,0.0,-1.0,3.0,2.0,1.0,-3.0,1.28076171875,0.19091796875,0.158203125,-7.865853658536586,-5.365853658536586,7.743902439024391
10_41_09_524,3.0,3.0,0.0,11.0,9.0,37.0,28.0,1.0,0.94189453125,0.14208984375,0.17919921875,4.390243902439025,-9.51219512195122,3.7195121951219514
10_41_09_524,2.0,-1.0,3.0,-7.0,-9.0,-118.0,-79.0,0.0,0.91064453125,0.14306640625,0.17529296875,-3.353658536585366,-5.426829268292684,5.2439024390243905
10_41_09_524,-1.0,-3.0,-1.0,-24.0,-12.0,36.0,-47.0,-22.0,0.9228515625,0.1611328125,0.15185546875,-8.658536585365855,-5.0,2.378048780487805
10_41_09_524,3.0,5.0,1.0,10.0,4.0,31.0,90.0,1.0,0.9228515625,0.19189453125,0.173828125,-7.8048780487804885,-4.817073170731708,1.6463414634146343
10_41_09_524,2.0,-5.0,0.0,1.0,2.0,12.0,-16.0,3.0,0.9248046875,0.20263671875,0.1708984375,-13.170731707317074,-2.1951219512195124,4.207317073170732
10_41_09_524,-2.0,-1.0,-3.0,-4.0,1.0,-10.0,-25.0,0.0,0.9560546875,0.201171875,0.17626953125,-17.865853658536587,0.9146341463414634,5.060975609756098
10_41_09_524,-4.0,-7.0,0.0,1.0,-12.0,-29.0,13.0,-2.0,0.9814453125,0.19970703125,0.1669921875,-18.719512195121954,3.048780487804878,3.9024390243902443
10_41_09_524,-1.0,-3.0,-5.0,5.0,3.0,2.0,-9.0,-1.0,0.98095703125,0.22412109375,0.1484375,-14.939024390243905,3.5975609756097566,4.634146341463415
10_41_09_524,12.0,6.0,3.0,-1.0,-2.0,-2.0,2.0,10.0,0.9755859375,0.212890625,0.1259765625,-5.914634146341464,1.2195121951219514,4.51219512195122
10_41_09_592,6.0,9.0,-1.0,0.0,1.0,17.0,41.0,8.0,0.943359375,0.20263671875,0.1240234375,0.6707317073170732,-1.8902439024390245,5.7926829268292686
10_41_09_592,-3.0,-2.0,0.0,-5.0,-3.0,-29.0,-8.0,-4.0,0.96337890625,0.185546875,0.12744140625,14.329268292682928,-4.695121951219512,2.7439024390243905
10_41_09_592,-1.0,-3.0,2.0,-3.0,-5.0,-12.0,1.0,0.0,0.96044921875,0.1748046875,0.1484375,10.30487804878049,-9.085365853658537,3.048780487804878
10_41_09_592,-2.0,-1.0,0.0,-6.0,-2.0,-7.0,-65.0,1.0,0.94189453125,0.14208984375,0.17919921875,4.390243902439025,-9.51219512195122,3.7195121951219514
10_41_09_592,13.0,-3.0,-7.0,4.0,1.0,14.0,57.0,8.0,0.91064453125,0.14306640625,0.17529296875,-3.353658536585366,-5.426829268292684,5.2439024390243905
10_41_09_592,2.0,0.0,2.0,4.0,-1.0,-1.0,-2.0,-5.0,0.9228515625,0.1611328125,0.15185546875,-8.658536585365855,-5.0,2.378048780487805
10_41_09_592,7.0,0.0,-1.0,-1.0,-3.0,2.0,13.0,17.0,0.9228515625,0.19189453125,0.173828125,-7.8048780487804885,-4.817073170731708,1.6463414634146343
10_41_09_592,16.0,-1.0,3.0,0.0,-3.0,6.0,0.0,-3.0,0.9248046875,0.20263671875,0.1708984375,-13.170731707317074,-2.1951219512195124,4.207317073170732
10_41_09_592,8.0,-11.0,-5.0,-1.0,-1.0,6.0,11.0,-1.0,0.9560546875,0.201171875,0.17626953125,-17.865853658536587,0.9146341463414634,5.060975609756098
10_41_09_592,9.0,8.0,0.0,-3.0,2.0,11.0,7.0,-2.0,0.9814453125,0.19970703125,0.1669921875,-18.719512195121954,3.048780487804878,3.9024390243902443
10_41_09_630,-3.0,1.0,-5.0,0.0,0.0,4.0,16.0,3.0,0.94921875,0.12060546875,0.103515625,-6.341463414634147,-11.76829268292683,1.5853658536585367
10_41_09_630,-4.0,-1.0,0.0,2.0,-1.0,-30.0,-6.0,-4.0,0.943359375,0.20263671875,0.1240234375,0.6707317073170732,-1.8902439024390245,5.7926829268292686
10_41_09_630,-5.0,-1.0,2.0,1.0,-2.0,31.0,-72.0,-7.0,0.96337890625,0.185546875,0.12744140625,14.329268292682928,-4.695121951219512,2.7439024390243905
10_41_09_630,-6.0,-5.0,2.0,-1.0,1.0,7.0,42.0,-18.0,0.96044921875,0.1748046875,0.1484375,10.30487804878049,-9.085365853658537,3.048780487804878
10_41_09_630,-1.0,-15.0,-8.0,-20.0,-5.0,-28.0,-80.0,-17.0,0.94189453125,0.14208984375,0.17919921875,4.390243902439025,-9.51219512195122,3.7195121951219514
10_41_09_630,-28.0,4.0,1.0,-1.0,1.0,9.0,50.0,-3.0,0.91064453125,0.14306640625,0.17529296875,-3.353658536585366,-5.426829268292684,5.2439024390243905
10_41_09_630,-67.0,-15.0,-5.0,-10.0,-5.0,-17.0,2.0,-16.0,0.9228515625,0.1611328125,0.15185546875,-8.658536585365855,-5.0,2.378048780487805
10_41_09_630,10.0,-19.0,-4.0,-7.0,-1.0,-8.0,-42.0,-7.0,0.9228515625,0.19189453125,0.173828125,-7.8048780487804885,-4.817073170731708,1.6463414634146343
10_41_09_692,-1.0,-2.0,-2.0,-1.0,1.0,-3.0,-6.0,0.0,0.9833984375,0.169921875,0.08935546875,6.646341463414635,-8.719512195121952,1.707317073170732
10_41_09_692,-5.0,0.0,-1.0,-4.0,1.0,-4.0,-8.0,-1.0,0.98876953125,0.16162109375,0.10986328125,9.451219512195122,-11.890243902439025,0.7317073170731708
10_41_09_692,-6.0,-4.0,2.0,-8.0,-14.0,-3.0,-11.0,-15.0,0.974609375,0.1767578125,0.14404296875,8.170731707317074,-12.80487804878049,1.4634146341463417
10_41_09_692,-6.0,-10.0,-4.0,1.0,0.0,-4.0,-4.0,1.0,0.95068359375,0.17529296875,0.13720703125,11.52439024390244,-10.670731707317074,3.780487804878049
10_41_09_692,0.0,1.0,0.0,0.0,-1.0,-7.0,11.0,1.0,0.958984375,0.13720703125,0.1142578125,6.7682926829268295,-10.182926829268293,3.231707317073171
10_41_09_692,-2.0,5.0,-2.0,0.0,0.0,6.0,1.0,-1.0,0.94921875,0.12060546875,0.103515625,-6.341463414634147,-11.76829268292683,1.5853658536585367
10_41_09_692,-2.0,-1.0,-1.0,0.0,0.0,3.0,-1.0,-4.0,0.943359375,0.20263671875,0.1240234375,0.6707317073170732,-1.8902439024390245,5.7926829268292686
10_41_09_692,-1.0,-1.0,-3.0,1.0,1.0,5.0,3.0,4.0,0.96337890625,0.185546875,0.12744140625,14.329268292682928,-4.695121951219512,2.7439024390243905
10_41_09_692,-3.0,-5.0,-4.0,-3.0,-1.0,-8.0,-3.0,-4.0,0.96044921875,0.1748046875,0.1484375,10.30487804878049,-9.085365853658537,3.048780487804878
10_41_09_692,-3.0,-3.0,-5.0,-4.0,-3.0,1.0,-13.0,0.0,0.94189453125,0.14208984375,0.17919921875,4.390243902439025,-9.51219512195122,3.7195121951219514
10_41_09_736,-4.0,-6.0,-2.0,2.0,-1.0,5.0,8.0,-4.0,0.97021484375,0.1767578125,0.099609375,0.06097560975609757,-6.219512195121951,0.5487804878048781
10_41_09_736,-3.0,-6.0,-3.0,-4.0,0.0,-4.0,5.0,6.0,0.9873046875,0.17431640625,0.07470703125,5.914634146341464,-6.951219512195123,0.6097560975609757
10_41_09_736,-31.0,4.0,2.0,5.0,-3.0,0.0,6.0,-3.0,0.9833984375,0.169921875,0.08935546875,6.646341463414635,-8.719512195121952,1.707317073170732
10_41_09_736,-1.0,-5.0,0.0,-4.0,-5.0,-6.0,-14.0,0.0,0.98876953125,0.16162109375,0.10986328125,9.451219512195122,-11.890243902439025,0.7317073170731708
10_41_09_736,3.0,2.0,1.0,4.0,-1.0,-3.0,4.0,2.0,0.974609375,0.1767578125,0.14404296875,8.170731707317074,-12.80487804878049,1.4634146341463417
10_41_09_736,-53.0,-6.0,-1.0,-7.0,-4.0,1.0,7.0,-1.0,0.95068359375,0.17529296875,0.13720703125,11.52439024390244,-10.670731707317074,3.780487804878049
10_41_09_736,25.0,3.0,-6.0,2.0,-1.0,-1.0,1.0,-2.0,0.958984375,0.13720703125,0.1142578125,6.7682926829268295,-10.182926829268293,3.231707317073171
10_41_09_736,0.0,1.0,1.0,5.0,3.0,4.0,-3.0,1.0,0.94921875,0.12060546875,0.103515625,-6.341463414634147,-11.76829268292683,1.5853658536585367
10_41_09_736,-1.0,-2.0,-2.0,-1.0,1.0,-3.0,-6.0,0.0,0.943359375,0.20263671875,0.1240234375,0.6707317073170732,-1.8902439024390245,5.7926829268292686
10_41_09_736,-5.0,0.0,-1.0,-4.0,1.0,-4.0,-8.0,-1.0,0.96337890625,0.185546875,0.12744140625,14.329268292682928,-4.695121951219512,2.7439024390243905
10_41_09_783,29.0,-4.0,-6.0,5.0,4.0,-1.0,0.0,-1.0,0.98583984375,0.15087890625,0.12158203125,3.1707317073170733,-12.256097560975611,-3.4756097560975614
10_41_09_783,1.0,1.0,-3.0,1.0,-1.0,0.0,-1.0,-5.0,0.9716796875,0.1513671875,0.13037109375,2.5,-11.219512195121952,-1.524390243902439
10_41_09_783,0.0,2.0,-1.0,1.0,2.0,-7.0,6.0,1.0,0.97021484375,0.1767578125,0.099609375,0.06097560975609757,-6.219512195121951,0.5487804878048781
10_41_09_783,-1.0,-3.0,-1.0,-3.0,1.0,8.0,8.0,6.0,0.9873046875,0.17431640625,0.07470703125,5.914634146341464,-6.951219512195123,0.6097560975609757
10_41_09_783,-1.0,-2.0,-2.0,-5.0,-9.0,-30.0,-38.0,-5.0,0.9833984375,0.169921875,0.08935546875,6.646341463414635,-8.719512195121952,1.707317073170732
10_41_09_783,-10.0,-17.0,-7.0,-8.0,-3.0,29.0,25.0,-10.0,0.98876953125,0.16162109375,0.10986328125,9.451219512195122,-11.890243902439025,0.7317073170731708
10_41_09_783,4.0,5.0,-1.0,0.0,0.0,-16.0,-12.0,-8.0,0.974609375,0.1767578125,0.14404296875,8.170731707317074,-12.80487804878049,1.4634146341463417
10_41_09_783,0.0,-1.0,2.0,5.0,-6.0,-23.0,7.0,3.0,0.95068359375,0.17529296875,0.13720703125,11.52439024390244,-10.670731707317074,3.780487804878049
10_41_09_783,-11.0,-4.0,0.0,-14.0,-11.0,18.0,-43.0,-12.0,0.958984375,0.13720703125,0.1142578125,6.7682926829268295,-10.182926829268293,3.231707317073171
10_41_09_836,9.0,2.0,-4.0,-4.0,-3.0,-10.0,9.0,7.0,0.95263671875,0.15283203125,0.10009765625,-2.378048780487805,-6.341463414634147,-3.536585365853659
10_41_09_836,-2.0,-8.0,0.0,-3.0,0.0,6.0,4.0,3.0,0.97705078125,0.17041015625,0.11376953125,3.1707317073170733,-6.585365853658537,-2.987804878048781
10_41_09_836,1.0,-3.0,-5.0,-4.0,-1.0,0.0,-3.0,3.0,0.98779296875,0.15283203125,0.11669921875,9.51219512195122,-9.02439024390244,-3.780487804878049
10_41_09_836,2.0,9.0,6.0,3.0,1.0,-2.0,-4.0,-6.0,0.98583984375,0.15087890625,0.12158203125,3.1707317073170733,-12.256097560975611,-3.4756097560975614
10_41_09_836,-4.0,-11.0,-4.0,-5.0,-2.0,-3.0,1.0,3.0,0.9716796875,0.1513671875,0.13037109375,2.5,-11.219512195121952,-1.524390243902439
10_41_09_836,16.0,-13.0,-5.0,2.0,-3.0,-7.0,-2.0,0.0,0.97021484375,0.1767578125,0.099609375,0.06097560975609757,-6.219512195121951,0.5487804878048781
10_41_09_836,-6.0,0.0,1.0,-3.0,-3.0,0.0,-1.0,-1.0,0.9873046875,0.17431640625,0.07470703125,5.914634146341464,-6.951219512195123,0.6097560975609757
10_41_09_836,6.0,1.0,2.0,1.0,1.0,-1.0,-6.0,7.0,0.9833984375,0.169921875,0.08935546875,6.646341463414635,-8.719512195121952,1.707317073170732
10_41_09_836,-18.0,-15.0,2.0,2.0,1.0,-3.0,0.0,3.0,0.98876953125,0.16162109375,0.10986328125,9.451219512195122,-11.890243902439025,0.7317073170731708
10_41_09_836,29.0,-4.0,-6.0,5.0,4.0,-1.0,0.0,-1.0,0.974609375,0.1767578125,0.14404296875,8.170731707317074,-12.80487804878049,1.4634146341463417
10_41_09_896,-6.0,-2.0,1.0,-12.0,-11.0,-29.0,-69.0,1.0,1.00830078125,0.150390625,0.0751953125,0.9146341463414634,-6.829268292682928,-8.170731707317074
10_41_09_896,-8.0,-10.0,-9.0,-8.0,-5.0,2.0,3.0,-12.0,0.97998046875,0.13330078125,0.08740234375,-2.25609756097561,-8.231707317073171,-6.097560975609756
10_41_09_896,10.0,-4.0,-3.0,2.0,4.0,-12.0,22.0,-1.0,0.95751953125,0.138671875,0.10009765625,-1.6463414634146343,-8.414634146341465,-5.365853658536586
10_41_09_896,1.0,13.0,-2.0,0.0,1.0,-2.0,-4.0,-1.0,0.95263671875,0.15283203125,0.10009765625,-2.378048780487805,-6.341463414634147,-3.536585365853659
10_41_09_896,-3.0,-15.0,-4.0,1.0,-1.0,1.0,1.0,3.0,0.97705078125,0.17041015625,0.11376953125,3.1707317073170733,-6.585365853658537,-2.987804878048781
10_41_09_896,7.0,14.0,0.0,-1.0,-1.0,-1.0,-3.0,3.0,0.98779296875,0.15283203125,0.11669921875,9.51219512195122,-9.02439024390244,-3.780487804878049
10_41_09_896,3.0,7.0,2.0,3.0,1.0,-9.0,-3.0,3.0,0.98583984375,0.15087890625,0.12158203125,3.1707317073170733,-12.256097560975611,-3.4756097560975614
10_41_09_896,-11.0,-14.0,-1.0,-3.0,-1.0,-28.0,-13.0,0.0,0.9716796875,0.1513671875,0.13037109375,2.5,-11.219512195121952,-1.524390243902439
10_41_09_896,12.0,-43.0,-13.0,-6.0,1.0,19.0,14.0,-1.0,0.97021484375,0.1767578125,0.099609375,0.06097560975609757,-6.219512195121951,0.5487804878048781
10_41_09_896,-11.0,10.0,10.0,3.0,-6.0,-42.0,1.0,-4.0,0.9873046875,0.17431640625,0.07470703125,5.914634146341464,-6.951219512195123,0.6097560975609757
10_41_09_940,15.0,29.0,4.0,3.0,2.0,4.0,4.0,7.0,0.98193359375,0.17919921875,0.13427734375,-23.29268292682927,1.524390243902439,-15.853658536585368
10_41_09_940,-128.0,-90.0,-9.0,-14.0,0.0,18.0,15.0,-11.0,1.01220703125,0.193359375,0.072265625,-15.30487804878049,0.9756097560975611,-14.146341463414636
10_41_09_940,0.0,22.0,5.0,-5.0,-9.0,-72.0,-9.0,0.0,1.0126953125,0.18359375,0.06787109375,-6.158536585365854,-2.8658536585365857,-10.548780487804878
10_41_09_940,30.0,7.0,3.0,-5.0,-8.0,28.0,-68.0,-3.0,1.00830078125,0.150390625,0.0751953125,0.9146341463414634,-6.829268292682928,-8.170731707317074
10_41_09_940,3.0,10.0,1.0,9.0,10.0,22.0,56.0,8.0,0.97998046875,0.13330078125,0.08740234375,-2.25609756097561,-8.231707317073171,-6.097560975609756
10_41_09_940,-6.0,-22.0,-13.0,0.0,-2.0,14.0,-1.0,-3.0,0.95751953125,0.138671875,0.10009765625,-1.6463414634146343,-8.414634146341465,-5.365853658536586
10_41_09_940,-1.0,4.0,1.0,6.0,2.0,8.0,6.0,-2.0,0.95263671875,0.15283203125,0.10009765625,-2.378048780487805,-6.341463414634147,-3.536585365853659
10_41_09_940,-3.0,14.0,10.0,1.0,4.0,16.0,16.0,-5.0,0.97705078125,0.17041015625,0.11376953125,3.1707317073170733,-6.585365853658537,-2.987804878048781
10_41_09_940,-8.0,-4.0,-4.0,-4.0,5.0,37.0,15.0,2.0,0.98779296875,0.15283203125,0.11669921875,9.51219512195122,-9.02439024390244,-3.780487804878049
10_41_09_940,-3.0,-12.0,-1.0,-5.0,-6.0,-91.0,-22.0,-7.0,0.98583984375,0.15087890625,0.12158203125,3.1707317073170733,-12.256097560975611,-3.4756097560975614
10_41_09_995,1.0,-12.0,-11.0,0.0,2.0,40.0,11.0,1.0,0.98193359375,0.17919921875,0.13427734375,-23.29268292682927,1.524390243902439,-15.853658536585368
10_41_09_995,-44.0,1.0,3.0,0.0,2.0,-10.0,2.0,-2.0,1.01220703125,0.193359375,0.072265625,-15.30487804878049,0.9756097560975611,-14.146341463414636
10_41_09_995,28.0,2.0,-1.0,3.0,3.0,10.0,5.0,3.0,1.0126953125,0.18359375,0.06787109375,-6.158536585365854,-2.8658536585365857,-10.548780487804878
10_41_09_995,15.0,29.0,4.0,3.0,2.0,4.0,4.0,7.0,1.00830078125,0.150390625,0.0751953125,0.9146341463414634,-6.829268292682928,-8.170731707317074
10_41_09_995,-128.0,-90.0,-9.0,-14.0,0.0,18.0,15.0,-11.0,0.97998046875,0.13330078125,0.08740234375,-2.25609756097561,-8.231707317073171,-6.097560975609756
10_41_09_995,0.0,22.0,5.0,-5.0,-9.0,-72.0,-9.0,0.0,0.95751953125,0.138671875,0.10009765625,-1.6463414634146343,-8.414634146341465,-5.365853658536586
10_41_09_995,30.0,7.0,3.0,-5.0,-8.0,28.0,-68.0,-3.0,0.95263671875,0.15283203125,0.10009765625,-2.378048780487805,-6.341463414634147,-3.536585365853659
10_41_09_995,3.0,10.0,1.0,9.0,10.0,22.0,56.0,8.0,0.97705078125,0.17041015625,0.11376953125,3.1707317073170733,-6.585365853658537,-2.987804878048781
10_41_09_995,-6.0,-22.0,-13.0,0.0,-2.0,14.0,-1.0,-3.0,0.98779296875,0.15283203125,0.11669921875,9.51219512195122,-9.02439024390244,-3.780487804878049
10_41_10_045,-1.0,35.0,11.0,4.0,1.0,-5.0,-8.0,8.0,1.0078125,0.18603515625,0.130859375,-26.402439024390247,9.085365853658537,-21.951219512195124
10_41_10_045,8.0,6.0,0.0,-6.0,-1.0,-1.0,-1.0,-2.0,1.01025390625,0.20263671875,0.12109375,-24.451219512195124,3.7195121951219514,-21.951219512195124
10_41_10_045,-72.0,-52.0,-22.0,-11.0,-5.0,0.0,-4.0,-9.0,1.00634765625,0.19775390625,0.14208984375,-22.500000000000004,-0.24390243902439027,-20.60975609756098
10_41_10_045,19.0,33.0,13.0,11.0,5.0,-3.0,-4.0,7.0,1.00537109375,0.15966796875,0.1298828125,-23.10975609756098,-1.9512195121951221,-18.658536585365855
10_41_10_045,-24.0,-43.0,4.0,-16.0,-6.0,-5.0,-2.0,-10.0,0.98779296875,0.16455078125,0.1455078125,-23.84146341463415,-1.829268292682927,-17.378048780487806
10_41_10_045,-1.0,-21.0,-21.0,-2.0,-6.0,-5.0,-2.0,-4.0,0.98193359375,0.17919921875,0.13427734375,-23.29268292682927,1.524390243902439,-15.853658536585368
10_41_10_045,6.0,23.0,9.0,2.0,1.0,-1.0,-2.0,0.0,1.01220703125,0.193359375,0.072265625,-15.30487804878049,0.9756097560975611,-14.146341463414636
10_41_10_045,-7.0,-5.0,4.0,-4.0,1.0,-3.0,-1.0,0.0,1.0126953125,0.18359375,0.06787109375,-6.158536585365854,-2.8658536585365857,-10.548780487804878
10_41_10_045,-2.0,-8.0,6.0,-1.0,-2.0,-6.0,-2.0,-1.0,1.00830078125,0.150390625,0.0751953125,0.9146341463414634,-6.829268292682928,-8.170731707317074
10_41_10_045,-6.0,-14.0,1.0,-7.0,0.0,-2.0,2.0,-6.0,0.97998046875,0.13330078125,0.08740234375,-2.25609756097561,-8.231707317073171,-6.097560975609756
10_41_10_096,19.0,-46.0,4.0,4.0,-6.0,-4.0,-4.0,-2.0,0.998046875,0.14208984375,0.1201171875,-27.80487804878049,18.963414634146343,-21.28048780487805
10_41_10_096,9.0,31.0,-26.0,-7.0,1.0,-1.0,-3.0,1.0,1.015625,0.16357421875,0.12060546875,-25.54878048780488,13.902439024390246,-20.914634146341466
10_41_10_096,-17.0,-25.0,-6.0,-3.0,0.0,-4.0,1.0,-3.0,1.0078125,0.18603515625,0.130859375,-26.402439024390247,9.085365853658537,-21.951219512195124
10_41_10_096,20.0,13.0,4.0,1.0,-4.0,-4.0,-4.0,-1.0,1.01025390625,0.20263671875,0.12109375,-24.451219512195124,3.7195121951219514,-21.951219512195124
10_41_10_096,-12.0,10.0,13.0,-9.0,-1.0,2.0,4.0,-7.0,1.00634765625,0.19775390625,0.14208984375,-22.500000000000004,-0.24390243902439027,-20.60975609756098
10_41_10_096,18.0,-74.0,-28.0,-5.0,-3.0,1.0,6.0,-3.0,1.00537109375,0.15966796875,0.1298828125,-23.10975609756098,-1.9512195121951221,-18.658536585365855
10_41_10_096,-1.0,35.0,11.0,4.0,1.0,-5.0,-8.0,8.0,0.98779296875,0.16455078125,0.1455078125,-23.84146341463415,-1.829268292682927,-17.378048780487806
10_41_10_096,8.0,6.0,0.0,-6.0,-1.0,-1.0,-1.0,-2.0,0.98193359375,0.17919921875,0.13427734375,-23.29268292682927,1.524390243902439,-15.853658536585368
10_41_10_096,-72.0,-52.0,-22.0,-11.0,-5.0,0.0,-4.0,-9.0,1.01220703125,0.193359375,0.072265625,-15.30487804878049,0.9756097560975611,-14.146341463414636
10_41_10_096,19.0,33.0,13.0,11.0,5.0,-3.0,-4.0,7.0,1.0126953125,0.18359375,0.06787109375,-6.158536585365854,-2.8658536585365857,-10.548780487804878
10_41_10_150,16.0,50.0,-30.0,2.0,-6.0,-6.0,-4.0,0.0,0.95556640625,0.11279296875,0.125,-56.524390243902445,25.000000000000004,-22.134146341463417
10_41_10_150,59.0,-5.0,-7.0,4.0,-3.0,-4.0,5.0,4.0,0.97021484375,0.154296875,0.11572265625,-41.40243902439025,23.902439024390247,-21.402439024390247
10_41_10_150,-31.0,14.0,37.0,11.0,2.0,-3.0,-4.0,-3.0,0.998046875,0.14208984375,0.1201171875,-27.80487804878049,18.963414634146343,-21.28048780487805
10_41_10_150,47.0,60.0,19.0,1.0,8.0,4.0,2.0,8.0,1.015625,0.16357421875,0.12060546875,-25.54878048780488,13.902439024390246,-20.914634146341466
10_41_10_150,-17.0,-18.0,-30.0,-7.0,-9.0,-16.0,-4.0,-5.0,1.0078125,0.18603515625,0.130859375,-26.402439024390247,9.085365853658537,-21.951219512195124
10_41_10_150,5.0,-2.0,5.0,2.0,1.0,5.0,2.0,6.0,1.01025390625,0.20263671875,0.12109375,-24.451219512195124,3.7195121951219514,-21.951219512195124
10_41_10_150,2.0,24.0,10.0,1.0,-1.0,1.0,-1.0,0.0,1.00634765625,0.19775390625,0.14208984375,-22.500000000000004,-0.24390243902439027,-20.60975609756098
10_41_10_150,-19.0,-20.0,-8.0,-4.0,-3.0,-4.0,0.0,-4.0,1.00537109375,0.15966796875,0.1298828125,-23.10975609756098,-1.9512195121951221,-18.658536585365855
10_41_10_150,-5.0,9.0,-5.0,8.0,-1.0,0.0,-2.0,1.0,0.98779296875,0.16455078125,0.1455078125,-23.84146341463415,-1.829268292682927,-17.378048780487806
10_41_10_150,8.0,20.0,11.0,-10.0,-3.0,-5.0,9.0,-3.0,0.98193359375,0.17919921875,0.13427734375,-23.29268292682927,1.524390243902439,-15.853658536585368
10_41_10_196,3.0,-3.0,-1.0,-1.0,-6.0,-2.0,-3.0,-1.0,0.93310546875,-0.0478515625,0.14404296875,-29.573170731707318,12.073170731707318,-12.134146341463415
10_41_10_196,-5.0,-3.0,4.0,-4.0,-2.0,-1.0,-3.0,-2.0,0.93798828125,-0.029296875,0.125,-40.91463414634147,17.25609756097561,-16.219512195121954
10_41_10_196,-2.0,-4.0,-35.0,-10.0,-2.0,-1.0,1.0,-6.0,0.93798828125,0.01318359375,0.13427734375,-55.365853658536594,20.853658536585368,-18.53658536585366
10_41_10_196,3.0,1.0,12.0,3.0,1.0,2.0,-1.0,1.0,0.95556640625,0.11279296875,0.125,-56.524390243902445,25.000000000000004,-22.134146341463417
10_41_10_196,-22.0,-34.0,-3.0,-6.0,-9.0,2.0,1.0,-12.0,0.97021484375,0.154296875,0.11572265625,-41.40243902439025,23.902439024390247,-21.402439024390247
10_41_10_196,34.0,-4.0,3.0,4.0,5.0,-4.0,1.0,0.0,0.998046875,0.14208984375,0.1201171875,-27.80487804878049,18.963414634146343,-21.28048780487805
10_41_10_196,1.0,-12.0,6.0,-2.0,-1.0,-4.0,-5.0,-5.0,1.015625,0.16357421875,0.12060546875,-25.54878048780488,13.902439024390246,-20.914634146341466
10_41_10_196,27.0,-30.0,-17.0,-3.0,-3.0,-3.0,-1.0,-3.0,1.0078125,0.18603515625,0.130859375,-26.402439024390247,9.085365853658537,-21.951219512195124
10_41_10_196,15.0,44.0,18.0,11.0,-1.0,-7.0,-8.0,7.0,1.01025390625,0.20263671875,0.12109375,-24.451219512195124,3.7195121951219514,-21.951219512195124
10_41_10_196,-6.0,19.0,-13.0,-11.0,4.0,5.0,4.0,-5.0,1.00634765625,0.19775390625,0.14208984375,-22.500000000000004,-0.24390243902439027,-20.60975609756098
10_41_10_241,22.0,-4.0,-5.0,-5.0,-4.0,-4.0,8.0,1.0,0.96484375,0.0029296875,0.220703125,3.963414634146342,8.719512195121952,-2.3170731707317076
10_41_10_241,-12.0,2.0,-10.0,-3.0,-4.0,-2.0,3.0,-4.0,0.9296875,-0.0419921875,0.17822265625,-17.5,7.987804878048781,-7.195121951219513
10_41_10_241,23.0,27.0,27.0,15.0,4.0,-1.0,-6.0,-5.0,0.93310546875,-0.0478515625,0.14404296875,-29.573170731707318,12.073170731707318,-12.134146341463415
10_41_10_241,-13.0,-17.0,19.0,-8.0,-5.0,-2.0,4.0,-3.0,0.93798828125,-0.029296875,0.125,-40.91463414634147,17.25609756097561,-16.219512195121954
10_41_10_241,-1.0,-3.0,-14.0,-10.0,-8.0,-2.0,-8.0,4.0,0.93798828125,0.01318359375,0.13427734375,-55.365853658536594,20.853658536585368,-18.53658536585366
10_41_10_241,0.0,6.0,10.0,2.0,2.0,-2.0,-2.0,0.0,0.95556640625,0.11279296875,0.125,-56.524390243902445,25.000000000000004,-22.134146341463417
10_41_10_241,-43.0,-10.0,-8.0,-8.0,-9.0,-2.0,5.0,-19.0,0.97021484375,0.154296875,0.11572265625,-41.40243902439025,23.902439024390247,-21.402439024390247
10_41_10_241,-6.0,-22.0,-24.0,-10.0,0.0,-1.0,-3.0,-4.0,0.998046875,0.14208984375,0.1201171875,-27.80487804878049,18.963414634146343,-21.28048780487805
10_41_10_241,3.0,-3.0,-1.0,-1.0,-6.0,-2.0,-3.0,-1.0,1.015625,0.16357421875,0.12060546875,-25.54878048780488,13.902439024390246,-20.914634146341466
10_41_10_241,-5.0,-3.0,4.0,-4.0,-2.0,-1.0,-3.0,-2.0,1.0078125,0.18603515625,0.130859375,-26.402439024390247,9.085365853658537,-21.951219512195124
10_41_10_307,0.0,9.0,7.0,8.0,1.0,-5.0,0.0,2.0,1.02001953125,0.19970703125,0.3232421875,4.817073170731708,37.07317073170732,13.658536585365855
10_41_10_307,-13.0,-21.0,1.0,-6.0,0.0,0.0,-1.0,15.0,1.0419921875,0.1591796875,0.27490234375,18.10975609756098,27.743902439024392,6.219512195121951
10_41_10_307,-9.0,-5.0,-4.0,-1.0,0.0,0.0,8.0,-16.0,1.015625,0.0859375,0.2578125,21.463414634146343,16.219512195121954,1.829268292682927
10_41_10_307,24.0,22.0,2.0,1.0,-5.0,-3.0,-24.0,0.0,0.96484375,0.0029296875,0.220703125,3.963414634146342,8.719512195121952,-2.3170731707317076
10_41_10_307,3.0,-5.0,-3.0,-1.0,-3.0,1.0,10.0,-2.0,0.9296875,-0.0419921875,0.17822265625,-17.5,7.987804878048781,-7.195121951219513
10_41_10_307,7.0,5.0,1.0,0.0,-1.0,2.0,5.0,-1.0,0.93310546875,-0.0478515625,0.14404296875,-29.573170731707318,12.073170731707318,-12.134146341463415
10_41_10_307,10.0,7.0,-1.0,1.0,7.0,-3.0,5.0,-8.0,0.93798828125,-0.029296875,0.125,-40.91463414634147,17.25609756097561,-16.219512195121954
10_41_10_307,-10.0,9.0,2.0,-4.0,1.0,-1.0,2.0,-6.0,0.93798828125,0.01318359375,0.13427734375,-55.365853658536594,20.853658536585368,-18.53658536585366
10_41_10_307,4.0,-2.0,-3.0,-5.0,3.0,-1.0,9.0,-3.0,0.95556640625,0.11279296875,0.125,-56.524390243902445,25.000000000000004,-22.134146341463417
10_41_10_307,-12.0,-3.0,-3.0,-4.0,-5.0,0.0,-32.0,-2.0,0.97021484375,0.154296875,0.11572265625,-41.40243902439025,23.902439024390247,-21.402439024390247
10_41_10_347,-2.0,-11.0,-5.0,-2.0,-1.0,4.0,4.0,0.0,0.904296875,0.14697265625,0.330078125,6.2804878048780495,29.75609756097561,31.89024390243903
10_41_10_347,3.0,11.0,0.0,4.0,-1.0,-4.0,1.0,-10.0,0.9306640625,0.171875,0.32177734375,1.0365853658536586,36.40243902439025,28.719512195121954
10_41_10_347,-34.0,8.0,2.0,-8.0,-9.0,-1.0,-2.0,-3.0,0.98095703125,0.21337890625,0.349609375,-0.30487804878048785,39.08536585365854,21.707317073170735
10_41_10_347,46.0,26.0,-7.0,3.0,0.0,-5.0,-4.0,9.0,1.02001953125,0.19970703125,0.3232421875,4.817073170731708,37.07317073170732,13.658536585365855
10_41_10_347,-7.0,-25.0,-6.0,-2.0,0.0,1.0,0.0,0.0,1.0419921875,0.1591796875,0.27490234375,18.10975609756098,27.743902439024392,6.219512195121951
10_41_10_347,-3.0,-11.0,3.0,-1.0,1.0,-2.0,5.0,-1.0,1.015625,0.0859375,0.2578125,21.463414634146343,16.219512195121954,1.829268292682927
10_41_10_347,1.0,-10.0,-4.0,-4.0,1.0,3.0,1.0,-2.0,0.96484375,0.0029296875,0.220703125,3.963414634146342,8.719512195121952,-2.3170731707317076
10_41_10_347,-1.0,1.0,0.0,-2.0,-1.0,-2.0,3.0,-5.0,0.9296875,-0.0419921875,0.17822265625,-17.5,7.987804878048781,-7.195121951219513
10_41_10_347,-1.0,1.0,2.0,1.0,-1.0,-2.0,2.0,-4.0,0.93310546875,-0.0478515625,0.14404296875,-29.573170731707318,12.073170731707318,-12.134146341463415
10_41_10_347,-2.0,6.0,2.0,-1.0,-1.0,2.0,3.0,1.0,0.93798828125,-0.029296875,0.125,-40.91463414634147,17.25609756097561,-16.219512195121954
10_41_10_404,-2.0,1.0,-4.0,-6.0,-4.0,-4.0,3.0,1.0,0.904296875,0.14697265625,0.330078125,6.2804878048780495,29.75609756097561,31.89024390243903
10_41_10_404,4.0,-3.0,2.0,2.0,3.0,-1.0,3.0,1.0,0.9306640625,0.171875,0.32177734375,1.0365853658536586,36.40243902439025,28.719512195121954
10_41_10_404,16.0,4.0,-3.0,3.0,0.0,2.0,-1.0,2.0,0.98095703125,0.21337890625,0.349609375,-0.30487804878048785,39.08536585365854,21.707317073170735
10_41_10_404,-2.0,-11.0,-5.0,-2.0,-1.0,4.0,4.0,0.0,1.02001953125,0.19970703125,0.3232421875,4.817073170731708,37.07317073170732,13.658536585365855
10_41_10_404,3.0,11.0,0.0,4.0,-1.0,-4.0,1.0,-10.0,1.0419921875,0.1591796875,0.27490234375,18.10975609756098,27.743902439024392,6.219512195121951
10_41_10_404,-34.0,8.0,2.0,-8.0,-9.0,-1.0,-2.0,-3.0,1.015625,0.0859375,0.2578125,21.463414634146343,16.219512195121954,1.829268292682927
10_41_10_404,46.0,26.0,-7.0,3.0,0.0,-5.0,-4.0,9.0,0.96484375,0.0029296875,0.220703125,3.963414634146342,8.719512195121952,-2.3170731707317076
10_41_10_404,-7.0,-25.0,-6.0,-2.0,0.0,1.0,0.0,0.0,0.9296875,-0.0419921875,0.17822265625,-17.5,7.987804878048781,-7.195121951219513
10_41_10_404,-3.0,-11.0,3.0,-1.0,1.0,-2.0,5.0,-1.0,0.93310546875,-0.0478515625,0.14404296875,-29.573170731707318,12.073170731707318,-12.134146341463415
10_41_10_451,-5.0,1.0,-4.0,-1.0,4.0,1.0,3.0,-4.0,0.80615234375,0.177734375,0.16259765625,1.707317073170732,18.475609756097562,22.80487804878049
10_41_10_451,-4.0,5.0,-1.0,3.0,-1.0,0.0,3.0,-4.0,0.7451171875,0.37646484375,0.28173828125,2.3170731707317076,22.743902439024392,22.134146341463417
10_41_10_451,13.0,-5.0,0.0,-3.0,-4.0,-7.0,-3.0,10.0,0.796875,0.3271484375,0.2705078125,4.146341463414634,24.390243902439025,19.75609756097561
10_41_10_451,0.0,-2.0,0.0,-5.0,-6.0,0.0,2.0,-2.0,0.86376953125,0.14697265625,0.29296875,10.0,22.378048780487806,28.292682926829272
10_41_10_451,-4.0,-4.0,2.0,1.0,-5.0,-7.0,0.0,2.0,0.904296875,0.14697265625,0.330078125,6.2804878048780495,29.75609756097561,31.89024390243903
10_41_10_451,0.0,-9.0,-10.0,-7.0,-9.0,-1.0,-1.0,0.0,0.9306640625,0.171875,0.32177734375,1.0365853658536586,36.40243902439025,28.719512195121954
10_41_10_451,2.0,0.0,-2.0,6.0,-3.0,-1.0,-1.0,2.0,0.98095703125,0.21337890625,0.349609375,-0.30487804878048785,39.08536585365854,21.707317073170735
10_41_10_451,-47.0,51.0,38.0,10.0,-8.0,-3.0,-3.0,-4.0,1.02001953125,0.19970703125,0.3232421875,4.817073170731708,37.07317073170732,13.658536585365855
10_41_10_451,13.0,-26.0,-2.0,-1.0,-6.0,-3.0,0.0,-1.0,1.0419921875,0.1591796875,0.27490234375,18.10975609756098,27.743902439024392,6.219512195121951
10_41_10_505,-37.0,-9.0,-3.0,-1.0,0.0,2.0,3.0,6.0,1.068359375,0.099609375,0.18603515625,20.853658536585368,8.353658536585366,18.53658536585366
10_41_10_505,13.0,-9.0,-7.0,-2.0,-1.0,0.0,-1.0,-7.0,0.93896484375,-0.00732421875,0.13330078125,6.341463414634147,4.573170731707317,20.30487804878049
10_41_10_505,-1.0,1.0,-3.0,-6.0,-2.0,0.0,0.0,3.0,0.80615234375,0.177734375,0.16259765625,1.707317073170732,18.475609756097562,22.80487804878049
10_41_10_505,1.0,2.0,3.0,-1.0,0.0,-2.0,-1.0,-4.0,0.7451171875,0.37646484375,0.28173828125,2.3170731707317076,22.743902439024392,22.134146341463417
10_41_10_505,0.0,0.0,0.0,5.0,0.0,-1.0,0.0,6.0,0.796875,0.3271484375,0.2705078125,4.146341463414634,24.390243902439025,19.75609756097561
10_41_10_505,-5.0,1.0,-4.0,-1.0,4.0,1.0,3.0,-4.0,0.86376953125,0.14697265625,0.29296875,10.0,22.378048780487806,28.292682926829272
10_41_10_505,-4.0,5.0,-1.0,3.0,-1.0,0.0,3.0,-4.0,0.904296875,0.14697265625,0.330078125,6.2804878048780495,29.75609756097561,31.89024390243903
10_41_10_505,13.0,-5.0,0.0,-3.0,-4.0,-7.0,-3.0,10.0,0.9306640625,0.171875,0.32177734375,1.0365853658536586,36.40243902439025,28.719512195121954
10_41_10_505,0.0,-2.0,0.0,-5.0,-6.0,0.0,2.0,-2.0,0.98095703125,0.21337890625,0.349609375,-0.30487804878048785,39.08536585365854,21.707317073170735
10_41_10_505,-4.0,-4.0,2.0,1.0,-5.0,-7.0,0.0,2.0,1.02001953125,0.19970703125,0.3232421875,4.817073170731708,37.07317073170732,13.658536585365855
10_41_10_544,-4.0,8.0,3.0,2.0,-2.0,-5.0,0.0,-5.0,0.83935546875,0.2763671875,0.2451171875,-13.170731707317074,40.0,28.353658536585368
10_41_10_544,-2.0,-3.0,-6.0,-2.0,-5.0,-3.0,-4.0,0.0,0.87939453125,0.30419921875,0.20166015625,14.207317073170733,36.951219512195124,20.975609756097562
10_41_10_544,0.0,6.0,1.0,-3.0,-2.0,3.0,0.0,0.0,0.9580078125,0.3662109375,0.1865234375,40.85365853658537,30.853658536585368,14.878048780487806
10_41_10_544,5.0,-6.0,-27.0,-4.0,1.0,-1.0,-3.0,-4.0,1.00390625,0.30810546875,0.18798828125,40.304878048780495,21.28048780487805,12.073170731707318
10_41_10_544,0.0,0.0,22.0,-5.0,-1.0,-5.0,5.0,0.0,1.068359375,0.099609375,0.18603515625,20.853658536585368,8.353658536585366,18.53658536585366
10_41_10_544,0.0,-11.0,-10.0,-3.0,0.0,-2.0,-4.0,-1.0,0.93896484375,-0.00732421875,0.13330078125,6.341463414634147,4.573170731707317,20.30487804878049
10_41_10_544,-4.0,0.0,-3.0,4.0,2.0,3.0,-2.0,1.0,0.80615234375,0.177734375,0.16259765625,1.707317073170732,18.475609756097562,22.80487804878049
10_41_10_544,-17.0,8.0,-1.0,0.0,-2.0,-2.0,1.0,3.0,0.7451171875,0.37646484375,0.28173828125,2.3170731707317076,22.743902439024392,22.134146341463417
10_41_10_544,15.0,-19.0,0.0,-5.0,-3.0,-4.0,4.0,-5.0,0.796875,0.3271484375,0.2705078125,4.146341463414634,24.390243902439025,19.75609756097561
10_41_10_544,10.0,30.0,26.0,12.0,4.0,1.0,-2.0,6.0,0.86376953125,0.14697265625,0.29296875,10.0,22.378048780487806,28.292682926829272
10_41_10_609,13.0,-1.0,-2.0,1.0,-2.0,0.0,1.0,-3.0,0.79443359375,0.2978515625,0.36328125,2.804878048780488,41.58536585365854,21.585365853658537
10_41_10_609,8.0,-4.0,4.0,1.0,1.0,-5.0,-5.0,6.0,0.806640625,0.27978515625,0.30859375,-10.548780487804878,41.34146341463415,25.853658536585368
10_41_10_609,-12.0,5.0,10.0,-1.0,0.0,2.0,4.0,-1.0,0.83935546875,0.2763671875,0.2451171875,-13.170731707317074,40.0,28.353658536585368
10_41_10_609,-5.0,-11.0,-15.0,-1.0,-2.0,-7.0,5.0,7.0,0.87939453125,0.30419921875,0.20166015625,14.207317073170733,36.951219512195124,20.975609756097562
10_41_10_609,10.0,2.0,6.0,3.0,6.0,3.0,15.0,1.0,0.9580078125,0.3662109375,0.1865234375,40.85365853658537,30.853658536585368,14.878048780487806
10_41_10_609,-11.0,24.0,-21.0,-2.0,1.0,1.0,-8.0,-10.0,1.00390625,0.30810546875,0.18798828125,40.304878048780495,21.28048780487805,12.073170731707318
10_41_10_609,2.0,-7.0,3.0,6.0,-1.0,0.0,19.0,19.0,1.068359375,0.099609375,0.18603515625,20.853658536585368,8.353658536585366,18.53658536585366
10_41_10_609,8.0,15.0,-1.0,2.0,-5.0,-2.0,-9.0,-7.0,0.93896484375,-0.00732421875,0.13330078125,6.341463414634147,4.573170731707317,20.30487804878049
10_41_10_609,-4.0,8.0,3.0,2.0,-2.0,-5.0,0.0,-5.0,0.80615234375,0.177734375,0.16259765625,1.707317073170732,18.475609756097562,22.80487804878049
10_41_10_609,-2.0,-3.0,-6.0,-2.0,-5.0,-3.0,-4.0,0.0,0.7451171875,0.37646484375,0.28173828125,2.3170731707317076,22.743902439024392,22.134146341463417
10_41_10_654,4.0,-4.0,-4.0,-8.0,-3.0,-1.0,-6.0,-5.0,0.7275390625,0.33837890625,0.3994140625,12.256097560975611,36.58536585365854,18.719512195121954
10_41_10_654,3.0,12.0,13.0,0.0,-2.0,-4.0,-10.0,-3.0,0.76318359375,0.36474609375,0.41796875,11.585365853658537,40.426829268292686,19.75609756097561
10_41_10_654,-8.0,2.0,-9.0,5.0,0.0,3.0,1.0,3.0,0.79443359375,0.2978515625,0.36328125,2.804878048780488,41.58536585365854,21.585365853658537
10_41_10_654,-9.0,1.0,-2.0,-2.0,0.0,2.0,-6.0,-6.0,0.806640625,0.27978515625,0.30859375,-10.548780487804878,41.34146341463415,25.853658536585368
10_41_10_654,8.0,-2.0,4.0,-4.0,0.0,-1.0,-4.0,3.0,0.83935546875,0.2763671875,0.2451171875,-13.170731707317074,40.0,28.353658536585368
10_41_10_654,-13.0,10.0,32.0,5.0,6.0,-1.0,0.0,1.0,0.87939453125,0.30419921875,0.20166015625,14.207317073170733,36.951219512195124,20.975609756097562
10_41_10_654,1.0,8.0,-28.0,-5.0,-3.0,-2.0,-4.0,1.0,0.9580078125,0.3662109375,0.1865234375,40.85365853658537,30.853658536585368,14.878048780487806
10_41_10_654,-7.0,-21.0,1.0,0.0,-1.0,-1.0,-1.0,-10.0,1.00390625,0.30810546875,0.18798828125,40.304878048780495,21.28048780487805,12.073170731707318
10_41_10_654,22.0,-39.0,-23.0,-9.0,-7.0,-2.0,-1.0,-9.0,1.068359375,0.099609375,0.18603515625,20.853658536585368,8.353658536585366,18.53658536585366
10_41_10_654,-50.0,-31.0,17.0,2.0,-2.0,-2.0,-4.0,-1.0,0.93896484375,-0.00732421875,0.13330078125,6.341463414634147,4.573170731707317,20.30487804878049
10_41_10_705,10.0,9.0,-1.0,4.0,2.0,1.0,-4.0,-1.0,0.818359375,0.23486328125,0.54248046875,20.731707317073173,32.19512195121951,12.256097560975611
10_41_10_705,-7.0,-7.0,-17.0,0.0,2.0,-2.0,10.0,2.0,0.7822265625,0.2783203125,0.51416015625,7.560975609756098,34.390243902439025,14.878048780487806
10_41_10_705,7.0,10.0,16.0,-2.0,2.0,2.0,6.0,0.0,0.76953125,0.3154296875,0.4384765625,4.51219512195122,36.15853658536586,17.439024390243905
10_41_10_705,-21.0,-1.0,-26.0,-2.0,1.0,-2.0,-4.0,-5.0,0.7275390625,0.33837890625,0.3994140625,12.256097560975611,36.58536585365854,18.719512195121954
10_41_10_705,8.0,-1.0,4.0,1.0,0.0,-1.0,-43.0,5.0,0.76318359375,0.36474609375,0.41796875,11.585365853658537,40.426829268292686,19.75609756097561
10_41_10_705,-7.0,-57.0,-33.0,-11.0,-7.0,-2.0,11.0,-9.0,0.79443359375,0.2978515625,0.36328125,2.804878048780488,41.58536585365854,21.585365853658537
10_41_10_705,-8.0,38.0,1.0,-3.0,-4.0,-1.0,-7.0,-6.0,0.806640625,0.27978515625,0.30859375,-10.548780487804878,41.34146341463415,25.853658536585368
10_41_10_705,2.0,-30.0,-8.0,-1.0,5.0,5.0,-1.0,-4.0,0.83935546875,0.2763671875,0.2451171875,-13.170731707317074,40.0,28.353658536585368
10_41_10_705,6.0,28.0,12.0,5.0,-3.0,-2.0,-4.0,-2.0,0.87939453125,0.30419921875,0.20166015625,14.207317073170733,36.951219512195124,20.975609756097562
10_41_10_705,1.0,-3.0,-4.0,-1.0,-1.0,0.0,8.0,5.0,0.9580078125,0.3662109375,0.1865234375,40.85365853658537,30.853658536585368,14.878048780487806
10_41_10_752,4.0,17.0,-4.0,-3.0,-5.0,0.0,-4.0,1.0,0.81982421875,0.20556640625,0.49267578125,20.48780487804878,38.65853658536586,11.219512195121952
10_41_10_752,3.0,-3.0,0.0,1.0,2.0,1.0,-1.0,-5.0,0.83447265625,0.240234375,0.548828125,31.09756097560976,34.51219512195122,7.8048780487804885
10_41_10_752,11.0,13.0,2.0,-2.0,0.0,-4.0,0.0,5.0,0.83544921875,0.2626953125,0.55322265625,26.09756097560976,31.82926829268293,7.8048780487804885
10_41_10_752,-4.0,-1.0,1.0,1.0,4.0,-1.0,-3.0,1.0,0.818359375,0.23486328125,0.54248046875,20.731707317073173,32.19512195121951,12.256097560975611
10_41_10_752,6.0,1.0,13.0,4.0,1.0,2.0,11.0,10.0,0.7822265625,0.2783203125,0.51416015625,7.560975609756098,34.390243902439025,14.878048780487806
10_41_10_752,2.0,-7.0,-19.0,-2.0,-4.0,-5.0,-13.0,-2.0,0.76953125,0.3154296875,0.4384765625,4.51219512195122,36.15853658536586,17.439024390243905
10_41_10_752,4.0,5.0,10.0,3.0,-1.0,0.0,-3.0,4.0,0.7275390625,0.33837890625,0.3994140625,12.256097560975611,36.58536585365854,18.719512195121954
10_41_10_752,-14.0,-6.0,-24.0,-1.0,-1.0,0.0,2.0,-6.0,0.76318359375,0.36474609375,0.41796875,11.585365853658537,40.426829268292686,19.75609756097561
10_41_10_752,12.0,-2.0,3.0,3.0,-4.0,0.0,-4.0,10.0,0.79443359375,0.2978515625,0.36328125,2.804878048780488,41.58536585365854,21.585365853658537
10_41_10_752,12.0,20.0,22.0,10.0,1.0,-1.0,-2.0,1.0,0.806640625,0.27978515625,0.30859375,-10.548780487804878,41.34146341463415,25.853658536585368
10_41_10_804,-14.0,-62.0,-12.0,-6.0,-7.0,-1.0,-12.0,-17.0,0.798828125,0.208984375,0.47802734375,18.597560975609756,40.426829268292686,8.597560975609756
10_41_10_804,15.0,11.0,2.0,4.0,4.0,0.0,-3.0,8.0,0.81982421875,0.20556640625,0.49267578125,20.48780487804878,38.65853658536586,11.219512195121952
10_41_10_804,-3.0,9.0,-2.0,-2.0,-3.0,-1.0,14.0,10.0,0.83447265625,0.240234375,0.548828125,31.09756097560976,34.51219512195122,7.8048780487804885
10_41_10_804,-10.0,-4.0,-5.0,-6.0,-4.0,0.0,-6.0,-8.0,0.83544921875,0.2626953125,0.55322265625,26.09756097560976,31.82926829268293,7.8048780487804885
10_41_10_804,4.0,4.0,3.0,-4.0,-3.0,-2.0,-2.0,-2.0,0.818359375,0.23486328125,0.54248046875,20.731707317073173,32.19512195121951,12.256097560975611
10_41_10_804,5.0,-19.0,-14.0,2.0,-6.0,-2.0,-5.0,1.0,0.7822265625,0.2783203125,0.51416015625,7.560975609756098,34.390243902439025,14.878048780487806
10_41_10_804,12.0,6.0,-14.0,-4.0,-1.0,-3.0,-3.0,-1.0,0.76953125,0.3154296875,0.4384765625,4.51219512195122,36.15853658536586,17.439024390243905
10_41_10_804,-2.0,-45.0,-5.0,-1.0,-4.0,-4.0,8.0,-2.0,0.7275390625,0.33837890625,0.3994140625,12.256097560975611,36.58536585365854,18.719512195121954
10_41_10_804,10.0,-1.0,3.0,2.0,1.0,-3.0,-7.0,4.0,0.76318359375,0.36474609375,0.41796875,11.585365853658537,40.426829268292686,19.75609756097561
10_41_10_847,-1.0,29.0,7.0,0.0,-1.0,-1.0,2.0,-2.0,0.7841796875,0.1494140625,0.45703125,22.378048780487806,39.51219512195122,10.670731707317074
10_41_10_847,-3.0,3.0,10.0,6.0,0.0,1.0,-4.0,0.0,0.78857421875,0.16162109375,0.43994140625,20.0,40.1829268292683,7.865853658536586
10_41_10_847,1.0,-4.0,-4.0,-2.0,-2.0,4.0,-3.0,1.0,0.796875,0.21435546875,0.4765625,18.231707317073173,41.58536585365854,6.707317073170732
10_41_10_847,11.0,15.0,10.0,-7.0,-1.0,4.0,-4.0,-6.0,0.798828125,0.208984375,0.47802734375,18.597560975609756,40.426829268292686,8.597560975609756
10_41_10_847,2.0,-8.0,-2.0,-3.0,1.0,-5.0,11.0,6.0,0.81982421875,0.20556640625,0.49267578125,20.48780487804878,38.65853658536586,11.219512195121952
10_41_10_847,-16.0,-8.0,-7.0,-1.0,-2.0,1.0,-5.0,-9.0,0.83447265625,0.240234375,0.548828125,31.09756097560976,34.51219512195122,7.8048780487804885
10_41_10_847,-1.0,-8.0,1.0,-6.0,-2.0,-3.0,-5.0,-11.0,0.83544921875,0.2626953125,0.55322265625,26.09756097560976,31.82926829268293,7.8048780487804885
10_41_10_847,-65.0,-17.0,-5.0,-14.0,-5.0,1.0,1.0,-9.0,0.818359375,0.23486328125,0.54248046875,20.731707317073173,32.19512195121951,12.256097560975611
10_41_10_847,22.0,-31.0,-7.0,4.0,3.0,-4.0,-8.0,6.0,0.7822265625,0.2783203125,0.51416015625,7.560975609756098,34.390243902439025,14.878048780487806
10_41_10_912,16.0,11.0,-41.0,1.0,-1.0,2.0,2.0,2.0,0.8017578125,0.14404296875,0.458984375,40.60975609756098,22.195121951219512,10.121951219512196
10_41_10_912,-16.0,-11.0,11.0,2.0,0.0,0.0,2.0,-3.0,0.7763671875,0.138671875,0.44482421875,32.5,29.146341463414636,10.853658536585368
10_41_10_912,13.0,34.0,6.0,-3.0,-4.0,-4.0,4.0,-19.0,0.74267578125,0.17041015625,0.4609375,24.32926829268293,36.09756097560976,9.878048780487806
10_41_10_912,-2.0,-26.0,-11.0,-3.0,-3.0,2.0,-10.0,0.0,0.7421875,0.17919921875,0.4580078125,25.426829268292686,39.87804878048781,10.670731707317074
10_41_10_912,0.0,3.0,1.0,2.0,1.0,1.0,-10.0,3.0,0.7841796875,0.1494140625,0.45703125,22.378048780487806,39.51219512195122,10.670731707317074
10_41_10_912,-23.0,-1.0,-20.0,-4.0,0.0,1.0,18.0,-5.0,0.78857421875,0.16162109375,0.43994140625,20.0,40.1829268292683,7.865853658536586
10_41_10_912,0.0,10.0,14.0,-6.0,-5.0,-2.0,3.0,2.0,0.796875,0.21435546875,0.4765625,18.231707317073173,41.58536585365854,6.707317073170732
10_41_10_912,-4.0,-36.0,-12.0,-7.0,-7.0,-3.0,3.0,-3.0,0.798828125,0.208984375,0.47802734375,18.597560975609756,40.426829268292686,8.597560975609756
10_41_10_912,1.0,9.0,9.0,4.0,3.0,-1.0,-1.0,0.0,0.81982421875,0.20556640625,0.49267578125,20.48780487804878,38.65853658536586,11.219512195121952
10_41_10_912,-12.0,-2.0,-7.0,-1.0,2.0,-5.0,-2.0,0.0,0.83447265625,0.240234375,0.548828125,31.09756097560976,34.51219512195122,7.8048780487804885
10_41_10_954,-24.0,-3.0,-3.0,-4.0,-3.0,3.0,-15.0,-11.0,0.82470703125,0.2021484375,0.3837890625,24.81707317073171,9.817073170731708,13.414634146341465
10_41_10_954,-12.0,-20.0,-2.0,-4.0,3.0,3.0,13.0,4.0,0.81396484375,0.1708984375,0.435546875,34.207317073170735,14.085365853658537,11.52439024390244
10_41_10_954,10.0,-4.0,-10.0,-5.0,-1.0,-2.0,-10.0,2.0,0.8017578125,0.14404296875,0.458984375,40.60975609756098,22.195121951219512,10.121951219512196
10_41_10_954,-10.0,-6.0,-4.0,-5.0,-2.0,-1.0,-2.0,-7.0,0.7763671875,0.138671875,0.44482421875,32.5,29.146341463414636,10.853658536585368
10_41_10_954,-20.0,12.0,5.0,5.0,3.0,-2.0,15.0,0.0,0.74267578125,0.17041015625,0.4609375,24.32926829268293,36.09756097560976,9.878048780487806
10_41_10_954,-19.0,-43.0,-8.0,-7.0,0.0,0.0,-3.0,-7.0,0.7421875,0.17919921875,0.4580078125,25.426829268292686,39.87804878048781,10.670731707317074
10_41_10_954,8.0,30.0,3.0,4.0,-3.0,-5.0,-42.0,2.0,0.7841796875,0.1494140625,0.45703125,22.378048780487806,39.51219512195122,10.670731707317074
10_41_10_954,-3.0,-26.0,-5.0,-2.0,2.0,-2.0,13.0,-5.0,0.78857421875,0.16162109375,0.43994140625,20.0,40.1829268292683,7.865853658536586
10_41_10_954,7.0,32.0,5.0,7.0,1.0,0.0,11.0,9.0,0.796875,0.21435546875,0.4765625,18.231707317073173,41.58536585365854,6.707317073170732
10_41_10_954,6.0,0.0,2.0,-6.0,1.0,-6.0,-31.0,-4.0,0.798828125,0.208984375,0.47802734375,18.597560975609756,40.426829268292686,8.597560975609756
10_41_11_000,-2.0,-5.0,-22.0,2.0,-2.0,-1.0,-2.0,4.0,0.796875,0.1611328125,0.34326171875,14.573170731707318,-0.6707317073170732,14.756097560975611
10_41_11_000,-13.0,23.0,-3.0,-6.0,-1.0,-1.0,-5.0,-3.0,0.80224609375,0.18359375,0.3564453125,15.000000000000002,4.51219512195122,13.658536585365855
10_41_11_000,-2.0,-48.0,-7.0,-5.0,-1.0,2.0,4.0,-4.0,0.8212890625,0.2099609375,0.37060546875,16.951219512195124,7.8048780487804885,13.719512195121952
10_41_11_000,2.0,4.0,-1.0,-6.0,3.0,1.0,-1.0,-2.0,0.82470703125,0.2021484375,0.3837890625,24.81707317073171,9.817073170731708,13.414634146341465
10_41_11_000,-3.0,-1.0,-2.0,2.0,3.0,-1.0,2.0,2.0,0.81396484375,0.1708984375,0.435546875,34.207317073170735,14.085365853658537,11.52439024390244
10_41_11_000,-6.0,5.0,4.0,2.0,-2.0,2.0,-7.0,-21.0,0.8017578125,0.14404296875,0.458984375,40.60975609756098,22.195121951219512,10.121951219512196
10_41_11_000,5.0,24.0,10.0,2.0,-3.0,-6.0,7.0,7.0,0.7763671875,0.138671875,0.44482421875,32.5,29.146341463414636,10.853658536585368
10_41_11_000,-9.0,-27.0,-29.0,-8.0,2.0,-1.0,28.0,8.0,0.74267578125,0.17041015625,0.4609375,24.32926829268293,36.09756097560976,9.878048780487806
10_41_11_000,15.0,0.0,4.0,5.0,4.0,-4.0,-17.0,6.0,0.7421875,0.17919921875,0.4580078125,25.426829268292686,39.87804878048781,10.670731707317074
10_41_11_000,7.0,14.0,-2.0,-3.0,-3.0,-2.0,9.0,3.0,0.7841796875,0.1494140625,0.45703125,22.378048780487806,39.51219512195122,10.670731707317074
10_41_11_064,24.0,27.0,6.0,5.0,3.0,-5.0,2.0,6.0,0.8115234375,0.1630859375,0.33642578125,20.426829268292686,-6.2804878048780495,15.060975609756099
10_41_11_064,0.0,8.0,-2.0,0.0,0.0,-1.0,-7.0,1.0,0.796875,0.1611328125,0.34326171875,14.573170731707318,-0.6707317073170732,14.756097560975611
10_41_11_064,9.0,2.0,2.0,2.0,-3.0,3.0,-8.0,3.0,0.80224609375,0.18359375,0.3564453125,15.000000000000002,4.51219512195122,13.658536585365855
10_41_11_064,-1.0,4.0,14.0,1.0,4.0,7.0,8.0,0.0,0.8212890625,0.2099609375,0.37060546875,16.951219512195124,7.8048780487804885,13.719512195121952
10_41_11_064,-11.0,-31.0,-3.0,0.0,-1.0,-14.0,-8.0,6.0,0.82470703125,0.2021484375,0.3837890625,24.81707317073171,9.817073170731708,13.414634146341465
10_41_11_064,6.0,-3.0,-1.0,6.0,-4.0,2.0,8.0,18.0,0.81396484375,0.1708984375,0.435546875,34.207317073170735,14.085365853658537,11.52439024390244
10_41_11_064,8.0,-3.0,-10.0,-3.0,2.0,-4.0,23.0,5.0,0.8017578125,0.14404296875,0.458984375,40.60975609756098,22.195121951219512,10.121951219512196
10_41_11_064,21.0,-12.0,2.0,-8.0,-8.0,0.0,5.0,2.0,0.7763671875,0.138671875,0.44482421875,32.5,29.146341463414636,10.853658536585368
10_41_11_064,-6.0,53.0,6.0,4.0,7.0,0.0,-7.0,4.0,0.74267578125,0.17041015625,0.4609375,24.32926829268293,36.09756097560976,9.878048780487806
10_41_11_100,-17.0,-21.0,-5.0,-5.0,-3.0,-4.0,-7.0,-5.0,0.87841796875,0.232421875,0.2900390625,10.670731707317074,-14.51219512195122,16.70731707317073
10_41_11_100,18.0,21.0,7.0,2.0,1.0,2.0,-5.0,4.0,0.87890625,0.22216796875,0.31591796875,16.76829268292683,-12.865853658536587,12.01219512195122
10_41_11_100,-9.0,-65.0,-9.0,-5.0,-1.0,4.0,-1.0,-14.0,0.841796875,0.21142578125,0.33544921875,19.81707317073171,-10.060975609756099,12.378048780487806
10_41_11_100,-4.0,1.0,-12.0,-1.0,-6.0,-2.0,-7.0,-2.0,0.8115234375,0.1630859375,0.33642578125,20.426829268292686,-6.2804878048780495,15.060975609756099
10_41_11_100,-12.0,-13.0,-10.0,-8.0,7.0,-3.0,-3.0,2.0,0.796875,0.1611328125,0.34326171875,14.573170731707318,-0.6707317073170732,14.756097560975611
10_41_11_100,13.0,-24.0,1.0,10.0,2.0,-1.0,-5.0,-5.0,0.80224609375,0.18359375,0.3564453125,15.000000000000002,4.51219512195122,13.658536585365855
10_41_11_100,-66.0,12.0,2.0,-14.0,-4.0,-1.0,-2.0,-14.0,0.8212890625,0.2099609375,0.37060546875,16.951219512195124,7.8048780487804885,13.719512195121952
10_41_11_100,24.0,27.0,6.0,5.0,3.0,-5.0,2.0,6.0,0.82470703125,0.2021484375,0.3837890625,24.81707317073171,9.817073170731708,13.414634146341465
10_41_11_100,0.0,8.0,-2.0,0.0,0.0,-1.0,-7.0,1.0,0.81396484375,0.1708984375,0.435546875,34.207317073170735,14.085365853658537,11.52439024390244
10_41_11_100,9.0,2.0,2.0,2.0,-3.0,3.0,-8.0,3.0,0.8017578125,0.14404296875,0.458984375,40.60975609756098,22.195121951219512,10.121951219512196
10_41_11_151,2.0,18.0,6.0,0.0,2.0,0.0,-3.0,-5.0,0.85498046875,0.197265625,0.31103515625,6.585365853658537,-18.29268292682927,23.353658536585368
10_41_11_151,5.0,-28.0,-4.0,-4.0,0.0,-1.0,7.0,0.0,0.8466796875,0.216796875,0.28173828125,6.829268292682928,-15.914634146341465,21.219512195121954
10_41_11_151,5.0,15.0,-3.0,5.0,4.0,-3.0,-6.0,5.0,0.87841796875,0.232421875,0.2900390625,10.670731707317074,-14.51219512195122,16.70731707317073
10_41_11_151,-2.0,1.0,4.0,4.0,2.0,-2.0,-9.0,-3.0,0.87890625,0.22216796875,0.31591796875,16.76829268292683,-12.865853658536587,12.01219512195122
10_41_11_151,-4.0,25.0,6.0,-7.0,0.0,3.0,11.0,-1.0,0.841796875,0.21142578125,0.33544921875,19.81707317073171,-10.060975609756099,12.378048780487806
10_41_11_151,-67.0,42.0,0.0,-3.0,-5.0,-3.0,-8.0,-25.0,0.8115234375,0.1630859375,0.33642578125,20.426829268292686,-6.2804878048780495,15.060975609756099
10_41_11_151,5.0,-48.0,-5.0,0.0,0.0,3.0,13.0,0.0,0.796875,0.1611328125,0.34326171875,14.573170731707318,-0.6707317073170732,14.756097560975611
10_41_11_151,0.0,3.0,-4.0,-2.0,1.0,-3.0,12.0,-3.0,0.80224609375,0.18359375,0.3564453125,15.000000000000002,4.51219512195122,13.658536585365855
10_41_11_151,-5.0,-7.0,12.0,-15.0,-8.0,-4.0,-70.0,-16.0,0.8212890625,0.2099609375,0.37060546875,16.951219512195124,7.8048780487804885,13.719512195121952
10_41_11_151,6.0,-5.0,-7.0,6.0,4.0,2.0,43.0,6.0,0.82470703125,0.2021484375,0.3837890625,24.81707317073171,9.817073170731708,13.414634146341465
10_41_11_238,-17.0,-77.0,5.0,-4.0,0.0,-3.0,-3.0,3.0,0.89013671875,0.18310546875,0.31005859375,5.914634146341464,-19.75609756097561,20.243902439024392
10_41_11_238,4.0,6.0,-9.0,0.0,1.0,-5.0,2.0,1.0,0.85498046875,0.197265625,0.31103515625,6.585365853658537,-18.29268292682927,23.353658536585368
10_41_11_238,2.0,18.0,6.0,0.0,2.0,0.0,-3.0,-5.0,0.8466796875,0.216796875,0.28173828125,6.829268292682928,-15.914634146341465,21.219512195121954
10_41_11_238,5.0,-28.0,-4.0,-4.0,0.0,-1.0,7.0,0.0,0.87841796875,0.232421875,0.2900390625,10.670731707317074,-14.51219512195122,16.70731707317073
10_41_11_238,5.0,15.0,-3.0,5.0,4.0,-3.0,-6.0,5.0,0.87890625,0.22216796875,0.31591796875,16.76829268292683,-12.865853658536587,12.01219512195122
10_41_11_238,-2.0,1.0,4.0,4.0,2.0,-2.0,-9.0,-3.0,0.841796875,0.21142578125,0.33544921875,19.81707317073171,-10.060975609756099,12.378048780487806
10_41_11_238,-4.0,25.0,6.0,-7.0,0.0,3.0,11.0,-1.0,0.8115234375,0.1630859375,0.33642578125,20.426829268292686,-6.2804878048780495,15.060975609756099
10_41_11_238,-67.0,42.0,0.0,-3.0,-5.0,-3.0,-8.0,-25.0,0.796875,0.1611328125,0.34326171875,14.573170731707318,-0.6707317073170732,14.756097560975611
10_41_11_238,5.0,-48.0,-5.0,0.0,0.0,3.0,13.0,0.0,0.80224609375,0.18359375,0.3564453125,15.000000000000002,4.51219512195122,13.658536585365855
10_41_11_238,0.0,3.0,-4.0,-2.0,1.0,-3.0,12.0,-3.0,0.8212890625,0.2099609375,0.37060546875,16.951219512195124,7.8048780487804885,13.719512195121952
10_41_11_292,19.0,-5.0,2.0,-5.0,-3.0,-1.0,-5.0,3.0,0.8857421875,0.16162109375,0.31591796875,1.524390243902439,-12.682926829268293,25.000000000000004
10_41_11_292,0.0,-9.0,-1.0,2.0,0.0,2.0,-6.0,-8.0,0.92919921875,0.1640625,0.30859375,1.1585365853658538,-21.03658536585366,19.512195121951223
10_41_11_292,1.0,-14.0,-4.0,-5.0,-1.0,-5.0,-5.0,-6.0,0.89013671875,0.18310546875,0.31005859375,5.914634146341464,-19.75609756097561,20.243902439024392
10_41_11_292,1.0,-11.0,-3.0,-2.0,0.0,-4.0,-1.0,5.0,0.85498046875,0.197265625,0.31103515625,6.585365853658537,-18.29268292682927,23.353658536585368
10_41_11_292,-8.0,-5.0,-3.0,0.0,-2.0,-3.0,-6.0,10.0,0.8466796875,0.216796875,0.28173828125,6.829268292682928,-15.914634146341465,21.219512195121954
10_41_11_292,2.0,15.0,14.0,3.0,-1.0,4.0,5.0,1.0,0.87841796875,0.232421875,0.2900390625,10.670731707317074,-14.51219512195122,16.70731707317073
10_41_11_292,5.0,-24.0,-16.0,-4.0,-1.0,4.0,6.0,-14.0,0.87890625,0.22216796875,0.31591796875,16.76829268292683,-12.865853658536587,12.01219512195122
10_41_11_292,-29.0,-36.0,-20.0,-8.0,-1.0,1.0,-2.0,-9.0,0.841796875,0.21142578125,0.33544921875,19.81707317073171,-10.060975609756099,12.378048780487806
10_41_11_292,-17.0,-77.0,5.0,-4.0,0.0,-3.0,-3.0,3.0,0.8115234375,0.1630859375,0.33642578125,20.426829268292686,-6.2804878048780495,15.060975609756099
10_41_11_292,4.0,6.0,-9.0,0.0,1.0,-5.0,2.0,1.0,0.796875,0.1611328125,0.34326171875,14.573170731707318,-0.6707317073170732,14.756097560975611
10_41_11_333,0.0,52.0,4.0,-5.0,-3.0,-1.0,-8.0,-14.0,0.8916015625,0.15234375,0.35546875,7.743902439024391,-7.8048780487804885,23.475609756097562
10_41_11_333,8.0,22.0,7.0,8.0,-1.0,-2.0,8.0,9.0,0.8857421875,0.16162109375,0.31591796875,1.524390243902439,-12.682926829268293,25.000000000000004
10_41_11_333,16.0,31.0,1.0,7.0,3.0,-4.0,-4.0,14.0,0.92919921875,0.1640625,0.30859375,1.1585365853658538,-21.03658536585366,19.512195121951223
10_41_11_333,-15.0,-31.0,-5.0,-5.0,-5.0,-3.0,-12.0,-23.0,0.89013671875,0.18310546875,0.31005859375,5.914634146341464,-19.75609756097561,20.243902439024392
10_41_11_333,-13.0,16.0,11.0,3.0,-3.0,4.0,2.0,-10.0,0.85498046875,0.197265625,0.31103515625,6.585365853658537,-18.29268292682927,23.353658536585368
10_41_11_333,-1.0,24.0,-21.0,1.0,-2.0,-8.0,-4.0,0.0,0.8466796875,0.216796875,0.28173828125,6.829268292682928,-15.914634146341465,21.219512195121954
10_41_11_333,19.0,-5.0,2.0,-5.0,-3.0,-1.0,-5.0,3.0,0.87841796875,0.232421875,0.2900390625,10.670731707317074,-14.51219512195122,16.70731707317073
10_41_11_333,0.0,-9.0,-1.0,2.0,0.0,2.0,-6.0,-8.0,0.87890625,0.22216796875,0.31591796875,16.76829268292683,-12.865853658536587,12.01219512195122
10_41_11_333,1.0,-14.0,-4.0,-5.0,-1.0,-5.0,-5.0,-6.0,0.841796875,0.21142578125,0.33544921875,19.81707317073171,-10.060975609756099,12.378048780487806
10_41_11_333,1.0,-11.0,-3.0,-2.0,0.0,-4.0,-1.0,5.0,0.8115234375,0.1630859375,0.33642578125,20.426829268292686,-6.2804878048780495,15.060975609756099
10_41_11_390,-5.0,5.0,-4.0,4.0,5.0,-1.0,0.0,27.0,0.93359375,0.09130859375,0.38916015625,3.414634146341464,-0.7317073170731708,17.439024390243905
10_41_11_390,9.0,-47.0,-9.0,-2.0,0.0,1.0,0.0,5.0,0.8955078125,0.0791015625,0.3974609375,18.04878048780488,-5.853658536585367,22.621951219512198
10_41_11_390,-19.0,36.0,5.0,5.0,-2.0,-1.0,5.0,-20.0,0.884765625,0.09619140625,0.3564453125,12.073170731707318,-7.073170731707318,22.500000000000004
10_41_11_390,11.0,-83.0,-17.0,-19.0,-11.0,-3.0,3.0,-9.0,0.8916015625,0.15234375,0.35546875,7.743902439024391,-7.8048780487804885,23.475609756097562
10_41_11_390,2.0,10.0,-12.0,2.0,1.0,0.0,-21.0,19.0,0.8857421875,0.16162109375,0.31591796875,1.524390243902439,-12.682926829268293,25.000000000000004
10_41_11_390,8.0,15.0,-4.0,-2.0,6.0,3.0,-4.0,34.0,0.92919921875,0.1640625,0.30859375,1.1585365853658538,-21.03658536585366,19.512195121951223
10_41_11_390,1.0,-9.0,4.0,4.0,-7.0,-2.0,-1.0,14.0,0.89013671875,0.18310546875,0.31005859375,5.914634146341464,-19.75609756097561,20.243902439024392
10_41_11_390,-4.0,1.0,-7.0,-7.0,-3.0,2.0,5.0,13.0,0.85498046875,0.197265625,0.31103515625,6.585365853658537,-18.29268292682927,23.353658536585368
10_41_11_390,8.0,3.0,3.0,0.0,0.0,0.0,-6.0,6.0,0.8466796875,0.216796875,0.28173828125,6.829268292682928,-15.914634146341465,21.219512195121954
10_41_11_445,5.0,0.0,-4.0,2.0,-2.0,2.0,4.0,3.0,0.92822265625,-0.0087890625,0.3681640625,-16.82926829268293,0.24390243902439027,19.695121951219512
10_41_11_445,8.0,-9.0,-6.0,-1.0,-1.0,2.0,-1.0,-18.0,0.95068359375,0.03564453125,0.3916015625,-4.51219512195122,-3.9024390243902443,18.231707317073173
10_41_11_445,-4.0,11.0,6.0,-5.0,-2.0,0.0,-2.0,1.0,0.93359375,0.09130859375,0.38916015625,3.414634146341464,-0.7317073170731708,17.439024390243905
10_41_11_445,-20.0,-24.0,4.0,-13.0,1.0,-12.0,-74.0,-39.0,0.8955078125,0.0791015625,0.3974609375,18.04878048780488,-5.853658536585367,22.621951219512198
10_41_11_445,2.0,4.0,4.0,0.0,7.0,23.0,26.0,4.0,0.884765625,0.09619140625,0.3564453125,12.073170731707318,-7.073170731707318,22.500000000000004
10_41_11_445,8.0,2.0,-6.0,-6.0,1.0,-12.0,-3.0,6.0,0.8916015625,0.15234375,0.35546875,7.743902439024391,-7.8048780487804885,23.475609756097562
10_41_11_445,8.0,-2.0,4.0,5.0,2.0,-1.0,-2.0,-7.0,0.8857421875,0.16162109375,0.31591796875,1.524390243902439,-12.682926829268293,25.000000000000004
10_41_11_445,-2.0,-1.0,-2.0,3.0,0.0,-2.0,-1.0,-7.0,0.92919921875,0.1640625,0.30859375,1.1585365853658538,-21.03658536585366,19.512195121951223
10_41_11_445,-5.0,5.0,-4.0,4.0,5.0,-1.0,0.0,27.0,0.89013671875,0.18310546875,0.31005859375,5.914634146341464,-19.75609756097561,20.243902439024392
10_41_11_485,-9.0,-46.0,-6.0,-4.0,-3.0,9.0,-3.0,-8.0,0.87744140625,0.1376953125,0.39111328125,10.670731707317074,-5.365853658536586,12.865853658536587
10_41_11_485,2.0,15.0,27.0,-1.0,0.0,1.0,-6.0,-44.0,0.8857421875,0.07470703125,0.40380859375,9.51219512195122,-0.9756097560975611,18.78048780487805
10_41_11_485,-8.0,10.0,-22.0,-6.0,-10.0,-10.0,23.0,-14.0,0.89794921875,-0.013671875,0.4208984375,6.646341463414635,2.3170731707317076,18.29268292682927
10_41_11_485,15.0,-1.0,-7.0,2.0,3.0,7.0,-15.0,10.0,0.912109375,-0.04150390625,0.38671875,-1.829268292682927,0.9756097560975611,19.75609756097561
10_41_11_485,16.0,14.0,2.0,-8.0,4.0,2.0,5.0,21.0,0.92822265625,-0.0087890625,0.3681640625,-16.82926829268293,0.24390243902439027,19.695121951219512
10_41_11_485,-40.0,-30.0,-4.0,-5.0,-8.0,0.0,11.0,-24.0,0.95068359375,0.03564453125,0.3916015625,-4.51219512195122,-3.9024390243902443,18.231707317073173
10_41_11_485,4.0,28.0,-5.0,2.0,-2.0,-3.0,-11.0,-6.0,0.93359375,0.09130859375,0.38916015625,3.414634146341464,-0.7317073170731708,17.439024390243905
10_41_11_485,3.0,17.0,5.0,7.0,-3.0,-4.0,-5.0,8.0,0.8955078125,0.0791015625,0.3974609375,18.04878048780488,-5.853658536585367,22.621951219512198
10_41_11_485,14.0,-7.0,1.0,-15.0,-5.0,1.0,39.0,-6.0,0.884765625,0.09619140625,0.3564453125,12.073170731707318,-7.073170731707318,22.500000000000004
10_41_11_485,-18.0,-3.0,-5.0,-9.0,3.0,4.0,-23.0,-11.0,0.8916015625,0.15234375,0.35546875,7.743902439024391,-7.8048780487804885,23.475609756097562
10_41_11_534,-14.0,5.0,7.0,13.0,8.0,2.0,-8.0,7.0,0.87744140625,0.1376953125,0.39111328125,10.670731707317074,-5.365853658536586,12.865853658536587
10_41_11_534,0.0,-7.0,-8.0,3.0,-8.0,-6.0,9.0,-15.0,0.8857421875,0.07470703125,0.40380859375,9.51219512195122,-0.9756097560975611,18.78048780487805
10_41_11_534,9.0,23.0,9.0,5.0,5.0,1.0,-10.0,15.0,0.89794921875,-0.013671875,0.4208984375,6.646341463414635,2.3170731707317076,18.29268292682927
10_41_11_534,-9.0,-46.0,-6.0,-4.0,-3.0,9.0,-3.0,-8.0,0.912109375,-0.04150390625,0.38671875,-1.829268292682927,0.9756097560975611,19.75609756097561
10_41_11_534,2.0,15.0,27.0,-1.0,0.0,1.0,-6.0,-44.0,0.92822265625,-0.0087890625,0.3681640625,-16.82926829268293,0.24390243902439027,19.695121951219512
10_41_11_534,-8.0,10.0,-22.0,-6.0,-10.0,-10.0,23.0,-14.0,0.95068359375,0.03564453125,0.3916015625,-4.51219512195122,-3.9024390243902443,18.231707317073173
10_41_11_534,15.0,-1.0,-7.0,2.0,3.0,7.0,-15.0,10.0,0.93359375,0.09130859375,0.38916015625,3.414634146341464,-0.7317073170731708,17.439024390243905
10_41_11_534,16.0,14.0,2.0,-8.0,4.0,2.0,5.0,21.0,0.8955078125,0.0791015625,0.3974609375,18.04878048780488,-5.853658536585367,22.621951219512198
10_41_11_534,-40.0,-30.0,-4.0,-5.0,-8.0,0.0,11.0,-24.0,0.884765625,0.09619140625,0.3564453125,12.073170731707318,-7.073170731707318,22.500000000000004
10_41_11_601,-26.0,-33.0,40.0,24.0,6.0,1.0,4.0,52.0,0.91748046875,-0.01318359375,0.3330078125,28.04878048780488,-11.219512195121952,18.53658536585366
10_41_11_601,8.0,13.0,-1.0,-41.0,2.0,4.0,9.0,-3.0,0.9306640625,-0.0078125,0.349609375,16.34146341463415,-14.878048780487806,10.548780487804878
10_41_11_601,48.0,13.0,-15.0,-26.0,-5.0,-6.0,-24.0,26.0,0.93310546875,0.04052734375,0.3642578125,-7.743902439024391,-14.878048780487806,8.719512195121952
10_41_11_601,-34.0,-7.0,-20.0,4.0,-15.0,-12.0,-47.0,-36.0,0.8955078125,0.07421875,0.388671875,7.439024390243903,-11.097560975609756,12.682926829268293
10_41_11_601,-15.0,-2.0,4.0,-3.0,-7.0,-18.0,-16.0,15.0,0.87744140625,0.1376953125,0.39111328125,10.670731707317074,-5.365853658536586,12.865853658536587
10_41_11_601,24.0,5.0,9.0,7.0,3.0,7.0,51.0,28.0,0.8857421875,0.07470703125,0.40380859375,9.51219512195122,-0.9756097560975611,18.78048780487805
10_41_11_601,-14.0,6.0,3.0,13.0,5.0,5.0,18.0,2.0,0.89794921875,-0.013671875,0.4208984375,6.646341463414635,2.3170731707317076,18.29268292682927
10_41_11_601,19.0,34.0,-5.0,-14.0,-8.0,-2.0,2.0,19.0,0.912109375,-0.04150390625,0.38671875,-1.829268292682927,0.9756097560975611,19.75609756097561
10_41_11_601,20.0,-3.0,-10.0,-9.0,0.0,-6.0,0.0,-30.0,0.92822265625,-0.0087890625,0.3681640625,-16.82926829268293,0.24390243902439027,19.695121951219512
10_41_11_601,-20.0,-54.0,1.0,1.0,-2.0,4.0,4.0,-43.0,0.95068359375,0.03564453125,0.3916015625,-4.51219512195122,-3.9024390243902443,18.231707317073173
10_41_11_640,-14.0,-7.0,-4.0,-14.0,1.0,-11.0,-61.0,-29.0,0.94287109375,0.146484375,0.25048828125,-3.1097560975609757,-10.182926829268293,7.01219512195122
10_41_11_640,-13.0,-12.0,6.0,-7.0,-9.0,-18.0,-99.0,-13.0,0.9794921875,0.046875,0.18359375,51.463414634146346,-5.487804878048781,18.84146341463415
10_41_11_640,-12.0,-10.0,-5.0,-6.0,1.0,1.0,-6.0,-4.0,0.88623046875,0.044921875,0.29052734375,47.19512195121952,-7.073170731707318,21.34146341463415
10_41_11_640,4.0,-4.0,-32.0,2.0,1.0,6.0,16.0,0.0,0.91748046875,-0.01318359375,0.3330078125,28.04878048780488,-11.219512195121952,18.53658536585366
10_41_11_640,-4.0,-7.0,17.0,4.0,-1.0,2.0,12.0,0.0,0.9306640625,-0.0078125,0.349609375,16.34146341463415,-14.878048780487806,10.548780487804878
10_41_11_640,3.0,15.0,-5.0,9.0,-7.0,1.0,6.0,-1.0,0.93310546875,0.04052734375,0.3642578125,-7.743902439024391,-14.878048780487806,8.719512195121952
10_41_11_640,8.0,6.0,1.0,7.0,3.0,0.0,5.0,6.0,0.8955078125,0.07421875,0.388671875,7.439024390243903,-11.097560975609756,12.682926829268293
10_41_11_640,-7.0,-13.0,-10.0,-20.0,2.0,1.0,9.0,-7.0,0.87744140625,0.1376953125,0.39111328125,10.670731707317074,-5.365853658536586,12.865853658536587
10_41_11_640,1.0,5.0,-1.0,3.0,5.0,2.0,22.0,-7.0,0.8857421875,0.07470703125,0.40380859375,9.51219512195122,-0.9756097560975611,18.78048780487805
10_41_11_640,3.0,9.0,-17.0,41.0,-8.0,-10.0,17.0,-13.0,0.89794921875,-0.013671875,0.4208984375,6.646341463414635,2.3170731707317076,18.29268292682927
10_41_11_685,16.0,12.0,-1.0,9.0,-2.0,19.0,-9.0,19.0,0.912109375,-0.1162109375,0.3759765625,18.597560975609756,-15.670731707317074,12.256097560975611
10_41_11_685,21.0,17.0,5.0,12.0,-16.0,-19.0,-5.0,32.0,0.8994140625,-0.0869140625,0.38330078125,4.146341463414634,-15.609756097560977,12.317073170731708
10_41_11_685,-37.0,-13.0,5.0,-15.0,-1.0,-7.0,-7.0,-68.0,0.876953125,0.029296875,0.33251953125,-3.7195121951219514,-15.609756097560977,5.731707317073171
10_41_11_685,-14.0,-3.0,7.0,-10.0,-9.0,-6.0,-5.0,15.0,0.94287109375,0.146484375,0.25048828125,-3.1097560975609757,-10.182926829268293,7.01219512195122
10_41_11_685,14.0,6.0,9.0,1.0,15.0,-4.0,-2.0,17.0,0.9794921875,0.046875,0.18359375,51.463414634146346,-5.487804878048781,18.84146341463415
10_41_11_685,11.0,2.0,2.0,12.0,0.0,7.0,2.0,-7.0,0.88623046875,0.044921875,0.29052734375,47.19512195121952,-7.073170731707318,21.34146341463415
10_41_11_685,-7.0,6.0,2.0,11.0,2.0,19.0,6.0,-2.0,0.91748046875,-0.01318359375,0.3330078125,28.04878048780488,-11.219512195121952,18.53658536585366
10_41_11_685,22.0,17.0,-11.0,-14.0,2.0,-12.0,6.0,5.0,0.9306640625,-0.0078125,0.349609375,16.34146341463415,-14.878048780487806,10.548780487804878
10_41_11_685,12.0,-5.0,-12.0,-8.0,-7.0,6.0,20.0,0.0,0.93310546875,0.04052734375,0.3642578125,-7.743902439024391,-14.878048780487806,8.719512195121952
10_41_11_685,1.0,4.0,1.0,7.0,4.0,-4.0,-19.0,7.0,0.8955078125,0.07421875,0.388671875,7.439024390243903,-11.097560975609756,12.682926829268293
10_41_11_751,10.0,11.0,-9.0,-29.0,0.0,2.0,-1.0,3.0,0.884765625,0.2021484375,0.32958984375,30.243902439024392,-15.975609756097562,9.817073170731708
10_41_11_751,12.0,12.0,-11.0,-9.0,5.0,5.0,25.0,-9.0,0.939453125,-0.0439453125,0.3701171875,48.10975609756098,-17.682926829268293,10.975609756097562
10_41_11_751,-2.0,-16.0,-23.0,-4.0,-3.0,-1.0,8.0,8.0,0.912109375,-0.1162109375,0.3759765625,18.597560975609756,-15.670731707317074,12.256097560975611
10_41_11_751,-39.0,5.0,11.0,6.0,-9.0,-15.0,-70.0,-3.0,0.8994140625,-0.0869140625,0.38330078125,4.146341463414634,-15.609756097560977,12.317073170731708
10_41_11_751,8.0,-7.0,-9.0,2.0,2.0,2.0,5.0,-22.0,0.876953125,0.029296875,0.33251953125,-3.7195121951219514,-15.609756097560977,5.731707317073171
10_41_11_751,-12.0,-22.0,-19.0,-19.0,6.0,-6.0,15.0,5.0,0.94287109375,0.146484375,0.25048828125,-3.1097560975609757,-10.182926829268293,7.01219512195122
10_41_11_751,16.0,12.0,-1.0,9.0,-2.0,19.0,-9.0,19.0,0.9794921875,0.046875,0.18359375,51.463414634146346,-5.487804878048781,18.84146341463415
10_41_11_751,21.0,17.0,5.0,12.0,-16.0,-19.0,-5.0,32.0,0.88623046875,0.044921875,0.29052734375,47.19512195121952,-7.073170731707318,21.34146341463415
10_41_11_751,-37.0,-13.0,5.0,-15.0,-1.0,-7.0,-7.0,-68.0,0.91748046875,-0.01318359375,0.3330078125,28.04878048780488,-11.219512195121952,18.53658536585366
10_41_11_751,-14.0,-3.0,7.0,-10.0,-9.0,-6.0,-5.0,15.0,0.9306640625,-0.0078125,0.349609375,16.34146341463415,-14.878048780487806,10.548780487804878
10_41_11_790,-58.0,-31.0,21.0,6.0,-7.0,1.0,46.0,-3.0,0.97314453125,-0.1611328125,0.369140625,13.658536585365855,-13.841463414634148,12.317073170731708
10_41_11_790,4.0,6.0,-42.0,3.0,4.0,-2.0,-51.0,-3.0,0.91845703125,-0.109375,0.36962890625,-8.841463414634147,-19.512195121951223,14.878048780487806
10_41_11_790,8.0,1.0,13.0,-6.0,-7.0,-18.0,-47.0,2.0,0.884765625,0.2021484375,0.32958984375,30.243902439024392,-15.975609756097562,9.817073170731708
10_41_11_790,-15.0,-28.0,-31.0,-20.0,4.0,1.0,40.0,-9.0,0.939453125,-0.0439453125,0.3701171875,48.10975609756098,-17.682926829268293,10.975609756097562
10_41_11_790,7.0,-2.0,0.0,-11.0,-3.0,1.0,11.0,7.0,0.912109375,-0.1162109375,0.3759765625,18.597560975609756,-15.670731707317074,12.256097560975611
10_41_11_790,-11.0,-24.0,-12.0,-5.0,-5.0,0.0,-12.0,-7.0,0.8994140625,-0.0869140625,0.38330078125,4.146341463414634,-15.609756097560977,12.317073170731708
10_41_11_790,8.0,16.0,11.0,1.0,-1.0,-2.0,8.0,3.0,0.876953125,0.029296875,0.33251953125,-3.7195121951219514,-15.609756097560977,5.731707317073171
10_41_11_790,-4.0,15.0,1.0,7.0,-1.0,5.0,21.0,-3.0,0.94287109375,0.146484375,0.25048828125,-3.1097560975609757,-10.182926829268293,7.01219512195122
10_41_11_790,23.0,9.0,-3.0,10.0,7.0,13.0,33.0,6.0,0.9794921875,0.046875,0.18359375,51.463414634146346,-5.487804878048781,18.84146341463415
10_41_11_790,7.0,-4.0,43.0,-19.0,-17.0,-8.0,-20.0,35.0,0.88623046875,0.044921875,0.29052734375,47.19512195121952,-7.073170731707318,21.34146341463415
10_41_11_843,14.0,-3.0,13.0,-16.0,-9.0,-2.0,3.0,33.0,0.986328125,0.0166015625,0.33251953125,28.414634146341466,-3.1097560975609757,13.231707317073171
10_41_11_843,-6.0,35.0,-24.0,-9.0,-1.0,-6.0,-23.0,-26.0,0.97314453125,-0.1611328125,0.369140625,13.658536585365855,-13.841463414634148,12.317073170731708
10_41_11_843,-5.0,2.0,52.0,24.0,11.0,2.0,17.0,10.0,0.91845703125,-0.109375,0.36962890625,-8.841463414634147,-19.512195121951223,14.878048780487806
10_41_11_843,5.0,17.0,0.0,7.0,17.0,17.0,36.0,-4.0,0.884765625,0.2021484375,0.32958984375,30.243902439024392,-15.975609756097562,9.817073170731708
10_41_11_843,-8.0,-38.0,18.0,-1.0,0.0,0.0,-13.0,0.0,0.939453125,-0.0439453125,0.3701171875,48.10975609756098,-17.682926829268293,10.975609756097562
10_41_11_843,42.0,62.0,17.0,0.0,5.0,3.0,5.0,52.0,0.912109375,-0.1162109375,0.3759765625,18.597560975609756,-15.670731707317074,12.256097560975611
10_41_11_843,1.0,-25.0,-11.0,-28.0,-17.0,-5.0,-74.0,-22.0,0.8994140625,-0.0869140625,0.38330078125,4.146341463414634,-15.609756097560977,12.317073170731708
10_41_11_843,-58.0,-31.0,21.0,6.0,-7.0,1.0,46.0,-3.0,0.876953125,0.029296875,0.33251953125,-3.7195121951219514,-15.609756097560977,5.731707317073171
10_41_11_843,4.0,6.0,-42.0,3.0,4.0,-2.0,-51.0,-3.0,0.94287109375,0.146484375,0.25048828125,-3.1097560975609757,-10.182926829268293,7.01219512195122
10_41_11_900,5.0,33.0,22.0,-15.0,-10.0,-14.0,-23.0,-35.0,1.0009765625,0.07958984375,0.27490234375,16.463414634146343,6.036585365853659,5.914634146341464
10_41_11_900,10.0,29.0,-36.0,-51.0,0.0,6.0,15.0,16.0,0.95458984375,-0.01171875,0.3076171875,3.414634146341464,0.9756097560975611,11.76829268292683
10_41_11_900,3.0,0.0,34.0,12.0,6.0,17.0,82.0,-9.0,0.9599609375,0.01513671875,0.341796875,-3.1097560975609757,0.24390243902439027,16.646341463414636
10_41_11_900,28.0,0.0,-28.0,0.0,-6.0,32.0,96.0,-1.0,0.95068359375,0.1181640625,0.2978515625,14.51219512195122,-0.3658536585365854,15.975609756097562
10_41_11_900,-21.0,12.0,65.0,54.0,-6.0,-40.0,-113.0,52.0,0.986328125,0.0166015625,0.33251953125,28.414634146341466,-3.1097560975609757,13.231707317073171
10_41_11_900,5.0,-44.0,14.0,-10.0,10.0,-10.0,68.0,-43.0,0.97314453125,-0.1611328125,0.369140625,13.658536585365855,-13.841463414634148,12.317073170731708
10_41_11_900,-14.0,26.0,-15.0,-35.0,20.0,-18.0,-123.0,3.0,0.91845703125,-0.109375,0.36962890625,-8.841463414634147,-19.512195121951223,14.878048780487806
10_41_11_900,29.0,51.0,7.0,-14.0,-24.0,17.0,127.0,20.0,0.884765625,0.2021484375,0.32958984375,30.243902439024392,-15.975609756097562,9.817073170731708
10_41_11_900,-5.0,-43.0,-1.0,5.0,18.0,20.0,-18.0,-36.0,0.939453125,-0.0439453125,0.3701171875,48.10975609756098,-17.682926829268293,10.975609756097562
10_41_11_900,4.0,22.0,2.0,23.0,-2.0,2.0,8.0,-11.0,0.912109375,-0.1162109375,0.3759765625,18.597560975609756,-15.670731707317074,12.256097560975611
10_41_11_950,-7.0,50.0,99.0,24.0,14.0,-3.0,-128.0,-37.0,0.95947265625,0.0302734375,0.32666015625,-1.402439024390244,3.963414634146342,7.195121951219513
10_41_11_950,22.0,-88.0,-21.0,-3.0,-33.0,-16.0,-15.0,-22.0,0.9853515625,0.16357421875,0.28076171875,3.780487804878049,6.7682926829268295,8.719512195121952
10_41_11_950,-42.0,-128.0,14.0,26.0,11.0,12.0,33.0,44.0,1.0009765625,0.07958984375,0.27490234375,16.463414634146343,6.036585365853659,5.914634146341464
10_41_11_950,-50.0,55.0,48.0,-20.0,25.0,6.0,99.0,1.0,0.95458984375,-0.01171875,0.3076171875,3.414634146341464,0.9756097560975611,11.76829268292683
10_41_11_950,0.0,-85.0,-56.0,-62.0,-9.0,20.0,72.0,-45.0,0.9599609375,0.01513671875,0.341796875,-3.1097560975609757,0.24390243902439027,16.646341463414636
10_41_11_950,6.0,52.0,26.0,17.0,6.0,-46.0,-44.0,32.0,0.95068359375,0.1181640625,0.2978515625,14.51219512195122,-0.3658536585365854,15.975609756097562
10_41_11_950,10.0,45.0,-27.0,-21.0,-37.0,-29.0,-128.0,-6.0,0.986328125,0.0166015625,0.33251953125,28.414634146341466,-3.1097560975609757,13.231707317073171
10_41_11_950,-15.0,114.0,10.0,15.0,-3.0,8.0,127.0,-21.0,0.97314453125,-0.1611328125,0.369140625,13.658536585365855,-13.841463414634148,12.317073170731708
10_41_11_950,-2.0,-128.0,-54.0,2.0,-2.0,36.0,34.0,-22.0,0.91845703125,-0.109375,0.36962890625,-8.841463414634147,-19.512195121951223,14.878048780487806
10_41_11_950,6.0,-93.0,-26.0,20.0,18.0,-9.0,2.0,79.0,0.884765625,0.2021484375,0.32958984375,30.243902439024392,-15.975609756097562,9.817073170731708
10_41_11_998,0.0,127.0,-28.0,22.0,-13.0,27.0,-3.0,22.0,0.9443359375,-0.05908203125,0.2841796875,2.6219512195121952,5.487804878048781,5.487804878048781
10_41_11_998,-14.0,3.0,-34.0,-52.0,2.0,-16.0,105.0,35.0,0.947265625,-0.0498046875,0.306640625,15.243902439024392,6.341463414634147,4.573170731707317
10_41_11_998,9.0,127.0,29.0,-13.0,-20.0,-45.0,-128.0,68.0,0.97021484375,-0.03173828125,0.359375,16.28048780487805,8.292682926829269,7.195121951219513
10_41_11_998,-30.0,73.0,-31.0,-1.0,-9.0,29.0,118.0,-63.0,0.95947265625,0.0302734375,0.32666015625,-1.402439024390244,3.963414634146342,7.195121951219513
10_41_11_998,-9.0,44.0,-10.0,3.0,38.0,-26.0,99.0,38.0,0.9853515625,0.16357421875,0.28076171875,3.780487804878049,6.7682926829268295,8.719512195121952
10_41_11_998,-5.0,1.0,-9.0,-10.0,-7.0,1.0,32.0,-28.0,1.0009765625,0.07958984375,0.27490234375,16.463414634146343,6.036585365853659,5.914634146341464
10_41_11_998,36.0,23.0,4.0,19.0,3.0,-11.0,94.0,29.0,0.95458984375,-0.01171875,0.3076171875,3.414634146341464,0.9756097560975611,11.76829268292683
10_41_11_998,-7.0,109.0,7.0,8.0,-26.0,-13.0,32.0,-16.0,0.9599609375,0.01513671875,0.341796875,-3.1097560975609757,0.24390243902439027,16.646341463414636
10_41_11_998,23.0,125.0,19.0,15.0,4.0,-24.0,-117.0,28.0,0.95068359375,0.1181640625,0.2978515625,14.51219512195122,-0.3658536585365854,15.975609756097562
10_41_11_998,-30.0,-39.0,-32.0,-2.0,1.0,20.0,61.0,-21.0,0.986328125,0.0166015625,0.33251953125,28.414634146341466,-3.1097560975609757,13.231707317073171
10_41_12_039,-9.0,11.0,36.0,14.0,-2.0,-39.0,52.0,-3.0,0.95361328125,0.05126953125,0.30126953125,-4.2682926829268295,11.158536585365855,0.9756097560975611
10_41_12_039,77.0,-128.0,-7.0,23.0,17.0,29.0,-26.0,-29.0,0.94921875,0.00146484375,0.349609375,2.439024390243903,7.317073170731708,2.25609756097561
10_41_12_039,-3.0,127.0,32.0,-30.0,-2.0,-43.0,-43.0,-43.0,0.91015625,-0.06201171875,0.3330078125,-3.048780487804878,6.585365853658537,3.1097560975609757
10_41_12_039,37.0,-128.0,-62.0,-51.0,10.0,5.0,-92.0,18.0,0.9443359375,-0.05908203125,0.2841796875,2.6219512195121952,5.487804878048781,5.487804878048781
10_41_12_039,48.0,-128.0,17.0,57.0,-8.0,11.0,82.0,64.0,0.947265625,-0.0498046875,0.306640625,15.243902439024392,6.341463414634147,4.573170731707317
10_41_12_039,-33.0,-128.0,6.0,7.0,17.0,2.0,18.0,12.0,0.97021484375,-0.03173828125,0.359375,16.28048780487805,8.292682926829269,7.195121951219513
10_41_12_039,-16.0,-128.0,10.0,-24.0,-4.0,-11.0,-128.0,47.0,0.95947265625,0.0302734375,0.32666015625,-1.402439024390244,3.963414634146342,7.195121951219513
10_41_12_039,31.0,127.0,-14.0,-8.0,-21.0,-8.0,22.0,-40.0,0.9853515625,0.16357421875,0.28076171875,3.780487804878049,6.7682926829268295,8.719512195121952
10_41_12_039,-54.0,-91.0,-32.0,19.0,4.0,10.0,33.0,-45.0,1.0009765625,0.07958984375,0.27490234375,16.463414634146343,6.036585365853659,5.914634146341464
10_41_12_039,17.0,-51.0,76.0,35.0,16.0,-20.0,-65.0,20.0,0.95458984375,-0.01171875,0.3076171875,3.414634146341464,0.9756097560975611,11.76829268292683
10_41_12_103,-86.0,16.0,-5.0,-5.0,13.0,-4.0,-101.0,12.0,0.90380859375,0.0400390625,0.32177734375,-11.28048780487805,11.097560975609756,1.524390243902439
10_41_12_103,-39.0,84.0,-32.0,7.0,8.0,-18.0,29.0,16.0,0.95361328125,0.05126953125,0.30126953125,-4.2682926829268295,11.158536585365855,0.9756097560975611
10_41_12_103,-13.0,-27.0,18.0,-7.0,-11.0,-50.0,-104.0,-4.0,0.94921875,0.00146484375,0.349609375,2.439024390243903,7.317073170731708,2.25609756097561
10_41_12_103,28.0,-128.0,-105.0,-26.0,-1.0,69.0,69.0,17.0,0.91015625,-0.06201171875,0.3330078125,-3.048780487804878,6.585365853658537,3.1097560975609757
10_41_12_103,-9.0,11.0,36.0,14.0,-2.0,-39.0,52.0,-3.0,0.9443359375,-0.05908203125,0.2841796875,2.6219512195121952,5.487804878048781,5.487804878048781
10_41_12_103,77.0,-128.0,-7.0,23.0,17.0,29.0,-26.0,-29.0,0.947265625,-0.0498046875,0.306640625,15.243902439024392,6.341463414634147,4.573170731707317
10_41_12_103,-3.0,127.0,32.0,-30.0,-2.0,-43.0,-43.0,-43.0,0.97021484375,-0.03173828125,0.359375,16.28048780487805,8.292682926829269,7.195121951219513
10_41_12_103,37.0,-128.0,-62.0,-51.0,10.0,5.0,-92.0,18.0,0.95947265625,0.0302734375,0.32666015625,-1.402439024390244,3.963414634146342,7.195121951219513
10_41_12_103,48.0,-128.0,17.0,57.0,-8.0,11.0,82.0,64.0,0.9853515625,0.16357421875,0.28076171875,3.780487804878049,6.7682926829268295,8.719512195121952
10_41_12_103,-33.0,-128.0,6.0,7.0,17.0,2.0,18.0,12.0,1.0009765625,0.07958984375,0.27490234375,16.463414634146343,6.036585365853659,5.914634146341464
10_41_12_152,-19.0,-60.0,-53.0,-26.0,62.0,-20.0,30.0,-44.0,0.8994140625,0.02685546875,0.39599609375,-6.341463414634147,9.26829268292683,1.2804878048780488
10_41_12_152,-38.0,77.0,30.0,60.0,-12.0,29.0,99.0,35.0,0.9208984375,0.01318359375,0.3671875,-5.3048780487804885,14.390243902439027,0.3658536585365854
10_41_12_152,29.0,-128.0,20.0,33.0,20.0,-16.0,-125.0,-9.0,0.91943359375,0.01953125,0.3203125,-7.134146341463415,12.682926829268293,0.06097560975609757
10_41_12_152,17.0,39.0,1.0,-11.0,43.0,22.0,83.0,42.0,0.90380859375,0.0400390625,0.32177734375,-11.28048780487805,11.097560975609756,1.524390243902439
10_41_12_152,-13.0,-9.0,31.0,-6.0,41.0,-1.0,-128.0,-70.0,0.95361328125,0.05126953125,0.30126953125,-4.2682926829268295,11.158536585365855,0.9756097560975611
10_41_12_152,-57.0,4.0,-41.0,-71.0,-32.0,-53.0,-128.0,12.0,0.94921875,0.00146484375,0.349609375,2.439024390243903,7.317073170731708,2.25609756097561
10_41_12_152,73.0,53.0,13.0,13.0,-104.0,23.0,-42.0,35.0,0.91015625,-0.06201171875,0.3330078125,-3.048780487804878,6.585365853658537,3.1097560975609757
10_41_12_152,-66.0,80.0,-14.0,-12.0,-80.0,-61.0,-79.0,-19.0,0.9443359375,-0.05908203125,0.2841796875,2.6219512195121952,5.487804878048781,5.487804878048781
10_41_12_152,13.0,-17.0,-4.0,15.0,-24.0,24.0,49.0,29.0,0.947265625,-0.0498046875,0.306640625,15.243902439024392,6.341463414634147,4.573170731707317
10_41_12_152,-50.0,106.0,-17.0,55.0,22.0,4.0,79.0,-94.0,0.97021484375,-0.03173828125,0.359375,16.28048780487805,8.292682926829269,7.195121951219513
10_41_12_201,-39.0,31.0,-35.0,-7.0,25.0,-41.0,-128.0,27.0,0.9375,0.02001953125,0.3828125,12.073170731707318,11.585365853658537,3.780487804878049
10_41_12_201,66.0,-1.0,3.0,39.0,-6.0,4.0,127.0,1.0,0.923828125,0.01416015625,0.31640625,2.682926829268293,8.536585365853659,3.414634146341464
10_41_12_201,19.0,5.0,-24.0,-24.0,-20.0,26.0,13.0,14.0,0.93505859375,0.02197265625,0.33984375,-2.804878048780488,7.865853658536586,-1.7682926829268295
10_41_12_201,38.0,-16.0,11.0,25.0,36.0,12.0,7.0,11.0,0.8994140625,0.02685546875,0.39599609375,-6.341463414634147,9.26829268292683,1.2804878048780488
10_41_12_201,-116.0,-128.0,15.0,-15.0,14.0,-32.0,-12.0,12.0,0.9208984375,0.01318359375,0.3671875,-5.3048780487804885,14.390243902439027,0.3658536585365854
10_41_12_201,-15.0,-17.0,-84.0,-12.0,-62.0,-36.0,-16.0,-14.0,0.91943359375,0.01953125,0.3203125,-7.134146341463415,12.682926829268293,0.06097560975609757
10_41_12_201,6.0,-20.0,2.0,-45.0,9.0,29.0,-37.0,34.0,0.90380859375,0.0400390625,0.32177734375,-11.28048780487805,11.097560975609756,1.524390243902439
10_41_12_201,-128.0,-20.0,8.0,40.0,-47.0,-23.0,68.0,6.0,0.95361328125,0.05126953125,0.30126953125,-4.2682926829268295,11.158536585365855,0.9756097560975611
10_41_12_201,25.0,13.0,-35.0,-10.0,28.0,-12.0,10.0,-20.0,0.94921875,0.00146484375,0.349609375,2.439024390243903,7.317073170731708,2.25609756097561
10_41_12_201,65.0,3.0,34.0,-35.0,-13.0,-8.0,-54.0,9.0,0.91015625,-0.06201171875,0.3330078125,-3.048780487804878,6.585365853658537,3.1097560975609757
10_41_12_260,-37.0,92.0,-10.0,-7.0,61.0,35.0,-47.0,-19.0,0.91845703125,-0.00732421875,0.3525390625,2.0121951219512195,10.853658536585368,-1.0975609756097562
10_41_12_260,37.0,-69.0,18.0,2.0,10.0,-40.0,-110.0,5.0,0.89306640625,0.00732421875,0.40869140625,12.439024390243903,9.817073170731708,1.9512195121951221
10_41_12_260,6.0,-79.0,-22.0,-9.0,7.0,26.0,71.0,7.0,0.9375,0.02001953125,0.3828125,12.073170731707318,11.585365853658537,3.780487804878049
10_41_12_260,51.0,101.0,56.0,13.0,-53.0,-61.0,-88.0,-7.0,0.923828125,0.01416015625,0.31640625,2.682926829268293,8.536585365853659,3.414634146341464
10_41_12_260,-21.0,-128.0,-5.0,79.0,-19.0,38.0,127.0,40.0,0.93505859375,0.02197265625,0.33984375,-2.804878048780488,7.865853658536586,-1.7682926829268295
10_41_12_260,-5.0,27.0,44.0,-51.0,31.0,-9.0,-102.0,-103.0,0.8994140625,0.02685546875,0.39599609375,-6.341463414634147,9.26829268292683,1.2804878048780488
10_41_12_260,44.0,42.0,-22.0,-30.0,44.0,-20.0,107.0,28.0,0.9208984375,0.01318359375,0.3671875,-5.3048780487804885,14.390243902439027,0.3658536585365854
10_41_12_260,25.0,-26.0,-12.0,17.0,-18.0,1.0,-77.0,41.0,0.91943359375,0.01953125,0.3203125,-7.134146341463415,12.682926829268293,0.06097560975609757
10_41_12_260,-74.0,72.0,-56.0,-37.0,35.0,23.0,-78.0,-78.0,0.90380859375,0.0400390625,0.32177734375,-11.28048780487805,11.097560975609756,1.524390243902439
10_41_12_260,-58.0,16.0,37.0,9.0,-9.0,17.0,127.0,-75.0,0.95361328125,0.05126953125,0.30126953125,-4.2682926829268295,11.158536585365855,0.9756097560975611
10_41_12_301,-27.0,-42.0,21.0,-38.0,-11.0,-27.0,-31.0,6.0,1.01171875,0.111328125,0.3427734375,1.4634146341463417,16.03658536585366,-0.7926829268292683
10_41_12_301,2.0,47.0,-22.0,-55.0,-20.0,-45.0,-128.0,-40.0,0.98095703125,-0.05224609375,0.3486328125,-1.4634146341463417,11.585365853658537,2.439024390243903
10_41_12_301,64.0,35.0,72.0,79.0,26.0,71.0,127.0,58.0,0.89404296875,-0.06494140625,0.3623046875,-3.9024390243902443,10.30487804878049,1.402439024390244
10_41_12_301,27.0,-128.0,-48.0,35.0,30.0,-53.0,-128.0,-20.0,0.91845703125,-0.00732421875,0.3525390625,2.0121951219512195,10.853658536585368,-1.0975609756097562
10_41_12_301,-37.0,102.0,-29.0,-85.0,58.0,-19.0,-62.0,14.0,0.89306640625,0.00732421875,0.40869140625,12.439024390243903,9.817073170731708,1.9512195121951221
10_41_12_301,13.0,-20.0,-74.0,32.0,-41.0,54.0,127.0,-11.0,0.9375,0.02001953125,0.3828125,12.073170731707318,11.585365853658537,3.780487804878049
10_41_12_301,-128.0,-109.0,10.0,-52.0,84.0,-21.0,45.0,19.0,0.923828125,0.01416015625,0.31640625,2.682926829268293,8.536585365853659,3.414634146341464
10_41_12_301,59.0,58.0,-8.0,17.0,-48.0,-66.0,-128.0,8.0,0.93505859375,0.02197265625,0.33984375,-2.804878048780488,7.865853658536586,-1.7682926829268295
10_41_12_301,-40.0,65.0,11.0,-11.0,25.0,-37.0,-67.0,-58.0,0.8994140625,0.02685546875,0.39599609375,-6.341463414634147,9.26829268292683,1.2804878048780488
10_41_12_301,-44.0,7.0,-52.0,-63.0,0.0,3.0,127.0,-60.0,0.9208984375,0.01318359375,0.3671875,-5.3048780487804885,14.390243902439027,0.3658536585365854
10_41_12_353,31.0,15.0,-4.0,127.0,72.0,-17.0,116.0,22.0,0.83447265625,-0.025390625,0.48046875,0.6097560975609757,25.975609756097562,5.3048780487804885
10_41_12_353,-48.0,-79.0,1.0,-128.0,-11.0,31.0,0.0,-3.0,1.02392578125,0.14501953125,0.37548828125,-3.963414634146342,26.76829268292683,1.9512195121951221
10_41_12_353,-9.0,31.0,-45.0,-22.0,0.0,-30.0,-128.0,-6.0,1.01171875,0.111328125,0.3427734375,1.4634146341463417,16.03658536585366,-0.7926829268292683
10_41_12_353,-8.0,-83.0,1.0,-26.0,69.0,-8.0,70.0,-22.0,0.98095703125,-0.05224609375,0.3486328125,-1.4634146341463417,11.585365853658537,2.439024390243903
10_41_12_353,46.0,12.0,8.0,11.0,29.0,43.0,-1.0,-10.0,0.89404296875,-0.06494140625,0.3623046875,-3.9024390243902443,10.30487804878049,1.402439024390244
10_41_12_353,-25.0,33.0,25.0,34.0,-44.0,-7.0,127.0,8.0,0.91845703125,-0.00732421875,0.3525390625,2.0121951219512195,10.853658536585368,-1.0975609756097562
10_41_12_353,-27.0,-42.0,21.0,-38.0,-11.0,-27.0,-31.0,6.0,0.89306640625,0.00732421875,0.40869140625,12.439024390243903,9.817073170731708,1.9512195121951221
10_41_12_353,2.0,47.0,-22.0,-55.0,-20.0,-45.0,-128.0,-40.0,0.9375,0.02001953125,0.3828125,12.073170731707318,11.585365853658537,3.780487804878049
10_41_12_353,64.0,35.0,72.0,79.0,26.0,71.0,127.0,58.0,0.923828125,0.01416015625,0.31640625,2.682926829268293,8.536585365853659,3.414634146341464
10_41_12_353,27.0,-128.0,-48.0,35.0,30.0,-53.0,-128.0,-20.0,0.93505859375,0.02197265625,0.33984375,-2.804878048780488,7.865853658536586,-1.7682926829268295
10_41_12_403,-76.0,49.0,-2.0,-37.0,-128.0,-36.0,105.0,79.0,0.94482421875,0.0478515625,0.37109375,1.7682926829268295,28.84146341463415,-0.7317073170731708
10_41_12_403,45.0,62.0,-16.0,-9.0,-49.0,81.0,127.0,-12.0,0.90478515625,0.0546875,0.45947265625,10.975609756097562,24.878048780487806,-1.402439024390244
10_41_12_403,-9.0,-128.0,-12.0,-105.0,127.0,-109.0,-128.0,14.0,0.88134765625,0.04736328125,0.5087890625,15.365853658536587,24.390243902439025,3.353658536585366
10_41_12_403,19.0,127.0,-10.0,-3.0,42.0,-70.0,-128.0,13.0,0.83447265625,-0.025390625,0.48046875,0.6097560975609757,25.975609756097562,5.3048780487804885
10_41_12_403,-33.0,76.0,0.0,21.0,-82.0,7.0,127.0,-73.0,1.02392578125,0.14501953125,0.37548828125,-3.963414634146342,26.76829268292683,1.9512195121951221
10_41_12_403,45.0,-89.0,21.0,11.0,-128.0,69.0,10.0,23.0,1.01171875,0.111328125,0.3427734375,1.4634146341463417,16.03658536585366,-0.7926829268292683
10_41_12_403,50.0,86.0,36.0,-52.0,47.0,-15.0,55.0,26.0,0.98095703125,-0.05224609375,0.3486328125,-1.4634146341463417,11.585365853658537,2.439024390243903
10_41_12_403,-102.0,-128.0,26.0,69.0,127.0,-58.0,-128.0,-17.0,0.89404296875,-0.06494140625,0.3623046875,-3.9024390243902443,10.30487804878049,1.402439024390244
10_41_12_403,62.0,65.0,-31.0,112.0,-32.0,-14.0,76.0,32.0,0.91845703125,-0.00732421875,0.3525390625,2.0121951219512195,10.853658536585368,-1.0975609756097562
10_41_12_403,0.0,-62.0,-30.0,-25.0,-35.0,99.0,115.0,17.0,0.89306640625,0.00732421875,0.40869140625,12.439024390243903,9.817073170731708,1.9512195121951221
10_41_12_463,3.0,-10.0,6.0,-64.0,-4.0,-78.0,-128.0,-21.0,1.009765625,-0.017578125,0.40673828125,18.53658536585366,31.646341463414636,0.24390243902439027
10_41_12_463,-32.0,-15.0,-15.0,7.0,-71.0,30.0,127.0,50.0,0.884765625,0.0546875,0.40234375,9.207317073170733,29.26829268292683,0.5487804878048781
10_41_12_463,5.0,-69.0,20.0,49.0,1.0,58.0,-7.0,29.0,0.94482421875,0.0478515625,0.37109375,1.7682926829268295,28.84146341463415,-0.7317073170731708
10_41_12_463,43.0,32.0,34.0,127.0,94.0,-58.0,-128.0,10.0,0.90478515625,0.0546875,0.45947265625,10.975609756097562,24.878048780487806,-1.402439024390244
10_41_12_463,90.0,24.0,5.0,10.0,-4.0,58.0,-19.0,55.0,0.88134765625,0.04736328125,0.5087890625,15.365853658536587,24.390243902439025,3.353658536585366
10_41_12_463,-38.0,-67.0,33.0,17.0,66.0,107.0,127.0,23.0,0.83447265625,-0.025390625,0.48046875,0.6097560975609757,25.975609756097562,5.3048780487804885
10_41_12_463,-76.0,49.0,-2.0,-37.0,-128.0,-36.0,105.0,79.0,1.02392578125,0.14501953125,0.37548828125,-3.963414634146342,26.76829268292683,1.9512195121951221
10_41_12_463,45.0,62.0,-16.0,-9.0,-49.0,81.0,127.0,-12.0,1.01171875,0.111328125,0.3427734375,1.4634146341463417,16.03658536585366,-0.7926829268292683
10_41_12_463,-9.0,-128.0,-12.0,-105.0,127.0,-109.0,-128.0,14.0,0.98095703125,-0.05224609375,0.3486328125,-1.4634146341463417,11.585365853658537,2.439024390243903
10_41_12_463,19.0,127.0,-10.0,-3.0,42.0,-70.0,-128.0,13.0,0.89404296875,-0.06494140625,0.3623046875,-3.9024390243902443,10.30487804878049,1.402439024390244
10_41_12_513,-21.0,0.0,69.0,-2.0,-4.0,71.0,127.0,-21.0,0.95166015625,0.015625,0.49462890625,14.207317073170733,42.926829268292686,2.1341463414634148
10_41_12_513,66.0,17.0,-7.0,35.0,26.0,-42.0,104.0,82.0,1.001953125,0.0078125,0.51318359375,24.26829268292683,41.58536585365854,5.060975609756098
10_41_12_513,-100.0,-28.0,69.0,-17.0,63.0,-99.0,-128.0,-128.0,0.92333984375,-0.0087890625,0.43212890625,13.719512195121952,36.768292682926834,5.060975609756098
10_41_12_513,16.0,21.0,-67.0,-36.0,-128.0,29.0,127.0,38.0,1.04296875,0.044921875,0.38232421875,12.500000000000002,36.03658536585366,-0.426829268292683
10_41_12_513,-93.0,-5.0,0.0,-128.0,-40.0,89.0,127.0,-31.0,1.009765625,-0.017578125,0.40673828125,18.53658536585366,31.646341463414636,0.24390243902439027
10_41_12_513,53.0,10.0,67.0,45.0,124.0,-128.0,-128.0,-35.0,0.884765625,0.0546875,0.40234375,9.207317073170733,29.26829268292683,0.5487804878048781
10_41_12_513,5.0,0.0,38.0,127.0,87.0,17.0,56.0,-31.0,0.94482421875,0.0478515625,0.37109375,1.7682926829268295,28.84146341463415,-0.7317073170731708
10_41_12_513,4.0,67.0,-14.0,-118.0,-25.0,-4.0,-2.0,1.0,0.90478515625,0.0546875,0.45947265625,10.975609756097562,24.878048780487806,-1.402439024390244
10_41_12_513,8.0,8.0,-42.0,-40.0,-17.0,11.0,42.0,-5.0,0.88134765625,0.04736328125,0.5087890625,15.365853658536587,24.390243902439025,3.353658536585366
10_41_12_513,-12.0,-128.0,-16.0,-5.0,35.0,1.0,99.0,0.0,0.83447265625,-0.025390625,0.48046875,0.6097560975609757,25.975609756097562,5.3048780487804885
10_41_12_548,-5.0,-1.0,91.0,88.0,-5.0,-32.0,-31.0,-7.0,0.9765625,0.11181640625,0.5185546875,5.182926829268293,54.32926829268293,-3.353658536585366
10_41_12_548,-66.0,-34.0,-55.0,127.0,43.0,46.0,-128.0,82.0,0.94775390625,-0.00634765625,0.51806640625,3.231707317073171,49.207317073170735,-1.0975609756097562
10_41_12_548,-64.0,-12.0,-33.0,-128.0,-34.0,19.0,127.0,-64.0,0.8662109375,-0.0146484375,0.48291015625,0.7317073170731708,42.926829268292686,-3.414634146341464
10_41_12_548,41.0,-108.0,-3.0,-76.0,53.0,-128.0,-128.0,-8.0,0.95166015625,0.015625,0.49462890625,14.207317073170733,42.926829268292686,2.1341463414634148
10_41_12_548,48.0,-3.0,-53.0,-18.0,-110.0,127.0,127.0,13.0,1.001953125,0.0078125,0.51318359375,24.26829268292683,41.58536585365854,5.060975609756098
10_41_12_548,127.0,-83.0,33.0,127.0,54.0,-18.0,16.0,35.0,0.92333984375,-0.0087890625,0.43212890625,13.719512195121952,36.768292682926834,5.060975609756098
10_41_12_548,-5.0,46.0,-2.0,-128.0,-101.0,-44.0,6.0,99.0,1.04296875,0.044921875,0.38232421875,12.500000000000002,36.03658536585366,-0.426829268292683
10_41_12_548,-43.0,-48.0,-51.0,-128.0,70.0,19.0,127.0,-15.0,1.009765625,-0.017578125,0.40673828125,18.53658536585366,31.646341463414636,0.24390243902439027
10_41_12_548,62.0,36.0,-25.0,67.0,40.0,-80.0,-128.0,34.0,0.884765625,0.0546875,0.40234375,9.207317073170733,29.26829268292683,0.5487804878048781
10_41_12_548,-44.0,-77.0,-21.0,-11.0,-55.0,41.0,-106.0,-3.0,0.94482421875,0.0478515625,0.37109375,1.7682926829268295,28.84146341463415,-0.7317073170731708
10_41_12_610,17.0,-62.0,-6.0,-13.0,47.0,3.0,-51.0,30.0,0.9765625,0.11181640625,0.5185546875,5.182926829268293,54.32926829268293,-3.353658536585366
10_41_12_610,5.0,-32.0,-96.0,-68.0,-18.0,-30.0,127.0,-20.0,0.94775390625,-0.00634765625,0.51806640625,3.231707317073171,49.207317073170735,-1.0975609756097562
10_41_12_610,45.0,5.0,40.0,-29.0,-113.0,-36.0,-128.0,23.0,0.8662109375,-0.0146484375,0.48291015625,0.7317073170731708,42.926829268292686,-3.414634146341464
10_41_12_610,22.0,-28.0,-19.0,-17.0,-34.0,19.0,127.0,-23.0,0.95166015625,0.015625,0.49462890625,14.207317073170733,42.926829268292686,2.1341463414634148
10_41_12_610,-5.0,-1.0,91.0,88.0,-5.0,-32.0,-31.0,-7.0,1.001953125,0.0078125,0.51318359375,24.26829268292683,41.58536585365854,5.060975609756098
10_41_12_610,-66.0,-34.0,-55.0,127.0,43.0,46.0,-128.0,82.0,0.92333984375,-0.0087890625,0.43212890625,13.719512195121952,36.768292682926834,5.060975609756098
10_41_12_610,-64.0,-12.0,-33.0,-128.0,-34.0,19.0,127.0,-64.0,1.04296875,0.044921875,0.38232421875,12.500000000000002,36.03658536585366,-0.426829268292683
10_41_12_610,41.0,-108.0,-3.0,-76.0,53.0,-128.0,-128.0,-8.0,1.009765625,-0.017578125,0.40673828125,18.53658536585366,31.646341463414636,0.24390243902439027
10_41_12_610,48.0,-3.0,-53.0,-18.0,-110.0,127.0,127.0,13.0,0.884765625,0.0546875,0.40234375,9.207317073170733,29.26829268292683,0.5487804878048781
10_41_12_610,127.0,-83.0,33.0,127.0,54.0,-18.0,16.0,35.0,0.94482421875,0.0478515625,0.37109375,1.7682926829268295,28.84146341463415,-0.7317073170731708
10_41_12_652,47.0,-15.0,-26.0,-25.0,-58.0,63.0,127.0,31.0,0.7529296875,0.08056640625,0.57177734375,-8.414634146341465,63.35365853658537,-0.9756097560975611
10_41_12_652,-13.0,50.0,-11.0,5.0,4.0,29.0,67.0,2.0,0.90625,0.00244140625,0.61279296875,-2.682926829268293,60.97560975609757,-7.926829268292684
10_41_12_652,-50.0,-102.0,20.0,31.0,17.0,-24.0,127.0,30.0,0.794921875,-0.0068359375,0.60888671875,1.9512195121951221,52.926829268292686,-2.9268292682926833
10_41_12_652,-3.0,54.0,39.0,31.0,102.0,-36.0,27.0,34.0,0.828125,0.10400390625,0.54248046875,3.2926829268292686,57.987804878048784,-0.9146341463414634
10_41_12_652,-11.0,84.0,-11.0,51.0,105.0,87.0,-128.0,-75.0,0.9765625,0.11181640625,0.5185546875,5.182926829268293,54.32926829268293,-3.353658536585366
10_41_12_652,29.0,-50.0,-12.0,-17.0,41.0,-96.0,108.0,22.0,0.94775390625,-0.00634765625,0.51806640625,3.231707317073171,49.207317073170735,-1.0975609756097562
10_41_12_652,-11.0,34.0,-30.0,-102.0,94.0,-77.0,-128.0,1.0,0.8662109375,-0.0146484375,0.48291015625,0.7317073170731708,42.926829268292686,-3.414634146341464
10_41_12_652,90.0,16.0,-112.0,-11.0,-109.0,52.0,-54.0,-42.0,0.95166015625,0.015625,0.49462890625,14.207317073170733,42.926829268292686,2.1341463414634148
10_41_12_652,-106.0,-4.0,38.0,83.0,92.0,-88.0,62.0,28.0,1.001953125,0.0078125,0.51318359375,24.26829268292683,41.58536585365854,5.060975609756098
10_41_12_652,47.0,-4.0,79.0,124.0,-36.0,-36.0,46.0,3.0,0.92333984375,-0.0087890625,0.43212890625,13.719512195121952,36.768292682926834,5.060975609756098
10_41_12_700,-46.0,7.0,-69.0,-75.0,41.0,127.0,-128.0,-39.0,0.70751953125,0.0390625,0.6259765625,-7.926829268292684,66.95121951219512,-6.585365853658537
10_41_12_700,52.0,28.0,-13.0,-34.0,-91.0,-116.0,127.0,42.0,0.78955078125,0.08935546875,0.728515625,4.024390243902439,71.76829268292684,-6.890243902439025
10_41_12_700,-74.0,31.0,-20.0,-78.0,-128.0,72.0,-105.0,-10.0,0.77197265625,0.07568359375,0.6953125,-3.048780487804878,65.1829268292683,-2.5
10_41_12_700,29.0,20.0,58.0,-59.0,84.0,74.0,-29.0,-53.0,0.7529296875,0.08056640625,0.57177734375,-8.414634146341465,63.35365853658537,-0.9756097560975611
10_41_12_700,28.0,39.0,20.0,127.0,78.0,-37.0,-128.0,33.0,0.90625,0.00244140625,0.61279296875,-2.682926829268293,60.97560975609757,-7.926829268292684
10_41_12_700,21.0,19.0,65.0,-90.0,-128.0,10.0,127.0,61.0,0.794921875,-0.0068359375,0.60888671875,1.9512195121951221,52.926829268292686,-2.9268292682926833
10_41_12_700,28.0,-38.0,-43.0,21.0,35.0,14.0,-128.0,-38.0,0.828125,0.10400390625,0.54248046875,3.2926829268292686,57.987804878048784,-0.9146341463414634
10_41_12_700,27.0,-7.0,15.0,96.0,-50.0,-24.0,88.0,-19.0,0.9765625,0.11181640625,0.5185546875,5.182926829268293,54.32926829268293,-3.353658536585366
10_41_12_700,-18.0,33.0,-37.0,-5.0,87.0,-54.0,-128.0,24.0,0.94775390625,-0.00634765625,0.51806640625,3.231707317073171,49.207317073170735,-1.0975609756097562
10_41_12_700,54.0,-7.0,35.0,-37.0,-1.0,-69.0,32.0,30.0,0.8662109375,-0.0146484375,0.48291015625,0.7317073170731708,42.926829268292686,-3.414634146341464
10_41_12_767,65.0,11.0,44.0,6.0,-10.0,-4.0,-128.0,26.0,0.7421875,0.15576171875,0.76416015625,8.048780487804878,73.04878048780489,-7.25609756097561
10_41_12_767,-98.0,-21.0,-16.0,-53.0,-14.0,39.0,127.0,-44.0,0.67919921875,0.00146484375,0.71337890625,-0.5487804878048781,68.10975609756098,-5.548780487804878
10_41_12_767,-90.0,22.0,16.0,17.0,-54.0,37.0,127.0,62.0,0.70751953125,0.0390625,0.6259765625,-7.926829268292684,66.95121951219512,-6.585365853658537
10_41_12_767,14.0,105.0,46.0,-67.0,97.0,-128.0,-128.0,-128.0,0.78955078125,0.08935546875,0.728515625,4.024390243902439,71.76829268292684,-6.890243902439025
10_41_12_767,-128.0,-128.0,-120.0,-39.0,-43.0,101.0,127.0,25.0,0.77197265625,0.07568359375,0.6953125,-3.048780487804878,65.1829268292683,-2.5
10_41_12_767,58.0,7.0,43.0,-31.0,-20.0,-22.0,42.0,-81.0,0.7529296875,0.08056640625,0.57177734375,-8.414634146341465,63.35365853658537,-0.9756097560975611
10_41_12_767,-41.0,-9.0,39.0,-83.0,-27.0,-41.0,36.0,-77.0,0.90625,0.00244140625,0.61279296875,-2.682926829268293,60.97560975609757,-7.926829268292684
10_41_12_767,32.0,-53.0,-62.0,127.0,4.0,1.0,127.0,34.0,0.794921875,-0.0068359375,0.60888671875,1.9512195121951221,52.926829268292686,-2.9268292682926833
10_41_12_767,13.0,-6.0,-51.0,-92.0,-8.0,-68.0,-28.0,-6.0,0.828125,0.10400390625,0.54248046875,3.2926829268292686,57.987804878048784,-0.9146341463414634
10_41_12_767,-16.0,-34.0,23.0,105.0,28.0,-50.0,6.0,11.0,0.9765625,0.11181640625,0.5185546875,5.182926829268293,54.32926829268293,-3.353658536585366
10_41_12_802,41.0,-72.0,4.0,36.0,7.0,49.0,-128.0,-111.0,0.65185546875,0.1640625,0.7568359375,16.34146341463415,78.47560975609757,-2.1341463414634148
10_41_12_802,-35.0,10.0,-100.0,62.0,-75.0,22.0,127.0,21.0,0.62158203125,-0.04931640625,0.7412109375,12.621951219512196,77.8658536585366,-1.8902439024390245
10_41_12_802,-33.0,-37.0,127.0,23.0,10.0,40.0,115.0,10.0,0.572265625,0.00244140625,0.7216796875,9.878048780487806,76.95121951219512,-6.097560975609756
10_41_12_802,27.0,-3.0,-111.0,127.0,45.0,-41.0,127.0,18.0,0.7421875,0.15576171875,0.76416015625,8.048780487804878,73.04878048780489,-7.25609756097561
10_41_12_802,-113.0,11.0,16.0,-20.0,47.0,-65.0,-128.0,19.0,0.67919921875,0.00146484375,0.71337890625,-0.5487804878048781,68.10975609756098,-5.548780487804878
10_41_12_802,-128.0,-128.0,-4.0,44.0,-5.0,127.0,127.0,-37.0,0.70751953125,0.0390625,0.6259765625,-7.926829268292684,66.95121951219512,-6.585365853658537
10_41_12_802,21.0,34.0,-51.0,-128.0,-92.0,-88.0,20.0,-15.0,0.78955078125,0.08935546875,0.728515625,4.024390243902439,71.76829268292684,-6.890243902439025
10_41_12_802,35.0,42.0,65.0,127.0,44.0,74.0,-122.0,31.0,0.77197265625,0.07568359375,0.6953125,-3.048780487804878,65.1829268292683,-2.5
10_41_12_802,65.0,11.0,44.0,6.0,-10.0,-4.0,-128.0,26.0,0.7529296875,0.08056640625,0.57177734375,-8.414634146341465,63.35365853658537,-0.9756097560975611
10_41_12_802,-98.0,-21.0,-16.0,-53.0,-14.0,39.0,127.0,-44.0,0.90625,0.00244140625,0.61279296875,-2.682926829268293,60.97560975609757,-7.926829268292684
10_41_12_865,-13.0,71.0,23.0,127.0,127.0,-78.0,-128.0,-101.0,0.5302734375,-0.05517578125,0.8349609375,-3.7195121951219514,81.03658536585367,-3.1097560975609757
10_41_12_865,51.0,-14.0,127.0,-128.0,-60.0,23.0,42.0,-13.0,0.5361328125,0.07666015625,0.78369140625,7.987804878048781,80.60975609756099,2.1951219512195124
10_41_12_865,87.0,15.0,-83.0,-3.0,-58.0,-58.0,127.0,65.0,0.65185546875,0.1640625,0.7568359375,16.34146341463415,78.47560975609757,-2.1341463414634148
10_41_12_865,58.0,13.0,-49.0,-128.0,-11.0,-51.0,-128.0,-30.0,0.62158203125,-0.04931640625,0.7412109375,12.621951219512196,77.8658536585366,-1.8902439024390245
10_41_12_865,9.0,127.0,25.0,36.0,-24.0,53.0,127.0,-41.0,0.572265625,0.00244140625,0.7216796875,9.878048780487806,76.95121951219512,-6.097560975609756
10_41_12_865,-71.0,16.0,81.0,127.0,49.0,31.0,127.0,39.0,0.7421875,0.15576171875,0.76416015625,8.048780487804878,73.04878048780489,-7.25609756097561
10_41_12_865,21.0,83.0,-23.0,-128.0,-11.0,-92.0,-128.0,71.0,0.67919921875,0.00146484375,0.71337890625,-0.5487804878048781,68.10975609756098,-5.548780487804878
10_41_12_865,103.0,-29.0,-71.0,90.0,-47.0,80.0,127.0,44.0,0.70751953125,0.0390625,0.6259765625,-7.926829268292684,66.95121951219512,-6.585365853658537
10_41_12_865,1.0,-34.0,4.0,-2.0,-8.0,55.0,127.0,59.0,0.78955078125,0.08935546875,0.728515625,4.024390243902439,71.76829268292684,-6.890243902439025
10_41_12_865,-96.0,-13.0,-19.0,-128.0,-25.0,-76.0,127.0,59.0,0.77197265625,0.07568359375,0.6953125,-3.048780487804878,65.1829268292683,-2.5
10_41_12_906,-7.0,20.0,7.0,-128.0,-93.0,-9.0,127.0,-20.0,0.58154296875,-0.04248046875,0.87158203125,-1.0365853658536586,92.25609756097562,-7.134146341463415
10_41_12_906,-7.0,49.0,8.0,28.0,127.0,40.0,-128.0,32.0,0.52197265625,0.134765625,0.798828125,11.52439024390244,86.70731707317074,1.1585365853658538
10_41_12_906,52.0,57.0,127.0,48.0,-35.0,-128.0,-96.0,43.0,0.46484375,-0.02294921875,0.74462890625,-3.414634146341464,82.01219512195122,3.1097560975609757
10_41_12_906,64.0,-16.0,35.0,22.0,-96.0,88.0,96.0,45.0,0.5302734375,-0.05517578125,0.8349609375,-3.7195121951219514,81.03658536585367,-3.1097560975609757
10_41_12_906,3.0,53.0,0.0,127.0,127.0,127.0,89.0,77.0,0.5361328125,0.07666015625,0.78369140625,7.987804878048781,80.60975609756099,2.1951219512195124
10_41_12_906,0.0,-67.0,-27.0,-128.0,-60.0,-52.0,-128.0,-112.0,0.65185546875,0.1640625,0.7568359375,16.34146341463415,78.47560975609757,-2.1341463414634148
10_41_12_906,-77.0,61.0,23.0,127.0,82.0,-96.0,-128.0,14.0,0.62158203125,-0.04931640625,0.7412109375,12.621951219512196,77.8658536585366,-1.8902439024390245
10_41_12_906,-41.0,-53.0,-108.0,-128.0,-33.0,-21.0,-51.0,-55.0,0.572265625,0.00244140625,0.7216796875,9.878048780487806,76.95121951219512,-6.097560975609756
10_41_12_906,-92.0,1.0,-12.0,-105.0,-123.0,17.0,127.0,1.0,0.7421875,0.15576171875,0.76416015625,8.048780487804878,73.04878048780489,-7.25609756097561
10_41_12_906,63.0,48.0,-24.0,54.0,-13.0,42.0,127.0,-12.0,0.67919921875,0.00146484375,0.71337890625,-0.5487804878048781,68.10975609756098,-5.548780487804878
10_41_12_954,-38.0,31.0,44.0,-27.0,56.0,-62.0,48.0,-2.0,0.40673828125,0.123046875,0.9052734375,21.402439024390247,99.63414634146342,-12.926829268292684
10_41_12_954,113.0,-9.0,12.0,127.0,28.0,17.0,127.0,57.0,0.36474609375,0.1044921875,0.88037109375,22.134146341463417,99.93902439024392,-12.195121951219512
10_41_12_954,-92.0,25.0,-25.0,-128.0,-92.0,-29.0,-128.0,-43.0,0.353515625,0.04833984375,0.73681640625,12.256097560975611,91.34146341463415,-5.365853658536586
10_41_12_954,-3.0,6.0,-14.0,-26.0,-37.0,-65.0,45.0,10.0,0.58154296875,-0.04248046875,0.87158203125,-1.0365853658536586,92.25609756097562,-7.134146341463415
10_41_12_954,19.0,1.0,63.0,-82.0,-109.0,117.0,-118.0,-54.0,0.52197265625,0.134765625,0.798828125,11.52439024390244,86.70731707317074,1.1585365853658538
10_41_12_954,-49.0,-28.0,-73.0,127.0,127.0,-116.0,47.0,-14.0,0.46484375,-0.02294921875,0.74462890625,-3.414634146341464,82.01219512195122,3.1097560975609757
10_41_12_954,81.0,-10.0,0.0,-2.0,-113.0,95.0,114.0,36.0,0.5302734375,-0.05517578125,0.8349609375,-3.7195121951219514,81.03658536585367,-3.1097560975609757
10_41_12_954,-60.0,-23.0,-26.0,-128.0,-46.0,47.0,127.0,14.0,0.5361328125,0.07666015625,0.78369140625,7.987804878048781,80.60975609756099,2.1951219512195124
10_41_12_954,-22.0,99.0,7.0,1.0,24.0,-79.0,100.0,15.0,0.65185546875,0.1640625,0.7568359375,16.34146341463415,78.47560975609757,-2.1341463414634148
10_41_12_954,-104.0,-7.0,-69.0,-43.0,-90.0,-88.0,-128.0,-76.0,0.62158203125,-0.04931640625,0.7412109375,12.621951219512196,77.8658536585366,-1.8902439024390245
10_41_13_012,-56.0,19.0,-128.0,-128.0,-95.0,24.0,-7.0,-10.0,0.40673828125,0.123046875,0.9052734375,21.402439024390247,99.63414634146342,-12.926829268292684
10_41_13_012,24.0,76.0,27.0,127.0,-18.0,66.0,31.0,12.0,0.36474609375,0.1044921875,0.88037109375,22.134146341463417,99.93902439024392,-12.195121951219512
10_41_13_012,-38.0,31.0,44.0,-27.0,56.0,-62.0,48.0,-2.0,0.353515625,0.04833984375,0.73681640625,12.256097560975611,91.34146341463415,-5.365853658536586
10_41_13_012,113.0,-9.0,12.0,127.0,28.0,17.0,127.0,57.0,0.58154296875,-0.04248046875,0.87158203125,-1.0365853658536586,92.25609756097562,-7.134146341463415
10_41_13_012,-92.0,25.0,-25.0,-128.0,-92.0,-29.0,-128.0,-43.0,0.52197265625,0.134765625,0.798828125,11.52439024390244,86.70731707317074,1.1585365853658538
10_41_13_012,-3.0,6.0,-14.0,-26.0,-37.0,-65.0,45.0,10.0,0.46484375,-0.02294921875,0.74462890625,-3.414634146341464,82.01219512195122,3.1097560975609757
10_41_13_012,19.0,1.0,63.0,-82.0,-109.0,117.0,-118.0,-54.0,0.5302734375,-0.05517578125,0.8349609375,-3.7195121951219514,81.03658536585367,-3.1097560975609757
10_41_13_012,-49.0,-28.0,-73.0,127.0,127.0,-116.0,47.0,-14.0,0.5361328125,0.07666015625,0.78369140625,7.987804878048781,80.60975609756099,2.1951219512195124
10_41_13_012,81.0,-10.0,0.0,-2.0,-113.0,95.0,114.0,36.0,0.65185546875,0.1640625,0.7568359375,16.34146341463415,78.47560975609757,-2.1341463414634148
10_41_13_012,-60.0,-23.0,-26.0,-128.0,-46.0,47.0,127.0,14.0,0.62158203125,-0.04931640625,0.7412109375,12.621951219512196,77.8658536585366,-1.8902439024390245
10_41_13_067,41.0,-3.0,-51.0,22.0,-58.0,13.0,37.0,102.0,0.08642578125,0.16455078125,0.85107421875,40.91463414634147,84.32926829268294,-26.58536585365854
10_41_13_067,-78.0,-10.0,-29.0,-90.0,57.0,-128.0,-128.0,-75.0,0.1513671875,0.17529296875,0.94873046875,61.768292682926834,90.48780487804879,-8.292682926829269
10_41_13_067,-128.0,-93.0,106.0,88.0,-41.0,112.0,127.0,-5.0,0.39892578125,0.171875,0.857421875,46.40243902439025,94.81707317073172,2.073170731707317
10_41_13_067,-91.0,67.0,-95.0,-73.0,81.0,-5.0,-128.0,-26.0,0.1767578125,0.0791015625,0.765625,27.987804878048784,98.71951219512196,-24.32926829268293
10_41_13_067,-3.0,77.0,47.0,36.0,-20.0,-54.0,-128.0,49.0,0.18359375,0.1279296875,0.8076171875,28.414634146341466,104.57317073170732,-27.31707317073171
10_41_13_067,-6.0,-30.0,41.0,-18.0,-37.0,11.0,127.0,20.0,0.40673828125,0.123046875,0.9052734375,21.402439024390247,99.63414634146342,-12.926829268292684
10_41_13_067,-36.0,25.0,-75.0,-11.0,-109.0,16.0,127.0,43.0,0.36474609375,0.1044921875,0.88037109375,22.134146341463417,99.93902439024392,-12.195121951219512
10_41_13_067,38.0,-107.0,66.0,81.0,90.0,42.0,-128.0,-46.0,0.353515625,0.04833984375,0.73681640625,12.256097560975611,91.34146341463415,-5.365853658536586
10_41_13_067,-17.0,33.0,57.0,-101.0,31.0,-18.0,-28.0,1.0,0.58154296875,-0.04248046875,0.87158203125,-1.0365853658536586,92.25609756097562,-7.134146341463415
10_41_13_067,-15.0,3.0,64.0,39.0,26.0,11.0,-128.0,-87.0,0.52197265625,0.134765625,0.798828125,11.52439024390244,86.70731707317074,1.1585365853658538
10_41_13_107,25.0,-32.0,85.0,-6.0,-12.0,-117.0,-128.0,-91.0,0.240234375,0.1826171875,0.9150390625,48.10975609756098,70.85365853658537,-8.231707317073171
10_41_13_107,63.0,36.0,28.0,127.0,92.0,79.0,-15.0,52.0,0.14453125,0.119140625,0.8291015625,35.243902439024396,73.78048780487805,-6.036585365853659
10_41_13_107,10.0,-8.0,-23.0,6.0,118.0,33.0,-120.0,16.0,0.08642578125,0.16455078125,0.85107421875,40.91463414634147,84.32926829268294,-26.58536585365854
10_41_13_107,-22.0,-27.0,-17.0,-49.0,-51.0,-78.0,34.0,14.0,0.1513671875,0.17529296875,0.94873046875,61.768292682926834,90.48780487804879,-8.292682926829269
10_41_13_107,-29.0,18.0,18.0,-89.0,6.0,-20.0,-128.0,-9.0,0.39892578125,0.171875,0.857421875,46.40243902439025,94.81707317073172,2.073170731707317
10_41_13_107,22.0,8.0,16.0,117.0,52.0,36.0,-128.0,-68.0,0.1767578125,0.0791015625,0.765625,27.987804878048784,98.71951219512196,-24.32926829268293
10_41_13_107,-11.0,-28.0,-11.0,34.0,28.0,19.0,127.0,-11.0,0.18359375,0.1279296875,0.8076171875,28.414634146341466,104.57317073170732,-27.31707317073171
10_41_13_107,28.0,-10.0,-24.0,-128.0,-22.0,-118.0,-128.0,-5.0,0.40673828125,0.123046875,0.9052734375,21.402439024390247,99.63414634146342,-12.926829268292684
10_41_13_107,41.0,-3.0,-51.0,22.0,-58.0,13.0,37.0,102.0,0.36474609375,0.1044921875,0.88037109375,22.134146341463417,99.93902439024392,-12.195121951219512
10_41_13_107,-78.0,-10.0,-29.0,-90.0,57.0,-128.0,-128.0,-75.0,0.353515625,0.04833984375,0.73681640625,12.256097560975611,91.34146341463415,-5.365853658536586
10_41_13_158,28.0,13.0,41.0,-128.0,-128.0,-9.0,74.0,46.0,0.01953125,0.0908203125,0.80322265625,20.48780487804878,61.524390243902445,-21.097560975609756
10_41_13_158,-61.0,-58.0,13.0,-53.0,57.0,-128.0,-23.0,-41.0,0.08740234375,0.107421875,0.7548828125,24.390243902439025,64.02439024390245,-32.25609756097561
10_41_13_158,8.0,36.0,43.0,-21.0,85.0,-44.0,-128.0,-51.0,0.05126953125,0.1572265625,0.85107421875,39.75609756097561,65.3658536585366,-25.731707317073173
10_41_13_158,-1.0,-45.0,-16.0,-23.0,-47.0,38.0,127.0,-17.0,0.240234375,0.1826171875,0.9150390625,48.10975609756098,70.85365853658537,-8.231707317073171
10_41_13_158,55.0,-49.0,-56.0,-4.0,-11.0,15.0,110.0,6.0,0.14453125,0.119140625,0.8291015625,35.243902439024396,73.78048780487805,-6.036585365853659
10_41_13_158,-31.0,14.0,0.0,124.0,2.0,26.0,65.0,16.0,0.08642578125,0.16455078125,0.85107421875,40.91463414634147,84.32926829268294,-26.58536585365854
10_41_13_158,95.0,15.0,19.0,-128.0,-12.0,-43.0,-128.0,7.0,0.1513671875,0.17529296875,0.94873046875,61.768292682926834,90.48780487804879,-8.292682926829269
10_41_13_158,78.0,127.0,51.0,99.0,-8.0,3.0,9.0,20.0,0.39892578125,0.171875,0.857421875,46.40243902439025,94.81707317073172,2.073170731707317
10_41_13_158,-38.0,-28.0,-71.0,-10.0,-26.0,17.0,102.0,11.0,0.1767578125,0.0791015625,0.765625,27.987804878048784,98.71951219512196,-24.32926829268293
10_41_13_158,-14.0,77.0,5.0,-96.0,-19.0,-61.0,-128.0,-41.0,0.18359375,0.1279296875,0.8076171875,28.414634146341466,104.57317073170732,-27.31707317073171
10_41_13_219,-74.0,125.0,10.0,-47.0,-67.0,-13.0,93.0,-41.0,0.12109375,0.08642578125,0.978515625,11.585365853658537,65.1219512195122,-26.52439024390244
10_41_13_219,-70.0,-22.0,-13.0,-67.0,61.0,-60.0,-128.0,-72.0,0.01953125,0.0908203125,0.80322265625,20.48780487804878,61.524390243902445,-21.097560975609756
10_41_13_219,75.0,-30.0,-8.0,13.0,0.0,-28.0,-128.0,26.0,0.08740234375,0.107421875,0.7548828125,24.390243902439025,64.02439024390245,-32.25609756097561
10_41_13_219,93.0,26.0,-12.0,-78.0,-128.0,-39.0,99.0,55.0,0.05126953125,0.1572265625,0.85107421875,39.75609756097561,65.3658536585366,-25.731707317073173
10_41_13_219,127.0,56.0,-18.0,-88.0,-36.0,7.0,18.0,58.0,0.240234375,0.1826171875,0.9150390625,48.10975609756098,70.85365853658537,-8.231707317073171
10_41_13_219,-128.0,-9.0,29.0,127.0,127.0,35.0,-128.0,-128.0,0.14453125,0.119140625,0.8291015625,35.243902439024396,73.78048780487805,-6.036585365853659
10_41_13_219,28.0,13.0,41.0,-128.0,-128.0,-9.0,74.0,46.0,0.08642578125,0.16455078125,0.85107421875,40.91463414634147,84.32926829268294,-26.58536585365854
10_41_13_219,-61.0,-58.0,13.0,-53.0,57.0,-128.0,-23.0,-41.0,0.1513671875,0.17529296875,0.94873046875,61.768292682926834,90.48780487804879,-8.292682926829269
10_41_13_219,8.0,36.0,43.0,-21.0,85.0,-44.0,-128.0,-51.0,0.39892578125,0.171875,0.857421875,46.40243902439025,94.81707317073172,2.073170731707317
10_41_13_219,-1.0,-45.0,-16.0,-23.0,-47.0,38.0,127.0,-17.0,0.1767578125,0.0791015625,0.765625,27.987804878048784,98.71951219512196,-24.32926829268293
10_41_13_277,41.0,105.0,110.0,-12.0,34.0,4.0,5.0,46.0,-0.00048828125,0.25830078125,0.7685546875,6.707317073170732,54.87804878048781,-30.853658536585368
10_41_13_277,-6.0,102.0,31.0,-11.0,-57.0,37.0,-37.0,1.0,0.07763671875,0.12451171875,0.748046875,13.597560975609758,59.085365853658544,-30.30487804878049
10_41_13_277,-116.0,-35.0,-128.0,24.0,53.0,-12.0,-19.0,23.0,0.0908203125,0.0234375,0.77099609375,-1.2195121951219514,60.60975609756098,-33.47560975609756
10_41_13_277,92.0,45.0,38.0,30.0,59.0,19.0,-128.0,24.0,0.12109375,0.08642578125,0.978515625,11.585365853658537,65.1219512195122,-26.52439024390244
10_41_13_277,-23.0,17.0,-91.0,-79.0,7.0,-52.0,-128.0,-27.0,0.01953125,0.0908203125,0.80322265625,20.48780487804878,61.524390243902445,-21.097560975609756
10_41_13_277,30.0,27.0,127.0,97.0,-80.0,100.0,127.0,66.0,0.08740234375,0.107421875,0.7548828125,24.390243902439025,64.02439024390245,-32.25609756097561
10_41_13_277,6.0,22.0,-56.0,-11.0,17.0,32.0,2.0,-15.0,0.05126953125,0.1572265625,0.85107421875,39.75609756097561,65.3658536585366,-25.731707317073173
10_41_13_277,45.0,126.0,80.0,127.0,28.0,22.0,127.0,-27.0,0.240234375,0.1826171875,0.9150390625,48.10975609756098,70.85365853658537,-8.231707317073171
10_41_13_277,-74.0,125.0,10.0,-47.0,-67.0,-13.0,93.0,-41.0,0.14453125,0.119140625,0.8291015625,35.243902439024396,73.78048780487805,-6.036585365853659
10_41_13_277,-70.0,-22.0,-13.0,-67.0,61.0,-60.0,-128.0,-72.0,0.08642578125,0.16455078125,0.85107421875,40.91463414634147,84.32926829268294,-26.58536585365854
10_41_13_311,-106.0,41.0,-53.0,3.0,-128.0,-18.0,65.0,12.0,-0.03076171875,0.1474609375,0.82568359375,-3.9024390243902443,36.524390243902445,-20.121951219512198
10_41_13_311,-98.0,-10.0,-34.0,-33.0,2.0,22.0,9.0,-27.0,0.00732421875,0.2314453125,0.8251953125,-1.829268292682927,44.75609756097561,-22.439024390243905
10_41_13_311,127.0,-34.0,-51.0,127.0,127.0,-7.0,58.0,10.0,-0.00048828125,0.25830078125,0.7685546875,6.707317073170732,54.87804878048781,-30.853658536585368
10_41_13_311,-11.0,-18.0,37.0,-128.0,-128.0,-49.0,127.0,25.0,0.07763671875,0.12451171875,0.748046875,13.597560975609758,59.085365853658544,-30.30487804878049
10_41_13_311,-52.0,-20.0,0.0,36.0,-7.0,36.0,84.0,12.0,0.0908203125,0.0234375,0.77099609375,-1.2195121951219514,60.60975609756098,-33.47560975609756
10_41_13_311,-114.0,-91.0,15.0,-52.0,-13.0,20.0,59.0,-39.0,0.12109375,0.08642578125,0.978515625,11.585365853658537,65.1219512195122,-26.52439024390244
10_41_13_311,-43.0,-63.0,53.0,10.0,23.0,4.0,-83.0,74.0,0.01953125,0.0908203125,0.80322265625,20.48780487804878,61.524390243902445,-21.097560975609756
10_41_13_311,-20.0,-25.0,5.0,-80.0,7.0,-128.0,-128.0,-25.0,0.08740234375,0.107421875,0.7548828125,24.390243902439025,64.02439024390245,-32.25609756097561
10_41_13_311,80.0,43.0,-14.0,28.0,24.0,11.0,-128.0,-40.0,0.05126953125,0.1572265625,0.85107421875,39.75609756097561,65.3658536585366,-25.731707317073173
10_41_13_311,104.0,-28.0,-128.0,39.0,-12.0,13.0,39.0,31.0,0.240234375,0.1826171875,0.9150390625,48.10975609756098,70.85365853658537,-8.231707317073171
10_41_13_373,83.0,54.0,43.0,-19.0,-62.0,-20.0,-34.0,6.0,-0.11083984375,0.1494140625,0.85888671875,-14.51219512195122,7.134146341463415,-17.25609756097561
10_41_13_373,30.0,-4.0,-128.0,-6.0,87.0,-69.0,-1.0,-25.0,-0.09619140625,0.18115234375,0.84912109375,-5.609756097560976,13.658536585365855,-11.158536585365855
10_41_13_373,8.0,17.0,-17.0,88.0,-128.0,23.0,30.0,-78.0,-0.02099609375,0.2060546875,0.72998046875,-13.475609756097562,17.621951219512198,-15.426829268292684
10_41_13_373,29.0,2.0,73.0,-93.0,24.0,-19.0,-128.0,-42.0,-0.0830078125,0.20703125,0.744140625,-20.0,22.378048780487806,-20.0
10_41_13_373,37.0,6.0,-42.0,-112.0,36.0,-15.0,14.0,22.0,-0.03076171875,0.1474609375,0.82568359375,-3.9024390243902443,36.524390243902445,-20.121951219512198
10_41_13_373,71.0,13.0,18.0,73.0,52.0,-17.0,47.0,16.0,0.00732421875,0.2314453125,0.8251953125,-1.829268292682927,44.75609756097561,-22.439024390243905
10_41_13_373,-97.0,41.0,-36.0,-98.0,-86.0,31.0,-128.0,-3.0,-0.00048828125,0.25830078125,0.7685546875,6.707317073170732,54.87804878048781,-30.853658536585368
10_41_13_373,-52.0,11.0,5.0,-21.0,35.0,30.0,-128.0,-68.0,0.07763671875,0.12451171875,0.748046875,13.597560975609758,59.085365853658544,-30.30487804878049
10_41_13_373,-8.0,22.0,16.0,79.0,49.0,72.0,-102.0,-38.0,0.0908203125,0.0234375,0.77099609375,-1.2195121951219514,60.60975609756098,-33.47560975609756
10_41_13_373,108.0,6.0,-15.0,5.0,-59.0,-78.0,110.0,32.0,0.12109375,0.08642578125,0.978515625,11.585365853658537,65.1219512195122,-26.52439024390244
10_41_13_417,34.0,113.0,10.0,-115.0,-128.0,19.0,85.0,-22.0,-0.0380859375,0.2333984375,1.02099609375,-23.475609756097562,-2.25609756097561,-10.914634146341465
10_41_13_417,-5.0,10.0,0.0,117.0,127.0,31.0,31.0,-14.0,-0.06689453125,0.2041015625,0.806640625,-22.621951219512198,1.524390243902439,-12.256097560975611
10_41_13_417,45.0,16.0,-17.0,-128.0,-128.0,-4.0,-128.0,39.0,-0.15771484375,0.1591796875,0.72314453125,-21.34146341463415,4.2682926829268295,-16.585365853658537
10_41_13_417,30.0,55.0,2.0,3.0,-31.0,-16.0,127.0,46.0,-0.11083984375,0.1494140625,0.85888671875,-14.51219512195122,7.134146341463415,-17.25609756097561
10_41_13_417,18.0,-35.0,-20.0,54.0,38.0,35.0,-3.0,-22.0,-0.09619140625,0.18115234375,0.84912109375,-5.609756097560976,13.658536585365855,-11.158536585365855
10_41_13_417,69.0,40.0,108.0,116.0,84.0,-16.0,59.0,84.0,-0.02099609375,0.2060546875,0.72998046875,-13.475609756097562,17.621951219512198,-15.426829268292684
10_41_13_417,17.0,-13.0,-21.0,-128.0,-71.0,21.0,-86.0,-45.0,-0.0830078125,0.20703125,0.744140625,-20.0,22.378048780487806,-20.0
10_41_13_417,-74.0,-107.0,-71.0,-128.0,-34.0,-112.0,-128.0,-68.0,-0.03076171875,0.1474609375,0.82568359375,-3.9024390243902443,36.524390243902445,-20.121951219512198
10_41_13_417,-128.0,-87.0,-128.0,-31.0,21.0,17.0,22.0,-27.0,0.00732421875,0.2314453125,0.8251953125,-1.829268292682927,44.75609756097561,-22.439024390243905
10_41_13_417,80.0,79.0,127.0,90.0,8.0,27.0,-29.0,21.0,-0.00048828125,0.25830078125,0.7685546875,6.707317073170732,54.87804878048781,-30.853658536585368
10_41_13_469,14.0,3.0,-98.0,-85.0,-75.0,123.0,116.0,1.0,-0.16162109375,0.166015625,0.80126953125,-28.719512195121954,-3.048780487804878,-12.682926829268293
10_41_13_469,-6.0,62.0,127.0,95.0,-11.0,125.0,72.0,36.0,-0.14794921875,0.2099609375,0.86279296875,-29.451219512195124,-2.682926829268293,-14.26829268292683
10_41_13_469,28.0,-15.0,-128.0,-34.0,-14.0,24.0,-128.0,-26.0,-0.0380859375,0.2333984375,1.02099609375,-23.475609756097562,-2.25609756097561,-10.914634146341465
10_41_13_469,17.0,45.0,102.0,75.0,127.0,-128.0,-128.0,9.0,-0.06689453125,0.2041015625,0.806640625,-22.621951219512198,1.524390243902439,-12.256097560975611
10_41_13_469,9.0,-24.0,-128.0,-83.0,-128.0,-128.0,-94.0,-6.0,-0.15771484375,0.1591796875,0.72314453125,-21.34146341463415,4.2682926829268295,-16.585365853658537
10_41_13_469,-60.0,50.0,127.0,-36.0,-38.0,-1.0,-128.0,-38.0,-0.11083984375,0.1494140625,0.85888671875,-14.51219512195122,7.134146341463415,-17.25609756097561
10_41_13_469,119.0,10.0,114.0,-74.0,47.0,-54.0,-55.0,33.0,-0.09619140625,0.18115234375,0.84912109375,-5.609756097560976,13.658536585365855,-11.158536585365855
10_41_13_469,91.0,21.0,-37.0,92.0,9.0,-96.0,-128.0,33.0,-0.02099609375,0.2060546875,0.72998046875,-13.475609756097562,17.621951219512198,-15.426829268292684
10_41_13_469,34.0,113.0,10.0,-115.0,-128.0,19.0,85.0,-22.0,-0.0830078125,0.20703125,0.744140625,-20.0,22.378048780487806,-20.0
10_41_13_469,-5.0,10.0,0.0,117.0,127.0,31.0,31.0,-14.0,-0.03076171875,0.1474609375,0.82568359375,-3.9024390243902443,36.524390243902445,-20.121951219512198
10_41_13_523,-115.0,4.0,40.0,-9.0,-29.0,-118.0,-104.0,17.0,-0.0703125,0.18896484375,0.990234375,-21.097560975609756,-7.378048780487806,0.6097560975609757
10_41_13_523,-68.0,40.0,88.0,5.0,52.0,-128.0,-8.0,31.0,-0.01806640625,0.173828125,0.89599609375,-23.719512195121954,-1.7682926829268295,-2.6219512195121952
10_41_13_523,-7.0,46.0,45.0,127.0,20.0,-70.0,42.0,26.0,-0.16162109375,0.166015625,0.80126953125,-28.719512195121954,-3.048780487804878,-12.682926829268293
10_41_13_523,-5.0,-56.0,-41.0,-72.0,-17.0,-84.0,-128.0,-16.0,-0.14794921875,0.2099609375,0.86279296875,-29.451219512195124,-2.682926829268293,-14.26829268292683
10_41_13_523,-18.0,7.0,-53.0,77.0,10.0,-13.0,-88.0,15.0,-0.0380859375,0.2333984375,1.02099609375,-23.475609756097562,-2.25609756097561,-10.914634146341465
10_41_13_523,8.0,46.0,-123.0,-54.0,-36.0,127.0,127.0,25.0,-0.06689453125,0.2041015625,0.806640625,-22.621951219512198,1.524390243902439,-12.256097560975611
10_41_13_523,-30.0,-4.0,-51.0,127.0,109.0,127.0,67.0,-18.0,-0.15771484375,0.1591796875,0.72314453125,-21.34146341463415,4.2682926829268295,-16.585365853658537
10_41_13_523,23.0,-77.0,-32.0,-80.0,-32.0,127.0,-128.0,9.0,-0.11083984375,0.1494140625,0.85888671875,-14.51219512195122,7.134146341463415,-17.25609756097561
10_41_13_523,-60.0,94.0,-2.0,52.0,8.0,127.0,-86.0,-11.0,-0.09619140625,0.18115234375,0.84912109375,-5.609756097560976,13.658536585365855,-11.158536585365855
10_41_13_523,127.0,56.0,127.0,127.0,-21.0,104.0,56.0,56.0,-0.02099609375,0.2060546875,0.72998046875,-13.475609756097562,17.621951219512198,-15.426829268292684
10_41_13_576,58.0,15.0,4.0,-5.0,-76.0,99.0,-39.0,41.0,0.0078125,0.17529296875,1.00244140625,-20.182926829268293,-8.475609756097562,-1.3414634146341464
10_41_13_576,52.0,15.0,-128.0,-128.0,-87.0,108.0,127.0,54.0,-0.12158203125,0.14501953125,0.876953125,-20.79268292682927,-3.536585365853659,-4.51219512195122
10_41_13_576,18.0,63.0,127.0,127.0,127.0,105.0,-12.0,-36.0,-0.126953125,0.15283203125,0.8330078125,-19.32926829268293,-2.1951219512195124,-10.548780487804878
10_41_13_576,53.0,-82.0,-128.0,-128.0,-128.0,-55.0,113.0,20.0,-0.0703125,0.18896484375,0.990234375,-21.097560975609756,-7.378048780487806,0.6097560975609757
10_41_13_576,-95.0,-24.0,13.0,-79.0,2.0,-128.0,97.0,47.0,-0.01806640625,0.173828125,0.89599609375,-23.719512195121954,-1.7682926829268295,-2.6219512195121952
10_41_13_576,-35.0,18.0,-27.0,75.0,27.0,-21.0,-58.0,2.0,-0.16162109375,0.166015625,0.80126953125,-28.719512195121954,-3.048780487804878,-12.682926829268293
10_41_13_576,-31.0,47.0,-1.0,-128.0,-86.0,-5.0,127.0,0.0,-0.14794921875,0.2099609375,0.86279296875,-29.451219512195124,-2.682926829268293,-14.26829268292683
10_41_13_576,79.0,111.0,77.0,71.0,97.0,35.0,17.0,52.0,-0.0380859375,0.2333984375,1.02099609375,-23.475609756097562,-2.25609756097561,-10.914634146341465
10_41_13_576,-15.0,-10.0,13.0,-53.0,-38.0,-26.0,-61.0,5.0,-0.06689453125,0.2041015625,0.806640625,-22.621951219512198,1.524390243902439,-12.256097560975611
10_41_13_576,34.0,16.0,127.0,6.0,72.0,-84.0,-128.0,-86.0,-0.15771484375,0.1591796875,0.72314453125,-21.34146341463415,4.2682926829268295,-16.585365853658537
10_41_13_617,-34.0,-4.0,-50.0,-44.0,-24.0,-14.0,127.0,10.0,-0.1142578125,0.13916015625,0.97021484375,-7.865853658536586,-5.975609756097562,-0.1829268292682927
10_41_13_617,-63.0,3.0,31.0,127.0,103.0,-16.0,103.0,47.0,-0.00390625,0.150390625,0.88134765625,-8.841463414634147,-5.365853658536586,-9.02439024390244
10_41_13_617,67.0,-21.0,-44.0,-106.0,-20.0,4.0,127.0,-57.0,0.0166015625,0.17529296875,0.9296875,-16.097560975609756,-6.402439024390245,-0.5487804878048781
10_41_13_617,77.0,22.0,-128.0,104.0,118.0,-10.0,127.0,74.0,0.0078125,0.17529296875,1.00244140625,-20.182926829268293,-8.475609756097562,-1.3414634146341464
10_41_13_617,-7.0,46.0,1.0,-37.0,-27.0,-7.0,76.0,-36.0,-0.12158203125,0.14501953125,0.876953125,-20.79268292682927,-3.536585365853659,-4.51219512195122
10_41_13_617,5.0,13.0,71.0,-19.0,-22.0,-5.0,-127.0,24.0,-0.126953125,0.15283203125,0.8330078125,-19.32926829268293,-2.1951219512195124,-10.548780487804878
10_41_13_617,-128.0,-78.0,-56.0,-96.0,-18.0,-18.0,-112.0,-68.0,-0.0703125,0.18896484375,0.990234375,-21.097560975609756,-7.378048780487806,0.6097560975609757
10_41_13_617,49.0,3.0,41.0,2.0,-26.0,-59.0,8.0,44.0,-0.01806640625,0.173828125,0.89599609375,-23.719512195121954,-1.7682926829268295,-2.6219512195121952
10_41_13_617,-15.0,50.0,-16.0,116.0,60.0,-10.0,41.0,-10.0,-0.16162109375,0.166015625,0.80126953125,-28.719512195121954,-3.048780487804878,-12.682926829268293
10_41_13_617,37.0,6.0,-57.0,-99.0,-92.0,18.0,58.0,-27.0,-0.14794921875,0.2099609375,0.86279296875,-29.451219512195124,-2.682926829268293,-14.26829268292683
10_41_13_681,-33.0,-55.0,-9.0,66.0,4.0,13.0,86.0,-1.0,-0.06884765625,0.1767578125,0.98388671875,-5.914634146341464,-5.609756097560976,0.0
10_41_13_681,-86.0,-104.0,126.0,1.0,17.0,-8.0,-128.0,-47.0,0.0,0.2421875,1.00439453125,-2.3170731707317076,-5.853658536585367,5.731707317073171
10_41_13_681,31.0,22.0,-123.0,-5.0,104.0,-5.0,-30.0,-29.0,-0.1142578125,0.13916015625,0.97021484375,-7.865853658536586,-5.975609756097562,-0.1829268292682927
10_41_13_681,-19.0,38.0,21.0,-86.0,-84.0,6.0,32.0,29.0,-0.00390625,0.150390625,0.88134765625,-8.841463414634147,-5.365853658536586,-9.02439024390244
10_41_13_681,-39.0,10.0,7.0,27.0,105.0,-23.0,97.0,-90.0,0.0166015625,0.17529296875,0.9296875,-16.097560975609756,-6.402439024390245,-0.5487804878048781
10_41_13_681,90.0,-51.0,59.0,127.0,21.0,-7.0,-51.0,68.0,0.0078125,0.17529296875,1.00244140625,-20.182926829268293,-8.475609756097562,-1.3414634146341464
10_41_13_681,-128.0,-44.0,-49.0,-128.0,-54.0,-63.0,-128.0,-128.0,-0.12158203125,0.14501953125,0.876953125,-20.79268292682927,-3.536585365853659,-4.51219512195122
10_41_13_681,-28.0,-18.0,-46.0,36.0,51.0,17.0,127.0,0.0,-0.126953125,0.15283203125,0.8330078125,-19.32926829268293,-2.1951219512195124,-10.548780487804878
10_41_13_681,-3.0,-58.0,-91.0,-19.0,0.0,0.0,27.0,8.0,-0.0703125,0.18896484375,0.990234375,-21.097560975609756,-7.378048780487806,0.6097560975609757
10_41_13_681,-58.0,-47.0,63.0,-120.0,-68.0,2.0,-7.0,-29.0,-0.01806640625,0.173828125,0.89599609375,-23.719512195121954,-1.7682926829268295,-2.6219512195121952
10_41_13_722,75.0,7.0,81.0,-128.0,-128.0,10.0,105.0,-25.0,-0.08251953125,0.12646484375,0.97509765625,0.24390243902439027,-3.5975609756097566,7.317073170731708
10_41_13_722,18.0,23.0,-49.0,12.0,13.0,25.0,74.0,-4.0,-0.05908203125,0.1064453125,0.90283203125,-10.914634146341465,-5.3048780487804885,-1.0365853658536586
10_41_13_722,-21.0,1.0,34.0,118.0,127.0,-41.0,-20.0,42.0,-0.06884765625,0.1767578125,0.98388671875,-5.914634146341464,-5.609756097560976,0.0
10_41_13_722,43.0,-78.0,35.0,-51.0,-12.0,-17.0,-128.0,-33.0,0.0,0.2421875,1.00439453125,-2.3170731707317076,-5.853658536585367,5.731707317073171
10_41_13_722,-118.0,-15.0,-24.0,114.0,21.0,11.0,15.0,-12.0,-0.1142578125,0.13916015625,0.97021484375,-7.865853658536586,-5.975609756097562,-0.1829268292682927
10_41_13_722,58.0,-18.0,-49.0,-43.0,-12.0,-15.0,-73.0,54.0,-0.00390625,0.150390625,0.88134765625,-8.841463414634147,-5.365853658536586,-9.02439024390244
10_41_13_722,-20.0,32.0,-17.0,-18.0,-35.0,-12.0,127.0,-4.0,0.0166015625,0.17529296875,0.9296875,-16.097560975609756,-6.402439024390245,-0.5487804878048781
10_41_13_722,-81.0,-84.0,-74.0,-32.0,7.0,-4.0,-128.0,-22.0,0.0078125,0.17529296875,1.00244140625,-20.182926829268293,-8.475609756097562,-1.3414634146341464
10_41_13_722,-33.0,-55.0,-9.0,66.0,4.0,13.0,86.0,-1.0,-0.12158203125,0.14501953125,0.876953125,-20.79268292682927,-3.536585365853659,-4.51219512195122
10_41_13_722,-86.0,-104.0,126.0,1.0,17.0,-8.0,-128.0,-47.0,-0.126953125,0.15283203125,0.8330078125,-19.32926829268293,-2.1951219512195124,-10.548780487804878
10_41_13_767,108.0,95.0,-8.0,106.0,-7.0,6.0,127.0,36.0,-0.005859375,0.072265625,0.91357421875,-7.926829268292684,3.1097560975609757,-2.1341463414634148
10_41_13_767,-64.0,-6.0,3.0,-121.0,-72.0,-1.0,-124.0,-33.0,-0.056640625,0.1328125,0.8662109375,-3.963414634146342,0.48780487804878053,0.5487804878048781
10_41_13_767,2.0,58.0,-13.0,-7.0,118.0,4.0,104.0,-6.0,0.06591796875,0.14990234375,0.98779296875,-3.1097560975609757,-0.48780487804878053,5.0
10_41_13_767,5.0,117.0,-17.0,127.0,-12.0,58.0,127.0,58.0,-0.08251953125,0.12646484375,0.97509765625,0.24390243902439027,-3.5975609756097566,7.317073170731708
10_41_13_767,81.0,-16.0,13.0,-95.0,-53.0,-15.0,127.0,18.0,-0.05908203125,0.1064453125,0.90283203125,-10.914634146341465,-5.3048780487804885,-1.0365853658536586
10_41_13_767,-73.0,18.0,-30.0,-68.0,-18.0,-53.0,-128.0,-75.0,-0.06884765625,0.1767578125,0.98388671875,-5.914634146341464,-5.609756097560976,0.0
10_41_13_767,-6.0,-34.0,-80.0,26.0,59.0,33.0,7.0,35.0,0.0,0.2421875,1.00439453125,-2.3170731707317076,-5.853658536585367,5.731707317073171
10_41_13_767,-23.0,-62.0,-34.0,-92.0,-81.0,-30.0,-128.0,46.0,-0.1142578125,0.13916015625,0.97021484375,-7.865853658536586,-5.975609756097562,-0.1829268292682927
10_41_13_767,55.0,21.0,127.0,51.0,37.0,25.0,127.0,40.0,-0.00390625,0.150390625,0.88134765625,-8.841463414634147,-5.365853658536586,-9.02439024390244
10_41_13_767,81.0,2.0,27.0,66.0,122.0,1.0,-128.0,-65.0,0.0166015625,0.17529296875,0.9296875,-16.097560975609756,-6.402439024390245,-0.5487804878048781
10_41_13_826,33.0,-66.0,5.0,-121.0,-67.0,-20.0,127.0,104.0,-0.0986328125,0.12060546875,0.90087890625,-8.719512195121952,3.1097560975609757,-2.987804878048781
10_41_13_826,8.0,46.0,-32.0,58.0,57.0,28.0,36.0,21.0,-0.04638671875,0.1787109375,0.97607421875,1.402439024390244,6.097560975609756,-3.2926829268292686
10_41_13_826,-38.0,46.0,-45.0,4.0,36.0,-2.0,127.0,30.0,-0.13134765625,0.119140625,0.9951171875,0.6097560975609757,5.670731707317073,0.6097560975609757
10_41_13_826,15.0,75.0,44.0,-41.0,7.0,-11.0,-24.0,27.0,-0.005859375,0.072265625,0.91357421875,-7.926829268292684,3.1097560975609757,-2.1341463414634148
10_41_13_826,46.0,-13.0,-22.0,19.0,16.0,1.0,53.0,27.0,-0.056640625,0.1328125,0.8662109375,-3.963414634146342,0.48780487804878053,0.5487804878048781
10_41_13_826,-84.0,-73.0,-81.0,16.0,-50.0,9.0,63.0,0.0,0.06591796875,0.14990234375,0.98779296875,-3.1097560975609757,-0.48780487804878053,5.0
10_41_13_826,-5.0,47.0,99.0,27.0,63.0,-24.0,-42.0,57.0,-0.08251953125,0.12646484375,0.97509765625,0.24390243902439027,-3.5975609756097566,7.317073170731708
10_41_13_826,2.0,20.0,8.0,-47.0,-87.0,-12.0,-128.0,-38.0,-0.05908203125,0.1064453125,0.90283203125,-10.914634146341465,-5.3048780487804885,-1.0365853658536586
10_41_13_826,8.0,9.0,58.0,123.0,78.0,7.0,110.0,50.0,-0.06884765625,0.1767578125,0.98388671875,-5.914634146341464,-5.609756097560976,0.0
10_41_13_826,-14.0,69.0,-11.0,-66.0,4.0,11.0,-128.0,-37.0,0.0,0.2421875,1.00439453125,-2.3170731707317076,-5.853658536585367,5.731707317073171
10_41_13_866,19.0,-24.0,3.0,-64.0,-26.0,0.0,-81.0,35.0,-0.0478515625,0.15283203125,0.92431640625,0.24390243902439027,8.536585365853659,-0.12195121951219513
10_41_13_866,-2.0,51.0,123.0,-33.0,-31.0,5.0,-128.0,-7.0,-0.04345703125,0.16015625,0.96142578125,3.2926829268292686,9.756097560975611,0.6707317073170732
10_41_13_866,56.0,-20.0,-8.0,61.0,40.0,-14.0,70.0,-28.0,-0.11083984375,0.09326171875,0.94775390625,-7.439024390243903,6.951219512195123,-2.378048780487805
10_41_13_866,41.0,26.0,-42.0,-85.0,-54.0,6.0,82.0,-12.0,-0.0986328125,0.12060546875,0.90087890625,-8.719512195121952,3.1097560975609757,-2.987804878048781
10_41_13_866,-30.0,20.0,-49.0,-23.0,7.0,-21.0,33.0,-15.0,-0.04638671875,0.1787109375,0.97607421875,1.402439024390244,6.097560975609756,-3.2926829268292686
10_41_13_866,-128.0,-22.0,42.0,-12.0,1.0,-25.0,-128.0,-68.0,-0.13134765625,0.119140625,0.9951171875,0.6097560975609757,5.670731707317073,0.6097560975609757
10_41_13_866,-10.0,-15.0,-22.0,-59.0,-47.0,-33.0,2.0,-25.0,-0.005859375,0.072265625,0.91357421875,-7.926829268292684,3.1097560975609757,-2.1341463414634148
10_41_13_866,8.0,7.0,-29.0,20.0,35.0,32.0,70.0,24.0,-0.056640625,0.1328125,0.8662109375,-3.963414634146342,0.48780487804878053,0.5487804878048781
10_41_13_866,31.0,23.0,20.0,81.0,-15.0,-25.0,127.0,13.0,0.06591796875,0.14990234375,0.98779296875,-3.1097560975609757,-0.48780487804878053,5.0
10_41_13_866,-40.0,-14.0,21.0,-34.0,-27.0,6.0,-24.0,-22.0,-0.08251953125,0.12646484375,0.97509765625,0.24390243902439027,-3.5975609756097566,7.317073170731708
10_41_13_916,-23.0,-7.0,-41.0,-4.0,-56.0,18.0,109.0,-15.0,-0.04541015625,0.11474609375,0.94580078125,-6.036585365853659,7.500000000000001,1.8902439024390245
10_41_13_916,16.0,-33.0,32.0,-49.0,-15.0,1.0,6.0,16.0,-0.0478515625,0.15283203125,0.92431640625,0.24390243902439027,8.536585365853659,-0.12195121951219513
10_41_13_916,21.0,46.0,-38.0,66.0,122.0,18.0,-25.0,-22.0,-0.04345703125,0.16015625,0.96142578125,3.2926829268292686,9.756097560975611,0.6707317073170732
10_41_13_916,-44.0,-7.0,64.0,3.0,-36.0,10.0,15.0,-10.0,-0.11083984375,0.09326171875,0.94775390625,-7.439024390243903,6.951219512195123,-2.378048780487805
10_41_13_916,-24.0,-75.0,-62.0,-66.0,7.0,-7.0,-128.0,11.0,-0.0986328125,0.12060546875,0.90087890625,-8.719512195121952,3.1097560975609757,-2.987804878048781
10_41_13_916,-19.0,32.0,29.0,-11.0,2.0,-13.0,-105.0,-20.0,-0.04638671875,0.1787109375,0.97607421875,1.402439024390244,6.097560975609756,-3.2926829268292686
10_41_13_916,17.0,-43.0,-40.0,-15.0,-21.0,0.0,0.0,-5.0,-0.13134765625,0.119140625,0.9951171875,0.6097560975609757,5.670731707317073,0.6097560975609757
10_41_13_916,71.0,30.0,-103.0,46.0,-9.0,8.0,-48.0,50.0,-0.005859375,0.072265625,0.91357421875,-7.926829268292684,3.1097560975609757,-2.1341463414634148
10_41_13_916,19.0,-24.0,3.0,-64.0,-26.0,0.0,-81.0,35.0,-0.056640625,0.1328125,0.8662109375,-3.963414634146342,0.48780487804878053,0.5487804878048781
10_41_13_916,-2.0,51.0,123.0,-33.0,-31.0,5.0,-128.0,-7.0,0.06591796875,0.14990234375,0.98779296875,-3.1097560975609757,-0.48780487804878053,5.0
10_41_13_983,74.0,11.0,-49.0,-49.0,-11.0,6.0,54.0,14.0,-0.087890625,0.15771484375,0.94091796875,2.7439024390243905,6.463414634146342,5.7926829268292686
10_41_13_983,-20.0,9.0,27.0,89.0,33.0,6.0,20.0,-22.0,-0.10107421875,0.099609375,0.94140625,-1.0975609756097562,8.414634146341465,1.2195121951219514
10_41_13_983,-19.0,-36.0,-107.0,-118.0,-46.0,10.0,-128.0,-32.0,-0.04541015625,0.11474609375,0.94580078125,-6.036585365853659,7.500000000000001,1.8902439024390245
10_41_13_983,-15.0,-1.0,127.0,-4.0,33.0,-52.0,-128.0,-25.0,-0.0478515625,0.15283203125,0.92431640625,0.24390243902439027,8.536585365853659,-0.12195121951219513
10_41_13_983,-11.0,-12.0,-128.0,127.0,8.0,38.0,127.0,7.0,-0.04345703125,0.16015625,0.96142578125,3.2926829268292686,9.756097560975611,0.6707317073170732
10_41_13_983,12.0,-24.0,-64.0,-125.0,-98.0,5.0,17.0,32.0,-0.11083984375,0.09326171875,0.94775390625,-7.439024390243903,6.951219512195123,-2.378048780487805
10_41_13_983,33.0,12.0,37.0,5.0,43.0,6.0,-128.0,-31.0,-0.0986328125,0.12060546875,0.90087890625,-8.719512195121952,3.1097560975609757,-2.987804878048781
10_41_13_983,-62.0,40.0,19.0,-77.0,-21.0,-62.0,-128.0,-46.0,-0.04638671875,0.1787109375,0.97607421875,1.402439024390244,6.097560975609756,-3.2926829268292686
10_41_13_983,-23.0,-7.0,-41.0,-4.0,-56.0,18.0,109.0,-15.0,-0.13134765625,0.119140625,0.9951171875,0.6097560975609757,5.670731707317073,0.6097560975609757
10_41_13_983,16.0,-33.0,32.0,-49.0,-15.0,1.0,6.0,16.0,-0.005859375,0.072265625,0.91357421875,-7.926829268292684,3.1097560975609757,-2.1341463414634148
10_41_14_027,2.0,-24.0,-54.0,-27.0,44.0,-5.0,57.0,3.0,-0.14501953125,0.109375,0.91162109375,2.804878048780488,0.426829268292683,0.853658536585366
10_41_14_027,-22.0,18.0,-4.0,25.0,-101.0,17.0,92.0,-19.0,-0.1513671875,0.11376953125,0.9306640625,2.9268292682926833,1.7682926829268295,1.3414634146341464
10_41_14_027,-6.0,-36.0,61.0,-67.0,28.0,-21.0,-64.0,22.0,-0.07080078125,0.1435546875,0.9111328125,-3.658536585365854,2.804878048780488,2.6219512195121952
10_41_14_027,-26.0,-27.0,-57.0,58.0,22.0,-49.0,-128.0,-76.0,-0.087890625,0.15771484375,0.94091796875,2.7439024390243905,6.463414634146342,5.7926829268292686
10_41_14_027,22.0,24.0,11.0,5.0,-51.0,37.0,-14.0,21.0,-0.10107421875,0.099609375,0.94140625,-1.0975609756097562,8.414634146341465,1.2195121951219514
10_41_14_027,10.0,4.0,113.0,45.0,33.0,-11.0,60.0,-57.0,-0.04541015625,0.11474609375,0.94580078125,-6.036585365853659,7.500000000000001,1.8902439024390245
10_41_14_027,41.0,-19.0,-56.0,-8.0,-7.0,0.0,94.0,57.0,-0.0478515625,0.15283203125,0.92431640625,0.24390243902439027,8.536585365853659,-0.12195121951219513
10_41_14_027,42.0,15.0,47.0,44.0,36.0,8.0,49.0,-37.0,-0.04345703125,0.16015625,0.96142578125,3.2926829268292686,9.756097560975611,0.6707317073170732
10_41_14_027,-39.0,39.0,99.0,26.0,12.0,-29.0,-128.0,-94.0,-0.11083984375,0.09326171875,0.94775390625,-7.439024390243903,6.951219512195123,-2.378048780487805
10_41_14_027,-26.0,33.0,127.0,47.0,30.0,3.0,127.0,8.0,-0.0986328125,0.12060546875,0.90087890625,-8.719512195121952,3.1097560975609757,-2.987804878048781
10_41_14_086,21.0,46.0,-73.0,45.0,13.0,0.0,-128.0,-18.0,-0.07080078125,0.0791015625,0.935546875,-5.7926829268292686,-3.2926829268292686,0.7317073170731708
10_41_14_086,-128.0,-69.0,9.0,-62.0,-56.0,-11.0,127.0,-38.0,-0.02490234375,0.18359375,0.9404296875,0.1829268292682927,-3.7195121951219514,4.75609756097561
10_41_14_086,14.0,4.0,-91.0,-26.0,10.0,-15.0,-128.0,-39.0,-0.07861328125,0.14892578125,0.92041015625,-4.451219512195122,-3.231707317073171,5.609756097560976
10_41_14_086,58.0,80.0,127.0,60.0,-80.0,-8.0,105.0,1.0,-0.14501953125,0.109375,0.91162109375,2.804878048780488,0.426829268292683,0.853658536585366
10_41_14_086,-48.0,-23.0,-38.0,18.0,54.0,15.0,68.0,7.0,-0.1513671875,0.11376953125,0.9306640625,2.9268292682926833,1.7682926829268295,1.3414634146341464
10_41_14_086,45.0,24.0,22.0,127.0,127.0,14.0,-75.0,3.0,-0.07080078125,0.1435546875,0.9111328125,-3.658536585365854,2.804878048780488,2.6219512195121952
10_41_14_086,-75.0,-12.0,-41.0,-128.0,-98.0,-12.0,-47.0,5.0,-0.087890625,0.15771484375,0.94091796875,2.7439024390243905,6.463414634146342,5.7926829268292686
10_41_14_086,27.0,-39.0,-9.0,-56.0,-20.0,-3.0,-106.0,-8.0,-0.10107421875,0.099609375,0.94140625,-1.0975609756097562,8.414634146341465,1.2195121951219514
10_41_14_086,6.0,-12.0,-20.0,-34.0,9.0,-16.0,41.0,0.0,-0.04541015625,0.11474609375,0.94580078125,-6.036585365853659,7.500000000000001,1.8902439024390245
10_41_14_086,10.0,2.0,4.0,127.0,-11.0,-2.0,1.0,6.0,-0.0478515625,0.15283203125,0.92431640625,0.24390243902439027,8.536585365853659,-0.12195121951219513
10_41_14_126,4.0,-19.0,-62.0,-107.0,-86.0,5.0,89.0,46.0,-0.04736328125,0.107421875,0.9755859375,-4.390243902439025,-3.658536585365854,3.353658536585366
10_41_14_126,9.0,59.0,50.0,48.0,62.0,-7.0,0.0,15.0,-0.0712890625,0.115234375,0.90234375,0.48780487804878053,-3.4756097560975614,5.121951219512195
10_41_14_126,-3.0,22.0,120.0,111.0,33.0,-16.0,102.0,50.0,-0.0634765625,0.08935546875,0.859375,-5.2439024390243905,-1.829268292682927,4.634146341463415
10_41_14_126,-14.0,-28.0,-45.0,48.0,-36.0,-9.0,-117.0,-42.0,-0.07080078125,0.0791015625,0.935546875,-5.7926829268292686,-3.2926829268292686,0.7317073170731708
10_41_14_126,9.0,-13.0,-5.0,-11.0,-6.0,-4.0,-128.0,10.0,-0.02490234375,0.18359375,0.9404296875,0.1829268292682927,-3.7195121951219514,4.75609756097561
10_41_14_126,28.0,31.0,13.0,84.0,65.0,12.0,127.0,33.0,-0.07861328125,0.14892578125,0.92041015625,-4.451219512195122,-3.231707317073171,5.609756097560976
10_41_14_126,20.0,18.0,-48.0,-42.0,-34.0,3.0,0.0,-5.0,-0.14501953125,0.109375,0.91162109375,2.804878048780488,0.426829268292683,0.853658536585366
10_41_14_126,-12.0,-38.0,32.0,-14.0,-3.0,-5.0,-10.0,-4.0,-0.1513671875,0.11376953125,0.9306640625,2.9268292682926833,1.7682926829268295,1.3414634146341464
10_41_14_126,88.0,-17.0,-40.0,-34.0,1.0,-1.0,-16.0,4.0,-0.07080078125,0.1435546875,0.9111328125,-3.658536585365854,2.804878048780488,2.6219512195121952
10_41_14_126,-5.0,-5.0,-61.0,-28.0,2.0,-15.0,-12.0,-9.0,-0.087890625,0.15771484375,0.94091796875,2.7439024390243905,6.463414634146342,5.7926829268292686
10_41_14_174,-49.0,27.0,90.0,-13.0,21.0,1.0,83.0,30.0,-0.064453125,0.16796875,0.97265625,-4.085365853658537,-2.25609756097561,1.829268292682927
10_41_14_174,26.0,-8.0,-20.0,-39.0,2.0,4.0,-8.0,2.0,-0.08251953125,0.12353515625,0.88232421875,-5.548780487804878,-1.829268292682927,-1.5853658536585367
10_41_14_174,-46.0,-9.0,-72.0,71.0,46.0,-79.0,-41.0,-64.0,-0.15087890625,0.07177734375,0.8828125,-11.646341463414634,-2.5609756097560976,-0.9756097560975611
10_41_14_174,36.0,-80.0,15.0,-71.0,-84.0,39.0,71.0,-36.0,-0.04736328125,0.107421875,0.9755859375,-4.390243902439025,-3.658536585365854,3.353658536585366
10_41_14_174,-26.0,-15.0,16.0,32.0,7.0,-9.0,-128.0,-31.0,-0.0712890625,0.115234375,0.90234375,0.48780487804878053,-3.4756097560975614,5.121951219512195
10_41_14_174,5.0,-20.0,-21.0,-107.0,-49.0,-5.0,-128.0,4.0,-0.0634765625,0.08935546875,0.859375,-5.2439024390243905,-1.829268292682927,4.634146341463415
10_41_14_174,-28.0,32.0,127.0,-9.0,8.0,-36.0,-109.0,-3.0,-0.07080078125,0.0791015625,0.935546875,-5.7926829268292686,-3.2926829268292686,0.7317073170731708
10_41_14_174,56.0,0.0,-41.0,46.0,-28.0,36.0,127.0,-10.0,-0.02490234375,0.18359375,0.9404296875,0.1829268292682927,-3.7195121951219514,4.75609756097561
10_41_14_174,0.0,-19.0,127.0,32.0,90.0,-13.0,-88.0,-58.0,-0.07861328125,0.14892578125,0.92041015625,-4.451219512195122,-3.231707317073171,5.609756097560976
10_41_14_174,7.0,28.0,-35.0,73.0,-27.0,24.0,127.0,46.0,-0.14501953125,0.109375,0.91162109375,2.804878048780488,0.426829268292683,0.853658536585366
10_41_14_223,125.0,-102.0,-55.0,-29.0,-42.0,16.0,44.0,28.0,-0.05126953125,0.0986328125,0.91064453125,-8.536585365853659,-1.0365853658536586,-0.5487804878048781
10_41_14_223,40.0,68.0,-66.0,23.0,-27.0,-7.0,127.0,-13.0,-0.07861328125,0.10107421875,0.93408203125,-15.426829268292684,-3.8414634146341466,-0.6097560975609757
10_41_14_223,10.0,-26.0,46.0,17.0,-2.0,6.0,111.0,13.0,-0.064453125,0.16796875,0.97265625,-4.085365853658537,-2.25609756097561,1.829268292682927
10_41_14_223,7.0,22.0,-56.0,59.0,59.0,16.0,-23.0,7.0,-0.08251953125,0.12353515625,0.88232421875,-5.548780487804878,-1.829268292682927,-1.5853658536585367
10_41_14_223,-5.0,1.0,82.0,-60.0,1.0,13.0,45.0,-53.0,-0.15087890625,0.07177734375,0.8828125,-11.646341463414634,-2.5609756097560976,-0.9756097560975611
10_41_14_223,18.0,6.0,-100.0,-55.0,-71.0,-47.0,16.0,24.0,-0.04736328125,0.107421875,0.9755859375,-4.390243902439025,-3.658536585365854,3.353658536585366
10_41_14_223,-1.0,-29.0,-18.0,9.0,18.0,34.0,-3.0,-22.0,-0.0712890625,0.115234375,0.90234375,0.48780487804878053,-3.4756097560975614,5.121951219512195
10_41_14_223,11.0,5.0,-13.0,-3.0,1.0,-43.0,31.0,6.0,-0.0634765625,0.08935546875,0.859375,-5.2439024390243905,-1.829268292682927,4.634146341463415
10_41_14_223,-19.0,-32.0,-39.0,-119.0,-83.0,-13.0,127.0,16.0,-0.07080078125,0.0791015625,0.935546875,-5.7926829268292686,-3.2926829268292686,0.7317073170731708
10_41_14_223,-28.0,-16.0,-20.0,-104.0,-28.0,13.0,71.0,-48.0,-0.02490234375,0.18359375,0.9404296875,0.1829268292682927,-3.7195121951219514,4.75609756097561
10_41_14_285,-1.0,42.0,-89.0,-96.0,-62.0,-42.0,-128.0,-26.0,-0.091796875,0.1015625,0.92041015625,-9.756097560975611,-3.5975609756097566,-0.9146341463414634
10_41_14_285,61.0,28.0,22.0,26.0,13.0,3.0,-128.0,23.0,-0.04296875,0.13232421875,0.982421875,-4.024390243902439,-5.060975609756098,-0.9756097560975611
10_41_14_285,-52.0,-42.0,13.0,59.0,-4.0,-16.0,-36.0,21.0,-0.05810546875,0.154296875,0.91650390625,-0.1829268292682927,-1.6463414634146343,-1.707317073170732
10_41_14_285,61.0,-5.0,39.0,-27.0,-23.0,-55.0,0.0,57.0,-0.05126953125,0.0986328125,0.91064453125,-8.536585365853659,-1.0365853658536586,-0.5487804878048781
10_41_14_285,-66.0,-12.0,-43.0,5.0,-37.0,12.0,-53.0,17.0,-0.07861328125,0.10107421875,0.93408203125,-15.426829268292684,-3.8414634146341466,-0.6097560975609757
10_41_14_285,26.0,10.0,51.0,-53.0,-44.0,12.0,35.0,-48.0,-0.064453125,0.16796875,0.97265625,-4.085365853658537,-2.25609756097561,1.829268292682927
10_41_14_285,-15.0,3.0,-15.0,33.0,93.0,5.0,14.0,4.0,-0.08251953125,0.12353515625,0.88232421875,-5.548780487804878,-1.829268292682927,-1.5853658536585367
10_41_14_285,6.0,-30.0,-41.0,-9.0,-80.0,-35.0,-67.0,1.0,-0.15087890625,0.07177734375,0.8828125,-11.646341463414634,-2.5609756097560976,-0.9756097560975611
10_41_14_285,125.0,-102.0,-55.0,-29.0,-42.0,16.0,44.0,28.0,-0.04736328125,0.107421875,0.9755859375,-4.390243902439025,-3.658536585365854,3.353658536585366
10_41_14_285,40.0,68.0,-66.0,23.0,-27.0,-7.0,127.0,-13.0,-0.0712890625,0.115234375,0.90234375,0.48780487804878053,-3.4756097560975614,5.121951219512195
10_41_14_335,-3.0,-50.0,-8.0,3.0,14.0,56.0,122.0,64.0,-0.06103515625,0.1552734375,0.9814453125,2.5,-3.658536585365854,0.06097560975609757
10_41_14_335,20.0,54.0,101.0,127.0,-8.0,-11.0,48.0,4.0,-0.04345703125,0.08447265625,0.9501953125,-1.524390243902439,-2.5609756097560976,-2.804878048780488
10_41_14_335,23.0,-48.0,-36.0,-128.0,52.0,1.0,-47.0,-5.0,-0.091796875,0.1015625,0.92041015625,-9.756097560975611,-3.5975609756097566,-0.9146341463414634
10_41_14_335,-46.0,-13.0,-12.0,-33.0,-106.0,-16.0,54.0,-7.0,-0.04296875,0.13232421875,0.982421875,-4.024390243902439,-5.060975609756098,-0.9756097560975611
10_41_14_335,84.0,-22.0,-41.0,-3.0,-27.0,17.0,63.0,9.0,-0.05810546875,0.154296875,0.91650390625,-0.1829268292682927,-1.6463414634146343,-1.707317073170732
10_41_14_335,10.0,29.0,127.0,120.0,48.0,1.0,-36.0,12.0,-0.05126953125,0.0986328125,0.91064453125,-8.536585365853659,-1.0365853658536586,-0.5487804878048781
10_41_14_335,-84.0,-47.0,-29.0,-71.0,9.0,-9.0,-128.0,-30.0,-0.07861328125,0.10107421875,0.93408203125,-15.426829268292684,-3.8414634146341466,-0.6097560975609757
10_41_14_335,-28.0,13.0,23.0,-3.0,-56.0,6.0,127.0,100.0,-0.064453125,0.16796875,0.97265625,-4.085365853658537,-2.25609756097561,1.829268292682927
10_41_14_335,70.0,32.0,-2.0,-22.0,-31.0,-13.0,127.0,-16.0,-0.08251953125,0.12353515625,0.88232421875,-5.548780487804878,-1.829268292682927,-1.5853658536585367
10_41_14_335,1.0,-63.0,10.0,44.0,75.0,5.0,-128.0,26.0,-0.15087890625,0.07177734375,0.8828125,-11.646341463414634,-2.5609756097560976,-0.9756097560975611
10_41_14_382,6.0,31.0,17.0,-25.0,68.0,21.0,-67.0,25.0,-0.04931640625,0.09423828125,0.962890625,-1.0365853658536586,-0.6097560975609757,-0.9146341463414634
10_41_14_382,-1.0,45.0,-1.0,60.0,127.0,-15.0,-30.0,11.0,-0.08837890625,0.04443359375,0.94580078125,-4.2682926829268295,-2.439024390243903,-0.6097560975609757
10_41_14_382,11.0,-39.0,-51.0,-11.0,-128.0,13.0,-85.0,-9.0,-0.06103515625,0.1533203125,0.9375,-4.634146341463415,-2.7439024390243905,0.3658536585365854
10_41_14_382,33.0,22.0,57.0,-11.0,73.0,-21.0,60.0,0.0,-0.06103515625,0.1552734375,0.9814453125,2.5,-3.658536585365854,0.06097560975609757
10_41_14_382,19.0,27.0,44.0,127.0,9.0,18.0,83.0,41.0,-0.04345703125,0.08447265625,0.9501953125,-1.524390243902439,-2.5609756097560976,-2.804878048780488
10_41_14_382,27.0,11.0,-39.0,-128.0,-75.0,-12.0,127.0,-43.0,-0.091796875,0.1015625,0.92041015625,-9.756097560975611,-3.5975609756097566,-0.9146341463414634
10_41_14_382,-50.0,-32.0,-6.0,-43.0,-29.0,-29.0,95.0,16.0,-0.04296875,0.13232421875,0.982421875,-4.024390243902439,-5.060975609756098,-0.9756097560975611
10_41_14_382,46.0,-12.0,-106.0,36.0,72.0,-35.0,-128.0,-41.0,-0.05810546875,0.154296875,0.91650390625,-0.1829268292682927,-1.6463414634146343,-1.707317073170732
10_41_14_382,-6.0,56.0,127.0,-33.0,-1.0,2.0,105.0,-4.0,-0.05126953125,0.0986328125,0.91064453125,-8.536585365853659,-1.0365853658536586,-0.5487804878048781
10_41_14_382,34.0,-128.0,-128.0,0.0,-79.0,9.0,127.0,68.0,-0.07861328125,0.10107421875,0.93408203125,-15.426829268292684,-3.8414634146341466,-0.6097560975609757
10_41_14_433,70.0,-30.0,-21.0,127.0,33.0,26.0,99.0,36.0,-0.10888671875,0.07177734375,0.916015625,0.06097560975609757,2.7439024390243905,2.3170731707317076
10_41_14_433,102.0,-3.0,-13.0,-35.0,-11.0,-128.0,-78.0,-7.0,-0.0166015625,0.17919921875,0.947265625,-5.3048780487804885,0.6707317073170732,2.25609756097561
10_41_14_433,114.0,24.0,69.0,10.0,14.0,-75.0,15.0,-13.0,-0.04931640625,0.09423828125,0.962890625,-1.0365853658536586,-0.6097560975609757,-0.9146341463414634
10_41_14_433,-18.0,-12.0,-126.0,-62.0,-27.0,-3.0,28.0,18.0,-0.08837890625,0.04443359375,0.94580078125,-4.2682926829268295,-2.439024390243903,-0.6097560975609757
10_41_14_433,-4.0,-47.0,-54.0,-19.0,-4.0,7.0,81.0,-36.0,-0.06103515625,0.1533203125,0.9375,-4.634146341463415,-2.7439024390243905,0.3658536585365854
10_41_14_433,-46.0,83.0,127.0,95.0,9.0,-24.0,-29.0,9.0,-0.06103515625,0.1552734375,0.9814453125,2.5,-3.658536585365854,0.06097560975609757
10_41_14_433,15.0,-40.0,-128.0,-82.0,-63.0,-42.0,-44.0,-53.0,-0.04345703125,0.08447265625,0.9501953125,-1.524390243902439,-2.5609756097560976,-2.804878048780488
10_41_14_433,15.0,49.0,73.0,63.0,-73.0,23.0,127.0,7.0,-0.091796875,0.1015625,0.92041015625,-9.756097560975611,-3.5975609756097566,-0.9146341463414634
10_41_14_433,6.0,31.0,17.0,-25.0,68.0,21.0,-67.0,25.0,-0.04296875,0.13232421875,0.982421875,-4.024390243902439,-5.060975609756098,-0.9756097560975611
10_41_14_433,-1.0,45.0,-1.0,60.0,127.0,-15.0,-30.0,11.0,-0.05810546875,0.154296875,0.91650390625,-0.1829268292682927,-1.6463414634146343,-1.707317073170732
10_41_14_486,34.0,-7.0,-28.0,-57.0,-40.0,0.0,106.0,30.0,-0.09228515625,0.1337890625,0.87109375,-6.2804878048780495,2.378048780487805,-2.1951219512195124
10_41_14_486,70.0,41.0,76.0,29.0,-33.0,-47.0,19.0,-57.0,-0.09814453125,0.09130859375,0.97314453125,-3.5975609756097566,0.6097560975609757,0.06097560975609757
10_41_14_486,14.0,-46.0,1.0,11.0,3.0,-61.0,120.0,54.0,-0.05126953125,0.0615234375,0.9833984375,4.573170731707317,3.048780487804878,1.2195121951219514
10_41_14_486,-44.0,-45.0,9.0,-5.0,71.0,-96.0,-37.0,-17.0,-0.10888671875,0.07177734375,0.916015625,0.06097560975609757,2.7439024390243905,2.3170731707317076
10_41_14_486,-42.0,-22.0,-60.0,-5.0,-38.0,-63.0,17.0,-21.0,-0.0166015625,0.17919921875,0.947265625,-5.3048780487804885,0.6707317073170732,2.25609756097561
10_41_14_486,-40.0,-17.0,-60.0,-128.0,-128.0,-20.0,115.0,71.0,-0.04931640625,0.09423828125,0.962890625,-1.0365853658536586,-0.6097560975609757,-0.9146341463414634
10_41_14_486,35.0,37.0,127.0,42.0,-22.0,10.0,127.0,-128.0,-0.08837890625,0.04443359375,0.94580078125,-4.2682926829268295,-2.439024390243903,-0.6097560975609757
10_41_14_486,41.0,12.0,127.0,127.0,127.0,69.0,-128.0,8.0,-0.06103515625,0.1533203125,0.9375,-4.634146341463415,-2.7439024390243905,0.3658536585365854
10_41_14_486,-36.0,-46.0,1.0,52.0,-20.0,127.0,-15.0,1.0,-0.06103515625,0.1552734375,0.9814453125,2.5,-3.658536585365854,0.06097560975609757
10_41_14_486,7.0,3.0,-91.0,-128.0,-80.0,127.0,45.0,33.0,-0.04345703125,0.08447265625,0.9501953125,-1.524390243902439,-2.5609756097560976,-2.804878048780488
10_41_14_526,-83.0,-31.0,12.0,26.0,7.0,-7.0,-128.0,-24.0,-0.0556640625,0.08251953125,0.958984375,3.1707317073170733,2.378048780487805,0.1829268292682927
10_41_14_526,4.0,-19.0,-7.0,-49.0,23.0,-9.0,69.0,-101.0,-0.068359375,0.1171875,0.9677734375,4.2682926829268295,3.658536585365854,-1.5853658536585367
10_41_14_526,40.0,24.0,-18.0,20.0,-14.0,21.0,127.0,61.0,-0.09228515625,0.1337890625,0.87109375,-6.2804878048780495,2.378048780487805,-2.1951219512195124
10_41_14_526,-125.0,-103.0,-12.0,-22.0,-34.0,-13.0,-69.0,-16.0,-0.09814453125,0.09130859375,0.97314453125,-3.5975609756097566,0.6097560975609757,0.06097560975609757
10_41_14_526,-19.0,14.0,-61.0,-12.0,-29.0,-9.0,4.0,-21.0,-0.05126953125,0.0615234375,0.9833984375,4.573170731707317,3.048780487804878,1.2195121951219514
10_41_14_526,-19.0,83.0,127.0,53.0,50.0,-18.0,40.0,-11.0,-0.10888671875,0.07177734375,0.916015625,0.06097560975609757,2.7439024390243905,2.3170731707317076
10_41_14_526,12.0,-33.0,-94.0,99.0,57.0,16.0,35.0,75.0,-0.0166015625,0.17919921875,0.947265625,-5.3048780487804885,0.6707317073170732,2.25609756097561
10_41_14_526,-62.0,-21.0,45.0,-39.0,-16.0,25.0,-75.0,-76.0,-0.04931640625,0.09423828125,0.962890625,-1.0365853658536586,-0.6097560975609757,-0.9146341463414634
10_41_14_526,27.0,33.0,18.0,127.0,98.0,35.0,127.0,71.0,-0.08837890625,0.04443359375,0.94580078125,-4.2682926829268295,-2.439024390243903,-0.6097560975609757
10_41_14_526,6.0,38.0,-17.0,-11.0,47.0,87.0,127.0,38.0,-0.06103515625,0.1533203125,0.9375,-4.634146341463415,-2.7439024390243905,0.3658536585365854
10_41_14_581,-1.0,35.0,50.0,67.0,64.0,9.0,-37.0,0.0,-0.060546875,0.14501953125,0.90869140625,4.51219512195122,2.8658536585365857,0.426829268292683
10_41_14_581,-39.0,-38.0,36.0,-72.0,-49.0,6.0,-102.0,-55.0,-0.0556640625,0.08251953125,0.958984375,3.1707317073170733,2.378048780487805,0.1829268292682927
10_41_14_581,2.0,-1.0,1.0,36.0,-54.0,2.0,127.0,35.0,-0.068359375,0.1171875,0.9677734375,4.2682926829268295,3.658536585365854,-1.5853658536585367
10_41_14_581,39.0,68.0,-43.0,-51.0,4.0,30.0,55.0,0.0,-0.09228515625,0.1337890625,0.87109375,-6.2804878048780495,2.378048780487805,-2.1951219512195124
10_41_14_581,10.0,-27.0,52.0,47.0,21.0,7.0,68.0,-58.0,-0.09814453125,0.09130859375,0.97314453125,-3.5975609756097566,0.6097560975609757,0.06097560975609757
10_41_14_581,-83.0,-31.0,12.0,26.0,7.0,-7.0,-128.0,-24.0,-0.05126953125,0.0615234375,0.9833984375,4.573170731707317,3.048780487804878,1.2195121951219514
10_41_14_581,4.0,-19.0,-7.0,-49.0,23.0,-9.0,69.0,-101.0,-0.10888671875,0.07177734375,0.916015625,0.06097560975609757,2.7439024390243905,2.3170731707317076
10_41_14_581,40.0,24.0,-18.0,20.0,-14.0,21.0,127.0,61.0,-0.0166015625,0.17919921875,0.947265625,-5.3048780487804885,0.6707317073170732,2.25609756097561
10_41_14_581,-125.0,-103.0,-12.0,-22.0,-34.0,-13.0,-69.0,-16.0,-0.04931640625,0.09423828125,0.962890625,-1.0365853658536586,-0.6097560975609757,-0.9146341463414634
10_41_14_650,-11.0,-11.0,1.0,-13.0,-37.0,-5.0,-57.0,-28.0,-0.08447265625,0.11328125,0.92431640625,4.085365853658537,4.207317073170732,2.8658536585365857
10_41_14_650,22.0,-15.0,-89.0,3.0,92.0,3.0,94.0,6.0,-0.0703125,0.0634765625,0.95068359375,2.7439024390243905,3.2926829268292686,2.1341463414634148
10_41_14_650,78.0,-26.0,-18.0,71.0,-53.0,11.0,25.0,-6.0,-0.04345703125,0.09912109375,0.9775390625,6.341463414634147,3.414634146341464,-1.3414634146341464
10_41_14_650,-42.0,-18.0,127.0,-73.0,15.0,-65.0,-128.0,-49.0,-0.060546875,0.14501953125,0.90869140625,4.51219512195122,2.8658536585365857,0.426829268292683
10_41_14_650,38.0,45.0,-76.0,53.0,39.0,18.0,127.0,18.0,-0.0556640625,0.08251953125,0.958984375,3.1707317073170733,2.378048780487805,0.1829268292682927
10_41_14_650,-23.0,-19.0,45.0,-21.0,-57.0,7.0,-80.0,5.0,-0.068359375,0.1171875,0.9677734375,4.2682926829268295,3.658536585365854,-1.5853658536585367
10_41_14_650,-26.0,-35.0,-41.0,-40.0,8.0,3.0,22.0,-57.0,-0.09228515625,0.1337890625,0.87109375,-6.2804878048780495,2.378048780487805,-2.1951219512195124
10_41_14_650,25.0,55.0,-3.0,127.0,93.0,23.0,127.0,56.0,-0.09814453125,0.09130859375,0.97314453125,-3.5975609756097566,0.6097560975609757,0.06097560975609757
10_41_14_650,20.0,48.0,93.0,9.0,18.0,8.0,112.0,2.0,-0.05126953125,0.0615234375,0.9833984375,4.573170731707317,3.048780487804878,1.2195121951219514
10_41_14_685,-60.0,2.0,121.0,-28.0,46.0,9.0,0.0,0.0,-0.1025390625,0.07275390625,0.9111328125,6.402439024390245,3.048780487804878,-1.6463414634146343
10_41_14_685,42.0,-3.0,-94.0,56.0,1.0,12.0,-128.0,33.0,-0.06787109375,0.060546875,0.92724609375,-2.804878048780488,2.6219512195121952,1.8902439024390245
10_41_14_685,-5.0,16.0,7.0,91.0,8.0,14.0,127.0,56.0,-0.09033203125,0.12548828125,0.916015625,0.7926829268292683,2.987804878048781,1.7682926829268295
10_41_14_685,-37.0,-2.0,-57.0,-19.0,18.0,9.0,26.0,-4.0,-0.06298828125,0.11328125,0.91259765625,4.207317073170732,3.048780487804878,-0.7926829268292683
10_41_14_685,48.0,22.0,43.0,4.0,-15.0,2.0,111.0,-43.0,-0.08447265625,0.11328125,0.92431640625,4.085365853658537,4.207317073170732,2.8658536585365857
10_41_14_685,28.0,-36.0,-1.0,19.0,9.0,-22.0,-128.0,-18.0,-0.0703125,0.0634765625,0.95068359375,2.7439024390243905,3.2926829268292686,2.1341463414634148
10_41_14_685,-23.0,37.0,-59.0,-22.0,-62.0,0.0,85.0,32.0,-0.04345703125,0.09912109375,0.9775390625,6.341463414634147,3.414634146341464,-1.3414634146341464
10_41_14_685,11.0,-86.0,60.0,-17.0,0.0,-4.0,23.0,-47.0,-0.060546875,0.14501953125,0.90869140625,4.51219512195122,2.8658536585365857,0.426829268292683
10_41_14_685,12.0,-26.0,85.0,-8.0,-35.0,8.0,-61.0,24.0,-0.0556640625,0.08251953125,0.958984375,3.1707317073170733,2.378048780487805,0.1829268292682927
10_41_14_685,-44.0,30.0,-71.0,18.0,73.0,0.0,-4.0,21.0,-0.068359375,0.1171875,0.9677734375,4.2682926829268295,3.658536585365854,-1.5853658536585367
10_41_14_736,48.0,16.0,-28.0,127.0,-62.0,8.0,127.0,29.0,-0.08251953125,0.1015625,0.90380859375,-3.4756097560975614,2.073170731707317,-0.426829268292683
10_41_14_736,-21.0,-49.0,-40.0,-128.0,-9.0,3.0,-64.0,20.0,-0.1005859375,0.078125,0.9326171875,-6.829268292682928,-0.12195121951219513,-0.7926829268292683
10_41_14_736,23.0,78.0,127.0,127.0,116.0,13.0,-98.0,5.0,-0.0478515625,0.150390625,0.9208984375,5.3048780487804885,1.829268292682927,-3.414634146341464
10_41_14_736,19.0,-6.0,-10.0,-79.0,-83.0,3.0,53.0,46.0,-0.1025390625,0.07275390625,0.9111328125,6.402439024390245,3.048780487804878,-1.6463414634146343
10_41_14_736,-18.0,-67.0,-97.0,-31.0,3.0,13.0,-21.0,34.0,-0.06787109375,0.060546875,0.92724609375,-2.804878048780488,2.6219512195121952,1.8902439024390245
10_41_14_736,61.0,45.0,78.0,127.0,-8.0,3.0,25.0,23.0,-0.09033203125,0.12548828125,0.916015625,0.7926829268292683,2.987804878048781,1.7682926829268295
10_41_14_736,21.0,-27.0,-9.0,26.0,29.0,3.0,-105.0,36.0,-0.06298828125,0.11328125,0.91259765625,4.207317073170732,3.048780487804878,-0.7926829268292683
10_41_14_736,-28.0,-33.0,-38.0,-48.0,33.0,-27.0,-123.0,-45.0,-0.08447265625,0.11328125,0.92431640625,4.085365853658537,4.207317073170732,2.8658536585365857
10_41_14_736,40.0,8.0,19.0,30.0,-21.0,18.0,98.0,68.0,-0.0703125,0.0634765625,0.95068359375,2.7439024390243905,3.2926829268292686,2.1341463414634148
10_41_14_736,29.0,26.0,13.0,7.0,50.0,-2.0,-128.0,-20.0,-0.04345703125,0.09912109375,0.9775390625,6.341463414634147,3.414634146341464,-1.3414634146341464
10_41_14_792,6.0,55.0,118.0,29.0,33.0,4.0,34.0,22.0,-0.08642578125,0.1005859375,0.93505859375,-4.939024390243903,0.9146341463414634,0.7926829268292683
10_41_14_792,22.0,-13.0,-70.0,-15.0,0.0,-1.0,-102.0,-128.0,-0.06787109375,0.13720703125,0.94384765625,-0.30487804878048785,1.5853658536585367,-1.0365853658536586
10_41_14_792,-9.0,-27.0,-48.0,-82.0,-39.0,-27.0,-102.0,-36.0,-0.08251953125,0.1015625,0.90380859375,-3.4756097560975614,2.073170731707317,-0.426829268292683
10_41_14_792,-2.0,-46.0,30.0,53.0,14.0,9.0,-2.0,-27.0,-0.1005859375,0.078125,0.9326171875,-6.829268292682928,-0.12195121951219513,-0.7926829268292683
10_41_14_792,1.0,48.0,0.0,-43.0,-49.0,-4.0,56.0,18.0,-0.0478515625,0.150390625,0.9208984375,5.3048780487804885,1.829268292682927,-3.414634146341464
10_41_14_792,-73.0,26.0,-75.0,-10.0,-27.0,4.0,-46.0,-31.0,-0.1025390625,0.07275390625,0.9111328125,6.402439024390245,3.048780487804878,-1.6463414634146343
10_41_14_792,-8.0,-77.0,-84.0,-37.0,-7.0,-14.0,-128.0,-72.0,-0.06787109375,0.060546875,0.92724609375,-2.804878048780488,2.6219512195121952,1.8902439024390245
10_41_14_792,-4.0,39.0,127.0,121.0,127.0,39.0,-5.0,-3.0,-0.09033203125,0.12548828125,0.916015625,0.7926829268292683,2.987804878048781,1.7682926829268295
10_41_14_792,50.0,30.0,-112.0,-107.0,-54.0,0.0,-3.0,24.0,-0.06298828125,0.11328125,0.91259765625,4.207317073170732,3.048780487804878,-0.7926829268292683
10_41_14_792,-19.0,-36.0,-56.0,-75.0,45.0,6.0,25.0,-67.0,-0.08447265625,0.11328125,0.92431640625,4.085365853658537,4.207317073170732,2.8658536585365857
10_41_14_842,30.0,65.0,-84.0,57.0,10.0,-10.0,-32.0,26.0,-0.115234375,0.1083984375,0.923828125,5.670731707317073,-0.06097560975609757,1.5853658536585367
10_41_14_842,35.0,-14.0,-16.0,-48.0,-9.0,2.0,82.0,28.0,-0.0595703125,0.1044921875,0.94287109375,3.658536585365854,0.5487804878048781,-1.9512195121951221
10_41_14_842,35.0,22.0,3.0,-20.0,-53.0,11.0,13.0,13.0,-0.1015625,0.1142578125,0.91162109375,2.073170731707317,2.7439024390243905,1.524390243902439
10_41_14_842,-77.0,9.0,41.0,-10.0,57.0,-16.0,-128.0,-9.0,-0.08642578125,0.1005859375,0.93505859375,-4.939024390243903,0.9146341463414634,0.7926829268292683
10_41_14_842,66.0,28.0,60.0,45.0,8.0,3.0,-47.0,43.0,-0.06787109375,0.13720703125,0.94384765625,-0.30487804878048785,1.5853658536585367,-1.0365853658536586
10_41_14_842,-12.0,13.0,-79.0,-5.0,18.0,11.0,127.0,-78.0,-0.08251953125,0.1015625,0.90380859375,-3.4756097560975614,2.073170731707317,-0.426829268292683
10_41_14_842,-10.0,9.0,-36.0,-128.0,-40.0,-7.0,-76.0,-8.0,-0.1005859375,0.078125,0.9326171875,-6.829268292682928,-0.12195121951219513,-0.7926829268292683
10_41_14_842,-128.0,28.0,-54.0,12.0,-23.0,11.0,115.0,-33.0,-0.0478515625,0.150390625,0.9208984375,5.3048780487804885,1.829268292682927,-3.414634146341464
10_41_14_842,6.0,55.0,118.0,29.0,33.0,4.0,34.0,22.0,-0.1025390625,0.07275390625,0.9111328125,6.402439024390245,3.048780487804878,-1.6463414634146343
10_41_14_842,22.0,-13.0,-70.0,-15.0,0.0,-1.0,-102.0,-128.0,-0.06787109375,0.060546875,0.92724609375,-2.804878048780488,2.6219512195121952,1.8902439024390245
10_41_14_894,-56.0,-128.0,-118.0,-65.0,-46.0,14.0,42.0,-24.0,-0.0791015625,0.09716796875,0.9443359375,-5.0,-2.1951219512195124,1.5853658536585367
10_41_14_894,18.0,5.0,5.0,-4.0,2.0,7.0,-35.0,3.0,-0.0556640625,0.11865234375,0.92236328125,-2.8658536585365857,-1.707317073170732,0.1829268292682927
10_41_14_894,30.0,33.0,18.0,-9.0,51.0,-2.0,2.0,38.0,-0.115234375,0.1083984375,0.923828125,5.670731707317073,-0.06097560975609757,1.5853658536585367
10_41_14_894,-14.0,-18.0,-35.0,24.0,-88.0,-4.0,31.0,6.0,-0.0595703125,0.1044921875,0.94287109375,3.658536585365854,0.5487804878048781,-1.9512195121951221
10_41_14_894,-17.0,4.0,61.0,-7.0,2.0,-4.0,26.0,-57.0,-0.1015625,0.1142578125,0.91162109375,2.073170731707317,2.7439024390243905,1.524390243902439
10_41_14_894,-128.0,19.0,25.0,91.0,127.0,-8.0,-113.0,-49.0,-0.08642578125,0.1005859375,0.93505859375,-4.939024390243903,0.9146341463414634,0.7926829268292683
10_41_14_894,-8.0,20.0,-25.0,-71.0,-110.0,14.0,125.0,30.0,-0.06787109375,0.13720703125,0.94384765625,-0.30487804878048785,1.5853658536585367,-1.0365853658536586
10_41_14_894,-46.0,-11.0,-31.0,41.0,-1.0,-1.0,-30.0,-39.0,-0.08251953125,0.1015625,0.90380859375,-3.4756097560975614,2.073170731707317,-0.426829268292683
10_41_14_894,67.0,37.0,-35.0,-88.0,-23.0,-23.0,-25.0,-5.0,-0.1005859375,0.078125,0.9326171875,-6.829268292682928,-0.12195121951219513,-0.7926829268292683
10_41_14_894,-29.0,9.0,89.0,63.0,33.0,33.0,-2.0,28.0,-0.0478515625,0.150390625,0.9208984375,5.3048780487804885,1.829268292682927,-3.414634146341464
10_41_14_934,17.0,-8.0,-2.0,-105.0,-48.0,-37.0,-95.0,5.0,-0.091796875,0.0849609375,0.98388671875,-4.878048780487806,-4.2682926829268295,1.2804878048780488
10_41_14_934,81.0,-1.0,-27.0,43.0,-60.0,0.0,82.0,11.0,-0.10791015625,0.11474609375,0.93701171875,3.048780487804878,-2.0121951219512195,0.48780487804878053
10_41_14_934,-1.0,14.0,-3.0,-128.0,-30.0,4.0,45.0,0.0,-0.0712890625,0.1298828125,0.89501953125,1.707317073170732,0.7317073170731708,-1.5853658536585367
10_41_14_934,54.0,23.0,-35.0,118.0,73.0,2.0,103.0,23.0,-0.0791015625,0.09716796875,0.9443359375,-5.0,-2.1951219512195124,1.5853658536585367
10_41_14_934,26.0,-49.0,6.0,97.0,16.0,15.0,51.0,26.0,-0.0556640625,0.11865234375,0.92236328125,-2.8658536585365857,-1.707317073170732,0.1829268292682927
10_41_14_934,-35.0,29.0,67.0,10.0,8.0,-22.0,-1.0,-6.0,-0.115234375,0.1083984375,0.923828125,5.670731707317073,-0.06097560975609757,1.5853658536585367
10_41_14_934,10.0,-27.0,-68.0,-27.0,-56.0,-25.0,-128.0,-47.0,-0.0595703125,0.1044921875,0.94287109375,3.658536585365854,0.5487804878048781,-1.9512195121951221
10_41_14_934,40.0,44.0,26.0,59.0,-9.0,27.0,127.0,34.0,-0.1015625,0.1142578125,0.91162109375,2.073170731707317,2.7439024390243905,1.524390243902439
10_41_14_934,17.0,8.0,-20.0,-33.0,22.0,1.0,-19.0,27.0,-0.08642578125,0.1005859375,0.93505859375,-4.939024390243903,0.9146341463414634,0.7926829268292683
10_41_14_934,-47.0,-17.0,-37.0,80.0,27.0,-11.0,11.0,-9.0,-0.06787109375,0.13720703125,0.94384765625,-0.30487804878048785,1.5853658536585367,-1.0365853658536586
10_41_14_990,5.0,4.0,47.0,43.0,40.0,-3.0,25.0,-16.0,-0.1064453125,0.15234375,0.87841796875,3.963414634146342,-1.5853658536585367,-1.9512195121951221
10_41_14_990,74.0,-56.0,-107.0,-3.0,9.0,-6.0,25.0,17.0,-0.04833984375,0.09375,0.90966796875,-1.402439024390244,-1.6463414634146343,-0.3658536585365854
10_41_14_990,-28.0,21.0,52.0,23.0,8.0,8.0,41.0,53.0,-0.091796875,0.0849609375,0.98388671875,-4.878048780487806,-4.2682926829268295,1.2804878048780488
10_41_14_990,0.0,-15.0,0.0,-41.0,-14.0,-4.0,-86.0,-10.0,-0.10791015625,0.11474609375,0.93701171875,3.048780487804878,-2.0121951219512195,0.48780487804878053
10_41_14_990,35.0,22.0,9.0,4.0,15.0,3.0,-65.0,-52.0,-0.0712890625,0.1298828125,0.89501953125,1.707317073170732,0.7317073170731708,-1.5853658536585367
10_41_14_990,6.0,25.0,56.0,53.0,41.0,1.0,120.0,37.0,-0.0791015625,0.09716796875,0.9443359375,-5.0,-2.1951219512195124,1.5853658536585367
10_41_14_990,17.0,-8.0,-2.0,-105.0,-48.0,-37.0,-95.0,5.0,-0.0556640625,0.11865234375,0.92236328125,-2.8658536585365857,-1.707317073170732,0.1829268292682927
10_41_14_990,81.0,-1.0,-27.0,43.0,-60.0,0.0,82.0,11.0,-0.115234375,0.1083984375,0.923828125,5.670731707317073,-0.06097560975609757,1.5853658536585367
10_41_14_990,-1.0,14.0,-3.0,-128.0,-30.0,4.0,45.0,0.0,-0.0595703125,0.1044921875,0.94287109375,3.658536585365854,0.5487804878048781,-1.9512195121951221
10_41_14_990,54.0,23.0,-35.0,118.0,73.0,2.0,103.0,23.0,-0.1015625,0.1142578125,0.91162109375,2.073170731707317,2.7439024390243905,1.524390243902439
10_41_15_046,-111.0,-27.0,-13.0,5.0,-10.0,0.0,-128.0,-82.0,-0.0556640625,0.060546875,0.900390625,-1.2804878048780488,-0.5487804878048781,-4.451219512195122
10_41_15_046,53.0,40.0,37.0,-34.0,-11.0,5.0,-1.0,26.0,-0.103515625,0.04052734375,0.94775390625,-1.3414634146341464,-1.4634146341463417,1.2804878048780488
10_41_15_046,5.0,7.0,65.0,79.0,35.0,4.0,53.0,-3.0,-0.0556640625,0.10302734375,0.92919921875,-0.6097560975609757,-2.378048780487805,0.12195121951219513
10_41_15_046,-3.0,7.0,109.0,-6.0,-2.0,-21.0,27.0,0.0,-0.1064453125,0.15234375,0.87841796875,3.963414634146342,-1.5853658536585367,-1.9512195121951221
10_41_15_046,22.0,37.0,-80.0,-30.0,-40.0,6.0,92.0,-13.0,-0.04833984375,0.09375,0.90966796875,-1.402439024390244,-1.6463414634146343,-0.3658536585365854
10_41_15_046,-7.0,-86.0,5.0,-85.0,-15.0,-51.0,-128.0,-23.0,-0.091796875,0.0849609375,0.98388671875,-4.878048780487806,-4.2682926829268295,1.2804878048780488
10_41_15_046,-18.0,47.0,95.0,127.0,75.0,58.0,123.0,12.0,-0.10791015625,0.11474609375,0.93701171875,3.048780487804878,-2.0121951219512195,0.48780487804878053
10_41_15_046,-51.0,-54.0,-45.0,-128.0,-96.0,-37.0,-128.0,-46.0,-0.0712890625,0.1298828125,0.89501953125,1.707317073170732,0.7317073170731708,-1.5853658536585367
10_41_15_046,-36.0,-7.0,-49.0,9.0,-3.0,28.0,127.0,29.0,-0.0791015625,0.09716796875,0.9443359375,-5.0,-2.1951219512195124,1.5853658536585367
10_41_15_046,-17.0,-98.0,65.0,30.0,39.0,1.0,-8.0,-35.0,-0.0556640625,0.11865234375,0.92236328125,-2.8658536585365857,-1.707317073170732,0.1829268292682927
10_41_15_091,-39.0,72.0,-48.0,36.0,73.0,-21.0,-38.0,-6.0,-0.06884765625,0.134765625,0.94970703125,5.609756097560976,-3.414634146341464,0.5487804878048781
10_41_15_091,68.0,18.0,-71.0,18.0,15.0,0.0,101.0,-47.0,-0.06982421875,0.13427734375,0.927734375,2.1951219512195124,-2.9268292682926833,0.853658536585366
10_41_15_091,6.0,-88.0,13.0,-32.0,-88.0,9.0,126.0,-13.0,-0.03466796875,0.1357421875,0.8837890625,-2.1951219512195124,-0.853658536585366,-2.073170731707317
10_41_15_091,-21.0,-3.0,-44.0,-64.0,2.0,-3.0,36.0,-14.0,-0.0556640625,0.060546875,0.900390625,-1.2804878048780488,-0.5487804878048781,-4.451219512195122
10_41_15_091,26.0,-15.0,7.0,-33.0,14.0,38.0,-128.0,2.0,-0.103515625,0.04052734375,0.94775390625,-1.3414634146341464,-1.4634146341463417,1.2804878048780488
10_41_15_091,-66.0,10.0,-19.0,4.0,-21.0,1.0,127.0,-3.0,-0.0556640625,0.10302734375,0.92919921875,-0.6097560975609757,-2.378048780487805,0.12195121951219513
10_41_15_091,-36.0,8.0,-32.0,20.0,27.0,14.0,109.0,7.0,-0.1064453125,0.15234375,0.87841796875,3.963414634146342,-1.5853658536585367,-1.9512195121951221
10_41_15_091,5.0,-28.0,54.0,43.0,12.0,-3.0,23.0,-7.0,-0.04833984375,0.09375,0.90966796875,-1.402439024390244,-1.6463414634146343,-0.3658536585365854
10_41_15_091,9.0,8.0,-22.0,-10.0,7.0,-7.0,-48.0,14.0,-0.091796875,0.0849609375,0.98388671875,-4.878048780487806,-4.2682926829268295,1.2804878048780488
10_41_15_091,2.0,-9.0,86.0,-5.0,-17.0,-16.0,10.0,-2.0,-0.10791015625,0.11474609375,0.93701171875,3.048780487804878,-2.0121951219512195,0.48780487804878053
10_41_15_155,52.0,-26.0,-45.0,56.0,-7.0,-3.0,-81.0,8.0,-0.16064453125,0.056640625,0.94140625,-1.5853658536585367,-10.0,-0.7926829268292683
10_41_15_155,-15.0,-5.0,9.0,-73.0,-51.0,-10.0,66.0,-12.0,-0.06884765625,0.134765625,0.94970703125,5.609756097560976,-3.414634146341464,0.5487804878048781
10_41_15_155,-39.0,72.0,-48.0,36.0,73.0,-21.0,-38.0,-6.0,-0.06982421875,0.13427734375,0.927734375,2.1951219512195124,-2.9268292682926833,0.853658536585366
10_41_15_155,68.0,18.0,-71.0,18.0,15.0,0.0,101.0,-47.0,-0.03466796875,0.1357421875,0.8837890625,-2.1951219512195124,-0.853658536585366,-2.073170731707317
10_41_15_155,6.0,-88.0,13.0,-32.0,-88.0,9.0,126.0,-13.0,-0.0556640625,0.060546875,0.900390625,-1.2804878048780488,-0.5487804878048781,-4.451219512195122
10_41_15_155,-21.0,-3.0,-44.0,-64.0,2.0,-3.0,36.0,-14.0,-0.103515625,0.04052734375,0.94775390625,-1.3414634146341464,-1.4634146341463417,1.2804878048780488
10_41_15_155,26.0,-15.0,7.0,-33.0,14.0,38.0,-128.0,2.0,-0.0556640625,0.10302734375,0.92919921875,-0.6097560975609757,-2.378048780487805,0.12195121951219513
10_41_15_155,-66.0,10.0,-19.0,4.0,-21.0,1.0,127.0,-3.0,-0.1064453125,0.15234375,0.87841796875,3.963414634146342,-1.5853658536585367,-1.9512195121951221
10_41_15_155,-36.0,8.0,-32.0,20.0,27.0,14.0,109.0,7.0,-0.04833984375,0.09375,0.90966796875,-1.402439024390244,-1.6463414634146343,-0.3658536585365854
10_41_15_155,5.0,-28.0,54.0,43.0,12.0,-3.0,23.0,-7.0,-0.091796875,0.0849609375,0.98388671875,-4.878048780487806,-4.2682926829268295,1.2804878048780488
10_41_15_188,9.0,-47.0,-41.0,-25.0,-15.0,7.0,-128.0,-31.0,-0.0400390625,0.10986328125,0.923828125,-5.487804878048781,-12.195121951219512,-1.2804878048780488
10_41_15_188,31.0,49.0,91.0,40.0,68.0,4.0,-68.0,50.0,-0.02783203125,0.119140625,0.92919921875,-2.1341463414634148,-11.951219512195124,-0.3658536585365854
10_41_15_188,-70.0,-32.0,-43.0,-63.0,-64.0,-5.0,-37.0,-58.0,-0.07958984375,0.095703125,0.90283203125,-4.2682926829268295,-9.390243902439025,-0.9756097560975611
10_41_15_188,18.0,16.0,26.0,22.0,27.0,-7.0,-40.0,1.0,-0.16064453125,0.056640625,0.94140625,-1.5853658536585367,-10.0,-0.7926829268292683
10_41_15_188,19.0,-9.0,-9.0,20.0,-31.0,8.0,4.0,-27.0,-0.06884765625,0.134765625,0.94970703125,5.609756097560976,-3.414634146341464,0.5487804878048781
10_41_15_188,1.0,20.0,20.0,-31.0,33.0,0.0,44.0,18.0,-0.06982421875,0.13427734375,0.927734375,2.1951219512195124,-2.9268292682926833,0.853658536585366
10_41_15_188,24.0,16.0,-25.0,44.0,0.0,5.0,49.0,2.0,-0.03466796875,0.1357421875,0.8837890625,-2.1951219512195124,-0.853658536585366,-2.073170731707317
10_41_15_188,-27.0,18.0,-30.0,-98.0,-59.0,-26.0,-72.0,-38.0,-0.0556640625,0.060546875,0.900390625,-1.2804878048780488,-0.5487804878048781,-4.451219512195122
10_41_15_188,27.0,1.0,-22.0,49.0,21.0,6.0,127.0,19.0,-0.103515625,0.04052734375,0.94775390625,-1.3414634146341464,-1.4634146341463417,1.2804878048780488
10_41_15_188,-18.0,-60.0,-32.0,-54.0,-21.0,-2.0,127.0,17.0,-0.0556640625,0.10302734375,0.92919921875,-0.6097560975609757,-2.378048780487805,0.12195121951219513
10_41_15_241,44.0,24.0,13.0,59.0,-17.0,-1.0,-15.0,4.0,-0.10400390625,0.09228515625,0.93994140625,5.365853658536586,-8.048780487804878,0.30487804878048785
10_41_15_241,-10.0,18.0,7.0,-13.0,29.0,-4.0,-17.0,12.0,-0.0556640625,0.08349609375,0.8798828125,-9.695121951219512,-10.121951219512196,-1.7682926829268295
10_41_15_241,19.0,-60.0,-45.0,-61.0,-35.0,0.0,2.0,15.0,-0.0400390625,0.10986328125,0.923828125,-5.487804878048781,-12.195121951219512,-1.2804878048780488
10_41_15_241,18.0,39.0,-18.0,-11.0,-15.0,1.0,-8.0,-25.0,-0.02783203125,0.119140625,0.92919921875,-2.1341463414634148,-11.951219512195124,-0.3658536585365854
10_41_15_241,17.0,31.0,93.0,59.0,44.0,-3.0,26.0,4.0,-0.07958984375,0.095703125,0.90283203125,-4.2682926829268295,-9.390243902439025,-0.9756097560975611
10_41_15_241,-7.0,-24.0,-31.0,21.0,-14.0,15.0,8.0,15.0,-0.16064453125,0.056640625,0.94140625,-1.5853658536585367,-10.0,-0.7926829268292683
10_41_15_241,19.0,-58.0,-68.0,-7.0,-14.0,1.0,79.0,-5.0,-0.06884765625,0.134765625,0.94970703125,5.609756097560976,-3.414634146341464,0.5487804878048781
10_41_15_241,-10.0,-66.0,88.0,-11.0,31.0,8.0,-123.0,-12.0,-0.06982421875,0.13427734375,0.927734375,2.1951219512195124,-2.9268292682926833,0.853658536585366
10_41_15_241,8.0,12.0,-105.0,-52.0,-3.0,-16.0,-128.0,6.0,-0.03466796875,0.1357421875,0.8837890625,-2.1951219512195124,-0.853658536585366,-2.073170731707317
10_41_15_241,-66.0,-10.0,-25.0,42.0,3.0,35.0,127.0,49.0,-0.0556640625,0.060546875,0.900390625,-1.2804878048780488,-0.5487804878048781,-4.451219512195122
10_41_15_305,18.0,-34.0,52.0,-33.0,-55.0,-18.0,-128.0,-28.0,-0.0576171875,0.12744140625,0.900390625,-11.585365853658537,-16.158536585365855,3.048780487804878
10_41_15_305,-4.0,-2.0,6.0,-20.0,16.0,-16.0,-7.0,-5.0,-0.1376953125,0.1376953125,0.95751953125,6.219512195121951,-9.329268292682928,1.2195121951219514
10_41_15_305,10.0,11.0,-14.0,39.0,14.0,8.0,4.0,-10.0,-0.10400390625,0.09228515625,0.93994140625,5.365853658536586,-8.048780487804878,0.30487804878048785
10_41_15_305,-9.0,3.0,10.0,-18.0,-4.0,2.0,-4.0,19.0,-0.0556640625,0.08349609375,0.8798828125,-9.695121951219512,-10.121951219512196,-1.7682926829268295
10_41_15_305,4.0,1.0,-13.0,2.0,-11.0,-6.0,1.0,-41.0,-0.0400390625,0.10986328125,0.923828125,-5.487804878048781,-12.195121951219512,-1.2804878048780488
10_41_15_305,49.0,9.0,-36.0,-29.0,-29.0,-8.0,-28.0,-26.0,-0.02783203125,0.119140625,0.92919921875,-2.1341463414634148,-11.951219512195124,-0.3658536585365854
10_41_15_305,7.0,-4.0,-36.0,-29.0,-46.0,-1.0,-60.0,2.0,-0.07958984375,0.095703125,0.90283203125,-4.2682926829268295,-9.390243902439025,-0.9756097560975611
10_41_15_305,-45.0,35.0,82.0,13.0,56.0,3.0,12.0,14.0,-0.16064453125,0.056640625,0.94140625,-1.5853658536585367,-10.0,-0.7926829268292683
10_41_15_305,42.0,-6.0,-64.0,18.0,46.0,-11.0,-128.0,10.0,-0.06884765625,0.134765625,0.94970703125,5.609756097560976,-3.414634146341464,0.5487804878048781
10_41_15_343,42.0,-44.0,24.0,-47.0,-23.0,-25.0,-128.0,5.0,-0.005859375,0.12060546875,0.9208984375,-4.573170731707317,-28.292682926829272,4.085365853658537
10_41_15_343,8.0,23.0,-16.0,-32.0,-21.0,2.0,-55.0,23.0,-0.076171875,0.1318359375,0.8984375,1.707317073170732,-20.182926829268293,1.3414634146341464
10_41_15_343,-33.0,-25.0,-10.0,26.0,4.0,-7.0,0.0,-2.0,-0.05078125,0.09033203125,0.92822265625,1.0975609756097562,-18.719512195121954,-0.30487804878048785
10_41_15_343,-17.0,5.0,-27.0,-36.0,-28.0,-18.0,-13.0,-28.0,-0.044921875,0.0712890625,0.91796875,-3.2926829268292686,-18.53658536585366,1.7682926829268295
10_41_15_343,-1.0,-8.0,-5.0,9.0,53.0,12.0,46.0,21.0,-0.0576171875,0.12744140625,0.900390625,-11.585365853658537,-16.158536585365855,3.048780487804878
10_41_15_343,23.0,-17.0,-32.0,-22.0,-25.0,-6.0,-10.0,26.0,-0.1376953125,0.1376953125,0.95751953125,6.219512195121951,-9.329268292682928,1.2195121951219514
10_41_15_343,-6.0,8.0,-44.0,-7.0,5.0,0.0,8.0,-12.0,-0.10400390625,0.09228515625,0.93994140625,5.365853658536586,-8.048780487804878,0.30487804878048785
10_41_15_343,0.0,-32.0,-15.0,28.0,31.0,7.0,32.0,-65.0,-0.0556640625,0.08349609375,0.8798828125,-9.695121951219512,-10.121951219512196,-1.7682926829268295
10_41_15_343,12.0,25.0,-4.0,-96.0,-62.0,-5.0,9.0,15.0,-0.0400390625,0.10986328125,0.923828125,-5.487804878048781,-12.195121951219512,-1.2804878048780488
10_41_15_343,-48.0,-21.0,-23.0,-39.0,-10.0,-12.0,15.0,-1.0,-0.02783203125,0.119140625,0.92919921875,-2.1341463414634148,-11.951219512195124,-0.3658536585365854
10_41_15_413,29.0,31.0,48.0,-1.0,-32.0,-5.0,8.0,-30.0,-0.0048828125,0.0966796875,0.8955078125,0.0,-27.682926829268297,5.548780487804878
10_41_15_413,-4.0,19.0,6.0,11.0,20.0,2.0,127.0,48.0,-0.005859375,0.12060546875,0.9208984375,-4.573170731707317,-28.292682926829272,4.085365853658537
10_41_15_413,-32.0,9.0,-16.0,37.0,21.0,35.0,-128.0,4.0,-0.076171875,0.1318359375,0.8984375,1.707317073170732,-20.182926829268293,1.3414634146341464
10_41_15_413,53.0,6.0,3.0,-31.0,-4.0,-14.0,73.0,27.0,-0.05078125,0.09033203125,0.92822265625,1.0975609756097562,-18.719512195121954,-0.30487804878048785
10_41_15_413,20.0,7.0,-31.0,19.0,15.0,-3.0,127.0,10.0,-0.044921875,0.0712890625,0.91796875,-3.2926829268292686,-18.53658536585366,1.7682926829268295
10_41_15_413,31.0,21.0,-13.0,34.0,-13.0,9.0,127.0,30.0,-0.0576171875,0.12744140625,0.900390625,-11.585365853658537,-16.158536585365855,3.048780487804878
10_41_15_413,42.0,-44.0,24.0,-47.0,-23.0,-25.0,-128.0,5.0,-0.1376953125,0.1376953125,0.95751953125,6.219512195121951,-9.329268292682928,1.2195121951219514
10_41_15_413,8.0,23.0,-16.0,-32.0,-21.0,2.0,-55.0,23.0,-0.10400390625,0.09228515625,0.93994140625,5.365853658536586,-8.048780487804878,0.30487804878048785
10_41_15_413,-33.0,-25.0,-10.0,26.0,4.0,-7.0,0.0,-2.0,-0.0556640625,0.08349609375,0.8798828125,-9.695121951219512,-10.121951219512196,-1.7682926829268295
10_41_15_413,-17.0,5.0,-27.0,-36.0,-28.0,-18.0,-13.0,-28.0,-0.0400390625,0.10986328125,0.923828125,-5.487804878048781,-12.195121951219512,-1.2804878048780488
10_41_15_449,-12.0,-14.0,-14.0,-22.0,3.0,-6.0,33.0,5.0,0.02001953125,0.07373046875,0.9384765625,-0.30487804878048785,-41.524390243902445,5.365853658536586
10_41_15_449,22.0,5.0,-31.0,-3.0,-13.0,9.0,65.0,-8.0,-0.01904296875,0.150390625,0.8359375,11.585365853658537,-35.426829268292686,8.658536585365855
10_41_15_449,-16.0,-20.0,-18.0,3.0,1.0,-3.0,32.0,-5.0,-0.05615234375,0.04931640625,0.92822265625,3.9024390243902443,-27.378048780487806,1.5853658536585367
10_41_15_449,-61.0,-2.0,32.0,1.0,-26.0,-29.0,-128.0,-12.0,-0.0048828125,0.0966796875,0.8955078125,0.0,-27.682926829268297,5.548780487804878
10_41_15_449,0.0,15.0,3.0,-14.0,-45.0,46.0,127.0,-53.0,-0.005859375,0.12060546875,0.9208984375,-4.573170731707317,-28.292682926829272,4.085365853658537
10_41_15_449,-2.0,-33.0,42.0,-3.0,41.0,-28.0,-128.0,36.0,-0.076171875,0.1318359375,0.8984375,1.707317073170732,-20.182926829268293,1.3414634146341464
10_41_15_449,10.0,53.0,38.0,107.0,86.0,40.0,127.0,26.0,-0.05078125,0.09033203125,0.92822265625,1.0975609756097562,-18.719512195121954,-0.30487804878048785
10_41_15_449,0.0,-12.0,-28.0,-31.0,-27.0,2.0,-96.0,3.0,-0.044921875,0.0712890625,0.91796875,-3.2926829268292686,-18.53658536585366,1.7682926829268295
10_41_15_449,-2.0,-13.0,-19.0,-66.0,-12.0,6.0,37.0,10.0,-0.0576171875,0.12744140625,0.900390625,-11.585365853658537,-16.158536585365855,3.048780487804878
10_41_15_449,10.0,-2.0,-24.0,24.0,6.0,7.0,-6.0,-3.0,-0.1376953125,0.1376953125,0.95751953125,6.219512195121951,-9.329268292682928,1.2195121951219514
10_41_15_500,37.0,-6.0,41.0,32.0,-3.0,-10.0,63.0,23.0,-0.02978515625,0.21044921875,0.8056640625,1.0975609756097562,-46.707317073170735,2.0121951219512195
10_41_15_500,6.0,16.0,26.0,-8.0,-7.0,-2.0,-39.0,15.0,0.05029296875,0.07470703125,0.87109375,13.841463414634148,-46.524390243902445,3.5975609756097566
10_41_15_500,-5.0,7.0,-60.0,-41.0,20.0,4.0,28.0,13.0,0.0068359375,-0.00390625,0.86669921875,-8.658536585365855,-46.768292682926834,1.2195121951219514
10_41_15_500,20.0,10.0,29.0,5.0,-16.0,-1.0,8.0,28.0,0.02001953125,0.07373046875,0.9384765625,-0.30487804878048785,-41.524390243902445,5.365853658536586
10_41_15_500,-34.0,-33.0,24.0,39.0,1.0,10.0,116.0,10.0,-0.01904296875,0.150390625,0.8359375,11.585365853658537,-35.426829268292686,8.658536585365855
10_41_15_500,12.0,11.0,-5.0,27.0,-7.0,-4.0,-10.0,12.0,-0.05615234375,0.04931640625,0.92822265625,3.9024390243902443,-27.378048780487806,1.5853658536585367
10_41_15_500,-24.0,17.0,114.0,-15.0,23.0,-7.0,-67.0,-43.0,-0.0048828125,0.0966796875,0.8955078125,0.0,-27.682926829268297,5.548780487804878
10_41_15_500,21.0,14.0,-86.0,-20.0,5.0,5.0,-80.0,7.0,-0.005859375,0.12060546875,0.9208984375,-4.573170731707317,-28.292682926829272,4.085365853658537
10_41_15_500,2.0,-91.0,-7.0,17.0,33.0,3.0,-128.0,-2.0,-0.076171875,0.1318359375,0.8984375,1.707317073170732,-20.182926829268293,1.3414634146341464
10_41_15_500,27.0,57.0,27.0,10.0,-10.0,-4.0,12.0,20.0,-0.05078125,0.09033203125,0.92822265625,1.0975609756097562,-18.719512195121954,-0.30487804878048785
10_41_15_562,53.0,-20.0,11.0,3.0,39.0,-9.0,-87.0,-35.0,0.095703125,0.07470703125,0.849609375,-13.414634146341465,-56.09756097560976,2.804878048780488
10_41_15_562,-67.0,39.0,-2.0,96.0,48.0,31.0,33.0,42.0,-0.02978515625,0.21044921875,0.8056640625,1.0975609756097562,-46.707317073170735,2.0121951219512195
10_41_15_562,-11.0,31.0,18.0,-127.0,-21.0,-31.0,-128.0,30.0,0.05029296875,0.07470703125,0.87109375,13.841463414634148,-46.524390243902445,3.5975609756097566
10_41_15_562,-36.0,-25.0,-15.0,-7.0,-9.0,22.0,127.0,18.0,0.0068359375,-0.00390625,0.86669921875,-8.658536585365855,-46.768292682926834,1.2195121951219514
10_41_15_562,37.0,-6.0,41.0,32.0,-3.0,-10.0,63.0,23.0,0.02001953125,0.07373046875,0.9384765625,-0.30487804878048785,-41.524390243902445,5.365853658536586
10_41_15_562,6.0,16.0,26.0,-8.0,-7.0,-2.0,-39.0,15.0,-0.01904296875,0.150390625,0.8359375,11.585365853658537,-35.426829268292686,8.658536585365855
10_41_15_562,-5.0,7.0,-60.0,-41.0,20.0,4.0,28.0,13.0,-0.05615234375,0.04931640625,0.92822265625,3.9024390243902443,-27.378048780487806,1.5853658536585367
10_41_15_562,20.0,10.0,29.0,5.0,-16.0,-1.0,8.0,28.0,-0.0048828125,0.0966796875,0.8955078125,0.0,-27.682926829268297,5.548780487804878
10_41_15_562,-34.0,-33.0,24.0,39.0,1.0,10.0,116.0,10.0,-0.005859375,0.12060546875,0.9208984375,-4.573170731707317,-28.292682926829272,4.085365853658537
10_41_15_562,12.0,11.0,-5.0,27.0,-7.0,-4.0,-10.0,12.0,-0.076171875,0.1318359375,0.8984375,1.707317073170732,-20.182926829268293,1.3414634146341464
10_41_15_604,32.0,14.0,88.0,28.0,39.0,0.0,-128.0,-1.0,0.302734375,0.0380859375,0.9140625,-18.04878048780488,-67.5609756097561,2.1341463414634148
10_41_15_604,13.0,-3.0,-77.0,6.0,-29.0,-13.0,127.0,9.0,0.00341796875,0.25732421875,0.7158203125,-6.463414634146342,-57.6829268292683,0.06097560975609757
10_41_15_604,-3.0,15.0,28.0,13.0,14.0,8.0,39.0,-3.0,0.0478515625,0.13818359375,0.84814453125,3.5975609756097566,-55.60975609756098,4.146341463414634
10_41_15_604,22.0,-2.0,-3.0,25.0,-15.0,25.0,-98.0,5.0,0.22021484375,-0.041015625,0.99755859375,-11.646341463414634,-62.07317073170732,1.402439024390244
10_41_15_604,-47.0,-19.0,9.0,-40.0,43.0,-33.0,-9.0,-77.0,0.095703125,0.07470703125,0.849609375,-13.414634146341465,-56.09756097560976,2.804878048780488
10_41_15_604,9.0,13.0,4.0,34.0,17.0,33.0,53.0,-5.0,-0.02978515625,0.21044921875,0.8056640625,1.0975609756097562,-46.707317073170735,2.0121951219512195
10_41_15_604,2.0,-10.0,-20.0,-13.0,1.0,-4.0,-8.0,8.0,0.05029296875,0.07470703125,0.87109375,13.841463414634148,-46.524390243902445,3.5975609756097566
10_41_15_604,-21.0,-10.0,-9.0,-5.0,-23.0,-24.0,-128.0,-27.0,0.0068359375,-0.00390625,0.86669921875,-8.658536585365855,-46.768292682926834,1.2195121951219514
10_41_15_604,-20.0,-128.0,-75.0,-57.0,-31.0,-2.0,38.0,-6.0,0.02001953125,0.07373046875,0.9384765625,-0.30487804878048785,-41.524390243902445,5.365853658536586
10_41_15_604,18.0,127.0,127.0,108.0,80.0,19.0,10.0,-2.0,-0.01904296875,0.150390625,0.8359375,11.585365853658537,-35.426829268292686,8.658536585365855
10_41_15_655,-18.0,-27.0,-16.0,12.0,65.0,21.0,40.0,-18.0,0.25927734375,-0.0478515625,1.04052734375,-5.365853658536586,-64.45121951219512,3.963414634146342
10_41_15_655,89.0,-79.0,46.0,40.0,46.0,7.0,51.0,20.0,0.302734375,0.0380859375,0.9140625,-18.04878048780488,-67.5609756097561,2.1341463414634148
10_41_15_655,-25.0,76.0,-69.0,-35.0,-23.0,1.0,-128.0,-12.0,0.00341796875,0.25732421875,0.7158203125,-6.463414634146342,-57.6829268292683,0.06097560975609757
10_41_15_655,-42.0,-41.0,-7.0,28.0,16.0,46.0,127.0,40.0,0.0478515625,0.13818359375,0.84814453125,3.5975609756097566,-55.60975609756098,4.146341463414634
10_41_15_655,32.0,14.0,88.0,28.0,39.0,0.0,-128.0,-1.0,0.22021484375,-0.041015625,0.99755859375,-11.646341463414634,-62.07317073170732,1.402439024390244
10_41_15_655,13.0,-3.0,-77.0,6.0,-29.0,-13.0,127.0,9.0,0.095703125,0.07470703125,0.849609375,-13.414634146341465,-56.09756097560976,2.804878048780488
10_41_15_655,-3.0,15.0,28.0,13.0,14.0,8.0,39.0,-3.0,-0.02978515625,0.21044921875,0.8056640625,1.0975609756097562,-46.707317073170735,2.0121951219512195
10_41_15_655,22.0,-2.0,-3.0,25.0,-15.0,25.0,-98.0,5.0,0.05029296875,0.07470703125,0.87109375,13.841463414634148,-46.524390243902445,3.5975609756097566
10_41_15_655,-47.0,-19.0,9.0,-40.0,43.0,-33.0,-9.0,-77.0,0.0068359375,-0.00390625,0.86669921875,-8.658536585365855,-46.768292682926834,1.2195121951219514
10_41_15_655,9.0,13.0,4.0,34.0,17.0,33.0,53.0,-5.0,0.02001953125,0.07373046875,0.9384765625,-0.30487804878048785,-41.524390243902445,5.365853658536586
10_41_15_714,21.0,-22.0,-10.0,-17.0,-5.0,-10.0,36.0,13.0,0.40966796875,-0.01318359375,1.017578125,1.0365853658536586,-62.31707317073171,3.9024390243902443
10_41_15_714,-44.0,-5.0,0.0,-35.0,-7.0,-10.0,-128.0,-33.0,0.38720703125,0.076171875,0.9345703125,-13.841463414634148,-69.57317073170732,5.426829268292684
10_41_15_714,38.0,-15.0,-70.0,2.0,2.0,5.0,101.0,76.0,0.19775390625,0.23974609375,0.6962890625,-8.536585365853659,-60.365853658536594,-0.9146341463414634
10_41_15_714,45.0,-56.0,37.0,-35.0,28.0,-16.0,-88.0,-64.0,0.072265625,0.16259765625,0.93359375,9.390243902439025,-58.65853658536586,-1.0975609756097562
10_41_15_714,-11.0,21.0,-27.0,-2.0,-48.0,22.0,127.0,41.0,0.25927734375,-0.0478515625,1.04052734375,-5.365853658536586,-64.45121951219512,3.963414634146342
10_41_15_714,-8.0,33.0,-21.0,10.0,-2.0,-11.0,90.0,-5.0,0.302734375,0.0380859375,0.9140625,-18.04878048780488,-67.5609756097561,2.1341463414634148
10_41_15_714,-15.0,-16.0,16.0,-40.0,-29.0,-13.0,-128.0,-8.0,0.00341796875,0.25732421875,0.7158203125,-6.463414634146342,-57.6829268292683,0.06097560975609757
10_41_15_714,-23.0,13.0,18.0,81.0,9.0,11.0,114.0,21.0,0.0478515625,0.13818359375,0.84814453125,3.5975609756097566,-55.60975609756098,4.146341463414634
10_41_15_714,16.0,-12.0,-42.0,-16.0,-19.0,-13.0,-39.0,8.0,0.22021484375,-0.041015625,0.99755859375,-11.646341463414634,-62.07317073170732,1.402439024390244
10_41_15_714,1.0,-9.0,36.0,8.0,-13.0,-9.0,-29.0,-1.0,0.095703125,0.07470703125,0.849609375,-13.414634146341465,-56.09756097560976,2.804878048780488
10_41_15_756,33.0,-102.0,-46.0,-27.0,-26.0,-28.0,-128.0,1.0,0.5498046875,-0.01220703125,0.8720703125,-25.000000000000004,-76.21951219512196,10.24390243902439
10_41_15_756,-128.0,31.0,-35.0,-3.0,-38.0,3.0,64.0,18.0,0.20654296875,0.2001953125,0.8037109375,-12.560975609756099,-61.463414634146346,-2.378048780487805
10_41_15_756,27.0,40.0,93.0,103.0,36.0,19.0,-43.0,8.0,0.0556640625,0.24462890625,0.8232421875,5.182926829268293,-57.43902439024391,10.914634146341465
10_41_15_756,62.0,10.0,43.0,31.0,-22.0,-1.0,-27.0,41.0,0.40966796875,-0.01318359375,1.017578125,1.0365853658536586,-62.31707317073171,3.9024390243902443
10_41_15_756,7.0,4.0,12.0,59.0,40.0,-7.0,11.0,2.0,0.38720703125,0.076171875,0.9345703125,-13.841463414634148,-69.57317073170732,5.426829268292684
10_41_15_756,4.0,-35.0,6.0,-17.0,-6.0,-8.0,75.0,-10.0,0.19775390625,0.23974609375,0.6962890625,-8.536585365853659,-60.365853658536594,-0.9146341463414634
10_41_15_756,10.0,15.0,-67.0,-72.0,-37.0,-1.0,113.0,-80.0,0.072265625,0.16259765625,0.93359375,9.390243902439025,-58.65853658536586,-1.0975609756097562
10_41_15_756,-46.0,59.0,-102.0,-32.0,-37.0,-12.0,-10.0,-60.0,0.25927734375,-0.0478515625,1.04052734375,-5.365853658536586,-64.45121951219512,3.963414634146342
10_41_15_756,-76.0,17.0,-32.0,-31.0,-8.0,-13.0,-128.0,-36.0,0.302734375,0.0380859375,0.9140625,-18.04878048780488,-67.5609756097561,2.1341463414634148
10_41_15_756,6.0,5.0,91.0,56.0,29.0,26.0,127.0,14.0,0.00341796875,0.25732421875,0.7158203125,-6.463414634146342,-57.6829268292683,0.06097560975609757
10_41_15_804,-71.0,-38.0,-36.0,-23.0,9.0,6.0,-90.0,-40.0,0.2646484375,-0.00390625,0.9326171875,14.451219512195124,-62.25609756097562,15.914634146341465
10_41_15_804,9.0,24.0,23.0,13.0,15.0,12.0,57.0,7.0,0.5498046875,-0.01220703125,0.8720703125,-25.000000000000004,-76.21951219512196,10.24390243902439
10_41_15_804,29.0,86.0,-40.0,-16.0,24.0,3.0,15.0,0.0,0.20654296875,0.2001953125,0.8037109375,-12.560975609756099,-61.463414634146346,-2.378048780487805
10_41_15_804,20.0,41.0,-14.0,4.0,-6.0,11.0,-78.0,18.0,0.0556640625,0.24462890625,0.8232421875,5.182926829268293,-57.43902439024391,10.914634146341465
10_41_15_804,26.0,45.0,16.0,-26.0,3.0,-23.0,-14.0,46.0,0.40966796875,-0.01318359375,1.017578125,1.0365853658536586,-62.31707317073171,3.9024390243902443
10_41_15_804,3.0,-9.0,-15.0,-30.0,2.0,2.0,92.0,-17.0,0.38720703125,0.076171875,0.9345703125,-13.841463414634148,-69.57317073170732,5.426829268292684
10_41_15_804,33.0,-102.0,-46.0,-27.0,-26.0,-28.0,-128.0,1.0,0.19775390625,0.23974609375,0.6962890625,-8.536585365853659,-60.365853658536594,-0.9146341463414634
10_41_15_804,-128.0,31.0,-35.0,-3.0,-38.0,3.0,64.0,18.0,0.072265625,0.16259765625,0.93359375,9.390243902439025,-58.65853658536586,-1.0975609756097562
10_41_15_804,27.0,40.0,93.0,103.0,36.0,19.0,-43.0,8.0,0.25927734375,-0.0478515625,1.04052734375,-5.365853658536586,-64.45121951219512,3.963414634146342
10_41_15_804,62.0,10.0,43.0,31.0,-22.0,-1.0,-27.0,41.0,0.302734375,0.0380859375,0.9140625,-18.04878048780488,-67.5609756097561,2.1341463414634148
10_41_15_856,-40.0,10.0,-11.0,17.0,-11.0,-42.0,-40.0,-30.0,0.7060546875,0.00830078125,0.7138671875,-27.439024390243905,-69.45121951219512,-1.8902439024390245
10_41_15_856,7.0,9.0,0.0,2.0,26.0,-14.0,60.0,26.0,0.451171875,0.1923828125,0.93994140625,-3.8414634146341466,-69.63414634146342,-0.6097560975609757
10_41_15_856,-6.0,4.0,65.0,0.0,-29.0,9.0,119.0,-2.0,0.08447265625,0.18310546875,0.9130859375,30.54878048780488,-58.35365853658537,8.231707317073171
10_41_15_856,17.0,35.0,-78.0,-56.0,-67.0,18.0,127.0,26.0,0.2646484375,-0.00390625,0.9326171875,14.451219512195124,-62.25609756097562,15.914634146341465
10_41_15_856,4.0,2.0,-5.0,9.0,17.0,-3.0,-128.0,-21.0,0.5498046875,-0.01220703125,0.8720703125,-25.000000000000004,-76.21951219512196,10.24390243902439
10_41_15_856,20.0,33.0,-3.0,58.0,1.0,21.0,127.0,48.0,0.20654296875,0.2001953125,0.8037109375,-12.560975609756099,-61.463414634146346,-2.378048780487805
10_41_15_856,-112.0,-60.0,-9.0,-109.0,67.0,2.0,44.0,-128.0,0.0556640625,0.24462890625,0.8232421875,5.182926829268293,-57.43902439024391,10.914634146341465
10_41_15_856,13.0,-48.0,48.0,53.0,-1.0,-10.0,-128.0,-30.0,0.40966796875,-0.01318359375,1.017578125,1.0365853658536586,-62.31707317073171,3.9024390243902443
10_41_15_856,4.0,-7.0,-73.0,-56.0,1.0,22.0,127.0,6.0,0.38720703125,0.076171875,0.9345703125,-13.841463414634148,-69.57317073170732,5.426829268292684
10_41_15_856,32.0,19.0,-8.0,45.0,21.0,2.0,9.0,17.0,0.19775390625,0.23974609375,0.6962890625,-8.536585365853659,-60.365853658536594,-0.9146341463414634
10_41_15_908,11.0,-60.0,-12.0,-4.0,25.0,-30.0,-2.0,7.0,0.62646484375,0.01806640625,0.73046875,-12.80487804878049,-71.40243902439025,12.987804878048781
10_41_15_908,3.0,37.0,25.0,11.0,13.0,18.0,-128.0,-24.0,0.35595703125,0.14599609375,0.82470703125,4.817073170731708,-59.69512195121952,8.841463414634147
10_41_15_908,-7.0,-36.0,-43.0,-36.0,-56.0,24.0,127.0,27.0,0.32861328125,0.1357421875,0.78515625,15.54878048780488,-54.93902439024391,14.390243902439027
10_41_15_908,-14.0,33.0,25.0,-11.0,3.0,-32.0,-128.0,-40.0,0.7060546875,0.00830078125,0.7138671875,-27.439024390243905,-69.45121951219512,-1.8902439024390245
10_41_15_908,-9.0,-4.0,-47.0,47.0,59.0,35.0,127.0,-19.0,0.451171875,0.1923828125,0.93994140625,-3.8414634146341466,-69.63414634146342,-0.6097560975609757
10_41_15_908,59.0,-4.0,84.0,75.0,7.0,31.0,110.0,47.0,0.08447265625,0.18310546875,0.9130859375,30.54878048780488,-58.35365853658537,8.231707317073171
10_41_15_908,1.0,68.0,-49.0,-85.0,-67.0,7.0,-128.0,-7.0,0.2646484375,-0.00390625,0.9326171875,14.451219512195124,-62.25609756097562,15.914634146341465
10_41_15_908,57.0,106.0,9.0,26.0,55.0,48.0,127.0,-11.0,0.5498046875,-0.01220703125,0.8720703125,-25.000000000000004,-76.21951219512196,10.24390243902439
10_41_15_908,-114.0,-83.0,121.0,44.0,51.0,12.0,-30.0,96.0,0.20654296875,0.2001953125,0.8037109375,-12.560975609756099,-61.463414634146346,-2.378048780487805
10_41_15_908,60.0,-86.0,2.0,-4.0,-36.0,-3.0,89.0,4.0,0.0556640625,0.24462890625,0.8232421875,5.182926829268293,-57.43902439024391,10.914634146341465
10_41_15_957,-49.0,-43.0,-101.0,-7.0,26.0,6.0,-128.0,-21.0,0.3974609375,0.08935546875,0.8896484375,40.85365853658537,-51.15853658536586,11.28048780487805
10_41_15_957,20.0,30.0,55.0,-3.0,64.0,-1.0,-128.0,8.0,0.52685546875,-0.01123046875,0.7705078125,30.975609756097565,-57.31707317073171,17.012195121951223
10_41_15_957,4.0,25.0,93.0,-31.0,-73.0,22.0,71.0,18.0,0.62646484375,0.01806640625,0.73046875,-12.80487804878049,-71.40243902439025,12.987804878048781
10_41_15_957,-46.0,-118.0,2.0,57.0,-2.0,22.0,-18.0,-17.0,0.35595703125,0.14599609375,0.82470703125,4.817073170731708,-59.69512195121952,8.841463414634147
10_41_15_957,32.0,29.0,127.0,26.0,31.0,34.0,77.0,19.0,0.32861328125,0.1357421875,0.78515625,15.54878048780488,-54.93902439024391,14.390243902439027
10_41_15_957,-52.0,-16.0,9.0,39.0,37.0,11.0,59.0,8.0,0.7060546875,0.00830078125,0.7138671875,-27.439024390243905,-69.45121951219512,-1.8902439024390245
10_41_15_957,7.0,-52.0,-6.0,-2.0,17.0,-6.0,-9.0,-101.0,0.451171875,0.1923828125,0.93994140625,-3.8414634146341466,-69.63414634146342,-0.6097560975609757
10_41_15_957,-12.0,-18.0,-39.0,-23.0,-11.0,-24.0,-11.0,34.0,0.08447265625,0.18310546875,0.9130859375,30.54878048780488,-58.35365853658537,8.231707317073171
10_41_15_957,-4.0,-11.0,-13.0,0.0,-28.0,-27.0,-33.0,-10.0,0.2646484375,-0.00390625,0.9326171875,14.451219512195124,-62.25609756097562,15.914634146341465
10_41_15_957,-2.0,11.0,-3.0,12.0,20.0,-26.0,-19.0,-3.0,0.5498046875,-0.01220703125,0.8720703125,-25.000000000000004,-76.21951219512196,10.24390243902439
10_41_16_013,-17.0,23.0,-33.0,-18.0,37.0,10.0,36.0,-22.0,0.5986328125,-0.12890625,0.6767578125,7.682926829268293,-73.65853658536587,2.8658536585365857
10_41_16_013,16.0,5.0,95.0,33.0,22.0,5.0,8.0,3.0,0.5078125,0.14404296875,0.6064453125,-13.414634146341465,-72.13414634146342,8.292682926829269
10_41_16_013,-53.0,-4.0,-60.0,-37.0,14.0,-2.0,-2.0,-18.0,0.5107421875,0.306640625,0.8466796875,22.621951219512198,-54.63414634146342,10.182926829268293
10_41_16_013,28.0,16.0,-22.0,-30.0,21.0,-21.0,-128.0,0.0,0.3974609375,0.08935546875,0.8896484375,40.85365853658537,-51.15853658536586,11.28048780487805
10_41_16_013,-6.0,-46.0,-26.0,8.0,-28.0,4.0,47.0,10.0,0.52685546875,-0.01123046875,0.7705078125,30.975609756097565,-57.31707317073171,17.012195121951223
10_41_16_013,23.0,13.0,3.0,21.0,34.0,3.0,22.0,-16.0,0.62646484375,0.01806640625,0.73046875,-12.80487804878049,-71.40243902439025,12.987804878048781
10_41_16_013,25.0,81.0,2.0,9.0,50.0,-24.0,-111.0,12.0,0.35595703125,0.14599609375,0.82470703125,4.817073170731708,-59.69512195121952,8.841463414634147
10_41_16_013,26.0,40.0,47.0,-14.0,-31.0,-3.0,35.0,3.0,0.32861328125,0.1357421875,0.78515625,15.54878048780488,-54.93902439024391,14.390243902439027
10_41_16_013,-35.0,-79.0,-10.0,-15.0,-38.0,5.0,41.0,-9.0,0.7060546875,0.00830078125,0.7138671875,-27.439024390243905,-69.45121951219512,-1.8902439024390245
10_41_16_013,8.0,11.0,4.0,11.0,-44.0,20.0,77.0,13.0,0.451171875,0.1923828125,0.93994140625,-3.8414634146341466,-69.63414634146342,-0.6097560975609757
10_41_16_062,91.0,58.0,-61.0,19.0,-15.0,12.0,-4.0,13.0,0.59814453125,0.1357421875,0.640625,-34.390243902439025,-74.45121951219512,-1.3414634146341464
10_41_16_062,-58.0,12.0,47.0,-8.0,-106.0,11.0,127.0,9.0,0.65087890625,0.3828125,0.7314453125,8.292682926829269,-68.23170731707317,5.2439024390243905
10_41_16_062,49.0,-7.0,12.0,39.0,-35.0,41.0,127.0,-21.0,0.703125,0.09326171875,0.73583984375,33.963414634146346,-68.71951219512195,4.085365853658537
10_41_16_062,-128.0,-27.0,-50.0,-71.0,92.0,-58.0,-128.0,-20.0,0.5986328125,-0.12890625,0.6767578125,7.682926829268293,-73.65853658536587,2.8658536585365857
10_41_16_062,75.0,-23.0,13.0,15.0,-26.0,36.0,123.0,10.0,0.5078125,0.14404296875,0.6064453125,-13.414634146341465,-72.13414634146342,8.292682926829269
10_41_16_062,89.0,-8.0,2.0,37.0,-94.0,-14.0,127.0,47.0,0.5107421875,0.306640625,0.8466796875,22.621951219512198,-54.63414634146342,10.182926829268293
10_41_16_062,-62.0,25.0,40.0,21.0,-13.0,-20.0,-128.0,27.0,0.3974609375,0.08935546875,0.8896484375,40.85365853658537,-51.15853658536586,11.28048780487805
10_41_16_062,-43.0,-106.0,8.0,-29.0,-31.0,26.0,127.0,-48.0,0.52685546875,-0.01123046875,0.7705078125,30.975609756097565,-57.31707317073171,17.012195121951223
10_41_16_062,-50.0,-41.0,-6.0,-20.0,1.0,-1.0,127.0,13.0,0.62646484375,0.01806640625,0.73046875,-12.80487804878049,-71.40243902439025,12.987804878048781
10_41_16_062,4.0,-1.0,-51.0,-4.0,-59.0,-14.0,-110.0,-9.0,0.35595703125,0.14599609375,0.82470703125,4.817073170731708,-59.69512195121952,8.841463414634147
10_41_16_112,-19.0,-68.0,-51.0,-11.0,-40.0,24.0,127.0,16.0,0.84765625,0.04638671875,0.693359375,20.121951219512198,-47.743902439024396,4.146341463414634
10_41_16_112,30.0,22.0,66.0,2.0,42.0,-59.0,-128.0,-37.0,0.8369140625,-0.1748046875,0.689453125,-24.02439024390244,-65.48780487804879,-5.548780487804878
10_41_16_112,-9.0,-64.0,-128.0,-11.0,-24.0,10.0,127.0,35.0,0.59814453125,0.1357421875,0.640625,-34.390243902439025,-74.45121951219512,-1.3414634146341464
10_41_16_112,-21.0,20.0,57.0,12.0,-17.0,8.0,33.0,-11.0,0.65087890625,0.3828125,0.7314453125,8.292682926829269,-68.23170731707317,5.2439024390243905
10_41_16_112,26.0,82.0,77.0,14.0,32.0,10.0,26.0,10.0,0.703125,0.09326171875,0.73583984375,33.963414634146346,-68.71951219512195,4.085365853658537
10_41_16_112,-4.0,0.0,-1.0,14.0,-53.0,3.0,34.0,-1.0,0.5986328125,-0.12890625,0.6767578125,7.682926829268293,-73.65853658536587,2.8658536585365857
10_41_16_112,-13.0,6.0,18.0,13.0,18.0,-2.0,-80.0,-18.0,0.5078125,0.14404296875,0.6064453125,-13.414634146341465,-72.13414634146342,8.292682926829269
10_41_16_112,-19.0,21.0,1.0,-57.0,77.0,9.0,-128.0,-52.0,0.5107421875,0.306640625,0.8466796875,22.621951219512198,-54.63414634146342,10.182926829268293
10_41_16_112,91.0,58.0,-61.0,19.0,-15.0,12.0,-4.0,13.0,0.3974609375,0.08935546875,0.8896484375,40.85365853658537,-51.15853658536586,11.28048780487805
10_41_16_112,-58.0,12.0,47.0,-8.0,-106.0,11.0,127.0,9.0,0.52685546875,-0.01123046875,0.7705078125,30.975609756097565,-57.31707317073171,17.012195121951223
10_41_16_163,4.0,107.0,77.0,-9.0,-28.0,-3.0,13.0,0.0,0.77490234375,0.0185546875,0.642578125,-15.426829268292684,-31.280487804878053,0.5487804878048781
10_41_16_163,-3.0,-128.0,-119.0,-31.0,-29.0,-5.0,38.0,2.0,0.837890625,0.18798828125,0.60302734375,-18.963414634146343,-37.6829268292683,1.4634146341463417
10_41_16_163,-36.0,66.0,127.0,38.0,34.0,1.0,29.0,-15.0,0.7548828125,0.2216796875,0.6943359375,13.78048780487805,-44.146341463414636,12.073170731707318
10_41_16_163,45.0,24.0,-86.0,-29.0,-45.0,6.0,127.0,20.0,0.84765625,0.04638671875,0.693359375,20.121951219512198,-47.743902439024396,4.146341463414634
10_41_16_163,-52.0,-75.0,13.0,1.0,13.0,-17.0,-128.0,-46.0,0.8369140625,-0.1748046875,0.689453125,-24.02439024390244,-65.48780487804879,-5.548780487804878
10_41_16_163,10.0,14.0,4.0,-4.0,3.0,-22.0,127.0,40.0,0.59814453125,0.1357421875,0.640625,-34.390243902439025,-74.45121951219512,-1.3414634146341464
10_41_16_163,-102.0,-18.0,0.0,-12.0,1.0,-10.0,-76.0,-128.0,0.65087890625,0.3828125,0.7314453125,8.292682926829269,-68.23170731707317,5.2439024390243905
10_41_16_163,48.0,44.0,42.0,18.0,3.0,16.0,38.0,31.0,0.703125,0.09326171875,0.73583984375,33.963414634146346,-68.71951219512195,4.085365853658537
10_41_16_163,0.0,-26.0,-37.0,18.0,-13.0,5.0,-59.0,-5.0,0.5986328125,-0.12890625,0.6767578125,7.682926829268293,-73.65853658536587,2.8658536585365857
10_41_16_163,-5.0,-9.0,-50.0,-33.0,-15.0,16.0,48.0,-13.0,0.5078125,0.14404296875,0.6064453125,-13.414634146341465,-72.13414634146342,8.292682926829269
10_41_16_211,22.0,54.0,1.0,9.0,-31.0,11.0,107.0,23.0,0.755859375,0.19189453125,0.6787109375,13.475609756097562,-31.58536585365854,12.256097560975611
10_41_16_211,10.0,-101.0,-61.0,-8.0,33.0,-4.0,127.0,1.0,0.68310546875,-0.00537109375,0.77099609375,6.585365853658537,-31.82926829268293,10.487804878048781
10_41_16_211,15.0,67.0,127.0,82.0,-65.0,27.0,73.0,6.0,0.77490234375,0.0185546875,0.642578125,-15.426829268292684,-31.280487804878053,0.5487804878048781
10_41_16_211,42.0,2.0,-30.0,-14.0,70.0,-45.0,-128.0,-12.0,0.837890625,0.18798828125,0.60302734375,-18.963414634146343,-37.6829268292683,1.4634146341463417
10_41_16_211,7.0,-36.0,29.0,57.0,-20.0,34.0,104.0,26.0,0.7548828125,0.2216796875,0.6943359375,13.78048780487805,-44.146341463414636,12.073170731707318
10_41_16_211,-69.0,27.0,-9.0,-50.0,42.0,8.0,-21.0,-108.0,0.84765625,0.04638671875,0.693359375,20.121951219512198,-47.743902439024396,4.146341463414634
10_41_16_211,3.0,-6.0,37.0,-7.0,-32.0,9.0,-84.0,-11.0,0.8369140625,-0.1748046875,0.689453125,-24.02439024390244,-65.48780487804879,-5.548780487804878
10_41_16_211,23.0,-2.0,-36.0,6.0,-2.0,-9.0,37.0,-15.0,0.59814453125,0.1357421875,0.640625,-34.390243902439025,-74.45121951219512,-1.3414634146341464
10_41_16_211,-46.0,-128.0,-1.0,23.0,16.0,-14.0,-25.0,-14.0,0.65087890625,0.3828125,0.7314453125,8.292682926829269,-68.23170731707317,5.2439024390243905
10_41_16_211,-40.0,5.0,-13.0,8.0,-14.0,-1.0,-7.0,2.0,0.703125,0.09326171875,0.73583984375,33.963414634146346,-68.71951219512195,4.085365853658537
10_41_16_261,-13.0,127.0,35.0,-37.0,-38.0,-1.0,39.0,-3.0,0.755859375,0.01416015625,0.58642578125,-20.0609756097561,-33.29268292682927,3.780487804878049
10_41_16_261,-35.0,-128.0,20.0,-2.0,20.0,9.0,48.0,-5.0,0.8369140625,0.244140625,0.52392578125,-11.890243902439025,-27.80487804878049,0.06097560975609757
10_41_16_261,23.0,38.0,-4.0,-5.0,27.0,-1.0,-7.0,15.0,0.755859375,0.19189453125,0.6787109375,13.475609756097562,-31.58536585365854,12.256097560975611
10_41_16_261,-36.0,-80.0,0.0,2.0,-28.0,4.0,-20.0,35.0,0.68310546875,-0.00537109375,0.77099609375,6.585365853658537,-31.82926829268293,10.487804878048781
10_41_16_261,16.0,-1.0,-42.0,-29.0,-9.0,7.0,-63.0,-16.0,0.77490234375,0.0185546875,0.642578125,-15.426829268292684,-31.280487804878053,0.5487804878048781
10_41_16_261,-38.0,-12.0,-1.0,2.0,51.0,-23.0,-128.0,-35.0,0.837890625,0.18798828125,0.60302734375,-18.963414634146343,-37.6829268292683,1.4634146341463417
10_41_16_261,7.0,-4.0,-23.0,5.0,-32.0,-4.0,79.0,18.0,0.7548828125,0.2216796875,0.6943359375,13.78048780487805,-44.146341463414636,12.073170731707318
10_41_16_261,6.0,4.0,-25.0,-3.0,-13.0,-5.0,-76.0,-7.0,0.84765625,0.04638671875,0.693359375,20.121951219512198,-47.743902439024396,4.146341463414634
10_41_16_261,22.0,54.0,1.0,9.0,-31.0,11.0,107.0,23.0,0.8369140625,-0.1748046875,0.689453125,-24.02439024390244,-65.48780487804879,-5.548780487804878
10_41_16_261,10.0,-101.0,-61.0,-8.0,33.0,-4.0,127.0,1.0,0.59814453125,0.1357421875,0.640625,-34.390243902439025,-74.45121951219512,-1.3414634146341464
10_41_16_312,-34.0,-14.0,-46.0,-52.0,8.0,-19.0,-34.0,-30.0,0.8671875,0.16943359375,0.52197265625,0.5487804878048781,-35.30487804878049,1.707317073170732
10_41_16_312,-33.0,66.0,0.0,-19.0,-17.0,-22.0,-128.0,4.0,0.779296875,0.1044921875,0.6357421875,3.231707317073171,-34.451219512195124,3.536585365853659
10_41_16_312,22.0,-58.0,28.0,50.0,-5.0,10.0,127.0,-34.0,0.755859375,0.01416015625,0.58642578125,-20.0609756097561,-33.29268292682927,3.780487804878049
10_41_16_312,-52.0,17.0,-19.0,-45.0,7.0,0.0,-128.0,1.0,0.8369140625,0.244140625,0.52392578125,-11.890243902439025,-27.80487804878049,0.06097560975609757
10_41_16_312,3.0,-109.0,-16.0,34.0,-22.0,14.0,19.0,-4.0,0.755859375,0.19189453125,0.6787109375,13.475609756097562,-31.58536585365854,12.256097560975611
10_41_16_312,18.0,117.0,33.0,73.0,57.0,7.0,-27.0,-13.0,0.68310546875,-0.00537109375,0.77099609375,6.585365853658537,-31.82926829268293,10.487804878048781
10_41_16_312,-13.0,127.0,35.0,-37.0,-38.0,-1.0,39.0,-3.0,0.77490234375,0.0185546875,0.642578125,-15.426829268292684,-31.280487804878053,0.5487804878048781
10_41_16_312,-35.0,-128.0,20.0,-2.0,20.0,9.0,48.0,-5.0,0.837890625,0.18798828125,0.60302734375,-18.963414634146343,-37.6829268292683,1.4634146341463417
10_41_16_312,23.0,38.0,-4.0,-5.0,27.0,-1.0,-7.0,15.0,0.7548828125,0.2216796875,0.6943359375,13.78048780487805,-44.146341463414636,12.073170731707318
10_41_16_312,-36.0,-80.0,0.0,2.0,-28.0,4.0,-20.0,35.0,0.84765625,0.04638671875,0.693359375,20.121951219512198,-47.743902439024396,4.146341463414634
10_41_16_367,56.0,-2.0,-49.0,-39.0,5.0,27.0,127.0,-8.0,0.927734375,0.01904296875,0.611328125,1.0975609756097562,-18.719512195121954,5.060975609756098
10_41_16_367,6.0,82.0,68.0,29.0,79.0,-2.0,-8.0,-26.0,0.71435546875,-0.0283203125,0.5439453125,-9.756097560975611,-23.10975609756098,3.048780487804878
10_41_16_367,3.0,-10.0,-4.0,-51.0,-14.0,0.0,-114.0,1.0,0.96728515625,0.0263671875,0.4619140625,-20.182926829268293,-24.390243902439025,-3.4756097560975614
10_41_16_367,-57.0,-11.0,35.0,-26.0,-51.0,2.0,51.0,-12.0,0.8671875,0.16943359375,0.52197265625,0.5487804878048781,-35.30487804878049,1.707317073170732
10_41_16_367,-54.0,6.0,-31.0,-6.0,41.0,-6.0,-36.0,-18.0,0.779296875,0.1044921875,0.6357421875,3.231707317073171,-34.451219512195124,3.536585365853659
10_41_16_367,8.0,27.0,2.0,127.0,35.0,7.0,101.0,-1.0,0.755859375,0.01416015625,0.58642578125,-20.0609756097561,-33.29268292682927,3.780487804878049
10_41_16_367,-8.0,2.0,-45.0,-128.0,-55.0,4.0,56.0,3.0,0.8369140625,0.244140625,0.52392578125,-11.890243902439025,-27.80487804878049,0.06097560975609757
10_41_16_367,-6.0,-15.0,-31.0,-3.0,7.0,-24.0,-128.0,-5.0,0.755859375,0.19189453125,0.6787109375,13.475609756097562,-31.58536585365854,12.256097560975611
10_41_16_367,-4.0,16.0,-8.0,35.0,-68.0,21.0,54.0,34.0,0.68310546875,-0.00537109375,0.77099609375,6.585365853658537,-31.82926829268293,10.487804878048781
10_41_16_367,-10.0,30.0,-10.0,-43.0,52.0,0.0,27.0,7.0,0.77490234375,0.0185546875,0.642578125,-15.426829268292684,-31.280487804878053,0.5487804878048781
10_41_16_414,-12.0,-128.0,-54.0,3.0,28.0,4.0,22.0,-58.0,0.7353515625,0.05908203125,0.6171875,-5.731707317073171,-12.317073170731708,3.7195121951219514
10_41_16_414,-11.0,63.0,-6.0,7.0,-23.0,-15.0,-128.0,3.0,0.7548828125,0.05615234375,0.58203125,-17.865853658536587,-14.329268292682928,-0.7926829268292683
10_41_16_414,0.0,-14.0,-38.0,-12.0,45.0,10.0,127.0,6.0,0.78564453125,0.15478515625,0.578125,0.0,-11.585365853658537,3.658536585365854
10_41_16_414,-7.0,63.0,127.0,54.0,-39.0,13.0,94.0,0.0,0.927734375,0.01904296875,0.611328125,1.0975609756097562,-18.719512195121954,5.060975609756098
10_41_16_414,-19.0,-74.0,-55.0,-4.0,28.0,-37.0,-128.0,-24.0,0.71435546875,-0.0283203125,0.5439453125,-9.756097560975611,-23.10975609756098,3.048780487804878
10_41_16_414,12.0,-97.0,-13.0,-19.0,43.0,-3.0,93.0,-18.0,0.96728515625,0.0263671875,0.4619140625,-20.182926829268293,-24.390243902439025,-3.4756097560975614
10_41_16_414,3.0,35.0,35.0,52.0,38.0,2.0,25.0,22.0,0.8671875,0.16943359375,0.52197265625,0.5487804878048781,-35.30487804878049,1.707317073170732
10_41_16_414,-12.0,-105.0,-42.0,-52.0,-33.0,8.0,49.0,3.0,0.779296875,0.1044921875,0.6357421875,3.231707317073171,-34.451219512195124,3.536585365853659
10_41_16_414,28.0,62.0,22.0,19.0,27.0,2.0,49.0,-14.0,0.755859375,0.01416015625,0.58642578125,-20.0609756097561,-33.29268292682927,3.780487804878049
10_41_16_414,-7.0,12.0,-24.0,-10.0,8.0,10.0,-97.0,-10.0,0.8369140625,0.244140625,0.52392578125,-11.890243902439025,-27.80487804878049,0.06097560975609757
10_41_16_477,-28.0,-45.0,-3.0,-33.0,4.0,-18.0,-45.0,18.0,0.7734375,0.1240234375,0.60009765625,3.5975609756097566,-13.963414634146343,0.1829268292682927
10_41_16_477,46.0,-29.0,4.0,27.0,7.0,13.0,25.0,56.0,0.74755859375,0.15185546875,0.59375,8.902439024390244,-11.036585365853659,3.231707317073171
10_41_16_477,-28.0,7.0,3.0,-6.0,26.0,-7.0,-25.0,8.0,0.7353515625,0.05908203125,0.6171875,-5.731707317073171,-12.317073170731708,3.7195121951219514
10_41_16_477,20.0,17.0,-18.0,-22.0,-6.0,-6.0,-56.0,-18.0,0.7548828125,0.05615234375,0.58203125,-17.865853658536587,-14.329268292682928,-0.7926829268292683
10_41_16_477,-39.0,-4.0,1.0,18.0,-6.0,6.0,14.0,9.0,0.78564453125,0.15478515625,0.578125,0.0,-11.585365853658537,3.658536585365854
10_41_16_477,-4.0,-1.0,-26.0,9.0,-48.0,10.0,12.0,9.0,0.927734375,0.01904296875,0.611328125,1.0975609756097562,-18.719512195121954,5.060975609756098
10_41_16_477,13.0,10.0,-20.0,-13.0,26.0,4.0,39.0,-26.0,0.71435546875,-0.0283203125,0.5439453125,-9.756097560975611,-23.10975609756098,3.048780487804878
10_41_16_477,-63.0,9.0,-35.0,-12.0,25.0,-19.0,-106.0,-88.0,0.96728515625,0.0263671875,0.4619140625,-20.182926829268293,-24.390243902439025,-3.4756097560975614
10_41_16_477,23.0,78.0,38.0,-26.0,-22.0,-8.0,-84.0,6.0,0.8671875,0.16943359375,0.52197265625,0.5487804878048781,-35.30487804878049,1.707317073170732
10_41_16_477,-36.0,2.0,-33.0,1.0,-19.0,9.0,83.0,16.0,0.779296875,0.1044921875,0.6357421875,3.231707317073171,-34.451219512195124,3.536585365853659
10_41_16_526,-22.0,63.0,43.0,36.0,75.0,-12.0,-52.0,21.0,0.83251953125,0.0947265625,0.51904296875,13.353658536585368,-12.378048780487806,0.12195121951219513
10_41_16_526,39.0,-35.0,22.0,-28.0,-38.0,9.0,8.0,9.0,0.75927734375,0.04638671875,0.57666015625,13.597560975609758,-13.963414634146343,3.9024390243902443
10_41_16_526,47.0,-25.0,-65.0,-19.0,-37.0,18.0,127.0,8.0,0.7587890625,0.05517578125,0.607421875,3.353658536585366,-15.975609756097562,3.963414634146342
10_41_16_526,-21.0,86.0,9.0,10.0,20.0,-27.0,-128.0,22.0,0.7734375,0.1240234375,0.60009765625,3.5975609756097566,-13.963414634146343,0.1829268292682927
10_41_16_526,9.0,-94.0,-39.0,-27.0,20.0,10.0,-5.0,-53.0,0.74755859375,0.15185546875,0.59375,8.902439024390244,-11.036585365853659,3.231707317073171
10_41_16_526,21.0,57.0,25.0,3.0,37.0,-9.0,3.0,-21.0,0.7353515625,0.05908203125,0.6171875,-5.731707317073171,-12.317073170731708,3.7195121951219514
10_41_16_526,7.0,-11.0,3.0,33.0,-29.0,12.0,61.0,-6.0,0.7548828125,0.05615234375,0.58203125,-17.865853658536587,-14.329268292682928,-0.7926829268292683
10_41_16_526,1.0,-31.0,-42.0,-4.0,-5.0,-7.0,4.0,6.0,0.78564453125,0.15478515625,0.578125,0.0,-11.585365853658537,3.658536585365854
10_41_16_526,-7.0,-12.0,11.0,-6.0,42.0,-9.0,-79.0,12.0,0.927734375,0.01904296875,0.611328125,1.0975609756097562,-18.719512195121954,5.060975609756098
10_41_16_526,16.0,10.0,-11.0,39.0,-52.0,13.0,80.0,17.0,0.71435546875,-0.0283203125,0.5439453125,-9.756097560975611,-23.10975609756098,3.048780487804878
10_41_16_583,-22.0,28.0,2.0,22.0,23.0,5.0,-62.0,5.0,0.775390625,-0.05810546875,0.4814453125,-4.207317073170732,-11.28048780487805,1.402439024390244
10_41_16_583,-4.0,13.0,6.0,-11.0,-15.0,19.0,117.0,-45.0,0.86279296875,0.04296875,0.48974609375,0.24390243902439027,-10.548780487804878,-2.073170731707317
10_41_16_583,3.0,11.0,36.0,-6.0,8.0,3.0,71.0,-14.0,0.83251953125,0.0947265625,0.51904296875,13.353658536585368,-12.378048780487806,0.12195121951219513
10_41_16_583,17.0,41.0,0.0,-2.0,-17.0,-26.0,-128.0,2.0,0.75927734375,0.04638671875,0.57666015625,13.597560975609758,-13.963414634146343,3.9024390243902443
10_41_16_583,-17.0,-40.0,-27.0,-3.0,-10.0,-4.0,72.0,-31.0,0.7587890625,0.05517578125,0.607421875,3.353658536585366,-15.975609756097562,3.963414634146342
10_41_16_583,10.0,14.0,9.0,2.0,-22.0,11.0,4.0,5.0,0.7734375,0.1240234375,0.60009765625,3.5975609756097566,-13.963414634146343,0.1829268292682927
10_41_16_583,3.0,-2.0,17.0,-5.0,27.0,-3.0,22.0,-3.0,0.74755859375,0.15185546875,0.59375,8.902439024390244,-11.036585365853659,3.231707317073171
10_41_16_583,-2.0,-11.0,-21.0,-12.0,-4.0,7.0,85.0,7.0,0.7353515625,0.05908203125,0.6171875,-5.731707317073171,-12.317073170731708,3.7195121951219514
10_41_16_583,10.0,3.0,7.0,10.0,-52.0,13.0,127.0,21.0,0.7548828125,0.05615234375,0.58203125,-17.865853658536587,-14.329268292682928,-0.7926829268292683
10_41_16_583,3.0,62.0,-14.0,2.0,17.0,-21.0,-128.0,0.0,0.78564453125,0.15478515625,0.578125,0.0,-11.585365853658537,3.658536585365854
10_41_16_623,-6.0,-7.0,-17.0,26.0,7.0,4.0,-6.0,-3.0,0.8095703125,0.1396484375,0.4287109375,-2.1341463414634148,-9.146341463414634,1.7682926829268295
10_41_16_623,4.0,1.0,-41.0,-20.0,-42.0,6.0,30.0,13.0,0.8798828125,0.1201171875,0.50390625,6.585365853658537,-12.560975609756099,0.6097560975609757
10_41_16_623,34.0,-8.0,20.0,21.0,5.0,5.0,70.0,10.0,0.775390625,-0.05810546875,0.4814453125,-4.207317073170732,-11.28048780487805,1.402439024390244
10_41_16_623,36.0,46.0,5.0,5.0,-83.0,21.0,91.0,1.0,0.86279296875,0.04296875,0.48974609375,0.24390243902439027,-10.548780487804878,-2.073170731707317
10_41_16_623,-15.0,-7.0,4.0,-19.0,62.0,-35.0,127.0,-7.0,0.83251953125,0.0947265625,0.51904296875,13.353658536585368,-12.378048780487806,0.12195121951219513
10_41_16_623,-8.0,-13.0,22.0,16.0,-54.0,8.0,71.0,28.0,0.75927734375,0.04638671875,0.57666015625,13.597560975609758,-13.963414634146343,3.9024390243902443
10_41_16_623,15.0,16.0,-3.0,28.0,-3.0,19.0,127.0,8.0,0.7587890625,0.05517578125,0.607421875,3.353658536585366,-15.975609756097562,3.963414634146342
10_41_16_623,-46.0,49.0,-1.0,20.0,-3.0,-18.0,-128.0,-2.0,0.7734375,0.1240234375,0.60009765625,3.5975609756097566,-13.963414634146343,0.1829268292682927
10_41_16_623,3.0,-52.0,-8.0,3.0,-51.0,15.0,126.0,12.0,0.74755859375,0.15185546875,0.59375,8.902439024390244,-11.036585365853659,3.231707317073171
10_41_16_623,19.0,29.0,70.0,15.0,27.0,-9.0,-128.0,16.0,0.7353515625,0.05908203125,0.6171875,-5.731707317073171,-12.317073170731708,3.7195121951219514
10_41_16_680,36.0,-23.0,-22.0,-12.0,-26.0,1.0,103.0,2.0,0.83544921875,0.0400390625,0.5498046875,2.682926829268293,-17.073170731707318,-0.426829268292683
10_41_16_680,-12.0,4.0,8.0,11.0,6.0,-3.0,-54.0,-14.0,0.7626953125,0.05419921875,0.4814453125,-4.390243902439025,-14.26829268292683,0.6707317073170732
10_41_16_680,-19.0,-24.0,20.0,-2.0,-22.0,1.0,10.0,-1.0,0.8095703125,0.1396484375,0.4287109375,-2.1341463414634148,-9.146341463414634,1.7682926829268295
10_41_16_680,7.0,3.0,-24.0,-17.0,-6.0,-23.0,-36.0,12.0,0.8798828125,0.1201171875,0.50390625,6.585365853658537,-12.560975609756099,0.6097560975609757
10_41_16_680,11.0,-5.0,1.0,-9.0,11.0,-4.0,-48.0,-16.0,0.775390625,-0.05810546875,0.4814453125,-4.207317073170732,-11.28048780487805,1.402439024390244
10_41_16_680,5.0,34.0,-21.0,15.0,17.0,-3.0,-13.0,-13.0,0.86279296875,0.04296875,0.48974609375,0.24390243902439027,-10.548780487804878,-2.073170731707317
10_41_16_680,-9.0,-128.0,30.0,0.0,-5.0,10.0,-18.0,1.0,0.83251953125,0.0947265625,0.51904296875,13.353658536585368,-12.378048780487806,0.12195121951219513
10_41_16_680,21.0,110.0,42.0,0.0,0.0,13.0,-17.0,46.0,0.75927734375,0.04638671875,0.57666015625,13.597560975609758,-13.963414634146343,3.9024390243902443
10_41_16_680,-19.0,-22.0,31.0,82.0,1.0,7.0,53.0,-13.0,0.7587890625,0.05517578125,0.607421875,3.353658536585366,-15.975609756097562,3.963414634146342
10_41_16_680,32.0,-13.0,-8.0,-47.0,-12.0,0.0,84.0,33.0,0.7734375,0.1240234375,0.60009765625,3.5975609756097566,-13.963414634146343,0.1829268292682927
10_41_16_716,17.0,-24.0,17.0,-34.0,-4.0,-33.0,-50.0,-83.0,0.9072265625,0.14208984375,0.46923828125,-3.9024390243902443,-18.414634146341466,1.2804878048780488
10_41_16_716,-7.0,7.0,25.0,12.0,-7.0,14.0,127.0,30.0,0.8662109375,0.12841796875,0.45751953125,-1.524390243902439,-21.219512195121954,-1.8902439024390245
10_41_16_716,2.0,0.0,-52.0,-25.0,-10.0,-20.0,-128.0,4.0,0.8095703125,0.09033203125,0.431640625,-9.085365853658537,-22.195121951219512,-0.7317073170731708
10_41_16_716,-37.0,10.0,26.0,19.0,9.0,10.0,127.0,2.0,0.83544921875,0.0400390625,0.5498046875,2.682926829268293,-17.073170731707318,-0.426829268292683
10_41_16_716,-19.0,-16.0,-22.0,-31.0,-44.0,-9.0,-15.0,2.0,0.7626953125,0.05419921875,0.4814453125,-4.390243902439025,-14.26829268292683,0.6707317073170732
10_41_16_716,17.0,15.0,4.0,18.0,5.0,1.0,-46.0,4.0,0.8095703125,0.1396484375,0.4287109375,-2.1341463414634148,-9.146341463414634,1.7682926829268295
10_41_16_716,15.0,-6.0,-17.0,32.0,2.0,16.0,118.0,34.0,0.8798828125,0.1201171875,0.50390625,6.585365853658537,-12.560975609756099,0.6097560975609757
10_41_16_716,-7.0,118.0,9.0,19.0,-14.0,12.0,40.0,-33.0,0.775390625,-0.05810546875,0.4814453125,-4.207317073170732,-11.28048780487805,1.402439024390244
10_41_16_716,5.0,-128.0,24.0,-90.0,30.0,-3.0,32.0,26.0,0.86279296875,0.04296875,0.48974609375,0.24390243902439027,-10.548780487804878,-2.073170731707317
10_41_16_716,-67.0,11.0,1.0,-7.0,23.0,-19.0,-49.0,-18.0,0.83251953125,0.0947265625,0.51904296875,13.353658536585368,-12.378048780487806,0.12195121951219513
10_41_16_765,10.0,16.0,-2.0,-8.0,25.0,3.0,22.0,0.0,0.82080078125,-0.04052734375,0.4765625,-1.402439024390244,-17.073170731707318,0.5487804878048781
10_41_16_765,-4.0,0.0,-24.0,-38.0,-6.0,-6.0,-34.0,7.0,0.87158203125,0.05322265625,0.50634765625,-4.573170731707317,-16.585365853658537,0.5487804878048781
10_41_16_765,-10.0,-42.0,-47.0,27.0,-5.0,-4.0,28.0,-12.0,0.9072265625,0.14208984375,0.46923828125,-3.9024390243902443,-18.414634146341466,1.2804878048780488
10_41_16_765,16.0,45.0,21.0,8.0,-43.0,6.0,-35.0,1.0,0.8662109375,0.12841796875,0.45751953125,-1.524390243902439,-21.219512195121954,-1.8902439024390245
10_41_16_765,25.0,55.0,15.0,-30.0,10.0,22.0,127.0,55.0,0.8095703125,0.09033203125,0.431640625,-9.085365853658537,-22.195121951219512,-0.7317073170731708
10_41_16_765,-41.0,-44.0,-13.0,52.0,1.0,3.0,125.0,9.0,0.83544921875,0.0400390625,0.5498046875,2.682926829268293,-17.073170731707318,-0.426829268292683
10_41_16_765,17.0,-24.0,17.0,-34.0,-4.0,-33.0,-50.0,-83.0,0.7626953125,0.05419921875,0.4814453125,-4.390243902439025,-14.26829268292683,0.6707317073170732
10_41_16_765,-7.0,7.0,25.0,12.0,-7.0,14.0,127.0,30.0,0.8095703125,0.1396484375,0.4287109375,-2.1341463414634148,-9.146341463414634,1.7682926829268295
10_41_16_765,2.0,0.0,-52.0,-25.0,-10.0,-20.0,-128.0,4.0,0.8798828125,0.1201171875,0.50390625,6.585365853658537,-12.560975609756099,0.6097560975609757
10_41_16_765,-37.0,10.0,26.0,19.0,9.0,10.0,127.0,2.0,0.775390625,-0.05810546875,0.4814453125,-4.207317073170732,-11.28048780487805,1.402439024390244
10_41_16_818,-32.0,-57.0,-47.0,-71.0,-24.0,-13.0,-83.0,45.0,0.84814453125,0.08935546875,0.412109375,-7.500000000000001,-11.036585365853659,2.073170731707317
10_41_16_818,24.0,5.0,23.0,-59.0,-32.0,16.0,-15.0,8.0,0.88330078125,0.0771484375,0.4072265625,3.9024390243902443,-14.207317073170733,3.353658536585366
10_41_16_818,7.0,68.0,40.0,119.0,63.0,4.0,52.0,-17.0,0.82080078125,-0.04052734375,0.4765625,-1.402439024390244,-17.073170731707318,0.5487804878048781
10_41_16_818,0.0,-8.0,-5.0,-5.0,2.0,-8.0,-28.0,5.0,0.87158203125,0.05322265625,0.50634765625,-4.573170731707317,-16.585365853658537,0.5487804878048781
10_41_16_818,7.0,11.0,-10.0,-128.0,-39.0,9.0,93.0,16.0,0.9072265625,0.14208984375,0.46923828125,-3.9024390243902443,-18.414634146341466,1.2804878048780488
10_41_16_818,20.0,26.0,-3.0,-23.0,3.0,-4.0,2.0,10.0,0.8662109375,0.12841796875,0.45751953125,-1.524390243902439,-21.219512195121954,-1.8902439024390245
10_41_16_818,-3.0,-37.0,7.0,17.0,-46.0,-18.0,-64.0,-16.0,0.8095703125,0.09033203125,0.431640625,-9.085365853658537,-22.195121951219512,-0.7317073170731708
10_41_16_818,-2.0,2.0,-11.0,30.0,-77.0,12.0,127.0,15.0,0.83544921875,0.0400390625,0.5498046875,2.682926829268293,-17.073170731707318,-0.426829268292683
10_41_16_818,1.0,105.0,-4.0,-19.0,22.0,10.0,-73.0,17.0,0.7626953125,0.05419921875,0.4814453125,-4.390243902439025,-14.26829268292683,0.6707317073170732
10_41_16_818,46.0,-6.0,24.0,-10.0,21.0,-3.0,5.0,9.0,0.8095703125,0.1396484375,0.4287109375,-2.1341463414634148,-9.146341463414634,1.7682926829268295
10_41_16_872,-3.0,-23.0,-9.0,-2.0,24.0,-7.0,-110.0,-7.0,0.85791015625,0.0693359375,0.404296875,-27.987804878048784,-6.463414634146342,-10.060975609756099
10_41_16_872,-10.0,9.0,-1.0,14.0,-14.0,-6.0,-9.0,-4.0,0.7509765625,0.16845703125,0.53564453125,-2.5609756097560976,-6.707317073170732,1.0975609756097562
10_41_16_872,2.0,-8.0,-33.0,3.0,-13.0,3.0,19.0,-1.0,0.85595703125,0.03173828125,0.5390625,-7.195121951219513,-10.365853658536587,3.1097560975609757
10_41_16_872,3.0,-10.0,6.0,9.0,22.0,3.0,11.0,-7.0,0.84814453125,0.08935546875,0.412109375,-7.500000000000001,-11.036585365853659,2.073170731707317
10_41_16_872,-12.0,-17.0,37.0,38.0,-6.0,-6.0,-9.0,1.0,0.88330078125,0.0771484375,0.4072265625,3.9024390243902443,-14.207317073170733,3.353658536585366
10_41_16_872,27.0,6.0,-41.0,-4.0,-9.0,4.0,-3.0,5.0,0.82080078125,-0.04052734375,0.4765625,-1.402439024390244,-17.073170731707318,0.5487804878048781
10_41_16_872,-43.0,27.0,84.0,5.0,16.0,1.0,-88.0,3.0,0.87158203125,0.05322265625,0.50634765625,-4.573170731707317,-16.585365853658537,0.5487804878048781
10_41_16_872,-14.0,1.0,-9.0,-4.0,-9.0,1.0,59.0,12.0,0.9072265625,0.14208984375,0.46923828125,-3.9024390243902443,-18.414634146341466,1.2804878048780488
10_41_16_872,-9.0,-18.0,10.0,-32.0,-32.0,3.0,39.0,-11.0,0.8662109375,0.12841796875,0.45751953125,-1.524390243902439,-21.219512195121954,-1.8902439024390245
10_41_16_872,-34.0,-15.0,-7.0,-60.0,-17.0,3.0,-128.0,-9.0,0.8095703125,0.09033203125,0.431640625,-9.085365853658537,-22.195121951219512,-0.7317073170731708
10_41_16_920,-3.0,-6.0,-20.0,-24.0,-52.0,7.0,-14.0,-14.0,0.8583984375,0.03857421875,0.40869140625,4.085365853658537,-9.085365853658537,1.0975609756097562
10_41_16_920,-5.0,41.0,-10.0,8.0,15.0,7.0,85.0,2.0,0.91259765625,-0.01806640625,0.44287109375,-1.8902439024390245,-8.719512195121952,-0.6707317073170732
10_41_16_920,18.0,42.0,-40.0,13.0,-37.0,-3.0,49.0,-7.0,0.9375,0.0576171875,0.447265625,-15.609756097560977,-9.695121951219512,0.7317073170731708
10_41_16_920,-5.0,24.0,72.0,13.0,2.0,-4.0,47.0,17.0,0.85791015625,0.0693359375,0.404296875,-27.987804878048784,-6.463414634146342,-10.060975609756099
10_41_16_920,12.0,12.0,5.0,-1.0,-31.0,3.0,16.0,36.0,0.7509765625,0.16845703125,0.53564453125,-2.5609756097560976,-6.707317073170732,1.0975609756097562
10_41_16_920,-22.0,16.0,-10.0,-13.0,0.0,-2.0,-58.0,23.0,0.85595703125,0.03173828125,0.5390625,-7.195121951219513,-10.365853658536587,3.1097560975609757
10_41_16_920,3.0,7.0,-2.0,-10.0,-27.0,-5.0,6.0,-44.0,0.84814453125,0.08935546875,0.412109375,-7.500000000000001,-11.036585365853659,2.073170731707317
10_41_16_920,12.0,39.0,3.0,4.0,-25.0,6.0,34.0,11.0,0.88330078125,0.0771484375,0.4072265625,3.9024390243902443,-14.207317073170733,3.353658536585366
10_41_16_920,19.0,-10.0,3.0,11.0,0.0,3.0,17.0,-18.0,0.82080078125,-0.04052734375,0.4765625,-1.402439024390244,-17.073170731707318,0.5487804878048781
10_41_16_920,-28.0,-6.0,-7.0,-19.0,23.0,-7.0,9.0,7.0,0.87158203125,0.05322265625,0.50634765625,-4.573170731707317,-16.585365853658537,0.5487804878048781
10_41_16_974,-19.0,1.0,8.0,-5.0,-14.0,-1.0,39.0,5.0,0.798828125,-0.01171875,0.50146484375,-12.195121951219512,-13.475609756097562,-5.182926829268293
10_41_16_974,33.0,10.0,5.0,5.0,-10.0,9.0,47.0,4.0,0.7978515625,0.1083984375,0.39404296875,-9.695121951219512,-12.378048780487806,-5.670731707317073
10_41_16_974,-33.0,-17.0,7.0,-4.0,-46.0,4.0,-18.0,-19.0,0.8583984375,0.03857421875,0.40869140625,4.085365853658537,-9.085365853658537,1.0975609756097562
10_41_16_974,13.0,38.0,19.0,-2.0,49.0,-20.0,36.0,0.0,0.91259765625,-0.01806640625,0.44287109375,-1.8902439024390245,-8.719512195121952,-0.6707317073170732
10_41_16_974,3.0,35.0,-10.0,32.0,-40.0,11.0,40.0,14.0,0.9375,0.0576171875,0.447265625,-15.609756097560977,-9.695121951219512,0.7317073170731708
10_41_16_974,-9.0,-89.0,-9.0,-7.0,6.0,-7.0,45.0,-4.0,0.85791015625,0.0693359375,0.404296875,-27.987804878048784,-6.463414634146342,-10.060975609756099
10_41_16_974,-3.0,-6.0,-20.0,-24.0,-52.0,7.0,-14.0,-14.0,0.7509765625,0.16845703125,0.53564453125,-2.5609756097560976,-6.707317073170732,1.0975609756097562
10_41_16_974,-5.0,41.0,-10.0,8.0,15.0,7.0,85.0,2.0,0.85595703125,0.03173828125,0.5390625,-7.195121951219513,-10.365853658536587,3.1097560975609757
10_41_16_974,18.0,42.0,-40.0,13.0,-37.0,-3.0,49.0,-7.0,0.84814453125,0.08935546875,0.412109375,-7.500000000000001,-11.036585365853659,2.073170731707317
10_41_16_974,-5.0,24.0,72.0,13.0,2.0,-4.0,47.0,17.0,0.88330078125,0.0771484375,0.4072265625,3.9024390243902443,-14.207317073170733,3.353658536585366
10_41_17_026,11.0,10.0,-14.0,10.0,-11.0,11.0,40.0,3.0,0.82568359375,0.076171875,0.4599609375,-19.939024390243905,-16.951219512195124,-8.353658536585366
10_41_17_026,-2.0,2.0,6.0,7.0,10.0,0.0,-21.0,-1.0,0.7763671875,0.04150390625,0.52099609375,-12.01219512195122,-14.756097560975611,-9.329268292682928
10_41_17_026,4.0,-32.0,1.0,-6.0,-10.0,-8.0,-42.0,3.0,0.798828125,-0.01171875,0.50146484375,-12.195121951219512,-13.475609756097562,-5.182926829268293
10_41_17_026,3.0,-2.0,-9.0,-13.0,-1.0,-37.0,-11.0,-3.0,0.7978515625,0.1083984375,0.39404296875,-9.695121951219512,-12.378048780487806,-5.670731707317073
10_41_17_026,-9.0,-8.0,-15.0,-15.0,-5.0,10.0,-62.0,-2.0,0.8583984375,0.03857421875,0.40869140625,4.085365853658537,-9.085365853658537,1.0975609756097562
10_41_17_026,10.0,26.0,-6.0,13.0,-13.0,2.0,35.0,-8.0,0.91259765625,-0.01806640625,0.44287109375,-1.8902439024390245,-8.719512195121952,-0.6707317073170732
10_41_17_026,2.0,35.0,35.0,44.0,-20.0,2.0,-41.0,10.0,0.9375,0.0576171875,0.447265625,-15.609756097560977,-9.695121951219512,0.7317073170731708
10_41_17_026,-6.0,44.0,30.0,-14.0,21.0,-1.0,59.0,-10.0,0.85791015625,0.0693359375,0.404296875,-27.987804878048784,-6.463414634146342,-10.060975609756099
10_41_17_026,8.0,-6.0,1.0,-15.0,15.0,7.0,52.0,-37.0,0.7509765625,0.16845703125,0.53564453125,-2.5609756097560976,-6.707317073170732,1.0975609756097562
10_41_17_026,-32.0,-128.0,-57.0,-32.0,44.0,-26.0,-128.0,-21.0,0.85595703125,0.03173828125,0.5390625,-7.195121951219513,-10.365853658536587,3.1097560975609757
10_41_17_077,7.0,40.0,5.0,-11.0,6.0,6.0,22.0,-6.0,0.875,0.240234375,0.390625,-0.48780487804878053,-9.634146341463415,-11.829268292682928
10_41_17_077,-99.0,-61.0,-7.0,-24.0,44.0,-1.0,9.0,0.0,0.86279296875,0.11376953125,0.40869140625,4.085365853658537,-5.365853658536586,7.073170731707318
10_41_17_077,5.0,17.0,5.0,-10.0,-21.0,5.0,24.0,11.0,1.1015625,0.04638671875,0.490234375,-30.731707317073173,-9.207317073170733,-11.097560975609756
10_41_17_077,5.0,6.0,15.0,12.0,-43.0,2.0,15.0,18.0,0.82568359375,0.076171875,0.4599609375,-19.939024390243905,-16.951219512195124,-8.353658536585366
10_41_17_077,-17.0,-13.0,-7.0,-14.0,-58.0,-41.0,-99.0,5.0,0.7763671875,0.04150390625,0.52099609375,-12.01219512195122,-14.756097560975611,-9.329268292682928
10_41_17_077,8.0,28.0,18.0,26.0,50.0,51.0,-7.0,16.0,0.798828125,-0.01171875,0.50146484375,-12.195121951219512,-13.475609756097562,-5.182926829268293
10_41_17_077,-16.0,44.0,19.0,21.0,39.0,-4.0,26.0,-26.0,0.7978515625,0.1083984375,0.39404296875,-9.695121951219512,-12.378048780487806,-5.670731707317073
10_41_17_077,7.0,12.0,-82.0,-41.0,-18.0,-4.0,10.0,1.0,0.8583984375,0.03857421875,0.40869140625,4.085365853658537,-9.085365853658537,1.0975609756097562
10_41_17_077,-10.0,1.0,-9.0,48.0,-3.0,2.0,39.0,-10.0,0.91259765625,-0.01806640625,0.44287109375,-1.8902439024390245,-8.719512195121952,-0.6707317073170732
10_41_17_077,12.0,62.0,22.0,-2.0,-8.0,9.0,30.0,-5.0,0.9375,0.0576171875,0.447265625,-15.609756097560977,-9.695121951219512,0.7317073170731708
10_41_17_125,34.0,39.0,6.0,9.0,-23.0,0.0,10.0,5.0,0.8544921875,0.00732421875,0.3974609375,6.646341463414635,-1.6463414634146343,3.658536585365854
10_41_17_125,4.0,-13.0,-1.0,1.0,-7.0,0.0,25.0,0.0,0.9013671875,-0.06298828125,0.42919921875,2.439024390243903,-0.12195121951219513,-1.829268292682927
10_41_17_125,2.0,18.0,2.0,-5.0,-13.0,-3.0,20.0,5.0,0.8779296875,0.0400390625,0.4521484375,-1.9512195121951221,-4.024390243902439,-1.0975609756097562
10_41_17_125,-2.0,-17.0,-2.0,5.0,9.0,-6.0,-42.0,-16.0,0.875,0.240234375,0.390625,-0.48780487804878053,-9.634146341463415,-11.829268292682928
10_41_17_125,-15.0,-98.0,-26.0,-11.0,7.0,9.0,69.0,2.0,0.86279296875,0.11376953125,0.40869140625,4.085365853658537,-5.365853658536586,7.073170731707318
10_41_17_125,1.0,38.0,6.0,5.0,-6.0,-2.0,-2.0,-2.0,1.1015625,0.04638671875,0.490234375,-30.731707317073173,-9.207317073170733,-11.097560975609756
10_41_17_125,28.0,-9.0,-2.0,-3.0,9.0,10.0,1.0,4.0,0.82568359375,0.076171875,0.4599609375,-19.939024390243905,-16.951219512195124,-8.353658536585366
10_41_17_125,-9.0,-42.0,9.0,12.0,-11.0,-10.0,-3.0,-23.0,0.7763671875,0.04150390625,0.52099609375,-12.01219512195122,-14.756097560975611,-9.329268292682928
10_41_17_125,-23.0,-26.0,-7.0,1.0,5.0,6.0,13.0,3.0,0.798828125,-0.01171875,0.50146484375,-12.195121951219512,-13.475609756097562,-5.182926829268293
10_41_17_125,12.0,22.0,9.0,2.0,-7.0,2.0,-4.0,6.0,0.7978515625,0.1083984375,0.39404296875,-9.695121951219512,-12.378048780487806,-5.670731707317073
10_41_17_173,1.0,6.0,2.0,4.0,-6.0,0.0,-9.0,0.0,0.89306640625,0.07568359375,0.40283203125,3.1707317073170733,-4.024390243902439,1.3414634146341464
10_41_17_173,-2.0,-8.0,-2.0,-6.0,12.0,-2.0,-38.0,-2.0,0.8544921875,0.00732421875,0.3974609375,6.646341463414635,-1.6463414634146343,3.658536585365854
10_41_17_173,-9.0,-15.0,1.0,-10.0,2.0,0.0,19.0,-5.0,0.9013671875,-0.06298828125,0.42919921875,2.439024390243903,-0.12195121951219513,-1.829268292682927
10_41_17_173,-2.0,6.0,-2.0,4.0,-11.0,21.0,13.0,11.0,0.8779296875,0.0400390625,0.4521484375,-1.9512195121951221,-4.024390243902439,-1.0975609756097562
10_41_17_173,-4.0,-46.0,-4.0,-2.0,10.0,-28.0,-36.0,-8.0,0.875,0.240234375,0.390625,-0.48780487804878053,-9.634146341463415,-11.829268292682928
10_41_17_173,7.0,22.0,5.0,-2.0,-3.0,11.0,-10.0,1.0,0.86279296875,0.11376953125,0.40869140625,4.085365853658537,-5.365853658536586,7.073170731707318
10_41_17_173,-33.0,-27.0,-7.0,-6.0,28.0,3.0,19.0,-11.0,1.1015625,0.04638671875,0.490234375,-30.731707317073173,-9.207317073170733,-11.097560975609756
10_41_17_173,10.0,9.0,2.0,-1.0,-6.0,-21.0,-5.0,-16.0,0.82568359375,0.076171875,0.4599609375,-19.939024390243905,-16.951219512195124,-8.353658536585366
10_41_17_173,-5.0,55.0,8.0,17.0,-23.0,13.0,-5.0,-33.0,0.7763671875,0.04150390625,0.52099609375,-12.01219512195122,-14.756097560975611,-9.329268292682928
10_41_17_231,-1.0,15.0,2.0,2.0,3.0,-16.0,5.0,-8.0,0.841796875,0.1630859375,0.53515625,18.170731707317074,-15.975609756097562,-10.426829268292684
10_41_17_231,-2.0,-61.0,-15.0,-11.0,-4.0,9.0,-9.0,3.0,0.80712890625,0.1513671875,0.5732421875,19.573170731707318,-17.682926829268293,-8.353658536585366
10_41_17_231,-3.0,22.0,5.0,-7.0,18.0,-3.0,-4.0,-8.0,0.83447265625,0.0830078125,0.568359375,13.475609756097562,-13.475609756097562,-3.780487804878049
10_41_17_231,4.0,5.0,-4.0,-1.0,4.0,-4.0,20.0,11.0,0.88134765625,0.05908203125,0.501953125,3.658536585365854,-8.048780487804878,-2.5609756097560976
10_41_17_231,-1.0,-29.0,-4.0,-2.0,-2.0,-10.0,4.0,2.0,0.89306640625,0.07568359375,0.40283203125,3.1707317073170733,-4.024390243902439,1.3414634146341464
10_41_17_231,20.0,-18.0,0.0,-2.0,-4.0,-7.0,-44.0,0.0,0.8544921875,0.00732421875,0.3974609375,6.646341463414635,-1.6463414634146343,3.658536585365854
10_41_17_231,0.0,-40.0,-11.0,-7.0,0.0,3.0,19.0,9.0,0.9013671875,-0.06298828125,0.42919921875,2.439024390243903,-0.12195121951219513,-1.829268292682927
10_41_17_231,-1.0,4.0,3.0,-2.0,-4.0,-1.0,4.0,-1.0,0.8779296875,0.0400390625,0.4521484375,-1.9512195121951221,-4.024390243902439,-1.0975609756097562
10_41_17_231,-24.0,14.0,6.0,10.0,-19.0,3.0,7.0,-18.0,0.875,0.240234375,0.390625,-0.48780487804878053,-9.634146341463415,-11.829268292682928
10_41_17_231,-7.0,-8.0,-7.0,-9.0,7.0,-5.0,-31.0,-5.0,0.86279296875,0.11376953125,0.40869140625,4.085365853658537,-5.365853658536586,7.073170731707318
10_41_17_281,-27.0,-21.0,-11.0,-2.0,-13.0,-5.0,-1.0,-9.0,0.9482421875,0.01025390625,0.31787109375,-9.451219512195122,-6.707317073170732,-7.8048780487804885
10_41_17_281,-3.0,-2.0,0.0,-2.0,-2.0,-4.0,-5.0,3.0,0.9150390625,0.0380859375,0.37353515625,-6.219512195121951,-10.731707317073171,-11.28048780487805
10_41_17_281,6.0,-4.0,0.0,0.0,4.0,-4.0,11.0,-6.0,0.89697265625,0.10595703125,0.470703125,7.865853658536586,-13.475609756097562,-10.182926829268293
10_41_17_281,18.0,48.0,-1.0,-2.0,-11.0,-3.0,-30.0,1.0,0.841796875,0.1630859375,0.53515625,18.170731707317074,-15.975609756097562,-10.426829268292684
10_41_17_281,7.0,-52.0,-4.0,-2.0,-11.0,3.0,20.0,0.0,0.80712890625,0.1513671875,0.5732421875,19.573170731707318,-17.682926829268293,-8.353658536585366
10_41_17_281,2.0,12.0,4.0,-2.0,-4.0,7.0,-8.0,3.0,0.83447265625,0.0830078125,0.568359375,13.475609756097562,-13.475609756097562,-3.780487804878049
10_41_17_281,-2.0,-6.0,-1.0,-5.0,5.0,10.0,1.0,-5.0,0.88134765625,0.05908203125,0.501953125,3.658536585365854,-8.048780487804878,-2.5609756097560976
10_41_17_281,-2.0,-3.0,5.0,0.0,-1.0,5.0,-14.0,-6.0,0.89306640625,0.07568359375,0.40283203125,3.1707317073170733,-4.024390243902439,1.3414634146341464
10_41_17_281,-1.0,15.0,2.0,2.0,3.0,-16.0,5.0,-8.0,0.8544921875,0.00732421875,0.3974609375,6.646341463414635,-1.6463414634146343,3.658536585365854
10_41_17_281,-2.0,-61.0,-15.0,-11.0,-4.0,9.0,-9.0,3.0,0.9013671875,-0.06298828125,0.42919921875,2.439024390243903,-0.12195121951219513,-1.829268292682927
10_41_17_326,-13.0,-18.0,-3.0,-6.0,1.0,4.0,5.0,-4.0,0.87060546875,0.0908203125,0.28125,-2.1951219512195124,-3.780487804878049,-2.9268292682926833
10_41_17_326,-66.0,-38.0,-3.0,1.0,2.0,2.0,11.0,-2.0,0.880859375,0.07568359375,0.28857421875,-8.536585365853659,-4.390243902439025,-3.1707317073170733
10_41_17_326,42.0,44.0,6.0,0.0,-3.0,9.0,3.0,13.0,0.9482421875,0.01025390625,0.31787109375,-9.451219512195122,-6.707317073170732,-7.8048780487804885
10_41_17_326,-5.0,-12.0,-4.0,-1.0,-13.0,-1.0,-8.0,-6.0,0.9150390625,0.0380859375,0.37353515625,-6.219512195121951,-10.731707317073171,-11.28048780487805
10_41_17_326,-1.0,-6.0,-2.0,-9.0,9.0,-5.0,-2.0,-1.0,0.89697265625,0.10595703125,0.470703125,7.865853658536586,-13.475609756097562,-10.182926829268293
10_41_17_326,-3.0,-6.0,-9.0,-9.0,-7.0,-6.0,-11.0,-6.0,0.841796875,0.1630859375,0.53515625,18.170731707317074,-15.975609756097562,-10.426829268292684
10_41_17_326,4.0,8.0,6.0,4.0,-7.0,0.0,-2.0,-1.0,0.80712890625,0.1513671875,0.5732421875,19.573170731707318,-17.682926829268293,-8.353658536585366
10_41_17_326,1.0,-10.0,2.0,2.0,-11.0,-3.0,-12.0,-9.0,0.83447265625,0.0830078125,0.568359375,13.475609756097562,-13.475609756097562,-3.780487804878049
10_41_17_326,-7.0,-29.0,-2.0,0.0,6.0,-3.0,10.0,-3.0,0.88134765625,0.05908203125,0.501953125,3.658536585365854,-8.048780487804878,-2.5609756097560976
10_41_17_326,-13.0,1.0,1.0,3.0,-5.0,-2.0,2.0,-9.0,0.89306640625,0.07568359375,0.40283203125,3.1707317073170733,-4.024390243902439,1.3414634146341464
10_41_17_383,-1.0,-17.0,4.0,1.0,1.0,2.0,1.0,4.0,0.9287109375,0.11376953125,0.3564453125,-4.085365853658537,-3.1707317073170733,-5.7926829268292686
10_41_17_383,5.0,15.0,2.0,6.0,-5.0,-1.0,-6.0,7.0,0.9169921875,0.12744140625,0.328125,2.439024390243903,-2.5609756097560976,-6.219512195121951
10_41_17_383,3.0,-2.0,-23.0,-4.0,-1.0,1.0,-5.0,-8.0,0.90478515625,0.11083984375,0.31494140625,3.048780487804878,-2.1951219512195124,-6.341463414634147
10_41_17_383,10.0,65.0,28.0,4.0,-6.0,-5.0,-2.0,6.0,0.87060546875,0.0908203125,0.28125,-2.1951219512195124,-3.780487804878049,-2.9268292682926833
10_41_17_383,-32.0,-103.0,-15.0,-13.0,15.0,-7.0,-3.0,-11.0,0.880859375,0.07568359375,0.28857421875,-8.536585365853659,-4.390243902439025,-3.1707317073170733
10_41_17_383,2.0,43.0,5.0,3.0,-4.0,-1.0,5.0,-7.0,0.9482421875,0.01025390625,0.31787109375,-9.451219512195122,-6.707317073170732,-7.8048780487804885
10_41_17_383,71.0,59.0,-12.0,4.0,0.0,-2.0,-8.0,-11.0,0.9150390625,0.0380859375,0.37353515625,-6.219512195121951,-10.731707317073171,-11.28048780487805
10_41_17_383,1.0,-3.0,6.0,-1.0,3.0,1.0,-32.0,0.0,0.89697265625,0.10595703125,0.470703125,7.865853658536586,-13.475609756097562,-10.182926829268293
10_41_17_383,-20.0,-32.0,-8.0,-2.0,1.0,6.0,6.0,13.0,0.841796875,0.1630859375,0.53515625,18.170731707317074,-15.975609756097562,-10.426829268292684
10_41_17_383,12.0,20.0,-1.0,3.0,-16.0,-28.0,3.0,12.0,0.80712890625,0.1513671875,0.5732421875,19.573170731707318,-17.682926829268293,-8.353658536585366
10_41_17_430,-37.0,-31.0,-29.0,-7.0,0.0,-1.0,21.0,-6.0,0.89208984375,0.06494140625,0.35400390625,-6.2804878048780495,-1.8902439024390245,-2.1951219512195124
10_41_17_430,-63.0,-7.0,5.0,-4.0,-8.0,-2.0,-13.0,-5.0,0.921875,0.05224609375,0.33154296875,-12.987804878048781,-2.1951219512195124,-4.390243902439025
10_41_17_430,22.0,-5.0,-7.0,4.0,-3.0,-4.0,9.0,8.0,0.9287109375,0.11376953125,0.3564453125,-4.085365853658537,-3.1707317073170733,-5.7926829268292686
10_41_17_430,43.0,-76.0,-23.0,-14.0,-1.0,-2.0,-14.0,-16.0,0.9169921875,0.12744140625,0.328125,2.439024390243903,-2.5609756097560976,-6.219512195121951
10_41_17_430,-45.0,-88.0,-5.0,0.0,5.0,0.0,3.0,-8.0,0.90478515625,0.11083984375,0.31494140625,3.048780487804878,-2.1951219512195124,-6.341463414634147
10_41_17_430,-72.0,25.0,-12.0,-21.0,15.0,-5.0,9.0,3.0,0.87060546875,0.0908203125,0.28125,-2.1951219512195124,-3.780487804878049,-2.9268292682926833
10_41_17_430,-8.0,-12.0,-3.0,1.0,-6.0,-2.0,-11.0,3.0,0.880859375,0.07568359375,0.28857421875,-8.536585365853659,-4.390243902439025,-3.1707317073170733
10_41_17_430,6.0,3.0,3.0,1.0,-8.0,0.0,3.0,3.0,0.9482421875,0.01025390625,0.31787109375,-9.451219512195122,-6.707317073170732,-7.8048780487804885
10_41_17_430,-1.0,11.0,4.0,-2.0,4.0,-3.0,0.0,-3.0,0.9150390625,0.0380859375,0.37353515625,-6.219512195121951,-10.731707317073171,-11.28048780487805
10_41_17_430,8.0,-8.0,-6.0,1.0,0.0,0.0,8.0,6.0,0.89697265625,0.10595703125,0.470703125,7.865853658536586,-13.475609756097562,-10.182926829268293
10_41_17_487,-6.0,8.0,-17.0,-6.0,3.0,-3.0,-2.0,6.0,0.8779296875,0.07275390625,0.3642578125,-0.06097560975609757,-2.378048780487805,-0.7317073170731708
10_41_17_487,11.0,33.0,41.0,10.0,-3.0,4.0,-2.0,-11.0,0.89208984375,0.06494140625,0.35400390625,-6.2804878048780495,-1.8902439024390245,-2.1951219512195124
10_41_17_487,-70.0,65.0,-15.0,-20.0,13.0,0.0,15.0,7.0,0.921875,0.05224609375,0.33154296875,-12.987804878048781,-2.1951219512195124,-4.390243902439025
10_41_17_487,67.0,-47.0,-9.0,1.0,-5.0,-1.0,-38.0,6.0,0.9287109375,0.11376953125,0.3564453125,-4.085365853658537,-3.1707317073170733,-5.7926829268292686
10_41_17_487,-37.0,-31.0,-29.0,-7.0,0.0,-1.0,21.0,-6.0,0.9169921875,0.12744140625,0.328125,2.439024390243903,-2.5609756097560976,-6.219512195121951
10_41_17_487,-63.0,-7.0,5.0,-4.0,-8.0,-2.0,-13.0,-5.0,0.90478515625,0.11083984375,0.31494140625,3.048780487804878,-2.1951219512195124,-6.341463414634147
10_41_17_487,22.0,-5.0,-7.0,4.0,-3.0,-4.0,9.0,8.0,0.87060546875,0.0908203125,0.28125,-2.1951219512195124,-3.780487804878049,-2.9268292682926833
10_41_17_487,43.0,-76.0,-23.0,-14.0,-1.0,-2.0,-14.0,-16.0,0.880859375,0.07568359375,0.28857421875,-8.536585365853659,-4.390243902439025,-3.1707317073170733
10_41_17_487,-45.0,-88.0,-5.0,0.0,5.0,0.0,3.0,-8.0,0.9482421875,0.01025390625,0.31787109375,-9.451219512195122,-6.707317073170732,-7.8048780487804885
10_41_17_487,-72.0,25.0,-12.0,-21.0,15.0,-5.0,9.0,3.0,0.9150390625,0.0380859375,0.37353515625,-6.219512195121951,-10.731707317073171,-11.28048780487805
10_41_17_542,-101.0,4.0,4.0,-6.0,6.0,-2.0,1.0,-14.0,0.91357421875,0.1044921875,0.37646484375,-10.670731707317074,5.853658536585367,0.6707317073170732
10_41_17_542,21.0,12.0,3.0,5.0,0.0,3.0,-4.0,-3.0,0.91064453125,0.09228515625,0.353515625,-7.073170731707318,2.073170731707317,-3.8414634146341466
10_41_17_542,5.0,18.0,15.0,4.0,-3.0,-1.0,-2.0,2.0,0.88671875,0.046875,0.34814453125,4.024390243902439,-2.5609756097560976,-3.414634146341464
10_41_17_542,12.0,6.0,-36.0,-6.0,-4.0,-4.0,-1.0,-3.0,0.8779296875,0.07275390625,0.3642578125,-0.06097560975609757,-2.378048780487805,-0.7317073170731708
10_41_17_542,-25.0,13.0,10.0,-6.0,-3.0,1.0,-3.0,-9.0,0.89208984375,0.06494140625,0.35400390625,-6.2804878048780495,-1.8902439024390245,-2.1951219512195124
10_41_17_542,-23.0,35.0,-12.0,-5.0,1.0,4.0,-10.0,-17.0,0.921875,0.05224609375,0.33154296875,-12.987804878048781,-2.1951219512195124,-4.390243902439025
10_41_17_542,17.0,99.0,19.0,8.0,-2.0,1.0,2.0,4.0,0.9287109375,0.11376953125,0.3564453125,-4.085365853658537,-3.1707317073170733,-5.7926829268292686
10_41_17_542,37.0,-17.0,-4.0,0.0,-4.0,0.0,-10.0,-11.0,0.9169921875,0.12744140625,0.328125,2.439024390243903,-2.5609756097560976,-6.219512195121951
10_41_17_542,-56.0,27.0,3.0,-1.0,7.0,2.0,0.0,-2.0,0.90478515625,0.11083984375,0.31494140625,3.048780487804878,-2.1951219512195124,-6.341463414634147
10_41_17_542,0.0,-12.0,-2.0,0.0,0.0,2.0,12.0,5.0,0.87060546875,0.0908203125,0.28125,-2.1951219512195124,-3.780487804878049,-2.9268292682926833
10_41_17_598,4.0,4.0,-5.0,3.0,-4.0,-5.0,-2.0,-2.0,0.826171875,0.1806640625,0.458984375,-14.756097560975611,1.7682926829268295,4.024390243902439
10_41_17_598,-5.0,-3.0,-1.0,0.0,-6.0,1.0,-10.0,1.0,0.90673828125,0.12939453125,0.353515625,-22.98780487804878,7.500000000000001,2.8658536585365857
10_41_17_598,-7.0,-6.0,-1.0,-4.0,2.0,2.0,3.0,-7.0,0.91357421875,0.1044921875,0.37646484375,-10.670731707317074,5.853658536585367,0.6707317073170732
10_41_17_598,-1.0,-9.0,-3.0,1.0,-4.0,0.0,-5.0,-6.0,0.91064453125,0.09228515625,0.353515625,-7.073170731707318,2.073170731707317,-3.8414634146341466
10_41_17_598,30.0,10.0,4.0,5.0,-2.0,-2.0,1.0,1.0,0.88671875,0.046875,0.34814453125,4.024390243902439,-2.5609756097560976,-3.414634146341464
10_41_17_598,-28.0,45.0,17.0,0.0,-2.0,-2.0,0.0,17.0,0.8779296875,0.07275390625,0.3642578125,-0.06097560975609757,-2.378048780487805,-0.7317073170731708
10_41_17_598,-20.0,-63.0,-1.0,-12.0,5.0,2.0,-1.0,-29.0,0.89208984375,0.06494140625,0.35400390625,-6.2804878048780495,-1.8902439024390245,-2.1951219512195124
10_41_17_598,1.0,-35.0,6.0,-2.0,4.0,1.0,5.0,9.0,0.921875,0.05224609375,0.33154296875,-12.987804878048781,-2.1951219512195124,-4.390243902439025
10_41_17_598,49.0,51.0,21.0,9.0,-9.0,2.0,-9.0,7.0,0.9287109375,0.11376953125,0.3564453125,-4.085365853658537,-3.1707317073170733,-5.7926829268292686
10_41_17_598,26.0,-31.0,-5.0,3.0,-1.0,2.0,0.0,3.0,0.9169921875,0.12744140625,0.328125,2.439024390243903,-2.5609756097560976,-6.219512195121951
10_41_17_636,41.0,-56.0,-25.0,-8.0,12.0,2.0,-4.0,-14.0,0.99853515625,0.1748046875,0.35888671875,26.463414634146343,-2.5609756097560976,-10.426829268292684
10_41_17_636,5.0,62.0,14.0,2.0,-1.0,-1.0,11.0,4.0,0.9228515625,0.1162109375,0.390625,13.109756097560977,-8.719512195121952,-7.195121951219513
10_41_17_636,7.0,31.0,9.0,8.0,-8.0,-3.0,-6.0,-7.0,0.84326171875,0.12109375,0.40380859375,-13.109756097560977,-6.036585365853659,-1.8902439024390245
10_41_17_636,-9.0,-1.0,7.0,2.0,-4.0,-4.0,-1.0,4.0,0.826171875,0.1806640625,0.458984375,-14.756097560975611,1.7682926829268295,4.024390243902439
10_41_17_636,0.0,-20.0,-12.0,-8.0,-1.0,-4.0,5.0,6.0,0.90673828125,0.12939453125,0.353515625,-22.98780487804878,7.500000000000001,2.8658536585365857
10_41_17_636,3.0,-3.0,-2.0,-4.0,-1.0,-3.0,-10.0,0.0,0.91357421875,0.1044921875,0.37646484375,-10.670731707317074,5.853658536585367,0.6707317073170732
10_41_17_636,4.0,1.0,0.0,4.0,1.0,-6.0,-7.0,5.0,0.91064453125,0.09228515625,0.353515625,-7.073170731707318,2.073170731707317,-3.8414634146341466
10_41_17_636,82.0,33.0,5.0,11.0,-9.0,0.0,-4.0,-1.0,0.88671875,0.046875,0.34814453125,4.024390243902439,-2.5609756097560976,-3.414634146341464
10_41_17_636,17.0,-23.0,-30.0,2.0,-12.0,2.0,20.0,8.0,0.8779296875,0.07275390625,0.3642578125,-0.06097560975609757,-2.378048780487805,-0.7317073170731708
10_41_17_636,0.0,21.0,15.0,-1.0,-6.0,-4.0,1.0,-1.0,0.89208984375,0.06494140625,0.35400390625,-6.2804878048780495,-1.8902439024390245,-2.1951219512195124
10_41_17_693,50.0,-108.0,-14.0,-13.0,7.0,4.0,-2.0,-17.0,0.9228515625,0.052734375,0.32666015625,-3.536585365853659,9.02439024390244,-9.207317073170733
10_41_17_693,-45.0,-73.0,-46.0,-12.0,-5.0,1.0,-5.0,-9.0,0.87548828125,0.07568359375,0.35498046875,-19.573170731707318,4.817073170731708,-5.975609756097562
10_41_17_693,9.0,54.0,2.0,4.0,3.0,4.0,16.0,7.0,0.9033203125,0.2119140625,0.35693359375,-22.5609756097561,4.329268292682928,-5.121951219512195
10_41_17_693,-1.0,-73.0,-2.0,-4.0,-6.0,-5.0,-5.0,-9.0,0.923828125,0.26611328125,0.3427734375,10.365853658536587,2.5,-6.097560975609756
10_41_17_693,-5.0,-36.0,-6.0,3.0,7.0,1.0,0.0,0.0,0.99853515625,0.1748046875,0.35888671875,26.463414634146343,-2.5609756097560976,-10.426829268292684
10_41_17_693,8.0,-29.0,-11.0,-3.0,-6.0,-4.0,-8.0,0.0,0.9228515625,0.1162109375,0.390625,13.109756097560977,-8.719512195121952,-7.195121951219513
10_41_17_693,11.0,62.0,0.0,1.0,-4.0,-1.0,-9.0,-2.0,0.84326171875,0.12109375,0.40380859375,-13.109756097560977,-6.036585365853659,-1.8902439024390245
10_41_17_693,4.0,19.0,8.0,5.0,-12.0,-3.0,9.0,6.0,0.826171875,0.1806640625,0.458984375,-14.756097560975611,1.7682926829268295,4.024390243902439
10_41_17_693,41.0,-56.0,-25.0,-8.0,12.0,2.0,-4.0,-14.0,0.90673828125,0.12939453125,0.353515625,-22.98780487804878,7.500000000000001,2.8658536585365857
10_41_17_693,5.0,62.0,14.0,2.0,-1.0,-1.0,11.0,4.0,0.91357421875,0.1044921875,0.37646484375,-10.670731707317074,5.853658536585367,0.6707317073170732
10_41_17_752,19.0,33.0,7.0,4.0,-5.0,-6.0,-6.0,15.0,0.91845703125,0.2333984375,0.36083984375,-3.7195121951219514,22.98780487804878,-14.02439024390244
10_41_17_752,2.0,-31.0,0.0,-3.0,5.0,-1.0,0.0,-7.0,0.9345703125,0.140625,0.3271484375,2.1341463414634148,14.695121951219514,-11.097560975609756
10_41_17_752,16.0,-21.0,-8.0,-15.0,-6.0,7.0,4.0,-7.0,0.9228515625,0.052734375,0.32666015625,-3.536585365853659,9.02439024390244,-9.207317073170733
10_41_17_752,-10.0,8.0,12.0,5.0,0.0,1.0,11.0,5.0,0.87548828125,0.07568359375,0.35498046875,-19.573170731707318,4.817073170731708,-5.975609756097562
10_41_17_752,9.0,-7.0,4.0,4.0,0.0,0.0,-7.0,-3.0,0.9033203125,0.2119140625,0.35693359375,-22.5609756097561,4.329268292682928,-5.121951219512195
10_41_17_752,-6.0,0.0,8.0,0.0,-1.0,2.0,-1.0,-4.0,0.923828125,0.26611328125,0.3427734375,10.365853658536587,2.5,-6.097560975609756
10_41_17_752,-22.0,-36.0,-29.0,-1.0,0.0,3.0,-8.0,0.0,0.99853515625,0.1748046875,0.35888671875,26.463414634146343,-2.5609756097560976,-10.426829268292684
10_41_17_752,1.0,13.0,12.0,4.0,-3.0,0.0,-2.0,4.0,0.9228515625,0.1162109375,0.390625,13.109756097560977,-8.719512195121952,-7.195121951219513
10_41_17_752,21.0,22.0,-4.0,-2.0,-3.0,-4.0,-10.0,-1.0,0.84326171875,0.12109375,0.40380859375,-13.109756097560977,-6.036585365853659,-1.8902439024390245
10_41_17_752,-15.0,-7.0,-5.0,-7.0,8.0,12.0,8.0,1.0,0.826171875,0.1806640625,0.458984375,-14.756097560975611,1.7682926829268295,4.024390243902439
10_41_17_802,-9.0,-24.0,-1.0,-2.0,-3.0,-4.0,-7.0,-4.0,0.86083984375,0.09912109375,0.48876953125,-19.634146341463417,31.707317073170735,-13.414634146341465
10_41_17_802,0.0,-4.0,2.0,1.0,3.0,0.0,1.0,-3.0,0.85498046875,0.14794921875,0.39404296875,-25.243902439024392,31.463414634146343,-10.975609756097562
10_41_17_802,-22.0,-7.0,5.0,2.0,-7.0,-10.0,-4.0,1.0,0.8818359375,0.23046875,0.40673828125,-13.658536585365855,27.31707317073171,-13.04878048780488
10_41_17_802,2.0,-2.0,10.0,-3.0,1.0,0.0,-1.0,-3.0,0.91845703125,0.2333984375,0.36083984375,-3.7195121951219514,22.98780487804878,-14.02439024390244
10_41_17_802,5.0,51.0,-13.0,4.0,-5.0,-1.0,-2.0,4.0,0.9345703125,0.140625,0.3271484375,2.1341463414634148,14.695121951219514,-11.097560975609756
10_41_17_802,3.0,-18.0,22.0,1.0,-1.0,2.0,0.0,-6.0,0.9228515625,0.052734375,0.32666015625,-3.536585365853659,9.02439024390244,-9.207317073170733
10_41_17_802,52.0,48.0,0.0,14.0,-7.0,1.0,-2.0,11.0,0.87548828125,0.07568359375,0.35498046875,-19.573170731707318,4.817073170731708,-5.975609756097562
10_41_17_802,26.0,86.0,-3.0,6.0,-6.0,3.0,0.0,-15.0,0.9033203125,0.2119140625,0.35693359375,-22.5609756097561,4.329268292682928,-5.121951219512195
10_41_17_802,18.0,-54.0,-7.0,-11.0,1.0,1.0,-3.0,-1.0,0.923828125,0.26611328125,0.3427734375,10.365853658536587,2.5,-6.097560975609756
10_41_17_802,6.0,25.0,4.0,4.0,3.0,-3.0,19.0,4.0,0.99853515625,0.1748046875,0.35888671875,26.463414634146343,-2.5609756097560976,-10.426829268292684
10_41_17_852,-16.0,-23.0,-2.0,3.0,-1.0,-1.0,23.0,1.0,0.76953125,0.10107421875,0.52685546875,-18.84146341463415,28.658536585365855,-15.000000000000002
10_41_17_852,5.0,10.0,-15.0,1.0,5.0,0.0,3.0,2.0,0.7890625,0.08251953125,0.4970703125,-20.426829268292686,31.707317073170735,-12.74390243902439
10_41_17_852,-42.0,-42.0,-4.0,-1.0,1.0,-8.0,-9.0,-16.0,0.84375,0.0712890625,0.47412109375,-18.78048780487805,32.01219512195122,-13.109756097560977
10_41_17_852,6.0,13.0,13.0,7.0,3.0,-1.0,2.0,-9.0,0.86083984375,0.09912109375,0.48876953125,-19.634146341463417,31.707317073170735,-13.414634146341465
10_41_17_852,-52.0,-1.0,-17.0,-18.0,-4.0,-5.0,-4.0,-11.0,0.85498046875,0.14794921875,0.39404296875,-25.243902439024392,31.463414634146343,-10.975609756097562
10_41_17_852,11.0,18.0,7.0,8.0,-3.0,-1.0,-10.0,1.0,0.8818359375,0.23046875,0.40673828125,-13.658536585365855,27.31707317073171,-13.04878048780488
10_41_17_852,-3.0,0.0,2.0,-1.0,-5.0,-1.0,-6.0,2.0,0.91845703125,0.2333984375,0.36083984375,-3.7195121951219514,22.98780487804878,-14.02439024390244
10_41_17_852,-20.0,-16.0,-4.0,-6.0,2.0,1.0,29.0,5.0,0.9345703125,0.140625,0.3271484375,2.1341463414634148,14.695121951219514,-11.097560975609756
10_41_17_852,-9.0,-24.0,-1.0,-2.0,-3.0,-4.0,-7.0,-4.0,0.9228515625,0.052734375,0.32666015625,-3.536585365853659,9.02439024390244,-9.207317073170733
10_41_17_852,0.0,-4.0,2.0,1.0,3.0,0.0,1.0,-3.0,0.87548828125,0.07568359375,0.35498046875,-19.573170731707318,4.817073170731708,-5.975609756097562
10_41_17_888,-52.0,20.0,1.0,-5.0,1.0,1.0,20.0,-1.0,0.7509765625,0.11376953125,0.54931640625,-22.926829268292686,19.512195121951223,-15.182926829268293
10_41_17_888,42.0,-12.0,11.0,0.0,1.0,-4.0,-6.0,2.0,0.759765625,0.11328125,0.537109375,-20.243902439024392,25.121951219512198,-15.243902439024392
10_41_17_888,23.0,-11.0,-5.0,4.0,-5.0,1.0,-3.0,4.0,0.76953125,0.10107421875,0.52685546875,-18.84146341463415,28.658536585365855,-15.000000000000002
10_41_17_888,7.0,10.0,2.0,-1.0,-1.0,4.0,1.0,-3.0,0.7890625,0.08251953125,0.4970703125,-20.426829268292686,31.707317073170735,-12.74390243902439
10_41_17_888,2.0,9.0,6.0,-1.0,0.0,4.0,2.0,1.0,0.84375,0.0712890625,0.47412109375,-18.78048780487805,32.01219512195122,-13.109756097560977
10_41_17_888,7.0,20.0,-15.0,2.0,-2.0,2.0,-14.0,-5.0,0.86083984375,0.09912109375,0.48876953125,-19.634146341463417,31.707317073170735,-13.414634146341465
10_41_17_888,-10.0,-64.0,-1.0,-4.0,-2.0,-2.0,-1.0,-5.0,0.85498046875,0.14794921875,0.39404296875,-25.243902439024392,31.463414634146343,-10.975609756097562
10_41_17_888,2.0,34.0,0.0,-3.0,2.0,-1.0,-5.0,-3.0,0.8818359375,0.23046875,0.40673828125,-13.658536585365855,27.31707317073171,-13.04878048780488
10_41_17_888,12.0,1.0,4.0,6.0,-2.0,2.0,10.0,5.0,0.91845703125,0.2333984375,0.36083984375,-3.7195121951219514,22.98780487804878,-14.02439024390244
10_41_17_888,-3.0,-4.0,12.0,-5.0,-5.0,1.0,-44.0,-11.0,0.9345703125,0.140625,0.3271484375,2.1341463414634148,14.695121951219514,-11.097560975609756
10_41_17_957,-2.0,28.0,33.0,0.0,-1.0,-3.0,-1.0,2.0,0.763671875,0.0791015625,0.5341796875,-16.82926829268293,10.365853658536587,-12.134146341463415
10_41_17_957,0.0,-9.0,-2.0,2.0,-1.0,1.0,2.0,1.0,0.7509765625,0.1044921875,0.54736328125,-21.646341463414636,12.865853658536587,-12.439024390243903
10_41_17_957,-5.0,-12.0,-1.0,-6.0,-5.0,-3.0,-4.0,-3.0,0.7509765625,0.11376953125,0.54931640625,-22.926829268292686,19.512195121951223,-15.182926829268293
10_41_17_957,12.0,12.0,6.0,2.0,0.0,-4.0,1.0,-1.0,0.759765625,0.11328125,0.537109375,-20.243902439024392,25.121951219512198,-15.243902439024392
10_41_17_957,0.0,-3.0,-5.0,2.0,-2.0,-2.0,0.0,4.0,0.76953125,0.10107421875,0.52685546875,-18.84146341463415,28.658536585365855,-15.000000000000002
10_41_17_957,17.0,19.0,-9.0,4.0,-4.0,1.0,-4.0,-4.0,0.7890625,0.08251953125,0.4970703125,-20.426829268292686,31.707317073170735,-12.74390243902439
10_41_17_957,-14.0,-23.0,3.0,-4.0,4.0,-3.0,2.0,0.0,0.84375,0.0712890625,0.47412109375,-18.78048780487805,32.01219512195122,-13.109756097560977
10_41_17_957,-2.0,-34.0,-17.0,-3.0,3.0,1.0,-2.0,-4.0,0.86083984375,0.09912109375,0.48876953125,-19.634146341463417,31.707317073170735,-13.414634146341465
10_41_17_957,6.0,17.0,7.0,4.0,-3.0,-2.0,-4.0,-3.0,0.85498046875,0.14794921875,0.39404296875,-25.243902439024392,31.463414634146343,-10.975609756097562
10_41_17_957,-1.0,-4.0,-5.0,5.0,-3.0,2.0,-3.0,0.0,0.8818359375,0.23046875,0.40673828125,-13.658536585365855,27.31707317073171,-13.04878048780488
10_41_18_004,4.0,-25.0,-25.0,4.0,0.0,2.0,0.0,1.0,0.84423828125,0.09130859375,0.5380859375,-9.02439024390244,9.390243902439025,-11.829268292682928
10_41_18_004,5.0,5.0,-3.0,-12.0,11.0,-1.0,5.0,-6.0,0.81298828125,0.08056640625,0.53173828125,-11.158536585365855,9.390243902439025,-12.256097560975611
10_41_18_004,16.0,2.0,24.0,6.0,-4.0,-1.0,-5.0,-1.0,0.763671875,0.0791015625,0.5341796875,-16.82926829268293,10.365853658536587,-12.134146341463415
10_41_18_004,-24.0,-2.0,-57.0,-5.0,-3.0,-2.0,-4.0,-6.0,0.7509765625,0.1044921875,0.54736328125,-21.646341463414636,12.865853658536587,-12.439024390243903
10_41_18_004,-2.0,28.0,33.0,0.0,-1.0,-3.0,-1.0,2.0,0.7509765625,0.11376953125,0.54931640625,-22.926829268292686,19.512195121951223,-15.182926829268293
10_41_18_004,0.0,-9.0,-2.0,2.0,-1.0,1.0,2.0,1.0,0.759765625,0.11328125,0.537109375,-20.243902439024392,25.121951219512198,-15.243902439024392
10_41_18_004,-5.0,-12.0,-1.0,-6.0,-5.0,-3.0,-4.0,-3.0,0.76953125,0.10107421875,0.52685546875,-18.84146341463415,28.658536585365855,-15.000000000000002
10_41_18_004,12.0,12.0,6.0,2.0,0.0,-4.0,1.0,-1.0,0.7890625,0.08251953125,0.4970703125,-20.426829268292686,31.707317073170735,-12.74390243902439
10_41_18_004,0.0,-3.0,-5.0,2.0,-2.0,-2.0,0.0,4.0,0.84375,0.0712890625,0.47412109375,-18.78048780487805,32.01219512195122,-13.109756097560977
10_41_18_004,17.0,19.0,-9.0,4.0,-4.0,1.0,-4.0,-4.0,0.86083984375,0.09912109375,0.48876953125,-19.634146341463417,31.707317073170735,-13.414634146341465
10_41_18_055,-7.0,-5.0,4.0,0.0,-1.0,3.0,1.0,-3.0,0.8515625,0.091796875,0.47021484375,-11.585365853658537,10.121951219512196,-9.939024390243903
10_41_18_055,15.0,9.0,-1.0,0.0,1.0,-3.0,1.0,-3.0,0.85400390625,0.080078125,0.505859375,-9.51219512195122,8.414634146341465,-9.573170731707318
10_41_18_055,-3.0,1.0,-1.0,1.0,-3.0,-3.0,-6.0,-3.0,0.84423828125,0.09130859375,0.5380859375,-9.02439024390244,9.390243902439025,-11.829268292682928
10_41_18_055,6.0,-9.0,-5.0,-4.0,2.0,-2.0,0.0,-3.0,0.81298828125,0.08056640625,0.53173828125,-11.158536585365855,9.390243902439025,-12.256097560975611
10_41_18_055,-7.0,3.0,1.0,4.0,-2.0,-1.0,1.0,-5.0,0.763671875,0.0791015625,0.5341796875,-16.82926829268293,10.365853658536587,-12.134146341463415
10_41_18_055,-5.0,-3.0,-1.0,0.0,-1.0,1.0,6.0,0.0,0.7509765625,0.1044921875,0.54736328125,-21.646341463414636,12.865853658536587,-12.439024390243903
10_41_18_055,4.0,5.0,5.0,-1.0,-3.0,-1.0,-3.0,-3.0,0.7509765625,0.11376953125,0.54931640625,-22.926829268292686,19.512195121951223,-15.182926829268293
10_41_18_055,2.0,7.0,1.0,4.0,-4.0,1.0,-5.0,0.0,0.759765625,0.11328125,0.537109375,-20.243902439024392,25.121951219512198,-15.243902439024392
10_41_18_055,-7.0,-12.0,-2.0,-1.0,-3.0,-4.0,-3.0,2.0,0.76953125,0.10107421875,0.52685546875,-18.84146341463415,28.658536585365855,-15.000000000000002
10_41_18_055,27.0,10.0,-4.0,-1.0,-2.0,2.0,1.0,6.0,0.7890625,0.08251953125,0.4970703125,-20.426829268292686,31.707317073170735,-12.74390243902439
10_41_18_106,-4.0,4.0,-6.0,-1.0,4.0,0.0,-2.0,-7.0,0.84765625,0.1318359375,0.46533203125,-16.76829268292683,14.26829268292683,-12.317073170731708
10_41_18_106,1.0,-43.0,-7.0,3.0,-4.0,-4.0,-4.0,6.0,0.8515625,0.091796875,0.47021484375,-11.585365853658537,10.121951219512196,-9.939024390243903
10_41_18_106,-5.0,11.0,21.0,2.0,3.0,4.0,4.0,0.0,0.85400390625,0.080078125,0.505859375,-9.51219512195122,8.414634146341465,-9.573170731707318
10_41_18_106,-14.0,47.0,14.0,-8.0,-1.0,-4.0,4.0,-3.0,0.84423828125,0.09130859375,0.5380859375,-9.02439024390244,9.390243902439025,-11.829268292682928
10_41_18_106,12.0,9.0,-9.0,2.0,-1.0,-3.0,-4.0,2.0,0.81298828125,0.08056640625,0.53173828125,-11.158536585365855,9.390243902439025,-12.256097560975611
10_41_18_106,4.0,-1.0,-1.0,2.0,-3.0,-1.0,-5.0,1.0,0.763671875,0.0791015625,0.5341796875,-16.82926829268293,10.365853658536587,-12.134146341463415
10_41_18_106,9.0,-11.0,-2.0,-3.0,0.0,-2.0,3.0,-5.0,0.7509765625,0.1044921875,0.54736328125,-21.646341463414636,12.865853658536587,-12.439024390243903
10_41_18_106,6.0,10.0,7.0,0.0,-6.0,0.0,1.0,-5.0,0.7509765625,0.11376953125,0.54931640625,-22.926829268292686,19.512195121951223,-15.182926829268293
10_41_18_154,5.0,-2.0,-1.0,0.0,-2.0,1.0,-8.0,-3.0,0.7421875,0.11474609375,0.52197265625,-8.902439024390244,14.634146341463415,-8.048780487804878
10_41_18_154,-27.0,-1.0,0.0,0.0,1.0,2.0,1.0,-4.0,0.7548828125,0.12109375,0.50634765625,-11.646341463414634,16.70731707317073,-7.500000000000001
10_41_18_154,29.0,6.0,2.0,0.0,1.0,-3.0,-3.0,4.0,0.78271484375,0.1162109375,0.49853515625,-17.5,17.682926829268293,-7.987804878048781
10_41_18_154,-12.0,-14.0,-7.0,-2.0,-9.0,-5.0,-2.0,-2.0,0.8173828125,0.1279296875,0.4892578125,-21.34146341463415,18.658536585365855,-10.365853658536587
10_41_18_154,23.0,-40.0,-10.0,-2.0,0.0,0.0,-3.0,3.0,0.845703125,0.14306640625,0.47705078125,-21.03658536585366,17.31707317073171,-13.04878048780488
10_41_18_154,-20.0,-9.0,4.0,0.0,-1.0,-2.0,0.0,-8.0,0.84765625,0.1318359375,0.46533203125,-16.76829268292683,14.26829268292683,-12.317073170731708
10_41_18_154,8.0,17.0,-10.0,-1.0,-2.0,0.0,-5.0,1.0,0.8515625,0.091796875,0.47021484375,-11.585365853658537,10.121951219512196,-9.939024390243903
10_41_18_154,-20.0,2.0,6.0,-6.0,2.0,2.0,-7.0,-5.0,0.85400390625,0.080078125,0.505859375,-9.51219512195122,8.414634146341465,-9.573170731707318
10_41_18_154,5.0,0.0,-10.0,6.0,-2.0,-6.0,-4.0,5.0,0.84423828125,0.09130859375,0.5380859375,-9.02439024390244,9.390243902439025,-11.829268292682928
10_41_18_154,-1.0,1.0,3.0,-1.0,-1.0,-2.0,0.0,0.0,0.81298828125,0.08056640625,0.53173828125,-11.158536585365855,9.390243902439025,-12.256097560975611
10_41_18_206,-24.0,-11.0,-3.0,3.0,-4.0,-2.0,-1.0,3.0,0.74267578125,0.12646484375,0.54541015625,-8.963414634146343,12.987804878048781,-8.658536585365855
10_41_18_206,-1.0,15.0,0.0,2.0,-3.0,-2.0,1.0,7.0,0.7421875,0.11474609375,0.52197265625,-8.902439024390244,14.634146341463415,-8.048780487804878
10_41_18_206,18.0,6.0,10.0,2.0,-1.0,0.0,-5.0,1.0,0.7548828125,0.12109375,0.50634765625,-11.646341463414634,16.70731707317073,-7.500000000000001
10_41_18_206,9.0,-1.0,-21.0,-6.0,0.0,1.0,1.0,1.0,0.78271484375,0.1162109375,0.49853515625,-17.5,17.682926829268293,-7.987804878048781
10_41_18_206,-2.0,-1.0,5.0,3.0,-3.0,3.0,-3.0,0.0,0.8173828125,0.1279296875,0.4892578125,-21.34146341463415,18.658536585365855,-10.365853658536587
10_41_18_206,-5.0,-1.0,4.0,1.0,-2.0,-4.0,2.0,-1.0,0.845703125,0.14306640625,0.47705078125,-21.03658536585366,17.31707317073171,-13.04878048780488
10_41_18_206,5.0,-2.0,-1.0,0.0,-2.0,1.0,-8.0,-3.0,0.84765625,0.1318359375,0.46533203125,-16.76829268292683,14.26829268292683,-12.317073170731708
10_41_18_206,-27.0,-1.0,0.0,0.0,1.0,2.0,1.0,-4.0,0.8515625,0.091796875,0.47021484375,-11.585365853658537,10.121951219512196,-9.939024390243903
10_41_18_206,29.0,6.0,2.0,0.0,1.0,-3.0,-3.0,4.0,0.85400390625,0.080078125,0.505859375,-9.51219512195122,8.414634146341465,-9.573170731707318
10_41_18_206,-12.0,-14.0,-7.0,-2.0,-9.0,-5.0,-2.0,-2.0,0.84423828125,0.09130859375,0.5380859375,-9.02439024390244,9.390243902439025,-11.829268292682928
10_41_18_265,8.0,4.0,-3.0,-1.0,0.0,4.0,-2.0,2.0,0.7060546875,0.13037109375,0.5986328125,-5.487804878048781,7.560975609756098,-4.75609756097561
10_41_18_265,-7.0,-16.0,-2.0,-1.0,3.0,-6.0,-2.0,-5.0,0.73388671875,0.14501953125,0.5625,-8.658536585365855,11.219512195121952,-7.439024390243903
10_41_18_265,-5.0,-7.0,4.0,2.0,0.0,1.0,0.0,-3.0,0.74267578125,0.12646484375,0.54541015625,-8.963414634146343,12.987804878048781,-8.658536585365855
10_41_18_265,-4.0,4.0,1.0,-1.0,-2.0,5.0,3.0,-3.0,0.7421875,0.11474609375,0.52197265625,-8.902439024390244,14.634146341463415,-8.048780487804878
10_41_18_265,-8.0,-21.0,-19.0,-1.0,0.0,-2.0,-7.0,7.0,0.7548828125,0.12109375,0.50634765625,-11.646341463414634,16.70731707317073,-7.500000000000001
10_41_18_265,-14.0,-9.0,0.0,-2.0,-5.0,-2.0,-1.0,-4.0,0.78271484375,0.1162109375,0.49853515625,-17.5,17.682926829268293,-7.987804878048781
10_41_18_265,5.0,26.0,10.0,-2.0,-5.0,-2.0,-3.0,0.0,0.8173828125,0.1279296875,0.4892578125,-21.34146341463415,18.658536585365855,-10.365853658536587
10_41_18_265,-10.0,-8.0,3.0,-4.0,-5.0,-4.0,0.0,-2.0,0.845703125,0.14306640625,0.47705078125,-21.03658536585366,17.31707317073171,-13.04878048780488
10_41_18_265,-5.0,1.0,-2.0,2.0,-3.0,-1.0,-3.0,0.0,0.84765625,0.1318359375,0.46533203125,-16.76829268292683,14.26829268292683,-12.317073170731708
10_41_18_265,2.0,11.0,-2.0,1.0,-3.0,1.0,-2.0,2.0,0.8515625,0.091796875,0.47021484375,-11.585365853658537,10.121951219512196,-9.939024390243903
10_41_18_319,-18.0,9.0,1.0,3.0,4.0,-3.0,-5.0,-4.0,0.69189453125,0.08251953125,0.67333984375,-4.390243902439025,3.536585365853659,-5.426829268292684
10_41_18_319,4.0,-3.0,9.0,-3.0,0.0,-4.0,4.0,-1.0,0.69775390625,0.0654296875,0.63037109375,-7.621951219512196,3.2926829268292686,-4.024390243902439
10_41_18_319,5.0,2.0,-23.0,-1.0,-2.0,3.0,-3.0,-2.0,0.7060546875,0.13037109375,0.5986328125,-5.487804878048781,7.560975609756098,-4.75609756097561
10_41_18_319,8.0,-2.0,3.0,1.0,-1.0,0.0,13.0,4.0,0.73388671875,0.14501953125,0.5625,-8.658536585365855,11.219512195121952,-7.439024390243903
10_41_18_319,8.0,-30.0,-12.0,-3.0,-4.0,2.0,-5.0,-2.0,0.74267578125,0.12646484375,0.54541015625,-8.963414634146343,12.987804878048781,-8.658536585365855
10_41_18_319,-17.0,4.0,0.0,-5.0,-1.0,-1.0,-3.0,1.0,0.7421875,0.11474609375,0.52197265625,-8.902439024390244,14.634146341463415,-8.048780487804878
10_41_18_319,-9.0,17.0,-7.0,-4.0,1.0,-1.0,-4.0,-8.0,0.7548828125,0.12109375,0.50634765625,-11.646341463414634,16.70731707317073,-7.500000000000001
10_41_18_319,-6.0,-6.0,-1.0,2.0,-5.0,-3.0,7.0,0.0,0.78271484375,0.1162109375,0.49853515625,-17.5,17.682926829268293,-7.987804878048781
10_41_18_319,8.0,4.0,-3.0,-1.0,0.0,4.0,-2.0,2.0,0.8173828125,0.1279296875,0.4892578125,-21.34146341463415,18.658536585365855,-10.365853658536587
10_41_18_319,-7.0,-16.0,-2.0,-1.0,3.0,-6.0,-2.0,-5.0,0.845703125,0.14306640625,0.47705078125,-21.03658536585366,17.31707317073171,-13.04878048780488
10_41_18_366,0.0,-1.0,2.0,-1.0,-1.0,-6.0,1.0,-1.0,0.7080078125,0.1513671875,0.64111328125,-1.6463414634146343,3.8414634146341466,-7.25609756097561
10_41_18_366,7.0,0.0,12.0,3.0,2.0,-2.0,-1.0,1.0,0.7060546875,0.12255859375,0.65380859375,0.24390243902439027,3.2926829268292686,-7.865853658536586
10_41_18_366,11.0,-11.0,-32.0,-1.0,-1.0,-3.0,-2.0,3.0,0.69189453125,0.08251953125,0.67333984375,-4.390243902439025,3.536585365853659,-5.426829268292684
10_41_18_366,-24.0,-22.0,3.0,-3.0,0.0,-3.0,-1.0,-7.0,0.69775390625,0.0654296875,0.63037109375,-7.621951219512196,3.2926829268292686,-4.024390243902439
10_41_18_366,-15.0,-22.0,3.0,-8.0,-1.0,-1.0,0.0,-7.0,0.7060546875,0.13037109375,0.5986328125,-5.487804878048781,7.560975609756098,-4.75609756097561
10_41_18_366,-15.0,12.0,-8.0,-3.0,1.0,5.0,6.0,3.0,0.73388671875,0.14501953125,0.5625,-8.658536585365855,11.219512195121952,-7.439024390243903
10_41_18_366,-11.0,-18.0,-17.0,-3.0,-1.0,2.0,-4.0,-2.0,0.74267578125,0.12646484375,0.54541015625,-8.963414634146343,12.987804878048781,-8.658536585365855
10_41_18_366,3.0,29.0,-8.0,1.0,-4.0,0.0,4.0,5.0,0.7421875,0.11474609375,0.52197265625,-8.902439024390244,14.634146341463415,-8.048780487804878
10_41_18_417,-21.0,6.0,9.0,-4.0,0.0,0.0,-4.0,-2.0,0.73095703125,0.1552734375,0.615234375,5.914634146341464,7.743902439024391,-5.853658536585367
10_41_18_417,-4.0,1.0,-5.0,-2.0,0.0,2.0,4.0,5.0,0.7314453125,0.13916015625,0.630859375,7.439024390243903,7.865853658536586,-6.2804878048780495
10_41_18_417,-25.0,-47.0,-13.0,-2.0,2.0,-1.0,0.0,-5.0,0.72265625,0.1220703125,0.62451171875,-1.7682926829268295,7.195121951219513,-4.939024390243903
10_41_18_417,6.0,15.0,2.0,2.0,-2.0,-3.0,-2.0,-3.0,0.7138671875,0.125,0.63330078125,-7.500000000000001,6.646341463414635,-5.365853658536586
10_41_18_417,-33.0,-9.0,-1.0,-1.0,-1.0,-3.0,2.0,-4.0,0.70703125,0.14697265625,0.634765625,-6.097560975609756,5.0,-5.853658536585367
10_41_18_417,-3.0,14.0,2.0,-2.0,-1.0,3.0,0.0,-1.0,0.7080078125,0.1513671875,0.64111328125,-1.6463414634146343,3.8414634146341466,-7.25609756097561
10_41_18_417,8.0,-2.0,6.0,3.0,-2.0,2.0,1.0,-3.0,0.7060546875,0.12255859375,0.65380859375,0.24390243902439027,3.2926829268292686,-7.865853658536586
10_41_18_417,-16.0,-5.0,-9.0,0.0,-6.0,2.0,5.0,4.0,0.69189453125,0.08251953125,0.67333984375,-4.390243902439025,3.536585365853659,-5.426829268292684
10_41_18_417,1.0,-3.0,10.0,1.0,1.0,1.0,-4.0,-11.0,0.69775390625,0.0654296875,0.63037109375,-7.621951219512196,3.2926829268292686,-4.024390243902439
10_41_18_417,-10.0,-1.0,-4.0,-3.0,-2.0,0.0,2.0,-6.0,0.7060546875,0.13037109375,0.5986328125,-5.487804878048781,7.560975609756098,-4.75609756097561
10_41_18_466,-6.0,-8.0,-22.0,-3.0,0.0,-3.0,-10.0,3.0,0.7177734375,0.13623046875,0.5888671875,-4.451219512195122,7.073170731707318,-1.8902439024390245
10_41_18_466,-3.0,-5.0,8.0,0.0,3.0,0.0,20.0,5.0,0.72607421875,0.158203125,0.6015625,-0.426829268292683,7.134146341463415,-3.658536585365854
10_41_18_466,18.0,-13.0,-3.0,1.0,-1.0,-2.0,0.0,4.0,0.73095703125,0.1552734375,0.615234375,5.914634146341464,7.743902439024391,-5.853658536585367
10_41_18_466,6.0,17.0,-8.0,2.0,-3.0,0.0,-2.0,2.0,0.7314453125,0.13916015625,0.630859375,7.439024390243903,7.865853658536586,-6.2804878048780495
10_41_18_466,-3.0,7.0,7.0,4.0,-3.0,-3.0,1.0,3.0,0.72265625,0.1220703125,0.62451171875,-1.7682926829268295,7.195121951219513,-4.939024390243903
10_41_18_466,-3.0,5.0,-2.0,1.0,3.0,4.0,1.0,0.0,0.7138671875,0.125,0.63330078125,-7.500000000000001,6.646341463414635,-5.365853658536586
10_41_18_466,5.0,15.0,6.0,-3.0,0.0,0.0,-1.0,1.0,0.70703125,0.14697265625,0.634765625,-6.097560975609756,5.0,-5.853658536585367
10_41_18_466,32.0,38.0,6.0,2.0,-3.0,1.0,-4.0,3.0,0.7080078125,0.1513671875,0.64111328125,-1.6463414634146343,3.8414634146341466,-7.25609756097561
10_41_18_466,-33.0,-28.0,-20.0,-2.0,0.0,0.0,0.0,-5.0,0.7060546875,0.12255859375,0.65380859375,0.24390243902439027,3.2926829268292686,-7.865853658536586
10_41_18_466,0.0,1.0,13.0,-3.0,-1.0,-1.0,22.0,2.0,0.69189453125,0.08251953125,0.67333984375,-4.390243902439025,3.536585365853659,-5.426829268292684
10_41_18_515,-40.0,20.0,-5.0,-6.0,1.0,-1.0,-13.0,-9.0,0.72998046875,0.09326171875,0.572265625,-2.8658536585365857,6.341463414634147,-1.0975609756097562
10_41_18_515,19.0,-27.0,7.0,-5.0,3.0,4.0,6.0,7.0,0.7177734375,0.13623046875,0.5888671875,-4.451219512195122,7.073170731707318,-1.8902439024390245
10_41_18_515,-17.0,-26.0,-15.0,-3.0,0.0,0.0,-8.0,0.0,0.72607421875,0.158203125,0.6015625,-0.426829268292683,7.134146341463415,-3.658536585365854
10_41_18_515,10.0,-11.0,-16.0,-3.0,-1.0,2.0,1.0,-1.0,0.73095703125,0.1552734375,0.615234375,5.914634146341464,7.743902439024391,-5.853658536585367
10_41_18_515,3.0,7.0,3.0,4.0,-1.0,2.0,-5.0,-1.0,0.7314453125,0.13916015625,0.630859375,7.439024390243903,7.865853658536586,-6.2804878048780495
10_41_18_515,-26.0,14.0,-2.0,-4.0,1.0,-2.0,0.0,-6.0,0.72265625,0.1220703125,0.62451171875,-1.7682926829268295,7.195121951219513,-4.939024390243903
10_41_18_515,-36.0,-25.0,-12.0,-3.0,1.0,1.0,0.0,-6.0,0.7138671875,0.125,0.63330078125,-7.500000000000001,6.646341463414635,-5.365853658536586
10_41_18_515,-5.0,13.0,17.0,3.0,-1.0,-3.0,-4.0,0.0,0.70703125,0.14697265625,0.634765625,-6.097560975609756,5.0,-5.853658536585367
10_41_18_561,-11.0,-4.0,2.0,1.0,1.0,-4.0,-1.0,0.0,0.7412109375,0.14990234375,0.56787109375,4.817073170731708,5.182926829268293,0.3658536585365854
10_41_18_561,7.0,4.0,2.0,4.0,3.0,1.0,-1.0,1.0,0.73681640625,0.1337890625,0.5634765625,8.536585365853659,5.609756097560976,0.0
10_41_18_561,4.0,10.0,4.0,-4.0,0.0,-4.0,-2.0,4.0,0.736328125,0.11328125,0.55908203125,10.0,6.2804878048780495,0.30487804878048785
10_41_18_561,-7.0,-7.0,-5.0,-1.0,-1.0,-4.0,0.0,-3.0,0.7431640625,0.07470703125,0.56201171875,5.3048780487804885,6.463414634146342,-0.6707317073170732
10_41_18_561,2.0,-6.0,2.0,4.0,-3.0,-3.0,-3.0,-1.0,0.72998046875,0.09326171875,0.572265625,-2.8658536585365857,6.341463414634147,-1.0975609756097562
10_41_18_561,11.0,0.0,-1.0,3.0,1.0,-4.0,1.0,-4.0,0.7177734375,0.13623046875,0.5888671875,-4.451219512195122,7.073170731707318,-1.8902439024390245
10_41_18_561,-3.0,9.0,3.0,0.0,-7.0,-5.0,-4.0,2.0,0.72607421875,0.158203125,0.6015625,-0.426829268292683,7.134146341463415,-3.658536585365854
10_41_18_561,-10.0,-21.0,-10.0,-4.0,2.0,1.0,1.0,-1.0,0.73095703125,0.1552734375,0.615234375,5.914634146341464,7.743902439024391,-5.853658536585367
10_41_18_561,5.0,-8.0,3.0,0.0,0.0,-2.0,-7.0,1.0,0.7314453125,0.13916015625,0.630859375,7.439024390243903,7.865853658536586,-6.2804878048780495
10_41_18_561,21.0,9.0,1.0,6.0,0.0,-3.0,14.0,9.0,0.72265625,0.1220703125,0.62451171875,-1.7682926829268295,7.195121951219513,-4.939024390243903
10_41_18_601,6.0,15.0,18.0,2.0,-5.0,2.0,-3.0,7.0,0.732421875,0.1298828125,0.5712890625,-2.3170731707317076,2.1951219512195124,1.6463414634146343
10_41_18_601,5.0,4.0,-14.0,-1.0,-1.0,-3.0,0.0,-4.0,0.73095703125,0.1494140625,0.57373046875,-0.6097560975609757,4.329268292682928,0.853658536585366
10_41_18_601,-12.0,-4.0,7.0,-2.0,3.0,-3.0,-3.0,-2.0,0.73828125,0.1611328125,0.55712890625,1.6463414634146343,5.2439024390243905,0.6707317073170732
10_41_18_601,18.0,-23.0,-11.0,-3.0,-4.0,5.0,5.0,6.0,0.7412109375,0.14990234375,0.56787109375,4.817073170731708,5.182926829268293,0.3658536585365854
10_41_18_601,5.0,4.0,-1.0,0.0,-2.0,-4.0,-6.0,2.0,0.73681640625,0.1337890625,0.5634765625,8.536585365853659,5.609756097560976,0.0
10_41_18_601,-4.0,1.0,0.0,-1.0,1.0,2.0,-3.0,-2.0,0.736328125,0.11328125,0.55908203125,10.0,6.2804878048780495,0.30487804878048785
10_41_18_601,1.0,-5.0,-8.0,-3.0,0.0,-3.0,0.0,-5.0,0.7431640625,0.07470703125,0.56201171875,5.3048780487804885,6.463414634146342,-0.6707317073170732
10_41_18_601,-2.0,2.0,3.0,-4.0,-1.0,0.0,1.0,6.0,0.72998046875,0.09326171875,0.572265625,-2.8658536585365857,6.341463414634147,-1.0975609756097562
10_41_18_601,23.0,-3.0,-11.0,4.0,-3.0,-4.0,-4.0,4.0,0.7177734375,0.13623046875,0.5888671875,-4.451219512195122,7.073170731707318,-1.8902439024390245
10_41_18_601,-16.0,4.0,0.0,-1.0,-4.0,1.0,3.0,0.0,0.72607421875,0.158203125,0.6015625,-0.426829268292683,7.134146341463415,-3.658536585365854
10_41_18_667,6.0,14.0,15.0,-4.0,-2.0,2.0,7.0,18.0,0.724609375,0.13720703125,0.57861328125,-1.2804878048780488,0.853658536585366,2.3170731707317076
10_41_18_667,0.0,1.0,-4.0,-5.0,0.0,-1.0,-9.0,-8.0,0.732421875,0.1298828125,0.5712890625,-2.3170731707317076,2.1951219512195124,1.6463414634146343
10_41_18_667,1.0,0.0,9.0,4.0,1.0,-5.0,-6.0,-1.0,0.73095703125,0.1494140625,0.57373046875,-0.6097560975609757,4.329268292682928,0.853658536585366
10_41_18_667,13.0,24.0,6.0,2.0,0.0,0.0,7.0,4.0,0.73828125,0.1611328125,0.55712890625,1.6463414634146343,5.2439024390243905,0.6707317073170732
10_41_18_667,6.0,15.0,18.0,2.0,-5.0,2.0,-3.0,7.0,0.7412109375,0.14990234375,0.56787109375,4.817073170731708,5.182926829268293,0.3658536585365854
10_41_18_667,5.0,4.0,-14.0,-1.0,-1.0,-3.0,0.0,-4.0,0.73681640625,0.1337890625,0.5634765625,8.536585365853659,5.609756097560976,0.0
10_41_18_667,-12.0,-4.0,7.0,-2.0,3.0,-3.0,-3.0,-2.0,0.736328125,0.11328125,0.55908203125,10.0,6.2804878048780495,0.30487804878048785
10_41_18_667,18.0,-23.0,-11.0,-3.0,-4.0,5.0,5.0,6.0,0.7431640625,0.07470703125,0.56201171875,5.3048780487804885,6.463414634146342,-0.6707317073170732
10_41_18_667,5.0,4.0,-1.0,0.0,-2.0,-4.0,-6.0,2.0,0.72998046875,0.09326171875,0.572265625,-2.8658536585365857,6.341463414634147,-1.0975609756097562
10_41_18_667,-4.0,1.0,0.0,-1.0,1.0,2.0,-3.0,-2.0,0.7177734375,0.13623046875,0.5888671875,-4.451219512195122,7.073170731707318,-1.8902439024390245
10_41_18_706,27.0,21.0,11.0,2.0,2.0,2.0,3.0,9.0,0.7314453125,0.1396484375,0.59326171875,4.329268292682928,-0.9756097560975611,2.1341463414634148
10_41_18_706,24.0,18.0,-1.0,3.0,-4.0,-4.0,-2.0,4.0,0.716796875,0.14453125,0.5732421875,2.804878048780488,0.0,2.5
10_41_18_706,-8.0,2.0,-1.0,3.0,-1.0,-3.0,1.0,0.0,0.724609375,0.13720703125,0.57861328125,-1.2804878048780488,0.853658536585366,2.3170731707317076
10_41_18_706,-1.0,-4.0,1.0,-5.0,2.0,2.0,2.0,-6.0,0.732421875,0.1298828125,0.5712890625,-2.3170731707317076,2.1951219512195124,1.6463414634146343
10_41_18_706,9.0,11.0,-6.0,0.0,-1.0,-1.0,2.0,4.0,0.73095703125,0.1494140625,0.57373046875,-0.6097560975609757,4.329268292682928,0.853658536585366
10_41_18_706,-5.0,12.0,6.0,3.0,-1.0,-1.0,-15.0,0.0,0.73828125,0.1611328125,0.55712890625,1.6463414634146343,5.2439024390243905,0.6707317073170732
10_41_18_706,-18.0,-38.0,-6.0,-3.0,-1.0,-3.0,4.0,-7.0,0.7412109375,0.14990234375,0.56787109375,4.817073170731708,5.182926829268293,0.3658536585365854
10_41_18_706,-8.0,4.0,-3.0,-6.0,-3.0,0.0,-1.0,-8.0,0.73681640625,0.1337890625,0.5634765625,8.536585365853659,5.609756097560976,0.0
10_41_18_756,-56.0,-35.0,-6.0,-15.0,-5.0,-1.0,3.0,-9.0,0.71826171875,0.14599609375,0.6083984375,0.7317073170731708,-3.048780487804878,1.0365853658536586
10_41_18_756,-5.0,-23.0,2.0,5.0,1.0,-2.0,-1.0,-7.0,0.7216796875,0.14404296875,0.59228515625,1.6463414634146343,-2.8658536585365857,3.353658536585366
10_41_18_756,4.0,5.0,-1.0,3.0,3.0,1.0,5.0,2.0,0.728515625,0.13818359375,0.57958984375,1.4634146341463417,-2.8658536585365857,3.536585365853659
10_41_18_756,-20.0,-2.0,-12.0,-8.0,-2.0,0.0,18.0,-9.0,0.73974609375,0.15771484375,0.58642578125,0.30487804878048785,-1.9512195121951221,2.5609756097560976
10_41_18_756,9.0,-4.0,4.0,0.0,0.0,-1.0,-12.0,-5.0,0.74365234375,0.14892578125,0.59130859375,2.8658536585365857,-2.0121951219512195,1.7682926829268295
10_41_18_756,-6.0,5.0,-1.0,1.0,0.0,4.0,1.0,1.0,0.7314453125,0.1396484375,0.59326171875,4.329268292682928,-0.9756097560975611,2.1341463414634148
10_41_18_756,3.0,-1.0,-3.0,2.0,0.0,1.0,2.0,5.0,0.716796875,0.14453125,0.5732421875,2.804878048780488,0.0,2.5
10_41_18_756,2.0,3.0,0.0,-8.0,-3.0,-3.0,-2.0,-3.0,0.724609375,0.13720703125,0.57861328125,-1.2804878048780488,0.853658536585366,2.3170731707317076
10_41_18_756,4.0,-2.0,-6.0,-3.0,-2.0,-4.0,0.0,0.0,0.732421875,0.1298828125,0.5712890625,-2.3170731707317076,2.1951219512195124,1.6463414634146343
10_41_18_756,-2.0,4.0,-1.0,4.0,-3.0,3.0,-6.0,1.0,0.73095703125,0.1494140625,0.57373046875,-0.6097560975609757,4.329268292682928,0.853658536585366
10_41_18_809,3.0,-10.0,10.0,2.0,4.0,1.0,17.0,9.0,0.73095703125,0.1494140625,0.61962890625,2.3170731707317076,-3.231707317073171,0.06097560975609757
10_41_18_809,1.0,11.0,-41.0,-6.0,2.0,-3.0,-12.0,0.0,0.71826171875,0.14599609375,0.6083984375,0.7317073170731708,-3.048780487804878,1.0365853658536586
10_41_18_809,-9.0,-3.0,1.0,-3.0,-3.0,0.0,-9.0,-4.0,0.7216796875,0.14404296875,0.59228515625,1.6463414634146343,-2.8658536585365857,3.353658536585366
10_41_18_809,4.0,-6.0,13.0,2.0,1.0,-8.0,-4.0,-6.0,0.728515625,0.13818359375,0.57958984375,1.4634146341463417,-2.8658536585365857,3.536585365853659
10_41_18_809,-3.0,-41.0,-17.0,-10.0,0.0,-3.0,-3.0,-6.0,0.73974609375,0.15771484375,0.58642578125,0.30487804878048785,-1.9512195121951221,2.5609756097560976
10_41_18_809,-56.0,-35.0,-6.0,-15.0,-5.0,-1.0,3.0,-9.0,0.74365234375,0.14892578125,0.59130859375,2.8658536585365857,-2.0121951219512195,1.7682926829268295
10_41_18_809,-5.0,-23.0,2.0,5.0,1.0,-2.0,-1.0,-7.0,0.7314453125,0.1396484375,0.59326171875,4.329268292682928,-0.9756097560975611,2.1341463414634148
10_41_18_809,4.0,5.0,-1.0,3.0,3.0,1.0,5.0,2.0,0.716796875,0.14453125,0.5732421875,2.804878048780488,0.0,2.5
10_41_18_809,-20.0,-2.0,-12.0,-8.0,-2.0,0.0,18.0,-9.0,0.724609375,0.13720703125,0.57861328125,-1.2804878048780488,0.853658536585366,2.3170731707317076
10_41_18_864,1.0,11.0,-4.0,-1.0,0.0,-1.0,-1.0,-3.0,0.693359375,0.1513671875,0.63818359375,3.4756097560975614,-4.878048780487806,1.7682926829268295
10_41_18_864,-3.0,-6.0,-4.0,-1.0,0.0,0.0,-6.0,3.0,0.708984375,0.14990234375,0.6259765625,-0.7926829268292683,-5.121951219512195,2.3170731707317076
10_41_18_864,-7.0,13.0,9.0,1.0,1.0,4.0,-4.0,-7.0,0.72265625,0.14599609375,0.6162109375,0.24390243902439027,-3.780487804878049,1.0975609756097562
10_41_18_864,28.0,-38.0,-13.0,1.0,-5.0,-18.0,-4.0,3.0,0.73095703125,0.1494140625,0.61962890625,2.3170731707317076,-3.231707317073171,0.06097560975609757
10_41_18_864,-60.0,6.0,-4.0,-10.0,2.0,10.0,2.0,1.0,0.71826171875,0.14599609375,0.6083984375,0.7317073170731708,-3.048780487804878,1.0365853658536586
10_41_18_864,-7.0,-65.0,-26.0,2.0,-1.0,2.0,-21.0,-20.0,0.7216796875,0.14404296875,0.59228515625,1.6463414634146343,-2.8658536585365857,3.353658536585366
10_41_18_864,20.0,59.0,24.0,-1.0,3.0,1.0,0.0,-6.0,0.728515625,0.13818359375,0.57958984375,1.4634146341463417,-2.8658536585365857,3.536585365853659
10_41_18_864,-7.0,-7.0,4.0,6.0,-1.0,-3.0,5.0,7.0,0.73974609375,0.15771484375,0.58642578125,0.30487804878048785,-1.9512195121951221,2.5609756097560976
10_41_18_864,25.0,14.0,1.0,2.0,-2.0,0.0,-12.0,-5.0,0.74365234375,0.14892578125,0.59130859375,2.8658536585365857,-2.0121951219512195,1.7682926829268295
10_41_18_864,3.0,-10.0,10.0,2.0,4.0,1.0,17.0,9.0,0.7314453125,0.1396484375,0.59326171875,4.329268292682928,-0.9756097560975611,2.1341463414634148
10_41_18_905,-1.0,-20.0,-21.0,-5.0,-2.0,-2.0,11.0,7.0,0.69189453125,0.11962890625,0.6181640625,8.658536585365855,-7.439024390243903,5.548780487804878
10_41_18_905,-20.0,12.0,27.0,7.0,0.0,3.0,-3.0,-6.0,0.69091796875,0.130859375,0.615234375,6.707317073170732,-6.2804878048780495,4.51219512195122
10_41_18_905,21.0,22.0,-10.0,0.0,0.0,-2.0,-13.0,-5.0,0.69482421875,0.14306640625,0.638671875,6.219512195121951,-4.146341463414634,3.048780487804878
10_41_18_905,-45.0,-33.0,-3.0,-8.0,-4.0,-2.0,-1.0,-3.0,0.693359375,0.1513671875,0.63818359375,3.4756097560975614,-4.878048780487806,1.7682926829268295
10_41_18_905,4.0,-4.0,-32.0,-4.0,3.0,2.0,1.0,-3.0,0.708984375,0.14990234375,0.6259765625,-0.7926829268292683,-5.121951219512195,2.3170731707317076
10_41_18_905,-21.0,-32.0,-10.0,-6.0,-2.0,-3.0,0.0,-1.0,0.72265625,0.14599609375,0.6162109375,0.24390243902439027,-3.780487804878049,1.0975609756097562
10_41_18_905,28.0,21.0,-6.0,3.0,-3.0,-6.0,1.0,3.0,0.73095703125,0.1494140625,0.61962890625,2.3170731707317076,-3.231707317073171,0.06097560975609757
10_41_18_905,-33.0,-12.0,-11.0,-5.0,1.0,-2.0,6.0,4.0,0.71826171875,0.14599609375,0.6083984375,0.7317073170731708,-3.048780487804878,1.0365853658536586
10_41_18_905,2.0,10.0,-2.0,-2.0,1.0,1.0,-13.0,-6.0,0.7216796875,0.14404296875,0.59228515625,1.6463414634146343,-2.8658536585365857,3.353658536585366
10_41_18_905,-1.0,-26.0,-11.0,-1.0,-2.0,-3.0,18.0,7.0,0.728515625,0.13818359375,0.57958984375,1.4634146341463417,-2.8658536585365857,3.536585365853659
10_41_18_967,-11.0,-121.0,-89.0,-21.0,4.0,2.0,2.0,-44.0,0.69921875,0.125,0.6181640625,9.146341463414634,-7.134146341463415,3.963414634146342
10_41_18_967,-29.0,47.0,55.0,8.0,-4.0,3.0,13.0,1.0,0.69189453125,0.11962890625,0.6181640625,8.658536585365855,-7.439024390243903,5.548780487804878
10_41_18_967,-10.0,40.0,21.0,11.0,3.0,-2.0,17.0,6.0,0.69091796875,0.130859375,0.615234375,6.707317073170732,-6.2804878048780495,4.51219512195122
10_41_18_967,8.0,43.0,8.0,-8.0,-11.0,-3.0,1.0,0.0,0.69482421875,0.14306640625,0.638671875,6.219512195121951,-4.146341463414634,3.048780487804878
10_41_18_967,3.0,-18.0,1.0,-6.0,-2.0,-2.0,28.0,41.0,0.693359375,0.1513671875,0.63818359375,3.4756097560975614,-4.878048780487806,1.7682926829268295
10_41_18_967,-8.0,46.0,-33.0,-10.0,-3.0,0.0,-34.0,-3.0,0.708984375,0.14990234375,0.6259765625,-0.7926829268292683,-5.121951219512195,2.3170731707317076
10_41_18_967,-15.0,-3.0,15.0,-4.0,2.0,2.0,-2.0,0.0,0.72265625,0.14599609375,0.6162109375,0.24390243902439027,-3.780487804878049,1.0975609756097562
10_41_18_967,1.0,3.0,22.0,-5.0,-2.0,0.0,-6.0,-2.0,0.73095703125,0.1494140625,0.61962890625,2.3170731707317076,-3.231707317073171,0.06097560975609757
10_41_19_007,-20.0,-2.0,-4.0,1.0,5.0,-1.0,2.0,-23.0,0.7294921875,0.15869140625,0.59765625,-0.30487804878048785,-0.5487804878048781,3.048780487804878
10_41_19_007,10.0,72.0,26.0,4.0,-3.0,1.0,16.0,5.0,0.73974609375,0.1474609375,0.619140625,3.963414634146342,-4.2682926829268295,3.8414634146341466
10_41_19_007,-17.0,-27.0,-48.0,-14.0,0.0,-1.0,-12.0,-45.0,0.70849609375,0.140625,0.62060546875,7.25609756097561,-6.158536585365854,3.2926829268292686
10_41_19_007,-26.0,-10.0,17.0,-3.0,3.0,2.0,-3.0,3.0,0.69921875,0.125,0.6181640625,9.146341463414634,-7.134146341463415,3.963414634146342
10_41_19_007,-13.0,-10.0,6.0,0.0,0.0,3.0,-14.0,0.0,0.69189453125,0.11962890625,0.6181640625,8.658536585365855,-7.439024390243903,5.548780487804878
10_41_19_007,22.0,-44.0,-12.0,-5.0,-1.0,-11.0,-6.0,2.0,0.69091796875,0.130859375,0.615234375,6.707317073170732,-6.2804878048780495,4.51219512195122
10_41_19_007,-11.0,-66.0,-59.0,-15.0,-4.0,6.0,7.0,-19.0,0.69482421875,0.14306640625,0.638671875,6.219512195121951,-4.146341463414634,3.048780487804878
10_41_19_007,-56.0,-30.0,32.0,0.0,2.0,-4.0,-36.0,4.0,0.693359375,0.1513671875,0.63818359375,3.4756097560975614,-4.878048780487806,1.7682926829268295
10_41_19_007,45.0,63.0,19.0,11.0,-3.0,-2.0,-8.0,19.0,0.708984375,0.14990234375,0.6259765625,-0.7926829268292683,-5.121951219512195,2.3170731707317076
10_41_19_072,17.0,-16.0,-5.0,-13.0,5.0,1.0,4.0,6.0,0.71728515625,0.123046875,0.57763671875,-4.451219512195122,-3.231707317073171,5.365853658536586
10_41_19_072,-8.0,-1.0,-27.0,-10.0,0.0,-5.0,20.0,2.0,0.70458984375,0.15576171875,0.59912109375,-7.134146341463415,-1.402439024390244,8.536585365853659
10_41_19_072,3.0,-17.0,15.0,4.0,2.0,1.0,-22.0,-10.0,0.7294921875,0.15869140625,0.59765625,-0.30487804878048785,-0.5487804878048781,3.048780487804878
10_41_19_072,3.0,-19.0,-2.0,1.0,-1.0,-4.0,3.0,11.0,0.73974609375,0.1474609375,0.619140625,3.963414634146342,-4.2682926829268295,3.8414634146341466
10_41_19_072,1.0,31.0,12.0,-5.0,-4.0,-2.0,-4.0,-15.0,0.70849609375,0.140625,0.62060546875,7.25609756097561,-6.158536585365854,3.2926829268292686
10_41_19_072,7.0,-7.0,27.0,2.0,-1.0,4.0,12.0,-4.0,0.69921875,0.125,0.6181640625,9.146341463414634,-7.134146341463415,3.963414634146342
10_41_19_072,-45.0,-16.0,-26.0,-6.0,-4.0,-1.0,8.0,2.0,0.69189453125,0.11962890625,0.6181640625,8.658536585365855,-7.439024390243903,5.548780487804878
10_41_19_072,10.0,10.0,20.0,6.0,0.0,2.0,1.0,2.0,0.69091796875,0.130859375,0.615234375,6.707317073170732,-6.2804878048780495,4.51219512195122
10_41_19_072,4.0,18.0,23.0,4.0,-3.0,-1.0,-13.0,7.0,0.69482421875,0.14306640625,0.638671875,6.219512195121951,-4.146341463414634,3.048780487804878
10_41_19_072,-20.0,-2.0,-4.0,1.0,5.0,-1.0,2.0,-23.0,0.693359375,0.1513671875,0.63818359375,3.4756097560975614,-4.878048780487806,1.7682926829268295
10_41_19_110,-19.0,5.0,-8.0,-6.0,0.0,-1.0,-4.0,1.0,0.701171875,0.1103515625,0.5634765625,-0.06097560975609757,-6.158536585365854,11.158536585365855
10_41_19_110,13.0,-6.0,-15.0,-1.0,0.0,0.0,-3.0,-10.0,0.7177734375,0.11669921875,0.57177734375,5.365853658536586,-4.207317073170732,9.390243902439025
10_41_19_110,13.0,25.0,12.0,5.0,-3.0,3.0,10.0,2.0,0.728515625,0.119140625,0.572265625,9.02439024390244,-3.780487804878049,7.25609756097561
10_41_19_110,-3.0,-15.0,-15.0,-4.0,0.0,1.0,-12.0,-9.0,0.728515625,0.10888671875,0.5947265625,4.878048780487806,-3.4756097560975614,4.390243902439025
10_41_19_110,-7.0,-21.0,1.0,-5.0,-1.0,-1.0,-3.0,-8.0,0.71728515625,0.123046875,0.57763671875,-4.451219512195122,-3.231707317073171,5.365853658536586
10_41_19_110,3.0,11.0,-3.0,-1.0,0.0,0.0,-1.0,4.0,0.70458984375,0.15576171875,0.59912109375,-7.134146341463415,-1.402439024390244,8.536585365853659
10_41_19_110,-2.0,3.0,4.0,2.0,-1.0,1.0,2.0,4.0,0.7294921875,0.15869140625,0.59765625,-0.30487804878048785,-0.5487804878048781,3.048780487804878
10_41_19_110,1.0,-33.0,-8.0,1.0,-2.0,-5.0,9.0,4.0,0.73974609375,0.1474609375,0.619140625,3.963414634146342,-4.2682926829268295,3.8414634146341466
10_41_19_110,3.0,-21.0,-14.0,-6.0,2.0,-1.0,12.0,-8.0,0.70849609375,0.140625,0.62060546875,7.25609756097561,-6.158536585365854,3.2926829268292686
10_41_19_110,21.0,-45.0,-12.0,-4.0,-7.0,-3.0,-2.0,9.0,0.69921875,0.125,0.6181640625,9.146341463414634,-7.134146341463415,3.963414634146342
10_41_19_158,-1.0,-5.0,-6.0,0.0,-2.0,2.0,2.0,-7.0,0.6982421875,0.0595703125,0.53125,5.975609756097562,-16.76829268292683,15.365853658536587
10_41_19_158,0.0,1.0,-2.0,2.0,-4.0,-1.0,-1.0,1.0,0.6962890625,0.07470703125,0.5556640625,2.6219512195121952,-12.621951219512196,12.195121951219512
10_41_19_158,-23.0,3.0,-4.0,-3.0,2.0,-2.0,-12.0,-7.0,0.69677734375,0.08740234375,0.5517578125,1.7682926829268295,-9.939024390243903,11.829268292682928
10_41_19_158,-6.0,-54.0,8.0,0.0,-1.0,0.0,10.0,9.0,0.701171875,0.1103515625,0.5634765625,-0.06097560975609757,-6.158536585365854,11.158536585365855
10_41_19_158,7.0,-2.0,6.0,1.0,1.0,-3.0,-1.0,-6.0,0.7177734375,0.11669921875,0.57177734375,5.365853658536586,-4.207317073170732,9.390243902439025
10_41_19_158,-10.0,10.0,0.0,-9.0,1.0,-5.0,-55.0,-6.0,0.728515625,0.119140625,0.572265625,9.02439024390244,-3.780487804878049,7.25609756097561
10_41_19_158,-5.0,5.0,10.0,8.0,0.0,3.0,35.0,27.0,0.728515625,0.10888671875,0.5947265625,4.878048780487806,-3.4756097560975614,4.390243902439025
10_41_19_158,0.0,11.0,-4.0,4.0,-2.0,-5.0,23.0,2.0,0.71728515625,0.123046875,0.57763671875,-4.451219512195122,-3.231707317073171,5.365853658536586
10_41_19_158,-8.0,25.0,-13.0,-5.0,1.0,5.0,12.0,0.0,0.70458984375,0.15576171875,0.59912109375,-7.134146341463415,-1.402439024390244,8.536585365853659
10_41_19_158,25.0,-66.0,-3.0,4.0,1.0,0.0,-1.0,10.0,0.7294921875,0.15869140625,0.59765625,-0.30487804878048785,-0.5487804878048781,3.048780487804878
10_41_19_231,3.0,3.0,0.0,4.0,-3.0,-2.0,13.0,11.0,0.69677734375,0.08740234375,0.5517578125,1.7682926829268295,-9.939024390243903,11.829268292682928
10_41_19_231,-4.0,4.0,4.0,-5.0,1.0,-2.0,-6.0,-4.0,0.701171875,0.1103515625,0.5634765625,-0.06097560975609757,-6.158536585365854,11.158536585365855
10_41_19_231,-1.0,-5.0,-6.0,0.0,-2.0,2.0,2.0,-7.0,0.7177734375,0.11669921875,0.57177734375,5.365853658536586,-4.207317073170732,9.390243902439025
10_41_19_231,0.0,1.0,-2.0,2.0,-4.0,-1.0,-1.0,1.0,0.728515625,0.119140625,0.572265625,9.02439024390244,-3.780487804878049,7.25609756097561
10_41_19_231,-23.0,3.0,-4.0,-3.0,2.0,-2.0,-12.0,-7.0,0.728515625,0.10888671875,0.5947265625,4.878048780487806,-3.4756097560975614,4.390243902439025
10_41_19_231,-6.0,-54.0,8.0,0.0,-1.0,0.0,10.0,9.0,0.71728515625,0.123046875,0.57763671875,-4.451219512195122,-3.231707317073171,5.365853658536586
10_41_19_265,-28.0,17.0,-5.0,-7.0,-8.0,-4.0,-4.0,-7.0,0.76171875,0.08544921875,0.5185546875,25.731707317073173,-36.82926829268293,25.182926829268293
10_41_19_265,18.0,5.0,7.0,8.0,2.0,1.0,-1.0,3.0,0.740234375,0.07080078125,0.51806640625,19.878048780487806,-32.5,19.81707317073171
10_41_19_265,-9.0,15.0,-1.0,1.0,-1.0,-1.0,11.0,-3.0,0.73046875,0.0751953125,0.52685546875,13.231707317073171,-26.89024390243903,18.902439024390244
10_41_19_265,1.0,17.0,13.0,7.0,-3.0,-1.0,2.0,6.0,0.7099609375,0.0556640625,0.5400390625,7.8048780487804885,-21.28048780487805,18.170731707317074
10_41_19_265,3.0,7.0,-14.0,-5.0,0.0,-1.0,-5.0,7.0,0.6982421875,0.0595703125,0.53125,5.975609756097562,-16.76829268292683,15.365853658536587
10_41_19_265,14.0,16.0,4.0,-6.0,-4.0,-1.0,0.0,5.0,0.6962890625,0.07470703125,0.5556640625,2.6219512195121952,-12.621951219512196,12.195121951219512
10_41_19_265,5.0,-12.0,-4.0,1.0,2.0,-1.0,7.0,0.0,0.69677734375,0.08740234375,0.5517578125,1.7682926829268295,-9.939024390243903,11.829268292682928
10_41_19_265,-38.0,26.0,0.0,-4.0,-3.0,-2.0,-27.0,-12.0,0.701171875,0.1103515625,0.5634765625,-0.06097560975609757,-6.158536585365854,11.158536585365855
10_41_19_265,-8.0,9.0,-11.0,-9.0,-5.0,-2.0,-56.0,0.0,0.7177734375,0.11669921875,0.57177734375,5.365853658536586,-4.207317073170732,9.390243902439025
10_41_19_265,-6.0,0.0,18.0,-2.0,3.0,1.0,3.0,-19.0,0.728515625,0.119140625,0.572265625,9.02439024390244,-3.780487804878049,7.25609756097561
10_41_19_318,-37.0,-51.0,-8.0,3.0,-3.0,2.0,-2.0,-9.0,0.8046875,0.09423828125,0.4814453125,29.451219512195124,-43.47560975609756,25.670731707317074
10_41_19_318,25.0,15.0,-3.0,2.0,-5.0,-3.0,-46.0,1.0,0.7744140625,0.09912109375,0.49658203125,33.41463414634146,-40.97560975609756,27.012195121951223
10_41_19_318,12.0,18.0,7.0,1.0,-1.0,-2.0,-5.0,-3.0,0.76171875,0.08544921875,0.5185546875,25.731707317073173,-36.82926829268293,25.182926829268293
10_41_19_318,-14.0,-17.0,-6.0,3.0,-1.0,-1.0,-11.0,-2.0,0.740234375,0.07080078125,0.51806640625,19.878048780487806,-32.5,19.81707317073171
10_41_19_318,-7.0,-18.0,9.0,-7.0,2.0,7.0,0.0,-21.0,0.73046875,0.0751953125,0.52685546875,13.231707317073171,-26.89024390243903,18.902439024390244
10_41_19_318,26.0,6.0,-15.0,-4.0,-3.0,-3.0,-8.0,-2.0,0.7099609375,0.0556640625,0.5400390625,7.8048780487804885,-21.28048780487805,18.170731707317074
10_41_19_318,-28.0,17.0,-5.0,-7.0,-8.0,-4.0,-4.0,-7.0,0.6982421875,0.0595703125,0.53125,5.975609756097562,-16.76829268292683,15.365853658536587
10_41_19_318,18.0,5.0,7.0,8.0,2.0,1.0,-1.0,3.0,0.6962890625,0.07470703125,0.5556640625,2.6219512195121952,-12.621951219512196,12.195121951219512
10_41_19_318,-9.0,15.0,-1.0,1.0,-1.0,-1.0,11.0,-3.0,0.69677734375,0.08740234375,0.5517578125,1.7682926829268295,-9.939024390243903,11.829268292682928
10_41_19_318,1.0,17.0,13.0,7.0,-3.0,-1.0,2.0,6.0,0.701171875,0.1103515625,0.5634765625,-0.06097560975609757,-6.158536585365854,11.158536585365855
10_41_19_378,-6.0,-19.0,2.0,-2.0,-3.0,0.0,3.0,-2.0,0.85888671875,0.1103515625,0.43603515625,22.378048780487806,-39.93902439024391,20.731707317073173
10_41_19_378,0.0,1.0,-19.0,-2.0,1.0,1.0,-4.0,3.0,0.84375,0.1005859375,0.46533203125,22.5609756097561,-43.10975609756098,24.451219512195124
10_41_19_378,-11.0,-13.0,1.0,-9.0,-4.0,1.0,-2.0,-15.0,0.8046875,0.09423828125,0.4814453125,29.451219512195124,-43.47560975609756,25.670731707317074
10_41_19_378,-4.0,-18.0,1.0,2.0,-5.0,1.0,-1.0,-19.0,0.7744140625,0.09912109375,0.49658203125,33.41463414634146,-40.97560975609756,27.012195121951223
10_41_19_378,17.0,30.0,4.0,11.0,-5.0,1.0,0.0,19.0,0.76171875,0.08544921875,0.5185546875,25.731707317073173,-36.82926829268293,25.182926829268293
10_41_19_378,-52.0,-62.0,-10.0,-12.0,3.0,1.0,30.0,-19.0,0.740234375,0.07080078125,0.51806640625,19.878048780487806,-32.5,19.81707317073171
10_41_19_378,-5.0,-3.0,12.0,-6.0,-1.0,4.0,4.0,-29.0,0.73046875,0.0751953125,0.52685546875,13.231707317073171,-26.89024390243903,18.902439024390244
10_41_19_378,-12.0,-7.0,-3.0,7.0,2.0,-4.0,-2.0,-3.0,0.7099609375,0.0556640625,0.5400390625,7.8048780487804885,-21.28048780487805,18.170731707317074
10_41_19_378,-3.0,-5.0,-1.0,2.0,2.0,4.0,-1.0,4.0,0.6982421875,0.0595703125,0.53125,5.975609756097562,-16.76829268292683,15.365853658536587
10_41_19_421,-3.0,-1.0,-10.0,-4.0,-9.0,-4.0,5.0,-2.0,0.91162109375,0.21484375,0.349609375,9.390243902439025,-37.19512195121951,14.390243902439027
10_41_19_421,4.0,5.0,4.0,3.0,4.0,-5.0,-6.0,6.0,0.89208984375,0.22998046875,0.34375,12.134146341463415,-39.207317073170735,17.195121951219512
10_41_19_421,-6.0,-38.0,-12.0,-2.0,1.0,1.0,19.0,-6.0,0.89013671875,0.19384765625,0.38427734375,15.853658536585368,-40.97560975609756,15.914634146341465
10_41_19_421,-5.0,-1.0,8.0,3.0,3.0,5.0,4.0,-7.0,0.865234375,0.1513671875,0.41357421875,24.390243902439025,-40.670731707317074,18.414634146341466
10_41_19_421,5.0,48.0,-1.0,-9.0,-7.0,0.0,-13.0,-25.0,0.85888671875,0.1103515625,0.43603515625,22.378048780487806,-39.93902439024391,20.731707317073173
10_41_19_421,-44.0,-53.0,-12.0,-12.0,-2.0,-4.0,-5.0,5.0,0.84375,0.1005859375,0.46533203125,22.5609756097561,-43.10975609756098,24.451219512195124
10_41_19_421,64.0,50.0,9.0,1.0,1.0,-1.0,-1.0,9.0,0.8046875,0.09423828125,0.4814453125,29.451219512195124,-43.47560975609756,25.670731707317074
10_41_19_421,3.0,0.0,10.0,6.0,-2.0,-7.0,1.0,2.0,0.7744140625,0.09912109375,0.49658203125,33.41463414634146,-40.97560975609756,27.012195121951223
10_41_19_421,-1.0,40.0,-11.0,1.0,-5.0,-13.0,2.0,0.0,0.76171875,0.08544921875,0.5185546875,25.731707317073173,-36.82926829268293,25.182926829268293
10_41_19_421,1.0,4.0,6.0,1.0,-2.0,-8.0,-5.0,-1.0,0.740234375,0.07080078125,0.51806640625,19.878048780487806,-32.5,19.81707317073171
10_41_19_479,6.0,-11.0,13.0,-7.0,3.0,0.0,-2.0,1.0,0.93359375,0.04443359375,0.3466796875,14.207317073170733,-31.951219512195124,18.719512195121954
10_41_19_479,27.0,25.0,4.0,2.0,0.0,3.0,18.0,9.0,0.92333984375,0.1005859375,0.3310546875,4.695121951219512,-34.451219512195124,15.670731707317074
10_41_19_479,-77.0,27.0,5.0,-14.0,-9.0,-6.0,-44.0,-14.0,0.91162109375,0.21484375,0.349609375,9.390243902439025,-37.19512195121951,14.390243902439027
10_41_19_479,-6.0,-30.0,-6.0,5.0,-1.0,6.0,-5.0,-11.0,0.89208984375,0.22998046875,0.34375,12.134146341463415,-39.207317073170735,17.195121951219512
10_41_19_479,-15.0,-28.0,-4.0,-4.0,4.0,0.0,-2.0,-4.0,0.89013671875,0.19384765625,0.38427734375,15.853658536585368,-40.97560975609756,15.914634146341465
10_41_19_479,5.0,0.0,1.0,2.0,5.0,-2.0,-7.0,-1.0,0.865234375,0.1513671875,0.41357421875,24.390243902439025,-40.670731707317074,18.414634146341466
10_41_19_479,-3.0,-1.0,-10.0,-4.0,-9.0,-4.0,5.0,-2.0,0.85888671875,0.1103515625,0.43603515625,22.378048780487806,-39.93902439024391,20.731707317073173
10_41_19_479,4.0,5.0,4.0,3.0,4.0,-5.0,-6.0,6.0,0.84375,0.1005859375,0.46533203125,22.5609756097561,-43.10975609756098,24.451219512195124
10_41_19_479,-6.0,-38.0,-12.0,-2.0,1.0,1.0,19.0,-6.0,0.8046875,0.09423828125,0.4814453125,29.451219512195124,-43.47560975609756,25.670731707317074
10_41_19_479,-5.0,-1.0,8.0,3.0,3.0,5.0,4.0,-7.0,0.7744140625,0.09912109375,0.49658203125,33.41463414634146,-40.97560975609756,27.012195121951223
10_41_19_516,-5.0,78.0,22.0,-5.0,-8.0,1.0,-3.0,-7.0,0.974609375,0.23193359375,0.33447265625,3.048780487804878,-17.865853658536587,7.439024390243903
10_41_19_516,3.0,-21.0,-15.0,4.0,-4.0,-1.0,0.0,7.0,0.94580078125,0.21337890625,0.37646484375,24.75609756097561,-22.80487804878049,9.634146341463415
10_41_19_516,3.0,-14.0,-23.0,1.0,-1.0,0.0,0.0,3.0,0.9521484375,0.09912109375,0.3837890625,26.09756097560976,-27.987804878048784,15.365853658536587
10_41_19_516,0.0,4.0,6.0,-10.0,0.0,-1.0,-1.0,-8.0,0.93359375,0.04443359375,0.3466796875,14.207317073170733,-31.951219512195124,18.719512195121954
10_41_19_516,7.0,21.0,9.0,3.0,-2.0,-1.0,10.0,6.0,0.92333984375,0.1005859375,0.3310546875,4.695121951219512,-34.451219512195124,15.670731707317074
10_41_19_516,-24.0,-22.0,-18.0,-4.0,-3.0,-4.0,8.0,-4.0,0.91162109375,0.21484375,0.349609375,9.390243902439025,-37.19512195121951,14.390243902439027
10_41_19_516,-3.0,-10.0,-10.0,3.0,-4.0,0.0,8.0,-3.0,0.89208984375,0.22998046875,0.34375,12.134146341463415,-39.207317073170735,17.195121951219512
10_41_19_516,-14.0,7.0,-24.0,0.0,-2.0,-2.0,-10.0,3.0,0.89013671875,0.19384765625,0.38427734375,15.853658536585368,-40.97560975609756,15.914634146341465
10_41_19_516,-7.0,1.0,-26.0,-11.0,0.0,-3.0,9.0,8.0,0.865234375,0.1513671875,0.41357421875,24.390243902439025,-40.670731707317074,18.414634146341466
10_41_19_516,-9.0,-8.0,-26.0,7.0,2.0,1.0,-4.0,-8.0,0.85888671875,0.1103515625,0.43603515625,22.378048780487806,-39.93902439024391,20.731707317073173
10_41_19_582,-5.0,9.0,0.0,-5.0,-6.0,-10.0,28.0,9.0,0.9423828125,0.13623046875,0.3232421875,-19.75609756097561,-7.8048780487804885,1.1585365853658538
10_41_19_582,14.0,-5.0,-3.0,2.0,0.0,-3.0,-12.0,6.0,1.02001953125,0.20166015625,0.2333984375,-30.914634146341466,-9.207317073170733,2.5
10_41_19_582,18.0,4.0,6.0,7.0,1.0,-1.0,17.0,12.0,0.99853515625,0.23046875,0.2822265625,-11.585365853658537,-13.597560975609758,5.182926829268293
10_41_19_582,-24.0,-10.0,-5.0,-3.0,1.0,-1.0,-1.0,-18.0,0.974609375,0.23193359375,0.33447265625,3.048780487804878,-17.865853658536587,7.439024390243903
10_41_19_582,-28.0,-16.0,-7.0,-6.0,-3.0,-2.0,5.0,-4.0,0.94580078125,0.21337890625,0.37646484375,24.75609756097561,-22.80487804878049,9.634146341463415
10_41_19_582,12.0,-7.0,-8.0,3.0,4.0,-6.0,-3.0,2.0,0.9521484375,0.09912109375,0.3837890625,26.09756097560976,-27.987804878048784,15.365853658536587
10_41_19_582,13.0,5.0,8.0,5.0,-6.0,-1.0,12.0,4.0,0.93359375,0.04443359375,0.3466796875,14.207317073170733,-31.951219512195124,18.719512195121954
10_41_19_582,-7.0,8.0,0.0,-4.0,-2.0,-30.0,-9.0,1.0,0.92333984375,0.1005859375,0.3310546875,4.695121951219512,-34.451219512195124,15.670731707317074
10_41_19_582,-2.0,-11.0,-10.0,-1.0,-14.0,53.0,4.0,-4.0,0.91162109375,0.21484375,0.349609375,9.390243902439025,-37.19512195121951,14.390243902439027
10_41_19_582,29.0,-44.0,-6.0,-1.0,2.0,-25.0,-3.0,-3.0,0.89208984375,0.22998046875,0.34375,12.134146341463415,-39.207317073170735,17.195121951219512
10_41_19_635,6.0,6.0,4.0,-2.0,0.0,-8.0,-2.0,-6.0,0.8701171875,0.09033203125,0.37353515625,-2.3170731707317076,-8.597560975609756,4.146341463414634
10_41_19_635,-20.0,-14.0,-2.0,-2.0,-7.0,2.0,-5.0,3.0,0.90625,0.05029296875,0.3525390625,4.329268292682928,-6.646341463414635,2.6219512195121952
10_41_19_635,-2.0,-11.0,1.0,1.0,2.0,-6.0,-6.0,-3.0,0.89501953125,0.041015625,0.39404296875,-0.1829268292682927,-7.865853658536586,1.9512195121951221
10_41_19_635,14.0,-2.0,1.0,-3.0,2.0,1.0,0.0,-1.0,0.9423828125,0.13623046875,0.3232421875,-19.75609756097561,-7.8048780487804885,1.1585365853658538
10_41_19_635,-33.0,2.0,-2.0,-1.0,-2.0,-3.0,-1.0,-10.0,1.02001953125,0.20166015625,0.2333984375,-30.914634146341466,-9.207317073170733,2.5
10_41_19_635,-4.0,-9.0,5.0,-3.0,0.0,-4.0,-2.0,5.0,0.99853515625,0.23046875,0.2822265625,-11.585365853658537,-13.597560975609758,5.182926829268293
10_41_19_635,-5.0,-18.0,-5.0,-4.0,-5.0,-6.0,-4.0,-5.0,0.974609375,0.23193359375,0.33447265625,3.048780487804878,-17.865853658536587,7.439024390243903
10_41_19_635,4.0,14.0,4.0,3.0,-2.0,-3.0,-3.0,-1.0,0.94580078125,0.21337890625,0.37646484375,24.75609756097561,-22.80487804878049,9.634146341463415
10_41_19_635,1.0,-36.0,-8.0,-7.0,-3.0,5.0,0.0,-5.0,0.9521484375,0.09912109375,0.3837890625,26.09756097560976,-27.987804878048784,15.365853658536587
10_41_19_635,-4.0,60.0,0.0,-1.0,-9.0,-8.0,-2.0,0.0,0.93359375,0.04443359375,0.3466796875,14.207317073170733,-31.951219512195124,18.719512195121954
10_41_19_675,4.0,8.0,1.0,1.0,0.0,9.0,6.0,3.0,0.8662109375,0.0078125,0.34375,3.1707317073170733,-16.70731707317073,7.560975609756098
10_41_19_675,1.0,1.0,0.0,-3.0,-5.0,-3.0,-17.0,-4.0,0.875,0.01611328125,0.3251953125,-8.170731707317074,-10.609756097560977,3.963414634146342
10_41_19_675,6.0,-1.0,2.0,0.0,1.0,-4.0,3.0,5.0,0.8701171875,0.09033203125,0.37353515625,-2.3170731707317076,-8.597560975609756,4.146341463414634
10_41_19_675,3.0,2.0,-6.0,8.0,-2.0,-2.0,3.0,0.0,0.90625,0.05029296875,0.3525390625,4.329268292682928,-6.646341463414635,2.6219512195121952
10_41_19_675,8.0,0.0,4.0,0.0,-4.0,1.0,3.0,-4.0,0.89501953125,0.041015625,0.39404296875,-0.1829268292682927,-7.865853658536586,1.9512195121951221
10_41_19_675,3.0,19.0,-5.0,1.0,0.0,0.0,1.0,-1.0,0.9423828125,0.13623046875,0.3232421875,-19.75609756097561,-7.8048780487804885,1.1585365853658538
10_41_19_675,-5.0,-9.0,-5.0,-12.0,4.0,1.0,-3.0,-26.0,1.02001953125,0.20166015625,0.2333984375,-30.914634146341466,-9.207317073170733,2.5
10_41_19_675,0.0,-9.0,-1.0,-13.0,-5.0,-11.0,-2.0,32.0,0.99853515625,0.23046875,0.2822265625,-11.585365853658537,-13.597560975609758,5.182926829268293
10_41_19_675,-13.0,23.0,19.0,25.0,3.0,2.0,2.0,5.0,0.974609375,0.23193359375,0.33447265625,3.048780487804878,-17.865853658536587,7.439024390243903
10_41_19_675,-10.0,-23.0,2.0,5.0,-3.0,0.0,3.0,-11.0,0.94580078125,0.21337890625,0.37646484375,24.75609756097561,-22.80487804878049,9.634146341463415
10_41_19_728,-17.0,-15.0,-6.0,4.0,3.0,-3.0,22.0,4.0,0.9228515625,0.1162109375,0.3857421875,9.329268292682928,-17.865853658536587,6.646341463414635
10_41_19_728,24.0,103.0,32.0,4.0,4.0,-1.0,0.0,0.0,0.92138671875,0.1044921875,0.349609375,9.085365853658537,-18.84146341463415,2.8658536585365857
10_41_19_728,-46.0,-39.0,-27.0,-26.0,-11.0,-8.0,-10.0,-19.0,0.896484375,0.08154296875,0.32177734375,5.731707317073171,-17.98780487804878,6.463414634146342
10_41_19_728,19.0,80.0,2.0,5.0,0.0,-2.0,-4.0,0.0,0.8662109375,0.0078125,0.34375,3.1707317073170733,-16.70731707317073,7.560975609756098
10_41_19_728,13.0,5.0,8.0,6.0,2.0,-1.0,3.0,12.0,0.875,0.01611328125,0.3251953125,-8.170731707317074,-10.609756097560977,3.963414634146342
10_41_19_728,-3.0,13.0,-2.0,3.0,-3.0,-3.0,11.0,9.0,0.8701171875,0.09033203125,0.37353515625,-2.3170731707317076,-8.597560975609756,4.146341463414634
10_41_19_728,28.0,57.0,10.0,2.0,3.0,-1.0,-7.0,0.0,0.90625,0.05029296875,0.3525390625,4.329268292682928,-6.646341463414635,2.6219512195121952
10_41_19_728,-7.0,-20.0,-4.0,-6.0,1.0,-3.0,-6.0,-4.0,0.89501953125,0.041015625,0.39404296875,-0.1829268292682927,-7.865853658536586,1.9512195121951221
10_41_19_728,4.0,8.0,1.0,1.0,0.0,9.0,6.0,3.0,0.9423828125,0.13623046875,0.3232421875,-19.75609756097561,-7.8048780487804885,1.1585365853658538
10_41_19_728,1.0,1.0,0.0,-3.0,-5.0,-3.0,-17.0,-4.0,1.02001953125,0.20166015625,0.2333984375,-30.914634146341466,-9.207317073170733,2.5
10_41_19_778,-33.0,-110.0,-56.0,-22.0,-5.0,-2.0,-1.0,-20.0,0.931640625,0.1044921875,0.39892578125,-2.073170731707317,-15.121951219512196,6.158536585365854
10_41_19_778,18.0,124.0,24.0,7.0,-4.0,-4.0,-6.0,6.0,0.9228515625,0.1162109375,0.3857421875,9.329268292682928,-17.865853658536587,6.646341463414635
10_41_19_778,-4.0,-56.0,-10.0,-12.0,-6.0,-6.0,-7.0,-13.0,0.92138671875,0.1044921875,0.349609375,9.085365853658537,-18.84146341463415,2.8658536585365857
10_41_19_778,-24.0,-36.0,-15.0,-4.0,-6.0,-1.0,-11.0,-17.0,0.896484375,0.08154296875,0.32177734375,5.731707317073171,-17.98780487804878,6.463414634146342
10_41_19_778,-4.0,-12.0,5.0,8.0,1.0,-1.0,-16.0,10.0,0.8662109375,0.0078125,0.34375,3.1707317073170733,-16.70731707317073,7.560975609756098
10_41_19_778,26.0,-4.0,-2.0,5.0,7.0,4.0,55.0,33.0,0.875,0.01611328125,0.3251953125,-8.170731707317074,-10.609756097560977,3.963414634146342
10_41_19_778,0.0,30.0,4.0,5.0,0.0,-3.0,-24.0,5.0,0.8701171875,0.09033203125,0.37353515625,-2.3170731707317076,-8.597560975609756,4.146341463414634
10_41_19_778,-37.0,19.0,-44.0,-53.0,-12.0,-3.0,8.0,-60.0,0.90625,0.05029296875,0.3525390625,4.329268292682928,-6.646341463414635,2.6219512195121952
10_41_19_820,11.0,16.0,1.0,9.0,-5.0,3.0,11.0,10.0,0.91357421875,0.1171875,0.3046875,31.58536585365854,-7.621951219512196,9.573170731707318
10_41_19_820,-20.0,-3.0,0.0,-9.0,4.0,3.0,-20.0,-69.0,0.93212890625,0.00390625,0.3603515625,19.878048780487806,-10.487804878048781,11.890243902439025
10_41_19_820,-22.0,-26.0,-7.0,1.0,0.0,0.0,3.0,-12.0,0.94921875,-0.0751953125,0.2822265625,-0.426829268292683,-13.475609756097562,7.317073170731708
10_41_19_820,1.0,18.0,4.0,-6.0,4.0,-6.0,-1.0,-19.0,0.931640625,0.1044921875,0.39892578125,-2.073170731707317,-15.121951219512196,6.158536585365854
10_41_19_820,-8.0,-15.0,-1.0,2.0,0.0,3.0,3.0,-1.0,0.9228515625,0.1162109375,0.3857421875,9.329268292682928,-17.865853658536587,6.646341463414635
10_41_19_820,-2.0,0.0,3.0,-1.0,-4.0,-5.0,-6.0,-15.0,0.92138671875,0.1044921875,0.349609375,9.085365853658537,-18.84146341463415,2.8658536585365857
10_41_19_820,-9.0,-15.0,1.0,11.0,3.0,-4.0,1.0,37.0,0.896484375,0.08154296875,0.32177734375,5.731707317073171,-17.98780487804878,6.463414634146342
10_41_19_820,-9.0,-121.0,-19.0,-8.0,-3.0,0.0,-4.0,-20.0,0.8662109375,0.0078125,0.34375,3.1707317073170733,-16.70731707317073,7.560975609756098
10_41_19_820,14.0,15.0,7.0,1.0,0.0,1.0,3.0,1.0,0.875,0.01611328125,0.3251953125,-8.170731707317074,-10.609756097560977,3.963414634146342
10_41_19_820,-12.0,19.0,-5.0,-1.0,-4.0,-2.0,0.0,3.0,0.8701171875,0.09033203125,0.37353515625,-2.3170731707317076,-8.597560975609756,4.146341463414634
10_41_19_887,7.0,-1.0,17.0,-16.0,9.0,1.0,-15.0,-12.0,0.91455078125,0.13134765625,0.28271484375,9.207317073170733,-10.975609756097562,11.341463414634147
10_41_19_887,9.0,9.0,-8.0,7.0,-8.0,-2.0,4.0,6.0,0.904296875,0.23681640625,0.27685546875,8.048780487804878,-8.78048780487805,6.158536585365854
10_41_19_887,-1.0,7.0,3.0,1.0,2.0,-1.0,4.0,-10.0,0.93408203125,0.201171875,0.29638671875,12.865853658536587,-5.121951219512195,7.317073170731708
10_41_19_887,16.0,0.0,-6.0,-2.0,-6.0,0.0,-2.0,-6.0,0.91357421875,0.1171875,0.3046875,31.58536585365854,-7.621951219512196,9.573170731707318
10_41_19_887,-10.0,24.0,8.0,5.0,-4.0,2.0,-2.0,-3.0,0.93212890625,0.00390625,0.3603515625,19.878048780487806,-10.487804878048781,11.890243902439025
10_41_19_887,11.0,12.0,8.0,8.0,-3.0,-6.0,0.0,8.0,0.94921875,-0.0751953125,0.2822265625,-0.426829268292683,-13.475609756097562,7.317073170731708
10_41_19_887,9.0,2.0,7.0,8.0,17.0,2.0,5.0,-3.0,0.931640625,0.1044921875,0.39892578125,-2.073170731707317,-15.121951219512196,6.158536585365854
10_41_19_887,-15.0,-11.0,1.0,-22.0,-10.0,-5.0,-4.0,7.0,0.9228515625,0.1162109375,0.3857421875,9.329268292682928,-17.865853658536587,6.646341463414635
10_41_19_887,-19.0,-5.0,-17.0,5.0,0.0,-3.0,3.0,-6.0,0.92138671875,0.1044921875,0.349609375,9.085365853658537,-18.84146341463415,2.8658536585365857
10_41_19_887,-3.0,11.0,-12.0,-15.0,-6.0,-1.0,9.0,-29.0,0.896484375,0.08154296875,0.32177734375,5.731707317073171,-17.98780487804878,6.463414634146342
10_41_19_932,-1.0,6.0,-16.0,-5.0,-1.0,-1.0,2.0,1.0,0.9443359375,-0.119140625,0.35595703125,22.195121951219512,-16.52439024390244,6.585365853658537
10_41_19_932,1.0,-4.0,5.0,-5.0,-2.0,-4.0,2.0,-1.0,0.89599609375,-0.05419921875,0.3291015625,-6.463414634146342,-17.621951219512198,8.597560975609756
10_41_19_932,5.0,5.0,-3.0,3.0,1.0,-2.0,1.0,2.0,0.91455078125,0.13134765625,0.28271484375,9.207317073170733,-10.975609756097562,11.341463414634147
10_41_19_932,-1.0,-6.0,-4.0,-4.0,0.0,2.0,-1.0,-4.0,0.904296875,0.23681640625,0.27685546875,8.048780487804878,-8.78048780487805,6.158536585365854
10_41_19_932,-2.0,-8.0,-3.0,0.0,-3.0,-2.0,1.0,-10.0,0.93408203125,0.201171875,0.29638671875,12.865853658536587,-5.121951219512195,7.317073170731708
10_41_19_932,-4.0,-9.0,-12.0,4.0,0.0,0.0,-3.0,6.0,0.91357421875,0.1171875,0.3046875,31.58536585365854,-7.621951219512196,9.573170731707318
10_41_19_932,-13.0,-11.0,-5.0,2.0,-3.0,3.0,-3.0,-17.0,0.93212890625,0.00390625,0.3603515625,19.878048780487806,-10.487804878048781,11.890243902439025
10_41_19_932,14.0,34.0,10.0,10.0,-1.0,-3.0,10.0,10.0,0.94921875,-0.0751953125,0.2822265625,-0.426829268292683,-13.475609756097562,7.317073170731708
10_41_19_932,-13.0,-56.0,-13.0,-12.0,1.0,0.0,5.0,37.0,0.931640625,0.1044921875,0.39892578125,-2.073170731707317,-15.121951219512196,6.158536585365854
10_41_19_976,15.0,3.0,-14.0,-1.0,-3.0,-2.0,28.0,26.0,0.90673828125,0.15869140625,0.27490234375,33.963414634146346,-12.134146341463415,7.317073170731708
10_41_19_976,-28.0,-5.0,11.0,4.0,1.0,4.0,12.0,-48.0,0.92578125,0.0234375,0.3359375,34.390243902439025,-12.865853658536587,8.536585365853659
10_41_19_976,-22.0,-5.0,19.0,-8.0,-9.0,-8.0,-56.0,-58.0,0.9443359375,-0.119140625,0.35595703125,22.195121951219512,-16.52439024390244,6.585365853658537
10_41_19_976,5.0,5.0,18.0,25.0,21.0,-7.0,-47.0,8.0,0.89599609375,-0.05419921875,0.3291015625,-6.463414634146342,-17.621951219512198,8.597560975609756
10_41_19_976,20.0,5.0,-7.0,-8.0,-4.0,7.0,42.0,25.0,0.91455078125,0.13134765625,0.28271484375,9.207317073170733,-10.975609756097562,11.341463414634147
10_41_19_976,10.0,12.0,9.0,-13.0,3.0,6.0,6.0,5.0,0.904296875,0.23681640625,0.27685546875,8.048780487804878,-8.78048780487805,6.158536585365854
10_41_19_976,-10.0,0.0,-4.0,-2.0,-7.0,-3.0,-3.0,-7.0,0.93408203125,0.201171875,0.29638671875,12.865853658536587,-5.121951219512195,7.317073170731708
10_41_19_976,-1.0,6.0,-16.0,-5.0,-1.0,-1.0,2.0,1.0,0.91357421875,0.1171875,0.3046875,31.58536585365854,-7.621951219512196,9.573170731707318
10_41_19_976,1.0,-4.0,5.0,-5.0,-2.0,-4.0,2.0,-1.0,0.93212890625,0.00390625,0.3603515625,19.878048780487806,-10.487804878048781,11.890243902439025
10_41_19_976,5.0,5.0,-3.0,3.0,1.0,-2.0,1.0,2.0,0.94921875,-0.0751953125,0.2822265625,-0.426829268292683,-13.475609756097562,7.317073170731708
10_41_20_040,22.0,42.0,-2.0,7.0,5.0,10.0,-42.0,-4.0,0.9697265625,0.15966796875,0.267578125,3.780487804878049,-5.670731707317073,3.536585365853659
10_41_20_040,-114.0,-92.0,-19.0,-13.0,-7.0,-29.0,-28.0,-10.0,0.96142578125,0.08544921875,0.31689453125,4.75609756097561,-12.74390243902439,1.1585365853658538
10_41_20_040,-10.0,39.0,-2.0,-2.0,0.0,-14.0,6.0,-15.0,0.96240234375,0.12109375,0.28564453125,1.6463414634146343,-15.54878048780488,4.146341463414634
10_41_20_040,22.0,12.0,8.0,15.0,1.0,-3.0,106.0,16.0,0.904296875,0.1845703125,0.23828125,17.25609756097561,-12.682926829268293,7.134146341463415
10_41_20_040,20.0,11.0,-11.0,-2.0,-20.0,-16.0,91.0,38.0,0.90673828125,0.15869140625,0.27490234375,33.963414634146346,-12.134146341463415,7.317073170731708
10_41_20_040,-7.0,-13.0,6.0,5.0,28.0,-64.0,-128.0,-28.0,0.92578125,0.0234375,0.3359375,34.390243902439025,-12.865853658536587,8.536585365853659
10_41_20_040,-24.0,-15.0,-9.0,-11.0,-11.0,13.0,96.0,-5.0,0.9443359375,-0.119140625,0.35595703125,22.195121951219512,-16.52439024390244,6.585365853658537
10_41_20_040,17.0,25.0,5.0,-7.0,5.0,54.0,82.0,5.0,0.89599609375,-0.05419921875,0.3291015625,-6.463414634146342,-17.621951219512198,8.597560975609756
10_41_20_040,7.0,-9.0,-19.0,20.0,4.0,81.0,41.0,13.0,0.91455078125,0.13134765625,0.28271484375,9.207317073170733,-10.975609756097562,11.341463414634147
10_41_20_040,4.0,-5.0,-8.0,-6.0,-9.0,104.0,38.0,6.0,0.904296875,0.23681640625,0.27685546875,8.048780487804878,-8.78048780487805,6.158536585365854
10_41_20_073,14.0,-9.0,0.0,7.0,2.0,37.0,7.0,3.0,0.96142578125,0.11767578125,0.248046875,-1.8902439024390245,-5.060975609756098,8.414634146341465
10_41_20_073,-2.0,-14.0,2.0,-13.0,2.0,6.0,-11.0,-6.0,0.9697265625,0.15966796875,0.267578125,3.780487804878049,-5.670731707317073,3.536585365853659
10_41_20_073,-8.0,8.0,5.0,-29.0,-7.0,-45.0,-73.0,17.0,0.96142578125,0.08544921875,0.31689453125,4.75609756097561,-12.74390243902439,1.1585365853658538
10_41_20_073,1.0,-6.0,2.0,26.0,31.0,-50.0,-15.0,-6.0,0.96240234375,0.12109375,0.28564453125,1.6463414634146343,-15.54878048780488,4.146341463414634
10_41_20_073,0.0,-10.0,-9.0,-15.0,-14.0,32.0,43.0,-13.0,0.904296875,0.1845703125,0.23828125,17.25609756097561,-12.682926829268293,7.134146341463415
10_41_20_073,22.0,42.0,-2.0,7.0,5.0,10.0,-42.0,-4.0,0.90673828125,0.15869140625,0.27490234375,33.963414634146346,-12.134146341463415,7.317073170731708
10_41_20_073,-114.0,-92.0,-19.0,-13.0,-7.0,-29.0,-28.0,-10.0,0.92578125,0.0234375,0.3359375,34.390243902439025,-12.865853658536587,8.536585365853659
10_41_20_073,-10.0,39.0,-2.0,-2.0,0.0,-14.0,6.0,-15.0,0.9443359375,-0.119140625,0.35595703125,22.195121951219512,-16.52439024390244,6.585365853658537
10_41_20_073,22.0,12.0,8.0,15.0,1.0,-3.0,106.0,16.0,0.89599609375,-0.05419921875,0.3291015625,-6.463414634146342,-17.621951219512198,8.597560975609756
10_41_20_124,20.0,-1.0,42.0,55.0,10.0,18.0,32.0,9.0,0.94091796875,0.044921875,0.24755859375,33.170731707317074,-4.634146341463415,8.170731707317074
10_41_20_124,21.0,11.0,-8.0,2.0,10.0,-34.0,20.0,4.0,0.966796875,0.01611328125,0.23779296875,12.987804878048781,-3.658536585365854,7.317073170731708
10_41_20_124,1.0,0.0,0.0,-34.0,-6.0,6.0,15.0,-12.0,0.96728515625,-0.001953125,0.208984375,-3.2926829268292686,-4.451219512195122,3.4756097560975614
10_41_20_124,12.0,34.0,4.0,3.0,-15.0,-32.0,0.0,-9.0,0.96142578125,0.11767578125,0.248046875,-1.8902439024390245,-5.060975609756098,8.414634146341465
10_41_20_124,-71.0,43.0,-8.0,22.0,-10.0,27.0,-10.0,-14.0,0.9697265625,0.15966796875,0.267578125,3.780487804878049,-5.670731707317073,3.536585365853659
10_41_20_124,77.0,127.0,22.0,5.0,1.0,-12.0,16.0,29.0,0.96142578125,0.08544921875,0.31689453125,4.75609756097561,-12.74390243902439,1.1585365853658538
10_41_20_124,18.0,-22.0,3.0,-9.0,5.0,3.0,6.0,7.0,0.96240234375,0.12109375,0.28564453125,1.6463414634146343,-15.54878048780488,4.146341463414634
10_41_20_124,-19.0,-1.0,10.0,13.0,2.0,-26.0,9.0,-24.0,0.904296875,0.1845703125,0.23828125,17.25609756097561,-12.682926829268293,7.134146341463415
10_41_20_124,20.0,24.0,18.0,10.0,4.0,-1.0,-11.0,23.0,0.90673828125,0.15869140625,0.27490234375,33.963414634146346,-12.134146341463415,7.317073170731708
10_41_20_124,14.0,-2.0,-13.0,2.0,8.0,4.0,-5.0,-9.0,0.92578125,0.0234375,0.3359375,34.390243902439025,-12.865853658536587,8.536585365853659
10_41_20_191,0.0,-109.0,26.0,53.0,-43.0,-12.0,-128.0,-14.0,0.7587890625,0.2626953125,0.23388671875,25.0609756097561,8.963414634146343,12.439024390243903
10_41_20_191,-48.0,-128.0,-62.0,-1.0,12.0,-31.0,1.0,5.0,0.9599609375,0.408203125,0.11279296875,56.463414634146346,14.51219512195122,13.109756097560977
10_41_20_191,70.0,114.0,113.0,-14.0,-18.0,12.0,8.0,-1.0,1.0517578125,0.0234375,0.17431640625,63.29268292682927,3.9024390243902443,9.878048780487806
10_41_20_191,-12.0,127.0,5.0,-11.0,-12.0,-18.0,-35.0,9.0,0.94091796875,0.044921875,0.24755859375,33.170731707317074,-4.634146341463415,8.170731707317074
10_41_20_191,12.0,8.0,-71.0,-26.0,-62.0,-4.0,-10.0,14.0,0.966796875,0.01611328125,0.23779296875,12.987804878048781,-3.658536585365854,7.317073170731708
10_41_20_191,-60.0,34.0,8.0,44.0,60.0,9.0,1.0,8.0,0.96728515625,-0.001953125,0.208984375,-3.2926829268292686,-4.451219512195122,3.4756097560975614
10_41_20_191,-39.0,39.0,-39.0,-7.0,33.0,-12.0,-13.0,-40.0,0.96142578125,0.11767578125,0.248046875,-1.8902439024390245,-5.060975609756098,8.414634146341465
10_41_20_191,-69.0,127.0,58.0,-1.0,72.0,25.0,59.0,-53.0,0.9697265625,0.15966796875,0.267578125,3.780487804878049,-5.670731707317073,3.536585365853659
10_41_20_191,-23.0,127.0,22.0,-9.0,33.0,44.0,35.0,27.0,0.96142578125,0.08544921875,0.31689453125,4.75609756097561,-12.74390243902439,1.1585365853658538
10_41_20_191,61.0,11.0,23.0,49.0,-3.0,-12.0,98.0,14.0,0.96240234375,0.12109375,0.28564453125,1.6463414634146343,-15.54878048780488,4.146341463414634
10_41_20_230,-11.0,8.0,-26.0,-59.0,54.0,-66.0,-128.0,-60.0,0.986328125,0.20947265625,0.2197265625,61.585365853658544,6.036585365853659,3.8414634146341466
10_41_20_230,-70.0,-98.0,60.0,97.0,-80.0,9.0,127.0,82.0,1.080078125,-0.068359375,0.30224609375,87.8048780487805,5.853658536585367,2.1341463414634148
10_41_20_230,43.0,18.0,-28.0,-6.0,-65.0,8.0,45.0,16.0,0.9970703125,-0.14306640625,0.34033203125,49.81707317073171,2.8658536585365857,0.9146341463414634
10_41_20_230,-29.0,10.0,1.0,-4.0,-25.0,14.0,127.0,-5.0,0.7587890625,0.2626953125,0.23388671875,25.0609756097561,8.963414634146343,12.439024390243903
10_41_20_230,-115.0,-100.0,-37.0,1.0,-50.0,-30.0,-91.0,-56.0,0.9599609375,0.408203125,0.11279296875,56.463414634146346,14.51219512195122,13.109756097560977
10_41_20_230,-35.0,11.0,31.0,-70.0,-43.0,-26.0,-83.0,14.0,1.0517578125,0.0234375,0.17431640625,63.29268292682927,3.9024390243902443,9.878048780487806
10_41_20_230,48.0,-127.0,-16.0,27.0,38.0,4.0,127.0,-7.0,0.94091796875,0.044921875,0.24755859375,33.170731707317074,-4.634146341463415,8.170731707317074
10_41_20_230,-110.0,-128.0,-46.0,-38.0,-7.0,3.0,10.0,-25.0,0.966796875,0.01611328125,0.23779296875,12.987804878048781,-3.658536585365854,7.317073170731708
10_41_20_230,17.0,-128.0,5.0,35.0,32.0,-3.0,-77.0,-2.0,0.96728515625,-0.001953125,0.208984375,-3.2926829268292686,-4.451219512195122,3.4756097560975614
10_41_20_230,12.0,-117.0,6.0,-3.0,-26.0,-3.0,94.0,15.0,0.96142578125,0.11767578125,0.248046875,-1.8902439024390245,-5.060975609756098,8.414634146341465
10_41_20_290,26.0,-128.0,15.0,6.0,-9.0,5.0,-36.0,26.0,0.8916015625,-0.10693359375,0.2998046875,17.195121951219512,2.7439024390243905,7.134146341463415
10_41_20_290,34.0,84.0,86.0,15.0,13.0,18.0,-25.0,23.0,0.923828125,0.0810546875,0.201171875,13.841463414634148,6.463414634146342,-1.2804878048780488
10_41_20_290,-30.0,127.0,64.0,2.0,-1.0,6.0,89.0,8.0,0.986328125,0.20947265625,0.2197265625,61.585365853658544,6.036585365853659,3.8414634146341466
10_41_20_290,-6.0,-128.0,-128.0,41.0,13.0,0.0,-9.0,-47.0,1.080078125,-0.068359375,0.30224609375,87.8048780487805,5.853658536585367,2.1341463414634148
10_41_20_290,-33.0,31.0,127.0,-21.0,42.0,-4.0,-50.0,-41.0,0.9970703125,-0.14306640625,0.34033203125,49.81707317073171,2.8658536585365857,0.9146341463414634
10_41_20_290,-10.0,127.0,-43.0,-30.0,83.0,35.0,127.0,27.0,0.7587890625,0.2626953125,0.23388671875,25.0609756097561,8.963414634146343,12.439024390243903
10_41_20_290,-11.0,8.0,-26.0,-59.0,54.0,-66.0,-128.0,-60.0,0.9599609375,0.408203125,0.11279296875,56.463414634146346,14.51219512195122,13.109756097560977
10_41_20_290,-70.0,-98.0,60.0,97.0,-80.0,9.0,127.0,82.0,1.0517578125,0.0234375,0.17431640625,63.29268292682927,3.9024390243902443,9.878048780487806
10_41_20_290,43.0,18.0,-28.0,-6.0,-65.0,8.0,45.0,16.0,0.94091796875,0.044921875,0.24755859375,33.170731707317074,-4.634146341463415,8.170731707317074
10_41_20_290,-29.0,10.0,1.0,-4.0,-25.0,14.0,127.0,-5.0,0.966796875,0.01611328125,0.23779296875,12.987804878048781,-3.658536585365854,7.317073170731708
10_41_20_328,-9.0,39.0,-48.0,-48.0,105.0,-35.0,-85.0,49.0,1.1220703125,0.16015625,0.03662109375,-2.25609756097561,18.84146341463415,2.682926829268293
10_41_20_328,-5.0,-5.0,-51.0,-62.0,-83.0,1.0,-71.0,-87.0,1.083984375,0.25927734375,0.08935546875,24.512195121951223,7.500000000000001,-1.5853658536585367
10_41_20_328,-120.0,18.0,-64.0,-77.0,-45.0,1.0,127.0,20.0,0.94287109375,0.03662109375,0.287109375,38.41463414634147,0.6097560975609757,7.134146341463415
10_41_20_328,59.0,-57.0,-19.0,-17.0,-6.0,-2.0,-13.0,78.0,0.8916015625,-0.10693359375,0.2998046875,17.195121951219512,2.7439024390243905,7.134146341463415
10_41_20_328,-87.0,2.0,-7.0,94.0,11.0,-17.0,-36.0,18.0,0.923828125,0.0810546875,0.201171875,13.841463414634148,6.463414634146342,-1.2804878048780488
10_41_20_328,28.0,12.0,-8.0,49.0,-36.0,13.0,57.0,-39.0,0.986328125,0.20947265625,0.2197265625,61.585365853658544,6.036585365853659,3.8414634146341466
10_41_20_328,-71.0,-25.0,-75.0,-121.0,15.0,-14.0,-76.0,-44.0,1.080078125,-0.068359375,0.30224609375,87.8048780487805,5.853658536585367,2.1341463414634148
10_41_20_328,35.0,127.0,65.0,42.0,73.0,4.0,35.0,6.0,0.9970703125,-0.14306640625,0.34033203125,49.81707317073171,2.8658536585365857,0.9146341463414634
10_41_20_328,-11.0,17.0,-128.0,104.0,-10.0,-7.0,-128.0,54.0,0.7587890625,0.2626953125,0.23388671875,25.0609756097561,8.963414634146343,12.439024390243903
10_41_20_328,-27.0,104.0,29.0,-36.0,8.0,-10.0,-51.0,-94.0,0.9599609375,0.408203125,0.11279296875,56.463414634146346,14.51219512195122,13.109756097560977
10_41_20_382,127.0,7.0,8.0,3.0,-128.0,2.0,17.0,-40.0,1.01318359375,0.2841796875,0.2607421875,-9.26829268292683,46.524390243902445,-4.085365853658537
10_41_20_382,-98.0,127.0,63.0,-16.0,-11.0,35.0,-1.0,-88.0,0.99267578125,0.09033203125,0.37646484375,11.036585365853659,36.707317073170735,5.0
10_41_20_382,32.0,5.0,-47.0,63.0,127.0,-47.0,-128.0,24.0,1.0419921875,0.03369140625,0.1806640625,5.975609756097562,30.000000000000004,8.170731707317074
10_41_20_382,-1.0,19.0,-26.0,-9.0,32.0,8.0,-47.0,-8.0,1.1220703125,0.16015625,0.03662109375,-2.25609756097561,18.84146341463415,2.682926829268293
10_41_20_382,-94.0,14.0,76.0,-50.0,-27.0,12.0,127.0,64.0,1.083984375,0.25927734375,0.08935546875,24.512195121951223,7.500000000000001,-1.5853658536585367
10_41_20_382,9.0,100.0,-46.0,18.0,-88.0,-16.0,-128.0,-26.0,0.94287109375,0.03662109375,0.287109375,38.41463414634147,0.6097560975609757,7.134146341463415
10_41_20_382,4.0,100.0,28.0,-128.0,-1.0,-55.0,106.0,-43.0,0.8916015625,-0.10693359375,0.2998046875,17.195121951219512,2.7439024390243905,7.134146341463415
10_41_20_382,-24.0,3.0,-3.0,127.0,127.0,30.0,-128.0,28.0,0.923828125,0.0810546875,0.201171875,13.841463414634148,6.463414634146342,-1.2804878048780488
10_41_20_382,56.0,-99.0,10.0,40.0,-43.0,17.0,127.0,27.0,0.986328125,0.20947265625,0.2197265625,61.585365853658544,6.036585365853659,3.8414634146341466
10_41_20_382,30.0,-34.0,5.0,-107.0,-19.0,4.0,43.0,-10.0,1.080078125,-0.068359375,0.30224609375,87.8048780487805,5.853658536585367,2.1341463414634148
10_41_20_432,-11.0,44.0,-128.0,127.0,40.0,-38.0,-90.0,-6.0,1.01318359375,0.2841796875,0.2607421875,-9.26829268292683,46.524390243902445,-4.085365853658537
10_41_20_432,30.0,-47.0,-30.0,-128.0,-96.0,40.0,127.0,42.0,0.99267578125,0.09033203125,0.37646484375,11.036585365853659,36.707317073170735,5.0
10_41_20_432,127.0,7.0,8.0,3.0,-128.0,2.0,17.0,-40.0,1.0419921875,0.03369140625,0.1806640625,5.975609756097562,30.000000000000004,8.170731707317074
10_41_20_432,-98.0,127.0,63.0,-16.0,-11.0,35.0,-1.0,-88.0,1.1220703125,0.16015625,0.03662109375,-2.25609756097561,18.84146341463415,2.682926829268293
10_41_20_432,32.0,5.0,-47.0,63.0,127.0,-47.0,-128.0,24.0,1.083984375,0.25927734375,0.08935546875,24.512195121951223,7.500000000000001,-1.5853658536585367
10_41_20_432,-1.0,19.0,-26.0,-9.0,32.0,8.0,-47.0,-8.0,0.94287109375,0.03662109375,0.287109375,38.41463414634147,0.6097560975609757,7.134146341463415
10_41_20_432,-94.0,14.0,76.0,-50.0,-27.0,12.0,127.0,64.0,0.8916015625,-0.10693359375,0.2998046875,17.195121951219512,2.7439024390243905,7.134146341463415
10_41_20_432,9.0,100.0,-46.0,18.0,-88.0,-16.0,-128.0,-26.0,0.923828125,0.0810546875,0.201171875,13.841463414634148,6.463414634146342,-1.2804878048780488
10_41_20_432,4.0,100.0,28.0,-128.0,-1.0,-55.0,106.0,-43.0,0.986328125,0.20947265625,0.2197265625,61.585365853658544,6.036585365853659,3.8414634146341466
10_41_20_432,-24.0,3.0,-3.0,127.0,127.0,30.0,-128.0,28.0,1.080078125,-0.068359375,0.30224609375,87.8048780487805,5.853658536585367,2.1341463414634148
10_41_20_490,64.0,-2.0,-4.0,-128.0,-11.0,-10.0,-106.0,1.0,1.18115234375,0.23388671875,0.1142578125,-4.390243902439025,67.25609756097562,-0.9756097560975611
10_41_20_490,7.0,-18.0,-60.0,-128.0,-64.0,-1.0,63.0,1.0,1.18310546875,0.11474609375,0.228515625,6.036585365853659,54.32926829268293,2.0121951219512195
10_41_20_490,7.0,63.0,18.0,75.0,127.0,-119.0,-128.0,35.0,1.0107421875,0.021484375,0.27587890625,-11.402439024390246,49.146341463414636,0.7317073170731708
10_41_20_490,-36.0,-84.0,-39.0,105.0,-28.0,93.0,127.0,-10.0,1.00146484375,0.0947265625,0.19580078125,-29.207317073170735,49.451219512195124,-7.621951219512196
10_41_20_490,-10.0,29.0,17.0,-90.0,-128.0,57.0,127.0,3.0,1.01318359375,0.2841796875,0.2607421875,-9.26829268292683,46.524390243902445,-4.085365853658537
10_41_20_490,-25.0,4.0,-8.0,-128.0,50.0,-67.0,-128.0,-73.0,0.99267578125,0.09033203125,0.37646484375,11.036585365853659,36.707317073170735,5.0
10_41_20_490,-38.0,-106.0,-70.0,8.0,64.0,16.0,111.0,42.0,1.0419921875,0.03369140625,0.1806640625,5.975609756097562,30.000000000000004,8.170731707317074
10_41_20_490,90.0,-39.0,37.0,86.0,-76.0,-18.0,52.0,36.0,1.1220703125,0.16015625,0.03662109375,-2.25609756097561,18.84146341463415,2.682926829268293
10_41_20_490,-13.0,115.0,-22.0,-128.0,-81.0,-15.0,-128.0,-1.0,1.083984375,0.25927734375,0.08935546875,24.512195121951223,7.500000000000001,-1.5853658536585367
10_41_20_490,18.0,-20.0,127.0,85.0,127.0,9.0,127.0,30.0,0.94287109375,0.03662109375,0.287109375,38.41463414634147,0.6097560975609757,7.134146341463415
10_41_20_536,12.0,78.0,13.0,-25.0,-128.0,11.0,127.0,-13.0,1.02197265625,-0.025390625,0.5419921875,-16.03658536585366,71.82926829268294,3.780487804878049
10_41_20_536,12.0,35.0,127.0,65.0,29.0,-39.0,-128.0,-11.0,1.01513671875,0.19677734375,0.27197265625,-22.621951219512198,69.26829268292684,2.0121951219512195
10_41_20_536,-2.0,3.0,-57.0,32.0,70.0,92.0,127.0,0.0,1.18115234375,0.23388671875,0.1142578125,-4.390243902439025,67.25609756097562,-0.9756097560975611
10_41_20_536,35.0,27.0,3.0,31.0,45.0,-27.0,127.0,38.0,1.18310546875,0.11474609375,0.228515625,6.036585365853659,54.32926829268293,2.0121951219512195
10_41_20_536,-23.0,-48.0,-37.0,-128.0,15.0,17.0,-97.0,-14.0,1.0107421875,0.021484375,0.27587890625,-11.402439024390246,49.146341463414636,0.7317073170731708
10_41_20_536,67.0,13.0,-28.0,-93.0,23.0,-16.0,17.0,55.0,1.00146484375,0.0947265625,0.19580078125,-29.207317073170735,49.451219512195124,-7.621951219512196
10_41_20_536,-38.0,-41.0,-3.0,28.0,1.0,-70.0,36.0,46.0,1.01318359375,0.2841796875,0.2607421875,-9.26829268292683,46.524390243902445,-4.085365853658537
10_41_20_536,12.0,34.0,15.0,23.0,-99.0,14.0,96.0,0.0,0.99267578125,0.09033203125,0.37646484375,11.036585365853659,36.707317073170735,5.0
10_41_20_536,-72.0,-64.0,-46.0,-119.0,56.0,25.0,61.0,-20.0,1.0419921875,0.03369140625,0.1806640625,5.975609756097562,30.000000000000004,8.170731707317074
10_41_20_536,59.0,13.0,127.0,127.0,127.0,4.0,-44.0,-16.0,1.1220703125,0.16015625,0.03662109375,-2.25609756097561,18.84146341463415,2.682926829268293
10_41_20_586,20.0,-37.0,66.0,127.0,-14.0,13.0,103.0,28.0,0.8505859375,0.0205078125,0.58642578125,-50.60975609756098,78.71951219512196,-9.329268292682928
10_41_20_586,13.0,43.0,6.0,107.0,-113.0,-11.0,18.0,35.0,0.9521484375,0.0498046875,0.42236328125,-35.1829268292683,81.21951219512196,-12.80487804878049
10_41_20_586,15.0,-22.0,0.0,-43.0,-70.0,122.0,-39.0,-21.0,1.02490234375,-0.005859375,0.33349609375,-10.487804878048781,77.5,-3.963414634146342
10_41_20_586,-95.0,42.0,-25.0,8.0,10.0,-128.0,-18.0,-35.0,1.02197265625,-0.025390625,0.5419921875,-16.03658536585366,71.82926829268294,3.780487804878049
10_41_20_586,87.0,36.0,-11.0,53.0,16.0,96.0,67.0,92.0,1.01513671875,0.19677734375,0.27197265625,-22.621951219512198,69.26829268292684,2.0121951219512195
10_41_20_586,-33.0,-30.0,-20.0,-48.0,-41.0,53.0,57.0,-4.0,1.18115234375,0.23388671875,0.1142578125,-4.390243902439025,67.25609756097562,-0.9756097560975611
10_41_20_586,-7.0,-34.0,26.0,17.0,101.0,-7.0,-128.0,-71.0,1.18310546875,0.11474609375,0.228515625,6.036585365853659,54.32926829268293,2.0121951219512195
10_41_20_586,11.0,28.0,83.0,127.0,-55.0,72.0,127.0,45.0,1.0107421875,0.021484375,0.27587890625,-11.402439024390246,49.146341463414636,0.7317073170731708
10_41_20_586,-56.0,40.0,-26.0,-128.0,87.0,-128.0,-128.0,-8.0,1.00146484375,0.0947265625,0.19580078125,-29.207317073170735,49.451219512195124,-7.621951219512196
10_41_20_586,-29.0,-12.0,-8.0,34.0,16.0,78.0,-78.0,-31.0,1.01318359375,0.2841796875,0.2607421875,-9.26829268292683,46.524390243902445,-4.085365853658537
10_41_20_649,117.0,10.0,7.0,127.0,-28.0,-31.0,127.0,80.0,0.798828125,-0.03271484375,0.5771484375,-74.45121951219512,84.93902439024392,-24.26829268292683
10_41_20_649,-46.0,39.0,30.0,110.0,-101.0,78.0,-111.0,-13.0,0.79443359375,0.04931640625,0.55126953125,-64.9390243902439,84.08536585365854,-21.951219512195124
10_41_20_649,-6.0,32.0,-14.0,-48.0,127.0,-91.0,-128.0,-8.0,1.0078125,0.04248046875,0.67578125,-51.951219512195124,83.29268292682927,-20.975609756097562
10_41_20_649,-64.0,57.0,7.0,116.0,57.0,91.0,124.0,-19.0,0.8505859375,0.0205078125,0.58642578125,-50.60975609756098,78.71951219512196,-9.329268292682928
10_41_20_649,123.0,32.0,-33.0,-113.0,0.0,-35.0,60.0,127.0,0.9521484375,0.0498046875,0.42236328125,-35.1829268292683,81.21951219512196,-12.80487804878049
10_41_20_649,-61.0,-114.0,-40.0,-70.0,29.0,36.0,-128.0,-46.0,1.02490234375,-0.005859375,0.33349609375,-10.487804878048781,77.5,-3.963414634146342
10_41_20_649,127.0,77.0,21.0,49.0,-128.0,-24.0,127.0,14.0,1.02197265625,-0.025390625,0.5419921875,-16.03658536585366,71.82926829268294,3.780487804878049
10_41_20_649,18.0,1.0,-69.0,-128.0,-7.0,17.0,121.0,20.0,1.01513671875,0.19677734375,0.27197265625,-22.621951219512198,69.26829268292684,2.0121951219512195
10_41_20_649,90.0,-4.0,5.0,127.0,69.0,22.0,127.0,81.0,1.18115234375,0.23388671875,0.1142578125,-4.390243902439025,67.25609756097562,-0.9756097560975611
10_41_20_649,-67.0,-102.0,-62.0,-37.0,127.0,-88.0,-128.0,-14.0,1.18310546875,0.11474609375,0.228515625,6.036585365853659,54.32926829268293,2.0121951219512195
10_41_20_696,-25.0,11.0,-8.0,-9.0,28.0,-4.0,-128.0,-83.0,0.80126953125,0.150390625,0.69580078125,-34.024390243902445,105.3658536585366,-31.58536585365854
10_41_20_696,84.0,20.0,-13.0,-66.0,26.0,-118.0,-58.0,32.0,0.87548828125,0.03857421875,0.7744140625,-60.85365853658537,94.32926829268294,-26.89024390243903
10_41_20_696,32.0,-27.0,-33.0,-68.0,38.0,39.0,127.0,70.0,0.798828125,-0.03271484375,0.5771484375,-74.45121951219512,84.93902439024392,-24.26829268292683
10_41_20_696,-48.0,30.0,43.0,127.0,2.0,-83.0,-28.0,-128.0,0.79443359375,0.04931640625,0.55126953125,-64.9390243902439,84.08536585365854,-21.951219512195124
10_41_20_696,-30.0,0.0,-14.0,-128.0,-128.0,127.0,-19.0,36.0,1.0078125,0.04248046875,0.67578125,-51.951219512195124,83.29268292682927,-20.975609756097562
10_41_20_696,-56.0,33.0,71.0,-111.0,127.0,-4.0,-128.0,-122.0,0.8505859375,0.0205078125,0.58642578125,-50.60975609756098,78.71951219512196,-9.329268292682928
10_41_20_696,-5.0,26.0,42.0,127.0,57.0,-76.0,127.0,-34.0,0.9521484375,0.0498046875,0.42236328125,-35.1829268292683,81.21951219512196,-12.80487804878049
10_41_20_696,23.0,-8.0,-43.0,-128.0,-81.0,107.0,-128.0,41.0,1.02490234375,-0.005859375,0.33349609375,-10.487804878048781,77.5,-3.963414634146342
10_41_20_696,117.0,10.0,7.0,127.0,-28.0,-31.0,127.0,80.0,1.02197265625,-0.025390625,0.5419921875,-16.03658536585366,71.82926829268294,3.780487804878049
10_41_20_696,-46.0,39.0,30.0,110.0,-101.0,78.0,-111.0,-13.0,1.01513671875,0.19677734375,0.27197265625,-22.621951219512198,69.26829268292684,2.0121951219512195
10_41_20_749,27.0,-60.0,48.0,-101.0,-15.0,-85.0,-128.0,-36.0,0.54541015625,0.13427734375,0.67431640625,-41.646341463414636,108.65853658536587,-24.939024390243905
10_41_20_749,-117.0,-4.0,-71.0,-63.0,70.0,21.0,52.0,14.0,0.818359375,-0.04541015625,0.6826171875,-46.82926829268293,100.97560975609757,-33.59756097560976
10_41_20_749,103.0,45.0,102.0,127.0,101.0,-39.0,-63.0,16.0,0.57421875,-0.06640625,0.5185546875,-45.0609756097561,91.40243902439025,-24.085365853658537
10_41_20_749,-3.0,-35.0,-87.0,-128.0,-107.0,36.0,127.0,20.0,0.80126953125,0.150390625,0.69580078125,-34.024390243902445,105.3658536585366,-31.58536585365854
10_41_20_749,-128.0,-15.0,15.0,110.0,93.0,-128.0,-128.0,20.0,0.87548828125,0.03857421875,0.7744140625,-60.85365853658537,94.32926829268294,-26.89024390243903
10_41_20_749,127.0,14.0,79.0,-128.0,-54.0,70.0,-128.0,5.0,0.798828125,-0.03271484375,0.5771484375,-74.45121951219512,84.93902439024392,-24.26829268292683
10_41_20_749,12.0,-2.0,111.0,127.0,-128.0,109.0,127.0,43.0,0.79443359375,0.04931640625,0.55126953125,-64.9390243902439,84.08536585365854,-21.951219512195124
10_41_20_749,127.0,-13.0,-76.0,11.0,127.0,-128.0,87.0,31.0,1.0078125,0.04248046875,0.67578125,-51.951219512195124,83.29268292682927,-20.975609756097562
10_41_20_749,-98.0,-128.0,-48.0,39.0,7.0,127.0,-128.0,-60.0,0.8505859375,0.0205078125,0.58642578125,-50.60975609756098,78.71951219512196,-9.329268292682928
10_41_20_749,44.0,30.0,43.0,64.0,-128.0,126.0,127.0,79.0,0.9521484375,0.0498046875,0.42236328125,-35.1829268292683,81.21951219512196,-12.80487804878049
10_41_20_795,44.0,-12.0,-36.0,23.0,98.0,-24.0,127.0,14.0,0.59619140625,0.0166015625,0.97509765625,-2.5609756097560976,104.39024390243904,-14.451219512195124
10_41_20_795,8.0,8.0,4.0,-128.0,-128.0,58.0,17.0,-1.0,0.44970703125,0.0615234375,0.7822265625,-23.414634146341466,100.67073170731709,-15.182926829268293
10_41_20_795,67.0,22.0,-6.0,43.0,-42.0,-49.0,45.0,113.0,0.54541015625,0.13427734375,0.67431640625,-41.646341463414636,108.65853658536587,-24.939024390243905
10_41_20_795,25.0,-18.0,7.0,118.0,15.0,-4.0,74.0,52.0,0.818359375,-0.04541015625,0.6826171875,-46.82926829268293,100.97560975609757,-33.59756097560976
10_41_20_795,41.0,-10.0,-22.0,-73.0,-81.0,20.0,87.0,53.0,0.57421875,-0.06640625,0.5185546875,-45.0609756097561,91.40243902439025,-24.085365853658537
10_41_20_795,-65.0,41.0,-39.0,23.0,99.0,8.0,127.0,28.0,0.80126953125,0.150390625,0.69580078125,-34.024390243902445,105.3658536585366,-31.58536585365854
10_41_20_795,27.0,-60.0,48.0,-101.0,-15.0,-85.0,-128.0,-36.0,0.87548828125,0.03857421875,0.7744140625,-60.85365853658537,94.32926829268294,-26.89024390243903
10_41_20_795,-117.0,-4.0,-71.0,-63.0,70.0,21.0,52.0,14.0,0.798828125,-0.03271484375,0.5771484375,-74.45121951219512,84.93902439024392,-24.26829268292683
10_41_20_795,103.0,45.0,102.0,127.0,101.0,-39.0,-63.0,16.0,0.79443359375,0.04931640625,0.55126953125,-64.9390243902439,84.08536585365854,-21.951219512195124
10_41_20_795,-3.0,-35.0,-87.0,-128.0,-107.0,36.0,127.0,20.0,1.0078125,0.04248046875,0.67578125,-51.951219512195124,83.29268292682927,-20.975609756097562
10_41_20_845,37.0,-37.0,-38.0,67.0,127.0,-125.0,-43.0,-42.0,0.44140625,0.0498046875,1.0380859375,6.585365853658537,110.60975609756099,-20.670731707317074
10_41_20_845,-82.0,16.0,23.0,-23.0,-128.0,113.0,127.0,-9.0,0.24609375,0.0576171875,0.6650390625,-35.0,111.09756097560977,-32.5
10_41_20_845,21.0,24.0,-14.0,-89.0,-128.0,-21.0,127.0,29.0,0.56396484375,0.00634765625,0.79931640625,-35.54878048780488,109.93902439024392,-38.23170731707317
10_41_20_845,20.0,-23.0,23.0,-24.0,-73.0,49.0,127.0,69.0,0.59619140625,0.0166015625,0.97509765625,-2.5609756097560976,104.39024390243904,-14.451219512195124
10_41_20_845,-120.0,49.0,-14.0,127.0,82.0,-32.0,-128.0,-45.0,0.44970703125,0.0615234375,0.7822265625,-23.414634146341466,100.67073170731709,-15.182926829268293
10_41_20_845,127.0,29.0,-36.0,-110.0,-37.0,-6.0,127.0,55.0,0.54541015625,0.13427734375,0.67431640625,-41.646341463414636,108.65853658536587,-24.939024390243905
10_41_20_845,29.0,-27.0,-61.0,21.0,-21.0,-17.0,-128.0,-15.0,0.818359375,-0.04541015625,0.6826171875,-46.82926829268293,100.97560975609757,-33.59756097560976
10_41_20_845,-100.0,81.0,40.0,-23.0,35.0,-36.0,-128.0,-56.0,0.57421875,-0.06640625,0.5185546875,-45.0609756097561,91.40243902439025,-24.085365853658537
10_41_20_845,4.0,0.0,-28.0,-86.0,61.0,39.0,-128.0,-4.0,0.80126953125,0.150390625,0.69580078125,-34.024390243902445,105.3658536585366,-31.58536585365854
10_41_20_845,-49.0,-16.0,-47.0,127.0,-57.0,63.0,127.0,9.0,0.87548828125,0.03857421875,0.7744140625,-60.85365853658537,94.32926829268294,-26.89024390243903
10_41_20_885,127.0,103.0,5.0,112.0,101.0,-23.0,127.0,-44.0,0.37646484375,0.13818359375,0.8212890625,-2.1951219512195124,110.85365853658537,-25.670731707317074
10_41_20_885,40.0,6.0,74.0,-128.0,-82.0,-4.0,-86.0,7.0,0.44140625,0.0498046875,1.0380859375,6.585365853658537,110.60975609756099,-20.670731707317074
10_41_20_885,-11.0,38.0,-33.0,-23.0,39.0,35.0,127.0,-48.0,0.24609375,0.0576171875,0.6650390625,-35.0,111.09756097560977,-32.5
10_41_20_885,67.0,-1.0,19.0,127.0,16.0,-18.0,-102.0,33.0,0.56396484375,0.00634765625,0.79931640625,-35.54878048780488,109.93902439024392,-38.23170731707317
10_41_20_885,-39.0,-14.0,-89.0,-128.0,-78.0,-10.0,-46.0,-57.0,0.59619140625,0.0166015625,0.97509765625,-2.5609756097560976,104.39024390243904,-14.451219512195124
10_41_20_885,-43.0,7.0,24.0,-92.0,77.0,-13.0,58.0,9.0,0.44970703125,0.0615234375,0.7822265625,-23.414634146341466,100.67073170731709,-15.182926829268293
10_41_20_885,37.0,-37.0,-38.0,67.0,127.0,-125.0,-43.0,-42.0,0.54541015625,0.13427734375,0.67431640625,-41.646341463414636,108.65853658536587,-24.939024390243905
10_41_20_885,-82.0,16.0,23.0,-23.0,-128.0,113.0,127.0,-9.0,0.818359375,-0.04541015625,0.6826171875,-46.82926829268293,100.97560975609757,-33.59756097560976
10_41_20_885,21.0,24.0,-14.0,-89.0,-128.0,-21.0,127.0,29.0,0.57421875,-0.06640625,0.5185546875,-45.0609756097561,91.40243902439025,-24.085365853658537
10_41_20_885,20.0,-23.0,23.0,-24.0,-73.0,49.0,127.0,69.0,0.80126953125,0.150390625,0.69580078125,-34.024390243902445,105.3658536585366,-31.58536585365854
10_41_20_952,5.0,15.0,19.0,127.0,127.0,-14.0,-128.0,9.0,0.17822265625,0.23681640625,0.75927734375,17.195121951219512,109.81707317073172,-16.28048780487805
10_41_20_952,-44.0,-21.0,-36.0,-128.0,-110.0,-96.0,-35.0,-15.0,0.37646484375,0.13818359375,0.8212890625,-2.1951219512195124,110.85365853658537,-25.670731707317074
10_41_20_952,-32.0,39.0,82.0,77.0,-43.0,33.0,127.0,3.0,0.44140625,0.0498046875,1.0380859375,6.585365853658537,110.60975609756099,-20.670731707317074
10_41_20_952,-76.0,-13.0,-34.0,-43.0,99.0,13.0,-13.0,-7.0,0.24609375,0.0576171875,0.6650390625,-35.0,111.09756097560977,-32.5
10_41_20_952,3.0,52.0,-22.0,97.0,-104.0,-58.0,-122.0,-17.0,0.56396484375,0.00634765625,0.79931640625,-35.54878048780488,109.93902439024392,-38.23170731707317
10_41_20_952,80.0,86.0,39.0,-61.0,-128.0,64.0,127.0,41.0,0.59619140625,0.0166015625,0.97509765625,-2.5609756097560976,104.39024390243904,-14.451219512195124
10_41_20_952,127.0,103.0,5.0,112.0,101.0,-23.0,127.0,-44.0,0.44970703125,0.0615234375,0.7822265625,-23.414634146341466,100.67073170731709,-15.182926829268293
10_41_20_952,40.0,6.0,74.0,-128.0,-82.0,-4.0,-86.0,7.0,0.54541015625,0.13427734375,0.67431640625,-41.646341463414636,108.65853658536587,-24.939024390243905
10_41_20_952,-11.0,38.0,-33.0,-23.0,39.0,35.0,127.0,-48.0,0.818359375,-0.04541015625,0.6826171875,-46.82926829268293,100.97560975609757,-33.59756097560976
10_41_20_952,67.0,-1.0,19.0,127.0,16.0,-18.0,-102.0,33.0,0.57421875,-0.06640625,0.5185546875,-45.0609756097561,91.40243902439025,-24.085365853658537
10_41_20_993,39.0,127.0,91.0,127.0,72.0,51.0,127.0,15.0,0.16552734375,0.17724609375,0.88623046875,44.69512195121952,108.90243902439025,-1.4634146341463417
10_41_20_993,53.0,79.0,83.0,127.0,114.0,27.0,127.0,83.0,0.232421875,0.16748046875,0.72216796875,31.82926829268293,100.85365853658537,-7.560975609756098
10_41_20_993,-62.0,-57.0,-61.0,-128.0,-45.0,-86.0,-73.0,94.0,0.21630859375,-0.11669921875,1.1357421875,-13.719512195121952,95.48780487804879,-10.853658536585368
10_41_20_993,56.0,-60.0,-79.0,-8.0,3.0,-79.0,-128.0,37.0,0.26171875,0.05224609375,1.02490234375,11.951219512195124,101.82926829268294,-11.097560975609756
10_41_20_993,25.0,42.0,20.0,55.0,-52.0,23.0,-128.0,-59.0,0.17822265625,0.23681640625,0.75927734375,17.195121951219512,109.81707317073172,-16.28048780487805
10_41_20_993,9.0,40.0,75.0,127.0,123.0,-19.0,30.0,-10.0,0.37646484375,0.13818359375,0.8212890625,-2.1951219512195124,110.85365853658537,-25.670731707317074
10_41_20_993,77.0,7.0,-46.0,-48.0,-49.0,54.0,127.0,56.0,0.44140625,0.0498046875,1.0380859375,6.585365853658537,110.60975609756099,-20.670731707317074
10_41_20_993,-128.0,-85.0,-70.0,52.0,65.0,45.0,41.0,-36.0,0.24609375,0.0576171875,0.6650390625,-35.0,111.09756097560977,-32.5
10_41_20_993,56.0,-64.0,-60.0,-33.0,-20.0,-43.0,-128.0,-15.0,0.56396484375,0.00634765625,0.79931640625,-35.54878048780488,109.93902439024392,-38.23170731707317
10_41_20_993,84.0,-16.0,-38.0,-106.0,-99.0,-21.0,-44.0,37.0,0.59619140625,0.0166015625,0.97509765625,-2.5609756097560976,104.39024390243904,-14.451219512195124
10_41_21_044,117.0,40.0,116.0,-7.0,-25.0,-3.0,97.0,17.0,0.04345703125,-0.12255859375,1.09619140625,25.670731707317074,100.85365853658537,-3.4756097560975614
10_41_21_044,28.0,-3.0,127.0,35.0,68.0,-8.0,68.0,21.0,0.16552734375,0.17724609375,0.88623046875,44.69512195121952,108.90243902439025,-1.4634146341463417
10_41_21_044,-54.0,-4.0,-122.0,-128.0,19.0,-35.0,-128.0,24.0,0.232421875,0.16748046875,0.72216796875,31.82926829268293,100.85365853658537,-7.560975609756098
10_41_21_044,-28.0,127.0,-2.0,-128.0,-128.0,-21.0,-128.0,-118.0,0.21630859375,-0.11669921875,1.1357421875,-13.719512195121952,95.48780487804879,-10.853658536585368
10_41_21_044,39.0,127.0,91.0,127.0,72.0,51.0,127.0,15.0,0.26171875,0.05224609375,1.02490234375,11.951219512195124,101.82926829268294,-11.097560975609756
10_41_21_044,53.0,79.0,83.0,127.0,114.0,27.0,127.0,83.0,0.17822265625,0.23681640625,0.75927734375,17.195121951219512,109.81707317073172,-16.28048780487805
10_41_21_044,-62.0,-57.0,-61.0,-128.0,-45.0,-86.0,-73.0,94.0,0.37646484375,0.13818359375,0.8212890625,-2.1951219512195124,110.85365853658537,-25.670731707317074
10_41_21_044,56.0,-60.0,-79.0,-8.0,3.0,-79.0,-128.0,37.0,0.44140625,0.0498046875,1.0380859375,6.585365853658537,110.60975609756099,-20.670731707317074
10_41_21_044,25.0,42.0,20.0,55.0,-52.0,23.0,-128.0,-59.0,0.24609375,0.0576171875,0.6650390625,-35.0,111.09756097560977,-32.5
10_41_21_044,9.0,40.0,75.0,127.0,123.0,-19.0,30.0,-10.0,0.56396484375,0.00634765625,0.79931640625,-35.54878048780488,109.93902439024392,-38.23170731707317
10_41_21_097,-6.0,4.0,-37.0,90.0,81.0,75.0,36.0,29.0,0.1201171875,0.01025390625,0.89111328125,9.573170731707318,83.71951219512196,-20.79268292682927
10_41_21_097,34.0,-34.0,-3.0,-128.0,0.0,14.0,-94.0,-59.0,0.04736328125,0.08837890625,0.84521484375,37.6219512195122,94.14634146341464,-9.146341463414634
10_41_21_097,-78.0,88.0,114.0,75.0,27.0,-54.0,86.0,-47.0,0.08447265625,-0.05078125,0.8193359375,34.268292682926834,102.50000000000001,-5.3048780487804885
10_41_21_097,111.0,11.0,-67.0,-40.0,-104.0,93.0,127.0,40.0,0.04345703125,-0.12255859375,1.09619140625,25.670731707317074,100.85365853658537,-3.4756097560975614
10_41_21_097,58.0,21.0,13.0,14.0,65.0,-11.0,-128.0,65.0,0.16552734375,0.17724609375,0.88623046875,44.69512195121952,108.90243902439025,-1.4634146341463417
10_41_21_097,-128.0,27.0,-25.0,117.0,109.0,26.0,4.0,-128.0,0.232421875,0.16748046875,0.72216796875,31.82926829268293,100.85365853658537,-7.560975609756098
10_41_21_097,127.0,102.0,11.0,127.0,-17.0,-16.0,127.0,107.0,0.21630859375,-0.11669921875,1.1357421875,-13.719512195121952,95.48780487804879,-10.853658536585368
10_41_21_097,-21.0,33.0,26.0,-128.0,-39.0,-121.0,-128.0,-72.0,0.26171875,0.05224609375,1.02490234375,11.951219512195124,101.82926829268294,-11.097560975609756
10_41_21_097,20.0,-12.0,-66.0,60.0,65.0,0.0,84.0,32.0,0.17822265625,0.23681640625,0.75927734375,17.195121951219512,109.81707317073172,-16.28048780487805
10_41_21_097,27.0,11.0,104.0,127.0,37.0,31.0,-8.0,2.0,0.37646484375,0.13818359375,0.8212890625,-2.1951219512195124,110.85365853658537,-25.670731707317074
10_41_21_139,-74.0,-17.0,74.0,101.0,28.0,-74.0,-22.0,-7.0,-0.01904296875,0.11181640625,0.80078125,-3.8414634146341466,54.451219512195124,-21.402439024390247
10_41_21_139,68.0,-53.0,-16.0,11.0,6.0,-115.0,-97.0,13.0,-0.01611328125,0.14794921875,0.826171875,6.829268292682928,69.14634146341464,-23.353658536585368
10_41_21_139,-55.0,-4.0,7.0,-89.0,-65.0,-97.0,41.0,28.0,-0.0009765625,0.0224609375,0.75341796875,16.646341463414636,80.73170731707317,-25.975609756097562
10_41_21_139,-46.0,10.0,61.0,82.0,-36.0,-48.0,100.0,-46.0,-0.04541015625,-0.00439453125,0.86572265625,11.28048780487805,77.37804878048782,-17.743902439024392
10_41_21_139,-128.0,33.0,-6.0,-19.0,127.0,69.0,127.0,48.0,0.1201171875,0.01025390625,0.89111328125,9.573170731707318,83.71951219512196,-20.79268292682927
10_41_21_139,81.0,11.0,-35.0,77.0,-55.0,41.0,64.0,76.0,0.04736328125,0.08837890625,0.84521484375,37.6219512195122,94.14634146341464,-9.146341463414634
10_41_21_139,-1.0,-29.0,-45.0,-37.0,-30.0,118.0,-8.0,-93.0,0.08447265625,-0.05078125,0.8193359375,34.268292682926834,102.50000000000001,-5.3048780487804885
10_41_21_139,60.0,-128.0,-42.0,127.0,17.0,127.0,47.0,-39.0,0.04345703125,-0.12255859375,1.09619140625,25.670731707317074,100.85365853658537,-3.4756097560975614
10_41_21_139,50.0,-18.0,14.0,-87.0,-27.0,127.0,102.0,28.0,0.16552734375,0.17724609375,0.88623046875,44.69512195121952,108.90243902439025,-1.4634146341463417
10_41_21_139,-50.0,108.0,89.0,96.0,83.0,127.0,127.0,59.0,0.232421875,0.16748046875,0.72216796875,31.82926829268293,100.85365853658537,-7.560975609756098
10_41_21_197,32.0,-43.0,-33.0,21.0,8.0,11.0,-6.0,-46.0,-0.07763671875,0.02880859375,0.76123046875,15.670731707317074,61.524390243902445,-17.621951219512198
10_41_21_197,33.0,-8.0,99.0,17.0,-55.0,-46.0,-82.0,-85.0,-0.01904296875,0.11181640625,0.80078125,-3.8414634146341466,54.451219512195124,-21.402439024390247
10_41_21_197,11.0,4.0,-29.0,-42.0,91.0,-116.0,-113.0,-99.0,-0.01611328125,0.14794921875,0.826171875,6.829268292682928,69.14634146341464,-23.353658536585368
10_41_21_197,24.0,3.0,-64.0,-23.0,-24.0,-125.0,-128.0,-11.0,-0.0009765625,0.0224609375,0.75341796875,16.646341463414636,80.73170731707317,-25.975609756097562
10_41_21_197,-74.0,-17.0,74.0,101.0,28.0,-74.0,-22.0,-7.0,-0.04541015625,-0.00439453125,0.86572265625,11.28048780487805,77.37804878048782,-17.743902439024392
10_41_21_197,68.0,-53.0,-16.0,11.0,6.0,-115.0,-97.0,13.0,0.1201171875,0.01025390625,0.89111328125,9.573170731707318,83.71951219512196,-20.79268292682927
10_41_21_197,-55.0,-4.0,7.0,-89.0,-65.0,-97.0,41.0,28.0,0.04736328125,0.08837890625,0.84521484375,37.6219512195122,94.14634146341464,-9.146341463414634
10_41_21_197,-46.0,10.0,61.0,82.0,-36.0,-48.0,100.0,-46.0,0.08447265625,-0.05078125,0.8193359375,34.268292682926834,102.50000000000001,-5.3048780487804885
10_41_21_197,-128.0,33.0,-6.0,-19.0,127.0,69.0,127.0,48.0,0.04345703125,-0.12255859375,1.09619140625,25.670731707317074,100.85365853658537,-3.4756097560975614
10_41_21_197,81.0,11.0,-35.0,77.0,-55.0,41.0,64.0,76.0,0.16552734375,0.17724609375,0.88623046875,44.69512195121952,108.90243902439025,-1.4634146341463417
10_41_21_247,-40.0,34.0,68.0,-28.0,-38.0,9.0,-24.0,-37.0,-0.07421875,0.18408203125,0.79736328125,4.085365853658537,42.43902439024391,-19.81707317073171
10_41_21_247,44.0,-52.0,58.0,58.0,-56.0,5.0,127.0,-14.0,-0.08447265625,0.138671875,0.78759765625,14.390243902439027,55.97560975609757,-20.121951219512198
10_41_21_247,-7.0,-32.0,-73.0,50.0,127.0,19.0,-69.0,-56.0,-0.07763671875,0.02880859375,0.76123046875,15.670731707317074,61.524390243902445,-17.621951219512198
10_41_21_247,127.0,-47.0,9.0,-101.0,-128.0,26.0,77.0,-65.0,-0.01904296875,0.11181640625,0.80078125,-3.8414634146341466,54.451219512195124,-21.402439024390247
10_41_21_247,9.0,30.0,80.0,41.0,4.0,33.0,39.0,21.0,-0.01611328125,0.14794921875,0.826171875,6.829268292682928,69.14634146341464,-23.353658536585368
10_41_21_247,-8.0,-2.0,-84.0,-101.0,-10.0,15.0,-128.0,51.0,-0.0009765625,0.0224609375,0.75341796875,16.646341463414636,80.73170731707317,-25.975609756097562
10_41_21_247,-128.0,-97.0,62.0,-4.0,13.0,51.0,-128.0,-56.0,-0.04541015625,-0.00439453125,0.86572265625,11.28048780487805,77.37804878048782,-17.743902439024392
10_41_21_247,-35.0,8.0,-33.0,74.0,1.0,32.0,8.0,39.0,0.1201171875,0.01025390625,0.89111328125,9.573170731707318,83.71951219512196,-20.79268292682927
10_41_21_247,-21.0,53.0,-6.0,-128.0,36.0,6.0,-128.0,55.0,0.04736328125,0.08837890625,0.84521484375,37.6219512195122,94.14634146341464,-9.146341463414634
10_41_21_247,18.0,73.0,74.0,87.0,7.0,-6.0,60.0,56.0,0.08447265625,-0.05078125,0.8193359375,34.268292682926834,102.50000000000001,-5.3048780487804885
10_41_21_304,122.0,46.0,-7.0,-63.0,3.0,8.0,43.0,-24.0,-0.177734375,0.162109375,0.89501953125,2.6219512195121952,9.451219512195122,-8.109756097560977
10_41_21_304,-63.0,-5.0,-60.0,127.0,38.0,-25.0,31.0,36.0,-0.15234375,0.125,0.7880859375,-4.817073170731708,21.219512195121954,-8.109756097560977
10_41_21_304,-16.0,74.0,34.0,-69.0,-128.0,27.0,85.0,20.0,-0.1884765625,0.08642578125,0.697265625,-11.585365853658537,27.134146341463417,-10.853658536585368
10_41_21_304,127.0,4.0,1.0,-69.0,49.0,-49.0,-83.0,37.0,-0.07421875,0.18408203125,0.79736328125,4.085365853658537,42.43902439024391,-19.81707317073171
10_41_21_304,-4.0,76.0,77.0,127.0,127.0,-26.0,79.0,14.0,-0.08447265625,0.138671875,0.78759765625,14.390243902439027,55.97560975609757,-20.121951219512198
10_41_21_304,-21.0,-8.0,8.0,-128.0,-128.0,0.0,-24.0,26.0,-0.07763671875,0.02880859375,0.76123046875,15.670731707317074,61.524390243902445,-17.621951219512198
10_41_21_304,-4.0,59.0,-49.0,-19.0,43.0,-6.0,127.0,-2.0,-0.01904296875,0.11181640625,0.80078125,-3.8414634146341466,54.451219512195124,-21.402439024390247
10_41_21_304,58.0,10.0,127.0,101.0,-14.0,4.0,79.0,11.0,-0.01611328125,0.14794921875,0.826171875,6.829268292682928,69.14634146341464,-23.353658536585368
10_41_21_304,-78.0,25.0,-79.0,-33.0,-28.0,10.0,31.0,-6.0,-0.0009765625,0.0224609375,0.75341796875,16.646341463414636,80.73170731707317,-25.975609756097562
10_41_21_304,-103.0,-54.0,-1.0,-93.0,0.0,-9.0,-114.0,16.0,-0.04541015625,-0.00439453125,0.86572265625,11.28048780487805,77.37804878048782,-17.743902439024392
10_41_21_356,74.0,66.0,35.0,68.0,127.0,67.0,67.0,22.0,-0.005859375,0.16455078125,0.990234375,-13.414634146341465,-14.939024390243905,-6.341463414634147
10_41_21_356,26.0,-6.0,44.0,127.0,-128.0,110.0,-2.0,-32.0,-0.14013671875,0.0576171875,0.822265625,-20.30487804878049,-3.353658536585366,-5.548780487804878
10_41_21_356,-69.0,-17.0,-43.0,-5.0,-63.0,3.0,-128.0,-51.0,-0.18505859375,0.09912109375,0.703125,-28.475609756097562,-0.12195121951219513,-6.829268292682928
10_41_21_356,-14.0,23.0,8.0,45.0,127.0,-15.0,-48.0,-22.0,-0.177734375,0.162109375,0.89501953125,2.6219512195121952,9.451219512195122,-8.109756097560977
10_41_21_356,20.0,-128.0,-22.0,-12.0,-106.0,-118.0,40.0,-71.0,-0.15234375,0.125,0.7880859375,-4.817073170731708,21.219512195121954,-8.109756097560977
10_41_21_356,97.0,21.0,-52.0,-41.0,-37.0,-105.0,55.0,42.0,-0.1884765625,0.08642578125,0.697265625,-11.585365853658537,27.134146341463417,-10.853658536585368
10_41_21_356,71.0,17.0,7.0,29.0,15.0,2.0,-21.0,-16.0,-0.07421875,0.18408203125,0.79736328125,4.085365853658537,42.43902439024391,-19.81707317073171
10_41_21_356,-5.0,-41.0,57.0,-19.0,-17.0,34.0,-51.0,-62.0,-0.08447265625,0.138671875,0.78759765625,14.390243902439027,55.97560975609757,-20.121951219512198
10_41_21_356,-54.0,-10.0,-41.0,43.0,50.0,13.0,-84.0,64.0,-0.07763671875,0.02880859375,0.76123046875,15.670731707317074,61.524390243902445,-17.621951219512198
10_41_21_356,31.0,56.0,127.0,-67.0,-75.0,-16.0,-121.0,-49.0,-0.01904296875,0.11181640625,0.80078125,-3.8414634146341466,54.451219512195124,-21.402439024390247
10_41_21_404,-74.0,-5.0,27.0,127.0,93.0,-128.0,127.0,-36.0,-0.16748046875,0.12353515625,0.79150390625,-14.451219512195124,-11.341463414634147,-1.0975609756097562
10_41_21_404,-16.0,4.0,-32.0,-7.0,-30.0,-41.0,127.0,2.0,-0.20068359375,0.18994140625,0.75048828125,-29.87804878048781,-18.902439024390244,2.6219512195121952
10_41_21_404,-87.0,-128.0,-73.0,-128.0,-57.0,114.0,-128.0,-35.0,-0.005859375,0.16455078125,0.990234375,-13.414634146341465,-14.939024390243905,-6.341463414634147
10_41_21_404,-28.0,-27.0,-108.0,-7.0,101.0,127.0,-43.0,-20.0,-0.14013671875,0.0576171875,0.822265625,-20.30487804878049,-3.353658536585366,-5.548780487804878
10_41_21_404,25.0,-16.0,-95.0,35.0,-67.0,127.0,127.0,-23.0,-0.18505859375,0.09912109375,0.703125,-28.475609756097562,-0.12195121951219513,-6.829268292682928
10_41_21_404,-30.0,-49.0,60.0,61.0,26.0,-39.0,-78.0,20.0,-0.177734375,0.162109375,0.89501953125,2.6219512195121952,9.451219512195122,-8.109756097560977
10_41_21_404,99.0,10.0,-101.0,-65.0,-6.0,-128.0,115.0,-64.0,-0.15234375,0.125,0.7880859375,-4.817073170731708,21.219512195121954,-8.109756097560977
10_41_21_404,58.0,98.0,89.0,-3.0,9.0,-88.0,-94.0,15.0,-0.1884765625,0.08642578125,0.697265625,-11.585365853658537,27.134146341463417,-10.853658536585368
10_41_21_404,6.0,-17.0,-84.0,-32.0,8.0,-128.0,127.0,-9.0,-0.07421875,0.18408203125,0.79736328125,4.085365853658537,42.43902439024391,-19.81707317073171
10_41_21_404,-121.0,-114.0,-63.0,-48.0,-24.0,-73.0,30.0,18.0,-0.08447265625,0.138671875,0.78759765625,14.390243902439027,55.97560975609757,-20.121951219512198
10_41_21_461,-128.0,-14.0,-39.0,116.0,33.0,127.0,-37.0,-13.0,-0.1083984375,0.1357421875,0.84716796875,-23.29268292682927,-18.78048780487805,-2.9268292682926833
10_41_21_461,-2.0,-11.0,-128.0,-125.0,-72.0,127.0,-71.0,-6.0,-0.18017578125,0.16015625,0.93408203125,-28.59756097560976,-26.89024390243903,7.621951219512196
10_41_21_461,-63.0,16.0,-52.0,-8.0,0.0,-128.0,-29.0,-16.0,-0.02001953125,0.05078125,1.00390625,-13.414634146341465,-17.682926829268293,-3.963414634146342
10_41_21_461,-65.0,12.0,7.0,20.0,34.0,-66.0,-16.0,-9.0,-0.16748046875,0.12353515625,0.79150390625,-14.451219512195124,-11.341463414634147,-1.0975609756097562
10_41_21_461,4.0,62.0,28.0,-103.0,-15.0,-105.0,25.0,-7.0,-0.20068359375,0.18994140625,0.75048828125,-29.87804878048781,-18.902439024390244,2.6219512195121952
10_41_21_461,56.0,-21.0,-57.0,-30.0,-128.0,-66.0,100.0,-24.0,-0.005859375,0.16455078125,0.990234375,-13.414634146341465,-14.939024390243905,-6.341463414634147
10_41_21_461,-11.0,-2.0,-128.0,114.0,93.0,-98.0,101.0,20.0,-0.14013671875,0.0576171875,0.822265625,-20.30487804878049,-3.353658536585366,-5.548780487804878
10_41_21_461,-112.0,12.0,127.0,-28.0,-95.0,-105.0,-55.0,-51.0,-0.18505859375,0.09912109375,0.703125,-28.475609756097562,-0.12195121951219513,-6.829268292682928
10_41_21_461,-74.0,-5.0,27.0,127.0,93.0,-128.0,127.0,-36.0,-0.177734375,0.162109375,0.89501953125,2.6219512195121952,9.451219512195122,-8.109756097560977
10_41_21_461,-16.0,4.0,-32.0,-7.0,-30.0,-41.0,127.0,2.0,-0.15234375,0.125,0.7880859375,-4.817073170731708,21.219512195121954,-8.109756097560977
10_41_21_504,-41.0,51.0,37.0,-9.0,1.0,-9.0,-1.0,-22.0,-0.1552734375,-0.0126953125,0.98046875,-25.792682926829272,-23.414634146341466,-6.097560975609756
10_41_21_504,48.0,-17.0,-90.0,-30.0,41.0,-68.0,-12.0,-19.0,-0.08544921875,0.1298828125,1.0380859375,-19.390243902439025,-26.646341463414636,4.75609756097561
10_41_21_504,12.0,6.0,-2.0,-52.0,-14.0,-81.0,127.0,-3.0,-0.06103515625,0.1083984375,0.92236328125,-24.695121951219516,-20.48780487804878,0.0
10_41_21_504,17.0,62.0,-53.0,127.0,87.0,9.0,127.0,38.0,-0.1083984375,0.1357421875,0.84716796875,-23.29268292682927,-18.78048780487805,-2.9268292682926833
10_41_21_504,-47.0,-5.0,-30.0,-128.0,-128.0,-2.0,127.0,-15.0,-0.18017578125,0.16015625,0.93408203125,-28.59756097560976,-26.89024390243903,7.621951219512196
10_41_21_504,-97.0,-21.0,-2.0,22.0,1.0,43.0,6.0,-55.0,-0.02001953125,0.05078125,1.00390625,-13.414634146341465,-17.682926829268293,-3.963414634146342
10_41_21_504,44.0,-1.0,113.0,127.0,127.0,3.0,127.0,110.0,-0.16748046875,0.12353515625,0.79150390625,-14.451219512195124,-11.341463414634147,-1.0975609756097562
10_41_21_504,32.0,40.0,127.0,46.0,-80.0,-12.0,127.0,-24.0,-0.20068359375,0.18994140625,0.75048828125,-29.87804878048781,-18.902439024390244,2.6219512195121952
10_41_21_504,13.0,-25.0,127.0,1.0,-51.0,-39.0,57.0,0.0,-0.005859375,0.16455078125,0.990234375,-13.414634146341465,-14.939024390243905,-6.341463414634147
10_41_21_504,49.0,-14.0,34.0,-28.0,64.0,-42.0,-47.0,12.0,-0.14013671875,0.0576171875,0.822265625,-20.30487804878049,-3.353658536585366,-5.548780487804878
10_41_21_550,-24.0,19.0,-9.0,-22.0,-104.0,34.0,42.0,-81.0,-0.01123046875,0.15478515625,1.00927734375,-7.25609756097561,-17.378048780487806,-4.024390243902439
10_41_21_550,23.0,-12.0,42.0,99.0,127.0,15.0,22.0,30.0,-0.130859375,0.15234375,0.8486328125,-11.646341463414634,-12.317073170731708,-6.219512195121951
10_41_21_550,-10.0,-22.0,-68.0,-51.0,-128.0,-21.0,-128.0,-15.0,-0.1552734375,-0.0126953125,0.98046875,-25.792682926829272,-23.414634146341466,-6.097560975609756
10_41_21_550,-106.0,13.0,-32.0,-101.0,-23.0,-22.0,127.0,-40.0,-0.08544921875,0.1298828125,1.0380859375,-19.390243902439025,-26.646341463414636,4.75609756097561
10_41_21_550,33.0,-82.0,127.0,111.0,21.0,-28.0,83.0,-3.0,-0.06103515625,0.1083984375,0.92236328125,-24.695121951219516,-20.48780487804878,0.0
10_41_21_550,23.0,20.0,-122.0,3.0,-25.0,-106.0,89.0,47.0,-0.1083984375,0.1357421875,0.84716796875,-23.29268292682927,-18.78048780487805,-2.9268292682926833
10_41_21_550,-33.0,74.0,127.0,-128.0,-45.0,-83.0,-24.0,24.0,-0.18017578125,0.16015625,0.93408203125,-28.59756097560976,-26.89024390243903,7.621951219512196
10_41_21_550,116.0,13.0,-7.0,47.0,30.0,41.0,-128.0,-37.0,-0.02001953125,0.05078125,1.00390625,-13.414634146341465,-17.682926829268293,-3.963414634146342
10_41_21_550,32.0,70.0,84.0,21.0,-12.0,125.0,43.0,44.0,-0.16748046875,0.12353515625,0.79150390625,-14.451219512195124,-11.341463414634147,-1.0975609756097562
10_41_21_550,92.0,-12.0,-128.0,-14.0,21.0,127.0,127.0,21.0,-0.20068359375,0.18994140625,0.75048828125,-29.87804878048781,-18.902439024390244,2.6219512195121952
10_41_21_622,-22.0,57.0,15.0,10.0,-4.0,13.0,-83.0,-5.0,-0.04541015625,0.0341796875,1.1513671875,-8.597560975609756,-21.34146341463415,4.085365853658537
10_41_21_622,24.0,32.0,127.0,-26.0,-17.0,-18.0,-128.0,-50.0,-0.01123046875,0.15478515625,1.00927734375,-7.25609756097561,-17.378048780487806,-4.024390243902439
10_41_21_622,-24.0,19.0,-9.0,-22.0,-104.0,34.0,42.0,-81.0,-0.130859375,0.15234375,0.8486328125,-11.646341463414634,-12.317073170731708,-6.219512195121951
10_41_21_622,23.0,-12.0,42.0,99.0,127.0,15.0,22.0,30.0,-0.1552734375,-0.0126953125,0.98046875,-25.792682926829272,-23.414634146341466,-6.097560975609756
10_41_21_622,-10.0,-22.0,-68.0,-51.0,-128.0,-21.0,-128.0,-15.0,-0.08544921875,0.1298828125,1.0380859375,-19.390243902439025,-26.646341463414636,4.75609756097561
10_41_21_622,-106.0,13.0,-32.0,-101.0,-23.0,-22.0,127.0,-40.0,-0.06103515625,0.1083984375,0.92236328125,-24.695121951219516,-20.48780487804878,0.0
10_41_21_622,33.0,-82.0,127.0,111.0,21.0,-28.0,83.0,-3.0,-0.1083984375,0.1357421875,0.84716796875,-23.29268292682927,-18.78048780487805,-2.9268292682926833
10_41_21_622,23.0,20.0,-122.0,3.0,-25.0,-106.0,89.0,47.0,-0.18017578125,0.16015625,0.93408203125,-28.59756097560976,-26.89024390243903,7.621951219512196
10_41_21_622,-33.0,74.0,127.0,-128.0,-45.0,-83.0,-24.0,24.0,-0.02001953125,0.05078125,1.00390625,-13.414634146341465,-17.682926829268293,-3.963414634146342
10_41_21_622,116.0,13.0,-7.0,47.0,30.0,41.0,-128.0,-37.0,-0.16748046875,0.12353515625,0.79150390625,-14.451219512195124,-11.341463414634147,-1.0975609756097562
10_41_21_658,34.0,46.0,-3.0,-40.0,-45.0,0.0,83.0,-21.0,-0.1103515625,0.0322265625,1.00390625,-9.634146341463415,-8.597560975609756,2.987804878048781
10_41_21_658,-105.0,49.0,69.0,48.0,-38.0,8.0,37.0,-13.0,0.00048828125,0.1083984375,1.0322265625,6.951219512195123,-6.219512195121951,4.146341463414634
10_41_21_658,18.0,42.0,39.0,49.0,8.0,0.0,-50.0,8.0,0.09033203125,0.07568359375,0.90234375,3.414634146341464,-1.9512195121951221,1.829268292682927
10_41_21_658,-91.0,-47.0,-57.0,18.0,127.0,-15.0,-128.0,-38.0,-0.203125,0.001953125,0.92138671875,-13.353658536585368,-10.853658536585368,-3.414634146341464
10_41_21_658,60.0,43.0,12.0,-79.0,-128.0,25.0,116.0,-4.0,-0.04541015625,0.0341796875,1.1513671875,-8.597560975609756,-21.34146341463415,4.085365853658537
10_41_21_658,-59.0,-78.0,-84.0,-112.0,-91.0,-6.0,-42.0,-7.0,-0.01123046875,0.15478515625,1.00927734375,-7.25609756097561,-17.378048780487806,-4.024390243902439
10_41_21_658,-64.0,-76.0,-67.0,-48.0,-2.0,38.0,91.0,-121.0,-0.130859375,0.15234375,0.8486328125,-11.646341463414634,-12.317073170731708,-6.219512195121951
10_41_21_658,-21.0,50.0,127.0,127.0,127.0,16.0,81.0,29.0,-0.1552734375,-0.0126953125,0.98046875,-25.792682926829272,-23.414634146341466,-6.097560975609756
10_41_21_658,-33.0,-1.0,-30.0,-16.0,-18.0,3.0,127.0,-6.0,-0.08544921875,0.1298828125,1.0380859375,-19.390243902439025,-26.646341463414636,4.75609756097561
10_41_21_658,73.0,15.0,-81.0,56.0,-35.0,7.0,12.0,11.0,-0.06103515625,0.1083984375,0.92236328125,-24.695121951219516,-20.48780487804878,0.0
10_41_21_715,-15.0,5.0,54.0,73.0,-16.0,-7.0,-29.0,26.0,0.03857421875,0.0419921875,0.95166015625,1.524390243902439,-2.987804878048781,-2.439024390243903
10_41_21_715,2.0,-25.0,-19.0,-88.0,-63.0,4.0,-120.0,6.0,-0.072265625,0.0234375,0.935546875,-0.30487804878048785,-4.451219512195122,-1.524390243902439
10_41_21_715,-37.0,38.0,-19.0,-24.0,33.0,3.0,127.0,-14.0,-0.1103515625,0.0322265625,1.00390625,-9.634146341463415,-8.597560975609756,2.987804878048781
10_41_21_715,-39.0,-19.0,-14.0,25.0,-24.0,10.0,-46.0,27.0,0.00048828125,0.1083984375,1.0322265625,6.951219512195123,-6.219512195121951,4.146341463414634
10_41_21_715,112.0,-52.0,-120.0,-110.0,12.0,14.0,-99.0,22.0,0.09033203125,0.07568359375,0.90234375,3.414634146341464,-1.9512195121951221,1.829268292682927
10_41_21_715,18.0,30.0,127.0,127.0,93.0,-25.0,127.0,57.0,-0.203125,0.001953125,0.92138671875,-13.353658536585368,-10.853658536585368,-3.414634146341464
10_41_21_715,-10.0,28.0,-111.0,-128.0,-36.0,16.0,127.0,-36.0,-0.04541015625,0.0341796875,1.1513671875,-8.597560975609756,-21.34146341463415,4.085365853658537
10_41_21_715,4.0,17.0,-61.0,-10.0,-20.0,-3.0,-128.0,-73.0,-0.01123046875,0.15478515625,1.00927734375,-7.25609756097561,-17.378048780487806,-4.024390243902439
10_41_21_715,34.0,46.0,-3.0,-40.0,-45.0,0.0,83.0,-21.0,-0.130859375,0.15234375,0.8486328125,-11.646341463414634,-12.317073170731708,-6.219512195121951
10_41_21_715,-105.0,49.0,69.0,48.0,-38.0,8.0,37.0,-13.0,-0.1552734375,-0.0126953125,0.98046875,-25.792682926829272,-23.414634146341466,-6.097560975609756
10_41_21_769,-14.0,9.0,41.0,44.0,24.0,12.0,127.0,9.0,-0.0615234375,0.02685546875,0.95068359375,3.5975609756097566,1.9512195121951221,0.426829268292683
10_41_21_769,-35.0,-14.0,-33.0,36.0,-24.0,2.0,-22.0,-52.0,-0.068359375,0.01953125,0.9462890625,-1.6463414634146343,-0.7317073170731708,1.0975609756097562
10_41_21_769,-39.0,-19.0,95.0,-25.0,-11.0,-27.0,34.0,-30.0,-0.076171875,0.06298828125,0.9541015625,4.207317073170732,-2.073170731707317,1.707317073170732
10_41_21_769,18.0,14.0,47.0,50.0,-25.0,33.0,-84.0,-30.0,-0.01611328125,0.0947265625,0.9326171875,-2.1951219512195124,-5.365853658536586,1.5853658536585367
10_41_21_769,-61.0,-105.0,-62.0,-16.0,60.0,0.0,-10.0,41.0,0.03857421875,0.0419921875,0.95166015625,1.524390243902439,-2.987804878048781,-2.439024390243903
10_41_21_769,27.0,-18.0,-55.0,-37.0,-36.0,8.0,-109.0,-128.0,-0.072265625,0.0234375,0.935546875,-0.30487804878048785,-4.451219512195122,-1.524390243902439
10_41_21_769,-128.0,17.0,-116.0,16.0,77.0,-9.0,43.0,-36.0,-0.1103515625,0.0322265625,1.00390625,-9.634146341463415,-8.597560975609756,2.987804878048781
10_41_21_769,-95.0,-72.0,-11.0,-64.0,-7.0,-6.0,-7.0,-17.0,0.00048828125,0.1083984375,1.0322265625,6.951219512195123,-6.219512195121951,4.146341463414634
10_41_21_769,22.0,39.0,127.0,36.0,7.0,4.0,-16.0,10.0,0.09033203125,0.07568359375,0.90234375,3.414634146341464,-1.9512195121951221,1.829268292682927
10_41_21_769,-13.0,50.0,-128.0,-82.0,-30.0,-6.0,-5.0,-16.0,-0.203125,0.001953125,0.92138671875,-13.353658536585368,-10.853658536585368,-3.414634146341464
10_41_21_811,41.0,32.0,11.0,-72.0,-76.0,4.0,-55.0,39.0,-0.02001953125,0.05224609375,0.88671875,-7.378048780487806,0.48780487804878053,3.5975609756097566
10_41_21_811,-52.0,5.0,72.0,3.0,-19.0,-10.0,58.0,-23.0,-0.0693359375,0.0859375,0.99169921875,-1.707317073170732,1.5853658536585367,2.1341463414634148
10_41_21_811,-11.0,-21.0,-14.0,-75.0,-61.0,16.0,-1.0,42.0,-0.12646484375,0.138671875,0.9658203125,9.26829268292683,4.024390243902439,2.073170731707317
10_41_21_811,-51.0,-48.0,-87.0,3.0,14.0,-15.0,35.0,-9.0,-0.0615234375,0.02685546875,0.95068359375,3.5975609756097566,1.9512195121951221,0.426829268292683
10_41_21_811,84.0,25.0,127.0,57.0,-11.0,29.0,-97.0,-14.0,-0.068359375,0.01953125,0.9462890625,-1.6463414634146343,-0.7317073170731708,1.0975609756097562
10_41_21_811,-28.0,18.0,1.0,127.0,23.0,0.0,-87.0,-40.0,-0.076171875,0.06298828125,0.9541015625,4.207317073170732,-2.073170731707317,1.707317073170732
10_41_21_811,0.0,-35.0,-67.0,-128.0,-100.0,1.0,74.0,25.0,-0.01611328125,0.0947265625,0.9326171875,-2.1951219512195124,-5.365853658536586,1.5853658536585367
10_41_21_811,5.0,52.0,127.0,123.0,100.0,0.0,-19.0,-40.0,0.03857421875,0.0419921875,0.95166015625,1.524390243902439,-2.987804878048781,-2.439024390243903
10_41_21_811,-41.0,-41.0,-128.0,16.0,-36.0,-12.0,-100.0,-15.0,-0.072265625,0.0234375,0.935546875,-0.30487804878048785,-4.451219512195122,-1.524390243902439
10_41_21_811,20.0,39.0,22.0,-86.0,-15.0,-24.0,49.0,52.0,-0.1103515625,0.0322265625,1.00390625,-9.634146341463415,-8.597560975609756,2.987804878048781
10_41_21_881,-26.0,-20.0,-94.0,-25.0,-74.0,-9.0,-56.0,-9.0,-0.109375,0.0966796875,0.94091796875,3.658536585365854,5.0,0.9756097560975611
10_41_21_881,54.0,97.0,127.0,76.0,63.0,6.0,127.0,-71.0,-0.08740234375,0.0478515625,0.91455078125,-0.3658536585365854,-0.48780487804878053,2.7439024390243905
10_41_21_881,2.0,46.0,127.0,79.0,19.0,11.0,-128.0,-34.0,-0.02001953125,0.05224609375,0.88671875,-7.378048780487806,0.48780487804878053,3.5975609756097566
10_41_21_881,62.0,13.0,-42.0,48.0,35.0,-16.0,62.0,52.0,-0.0693359375,0.0859375,0.99169921875,-1.707317073170732,1.5853658536585367,2.1341463414634148
10_41_21_881,-91.0,-58.0,-90.0,-124.0,-78.0,0.0,-108.0,-111.0,-0.12646484375,0.138671875,0.9658203125,9.26829268292683,4.024390243902439,2.073170731707317
10_41_21_881,-55.0,10.0,36.0,49.0,29.0,0.0,127.0,-2.0,-0.0615234375,0.02685546875,0.95068359375,3.5975609756097566,1.9512195121951221,0.426829268292683
10_41_21_881,45.0,52.0,-51.0,11.0,23.0,9.0,-76.0,5.0,-0.068359375,0.01953125,0.9462890625,-1.6463414634146343,-0.7317073170731708,1.0975609756097562
10_41_21_881,-28.0,-26.0,72.0,-75.0,-80.0,-30.0,-128.0,27.0,-0.076171875,0.06298828125,0.9541015625,4.207317073170732,-2.073170731707317,1.707317073170732
10_41_21_881,-34.0,7.0,-112.0,-60.0,-39.0,18.0,1.0,18.0,-0.01611328125,0.0947265625,0.9326171875,-2.1951219512195124,-5.365853658536586,1.5853658536585367
10_41_21_881,104.0,24.0,28.0,116.0,127.0,-30.0,36.0,18.0,0.03857421875,0.0419921875,0.95166015625,1.524390243902439,-2.987804878048781,-2.439024390243903
10_41_21_913,-80.0,-27.0,66.0,-37.0,-52.0,24.0,-91.0,-46.0,-0.1318359375,0.0615234375,0.9755859375,0.12195121951219513,4.573170731707317,0.7317073170731708
10_41_21_913,-61.0,28.0,-9.0,25.0,-11.0,-1.0,22.0,23.0,-0.109375,0.0966796875,0.94091796875,3.658536585365854,5.0,0.9756097560975611
10_41_21_913,86.0,66.0,51.0,105.0,35.0,18.0,44.0,19.0,-0.08740234375,0.0478515625,0.91455078125,-0.3658536585365854,-0.48780487804878053,2.7439024390243905
10_41_21_913,8.0,-7.0,-62.0,-72.0,-7.0,-13.0,37.0,50.0,-0.02001953125,0.05224609375,0.88671875,-7.378048780487806,0.48780487804878053,3.5975609756097566
10_41_21_913,-26.0,-20.0,-94.0,-25.0,-74.0,-9.0,-56.0,-9.0,-0.0693359375,0.0859375,0.99169921875,-1.707317073170732,1.5853658536585367,2.1341463414634148
10_41_21_913,54.0,97.0,127.0,76.0,63.0,6.0,127.0,-71.0,-0.12646484375,0.138671875,0.9658203125,9.26829268292683,4.024390243902439,2.073170731707317
10_41_21_913,2.0,46.0,127.0,79.0,19.0,11.0,-128.0,-34.0,-0.0615234375,0.02685546875,0.95068359375,3.5975609756097566,1.9512195121951221,0.426829268292683
10_41_21_913,62.0,13.0,-42.0,48.0,35.0,-16.0,62.0,52.0,-0.068359375,0.01953125,0.9462890625,-1.6463414634146343,-0.7317073170731708,1.0975609756097562
10_41_21_913,-91.0,-58.0,-90.0,-124.0,-78.0,0.0,-108.0,-111.0,-0.076171875,0.06298828125,0.9541015625,4.207317073170732,-2.073170731707317,1.707317073170732
10_41_21_913,-55.0,10.0,36.0,49.0,29.0,0.0,127.0,-2.0,-0.01611328125,0.0947265625,0.9326171875,-2.1951219512195124,-5.365853658536586,1.5853658536585367
10_41_21_971,-15.0,-14.0,-39.0,-60.0,-64.0,13.0,-113.0,-6.0,-0.02978515625,0.06884765625,1.01123046875,1.9512195121951221,8.658536585365855,-1.2804878048780488
10_41_21_971,40.0,58.0,107.0,-57.0,-102.0,-7.0,3.0,-12.0,-0.1328125,0.09716796875,0.9228515625,3.414634146341464,7.560975609756098,0.30487804878048785
10_41_21_971,22.0,-108.0,-112.0,81.0,127.0,21.0,91.0,-19.0,-0.064453125,0.01123046875,0.91455078125,-4.939024390243903,4.390243902439025,-2.9268292682926833
10_41_21_971,-60.0,12.0,127.0,127.0,79.0,-3.0,86.0,16.0,-0.1318359375,0.0615234375,0.9755859375,0.12195121951219513,4.573170731707317,0.7317073170731708
10_41_21_971,49.0,9.0,-128.0,-64.0,-45.0,3.0,97.0,44.0,-0.109375,0.0966796875,0.94091796875,3.658536585365854,5.0,0.9756097560975611
10_41_21_971,-58.0,-8.0,-43.0,1.0,41.0,11.0,-128.0,-41.0,-0.08740234375,0.0478515625,0.91455078125,-0.3658536585365854,-0.48780487804878053,2.7439024390243905
10_41_21_971,25.0,-64.0,127.0,-12.0,16.0,-23.0,46.0,-17.0,-0.02001953125,0.05224609375,0.88671875,-7.378048780487806,0.48780487804878053,3.5975609756097566
10_41_21_971,102.0,-29.0,-79.0,-53.0,-19.0,35.0,127.0,48.0,-0.0693359375,0.0859375,0.99169921875,-1.707317073170732,1.5853658536585367,2.1341463414634148
10_41_21_971,-86.0,12.0,-8.0,32.0,3.0,-21.0,-38.0,-3.0,-0.12646484375,0.138671875,0.9658203125,9.26829268292683,4.024390243902439,2.073170731707317
10_41_21_971,63.0,15.0,71.0,6.0,-42.0,-3.0,111.0,53.0,-0.0615234375,0.02685546875,0.95068359375,3.5975609756097566,1.9512195121951221,0.426829268292683
10_41_22_020,-95.0,-128.0,127.0,54.0,33.0,3.0,63.0,-35.0,-0.10888671875,0.0537109375,0.9453125,9.878048780487806,8.048780487804878,1.6463414634146343
10_41_22_020,-91.0,-20.0,-77.0,-60.0,-5.0,13.0,15.0,-12.0,-0.0263671875,0.05078125,0.9150390625,-8.292682926829269,3.8414634146341466,4.146341463414634
10_41_22_020,109.0,48.0,10.0,-31.0,38.0,-40.0,127.0,106.0,-0.03076171875,0.08349609375,0.9443359375,-8.353658536585366,4.817073170731708,4.75609756097561
10_41_22_020,-2.0,65.0,10.0,50.0,-39.0,-16.0,112.0,25.0,-0.02978515625,0.06884765625,1.01123046875,1.9512195121951221,8.658536585365855,-1.2804878048780488
10_41_22_020,127.0,127.0,-21.0,11.0,-65.0,6.0,-45.0,14.0,-0.1328125,0.09716796875,0.9228515625,3.414634146341464,7.560975609756098,0.30487804878048785
10_41_22_020,-72.0,-9.0,-29.0,-99.0,-29.0,-3.0,-56.0,-41.0,-0.064453125,0.01123046875,0.91455078125,-4.939024390243903,4.390243902439025,-2.9268292682926833
10_41_22_020,-41.0,-4.0,63.0,111.0,127.0,3.0,-128.0,-115.0,-0.1318359375,0.0615234375,0.9755859375,0.12195121951219513,4.573170731707317,0.7317073170731708
10_41_22_020,-22.0,80.0,-33.0,-4.0,-20.0,-20.0,-29.0,4.0,-0.109375,0.0966796875,0.94091796875,3.658536585365854,5.0,0.9756097560975611
10_41_22_020,-15.0,-14.0,-39.0,-60.0,-64.0,13.0,-113.0,-6.0,-0.08740234375,0.0478515625,0.91455078125,-0.3658536585365854,-0.48780487804878053,2.7439024390243905
10_41_22_020,40.0,58.0,107.0,-57.0,-102.0,-7.0,3.0,-12.0,-0.02001953125,0.05224609375,0.88671875,-7.378048780487806,0.48780487804878053,3.5975609756097566
10_41_22_067,-15.0,-24.0,8.0,7.0,50.0,-7.0,-49.0,-59.0,-0.1669921875,0.033203125,0.9326171875,0.06097560975609757,0.30487804878048785,1.524390243902439
10_41_22_067,20.0,29.0,73.0,-36.0,-83.0,-2.0,-16.0,15.0,-0.12109375,0.06787109375,0.9248046875,2.9268292682926833,-0.7317073170731708,2.987804878048781
10_41_22_067,62.0,10.0,-12.0,-3.0,19.0,2.0,18.0,0.0,-0.0478515625,0.12451171875,0.92724609375,11.341463414634147,5.2439024390243905,0.6097560975609757
10_41_22_067,3.0,3.0,-24.0,21.0,-20.0,-9.0,4.0,33.0,-0.10888671875,0.0537109375,0.9453125,9.878048780487806,8.048780487804878,1.6463414634146343
10_41_22_067,-60.0,42.0,49.0,-4.0,15.0,4.0,46.0,37.0,-0.0263671875,0.05078125,0.9150390625,-8.292682926829269,3.8414634146341466,4.146341463414634
10_41_22_067,32.0,-10.0,-101.0,42.0,0.0,-3.0,19.0,4.0,-0.03076171875,0.08349609375,0.9443359375,-8.353658536585366,4.817073170731708,4.75609756097561
10_41_22_067,-5.0,-39.0,9.0,-16.0,-36.0,21.0,43.0,-2.0,-0.02978515625,0.06884765625,1.01123046875,1.9512195121951221,8.658536585365855,-1.2804878048780488
10_41_22_067,-128.0,78.0,-79.0,-31.0,11.0,13.0,85.0,-19.0,-0.1328125,0.09716796875,0.9228515625,3.414634146341464,7.560975609756098,0.30487804878048785
10_41_22_067,-128.0,61.0,12.0,-23.0,-21.0,-4.0,53.0,52.0,-0.064453125,0.01123046875,0.91455078125,-4.939024390243903,4.390243902439025,-2.9268292682926833
10_41_22_067,38.0,-9.0,81.0,16.0,12.0,-33.0,-128.0,-14.0,-0.1318359375,0.0615234375,0.9755859375,0.12195121951219513,4.573170731707317,0.7317073170731708
10_41_22_126,-7.0,-128.0,-128.0,83.0,81.0,-34.0,111.0,-14.0,-0.017578125,0.0791015625,0.9150390625,0.6707317073170732,1.0975609756097562,3.780487804878049
10_41_22_126,98.0,26.0,-60.0,-128.0,-128.0,-1.0,-20.0,31.0,-0.046875,0.02734375,0.93115234375,-3.9024390243902443,0.6707317073170732,0.5487804878048781
10_41_22_126,19.0,-62.0,-20.0,-72.0,-18.0,2.0,13.0,-30.0,-0.1669921875,0.033203125,0.9326171875,0.06097560975609757,0.30487804878048785,1.524390243902439
10_41_22_126,127.0,33.0,84.0,127.0,29.0,24.0,127.0,49.0,-0.12109375,0.06787109375,0.9248046875,2.9268292682926833,-0.7317073170731708,2.987804878048781
10_41_22_126,-110.0,-27.0,-89.0,-2.0,-40.0,-8.0,-5.0,-17.0,-0.0478515625,0.12451171875,0.92724609375,11.341463414634147,5.2439024390243905,0.6097560975609757
10_41_22_126,19.0,-49.0,98.0,38.0,30.0,-24.0,74.0,24.0,-0.10888671875,0.0537109375,0.9453125,9.878048780487806,8.048780487804878,1.6463414634146343
10_41_22_126,-14.0,-26.0,57.0,40.0,13.0,5.0,-128.0,-11.0,-0.0263671875,0.05078125,0.9150390625,-8.292682926829269,3.8414634146341466,4.146341463414634
10_41_22_126,10.0,22.0,67.0,7.0,25.0,-6.0,25.0,-10.0,-0.03076171875,0.08349609375,0.9443359375,-8.353658536585366,4.817073170731708,4.75609756097561
10_41_22_126,-15.0,-24.0,8.0,7.0,50.0,-7.0,-49.0,-59.0,-0.02978515625,0.06884765625,1.01123046875,1.9512195121951221,8.658536585365855,-1.2804878048780488
10_41_22_126,20.0,29.0,73.0,-36.0,-83.0,-2.0,-16.0,15.0,-0.1328125,0.09716796875,0.9228515625,3.414634146341464,7.560975609756098,0.30487804878048785
10_41_22_170,26.0,-22.0,-75.0,-93.0,-23.0,-30.0,-93.0,30.0,-0.0712890625,0.05517578125,0.9755859375,10.914634146341465,2.682926829268293,4.146341463414634
10_41_22_170,15.0,26.0,86.0,73.0,55.0,32.0,-73.0,23.0,-0.080078125,0.03564453125,0.94091796875,2.0121951219512195,2.25609756097561,2.8658536585365857
10_41_22_170,9.0,34.0,127.0,42.0,27.0,-12.0,-67.0,27.0,-0.0615234375,0.10693359375,0.9296875,0.24390243902439027,0.48780487804878053,1.5853658536585367
10_41_22_170,14.0,-14.0,51.0,49.0,-80.0,-29.0,-70.0,-53.0,-0.017578125,0.0791015625,0.9150390625,0.6707317073170732,1.0975609756097562,3.780487804878049
10_41_22_170,28.0,14.0,-56.0,-2.0,52.0,16.0,127.0,22.0,-0.046875,0.02734375,0.93115234375,-3.9024390243902443,0.6707317073170732,0.5487804878048781
10_41_22_170,23.0,16.0,50.0,37.0,25.0,-3.0,0.0,-27.0,-0.1669921875,0.033203125,0.9326171875,0.06097560975609757,0.30487804878048785,1.524390243902439
10_41_22_170,-45.0,-21.0,-38.0,-47.0,-61.0,1.0,-20.0,-42.0,-0.12109375,0.06787109375,0.9248046875,2.9268292682926833,-0.7317073170731708,2.987804878048781
10_41_22_170,31.0,-11.0,14.0,5.0,27.0,-8.0,-46.0,6.0,-0.0478515625,0.12451171875,0.92724609375,11.341463414634147,5.2439024390243905,0.6097560975609757
10_41_22_170,25.0,18.0,4.0,23.0,6.0,-18.0,10.0,25.0,-0.10888671875,0.0537109375,0.9453125,9.878048780487806,8.048780487804878,1.6463414634146343
10_41_22_170,-8.0,-18.0,16.0,-9.0,-5.0,-13.0,58.0,-26.0,-0.0263671875,0.05078125,0.9150390625,-8.292682926829269,3.8414634146341466,4.146341463414634
10_41_22_217,-36.0,-8.0,-13.0,-28.0,35.0,14.0,-33.0,6.0,-0.06689453125,0.03125,0.92822265625,-3.2926829268292686,-3.963414634146342,1.9512195121951221
10_41_22_217,-2.0,-32.0,106.0,113.0,112.0,-7.0,-128.0,-23.0,-0.06982421875,0.029296875,0.90478515625,-12.317073170731708,-3.2926829268292686,2.9268292682926833
10_41_22_217,-27.0,19.0,-39.0,-9.0,-76.0,-10.0,127.0,48.0,-0.12353515625,0.1044921875,0.943359375,-4.695121951219512,-1.6463414634146343,0.3658536585365854
10_41_22_217,4.0,-3.0,-115.0,-61.0,2.0,-6.0,-28.0,-6.0,-0.0712890625,0.05517578125,0.9755859375,10.914634146341465,2.682926829268293,4.146341463414634
10_41_22_217,48.0,81.0,127.0,55.0,4.0,-1.0,-9.0,69.0,-0.080078125,0.03564453125,0.94091796875,2.0121951219512195,2.25609756097561,2.8658536585365857
10_41_22_217,-10.0,42.0,114.0,-5.0,31.0,2.0,-45.0,-38.0,-0.0615234375,0.10693359375,0.9296875,0.24390243902439027,0.48780487804878053,1.5853658536585367
10_41_22_217,-13.0,-44.0,-27.0,19.0,44.0,-3.0,43.0,20.0,-0.017578125,0.0791015625,0.9150390625,0.6707317073170732,1.0975609756097562,3.780487804878049
10_41_22_217,24.0,-11.0,-17.0,30.0,-37.0,-13.0,17.0,24.0,-0.046875,0.02734375,0.93115234375,-3.9024390243902443,0.6707317073170732,0.5487804878048781
10_41_22_217,127.0,-34.0,-46.0,-89.0,-61.0,-9.0,-2.0,17.0,-0.1669921875,0.033203125,0.9326171875,0.06097560975609757,0.30487804878048785,1.524390243902439
10_41_22_217,-40.0,-17.0,40.0,120.0,68.0,10.0,-40.0,-29.0,-0.12109375,0.06787109375,0.9248046875,2.9268292682926833,-0.7317073170731708,2.987804878048781
10_41_22_283,-9.0,-9.0,13.0,-101.0,-35.0,-7.0,-37.0,-15.0,-0.12890625,0.0927734375,0.923828125,-3.048780487804878,-2.1341463414634148,-0.3658536585365854
10_41_22_283,13.0,-1.0,38.0,26.0,73.0,3.0,-39.0,-4.0,0.01220703125,0.083984375,0.91650390625,-3.536585365853659,-4.2682926829268295,1.9512195121951221
10_41_22_283,11.0,-37.0,-86.0,-48.0,-77.0,13.0,26.0,12.0,-0.06689453125,0.03125,0.92822265625,-3.2926829268292686,-3.963414634146342,1.9512195121951221
10_41_22_283,-128.0,-23.0,127.0,56.0,46.0,-11.0,47.0,-16.0,-0.06982421875,0.029296875,0.90478515625,-12.317073170731708,-3.2926829268292686,2.9268292682926833
10_41_22_283,127.0,-1.0,-54.0,-46.0,-22.0,-16.0,1.0,65.0,-0.12353515625,0.1044921875,0.943359375,-4.695121951219512,-1.6463414634146343,0.3658536585365854
10_41_22_283,-50.0,-46.0,-48.0,-73.0,-38.0,-6.0,-128.0,-25.0,-0.0712890625,0.05517578125,0.9755859375,10.914634146341465,2.682926829268293,4.146341463414634
10_41_22_283,-42.0,14.0,127.0,25.0,-11.0,16.0,77.0,23.0,-0.080078125,0.03564453125,0.94091796875,2.0121951219512195,2.25609756097561,2.8658536585365857
10_41_22_283,21.0,78.0,111.0,127.0,85.0,4.0,104.0,36.0,-0.0615234375,0.10693359375,0.9296875,0.24390243902439027,0.48780487804878053,1.5853658536585367
10_41_22_283,31.0,-6.0,-50.0,64.0,65.0,-37.0,102.0,55.0,-0.017578125,0.0791015625,0.9150390625,0.6707317073170732,1.0975609756097562,3.780487804878049
10_41_22_283,-32.0,-36.0,-36.0,-128.0,-128.0,-9.0,27.0,-122.0,-0.046875,0.02734375,0.93115234375,-3.9024390243902443,0.6707317073170732,0.5487804878048781
10_41_22_318,-36.0,-91.0,50.0,-34.0,7.0,7.0,-53.0,-35.0,-0.083984375,0.0244140625,0.9404296875,-3.5975609756097566,-3.963414634146342,1.5853658536585367
10_41_22_318,50.0,50.0,-22.0,4.0,-1.0,-5.0,-62.0,-2.0,-0.06396484375,0.10205078125,0.94384765625,-0.7926829268292683,-2.439024390243903,4.878048780487806
10_41_22_318,43.0,-84.0,102.0,11.0,31.0,17.0,-110.0,4.0,-0.130859375,0.0478515625,0.96923828125,4.024390243902439,-0.12195121951219513,1.829268292682927
10_41_22_318,28.0,36.0,-46.0,-7.0,12.0,-27.0,127.0,65.0,-0.12890625,0.0927734375,0.923828125,-3.048780487804878,-2.1341463414634148,-0.3658536585365854
10_41_22_318,22.0,12.0,-32.0,-77.0,-72.0,34.0,-42.0,23.0,0.01220703125,0.083984375,0.91650390625,-3.536585365853659,-4.2682926829268295,1.9512195121951221
10_41_22_318,3.0,-9.0,39.0,-25.0,-45.0,1.0,98.0,1.0,-0.06689453125,0.03125,0.92822265625,-3.2926829268292686,-3.963414634146342,1.9512195121951221
10_41_22_318,34.0,19.0,43.0,115.0,113.0,23.0,127.0,13.0,-0.06982421875,0.029296875,0.90478515625,-12.317073170731708,-3.2926829268292686,2.9268292682926833
10_41_22_318,31.0,4.0,-37.0,49.0,18.0,-30.0,-44.0,-24.0,-0.12353515625,0.1044921875,0.943359375,-4.695121951219512,-1.6463414634146343,0.3658536585365854
10_41_22_318,67.0,-26.0,-83.0,-16.0,-50.0,-50.0,-128.0,61.0,-0.0712890625,0.05517578125,0.9755859375,10.914634146341465,2.682926829268293,4.146341463414634
10_41_22_318,-43.0,9.0,-73.0,44.0,43.0,27.0,-128.0,-100.0,-0.080078125,0.03564453125,0.94091796875,2.0121951219512195,2.25609756097561,2.8658536585365857
10_41_22_382,-27.0,15.0,-26.0,38.0,32.0,1.0,-51.0,-22.0,-0.0390625,0.0947265625,0.93505859375,-2.804878048780488,-3.2926829268292686,3.536585365853659
10_41_22_382,-68.0,9.0,-13.0,-28.0,-4.0,-16.0,-128.0,3.0,-0.08203125,0.1015625,0.88623046875,-3.353658536585366,-1.5853658536585367,-0.06097560975609757
10_41_22_382,83.0,-6.0,-59.0,22.0,17.0,3.0,123.0,45.0,-0.083984375,0.0244140625,0.9404296875,-3.5975609756097566,-3.963414634146342,1.5853658536585367
10_41_22_382,-24.0,-28.0,-60.0,-6.0,-24.0,-2.0,99.0,17.0,-0.06396484375,0.10205078125,0.94384765625,-0.7926829268292683,-2.439024390243903,4.878048780487806
10_41_22_382,0.0,-6.0,120.0,11.0,-23.0,2.0,15.0,24.0,-0.130859375,0.0478515625,0.96923828125,4.024390243902439,-0.12195121951219513,1.829268292682927
10_41_22_382,-8.0,-23.0,-47.0,-79.0,-66.0,-20.0,-92.0,23.0,-0.12890625,0.0927734375,0.923828125,-3.048780487804878,-2.1341463414634148,-0.3658536585365854
10_41_22_382,-73.0,-46.0,99.0,74.0,107.0,37.0,19.0,-18.0,0.01220703125,0.083984375,0.91650390625,-3.536585365853659,-4.2682926829268295,1.9512195121951221
10_41_22_382,-4.0,-12.0,-69.0,-45.0,-109.0,-13.0,93.0,54.0,-0.06689453125,0.03125,0.92822265625,-3.2926829268292686,-3.963414634146342,1.9512195121951221
10_41_22_382,-36.0,-91.0,50.0,-34.0,7.0,7.0,-53.0,-35.0,-0.06982421875,0.029296875,0.90478515625,-12.317073170731708,-3.2926829268292686,2.9268292682926833
10_41_22_382,50.0,50.0,-22.0,4.0,-1.0,-5.0,-62.0,-2.0,-0.12353515625,0.1044921875,0.943359375,-4.695121951219512,-1.6463414634146343,0.3658536585365854
10_41_22_427,-37.0,-35.0,-128.0,-78.0,-45.0,5.0,104.0,8.0,-0.08642578125,0.12939453125,0.89990234375,-2.5,-0.6707317073170732,-0.9756097560975611
10_41_22_427,11.0,109.0,86.0,-1.0,-17.0,-17.0,-85.0,-1.0,-0.08203125,0.0556640625,0.8916015625,-1.402439024390244,-0.7926829268292683,-3.048780487804878
10_41_22_427,-78.0,-68.0,-93.0,-55.0,-12.0,9.0,-50.0,-26.0,-0.06591796875,0.00439453125,0.9833984375,-1.8902439024390245,-5.487804878048781,1.0975609756097562
10_41_22_427,-15.0,-12.0,-52.0,20.0,-9.0,-30.0,-90.0,-27.0,-0.0390625,0.0947265625,0.93505859375,-2.804878048780488,-3.2926829268292686,3.536585365853659
10_41_22_427,26.0,6.0,6.0,-49.0,-52.0,12.0,-27.0,21.0,-0.08203125,0.1015625,0.88623046875,-3.353658536585366,-1.5853658536585367,-0.06097560975609757
10_41_22_427,13.0,-1.0,-30.0,-48.0,38.0,-12.0,-3.0,-5.0,-0.083984375,0.0244140625,0.9404296875,-3.5975609756097566,-3.963414634146342,1.5853658536585367
10_41_22_427,12.0,14.0,7.0,24.0,9.0,-1.0,51.0,18.0,-0.06396484375,0.10205078125,0.94384765625,-0.7926829268292683,-2.439024390243903,4.878048780487806
10_41_22_427,-11.0,-16.0,-15.0,-40.0,-49.0,5.0,51.0,7.0,-0.130859375,0.0478515625,0.96923828125,4.024390243902439,-0.12195121951219513,1.829268292682927
10_41_22_427,-27.0,15.0,-26.0,38.0,32.0,1.0,-51.0,-22.0,-0.12890625,0.0927734375,0.923828125,-3.048780487804878,-2.1341463414634148,-0.3658536585365854
10_41_22_427,-68.0,9.0,-13.0,-28.0,-4.0,-16.0,-128.0,3.0,0.01220703125,0.083984375,0.91650390625,-3.536585365853659,-4.2682926829268295,1.9512195121951221
10_41_22_472,-20.0,-45.0,-51.0,-30.0,-20.0,-29.0,-24.0,-18.0,-0.06103515625,0.05029296875,0.82421875,-9.939024390243903,1.3414634146341464,-1.6463414634146343
10_41_22_472,23.0,28.0,49.0,95.0,27.0,13.0,-19.0,-4.0,-0.04052734375,0.04541015625,1.02099609375,-8.109756097560977,-2.7439024390243905,1.1585365853658538
10_41_22_472,51.0,25.0,-20.0,-64.0,-42.0,-20.0,46.0,51.0,-0.07568359375,0.05224609375,1.06396484375,1.0365853658536586,-2.682926829268293,4.146341463414634
10_41_22_472,46.0,11.0,-46.0,4.0,22.0,11.0,52.0,33.0,-0.08642578125,0.12939453125,0.89990234375,-2.5,-0.6707317073170732,-0.9756097560975611
10_41_22_472,-13.0,0.0,-128.0,-68.0,-128.0,36.0,20.0,-34.0,-0.08203125,0.0556640625,0.8916015625,-1.402439024390244,-0.7926829268292683,-3.048780487804878
10_41_22_472,-93.0,-32.0,36.0,-123.0,-33.0,-35.0,127.0,90.0,-0.06591796875,0.00439453125,0.9833984375,-1.8902439024390245,-5.487804878048781,1.0975609756097562
10_41_22_472,61.0,29.0,-7.0,127.0,127.0,59.0,18.0,-8.0,-0.0390625,0.0947265625,0.93505859375,-2.804878048780488,-3.2926829268292686,3.536585365853659
10_41_22_472,-29.0,-51.0,-32.0,-128.0,-128.0,5.0,98.0,1.0,-0.08203125,0.1015625,0.88623046875,-3.353658536585366,-1.5853658536585367,-0.06097560975609757
10_41_22_472,-30.0,-23.0,110.0,127.0,127.0,15.0,7.0,22.0,-0.083984375,0.0244140625,0.9404296875,-3.5975609756097566,-3.963414634146342,1.5853658536585367
10_41_22_472,61.0,-34.0,-44.0,-128.0,-128.0,1.0,-45.0,-5.0,-0.06396484375,0.10205078125,0.94384765625,-0.7926829268292683,-2.439024390243903,4.878048780487806
10_41_22_538,36.0,126.0,127.0,127.0,64.0,14.0,127.0,48.0,-0.0302734375,0.06494140625,0.9287109375,9.695121951219512,2.9268292682926833,0.6707317073170732
10_41_22_538,21.0,67.0,-33.0,-120.0,-91.0,-11.0,-105.0,-8.0,-0.06103515625,0.05029296875,0.82421875,-9.939024390243903,1.3414634146341464,-1.6463414634146343
10_41_22_538,6.0,49.0,77.0,76.0,96.0,2.0,-10.0,-1.0,-0.04052734375,0.04541015625,1.02099609375,-8.109756097560977,-2.7439024390243905,1.1585365853658538
10_41_22_538,-14.0,-33.0,-27.0,-15.0,-11.0,-10.0,-25.0,7.0,-0.07568359375,0.05224609375,1.06396484375,1.0365853658536586,-2.682926829268293,4.146341463414634
10_41_22_538,41.0,-10.0,-77.0,-86.0,-42.0,-10.0,-92.0,-20.0,-0.08642578125,0.12939453125,0.89990234375,-2.5,-0.6707317073170732,-0.9756097560975611
10_41_22_538,-116.0,1.0,-10.0,-33.0,-24.0,9.0,-6.0,-4.0,-0.08203125,0.0556640625,0.8916015625,-1.402439024390244,-0.7926829268292683,-3.048780487804878
10_41_22_538,-20.0,-45.0,-51.0,-30.0,-20.0,-29.0,-24.0,-18.0,-0.06591796875,0.00439453125,0.9833984375,-1.8902439024390245,-5.487804878048781,1.0975609756097562
10_41_22_538,23.0,28.0,49.0,95.0,27.0,13.0,-19.0,-4.0,-0.0390625,0.0947265625,0.93505859375,-2.804878048780488,-3.2926829268292686,3.536585365853659
10_41_22_538,51.0,25.0,-20.0,-64.0,-42.0,-20.0,46.0,51.0,-0.08203125,0.1015625,0.88623046875,-3.353658536585366,-1.5853658536585367,-0.06097560975609757
10_41_22_538,46.0,11.0,-46.0,4.0,22.0,11.0,52.0,33.0,-0.083984375,0.0244140625,0.9404296875,-3.5975609756097566,-3.963414634146342,1.5853658536585367
