channel_1,channel_2,channel_3,channel_4,channel_5,channel_6,channel_7,channel_8,ACC_X,ACC_Y,ACC_Z,GYR_X,GYR_Y,GYR_Z
3.0,-6.0,-15.0,1.0,2.0,3.0,-2.0,-2.0,0.18600107341452898,0.4393855116413391,0.042816378270515765,-0.11677188784423165,0.19650717446159402,-0.0679200921595199
-10.0,-3.0,11.0,0.0,-1.0,-3.0,0.0,-1.0,0.18475487521640982,0.44365035731259683,0.04197910022245133,-0.11184143439941152,0.2001835210862301,-0.0690017668186111
3.0,-6.0,4.0,-3.0,-6.0,-4.0,-1.0,-4.0,0.18219302943003252,0.4445716851147775,0.04128997626973263,-0.10347907631245785,0.20479918010097736,-0.0701209645959346
0.0,-9.0,25.0,3.0,0.0,-2.0,1.0,0.0,0.1788634008413246,0.4420577935547091,0.04096084077693518,-0.09352275531910974,0.20943375772046155,-0.07114925409638358
6.0,6.0,-14.0,1.0,5.0,1.0,-1.0,2.0,0.17546617099738018,0.4370577499504553,0.0410182173718765,-0.0844236286158925,0.2130213430165811,-0.07182187881494943
5.0,-1.0,8.0,-3.0,-9.0,-6.0,-5.0,30.0,0.17263305425875272,0.43118530247270487,0.04126998719708641,-0.07885654295386918,0.21448623171432493,-0.07180391482743077
1.0,10.0,10.0,-1.0,-6.0,-1.0,2.0,2.0,0.17072754322083233,0.42609824029990795,0.04139026920205868,-0.07906013412962082,0.2129944291847703,-0.0708365241109861
11.0,-12.0,-4.0,-2.0,0.0,4.0,0.0,-15.0,0.16976608573431082,0.42288816060847617,0.041087431933781615,-0.08604315330074734,0.20826149671462932,-0.06886504692826502
1.0,-3.0,-4.0,3.0,3.0,3.0,1.0,-4.0,0.16949482353446652,0.4217221127631726,0.04026538876936514,-0.09901720422106794,0.20076541288227812,-0.06607415380625269
-55.0,-39.0,-9.0,-7.0,-5.0,-2.0,-2.0,13.0,0.16954532251554635,0.4218633182747028,0.03908527847147003,-0.11542001384848317,0.19172055863175297,-0.06283381345266782
2.0,-9.0,-15.0,-2.0,-5.0,-3.0,1.0,-4.0,0.18219302943003252,0.4445716851147775,0.04128997626973263,-0.10347907631245785,0.20479918010097736,-0.0701209645959346
2.0,5.0,14.0,2.0,1.0,0.0,-2.0,-3.0,0.1788634008413246,0.4420577935547091,0.04096084077693518,-0.09352275531910974,0.20943375772046155,-0.07114925409638358
3.0,5.0,-21.0,1.0,3.0,3.0,-3.0,24.0,0.17546617099738018,0.4370577499504553,0.0410182173718765,-0.0844236286158925,0.2130213430165811,-0.07182187881494943
1.0,5.0,28.0,3.0,-5.0,-6.0,-1.0,-25.0,0.17263305425875272,0.43118530247270487,0.04126998719708641,-0.07885654295386918,0.21448623171432493,-0.07180391482743077
-1.0,-11.0,7.0,-5.0,-6.0,-4.0,2.0,-10.0,0.17072754322083233,0.42609824029990795,0.04139026920205868,-0.07906013412962082,0.2129944291847703,-0.0708365241109861
-2.0,2.0,4.0,-2.0,1.0,3.0,0.0,2.0,0.16976608573431082,0.42288816060847617,0.041087431933781615,-0.08604315330074734,0.20826149671462932,-0.06886504692826502
3.0,-6.0,-15.0,1.0,2.0,3.0,-2.0,-2.0,0.16949482353446652,0.4217221127631726,0.04026538876936514,-0.09901720422106794,0.20076541288227812,-0.06607415380625269
-10.0,-3.0,11.0,0.0,-1.0,-3.0,0.0,-1.0,0.16954532251554635,0.4218633182747028,0.03908527847147003,-0.11542001384848317,0.19172055863175297,-0.06283381345266782
5.0,0.0,-1.0,-8.0,5.0,5.0,2.0,1.0,0.18600107341452898,0.4393855116413391,0.042816378270515765,-0.11677188784423165,0.19650717446159402,-0.0679200921595199
0.0,-10.0,-7.0,4.0,-1.0,-5.0,-1.0,-11.0,0.18475487521640982,0.44365035731259683,0.04197910022245133,-0.11184143439941152,0.2001835210862301,-0.0690017668186111
3.0,-8.0,-9.0,-15.0,-6.0,-6.0,-7.0,-3.0,0.18219302943003252,0.4445716851147775,0.04128997626973263,-0.10347907631245785,0.20479918010097736,-0.0701209645959346
1.0,9.0,8.0,2.0,-1.0,3.0,-3.0,-2.0,0.1788634008413246,0.4420577935547091,0.04096084077693518,-0.09352275531910974,0.20943375772046155,-0.07114925409638358
1.0,-9.0,8.0,2.0,0.0,1.0,1.0,2.0,0.17546617099738018,0.4370577499504553,0.0410182173718765,-0.0844236286158925,0.2130213430165811,-0.07182187881494943
1.0,18.0,-7.0,-7.0,-2.0,-4.0,1.0,-2.0,0.17263305425875272,0.43118530247270487,0.04126998719708641,-0.07885654295386918,0.21448623171432493,-0.07180391482743077
-19.0,-20.0,-2.0,-8.0,-6.0,-4.0,-3.0,-3.0,0.17072754322083233,0.42609824029990795,0.04139026920205868,-0.07906013412962082,0.2129944291847703,-0.0708365241109861
20.0,6.0,-7.0,9.0,2.0,5.0,-3.0,1.0,0.16976608573431082,0.42288816060847617,0.041087431933781615,-0.08604315330074734,0.20826149671462932,-0.06886504692826502
-9.0,2.0,14.0,6.0,2.0,1.0,-1.0,13.0,0.16949482353446652,0.4217221127631726,0.04026538876936514,-0.09901720422106794,0.20076541288227812,-0.06607415380625269
12.0,-3.0,1.0,2.0,-3.0,-1.0,-3.0,-4.0,0.16954532251554635,0.4218633182747028,0.03908527847147003,-0.11542001384848317,0.19172055863175297,-0.06283381345266782
11.0,21.0,12.0,6.0,6.0,5.0,0.0,3.0,0.18600107341452898,0.4393855116413391,0.042816378270515765,-0.11677188784423165,0.19650717446159402,-0.0679200921595199
-9.0,12.0,8.0,4.0,-1.0,-1.0,-1.0,-2.0,0.18475487521640982,0.44365035731259683,0.04197910022245133,-0.11184143439941152,0.2001835210862301,-0.0690017668186111
-2.0,-25.0,-1.0,-3.0,-3.0,-6.0,-2.0,3.0,0.18219302943003252,0.4445716851147775,0.04128997626973263,-0.10347907631245785,0.20479918010097736,-0.0701209645959346
0.0,13.0,18.0,-1.0,1.0,2.0,0.0,2.0,0.1788634008413246,0.4420577935547091,0.04096084077693518,-0.09352275531910974,0.20943375772046155,-0.07114925409638358
-5.0,-23.0,-59.0,-1.0,0.0,-2.0,-9.0,-49.0,0.17546617099738018,0.4370577499504553,0.0410182173718765,-0.0844236286158925,0.2130213430165811,-0.07182187881494943
6.0,-3.0,40.0,6.0,1.0,2.0,7.0,21.0,0.17263305425875272,0.43118530247270487,0.04126998719708641,-0.07885654295386918,0.21448623171432493,-0.07180391482743077
0.0,47.0,-12.0,-10.0,-3.0,-8.0,-2.0,-6.0,0.17072754322083233,0.42609824029990795,0.04139026920205868,-0.07906013412962082,0.2129944291847703,-0.0708365241109861
2.0,18.0,37.0,3.0,1.0,1.0,-1.0,0.0,0.16976608573431082,0.42288816060847617,0.041087431933781615,-0.08604315330074734,0.20826149671462932,-0.06886504692826502
1.0,5.0,31.0,8.0,5.0,1.0,1.0,0.0,0.16949482353446652,0.4217221127631726,0.04026538876936514,-0.09901720422106794,0.20076541288227812,-0.06607415380625269
-1.0,6.0,22.0,0.0,-3.0,-2.0,0.0,-2.0,0.16954532251554635,0.4218633182747028,0.03908527847147003,-0.11542001384848317,0.19172055863175297,-0.06283381345266782
3.0,1.0,-6.0,1.0,-5.0,-4.0,1.0,-1.0,0.18600107341452898,0.4393855116413391,0.042816378270515765,-0.11677188784423165,0.19650717446159402,-0.0679200921595199
0.0,4.0,-13.0,6.0,1.0,4.0,-3.0,8.0,0.18475487521640982,0.44365035731259683,0.04197910022245133,-0.11184143439941152,0.2001835210862301,-0.0690017668186111
3.0,0.0,-2.0,5.0,3.0,4.0,4.0,-4.0,0.18219302943003252,0.4445716851147775,0.04128997626973263,-0.10347907631245785,0.20479918010097736,-0.0701209645959346
-1.0,7.0,22.0,3.0,-2.0,-3.0,-3.0,-7.0,0.1788634008413246,0.4420577935547091,0.04096084077693518,-0.09352275531910974,0.20943375772046155,-0.07114925409638358
-1.0,-2.0,55.0,-4.0,-5.0,-3.0,-2.0,-10.0,0.17546617099738018,0.4370577499504553,0.0410182173718765,-0.0844236286158925,0.2130213430165811,-0.07182187881494943
-2.0,-4.0,-3.0,-1.0,2.0,1.0,0.0,0.0,0.17263305425875272,0.43118530247270487,0.04126998719708641,-0.07885654295386918,0.21448623171432493,-0.07180391482743077
2.0,-5.0,23.0,-20.0,6.0,4.0,-1.0,2.0,0.17072754322083233,0.42609824029990795,0.04139026920205868,-0.07906013412962082,0.2129944291847703,-0.0708365241109861
4.0,5.0,73.0,6.0,1.0,-1.0,0.0,2.0,0.16976608573431082,0.42288816060847617,0.041087431933781615,-0.08604315330074734,0.20826149671462932,-0.06886504692826502
-5.0,-14.0,-10.0,-2.0,-10.0,-7.0,-4.0,-1.0,0.16949482353446652,0.4217221127631726,0.04026538876936514,-0.09901720422106794,0.20076541288227812,-0.06607415380625269
-16.0,2.0,-10.0,-3.0,-2.0,0.0,-1.0,9.0,0.16954532251554635,0.4218633182747028,0.03908527847147003,-0.11542001384848317,0.19172055863175297,-0.06283381345266782
0.0,2.0,-3.0,2.0,4.0,3.0,2.0,2.0,0.18600107341452898,0.4393855116413391,0.042816378270515765,-0.11677188784423165,0.19650717446159402,-0.0679200921595199
-2.0,5.0,109.0,-12.0,-3.0,-2.0,-1.0,0.0,0.18475487521640982,0.44365035731259683,0.04197910022245133,-0.11184143439941152,0.2001835210862301,-0.0690017668186111
-4.0,-21.0,-8.0,8.0,-4.0,-8.0,-4.0,-4.0,0.18219302943003252,0.4445716851147775,0.04128997626973263,-0.10347907631245785,0.20479918010097736,-0.0701209645959346
-4.0,-1.0,2.0,-9.0,-4.0,0.0,-1.0,-2.0,0.1788634008413246,0.4420577935547091,0.04096084077693518,-0.09352275531910974,0.20943375772046155,-0.07114925409638358
1.0,-5.0,-22.0,-9.0,3.0,1.0,-1.0,1.0,0.17546617099738018,0.4370577499504553,0.0410182173718765,-0.0844236286158925,0.2130213430165811,-0.07182187881494943
0.0,22.0,11.0,1.0,0.0,-4.0,2.0,-1.0,0.17263305425875272,0.43118530247270487,0.04126998719708641,-0.07885654295386918,0.21448623171432493,-0.07180391482743077
-1.0,-13.0,-8.0,-1.0,-3.0,-4.0,0.0,1.0,0.17072754322083233,0.42609824029990795,0.04139026920205868,-0.07906013412962082,0.2129944291847703,-0.0708365241109861
1.0,5.0,-1.0,1.0,1.0,2.0,-2.0,2.0,0.16976608573431082,0.42288816060847617,0.041087431933781615,-0.08604315330074734,0.20826149671462932,-0.06886504692826502
1.0,3.0,96.0,1.0,5.0,2.0,0.0,0.0,0.16949482353446652,0.4217221127631726,0.04026538876936514,-0.09901720422106794,0.20076541288227812,-0.06607415380625269
-6.0,-27.0,-107.0,-14.0,-10.0,-6.0,-3.0,-4.0,0.16954532251554635,0.4218633182747028,0.03908527847147003,-0.11542001384848317,0.19172055863175297,-0.06283381345266782
0.0,-2.0,11.0,-1.0,-5.0,-4.0,1.0,-1.0,0.18600107341452898,0.4393855116413391,0.042816378270515765,-0.11677188784423165,0.19650717446159402,-0.0679200921595199
0.0,1.0,14.0,-1.0,-1.0,-2.0,-1.0,22.0,0.18475487521640982,0.44365035731259683,0.04197910022245133,-0.11184143439941152,0.2001835210862301,-0.0690017668186111
10.0,23.0,15.0,3.0,6.0,3.0,6.0,6.0,0.18219302943003252,0.4445716851147775,0.04128997626973263,-0.10347907631245785,0.20479918010097736,-0.0701209645959346
8.0,-3.0,4.0,-1.0,-1.0,-1.0,2.0,-8.0,0.1788634008413246,0.4420577935547091,0.04096084077693518,-0.09352275531910974,0.20943375772046155,-0.07114925409638358
-1.0,-4.0,-7.0,-5.0,-11.0,-5.0,-4.0,24.0,0.17546617099738018,0.4370577499504553,0.0410182173718765,-0.0844236286158925,0.2130213430165811,-0.07182187881494943
2.0,-5.0,10.0,3.0,1.0,1.0,-2.0,-2.0,0.17263305425875272,0.43118530247270487,0.04126998719708641,-0.07885654295386918,0.21448623171432493,-0.07180391482743077
-4.0,-11.0,-63.0,-10.0,0.0,0.0,-4.0,0.0,0.17072754322083233,0.42609824029990795,0.04139026920205868,-0.07906013412962082,0.2129944291847703,-0.0708365241109861
1.0,-3.0,-14.0,-2.0,-1.0,-4.0,-7.0,-35.0,0.16976608573431082,0.42288816060847617,0.041087431933781615,-0.08604315330074734,0.20826149671462932,-0.06886504692826502
4.0,-3.0,-12.0,2.0,-7.0,-6.0,-3.0,9.0,0.16949482353446652,0.4217221127631726,0.04026538876936514,-0.09901720422106794,0.20076541288227812,-0.06607415380625269
4.0,4.0,-9.0,4.0,0.0,0.0,-3.0,3.0,0.16954532251554635,0.4218633182747028,0.03908527847147003,-0.11542001384848317,0.19172055863175297,-0.06283381345266782
-2.0,-5.0,-8.0,-4.0,-5.0,-3.0,3.0,-2.0,0.18600107341452898,0.4393855116413391,0.042816378270515765,-0.11677188784423165,0.19650717446159402,-0.0679200921595199
-1.0,1.0,6.0,0.0,2.0,1.0,-3.0,1.0,0.18475487521640982,0.44365035731259683,0.04197910022245133,-0.11184143439941152,0.2001835210862301,-0.0690017668186111
4.0,8.0,8.0,2.0,4.0,4.0,1.0,1.0,0.18219302943003252,0.4445716851147775,0.04128997626973263,-0.10347907631245785,0.20479918010097736,-0.0701209645959346
1.0,10.0,29.0,3.0,-2.0,0.0,0.0,2.0,0.1788634008413246,0.4420577935547091,0.04096084077693518,-0.09352275531910974,0.20943375772046155,-0.07114925409638358
-7.0,-24.0,-84.0,-15.0,-11.0,-8.0,-4.0,-5.0,0.17546617099738018,0.4370577499504553,0.0410182173718765,-0.0844236286158925,0.2130213430165811,-0.07182187881494943
-10.0,6.0,39.0,12.0,4.0,2.0,-3.0,-1.0,0.17263305425875272,0.43118530247270487,0.04126998719708641,-0.07885654295386918,0.21448623171432493,-0.07180391482743077
3.0,8.0,-1.0,7.0,4.0,2.0,3.0,1.0,0.17072754322083233,0.42609824029990795,0.04139026920205868,-0.07906013412962082,0.2129944291847703,-0.0708365241109861
1.0,-3.0,-36.0,-19.0,1.0,0.0,2.0,1.0,0.16976608573431082,0.42288816060847617,0.041087431933781615,-0.08604315330074734,0.20826149671462932,-0.06886504692826502
-4.0,-2.0,1.0,2.0,-6.0,-6.0,-1.0,-4.0,0.16949482353446652,0.4217221127631726,0.04026538876936514,-0.09901720422106794,0.20076541288227812,-0.06607415380625269
0.0,7.0,3.0,-7.0,-3.0,-4.0,0.0,0.0,0.16954532251554635,0.4218633182747028,0.03908527847147003,-0.11542001384848317,0.19172055863175297,-0.06283381345266782
1.0,15.0,32.0,11.0,6.0,2.0,-2.0,1.0,0.18600107341452898,0.4393855116413391,0.042816378270515765,-0.11677188784423165,0.19650717446159402,-0.0679200921595199
-4.0,-10.0,-13.0,-8.0,-6.0,-5.0,-7.0,-4.0,0.18475487521640982,0.44365035731259683,0.04197910022245133,-0.11184143439941152,0.2001835210862301,-0.0690017668186111
5.0,9.0,-27.0,2.0,-3.0,-5.0,0.0,3.0,0.18219302943003252,0.4445716851147775,0.04128997626973263,-0.10347907631245785,0.20479918010097736,-0.0701209645959346
0.0,1.0,16.0,10.0,1.0,0.0,-2.0,1.0,0.1788634008413246,0.4420577935547091,0.04096084077693518,-0.09352275531910974,0.20943375772046155,-0.07114925409638358
4.0,6.0,27.0,-23.0,3.0,5.0,0.0,4.0,0.17546617099738018,0.4370577499504553,0.0410182173718765,-0.0844236286158925,0.2130213430165811,-0.07182187881494943
-3.0,-3.0,-10.0,7.0,-5.0,-2.0,0.0,1.0,0.17263305425875272,0.43118530247270487,0.04126998719708641,-0.07885654295386918,0.21448623171432493,-0.07180391482743077
1.0,-5.0,30.0,-13.0,-6.0,-4.0,0.0,-12.0,0.17072754322083233,0.42609824029990795,0.04139026920205868,-0.07906013412962082,0.2129944291847703,-0.0708365241109861
-25.0,-2.0,-22.0,-9.0,0.0,-2.0,-1.0,19.0,0.16976608573431082,0.42288816060847617,0.041087431933781615,-0.08604315330074734,0.20826149671462932,-0.06886504692826502
4.0,-10.0,-69.0,3.0,4.0,4.0,1.0,-2.0,0.16949482353446652,0.4217221127631726,0.04026538876936514,-0.09901720422106794,0.20076541288227812,-0.06607415380625269
2.0,3.0,31.0,2.0,0.0,-4.0,1.0,-2.0,0.16954532251554635,0.4218633182747028,0.03908527847147003,-0.11542001384848317,0.19172055863175297,-0.06283381345266782
2.0,-3.0,8.0,2.0,-5.0,-4.0,-5.0,-2.0,0.18219302943003252,0.4445716851147775,0.04128997626973263,-0.10347907631245785,0.20479918010097736,-0.0701209645959346
-1.0,1.0,18.0,-2.0,1.0,2.0,2.0,5.0,0.1788634008413246,0.4420577935547091,0.04096084077693518,-0.09352275531910974,0.20943375772046155,-0.07114925409638358
4.0,6.0,-30.0,5.0,6.0,3.0,0.0,-1.0,0.17546617099738018,0.4370577499504553,0.0410182173718765,-0.0844236286158925,0.2130213430165811,-0.07182187881494943
-6.0,1.0,40.0,5.0,-3.0,-1.0,-3.0,-4.0,0.17263305425875272,0.43118530247270487,0.04126998719708641,-0.07885654295386918,0.21448623171432493,-0.07180391482743077
1.0,-7.0,27.0,-17.0,-8.0,-4.0,-3.0,-3.0,0.17072754322083233,0.42609824029990795,0.04139026920205868,-0.07906013412962082,0.2129944291847703,-0.0708365241109861
-6.0,-6.0,-45.0,-7.0,-1.0,2.0,1.0,-1.0,0.16976608573431082,0.42288816060847617,0.041087431933781615,-0.08604315330074734,0.20826149671462932,-0.06886504692826502
0.0,10.0,27.0,6.0,5.0,5.0,-2.0,-5.0,0.16949482353446652,0.4217221127631726,0.04026538876936514,-0.09901720422106794,0.20076541288227812,-0.06607415380625269
-8.0,-25.0,-25.0,-5.0,-4.0,-8.0,1.0,27.0,0.16954532251554635,0.4218633182747028,0.03908527847147003,-0.11542001384848317,0.19172055863175297,-0.06283381345266782
5.0,12.0,7.0,4.0,-2.0,0.0,0.0,0.0,0.18600107341452898,0.4393855116413391,0.042816378270515765,-0.11677188784423165,0.19650717446159402,-0.0679200921595199
3.0,6.0,9.0,12.0,2.0,2.0,-1.0,-3.0,0.18475487521640982,0.44365035731259683,0.04197910022245133,-0.11184143439941152,0.2001835210862301,-0.0690017668186111
-1.0,-10.0,47.0,-4.0,-7.0,-8.0,-3.0,-5.0,0.18219302943003252,0.4445716851147775,0.04128997626973263,-0.10347907631245785,0.20479918010097736,-0.0701209645959346
-2.0,10.0,10.0,-6.0,6.0,3.0,0.0,1.0,0.1788634008413246,0.4420577935547091,0.04096084077693518,-0.09352275531910974,0.20943375772046155,-0.07114925409638358
4.0,22.0,12.0,-5.0,5.0,1.0,2.0,2.0,0.17546617099738018,0.4370577499504553,0.0410182173718765,-0.0844236286158925,0.2130213430165811,-0.07182187881494943
4.0,2.0,18.0,15.0,2.0,-3.0,0.0,-1.0,0.17263305425875272,0.43118530247270487,0.04126998719708641,-0.07885654295386918,0.21448623171432493,-0.07180391482743077
-4.0,-7.0,9.0,-11.0,-11.0,-7.0,-3.0,-4.0,0.17072754322083233,0.42609824029990795,0.04139026920205868,-0.07906013412962082,0.2129944291847703,-0.0708365241109861
5.0,14.0,46.0,19.0,3.0,1.0,-3.0,3.0,0.16976608573431082,0.42288816060847617,0.041087431933781615,-0.08604315330074734,0.20826149671462932,-0.06886504692826502
0.0,10.0,2.0,7.0,5.0,6.0,-1.0,0.0,0.16949482353446652,0.4217221127631726,0.04026538876936514,-0.09901720422106794,0.20076541288227812,-0.06607415380625269
-16.0,-18.0,-4.0,-42.0,-7.0,-3.0,-2.0,-4.0,0.16954532251554635,0.4218633182747028,0.03908527847147003,-0.11542001384848317,0.19172055863175297,-0.06283381345266782
-15.0,-7.0,-86.0,2.0,-3.0,-3.0,-9.0,-6.0,0.18600107341452898,0.4393855116413391,0.042816378270515765,-0.11677188784423165,0.19650717446159402,-0.0679200921595199
6.0,4.0,46.0,-12.0,-11.0,0.0,-4.0,-3.0,0.18475487521640982,0.44365035731259683,0.04197910022245133,-0.11184143439941152,0.2001835210862301,-0.0690017668186111
1.0,-20.0,-128.0,0.0,-9.0,-8.0,-3.0,-2.0,0.18219302943003252,0.4445716851147775,0.04128997626973263,-0.10347907631245785,0.20479918010097736,-0.0701209645959346
6.0,2.0,-7.0,24.0,17.0,8.0,-3.0,5.0,0.1788634008413246,0.4420577935547091,0.04096084077693518,-0.09352275531910974,0.20943375772046155,-0.07114925409638358
-2.0,5.0,7.0,-20.0,13.0,3.0,-7.0,-4.0,0.17546617099738018,0.4370577499504553,0.0410182173718765,-0.0844236286158925,0.2130213430165811,-0.07182187881494943
-7.0,-8.0,-19.0,-10.0,-18.0,-11.0,-5.0,-3.0,0.17263305425875272,0.43118530247270487,0.04126998719708641,-0.07885654295386918,0.21448623171432493,-0.07180391482743077
6.0,-3.0,30.0,13.0,-8.0,-8.0,-4.0,-2.0,0.17072754322083233,0.42609824029990795,0.04139026920205868,-0.07906013412962082,0.2129944291847703,-0.0708365241109861
-8.0,-9.0,2.0,-7.0,-4.0,-4.0,-5.0,-2.0,0.16976608573431082,0.42288816060847617,0.041087431933781615,-0.08604315330074734,0.20826149671462932,-0.06886504692826502
-5.0,22.0,12.0,-1.0,7.0,9.0,3.0,-2.0,0.16949482353446652,0.4217221127631726,0.04026538876936514,-0.09901720422106794,0.20076541288227812,-0.06607415380625269
10.0,-7.0,-70.0,18.0,-3.0,1.0,4.0,-3.0,0.16954532251554635,0.4218633182747028,0.03908527847147003,-0.11542001384848317,0.19172055863175297,-0.06283381345266782
12.0,4.0,-13.0,-8.0,1.0,-9.0,0.0,-1.0,0.18475487521640982,0.44365035731259683,0.04197910022245133,-0.11184143439941152,0.2001835210862301,-0.0690017668186111
-28.0,-14.0,-19.0,12.0,-6.0,-2.0,3.0,0.0,0.18219302943003252,0.4445716851147775,0.04128997626973263,-0.10347907631245785,0.20479918010097736,-0.0701209645959346
-5.0,-9.0,-106.0,-25.0,-8.0,-3.0,-1.0,-4.0,0.1788634008413246,0.4420577935547091,0.04096084077693518,-0.09352275531910974,0.20943375772046155,-0.07114925409638358
18.0,18.0,28.0,9.0,5.0,5.0,1.0,2.0,0.17546617099738018,0.4370577499504553,0.0410182173718765,-0.0844236286158925,0.2130213430165811,-0.07182187881494943
12.0,7.0,5.0,-6.0,-4.0,-3.0,-1.0,1.0,0.17263305425875272,0.43118530247270487,0.04126998719708641,-0.07885654295386918,0.21448623171432493,-0.07180391482743077
-20.0,-20.0,-4.0,-3.0,-17.0,-12.0,-4.0,-2.0,0.17072754322083233,0.42609824029990795,0.04139026920205868,-0.07906013412962082,0.2129944291847703,-0.0708365241109861
-15.0,1.0,-2.0,-6.0,-2.0,2.0,6.0,-3.0,0.16976608573431082,0.42288816060847617,0.041087431933781615,-0.08604315330074734,0.20826149671462932,-0.06886504692826502
16.0,7.0,19.0,52.0,26.0,13.0,7.0,9.0,0.16949482353446652,0.4217221127631726,0.04026538876936514,-0.09901720422106794,0.20076541288227812,-0.06607415380625269
-9.0,4.0,8.0,-29.0,17.0,11.0,6.0,1.0,0.16954532251554635,0.4218633182747028,0.03908527847147003,-0.11542001384848317,0.19172055863175297,-0.06283381345266782
12.0,10.0,8.0,9.0,30.0,27.0,2.0,6.0,0.18600107341452898,0.4393855116413391,0.042816378270515765,-0.11677188784423165,0.19650717446159402,-0.0679200921595199
0.0,-4.0,10.0,-14.0,-23.0,-17.0,-7.0,-8.0,0.18475487521640982,0.44365035731259683,0.04197910022245133,-0.11184143439941152,0.2001835210862301,-0.0690017668186111
8.0,-9.0,-10.0,-3.0,-20.0,-28.0,-4.0,-4.0,0.18219302943003252,0.4445716851147775,0.04128997626973263,-0.10347907631245785,0.20479918010097736,-0.0701209645959346
6.0,4.0,-6.0,6.0,-1.0,0.0,2.0,16.0,0.1788634008413246,0.4420577935547091,0.04096084077693518,-0.09352275531910974,0.20943375772046155,-0.07114925409638358
15.0,5.0,-6.0,-14.0,-2.0,13.0,-3.0,3.0,0.17546617099738018,0.4370577499504553,0.0410182173718765,-0.0844236286158925,0.2130213430165811,-0.07182187881494943
-30.0,-3.0,3.0,37.0,26.0,1.0,5.0,-1.0,0.17263305425875272,0.43118530247270487,0.04126998719708641,-0.07885654295386918,0.21448623171432493,-0.07180391482743077
-8.0,-17.0,7.0,-9.0,1.0,14.0,9.0,-4.0,0.17072754322083233,0.42609824029990795,0.04139026920205868,-0.07906013412962082,0.2129944291847703,-0.0708365241109861
-5.0,-1.0,-10.0,-27.0,2.0,-3.0,-4.0,-9.0,0.16976608573431082,0.42288816060847617,0.041087431933781615,-0.08604315330074734,0.20826149671462932,-0.06886504692826502
6.0,7.0,-2.0,21.0,-16.0,-7.0,1.0,3.0,0.16949482353446652,0.4217221127631726,0.04026538876936514,-0.09901720422106794,0.20076541288227812,-0.06607415380625269
25.0,4.0,-18.0,-5.0,-4.0,-10.0,-1.0,6.0,0.16954532251554635,0.4218633182747028,0.03908527847147003,-0.11542001384848317,0.19172055863175297,-0.06283381345266782
-16.0,10.0,16.0,3.0,31.0,21.0,8.0,6.0,0.18600107341452898,0.4393855116413391,0.042816378270515765,-0.11677188784423165,0.19650717446159402,-0.0679200921595199
14.0,5.0,-3.0,52.0,51.0,37.0,-4.0,-1.0,0.18475487521640982,0.44365035731259683,0.04197910022245133,-0.11184143439941152,0.2001835210862301,-0.0690017668186111
1.0,-10.0,-19.0,-41.0,-48.0,-41.0,0.0,-2.0,0.18219302943003252,0.4445716851147775,0.04128997626973263,-0.10347907631245785,0.20479918010097736,-0.0701209645959346
-33.0,-11.0,-17.0,-53.0,-53.0,-34.0,-9.0,-2.0,0.1788634008413246,0.4420577935547091,0.04096084077693518,-0.09352275531910974,0.20943375772046155,-0.07114925409638358
-16.0,2.0,11.0,39.0,37.0,13.0,3.0,-2.0,0.17546617099738018,0.4370577499504553,0.0410182173718765,-0.0844236286158925,0.2130213430165811,-0.07182187881494943
24.0,7.0,7.0,36.0,63.0,38.0,14.0,3.0,0.17263305425875272,0.43118530247270487,0.04126998719708641,-0.07885654295386918,0.21448623171432493,-0.07180391482743077
-11.0,-12.0,-23.0,-11.0,-15.0,10.0,4.0,1.0,0.17072754322083233,0.42609824029990795,0.04139026920205868,-0.07906013412962082,0.2129944291847703,-0.0708365241109861
-8.0,-3.0,12.0,-23.0,-2.0,-12.0,-7.0,-3.0,0.16976608573431082,0.42288816060847617,0.041087431933781615,-0.08604315330074734,0.20826149671462932,-0.06886504692826502
-24.0,3.0,-5.0,-8.0,-43.0,-26.0,-12.0,-4.0,0.16949482353446652,0.4217221127631726,0.04026538876936514,-0.09901720422106794,0.20076541288227812,-0.06607415380625269
12.0,0.0,2.0,-10.0,-15.0,-19.0,-4.0,-1.0,0.16954532251554635,0.4218633182747028,0.03908527847147003,-0.11542001384848317,0.19172055863175297,-0.06283381345266782
-7.0,13.0,7.0,99.0,103.0,42.0,8.0,0.0,0.18600107341452898,0.4393855116413391,0.042816378270515765,-0.11677188784423165,0.19650717446159402,-0.0679200921595199
8.0,-11.0,-57.0,-19.0,40.0,20.0,0.0,-5.0,0.18475487521640982,0.44365035731259683,0.04197910022245133,-0.11184143439941152,0.2001835210862301,-0.0690017668186111
-9.0,-9.0,2.0,-41.0,-69.0,-25.0,-17.0,-8.0,0.18219302943003252,0.4445716851147775,0.04128997626973263,-0.10347907631245785,0.20479918010097736,-0.0701209645959346
5.0,0.0,10.0,-20.0,-44.0,-34.0,-7.0,6.0,0.1788634008413246,0.4420577935547091,0.04096084077693518,-0.09352275531910974,0.20943375772046155,-0.07114925409638358
8.0,14.0,11.0,11.0,11.0,0.0,3.0,4.0,0.17546617099738018,0.4370577499504553,0.0410182173718765,-0.0844236286158925,0.2130213430165811,-0.07182187881494943
-2.0,-6.0,-22.0,10.0,65.0,36.0,9.0,6.0,0.17263305425875272,0.43118530247270487,0.04126998719708641,-0.07885654295386918,0.21448623171432493,-0.07180391482743077
-15.0,0.0,17.0,27.0,19.0,21.0,1.0,1.0,0.17072754322083233,0.42609824029990795,0.04139026920205868,-0.07906013412962082,0.2129944291847703,-0.0708365241109861
6.0,-5.0,-4.0,-32.0,-60.0,-39.0,-11.0,-1.0,0.16976608573431082,0.42288816060847617,0.041087431933781615,-0.08604315330074734,0.20826149671462932,-0.06886504692826502
-38.0,-7.0,-65.0,-59.0,-81.0,-46.0,-16.0,-10.0,0.16949482353446652,0.4217221127631726,0.04026538876936514,-0.09901720422106794,0.20076541288227812,-0.06607415380625269
22.0,-3.0,-13.0,-29.0,-32.0,-37.0,-12.0,-7.0,0.16954532251554635,0.4218633182747028,0.03908527847147003,-0.11542001384848317,0.19172055863175297,-0.06283381345266782
5.0,-15.0,-41.0,-61.0,9.0,-16.0,-4.0,2.0,0.18600107341452898,0.4393855116413391,0.042816378270515765,-0.11677188784423165,0.19650717446159402,-0.0679200921595199
-2.0,5.0,11.0,33.0,-21.0,-8.0,4.0,6.0,0.18475487521640982,0.44365035731259683,0.04197910022245133,-0.11184143439941152,0.2001835210862301,-0.0690017668186111
17.0,12.0,5.0,19.0,1.0,15.0,6.0,3.0,0.18219302943003252,0.4445716851147775,0.04128997626973263,-0.10347907631245785,0.20479918010097736,-0.0701209645959346
10.0,8.0,26.0,-54.0,-59.0,-23.0,-6.0,-26.0,0.1788634008413246,0.4420577935547091,0.04096084077693518,-0.09352275531910974,0.20943375772046155,-0.07114925409638358
13.0,-4.0,0.0,26.0,43.0,17.0,1.0,7.0,0.17546617099738018,0.4370577499504553,0.0410182173718765,-0.0844236286158925,0.2130213430165811,-0.07182187881494943
4.0,6.0,-3.0,82.0,115.0,74.0,16.0,5.0,0.17263305425875272,0.43118530247270487,0.04126998719708641,-0.07885654295386918,0.21448623171432493,-0.07180391482743077
-33.0,-1.0,32.0,-54.0,-62.0,-33.0,-7.0,-7.0,0.17072754322083233,0.42609824029990795,0.04139026920205868,-0.07906013412962082,0.2129944291847703,-0.0708365241109861
0.0,-8.0,-23.0,-37.0,-75.0,-47.0,-18.0,-6.0,0.16976608573431082,0.42288816060847617,0.041087431933781615,-0.08604315330074734,0.20826149671462932,-0.06886504692826502
26.0,-6.0,-1.0,-17.0,-13.0,-15.0,2.0,3.0,0.16949482353446652,0.4217221127631726,0.04026538876936514,-0.09901720422106794,0.20076541288227812,-0.06607415380625269
15.0,2.0,-1.0,-9.0,-15.0,1.0,9.0,6.0,0.16954532251554635,0.4218633182747028,0.03908527847147003,-0.11542001384848317,0.19172055863175297,-0.06283381345266782
-1.0,9.0,-7.0,-17.0,-39.0,-8.0,5.0,1.0,0.18600107341452898,0.4393855116413391,0.042816378270515765,-0.11677188784423165,0.19650717446159402,-0.0679200921595199
7.0,-4.0,-17.0,-32.0,-35.0,-9.0,0.0,-7.0,0.18475487521640982,0.44365035731259683,0.04197910022245133,-0.11184143439941152,0.2001835210862301,-0.0690017668186111
-33.0,-18.0,22.0,-45.0,-61.0,-36.0,-9.0,-5.0,0.18219302943003252,0.4445716851147775,0.04128997626973263,-0.10347907631245785,0.20479918010097736,-0.0701209645959346
6.0,-6.0,-35.0,0.0,26.0,-1.0,9.0,38.0,0.1788634008413246,0.4420577935547091,0.04096084077693518,-0.09352275531910974,0.20943375772046155,-0.07114925409638358
25.0,21.0,25.0,87.0,109.0,46.0,10.0,41.0,0.17546617099738018,0.4370577499504553,0.0410182173718765,-0.0844236286158925,0.2130213430165811,-0.07182187881494943
-5.0,-6.0,-72.0,-6.0,-42.0,-15.0,-5.0,-24.0,0.17263305425875272,0.43118530247270487,0.04126998719708641,-0.07885654295386918,0.21448623171432493,-0.07180391482743077
-21.0,-9.0,19.0,-14.0,-49.0,-13.0,6.0,-2.0,0.17072754322083233,0.42609824029990795,0.04139026920205868,-0.07906013412962082,0.2129944291847703,-0.0708365241109861
-31.0,-14.0,-54.0,-22.0,17.0,39.0,0.0,4.0,0.16976608573431082,0.42288816060847617,0.041087431933781615,-0.08604315330074734,0.20826149671462932,-0.06886504692826502
-10.0,11.0,9.0,27.0,37.0,-4.0,-2.0,-4.0,0.16949482353446652,0.4217221127631726,0.04026538876936514,-0.09901720422106794,0.20076541288227812,-0.06607415380625269
-8.0,-3.0,-8.0,-45.0,-18.0,-17.0,-17.0,-10.0,0.16954532251554635,0.4218633182747028,0.03908527847147003,-0.11542001384848317,0.19172055863175297,-0.06283381345266782
5.0,-22.0,24.0,-59.0,-61.0,-36.0,-8.0,0.0,0.18600107341452898,0.4393855116413391,0.042816378270515765,-0.11677188784423165,0.19650717446159402,-0.0679200921595199
9.0,-28.0,-28.0,27.0,17.0,27.0,6.0,2.0,0.18475487521640982,0.44365035731259683,0.04197910022245133,-0.11184143439941152,0.2001835210862301,-0.0690017668186111
32.0,21.0,6.0,-7.0,17.0,-5.0,3.0,6.0,0.18219302943003252,0.4445716851147775,0.04128997626973263,-0.10347907631245785,0.20479918010097736,-0.0701209645959346
-13.0,-2.0,73.0,32.0,45.0,34.0,0.0,0.0,0.1788634008413246,0.4420577935547091,0.04096084077693518,-0.09352275531910974,0.20943375772046155,-0.07114925409638358
-51.0,12.0,-4.0,4.0,1.0,5.0,-9.0,-12.0,0.17546617099738018,0.4370577499504553,0.0410182173718765,-0.0844236286158925,0.2130213430165811,-0.07182187881494943
10.0,-14.0,-26.0,-83.0,-108.0,-63.0,-9.0,-3.0,0.17263305425875272,0.43118530247270487,0.04126998719708641,-0.07885654295386918,0.21448623171432493,-0.07180391482743077
6.0,7.0,-2.0,56.0,48.0,20.0,5.0,14.0,0.17072754322083233,0.42609824029990795,0.04139026920205868,-0.07906013412962082,0.2129944291847703,-0.0708365241109861
-12.0,1.0,22.0,25.0,99.0,62.0,16.0,0.0,0.16976608573431082,0.42288816060847617,0.041087431933781615,-0.08604315330074734,0.20826149671462932,-0.06886504692826502
0.0,-15.0,17.0,7.0,-16.0,-18.0,0.0,3.0,0.16949482353446652,0.4217221127631726,0.04026538876936514,-0.09901720422106794,0.20076541288227812,-0.06607415380625269
23.0,7.0,-5.0,-14.0,-2.0,-3.0,-9.0,-3.0,0.16954532251554635,0.4218633182747028,0.03908527847147003,-0.11542001384848317,0.19172055863175297,-0.06283381345266782
20.0,4.0,5.0,-128.0,-121.0,-60.0,-21.0,-4.0,0.18600107341452898,0.4393855116413391,0.042816378270515765,-0.11677188784423165,0.19650717446159402,-0.0679200921595199
-4.0,2.0,1.0,16.0,-69.0,-40.0,3.0,-10.0,0.18475487521640982,0.44365035731259683,0.04197910022245133,-0.11184143439941152,0.2001835210862301,-0.0690017668186111
16.0,23.0,54.0,72.0,127.0,86.0,29.0,21.0,0.18219302943003252,0.4445716851147775,0.04128997626973263,-0.10347907631245785,0.20479918010097736,-0.0701209645959346
-26.0,-11.0,-14.0,-28.0,-40.0,-18.0,-12.0,-7.0,0.1788634008413246,0.4420577935547091,0.04096084077693518,-0.09352275531910974,0.20943375772046155,-0.07114925409638358
-10.0,-3.0,3.0,3.0,-9.0,-12.0,-5.0,-4.0,0.17546617099738018,0.4370577499504553,0.0410182173718765,-0.0844236286158925,0.2130213430165811,-0.07182187881494943
24.0,4.0,-18.0,-52.0,-27.0,-2.0,-9.0,4.0,0.17263305425875272,0.43118530247270487,0.04126998719708641,-0.07885654295386918,0.21448623171432493,-0.07180391482743077
-19.0,-1.0,12.0,-17.0,-22.0,-22.0,-1.0,-11.0,0.17072754322083233,0.42609824029990795,0.04139026920205868,-0.07906013412962082,0.2129944291847703,-0.0708365241109861
-3.0,3.0,-3.0,113.0,114.0,60.0,6.0,-3.0,0.16976608573431082,0.42288816060847617,0.041087431933781615,-0.08604315330074734,0.20826149671462932,-0.06886504692826502
2.0,8.0,1.0,-64.0,-67.0,-25.0,-5.0,-5.0,0.16949482353446652,0.4217221127631726,0.04026538876936514,-0.09901720422106794,0.20076541288227812,-0.06607415380625269
16.0,-6.0,-7.0,-18.0,-63.0,-28.0,-3.0,16.0,0.16954532251554635,0.4218633182747028,0.03908527847147003,-0.11542001384848317,0.19172055863175297,-0.06283381345266782
-11.0,1.0,-25.0,-9.0,3.0,-14.0,-24.0,-14.0,0.18600107341452898,0.4393855116413391,0.042816378270515765,-0.11677188784423165,0.19650717446159402,-0.0679200921595199
16.0,-37.0,3.0,-54.0,-25.0,-55.0,-17.0,0.0,0.18475487521640982,0.44365035731259683,0.04197910022245133,-0.11184143439941152,0.2001835210862301,-0.0690017668186111
4.0,11.0,6.0,38.0,-79.0,-17.0,-10.0,33.0,0.18219302943003252,0.4445716851147775,0.04128997626973263,-0.10347907631245785,0.20479918010097736,-0.0701209645959346
-2.0,11.0,6.0,41.0,56.0,53.0,25.0,16.0,0.1788634008413246,0.4420577935547091,0.04096084077693518,-0.09352275531910974,0.20943375772046155,-0.07114925409638358
-18.0,1.0,1.0,55.0,127.0,78.0,9.0,-21.0,0.17546617099738018,0.4370577499504553,0.0410182173718765,-0.0844236286158925,0.2130213430165811,-0.07182187881494943
11.0,-33.0,1.0,-128.0,-128.0,-116.0,-35.0,-1.0,0.17263305425875272,0.43118530247270487,0.04126998719708641,-0.07885654295386918,0.21448623171432493,-0.07180391482743077
17.0,24.0,27.0,-1.0,24.0,-15.0,6.0,8.0,0.17072754322083233,0.42609824029990795,0.04139026920205868,-0.07906013412962082,0.2129944291847703,-0.0708365241109861
-17.0,-10.0,25.0,127.0,100.0,63.0,20.0,9.0,0.16976608573431082,0.42288816060847617,0.041087431933781615,-0.08604315330074734,0.20826149671462932,-0.06886504692826502
20.0,4.0,5.0,-128.0,-121.0,-60.0,-21.0,-4.0,0.16949482353446652,0.4217221127631726,0.04026538876936514,-0.09901720422106794,0.20076541288227812,-0.06607415380625269
-4.0,2.0,1.0,16.0,-69.0,-40.0,3.0,-10.0,0.16954532251554635,0.4218633182747028,0.03908527847147003,-0.11542001384848317,0.19172055863175297,-0.06283381345266782
-8.0,4.0,8.0,-96.0,-126.0,-65.0,-25.0,-1.0,0.18600107341452898,0.4393855116413391,0.042816378270515765,-0.11677188784423165,0.19650717446159402,-0.0679200921595199
28.0,20.0,25.0,62.0,28.0,25.0,9.0,6.0,0.18475487521640982,0.44365035731259683,0.04197910022245133,-0.11184143439941152,0.2001835210862301,-0.0690017668186111
22.0,1.0,54.0,122.0,127.0,79.0,32.0,12.0,0.18219302943003252,0.4445716851147775,0.04128997626973263,-0.10347907631245785,0.20479918010097736,-0.0701209645959346
-86.0,-20.0,13.0,46.0,90.0,61.0,6.0,-19.0,0.1788634008413246,0.4420577935547091,0.04096084077693518,-0.09352275531910974,0.20943375772046155,-0.07114925409638358
-3.0,57.0,-18.0,-100.0,-128.0,-90.0,-17.0,-11.0,0.17546617099738018,0.4370577499504553,0.0410182173718765,-0.0844236286158925,0.2130213430165811,-0.07182187881494943
20.0,-10.0,-20.0,-12.0,-22.0,-12.0,-11.0,10.0,0.17263305425875272,0.43118530247270487,0.04126998719708641,-0.07885654295386918,0.21448623171432493,-0.07180391482743077
-7.0,-26.0,-12.0,-58.0,-7.0,-24.0,-18.0,-8.0,0.17072754322083233,0.42609824029990795,0.04139026920205868,-0.07906013412962082,0.2129944291847703,-0.0708365241109861
12.0,-9.0,-23.0,-99.0,-128.0,-73.0,-18.0,11.0,0.16976608573431082,0.42288816060847617,0.041087431933781615,-0.08604315330074734,0.20826149671462932,-0.06886504692826502
-7.0,33.0,31.0,1.0,-5.0,-7.0,36.0,3.0,0.16949482353446652,0.4217221127631726,0.04026538876936514,-0.09901720422106794,0.20076541288227812,-0.06607415380625269
14.0,-3.0,49.0,127.0,127.0,127.0,32.0,25.0,0.16954532251554635,0.4218633182747028,0.03908527847147003,-0.11542001384848317,0.19172055863175297,-0.06283381345266782
-1.0,-7.0,-50.0,-31.0,-82.0,-30.0,7.0,-1.0,0.18600107341452898,0.4393855116413391,0.042816378270515765,-0.11677188784423165,0.19650717446159402,-0.0679200921595199
21.0,24.0,49.0,127.0,127.0,127.0,36.0,18.0,0.18475487521640982,0.44365035731259683,0.04197910022245133,-0.11184143439941152,0.2001835210862301,-0.0690017668186111
-8.0,12.0,-10.0,-43.0,104.0,-18.0,-6.0,0.0,0.18219302943003252,0.4445716851147775,0.04128997626973263,-0.10347907631245785,0.20479918010097736,-0.0701209645959346
7.0,-19.0,-53.0,-128.0,-128.0,-103.0,-35.0,-7.0,0.1788634008413246,0.4420577935547091,0.04096084077693518,-0.09352275531910974,0.20943375772046155,-0.07114925409638358
-3.0,-24.0,-35.0,3.0,-19.0,-5.0,-6.0,-1.0,0.17546617099738018,0.4370577499504553,0.0410182173718765,-0.0844236286158925,0.2130213430165811,-0.07182187881494943
5.0,-1.0,6.0,-128.0,-71.0,-41.0,-6.0,-5.0,0.17263305425875272,0.43118530247270487,0.04126998719708641,-0.07885654295386918,0.21448623171432493,-0.07180391482743077
5.0,25.0,52.0,127.0,112.0,64.0,21.0,9.0,0.17072754322083233,0.42609824029990795,0.04139026920205868,-0.07906013412962082,0.2129944291847703,-0.0708365241109861
-25.0,44.0,55.0,33.0,127.0,100.0,24.0,11.0,0.16976608573431082,0.42288816060847617,0.041087431933781615,-0.08604315330074734,0.20826149671462932,-0.06886504692826502
29.0,-16.0,-24.0,-90.0,-100.0,-86.0,-19.0,-4.0,0.16949482353446652,0.4217221127631726,0.04026538876936514,-0.09901720422106794,0.20076541288227812,-0.06607415380625269
-10.0,-27.0,-25.0,-63.0,-51.0,-13.0,-21.0,-25.0,0.16954532251554635,0.4218633182747028,0.03908527847147003,-0.11542001384848317,0.19172055863175297,-0.06283381345266782
-7.0,-9.0,35.0,86.0,-20.0,5.0,16.0,13.0,0.18600107341452898,0.4393855116413391,0.042816378270515765,-0.11677188784423165,0.19650717446159402,-0.0679200921595199
18.0,19.0,37.0,127.0,127.0,82.0,1.0,-13.0,0.18475487521640982,0.44365035731259683,0.04197910022245133,-0.11184143439941152,0.2001835210862301,-0.0690017668186111
-15.0,-58.0,-79.0,-128.0,81.0,-122.0,-56.0,-23.0,0.18219302943003252,0.4445716851147775,0.04128997626973263,-0.10347907631245785,0.20479918010097736,-0.0701209645959346
11.0,1.0,-57.0,-128.0,-128.0,-128.0,-19.0,1.0,0.1788634008413246,0.4420577935547091,0.04096084077693518,-0.09352275531910974,0.20943375772046155,-0.07114925409638358
22.0,25.0,90.0,127.0,127.0,127.0,68.0,38.0,0.17546617099738018,0.4370577499504553,0.0410182173718765,-0.0844236286158925,0.2130213430165811,-0.07182187881494943
2.0,5.0,0.0,-17.0,127.0,124.0,-6.0,-18.0,0.17263305425875272,0.43118530247270487,0.04126998719708641,-0.07885654295386918,0.21448623171432493,-0.07180391482743077
8.0,-9.0,-50.0,-128.0,-128.0,-128.0,-26.0,1.0,0.17072754322083233,0.42609824029990795,0.04139026920205868,-0.07906013412962082,0.2129944291847703,-0.0708365241109861
-39.0,13.0,67.0,127.0,127.0,127.0,19.0,1.0,0.16976608573431082,0.42288816060847617,0.041087431933781615,-0.08604315330074734,0.20826149671462932,-0.06886504692826502
-4.0,-19.0,-5.0,-17.0,-40.0,-108.0,-1.0,-18.0,0.16949482353446652,0.4217221127631726,0.04026538876936514,-0.09901720422106794,0.20076541288227812,-0.06607415380625269
9.0,11.0,6.0,36.0,-73.0,61.0,1.0,12.0,0.16954532251554635,0.4218633182747028,0.03908527847147003,-0.11542001384848317,0.19172055863175297,-0.06283381345266782
-67.0,-28.0,-67.0,-128.0,127.0,-108.0,-62.0,-38.0,0.18600107341452898,0.4393855116413391,0.042816378270515765,-0.11677188784423165,0.19650717446159402,-0.0679200921595199
25.0,-3.0,7.0,-128.0,-128.0,-128.0,-16.0,8.0,0.18475487521640982,0.44365035731259683,0.04197910022245133,-0.11184143439941152,0.2001835210862301,-0.0690017668186111
-11.0,32.0,85.0,127.0,127.0,127.0,88.0,29.0,0.18219302943003252,0.4445716851147775,0.04128997626973263,-0.10347907631245785,0.20479918010097736,-0.0701209645959346
20.0,22.0,-27.0,-128.0,-51.0,-90.0,-50.0,0.0,0.1788634008413246,0.4420577935547091,0.04096084077693518,-0.09352275531910974,0.20943375772046155,-0.07114925409638358
-22.0,-54.0,-50.0,-68.0,-128.0,13.0,-22.0,-23.0,0.17546617099738018,0.4370577499504553,0.0410182173718765,-0.0844236286158925,0.2130213430165811,-0.07182187881494943
-8.0,-12.0,-19.0,-52.0,127.0,-116.0,1.0,-23.0,0.17263305425875272,0.43118530247270487,0.04126998719708641,-0.07885654295386918,0.21448623171432493,-0.07180391482743077
-2.0,15.0,-19.0,-128.0,127.0,-9.0,-36.0,-1.0,0.17072754322083233,0.42609824029990795,0.04139026920205868,-0.07906013412962082,0.2129944291847703,-0.0708365241109861
24.0,20.0,56.0,-35.0,-128.0,-17.0,33.0,30.0,0.16976608573431082,0.42288816060847617,0.041087431933781615,-0.08604315330074734,0.20826149671462932,-0.06886504692826502
-39.0,-30.0,-21.0,127.0,127.0,127.0,28.0,-15.0,0.16949482353446652,0.4217221127631726,0.04026538876936514,-0.09901720422106794,0.20076541288227812,-0.06607415380625269
37.0,1.0,-28.0,-128.0,27.0,-125.0,10.0,15.0,0.16954532251554635,0.4218633182747028,0.03908527847147003,-0.11542001384848317,0.19172055863175297,-0.06283381345266782
11.0,42.0,14.0,127.0,127.0,127.0,16.0,8.0,0.18600107341452898,0.4393855116413391,0.042816378270515765,-0.11677188784423165,0.19650717446159402,-0.0679200921595199
-11.0,-16.0,-7.0,-128.0,-35.0,-36.0,-7.0,-7.0,0.18475487521640982,0.44365035731259683,0.04197910022245133,-0.11184143439941152,0.2001835210862301,-0.0690017668186111
-6.0,-25.0,4.0,-77.0,-128.0,-53.0,27.0,2.0,0.18219302943003252,0.4445716851147775,0.04128997626973263,-0.10347907631245785,0.20479918010097736,-0.0701209645959346
5.0,24.0,55.0,127.0,127.0,127.0,14.0,4.0,0.1788634008413246,0.4420577935547091,0.04096084077693518,-0.09352275531910974,0.20943375772046155,-0.07114925409638358
18.0,-35.0,-100.0,-128.0,-128.0,-128.0,-44.0,2.0,0.17546617099738018,0.4370577499504553,0.0410182173718765,-0.0844236286158925,0.2130213430165811,-0.07182187881494943
11.0,48.0,110.0,127.0,127.0,127.0,55.0,23.0,0.17263305425875272,0.43118530247270487,0.04126998719708641,-0.07885654295386918,0.21448623171432493,-0.07180391482743077
-56.0,-55.0,-128.0,-128.0,-128.0,-128.0,-75.0,-22.0,0.17072754322083233,0.42609824029990795,0.04139026920205868,-0.07906013412962082,0.2129944291847703,-0.0708365241109861
7.0,-15.0,-19.0,-128.0,-128.0,-128.0,-21.0,5.0,0.16976608573431082,0.42288816060847617,0.041087431933781615,-0.08604315330074734,0.20826149671462932,-0.06886504692826502
28.0,23.0,86.0,127.0,-121.0,32.0,47.0,21.0,0.16949482353446652,0.4217221127631726,0.04026538876936514,-0.09901720422106794,0.20076541288227812,-0.06607415380625269
12.0,-3.0,-1.0,127.0,68.0,127.0,22.0,13.0,0.16954532251554635,0.4218633182747028,0.03908527847147003,-0.11542001384848317,0.19172055863175297,-0.06283381345266782
6.0,-2.0,-103.0,-45.0,-128.0,-128.0,-86.0,-28.0,0.18600107341452898,0.4393855116413391,0.042816378270515765,-0.11677188784423165,0.19650717446159402,-0.0679200921595199
-15.0,-35.0,-26.0,-128.0,-128.0,-128.0,-59.0,-9.0,0.18475487521640982,0.44365035731259683,0.04197910022245133,-0.11184143439941152,0.2001835210862301,-0.0690017668186111
10.0,68.0,29.0,127.0,-53.0,127.0,49.0,12.0,0.18219302943003252,0.4445716851147775,0.04128997626973263,-0.10347907631245785,0.20479918010097736,-0.0701209645959346
-5.0,-19.0,-53.0,-128.0,127.0,-128.0,-55.0,-21.0,0.1788634008413246,0.4420577935547091,0.04096084077693518,-0.09352275531910974,0.20943375772046155,-0.07114925409638358
2.0,-19.0,-29.0,86.0,88.0,27.0,42.0,10.0,0.17546617099738018,0.4370577499504553,0.0410182173718765,-0.0844236286158925,0.2130213430165811,-0.07182187881494943
24.0,14.0,112.0,127.0,127.0,127.0,82.0,35.0,0.17263305425875272,0.43118530247270487,0.04126998719708641,-0.07885654295386918,0.21448623171432493,-0.07180391482743077
-15.0,7.0,-46.0,-128.0,-19.0,-128.0,-71.0,-34.0,0.17072754322083233,0.42609824029990795,0.04139026920205868,-0.07906013412962082,0.2129944291847703,-0.0708365241109861
-19.0,6.0,-21.0,125.0,100.0,127.0,10.0,0.0,0.16976608573431082,0.42288816060847617,0.041087431933781615,-0.08604315330074734,0.20826149671462932,-0.06886504692826502
8.0,-39.0,-111.0,-128.0,-128.0,-128.0,-17.0,7.0,0.16949482353446652,0.4217221127631726,0.04026538876936514,-0.09901720422106794,0.20076541288227812,-0.06607415380625269
7.0,-21.0,127.0,127.0,127.0,127.0,78.0,28.0,0.16954532251554635,0.4218633182747028,0.03908527847147003,-0.11542001384848317,0.19172055863175297,-0.06283381345266782
-41.0,-60.0,-128.0,-128.0,-128.0,-128.0,-93.0,-46.0,0.18219302943003252,0.4445716851147775,0.04128997626973263,-0.10347907631245785,0.20479918010097736,-0.0701209645959346
65.0,40.0,127.0,127.0,-87.0,127.0,85.0,37.0,0.1788634008413246,0.4420577935547091,0.04096084077693518,-0.09352275531910974,0.20943375772046155,-0.07114925409638358
-50.0,4.0,17.0,127.0,127.0,127.0,15.0,-1.0,0.17546617099738018,0.4370577499504553,0.0410182173718765,-0.0844236286158925,0.2130213430165811,-0.07182187881494943
30.0,-14.0,-69.0,-128.0,-128.0,-128.0,-58.0,-4.0,0.17263305425875272,0.43118530247270487,0.04126998719708641,-0.07885654295386918,0.21448623171432493,-0.07180391482743077
-23.0,18.0,-32.0,-106.0,127.0,64.0,-28.0,-16.0,0.17072754322083233,0.42609824029990795,0.04139026920205868,-0.07906013412962082,0.2129944291847703,-0.0708365241109861
-5.0,-49.0,-62.0,-128.0,-128.0,-128.0,-68.0,-21.0,0.16976608573431082,0.42288816060847617,0.041087431933781615,-0.08604315330074734,0.20826149671462932,-0.06886504692826502
42.0,43.0,127.0,127.0,127.0,127.0,55.0,19.0,0.16949482353446652,0.4217221127631726,0.04026538876936514,-0.09901720422106794,0.20076541288227812,-0.06607415380625269
-59.0,-74.0,-56.0,-128.0,127.0,-71.0,-18.0,-13.0,0.16954532251554635,0.4218633182747028,0.03908527847147003,-0.11542001384848317,0.19172055863175297,-0.06283381345266782
-34.0,-5.0,-54.0,-128.0,-5.0,-128.0,-60.0,-24.0,0.18475487521640982,0.44365035731259683,0.04197910022245133,-0.11184143439941152,0.2001835210862301,-0.0690017668186111
17.0,-54.0,25.0,42.0,-75.0,-8.0,-12.0,-3.0,0.18219302943003252,0.4445716851147775,0.04128997626973263,-0.10347907631245785,0.20479918010097736,-0.0701209645959346
-2.0,34.0,-7.0,127.0,127.0,124.0,24.0,-1.0,0.1788634008413246,0.4420577935547091,0.04096084077693518,-0.09352275531910974,0.20943375772046155,-0.07114925409638358
-1.0,-10.0,-128.0,-128.0,-128.0,-128.0,-29.0,1.0,0.17546617099738018,0.4370577499504553,0.0410182173718765,-0.0844236286158925,0.2130213430165811,-0.07182187881494943
18.0,-1.0,69.0,21.0,-128.0,-16.0,-16.0,-25.0,0.17263305425875272,0.43118530247270487,0.04126998719708641,-0.07885654295386918,0.21448623171432493,-0.07180391482743077
-45.0,12.0,116.0,127.0,127.0,127.0,96.0,45.0,0.17072754322083233,0.42609824029990795,0.04139026920205868,-0.07906013412962082,0.2129944291847703,-0.0708365241109861
-45.0,-11.0,-51.0,-128.0,70.0,-41.0,-28.0,-28.0,0.16976608573431082,0.42288816060847617,0.041087431933781615,-0.08604315330074734,0.20826149671462932,-0.06886504692826502
27.0,-48.0,-128.0,-128.0,-128.0,-128.0,-67.0,-8.0,0.16949482353446652,0.4217221127631726,0.04026538876936514,-0.09901720422106794,0.20076541288227812,-0.06607415380625269
5.0,61.0,49.0,6.0,57.0,65.0,22.0,-5.0,0.16954532251554635,0.4218633182747028,0.03908527847147003,-0.11542001384848317,0.19172055863175297,-0.06283381345266782
-3.0,43.0,-12.0,-55.0,-125.0,52.0,33.0,1.0,0.18600107341452898,0.4393855116413391,0.042816378270515765,-0.11677188784423165,0.19650717446159402,-0.0679200921595199
8.0,33.0,23.0,-74.0,127.0,-87.0,33.0,13.0,0.18475487521640982,0.44365035731259683,0.04197910022245133,-0.11184143439941152,0.2001835210862301,-0.0690017668186111
16.0,4.0,63.0,127.0,127.0,127.0,24.0,17.0,0.18219302943003252,0.4445716851147775,0.04128997626973263,-0.10347907631245785,0.20479918010097736,-0.0701209645959346
-21.0,-77.0,-128.0,-128.0,-128.0,-128.0,-92.0,-37.0,0.1788634008413246,0.4420577935547091,0.04096084077693518,-0.09352275531910974,0.20943375772046155,-0.07114925409638358
-53.0,-69.0,7.0,45.0,-128.0,-31.0,3.0,-10.0,0.17546617099738018,0.4370577499504553,0.0410182173718765,-0.0844236286158925,0.2130213430165811,-0.07182187881494943
5.0,86.0,-104.0,127.0,127.0,127.0,49.0,6.0,0.17263305425875272,0.43118530247270487,0.04126998719708641,-0.07885654295386918,0.21448623171432493,-0.07180391482743077
12.0,-19.0,-62.0,-128.0,-128.0,-128.0,-55.0,6.0,0.17072754322083233,0.42609824029990795,0.04139026920205868,-0.07906013412962082,0.2129944291847703,-0.0708365241109861
-30.0,-25.0,-44.0,-2.0,44.0,-41.0,-14.0,-24.0,0.16976608573431082,0.42288816060847617,0.041087431933781615,-0.08604315330074734,0.20826149671462932,-0.06886504692826502
25.0,-15.0,-20.0,-128.0,-128.0,-128.0,-9.0,18.0,0.16949482353446652,0.4217221127631726,0.04026538876936514,-0.09901720422106794,0.20076541288227812,-0.06607415380625269
41.0,61.0,45.0,127.0,97.0,127.0,81.0,5.0,0.16954532251554635,0.4218633182747028,0.03908527847147003,-0.11542001384848317,0.19172055863175297,-0.06283381345266782
-21.0,67.0,47.0,127.0,127.0,127.0,85.0,19.0,0.18600107341452898,0.4393855116413391,0.042816378270515765,-0.11677188784423165,0.19650717446159402,-0.0679200921595199
-5.0,-23.0,-52.0,-128.0,-128.0,-128.0,-79.0,-16.0,0.18475487521640982,0.44365035731259683,0.04197910022245133,-0.11184143439941152,0.2001835210862301,-0.0690017668186111
29.0,-26.0,-24.0,-120.0,-128.0,-97.0,-4.0,14.0,0.18219302943003252,0.4445716851147775,0.04128997626973263,-0.10347907631245785,0.20479918010097736,-0.0701209645959346
18.0,60.0,107.0,127.0,127.0,127.0,69.0,14.0,0.1788634008413246,0.4420577935547091,0.04096084077693518,-0.09352275531910974,0.20943375772046155,-0.07114925409638358
-9.0,-33.0,-88.0,-128.0,-128.0,-128.0,-38.0,-4.0,0.17546617099738018,0.4370577499504553,0.0410182173718765,-0.0844236286158925,0.2130213430165811,-0.07182187881494943
-25.0,-36.0,-61.0,-110.0,-128.0,-48.0,-50.0,-14.0,0.17263305425875272,0.43118530247270487,0.04126998719708641,-0.07885654295386918,0.21448623171432493,-0.07180391482743077
21.0,13.0,39.0,61.0,-128.0,-60.0,-1.0,32.0,0.17072754322083233,0.42609824029990795,0.04139026920205868,-0.07906013412962082,0.2129944291847703,-0.0708365241109861
-4.0,-6.0,16.0,0.0,8.0,127.0,38.0,-3.0,0.16976608573431082,0.42288816060847617,0.041087431933781615,-0.08604315330074734,0.20826149671462932,-0.06886504692826502
2.0,4.0,-10.0,40.0,127.0,-31.0,-9.0,-16.0,0.16949482353446652,0.4217221127631726,0.04026538876936514,-0.09901720422106794,0.20076541288227812,-0.06607415380625269
-9.0,0.0,-35.0,-80.0,127.0,-128.0,-36.0,-17.0,0.16954532251554635,0.4218633182747028,0.03908527847147003,-0.11542001384848317,0.19172055863175297,-0.06283381345266782
1.0,-51.0,-34.0,-101.0,9.0,-106.0,-38.0,-8.0,0.18475487521640982,0.44365035731259683,0.04197910022245133,-0.11184143439941152,0.2001835210862301,-0.0690017668186111
-8.0,-3.0,-10.0,-85.0,-60.0,42.0,-14.0,-9.0,0.18219302943003252,0.4445716851147775,0.04128997626973263,-0.10347907631245785,0.20479918010097736,-0.0701209645959346
19.0,48.0,95.0,127.0,127.0,127.0,73.0,30.0,0.1788634008413246,0.4420577935547091,0.04096084077693518,-0.09352275531910974,0.20943375772046155,-0.07114925409638358
-13.0,17.0,-40.0,46.0,127.0,56.0,21.0,18.0,0.17546617099738018,0.4370577499504553,0.0410182173718765,-0.0844236286158925,0.2130213430165811,-0.07182187881494943
7.0,-23.0,-88.0,-128.0,-128.0,-128.0,-93.0,-24.0,0.17263305425875272,0.43118530247270487,0.04126998719708641,-0.07885654295386918,0.21448623171432493,-0.07180391482743077
19.0,30.0,48.0,127.0,127.0,127.0,52.0,24.0,0.17072754322083233,0.42609824029990795,0.04139026920205868,-0.07906013412962082,0.2129944291847703,-0.0708365241109861
-13.0,72.0,-24.0,-85.0,127.0,-49.0,-39.0,6.0,0.16976608573431082,0.42288816060847617,0.041087431933781615,-0.08604315330074734,0.20826149671462932,-0.06886504692826502
14.0,-26.0,16.0,32.0,-119.0,16.0,-17.0,-10.0,0.16949482353446652,0.4217221127631726,0.04026538876936514,-0.09901720422106794,0.20076541288227812,-0.06607415380625269
-15.0,-29.0,51.0,127.0,127.0,55.0,30.0,-13.0,0.16954532251554635,0.4218633182747028,0.03908527847147003,-0.11542001384848317,0.19172055863175297,-0.06283381345266782
7.0,-37.0,-23.0,19.0,29.0,67.0,-7.0,-9.0,0.18600107341452898,0.4393855116413391,0.042816378270515765,-0.11677188784423165,0.19650717446159402,-0.0679200921595199
11.0,-19.0,89.0,127.0,76.0,36.0,55.0,22.0,0.18475487521640982,0.44365035731259683,0.04197910022245133,-0.11184143439941152,0.2001835210862301,-0.0690017668186111
0.0,-45.0,34.0,71.0,127.0,-17.0,13.0,18.0,0.18219302943003252,0.4445716851147775,0.04128997626973263,-0.10347907631245785,0.20479918010097736,-0.0701209645959346
11.0,38.0,7.0,-91.0,-102.0,75.0,9.0,16.0,0.1788634008413246,0.4420577935547091,0.04096084077693518,-0.09352275531910974,0.20943375772046155,-0.07114925409638358
-13.0,-16.0,-37.0,-128.0,-128.0,-128.0,-58.0,-35.0,0.17546617099738018,0.4370577499504553,0.0410182173718765,-0.0844236286158925,0.2130213430165811,-0.07182187881494943
-21.0,-84.0,-47.0,-128.0,-128.0,-128.0,-77.0,-55.0,0.17263305425875272,0.43118530247270487,0.04126998719708641,-0.07885654295386918,0.21448623171432493,-0.07180391482743077
29.0,10.0,62.0,127.0,5.0,127.0,102.0,50.0,0.17072754322083233,0.42609824029990795,0.04139026920205868,-0.07906013412962082,0.2129944291847703,-0.0708365241109861
17.0,108.0,124.0,127.0,127.0,127.0,46.0,22.0,0.16976608573431082,0.42288816060847617,0.041087431933781615,-0.08604315330074734,0.20826149671462932,-0.06886504692826502
-7.0,-24.0,-128.0,-128.0,-128.0,-128.0,-125.0,-25.0,0.16949482353446652,0.4217221127631726,0.04026538876936514,-0.09901720422106794,0.20076541288227812,-0.06607415380625269
-26.0,-67.0,-34.0,-70.0,-128.0,-17.0,5.0,-8.0,0.16954532251554635,0.4218633182747028,0.03908527847147003,-0.11542001384848317,0.19172055863175297,-0.06283381345266782
-5.0,2.0,85.0,127.0,127.0,127.0,24.0,22.0,0.18600107341452898,0.4393855116413391,0.042816378270515765,-0.11677188784423165,0.19650717446159402,-0.0679200921595199
3.0,-48.0,-64.0,-128.0,-128.0,-128.0,-93.0,-39.0,0.18475487521640982,0.44365035731259683,0.04197910022245133,-0.11184143439941152,0.2001835210862301,-0.0690017668186111
7.0,-16.0,24.0,3.0,3.0,43.0,51.0,20.0,0.18219302943003252,0.4445716851147775,0.04128997626973263,-0.10347907631245785,0.20479918010097736,-0.0701209645959346
5.0,53.0,109.0,127.0,127.0,127.0,28.0,22.0,0.1788634008413246,0.4420577935547091,0.04096084077693518,-0.09352275531910974,0.20943375772046155,-0.07114925409638358
20.0,-36.0,-54.0,-128.0,-128.0,-128.0,-71.0,-35.0,0.17546617099738018,0.4370577499504553,0.0410182173718765,-0.0844236286158925,0.2130213430165811,-0.07182187881494943
-41.0,-59.0,54.0,92.0,127.0,34.0,4.0,-30.0,0.17263305425875272,0.43118530247270487,0.04126998719708641,-0.07885654295386918,0.21448623171432493,-0.07180391482743077
-33.0,12.0,-34.0,-10.0,127.0,-37.0,-9.0,4.0,0.17072754322083233,0.42609824029990795,0.04139026920205868,-0.07906013412962082,0.2129944291847703,-0.0708365241109861
13.0,33.0,9.0,-128.0,-118.0,-13.0,-41.0,-16.0,0.16976608573431082,0.42288816060847617,0.041087431933781615,-0.08604315330074734,0.20826149671462932,-0.06886504692826502
-46.0,-54.0,-39.0,-115.0,-128.0,-128.0,0.0,2.0,0.16949482353446652,0.4217221127631726,0.04026538876936514,-0.09901720422106794,0.20076541288227812,-0.06607415380625269
43.0,-37.0,76.0,127.0,-128.0,114.0,51.0,33.0,0.16954532251554635,0.4218633182747028,0.03908527847147003,-0.11542001384848317,0.19172055863175297,-0.06283381345266782
-7.0,-21.0,-19.0,1.0,127.0,116.0,5.0,6.0,0.18475487521640982,0.44365035731259683,0.04197910022245133,-0.11184143439941152,0.2001835210862301,-0.0690017668186111
-1.0,19.0,96.0,24.0,-52.0,16.0,16.0,-12.0,0.18219302943003252,0.4445716851147775,0.04128997626973263,-0.10347907631245785,0.20479918010097736,-0.0701209645959346
-18.0,1.0,-35.0,58.0,-26.0,10.0,0.0,-24.0,0.1788634008413246,0.4420577935547091,0.04096084077693518,-0.09352275531910974,0.20943375772046155,-0.07114925409638358
23.0,29.0,-8.0,17.0,127.0,-10.0,11.0,12.0,0.17546617099738018,0.4370577499504553,0.0410182173718765,-0.0844236286158925,0.2130213430165811,-0.07182187881494943
2.0,-41.0,-4.0,-16.0,-75.0,-74.0,-20.0,-4.0,0.17263305425875272,0.43118530247270487,0.04126998719708641,-0.07885654295386918,0.21448623171432493,-0.07180391482743077
-78.0,-17.0,-1.0,-44.0,-128.0,-25.0,2.0,-2.0,0.17072754322083233,0.42609824029990795,0.04139026920205868,-0.07906013412962082,0.2129944291847703,-0.0708365241109861
38.0,72.0,105.0,127.0,127.0,127.0,85.0,48.0,0.16976608573431082,0.42288816060847617,0.041087431933781615,-0.08604315330074734,0.20826149671462932,-0.06886504692826502
-5.0,-14.0,-63.0,-128.0,-128.0,-123.0,-53.0,-16.0,0.16949482353446652,0.4217221127631726,0.04026538876936514,-0.09901720422106794,0.20076541288227812,-0.06607415380625269
-1.0,-40.0,-71.0,-123.0,-128.0,-9.0,-31.0,-18.0,0.16954532251554635,0.4218633182747028,0.03908527847147003,-0.11542001384848317,0.19172055863175297,-0.06283381345266782
-23.0,-55.0,-59.0,-128.0,-48.0,-128.0,-42.0,-17.0,0.18219302943003252,0.4445716851147775,0.04128997626973263,-0.10347907631245785,0.20479918010097736,-0.0701209645959346
30.0,-92.0,69.0,127.0,-75.0,98.0,37.0,14.0,0.1788634008413246,0.4420577935547091,0.04096084077693518,-0.09352275531910974,0.20943375772046155,-0.07114925409638358
-14.0,43.0,35.0,78.0,127.0,127.0,33.0,-5.0,0.17546617099738018,0.4370577499504553,0.0410182173718765,-0.0844236286158925,0.2130213430165811,-0.07182187881494943
2.0,18.0,-84.0,-128.0,-128.0,-128.0,-73.0,-19.0,0.17263305425875272,0.43118530247270487,0.04126998719708641,-0.07885654295386918,0.21448623171432493,-0.07180391482743077
9.0,-3.0,-34.0,110.0,127.0,26.0,4.0,3.0,0.17072754322083233,0.42609824029990795,0.04139026920205868,-0.07906013412962082,0.2129944291847703,-0.0708365241109861
-18.0,-60.0,-14.0,-113.0,-128.0,-128.0,-20.0,2.0,0.16976608573431082,0.42288816060847617,0.041087431933781615,-0.08604315330074734,0.20826149671462932,-0.06886504692826502
23.0,-44.0,88.0,-35.0,-128.0,63.0,32.0,14.0,0.16949482353446652,0.4217221127631726,0.04026538876936514,-0.09901720422106794,0.20076541288227812,-0.06607415380625269
11.0,58.0,32.0,127.0,127.0,127.0,39.0,10.0,0.16954532251554635,0.4218633182747028,0.03908527847147003,-0.11542001384848317,0.19172055863175297,-0.06283381345266782
13.0,-4.0,3.0,-68.0,-128.0,28.0,67.0,31.0,0.17546617099738018,0.4370577499504553,0.0410182173718765,-0.0844236286158925,0.2130213430165811,-0.07182187881494943
-27.0,-13.0,53.0,127.0,127.0,42.0,41.0,4.0,0.17263305425875272,0.43118530247270487,0.04126998719708641,-0.07885654295386918,0.21448623171432493,-0.07180391482743077
-38.0,-10.0,-3.0,-128.0,-128.0,-128.0,-35.0,-18.0,0.17072754322083233,0.42609824029990795,0.04139026920205868,-0.07906013412962082,0.2129944291847703,-0.0708365241109861
10.0,10.0,-116.0,-115.0,-128.0,-119.0,-40.0,16.0,0.16976608573431082,0.42288816060847617,0.041087431933781615,-0.08604315330074734,0.20826149671462932,-0.06886504692826502
19.0,5.0,85.0,120.0,-23.0,127.0,17.0,-34.0,0.16949482353446652,0.4217221127631726,0.04026538876936514,-0.09901720422106794,0.20076541288227812,-0.06607415380625269
-48.0,-71.0,-25.0,32.0,127.0,14.0,10.0,9.0,0.16954532251554635,0.4218633182747028,0.03908527847147003,-0.11542001384848317,0.19172055863175297,-0.06283381345266782
27.0,-84.0,-10.0,68.0,-40.0,127.0,22.0,6.0,0.18600107341452898,0.4393855116413391,0.042816378270515765,-0.11677188784423165,0.19650717446159402,-0.0679200921595199
15.0,-12.0,105.0,127.0,127.0,89.0,58.0,21.0,0.18475487521640982,0.44365035731259683,0.04197910022245133,-0.11184143439941152,0.2001835210862301,-0.0690017668186111
-14.0,4.0,-24.0,-46.0,127.0,-117.0,-67.0,-24.0,0.18219302943003252,0.4445716851147775,0.04128997626973263,-0.10347907631245785,0.20479918010097736,-0.0701209645959346
-7.0,34.0,92.0,-98.0,-128.0,-72.0,-44.0,-20.0,0.1788634008413246,0.4420577935547091,0.04096084077693518,-0.09352275531910974,0.20943375772046155,-0.07114925409638358
32.0,-13.0,27.0,98.0,-11.0,80.0,39.0,16.0,0.17546617099738018,0.4370577499504553,0.0410182173718765,-0.0844236286158925,0.2130213430165811,-0.07182187881494943
-19.0,-23.0,-16.0,16.0,127.0,25.0,6.0,-16.0,0.17263305425875272,0.43118530247270487,0.04126998719708641,-0.07885654295386918,0.21448623171432493,-0.07180391482743077
19.0,15.0,27.0,9.0,-128.0,-47.0,18.0,12.0,0.17072754322083233,0.42609824029990795,0.04139026920205868,-0.07906013412962082,0.2129944291847703,-0.0708365241109861
-2.0,70.0,25.0,37.0,127.0,59.0,26.0,12.0,0.16976608573431082,0.42288816060847617,0.041087431933781615,-0.08604315330074734,0.20826149671462932,-0.06886504692826502
-15.0,-27.0,-16.0,-128.0,-18.0,-104.0,-59.0,-26.0,0.16949482353446652,0.4217221127631726,0.04026538876936514,-0.09901720422106794,0.20076541288227812,-0.06607415380625269
9.0,-32.0,46.0,127.0,-128.0,66.0,23.0,15.0,0.16954532251554635,0.4218633182747028,0.03908527847147003,-0.11542001384848317,0.19172055863175297,-0.06283381345266782
15.0,24.0,63.0,33.0,127.0,106.0,10.0,-1.0,0.18600107341452898,0.4393855116413391,0.042816378270515765,-0.11677188784423165,0.19650717446159402,-0.0679200921595199
-21.0,-73.0,-55.0,-113.0,-30.0,-128.0,-30.0,-19.0,0.18475487521640982,0.44365035731259683,0.04197910022245133,-0.11184143439941152,0.2001835210862301,-0.0690017668186111
11.0,-15.0,-7.0,127.0,-34.0,79.0,24.0,17.0,0.18219302943003252,0.4445716851147775,0.04128997626973263,-0.10347907631245785,0.20479918010097736,-0.0701209645959346
10.0,59.0,82.0,127.0,127.0,120.0,41.0,11.0,0.1788634008413246,0.4420577935547091,0.04096084077693518,-0.09352275531910974,0.20943375772046155,-0.07114925409638358
-6.0,20.0,31.0,127.0,127.0,107.0,6.0,11.0,0.17546617099738018,0.4370577499504553,0.0410182173718765,-0.0844236286158925,0.2130213430165811,-0.07182187881494943
-20.0,-31.0,-33.0,-28.0,-128.0,-128.0,-64.0,-22.0,0.17263305425875272,0.43118530247270487,0.04126998719708641,-0.07885654295386918,0.21448623171432493,-0.07180391482743077
23.0,46.0,-6.0,-92.0,-128.0,-44.0,2.0,0.0,0.17072754322083233,0.42609824029990795,0.04139026920205868,-0.07906013412962082,0.2129944291847703,-0.0708365241109861
-6.0,-53.0,-128.0,-5.0,-104.0,-3.0,10.0,27.0,0.16976608573431082,0.42288816060847617,0.041087431933781615,-0.08604315330074734,0.20826149671462932,-0.06886504692826502
25.0,19.0,97.0,85.0,127.0,79.0,40.0,11.0,0.16949482353446652,0.4217221127631726,0.04026538876936514,-0.09901720422106794,0.20076541288227812,-0.06607415380625269
14.0,14.0,20.0,23.0,127.0,126.0,22.0,16.0,0.16954532251554635,0.4218633182747028,0.03908527847147003,-0.11542001384848317,0.19172055863175297,-0.06283381345266782
46.0,25.0,30.0,64.0,-128.0,26.0,2.0,18.0,0.18600107341452898,0.4393855116413391,0.042816378270515765,-0.11677188784423165,0.19650717446159402,-0.0679200921595199
-37.0,-57.0,-38.0,-42.0,127.0,22.0,0.0,-13.0,0.18475487521640982,0.44365035731259683,0.04197910022245133,-0.11184143439941152,0.2001835210862301,-0.0690017668186111
12.0,-7.0,-39.0,-128.0,-128.0,-128.0,-38.0,-15.0,0.18219302943003252,0.4445716851147775,0.04128997626973263,-0.10347907631245785,0.20479918010097736,-0.0701209645959346
-45.0,-13.0,-69.0,-67.0,-128.0,-93.0,-42.0,-28.0,0.1788634008413246,0.4420577935547091,0.04096084077693518,-0.09352275531910974,0.20943375772046155,-0.07114925409638358
17.0,-20.0,38.0,6.0,58.0,33.0,11.0,15.0,0.17546617099738018,0.4370577499504553,0.0410182173718765,-0.0844236286158925,0.2130213430165811,-0.07182187881494943
7.0,4.0,55.0,127.0,127.0,113.0,23.0,6.0,0.17263305425875272,0.43118530247270487,0.04126998719708641,-0.07885654295386918,0.21448623171432493,-0.07180391482743077
-7.0,33.0,12.0,-128.0,-128.0,37.0,1.0,4.0,0.17072754322083233,0.42609824029990795,0.04139026920205868,-0.07906013412962082,0.2129944291847703,-0.0708365241109861
-5.0,67.0,-31.0,-93.0,-114.0,-66.0,2.0,-10.0,0.16976608573431082,0.42288816060847617,0.041087431933781615,-0.08604315330074734,0.20826149671462932,-0.06886504692826502
-31.0,-65.0,0.0,-59.0,69.0,-100.0,-11.0,-12.0,0.16949482353446652,0.4217221127631726,0.04026538876936514,-0.09901720422106794,0.20076541288227812,-0.06607415380625269
0.0,-128.0,-10.0,-39.0,-128.0,35.0,17.0,12.0,0.16954532251554635,0.4218633182747028,0.03908527847147003,-0.11542001384848317,0.19172055863175297,-0.06283381345266782
17.0,63.0,56.0,127.0,127.0,35.0,-3.0,-8.0,0.18600107341452898,0.4393855116413391,0.042816378270515765,-0.11677188784423165,0.19650717446159402,-0.0679200921595199
-81.0,2.0,-93.0,-128.0,-128.0,-128.0,-61.0,-41.0,0.18475487521640982,0.44365035731259683,0.04197910022245133,-0.11184143439941152,0.2001835210862301,-0.0690017668186111
27.0,-30.0,20.0,-61.0,-128.0,-69.0,9.0,-23.0,0.18219302943003252,0.4445716851147775,0.04128997626973263,-0.10347907631245785,0.20479918010097736,-0.0701209645959346
13.0,-3.0,69.0,127.0,127.0,127.0,22.0,12.0,0.1788634008413246,0.4420577935547091,0.04096084077693518,-0.09352275531910974,0.20943375772046155,-0.07114925409638358
-41.0,-21.0,-82.0,-128.0,9.0,-128.0,-29.0,-11.0,0.17546617099738018,0.4370577499504553,0.0410182173718765,-0.0844236286158925,0.2130213430165811,-0.07182187881494943
17.0,68.0,3.0,-82.0,-51.0,38.0,4.0,-1.0,0.17263305425875272,0.43118530247270487,0.04126998719708641,-0.07885654295386918,0.21448623171432493,-0.07180391482743077
18.0,14.0,46.0,83.0,-34.0,-2.0,-15.0,1.0,0.17072754322083233,0.42609824029990795,0.04139026920205868,-0.07906013412962082,0.2129944291847703,-0.0708365241109861
12.0,-63.0,34.0,46.0,-62.0,-107.0,-4.0,-8.0,0.16976608573431082,0.42288816060847617,0.041087431933781615,-0.08604315330074734,0.20826149671462932,-0.06886504692826502
25.0,39.0,7.0,127.0,127.0,127.0,13.0,7.0,0.16949482353446652,0.4217221127631726,0.04026538876936514,-0.09901720422106794,0.20076541288227812,-0.06607415380625269
-29.0,24.0,-54.0,-128.0,127.0,-117.0,-29.0,-10.0,0.16954532251554635,0.4218633182747028,0.03908527847147003,-0.11542001384848317,0.19172055863175297,-0.06283381345266782
-12.0,4.0,-42.0,3.0,-85.0,-12.0,2.0,0.0,0.18600107341452898,0.4393855116413391,0.042816378270515765,-0.11677188784423165,0.19650717446159402,-0.0679200921595199
-23.0,47.0,-8.0,27.0,121.0,38.0,20.0,25.0,0.18475487521640982,0.44365035731259683,0.04197910022245133,-0.11184143439941152,0.2001835210862301,-0.0690017668186111
29.0,-17.0,44.0,117.0,-128.0,6.0,-6.0,5.0,0.18219302943003252,0.4445716851147775,0.04128997626973263,-0.10347907631245785,0.20479918010097736,-0.0701209645959346
-8.0,-12.0,63.0,46.0,127.0,64.0,17.0,9.0,0.1788634008413246,0.4420577935547091,0.04096084077693518,-0.09352275531910974,0.20943375772046155,-0.07114925409638358
-39.0,-24.0,-52.0,-118.0,-128.0,-85.0,-21.0,-11.0,0.17546617099738018,0.4370577499504553,0.0410182173718765,-0.0844236286158925,0.2130213430165811,-0.07182187881494943
8.0,-6.0,-13.0,-118.0,-128.0,-42.0,-26.0,2.0,0.17263305425875272,0.43118530247270487,0.04126998719708641,-0.07885654295386918,0.21448623171432493,-0.07180391482743077
-8.0,33.0,100.0,127.0,127.0,127.0,37.0,4.0,0.17072754322083233,0.42609824029990795,0.04139026920205868,-0.07906013412962082,0.2129944291847703,-0.0708365241109861
-11.0,-64.0,-80.0,-128.0,87.0,-90.0,-26.0,5.0,0.16976608573431082,0.42288816060847617,0.041087431933781615,-0.08604315330074734,0.20826149671462932,-0.06886504692826502
17.0,48.0,-10.0,-79.0,-128.0,-45.0,-26.0,-5.0,0.16949482353446652,0.4217221127631726,0.04026538876936514,-0.09901720422106794,0.20076541288227812,-0.06607415380625269
-1.0,49.0,5.0,-75.0,-114.0,-74.0,-24.0,-10.0,0.16954532251554635,0.4218633182747028,0.03908527847147003,-0.11542001384848317,0.19172055863175297,-0.06283381345266782
14.0,-16.0,-96.0,-128.0,-128.0,-128.0,-69.0,-1.0,0.18219302943003252,0.4445716851147775,0.04128997626973263,-0.10347907631245785,0.20479918010097736,-0.0701209645959346
1.0,31.0,29.0,127.0,127.0,127.0,40.0,9.0,0.1788634008413246,0.4420577935547091,0.04096084077693518,-0.09352275531910974,0.20943375772046155,-0.07114925409638358
-10.0,28.0,37.0,-36.0,127.0,-93.0,-21.0,-14.0,0.17546617099738018,0.4370577499504553,0.0410182173718765,-0.0844236286158925,0.2130213430165811,-0.07182187881494943
-6.0,-54.0,-26.0,-82.0,46.0,55.0,-12.0,-15.0,0.17263305425875272,0.43118530247270487,0.04126998719708641,-0.07885654295386918,0.21448623171432493,-0.07180391482743077
17.0,-24.0,13.0,95.0,-71.0,31.0,40.0,-6.0,0.17072754322083233,0.42609824029990795,0.04139026920205868,-0.07906013412962082,0.2129944291847703,-0.0708365241109861
-7.0,71.0,-25.0,9.0,127.0,110.0,8.0,10.0,0.16976608573431082,0.42288816060847617,0.041087431933781615,-0.08604315330074734,0.20826149671462932,-0.06886504692826502
10.0,26.0,58.0,127.0,127.0,-78.0,-30.0,-6.0,0.16949482353446652,0.4217221127631726,0.04026538876936514,-0.09901720422106794,0.20076541288227812,-0.06607415380625269
4.0,-32.0,-50.0,-128.0,-128.0,-88.0,-38.0,11.0,0.16954532251554635,0.4218633182747028,0.03908527847147003,-0.11542001384848317,0.19172055863175297,-0.06283381345266782
-17.0,29.0,43.0,127.0,127.0,123.0,32.0,2.0,0.18475487521640982,0.44365035731259683,0.04197910022245133,-0.11184143439941152,0.2001835210862301,-0.0690017668186111
30.0,25.0,42.0,71.0,127.0,69.0,55.0,29.0,0.18219302943003252,0.4445716851147775,0.04128997626973263,-0.10347907631245785,0.20479918010097736,-0.0701209645959346
-11.0,5.0,-40.0,59.0,127.0,127.0,6.0,-5.0,0.1788634008413246,0.4420577935547091,0.04096084077693518,-0.09352275531910974,0.20943375772046155,-0.07114925409638358
-2.0,-71.0,-52.0,-128.0,-128.0,-128.0,-13.0,-1.0,0.17546617099738018,0.4370577499504553,0.0410182173718765,-0.0844236286158925,0.2130213430165811,-0.07182187881494943
18.0,108.0,48.0,127.0,127.0,77.0,25.0,17.0,0.17263305425875272,0.43118530247270487,0.04126998719708641,-0.07885654295386918,0.21448623171432493,-0.07180391482743077
-4.0,20.0,27.0,-104.0,127.0,-43.0,-38.0,-29.0,0.17072754322083233,0.42609824029990795,0.04139026920205868,-0.07906013412962082,0.2129944291847703,-0.0708365241109861
-71.0,-65.0,-88.0,-128.0,-128.0,-128.0,-72.0,-29.0,0.16976608573431082,0.42288816060847617,0.041087431933781615,-0.08604315330074734,0.20826149671462932,-0.06886504692826502
55.0,-64.0,32.0,127.0,118.0,127.0,67.0,32.0,0.16949482353446652,0.4217221127631726,0.04026538876936514,-0.09901720422106794,0.20076541288227812,-0.06607415380625269
-3.0,92.0,41.0,86.0,127.0,117.0,3.0,0.0,0.16954532251554635,0.4218633182747028,0.03908527847147003,-0.11542001384848317,0.19172055863175297,-0.06283381345266782
-6.0,-47.0,-48.0,-39.0,-65.0,-19.0,10.0,2.0,0.18600107341452898,0.4393855116413391,0.042816378270515765,-0.11677188784423165,0.19650717446159402,-0.0679200921595199
27.0,90.0,48.0,58.0,126.0,83.0,1.0,24.0,0.18475487521640982,0.44365035731259683,0.04197910022245133,-0.11184143439941152,0.2001835210862301,-0.0690017668186111
5.0,34.0,-24.0,-128.0,-128.0,-128.0,-45.0,-26.0,0.18219302943003252,0.4445716851147775,0.04128997626973263,-0.10347907631245785,0.20479918010097736,-0.0701209645959346
9.0,-53.0,4.0,-126.0,-128.0,-85.0,-2.0,1.0,0.1788634008413246,0.4420577935547091,0.04096084077693518,-0.09352275531910974,0.20943375772046155,-0.07114925409638358
-6.0,-30.0,0.0,127.0,127.0,127.0,55.0,6.0,0.17546617099738018,0.4370577499504553,0.0410182173718765,-0.0844236286158925,0.2130213430165811,-0.07182187881494943
-2.0,47.0,36.0,-128.0,-128.0,-128.0,-43.0,-21.0,0.17263305425875272,0.43118530247270487,0.04126998719708641,-0.07885654295386918,0.21448623171432493,-0.07180391482743077
12.0,1.0,28.0,104.0,127.0,47.0,11.0,4.0,0.17072754322083233,0.42609824029990795,0.04139026920205868,-0.07906013412962082,0.2129944291847703,-0.0708365241109861
-8.0,-7.0,5.0,29.0,122.0,123.0,1.0,-4.0,0.16976608573431082,0.42288816060847617,0.041087431933781615,-0.08604315330074734,0.20826149671462932,-0.06886504692826502
1.0,-9.0,-51.0,-128.0,-128.0,-128.0,-25.0,-6.0,0.16949482353446652,0.4217221127631726,0.04026538876936514,-0.09901720422106794,0.20076541288227812,-0.06607415380625269
-13.0,55.0,28.0,6.0,-30.0,-10.0,-34.0,6.0,0.16954532251554635,0.4218633182747028,0.03908527847147003,-0.11542001384848317,0.19172055863175297,-0.06283381345266782
-31.0,-83.0,-28.0,-64.0,-85.0,-4.0,-40.0,-18.0,0.18600107341452898,0.4393855116413391,0.042816378270515765,-0.11677188784423165,0.19650717446159402,-0.0679200921595199
45.0,-55.0,69.0,127.0,111.0,127.0,78.0,16.0,0.18475487521640982,0.44365035731259683,0.04197910022245133,-0.11184143439941152,0.2001835210862301,-0.0690017668186111
-10.0,37.0,-27.0,-95.0,127.0,19.0,-9.0,0.0,0.18219302943003252,0.4445716851147775,0.04128997626973263,-0.10347907631245785,0.20479918010097736,-0.0701209645959346
-36.0,40.0,-56.0,-128.0,-128.0,-128.0,-45.0,-14.0,0.1788634008413246,0.4420577935547091,0.04096084077693518,-0.09352275531910974,0.20943375772046155,-0.07114925409638358
13.0,-63.0,-36.0,-128.0,-128.0,-120.0,-17.0,-6.0,0.17546617099738018,0.4370577499504553,0.0410182173718765,-0.0844236286158925,0.2130213430165811,-0.07182187881494943
16.0,12.0,105.0,127.0,127.0,127.0,80.0,18.0,0.17263305425875272,0.43118530247270487,0.04126998719708641,-0.07885654295386918,0.21448623171432493,-0.07180391482743077
-12.0,1.0,-22.0,-128.0,-33.0,-128.0,-17.0,-5.0,0.17072754322083233,0.42609824029990795,0.04139026920205868,-0.07906013412962082,0.2129944291847703,-0.0708365241109861
-1.0,4.0,-128.0,-117.0,-128.0,-89.0,-35.0,-13.0,0.16976608573431082,0.42288816060847617,0.041087431933781615,-0.08604315330074734,0.20826149671462932,-0.06886504692826502
19.0,58.0,108.0,98.0,74.0,80.0,19.0,7.0,0.16949482353446652,0.4217221127631726,0.04026538876936514,-0.09901720422106794,0.20076541288227812,-0.06607415380625269
-65.0,-8.0,5.0,-46.0,73.0,-59.0,12.0,-12.0,0.16954532251554635,0.4218633182747028,0.03908527847147003,-0.11542001384848317,0.19172055863175297,-0.06283381345266782
-11.0,-47.0,-81.0,-53.0,-2.0,-83.0,-21.0,-8.0,0.18600107341452898,0.4393855116413391,0.042816378270515765,-0.11677188784423165,0.19650717446159402,-0.0679200921595199
4.0,-41.0,2.0,-128.0,-128.0,-51.0,-56.0,-15.0,0.18475487521640982,0.44365035731259683,0.04197910022245133,-0.11184143439941152,0.2001835210862301,-0.0690017668186111
15.0,-13.0,120.0,127.0,127.0,127.0,89.0,28.0,0.18219302943003252,0.4445716851147775,0.04128997626973263,-0.10347907631245785,0.20479918010097736,-0.0701209645959346
-13.0,66.0,-30.0,-128.0,127.0,-19.0,8.0,14.0,0.1788634008413246,0.4420577935547091,0.04096084077693518,-0.09352275531910974,0.20943375772046155,-0.07114925409638358
6.0,-1.0,-60.0,-84.0,-128.0,-67.0,-53.0,-26.0,0.17546617099738018,0.4370577499504553,0.0410182173718765,-0.0844236286158925,0.2130213430165811,-0.07182187881494943
-4.0,-33.0,35.0,127.0,127.0,66.0,38.0,9.0,0.17263305425875272,0.43118530247270487,0.04126998719708641,-0.07885654295386918,0.21448623171432493,-0.07180391482743077
-5.0,-18.0,6.0,-71.0,-7.0,-23.0,-2.0,-5.0,0.17072754322083233,0.42609824029990795,0.04139026920205868,-0.07906013412962082,0.2129944291847703,-0.0708365241109861
9.0,46.0,14.0,78.0,127.0,90.0,29.0,-4.0,0.16976608573431082,0.42288816060847617,0.041087431933781615,-0.08604315330074734,0.20826149671462932,-0.06886504692826502
-26.0,-71.0,-128.0,-128.0,-128.0,-128.0,-65.0,-27.0,0.16949482353446652,0.4217221127631726,0.04026538876936514,-0.09901720422106794,0.20076541288227812,-0.06607415380625269
51.0,9.0,65.0,127.0,127.0,127.0,66.0,48.0,0.16954532251554635,0.4218633182747028,0.03908527847147003,-0.11542001384848317,0.19172055863175297,-0.06283381345266782
-11.0,-56.0,-95.0,-128.0,-128.0,-128.0,-58.0,-12.0,0.18600107341452898,0.4393855116413391,0.042816378270515765,-0.11677188784423165,0.19650717446159402,-0.0679200921595199
5.0,-4.0,-46.0,69.0,99.0,122.0,45.0,11.0,0.18475487521640982,0.44365035731259683,0.04197910022245133,-0.11184143439941152,0.2001835210862301,-0.0690017668186111
-14.0,13.0,-95.0,-84.0,91.0,-87.0,-21.0,-12.0,0.18219302943003252,0.4445716851147775,0.04128997626973263,-0.10347907631245785,0.20479918010097736,-0.0701209645959346
12.0,-86.0,-9.0,-102.0,-128.0,-74.0,-24.0,8.0,0.1788634008413246,0.4420577935547091,0.04096084077693518,-0.09352275531910974,0.20943375772046155,-0.07114925409638358
12.0,-13.0,7.0,127.0,127.0,127.0,68.0,18.0,0.17546617099738018,0.4370577499504553,0.0410182173718765,-0.0844236286158925,0.2130213430165811,-0.07182187881494943
-3.0,44.0,24.0,7.0,127.0,45.0,13.0,5.0,0.17263305425875272,0.43118530247270487,0.04126998719708641,-0.07885654295386918,0.21448623171432493,-0.07180391482743077
-8.0,14.0,-68.0,-128.0,-128.0,-128.0,-68.0,-23.0,0.17072754322083233,0.42609824029990795,0.04139026920205868,-0.07906013412962082,0.2129944291847703,-0.0708365241109861
-3.0,-79.0,-17.0,-19.0,-52.0,-36.0,10.0,6.0,0.16976608573431082,0.42288816060847617,0.041087431933781615,-0.08604315330074734,0.20826149671462932,-0.06886504692826502
11.0,2.0,56.0,112.0,-58.0,127.0,26.0,23.0,0.16949482353446652,0.4217221127631726,0.04026538876936514,-0.09901720422106794,0.20076541288227812,-0.06607415380625269
-10.0,92.0,38.0,-55.0,-81.0,-58.0,-18.0,-17.0,0.16954532251554635,0.4218633182747028,0.03908527847147003,-0.11542001384848317,0.19172055863175297,-0.06283381345266782
1.0,-24.0,-67.0,127.0,127.0,73.0,41.0,-20.0,0.18600107341452898,0.4393855116413391,0.042816378270515765,-0.11677188784423165,0.19650717446159402,-0.0679200921595199
-22.0,6.0,51.0,58.0,127.0,127.0,20.0,8.0,0.18475487521640982,0.44365035731259683,0.04197910022245133,-0.11184143439941152,0.2001835210862301,-0.0690017668186111
10.0,-37.0,-19.0,-128.0,-128.0,-128.0,-29.0,-8.0,0.18219302943003252,0.4445716851147775,0.04128997626973263,-0.10347907631245785,0.20479918010097736,-0.0701209645959346
10.0,19.0,16.0,36.0,114.0,-10.0,-3.0,8.0,0.1788634008413246,0.4420577935547091,0.04096084077693518,-0.09352275531910974,0.20943375772046155,-0.07114925409638358
23.0,21.0,71.0,69.0,-114.0,127.0,30.0,7.0,0.17546617099738018,0.4370577499504553,0.0410182173718765,-0.0844236286158925,0.2130213430165811,-0.07182187881494943
-7.0,-7.0,18.0,-6.0,127.0,8.0,33.0,6.0,0.17263305425875272,0.43118530247270487,0.04126998719708641,-0.07885654295386918,0.21448623171432493,-0.07180391482743077
-17.0,-52.0,-21.0,-52.0,-128.0,-42.0,-28.0,-6.0,0.17072754322083233,0.42609824029990795,0.04139026920205868,-0.07906013412962082,0.2129944291847703,-0.0708365241109861
0.0,69.0,50.0,41.0,61.0,65.0,31.0,1.0,0.16976608573431082,0.42288816060847617,0.041087431933781615,-0.08604315330074734,0.20826149671462932,-0.06886504692826502
1.0,-21.0,-66.0,-34.0,-71.0,-26.0,-9.0,-1.0,0.16949482353446652,0.4217221127631726,0.04026538876936514,-0.09901720422106794,0.20076541288227812,-0.06607415380625269
-21.0,-63.0,-102.0,62.0,-15.0,-41.0,-17.0,-6.0,0.16954532251554635,0.4218633182747028,0.03908527847147003,-0.11542001384848317,0.19172055863175297,-0.06283381345266782
-12.0,-85.0,-18.0,-46.0,-128.0,-50.0,-20.0,-1.0,0.18600107341452898,0.4393855116413391,0.042816378270515765,-0.11677188784423165,0.19650717446159402,-0.0679200921595199
20.0,45.0,-15.0,127.0,127.0,124.0,36.0,28.0,0.18475487521640982,0.44365035731259683,0.04197910022245133,-0.11184143439941152,0.2001835210862301,-0.0690017668186111
2.0,82.0,56.0,-59.0,-15.0,-25.0,-17.0,-13.0,0.18219302943003252,0.4445716851147775,0.04128997626973263,-0.10347907631245785,0.20479918010097736,-0.0701209645959346
-32.0,-79.0,-128.0,-128.0,-128.0,-128.0,-12.0,-13.0,0.1788634008413246,0.4420577935547091,0.04096084077693518,-0.09352275531910974,0.20943375772046155,-0.07114925409638358
22.0,0.0,25.0,27.0,-18.0,90.0,1.0,7.0,0.17546617099738018,0.4370577499504553,0.0410182173718765,-0.0844236286158925,0.2130213430165811,-0.07182187881494943
-84.0,3.0,66.0,71.0,127.0,26.0,25.0,8.0,0.17263305425875272,0.43118530247270487,0.04126998719708641,-0.07885654295386918,0.21448623171432493,-0.07180391482743077
31.0,-15.0,-84.0,-47.0,-128.0,-59.0,-20.0,-4.0,0.17072754322083233,0.42609824029990795,0.04139026920205868,-0.07906013412962082,0.2129944291847703,-0.0708365241109861
10.0,14.0,44.0,44.0,127.0,66.0,10.0,3.0,0.16976608573431082,0.42288816060847617,0.041087431933781615,-0.08604315330074734,0.20826149671462932,-0.06886504692826502
-10.0,-12.0,-19.0,-128.0,-128.0,-128.0,-66.0,-19.0,0.16949482353446652,0.4217221127631726,0.04026538876936514,-0.09901720422106794,0.20076541288227812,-0.06607415380625269
-3.0,0.0,-42.0,-128.0,-128.0,-81.0,-27.0,-7.0,0.16954532251554635,0.4218633182747028,0.03908527847147003,-0.11542001384848317,0.19172055863175297,-0.06283381345266782
11.0,-23.0,67.0,116.0,127.0,106.0,25.0,-4.0,0.17546617099738018,0.4370577499504553,0.0410182173718765,-0.0844236286158925,0.2130213430165811,-0.07182187881494943
6.0,95.0,9.0,-83.0,-95.0,-89.0,-33.0,-9.0,0.17263305425875272,0.43118530247270487,0.04126998719708641,-0.07885654295386918,0.21448623171432493,-0.07180391482743077
-24.0,-20.0,-128.0,-128.0,-128.0,-100.0,-32.0,-8.0,0.17072754322083233,0.42609824029990795,0.04139026920205868,-0.07906013412962082,0.2129944291847703,-0.0708365241109861
16.0,1.0,94.0,127.0,127.0,127.0,46.0,6.0,0.16976608573431082,0.42288816060847617,0.041087431933781615,-0.08604315330074734,0.20826149671462932,-0.06886504692826502
4.0,-16.0,62.0,127.0,53.0,8.0,56.0,20.0,0.16949482353446652,0.4217221127631726,0.04026538876936514,-0.09901720422106794,0.20076541288227812,-0.06607415380625269
9.0,7.0,-57.0,-95.0,-96.0,-8.0,-11.0,-4.0,0.16954532251554635,0.4218633182747028,0.03908527847147003,-0.11542001384848317,0.19172055863175297,-0.06283381345266782
11.0,19.0,-8.0,-128.0,-128.0,-79.0,-29.0,-14.0,0.18600107341452898,0.4393855116413391,0.042816378270515765,-0.11677188784423165,0.19650717446159402,-0.0679200921595199
26.0,-86.0,-45.0,-104.0,-128.0,-90.0,-24.0,-6.0,0.18475487521640982,0.44365035731259683,0.04197910022245133,-0.11184143439941152,0.2001835210862301,-0.0690017668186111
29.0,-6.0,80.0,127.0,127.0,127.0,58.0,27.0,0.18219302943003252,0.4445716851147775,0.04128997626973263,-0.10347907631245785,0.20479918010097736,-0.0701209645959346
-9.0,70.0,17.0,-24.0,-3.0,-41.0,-6.0,0.0,0.1788634008413246,0.4420577935547091,0.04096084077693518,-0.09352275531910974,0.20943375772046155,-0.07114925409638358
16.0,46.0,-16.0,-96.0,11.0,-82.0,-39.0,-7.0,0.17546617099738018,0.4370577499504553,0.0410182173718765,-0.0844236286158925,0.2130213430165811,-0.07182187881494943
-4.0,-37.0,22.0,64.0,-62.0,6.0,21.0,4.0,0.17263305425875272,0.43118530247270487,0.04126998719708641,-0.07885654295386918,0.21448623171432493,-0.07180391482743077
-11.0,-44.0,-17.0,-22.0,105.0,-54.0,-3.0,9.0,0.17072754322083233,0.42609824029990795,0.04139026920205868,-0.07906013412962082,0.2129944291847703,-0.0708365241109861
-3.0,-9.0,0.0,-60.0,34.0,-67.0,-15.0,-22.0,0.16976608573431082,0.42288816060847617,0.041087431933781615,-0.08604315330074734,0.20826149671462932,-0.06886504692826502
-11.0,66.0,81.0,127.0,-3.0,127.0,35.0,20.0,0.16949482353446652,0.4217221127631726,0.04026538876936514,-0.09901720422106794,0.20076541288227812,-0.06607415380625269
-27.0,-5.0,-14.0,-86.0,127.0,-108.0,-11.0,-20.0,0.16954532251554635,0.4218633182747028,0.03908527847147003,-0.11542001384848317,0.19172055863175297,-0.06283381345266782
-23.0,6.0,3.0,-37.0,-35.0,-60.0,-12.0,-5.0,0.18600107341452898,0.4393855116413391,0.042816378270515765,-0.11677188784423165,0.19650717446159402,-0.0679200921595199
19.0,-18.0,-71.0,40.0,127.0,127.0,11.0,-26.0,0.18475487521640982,0.44365035731259683,0.04197910022245133,-0.11184143439941152,0.2001835210862301,-0.0690017668186111
0.0,-26.0,61.0,-73.0,-102.0,-128.0,-25.0,14.0,0.18219302943003252,0.4445716851147775,0.04128997626973263,-0.10347907631245785,0.20479918010097736,-0.0701209645959346
14.0,45.0,6.0,-63.0,-125.0,-38.0,-3.0,15.0,0.1788634008413246,0.4420577935547091,0.04096084077693518,-0.09352275531910974,0.20943375772046155,-0.07114925409638358
-2.0,38.0,44.0,48.0,43.0,62.0,6.0,-12.0,0.17546617099738018,0.4370577499504553,0.0410182173718765,-0.0844236286158925,0.2130213430165811,-0.07182187881494943
-35.0,-81.0,-6.0,-35.0,22.0,-83.0,-2.0,-4.0,0.17263305425875272,0.43118530247270487,0.04126998719708641,-0.07885654295386918,0.21448623171432493,-0.07180391482743077
2.0,-38.0,1.0,-5.0,-74.0,57.0,46.0,11.0,0.17072754322083233,0.42609824029990795,0.04139026920205868,-0.07906013412962082,0.2129944291847703,-0.0708365241109861
24.0,15.0,73.0,127.0,-47.0,80.0,4.0,15.0,0.16976608573431082,0.42288816060847617,0.041087431933781615,-0.08604315330074734,0.20826149671462932,-0.06886504692826502
-50.0,48.0,88.0,127.0,127.0,113.0,38.0,-1.0,0.16949482353446652,0.4217221127631726,0.04026538876936514,-0.09901720422106794,0.20076541288227812,-0.06607415380625269
2.0,-90.0,-128.0,-128.0,-128.0,-128.0,-100.0,-22.0,0.16954532251554635,0.4218633182747028,0.03908527847147003,-0.11542001384848317,0.19172055863175297,-0.06283381345266782
-7.0,-10.0,87.0,127.0,127.0,127.0,38.0,11.0,0.18600107341452898,0.4393855116413391,0.042816378270515765,-0.11677188784423165,0.19650717446159402,-0.0679200921595199
11.0,10.0,-7.0,-21.0,55.0,-68.0,-15.0,0.0,0.18475487521640982,0.44365035731259683,0.04197910022245133,-0.11184143439941152,0.2001835210862301,-0.0690017668186111
-23.0,-25.0,-84.0,-128.0,-128.0,-67.0,-45.0,-24.0,0.18219302943003252,0.4445716851147775,0.04128997626973263,-0.10347907631245785,0.20479918010097736,-0.0701209645959346
-28.0,-6.0,4.0,-49.0,-33.0,-36.0,-31.0,-16.0,0.1788634008413246,0.4420577935547091,0.04096084077693518,-0.09352275531910974,0.20943375772046155,-0.07114925409638358
19.0,-63.0,22.0,65.0,-128.0,-10.0,34.0,18.0,0.17546617099738018,0.4370577499504553,0.0410182173718765,-0.0844236286158925,0.2130213430165811,-0.07182187881494943
17.0,55.0,53.0,127.0,127.0,127.0,66.0,31.0,0.17263305425875272,0.43118530247270487,0.04126998719708641,-0.07885654295386918,0.21448623171432493,-0.07180391482743077
-9.0,12.0,-46.0,-40.0,-128.0,-10.0,-36.0,-14.0,0.17072754322083233,0.42609824029990795,0.04139026920205868,-0.07906013412962082,0.2129944291847703,-0.0708365241109861
9.0,-53.0,-31.0,-44.0,-128.0,-90.0,-27.0,-22.0,0.16976608573431082,0.42288816060847617,0.041087431933781615,-0.08604315330074734,0.20826149671462932,-0.06886504692826502
6.0,-43.0,-92.0,-54.0,127.0,6.0,20.0,10.0,0.16949482353446652,0.4217221127631726,0.04026538876936514,-0.09901720422106794,0.20076541288227812,-0.06607415380625269
2.0,42.0,7.0,25.0,-38.0,9.0,-22.0,0.0,0.16954532251554635,0.4218633182747028,0.03908527847147003,-0.11542001384848317,0.19172055863175297,-0.06283381345266782
23.0,-49.0,25.0,90.0,30.0,78.0,21.0,10.0,0.18600107341452898,0.4393855116413391,0.042816378270515765,-0.11677188784423165,0.19650717446159402,-0.0679200921595199
-16.0,61.0,20.0,45.0,127.0,58.0,26.0,-6.0,0.18475487521640982,0.44365035731259683,0.04197910022245133,-0.11184143439941152,0.2001835210862301,-0.0690017668186111
-2.0,23.0,-36.0,-23.0,-16.0,-58.0,-36.0,-5.0,0.18219302943003252,0.4445716851147775,0.04128997626973263,-0.10347907631245785,0.20479918010097736,-0.0701209645959346
-2.0,-36.0,57.0,-6.0,-115.0,-9.0,-15.0,-10.0,0.1788634008413246,0.4420577935547091,0.04096084077693518,-0.09352275531910974,0.20943375772046155,-0.07114925409638358
22.0,-77.0,-67.0,-53.0,-58.0,-47.0,-17.0,-32.0,0.17546617099738018,0.4370577499504553,0.0410182173718765,-0.0844236286158925,0.2130213430165811,-0.07182187881494943
6.0,72.0,50.0,89.0,91.0,105.0,44.0,27.0,0.17263305425875272,0.43118530247270487,0.04126998719708641,-0.07885654295386918,0.21448623171432493,-0.07180391482743077
15.0,67.0,12.0,25.0,118.0,-2.0,-10.0,-6.0,0.17072754322083233,0.42609824029990795,0.04139026920205868,-0.07906013412962082,0.2129944291847703,-0.0708365241109861
-1.0,-40.0,-6.0,-57.0,-128.0,-64.0,-12.0,-3.0,0.16976608573431082,0.42288816060847617,0.041087431933781615,-0.08604315330074734,0.20826149671462932,-0.06886504692826502
15.0,-48.0,-10.0,-16.0,-39.0,-29.0,-24.0,-7.0,0.16949482353446652,0.4217221127631726,0.04026538876936514,-0.09901720422106794,0.20076541288227812,-0.06607415380625269
-8.0,83.0,17.0,-11.0,68.0,49.0,10.0,-10.0,0.16954532251554635,0.4218633182747028,0.03908527847147003,-0.11542001384848317,0.19172055863175297,-0.06283381345266782
-2.0,-48.0,-87.0,-58.0,-57.0,-76.0,-21.0,-8.0,0.18600107341452898,0.4393855116413391,0.042816378270515765,-0.11677188784423165,0.19650717446159402,-0.0679200921595199
8.0,66.0,3.0,-44.0,-54.0,-22.0,0.0,2.0,0.18475487521640982,0.44365035731259683,0.04197910022245133,-0.11184143439941152,0.2001835210862301,-0.0690017668186111
22.0,63.0,30.0,42.0,70.0,64.0,10.0,7.0,0.18219302943003252,0.4445716851147775,0.04128997626973263,-0.10347907631245785,0.20479918010097736,-0.0701209645959346
-3.0,-12.0,20.0,21.0,106.0,5.0,20.0,5.0,0.1788634008413246,0.4420577935547091,0.04096084077693518,-0.09352275531910974,0.20943375772046155,-0.07114925409638358
-87.0,-63.0,-25.0,-5.0,-128.0,-36.0,-1.0,-14.0,0.17546617099738018,0.4370577499504553,0.0410182173718765,-0.0844236286158925,0.2130213430165811,-0.07182187881494943
21.0,12.0,-53.0,-51.0,-74.0,-36.0,-29.0,-5.0,0.17263305425875272,0.43118530247270487,0.04126998719708641,-0.07885654295386918,0.21448623171432493,-0.07180391482743077
9.0,74.0,23.0,75.0,80.0,95.0,27.0,13.0,0.17072754322083233,0.42609824029990795,0.04139026920205868,-0.07906013412962082,0.2129944291847703,-0.0708365241109861
9.0,-70.0,-24.0,-29.0,-21.0,-59.0,-25.0,3.0,0.16976608573431082,0.42288816060847617,0.041087431933781615,-0.08604315330074734,0.20826149671462932,-0.06886504692826502
7.0,-38.0,-13.0,-75.0,-128.0,8.0,4.0,0.0,0.16949482353446652,0.4217221127631726,0.04026538876936514,-0.09901720422106794,0.20076541288227812,-0.06607415380625269
-35.0,7.0,-32.0,-20.0,-47.0,-59.0,-5.0,-13.0,0.16954532251554635,0.4218633182747028,0.03908527847147003,-0.11542001384848317,0.19172055863175297,-0.06283381345266782
-19.0,-45.0,-2.0,-2.0,-3.0,0.0,4.0,-4.0,0.18600107341452898,0.4393855116413391,0.042816378270515765,-0.11677188784423165,0.19650717446159402,-0.0679200921595199
5.0,24.0,2.0,6.0,4.0,3.0,5.0,3.0,0.18475487521640982,0.44365035731259683,0.04197910022245133,-0.11184143439941152,0.2001835210862301,-0.0690017668186111
-22.0,27.0,1.0,7.0,8.0,3.0,4.0,-3.0,0.18219302943003252,0.4445716851147775,0.04128997626973263,-0.10347907631245785,0.20479918010097736,-0.0701209645959346
8.0,-16.0,-2.0,5.0,13.0,-2.0,-5.0,-2.0,0.1788634008413246,0.4420577935547091,0.04096084077693518,-0.09352275531910974,0.20943375772046155,-0.07114925409638358
7.0,-37.0,-4.0,-7.0,14.0,2.0,2.0,4.0,0.17546617099738018,0.4370577499504553,0.0410182173718765,-0.0844236286158925,0.2130213430165811,-0.07182187881494943
-28.0,31.0,31.0,9.0,11.0,5.0,4.0,-1.0,0.17263305425875272,0.43118530247270487,0.04126998719708641,-0.07885654295386918,0.21448623171432493,-0.07180391482743077
-3.0,7.0,-14.0,-1.0,-4.0,-7.0,-3.0,-5.0,0.17072754322083233,0.42609824029990795,0.04139026920205868,-0.07906013412962082,0.2129944291847703,-0.0708365241109861
-11.0,-32.0,-128.0,-40.0,-32.0,-24.0,-16.0,-19.0,0.16976608573431082,0.42288816060847617,0.041087431933781615,-0.08604315330074734,0.20826149671462932,-0.06886504692826502
0.0,-41.0,-16.0,-24.0,-60.0,-10.0,-3.0,16.0,0.16949482353446652,0.4217221127631726,0.04026538876936514,-0.09901720422106794,0.20076541288227812,-0.06607415380625269
1.0,26.0,-3.0,-20.0,16.0,-23.0,-3.0,-5.0,0.16954532251554635,0.4218633182747028,0.03908527847147003,-0.11542001384848317,0.19172055863175297,-0.06283381345266782
9.0,32.0,-2.0,10.0,12.0,0.0,2.0,-2.0,0.18600107341452898,0.4393855116413391,0.042816378270515765,-0.11677188784423165,0.19650717446159402,-0.0679200921595199
-37.0,-10.0,-27.0,6.0,6.0,3.0,1.0,-2.0,0.18475487521640982,0.44365035731259683,0.04197910022245133,-0.11184143439941152,0.2001835210862301,-0.0690017668186111
-4.0,-38.0,-3.0,-3.0,-3.0,3.0,6.0,-1.0,0.18219302943003252,0.4445716851147775,0.04128997626973263,-0.10347907631245785,0.20479918010097736,-0.0701209645959346
-7.0,27.0,6.0,-1.0,2.0,3.0,6.0,2.0,0.1788634008413246,0.4420577935547091,0.04096084077693518,-0.09352275531910974,0.20943375772046155,-0.07114925409638358
4.0,28.0,-7.0,9.0,4.0,0.0,-4.0,-4.0,0.17546617099738018,0.4370577499504553,0.0410182173718765,-0.0844236286158925,0.2130213430165811,-0.07182187881494943
-2.0,-14.0,19.0,-5.0,-2.0,-2.0,-1.0,-3.0,0.17263305425875272,0.43118530247270487,0.04126998719708641,-0.07885654295386918,0.21448623171432493,-0.07180391482743077
-1.0,-47.0,2.0,-10.0,-4.0,-5.0,3.0,1.0,0.17072754322083233,0.42609824029990795,0.04139026920205868,-0.07906013412962082,0.2129944291847703,-0.0708365241109861
2.0,21.0,10.0,-3.0,2.0,4.0,-2.0,-2.0,0.16976608573431082,0.42288816060847617,0.041087431933781615,-0.08604315330074734,0.20826149671462932,-0.06886504692826502
-2.0,27.0,4.0,12.0,9.0,4.0,-1.0,-3.0,0.16949482353446652,0.4217221127631726,0.04026538876936514,-0.09901720422106794,0.20076541288227812,-0.06607415380625269
2.0,-18.0,-4.0,-2.0,4.0,-3.0,-6.0,-3.0,0.16954532251554635,0.4218633182747028,0.03908527847147003,-0.11542001384848317,0.19172055863175297,-0.06283381345266782
1.0,-33.0,-4.0,-4.0,-21.0,-22.0,-5.0,1.0,0.18600107341452898,0.4393855116413391,0.042816378270515765,-0.11677188784423165,0.19650717446159402,-0.0679200921595199
3.0,22.0,28.0,-6.0,0.0,4.0,-2.0,4.0,0.18475487521640982,0.44365035731259683,0.04197910022245133,-0.11184143439941152,0.2001835210862301,-0.0690017668186111
6.0,24.0,-17.0,11.0,20.0,2.0,-3.0,1.0,0.18219302943003252,0.4445716851147775,0.04128997626973263,-0.10347907631245785,0.20479918010097736,-0.0701209645959346
-5.0,3.0,-5.0,-9.0,-1.0,-4.0,-5.0,0.0,0.1788634008413246,0.4420577935547091,0.04096084077693518,-0.09352275531910974,0.20943375772046155,-0.07114925409638358
1.0,-25.0,-9.0,-11.0,-14.0,-7.0,-4.0,8.0,0.17546617099738018,0.4370577499504553,0.0410182173718765,-0.0844236286158925,0.2130213430165811,-0.07182187881494943
0.0,30.0,-7.0,-4.0,-6.0,-1.0,2.0,-4.0,0.17263305425875272,0.43118530247270487,0.04126998719708641,-0.07885654295386918,0.21448623171432493,-0.07180391482743077
5.0,37.0,22.0,-3.0,-5.0,-2.0,-2.0,2.0,0.17072754322083233,0.42609824029990795,0.04139026920205868,-0.07906013412962082,0.2129944291847703,-0.0708365241109861
5.0,-3.0,-7.0,1.0,13.0,6.0,2.0,-3.0,0.16976608573431082,0.42288816060847617,0.041087431933781615,-0.08604315330074734,0.20826149671462932,-0.06886504692826502
-33.0,-38.0,-44.0,-18.0,0.0,-6.0,-2.0,0.0,0.16949482353446652,0.4217221127631726,0.04026538876936514,-0.09901720422106794,0.20076541288227812,-0.06607415380625269
5.0,23.0,-8.0,2.0,-1.0,4.0,2.0,5.0,0.16954532251554635,0.4218633182747028,0.03908527847147003,-0.11542001384848317,0.19172055863175297,-0.06283381345266782
-4.0,-24.0,-3.0,-4.0,2.0,-7.0,-3.0,-3.0,0.18600107341452898,0.4393855116413391,0.042816378270515765,-0.11677188784423165,0.19650717446159402,-0.0679200921595199
-3.0,6.0,8.0,5.0,-1.0,2.0,0.0,-1.0,0.18475487521640982,0.44365035731259683,0.04197910022245133,-0.11184143439941152,0.2001835210862301,-0.0690017668186111
-2.0,18.0,1.0,2.0,4.0,5.0,-1.0,0.0,0.18219302943003252,0.4445716851147775,0.04128997626973263,-0.10347907631245785,0.20479918010097736,-0.0701209645959346
7.0,-9.0,7.0,-2.0,0.0,-4.0,-3.0,-8.0,0.1788634008413246,0.4420577935547091,0.04096084077693518,-0.09352275531910974,0.20943375772046155,-0.07114925409638358
12.0,-16.0,8.0,1.0,-4.0,-4.0,4.0,1.0,0.17546617099738018,0.4370577499504553,0.0410182173718765,-0.0844236286158925,0.2130213430165811,-0.07182187881494943
-19.0,-1.0,-40.0,-4.0,-3.0,0.0,-1.0,1.0,0.17263305425875272,0.43118530247270487,0.04126998719708641,-0.07885654295386918,0.21448623171432493,-0.07180391482743077
21.0,5.0,6.0,3.0,1.0,-4.0,-6.0,-1.0,0.17072754322083233,0.42609824029990795,0.04139026920205868,-0.07906013412962082,0.2129944291847703,-0.0708365241109861
5.0,3.0,27.0,-2.0,-3.0,-2.0,-2.0,-7.0,0.16976608573431082,0.42288816060847617,0.041087431933781615,-0.08604315330074734,0.20826149671462932,-0.06886504692826502
4.0,-24.0,1.0,-9.0,-4.0,-5.0,1.0,3.0,0.16949482353446652,0.4217221127631726,0.04026538876936514,-0.09901720422106794,0.20076541288227812,-0.06607415380625269
4.0,21.0,15.0,7.0,-2.0,-2.0,2.0,2.0,0.16954532251554635,0.4218633182747028,0.03908527847147003,-0.11542001384848317,0.19172055863175297,-0.06283381345266782
7.0,-27.0,-32.0,-5.0,4.0,-1.0,1.0,-2.0,0.18600107341452898,0.4393855116413391,0.042816378270515765,-0.11677188784423165,0.19650717446159402,-0.0679200921595199
17.0,10.0,39.0,6.0,3.0,4.0,2.0,1.0,0.18475487521640982,0.44365035731259683,0.04197910022245133,-0.11184143439941152,0.2001835210862301,-0.0690017668186111
11.0,11.0,12.0,9.0,8.0,4.0,2.0,0.0,0.18219302943003252,0.4445716851147775,0.04128997626973263,-0.10347907631245785,0.20479918010097736,-0.0701209645959346
-14.0,-20.0,-22.0,0.0,1.0,-7.0,-6.0,-8.0,0.1788634008413246,0.4420577935547091,0.04096084077693518,-0.09352275531910974,0.20943375772046155,-0.07114925409638358
-55.0,-35.0,13.0,-12.0,-10.0,-11.0,-3.0,-12.0,0.17546617099738018,0.4370577499504553,0.0410182173718765,-0.0844236286158925,0.2130213430165811,-0.07182187881494943
24.0,6.0,9.0,4.0,9.0,19.0,6.0,4.0,0.17263305425875272,0.43118530247270487,0.04126998719708641,-0.07885654295386918,0.21448623171432493,-0.07180391482743077
4.0,2.0,5.0,1.0,-6.0,-7.0,-3.0,-3.0,0.17072754322083233,0.42609824029990795,0.04139026920205868,-0.07906013412962082,0.2129944291847703,-0.0708365241109861
-2.0,-37.0,-45.0,-8.0,0.0,-7.0,-5.0,-6.0,0.16976608573431082,0.42288816060847617,0.041087431933781615,-0.08604315330074734,0.20826149671462932,-0.06886504692826502
-4.0,-24.0,-3.0,-4.0,2.0,-7.0,-3.0,-3.0,0.16949482353446652,0.4217221127631726,0.04026538876936514,-0.09901720422106794,0.20076541288227812,-0.06607415380625269
-3.0,6.0,8.0,5.0,-1.0,2.0,0.0,-1.0,0.16954532251554635,0.4218633182747028,0.03908527847147003,-0.11542001384848317,0.19172055863175297,-0.06283381345266782
-6.0,-7.0,2.0,-16.0,-13.0,5.0,0.0,-5.0,0.18600107341452898,0.4393855116413391,0.042816378270515765,-0.11677188784423165,0.19650717446159402,-0.0679200921595199
18.0,4.0,-9.0,-2.0,-4.0,-5.0,0.0,8.0,0.18475487521640982,0.44365035731259683,0.04197910022245133,-0.11184143439941152,0.2001835210862301,-0.0690017668186111
-5.0,12.0,-12.0,-2.0,3.0,-1.0,-3.0,-2.0,0.18219302943003252,0.4445716851147775,0.04128997626973263,-0.10347907631245785,0.20479918010097736,-0.0701209645959346
17.0,-4.0,22.0,5.0,0.0,-1.0,7.0,1.0,0.1788634008413246,0.4420577935547091,0.04096084077693518,-0.09352275531910974,0.20943375772046155,-0.07114925409638358
0.0,-8.0,-7.0,3.0,-5.0,-4.0,-2.0,-1.0,0.17546617099738018,0.4370577499504553,0.0410182173718765,-0.0844236286158925,0.2130213430165811,-0.07182187881494943
6.0,1.0,-5.0,0.0,12.0,2.0,4.0,0.0,0.17263305425875272,0.43118530247270487,0.04126998719708641,-0.07885654295386918,0.21448623171432493,-0.07180391482743077
0.0,12.0,6.0,-7.0,-6.0,-2.0,0.0,4.0,0.17072754322083233,0.42609824029990795,0.04139026920205868,-0.07906013412962082,0.2129944291847703,-0.0708365241109861
-3.0,-6.0,4.0,-7.0,-5.0,-5.0,-5.0,-5.0,0.16976608573431082,0.42288816060847617,0.041087431933781615,-0.08604315330074734,0.20826149671462932,-0.06886504692826502
-19.0,-14.0,7.0,-3.0,10.0,1.0,-1.0,-6.0,0.16949482353446652,0.4217221127631726,0.04026538876936514,-0.09901720422106794,0.20076541288227812,-0.06607415380625269
12.0,1.0,-6.0,-1.0,-4.0,-4.0,-2.0,3.0,0.16954532251554635,0.4218633182747028,0.03908527847147003,-0.11542001384848317,0.19172055863175297,-0.06283381345266782
-28.0,-12.0,3.0,-2.0,-6.0,-6.0,-1.0,-2.0,0.18600107341452898,0.4393855116413391,0.042816378270515765,-0.11677188784423165,0.19650717446159402,-0.0679200921595199
14.0,9.0,5.0,7.0,20.0,7.0,6.0,4.0,0.18475487521640982,0.44365035731259683,0.04197910022245133,-0.11184143439941152,0.2001835210862301,-0.0690017668186111
-7.0,11.0,-1.0,0.0,-2.0,1.0,0.0,0.0,0.18219302943003252,0.4445716851147775,0.04128997626973263,-0.10347907631245785,0.20479918010097736,-0.0701209645959346
12.0,-2.0,2.0,-8.0,-7.0,-5.0,-3.0,-5.0,0.1788634008413246,0.4420577935547091,0.04096084077693518,-0.09352275531910974,0.20943375772046155,-0.07114925409638358
-6.0,-30.0,-2.0,-12.0,-14.0,-10.0,-3.0,-1.0,0.17546617099738018,0.4370577499504553,0.0410182173718765,-0.0844236286158925,0.2130213430165811,-0.07182187881494943
2.0,6.0,-5.0,7.0,7.0,0.0,-1.0,3.0,0.17263305425875272,0.43118530247270487,0.04126998719708641,-0.07885654295386918,0.21448623171432493,-0.07180391482743077
4.0,10.0,-3.0,11.0,18.0,4.0,2.0,-4.0,0.17072754322083233,0.42609824029990795,0.04139026920205868,-0.07906013412962082,0.2129944291847703,-0.0708365241109861
3.0,1.0,8.0,4.0,-16.0,1.0,18.0,-1.0,0.16976608573431082,0.42288816060847617,0.041087431933781615,-0.08604315330074734,0.20826149671462932,-0.06886504692826502
-6.0,-7.0,2.0,-16.0,-13.0,5.0,0.0,-5.0,0.16949482353446652,0.4217221127631726,0.04026538876936514,-0.09901720422106794,0.20076541288227812,-0.06607415380625269
18.0,4.0,-9.0,-2.0,-4.0,-5.0,0.0,8.0,0.16954532251554635,0.4218633182747028,0.03908527847147003,-0.11542001384848317,0.19172055863175297,-0.06283381345266782
19.0,4.0,-3.0,-2.0,-10.0,-10.0,5.0,3.0,0.18475487521640982,0.44365035731259683,0.04197910022245133,-0.11184143439941152,0.2001835210862301,-0.0690017668186111
-3.0,11.0,4.0,5.0,5.0,3.0,-11.0,-1.0,0.18219302943003252,0.4445716851147775,0.04128997626973263,-0.10347907631245785,0.20479918010097736,-0.0701209645959346
-32.0,-10.0,-2.0,-5.0,-3.0,-3.0,5.0,-9.0,0.1788634008413246,0.4420577935547091,0.04096084077693518,-0.09352275531910974,0.20943375772046155,-0.07114925409638358
7.0,-10.0,8.0,-2.0,-40.0,-7.0,-2.0,6.0,0.17546617099738018,0.4370577499504553,0.0410182173718765,-0.0844236286158925,0.2130213430165811,-0.07182187881494943
9.0,10.0,6.0,22.0,50.0,7.0,2.0,2.0,0.17263305425875272,0.43118530247270487,0.04126998719708641,-0.07885654295386918,0.21448623171432493,-0.07180391482743077
-6.0,8.0,-16.0,-5.0,4.0,6.0,-1.0,-3.0,0.17072754322083233,0.42609824029990795,0.04139026920205868,-0.07906013412962082,0.2129944291847703,-0.0708365241109861
-2.0,-5.0,24.0,0.0,-3.0,0.0,-1.0,-1.0,0.16976608573431082,0.42288816060847617,0.041087431933781615,-0.08604315330074734,0.20826149671462932,-0.06886504692826502
9.0,-9.0,4.0,-2.0,-7.0,-4.0,-4.0,-2.0,0.16949482353446652,0.4217221127631726,0.04026538876936514,-0.09901720422106794,0.20076541288227812,-0.06607415380625269
-8.0,0.0,3.0,-2.0,-4.0,-3.0,-3.0,0.0,0.16954532251554635,0.4218633182747028,0.03908527847147003,-0.11542001384848317,0.19172055863175297,-0.06283381345266782
-12.0,1.0,23.0,-5.0,-10.0,-6.0,2.0,-3.0,0.18600107341452898,0.4393855116413391,0.042816378270515765,-0.11677188784423165,0.19650717446159402,-0.0679200921595199
19.0,0.0,13.0,4.0,1.0,3.0,2.0,2.0,0.18475487521640982,0.44365035731259683,0.04197910022245133,-0.11184143439941152,0.2001835210862301,-0.0690017668186111
6.0,21.0,5.0,-3.0,0.0,0.0,0.0,1.0,0.18219302943003252,0.4445716851147775,0.04128997626973263,-0.10347907631245785,0.20479918010097736,-0.0701209645959346
14.0,-2.0,-5.0,12.0,20.0,3.0,-1.0,1.0,0.1788634008413246,0.4420577935547091,0.04096084077693518,-0.09352275531910974,0.20943375772046155,-0.07114925409638358
-21.0,-20.0,-5.0,-6.0,-47.0,-5.0,-1.0,-4.0,0.17546617099738018,0.4370577499504553,0.0410182173718765,-0.0844236286158925,0.2130213430165811,-0.07182187881494943
25.0,16.0,-8.0,1.0,4.0,6.0,4.0,4.0,0.17263305425875272,0.43118530247270487,0.04126998719708641,-0.07885654295386918,0.21448623171432493,-0.07180391482743077
15.0,16.0,0.0,2.0,2.0,-1.0,1.0,2.0,0.17072754322083233,0.42609824029990795,0.04139026920205868,-0.07906013412962082,0.2129944291847703,-0.0708365241109861
-24.0,-3.0,0.0,-3.0,0.0,-4.0,-3.0,-5.0,0.16976608573431082,0.42288816060847617,0.041087431933781615,-0.08604315330074734,0.20826149671462932,-0.06886504692826502
-16.0,-21.0,-3.0,-3.0,-8.0,-5.0,0.0,-2.0,0.16949482353446652,0.4217221127631726,0.04026538876936514,-0.09901720422106794,0.20076541288227812,-0.06607415380625269
-15.0,-1.0,-8.0,-2.0,-4.0,1.0,-2.0,-9.0,0.16954532251554635,0.4218633182747028,0.03908527847147003,-0.11542001384848317,0.19172055863175297,-0.06283381345266782
-6.0,3.0,-4.0,-3.0,-4.0,3.0,-2.0,0.0,0.18475487521640982,0.44365035731259683,0.04197910022245133,-0.11184143439941152,0.2001835210862301,-0.0690017668186111
-14.0,25.0,-1.0,4.0,3.0,5.0,-2.0,-4.0,0.18219302943003252,0.4445716851147775,0.04128997626973263,-0.10347907631245785,0.20479918010097736,-0.0701209645959346
17.0,-6.0,2.0,3.0,0.0,-1.0,-3.0,2.0,0.1788634008413246,0.4420577935547091,0.04096084077693518,-0.09352275531910974,0.20943375772046155,-0.07114925409638358
11.0,-7.0,-6.0,-2.0,-7.0,-6.0,1.0,-1.0,0.17546617099738018,0.4370577499504553,0.0410182173718765,-0.0844236286158925,0.2130213430165811,-0.07182187881494943
7.0,-7.0,-2.0,-4.0,-3.0,0.0,0.0,3.0,0.17263305425875272,0.43118530247270487,0.04126998719708641,-0.07885654295386918,0.21448623171432493,-0.07180391482743077
-1.0,9.0,-9.0,1.0,1.0,-1.0,-4.0,0.0,0.17072754322083233,0.42609824029990795,0.04139026920205868,-0.07906013412962082,0.2129944291847703,-0.0708365241109861
7.0,-5.0,-6.0,-4.0,-4.0,-5.0,-3.0,-2.0,0.16976608573431082,0.42288816060847617,0.041087431933781615,-0.08604315330074734,0.20826149671462932,-0.06886504692826502
-9.0,-20.0,0.0,-1.0,-7.0,-8.0,-1.0,-2.0,0.16949482353446652,0.4217221127631726,0.04026538876936514,-0.09901720422106794,0.20076541288227812,-0.06607415380625269
2.0,6.0,3.0,4.0,2.0,6.0,4.0,2.0,0.16954532251554635,0.4218633182747028,0.03908527847147003,-0.11542001384848317,0.19172055863175297,-0.06283381345266782
5.0,2.0,-6.0,5.0,4.0,5.0,-1.0,20.0,0.18600107341452898,0.4393855116413391,0.042816378270515765,-0.11677188784423165,0.19650717446159402,-0.0679200921595199
20.0,17.0,11.0,0.0,0.0,-1.0,-4.0,-7.0,0.18475487521640982,0.44365035731259683,0.04197910022245133,-0.11184143439941152,0.2001835210862301,-0.0690017668186111
11.0,-4.0,-11.0,0.0,-7.0,-5.0,2.0,-4.0,0.18219302943003252,0.4445716851147775,0.04128997626973263,-0.10347907631245785,0.20479918010097736,-0.0701209645959346
-21.0,-11.0,-11.0,0.0,-7.0,0.0,-3.0,-6.0,0.1788634008413246,0.4420577935547091,0.04096084077693518,-0.09352275531910974,0.20943375772046155,-0.07114925409638358
11.0,27.0,5.0,3.0,5.0,4.0,3.0,-5.0,0.17546617099738018,0.4370577499504553,0.0410182173718765,-0.0844236286158925,0.2130213430165811,-0.07182187881494943
20.0,9.0,3.0,-2.0,2.0,-1.0,1.0,-3.0,0.17263305425875272,0.43118530247270487,0.04126998719708641,-0.07885654295386918,0.21448623171432493,-0.07180391482743077
-45.0,-14.0,4.0,-3.0,-6.0,-5.0,-1.0,7.0,0.17072754322083233,0.42609824029990795,0.04139026920205868,-0.07906013412962082,0.2129944291847703,-0.0708365241109861
-1.0,-8.0,-42.0,-2.0,1.0,3.0,0.0,4.0,0.16976608573431082,0.42288816060847617,0.041087431933781615,-0.08604315330074734,0.20826149671462932,-0.06886504692826502
17.0,10.0,12.0,2.0,4.0,2.0,1.0,3.0,0.16949482353446652,0.4217221127631726,0.04026538876936514,-0.09901720422106794,0.20076541288227812,-0.06607415380625269
-3.0,-15.0,-7.0,-6.0,0.0,-4.0,-3.0,-12.0,0.16954532251554635,0.4218633182747028,0.03908527847147003,-0.11542001384848317,0.19172055863175297,-0.06283381345266782
-1.0,-11.0,3.0,-6.0,-6.0,-5.0,0.0,0.0,0.18600107341452898,0.4393855116413391,0.042816378270515765,-0.11677188784423165,0.19650717446159402,-0.0679200921595199
3.0,1.0,1.0,0.0,-2.0,0.0,3.0,0.0,0.18475487521640982,0.44365035731259683,0.04197910022245133,-0.11184143439941152,0.2001835210862301,-0.0690017668186111
10.0,7.0,-2.0,1.0,3.0,3.0,-2.0,-15.0,0.18219302943003252,0.4445716851147775,0.04128997626973263,-0.10347907631245785,0.20479918010097736,-0.0701209645959346
2.0,-56.0,-16.0,-3.0,-2.0,-3.0,0.0,2.0,0.1788634008413246,0.4420577935547091,0.04096084077693518,-0.09352275531910974,0.20943375772046155,-0.07114925409638358
15.0,9.0,1.0,-4.0,-3.0,-4.0,-1.0,-33.0,0.17546617099738018,0.4370577499504553,0.0410182173718765,-0.0844236286158925,0.2130213430165811,-0.07182187881494943
-69.0,2.0,-5.0,-2.0,2.0,-2.0,1.0,33.0,0.17263305425875272,0.43118530247270487,0.04126998719708641,-0.07885654295386918,0.21448623171432493,-0.07180391482743077
6.0,23.0,1.0,2.0,7.0,6.0,2.0,-23.0,0.17072754322083233,0.42609824029990795,0.04139026920205868,-0.07906013412962082,0.2129944291847703,-0.0708365241109861
-19.0,-6.0,-8.0,-2.0,1.0,-2.0,-3.0,1.0,0.16976608573431082,0.42288816060847617,0.041087431933781615,-0.08604315330074734,0.20826149671462932,-0.06886504692826502
10.0,-3.0,-2.0,-4.0,-5.0,-3.0,0.0,-6.0,0.16949482353446652,0.4217221127631726,0.04026538876936514,-0.09901720422106794,0.20076541288227812,-0.06607415380625269
5.0,-7.0,-2.0,-1.0,-2.0,-2.0,0.0,-4.0,0.16954532251554635,0.4218633182747028,0.03908527847147003,-0.11542001384848317,0.19172055863175297,-0.06283381345266782
-9.0,-10.0,-1.0,1.0,6.0,4.0,-4.0,-14.0,0.18600107341452898,0.4393855116413391,0.042816378270515765,-0.11677188784423165,0.19650717446159402,-0.0679200921595199
-2.0,13.0,4.0,3.0,1.0,-3.0,-3.0,14.0,0.18475487521640982,0.44365035731259683,0.04197910022245133,-0.11184143439941152,0.2001835210862301,-0.0690017668186111
7.0,-7.0,-1.0,-2.0,-3.0,-5.0,1.0,5.0,0.18219302943003252,0.4445716851147775,0.04128997626973263,-0.10347907631245785,0.20479918010097736,-0.0701209645959346
6.0,1.0,-7.0,0.0,-5.0,-1.0,2.0,2.0,0.1788634008413246,0.4420577935547091,0.04096084077693518,-0.09352275531910974,0.20943375772046155,-0.07114925409638358
-5.0,6.0,45.0,1.0,5.0,4.0,-2.0,3.0,0.17546617099738018,0.4370577499504553,0.0410182173718765,-0.0844236286158925,0.2130213430165811,-0.07182187881494943
-17.0,-4.0,-3.0,-2.0,-2.0,-1.0,0.0,-1.0,0.17263305425875272,0.43118530247270487,0.04126998719708641,-0.07885654295386918,0.21448623171432493,-0.07180391482743077
23.0,-14.0,-9.0,-4.0,-5.0,-7.0,-1.0,-1.0,0.17072754322083233,0.42609824029990795,0.04139026920205868,-0.07906013412962082,0.2129944291847703,-0.0708365241109861
-17.0,-3.0,-4.0,-4.0,-3.0,-1.0,-2.0,0.0,0.16976608573431082,0.42288816060847617,0.041087431933781615,-0.08604315330074734,0.20826149671462932,-0.06886504692826502
11.0,9.0,2.0,2.0,3.0,3.0,1.0,-2.0,0.16949482353446652,0.4217221127631726,0.04026538876936514,-0.09901720422106794,0.20076541288227812,-0.06607415380625269
0.0,2.0,5.0,1.0,2.0,-4.0,-1.0,0.0,0.16954532251554635,0.4218633182747028,0.03908527847147003,-0.11542001384848317,0.19172055863175297,-0.06283381345266782
16.0,13.0,0.0,3.0,5.0,4.0,4.0,43.0,0.18600107341452898,0.4393855116413391,0.042816378270515765,-0.11677188784423165,0.19650717446159402,-0.0679200921595199
1.0,-4.0,-1.0,1.0,2.0,2.0,-2.0,-21.0,0.18475487521640982,0.44365035731259683,0.04197910022245133,-0.11184143439941152,0.2001835210862301,-0.0690017668186111
4.0,-9.0,5.0,-1.0,-5.0,-5.0,-1.0,-1.0,0.18219302943003252,0.4445716851147775,0.04128997626973263,-0.10347907631245785,0.20479918010097736,-0.0701209645959346
9.0,0.0,-7.0,0.0,0.0,-1.0,0.0,-1.0,0.1788634008413246,0.4420577935547091,0.04096084077693518,-0.09352275531910974,0.20943375772046155,-0.07114925409638358
-5.0,25.0,2.0,5.0,4.0,4.0,-1.0,24.0,0.17546617099738018,0.4370577499504553,0.0410182173718765,-0.0844236286158925,0.2130213430165811,-0.07182187881494943
7.0,1.0,-1.0,1.0,1.0,0.0,0.0,-16.0,0.17263305425875272,0.43118530247270487,0.04126998719708641,-0.07885654295386918,0.21448623171432493,-0.07180391482743077
-5.0,-7.0,-2.0,-3.0,-5.0,-3.0,1.0,1.0,0.17072754322083233,0.42609824029990795,0.04139026920205868,-0.07906013412962082,0.2129944291847703,-0.0708365241109861
32.0,1.0,-2.0,-2.0,-5.0,-2.0,-10.0,-33.0,0.16976608573431082,0.42288816060847617,0.041087431933781615,-0.08604315330074734,0.20826149671462932,-0.06886504692826502
2.0,1.0,2.0,1.0,3.0,7.0,2.0,20.0,0.16949482353446652,0.4217221127631726,0.04026538876936514,-0.09901720422106794,0.20076541288227812,-0.06607415380625269
5.0,0.0,3.0,0.0,1.0,1.0,1.0,-1.0,0.16954532251554635,0.4218633182747028,0.03908527847147003,-0.11542001384848317,0.19172055863175297,-0.06283381345266782
15.0,11.0,0.0,4.0,5.0,5.0,0.0,4.0,0.18600107341452898,0.4393855116413391,0.042816378270515765,-0.11677188784423165,0.19650717446159402,-0.0679200921595199
10.0,-5.0,-6.0,1.0,-3.0,-2.0,-7.0,-8.0,0.18475487521640982,0.44365035731259683,0.04197910022245133,-0.11184143439941152,0.2001835210862301,-0.0690017668186111
-20.0,-16.0,30.0,-7.0,-6.0,-5.0,-6.0,-13.0,0.18219302943003252,0.4445716851147775,0.04128997626973263,-0.10347907631245785,0.20479918010097736,-0.0701209645959346
12.0,6.0,-13.0,-2.0,-4.0,-2.0,-3.0,40.0,0.1788634008413246,0.4420577935547091,0.04096084077693518,-0.09352275531910974,0.20943375772046155,-0.07114925409638358
-4.0,4.0,-5.0,5.0,6.0,4.0,1.0,-37.0,0.17546617099738018,0.4370577499504553,0.0410182173718765,-0.0844236286158925,0.2130213430165811,-0.07182187881494943
5.0,2.0,1.0,2.0,-1.0,0.0,1.0,7.0,0.17263305425875272,0.43118530247270487,0.04126998719708641,-0.07885654295386918,0.21448623171432493,-0.07180391482743077
4.0,-5.0,2.0,-2.0,-6.0,-1.0,-4.0,-8.0,0.17072754322083233,0.42609824029990795,0.04139026920205868,-0.07906013412962082,0.2129944291847703,-0.0708365241109861
-11.0,-9.0,-7.0,-4.0,-6.0,-1.0,2.0,5.0,0.16976608573431082,0.42288816060847617,0.041087431933781615,-0.08604315330074734,0.20826149671462932,-0.06886504692826502
14.0,13.0,1.0,2.0,6.0,3.0,1.0,0.0,0.16949482353446652,0.4217221127631726,0.04026538876936514,-0.09901720422106794,0.20076541288227812,-0.06607415380625269
-20.0,3.0,3.0,0.0,-3.0,-1.0,0.0,-3.0,0.16954532251554635,0.4218633182747028,0.03908527847147003,-0.11542001384848317,0.19172055863175297,-0.06283381345266782
-18.0,-2.0,-2.0,-3.0,-2.0,0.0,-2.0,-1.0,0.18475487521640982,0.44365035731259683,0.04197910022245133,-0.11184143439941152,0.2001835210862301,-0.0690017668186111
2.0,10.0,5.0,1.0,0.0,3.0,0.0,1.0,0.18219302943003252,0.4445716851147775,0.04128997626973263,-0.10347907631245785,0.20479918010097736,-0.0701209645959346
-7.0,-14.0,-6.0,-3.0,0.0,-2.0,-3.0,-7.0,0.1788634008413246,0.4420577935547091,0.04096084077693518,-0.09352275531910974,0.20943375772046155,-0.07114925409638358
10.0,-7.0,2.0,-3.0,-5.0,-3.0,0.0,1.0,0.17546617099738018,0.4370577499504553,0.0410182173718765,-0.0844236286158925,0.2130213430165811,-0.07182187881494943
2.0,-2.0,1.0,-3.0,-7.0,-2.0,-7.0,-14.0,0.17263305425875272,0.43118530247270487,0.04126998719708641,-0.07885654295386918,0.21448623171432493,-0.07180391482743077
2.0,6.0,-2.0,5.0,8.0,2.0,-2.0,2.0,0.17072754322083233,0.42609824029990795,0.04139026920205868,-0.07906013412962082,0.2129944291847703,-0.0708365241109861
3.0,-2.0,-2.0,-2.0,-1.0,-2.0,-2.0,25.0,0.16976608573431082,0.42288816060847617,0.041087431933781615,-0.08604315330074734,0.20826149671462932,-0.06886504692826502
-17.0,-12.0,-5.0,-5.0,-7.0,-5.0,0.0,-20.0,0.16949482353446652,0.4217221127631726,0.04026538876936514,-0.09901720422106794,0.20076541288227812,-0.06607415380625269
7.0,31.0,0.0,-1.0,-3.0,-2.0,0.0,-14.0,0.16954532251554635,0.4218633182747028,0.03908527847147003,-0.11542001384848317,0.19172055863175297,-0.06283381345266782
-11.0,-14.0,-2.0,-4.0,-5.0,-5.0,-2.0,-1.0,0.18600107341452898,0.4393855116413391,0.042816378270515765,-0.11677188784423165,0.19650717446159402,-0.0679200921595199
4.0,-2.0,-10.0,0.0,-6.0,-1.0,0.0,-3.0,0.18475487521640982,0.44365035731259683,0.04197910022245133,-0.11184143439941152,0.2001835210862301,-0.0690017668186111
10.0,8.0,-5.0,2.0,4.0,4.0,1.0,0.0,0.18219302943003252,0.4445716851147775,0.04128997626973263,-0.10347907631245785,0.20479918010097736,-0.0701209645959346
2.0,1.0,-1.0,-1.0,1.0,-1.0,-4.0,-8.0,0.1788634008413246,0.4420577935547091,0.04096084077693518,-0.09352275531910974,0.20943375772046155,-0.07114925409638358
-13.0,-7.0,-4.0,-1.0,-5.0,-2.0,3.0,10.0,0.17546617099738018,0.4370577499504553,0.0410182173718765,-0.0844236286158925,0.2130213430165811,-0.07182187881494943
11.0,-6.0,-3.0,-4.0,-5.0,-1.0,-4.0,0.0,0.17263305425875272,0.43118530247270487,0.04126998719708641,-0.07885654295386918,0.21448623171432493,-0.07180391482743077
6.0,10.0,-4.0,3.0,7.0,5.0,-2.0,7.0,0.17072754322083233,0.42609824029990795,0.04139026920205868,-0.07906013412962082,0.2129944291847703,-0.0708365241109861
2.0,-1.0,2.0,0.0,2.0,0.0,-6.0,-37.0,0.16976608573431082,0.42288816060847617,0.041087431933781615,-0.08604315330074734,0.20826149671462932,-0.06886504692826502
-16.0,-12.0,4.0,-3.0,-2.0,-6.0,-2.0,11.0,0.16949482353446652,0.4217221127631726,0.04026538876936514,-0.09901720422106794,0.20076541288227812,-0.06607415380625269
-18.0,-2.0,-2.0,-3.0,-2.0,0.0,-2.0,-1.0,0.16954532251554635,0.4218633182747028,0.03908527847147003,-0.11542001384848317,0.19172055863175297,-0.06283381345266782
3.0,-12.0,2.0,-1.0,-5.0,-2.0,4.0,8.0,0.18600107341452898,0.4393855116413391,0.042816378270515765,-0.11677188784423165,0.19650717446159402,-0.0679200921595199
-6.0,-5.0,-4.0,-3.0,-6.0,-3.0,-1.0,-15.0,0.18475487521640982,0.44365035731259683,0.04197910022245133,-0.11184143439941152,0.2001835210862301,-0.0690017668186111
11.0,13.0,0.0,4.0,6.0,3.0,2.0,0.0,0.18219302943003252,0.4445716851147775,0.04128997626973263,-0.10347907631245785,0.20479918010097736,-0.0701209645959346
-7.0,-2.0,4.0,0.0,5.0,3.0,-1.0,0.0,0.1788634008413246,0.4420577935547091,0.04096084077693518,-0.09352275531910974,0.20943375772046155,-0.07114925409638358
2.0,-9.0,3.0,3.0,-4.0,-2.0,-1.0,0.0,0.17546617099738018,0.4370577499504553,0.0410182173718765,-0.0844236286158925,0.2130213430165811,-0.07182187881494943
5.0,-10.0,-16.0,-8.0,-4.0,-3.0,-1.0,3.0,0.17263305425875272,0.43118530247270487,0.04126998719708641,-0.07885654295386918,0.21448623171432493,-0.07180391482743077
4.0,10.0,6.0,1.0,3.0,3.0,-2.0,-1.0,0.17072754322083233,0.42609824029990795,0.04139026920205868,-0.07906013412962082,0.2129944291847703,-0.0708365241109861
2.0,7.0,6.0,2.0,-2.0,2.0,2.0,0.0,0.16976608573431082,0.42288816060847617,0.041087431933781615,-0.08604315330074734,0.20826149671462932,-0.06886504692826502
-1.0,-9.0,-2.0,-4.0,-5.0,-3.0,0.0,-2.0,0.16949482353446652,0.4217221127631726,0.04026538876936514,-0.09901720422106794,0.20076541288227812,-0.06607415380625269
0.0,-3.0,-2.0,-2.0,-4.0,-1.0,1.0,2.0,0.16954532251554635,0.4218633182747028,0.03908527847147003,-0.11542001384848317,0.19172055863175297,-0.06283381345266782
-12.0,6.0,-1.0,-2.0,1.0,5.0,0.0,-10.0,0.18600107341452898,0.4393855116413391,0.042816378270515765,-0.11677188784423165,0.19650717446159402,-0.0679200921595199
8.0,1.0,0.0,5.0,1.0,0.0,1.0,0.0,0.18475487521640982,0.44365035731259683,0.04197910022245133,-0.11184143439941152,0.2001835210862301,-0.0690017668186111
-5.0,-11.0,2.0,-3.0,-4.0,-6.0,-3.0,-7.0,0.18219302943003252,0.4445716851147775,0.04128997626973263,-0.10347907631245785,0.20479918010097736,-0.0701209645959346
-6.0,-13.0,5.0,-4.0,-5.0,-3.0,-2.0,-9.0,0.1788634008413246,0.4420577935547091,0.04096084077693518,-0.09352275531910974,0.20943375772046155,-0.07114925409638358
2.0,9.0,2.0,0.0,2.0,1.0,-3.0,15.0,0.17546617099738018,0.4370577499504553,0.0410182173718765,-0.0844236286158925,0.2130213430165811,-0.07182187881494943
-2.0,3.0,4.0,0.0,0.0,2.0,1.0,-7.0,0.17263305425875272,0.43118530247270487,0.04126998719708641,-0.07885654295386918,0.21448623171432493,-0.07180391482743077
-3.0,-14.0,5.0,-3.0,-5.0,-4.0,-1.0,-4.0,0.17072754322083233,0.42609824029990795,0.04139026920205868,-0.07906013412962082,0.2129944291847703,-0.0708365241109861
-1.0,-7.0,-2.0,-2.0,-3.0,-5.0,2.0,1.0,0.16976608573431082,0.42288816060847617,0.041087431933781615,-0.08604315330074734,0.20826149671462932,-0.06886504692826502
5.0,7.0,-2.0,0.0,3.0,5.0,-1.0,2.0,0.16949482353446652,0.4217221127631726,0.04026538876936514,-0.09901720422106794,0.20076541288227812,-0.06607415380625269
-15.0,3.0,0.0,0.0,3.0,4.0,1.0,-3.0,0.16954532251554635,0.4218633182747028,0.03908527847147003,-0.11542001384848317,0.19172055863175297,-0.06283381345266782
4.0,-9.0,-3.0,-3.0,-4.0,-4.0,-1.0,-1.0,0.18600107341452898,0.4393855116413391,0.042816378270515765,-0.11677188784423165,0.19650717446159402,-0.0679200921595199
5.0,-2.0,-2.0,-2.0,-3.0,-3.0,2.0,3.0,0.18475487521640982,0.44365035731259683,0.04197910022245133,-0.11184143439941152,0.2001835210862301,-0.0690017668186111
12.0,8.0,1.0,5.0,5.0,1.0,-4.0,-5.0,0.18219302943003252,0.4445716851147775,0.04128997626973263,-0.10347907631245785,0.20479918010097736,-0.0701209645959346
-37.0,7.0,-2.0,2.0,2.0,0.0,1.0,-4.0,0.1788634008413246,0.4420577935547091,0.04096084077693518,-0.09352275531910974,0.20943375772046155,-0.07114925409638358
15.0,1.0,1.0,-2.0,-2.0,-5.0,1.0,-9.0,0.17546617099738018,0.4370577499504553,0.0410182173718765,-0.0844236286158925,0.2130213430165811,-0.07182187881494943
0.0,-12.0,-5.0,-2.0,-4.0,-3.0,-3.0,4.0,0.17263305425875272,0.43118530247270487,0.04126998719708641,-0.07885654295386918,0.21448623171432493,-0.07180391482743077
-28.0,10.0,9.0,0.0,1.0,0.0,-2.0,1.0,0.17072754322083233,0.42609824029990795,0.04139026920205868,-0.07906013412962082,0.2129944291847703,-0.0708365241109861
28.0,4.0,-5.0,2.0,2.0,2.0,1.0,9.0,0.16976608573431082,0.42288816060847617,0.041087431933781615,-0.08604315330074734,0.20826149671462932,-0.06886504692826502
-10.0,-16.0,-5.0,-3.0,-4.0,-2.0,-1.0,-16.0,0.16949482353446652,0.4217221127631726,0.04026538876936514,-0.09901720422106794,0.20076541288227812,-0.06607415380625269
4.0,-6.0,-3.0,-4.0,-4.0,1.0,2.0,8.0,0.16954532251554635,0.4218633182747028,0.03908527847147003,-0.11542001384848317,0.19172055863175297,-0.06283381345266782
-1.0,10.0,2.0,-6.0,-6.0,-1.0,-1.0,0.0,0.18475487521640982,0.44365035731259683,0.04197910022245133,-0.11184143439941152,0.2001835210862301,-0.0690017668186111
0.0,7.0,-8.0,1.0,2.0,1.0,-4.0,-36.0,0.18219302943003252,0.4445716851147775,0.04128997626973263,-0.10347907631245785,0.20479918010097736,-0.0701209645959346
-5.0,0.0,1.0,2.0,6.0,0.0,-3.0,3.0,0.1788634008413246,0.4420577935547091,0.04096084077693518,-0.09352275531910974,0.20943375772046155,-0.07114925409638358
-2.0,-16.0,-3.0,-3.0,-5.0,-5.0,2.0,-12.0,0.17546617099738018,0.4370577499504553,0.0410182173718765,-0.0844236286158925,0.2130213430165811,-0.07182187881494943
-4.0,-3.0,1.0,-3.0,-3.0,-3.0,1.0,-1.0,0.17263305425875272,0.43118530247270487,0.04126998719708641,-0.07885654295386918,0.21448623171432493,-0.07180391482743077
2.0,6.0,0.0,1.0,3.0,3.0,-2.0,2.0,0.17072754322083233,0.42609824029990795,0.04139026920205868,-0.07906013412962082,0.2129944291847703,-0.0708365241109861
4.0,7.0,2.0,1.0,1.0,2.0,-3.0,2.0,0.16976608573431082,0.42288816060847617,0.041087431933781615,-0.08604315330074734,0.20826149671462932,-0.06886504692826502
4.0,-9.0,-3.0,-3.0,-4.0,-4.0,-1.0,-1.0,0.16949482353446652,0.4217221127631726,0.04026538876936514,-0.09901720422106794,0.20076541288227812,-0.06607415380625269
5.0,-2.0,-2.0,-2.0,-3.0,-3.0,2.0,3.0,0.16954532251554635,0.4218633182747028,0.03908527847147003,-0.11542001384848317,0.19172055863175297,-0.06283381345266782
4.0,12.0,0.0,0.0,2.0,2.0,-1.0,2.0,0.18600107341452898,0.4393855116413391,0.042816378270515765,-0.11677188784423165,0.19650717446159402,-0.0679200921595199
3.0,-4.0,-3.0,2.0,0.0,0.0,1.0,-2.0,0.18475487521640982,0.44365035731259683,0.04197910022245133,-0.11184143439941152,0.2001835210862301,-0.0690017668186111
0.0,9.0,4.0,-1.0,-2.0,-3.0,-2.0,-4.0,0.18219302943003252,0.4445716851147775,0.04128997626973263,-0.10347907631245785,0.20479918010097736,-0.0701209645959346
-12.0,-17.0,-4.0,-4.0,-3.0,-3.0,-2.0,-1.0,0.1788634008413246,0.4420577935547091,0.04096084077693518,-0.09352275531910974,0.20943375772046155,-0.07114925409638358
-7.0,-4.0,-6.0,-2.0,1.0,1.0,-2.0,-1.0,0.17546617099738018,0.4370577499504553,0.0410182173718765,-0.0844236286158925,0.2130213430165811,-0.07182187881494943
13.0,5.0,-1.0,1.0,5.0,3.0,2.0,-3.0,0.17263305425875272,0.43118530247270487,0.04126998719708641,-0.07885654295386918,0.21448623171432493,-0.07180391482743077
-15.0,-8.0,4.0,-2.0,-3.0,-6.0,-1.0,-14.0,0.17072754322083233,0.42609824029990795,0.04139026920205868,-0.07906013412962082,0.2129944291847703,-0.0708365241109861
11.0,-13.0,-8.0,-4.0,-7.0,-2.0,7.0,70.0,0.16976608573431082,0.42288816060847617,0.041087431933781615,-0.08604315330074734,0.20826149671462932,-0.06886504692826502
8.0,9.0,-3.0,2.0,5.0,5.0,0.0,-13.0,0.16949482353446652,0.4217221127631726,0.04026538876936514,-0.09901720422106794,0.20076541288227812,-0.06607415380625269
-3.0,3.0,-6.0,1.0,3.0,1.0,-1.0,3.0,0.16954532251554635,0.4218633182747028,0.03908527847147003,-0.11542001384848317,0.19172055863175297,-0.06283381345266782
-9.0,-13.0,0.0,-4.0,-5.0,-3.0,-4.0,-5.0,0.18600107341452898,0.4393855116413391,0.042816378270515765,-0.11677188784423165,0.19650717446159402,-0.0679200921595199
4.0,-5.0,-2.0,-3.0,-8.0,-3.0,0.0,-5.0,0.18475487521640982,0.44365035731259683,0.04197910022245133,-0.11184143439941152,0.2001835210862301,-0.0690017668186111
-10.0,3.0,0.0,-2.0,3.0,3.0,-1.0,-3.0,0.18219302943003252,0.4445716851147775,0.04128997626973263,-0.10347907631245785,0.20479918010097736,-0.0701209645959346
3.0,2.0,-1.0,0.0,-1.0,-1.0,-3.0,15.0,0.1788634008413246,0.4420577935547091,0.04096084077693518,-0.09352275531910974,0.20943375772046155,-0.07114925409638358
-5.0,-13.0,-1.0,-4.0,-2.0,-4.0,-3.0,-12.0,0.17546617099738018,0.4370577499504553,0.0410182173718765,-0.0844236286158925,0.2130213430165811,-0.07182187881494943
-4.0,-11.0,0.0,-4.0,-6.0,-1.0,2.0,-2.0,0.17263305425875272,0.43118530247270487,0.04126998719708641,-0.07885654295386918,0.21448623171432493,-0.07180391482743077
0.0,11.0,-1.0,2.0,3.0,2.0,-1.0,-7.0,0.17072754322083233,0.42609824029990795,0.04139026920205868,-0.07906013412962082,0.2129944291847703,-0.0708365241109861
0.0,-5.0,-3.0,0.0,0.0,0.0,-1.0,-2.0,0.16976608573431082,0.42288816060847617,0.041087431933781615,-0.08604315330074734,0.20826149671462932,-0.06886504692826502
1.0,-2.0,-4.0,-5.0,-5.0,-9.0,-1.0,22.0,0.16949482353446652,0.4217221127631726,0.04026538876936514,-0.09901720422106794,0.20076541288227812,-0.06607415380625269
-3.0,-2.0,1.0,-3.0,-3.0,-2.0,2.0,-27.0,0.16954532251554635,0.4218633182747028,0.03908527847147003,-0.11542001384848317,0.19172055863175297,-0.06283381345266782
1.0,9.0,-4.0,1.0,2.0,0.0,1.0,67.0,0.18600107341452898,0.4393855116413391,0.042816378270515765,-0.11677188784423165,0.19650717446159402,-0.0679200921595199
3.0,-3.0,-1.0,2.0,4.0,1.0,1.0,-30.0,0.18475487521640982,0.44365035731259683,0.04197910022245133,-0.11184143439941152,0.2001835210862301,-0.0690017668186111
2.0,-10.0,2.0,-2.0,-4.0,-3.0,-1.0,-3.0,0.18219302943003252,0.4445716851147775,0.04128997626973263,-0.10347907631245785,0.20479918010097736,-0.0701209645959346
2.0,1.0,3.0,-1.0,-7.0,-6.0,-5.0,-9.0,0.1788634008413246,0.4420577935547091,0.04096084077693518,-0.09352275531910974,0.20943375772046155,-0.07114925409638358
19.0,20.0,4.0,2.0,7.0,3.0,3.0,28.0,0.17546617099738018,0.4370577499504553,0.0410182173718765,-0.0844236286158925,0.2130213430165811,-0.07182187881494943
4.0,0.0,0.0,0.0,0.0,1.0,0.0,3.0,0.17263305425875272,0.43118530247270487,0.04126998719708641,-0.07885654295386918,0.21448623171432493,-0.07180391482743077
11.0,-3.0,-2.0,-4.0,-5.0,-4.0,-2.0,2.0,0.17072754322083233,0.42609824029990795,0.04139026920205868,-0.07906013412962082,0.2129944291847703,-0.0708365241109861
-14.0,-18.0,-5.0,-5.0,-6.0,-6.0,-2.0,-2.0,0.16976608573431082,0.42288816060847617,0.041087431933781615,-0.08604315330074734,0.20826149671462932,-0.06886504692826502
0.0,9.0,-1.0,0.0,2.0,3.0,-1.0,-14.0,0.16949482353446652,0.4217221127631726,0.04026538876936514,-0.09901720422106794,0.20076541288227812,-0.06607415380625269
3.0,3.0,3.0,0.0,4.0,3.0,1.0,5.0,0.16954532251554635,0.4218633182747028,0.03908527847147003,-0.11542001384848317,0.19172055863175297,-0.06283381345266782
1.0,-11.0,2.0,1.0,-2.0,-5.0,0.0,-2.0,0.18219302943003252,0.4445716851147775,0.04128997626973263,-0.10347907631245785,0.20479918010097736,-0.0701209645959346
-3.0,-13.0,-2.0,-2.0,-6.0,-1.0,2.0,0.0,0.1788634008413246,0.4420577935547091,0.04096084077693518,-0.09352275531910974,0.20943375772046155,-0.07114925409638358
-9.0,8.0,-3.0,1.0,5.0,2.0,-1.0,2.0,0.17546617099738018,0.4370577499504553,0.0410182173718765,-0.0844236286158925,0.2130213430165811,-0.07182187881494943
-3.0,5.0,1.0,0.0,3.0,-1.0,-1.0,3.0,0.17263305425875272,0.43118530247270487,0.04126998719708641,-0.07885654295386918,0.21448623171432493,-0.07180391482743077
-3.0,-12.0,-2.0,-3.0,-1.0,-2.0,-3.0,-21.0,0.17072754322083233,0.42609824029990795,0.04139026920205868,-0.07906013412962082,0.2129944291847703,-0.0708365241109861
3.0,-8.0,1.0,-4.0,-7.0,-4.0,-1.0,4.0,0.16976608573431082,0.42288816060847617,0.041087431933781615,-0.08604315330074734,0.20826149671462932,-0.06886504692826502
-1.0,8.0,-4.0,5.0,2.0,3.0,-1.0,2.0,0.16949482353446652,0.4217221127631726,0.04026538876936514,-0.09901720422106794,0.20076541288227812,-0.06607415380625269
1.0,3.0,2.0,1.0,0.0,-3.0,1.0,-2.0,0.16954532251554635,0.4218633182747028,0.03908527847147003,-0.11542001384848317,0.19172055863175297,-0.06283381345266782
12.0,-4.0,-8.0,0.0,2.0,-3.0,0.0,18.0,0.18475487521640982,0.44365035731259683,0.04197910022245133,-0.11184143439941152,0.2001835210862301,-0.0690017668186111
0.0,-3.0,-2.0,-3.0,-4.0,-3.0,2.0,-20.0,0.18219302943003252,0.4445716851147775,0.04128997626973263,-0.10347907631245785,0.20479918010097736,-0.0701209645959346
-3.0,-9.0,-5.0,0.0,-6.0,-4.0,-1.0,12.0,0.1788634008413246,0.4420577935547091,0.04096084077693518,-0.09352275531910974,0.20943375772046155,-0.07114925409638358
5.0,9.0,-6.0,-1.0,1.0,1.0,-2.0,-21.0,0.17546617099738018,0.4370577499504553,0.0410182173718765,-0.0844236286158925,0.2130213430165811,-0.07182187881494943
0.0,-1.0,2.0,1.0,3.0,-1.0,0.0,9.0,0.17263305425875272,0.43118530247270487,0.04126998719708641,-0.07885654295386918,0.21448623171432493,-0.07180391482743077
1.0,-11.0,-2.0,-3.0,-1.0,0.0,-3.0,-8.0,0.17072754322083233,0.42609824029990795,0.04139026920205868,-0.07906013412962082,0.2129944291847703,-0.0708365241109861
-21.0,-7.0,-2.0,-5.0,-10.0,-4.0,-5.0,-3.0,0.16976608573431082,0.42288816060847617,0.041087431933781615,-0.08604315330074734,0.20826149671462932,-0.06886504692826502
-1.0,3.0,-5.0,1.0,2.0,2.0,-1.0,-30.0,0.16949482353446652,0.4217221127631726,0.04026538876936514,-0.09901720422106794,0.20076541288227812,-0.06607415380625269
3.0,5.0,2.0,2.0,3.0,2.0,0.0,5.0,0.16954532251554635,0.4218633182747028,0.03908527847147003,-0.11542001384848317,0.19172055863175297,-0.06283381345266782
8.0,9.0,2.0,2.0,0.0,2.0,-3.0,-14.0,0.18600107341452898,0.4393855116413391,0.042816378270515765,-0.11677188784423165,0.19650717446159402,-0.0679200921595199
-8.0,4.0,1.0,0.0,3.0,2.0,2.0,1.0,0.18475487521640982,0.44365035731259683,0.04197910022245133,-0.11184143439941152,0.2001835210862301,-0.0690017668186111
7.0,-1.0,0.0,-1.0,-2.0,-4.0,2.0,12.0,0.18219302943003252,0.4445716851147775,0.04128997626973263,-0.10347907631245785,0.20479918010097736,-0.0701209645959346
0.0,-7.0,-5.0,0.0,-8.0,-3.0,-1.0,-13.0,0.1788634008413246,0.4420577935547091,0.04096084077693518,-0.09352275531910974,0.20943375772046155,-0.07114925409638358
-2.0,7.0,-5.0,2.0,3.0,2.0,1.0,1.0,0.17546617099738018,0.4370577499504553,0.0410182173718765,-0.0844236286158925,0.2130213430165811,-0.07182187881494943
-2.0,3.0,1.0,-2.0,3.0,3.0,-2.0,0.0,0.17263305425875272,0.43118530247270487,0.04126998719708641,-0.07885654295386918,0.21448623171432493,-0.07180391482743077
-1.0,-5.0,1.0,-1.0,-4.0,-2.0,0.0,-3.0,0.17072754322083233,0.42609824029990795,0.04139026920205868,-0.07906013412962082,0.2129944291847703,-0.0708365241109861
1.0,-9.0,-4.0,-3.0,-5.0,-3.0,1.0,4.0,0.16976608573431082,0.42288816060847617,0.041087431933781615,-0.08604315330074734,0.20826149671462932,-0.06886504692826502
2.0,4.0,-1.0,2.0,1.0,5.0,0.0,28.0,0.16949482353446652,0.4217221127631726,0.04026538876936514,-0.09901720422106794,0.20076541288227812,-0.06607415380625269
2.0,-1.0,-3.0,0.0,2.0,-3.0,-4.0,-54.0,0.16954532251554635,0.4218633182747028,0.03908527847147003,-0.11542001384848317,0.19172055863175297,-0.06283381345266782
5.0,-3.0,-2.0,-4.0,-2.0,-4.0,-2.0,-1.0,0.18219302943003252,0.4445716851147775,0.04128997626973263,-0.10347907631245785,0.20479918010097736,-0.0701209645959346
-3.0,-6.0,-3.0,-6.0,-6.0,-4.0,2.0,-2.0,0.1788634008413246,0.4420577935547091,0.04096084077693518,-0.09352275531910974,0.20943375772046155,-0.07114925409638358
2.0,10.0,-1.0,-3.0,1.0,3.0,0.0,4.0,0.17546617099738018,0.4370577499504553,0.0410182173718765,-0.0844236286158925,0.2130213430165811,-0.07182187881494943
-7.0,4.0,-1.0,0.0,2.0,0.0,1.0,-5.0,0.17263305425875272,0.43118530247270487,0.04126998719708641,-0.07885654295386918,0.21448623171432493,-0.07180391482743077
4.0,-4.0,1.0,-2.0,-3.0,-3.0,4.0,-2.0,0.17072754322083233,0.42609824029990795,0.04139026920205868,-0.07906013412962082,0.2129944291847703,-0.0708365241109861
-2.0,-9.0,-1.0,-3.0,-8.0,-2.0,-1.0,-1.0,0.16976608573431082,0.42288816060847617,0.041087431933781615,-0.08604315330074734,0.20826149671462932,-0.06886504692826502
6.0,9.0,-3.0,0.0,3.0,2.0,-2.0,4.0,0.16949482353446652,0.4217221127631726,0.04026538876936514,-0.09901720422106794,0.20076541288227812,-0.06607415380625269
-3.0,9.0,-1.0,-2.0,0.0,-1.0,2.0,1.0,0.16954532251554635,0.4218633182747028,0.03908527847147003,-0.11542001384848317,0.19172055863175297,-0.06283381345266782
0.0,-6.0,-1.0,-2.0,-3.0,-5.0,0.0,-1.0,0.18600107341452898,0.4393855116413391,0.042816378270515765,-0.11677188784423165,0.19650717446159402,-0.0679200921595199
-1.0,-9.0,-3.0,-5.0,-5.0,-5.0,-2.0,2.0,0.18475487521640982,0.44365035731259683,0.04197910022245133,-0.11184143439941152,0.2001835210862301,-0.0690017668186111
-1.0,4.0,-1.0,0.0,3.0,2.0,-2.0,-2.0,0.18219302943003252,0.4445716851147775,0.04128997626973263,-0.10347907631245785,0.20479918010097736,-0.0701209645959346
2.0,6.0,0.0,4.0,4.0,2.0,0.0,-2.0,0.1788634008413246,0.4420577935547091,0.04096084077693518,-0.09352275531910974,0.20943375772046155,-0.07114925409638358
-4.0,-5.0,0.0,-1.0,0.0,-3.0,0.0,-6.0,0.17546617099738018,0.4370577499504553,0.0410182173718765,-0.0844236286158925,0.2130213430165811,-0.07182187881494943
6.0,-7.0,-4.0,-6.0,-4.0,0.0,4.0,-4.0,0.17263305425875272,0.43118530247270487,0.04126998719708641,-0.07885654295386918,0.21448623171432493,-0.07180391482743077
3.0,7.0,-6.0,1.0,1.0,0.0,-2.0,10.0,0.17072754322083233,0.42609824029990795,0.04139026920205868,-0.07906013412962082,0.2129944291847703,-0.0708365241109861
-18.0,23.0,2.0,2.0,3.0,0.0,0.0,11.0,0.16976608573431082,0.42288816060847617,0.041087431933781615,-0.08604315330074734,0.20826149671462932,-0.06886504692826502
0.0,-7.0,-2.0,-1.0,-3.0,-2.0,-2.0,-12.0,0.16949482353446652,0.4217221127631726,0.04026538876936514,-0.09901720422106794,0.20076541288227812,-0.06607415380625269
-10.0,-4.0,-4.0,-1.0,-6.0,-5.0,-9.0,-13.0,0.16954532251554635,0.4218633182747028,0.03908527847147003,-0.11542001384848317,0.19172055863175297,-0.06283381345266782
-31.0,-1.0,-4.0,0.0,3.0,-1.0,-3.0,-17.0,0.18600107341452898,0.4393855116413391,0.042816378270515765,-0.11677188784423165,0.19650717446159402,-0.0679200921595199
-3.0,2.0,-1.0,4.0,3.0,2.0,2.0,26.0,0.18475487521640982,0.44365035731259683,0.04197910022245133,-0.11184143439941152,0.2001835210862301,-0.0690017668186111
6.0,-7.0,-3.0,0.0,-3.0,-2.0,-1.0,1.0,0.18219302943003252,0.4445716851147775,0.04128997626973263,-0.10347907631245785,0.20479918010097736,-0.0701209645959346
2.0,-6.0,-2.0,-4.0,-6.0,-1.0,-5.0,-2.0,0.1788634008413246,0.4420577935547091,0.04096084077693518,-0.09352275531910974,0.20943375772046155,-0.07114925409638358
5.0,8.0,2.0,0.0,1.0,3.0,-1.0,2.0,0.17546617099738018,0.4370577499504553,0.0410182173718765,-0.0844236286158925,0.2130213430165811,-0.07182187881494943
-1.0,8.0,1.0,2.0,1.0,0.0,0.0,4.0,0.17263305425875272,0.43118530247270487,0.04126998719708641,-0.07885654295386918,0.21448623171432493,-0.07180391482743077
-6.0,-11.0,-7.0,-4.0,-1.0,-2.0,0.0,-2.0,0.17072754322083233,0.42609824029990795,0.04139026920205868,-0.07906013412962082,0.2129944291847703,-0.0708365241109861
5.0,-2.0,-3.0,-1.0,-5.0,-3.0,1.0,0.0,0.16976608573431082,0.42288816060847617,0.041087431933781615,-0.08604315330074734,0.20826149671462932,-0.06886504692826502
-12.0,-1.0,-4.0,0.0,0.0,1.0,-1.0,-6.0,0.16949482353446652,0.4217221127631726,0.04026538876936514,-0.09901720422106794,0.20076541288227812,-0.06607415380625269
-1.0,4.0,1.0,1.0,2.0,2.0,-2.0,-1.0,0.16954532251554635,0.4218633182747028,0.03908527847147003,-0.11542001384848317,0.19172055863175297,-0.06283381345266782
-2.0,-1.0,3.0,-3.0,-3.0,-3.0,-1.0,-6.0,0.18600107341452898,0.4393855116413391,0.042816378270515765,-0.11677188784423165,0.19650717446159402,-0.0679200921595199
-12.0,-8.0,-1.0,-3.0,-4.0,-2.0,-1.0,-9.0,0.18475487521640982,0.44365035731259683,0.04197910022245133,-0.11184143439941152,0.2001835210862301,-0.0690017668186111
6.0,10.0,1.0,0.0,1.0,6.0,-1.0,-1.0,0.18219302943003252,0.4445716851147775,0.04128997626973263,-0.10347907631245785,0.20479918010097736,-0.0701209645959346
6.0,7.0,3.0,4.0,2.0,1.0,1.0,16.0,0.1788634008413246,0.4420577935547091,0.04096084077693518,-0.09352275531910974,0.20943375772046155,-0.07114925409638358
-1.0,-21.0,-4.0,-2.0,-3.0,-3.0,-2.0,-23.0,0.17546617099738018,0.4370577499504553,0.0410182173718765,-0.0844236286158925,0.2130213430165811,-0.07182187881494943
-32.0,-16.0,-5.0,-6.0,-7.0,-5.0,-1.0,-1.0,0.17263305425875272,0.43118530247270487,0.04126998719708641,-0.07885654295386918,0.21448623171432493,-0.07180391482743077
12.0,2.0,2.0,0.0,3.0,3.0,-2.0,27.0,0.17072754322083233,0.42609824029990795,0.04139026920205868,-0.07906013412962082,0.2129944291847703,-0.0708365241109861
5.0,7.0,2.0,3.0,2.0,1.0,-1.0,-9.0,0.16976608573431082,0.42288816060847617,0.041087431933781615,-0.08604315330074734,0.20826149671462932,-0.06886504692826502
3.0,-4.0,2.0,-3.0,0.0,-4.0,0.0,5.0,0.16949482353446652,0.4217221127631726,0.04026538876936514,-0.09901720422106794,0.20076541288227812,-0.06607415380625269
3.0,-15.0,-3.0,-2.0,-5.0,-7.0,-2.0,4.0,0.16954532251554635,0.4218633182747028,0.03908527847147003,-0.11542001384848317,0.19172055863175297,-0.06283381345266782
13.0,-4.0,0.0,0.0,-3.0,-2.0,3.0,46.0,0.18600107341452898,0.4393855116413391,0.042816378270515765,-0.11677188784423165,0.19650717446159402,-0.0679200921595199
-2.0,-4.0,-4.0,-4.0,-3.0,-2.0,-1.0,-8.0,0.18475487521640982,0.44365035731259683,0.04197910022245133,-0.11184143439941152,0.2001835210862301,-0.0690017668186111
4.0,6.0,-1.0,2.0,1.0,2.0,-2.0,-3.0,0.18219302943003252,0.4445716851147775,0.04128997626973263,-0.10347907631245785,0.20479918010097736,-0.0701209645959346
9.0,7.0,2.0,2.0,3.0,3.0,-4.0,1.0,0.1788634008413246,0.4420577935547091,0.04096084077693518,-0.09352275531910974,0.20943375772046155,-0.07114925409638358
7.0,-4.0,4.0,3.0,0.0,-2.0,-3.0,-2.0,0.17546617099738018,0.4370577499504553,0.0410182173718765,-0.0844236286158925,0.2130213430165811,-0.07182187881494943
-38.0,-14.0,-3.0,-6.0,-2.0,-5.0,-2.0,-2.0,0.17263305425875272,0.43118530247270487,0.04126998719708641,-0.07885654295386918,0.21448623171432493,-0.07180391482743077
2.0,2.0,-3.0,-2.0,-3.0,0.0,0.0,-1.0,0.17072754322083233,0.42609824029990795,0.04139026920205868,-0.07906013412962082,0.2129944291847703,-0.0708365241109861
1.0,3.0,-1.0,2.0,1.0,4.0,0.0,-1.0,0.16976608573431082,0.42288816060847617,0.041087431933781615,-0.08604315330074734,0.20826149671462932,-0.06886504692826502
5.0,-4.0,1.0,-1.0,-3.0,-3.0,-4.0,1.0,0.16949482353446652,0.4217221127631726,0.04026538876936514,-0.09901720422106794,0.20076541288227812,-0.06607415380625269
-2.0,-9.0,-4.0,-5.0,-7.0,-3.0,4.0,-15.0,0.16954532251554635,0.4218633182747028,0.03908527847147003,-0.11542001384848317,0.19172055863175297,-0.06283381345266782
-12.0,3.0,0.0,1.0,-1.0,-1.0,-4.0,-1.0,0.18600107341452898,0.4393855116413391,0.042816378270515765,-0.11677188784423165,0.19650717446159402,-0.0679200921595199
-7.0,-10.0,-5.0,-5.0,-4.0,-2.0,-1.0,-3.0,0.18475487521640982,0.44365035731259683,0.04197910022245133,-0.11184143439941152,0.2001835210862301,-0.0690017668186111
3.0,6.0,-4.0,-3.0,-1.0,2.0,-2.0,4.0,0.18219302943003252,0.4445716851147775,0.04128997626973263,-0.10347907631245785,0.20479918010097736,-0.0701209645959346
3.0,6.0,2.0,5.0,2.0,-1.0,-1.0,1.0,0.1788634008413246,0.4420577935547091,0.04096084077693518,-0.09352275531910974,0.20943375772046155,-0.07114925409638358
-2.0,-2.0,2.0,-1.0,-1.0,-5.0,-3.0,-1.0,0.17546617099738018,0.4370577499504553,0.0410182173718765,-0.0844236286158925,0.2130213430165811,-0.07182187881494943
0.0,-14.0,-7.0,-4.0,-6.0,-5.0,1.0,-5.0,0.17263305425875272,0.43118530247270487,0.04126998719708641,-0.07885654295386918,0.21448623171432493,-0.07180391482743077
2.0,6.0,1.0,-3.0,-4.0,2.0,-3.0,1.0,0.17072754322083233,0.42609824029990795,0.04139026920205868,-0.07906013412962082,0.2129944291847703,-0.0708365241109861
4.0,7.0,0.0,2.0,5.0,1.0,-1.0,1.0,0.16976608573431082,0.42288816060847617,0.041087431933781615,-0.08604315330074734,0.20826149671462932,-0.06886504692826502
8.0,-1.0,1.0,-1.0,-1.0,1.0,-1.0,3.0,0.16949482353446652,0.4217221127631726,0.04026538876936514,-0.09901720422106794,0.20076541288227812,-0.06607415380625269
-4.0,-11.0,-2.0,-6.0,-7.0,-4.0,-1.0,-5.0,0.16954532251554635,0.4218633182747028,0.03908527847147003,-0.11542001384848317,0.19172055863175297,-0.06283381345266782
-10.0,4.0,2.0,-2.0,0.0,-1.0,-1.0,-32.0,0.18600107341452898,0.4393855116413391,0.042816378270515765,-0.11677188784423165,0.19650717446159402,-0.0679200921595199
8.0,8.0,0.0,4.0,2.0,3.0,1.0,11.0,0.18475487521640982,0.44365035731259683,0.04197910022245133,-0.11184143439941152,0.2001835210862301,-0.0690017668186111
2.0,-4.0,1.0,-3.0,-2.0,-2.0,-3.0,1.0,0.18219302943003252,0.4445716851147775,0.04128997626973263,-0.10347907631245785,0.20479918010097736,-0.0701209645959346
10.0,-1.0,-1.0,-3.0,-5.0,-3.0,-3.0,-1.0,0.1788634008413246,0.4420577935547091,0.04096084077693518,-0.09352275531910974,0.20943375772046155,-0.07114925409638358
6.0,5.0,-2.0,-3.0,-1.0,-1.0,0.0,1.0,0.17546617099738018,0.4370577499504553,0.0410182173718765,-0.0844236286158925,0.2130213430165811,-0.07182187881494943
-7.0,1.0,-1.0,4.0,2.0,4.0,0.0,1.0,0.17263305425875272,0.43118530247270487,0.04126998719708641,-0.07885654295386918,0.21448623171432493,-0.07180391482743077
-45.0,-4.0,-2.0,1.0,0.0,-5.0,-3.0,-4.0,0.17072754322083233,0.42609824029990795,0.04139026920205868,-0.07906013412962082,0.2129944291847703,-0.0708365241109861
23.0,-8.0,-1.0,-3.0,-6.0,-2.0,-3.0,0.0,0.16976608573431082,0.42288816060847617,0.041087431933781615,-0.08604315330074734,0.20826149671462932,-0.06886504692826502
6.0,1.0,-2.0,-1.0,-2.0,5.0,0.0,4.0,0.16949482353446652,0.4217221127631726,0.04026538876936514,-0.09901720422106794,0.20076541288227812,-0.06607415380625269
1.0,24.0,7.0,2.0,2.0,5.0,-2.0,3.0,0.16954532251554635,0.4218633182747028,0.03908527847147003,-0.11542001384848317,0.19172055863175297,-0.06283381345266782
-1.0,-1.0,1.0,-1.0,2.0,0.0,0.0,-3.0,0.18219302943003252,0.4445716851147775,0.04128997626973263,-0.10347907631245785,0.20479918010097736,-0.0701209645959346
-2.0,-10.0,-1.0,-4.0,-3.0,-2.0,-1.0,-4.0,0.1788634008413246,0.4420577935547091,0.04096084077693518,-0.09352275531910974,0.20943375772046155,-0.07114925409638358
-32.0,-10.0,-3.0,-3.0,0.0,1.0,-3.0,-3.0,0.17546617099738018,0.4370577499504553,0.0410182173718765,-0.0844236286158925,0.2130213430165811,-0.07182187881494943
12.0,8.0,1.0,5.0,4.0,5.0,-3.0,0.0,0.17263305425875272,0.43118530247270487,0.04126998719708641,-0.07885654295386918,0.21448623171432493,-0.07180391482743077
-5.0,-1.0,0.0,-5.0,-2.0,-7.0,-6.0,11.0,0.17072754322083233,0.42609824029990795,0.04139026920205868,-0.07906013412962082,0.2129944291847703,-0.0708365241109861
0.0,1.0,1.0,-1.0,-3.0,-2.0,-1.0,2.0,0.16976608573431082,0.42288816060847617,0.041087431933781615,-0.08604315330074734,0.20826149671462932,-0.06886504692826502
-2.0,-1.0,-4.0,0.0,-1.0,3.0,0.0,0.0,0.16949482353446652,0.4217221127631726,0.04026538876936514,-0.09901720422106794,0.20076541288227812,-0.06607415380625269
2.0,10.0,-3.0,2.0,4.0,0.0,-3.0,4.0,0.16954532251554635,0.4218633182747028,0.03908527847147003,-0.11542001384848317,0.19172055863175297,-0.06283381345266782
-5.0,-2.0,4.0,-3.0,-3.0,-5.0,-3.0,-18.0,0.18600107341452898,0.4393855116413391,0.042816378270515765,-0.11677188784423165,0.19650717446159402,-0.0679200921595199
-10.0,-28.0,-8.0,-5.0,-7.0,-1.0,0.0,8.0,0.18475487521640982,0.44365035731259683,0.04197910022245133,-0.11184143439941152,0.2001835210862301,-0.0690017668186111
8.0,2.0,-4.0,-1.0,-2.0,0.0,0.0,3.0,0.18219302943003252,0.4445716851147775,0.04128997626973263,-0.10347907631245785,0.20479918010097736,-0.0701209645959346
-13.0,2.0,0.0,1.0,0.0,1.0,-8.0,-29.0,0.1788634008413246,0.4420577935547091,0.04096084077693518,-0.09352275531910974,0.20943375772046155,-0.07114925409638358
-7.0,-4.0,3.0,2.0,0.0,-1.0,1.0,16.0,0.17546617099738018,0.4370577499504553,0.0410182173718765,-0.0844236286158925,0.2130213430165811,-0.07182187881494943
-1.0,-10.0,1.0,-5.0,-3.0,-7.0,0.0,-1.0,0.17263305425875272,0.43118530247270487,0.04126998719708641,-0.07885654295386918,0.21448623171432493,-0.07180391482743077
-25.0,2.0,0.0,-4.0,-1.0,0.0,1.0,2.0,0.17072754322083233,0.42609824029990795,0.04139026920205868,-0.07906013412962082,0.2129944291847703,-0.0708365241109861
8.0,7.0,-3.0,2.0,3.0,1.0,1.0,0.0,0.16976608573431082,0.42288816060847617,0.041087431933781615,-0.08604315330074734,0.20826149671462932,-0.06886504692826502
-1.0,-1.0,1.0,-1.0,2.0,0.0,0.0,-3.0,0.16949482353446652,0.4217221127631726,0.04026538876936514,-0.09901720422106794,0.20076541288227812,-0.06607415380625269
-2.0,-10.0,-1.0,-4.0,-3.0,-2.0,-1.0,-4.0,0.16954532251554635,0.4218633182747028,0.03908527847147003,-0.11542001384848317,0.19172055863175297,-0.06283381345266782
6.0,11.0,2.0,1.0,4.0,2.0,-2.0,1.0,0.18475487521640982,0.44365035731259683,0.04197910022245133,-0.11184143439941152,0.2001835210862301,-0.0690017668186111
5.0,3.0,-2.0,0.0,-4.0,-1.0,-1.0,-2.0,0.18219302943003252,0.4445716851147775,0.04128997626973263,-0.10347907631245785,0.20479918010097736,-0.0701209645959346
-28.0,-25.0,-7.0,-4.0,-7.0,-6.0,-2.0,-6.0,0.1788634008413246,0.4420577935547091,0.04096084077693518,-0.09352275531910974,0.20943375772046155,-0.07114925409638358
-7.0,2.0,-4.0,-3.0,-4.0,0.0,-1.0,-4.0,0.17546617099738018,0.4370577499504553,0.0410182173718765,-0.0844236286158925,0.2130213430165811,-0.07182187881494943
-20.0,3.0,4.0,4.0,4.0,4.0,-1.0,-4.0,0.17263305425875272,0.43118530247270487,0.04126998719708641,-0.07885654295386918,0.21448623171432493,-0.07180391482743077
12.0,0.0,2.0,1.0,-1.0,-1.0,0.0,14.0,0.17072754322083233,0.42609824029990795,0.04139026920205868,-0.07906013412962082,0.2129944291847703,-0.0708365241109861
4.0,-12.0,-3.0,-4.0,-4.0,-2.0,4.0,-8.0,0.16976608573431082,0.42288816060847617,0.041087431933781615,-0.08604315330074734,0.20826149671462932,-0.06886504692826502
-3.0,4.0,-4.0,-2.0,0.0,0.0,-1.0,0.0,0.16949482353446652,0.4217221127631726,0.04026538876936514,-0.09901720422106794,0.20076541288227812,-0.06607415380625269
6.0,16.0,-1.0,0.0,3.0,4.0,-3.0,1.0,0.16954532251554635,0.4218633182747028,0.03908527847147003,-0.11542001384848317,0.19172055863175297,-0.06283381345266782
0.0,-3.0,-3.0,-5.0,-6.0,-6.0,-3.0,0.0,0.18475487521640982,0.44365035731259683,0.04197910022245133,-0.11184143439941152,0.2001835210862301,-0.0690017668186111
0.0,-3.0,-7.0,-1.0,-5.0,-2.0,-4.0,1.0,0.18219302943003252,0.4445716851147775,0.04128997626973263,-0.10347907631245785,0.20479918010097736,-0.0701209645959346
-6.0,8.0,2.0,0.0,5.0,3.0,2.0,1.0,0.1788634008413246,0.4420577935547091,0.04096084077693518,-0.09352275531910974,0.20943375772046155,-0.07114925409638358
3.0,-1.0,2.0,2.0,-2.0,-3.0,0.0,1.0,0.17546617099738018,0.4370577499504553,0.0410182173718765,-0.0844236286158925,0.2130213430165811,-0.07182187881494943
4.0,-6.0,-3.0,-5.0,-5.0,-6.0,-1.0,0.0,0.17263305425875272,0.43118530247270487,0.04126998719708641,-0.07885654295386918,0.21448623171432493,-0.07180391482743077
-20.0,-1.0,-6.0,0.0,-5.0,-2.0,-7.0,-17.0,0.17072754322083233,0.42609824029990795,0.04139026920205868,-0.07906013412962082,0.2129944291847703,-0.0708365241109861
4.0,-3.0,-4.0,-2.0,2.0,2.0,-7.0,-54.0,0.16976608573431082,0.42288816060847617,0.041087431933781615,-0.08604315330074734,0.20826149671462932,-0.06886504692826502
4.0,12.0,4.0,1.0,0.0,-3.0,-1.0,42.0,0.16949482353446652,0.4217221127631726,0.04026538876936514,-0.09901720422106794,0.20076541288227812,-0.06607415380625269
-1.0,-14.0,-1.0,-2.0,-2.0,-3.0,-1.0,-6.0,0.16954532251554635,0.4218633182747028,0.03908527847147003,-0.11542001384848317,0.19172055863175297,-0.06283381345266782
0.0,-1.0,-3.0,1.0,-2.0,2.0,5.0,-7.0,0.18219302943003252,0.4445716851147775,0.04128997626973263,-0.10347907631245785,0.20479918010097736,-0.0701209645959346
3.0,10.0,0.0,-1.0,6.0,1.0,1.0,3.0,0.1788634008413246,0.4420577935547091,0.04096084077693518,-0.09352275531910974,0.20943375772046155,-0.07114925409638358
5.0,-2.0,-3.0,-2.0,0.0,0.0,-2.0,-5.0,0.17546617099738018,0.4370577499504553,0.0410182173718765,-0.0844236286158925,0.2130213430165811,-0.07182187881494943
7.0,-6.0,-1.0,-3.0,-7.0,-3.0,0.0,1.0,0.17263305425875272,0.43118530247270487,0.04126998719708641,-0.07885654295386918,0.21448623171432493,-0.07180391482743077
4.0,2.0,-2.0,-4.0,-2.0,-1.0,-2.0,1.0,0.17072754322083233,0.42609824029990795,0.04139026920205868,-0.07906013412962082,0.2129944291847703,-0.0708365241109861
-70.0,4.0,2.0,2.0,3.0,2.0,-2.0,-6.0,0.16976608573431082,0.42288816060847617,0.041087431933781615,-0.08604315330074734,0.20826149671462932,-0.06886504692826502
19.0,2.0,-7.0,2.0,1.0,-1.0,2.0,-1.0,0.16949482353446652,0.4217221127631726,0.04026538876936514,-0.09901720422106794,0.20076541288227812,-0.06607415380625269
3.0,-2.0,3.0,-2.0,-4.0,-4.0,-1.0,1.0,0.16954532251554635,0.4218633182747028,0.03908527847147003,-0.11542001384848317,0.19172055863175297,-0.06283381345266782
0.0,4.0,-4.0,4.0,5.0,5.0,-1.0,0.0,0.18475487521640982,0.44365035731259683,0.04197910022245133,-0.11184143439941152,0.2001835210862301,-0.0690017668186111
-9.0,-1.0,-1.0,0.0,3.0,-3.0,-1.0,-4.0,0.18219302943003252,0.4445716851147775,0.04128997626973263,-0.10347907631245785,0.20479918010097736,-0.0701209645959346
5.0,-10.0,-4.0,-5.0,-6.0,-5.0,2.0,0.0,0.1788634008413246,0.4420577935547091,0.04096084077693518,-0.09352275531910974,0.20943375772046155,-0.07114925409638358
3.0,1.0,-1.0,-1.0,0.0,-1.0,1.0,-3.0,0.17546617099738018,0.4370577499504553,0.0410182173718765,-0.0844236286158925,0.2130213430165811,-0.07182187881494943
8.0,8.0,0.0,2.0,2.0,0.0,-1.0,-1.0,0.17263305425875272,0.43118530247270487,0.04126998719708641,-0.07885654295386918,0.21448623171432493,-0.07180391482743077
-15.0,-9.0,-1.0,-2.0,-3.0,-1.0,-1.0,4.0,0.17072754322083233,0.42609824029990795,0.04139026920205868,-0.07906013412962082,0.2129944291847703,-0.0708365241109861
-30.0,-25.0,-6.0,-6.0,-9.0,-6.0,-5.0,-17.0,0.16976608573431082,0.42288816060847617,0.041087431933781615,-0.08604315330074734,0.20826149671462932,-0.06886504692826502
19.0,4.0,-6.0,-1.0,-2.0,-1.0,1.0,-8.0,0.16949482353446652,0.4217221127631726,0.04026538876936514,-0.09901720422106794,0.20076541288227812,-0.06607415380625269
3.0,17.0,0.0,2.0,4.0,2.0,-10.0,-62.0,0.16954532251554635,0.4218633182747028,0.03908527847147003,-0.11542001384848317,0.19172055863175297,-0.06283381345266782
0.0,0.0,0.0,0.0,-1.0,-2.0,-4.0,-8.0,0.18600107341452898,0.4393855116413391,0.042816378270515765,-0.11677188784423165,0.19650717446159402,-0.0679200921595199
3.0,-7.0,-2.0,-3.0,-7.0,-4.0,-4.0,-3.0,0.18475487521640982,0.44365035731259683,0.04197910022245133,-0.11184143439941152,0.2001835210862301,-0.0690017668186111
0.0,3.0,2.0,-5.0,-1.0,0.0,-2.0,5.0,0.18219302943003252,0.4445716851147775,0.04128997626973263,-0.10347907631245785,0.20479918010097736,-0.0701209645959346
-17.0,2.0,-2.0,1.0,5.0,2.0,2.0,-1.0,0.1788634008413246,0.4420577935547091,0.04096084077693518,-0.09352275531910974,0.20943375772046155,-0.07114925409638358
11.0,3.0,-2.0,-1.0,3.0,-1.0,3.0,4.0,0.17546617099738018,0.4370577499504553,0.0410182173718765,-0.0844236286158925,0.2130213430165811,-0.07182187881494943
-41.0,-6.0,2.0,-4.0,-7.0,-6.0,-3.0,-11.0,0.17263305425875272,0.43118530247270487,0.04126998719708641,-0.07885654295386918,0.21448623171432493,-0.07180391482743077
6.0,-11.0,-4.0,1.0,-2.0,1.0,1.0,0.0,0.17072754322083233,0.42609824029990795,0.04139026920205868,-0.07906013412962082,0.2129944291847703,-0.0708365241109861
2.0,3.0,1.0,2.0,5.0,1.0,0.0,-1.0,0.16976608573431082,0.42288816060847617,0.041087431933781615,-0.08604315330074734,0.20826149671462932,-0.06886504692826502
0.0,0.0,0.0,0.0,0.0,-1.0,-3.0,0.0,0.16949482353446652,0.4217221127631726,0.04026538876936514,-0.09901720422106794,0.20076541288227812,-0.06607415380625269
-3.0,-10.0,0.0,-1.0,-4.0,-4.0,0.0,-3.0,0.16954532251554635,0.4218633182747028,0.03908527847147003,-0.11542001384848317,0.19172055863175297,-0.06283381345266782
6.0,-9.0,-6.0,-4.0,-2.0,-1.0,-4.0,2.0,0.18600107341452898,0.4393855116413391,0.042816378270515765,-0.11677188784423165,0.19650717446159402,-0.0679200921595199
-36.0,5.0,0.0,3.0,3.0,3.0,-1.0,-4.0,0.18475487521640982,0.44365035731259683,0.04197910022245133,-0.11184143439941152,0.2001835210862301,-0.0690017668186111
11.0,6.0,2.0,5.0,-1.0,-3.0,1.0,1.0,0.18219302943003252,0.4445716851147775,0.04128997626973263,-0.10347907631245785,0.20479918010097736,-0.0701209645959346
-1.0,-8.0,-2.0,-3.0,-6.0,-4.0,-3.0,-1.0,0.1788634008413246,0.4420577935547091,0.04096084077693518,-0.09352275531910974,0.20943375772046155,-0.07114925409638358
-21.0,-2.0,-4.0,0.0,-3.0,-2.0,-3.0,2.0,0.17546617099738018,0.4370577499504553,0.0410182173718765,-0.0844236286158925,0.2130213430165811,-0.07182187881494943
13.0,0.0,-3.0,2.0,4.0,5.0,-4.0,2.0,0.17263305425875272,0.43118530247270487,0.04126998719708641,-0.07885654295386918,0.21448623171432493,-0.07180391482743077
-8.0,6.0,1.0,-1.0,-1.0,0.0,0.0,-1.0,0.17072754322083233,0.42609824029990795,0.04139026920205868,-0.07906013412962082,0.2129944291847703,-0.0708365241109861
10.0,-7.0,-2.0,-4.0,-8.0,-5.0,-5.0,-5.0,0.16976608573431082,0.42288816060847617,0.041087431933781615,-0.08604315330074734,0.20826149671462932,-0.06886504692826502
-2.0,-6.0,-3.0,-4.0,-2.0,0.0,1.0,-2.0,0.16949482353446652,0.4217221127631726,0.04026538876936514,-0.09901720422106794,0.20076541288227812,-0.06607415380625269
8.0,10.0,0.0,3.0,3.0,5.0,1.0,11.0,0.16954532251554635,0.4218633182747028,0.03908527847147003,-0.11542001384848317,0.19172055863175297,-0.06283381345266782
-9.0,-4.0,-4.0,-2.0,-4.0,-1.0,-4.0,13.0,0.18600107341452898,0.4393855116413391,0.042816378270515765,-0.11677188784423165,0.19650717446159402,-0.0679200921595199
0.0,8.0,0.0,2.0,5.0,3.0,-1.0,19.0,0.18475487521640982,0.44365035731259683,0.04197910022245133,-0.11184143439941152,0.2001835210862301,-0.0690017668186111
-5.0,-7.0,-3.0,3.0,5.0,0.0,-1.0,-7.0,0.18219302943003252,0.4445716851147775,0.04128997626973263,-0.10347907631245785,0.20479918010097736,-0.0701209645959346
3.0,-4.0,-1.0,-4.0,-6.0,-5.0,1.0,-3.0,0.1788634008413246,0.4420577935547091,0.04096084077693518,-0.09352275531910974,0.20943375772046155,-0.07114925409638358
-1.0,-6.0,-2.0,0.0,-5.0,-2.0,-2.0,3.0,0.17546617099738018,0.4370577499504553,0.0410182173718765,-0.0844236286158925,0.2130213430165811,-0.07182187881494943
4.0,19.0,0.0,2.0,4.0,5.0,-1.0,1.0,0.17263305425875272,0.43118530247270487,0.04126998719708641,-0.07885654295386918,0.21448623171432493,-0.07180391482743077
0.0,3.0,0.0,0.0,0.0,0.0,-3.0,-1.0,0.17072754322083233,0.42609824029990795,0.04139026920205868,-0.07906013412962082,0.2129944291847703,-0.0708365241109861
0.0,-9.0,1.0,-3.0,-4.0,-2.0,0.0,-4.0,0.16976608573431082,0.42288816060847617,0.041087431933781615,-0.08604315330074734,0.20826149671462932,-0.06886504692826502
-4.0,-2.0,-3.0,-1.0,0.0,0.0,-1.0,-2.0,0.16949482353446652,0.4217221127631726,0.04026538876936514,-0.09901720422106794,0.20076541288227812,-0.06607415380625269
-9.0,9.0,2.0,1.0,5.0,2.0,2.0,0.0,0.16954532251554635,0.4218633182747028,0.03908527847147003,-0.11542001384848317,0.19172055863175297,-0.06283381345266782
2.0,-6.0,-7.0,-8.0,-6.0,-6.0,0.0,2.0,0.18600107341452898,0.4393855116413391,0.042816378270515765,-0.11677188784423165,0.19650717446159402,-0.0679200921595199
-12.0,14.0,0.0,2.0,4.0,4.0,0.0,-2.0,0.18475487521640982,0.44365035731259683,0.04197910022245133,-0.11184143439941152,0.2001835210862301,-0.0690017668186111
-10.0,-8.0,0.0,0.0,2.0,0.0,-1.0,0.0,0.18219302943003252,0.4445716851147775,0.04128997626973263,-0.10347907631245785,0.20479918010097736,-0.0701209645959346
15.0,-12.0,-3.0,-3.0,-3.0,-1.0,0.0,-2.0,0.1788634008413246,0.4420577935547091,0.04096084077693518,-0.09352275531910974,0.20943375772046155,-0.07114925409638358
10.0,-4.0,-4.0,-4.0,-4.0,1.0,2.0,-3.0,0.17546617099738018,0.4370577499504553,0.0410182173718765,-0.0844236286158925,0.2130213430165811,-0.07182187881494943
-7.0,3.0,-3.0,0.0,0.0,-2.0,-3.0,1.0,0.17263305425875272,0.43118530247270487,0.04126998719708641,-0.07885654295386918,0.21448623171432493,-0.07180391482743077
-6.0,4.0,3.0,2.0,1.0,1.0,0.0,-3.0,0.17072754322083233,0.42609824029990795,0.04139026920205868,-0.07906013412962082,0.2129944291847703,-0.0708365241109861
15.0,-9.0,-1.0,-4.0,-7.0,-4.0,-1.0,1.0,0.16976608573431082,0.42288816060847617,0.041087431933781615,-0.08604315330074734,0.20826149671462932,-0.06886504692826502
-22.0,-4.0,-4.0,-2.0,-3.0,-1.0,-3.0,-3.0,0.16949482353446652,0.4217221127631726,0.04026538876936514,-0.09901720422106794,0.20076541288227812,-0.06607415380625269
0.0,7.0,-3.0,5.0,7.0,5.0,4.0,5.0,0.16954532251554635,0.4218633182747028,0.03908527847147003,-0.11542001384848317,0.19172055863175297,-0.06283381345266782
5.0,11.0,8.0,3.0,10.0,8.0,4.0,-2.0,0.18600107341452898,0.4393855116413391,0.042816378270515765,-0.11677188784423165,0.19650717446159402,-0.0679200921595199
-4.0,-3.0,0.0,11.0,-13.0,-4.0,4.0,-1.0,0.18475487521640982,0.44365035731259683,0.04197910022245133,-0.11184143439941152,0.2001835210862301,-0.0690017668186111
-1.0,-3.0,0.0,-4.0,10.0,6.0,-2.0,-2.0,0.18219302943003252,0.4445716851147775,0.04128997626973263,-0.10347907631245785,0.20479918010097736,-0.0701209645959346
-5.0,5.0,-6.0,2.0,-5.0,-3.0,-1.0,2.0,0.1788634008413246,0.4420577935547091,0.04096084077693518,-0.09352275531910974,0.20943375772046155,-0.07114925409638358
5.0,-1.0,-7.0,0.0,-5.0,-10.0,-3.0,1.0,0.17546617099738018,0.4370577499504553,0.0410182173718765,-0.0844236286158925,0.2130213430165811,-0.07182187881494943
-2.0,-8.0,-3.0,-7.0,-7.0,-4.0,-2.0,-4.0,0.17263305425875272,0.43118530247270487,0.04126998719708641,-0.07885654295386918,0.21448623171432493,-0.07180391482743077
8.0,-4.0,-2.0,1.0,6.0,4.0,0.0,1.0,0.17072754322083233,0.42609824029990795,0.04139026920205868,-0.07906013412962082,0.2129944291847703,-0.0708365241109861
-21.0,8.0,-8.0,-1.0,10.0,8.0,6.0,3.0,0.16976608573431082,0.42288816060847617,0.041087431933781615,-0.08604315330074734,0.20826149671462932,-0.06886504692826502
11.0,6.0,3.0,4.0,4.0,2.0,-1.0,-3.0,0.16949482353446652,0.4217221127631726,0.04026538876936514,-0.09901720422106794,0.20076541288227812,-0.06607415380625269
3.0,-16.0,1.0,-12.0,-13.0,-11.0,-5.0,-4.0,0.16954532251554635,0.4218633182747028,0.03908527847147003,-0.11542001384848317,0.19172055863175297,-0.06283381345266782
4.0,2.0,1.0,-5.0,-6.0,-2.0,-4.0,-5.0,0.18600107341452898,0.4393855116413391,0.042816378270515765,-0.11677188784423165,0.19650717446159402,-0.0679200921595199
2.0,-10.0,-52.0,-5.0,-8.0,-11.0,-4.0,-3.0,0.18475487521640982,0.44365035731259683,0.04197910022245133,-0.11184143439941152,0.2001835210862301,-0.0690017668186111
-2.0,1.0,18.0,1.0,3.0,-1.0,1.0,3.0,0.18219302943003252,0.4445716851147775,0.04128997626973263,-0.10347907631245785,0.20479918010097736,-0.0701209645959346
-10.0,11.0,-6.0,-1.0,11.0,17.0,0.0,-3.0,0.1788634008413246,0.4420577935547091,0.04096084077693518,-0.09352275531910974,0.20943375772046155,-0.07114925409638358
-20.0,0.0,-2.0,-3.0,-8.0,-5.0,-2.0,-7.0,0.17546617099738018,0.4370577499504553,0.0410182173718765,-0.0844236286158925,0.2130213430165811,-0.07182187881494943
19.0,-2.0,2.0,-8.0,-16.0,-9.0,2.0,0.0,0.17263305425875272,0.43118530247270487,0.04126998719708641,-0.07885654295386918,0.21448623171432493,-0.07180391482743077
-2.0,-2.0,-9.0,-8.0,-4.0,-9.0,-3.0,-2.0,0.17072754322083233,0.42609824029990795,0.04139026920205868,-0.07906013412962082,0.2129944291847703,-0.0708365241109861
-5.0,12.0,4.0,3.0,19.0,12.0,2.0,5.0,0.16976608573431082,0.42288816060847617,0.041087431933781615,-0.08604315330074734,0.20826149671462932,-0.06886504692826502
6.0,2.0,3.0,7.0,8.0,14.0,5.0,2.0,0.16949482353446652,0.4217221127631726,0.04026538876936514,-0.09901720422106794,0.20076541288227812,-0.06607415380625269
-5.0,-24.0,-8.0,5.0,-6.0,2.0,-3.0,-7.0,0.16954532251554635,0.4218633182747028,0.03908527847147003,-0.11542001384848317,0.19172055863175297,-0.06283381345266782
4.0,9.0,-17.0,-7.0,9.0,8.0,1.0,2.0,0.18475487521640982,0.44365035731259683,0.04197910022245133,-0.11184143439941152,0.2001835210862301,-0.0690017668186111
10.0,7.0,9.0,5.0,0.0,1.0,-1.0,-2.0,0.18219302943003252,0.4445716851147775,0.04128997626973263,-0.10347907631245785,0.20479918010097736,-0.0701209645959346
0.0,-10.0,-4.0,-5.0,-4.0,-7.0,-1.0,-4.0,0.1788634008413246,0.4420577935547091,0.04096084077693518,-0.09352275531910974,0.20943375772046155,-0.07114925409638358
1.0,-6.0,1.0,-6.0,-1.0,0.0,-2.0,-1.0,0.17546617099738018,0.4370577499504553,0.0410182173718765,-0.0844236286158925,0.2130213430165811,-0.07182187881494943
-3.0,-1.0,-5.0,4.0,5.0,4.0,-2.0,5.0,0.17263305425875272,0.43118530247270487,0.04126998719708641,-0.07885654295386918,0.21448623171432493,-0.07180391482743077
-26.0,0.0,3.0,6.0,6.0,2.0,4.0,-2.0,0.17072754322083233,0.42609824029990795,0.04139026920205868,-0.07906013412962082,0.2129944291847703,-0.0708365241109861
4.0,-14.0,2.0,-1.0,-6.0,-5.0,0.0,-6.0,0.16976608573431082,0.42288816060847617,0.041087431933781615,-0.08604315330074734,0.20826149671462932,-0.06886504692826502
3.0,0.0,-1.0,-4.0,-6.0,-2.0,1.0,12.0,0.16949482353446652,0.4217221127631726,0.04026538876936514,-0.09901720422106794,0.20076541288227812,-0.06607415380625269
0.0,10.0,-7.0,2.0,2.0,1.0,-3.0,5.0,0.16954532251554635,0.4218633182747028,0.03908527847147003,-0.11542001384848317,0.19172055863175297,-0.06283381345266782
-5.0,-11.0,37.0,-4.0,-5.0,2.0,5.0,-1.0,0.18600107341452898,0.4393855116413391,0.042816378270515765,-0.11677188784423165,0.19650717446159402,-0.0679200921595199
5.0,14.0,-7.0,1.0,0.0,1.0,-1.0,1.0,0.18475487521640982,0.44365035731259683,0.04197910022245133,-0.11184143439941152,0.2001835210862301,-0.0690017668186111
7.0,1.0,0.0,0.0,-3.0,0.0,-4.0,-5.0,0.18219302943003252,0.4445716851147775,0.04128997626973263,-0.10347907631245785,0.20479918010097736,-0.0701209645959346
5.0,-4.0,1.0,-1.0,-5.0,-3.0,-1.0,-1.0,0.1788634008413246,0.4420577935547091,0.04096084077693518,-0.09352275531910974,0.20943375772046155,-0.07114925409638358
-5.0,4.0,16.0,-4.0,-4.0,-3.0,-2.0,0.0,0.17546617099738018,0.4370577499504553,0.0410182173718765,-0.0844236286158925,0.2130213430165811,-0.07182187881494943
-20.0,6.0,-21.0,-9.0,1.0,0.0,-1.0,1.0,0.17263305425875272,0.43118530247270487,0.04126998719708641,-0.07885654295386918,0.21448623171432493,-0.07180391482743077
-14.0,2.0,-1.0,3.0,3.0,1.0,0.0,-7.0,0.17072754322083233,0.42609824029990795,0.04139026920205868,-0.07906013412962082,0.2129944291847703,-0.0708365241109861
-2.0,-4.0,7.0,4.0,-4.0,-3.0,-5.0,-2.0,0.16976608573431082,0.42288816060847617,0.041087431933781615,-0.08604315330074734,0.20826149671462932,-0.06886504692826502
-6.0,-5.0,-4.0,-4.0,-6.0,-4.0,-2.0,0.0,0.16949482353446652,0.4217221127631726,0.04026538876936514,-0.09901720422106794,0.20076541288227812,-0.06607415380625269
4.0,9.0,-17.0,-7.0,9.0,8.0,1.0,2.0,0.16954532251554635,0.4218633182747028,0.03908527847147003,-0.11542001384848317,0.19172055863175297,-0.06283381345266782
11.0,4.0,-4.0,6.0,-10.0,-3.0,-3.0,-1.0,0.18600107341452898,0.4393855116413391,0.042816378270515765,-0.11677188784423165,0.19650717446159402,-0.0679200921595199
-7.0,-9.0,5.0,-21.0,-18.0,-13.0,-3.0,-2.0,0.18475487521640982,0.44365035731259683,0.04197910022245133,-0.11184143439941152,0.2001835210862301,-0.0690017668186111
-3.0,-8.0,3.0,2.0,-2.0,-6.0,0.0,-1.0,0.18219302943003252,0.4445716851147775,0.04128997626973263,-0.10347907631245785,0.20479918010097736,-0.0701209645959346
7.0,6.0,1.0,-10.0,-2.0,4.0,0.0,0.0,0.1788634008413246,0.4420577935547091,0.04096084077693518,-0.09352275531910974,0.20943375772046155,-0.07114925409638358
18.0,1.0,-14.0,15.0,12.0,5.0,2.0,3.0,0.17546617099738018,0.4370577499504553,0.0410182173718765,-0.0844236286158925,0.2130213430165811,-0.07182187881494943
12.0,-1.0,15.0,16.0,-1.0,0.0,1.0,0.0,0.17263305425875272,0.43118530247270487,0.04126998719708641,-0.07885654295386918,0.21448623171432493,-0.07180391482743077
-13.0,-6.0,0.0,-12.0,10.0,1.0,1.0,2.0,0.17072754322083233,0.42609824029990795,0.04139026920205868,-0.07906013412962082,0.2129944291847703,-0.0708365241109861
-17.0,2.0,-4.0,-1.0,10.0,11.0,-3.0,-2.0,0.16976608573431082,0.42288816060847617,0.041087431933781615,-0.08604315330074734,0.20826149671462932,-0.06886504692826502
16.0,4.0,-5.0,-9.0,-24.0,-10.0,-1.0,-3.0,0.16949482353446652,0.4217221127631726,0.04026538876936514,-0.09901720422106794,0.20076541288227812,-0.06607415380625269
4.0,-9.0,-2.0,-6.0,-13.0,-10.0,1.0,-1.0,0.16954532251554635,0.4218633182747028,0.03908527847147003,-0.11542001384848317,0.19172055863175297,-0.06283381345266782
-8.0,-3.0,0.0,-28.0,3.0,7.0,-7.0,-11.0,0.18600107341452898,0.4393855116413391,0.042816378270515765,-0.11677188784423165,0.19650717446159402,-0.0679200921595199
-2.0,-5.0,-2.0,-22.0,-58.0,-20.0,9.0,-2.0,0.18475487521640982,0.44365035731259683,0.04197910022245133,-0.11184143439941152,0.2001835210862301,-0.0690017668186111
-4.0,-8.0,-3.0,-8.0,-39.0,-36.0,-8.0,-2.0,0.18219302943003252,0.4445716851147775,0.04128997626973263,-0.10347907631245785,0.20479918010097736,-0.0701209645959346
-3.0,0.0,-1.0,-7.0,31.0,13.0,3.0,4.0,0.1788634008413246,0.4420577935547091,0.04096084077693518,-0.09352275531910974,0.20943375772046155,-0.07114925409638358
10.0,5.0,9.0,94.0,88.0,42.0,6.0,-1.0,0.17546617099738018,0.4370577499504553,0.0410182173718765,-0.0844236286158925,0.2130213430165811,-0.07182187881494943
-1.0,-28.0,-7.0,-21.0,-9.0,10.0,5.0,-4.0,0.17263305425875272,0.43118530247270487,0.04126998719708641,-0.07885654295386918,0.21448623171432493,-0.07180391482743077
3.0,0.0,-8.0,-33.0,-47.0,-28.0,-7.0,1.0,0.17072754322083233,0.42609824029990795,0.04139026920205868,-0.07906013412962082,0.2129944291847703,-0.0708365241109861
-22.0,6.0,0.0,6.0,1.0,0.0,-3.0,2.0,0.16976608573431082,0.42288816060847617,0.041087431933781615,-0.08604315330074734,0.20826149671462932,-0.06886504692826502
-1.0,1.0,3.0,12.0,26.0,20.0,1.0,-1.0,0.16949482353446652,0.4217221127631726,0.04026538876936514,-0.09901720422106794,0.20076541288227812,-0.06607415380625269
-14.0,-11.0,-9.0,-3.0,4.0,-1.0,0.0,-4.0,0.16954532251554635,0.4218633182747028,0.03908527847147003,-0.11542001384848317,0.19172055863175297,-0.06283381345266782
-36.0,7.0,11.0,30.0,127.0,74.0,27.0,1.0,0.18600107341452898,0.4393855116413391,0.042816378270515765,-0.11677188784423165,0.19650717446159402,-0.0679200921595199
2.0,-1.0,-1.0,-25.0,-23.0,56.0,-43.0,-1.0,0.18475487521640982,0.44365035731259683,0.04197910022245133,-0.11184143439941152,0.2001835210862301,-0.0690017668186111
10.0,-18.0,-14.0,30.0,0.0,-78.0,-25.0,-5.0,0.18219302943003252,0.4445716851147775,0.04128997626973263,-0.10347907631245785,0.20479918010097736,-0.0701209645959346
18.0,7.0,10.0,-43.0,-36.0,17.0,10.0,23.0,0.1788634008413246,0.4420577935547091,0.04096084077693518,-0.09352275531910974,0.20943375772046155,-0.07114925409638358
-4.0,2.0,-5.0,42.0,47.0,-15.0,-5.0,-37.0,0.17546617099738018,0.4370577499504553,0.0410182173718765,-0.0844236286158925,0.2130213430165811,-0.07182187881494943
-48.0,-14.0,17.0,20.0,-1.0,0.0,6.0,-2.0,0.17263305425875272,0.43118530247270487,0.04126998719708641,-0.07885654295386918,0.21448623171432493,-0.07180391482743077
21.0,0.0,-6.0,3.0,6.0,41.0,11.0,0.0,0.17072754322083233,0.42609824029990795,0.04139026920205868,-0.07906013412962082,0.2129944291847703,-0.0708365241109861
-13.0,4.0,-7.0,-46.0,5.0,19.0,-6.0,-2.0,0.16976608573431082,0.42288816060847617,0.041087431933781615,-0.08604315330074734,0.20826149671462932,-0.06886504692826502
3.0,-1.0,-16.0,-29.0,-91.0,-93.0,-13.0,-2.0,0.16949482353446652,0.4217221127631726,0.04026538876936514,-0.09901720422106794,0.20076541288227812,-0.06607415380625269
11.0,1.0,13.0,35.0,45.0,25.0,6.0,3.0,0.16954532251554635,0.4218633182747028,0.03908527847147003,-0.11542001384848317,0.19172055863175297,-0.06283381345266782
10.0,7.0,6.0,-14.0,-48.0,-6.0,3.0,3.0,0.18600107341452898,0.4393855116413391,0.042816378270515765,-0.11677188784423165,0.19650717446159402,-0.0679200921595199
10.0,0.0,0.0,22.0,7.0,-19.0,-3.0,-1.0,0.18475487521640982,0.44365035731259683,0.04197910022245133,-0.11184143439941152,0.2001835210862301,-0.0690017668186111
-4.0,-4.0,-13.0,0.0,58.0,41.0,16.0,-5.0,0.18219302943003252,0.4445716851147775,0.04128997626973263,-0.10347907631245785,0.20479918010097736,-0.0701209645959346
14.0,-6.0,-3.0,1.0,-1.0,4.0,-5.0,7.0,0.1788634008413246,0.4420577935547091,0.04096084077693518,-0.09352275531910974,0.20943375772046155,-0.07114925409638358
-20.0,0.0,-24.0,-19.0,-37.0,-20.0,-3.0,-5.0,0.17546617099738018,0.4370577499504553,0.0410182173718765,-0.0844236286158925,0.2130213430165811,-0.07182187881494943
5.0,-6.0,2.0,-26.0,-47.0,-34.0,-16.0,-2.0,0.17263305425875272,0.43118530247270487,0.04126998719708641,-0.07885654295386918,0.21448623171432493,-0.07180391482743077
1.0,-7.0,-12.0,-31.0,-57.0,-29.0,0.0,-1.0,0.17072754322083233,0.42609824029990795,0.04139026920205868,-0.07906013412962082,0.2129944291847703,-0.0708365241109861
11.0,10.0,3.0,3.0,-6.0,-23.0,-1.0,3.0,0.16976608573431082,0.42288816060847617,0.041087431933781615,-0.08604315330074734,0.20826149671462932,-0.06886504692826502
-36.0,7.0,11.0,30.0,127.0,74.0,27.0,1.0,0.16949482353446652,0.4217221127631726,0.04026538876936514,-0.09901720422106794,0.20076541288227812,-0.06607415380625269
2.0,-1.0,-1.0,-25.0,-23.0,56.0,-43.0,-1.0,0.16954532251554635,0.4218633182747028,0.03908527847147003,-0.11542001384848317,0.19172055863175297,-0.06283381345266782
22.0,7.0,-11.0,-41.0,-42.0,-53.0,-14.0,-8.0,0.18600107341452898,0.4393855116413391,0.042816378270515765,-0.11677188784423165,0.19650717446159402,-0.0679200921595199
-15.0,-15.0,4.0,17.0,-6.0,0.0,4.0,3.0,0.18475487521640982,0.44365035731259683,0.04197910022245133,-0.11184143439941152,0.2001835210862301,-0.0690017668186111
17.0,6.0,-11.0,-6.0,24.0,39.0,-4.0,1.0,0.18219302943003252,0.4445716851147775,0.04128997626973263,-0.10347907631245785,0.20479918010097736,-0.0701209645959346
-7.0,-2.0,-36.0,-37.0,-31.0,-32.0,-5.0,1.0,0.1788634008413246,0.4420577935547091,0.04096084077693518,-0.09352275531910974,0.20943375772046155,-0.07114925409638358
-26.0,-1.0,12.0,-6.0,-60.0,-27.0,-3.0,0.0,0.17546617099738018,0.4370577499504553,0.0410182173718765,-0.0844236286158925,0.2130213430165811,-0.07182187881494943
0.0,-14.0,10.0,68.0,74.0,33.0,9.0,1.0,0.17263305425875272,0.43118530247270487,0.04126998719708641,-0.07885654295386918,0.21448623171432493,-0.07180391482743077
2.0,3.0,3.0,0.0,11.0,6.0,0.0,-2.0,0.17072754322083233,0.42609824029990795,0.04139026920205868,-0.07906013412962082,0.2129944291847703,-0.0708365241109861
10.0,5.0,2.0,14.0,22.0,9.0,1.0,0.0,0.16976608573431082,0.42288816060847617,0.041087431933781615,-0.08604315330074734,0.20826149671462932,-0.06886504692826502
3.0,0.0,-4.0,-43.0,-58.0,-22.0,-9.0,-9.0,0.16949482353446652,0.4217221127631726,0.04026538876936514,-0.09901720422106794,0.20076541288227812,-0.06607415380625269
-7.0,-14.0,-33.0,-12.0,-22.0,-13.0,-2.0,-6.0,0.16954532251554635,0.4218633182747028,0.03908527847147003,-0.11542001384848317,0.19172055863175297,-0.06283381345266782
13.0,-5.0,21.0,83.0,23.0,20.0,6.0,-13.0,0.18600107341452898,0.4393855116413391,0.042816378270515765,-0.11677188784423165,0.19650717446159402,-0.0679200921595199
-14.0,-1.0,6.0,78.0,59.0,42.0,12.0,0.0,0.18475487521640982,0.44365035731259683,0.04197910022245133,-0.11184143439941152,0.2001835210862301,-0.0690017668186111
0.0,1.0,-10.0,-48.0,72.0,22.0,-5.0,2.0,0.18219302943003252,0.4445716851147775,0.04128997626973263,-0.10347907631245785,0.20479918010097736,-0.0701209645959346
-4.0,-13.0,-15.0,-12.0,-112.0,-57.0,-16.0,8.0,0.1788634008413246,0.4420577935547091,0.04096084077693518,-0.09352275531910974,0.20943375772046155,-0.07114925409638358
-3.0,-1.0,-1.0,-32.0,3.0,10.0,4.0,-4.0,0.17546617099738018,0.4370577499504553,0.0410182173718765,-0.0844236286158925,0.2130213430165811,-0.07182187881494943
6.0,11.0,2.0,-36.0,-97.0,-52.0,-19.0,4.0,0.17263305425875272,0.43118530247270487,0.04126998719708641,-0.07885654295386918,0.21448623171432493,-0.07180391482743077
-24.0,-28.0,-29.0,-7.0,21.0,14.0,5.0,0.0,0.17072754322083233,0.42609824029990795,0.04139026920205868,-0.07906013412962082,0.2129944291847703,-0.0708365241109861
17.0,-7.0,26.0,17.0,89.0,32.0,9.0,3.0,0.16976608573431082,0.42288816060847617,0.041087431933781615,-0.08604315330074734,0.20826149671462932,-0.06886504692826502
-4.0,-6.0,16.0,19.0,-61.0,3.0,14.0,-2.0,0.16949482353446652,0.4217221127631726,0.04026538876936514,-0.09901720422106794,0.20076541288227812,-0.06607415380625269
9.0,19.0,-3.0,18.0,34.0,13.0,-11.0,-3.0,0.16954532251554635,0.4218633182747028,0.03908527847147003,-0.11542001384848317,0.19172055863175297,-0.06283381345266782
-7.0,-16.0,-42.0,-106.0,-74.0,-95.0,-14.0,-9.0,0.18600107341452898,0.4393855116413391,0.042816378270515765,-0.11677188784423165,0.19650717446159402,-0.0679200921595199
5.0,-12.0,-17.0,44.0,-46.0,-23.0,8.0,5.0,0.18475487521640982,0.44365035731259683,0.04197910022245133,-0.11184143439941152,0.2001835210862301,-0.0690017668186111
1.0,9.0,8.0,66.0,127.0,119.0,8.0,-19.0,0.18219302943003252,0.4445716851147775,0.04128997626973263,-0.10347907631245785,0.20479918010097736,-0.0701209645959346
-1.0,-11.0,-48.0,-128.0,-128.0,-128.0,-44.0,-16.0,0.1788634008413246,0.4420577935547091,0.04096084077693518,-0.09352275531910974,0.20943375772046155,-0.07114925409638358
-15.0,-22.0,13.0,72.0,-1.0,22.0,15.0,5.0,0.17546617099738018,0.4370577499504553,0.0410182173718765,-0.0844236286158925,0.2130213430165811,-0.07182187881494943
17.0,28.0,49.0,127.0,127.0,127.0,62.0,20.0,0.17263305425875272,0.43118530247270487,0.04126998719708641,-0.07885654295386918,0.21448623171432493,-0.07180391482743077
-9.0,-3.0,-9.0,0.0,-80.0,-60.0,-31.0,-9.0,0.17072754322083233,0.42609824029990795,0.04139026920205868,-0.07906013412962082,0.2129944291847703,-0.0708365241109861
12.0,1.0,-40.0,-128.0,-83.0,-71.0,-29.0,-1.0,0.16976608573431082,0.42288816060847617,0.041087431933781615,-0.08604315330074734,0.20826149671462932,-0.06886504692826502
-12.0,-7.0,25.0,27.0,-12.0,3.0,2.0,-3.0,0.16949482353446652,0.4217221127631726,0.04026538876936514,-0.09901720422106794,0.20076541288227812,-0.06607415380625269
2.0,-1.0,3.0,9.0,93.0,38.0,14.0,3.0,0.16954532251554635,0.4218633182747028,0.03908527847147003,-0.11542001384848317,0.19172055863175297,-0.06283381345266782
1.0,-12.0,-16.0,-11.0,-128.0,-25.0,-20.0,-12.0,0.18600107341452898,0.4393855116413391,0.042816378270515765,-0.11677188784423165,0.19650717446159402,-0.0679200921595199
-13.0,8.0,41.0,77.0,34.0,-27.0,29.0,10.0,0.18475487521640982,0.44365035731259683,0.04197910022245133,-0.11184143439941152,0.2001835210862301,-0.0690017668186111
-4.0,-1.0,44.0,27.0,127.0,108.0,14.0,5.0,0.18219302943003252,0.4445716851147775,0.04128997626973263,-0.10347907631245785,0.20479918010097736,-0.0701209645959346
-3.0,6.0,7.0,-5.0,-6.0,48.0,-2.0,-6.0,0.1788634008413246,0.4420577935547091,0.04096084077693518,-0.09352275531910974,0.20943375772046155,-0.07114925409638358
-4.0,-20.0,-24.0,-85.0,-85.0,-96.0,-21.0,-14.0,0.17546617099738018,0.4370577499504553,0.0410182173718765,-0.0844236286158925,0.2130213430165811,-0.07182187881494943
10.0,29.0,44.0,74.0,-53.0,10.0,25.0,16.0,0.17263305425875272,0.43118530247270487,0.04126998719708641,-0.07885654295386918,0.21448623171432493,-0.07180391482743077
13.0,16.0,21.0,110.0,127.0,127.0,31.0,12.0,0.17072754322083233,0.42609824029990795,0.04139026920205868,-0.07906013412962082,0.2129944291847703,-0.0708365241109861
-1.0,-23.0,-73.0,-128.0,-59.0,-88.0,-21.0,-8.0,0.16976608573431082,0.42288816060847617,0.041087431933781615,-0.08604315330074734,0.20826149671462932,-0.06886504692826502
-29.0,-9.0,4.0,4.0,-128.0,-76.0,-40.0,-11.0,0.16949482353446652,0.4217221127631726,0.04026538876936514,-0.09901720422106794,0.20076541288227812,-0.06607415380625269
17.0,20.0,16.0,74.0,-88.0,-58.0,-2.0,-27.0,0.16954532251554635,0.4218633182747028,0.03908527847147003,-0.11542001384848317,0.19172055863175297,-0.06283381345266782
9.0,6.0,38.0,36.0,52.0,92.0,17.0,9.0,0.18600107341452898,0.4393855116413391,0.042816378270515765,-0.11677188784423165,0.19650717446159402,-0.0679200921595199
12.0,16.0,44.0,127.0,127.0,88.0,6.0,6.0,0.18475487521640982,0.44365035731259683,0.04197910022245133,-0.11184143439941152,0.2001835210862301,-0.0690017668186111
-46.0,-22.0,-41.0,-128.0,-41.0,-89.0,-17.0,-16.0,0.18219302943003252,0.4445716851147775,0.04128997626973263,-0.10347907631245785,0.20479918010097736,-0.0701209645959346
-15.0,-5.0,-31.0,-120.0,-128.0,-49.0,-25.0,-10.0,0.1788634008413246,0.4420577935547091,0.04096084077693518,-0.09352275531910974,0.20943375772046155,-0.07114925409638358
-8.0,9.0,25.0,-22.0,-21.0,-1.0,19.0,-1.0,0.17546617099738018,0.4370577499504553,0.0410182173718765,-0.0844236286158925,0.2130213430165811,-0.07182187881494943
11.0,-26.0,-4.0,127.0,-5.0,-62.0,-26.0,-11.0,0.17263305425875272,0.43118530247270487,0.04126998719708641,-0.07885654295386918,0.21448623171432493,-0.07180391482743077
5.0,-1.0,13.0,-98.0,60.0,104.0,25.0,10.0,0.17072754322083233,0.42609824029990795,0.04139026920205868,-0.07906013412962082,0.2129944291847703,-0.0708365241109861
7.0,15.0,17.0,127.0,104.0,55.0,2.0,0.0,0.16976608573431082,0.42288816060847617,0.041087431933781615,-0.08604315330074734,0.20826149671462932,-0.06886504692826502
-9.0,-5.0,-31.0,-128.0,-96.0,-58.0,2.0,8.0,0.16949482353446652,0.4217221127631726,0.04026538876936514,-0.09901720422106794,0.20076541288227812,-0.06607415380625269
6.0,-16.0,-26.0,-62.0,-96.0,-64.0,-51.0,-21.0,0.16954532251554635,0.4218633182747028,0.03908527847147003,-0.11542001384848317,0.19172055863175297,-0.06283381345266782
-70.0,-12.0,-16.0,-69.0,-80.0,-101.0,-18.0,-16.0,0.18600107341452898,0.4393855116413391,0.042816378270515765,-0.11677188784423165,0.19650717446159402,-0.0679200921595199
-19.0,-10.0,16.0,58.0,127.0,21.0,17.0,-7.0,0.18475487521640982,0.44365035731259683,0.04197910022245133,-0.11184143439941152,0.2001835210862301,-0.0690017668186111
14.0,-29.0,-49.0,-128.0,-128.0,-128.0,-21.0,2.0,0.18219302943003252,0.4445716851147775,0.04128997626973263,-0.10347907631245785,0.20479918010097736,-0.0701209645959346
6.0,43.0,113.0,127.0,45.0,127.0,60.0,28.0,0.1788634008413246,0.4420577935547091,0.04096084077693518,-0.09352275531910974,0.20943375772046155,-0.07114925409638358
-1.0,-17.0,-56.0,-128.0,127.0,-102.0,-24.0,-13.0,0.17546617099738018,0.4370577499504553,0.0410182173718765,-0.0844236286158925,0.2130213430165811,-0.07182187881494943
18.0,-18.0,-40.0,-128.0,-128.0,-128.0,-54.0,-7.0,0.17263305425875272,0.43118530247270487,0.04126998719708641,-0.07885654295386918,0.21448623171432493,-0.07180391482743077
16.0,2.0,25.0,127.0,-42.0,117.0,63.0,14.0,0.17072754322083233,0.42609824029990795,0.04139026920205868,-0.07906013412962082,0.2129944291847703,-0.0708365241109861
4.0,5.0,-12.0,-6.0,127.0,15.0,-2.0,17.0,0.16976608573431082,0.42288816060847617,0.041087431933781615,-0.08604315330074734,0.20826149671462932,-0.06886504692826502
6.0,11.0,-23.0,-123.0,-128.0,-119.0,-21.0,3.0,0.16949482353446652,0.4217221127631726,0.04026538876936514,-0.09901720422106794,0.20076541288227812,-0.06607415380625269
-41.0,11.0,31.0,127.0,127.0,124.0,29.0,0.0,0.16954532251554635,0.4218633182747028,0.03908527847147003,-0.11542001384848317,0.19172055863175297,-0.06283381345266782
1.0,-13.0,36.0,3.0,-80.0,90.0,52.0,8.0,0.18600107341452898,0.4393855116413391,0.042816378270515765,-0.11677188784423165,0.19650717446159402,-0.0679200921595199
-7.0,16.0,-29.0,22.0,127.0,-44.0,-40.0,-17.0,0.18475487521640982,0.44365035731259683,0.04197910022245133,-0.11184143439941152,0.2001835210862301,-0.0690017668186111
14.0,8.0,-18.0,53.0,-128.0,-59.0,-26.0,3.0,0.18219302943003252,0.4445716851147775,0.04128997626973263,-0.10347907631245785,0.20479918010097736,-0.0701209645959346
20.0,2.0,12.0,-128.0,-67.0,-89.0,6.0,6.0,0.1788634008413246,0.4420577935547091,0.04096084077693518,-0.09352275531910974,0.20943375772046155,-0.07114925409638358
18.0,15.0,75.0,127.0,80.0,101.0,49.0,28.0,0.17546617099738018,0.4370577499504553,0.0410182173718765,-0.0844236286158925,0.2130213430165811,-0.07182187881494943
17.0,24.0,-36.0,-102.0,127.0,119.0,7.0,16.0,0.17263305425875272,0.43118530247270487,0.04126998719708641,-0.07885654295386918,0.21448623171432493,-0.07180391482743077
-16.0,-22.0,-50.0,-56.0,-128.0,-128.0,-70.0,-33.0,0.17072754322083233,0.42609824029990795,0.04139026920205868,-0.07906013412962082,0.2129944291847703,-0.0708365241109861
9.0,-23.0,-7.0,-128.0,-128.0,-115.0,-15.0,3.0,0.16976608573431082,0.42288816060847617,0.041087431933781615,-0.08604315330074734,0.20826149671462932,-0.06886504692826502
33.0,-1.0,22.0,71.0,127.0,103.0,42.0,11.0,0.16949482353446652,0.4217221127631726,0.04026538876936514,-0.09901720422106794,0.20076541288227812,-0.06607415380625269
-3.0,29.0,-10.0,0.0,5.0,95.0,-13.0,-13.0,0.16954532251554635,0.4218633182747028,0.03908527847147003,-0.11542001384848317,0.19172055863175297,-0.06283381345266782
4.0,-17.0,-87.0,-128.0,127.0,75.0,18.0,12.0,0.18600107341452898,0.4393855116413391,0.042816378270515765,-0.11677188784423165,0.19650717446159402,-0.0679200921595199
-47.0,-10.0,-6.0,-102.0,-7.0,-91.0,-22.0,-34.0,0.18475487521640982,0.44365035731259683,0.04197910022245133,-0.11184143439941152,0.2001835210862301,-0.0690017668186111
10.0,-48.0,-47.0,-128.0,-128.0,-128.0,-29.0,-6.0,0.18219302943003252,0.4445716851147775,0.04128997626973263,-0.10347907631245785,0.20479918010097736,-0.0701209645959346
12.0,46.0,78.0,127.0,127.0,127.0,43.0,7.0,0.1788634008413246,0.4420577935547091,0.04096084077693518,-0.09352275531910974,0.20943375772046155,-0.07114925409638358
-14.0,-33.0,-59.0,-128.0,127.0,-89.0,-29.0,-27.0,0.17546617099738018,0.4370577499504553,0.0410182173718765,-0.0844236286158925,0.2130213430165811,-0.07182187881494943
8.0,2.0,-38.0,-128.0,-128.0,-128.0,-30.0,-7.0,0.17263305425875272,0.43118530247270487,0.04126998719708641,-0.07885654295386918,0.21448623171432493,-0.07180391482743077
18.0,26.0,69.0,127.0,127.0,127.0,64.0,9.0,0.17072754322083233,0.42609824029990795,0.04139026920205868,-0.07906013412962082,0.2129944291847703,-0.0708365241109861
-50.0,-34.0,-57.0,-128.0,127.0,-80.0,-23.0,-8.0,0.16976608573431082,0.42288816060847617,0.041087431933781615,-0.08604315330074734,0.20826149671462932,-0.06886504692826502
-6.0,-6.0,11.0,127.0,-128.0,-22.0,-6.0,3.0,0.16949482353446652,0.4217221127631726,0.04026538876936514,-0.09901720422106794,0.20076541288227812,-0.06607415380625269
-16.0,23.0,24.0,-90.0,127.0,110.0,4.0,0.0,0.16954532251554635,0.4218633182747028,0.03908527847147003,-0.11542001384848317,0.19172055863175297,-0.06283381345266782
-16.0,6.0,-73.0,-128.0,-128.0,-128.0,-59.0,-31.0,0.18219302943003252,0.4445716851147775,0.04128997626973263,-0.10347907631245785,0.20479918010097736,-0.0701209645959346
-3.0,-41.0,-28.0,-128.0,-128.0,-90.0,-22.0,-9.0,0.1788634008413246,0.4420577935547091,0.04096084077693518,-0.09352275531910974,0.20943375772046155,-0.07114925409638358
2.0,9.0,126.0,127.0,127.0,81.0,106.0,39.0,0.17546617099738018,0.4370577499504553,0.0410182173718765,-0.0844236286158925,0.2130213430165811,-0.07182187881494943
0.0,47.0,36.0,27.0,127.0,127.0,-9.0,4.0,0.17263305425875272,0.43118530247270487,0.04126998719708641,-0.07885654295386918,0.21448623171432493,-0.07180391482743077
-3.0,8.0,-107.0,-128.0,-128.0,-128.0,-107.0,-31.0,0.17072754322083233,0.42609824029990795,0.04139026920205868,-0.07906013412962082,0.2129944291847703,-0.0708365241109861
-2.0,-11.0,8.0,-55.0,-125.0,-82.0,-27.0,-18.0,0.16976608573431082,0.42288816060847617,0.041087431933781615,-0.08604315330074734,0.20826149671462932,-0.06886504692826502
11.0,-21.0,-15.0,94.0,-48.0,59.0,6.0,2.0,0.16949482353446652,0.4217221127631726,0.04026538876936514,-0.09901720422106794,0.20076541288227812,-0.06607415380625269
7.0,29.0,88.0,127.0,127.0,81.0,62.0,16.0,0.16954532251554635,0.4218633182747028,0.03908527847147003,-0.11542001384848317,0.19172055863175297,-0.06283381345266782
3.0,-17.0,-13.0,-59.0,-96.0,-55.0,-18.0,11.0,0.18600107341452898,0.4393855116413391,0.042816378270515765,-0.11677188784423165,0.19650717446159402,-0.0679200921595199
-2.0,0.0,-5.0,-128.0,-128.0,-32.0,2.0,-6.0,0.18475487521640982,0.44365035731259683,0.04197910022245133,-0.11184143439941152,0.2001835210862301,-0.0690017668186111
10.0,90.0,64.0,127.0,127.0,127.0,18.0,10.0,0.18219302943003252,0.4445716851147775,0.04128997626973263,-0.10347907631245785,0.20479918010097736,-0.0701209645959346
-33.0,-33.0,-70.0,-128.0,-128.0,-114.0,-30.0,-30.0,0.1788634008413246,0.4420577935547091,0.04096084077693518,-0.09352275531910974,0.20943375772046155,-0.07114925409638358
-24.0,-83.0,-22.0,84.0,11.0,6.0,3.0,-26.0,0.17546617099738018,0.4370577499504553,0.0410182173718765,-0.0844236286158925,0.2130213430165811,-0.07182187881494943
-2.0,37.0,74.0,5.0,127.0,42.0,10.0,15.0,0.17263305425875272,0.43118530247270487,0.04126998719708641,-0.07885654295386918,0.21448623171432493,-0.07180391482743077
8.0,12.0,-29.0,-89.0,-128.0,-53.0,-20.0,-6.0,0.17072754322083233,0.42609824029990795,0.04139026920205868,-0.07906013412962082,0.2129944291847703,-0.0708365241109861
-22.0,-3.0,12.0,96.0,127.0,77.0,24.0,-1.0,0.16976608573431082,0.42288816060847617,0.041087431933781615,-0.08604315330074734,0.20826149671462932,-0.06886504692826502
20.0,-27.0,15.0,-50.0,-128.0,-74.0,-6.0,4.0,0.16949482353446652,0.4217221127631726,0.04026538876936514,-0.09901720422106794,0.20076541288227812,-0.06607415380625269
17.0,23.0,-6.0,87.0,127.0,127.0,-5.0,-8.0,0.16954532251554635,0.4218633182747028,0.03908527847147003,-0.11542001384848317,0.19172055863175297,-0.06283381345266782
8.0,4.0,-17.0,13.0,-119.0,-31.0,-19.0,-1.0,0.18219302943003252,0.4445716851147775,0.04128997626973263,-0.10347907631245785,0.20479918010097736,-0.0701209645959346
8.0,5.0,4.0,-12.0,127.0,37.0,9.0,12.0,0.1788634008413246,0.4420577935547091,0.04096084077693518,-0.09352275531910974,0.20943375772046155,-0.07114925409638358
5.0,-5.0,0.0,2.0,-128.0,28.0,4.0,-2.0,0.17546617099738018,0.4370577499504553,0.0410182173718765,-0.0844236286158925,0.2130213430165811,-0.07182187881494943
-6.0,28.0,-5.0,-53.0,127.0,-50.0,-15.0,-12.0,0.17263305425875272,0.43118530247270487,0.04126998719708641,-0.07885654295386918,0.21448623171432493,-0.07180391482743077
-21.0,-41.0,-18.0,-12.0,-128.0,-59.0,-15.0,-14.0,0.17072754322083233,0.42609824029990795,0.04139026920205868,-0.07906013412962082,0.2129944291847703,-0.0708365241109861
11.0,20.0,82.0,-9.0,1.0,7.0,-16.0,-7.0,0.16976608573431082,0.42288816060847617,0.041087431933781615,-0.08604315330074734,0.20826149671462932,-0.06886504692826502
5.0,-27.0,-29.0,-10.0,-62.0,28.0,17.0,9.0,0.16949482353446652,0.4217221127631726,0.04026538876936514,-0.09901720422106794,0.20076541288227812,-0.06607415380625269
-23.0,8.0,-6.0,12.0,127.0,86.0,20.0,-9.0,0.16954532251554635,0.4218633182747028,0.03908527847147003,-0.11542001384848317,0.19172055863175297,-0.06283381345266782
-14.0,33.0,-28.0,16.0,-128.0,-36.0,-20.0,-12.0,0.18475487521640982,0.44365035731259683,0.04197910022245133,-0.11184143439941152,0.2001835210862301,-0.0690017668186111
-34.0,-42.0,-4.0,-70.0,-102.0,-29.0,-8.0,0.0,0.18219302943003252,0.4445716851147775,0.04128997626973263,-0.10347907631245785,0.20479918010097736,-0.0701209645959346
28.0,11.0,29.0,71.0,108.0,71.0,20.0,9.0,0.1788634008413246,0.4420577935547091,0.04096084077693518,-0.09352275531910974,0.20943375772046155,-0.07114925409638358
-7.0,-10.0,11.0,14.0,32.0,19.0,13.0,-5.0,0.17546617099738018,0.4370577499504553,0.0410182173718765,-0.0844236286158925,0.2130213430165811,-0.07182187881494943
0.0,27.0,-13.0,8.0,113.0,46.0,21.0,4.0,0.17263305425875272,0.43118530247270487,0.04126998719708641,-0.07885654295386918,0.21448623171432493,-0.07180391482743077
-3.0,25.0,23.0,-50.0,-124.0,-89.0,-23.0,-5.0,0.17072754322083233,0.42609824029990795,0.04139026920205868,-0.07906013412962082,0.2129944291847703,-0.0708365241109861
-14.0,-32.0,-25.0,-124.0,-128.0,-82.0,-27.0,-6.0,0.16976608573431082,0.42288816060847617,0.041087431933781615,-0.08604315330074734,0.20826149671462932,-0.06886504692826502
22.0,-5.0,45.0,127.0,-44.0,105.0,31.0,5.0,0.16949482353446652,0.4217221127631726,0.04026538876936514,-0.09901720422106794,0.20076541288227812,-0.06607415380625269
1.0,7.0,-39.0,37.0,127.0,49.0,7.0,-4.0,0.16954532251554635,0.4218633182747028,0.03908527847147003,-0.11542001384848317,0.19172055863175297,-0.06283381345266782
-24.0,-52.0,-19.0,-51.0,-128.0,-37.0,-27.0,-13.0,0.18600107341452898,0.4393855116413391,0.042816378270515765,-0.11677188784423165,0.19650717446159402,-0.0679200921595199
-17.0,-41.0,-12.0,16.0,105.0,-56.0,-13.0,-15.0,0.18475487521640982,0.44365035731259683,0.04197910022245133,-0.11184143439941152,0.2001835210862301,-0.0690017668186111
-20.0,45.0,4.0,0.0,-10.0,100.0,22.0,14.0,0.18219302943003252,0.4445716851147775,0.04128997626973263,-0.10347907631245785,0.20479918010097736,-0.0701209645959346
3.0,2.0,43.0,46.0,55.0,-27.0,24.0,8.0,0.1788634008413246,0.4420577935547091,0.04096084077693518,-0.09352275531910974,0.20943375772046155,-0.07114925409638358
0.0,-63.0,-15.0,10.0,-24.0,-42.0,-24.0,-5.0,0.17546617099738018,0.4370577499504553,0.0410182173718765,-0.0844236286158925,0.2130213430165811,-0.07182187881494943
14.0,25.0,-12.0,-4.0,18.0,127.0,27.0,12.0,0.17263305425875272,0.43118530247270487,0.04126998719708641,-0.07885654295386918,0.21448623171432493,-0.07180391482743077
-10.0,27.0,21.0,-106.0,127.0,-104.0,11.0,-5.0,0.17072754322083233,0.42609824029990795,0.04139026920205868,-0.07906013412962082,0.2129944291847703,-0.0708365241109861
5.0,-3.0,-7.0,39.0,-33.0,-6.0,-13.0,-16.0,0.16976608573431082,0.42288816060847617,0.041087431933781615,-0.08604315330074734,0.20826149671462932,-0.06886504692826502
10.0,-19.0,19.0,84.0,127.0,19.0,24.0,17.0,0.16949482353446652,0.4217221127631726,0.04026538876936514,-0.09901720422106794,0.20076541288227812,-0.06607415380625269
-14.0,33.0,-28.0,16.0,-128.0,-36.0,-20.0,-12.0,0.16954532251554635,0.4218633182747028,0.03908527847147003,-0.11542001384848317,0.19172055863175297,-0.06283381345266782
-11.0,-16.0,17.0,-11.0,-93.0,-46.0,-12.0,-5.0,0.18600107341452898,0.4393855116413391,0.042816378270515765,-0.11677188784423165,0.19650717446159402,-0.0679200921595199
-3.0,13.0,-7.0,-86.0,13.0,-29.0,-9.0,3.0,0.18475487521640982,0.44365035731259683,0.04197910022245133,-0.11184143439941152,0.2001835210862301,-0.0690017668186111
6.0,17.0,2.0,-15.0,-19.0,79.0,8.0,11.0,0.18219302943003252,0.4445716851147775,0.04128997626973263,-0.10347907631245785,0.20479918010097736,-0.0701209645959346
7.0,-3.0,19.0,61.0,42.0,-16.0,12.0,-1.0,0.1788634008413246,0.4420577935547091,0.04096084077693518,-0.09352275531910974,0.20943375772046155,-0.07114925409638358
6.0,-25.0,-35.0,-20.0,127.0,80.0,-13.0,-16.0,0.17546617099738018,0.4370577499504553,0.0410182173718765,-0.0844236286158925,0.2130213430165811,-0.07182187881494943
2.0,7.0,41.0,28.0,-22.0,-48.0,-5.0,-8.0,0.17263305425875272,0.43118530247270487,0.04126998719708641,-0.07885654295386918,0.21448623171432493,-0.07180391482743077
-18.0,27.0,-28.0,-52.0,53.0,-28.0,-13.0,-10.0,0.17072754322083233,0.42609824029990795,0.04139026920205868,-0.07906013412962082,0.2129944291847703,-0.0708365241109861
-14.0,-48.0,1.0,-10.0,-26.0,-47.0,-17.0,-28.0,0.16976608573431082,0.42288816060847617,0.041087431933781615,-0.08604315330074734,0.20826149671462932,-0.06886504692826502
8.0,-18.0,-11.0,-112.0,-80.0,8.0,4.0,-3.0,0.16949482353446652,0.4217221127631726,0.04026538876936514,-0.09901720422106794,0.20076541288227812,-0.06607415380625269
28.0,43.0,49.0,127.0,93.0,44.0,21.0,17.0,0.16954532251554635,0.4218633182747028,0.03908527847147003,-0.11542001384848317,0.19172055863175297,-0.06283381345266782
-17.0,-24.0,26.0,-44.0,127.0,8.0,15.0,-9.0,0.18600107341452898,0.4393855116413391,0.042816378270515765,-0.11677188784423165,0.19650717446159402,-0.0679200921595199
-11.0,5.0,7.0,79.0,125.0,100.0,19.0,11.0,0.18475487521640982,0.44365035731259683,0.04197910022245133,-0.11184143439941152,0.2001835210862301,-0.0690017668186111
23.0,22.0,-8.0,2.0,-3.0,-42.0,3.0,12.0,0.18219302943003252,0.4445716851147775,0.04128997626973263,-0.10347907631245785,0.20479918010097736,-0.0701209645959346
10.0,-7.0,-23.0,-29.0,-118.0,-23.0,-15.0,-13.0,0.1788634008413246,0.4420577935547091,0.04096084077693518,-0.09352275531910974,0.20943375772046155,-0.07114925409638358
-5.0,-4.0,61.0,64.0,127.0,89.0,24.0,-1.0,0.17546617099738018,0.4370577499504553,0.0410182173718765,-0.0844236286158925,0.2130213430165811,-0.07182187881494943
-16.0,-50.0,-28.0,54.0,-128.0,-92.0,-34.0,-15.0,0.17263305425875272,0.43118530247270487,0.04126998719708641,-0.07885654295386918,0.21448623171432493,-0.07180391482743077
-8.0,6.0,-2.0,-61.0,41.0,4.0,23.0,9.0,0.17072754322083233,0.42609824029990795,0.04139026920205868,-0.07906013412962082,0.2129944291847703,-0.0708365241109861
16.0,43.0,4.0,6.0,-37.0,55.0,-1.0,-5.0,0.16976608573431082,0.42288816060847617,0.041087431933781615,-0.08604315330074734,0.20826149671462932,-0.06886504692826502
3.0,-51.0,-1.0,31.0,112.0,-12.0,-6.0,-9.0,0.16949482353446652,0.4217221127631726,0.04026538876936514,-0.09901720422106794,0.20076541288227812,-0.06607415380625269
-4.0,-11.0,-27.0,-108.0,-128.0,-50.0,-12.0,6.0,0.16954532251554635,0.4218633182747028,0.03908527847147003,-0.11542001384848317,0.19172055863175297,-0.06283381345266782
10.0,23.0,13.0,76.0,16.0,51.0,-4.0,-2.0,0.18600107341452898,0.4393855116413391,0.042816378270515765,-0.11677188784423165,0.19650717446159402,-0.0679200921595199
1.0,0.0,-13.0,25.0,127.0,-12.0,3.0,2.0,0.18475487521640982,0.44365035731259683,0.04197910022245133,-0.11184143439941152,0.2001835210862301,-0.0690017668186111
21.0,3.0,1.0,6.0,-128.0,61.0,23.0,7.0,0.18219302943003252,0.4445716851147775,0.04128997626973263,-0.10347907631245785,0.20479918010097736,-0.0701209645959346
-7.0,15.0,58.0,127.0,127.0,110.0,41.0,8.0,0.1788634008413246,0.4420577935547091,0.04096084077693518,-0.09352275531910974,0.20943375772046155,-0.07114925409638358
-41.0,-16.0,-119.0,-111.0,-127.0,-101.0,-34.0,18.0,0.17546617099738018,0.4370577499504553,0.0410182173718765,-0.0844236286158925,0.2130213430165811,-0.07182187881494943
-20.0,-20.0,-30.0,-128.0,-128.0,-126.0,-49.0,-22.0,0.17263305425875272,0.43118530247270487,0.04126998719708641,-0.07885654295386918,0.21448623171432493,-0.07180391482743077
22.0,-15.0,18.0,127.0,88.0,102.0,41.0,15.0,0.17072754322083233,0.42609824029990795,0.04139026920205868,-0.07906013412962082,0.2129944291847703,-0.0708365241109861
-12.0,18.0,12.0,-27.0,71.0,-27.0,-2.0,1.0,0.16976608573431082,0.42288816060847617,0.041087431933781615,-0.08604315330074734,0.20826149671462932,-0.06886504692826502
-2.0,-29.0,-50.0,-80.0,-128.0,-71.0,-14.0,0.0,0.16949482353446652,0.4217221127631726,0.04026538876936514,-0.09901720422106794,0.20076541288227812,-0.06607415380625269
18.0,10.0,79.0,127.0,34.0,127.0,68.0,16.0,0.16954532251554635,0.4218633182747028,0.03908527847147003,-0.11542001384848317,0.19172055863175297,-0.06283381345266782
8.0,53.0,2.0,-9.0,79.0,-32.0,13.0,4.0,0.18600107341452898,0.4393855116413391,0.042816378270515765,-0.11677188784423165,0.19650717446159402,-0.0679200921595199
-18.0,-19.0,-15.0,-9.0,46.0,4.0,6.0,-15.0,0.18475487521640982,0.44365035731259683,0.04197910022245133,-0.11184143439941152,0.2001835210862301,-0.0690017668186111
0.0,6.0,-17.0,-116.0,-128.0,-87.0,-32.0,-11.0,0.18219302943003252,0.4445716851147775,0.04128997626973263,-0.10347907631245785,0.20479918010097736,-0.0701209645959346
-1.0,-2.0,18.0,41.0,25.0,26.0,16.0,6.0,0.1788634008413246,0.4420577935547091,0.04096084077693518,-0.09352275531910974,0.20943375772046155,-0.07114925409638358
-5.0,53.0,58.0,127.0,127.0,73.0,6.0,-4.0,0.17546617099738018,0.4370577499504553,0.0410182173718765,-0.0844236286158925,0.2130213430165811,-0.07182187881494943
-13.0,-7.0,-14.0,-128.0,-128.0,-82.0,-25.0,-20.0,0.17263305425875272,0.43118530247270487,0.04126998719708641,-0.07885654295386918,0.21448623171432493,-0.07180391482743077
-18.0,-50.0,57.0,-69.0,-99.0,-55.0,-3.0,-12.0,0.17072754322083233,0.42609824029990795,0.04139026920205868,-0.07906013412962082,0.2129944291847703,-0.0708365241109861
-6.0,26.0,-12.0,22.0,-11.0,34.0,15.0,24.0,0.16976608573431082,0.42288816060847617,0.041087431933781615,-0.08604315330074734,0.20826149671462932,-0.06886504692826502
2.0,28.0,-2.0,80.0,30.0,56.0,-14.0,-12.0,0.16949482353446652,0.4217221127631726,0.04026538876936514,-0.09901720422106794,0.20076541288227812,-0.06607415380625269
7.0,-2.0,1.0,-64.0,-128.0,-33.0,-12.0,1.0,0.16954532251554635,0.4218633182747028,0.03908527847147003,-0.11542001384848317,0.19172055863175297,-0.06283381345266782
0.0,-6.0,-30.0,-19.0,-114.0,-34.0,-17.0,-17.0,0.18600107341452898,0.4393855116413391,0.042816378270515765,-0.11677188784423165,0.19650717446159402,-0.0679200921595199
8.0,15.0,37.0,118.0,127.0,92.0,-6.0,-6.0,0.18475487521640982,0.44365035731259683,0.04197910022245133,-0.11184143439941152,0.2001835210862301,-0.0690017668186111
1.0,-38.0,-21.0,-85.0,-81.0,-120.0,-20.0,3.0,0.18219302943003252,0.4445716851147775,0.04128997626973263,-0.10347907631245785,0.20479918010097736,-0.0701209645959346
4.0,19.0,13.0,37.0,110.0,127.0,40.0,10.0,0.1788634008413246,0.4420577935547091,0.04096084077693518,-0.09352275531910974,0.20943375772046155,-0.07114925409638358
5.0,41.0,16.0,-39.0,-74.0,-52.0,-28.0,-12.0,0.17546617099738018,0.4370577499504553,0.0410182173718765,-0.0844236286158925,0.2130213430165811,-0.07182187881494943
-15.0,-37.0,-101.0,-68.0,-128.0,-62.0,-13.0,0.0,0.17263305425875272,0.43118530247270487,0.04126998719708641,-0.07885654295386918,0.21448623171432493,-0.07180391482743077
8.0,-47.0,14.0,67.0,-11.0,21.0,-9.0,1.0,0.17072754322083233,0.42609824029990795,0.04139026920205868,-0.07906013412962082,0.2129944291847703,-0.0708365241109861
3.0,4.0,16.0,21.0,127.0,0.0,28.0,1.0,0.16976608573431082,0.42288816060847617,0.041087431933781615,-0.08604315330074734,0.20826149671462932,-0.06886504692826502
8.0,29.0,8.0,64.0,-126.0,10.0,12.0,-2.0,0.16949482353446652,0.4217221127631726,0.04026538876936514,-0.09901720422106794,0.20076541288227812,-0.06607415380625269
6.0,3.0,8.0,25.0,127.0,53.0,4.0,-3.0,0.16954532251554635,0.4218633182747028,0.03908527847147003,-0.11542001384848317,0.19172055863175297,-0.06283381345266782
26.0,-52.0,-19.0,-17.0,-67.0,-37.0,-16.0,-4.0,0.18600107341452898,0.4393855116413391,0.042816378270515765,-0.11677188784423165,0.19650717446159402,-0.0679200921595199
-2.0,2.0,28.0,53.0,28.0,69.0,39.0,11.0,0.18475487521640982,0.44365035731259683,0.04197910022245133,-0.11184143439941152,0.2001835210862301,-0.0690017668186111
-3.0,47.0,10.0,38.0,127.0,49.0,1.0,-3.0,0.18219302943003252,0.4445716851147775,0.04128997626973263,-0.10347907631245785,0.20479918010097736,-0.0701209645959346
13.0,6.0,-1.0,-58.0,-128.0,-78.0,-22.0,-20.0,0.1788634008413246,0.4420577935547091,0.04096084077693518,-0.09352275531910974,0.20943375772046155,-0.07114925409638358
10.0,-17.0,-83.0,18.0,-60.0,34.0,-6.0,2.0,0.17546617099738018,0.4370577499504553,0.0410182173718765,-0.0844236286158925,0.2130213430165811,-0.07182187881494943
-5.0,-9.0,28.0,-50.0,-67.0,-60.0,20.0,1.0,0.17263305425875272,0.43118530247270487,0.04126998719708641,-0.07885654295386918,0.21448623171432493,-0.07180391482743077
6.0,49.0,-5.0,17.0,12.0,20.0,-15.0,-4.0,0.17072754322083233,0.42609824029990795,0.04139026920205868,-0.07906013412962082,0.2129944291847703,-0.0708365241109861
-9.0,-1.0,-3.0,81.0,127.0,83.0,20.0,1.0,0.16976608573431082,0.42288816060847617,0.041087431933781615,-0.08604315330074734,0.20826149671462932,-0.06886504692826502
4.0,-13.0,-10.0,26.0,-38.0,-1.0,-10.0,-5.0,0.16949482353446652,0.4217221127631726,0.04026538876936514,-0.09901720422106794,0.20076541288227812,-0.06607415380625269
-13.0,16.0,-15.0,-110.0,-61.0,-56.0,1.0,1.0,0.16954532251554635,0.4218633182747028,0.03908527847147003,-0.11542001384848317,0.19172055863175297,-0.06283381345266782
3.0,-1.0,-38.0,-118.0,-128.0,-61.0,-35.0,-9.0,0.18600107341452898,0.4393855116413391,0.042816378270515765,-0.11677188784423165,0.19650717446159402,-0.0679200921595199
3.0,-37.0,-6.0,14.0,-54.0,-56.0,-5.0,5.0,0.18475487521640982,0.44365035731259683,0.04197910022245133,-0.11184143439941152,0.2001835210862301,-0.0690017668186111
-5.0,17.0,-12.0,-74.0,-23.0,-35.0,4.0,-6.0,0.18219302943003252,0.4445716851147775,0.04128997626973263,-0.10347907631245785,0.20479918010097736,-0.0701209645959346
-1.0,-4.0,-9.0,-43.0,-67.0,-19.0,-28.0,0.0,0.1788634008413246,0.4420577935547091,0.04096084077693518,-0.09352275531910974,0.20943375772046155,-0.07114925409638358
23.0,-16.0,40.0,127.0,115.0,127.0,29.0,-4.0,0.17546617099738018,0.4370577499504553,0.0410182173718765,-0.0844236286158925,0.2130213430165811,-0.07182187881494943
-30.0,-19.0,-64.0,-76.0,84.0,-50.0,0.0,-18.0,0.17263305425875272,0.43118530247270487,0.04126998719708641,-0.07885654295386918,0.21448623171432493,-0.07180391482743077
11.0,28.0,19.0,42.0,56.0,49.0,15.0,5.0,0.17072754322083233,0.42609824029990795,0.04139026920205868,-0.07906013412962082,0.2129944291847703,-0.0708365241109861
-5.0,-19.0,12.0,37.0,127.0,73.0,-3.0,-7.0,0.16976608573431082,0.42288816060847617,0.041087431933781615,-0.08604315330074734,0.20826149671462932,-0.06886504692826502
0.0,-39.0,-39.0,-128.0,-128.0,-128.0,-36.0,-11.0,0.16949482353446652,0.4217221127631726,0.04026538876936514,-0.09901720422106794,0.20076541288227812,-0.06607415380625269
7.0,-27.0,-52.0,-15.0,-53.0,-20.0,7.0,20.0,0.16954532251554635,0.4218633182747028,0.03908527847147003,-0.11542001384848317,0.19172055863175297,-0.06283381345266782
0.0,-54.0,-18.0,-67.0,-117.0,-63.0,-13.0,-8.0,0.18600107341452898,0.4393855116413391,0.042816378270515765,-0.11677188784423165,0.19650717446159402,-0.0679200921595199
-8.0,-24.0,2.0,45.0,51.0,62.0,12.0,5.0,0.18475487521640982,0.44365035731259683,0.04197910022245133,-0.11184143439941152,0.2001835210862301,-0.0690017668186111
-13.0,38.0,7.0,18.0,127.0,9.0,18.0,-3.0,0.18219302943003252,0.4445716851147775,0.04128997626973263,-0.10347907631245785,0.20479918010097736,-0.0701209645959346
26.0,10.0,-5.0,9.0,-128.0,-8.0,-23.0,3.0,0.1788634008413246,0.4420577935547091,0.04096084077693518,-0.09352275531910974,0.20943375772046155,-0.07114925409638358
-6.0,-19.0,-1.0,-33.0,94.0,-7.0,5.0,9.0,0.17546617099738018,0.4370577499504553,0.0410182173718765,-0.0844236286158925,0.2130213430165811,-0.07182187881494943
23.0,-14.0,-4.0,-45.0,-128.0,-48.0,-16.0,-3.0,0.17263305425875272,0.43118530247270487,0.04126998719708641,-0.07885654295386918,0.21448623171432493,-0.07180391482743077
-26.0,0.0,-8.0,89.0,127.0,76.0,36.0,11.0,0.17072754322083233,0.42609824029990795,0.04139026920205868,-0.07906013412962082,0.2129944291847703,-0.0708365241109861
12.0,6.0,-19.0,-128.0,-128.0,-128.0,-40.0,-7.0,0.16976608573431082,0.42288816060847617,0.041087431933781615,-0.08604315330074734,0.20826149671462932,-0.06886504692826502
1.0,-31.0,-21.0,54.0,22.0,65.0,14.0,7.0,0.16949482353446652,0.4217221127631726,0.04026538876936514,-0.09901720422106794,0.20076541288227812,-0.06607415380625269
-4.0,-13.0,11.0,-52.0,79.0,-3.0,23.0,14.0,0.16954532251554635,0.4218633182747028,0.03908527847147003,-0.11542001384848317,0.19172055863175297,-0.06283381345266782
-16.0,-40.0,6.0,53.0,127.0,99.0,25.0,7.0,0.18600107341452898,0.4393855116413391,0.042816378270515765,-0.11677188784423165,0.19650717446159402,-0.0679200921595199
4.0,-50.0,-11.0,-66.0,-96.0,-46.0,-19.0,-14.0,0.18475487521640982,0.44365035731259683,0.04197910022245133,-0.11184143439941152,0.2001835210862301,-0.0690017668186111
6.0,20.0,-34.0,-3.0,-71.0,7.0,-22.0,6.0,0.18219302943003252,0.4445716851147775,0.04128997626973263,-0.10347907631245785,0.20479918010097736,-0.0701209645959346
10.0,2.0,25.0,17.0,-54.0,34.0,-5.0,-7.0,0.1788634008413246,0.4420577935547091,0.04096084077693518,-0.09352275531910974,0.20943375772046155,-0.07114925409638358
5.0,-16.0,-26.0,6.0,127.0,-38.0,-17.0,-4.0,0.17546617099738018,0.4370577499504553,0.0410182173718765,-0.0844236286158925,0.2130213430165811,-0.07182187881494943
9.0,9.0,-7.0,-72.0,-128.0,-40.0,-19.0,-4.0,0.17263305425875272,0.43118530247270487,0.04126998719708641,-0.07885654295386918,0.21448623171432493,-0.07180391482743077
1.0,16.0,-4.0,-13.0,127.0,51.0,-4.0,2.0,0.17072754322083233,0.42609824029990795,0.04139026920205868,-0.07906013412962082,0.2129944291847703,-0.0708365241109861
9.0,13.0,17.0,45.0,-67.0,2.0,2.0,-1.0,0.16976608573431082,0.42288816060847617,0.041087431933781615,-0.08604315330074734,0.20826149671462932,-0.06886504692826502
-56.0,-33.0,-61.0,37.0,107.0,-13.0,-10.0,-8.0,0.16949482353446652,0.4217221127631726,0.04026538876936514,-0.09901720422106794,0.20076541288227812,-0.06607415380625269
30.0,-10.0,4.0,-35.0,-128.0,-4.0,18.0,7.0,0.16954532251554635,0.4218633182747028,0.03908527847147003,-0.11542001384848317,0.19172055863175297,-0.06283381345266782
9.0,54.0,24.0,17.0,-45.0,-1.0,3.0,5.0,0.18600107341452898,0.4393855116413391,0.042816378270515765,-0.11677188784423165,0.19650717446159402,-0.0679200921595199
13.0,11.0,13.0,52.0,127.0,61.0,-11.0,0.0,0.18475487521640982,0.44365035731259683,0.04197910022245133,-0.11184143439941152,0.2001835210862301,-0.0690017668186111
-21.0,-34.0,-30.0,-101.0,-128.0,-93.0,-30.0,-19.0,0.18219302943003252,0.4445716851147775,0.04128997626973263,-0.10347907631245785,0.20479918010097736,-0.0701209645959346
4.0,-49.0,-22.0,-9.0,-27.0,-37.0,-2.0,7.0,0.1788634008413246,0.4420577935547091,0.04096084077693518,-0.09352275531910974,0.20943375772046155,-0.07114925409638358
-34.0,22.0,-18.0,52.0,127.0,122.0,23.0,6.0,0.17546617099738018,0.4370577499504553,0.0410182173718765,-0.0844236286158925,0.2130213430165811,-0.07182187881494943
7.0,10.0,-71.0,-42.0,28.0,-100.0,-27.0,-13.0,0.17263305425875272,0.43118530247270487,0.04126998719708641,-0.07885654295386918,0.21448623171432493,-0.07180391482743077
2.0,-17.0,5.0,92.0,96.0,108.0,19.0,-9.0,0.17072754322083233,0.42609824029990795,0.04139026920205868,-0.07906013412962082,0.2129944291847703,-0.0708365241109861
-17.0,2.0,27.0,-36.0,69.0,-2.0,16.0,-19.0,0.16976608573431082,0.42288816060847617,0.041087431933781615,-0.08604315330074734,0.20826149671462932,-0.06886504692826502
8.0,25.0,-33.0,-51.0,-87.0,-84.0,-36.0,-7.0,0.16949482353446652,0.4217221127631726,0.04026538876936514,-0.09901720422106794,0.20076541288227812,-0.06607415380625269
15.0,0.0,17.0,49.0,-92.0,-23.0,5.0,1.0,0.16954532251554635,0.4218633182747028,0.03908527847147003,-0.11542001384848317,0.19172055863175297,-0.06283381345266782
0.0,-34.0,-20.0,-46.0,-102.0,-28.0,-28.0,-11.0,0.18600107341452898,0.4393855116413391,0.042816378270515765,-0.11677188784423165,0.19650717446159402,-0.0679200921595199
24.0,-13.0,8.0,21.0,5.0,-48.0,4.0,6.0,0.18475487521640982,0.44365035731259683,0.04197910022245133,-0.11184143439941152,0.2001835210862301,-0.0690017668186111
-23.0,26.0,27.0,111.0,96.0,93.0,18.0,2.0,0.18219302943003252,0.4445716851147775,0.04128997626973263,-0.10347907631245785,0.20479918010097736,-0.0701209645959346
-5.0,6.0,0.0,-17.0,76.0,14.0,15.0,1.0,0.1788634008413246,0.4420577935547091,0.04096084077693518,-0.09352275531910974,0.20943375772046155,-0.07114925409638358
1.0,-11.0,-92.0,-12.0,125.0,12.0,9.0,-5.0,0.17546617099738018,0.4370577499504553,0.0410182173718765,-0.0844236286158925,0.2130213430165811,-0.07182187881494943
-6.0,-20.0,-4.0,6.0,15.0,-13.0,0.0,7.0,0.17263305425875272,0.43118530247270487,0.04126998719708641,-0.07885654295386918,0.21448623171432493,-0.07180391482743077
-12.0,34.0,-9.0,-33.0,-64.0,-66.0,-9.0,-2.0,0.17072754322083233,0.42609824029990795,0.04139026920205868,-0.07906013412962082,0.2129944291847703,-0.0708365241109861
10.0,-70.0,-12.0,-14.0,-14.0,28.0,-11.0,6.0,0.16976608573431082,0.42288816060847617,0.041087431933781615,-0.08604315330074734,0.20826149671462932,-0.06886504692826502
-5.0,-10.0,9.0,39.0,127.0,-17.0,6.0,-3.0,0.16949482353446652,0.4217221127631726,0.04026538876936514,-0.09901720422106794,0.20076541288227812,-0.06607415380625269
3.0,-23.0,7.0,-7.0,-128.0,1.0,5.0,5.0,0.16954532251554635,0.4218633182747028,0.03908527847147003,-0.11542001384848317,0.19172055863175297,-0.06283381345266782
17.0,34.0,-21.0,-51.0,37.0,-50.0,-23.0,3.0,0.18600107341452898,0.4393855116413391,0.042816378270515765,-0.11677188784423165,0.19650717446159402,-0.0679200921595199
-12.0,10.0,10.0,46.0,-74.0,48.0,16.0,7.0,0.18475487521640982,0.44365035731259683,0.04197910022245133,-0.11184143439941152,0.2001835210862301,-0.0690017668186111
6.0,-21.0,27.0,-13.0,-59.0,-50.0,-12.0,12.0,0.18219302943003252,0.4445716851147775,0.04128997626973263,-0.10347907631245785,0.20479918010097736,-0.0701209645959346
2.0,13.0,-18.0,-66.0,-53.0,-26.0,-1.0,-15.0,0.1788634008413246,0.4420577935547091,0.04096084077693518,-0.09352275531910974,0.20943375772046155,-0.07114925409638358
-23.0,12.0,-82.0,28.0,10.0,4.0,-15.0,-18.0,0.17546617099738018,0.4370577499504553,0.0410182173718765,-0.0844236286158925,0.2130213430165811,-0.07182187881494943
-11.0,-25.0,18.0,52.0,-14.0,15.0,6.0,0.0,0.17263305425875272,0.43118530247270487,0.04126998719708641,-0.07885654295386918,0.21448623171432493,-0.07180391482743077
-43.0,-9.0,13.0,-63.0,-6.0,-51.0,-5.0,-6.0,0.17072754322083233,0.42609824029990795,0.04139026920205868,-0.07906013412962082,0.2129944291847703,-0.0708365241109861
30.0,-45.0,-50.0,100.0,-37.0,89.0,25.0,16.0,0.16976608573431082,0.42288816060847617,0.041087431933781615,-0.08604315330074734,0.20826149671462932,-0.06886504692826502
3.0,58.0,31.0,31.0,127.0,30.0,-4.0,-1.0,0.16949482353446652,0.4217221127631726,0.04026538876936514,-0.09901720422106794,0.20076541288227812,-0.06607415380625269
2.0,0.0,-22.0,-74.0,-68.0,-45.0,-27.0,-9.0,0.16954532251554635,0.4218633182747028,0.03908527847147003,-0.11542001384848317,0.19172055863175297,-0.06283381345266782
-10.0,-48.0,15.0,-3.0,20.0,-26.0,20.0,-5.0,0.18600107341452898,0.4393855116413391,0.042816378270515765,-0.11677188784423165,0.19650717446159402,-0.0679200921595199
-10.0,-5.0,-2.0,24.0,-22.0,30.0,6.0,-2.0,0.18475487521640982,0.44365035731259683,0.04197910022245133,-0.11184143439941152,0.2001835210862301,-0.0690017668186111
5.0,46.0,11.0,-11.0,38.0,21.0,0.0,4.0,0.18219302943003252,0.4445716851147775,0.04128997626973263,-0.10347907631245785,0.20479918010097736,-0.0701209645959346
-22.0,-2.0,10.0,72.0,55.0,-14.0,-14.0,-9.0,0.1788634008413246,0.4420577935547091,0.04096084077693518,-0.09352275531910974,0.20943375772046155,-0.07114925409638358
-17.0,-18.0,-26.0,-53.0,-128.0,-8.0,14.0,-12.0,0.17546617099738018,0.4370577499504553,0.0410182173718765,-0.0844236286158925,0.2130213430165811,-0.07182187881494943
11.0,-1.0,23.0,102.0,127.0,52.0,-1.0,15.0,0.17263305425875272,0.43118530247270487,0.04126998719708641,-0.07885654295386918,0.21448623171432493,-0.07180391482743077
4.0,14.0,-20.0,-111.0,-128.0,-95.0,-17.0,-5.0,0.17072754322083233,0.42609824029990795,0.04139026920205868,-0.07906013412962082,0.2129944291847703,-0.0708365241109861
-26.0,-10.0,-100.0,-6.0,6.0,68.0,6.0,-1.0,0.16976608573431082,0.42288816060847617,0.041087431933781615,-0.08604315330074734,0.20826149671462932,-0.06886504692826502
-8.0,-4.0,20.0,52.0,127.0,11.0,7.0,-6.0,0.16949482353446652,0.4217221127631726,0.04026538876936514,-0.09901720422106794,0.20076541288227812,-0.06607415380625269
-10.0,-19.0,-35.0,-72.0,-58.0,-57.0,-17.0,0.0,0.16954532251554635,0.4218633182747028,0.03908527847147003,-0.11542001384848317,0.19172055863175297,-0.06283381345266782
-9.0,7.0,-41.0,-128.0,-128.0,-121.0,-39.0,-19.0,0.18600107341452898,0.4393855116413391,0.042816378270515765,-0.11677188784423165,0.19650717446159402,-0.0679200921595199
14.0,15.0,20.0,82.0,57.0,48.0,3.0,7.0,0.18475487521640982,0.44365035731259683,0.04197910022245133,-0.11184143439941152,0.2001835210862301,-0.0690017668186111
-4.0,-32.0,26.0,0.0,43.0,-1.0,5.0,-3.0,0.18219302943003252,0.4445716851147775,0.04128997626973263,-0.10347907631245785,0.20479918010097736,-0.0701209645959346
0.0,0.0,-10.0,14.0,72.0,36.0,-19.0,-1.0,0.1788634008413246,0.4420577935547091,0.04096084077693518,-0.09352275531910974,0.20943375772046155,-0.07114925409638358
-29.0,14.0,-6.0,-50.0,-18.0,-50.0,0.0,-5.0,0.17546617099738018,0.4370577499504553,0.0410182173718765,-0.0844236286158925,0.2130213430165811,-0.07182187881494943
11.0,20.0,26.0,-31.0,-6.0,17.0,-9.0,2.0,0.17263305425875272,0.43118530247270487,0.04126998719708641,-0.07885654295386918,0.21448623171432493,-0.07180391482743077
11.0,-9.0,0.0,19.0,26.0,18.0,4.0,7.0,0.17072754322083233,0.42609824029990795,0.04139026920205868,-0.07906013412962082,0.2129944291847703,-0.0708365241109861
-9.0,-15.0,25.0,87.0,127.0,-2.0,17.0,-4.0,0.16976608573431082,0.42288816060847617,0.041087431933781615,-0.08604315330074734,0.20826149671462932,-0.06886504692826502
9.0,32.0,-11.0,-51.0,-113.0,-10.0,1.0,15.0,0.16949482353446652,0.4217221127631726,0.04026538876936514,-0.09901720422106794,0.20076541288227812,-0.06607415380625269
-5.0,-12.0,-73.0,-75.0,-58.0,-37.0,-28.0,-1.0,0.16954532251554635,0.4218633182747028,0.03908527847147003,-0.11542001384848317,0.19172055863175297,-0.06283381345266782
-13.0,32.0,15.0,-30.0,-31.0,-56.0,47.0,3.0,0.18600107341452898,0.4393855116413391,0.042816378270515765,-0.11677188784423165,0.19650717446159402,-0.0679200921595199
1.0,-10.0,-29.0,-6.0,-48.0,-2.0,-28.0,-8.0,0.18475487521640982,0.44365035731259683,0.04197910022245133,-0.11184143439941152,0.2001835210862301,-0.0690017668186111
16.0,-12.0,2.0,-23.0,-1.0,-34.0,7.0,4.0,0.18219302943003252,0.4445716851147775,0.04128997626973263,-0.10347907631245785,0.20479918010097736,-0.0701209645959346
-19.0,26.0,5.0,2.0,52.0,18.0,-2.0,-2.0,0.1788634008413246,0.4420577935547091,0.04096084077693518,-0.09352275531910974,0.20943375772046155,-0.07114925409638358
3.0,-11.0,8.0,15.0,-26.0,35.0,2.0,10.0,0.17546617099738018,0.4370577499504553,0.0410182173718765,-0.0844236286158925,0.2130213430165811,-0.07182187881494943
3.0,36.0,4.0,11.0,95.0,22.0,-17.0,-14.0,0.17263305425875272,0.43118530247270487,0.04126998719708641,-0.07885654295386918,0.21448623171432493,-0.07180391482743077
-3.0,-19.0,-46.0,-128.0,-128.0,-92.0,-29.0,-2.0,0.17072754322083233,0.42609824029990795,0.04139026920205868,-0.07906013412962082,0.2129944291847703,-0.0708365241109861
-1.0,-4.0,4.0,70.0,-21.0,49.0,9.0,-4.0,0.16976608573431082,0.42288816060847617,0.041087431933781615,-0.08604315330074734,0.20826149671462932,-0.06886504692826502
-23.0,11.0,27.0,-30.0,-27.0,-75.0,-16.0,-20.0,0.16949482353446652,0.4217221127631726,0.04026538876936514,-0.09901720422106794,0.20076541288227812,-0.06607415380625269
-8.0,1.0,-67.0,-94.0,-58.0,-72.0,-29.0,-1.0,0.16954532251554635,0.4218633182747028,0.03908527847147003,-0.11542001384848317,0.19172055863175297,-0.06283381345266782
-10.0,-31.0,34.0,115.0,36.0,63.0,11.0,5.0,0.18600107341452898,0.4393855116413391,0.042816378270515765,-0.11677188784423165,0.19650717446159402,-0.0679200921595199
-15.0,-28.0,45.0,87.0,127.0,63.0,46.0,4.0,0.18475487521640982,0.44365035731259683,0.04197910022245133,-0.11184143439941152,0.2001835210862301,-0.0690017668186111
11.0,25.0,-34.0,-128.0,-128.0,-24.0,-15.0,10.0,0.18219302943003252,0.4445716851147775,0.04128997626973263,-0.10347907631245785,0.20479918010097736,-0.0701209645959346
-3.0,15.0,-11.0,-15.0,-110.0,-45.0,-21.0,-15.0,0.1788634008413246,0.4420577935547091,0.04096084077693518,-0.09352275531910974,0.20943375772046155,-0.07114925409638358
5.0,-3.0,30.0,-3.0,-1.0,-12.0,-12.0,-4.0,0.17546617099738018,0.4370577499504553,0.0410182173718765,-0.0844236286158925,0.2130213430165811,-0.07182187881494943
-13.0,-25.0,-4.0,-7.0,-27.0,7.0,17.0,4.0,0.17263305425875272,0.43118530247270487,0.04126998719708641,-0.07885654295386918,0.21448623171432493,-0.07180391482743077
11.0,11.0,8.0,30.0,-10.0,17.0,-11.0,6.0,0.17072754322083233,0.42609824029990795,0.04139026920205868,-0.07906013412962082,0.2129944291847703,-0.0708365241109861
-10.0,8.0,8.0,2.0,113.0,5.0,22.0,-3.0,0.16976608573431082,0.42288816060847617,0.041087431933781615,-0.08604315330074734,0.20826149671462932,-0.06886504692826502
13.0,-7.0,-24.0,-32.0,-52.0,-60.0,-37.0,-13.0,0.16949482353446652,0.4217221127631726,0.04026538876936514,-0.09901720422106794,0.20076541288227812,-0.06607415380625269
6.0,6.0,31.0,77.0,62.0,127.0,29.0,16.0,0.16954532251554635,0.4218633182747028,0.03908527847147003,-0.11542001384848317,0.19172055863175297,-0.06283381345266782
3.0,-27.0,-20.0,-22.0,-103.0,9.0,-12.0,-2.0,0.18600107341452898,0.4393855116413391,0.042816378270515765,-0.11677188784423165,0.19650717446159402,-0.0679200921595199
-6.0,-3.0,13.0,67.0,30.0,54.0,6.0,0.0,0.18475487521640982,0.44365035731259683,0.04197910022245133,-0.11184143439941152,0.2001835210862301,-0.0690017668186111
-5.0,5.0,19.0,-40.0,-10.0,-103.0,6.0,0.0,0.18219302943003252,0.4445716851147775,0.04128997626973263,-0.10347907631245785,0.20479918010097736,-0.0701209645959346
21.0,28.0,5.0,17.0,2.0,66.0,-3.0,8.0,0.1788634008413246,0.4420577935547091,0.04096084077693518,-0.09352275531910974,0.20943375772046155,-0.07114925409638358
11.0,-6.0,6.0,63.0,127.0,10.0,2.0,-1.0,0.17546617099738018,0.4370577499504553,0.0410182173718765,-0.0844236286158925,0.2130213430165811,-0.07182187881494943
-20.0,-57.0,-89.0,-127.0,-128.0,-83.0,-23.0,-2.0,0.17263305425875272,0.43118530247270487,0.04126998719708641,-0.07885654295386918,0.21448623171432493,-0.07180391482743077
-7.0,46.0,37.0,127.0,126.0,68.0,16.0,9.0,0.17072754322083233,0.42609824029990795,0.04139026920205868,-0.07906013412962082,0.2129944291847703,-0.0708365241109861
30.0,37.0,-2.0,-7.0,-128.0,-21.0,17.0,1.0,0.16976608573431082,0.42288816060847617,0.041087431933781615,-0.08604315330074734,0.20826149671462932,-0.06886504692826502
-23.0,-26.0,-35.0,-77.0,83.0,13.0,-11.0,-18.0,0.16949482353446652,0.4217221127631726,0.04026538876936514,-0.09901720422106794,0.20076541288227812,-0.06607415380625269
8.0,-46.0,-22.0,-53.0,-128.0,-88.0,-1.0,8.0,0.16954532251554635,0.4218633182747028,0.03908527847147003,-0.11542001384848317,0.19172055863175297,-0.06283381345266782
12.0,42.0,43.0,127.0,89.0,75.0,40.0,21.0,0.18600107341452898,0.4393855116413391,0.042816378270515765,-0.11677188784423165,0.19650717446159402,-0.0679200921595199
7.0,39.0,10.0,-10.0,123.0,-43.0,-24.0,-3.0,0.18475487521640982,0.44365035731259683,0.04197910022245133,-0.11184143439941152,0.2001835210862301,-0.0690017668186111
0.0,-44.0,-1.0,-11.0,-119.0,12.0,-8.0,0.0,0.18219302943003252,0.4445716851147775,0.04128997626973263,-0.10347907631245785,0.20479918010097736,-0.0701209645959346
-10.0,-28.0,-63.0,13.0,127.0,25.0,19.0,9.0,0.1788634008413246,0.4420577935547091,0.04096084077693518,-0.09352275531910974,0.20943375772046155,-0.07114925409638358
-2.0,38.0,2.0,-8.0,-128.0,12.0,-2.0,-3.0,0.17546617099738018,0.4370577499504553,0.0410182173718765,-0.0844236286158925,0.2130213430165811,-0.07182187881494943
20.0,59.0,-4.0,23.0,63.0,6.0,-13.0,-5.0,0.17263305425875272,0.43118530247270487,0.04126998719708641,-0.07885654295386918,0.21448623171432493,-0.07180391482743077
-36.0,-78.0,-20.0,-114.0,-28.0,-38.0,-9.0,-10.0,0.17072754322083233,0.42609824029990795,0.04139026920205868,-0.07906013412962082,0.2129944291847703,-0.0708365241109861
17.0,-42.0,-39.0,33.0,-117.0,-58.0,-10.0,-2.0,0.16976608573431082,0.42288816060847617,0.041087431933781615,-0.08604315330074734,0.20826149671462932,-0.06886504692826502
-1.0,18.0,25.0,84.0,105.0,76.0,4.0,-10.0,0.16949482353446652,0.4217221127631726,0.04026538876936514,-0.09901720422106794,0.20076541288227812,-0.06607415380625269
5.0,7.0,-12.0,-90.0,-53.0,-88.0,-24.0,7.0,0.16954532251554635,0.4218633182747028,0.03908527847147003,-0.11542001384848317,0.19172055863175297,-0.06283381345266782
-13.0,-10.0,-9.0,-53.0,-61.0,-57.0,2.0,-4.0,0.18600107341452898,0.4393855116413391,0.042816378270515765,-0.11677188784423165,0.19650717446159402,-0.0679200921595199
27.0,-13.0,39.0,-33.0,-114.0,-1.0,-4.0,6.0,0.18475487521640982,0.44365035731259683,0.04197910022245133,-0.11184143439941152,0.2001835210862301,-0.0690017668186111
10.0,46.0,8.0,19.0,127.0,10.0,3.0,10.0,0.18219302943003252,0.4445716851147775,0.04128997626973263,-0.10347907631245785,0.20479918010097736,-0.0701209645959346
-37.0,-14.0,-65.0,-128.0,-128.0,-123.0,-29.0,-17.0,0.1788634008413246,0.4420577935547091,0.04096084077693518,-0.09352275531910974,0.20943375772046155,-0.07114925409638358
14.0,-43.0,10.0,110.0,21.0,36.0,30.0,10.0,0.17546617099738018,0.4370577499504553,0.0410182173718765,-0.0844236286158925,0.2130213430165811,-0.07182187881494943
-7.0,-23.0,79.0,127.0,127.0,127.0,41.0,11.0,0.17263305425875272,0.43118530247270487,0.04126998719708641,-0.07885654295386918,0.21448623171432493,-0.07180391482743077
9.0,25.0,-60.0,-128.0,-128.0,-128.0,-47.0,-12.0,0.17072754322083233,0.42609824029990795,0.04139026920205868,-0.07906013412962082,0.2129944291847703,-0.0708365241109861
4.0,38.0,12.0,-4.0,-57.0,39.0,19.0,8.0,0.16976608573431082,0.42288816060847617,0.041087431933781615,-0.08604315330074734,0.20826149671462932,-0.06886504692826502
-1.0,-26.0,-26.0,-61.0,-43.0,-55.0,-20.0,-14.0,0.16949482353446652,0.4217221127631726,0.04026538876936514,-0.09901720422106794,0.20076541288227812,-0.06607415380625269
-10.0,-6.0,-8.0,1.0,-35.0,-9.0,-8.0,-2.0,0.16954532251554635,0.4218633182747028,0.03908527847147003,-0.11542001384848317,0.19172055863175297,-0.06283381345266782
-22.0,-13.0,22.0,-24.0,-71.0,-26.0,-13.0,-7.0,0.18600107341452898,0.4393855116413391,0.042816378270515765,-0.11677188784423165,0.19650717446159402,-0.0679200921595199
-17.0,-29.0,-61.0,43.0,127.0,45.0,-1.0,-18.0,0.18475487521640982,0.44365035731259683,0.04197910022245133,-0.11184143439941152,0.2001835210862301,-0.0690017668186111
-9.0,48.0,7.0,-23.0,-128.0,-38.0,-2.0,-5.0,0.18219302943003252,0.4445716851147775,0.04128997626973263,-0.10347907631245785,0.20479918010097736,-0.0701209645959346
5.0,38.0,-13.0,-46.0,-100.0,-81.0,-24.0,-6.0,0.1788634008413246,0.4420577935547091,0.04096084077693518,-0.09352275531910974,0.20943375772046155,-0.07114925409638358
4.0,-18.0,-1.0,-28.0,42.0,-10.0,-14.0,-2.0,0.17546617099738018,0.4370577499504553,0.0410182173718765,-0.0844236286158925,0.2130213430165811,-0.07182187881494943
17.0,-32.0,8.0,51.0,-128.0,95.0,25.0,10.0,0.17263305425875272,0.43118530247270487,0.04126998719708641,-0.07885654295386918,0.21448623171432493,-0.07180391482743077
-8.0,45.0,29.0,57.0,127.0,70.0,46.0,15.0,0.17072754322083233,0.42609824029990795,0.04139026920205868,-0.07906013412962082,0.2129944291847703,-0.0708365241109861
-9.0,24.0,-4.0,45.0,76.0,15.0,-5.0,-1.0,0.16976608573431082,0.42288816060847617,0.041087431933781615,-0.08604315330074734,0.20826149671462932,-0.06886504692826502
-12.0,-16.0,45.0,-33.0,-63.0,-53.0,-20.0,-14.0,0.16949482353446652,0.4217221127631726,0.04026538876936514,-0.09901720422106794,0.20076541288227812,-0.06607415380625269
-10.0,-32.0,-6.0,-1.0,-63.0,6.0,9.0,1.0,0.16954532251554635,0.4218633182747028,0.03908527847147003,-0.11542001384848317,0.19172055863175297,-0.06283381345266782
0.0,17.0,50.0,83.0,95.0,78.0,12.0,7.0,0.18600107341452898,0.4393855116413391,0.042816378270515765,-0.11677188784423165,0.19650717446159402,-0.0679200921595199
-3.0,33.0,-24.0,-92.0,25.0,-64.0,-29.0,-12.0,0.18475487521640982,0.44365035731259683,0.04197910022245133,-0.11184143439941152,0.2001835210862301,-0.0690017668186111
1.0,-27.0,-14.0,-58.0,-128.0,-69.0,-15.0,-1.0,0.18219302943003252,0.4445716851147775,0.04128997626973263,-0.10347907631245785,0.20479918010097736,-0.0701209645959346
9.0,-30.0,4.0,-5.0,-7.0,-24.0,-18.0,-7.0,0.1788634008413246,0.4420577935547091,0.04096084077693518,-0.09352275531910974,0.20943375772046155,-0.07114925409638358
1.0,19.0,-37.0,79.0,40.0,39.0,11.0,3.0,0.17546617099738018,0.4370577499504553,0.0410182173718765,-0.0844236286158925,0.2130213430165811,-0.07182187881494943
-5.0,27.0,31.0,5.0,100.0,53.0,34.0,2.0,0.17263305425875272,0.43118530247270487,0.04126998719708641,-0.07885654295386918,0.21448623171432493,-0.07180391482743077
-5.0,-32.0,-8.0,-85.0,-128.0,-69.0,-32.0,-12.0,0.17072754322083233,0.42609824029990795,0.04139026920205868,-0.07906013412962082,0.2129944291847703,-0.0708365241109861
10.0,-14.0,15.0,100.0,29.0,26.0,13.0,2.0,0.16976608573431082,0.42288816060847617,0.041087431933781615,-0.08604315330074734,0.20826149671462932,-0.06886504692826502
-5.0,35.0,35.0,-20.0,-27.0,5.0,15.0,2.0,0.16949482353446652,0.4217221127631726,0.04026538876936514,-0.09901720422106794,0.20076541288227812,-0.06607415380625269
13.0,28.0,-19.0,-40.0,-55.0,-4.0,-14.0,-4.0,0.16954532251554635,0.4218633182747028,0.03908527847147003,-0.11542001384848317,0.19172055863175297,-0.06283381345266782
7.0,20.0,6.0,9.0,60.0,39.0,10.0,5.0,0.18600107341452898,0.4393855116413391,0.042816378270515765,-0.11677188784423165,0.19650717446159402,-0.0679200921595199
0.0,30.0,11.0,-3.0,-15.0,-15.0,-2.0,-1.0,0.18475487521640982,0.44365035731259683,0.04197910022245133,-0.11184143439941152,0.2001835210862301,-0.0690017668186111
5.0,-27.0,-45.0,-67.0,-123.0,-70.0,-42.0,-12.0,0.18219302943003252,0.4445716851147775,0.04128997626973263,-0.10347907631245785,0.20479918010097736,-0.0701209645959346
0.0,-50.0,9.0,22.0,-87.0,13.0,17.0,-5.0,0.1788634008413246,0.4420577935547091,0.04096084077693518,-0.09352275531910974,0.20943375772046155,-0.07114925409638358
12.0,26.0,17.0,44.0,127.0,80.0,40.0,29.0,0.17546617099738018,0.4370577499504553,0.0410182173718765,-0.0844236286158925,0.2130213430165811,-0.07182187881494943
-15.0,34.0,-22.0,-8.0,-128.0,-40.0,-18.0,-10.0,0.17263305425875272,0.43118530247270487,0.04126998719708641,-0.07885654295386918,0.21448623171432493,-0.07180391482743077
21.0,-10.0,21.0,-63.0,-99.0,-16.0,-7.0,0.0,0.17072754322083233,0.42609824029990795,0.04139026920205868,-0.07906013412962082,0.2129944291847703,-0.0708365241109861
-2.0,-51.0,-43.0,-6.0,-41.0,-22.0,12.0,6.0,0.16976608573431082,0.42288816060847617,0.041087431933781615,-0.08604315330074734,0.20826149671462932,-0.06886504692826502
4.0,30.0,17.0,95.0,107.0,58.0,-5.0,4.0,0.16949482353446652,0.4217221127631726,0.04026538876936514,-0.09901720422106794,0.20076541288227812,-0.06607415380625269
-9.0,31.0,3.0,-92.0,-68.0,-59.0,-12.0,-3.0,0.16954532251554635,0.4218633182747028,0.03908527847147003,-0.11542001384848317,0.19172055863175297,-0.06283381345266782
3.0,-50.0,-7.0,-13.0,-17.0,-13.0,-10.0,-7.0,0.18600107341452898,0.4393855116413391,0.042816378270515765,-0.11677188784423165,0.19650717446159402,-0.0679200921595199
-10.0,-52.0,-3.0,-18.0,-41.0,-13.0,-2.0,-3.0,0.18475487521640982,0.44365035731259683,0.04197910022245133,-0.11184143439941152,0.2001835210862301,-0.0690017668186111
12.0,12.0,4.0,-8.0,-25.0,5.0,5.0,11.0,0.18219302943003252,0.4445716851147775,0.04128997626973263,-0.10347907631245785,0.20479918010097736,-0.0701209645959346
-2.0,25.0,19.0,127.0,106.0,38.0,11.0,2.0,0.1788634008413246,0.4420577935547091,0.04096084077693518,-0.09352275531910974,0.20943375772046155,-0.07114925409638358
-42.0,-20.0,-2.0,-64.0,-51.0,1.0,9.0,-7.0,0.17546617099738018,0.4370577499504553,0.0410182173718765,-0.0844236286158925,0.2130213430165811,-0.07182187881494943
16.0,-20.0,-9.0,-32.0,-97.0,-31.0,-17.0,-1.0,0.17263305425875272,0.43118530247270487,0.04126998719708641,-0.07885654295386918,0.21448623171432493,-0.07180391482743077
-27.0,15.0,5.0,-7.0,-9.0,-6.0,0.0,-1.0,0.17072754322083233,0.42609824029990795,0.04139026920205868,-0.07906013412962082,0.2129944291847703,-0.0708365241109861
1.0,10.0,21.0,20.0,-16.0,5.0,4.0,1.0,0.16976608573431082,0.42288816060847617,0.041087431933781615,-0.08604315330074734,0.20826149671462932,-0.06886504692826502
-5.0,-16.0,19.0,56.0,127.0,36.0,9.0,-5.0,0.16949482353446652,0.4217221127631726,0.04026538876936514,-0.09901720422106794,0.20076541288227812,-0.06607415380625269
9.0,-44.0,-102.0,-44.0,-128.0,-50.0,-11.0,-3.0,0.16954532251554635,0.4218633182747028,0.03908527847147003,-0.11542001384848317,0.19172055863175297,-0.06283381345266782
-4.0,-10.0,0.0,-26.0,-98.0,-23.0,-15.0,-2.0,0.18600107341452898,0.4393855116413391,0.042816378270515765,-0.11677188784423165,0.19650717446159402,-0.0679200921595199
1.0,-37.0,-2.0,-1.0,0.0,1.0,6.0,3.0,0.18475487521640982,0.44365035731259683,0.04197910022245133,-0.11184143439941152,0.2001835210862301,-0.0690017668186111
-3.0,11.0,1.0,8.0,-7.0,-5.0,5.0,1.0,0.18219302943003252,0.4445716851147775,0.04128997626973263,-0.10347907631245785,0.20479918010097736,-0.0701209645959346
9.0,26.0,3.0,-17.0,-11.0,-5.0,-6.0,2.0,0.1788634008413246,0.4420577935547091,0.04096084077693518,-0.09352275531910974,0.20943375772046155,-0.07114925409638358
-17.0,3.0,-25.0,-4.0,-5.0,-2.0,-8.0,-9.0,0.17546617099738018,0.4370577499504553,0.0410182173718765,-0.0844236286158925,0.2130213430165811,-0.07182187881494943
1.0,-45.0,6.0,6.0,-15.0,-15.0,3.0,1.0,0.17263305425875272,0.43118530247270487,0.04126998719708641,-0.07885654295386918,0.21448623171432493,-0.07180391482743077
-36.0,6.0,5.0,9.0,35.0,37.0,8.0,0.0,0.17072754322083233,0.42609824029990795,0.04139026920205868,-0.07906013412962082,0.2129944291847703,-0.0708365241109861
7.0,28.0,8.0,-4.0,3.0,-7.0,-6.0,-1.0,0.16976608573431082,0.42288816060847617,0.041087431933781615,-0.08604315330074734,0.20826149671462932,-0.06886504692826502
11.0,-10.0,-2.0,-2.0,-7.0,-8.0,-4.0,-1.0,0.16949482353446652,0.4217221127631726,0.04026538876936514,-0.09901720422106794,0.20076541288227812,-0.06607415380625269
8.0,-24.0,4.0,5.0,-8.0,-1.0,0.0,4.0,0.16954532251554635,0.4218633182747028,0.03908527847147003,-0.11542001384848317,0.19172055863175297,-0.06283381345266782
6.0,-8.0,-5.0,-5.0,-4.0,-3.0,-8.0,-3.0,0.18600107341452898,0.4393855116413391,0.042816378270515765,-0.11677188784423165,0.19650717446159402,-0.0679200921595199
7.0,-13.0,-11.0,-1.0,-1.0,0.0,5.0,-1.0,0.18475487521640982,0.44365035731259683,0.04197910022245133,-0.11184143439941152,0.2001835210862301,-0.0690017668186111
-13.0,15.0,6.0,-4.0,-3.0,2.0,-1.0,0.0,0.18219302943003252,0.4445716851147775,0.04128997626973263,-0.10347907631245785,0.20479918010097736,-0.0701209645959346
-4.0,13.0,-4.0,0.0,6.0,4.0,-2.0,2.0,0.1788634008413246,0.4420577935547091,0.04096084077693518,-0.09352275531910974,0.20943375772046155,-0.07114925409638358
10.0,-8.0,-5.0,3.0,4.0,3.0,-1.0,-1.0,0.17546617099738018,0.4370577499504553,0.0410182173718765,-0.0844236286158925,0.2130213430165811,-0.07182187881494943
-6.0,-26.0,-8.0,-7.0,-10.0,-3.0,5.0,1.0,0.17263305425875272,0.43118530247270487,0.04126998719708641,-0.07885654295386918,0.21448623171432493,-0.07180391482743077
7.0,10.0,0.0,-1.0,-4.0,-2.0,-1.0,0.0,0.17072754322083233,0.42609824029990795,0.04139026920205868,-0.07906013412962082,0.2129944291847703,-0.0708365241109861
-4.0,24.0,-12.0,-4.0,-5.0,-5.0,-7.0,-6.0,0.16976608573431082,0.42288816060847617,0.041087431933781615,-0.08604315330074734,0.20826149671462932,-0.06886504692826502
4.0,7.0,3.0,-12.0,-13.0,-9.0,-5.0,-4.0,0.16949482353446652,0.4217221127631726,0.04026538876936514,-0.09901720422106794,0.20076541288227812,-0.06607415380625269
2.0,-35.0,2.0,-3.0,0.0,11.0,8.0,0.0,0.16954532251554635,0.4218633182747028,0.03908527847147003,-0.11542001384848317,0.19172055863175297,-0.06283381345266782
-5.0,12.0,11.0,-2.0,7.0,13.0,0.0,-2.0,0.18475487521640982,0.44365035731259683,0.04197910022245133,-0.11184143439941152,0.2001835210862301,-0.0690017668186111
4.0,-8.0,1.0,-1.0,-5.0,-12.0,-3.0,-4.0,0.18219302943003252,0.4445716851147775,0.04128997626973263,-0.10347907631245785,0.20479918010097736,-0.0701209645959346
2.0,-12.0,38.0,-6.0,-4.0,-4.0,-4.0,-3.0,0.1788634008413246,0.4420577935547091,0.04096084077693518,-0.09352275531910974,0.20943375772046155,-0.07114925409638358
4.0,12.0,-7.0,3.0,4.0,3.0,0.0,2.0,0.17546617099738018,0.4370577499504553,0.0410182173718765,-0.0844236286158925,0.2130213430165811,-0.07182187881494943
-1.0,20.0,-1.0,-2.0,0.0,-1.0,-1.0,3.0,0.17263305425875272,0.43118530247270487,0.04126998719708641,-0.07885654295386918,0.21448623171432493,-0.07180391482743077
-9.0,-14.0,-5.0,-4.0,-4.0,-3.0,-4.0,-5.0,0.17072754322083233,0.42609824029990795,0.04139026920205868,-0.07906013412962082,0.2129944291847703,-0.0708365241109861
5.0,-25.0,6.0,-5.0,-10.0,-6.0,-2.0,0.0,0.16976608573431082,0.42288816060847617,0.041087431933781615,-0.08604315330074734,0.20826149671462932,-0.06886504692826502
7.0,7.0,-23.0,-1.0,-4.0,0.0,-1.0,3.0,0.16949482353446652,0.4217221127631726,0.04026538876936514,-0.09901720422106794,0.20076541288227812,-0.06607415380625269
-2.0,32.0,18.0,8.0,9.0,4.0,-1.0,1.0,0.16954532251554635,0.4218633182747028,0.03908527847147003,-0.11542001384848317,0.19172055863175297,-0.06283381345266782
-2.0,-7.0,5.0,4.0,3.0,-1.0,-1.0,-3.0,0.18600107341452898,0.4393855116413391,0.042816378270515765,-0.11677188784423165,0.19650717446159402,-0.0679200921595199
3.0,-21.0,-11.0,-4.0,-5.0,0.0,2.0,-1.0,0.18475487521640982,0.44365035731259683,0.04197910022245133,-0.11184143439941152,0.2001835210862301,-0.0690017668186111
1.0,6.0,24.0,1.0,-2.0,2.0,-1.0,1.0,0.18219302943003252,0.4445716851147775,0.04128997626973263,-0.10347907631245785,0.20479918010097736,-0.0701209645959346
10.0,13.0,-2.0,3.0,4.0,1.0,-2.0,0.0,0.1788634008413246,0.4420577935547091,0.04096084077693518,-0.09352275531910974,0.20943375772046155,-0.07114925409638358
-6.0,-10.0,-1.0,0.0,-9.0,0.0,-2.0,-6.0,0.17546617099738018,0.4370577499504553,0.0410182173718765,-0.0844236286158925,0.2130213430165811,-0.07182187881494943
-6.0,-18.0,12.0,1.0,-12.0,-5.0,3.0,0.0,0.17263305425875272,0.43118530247270487,0.04126998719708641,-0.07885654295386918,0.21448623171432493,-0.07180391482743077
0.0,-14.0,-42.0,-7.0,-3.0,0.0,-7.0,-5.0,0.17072754322083233,0.42609824029990795,0.04139026920205868,-0.07906013412962082,0.2129944291847703,-0.0708365241109861
-4.0,19.0,0.0,2.0,2.0,-4.0,-3.0,-4.0,0.16976608573431082,0.42288816060847617,0.041087431933781615,-0.08604315330074734,0.20826149671462932,-0.06886504692826502
2.0,3.0,6.0,-6.0,2.0,-3.0,-2.0,-3.0,0.16949482353446652,0.4217221127631726,0.04026538876936514,-0.09901720422106794,0.20076541288227812,-0.06607415380625269
-3.0,-20.0,11.0,-1.0,-6.0,-10.0,-3.0,-6.0,0.16954532251554635,0.4218633182747028,0.03908527847147003,-0.11542001384848317,0.19172055863175297,-0.06283381345266782
-5.0,-6.0,5.0,10.0,4.0,-4.0,-3.0,-4.0,0.18600107341452898,0.4393855116413391,0.042816378270515765,-0.11677188784423165,0.19650717446159402,-0.0679200921595199
4.0,-14.0,9.0,-7.0,-8.0,-5.0,-2.0,3.0,0.18475487521640982,0.44365035731259683,0.04197910022245133,-0.11184143439941152,0.2001835210862301,-0.0690017668186111
12.0,2.0,-10.0,3.0,0.0,6.0,-1.0,4.0,0.18219302943003252,0.4445716851147775,0.04128997626973263,-0.10347907631245785,0.20479918010097736,-0.0701209645959346
-7.0,14.0,-4.0,2.0,2.0,3.0,-4.0,0.0,0.1788634008413246,0.4420577935547091,0.04096084077693518,-0.09352275531910974,0.20943375772046155,-0.07114925409638358
-8.0,-7.0,12.0,-5.0,-5.0,-9.0,-3.0,-4.0,0.17546617099738018,0.4370577499504553,0.0410182173718765,-0.0844236286158925,0.2130213430165811,-0.07182187881494943
-2.0,-23.0,10.0,-5.0,-8.0,-4.0,0.0,-6.0,0.17263305425875272,0.43118530247270487,0.04126998719708641,-0.07885654295386918,0.21448623171432493,-0.07180391482743077
-8.0,-12.0,-9.0,-1.0,3.0,-1.0,-2.0,1.0,0.17072754322083233,0.42609824029990795,0.04139026920205868,-0.07906013412962082,0.2129944291847703,-0.0708365241109861
12.0,13.0,6.0,5.0,4.0,0.0,3.0,-1.0,0.16976608573431082,0.42288816060847617,0.041087431933781615,-0.08604315330074734,0.20826149671462932,-0.06886504692826502
5.0,-5.0,3.0,-2.0,-4.0,-1.0,2.0,-2.0,0.16949482353446652,0.4217221127631726,0.04026538876936514,-0.09901720422106794,0.20076541288227812,-0.06607415380625269
-4.0,-23.0,14.0,-10.0,4.0,14.0,-2.0,-4.0,0.16954532251554635,0.4218633182747028,0.03908527847147003,-0.11542001384848317,0.19172055863175297,-0.06283381345266782
13.0,2.0,4.0,-1.0,1.0,-6.0,-1.0,0.0,0.18600107341452898,0.4393855116413391,0.042816378270515765,-0.11677188784423165,0.19650717446159402,-0.0679200921595199
3.0,-16.0,1.0,-6.0,-8.0,-9.0,0.0,-3.0,0.18475487521640982,0.44365035731259683,0.04197910022245133,-0.11184143439941152,0.2001835210862301,-0.0690017668186111
-9.0,-5.0,3.0,-7.0,-3.0,3.0,-1.0,3.0,0.18219302943003252,0.4445716851147775,0.04128997626973263,-0.10347907631245785,0.20479918010097736,-0.0701209645959346
3.0,11.0,-4.0,8.0,13.0,6.0,1.0,3.0,0.1788634008413246,0.4420577935547091,0.04096084077693518,-0.09352275531910974,0.20943375772046155,-0.07114925409638358
4.0,-7.0,-1.0,7.0,4.0,-2.0,-5.0,-2.0,0.17546617099738018,0.4370577499504553,0.0410182173718765,-0.0844236286158925,0.2130213430165811,-0.07182187881494943
-3.0,-17.0,-2.0,-12.0,-10.0,-7.0,-2.0,-4.0,0.17263305425875272,0.43118530247270487,0.04126998719708641,-0.07885654295386918,0.21448623171432493,-0.07180391482743077
-11.0,2.0,3.0,-5.0,-3.0,0.0,0.0,0.0,0.17072754322083233,0.42609824029990795,0.04139026920205868,-0.07906013412962082,0.2129944291847703,-0.0708365241109861
4.0,10.0,-3.0,-3.0,-4.0,-1.0,-3.0,0.0,0.16976608573431082,0.42288816060847617,0.041087431933781615,-0.08604315330074734,0.20826149671462932,-0.06886504692826502
-5.0,-4.0,0.0,0.0,-4.0,-5.0,-3.0,-6.0,0.16949482353446652,0.4217221127631726,0.04026538876936514,-0.09901720422106794,0.20076541288227812,-0.06607415380625269
7.0,-13.0,53.0,-6.0,2.0,-5.0,0.0,2.0,0.16954532251554635,0.4218633182747028,0.03908527847147003,-0.11542001384848317,0.19172055863175297,-0.06283381345266782
8.0,6.0,-7.0,-4.0,4.0,3.0,5.0,2.0,0.18600107341452898,0.4393855116413391,0.042816378270515765,-0.11677188784423165,0.19650717446159402,-0.0679200921595199
6.0,9.0,-38.0,-1.0,-3.0,-5.0,-1.0,1.0,0.18475487521640982,0.44365035731259683,0.04197910022245133,-0.11184143439941152,0.2001835210862301,-0.0690017668186111
5.0,2.0,22.0,-6.0,-4.0,-6.0,-1.0,-3.0,0.18219302943003252,0.4445716851147775,0.04128997626973263,-0.10347907631245785,0.20479918010097736,-0.0701209645959346
-9.0,-17.0,-9.0,-2.0,-7.0,-4.0,-1.0,0.0,0.1788634008413246,0.4420577935547091,0.04096084077693518,-0.09352275531910974,0.20943375772046155,-0.07114925409638358
-10.0,0.0,-4.0,-3.0,-2.0,2.0,1.0,2.0,0.17546617099738018,0.4370577499504553,0.0410182173718765,-0.0844236286158925,0.2130213430165811,-0.07182187881494943
2.0,17.0,3.0,11.0,10.0,3.0,1.0,1.0,0.17263305425875272,0.43118530247270487,0.04126998719708641,-0.07885654295386918,0.21448623171432493,-0.07180391482743077
-2.0,-3.0,-3.0,-1.0,-35.0,-5.0,6.0,0.0,0.17072754322083233,0.42609824029990795,0.04139026920205868,-0.07906013412962082,0.2129944291847703,-0.0708365241109861
5.0,-8.0,2.0,2.0,-1.0,5.0,6.0,4.0,0.16976608573431082,0.42288816060847617,0.041087431933781615,-0.08604315330074734,0.20826149671462932,-0.06886504692826502
2.0,5.0,-2.0,-1.0,-5.0,1.0,-1.0,0.0,0.16949482353446652,0.4217221127631726,0.04026538876936514,-0.09901720422106794,0.20076541288227812,-0.06607415380625269
-34.0,5.0,2.0,-7.0,-1.0,-3.0,-4.0,-4.0,0.16954532251554635,0.4218633182747028,0.03908527847147003,-0.11542001384848317,0.19172055863175297,-0.06283381345266782
-20.0,-6.0,0.0,-3.0,3.0,11.0,6.0,-4.0,0.18600107341452898,0.4393855116413391,0.042816378270515765,-0.11677188784423165,0.19650717446159402,-0.0679200921595199
-10.0,-8.0,-1.0,-10.0,-10.0,-13.0,-3.0,-3.0,0.18475487521640982,0.44365035731259683,0.04197910022245133,-0.11184143439941152,0.2001835210862301,-0.0690017668186111
1.0,2.0,-5.0,1.0,-1.0,2.0,1.0,2.0,0.18219302943003252,0.4445716851147775,0.04128997626973263,-0.10347907631245785,0.20479918010097736,-0.0701209645959346
6.0,18.0,15.0,-1.0,6.0,1.0,-3.0,0.0,0.1788634008413246,0.4420577935547091,0.04096084077693518,-0.09352275531910974,0.20943375772046155,-0.07114925409638358
-1.0,-4.0,-6.0,-4.0,1.0,-4.0,-3.0,0.0,0.17546617099738018,0.4370577499504553,0.0410182173718765,-0.0844236286158925,0.2130213430165811,-0.07182187881494943
-7.0,-11.0,-1.0,0.0,2.0,0.0,0.0,-2.0,0.17263305425875272,0.43118530247270487,0.04126998719708641,-0.07885654295386918,0.21448623171432493,-0.07180391482743077
11.0,7.0,12.0,13.0,-17.0,-4.0,3.0,3.0,0.17072754322083233,0.42609824029990795,0.04139026920205868,-0.07906013412962082,0.2129944291847703,-0.0708365241109861
1.0,11.0,-2.0,-4.0,-15.0,13.0,6.0,1.0,0.16976608573431082,0.42288816060847617,0.041087431933781615,-0.08604315330074734,0.20826149671462932,-0.06886504692826502
9.0,-2.0,-5.0,-1.0,27.0,-10.0,-5.0,-3.0,0.16949482353446652,0.4217221127631726,0.04026538876936514,-0.09901720422106794,0.20076541288227812,-0.06607415380625269
-19.0,-14.0,-4.0,-4.0,-7.0,-8.0,0.0,-1.0,0.16954532251554635,0.4218633182747028,0.03908527847147003,-0.11542001384848317,0.19172055863175297,-0.06283381345266782
2.0,-4.0,-1.0,-3.0,15.0,2.0,6.0,-5.0,0.18600107341452898,0.4393855116413391,0.042816378270515765,-0.11677188784423165,0.19650717446159402,-0.0679200921595199
-1.0,-10.0,-2.0,-1.0,-20.0,-8.0,-3.0,14.0,0.18475487521640982,0.44365035731259683,0.04197910022245133,-0.11184143439941152,0.2001835210862301,-0.0690017668186111
17.0,1.0,-4.0,-6.0,-25.0,0.0,-1.0,2.0,0.18219302943003252,0.4445716851147775,0.04128997626973263,-0.10347907631245785,0.20479918010097736,-0.0701209645959346
-9.0,11.0,-2.0,-4.0,6.0,0.0,-4.0,-4.0,0.1788634008413246,0.4420577935547091,0.04096084077693518,-0.09352275531910974,0.20943375772046155,-0.07114925409638358
4.0,-2.0,1.0,-7.0,-8.0,-4.0,-1.0,3.0,0.17546617099738018,0.4370577499504553,0.0410182173718765,-0.0844236286158925,0.2130213430165811,-0.07182187881494943
-2.0,-10.0,-1.0,-9.0,-11.0,-7.0,-3.0,-3.0,0.17263305425875272,0.43118530247270487,0.04126998719708641,-0.07885654295386918,0.21448623171432493,-0.07180391482743077
9.0,7.0,1.0,0.0,3.0,1.0,1.0,4.0,0.17072754322083233,0.42609824029990795,0.04139026920205868,-0.07906013412962082,0.2129944291847703,-0.0708365241109861
10.0,15.0,1.0,30.0,24.0,10.0,-2.0,0.0,0.16976608573431082,0.42288816060847617,0.041087431933781615,-0.08604315330074734,0.20826149671462932,-0.06886504692826502
-20.0,-6.0,0.0,-3.0,3.0,11.0,6.0,-4.0,0.16949482353446652,0.4217221127631726,0.04026538876936514,-0.09901720422106794,0.20076541288227812,-0.06607415380625269
-10.0,-8.0,-1.0,-10.0,-10.0,-13.0,-3.0,-3.0,0.16954532251554635,0.4218633182747028,0.03908527847147003,-0.11542001384848317,0.19172055863175297,-0.06283381345266782
21.0,2.0,1.0,9.0,5.0,4.0,2.0,6.0,0.18600107341452898,0.4393855116413391,0.042816378270515765,-0.11677188784423165,0.19650717446159402,-0.0679200921595199
2.0,10.0,-1.0,7.0,14.0,2.0,1.0,-1.0,0.18475487521640982,0.44365035731259683,0.04197910022245133,-0.11184143439941152,0.2001835210862301,-0.0690017668186111
-3.0,-2.0,0.0,-9.0,-7.0,-1.0,-1.0,-3.0,0.18219302943003252,0.4445716851147775,0.04128997626973263,-0.10347907631245785,0.20479918010097736,-0.0701209645959346
9.0,-12.0,2.0,3.0,-4.0,-8.0,0.0,2.0,0.1788634008413246,0.4420577935547091,0.04096084077693518,-0.09352275531910974,0.20943375772046155,-0.07114925409638358
-6.0,2.0,-5.0,-2.0,4.0,11.0,1.0,-2.0,0.17546617099738018,0.4370577499504553,0.0410182173718765,-0.0844236286158925,0.2130213430165811,-0.07182187881494943
3.0,11.0,0.0,-3.0,-6.0,-13.0,-5.0,1.0,0.17263305425875272,0.43118530247270487,0.04126998719708641,-0.07885654295386918,0.21448623171432493,-0.07180391482743077
1.0,0.0,-4.0,-5.0,-6.0,-5.0,-4.0,15.0,0.17072754322083233,0.42609824029990795,0.04139026920205868,-0.07906013412962082,0.2129944291847703,-0.0708365241109861
1.0,-13.0,-4.0,-5.0,1.0,0.0,0.0,-7.0,0.16976608573431082,0.42288816060847617,0.041087431933781615,-0.08604315330074734,0.20826149671462932,-0.06886504692826502
-15.0,-2.0,26.0,4.0,-11.0,-1.0,-1.0,-3.0,0.16949482353446652,0.4217221127631726,0.04026538876936514,-0.09901720422106794,0.20076541288227812,-0.06607415380625269
15.0,14.0,-8.0,4.0,46.0,10.0,0.0,-2.0,0.16954532251554635,0.4218633182747028,0.03908527847147003,-0.11542001384848317,0.19172055863175297,-0.06283381345266782
-3.0,-4.0,-13.0,-4.0,-3.0,1.0,2.0,-21.0,0.18600107341452898,0.4393855116413391,0.042816378270515765,-0.11677188784423165,0.19650717446159402,-0.0679200921595199
-35.0,10.0,1.0,2.0,6.0,3.0,-3.0,29.0,0.18475487521640982,0.44365035731259683,0.04197910022245133,-0.11184143439941152,0.2001835210862301,-0.0690017668186111
8.0,0.0,0.0,1.0,1.0,-2.0,-1.0,-12.0,0.18219302943003252,0.4445716851147775,0.04128997626973263,-0.10347907631245785,0.20479918010097736,-0.0701209645959346
-2.0,-10.0,0.0,-1.0,-4.0,-4.0,-2.0,-3.0,0.1788634008413246,0.4420577935547091,0.04096084077693518,-0.09352275531910974,0.20943375772046155,-0.07114925409638358
7.0,1.0,-2.0,-4.0,-3.0,-2.0,2.0,7.0,0.17546617099738018,0.4370577499504553,0.0410182173718765,-0.0844236286158925,0.2130213430165811,-0.07182187881494943
-1.0,10.0,2.0,4.0,6.0,2.0,0.0,5.0,0.17263305425875272,0.43118530247270487,0.04126998719708641,-0.07885654295386918,0.21448623171432493,-0.07180391482743077
-1.0,-4.0,-2.0,2.0,-2.0,-2.0,-1.0,-1.0,0.17072754322083233,0.42609824029990795,0.04139026920205868,-0.07906013412962082,0.2129944291847703,-0.0708365241109861
-9.0,-9.0,-4.0,-3.0,-4.0,-7.0,-5.0,-43.0,0.16976608573431082,0.42288816060847617,0.041087431933781615,-0.08604315330074734,0.20826149671462932,-0.06886504692826502
16.0,1.0,-5.0,-3.0,-2.0,-1.0,3.0,36.0,0.16949482353446652,0.4217221127631726,0.04026538876936514,-0.09901720422106794,0.20076541288227812,-0.06607415380625269
11.0,9.0,-2.0,0.0,3.0,4.0,1.0,2.0,0.16954532251554635,0.4218633182747028,0.03908527847147003,-0.11542001384848317,0.19172055863175297,-0.06283381345266782
-1.0,-2.0,-2.0,-1.0,-6.0,-1.0,-5.0,-48.0,0.18600107341452898,0.4393855116413391,0.042816378270515765,-0.11677188784423165,0.19650717446159402,-0.0679200921595199
6.0,4.0,0.0,1.0,5.0,7.0,1.0,19.0,0.18475487521640982,0.44365035731259683,0.04197910022245133,-0.11184143439941152,0.2001835210862301,-0.0690017668186111
20.0,8.0,2.0,2.0,1.0,0.0,0.0,3.0,0.18219302943003252,0.4445716851147775,0.04128997626973263,-0.10347907631245785,0.20479918010097736,-0.0701209645959346
1.0,-10.0,-3.0,-1.0,-2.0,-6.0,0.0,1.0,0.1788634008413246,0.4420577935547091,0.04096084077693518,-0.09352275531910974,0.20943375772046155,-0.07114925409638358
-29.0,2.0,-2.0,-1.0,-6.0,-5.0,-2.0,0.0,0.17546617099738018,0.4370577499504553,0.0410182173718765,-0.0844236286158925,0.2130213430165811,-0.07182187881494943
-31.0,13.0,-1.0,-4.0,6.0,4.0,-1.0,-4.0,0.17263305425875272,0.43118530247270487,0.04126998719708641,-0.07885654295386918,0.21448623171432493,-0.07180391482743077
24.0,7.0,0.0,0.0,4.0,-1.0,-3.0,1.0,0.17072754322083233,0.42609824029990795,0.04139026920205868,-0.07906013412962082,0.2129944291847703,-0.0708365241109861
-10.0,-9.0,-3.0,0.0,-2.0,-3.0,-3.0,-6.0,0.16976608573431082,0.42288816060847617,0.041087431933781615,-0.08604315330074734,0.20826149671462932,-0.06886504692826502
6.0,-7.0,-5.0,-1.0,0.0,-3.0,-2.0,2.0,0.16949482353446652,0.4217221127631726,0.04026538876936514,-0.09901720422106794,0.20076541288227812,-0.06607415380625269
3.0,-1.0,-6.0,2.0,2.0,4.0,-4.0,0.0,0.16954532251554635,0.4218633182747028,0.03908527847147003,-0.11542001384848317,0.19172055863175297,-0.06283381345266782
-4.0,-11.0,-2.0,-1.0,-5.0,-7.0,-3.0,-5.0,0.18475487521640982,0.44365035731259683,0.04197910022245133,-0.11184143439941152,0.2001835210862301,-0.0690017668186111
4.0,-9.0,-7.0,-3.0,-5.0,-7.0,0.0,1.0,0.18219302943003252,0.4445716851147775,0.04128997626973263,-0.10347907631245785,0.20479918010097736,-0.0701209645959346
-2.0,11.0,2.0,1.0,5.0,5.0,-5.0,18.0,0.1788634008413246,0.4420577935547091,0.04096084077693518,-0.09352275531910974,0.20943375772046155,-0.07114925409638358
-12.0,-1.0,1.0,0.0,1.0,1.0,-2.0,-10.0,0.17546617099738018,0.4370577499504553,0.0410182173718765,-0.0844236286158925,0.2130213430165811,-0.07182187881494943
-3.0,-10.0,-2.0,-1.0,-4.0,-4.0,-3.0,0.0,0.17263305425875272,0.43118530247270487,0.04126998719708641,-0.07885654295386918,0.21448623171432493,-0.07180391482743077
0.0,-3.0,-3.0,-3.0,-4.0,-3.0,-1.0,1.0,0.17072754322083233,0.42609824029990795,0.04139026920205868,-0.07906013412962082,0.2129944291847703,-0.0708365241109861
0.0,9.0,0.0,2.0,8.0,3.0,-1.0,3.0,0.16976608573431082,0.42288816060847617,0.041087431933781615,-0.08604315330074734,0.20826149671462932,-0.06886504692826502
1.0,-1.0,3.0,2.0,2.0,-3.0,-1.0,2.0,0.16949482353446652,0.4217221127631726,0.04026538876936514,-0.09901720422106794,0.20076541288227812,-0.06607415380625269
4.0,-12.0,0.0,-4.0,-4.0,-4.0,1.0,0.0,0.16954532251554635,0.4218633182747028,0.03908527847147003,-0.11542001384848317,0.19172055863175297,-0.06283381345266782
11.0,4.0,-5.0,1.0,2.0,1.0,2.0,2.0,0.18600107341452898,0.4393855116413391,0.042816378270515765,-0.11677188784423165,0.19650717446159402,-0.0679200921595199
-8.0,-11.0,-1.0,-1.0,-2.0,-4.0,-4.0,-2.0,0.18475487521640982,0.44365035731259683,0.04197910022245133,-0.11184143439941152,0.2001835210862301,-0.0690017668186111
-8.0,-7.0,-3.0,-3.0,-5.0,-6.0,1.0,4.0,0.18219302943003252,0.4445716851147775,0.04128997626973263,-0.10347907631245785,0.20479918010097736,-0.0701209645959346
-22.0,12.0,-4.0,-2.0,3.0,5.0,-1.0,-8.0,0.1788634008413246,0.4420577935547091,0.04096084077693518,-0.09352275531910974,0.20943375772046155,-0.07114925409638358
13.0,-1.0,1.0,0.0,3.0,-3.0,-2.0,4.0,0.17546617099738018,0.4370577499504553,0.0410182173718765,-0.0844236286158925,0.2130213430165811,-0.07182187881494943
-1.0,6.0,1.0,-4.0,-5.0,-8.0,-1.0,31.0,0.17263305425875272,0.43118530247270487,0.04126998719708641,-0.07885654295386918,0.21448623171432493,-0.07180391482743077
1.0,-13.0,-1.0,-2.0,-2.0,-2.0,1.0,-4.0,0.17072754322083233,0.42609824029990795,0.04139026920205868,-0.07906013412962082,0.2129944291847703,-0.0708365241109861
2.0,9.0,-3.0,1.0,3.0,4.0,0.0,2.0,0.16976608573431082,0.42288816060847617,0.041087431933781615,-0.08604315330074734,0.20826149671462932,-0.06886504692826502
4.0,-1.0,-4.0,0.0,2.0,-2.0,0.0,-3.0,0.16949482353446652,0.4217221127631726,0.04026538876936514,-0.09901720422106794,0.20076541288227812,-0.06607415380625269
1.0,-10.0,-5.0,-3.0,-3.0,-5.0,-3.0,-1.0,0.16954532251554635,0.4218633182747028,0.03908527847147003,-0.11542001384848317,0.19172055863175297,-0.06283381345266782
1.0,3.0,1.0,4.0,0.0,-4.0,1.0,-1.0,0.18600107341452898,0.4393855116413391,0.042816378270515765,-0.11677188784423165,0.19650717446159402,-0.0679200921595199
3.0,-8.0,0.0,-2.0,-5.0,-4.0,-1.0,-4.0,0.18475487521640982,0.44365035731259683,0.04197910022245133,-0.11184143439941152,0.2001835210862301,-0.0690017668186111
-4.0,-2.0,-1.0,-2.0,-2.0,-4.0,-1.0,1.0,0.18219302943003252,0.4445716851147775,0.04128997626973263,-0.10347907631245785,0.20479918010097736,-0.0701209645959346
3.0,4.0,2.0,1.0,3.0,3.0,-3.0,-2.0,0.1788634008413246,0.4420577935547091,0.04096084077693518,-0.09352275531910974,0.20943375772046155,-0.07114925409638358
0.0,1.0,-2.0,2.0,3.0,1.0,-1.0,-5.0,0.17546617099738018,0.4370577499504553,0.0410182173718765,-0.0844236286158925,0.2130213430165811,-0.07182187881494943
-1.0,-8.0,1.0,-1.0,-6.0,-6.0,0.0,1.0,0.17263305425875272,0.43118530247270487,0.04126998719708641,-0.07885654295386918,0.21448623171432493,-0.07180391482743077
-2.0,-13.0,-5.0,-5.0,-1.0,-1.0,-2.0,22.0,0.17072754322083233,0.42609824029990795,0.04139026920205868,-0.07906013412962082,0.2129944291847703,-0.0708365241109861
-9.0,10.0,-2.0,3.0,2.0,5.0,-2.0,-9.0,0.16976608573431082,0.42288816060847617,0.041087431933781615,-0.08604315330074734,0.20826149671462932,-0.06886504692826502
1.0,1.0,-5.0,2.0,2.0,0.0,0.0,3.0,0.16949482353446652,0.4217221127631726,0.04026538876936514,-0.09901720422106794,0.20076541288227812,-0.06607415380625269
3.0,-6.0,2.0,-2.0,-5.0,-5.0,2.0,5.0,0.16954532251554635,0.4218633182747028,0.03908527847147003,-0.11542001384848317,0.19172055863175297,-0.06283381345266782
-8.0,-6.0,1.0,-3.0,-2.0,-3.0,-2.0,2.0,0.18600107341452898,0.4393855116413391,0.042816378270515765,-0.11677188784423165,0.19650717446159402,-0.0679200921595199
-21.0,5.0,-5.0,0.0,5.0,3.0,2.0,-1.0,0.18475487521640982,0.44365035731259683,0.04197910022245133,-0.11184143439941152,0.2001835210862301,-0.0690017668186111
8.0,3.0,-2.0,2.0,0.0,-4.0,1.0,3.0,0.18219302943003252,0.4445716851147775,0.04128997626973263,-0.10347907631245785,0.20479918010097736,-0.0701209645959346
2.0,-9.0,-1.0,-1.0,-5.0,-4.0,-2.0,-4.0,0.1788634008413246,0.4420577935547091,0.04096084077693518,-0.09352275531910974,0.20943375772046155,-0.07114925409638358
3.0,-5.0,-4.0,-4.0,-7.0,-1.0,-2.0,2.0,0.17546617099738018,0.4370577499504553,0.0410182173718765,-0.0844236286158925,0.2130213430165811,-0.07182187881494943
4.0,9.0,4.0,1.0,0.0,0.0,-2.0,2.0,0.17263305425875272,0.43118530247270487,0.04126998719708641,-0.07885654295386918,0.21448623171432493,-0.07180391482743077
-21.0,-3.0,0.0,1.0,3.0,-2.0,-2.0,-4.0,0.17072754322083233,0.42609824029990795,0.04139026920205868,-0.07906013412962082,0.2129944291847703,-0.0708365241109861
7.0,-7.0,-3.0,-2.0,-4.0,-2.0,-1.0,0.0,0.16976608573431082,0.42288816060847617,0.041087431933781615,-0.08604315330074734,0.20826149671462932,-0.06886504692826502
-3.0,-13.0,0.0,-4.0,-4.0,-4.0,0.0,1.0,0.16949482353446652,0.4217221127631726,0.04026538876936514,-0.09901720422106794,0.20076541288227812,-0.06607415380625269
8.0,7.0,1.0,2.0,3.0,2.0,-5.0,-2.0,0.16954532251554635,0.4218633182747028,0.03908527847147003,-0.11542001384848317,0.19172055863175297,-0.06283381345266782
1.0,2.0,-1.0,-1.0,4.0,2.0,2.0,-8.0,0.17546617099738018,0.4370577499504553,0.0410182173718765,-0.0844236286158925,0.2130213430165811,-0.07182187881494943
-1.0,-4.0,2.0,-3.0,-4.0,-5.0,-8.0,-69.0,0.17263305425875272,0.43118530247270487,0.04126998719708641,-0.07885654295386918,0.21448623171432493,-0.07180391482743077
0.0,-6.0,-3.0,-5.0,-5.0,-3.0,1.0,24.0,0.17072754322083233,0.42609824029990795,0.04139026920205868,-0.07906013412962082,0.2129944291847703,-0.0708365241109861
1.0,7.0,-2.0,1.0,1.0,1.0,-4.0,2.0,0.16976608573431082,0.42288816060847617,0.041087431933781615,-0.08604315330074734,0.20826149671462932,-0.06886504692826502
2.0,2.0,-1.0,2.0,0.0,-1.0,1.0,-4.0,0.16949482353446652,0.4217221127631726,0.04026538876936514,-0.09901720422106794,0.20076541288227812,-0.06607415380625269
-2.0,-11.0,-2.0,-2.0,-4.0,-5.0,-1.0,-17.0,0.16954532251554635,0.4218633182747028,0.03908527847147003,-0.11542001384848317,0.19172055863175297,-0.06283381345266782
2.0,-5.0,-4.0,-9.0,-6.0,-3.0,-1.0,0.0,0.17546617099738018,0.4370577499504553,0.0410182173718765,-0.0844236286158925,0.2130213430165811,-0.07182187881494943
12.0,4.0,-4.0,-1.0,3.0,2.0,-2.0,0.0,0.17263305425875272,0.43118530247270487,0.04126998719708641,-0.07885654295386918,0.21448623171432493,-0.07180391482743077
1.0,12.0,2.0,1.0,3.0,1.0,0.0,0.0,0.17072754322083233,0.42609824029990795,0.04139026920205868,-0.07906013412962082,0.2129944291847703,-0.0708365241109861
1.0,-11.0,-2.0,-6.0,-7.0,-3.0,-3.0,-2.0,0.16976608573431082,0.42288816060847617,0.041087431933781615,-0.08604315330074734,0.20826149671462932,-0.06886504692826502
-3.0,-8.0,-4.0,-1.0,-7.0,-1.0,-1.0,1.0,0.16949482353446652,0.4217221127631726,0.04026538876936514,-0.09901720422106794,0.20076541288227812,-0.06607415380625269
2.0,5.0,-1.0,0.0,3.0,2.0,-2.0,2.0,0.16954532251554635,0.4218633182747028,0.03908527847147003,-0.11542001384848317,0.19172055863175297,-0.06283381345266782
1.0,12.0,14.0,1.0,0.0,0.0,2.0,-10.0,0.18600107341452898,0.4393855116413391,0.042816378270515765,-0.11677188784423165,0.19650717446159402,-0.0679200921595199
5.0,-8.0,-6.0,-1.0,-4.0,-1.0,-2.0,-6.0,0.18475487521640982,0.44365035731259683,0.04197910022245133,-0.11184143439941152,0.2001835210862301,-0.0690017668186111
-2.0,-5.0,-1.0,-3.0,-4.0,-4.0,-3.0,2.0,0.18219302943003252,0.4445716851147775,0.04128997626973263,-0.10347907631245785,0.20479918010097736,-0.0701209645959346
26.0,78.0,8.0,1.0,1.0,6.0,6.0,30.0,0.1788634008413246,0.4420577935547091,0.04096084077693518,-0.09352275531910974,0.20943375772046155,-0.07114925409638358
5.0,5.0,2.0,2.0,2.0,2.0,1.0,-14.0,0.17546617099738018,0.4370577499504553,0.0410182173718765,-0.0844236286158925,0.2130213430165811,-0.07182187881494943
0.0,-19.0,-2.0,0.0,-5.0,-5.0,-3.0,-6.0,0.17263305425875272,0.43118530247270487,0.04126998719708641,-0.07885654295386918,0.21448623171432493,-0.07180391482743077
-10.0,-4.0,-1.0,-6.0,-8.0,-4.0,-1.0,-2.0,0.17072754322083233,0.42609824029990795,0.04139026920205868,-0.07906013412962082,0.2129944291847703,-0.0708365241109861
10.0,6.0,-4.0,-3.0,3.0,2.0,-2.0,7.0,0.16976608573431082,0.42288816060847617,0.041087431933781615,-0.08604315330074734,0.20826149671462932,-0.06886504692826502
-6.0,18.0,3.0,8.0,2.0,3.0,0.0,-3.0,0.16949482353446652,0.4217221127631726,0.04026538876936514,-0.09901720422106794,0.20076541288227812,-0.06607415380625269
-7.0,-11.0,0.0,-2.0,-3.0,-3.0,-3.0,-16.0,0.16954532251554635,0.4218633182747028,0.03908527847147003,-0.11542001384848317,0.19172055863175297,-0.06283381345266782
3.0,8.0,-2.0,4.0,6.0,4.0,-2.0,-37.0,0.18475487521640982,0.44365035731259683,0.04197910022245133,-0.11184143439941152,0.2001835210862301,-0.0690017668186111
5.0,1.0,1.0,0.0,1.0,3.0,2.0,24.0,0.18219302943003252,0.4445716851147775,0.04128997626973263,-0.10347907631245785,0.20479918010097736,-0.0701209645959346
9.0,1.0,0.0,-1.0,-5.0,-5.0,0.0,1.0,0.1788634008413246,0.4420577935547091,0.04096084077693518,-0.09352275531910974,0.20943375772046155,-0.07114925409638358
3.0,0.0,-3.0,-3.0,-4.0,-2.0,-1.0,0.0,0.17546617099738018,0.4370577499504553,0.0410182173718765,-0.0844236286158925,0.2130213430165811,-0.07182187881494943
-7.0,4.0,-1.0,-1.0,2.0,3.0,-2.0,-2.0,0.17263305425875272,0.43118530247270487,0.04126998719708641,-0.07885654295386918,0.21448623171432493,-0.07180391482743077
6.0,2.0,-1.0,-2.0,3.0,1.0,-1.0,1.0,0.17072754322083233,0.42609824029990795,0.04139026920205868,-0.07906013412962082,0.2129944291847703,-0.0708365241109861
-6.0,-8.0,-3.0,-3.0,-6.0,-4.0,-1.0,-5.0,0.16976608573431082,0.42288816060847617,0.041087431933781615,-0.08604315330074734,0.20826149671462932,-0.06886504692826502
-10.0,-6.0,-1.0,-3.0,-5.0,-2.0,-1.0,-5.0,0.16949482353446652,0.4217221127631726,0.04026538876936514,-0.09901720422106794,0.20076541288227812,-0.06607415380625269
2.0,-2.0,-7.0,2.0,2.0,-1.0,-3.0,7.0,0.16954532251554635,0.4218633182747028,0.03908527847147003,-0.11542001384848317,0.19172055863175297,-0.06283381345266782
1.0,1.0,-2.0,-1.0,3.0,2.0,1.0,-12.0,0.18219302943003252,0.4445716851147775,0.04128997626973263,-0.10347907631245785,0.20479918010097736,-0.0701209645959346
-10.0,2.0,9.0,0.0,-3.0,-2.0,2.0,1.0,0.1788634008413246,0.4420577935547091,0.04096084077693518,-0.09352275531910974,0.20943375772046155,-0.07114925409638358
4.0,-10.0,-6.0,-4.0,-4.0,-4.0,-2.0,-6.0,0.17546617099738018,0.4370577499504553,0.0410182173718765,-0.0844236286158925,0.2130213430165811,-0.07182187881494943
6.0,5.0,0.0,2.0,0.0,0.0,-4.0,6.0,0.17263305425875272,0.43118530247270487,0.04126998719708641,-0.07885654295386918,0.21448623171432493,-0.07180391482743077
4.0,12.0,-2.0,0.0,3.0,1.0,1.0,5.0,0.17072754322083233,0.42609824029990795,0.04139026920205868,-0.07906013412962082,0.2129944291847703,-0.0708365241109861
-3.0,-10.0,-1.0,-1.0,-1.0,-3.0,1.0,-5.0,0.16976608573431082,0.42288816060847617,0.041087431933781615,-0.08604315330074734,0.20826149671462932,-0.06886504692826502
1.0,-4.0,-6.0,-2.0,-6.0,-4.0,-3.0,0.0,0.16949482353446652,0.4217221127631726,0.04026538876936514,-0.09901720422106794,0.20076541288227812,-0.06607415380625269
-8.0,0.0,1.0,1.0,3.0,1.0,-2.0,1.0,0.16954532251554635,0.4218633182747028,0.03908527847147003,-0.11542001384848317,0.19172055863175297,-0.06283381345266782
6.0,-8.0,-5.0,-3.0,-5.0,-3.0,-3.0,-5.0,0.18600107341452898,0.4393855116413391,0.042816378270515765,-0.11677188784423165,0.19650717446159402,-0.0679200921595199
1.0,9.0,2.0,3.0,5.0,2.0,1.0,-4.0,0.18475487521640982,0.44365035731259683,0.04197910022245133,-0.11184143439941152,0.2001835210862301,-0.0690017668186111
-1.0,7.0,-3.0,0.0,4.0,0.0,-2.0,23.0,0.18219302943003252,0.4445716851147775,0.04128997626973263,-0.10347907631245785,0.20479918010097736,-0.0701209645959346
3.0,-4.0,-2.0,0.0,-4.0,-4.0,-5.0,-15.0,0.1788634008413246,0.4420577935547091,0.04096084077693518,-0.09352275531910974,0.20943375772046155,-0.07114925409638358
-11.0,-8.0,-4.0,-4.0,-5.0,-4.0,0.0,1.0,0.17546617099738018,0.4370577499504553,0.0410182173718765,-0.0844236286158925,0.2130213430165811,-0.07182187881494943
-3.0,-11.0,1.0,-3.0,3.0,3.0,-4.0,8.0,0.17263305425875272,0.43118530247270487,0.04126998719708641,-0.07885654295386918,0.21448623171432493,-0.07180391482743077
0.0,6.0,0.0,1.0,0.0,-2.0,2.0,-1.0,0.17072754322083233,0.42609824029990795,0.04139026920205868,-0.07906013412962082,0.2129944291847703,-0.0708365241109861
5.0,-5.0,-1.0,2.0,-3.0,-3.0,1.0,-8.0,0.16976608573431082,0.42288816060847617,0.041087431933781615,-0.08604315330074734,0.20826149671462932,-0.06886504692826502
8.0,-1.0,3.0,-1.0,-1.0,-2.0,-1.0,20.0,0.16949482353446652,0.4217221127631726,0.04026538876936514,-0.09901720422106794,0.20076541288227812,-0.06607415380625269
-6.0,9.0,3.0,1.0,-1.0,4.0,-2.0,4.0,0.16954532251554635,0.4218633182747028,0.03908527847147003,-0.11542001384848317,0.19172055863175297,-0.06283381345266782
2.0,-2.0,1.0,1.0,3.0,2.0,0.0,8.0,0.18600107341452898,0.4393855116413391,0.042816378270515765,-0.11677188784423165,0.19650717446159402,-0.0679200921595199
-1.0,-3.0,1.0,1.0,-3.0,-1.0,-1.0,15.0,0.18475487521640982,0.44365035731259683,0.04197910022245133,-0.11184143439941152,0.2001835210862301,-0.0690017668186111
7.0,-10.0,-4.0,-4.0,-6.0,-3.0,-3.0,9.0,0.18219302943003252,0.4445716851147775,0.04128997626973263,-0.10347907631245785,0.20479918010097736,-0.0701209645959346
8.0,15.0,-1.0,1.0,1.0,0.0,1.0,4.0,0.1788634008413246,0.4420577935547091,0.04096084077693518,-0.09352275531910974,0.20943375772046155,-0.07114925409638358
3.0,3.0,3.0,3.0,2.0,2.0,-1.0,-1.0,0.17546617099738018,0.4370577499504553,0.0410182173718765,-0.0844236286158925,0.2130213430165811,-0.07182187881494943
-23.0,-6.0,5.0,-1.0,-3.0,-4.0,-3.0,-3.0,0.17263305425875272,0.43118530247270487,0.04126998719708641,-0.07885654295386918,0.21448623171432493,-0.07180391482743077
12.0,-3.0,3.0,2.0,-4.0,-3.0,-2.0,-7.0,0.17072754322083233,0.42609824029990795,0.04139026920205868,-0.07906013412962082,0.2129944291847703,-0.0708365241109861
-4.0,-4.0,-16.0,1.0,2.0,-1.0,0.0,-5.0,0.16976608573431082,0.42288816060847617,0.041087431933781615,-0.08604315330074734,0.20826149671462932,-0.06886504692826502
-5.0,4.0,5.0,1.0,3.0,-1.0,0.0,4.0,0.16949482353446652,0.4217221127631726,0.04026538876936514,-0.09901720422106794,0.20076541288227812,-0.06607415380625269
-9.0,0.0,5.0,2.0,-3.0,-1.0,-3.0,-4.0,0.16954532251554635,0.4218633182747028,0.03908527847147003,-0.11542001384848317,0.19172055863175297,-0.06283381345266782
-2.0,-7.0,0.0,-3.0,-5.0,-2.0,1.0,-5.0,0.18219302943003252,0.4445716851147775,0.04128997626973263,-0.10347907631245785,0.20479918010097736,-0.0701209645959346
0.0,7.0,-1.0,0.0,2.0,1.0,-2.0,-2.0,0.1788634008413246,0.4420577935547091,0.04096084077693518,-0.09352275531910974,0.20943375772046155,-0.07114925409638358
5.0,3.0,1.0,0.0,0.0,1.0,0.0,26.0,0.17546617099738018,0.4370577499504553,0.0410182173718765,-0.0844236286158925,0.2130213430165811,-0.07182187881494943
-3.0,-10.0,1.0,0.0,-1.0,-3.0,-1.0,-8.0,0.17263305425875272,0.43118530247270487,0.04126998719708641,-0.07885654295386918,0.21448623171432493,-0.07180391482743077
4.0,0.0,-1.0,-2.0,-4.0,-1.0,-1.0,-1.0,0.17072754322083233,0.42609824029990795,0.04139026920205868,-0.07906013412962082,0.2129944291847703,-0.0708365241109861
-12.0,3.0,-1.0,0.0,1.0,5.0,-1.0,-2.0,0.16976608573431082,0.42288816060847617,0.041087431933781615,-0.08604315330074734,0.20826149671462932,-0.06886504692826502
-3.0,2.0,1.0,0.0,0.0,-1.0,-3.0,-5.0,0.16949482353446652,0.4217221127631726,0.04026538876936514,-0.09901720422106794,0.20076541288227812,-0.06607415380625269
-1.0,-7.0,-3.0,-1.0,-1.0,-2.0,0.0,-2.0,0.16954532251554635,0.4218633182747028,0.03908527847147003,-0.11542001384848317,0.19172055863175297,-0.06283381345266782
6.0,6.0,3.0,3.0,4.0,3.0,2.0,0.0,0.18600107341452898,0.4393855116413391,0.042816378270515765,-0.11677188784423165,0.19650717446159402,-0.0679200921595199
-32.0,-4.0,-2.0,1.0,-3.0,-1.0,0.0,-4.0,0.18475487521640982,0.44365035731259683,0.04197910022245133,-0.11184143439941152,0.2001835210862301,-0.0690017668186111
9.0,-9.0,-1.0,-5.0,-4.0,-3.0,-3.0,-1.0,0.18219302943003252,0.4445716851147775,0.04128997626973263,-0.10347907631245785,0.20479918010097736,-0.0701209645959346
-4.0,0.0,0.0,-2.0,1.0,-1.0,-2.0,0.0,0.1788634008413246,0.4420577935547091,0.04096084077693518,-0.09352275531910974,0.20943375772046155,-0.07114925409638358
1.0,5.0,-2.0,-3.0,1.0,2.0,1.0,0.0,0.17546617099738018,0.4370577499504553,0.0410182173718765,-0.0844236286158925,0.2130213430165811,-0.07182187881494943
0.0,-3.0,-1.0,-1.0,-3.0,-4.0,0.0,0.0,0.17263305425875272,0.43118530247270487,0.04126998719708641,-0.07885654295386918,0.21448623171432493,-0.07180391482743077
-3.0,-8.0,-3.0,-1.0,-3.0,-2.0,-2.0,0.0,0.17072754322083233,0.42609824029990795,0.04139026920205868,-0.07906013412962082,0.2129944291847703,-0.0708365241109861
2.0,7.0,-3.0,-3.0,-2.0,3.0,-1.0,-3.0,0.16976608573431082,0.42288816060847617,0.041087431933781615,-0.08604315330074734,0.20826149671462932,-0.06886504692826502
4.0,4.0,-1.0,0.0,2.0,2.0,-3.0,0.0,0.16949482353446652,0.4217221127631726,0.04026538876936514,-0.09901720422106794,0.20076541288227812,-0.06607415380625269
0.0,0.0,-1.0,-1.0,-2.0,-2.0,-2.0,-1.0,0.16954532251554635,0.4218633182747028,0.03908527847147003,-0.11542001384848317,0.19172055863175297,-0.06283381345266782
4.0,5.0,-2.0,0.0,1.0,2.0,-1.0,4.0,0.18475487521640982,0.44365035731259683,0.04197910022245133,-0.11184143439941152,0.2001835210862301,-0.0690017668186111
7.0,7.0,1.0,0.0,4.0,1.0,-1.0,0.0,0.18219302943003252,0.4445716851147775,0.04128997626973263,-0.10347907631245785,0.20479918010097736,-0.0701209645959346
-24.0,-4.0,1.0,-1.0,-1.0,-3.0,-1.0,-4.0,0.1788634008413246,0.4420577935547091,0.04096084077693518,-0.09352275531910974,0.20943375772046155,-0.07114925409638358
8.0,-1.0,-3.0,-5.0,-5.0,-5.0,0.0,-3.0,0.17546617099738018,0.4370577499504553,0.0410182173718765,-0.0844236286158925,0.2130213430165811,-0.07182187881494943
2.0,2.0,-1.0,-2.0,-1.0,5.0,-2.0,0.0,0.17263305425875272,0.43118530247270487,0.04126998719708641,-0.07885654295386918,0.21448623171432493,-0.07180391482743077
-4.0,6.0,0.0,1.0,3.0,0.0,0.0,0.0,0.17072754322083233,0.42609824029990795,0.04139026920205868,-0.07906013412962082,0.2129944291847703,-0.0708365241109861
4.0,-4.0,-3.0,-1.0,-2.0,-2.0,-5.0,1.0,0.16976608573431082,0.42288816060847617,0.041087431933781615,-0.08604315330074734,0.20826149671462932,-0.06886504692826502
-5.0,-8.0,-4.0,0.0,-3.0,-5.0,-3.0,-2.0,0.16949482353446652,0.4217221127631726,0.04026538876936514,-0.09901720422106794,0.20076541288227812,-0.06607415380625269
25.0,-3.0,-5.0,-4.0,-3.0,-1.0,-1.0,-1.0,0.16954532251554635,0.4218633182747028,0.03908527847147003,-0.11542001384848317,0.19172055863175297,-0.06283381345266782
-5.0,-6.0,-2.0,-5.0,-8.0,-5.0,0.0,-5.0,0.18600107341452898,0.4393855116413391,0.042816378270515765,-0.11677188784423165,0.19650717446159402,-0.0679200921595199
3.0,2.0,1.0,0.0,0.0,4.0,1.0,0.0,0.18475487521640982,0.44365035731259683,0.04197910022245133,-0.11184143439941152,0.2001835210862301,-0.0690017668186111
3.0,3.0,-4.0,2.0,4.0,-1.0,1.0,1.0,0.18219302943003252,0.4445716851147775,0.04128997626973263,-0.10347907631245785,0.20479918010097736,-0.0701209645959346
0.0,-3.0,2.0,2.0,-1.0,-4.0,0.0,-2.0,0.1788634008413246,0.4420577935547091,0.04096084077693518,-0.09352275531910974,0.20943375772046155,-0.07114925409638358
-33.0,-6.0,-3.0,-5.0,-7.0,-3.0,-2.0,-3.0,0.17546617099738018,0.4370577499504553,0.0410182173718765,-0.0844236286158925,0.2130213430165811,-0.07182187881494943
3.0,1.0,0.0,0.0,-3.0,0.0,-4.0,0.0,0.17263305425875272,0.43118530247270487,0.04126998719708641,-0.07885654295386918,0.21448623171432493,-0.07180391482743077
5.0,7.0,0.0,-1.0,3.0,3.0,-1.0,0.0,0.17072754322083233,0.42609824029990795,0.04139026920205868,-0.07906013412962082,0.2129944291847703,-0.0708365241109861
-13.0,-9.0,-5.0,-4.0,-1.0,-3.0,-2.0,-1.0,0.16976608573431082,0.42288816060847617,0.041087431933781615,-0.08604315330074734,0.20826149671462932,-0.06886504692826502
-19.0,-10.0,-3.0,3.0,-7.0,-5.0,-1.0,-1.0,0.16949482353446652,0.4217221127631726,0.04026538876936514,-0.09901720422106794,0.20076541288227812,-0.06607415380625269
7.0,1.0,0.0,1.0,-1.0,1.0,2.0,-2.0,0.16954532251554635,0.4218633182747028,0.03908527847147003,-0.11542001384848317,0.19172055863175297,-0.06283381345266782
-1.0,1.0,-2.0,-5.0,3.0,2.0,1.0,-1.0,0.18600107341452898,0.4393855116413391,0.042816378270515765,-0.11677188784423165,0.19650717446159402,-0.0679200921595199
2.0,-5.0,6.0,9.0,-4.0,-3.0,-2.0,-4.0,0.18475487521640982,0.44365035731259683,0.04197910022245133,-0.11184143439941152,0.2001835210862301,-0.0690017668186111
-21.0,-10.0,-11.0,-13.0,-3.0,-2.0,0.0,-2.0,0.18219302943003252,0.4445716851147775,0.04128997626973263,-0.10347907631245785,0.20479918010097736,-0.0701209645959346
2.0,-1.0,-4.0,-6.0,-4.0,3.0,-4.0,0.0,0.1788634008413246,0.4420577935547091,0.04096084077693518,-0.09352275531910974,0.20943375772046155,-0.07114925409638358
-4.0,3.0,6.0,6.0,7.0,0.0,-1.0,-5.0,0.17546617099738018,0.4370577499504553,0.0410182173718765,-0.0844236286158925,0.2130213430165811,-0.07182187881494943
-2.0,-3.0,2.0,-1.0,-3.0,-6.0,-1.0,-3.0,0.17263305425875272,0.43118530247270487,0.04126998719708641,-0.07885654295386918,0.21448623171432493,-0.07180391482743077
0.0,-8.0,-2.0,0.0,-5.0,-3.0,0.0,-1.0,0.17072754322083233,0.42609824029990795,0.04139026920205868,-0.07906013412962082,0.2129944291847703,-0.0708365241109861
1.0,3.0,-2.0,1.0,1.0,1.0,-2.0,-1.0,0.16976608573431082,0.42288816060847617,0.041087431933781615,-0.08604315330074734,0.20826149671462932,-0.06886504692826502
4.0,7.0,3.0,1.0,4.0,2.0,-2.0,0.0,0.16949482353446652,0.4217221127631726,0.04026538876936514,-0.09901720422106794,0.20076541288227812,-0.06607415380625269
-1.0,-3.0,2.0,0.0,-1.0,-3.0,-3.0,-2.0,0.16954532251554635,0.4218633182747028,0.03908527847147003,-0.11542001384848317,0.19172055863175297,-0.06283381345266782
-3.0,-10.0,-3.0,-2.0,-5.0,-6.0,-1.0,1.0,0.18219302943003252,0.4445716851147775,0.04128997626973263,-0.10347907631245785,0.20479918010097736,-0.0701209645959346
4.0,5.0,-4.0,-1.0,1.0,2.0,-2.0,4.0,0.1788634008413246,0.4420577935547091,0.04096084077693518,-0.09352275531910974,0.20943375772046155,-0.07114925409638358
-24.0,8.0,4.0,1.0,0.0,0.0,2.0,2.0,0.17546617099738018,0.4370577499504553,0.0410182173718765,-0.0844236286158925,0.2130213430165811,-0.07182187881494943
1.0,-1.0,0.0,-1.0,0.0,-1.0,-2.0,-4.0,0.17263305425875272,0.43118530247270487,0.04126998719708641,-0.07885654295386918,0.21448623171432493,-0.07180391482743077
-11.0,-6.0,-3.0,-1.0,-4.0,-5.0,1.0,9.0,0.17072754322083233,0.42609824029990795,0.04139026920205868,-0.07906013412962082,0.2129944291847703,-0.0708365241109861
4.0,1.0,-3.0,2.0,1.0,2.0,0.0,3.0,0.16976608573431082,0.42288816060847617,0.041087431933781615,-0.08604315330074734,0.20826149671462932,-0.06886504692826502
5.0,6.0,-1.0,3.0,2.0,1.0,-4.0,1.0,0.16949482353446652,0.4217221127631726,0.04026538876936514,-0.09901720422106794,0.20076541288227812,-0.06607415380625269
-8.0,-8.0,0.0,1.0,-4.0,0.0,1.0,-2.0,0.16954532251554635,0.4218633182747028,0.03908527847147003,-0.11542001384848317,0.19172055863175297,-0.06283381345266782
2.0,-7.0,5.0,-1.0,-7.0,-5.0,1.0,1.0,0.18600107341452898,0.4393855116413391,0.042816378270515765,-0.11677188784423165,0.19650717446159402,-0.0679200921595199
16.0,4.0,-2.0,-3.0,-2.0,3.0,0.0,0.0,0.18475487521640982,0.44365035731259683,0.04197910022245133,-0.11184143439941152,0.2001835210862301,-0.0690017668186111
-3.0,6.0,-3.0,0.0,4.0,4.0,0.0,25.0,0.18219302943003252,0.4445716851147775,0.04128997626973263,-0.10347907631245785,0.20479918010097736,-0.0701209645959346
-30.0,-5.0,0.0,1.0,-3.0,-2.0,1.0,-10.0,0.1788634008413246,0.4420577935547091,0.04096084077693518,-0.09352275531910974,0.20943375772046155,-0.07114925409638358
2.0,-13.0,-3.0,-5.0,-4.0,-3.0,-1.0,-3.0,0.17546617099738018,0.4370577499504553,0.0410182173718765,-0.0844236286158925,0.2130213430165811,-0.07182187881494943
3.0,5.0,-4.0,-4.0,0.0,-1.0,-4.0,13.0,0.17263305425875272,0.43118530247270487,0.04126998719708641,-0.07885654295386918,0.21448623171432493,-0.07180391482743077
11.0,8.0,3.0,-1.0,1.0,2.0,-2.0,-17.0,0.17072754322083233,0.42609824029990795,0.04139026920205868,-0.07906013412962082,0.2129944291847703,-0.0708365241109861
6.0,-4.0,-1.0,-1.0,-1.0,0.0,3.0,-6.0,0.16976608573431082,0.42288816060847617,0.041087431933781615,-0.08604315330074734,0.20826149671462932,-0.06886504692826502
-11.0,-3.0,1.0,-1.0,-4.0,-4.0,0.0,-3.0,0.16949482353446652,0.4217221127631726,0.04026538876936514,-0.09901720422106794,0.20076541288227812,-0.06607415380625269
10.0,5.0,-3.0,0.0,2.0,0.0,1.0,4.0,0.16954532251554635,0.4218633182747028,0.03908527847147003,-0.11542001384848317,0.19172055863175297,-0.06283381345266782
12.0,10.0,4.0,1.0,5.0,0.0,-5.0,22.0,0.18219302943003252,0.4445716851147775,0.04128997626973263,-0.10347907631245785,0.20479918010097736,-0.0701209645959346
3.0,-2.0,2.0,2.0,4.0,-1.0,-1.0,-3.0,0.1788634008413246,0.4420577935547091,0.04096084077693518,-0.09352275531910974,0.20943375772046155,-0.07114925409638358
-35.0,-13.0,-3.0,-5.0,-7.0,-3.0,-2.0,-2.0,0.17546617099738018,0.4370577499504553,0.0410182173718765,-0.0844236286158925,0.2130213430165811,-0.07182187881494943
6.0,-4.0,-4.0,-3.0,-1.0,-2.0,1.0,3.0,0.17263305425875272,0.43118530247270487,0.04126998719708641,-0.07885654295386918,0.21448623171432493,-0.07180391482743077
-8.0,4.0,1.0,1.0,5.0,2.0,-2.0,-8.0,0.17072754322083233,0.42609824029990795,0.04139026920205868,-0.07906013412962082,0.2129944291847703,-0.0708365241109861
4.0,-2.0,2.0,1.0,0.0,-4.0,-2.0,-2.0,0.16976608573431082,0.42288816060847617,0.041087431933781615,-0.08604315330074734,0.20826149671462932,-0.06886504692826502
-2.0,-9.0,1.0,-2.0,-7.0,-4.0,0.0,19.0,0.16949482353446652,0.4217221127631726,0.04026538876936514,-0.09901720422106794,0.20076541288227812,-0.06607415380625269
6.0,4.0,2.0,0.0,0.0,-4.0,-2.0,-11.0,0.16954532251554635,0.4218633182747028,0.03908527847147003,-0.11542001384848317,0.19172055863175297,-0.06283381345266782
5.0,6.0,3.0,-2.0,6.0,3.0,1.0,1.0,0.17072754322083233,0.42609824029990795,0.04139026920205868,-0.07906013412962082,0.2129944291847703,-0.0708365241109861
3.0,-5.0,3.0,1.0,-1.0,-1.0,1.0,-1.0,0.16976608573431082,0.42288816060847617,0.041087431933781615,-0.08604315330074734,0.20826149671462932,-0.06886504692826502
-5.0,-9.0,2.0,-5.0,-5.0,-6.0,-3.0,-2.0,0.16949482353446652,0.4217221127631726,0.04026538876936514,-0.09901720422106794,0.20076541288227812,-0.06607415380625269
-11.0,3.0,-9.0,4.0,2.0,1.0,-1.0,-4.0,0.16954532251554635,0.4218633182747028,0.03908527847147003,-0.11542001384848317,0.19172055863175297,-0.06283381345266782
15.0,11.0,7.0,13.0,6.0,5.0,-1.0,4.0,0.18600107341452898,0.4393855116413391,0.042816378270515765,-0.11677188784423165,0.19650717446159402,-0.0679200921595199
1.0,1.0,-3.0,1.0,-1.0,-2.0,0.0,-2.0,0.18475487521640982,0.44365035731259683,0.04197910022245133,-0.11184143439941152,0.2001835210862301,-0.0690017668186111
-5.0,-15.0,-3.0,0.0,-7.0,-7.0,-3.0,-3.0,0.18219302943003252,0.4445716851147775,0.04128997626973263,-0.10347907631245785,0.20479918010097736,-0.0701209645959346
-34.0,7.0,-2.0,-3.0,-4.0,1.0,-3.0,3.0,0.1788634008413246,0.4420577935547091,0.04096084077693518,-0.09352275531910974,0.20943375772046155,-0.07114925409638358
12.0,6.0,2.0,1.0,3.0,6.0,-1.0,-1.0,0.17546617099738018,0.4370577499504553,0.0410182173718765,-0.0844236286158925,0.2130213430165811,-0.07182187881494943
-6.0,-1.0,1.0,-1.0,1.0,0.0,1.0,0.0,0.17263305425875272,0.43118530247270487,0.04126998719708641,-0.07885654295386918,0.21448623171432493,-0.07180391482743077
-1.0,-11.0,-1.0,-5.0,-8.0,-5.0,-2.0,5.0,0.17072754322083233,0.42609824029990795,0.04139026920205868,-0.07906013412962082,0.2129944291847703,-0.0708365241109861
0.0,-1.0,1.0,-1.0,-1.0,-1.0,2.0,-13.0,0.16976608573431082,0.42288816060847617,0.041087431933781615,-0.08604315330074734,0.20826149671462932,-0.06886504692826502
0.0,9.0,10.0,1.0,6.0,6.0,2.0,4.0,0.16949482353446652,0.4217221127631726,0.04026538876936514,-0.09901720422106794,0.20076541288227812,-0.06607415380625269
3.0,-4.0,-35.0,1.0,-1.0,0.0,-1.0,-4.0,0.16954532251554635,0.4218633182747028,0.03908527847147003,-0.11542001384848317,0.19172055863175297,-0.06283381345266782
-8.0,-12.0,-3.0,-10.0,-5.0,-2.0,2.0,1.0,0.18600107341452898,0.4393855116413391,0.042816378270515765,-0.11677188784423165,0.19650717446159402,-0.0679200921595199
-2.0,-2.0,3.0,4.0,1.0,0.0,1.0,-2.0,0.18475487521640982,0.44365035731259683,0.04197910022245133,-0.11184143439941152,0.2001835210862301,-0.0690017668186111
5.0,8.0,-1.0,-3.0,-1.0,3.0,-1.0,2.0,0.18219302943003252,0.4445716851147775,0.04128997626973263,-0.10347907631245785,0.20479918010097736,-0.0701209645959346
1.0,5.0,9.0,3.0,0.0,0.0,1.0,-2.0,0.1788634008413246,0.4420577935547091,0.04096084077693518,-0.09352275531910974,0.20943375772046155,-0.07114925409638358
-2.0,-11.0,5.0,2.0,-5.0,-4.0,0.0,-2.0,0.17546617099738018,0.4370577499504553,0.0410182173718765,-0.0844236286158925,0.2130213430165811,-0.07182187881494943
-3.0,-2.0,-68.0,-3.0,-1.0,-3.0,-1.0,0.0,0.17263305425875272,0.43118530247270487,0.04126998719708641,-0.07885654295386918,0.21448623171432493,-0.07180391482743077
0.0,4.0,-25.0,2.0,6.0,2.0,-2.0,-1.0,0.17072754322083233,0.42609824029990795,0.04139026920205868,-0.07906013412962082,0.2129944291847703,-0.0708365241109861
8.0,-2.0,0.0,8.0,-2.0,0.0,1.0,-1.0,0.16976608573431082,0.42288816060847617,0.041087431933781615,-0.08604315330074734,0.20826149671462932,-0.06886504692826502
-2.0,-10.0,-1.0,-4.0,-7.0,-4.0,-3.0,-3.0,0.16949482353446652,0.4217221127631726,0.04026538876936514,-0.09901720422106794,0.20076541288227812,-0.06607415380625269
-39.0,-5.0,-4.0,-14.0,-4.0,0.0,-3.0,-6.0,0.16954532251554635,0.4218633182747028,0.03908527847147003,-0.11542001384848317,0.19172055863175297,-0.06283381345266782
4.0,-2.0,-52.0,-16.0,12.0,5.0,3.0,0.0,0.18600107341452898,0.4393855116413391,0.042816378270515765,-0.11677188784423165,0.19650717446159402,-0.0679200921595199
3.0,10.0,5.0,-2.0,-9.0,-8.0,-7.0,-3.0,0.18475487521640982,0.44365035731259683,0.04197910022245133,-0.11184143439941152,0.2001835210862301,-0.0690017668186111
-11.0,-20.0,5.0,-15.0,-14.0,-9.0,-4.0,-6.0,0.18219302943003252,0.4445716851147775,0.04128997626973263,-0.10347907631245785,0.20479918010097736,-0.0701209645959346
-22.0,-1.0,10.0,-8.0,-4.0,-5.0,-6.0,-4.0,0.1788634008413246,0.4420577935547091,0.04096084077693518,-0.09352275531910974,0.20943375772046155,-0.07114925409638358
13.0,2.0,-34.0,-7.0,-7.0,-1.0,-2.0,0.0,0.17546617099738018,0.4370577499504553,0.0410182173718765,-0.0844236286158925,0.2130213430165811,-0.07182187881494943
8.0,-1.0,8.0,-7.0,-9.0,-7.0,-4.0,0.0,0.17263305425875272,0.43118530247270487,0.04126998719708641,-0.07885654295386918,0.21448623171432493,-0.07180391482743077
11.0,-5.0,9.0,12.0,-1.0,5.0,5.0,2.0,0.17072754322083233,0.42609824029990795,0.04139026920205868,-0.07906013412962082,0.2129944291847703,-0.0708365241109861
-41.0,-8.0,-7.0,11.0,14.0,3.0,2.0,-4.0,0.16976608573431082,0.42288816060847617,0.041087431933781615,-0.08604315330074734,0.20826149671462932,-0.06886504692826502
0.0,7.0,7.0,-5.0,17.0,16.0,9.0,4.0,0.16949482353446652,0.4217221127631726,0.04026538876936514,-0.09901720422106794,0.20076541288227812,-0.06607415380625269
24.0,1.0,-3.0,-2.0,-14.0,-11.0,-1.0,7.0,0.16954532251554635,0.4218633182747028,0.03908527847147003,-0.11542001384848317,0.19172055863175297,-0.06283381345266782
7.0,37.0,104.0,7.0,4.0,1.0,6.0,4.0,0.18600107341452898,0.4393855116413391,0.042816378270515765,-0.11677188784423165,0.19650717446159402,-0.0679200921595199
-11.0,-14.0,52.0,-16.0,-12.0,-4.0,-3.0,-5.0,0.18475487521640982,0.44365035731259683,0.04197910022245133,-0.11184143439941152,0.2001835210862301,-0.0690017668186111
5.0,7.0,89.0,13.0,8.0,8.0,0.0,5.0,0.18219302943003252,0.4445716851147775,0.04128997626973263,-0.10347907631245785,0.20479918010097736,-0.0701209645959346
0.0,50.0,95.0,28.0,21.0,4.0,5.0,2.0,0.1788634008413246,0.4420577935547091,0.04096084077693518,-0.09352275531910974,0.20943375772046155,-0.07114925409638358
1.0,-9.0,1.0,-21.0,-3.0,-5.0,6.0,1.0,0.17546617099738018,0.4370577499504553,0.0410182173718765,-0.0844236286158925,0.2130213430165811,-0.07182187881494943
1.0,5.0,-14.0,12.0,0.0,-1.0,-7.0,-1.0,0.17263305425875272,0.43118530247270487,0.04126998719708641,-0.07885654295386918,0.21448623171432493,-0.07180391482743077
2.0,16.0,4.0,-2.0,-5.0,2.0,-1.0,-1.0,0.17072754322083233,0.42609824029990795,0.04139026920205868,-0.07906013412962082,0.2129944291847703,-0.0708365241109861
4.0,0.0,61.0,7.0,2.0,5.0,-1.0,-3.0,0.16976608573431082,0.42288816060847617,0.041087431933781615,-0.08604315330074734,0.20826149671462932,-0.06886504692826502
-12.0,-12.0,-88.0,-15.0,-13.0,-9.0,1.0,-3.0,0.16949482353446652,0.4217221127631726,0.04026538876936514,-0.09901720422106794,0.20076541288227812,-0.06607415380625269
-5.0,2.0,9.0,14.0,1.0,2.0,4.0,2.0,0.16954532251554635,0.4218633182747028,0.03908527847147003,-0.11542001384848317,0.19172055863175297,-0.06283381345266782
3.0,-18.0,-95.0,-8.0,-6.0,-6.0,-5.0,4.0,0.18600107341452898,0.4393855116413391,0.042816378270515765,-0.11677188784423165,0.19650717446159402,-0.0679200921595199
-9.0,31.0,55.0,7.0,-2.0,2.0,2.0,13.0,0.18475487521640982,0.44365035731259683,0.04197910022245133,-0.11184143439941152,0.2001835210862301,-0.0690017668186111
10.0,10.0,36.0,8.0,6.0,7.0,4.0,-3.0,0.18219302943003252,0.4445716851147775,0.04128997626973263,-0.10347907631245785,0.20479918010097736,-0.0701209645959346
2.0,-2.0,-3.0,-3.0,-2.0,-6.0,-4.0,12.0,0.1788634008413246,0.4420577935547091,0.04096084077693518,-0.09352275531910974,0.20943375772046155,-0.07114925409638358
-6.0,-33.0,-81.0,-26.0,-16.0,-10.0,-19.0,1.0,0.17546617099738018,0.4370577499504553,0.0410182173718765,-0.0844236286158925,0.2130213430165811,-0.07182187881494943
-9.0,-29.0,9.0,-14.0,-11.0,-4.0,11.0,-17.0,0.17263305425875272,0.43118530247270487,0.04126998719708641,-0.07885654295386918,0.21448623171432493,-0.07180391482743077
-3.0,24.0,29.0,9.0,7.0,4.0,0.0,0.0,0.17072754322083233,0.42609824029990795,0.04139026920205868,-0.07906013412962082,0.2129944291847703,-0.0708365241109861
0.0,-9.0,24.0,-2.0,3.0,0.0,0.0,-1.0,0.16976608573431082,0.42288816060847617,0.041087431933781615,-0.08604315330074734,0.20826149671462932,-0.06886504692826502
2.0,3.0,-43.0,-3.0,-6.0,0.0,1.0,4.0,0.16949482353446652,0.4217221127631726,0.04026538876936514,-0.09901720422106794,0.20076541288227812,-0.06607415380625269
-1.0,-2.0,56.0,9.0,8.0,5.0,-1.0,-4.0,0.16954532251554635,0.4218633182747028,0.03908527847147003,-0.11542001384848317,0.19172055863175297,-0.06283381345266782
-4.0,-13.0,-21.0,-9.0,-8.0,-3.0,1.0,2.0,0.18600107341452898,0.4393855116413391,0.042816378270515765,-0.11677188784423165,0.19650717446159402,-0.0679200921595199
0.0,16.0,35.0,-2.0,-5.0,5.0,20.0,6.0,0.18475487521640982,0.44365035731259683,0.04197910022245133,-0.11184143439941152,0.2001835210862301,-0.0690017668186111
-1.0,9.0,3.0,3.0,9.0,-6.0,-38.0,-2.0,0.18219302943003252,0.4445716851147775,0.04128997626973263,-0.10347907631245785,0.20479918010097736,-0.0701209645959346
6.0,27.0,-8.0,12.0,8.0,3.0,-6.0,1.0,0.1788634008413246,0.4420577935547091,0.04096084077693518,-0.09352275531910974,0.20943375772046155,-0.07114925409638358
-9.0,-5.0,-30.0,-4.0,-7.0,2.0,-3.0,-11.0,0.17546617099738018,0.4370577499504553,0.0410182173718765,-0.0844236286158925,0.2130213430165811,-0.07182187881494943
-6.0,5.0,-56.0,2.0,1.0,-1.0,1.0,-24.0,0.17263305425875272,0.43118530247270487,0.04126998719708641,-0.07885654295386918,0.21448623171432493,-0.07180391482743077
10.0,40.0,36.0,13.0,5.0,8.0,-1.0,43.0,0.17072754322083233,0.42609824029990795,0.04139026920205868,-0.07906013412962082,0.2129944291847703,-0.0708365241109861
-5.0,17.0,127.0,-4.0,-7.0,-9.0,-28.0,-8.0,0.16976608573431082,0.42288816060847617,0.041087431933781615,-0.08604315330074734,0.20826149671462932,-0.06886504692826502
-6.0,-49.0,-127.0,-16.0,-4.0,3.0,1.0,2.0,0.16949482353446652,0.4217221127631726,0.04026538876936514,-0.09901720422106794,0.20076541288227812,-0.06607415380625269
3.0,17.0,72.0,11.0,3.0,4.0,0.0,-3.0,0.16954532251554635,0.4218633182747028,0.03908527847147003,-0.11542001384848317,0.19172055863175297,-0.06283381345266782
-23.0,-51.0,-66.0,-17.0,-14.0,-8.0,-6.0,-5.0,0.18600107341452898,0.4393855116413391,0.042816378270515765,-0.11677188784423165,0.19650717446159402,-0.0679200921595199
10.0,63.0,6.0,7.0,6.0,5.0,5.0,5.0,0.18475487521640982,0.44365035731259683,0.04197910022245133,-0.11184143439941152,0.2001835210862301,-0.0690017668186111
-11.0,-41.0,-51.0,-2.0,-1.0,7.0,11.0,10.0,0.18219302943003252,0.4445716851147775,0.04128997626973263,-0.10347907631245785,0.20479918010097736,-0.0701209645959346
0.0,-8.0,33.0,4.0,2.0,-1.0,-6.0,-7.0,0.1788634008413246,0.4420577935547091,0.04096084077693518,-0.09352275531910974,0.20943375772046155,-0.07114925409638358
-5.0,-16.0,0.0,-17.0,-9.0,-2.0,-2.0,6.0,0.17546617099738018,0.4370577499504553,0.0410182173718765,-0.0844236286158925,0.2130213430165811,-0.07182187881494943
3.0,2.0,25.0,7.0,4.0,3.0,1.0,5.0,0.17263305425875272,0.43118530247270487,0.04126998719708641,-0.07885654295386918,0.21448623171432493,-0.07180391482743077
1.0,17.0,11.0,3.0,4.0,3.0,-2.0,-4.0,0.17072754322083233,0.42609824029990795,0.04139026920205868,-0.07906013412962082,0.2129944291847703,-0.0708365241109861
-4.0,-10.0,60.0,2.0,-6.0,-2.0,-3.0,-6.0,0.16976608573431082,0.42288816060847617,0.041087431933781615,-0.08604315330074734,0.20826149671462932,-0.06886504692826502
2.0,-8.0,55.0,3.0,-1.0,0.0,10.0,1.0,0.16949482353446652,0.4217221127631726,0.04026538876936514,-0.09901720422106794,0.20076541288227812,-0.06607415380625269
1.0,7.0,37.0,11.0,2.0,-8.0,-17.0,1.0,0.16954532251554635,0.4218633182747028,0.03908527847147003,-0.11542001384848317,0.19172055863175297,-0.06283381345266782
-4.0,-13.0,7.0,-1.0,-2.0,-4.0,-2.0,6.0,0.18475487521640982,0.44365035731259683,0.04197910022245133,-0.11184143439941152,0.2001835210862301,-0.0690017668186111
4.0,-7.0,-11.0,-14.0,-14.0,-11.0,-2.0,17.0,0.18219302943003252,0.4445716851147775,0.04128997626973263,-0.10347907631245785,0.20479918010097736,-0.0701209645959346
-5.0,-7.0,5.0,2.0,0.0,-5.0,-4.0,-28.0,0.1788634008413246,0.4420577935547091,0.04096084077693518,-0.09352275531910974,0.20943375772046155,-0.07114925409638358
2.0,7.0,10.0,8.0,8.0,14.0,-3.0,-1.0,0.17546617099738018,0.4370577499504553,0.0410182173718765,-0.0844236286158925,0.2130213430165811,-0.07182187881494943
4.0,3.0,7.0,1.0,-1.0,-5.0,-2.0,0.0,0.17263305425875272,0.43118530247270487,0.04126998719708641,-0.07885654295386918,0.21448623171432493,-0.07180391482743077
3.0,-9.0,20.0,3.0,-7.0,-1.0,8.0,0.0,0.17072754322083233,0.42609824029990795,0.04139026920205868,-0.07906013412962082,0.2129944291847703,-0.0708365241109861
-2.0,-4.0,3.0,1.0,-1.0,-2.0,-8.0,-13.0,0.16976608573431082,0.42288816060847617,0.041087431933781615,-0.08604315330074734,0.20826149671462932,-0.06886504692826502
0.0,10.0,8.0,-6.0,0.0,3.0,1.0,10.0,0.16949482353446652,0.4217221127631726,0.04026538876936514,-0.09901720422106794,0.20076541288227812,-0.06607415380625269
4.0,31.0,2.0,-1.0,-4.0,-3.0,-3.0,-6.0,0.16954532251554635,0.4218633182747028,0.03908527847147003,-0.11542001384848317,0.19172055863175297,-0.06283381345266782
6.0,20.0,21.0,11.0,-6.0,-2.0,-1.0,-1.0,0.18600107341452898,0.4393855116413391,0.042816378270515765,-0.11677188784423165,0.19650717446159402,-0.0679200921595199
0.0,48.0,-128.0,-33.0,-9.0,-4.0,1.0,-1.0,0.18475487521640982,0.44365035731259683,0.04197910022245133,-0.11184143439941152,0.2001835210862301,-0.0690017668186111
-10.0,-42.0,37.0,-1.0,7.0,3.0,2.0,-1.0,0.18219302943003252,0.4445716851147775,0.04128997626973263,-0.10347907631245785,0.20479918010097736,-0.0701209645959346
-3.0,3.0,5.0,1.0,-2.0,1.0,4.0,-4.0,0.1788634008413246,0.4420577935547091,0.04096084077693518,-0.09352275531910974,0.20943375772046155,-0.07114925409638358
3.0,-42.0,-12.0,-3.0,-4.0,-1.0,4.0,-8.0,0.17546617099738018,0.4370577499504553,0.0410182173718765,-0.0844236286158925,0.2130213430165811,-0.07182187881494943
-7.0,4.0,-1.0,-3.0,-4.0,-6.0,-35.0,68.0,0.17263305425875272,0.43118530247270487,0.04126998719708641,-0.07885654295386918,0.21448623171432493,-0.07180391482743077
-21.0,19.0,1.0,4.0,3.0,10.0,22.0,-38.0,0.17072754322083233,0.42609824029990795,0.04139026920205868,-0.07906013412962082,0.2129944291847703,-0.0708365241109861
33.0,3.0,-6.0,-7.0,-2.0,-9.0,-28.0,6.0,0.16976608573431082,0.42288816060847617,0.041087431933781615,-0.08604315330074734,0.20826149671462932,-0.06886504692826502
-5.0,-3.0,13.0,-7.0,-7.0,-4.0,3.0,-14.0,0.16949482353446652,0.4217221127631726,0.04026538876936514,-0.09901720422106794,0.20076541288227812,-0.06607415380625269
-7.0,-7.0,-2.0,3.0,2.0,-2.0,-10.0,-23.0,0.16954532251554635,0.4218633182747028,0.03908527847147003,-0.11542001384848317,0.19172055863175297,-0.06283381345266782
4.0,7.0,-9.0,4.0,6.0,8.0,1.0,-9.0,0.18600107341452898,0.4393855116413391,0.042816378270515765,-0.11677188784423165,0.19650717446159402,-0.0679200921595199
13.0,-3.0,-3.0,2.0,2.0,-5.0,-1.0,9.0,0.18475487521640982,0.44365035731259683,0.04197910022245133,-0.11184143439941152,0.2001835210862301,-0.0690017668186111
-37.0,-78.0,19.0,-3.0,-13.0,-9.0,-3.0,-13.0,0.18219302943003252,0.4445716851147775,0.04128997626973263,-0.10347907631245785,0.20479918010097736,-0.0701209645959346
7.0,33.0,-18.0,-2.0,-8.0,-5.0,-3.0,24.0,0.1788634008413246,0.4420577935547091,0.04096084077693518,-0.09352275531910974,0.20943375772046155,-0.07114925409638358
20.0,71.0,-7.0,-5.0,7.0,6.0,2.0,1.0,0.17546617099738018,0.4370577499504553,0.0410182173718765,-0.0844236286158925,0.2130213430165811,-0.07182187881494943
4.0,0.0,11.0,11.0,0.0,-4.0,-7.0,-73.0,0.17263305425875272,0.43118530247270487,0.04126998719708641,-0.07885654295386918,0.21448623171432493,-0.07180391482743077
-14.0,5.0,23.0,-14.0,-2.0,-2.0,4.0,19.0,0.17072754322083233,0.42609824029990795,0.04139026920205868,-0.07906013412962082,0.2129944291847703,-0.0708365241109861
16.0,10.0,-31.0,-8.0,1.0,5.0,-3.0,-4.0,0.16976608573431082,0.42288816060847617,0.041087431933781615,-0.08604315330074734,0.20826149671462932,-0.06886504692826502
-14.0,3.0,2.0,11.0,5.0,3.0,1.0,6.0,0.16949482353446652,0.4217221127631726,0.04026538876936514,-0.09901720422106794,0.20076541288227812,-0.06607415380625269
32.0,-14.0,25.0,-1.0,1.0,-1.0,-2.0,-2.0,0.16954532251554635,0.4218633182747028,0.03908527847147003,-0.11542001384848317,0.19172055863175297,-0.06283381345266782
2.0,0.0,-4.0,-25.0,-7.0,-6.0,-3.0,41.0,0.18600107341452898,0.4393855116413391,0.042816378270515765,-0.11677188784423165,0.19650717446159402,-0.0679200921595199
14.0,-36.0,-9.0,4.0,-1.0,-3.0,-3.0,-1.0,0.18475487521640982,0.44365035731259683,0.04197910022245133,-0.11184143439941152,0.2001835210862301,-0.0690017668186111
10.0,38.0,9.0,9.0,6.0,7.0,-1.0,4.0,0.18219302943003252,0.4445716851147775,0.04128997626973263,-0.10347907631245785,0.20479918010097736,-0.0701209645959346
-11.0,-5.0,19.0,5.0,3.0,-1.0,1.0,0.0,0.1788634008413246,0.4420577935547091,0.04096084077693518,-0.09352275531910974,0.20943375772046155,-0.07114925409638358
-14.0,-24.0,-2.0,-2.0,-6.0,-8.0,-1.0,-1.0,0.17546617099738018,0.4370577499504553,0.0410182173718765,-0.0844236286158925,0.2130213430165811,-0.07182187881494943
5.0,-8.0,-80.0,-14.0,-2.0,-3.0,-3.0,3.0,0.17263305425875272,0.43118530247270487,0.04126998719708641,-0.07885654295386918,0.21448623171432493,-0.07180391482743077
9.0,1.0,9.0,-3.0,1.0,5.0,-2.0,1.0,0.17072754322083233,0.42609824029990795,0.04139026920205868,-0.07906013412962082,0.2129944291847703,-0.0708365241109861
-1.0,3.0,0.0,0.0,2.0,2.0,2.0,1.0,0.16976608573431082,0.42288816060847617,0.041087431933781615,-0.08604315330074734,0.20826149671462932,-0.06886504692826502
-1.0,-24.0,-6.0,-4.0,-7.0,-5.0,1.0,-2.0,0.16949482353446652,0.4217221127631726,0.04026538876936514,-0.09901720422106794,0.20076541288227812,-0.06607415380625269
-1.0,-7.0,16.0,2.0,1.0,0.0,0.0,3.0,0.16954532251554635,0.4218633182747028,0.03908527847147003,-0.11542001384848317,0.19172055863175297,-0.06283381345266782
1.0,11.0,57.0,4.0,-2.0,-6.0,-1.0,-4.0,0.18475487521640982,0.44365035731259683,0.04197910022245133,-0.11184143439941152,0.2001835210862301,-0.0690017668186111
3.0,16.0,56.0,6.0,7.0,3.0,1.0,-13.0,0.18219302943003252,0.4445716851147775,0.04128997626973263,-0.10347907631245785,0.20479918010097736,-0.0701209645959346
-51.0,-23.0,-60.0,-36.0,-4.0,1.0,-2.0,-11.0,0.1788634008413246,0.4420577935547091,0.04096084077693518,-0.09352275531910974,0.20943375772046155,-0.07114925409638358
-9.0,-22.0,98.0,20.0,-4.0,-4.0,-2.0,-10.0,0.17546617099738018,0.4370577499504553,0.0410182173718765,-0.0844236286158925,0.2130213430165811,-0.07182187881494943
5.0,4.0,-20.0,-5.0,-7.0,-4.0,7.0,43.0,0.17263305425875272,0.43118530247270487,0.04126998719708641,-0.07885654295386918,0.21448623171432493,-0.07180391482743077
23.0,17.0,-14.0,2.0,4.0,2.0,-6.0,-7.0,0.17072754322083233,0.42609824029990795,0.04139026920205868,-0.07906013412962082,0.2129944291847703,-0.0708365241109861
6.0,-9.0,-1.0,-4.0,-2.0,-1.0,2.0,1.0,0.16976608573431082,0.42288816060847617,0.041087431933781615,-0.08604315330074734,0.20826149671462932,-0.06886504692826502
7.0,-5.0,-33.0,-4.0,-5.0,-7.0,-1.0,6.0,0.16949482353446652,0.4217221127631726,0.04026538876936514,-0.09901720422106794,0.20076541288227812,-0.06607415380625269
-29.0,-15.0,23.0,-1.0,-6.0,-4.0,-11.0,-3.0,0.16954532251554635,0.4218633182747028,0.03908527847147003,-0.11542001384848317,0.19172055863175297,-0.06283381345266782
9.0,-2.0,-128.0,-9.0,-4.0,-5.0,-1.0,52.0,0.18475487521640982,0.44365035731259683,0.04197910022245133,-0.11184143439941152,0.2001835210862301,-0.0690017668186111
-9.0,-12.0,-128.0,-33.0,-6.0,-2.0,-3.0,-24.0,0.18219302943003252,0.4445716851147775,0.04128997626973263,-0.10347907631245785,0.20479918010097736,-0.0701209645959346
-6.0,31.0,127.0,27.0,-6.0,-5.0,-2.0,-9.0,0.1788634008413246,0.4420577935547091,0.04096084077693518,-0.09352275531910974,0.20943375772046155,-0.07114925409638358
42.0,48.0,-128.0,-13.0,4.0,2.0,6.0,34.0,0.17546617099738018,0.4370577499504553,0.0410182173718765,-0.0844236286158925,0.2130213430165811,-0.07182187881494943
4.0,32.0,85.0,18.0,-1.0,-4.0,1.0,4.0,0.17263305425875272,0.43118530247270487,0.04126998719708641,-0.07885654295386918,0.21448623171432493,-0.07180391482743077
-15.0,16.0,5.0,-18.0,-1.0,-3.0,-9.0,-4.0,0.17072754322083233,0.42609824029990795,0.04139026920205868,-0.07906013412962082,0.2129944291847703,-0.0708365241109861
-4.0,1.0,-128.0,-14.0,4.0,2.0,-3.0,-5.0,0.16976608573431082,0.42288816060847617,0.041087431933781615,-0.08604315330074734,0.20826149671462932,-0.06886504692826502
18.0,34.0,80.0,19.0,3.0,0.0,6.0,3.0,0.16949482353446652,0.4217221127631726,0.04026538876936514,-0.09901720422106794,0.20076541288227812,-0.06607415380625269
0.0,-9.0,2.0,-6.0,-5.0,-1.0,1.0,1.0,0.16954532251554635,0.4218633182747028,0.03908527847147003,-0.11542001384848317,0.19172055863175297,-0.06283381345266782
9.0,4.0,8.0,9.0,6.0,1.0,1.0,2.0,0.18475487521640982,0.44365035731259683,0.04197910022245133,-0.11184143439941152,0.2001835210862301,-0.0690017668186111
7.0,-5.0,-4.0,-5.0,-4.0,-4.0,1.0,-3.0,0.18219302943003252,0.4445716851147775,0.04128997626973263,-0.10347907631245785,0.20479918010097736,-0.0701209645959346
-5.0,4.0,-38.0,0.0,-5.0,-8.0,-8.0,-24.0,0.1788634008413246,0.4420577935547091,0.04096084077693518,-0.09352275531910974,0.20943375772046155,-0.07114925409638358
-13.0,2.0,28.0,9.0,4.0,0.0,4.0,5.0,0.17546617099738018,0.4370577499504553,0.0410182173718765,-0.0844236286158925,0.2130213430165811,-0.07182187881494943
18.0,30.0,-13.0,-6.0,0.0,3.0,4.0,6.0,0.17263305425875272,0.43118530247270487,0.04126998719708641,-0.07885654295386918,0.21448623171432493,-0.07180391482743077
-10.0,-48.0,-14.0,-1.0,-6.0,-4.0,8.0,-6.0,0.17072754322083233,0.42609824029990795,0.04139026920205868,-0.07906013412962082,0.2129944291847703,-0.0708365241109861
7.0,-8.0,-10.0,1.0,-6.0,-5.0,-38.0,24.0,0.16976608573431082,0.42288816060847617,0.041087431933781615,-0.08604315330074734,0.20826149671462932,-0.06886504692826502
-4.0,10.0,-21.0,-10.0,3.0,5.0,-1.0,-14.0,0.16949482353446652,0.4217221127631726,0.04026538876936514,-0.09901720422106794,0.20076541288227812,-0.06607415380625269
1.0,-3.0,30.0,0.0,-1.0,-2.0,-1.0,-3.0,0.16954532251554635,0.4218633182747028,0.03908527847147003,-0.11542001384848317,0.19172055863175297,-0.06283381345266782
-5.0,32.0,47.0,1.0,-4.0,-3.0,0.0,-11.0,0.18600107341452898,0.4393855116413391,0.042816378270515765,-0.11677188784423165,0.19650717446159402,-0.0679200921595199
-14.0,7.0,-9.0,-3.0,-7.0,-3.0,0.0,6.0,0.18475487521640982,0.44365035731259683,0.04197910022245133,-0.11184143439941152,0.2001835210862301,-0.0690017668186111
-8.0,5.0,-14.0,3.0,2.0,0.0,-7.0,1.0,0.18219302943003252,0.4445716851147775,0.04128997626973263,-0.10347907631245785,0.20479918010097736,-0.0701209645959346
13.0,1.0,1.0,-9.0,2.0,1.0,5.0,0.0,0.1788634008413246,0.4420577935547091,0.04096084077693518,-0.09352275531910974,0.20943375772046155,-0.07114925409638358
-10.0,-5.0,5.0,-1.0,-4.0,-3.0,0.0,3.0,0.17546617099738018,0.4370577499504553,0.0410182173718765,-0.0844236286158925,0.2130213430165811,-0.07182187881494943
7.0,-44.0,-7.0,4.0,-8.0,-6.0,-5.0,-2.0,0.17263305425875272,0.43118530247270487,0.04126998719708641,-0.07885654295386918,0.21448623171432493,-0.07180391482743077
5.0,-8.0,-16.0,-6.0,0.0,0.0,-2.0,-13.0,0.17072754322083233,0.42609824029990795,0.04139026920205868,-0.07906013412962082,0.2129944291847703,-0.0708365241109861
-9.0,29.0,2.0,1.0,0.0,-4.0,0.0,3.0,0.16976608573431082,0.42288816060847617,0.041087431933781615,-0.08604315330074734,0.20826149671462932,-0.06886504692826502
-8.0,-20.0,-1.0,-2.0,-8.0,-8.0,-3.0,1.0,0.16949482353446652,0.4217221127631726,0.04026538876936514,-0.09901720422106794,0.20076541288227812,-0.06607415380625269
5.0,21.0,0.0,-1.0,-4.0,0.0,2.0,-16.0,0.16954532251554635,0.4218633182747028,0.03908527847147003,-0.11542001384848317,0.19172055863175297,-0.06283381345266782
-26.0,-15.0,-20.0,2.0,1.0,-5.0,-3.0,-4.0,0.18600107341452898,0.4393855116413391,0.042816378270515765,-0.11677188784423165,0.19650717446159402,-0.0679200921595199
13.0,33.0,4.0,-3.0,-5.0,-3.0,-3.0,1.0,0.18475487521640982,0.44365035731259683,0.04197910022245133,-0.11184143439941152,0.2001835210862301,-0.0690017668186111
1.0,2.0,31.0,2.0,-3.0,2.0,-4.0,-2.0,0.18219302943003252,0.4445716851147775,0.04128997626973263,-0.10347907631245785,0.20479918010097736,-0.0701209645959346
5.0,17.0,6.0,7.0,7.0,2.0,1.0,2.0,0.1788634008413246,0.4420577935547091,0.04096084077693518,-0.09352275531910974,0.20943375772046155,-0.07114925409638358
-3.0,-15.0,-20.0,-35.0,-15.0,-7.0,-4.0,-4.0,0.17546617099738018,0.4370577499504553,0.0410182173718765,-0.0844236286158925,0.2130213430165811,-0.07182187881494943
0.0,-14.0,1.0,10.0,-3.0,-6.0,-3.0,-4.0,0.17263305425875272,0.43118530247270487,0.04126998719708641,-0.07885654295386918,0.21448623171432493,-0.07180391482743077
-20.0,68.0,20.0,15.0,7.0,9.0,2.0,5.0,0.17072754322083233,0.42609824029990795,0.04139026920205868,-0.07906013412962082,0.2129944291847703,-0.0708365241109861
2.0,-5.0,32.0,0.0,-5.0,-1.0,-3.0,-2.0,0.16976608573431082,0.42288816060847617,0.041087431933781615,-0.08604315330074734,0.20826149671462932,-0.06886504692826502
-31.0,-3.0,-58.0,-15.0,-5.0,-3.0,-7.0,-30.0,0.16949482353446652,0.4217221127631726,0.04026538876936514,-0.09901720422106794,0.20076541288227812,-0.06607415380625269
0.0,6.0,18.0,-12.0,-4.0,-4.0,-1.0,2.0,0.16954532251554635,0.4218633182747028,0.03908527847147003,-0.11542001384848317,0.19172055863175297,-0.06283381345266782
34.0,-13.0,-4.0,-16.0,-11.0,-4.0,8.0,3.0,0.18475487521640982,0.44365035731259683,0.04197910022245133,-0.11184143439941152,0.2001835210862301,-0.0690017668186111
-26.0,9.0,48.0,20.0,8.0,4.0,-6.0,-2.0,0.18219302943003252,0.4445716851147775,0.04128997626973263,-0.10347907631245785,0.20479918010097736,-0.0701209645959346
7.0,9.0,3.0,6.0,2.0,-1.0,-5.0,-28.0,0.1788634008413246,0.4420577935547091,0.04096084077693518,-0.09352275531910974,0.20943375772046155,-0.07114925409638358
-12.0,-12.0,0.0,-2.0,-8.0,-10.0,-10.0,0.0,0.17546617099738018,0.4370577499504553,0.0410182173718765,-0.0844236286158925,0.2130213430165811,-0.07182187881494943
13.0,-6.0,74.0,-4.0,-5.0,-1.0,16.0,50.0,0.17263305425875272,0.43118530247270487,0.04126998719708641,-0.07885654295386918,0.21448623171432493,-0.07180391482743077
38.0,18.0,-57.0,-1.0,5.0,0.0,-2.0,-10.0,0.17072754322083233,0.42609824029990795,0.04139026920205868,-0.07906013412962082,0.2129944291847703,-0.0708365241109861
11.0,9.0,-7.0,3.0,-2.0,-2.0,-2.0,-19.0,0.16976608573431082,0.42288816060847617,0.041087431933781615,-0.08604315330074734,0.20826149671462932,-0.06886504692826502
-43.0,-30.0,-88.0,-8.0,-5.0,-6.0,1.0,14.0,0.16949482353446652,0.4217221127631726,0.04026538876936514,-0.09901720422106794,0.20076541288227812,-0.06607415380625269
9.0,3.0,18.0,-20.0,-10.0,-2.0,0.0,-9.0,0.16954532251554635,0.4218633182747028,0.03908527847147003,-0.11542001384848317,0.19172055863175297,-0.06283381345266782
8.0,67.0,20.0,4.0,-3.0,-6.0,1.0,39.0,0.18600107341452898,0.4393855116413391,0.042816378270515765,-0.11677188784423165,0.19650717446159402,-0.0679200921595199
-1.0,22.0,11.0,-7.0,-6.0,-4.0,-9.0,-76.0,0.18475487521640982,0.44365035731259683,0.04197910022245133,-0.11184143439941152,0.2001835210862301,-0.0690017668186111
-3.0,1.0,-28.0,-1.0,4.0,1.0,4.0,23.0,0.18219302943003252,0.4445716851147775,0.04128997626973263,-0.10347907631245785,0.20479918010097736,-0.0701209645959346
-10.0,13.0,33.0,7.0,4.0,1.0,-1.0,-2.0,0.1788634008413246,0.4420577935547091,0.04096084077693518,-0.09352275531910974,0.20943375772046155,-0.07114925409638358
-1.0,-52.0,-128.0,-16.0,-5.0,-3.0,-3.0,-5.0,0.17546617099738018,0.4370577499504553,0.0410182173718765,-0.0844236286158925,0.2130213430165811,-0.07182187881494943
-4.0,6.0,9.0,0.0,-5.0,-4.0,-3.0,-1.0,0.17263305425875272,0.43118530247270487,0.04126998719708641,-0.07885654295386918,0.21448623171432493,-0.07180391482743077
8.0,11.0,10.0,2.0,-2.0,0.0,-2.0,0.0,0.17072754322083233,0.42609824029990795,0.04139026920205868,-0.07906013412962082,0.2129944291847703,-0.0708365241109861
9.0,0.0,-15.0,3.0,4.0,2.0,-1.0,0.0,0.16976608573431082,0.42288816060847617,0.041087431933781615,-0.08604315330074734,0.20826149671462932,-0.06886504692826502
19.0,-1.0,60.0,-3.0,-5.0,-5.0,-3.0,-4.0,0.16949482353446652,0.4217221127631726,0.04026538876936514,-0.09901720422106794,0.20076541288227812,-0.06607415380625269
15.0,0.0,70.0,-8.0,-4.0,-4.0,-2.0,2.0,0.16954532251554635,0.4218633182747028,0.03908527847147003,-0.11542001384848317,0.19172055863175297,-0.06283381345266782
4.0,-9.0,-1.0,4.0,-1.0,-3.0,1.0,0.0,0.18600107341452898,0.4393855116413391,0.042816378270515765,-0.11677188784423165,0.19650717446159402,-0.0679200921595199
5.0,-4.0,19.0,-4.0,-8.0,-5.0,2.0,0.0,0.18475487521640982,0.44365035731259683,0.04197910022245133,-0.11184143439941152,0.2001835210862301,-0.0690017668186111
5.0,-8.0,10.0,0.0,3.0,1.0,-1.0,0.0,0.18219302943003252,0.4445716851147775,0.04128997626973263,-0.10347907631245785,0.20479918010097736,-0.0701209645959346
14.0,18.0,-1.0,1.0,0.0,4.0,-1.0,2.0,0.1788634008413246,0.4420577935547091,0.04096084077693518,-0.09352275531910974,0.20943375772046155,-0.07114925409638358
19.0,-13.0,11.0,5.0,-3.0,-1.0,10.0,25.0,0.17546617099738018,0.4370577499504553,0.0410182173718765,-0.0844236286158925,0.2130213430165811,-0.07182187881494943
-16.0,-32.0,-82.0,-8.0,-10.0,-7.0,-2.0,-14.0,0.17263305425875272,0.43118530247270487,0.04126998719708641,-0.07885654295386918,0.21448623171432493,-0.07180391482743077
-19.0,-3.0,1.0,6.0,6.0,1.0,1.0,-21.0,0.17072754322083233,0.42609824029990795,0.04139026920205868,-0.07906013412962082,0.2129944291847703,-0.0708365241109861
-13.0,-2.0,30.0,-1.0,2.0,1.0,3.0,22.0,0.16976608573431082,0.42288816060847617,0.041087431933781615,-0.08604315330074734,0.20826149671462932,-0.06886504692826502
0.0,-5.0,-11.0,-18.0,-3.0,-5.0,6.0,-6.0,0.16949482353446652,0.4217221127631726,0.04026538876936514,-0.09901720422106794,0.20076541288227812,-0.06607415380625269
5.0,-3.0,2.0,3.0,-5.0,-3.0,-17.0,-2.0,0.16954532251554635,0.4218633182747028,0.03908527847147003,-0.11542001384848317,0.19172055863175297,-0.06283381345266782
-5.0,-7.0,-45.0,0.0,1.0,3.0,-3.0,13.0,0.18600107341452898,0.4393855116413391,0.042816378270515765,-0.11677188784423165,0.19650717446159402,-0.0679200921595199
10.0,-4.0,12.0,-5.0,3.0,2.0,-2.0,4.0,0.18475487521640982,0.44365035731259683,0.04197910022245133,-0.11184143439941152,0.2001835210862301,-0.0690017668186111
-5.0,-11.0,-13.0,7.0,3.0,-2.0,4.0,-11.0,0.18219302943003252,0.4445716851147775,0.04128997626973263,-0.10347907631245785,0.20479918010097736,-0.0701209645959346
-48.0,-32.0,7.0,-9.0,-10.0,-6.0,-5.0,6.0,0.1788634008413246,0.4420577935547091,0.04096084077693518,-0.09352275531910974,0.20943375772046155,-0.07114925409638358
30.0,-3.0,-21.0,-5.0,0.0,3.0,-7.0,1.0,0.17546617099738018,0.4370577499504553,0.0410182173718765,-0.0844236286158925,0.2130213430165811,-0.07182187881494943
8.0,13.0,8.0,-1.0,1.0,3.0,2.0,2.0,0.17263305425875272,0.43118530247270487,0.04126998719708641,-0.07885654295386918,0.21448623171432493,-0.07180391482743077
-14.0,-39.0,-33.0,-4.0,-7.0,-7.0,-4.0,-12.0,0.17072754322083233,0.42609824029990795,0.04139026920205868,-0.07906013412962082,0.2129944291847703,-0.0708365241109861
24.0,64.0,4.0,1.0,-6.0,-3.0,8.0,-28.0,0.16976608573431082,0.42288816060847617,0.041087431933781615,-0.08604315330074734,0.20826149671462932,-0.06886504692826502
-2.0,8.0,2.0,5.0,7.0,3.0,-1.0,-5.0,0.16949482353446652,0.4217221127631726,0.04026538876936514,-0.09901720422106794,0.20076541288227812,-0.06607415380625269
-3.0,-44.0,-12.0,-1.0,0.0,-3.0,-7.0,-38.0,0.16954532251554635,0.4218633182747028,0.03908527847147003,-0.11542001384848317,0.19172055863175297,-0.06283381345266782
-59.0,77.0,-7.0,6.0,7.0,6.0,1.0,-5.0,0.18600107341452898,0.4393855116413391,0.042816378270515765,-0.11677188784423165,0.19650717446159402,-0.0679200921595199
9.0,4.0,4.0,15.0,8.0,1.0,-4.0,0.0,0.18475487521640982,0.44365035731259683,0.04197910022245133,-0.11184143439941152,0.2001835210862301,-0.0690017668186111
-5.0,6.0,-3.0,4.0,-3.0,-4.0,-5.0,-43.0,0.18219302943003252,0.4445716851147775,0.04128997626973263,-0.10347907631245785,0.20479918010097736,-0.0701209645959346
-8.0,-5.0,-25.0,-5.0,-6.0,-5.0,-7.0,14.0,0.1788634008413246,0.4420577935547091,0.04096084077693518,-0.09352275531910974,0.20943375772046155,-0.07114925409638358
0.0,31.0,27.0,-9.0,3.0,4.0,3.0,4.0,0.17546617099738018,0.4370577499504553,0.0410182173718765,-0.0844236286158925,0.2130213430165811,-0.07182187881494943
-3.0,-5.0,8.0,-1.0,2.0,0.0,-2.0,1.0,0.17263305425875272,0.43118530247270487,0.04126998719708641,-0.07885654295386918,0.21448623171432493,-0.07180391482743077
25.0,16.0,26.0,6.0,-4.0,-1.0,20.0,1.0,0.17072754322083233,0.42609824029990795,0.04139026920205868,-0.07906013412962082,0.2129944291847703,-0.0708365241109861
5.0,-12.0,-17.0,3.0,-8.0,-4.0,4.0,-10.0,0.16976608573431082,0.42288816060847617,0.041087431933781615,-0.08604315330074734,0.20826149671462932,-0.06886504692826502
-28.0,0.0,10.0,1.0,1.0,-3.0,-15.0,19.0,0.16949482353446652,0.4217221127631726,0.04026538876936514,-0.09901720422106794,0.20076541288227812,-0.06607415380625269
23.0,3.0,10.0,-6.0,1.0,-4.0,-26.0,-7.0,0.16954532251554635,0.4218633182747028,0.03908527847147003,-0.11542001384848317,0.19172055863175297,-0.06283381345266782
-6.0,-81.0,-128.0,-17.0,-8.0,-6.0,-8.0,-67.0,0.18600107341452898,0.4393855116413391,0.042816378270515765,-0.11677188784423165,0.19650717446159402,-0.0679200921595199
15.0,-54.0,39.0,-4.0,3.0,-2.0,-4.0,14.0,0.18475487521640982,0.44365035731259683,0.04197910022245133,-0.11184143439941152,0.2001835210862301,-0.0690017668186111
-4.0,-39.0,-27.0,0.0,-1.0,-4.0,-14.0,-4.0,0.18219302943003252,0.4445716851147775,0.04128997626973263,-0.10347907631245785,0.20479918010097736,-0.0701209645959346
-10.0,-30.0,-27.0,-6.0,-9.0,-5.0,13.0,11.0,0.1788634008413246,0.4420577935547091,0.04096084077693518,-0.09352275531910974,0.20943375772046155,-0.07114925409638358
8.0,6.0,-6.0,2.0,3.0,3.0,-9.0,-11.0,0.17546617099738018,0.4370577499504553,0.0410182173718765,-0.0844236286158925,0.2130213430165811,-0.07182187881494943
10.0,7.0,16.0,11.0,5.0,2.0,4.0,26.0,0.17263305425875272,0.43118530247270487,0.04126998719708641,-0.07885654295386918,0.21448623171432493,-0.07180391482743077
5.0,-5.0,-27.0,-2.0,-6.0,-2.0,-3.0,29.0,0.17072754322083233,0.42609824029990795,0.04139026920205868,-0.07906013412962082,0.2129944291847703,-0.0708365241109861
0.0,-16.0,-17.0,-13.0,-10.0,-7.0,-10.0,-35.0,0.16976608573431082,0.42288816060847617,0.041087431933781615,-0.08604315330074734,0.20826149671462932,-0.06886504692826502
3.0,17.0,13.0,7.0,3.0,3.0,-3.0,-8.0,0.16949482353446652,0.4217221127631726,0.04026538876936514,-0.09901720422106794,0.20076541288227812,-0.06607415380625269
-48.0,-11.0,-68.0,1.0,4.0,2.0,-3.0,-2.0,0.16954532251554635,0.4218633182747028,0.03908527847147003,-0.11542001384848317,0.19172055863175297,-0.06283381345266782
-13.0,-42.0,-128.0,-14.0,-5.0,-1.0,5.0,-10.0,0.18600107341452898,0.4393855116413391,0.042816378270515765,-0.11677188784423165,0.19650717446159402,-0.0679200921595199
14.0,-5.0,-4.0,-4.0,-10.0,-8.0,-5.0,-10.0,0.18475487521640982,0.44365035731259683,0.04197910022245133,-0.11184143439941152,0.2001835210862301,-0.0690017668186111
6.0,6.0,2.0,0.0,0.0,2.0,-4.0,3.0,0.18219302943003252,0.4445716851147775,0.04128997626973263,-0.10347907631245785,0.20479918010097736,-0.0701209645959346
-4.0,5.0,2.0,3.0,4.0,1.0,-3.0,57.0,0.1788634008413246,0.4420577935547091,0.04096084077693518,-0.09352275531910974,0.20943375772046155,-0.07114925409638358
4.0,-1.0,-6.0,-1.0,-1.0,-5.0,2.0,-4.0,0.17546617099738018,0.4370577499504553,0.0410182173718765,-0.0844236286158925,0.2130213430165811,-0.07182187881494943
-18.0,-15.0,2.0,-5.0,-6.0,-4.0,4.0,4.0,0.17263305425875272,0.43118530247270487,0.04126998719708641,-0.07885654295386918,0.21448623171432493,-0.07180391482743077
4.0,-7.0,-22.0,-3.0,1.0,4.0,-4.0,-4.0,0.17072754322083233,0.42609824029990795,0.04139026920205868,-0.07906013412962082,0.2129944291847703,-0.0708365241109861
17.0,17.0,5.0,7.0,8.0,5.0,1.0,3.0,0.16976608573431082,0.42288816060847617,0.041087431933781615,-0.08604315330074734,0.20826149671462932,-0.06886504692826502
-10.0,-42.0,42.0,-6.0,-5.0,-4.0,2.0,14.0,0.16949482353446652,0.4217221127631726,0.04026538876936514,-0.09901720422106794,0.20076541288227812,-0.06607415380625269
3.0,18.0,19.0,1.0,-8.0,-1.0,4.0,4.0,0.16954532251554635,0.4218633182747028,0.03908527847147003,-0.11542001384848317,0.19172055863175297,-0.06283381345266782
6.0,-6.0,-19.0,-1.0,0.0,-1.0,-2.0,18.0,0.18600107341452898,0.4393855116413391,0.042816378270515765,-0.11677188784423165,0.19650717446159402,-0.0679200921595199
-4.0,7.0,47.0,-1.0,4.0,1.0,0.0,-3.0,0.18475487521640982,0.44365035731259683,0.04197910022245133,-0.11184143439941152,0.2001835210862301,-0.0690017668186111
-9.0,-47.0,-4.0,1.0,-1.0,0.0,2.0,-9.0,0.18219302943003252,0.4445716851147775,0.04128997626973263,-0.10347907631245785,0.20479918010097736,-0.0701209645959346
5.0,-18.0,-16.0,-6.0,-9.0,-8.0,-36.0,-2.0,0.1788634008413246,0.4420577935547091,0.04096084077693518,-0.09352275531910974,0.20943375772046155,-0.07114925409638358
7.0,-46.0,-41.0,-5.0,0.0,1.0,2.0,19.0,0.17546617099738018,0.4370577499504553,0.0410182173718765,-0.0844236286158925,0.2130213430165811,-0.07182187881494943
13.0,11.0,21.0,5.0,4.0,4.0,1.0,-2.0,0.17263305425875272,0.43118530247270487,0.04126998719708641,-0.07885654295386918,0.21448623171432493,-0.07180391482743077
-17.0,-34.0,-70.0,-19.0,-10.0,-4.0,-3.0,-2.0,0.17072754322083233,0.42609824029990795,0.04139026920205868,-0.07906013412962082,0.2129944291847703,-0.0708365241109861
-8.0,16.0,17.0,10.0,-7.0,-5.0,3.0,8.0,0.16976608573431082,0.42288816060847617,0.041087431933781615,-0.08604315330074734,0.20826149671462932,-0.06886504692826502
-17.0,-3.0,18.0,8.0,0.0,-4.0,-5.0,-42.0,0.16949482353446652,0.4217221127631726,0.04026538876936514,-0.09901720422106794,0.20076541288227812,-0.06607415380625269
6.0,66.0,-2.0,9.0,6.0,1.0,-30.0,18.0,0.16954532251554635,0.4218633182747028,0.03908527847147003,-0.11542001384848317,0.19172055863175297,-0.06283381345266782
13.0,-6.0,6.0,7.0,3.0,0.0,-2.0,24.0,0.18600107341452898,0.4393855116413391,0.042816378270515765,-0.11677188784423165,0.19650717446159402,-0.0679200921595199
3.0,-4.0,10.0,-5.0,-11.0,-3.0,20.0,-23.0,0.18475487521640982,0.44365035731259683,0.04197910022245133,-0.11184143439941152,0.2001835210862301,-0.0690017668186111
0.0,5.0,-7.0,-3.0,1.0,2.0,5.0,9.0,0.18219302943003252,0.4445716851147775,0.04128997626973263,-0.10347907631245785,0.20479918010097736,-0.0701209645959346
9.0,42.0,15.0,6.0,5.0,0.0,-24.0,9.0,0.1788634008413246,0.4420577935547091,0.04096084077693518,-0.09352275531910974,0.20943375772046155,-0.07114925409638358
-9.0,-16.0,-39.0,-5.0,-3.0,-5.0,-5.0,-5.0,0.17546617099738018,0.4370577499504553,0.0410182173718765,-0.0844236286158925,0.2130213430165811,-0.07182187881494943
-9.0,-8.0,-31.0,-4.0,-5.0,1.0,-2.0,-26.0,0.17263305425875272,0.43118530247270487,0.04126998719708641,-0.07885654295386918,0.21448623171432493,-0.07180391482743077
20.0,15.0,23.0,1.0,-3.0,0.0,-15.0,16.0,0.17072754322083233,0.42609824029990795,0.04139026920205868,-0.07906013412962082,0.2129944291847703,-0.0708365241109861
24.0,68.0,14.0,8.0,6.0,3.0,18.0,20.0,0.16976608573431082,0.42288816060847617,0.041087431933781615,-0.08604315330074734,0.20826149671462932,-0.06886504692826502
18.0,-16.0,-15.0,-5.0,-1.0,-7.0,-7.0,-5.0,0.16949482353446652,0.4217221127631726,0.04026538876936514,-0.09901720422106794,0.20076541288227812,-0.06607415380625269
-12.0,-18.0,-44.0,-4.0,-4.0,-1.0,4.0,-8.0,0.16954532251554635,0.4218633182747028,0.03908527847147003,-0.11542001384848317,0.19172055863175297,-0.06283381345266782
13.0,8.0,-8.0,5.0,-1.0,-2.0,15.0,5.0,0.18600107341452898,0.4393855116413391,0.042816378270515765,-0.11677188784423165,0.19650717446159402,-0.0679200921595199
-18.0,-8.0,19.0,-3.0,-9.0,-3.0,15.0,-5.0,0.18475487521640982,0.44365035731259683,0.04197910022245133,-0.11184143439941152,0.2001835210862301,-0.0690017668186111
20.0,18.0,26.0,-2.0,4.0,4.0,1.0,-28.0,0.18219302943003252,0.4445716851147775,0.04128997626973263,-0.10347907631245785,0.20479918010097736,-0.0701209645959346
23.0,48.0,42.0,5.0,3.0,-5.0,-11.0,27.0,0.1788634008413246,0.4420577935547091,0.04096084077693518,-0.09352275531910974,0.20943375772046155,-0.07114925409638358
-18.0,-16.0,-45.0,-4.0,-4.0,-2.0,-1.0,-3.0,0.17546617099738018,0.4370577499504553,0.0410182173718765,-0.0844236286158925,0.2130213430165811,-0.07182187881494943
-14.0,-13.0,-60.0,-12.0,-8.0,-3.0,16.0,16.0,0.17263305425875272,0.43118530247270487,0.04126998719708641,-0.07885654295386918,0.21448623171432493,-0.07180391482743077
-6.0,54.0,3.0,1.0,1.0,2.0,9.0,3.0,0.17072754322083233,0.42609824029990795,0.04139026920205868,-0.07906013412962082,0.2129944291847703,-0.0708365241109861
2.0,6.0,-14.0,2.0,6.0,3.0,5.0,-10.0,0.16976608573431082,0.42288816060847617,0.041087431933781615,-0.08604315330074734,0.20826149671462932,-0.06886504692826502
13.0,-6.0,6.0,7.0,3.0,0.0,-2.0,24.0,0.16949482353446652,0.4217221127631726,0.04026538876936514,-0.09901720422106794,0.20076541288227812,-0.06607415380625269
3.0,-4.0,10.0,-5.0,-11.0,-3.0,20.0,-23.0,0.16954532251554635,0.4218633182747028,0.03908527847147003,-0.11542001384848317,0.19172055863175297,-0.06283381345266782
-10.0,24.0,-1.0,2.0,1.0,1.0,-2.0,-18.0,0.18600107341452898,0.4393855116413391,0.042816378270515765,-0.11677188784423165,0.19650717446159402,-0.0679200921595199
-4.0,-61.0,-20.0,-7.0,-6.0,-5.0,2.0,-33.0,0.18475487521640982,0.44365035731259683,0.04197910022245133,-0.11184143439941152,0.2001835210862301,-0.0690017668186111
-11.0,-21.0,-18.0,0.0,-4.0,0.0,-9.0,8.0,0.18219302943003252,0.4445716851147775,0.04128997626973263,-0.10347907631245785,0.20479918010097736,-0.0701209645959346
11.0,19.0,70.0,1.0,5.0,1.0,-11.0,-4.0,0.1788634008413246,0.4420577935547091,0.04096084077693518,-0.09352275531910974,0.20943375772046155,-0.07114925409638358
1.0,-4.0,-15.0,3.0,2.0,0.0,4.0,-10.0,0.17546617099738018,0.4370577499504553,0.0410182173718765,-0.0844236286158925,0.2130213430165811,-0.07182187881494943
0.0,-8.0,54.0,-11.0,-8.0,-5.0,-3.0,-4.0,0.17263305425875272,0.43118530247270487,0.04126998719708641,-0.07885654295386918,0.21448623171432493,-0.07180391482743077
-19.0,-36.0,-20.0,-8.0,-4.0,2.0,-2.0,0.0,0.17072754322083233,0.42609824029990795,0.04139026920205868,-0.07906013412962082,0.2129944291847703,-0.0708365241109861
-6.0,1.0,-81.0,-6.0,6.0,6.0,11.0,-8.0,0.16976608573431082,0.42288816060847617,0.041087431933781615,-0.08604315330074734,0.20826149671462932,-0.06886504692826502
-3.0,13.0,16.0,6.0,2.0,-3.0,-5.0,-2.0,0.16949482353446652,0.4217221127631726,0.04026538876936514,-0.09901720422106794,0.20076541288227812,-0.06607415380625269
10.0,-63.0,-46.0,-8.0,-7.0,-5.0,-4.0,5.0,0.16954532251554635,0.4218633182747028,0.03908527847147003,-0.11542001384848317,0.19172055863175297,-0.06283381345266782
17.0,-1.0,3.0,1.0,-1.0,-7.0,-8.0,-53.0,0.18600107341452898,0.4393855116413391,0.042816378270515765,-0.11677188784423165,0.19650717446159402,-0.0679200921595199
-9.0,2.0,1.0,-5.0,-13.0,-6.0,8.0,2.0,0.18475487521640982,0.44365035731259683,0.04197910022245133,-0.11184143439941152,0.2001835210862301,-0.0690017668186111
12.0,2.0,-13.0,1.0,3.0,5.0,4.0,2.0,0.18219302943003252,0.4445716851147775,0.04128997626973263,-0.10347907631245785,0.20479918010097736,-0.0701209645959346
-1.0,14.0,-38.0,1.0,4.0,2.0,-7.0,32.0,0.1788634008413246,0.4420577935547091,0.04096084077693518,-0.09352275531910974,0.20943375772046155,-0.07114925409638358
-16.0,67.0,15.0,4.0,3.0,1.0,4.0,-5.0,0.17546617099738018,0.4370577499504553,0.0410182173718765,-0.0844236286158925,0.2130213430165811,-0.07182187881494943
7.0,-22.0,-21.0,-7.0,-8.0,-8.0,-5.0,-6.0,0.17263305425875272,0.43118530247270487,0.04126998719708641,-0.07885654295386918,0.21448623171432493,-0.07180391482743077
9.0,6.0,12.0,3.0,2.0,2.0,-2.0,20.0,0.17072754322083233,0.42609824029990795,0.04139026920205868,-0.07906013412962082,0.2129944291847703,-0.0708365241109861
-17.0,6.0,12.0,6.0,7.0,7.0,21.0,3.0,0.16976608573431082,0.42288816060847617,0.041087431933781615,-0.08604315330074734,0.20826149671462932,-0.06886504692826502
23.0,2.0,13.0,2.0,0.0,2.0,-9.0,-2.0,0.16949482353446652,0.4217221127631726,0.04026538876936514,-0.09901720422106794,0.20076541288227812,-0.06607415380625269
-7.0,-27.0,35.0,-8.0,-9.0,-5.0,-1.0,47.0,0.16954532251554635,0.4218633182747028,0.03908527847147003,-0.11542001384848317,0.19172055863175297,-0.06283381345266782
-6.0,-20.0,-15.0,-7.0,-1.0,-4.0,-9.0,-51.0,0.18600107341452898,0.4393855116413391,0.042816378270515765,-0.11677188784423165,0.19650717446159402,-0.0679200921595199
9.0,55.0,-5.0,-3.0,-6.0,-6.0,-2.0,21.0,0.18475487521640982,0.44365035731259683,0.04197910022245133,-0.11184143439941152,0.2001835210862301,-0.0690017668186111
-7.0,-4.0,-5.0,-1.0,-2.0,4.0,21.0,-9.0,0.18219302943003252,0.4445716851147775,0.04128997626973263,-0.10347907631245785,0.20479918010097736,-0.0701209645959346
24.0,2.0,-8.0,2.0,6.0,3.0,-15.0,-17.0,0.1788634008413246,0.4420577935547091,0.04096084077693518,-0.09352275531910974,0.20943375772046155,-0.07114925409638358
-33.0,14.0,9.0,2.0,1.0,-2.0,-5.0,6.0,0.17546617099738018,0.4370577499504553,0.0410182173718765,-0.0844236286158925,0.2130213430165811,-0.07182187881494943
9.0,-4.0,-12.0,-4.0,-9.0,1.0,31.0,-16.0,0.17263305425875272,0.43118530247270487,0.04126998719708641,-0.07885654295386918,0.21448623171432493,-0.07180391482743077
7.0,-5.0,14.0,0.0,1.0,8.0,2.0,54.0,0.17072754322083233,0.42609824029990795,0.04139026920205868,-0.07906013412962082,0.2129944291847703,-0.0708365241109861
-13.0,18.0,2.0,3.0,2.0,-7.0,-11.0,44.0,0.16976608573431082,0.42288816060847617,0.041087431933781615,-0.08604315330074734,0.20826149671462932,-0.06886504692826502
-6.0,22.0,-18.0,-3.0,-3.0,-4.0,28.0,-31.0,0.16949482353446652,0.4217221127631726,0.04026538876936514,-0.09901720422106794,0.20076541288227812,-0.06607415380625269
-17.0,-61.0,-1.0,-4.0,-9.0,-5.0,-50.0,12.0,0.16954532251554635,0.4218633182747028,0.03908527847147003,-0.11542001384848317,0.19172055863175297,-0.06283381345266782
-27.0,0.0,-2.0,2.0,-1.0,-1.0,-1.0,24.0,0.18600107341452898,0.4393855116413391,0.042816378270515765,-0.11677188784423165,0.19650717446159402,-0.0679200921595199
11.0,-7.0,4.0,3.0,-5.0,-4.0,3.0,-5.0,0.18475487521640982,0.44365035731259683,0.04197910022245133,-0.11184143439941152,0.2001835210862301,-0.0690017668186111
25.0,56.0,3.0,-2.0,-3.0,-4.0,-18.0,18.0,0.18219302943003252,0.4445716851147775,0.04128997626973263,-0.10347907631245785,0.20479918010097736,-0.0701209645959346
-5.0,0.0,-63.0,-2.0,0.0,1.0,0.0,29.0,0.1788634008413246,0.4420577935547091,0.04096084077693518,-0.09352275531910974,0.20943375772046155,-0.07114925409638358
17.0,11.0,26.0,4.0,2.0,-3.0,-1.0,-6.0,0.17546617099738018,0.4370577499504553,0.0410182173718765,-0.0844236286158925,0.2130213430165811,-0.07182187881494943
5.0,0.0,7.0,-1.0,-7.0,-3.0,2.0,1.0,0.17263305425875272,0.43118530247270487,0.04126998719708641,-0.07885654295386918,0.21448623171432493,-0.07180391482743077
-9.0,-5.0,-2.0,-13.0,-3.0,-1.0,-3.0,1.0,0.17072754322083233,0.42609824029990795,0.04139026920205868,-0.07906013412962082,0.2129944291847703,-0.0708365241109861
1.0,-27.0,-27.0,-4.0,4.0,7.0,-4.0,2.0,0.16976608573431082,0.42288816060847617,0.041087431933781615,-0.08604315330074734,0.20826149671462932,-0.06886504692826502
-1.0,0.0,50.0,11.0,2.0,1.0,7.0,-13.0,0.16949482353446652,0.4217221127631726,0.04026538876936514,-0.09901720422106794,0.20076541288227812,-0.06607415380625269
8.0,-5.0,11.0,9.0,-1.0,-8.0,-13.0,22.0,0.16954532251554635,0.4218633182747028,0.03908527847147003,-0.11542001384848317,0.19172055863175297,-0.06283381345266782
21.0,-8.0,-1.0,-5.0,2.0,2.0,8.0,3.0,0.18600107341452898,0.4393855116413391,0.042816378270515765,-0.11677188784423165,0.19650717446159402,-0.0679200921595199
-3.0,-10.0,-8.0,-11.0,-7.0,-4.0,8.0,4.0,0.18475487521640982,0.44365035731259683,0.04197910022245133,-0.11184143439941152,0.2001835210862301,-0.0690017668186111
5.0,-9.0,-11.0,-3.0,-4.0,-5.0,-1.0,5.0,0.18219302943003252,0.4445716851147775,0.04128997626973263,-0.10347907631245785,0.20479918010097736,-0.0701209645959346
-5.0,-1.0,-9.0,0.0,4.0,1.0,-1.0,0.0,0.1788634008413246,0.4420577935547091,0.04096084077693518,-0.09352275531910974,0.20943375772046155,-0.07114925409638358
10.0,4.0,-5.0,1.0,-2.0,-2.0,2.0,-10.0,0.17546617099738018,0.4370577499504553,0.0410182173718765,-0.0844236286158925,0.2130213430165811,-0.07182187881494943
2.0,-21.0,7.0,2.0,-4.0,-4.0,2.0,-29.0,0.17263305425875272,0.43118530247270487,0.04126998719708641,-0.07885654295386918,0.21448623171432493,-0.07180391482743077
-1.0,-11.0,-6.0,-2.0,-1.0,-2.0,-12.0,-10.0,0.17072754322083233,0.42609824029990795,0.04139026920205868,-0.07906013412962082,0.2129944291847703,-0.0708365241109861
-6.0,16.0,6.0,7.0,5.0,1.0,-41.0,2.0,0.16976608573431082,0.42288816060847617,0.041087431933781615,-0.08604315330074734,0.20826149671462932,-0.06886504692826502
3.0,-9.0,7.0,-21.0,-6.0,-4.0,-6.0,-1.0,0.16949482353446652,0.4217221127631726,0.04026538876936514,-0.09901720422106794,0.20076541288227812,-0.06607415380625269
1.0,-31.0,0.0,11.0,-4.0,-5.0,-3.0,0.0,0.16954532251554635,0.4218633182747028,0.03908527847147003,-0.11542001384848317,0.19172055863175297,-0.06283381345266782
10.0,2.0,-95.0,6.0,4.0,2.0,-3.0,2.0,0.18475487521640982,0.44365035731259683,0.04197910022245133,-0.11184143439941152,0.2001835210862301,-0.0690017668186111
4.0,18.0,40.0,8.0,2.0,2.0,3.0,3.0,0.18219302943003252,0.4445716851147775,0.04128997626973263,-0.10347907631245785,0.20479918010097736,-0.0701209645959346
-11.0,-16.0,-2.0,2.0,-8.0,-7.0,-2.0,-8.0,0.1788634008413246,0.4420577935547091,0.04096084077693518,-0.09352275531910974,0.20943375772046155,-0.07114925409638358
-1.0,-9.0,-19.0,-2.0,-4.0,-3.0,-5.0,-4.0,0.17546617099738018,0.4370577499504553,0.0410182173718765,-0.0844236286158925,0.2130213430165811,-0.07182187881494943
-1.0,10.0,-8.0,-13.0,5.0,2.0,-5.0,4.0,0.17263305425875272,0.43118530247270487,0.04126998719708641,-0.07885654295386918,0.21448623171432493,-0.07180391482743077
18.0,2.0,7.0,9.0,5.0,4.0,-3.0,-1.0,0.17072754322083233,0.42609824029990795,0.04139026920205868,-0.07906013412962082,0.2129944291847703,-0.0708365241109861
-39.0,8.0,4.0,8.0,-5.0,-5.0,0.0,-1.0,0.16976608573431082,0.42288816060847617,0.041087431933781615,-0.08604315330074734,0.20826149671462932,-0.06886504692826502
-12.0,-4.0,-2.0,3.0,0.0,-2.0,-3.0,-5.0,0.16949482353446652,0.4217221127631726,0.04026538876936514,-0.09901720422106794,0.20076541288227812,-0.06607415380625269
0.0,-1.0,-7.0,-7.0,4.0,6.0,1.0,-24.0,0.16954532251554635,0.4218633182747028,0.03908527847147003,-0.11542001384848317,0.19172055863175297,-0.06283381345266782
1.0,-12.0,3.0,-1.0,-4.0,1.0,0.0,1.0,0.18600107341452898,0.4393855116413391,0.042816378270515765,-0.11677188784423165,0.19650717446159402,-0.0679200921595199
14.0,13.0,-45.0,-2.0,3.0,1.0,-8.0,7.0,0.18475487521640982,0.44365035731259683,0.04197910022245133,-0.11184143439941152,0.2001835210862301,-0.0690017668186111
12.0,-2.0,6.0,-4.0,0.0,-1.0,-1.0,2.0,0.18219302943003252,0.4445716851147775,0.04128997626973263,-0.10347907631245785,0.20479918010097736,-0.0701209645959346
-17.0,-10.0,44.0,-1.0,-6.0,-4.0,1.0,-3.0,0.1788634008413246,0.4420577935547091,0.04096084077693518,-0.09352275531910974,0.20943375772046155,-0.07114925409638358
0.0,-6.0,-17.0,-11.0,-7.0,-3.0,-4.0,-3.0,0.17546617099738018,0.4370577499504553,0.0410182173718765,-0.0844236286158925,0.2130213430165811,-0.07182187881494943
5.0,7.0,7.0,8.0,5.0,5.0,-1.0,2.0,0.17263305425875272,0.43118530247270487,0.04126998719708641,-0.07885654295386918,0.21448623171432493,-0.07180391482743077
14.0,-5.0,-14.0,0.0,3.0,0.0,-2.0,-6.0,0.17072754322083233,0.42609824029990795,0.04139026920205868,-0.07906013412962082,0.2129944291847703,-0.0708365241109861
-28.0,-18.0,20.0,-3.0,-8.0,-4.0,-4.0,19.0,0.16976608573431082,0.42288816060847617,0.041087431933781615,-0.08604315330074734,0.20826149671462932,-0.06886504692826502
5.0,106.0,12.0,4.0,-1.0,-6.0,1.0,-2.0,0.16949482353446652,0.4217221127631726,0.04026538876936514,-0.09901720422106794,0.20076541288227812,-0.06607415380625269
-12.0,-14.0,42.0,10.0,4.0,5.0,2.0,2.0,0.16954532251554635,0.4218633182747028,0.03908527847147003,-0.11542001384848317,0.19172055863175297,-0.06283381345266782
12.0,-29.0,19.0,1.0,-5.0,-4.0,-1.0,14.0,0.18475487521640982,0.44365035731259683,0.04197910022245133,-0.11184143439941152,0.2001835210862301,-0.0690017668186111
-10.0,-12.0,-13.0,-14.0,-7.0,-2.0,-5.0,-36.0,0.18219302943003252,0.4445716851147775,0.04128997626973263,-0.10347907631245785,0.20479918010097736,-0.0701209645959346
15.0,4.0,0.0,5.0,4.0,3.0,-4.0,10.0,0.1788634008413246,0.4420577935547091,0.04096084077693518,-0.09352275531910974,0.20943375772046155,-0.07114925409638358
-16.0,6.0,12.0,3.0,4.0,-1.0,-3.0,1.0,0.17546617099738018,0.4370577499504553,0.0410182173718765,-0.0844236286158925,0.2130213430165811,-0.07182187881494943
-13.0,-18.0,48.0,-2.0,-9.0,-5.0,-1.0,-6.0,0.17263305425875272,0.43118530247270487,0.04126998719708641,-0.07885654295386918,0.21448623171432493,-0.07180391482743077
9.0,12.0,-2.0,-9.0,0.0,0.0,0.0,-1.0,0.17072754322083233,0.42609824029990795,0.04139026920205868,-0.07906013412962082,0.2129944291847703,-0.0708365241109861
-5.0,-21.0,-31.0,-2.0,2.0,2.0,-5.0,-1.0,0.16976608573431082,0.42288816060847617,0.041087431933781615,-0.08604315330074734,0.20826149671462932,-0.06886504692826502
8.0,12.0,1.0,-9.0,3.0,1.0,0.0,-3.0,0.16949482353446652,0.4217221127631726,0.04026538876936514,-0.09901720422106794,0.20076541288227812,-0.06607415380625269
1.0,-18.0,11.0,1.0,-5.0,-5.0,1.0,-2.0,0.16954532251554635,0.4218633182747028,0.03908527847147003,-0.11542001384848317,0.19172055863175297,-0.06283381345266782
7.0,12.0,-16.0,3.0,2.0,4.0,-10.0,-7.0,0.18475487521640982,0.44365035731259683,0.04197910022245133,-0.11184143439941152,0.2001835210862301,-0.0690017668186111
-14.0,-65.0,18.0,7.0,5.0,1.0,3.0,16.0,0.18219302943003252,0.4445716851147775,0.04128997626973263,-0.10347907631245785,0.20479918010097736,-0.0701209645959346
10.0,11.0,8.0,-3.0,-5.0,-8.0,-1.0,-16.0,0.1788634008413246,0.4420577935547091,0.04096084077693518,-0.09352275531910974,0.20943375772046155,-0.07114925409638358
-10.0,-11.0,-13.0,-4.0,-3.0,-2.0,9.0,25.0,0.17546617099738018,0.4370577499504553,0.0410182173718765,-0.0844236286158925,0.2130213430165811,-0.07182187881494943
-15.0,36.0,2.0,5.0,10.0,4.0,-4.0,1.0,0.17263305425875272,0.43118530247270487,0.04126998719708641,-0.07885654295386918,0.21448623171432493,-0.07180391482743077
-6.0,3.0,10.0,4.0,4.0,4.0,2.0,0.0,0.17072754322083233,0.42609824029990795,0.04139026920205868,-0.07906013412962082,0.2129944291847703,-0.0708365241109861
-17.0,-89.0,-1.0,-7.0,-9.0,-6.0,0.0,-2.0,0.16976608573431082,0.42288816060847617,0.041087431933781615,-0.08604315330074734,0.20826149671462932,-0.06886504692826502
-42.0,2.0,22.0,3.0,-3.0,-1.0,4.0,-3.0,0.16949482353446652,0.4217221127631726,0.04026538876936514,-0.09901720422106794,0.20076541288227812,-0.06607415380625269
11.0,0.0,-86.0,-5.0,3.0,5.0,-2.0,9.0,0.16954532251554635,0.4218633182747028,0.03908527847147003,-0.11542001384848317,0.19172055863175297,-0.06283381345266782
-15.0,22.0,-2.0,-7.0,-8.0,-5.0,-4.0,-6.0,0.18600107341452898,0.4393855116413391,0.042816378270515765,-0.11677188784423165,0.19650717446159402,-0.0679200921595199
-6.0,-53.0,-1.0,4.0,4.0,1.0,-3.0,1.0,0.18475487521640982,0.44365035731259683,0.04197910022245133,-0.11184143439941152,0.2001835210862301,-0.0690017668186111
16.0,18.0,21.0,11.0,5.0,3.0,-1.0,0.0,0.18219302943003252,0.4445716851147775,0.04128997626973263,-0.10347907631245785,0.20479918010097736,-0.0701209645959346
-1.0,-20.0,-12.0,-13.0,-6.0,-7.0,-1.0,-4.0,0.1788634008413246,0.4420577935547091,0.04096084077693518,-0.09352275531910974,0.20943375772046155,-0.07114925409638358
-3.0,-14.0,-21.0,-8.0,-5.0,-4.0,1.0,-3.0,0.17546617099738018,0.4370577499504553,0.0410182173718765,-0.0844236286158925,0.2130213430165811,-0.07182187881494943
17.0,32.0,-1.0,4.0,4.0,5.0,3.0,0.0,0.17263305425875272,0.43118530247270487,0.04126998719708641,-0.07885654295386918,0.21448623171432493,-0.07180391482743077
-7.0,-15.0,3.0,-2.0,-1.0,-1.0,-2.0,-2.0,0.17072754322083233,0.42609824029990795,0.04139026920205868,-0.07906013412962082,0.2129944291847703,-0.0708365241109861
-20.0,-6.0,24.0,7.0,-4.0,-7.0,0.0,0.0,0.16976608573431082,0.42288816060847617,0.041087431933781615,-0.08604315330074734,0.20826149671462932,-0.06886504692826502
6.0,1.0,9.0,0.0,-3.0,-6.0,-3.0,-7.0,0.16949482353446652,0.4217221127631726,0.04026538876936514,-0.09901720422106794,0.20076541288227812,-0.06607415380625269
2.0,6.0,2.0,-14.0,5.0,7.0,-1.0,4.0,0.16954532251554635,0.4218633182747028,0.03908527847147003,-0.11542001384848317,0.19172055863175297,-0.06283381345266782
10.0,-45.0,-25.0,-4.0,-6.0,-7.0,1.0,33.0,0.18475487521640982,0.44365035731259683,0.04197910022245133,-0.11184143439941152,0.2001835210862301,-0.0690017668186111
6.0,15.0,16.0,-7.0,-6.0,-1.0,-21.0,-39.0,0.18219302943003252,0.4445716851147775,0.04128997626973263,-0.10347907631245785,0.20479918010097736,-0.0701209645959346
35.0,23.0,3.0,0.0,3.0,3.0,6.0,45.0,0.1788634008413246,0.4420577935547091,0.04096084077693518,-0.09352275531910974,0.20943375772046155,-0.07114925409638358
13.0,-5.0,-93.0,-1.0,3.0,1.0,-8.0,-58.0,0.17546617099738018,0.4370577499504553,0.0410182173718765,-0.0844236286158925,0.2130213430165811,-0.07182187881494943
-21.0,-3.0,99.0,-3.0,-9.0,-6.0,12.0,42.0,0.17263305425875272,0.43118530247270487,0.04126998719708641,-0.07885654295386918,0.21448623171432493,-0.07180391482743077
-7.0,-16.0,-10.0,-1.0,-4.0,-4.0,1.0,-1.0,0.17072754322083233,0.42609824029990795,0.04139026920205868,-0.07906013412962082,0.2129944291847703,-0.0708365241109861
22.0,34.0,19.0,0.0,6.0,3.0,0.0,-7.0,0.16976608573431082,0.42288816060847617,0.041087431933781615,-0.08604315330074734,0.20826149671462932,-0.06886504692826502
16.0,-44.0,-33.0,-8.0,0.0,-1.0,5.0,12.0,0.16949482353446652,0.4217221127631726,0.04026538876936514,-0.09901720422106794,0.20076541288227812,-0.06607415380625269
8.0,-7.0,-2.0,-2.0,-6.0,-8.0,3.0,14.0,0.16954532251554635,0.4218633182747028,0.03908527847147003,-0.11542001384848317,0.19172055863175297,-0.06283381345266782
-8.0,-5.0,-1.0,-15.0,-8.0,-4.0,-2.0,-1.0,0.18600107341452898,0.4393855116413391,0.042816378270515765,-0.11677188784423165,0.19650717446159402,-0.0679200921595199
34.0,8.0,6.0,-3.0,4.0,2.0,-1.0,3.0,0.18475487521640982,0.44365035731259683,0.04197910022245133,-0.11184143439941152,0.2001835210862301,-0.0690017668186111
6.0,-7.0,4.0,13.0,4.0,-1.0,-2.0,1.0,0.18219302943003252,0.4445716851147775,0.04128997626973263,-0.10347907631245785,0.20479918010097736,-0.0701209645959346
-48.0,-87.0,2.0,-4.0,-8.0,-8.0,-7.0,-9.0,0.1788634008413246,0.4420577935547091,0.04096084077693518,-0.09352275531910974,0.20943375772046155,-0.07114925409638358
9.0,-11.0,-14.0,-11.0,-7.0,-5.0,-4.0,-31.0,0.17546617099738018,0.4370577499504553,0.0410182173718765,-0.0844236286158925,0.2130213430165811,-0.07182187881494943
-11.0,15.0,49.0,5.0,4.0,6.0,8.0,12.0,0.17263305425875272,0.43118530247270487,0.04126998719708641,-0.07885654295386918,0.21448623171432493,-0.07180391482743077
15.0,55.0,-1.0,5.0,8.0,-1.0,1.0,-19.0,0.17072754322083233,0.42609824029990795,0.04139026920205868,-0.07906013412962082,0.2129944291847703,-0.0708365241109861
6.0,-8.0,-7.0,-4.0,-4.0,-7.0,-11.0,-49.0,0.16976608573431082,0.42288816060847617,0.041087431933781615,-0.08604315330074734,0.20826149671462932,-0.06886504692826502
-21.0,-4.0,-61.0,-7.0,-4.0,-2.0,7.0,36.0,0.16949482353446652,0.4217221127631726,0.04026538876936514,-0.09901720422106794,0.20076541288227812,-0.06607415380625269
15.0,13.0,1.0,4.0,4.0,2.0,-4.0,-31.0,0.16954532251554635,0.4218633182747028,0.03908527847147003,-0.11542001384848317,0.19172055863175297,-0.06283381345266782
-2.0,-21.0,-11.0,0.0,-2.0,-3.0,0.0,0.0,0.18600107341452898,0.4393855116413391,0.042816378270515765,-0.11677188784423165,0.19650717446159402,-0.0679200921595199
0.0,-13.0,-47.0,-23.0,-8.0,-2.0,0.0,-3.0,0.18475487521640982,0.44365035731259683,0.04197910022245133,-0.11184143439941152,0.2001835210862301,-0.0690017668186111
8.0,-10.0,24.0,2.0,-4.0,-4.0,-2.0,-2.0,0.18219302943003252,0.4445716851147775,0.04128997626973263,-0.10347907631245785,0.20479918010097736,-0.0701209645959346
-4.0,10.0,5.0,4.0,2.0,2.0,-3.0,-10.0,0.1788634008413246,0.4420577935547091,0.04096084077693518,-0.09352275531910974,0.20943375772046155,-0.07114925409638358
24.0,1.0,-72.0,-1.0,-4.0,0.0,-4.0,4.0,0.17546617099738018,0.4370577499504553,0.0410182173718765,-0.0844236286158925,0.2130213430165811,-0.07182187881494943
-41.0,-30.0,34.0,-1.0,-5.0,-3.0,17.0,-15.0,0.17263305425875272,0.43118530247270487,0.04126998719708641,-0.07885654295386918,0.21448623171432493,-0.07180391482743077
-17.0,-18.0,-9.0,5.0,-4.0,-4.0,-2.0,16.0,0.17072754322083233,0.42609824029990795,0.04139026920205868,-0.07906013412962082,0.2129944291847703,-0.0708365241109861
25.0,28.0,12.0,11.0,6.0,5.0,0.0,-1.0,0.16976608573431082,0.42288816060847617,0.041087431933781615,-0.08604315330074734,0.20826149671462932,-0.06886504692826502
-13.0,-1.0,-1.0,-6.0,2.0,1.0,2.0,1.0,0.16949482353446652,0.4217221127631726,0.04026538876936514,-0.09901720422106794,0.20076541288227812,-0.06607415380625269
8.0,-8.0,1.0,10.0,-5.0,-8.0,-2.0,-1.0,0.16954532251554635,0.4218633182747028,0.03908527847147003,-0.11542001384848317,0.19172055863175297,-0.06283381345266782
-6.0,36.0,13.0,4.0,6.0,10.0,0.0,2.0,0.18475487521640982,0.44365035731259683,0.04197910022245133,-0.11184143439941152,0.2001835210862301,-0.0690017668186111
-10.0,5.0,2.0,6.0,4.0,1.0,1.0,4.0,0.18219302943003252,0.4445716851147775,0.04128997626973263,-0.10347907631245785,0.20479918010097736,-0.0701209645959346
3.0,0.0,13.0,-1.0,-2.0,0.0,2.0,-3.0,0.1788634008413246,0.4420577935547091,0.04096084077693518,-0.09352275531910974,0.20943375772046155,-0.07114925409638358
12.0,-15.0,3.0,0.0,-8.0,-10.0,-6.0,-1.0,0.17546617099738018,0.4370577499504553,0.0410182173718765,-0.0844236286158925,0.2130213430165811,-0.07182187881494943
10.0,11.0,5.0,13.0,2.0,3.0,-4.0,5.0,0.17263305425875272,0.43118530247270487,0.04126998719708641,-0.07885654295386918,0.21448623171432493,-0.07180391482743077
21.0,-2.0,6.0,-6.0,1.0,3.0,0.0,2.0,0.17072754322083233,0.42609824029990795,0.04139026920205868,-0.07906013412962082,0.2129944291847703,-0.0708365241109861
10.0,-13.0,2.0,-6.0,-5.0,-8.0,-1.0,-1.0,0.16976608573431082,0.42288816060847617,0.041087431933781615,-0.08604315330074734,0.20826149671462932,-0.06886504692826502
-4.0,-8.0,-4.0,-4.0,-6.0,-3.0,1.0,21.0,0.16949482353446652,0.4217221127631726,0.04026538876936514,-0.09901720422106794,0.20076541288227812,-0.06607415380625269
2.0,8.0,11.0,7.0,4.0,9.0,-2.0,0.0,0.16954532251554635,0.4218633182747028,0.03908527847147003,-0.11542001384848317,0.19172055863175297,-0.06283381345266782
-11.0,20.0,-14.0,-3.0,-6.0,-3.0,-1.0,-2.0,0.18475487521640982,0.44365035731259683,0.04197910022245133,-0.11184143439941152,0.2001835210862301,-0.0690017668186111
7.0,-9.0,9.0,-3.0,-4.0,-3.0,-2.0,-6.0,0.18219302943003252,0.4445716851147775,0.04128997626973263,-0.10347907631245785,0.20479918010097736,-0.0701209645959346
18.0,-7.0,-10.0,-2.0,-1.0,-3.0,-3.0,17.0,0.1788634008413246,0.4420577935547091,0.04096084077693518,-0.09352275531910974,0.20943375772046155,-0.07114925409638358
1.0,5.0,9.0,4.0,4.0,0.0,3.0,12.0,0.17546617099738018,0.4370577499504553,0.0410182173718765,-0.0844236286158925,0.2130213430165811,-0.07182187881494943
15.0,7.0,11.0,3.0,0.0,-2.0,3.0,-4.0,0.17263305425875272,0.43118530247270487,0.04126998719708641,-0.07885654295386918,0.21448623171432493,-0.07180391482743077
7.0,-11.0,-24.0,-7.0,-6.0,-5.0,-6.0,-1.0,0.17072754322083233,0.42609824029990795,0.04139026920205868,-0.07906013412962082,0.2129944291847703,-0.0708365241109861
-9.0,4.0,26.0,-7.0,0.0,0.0,-8.0,5.0,0.16976608573431082,0.42288816060847617,0.041087431933781615,-0.08604315330074734,0.20826149671462932,-0.06886504692826502
0.0,13.0,12.0,11.0,11.0,6.0,6.0,3.0,0.16949482353446652,0.4217221127631726,0.04026538876936514,-0.09901720422106794,0.20076541288227812,-0.06607415380625269
3.0,-13.0,-7.0,-3.0,-3.0,-2.0,1.0,17.0,0.16954532251554635,0.4218633182747028,0.03908527847147003,-0.11542001384848317,0.19172055863175297,-0.06283381345266782
10.0,-37.0,12.0,-1.0,-6.0,-4.0,-1.0,-32.0,0.18600107341452898,0.4393855116413391,0.042816378270515765,-0.11677188784423165,0.19650717446159402,-0.0679200921595199
-8.0,-22.0,-99.0,-7.0,4.0,1.0,-23.0,-26.0,0.18475487521640982,0.44365035731259683,0.04197910022245133,-0.11184143439941152,0.2001835210862301,-0.0690017668186111
10.0,-1.0,30.0,4.0,1.0,-1.0,-13.0,-22.0,0.18219302943003252,0.4445716851147775,0.04128997626973263,-0.10347907631245785,0.20479918010097736,-0.0701209645959346
-12.0,-15.0,7.0,-1.0,-3.0,0.0,10.0,-2.0,0.1788634008413246,0.4420577935547091,0.04096084077693518,-0.09352275531910974,0.20943375772046155,-0.07114925409638358
-5.0,6.0,-16.0,-4.0,-4.0,2.0,25.0,22.0,0.17546617099738018,0.4370577499504553,0.0410182173718765,-0.0844236286158925,0.2130213430165811,-0.07182187881494943
2.0,-7.0,10.0,-1.0,2.0,5.0,3.0,7.0,0.17263305425875272,0.43118530247270487,0.04126998719708641,-0.07885654295386918,0.21448623171432493,-0.07180391482743077
-2.0,30.0,-20.0,-1.0,2.0,-4.0,-8.0,-58.0,0.17072754322083233,0.42609824029990795,0.04139026920205868,-0.07906013412962082,0.2129944291847703,-0.0708365241109861
5.0,-24.0,-2.0,2.0,-3.0,-2.0,1.0,28.0,0.16976608573431082,0.42288816060847617,0.041087431933781615,-0.08604315330074734,0.20826149671462932,-0.06886504692826502
-38.0,-1.0,-7.0,-9.0,-6.0,-7.0,-4.0,-8.0,0.16949482353446652,0.4217221127631726,0.04026538876936514,-0.09901720422106794,0.20076541288227812,-0.06607415380625269
13.0,-12.0,1.0,2.0,-1.0,3.0,2.0,-1.0,0.16954532251554635,0.4218633182747028,0.03908527847147003,-0.11542001384848317,0.19172055863175297,-0.06283381345266782
-8.0,-3.0,29.0,-1.0,-1.0,-5.0,2.0,-9.0,0.18475487521640982,0.44365035731259683,0.04197910022245133,-0.11184143439941152,0.2001835210862301,-0.0690017668186111
11.0,-22.0,-29.0,-3.0,-6.0,-7.0,0.0,1.0,0.18219302943003252,0.4445716851147775,0.04128997626973263,-0.10347907631245785,0.20479918010097736,-0.0701209645959346
-18.0,3.0,26.0,-1.0,0.0,-1.0,-7.0,-5.0,0.1788634008413246,0.4420577935547091,0.04096084077693518,-0.09352275531910974,0.20943375772046155,-0.07114925409638358
-11.0,12.0,57.0,-1.0,2.0,0.0,-19.0,-18.0,0.17546617099738018,0.4370577499504553,0.0410182173718765,-0.0844236286158925,0.2130213430165811,-0.07182187881494943
20.0,-1.0,-10.0,0.0,-3.0,0.0,-3.0,-53.0,0.17263305425875272,0.43118530247270487,0.04126998719708641,-0.07885654295386918,0.21448623171432493,-0.07180391482743077
-3.0,-24.0,17.0,-6.0,-6.0,-7.0,2.0,16.0,0.17072754322083233,0.42609824029990795,0.04139026920205868,-0.07906013412962082,0.2129944291847703,-0.0708365241109861
2.0,43.0,18.0,1.0,4.0,4.0,0.0,-7.0,0.16976608573431082,0.42288816060847617,0.041087431933781615,-0.08604315330074734,0.20826149671462932,-0.06886504692826502
7.0,3.0,-19.0,3.0,5.0,2.0,3.0,-3.0,0.16949482353446652,0.4217221127631726,0.04026538876936514,-0.09901720422106794,0.20076541288227812,-0.06607415380625269
23.0,-19.0,30.0,1.0,-6.0,-6.0,-3.0,9.0,0.16954532251554635,0.4218633182747028,0.03908527847147003,-0.11542001384848317,0.19172055863175297,-0.06283381345266782
18.0,-6.0,-36.0,-22.0,1.0,0.0,4.0,40.0,0.18600107341452898,0.4393855116413391,0.042816378270515765,-0.11677188784423165,0.19650717446159402,-0.0679200921595199
-15.0,-81.0,-16.0,-15.0,-8.0,-7.0,-7.0,-8.0,0.18475487521640982,0.44365035731259683,0.04197910022245133,-0.11184143439941152,0.2001835210862301,-0.0690017668186111
-34.0,-21.0,7.0,3.0,-2.0,-1.0,0.0,-3.0,0.18219302943003252,0.4445716851147775,0.04128997626973263,-0.10347907631245785,0.20479918010097736,-0.0701209645959346
3.0,20.0,20.0,3.0,5.0,2.0,-3.0,-1.0,0.1788634008413246,0.4420577935547091,0.04096084077693518,-0.09352275531910974,0.20943375772046155,-0.07114925409638358
-4.0,25.0,-31.0,1.0,2.0,2.0,2.0,0.0,0.17546617099738018,0.4370577499504553,0.0410182173718765,-0.0844236286158925,0.2130213430165811,-0.07182187881494943
-8.0,-34.0,-26.0,0.0,-3.0,-4.0,-2.0,-11.0,0.17263305425875272,0.43118530247270487,0.04126998719708641,-0.07885654295386918,0.21448623171432493,-0.07180391482743077
1.0,1.0,-4.0,-1.0,-4.0,-5.0,-2.0,25.0,0.17072754322083233,0.42609824029990795,0.04139026920205868,-0.07906013412962082,0.2129944291847703,-0.0708365241109861
1.0,0.0,-9.0,-1.0,4.0,7.0,17.0,13.0,0.16976608573431082,0.42288816060847617,0.041087431933781615,-0.08604315330074734,0.20826149671462932,-0.06886504692826502
8.0,3.0,6.0,3.0,3.0,1.0,-1.0,-5.0,0.16949482353446652,0.4217221127631726,0.04026538876936514,-0.09901720422106794,0.20076541288227812,-0.06607415380625269
8.0,-14.0,-7.0,-4.0,-2.0,-1.0,-2.0,-10.0,0.16954532251554635,0.4218633182747028,0.03908527847147003,-0.11542001384848317,0.19172055863175297,-0.06283381345266782
8.0,-35.0,-22.0,-7.0,-6.0,-5.0,5.0,-14.0,0.18600107341452898,0.4393855116413391,0.042816378270515765,-0.11677188784423165,0.19650717446159402,-0.0679200921595199
11.0,25.0,26.0,-1.0,2.0,2.0,0.0,9.0,0.18475487521640982,0.44365035731259683,0.04197910022245133,-0.11184143439941152,0.2001835210862301,-0.0690017668186111
-14.0,23.0,-17.0,2.0,5.0,0.0,-14.0,-10.0,0.18219302943003252,0.4445716851147775,0.04128997626973263,-0.10347907631245785,0.20479918010097736,-0.0701209645959346
-11.0,-77.0,-4.0,-21.0,-6.0,-8.0,-10.0,-2.0,0.1788634008413246,0.4420577935547091,0.04096084077693518,-0.09352275531910974,0.20943375772046155,-0.07114925409638358
-9.0,-17.0,-12.0,-1.0,-7.0,-3.0,1.0,5.0,0.17546617099738018,0.4370577499504553,0.0410182173718765,-0.0844236286158925,0.2130213430165811,-0.07182187881494943
15.0,32.0,-7.0,2.0,2.0,4.0,1.0,4.0,0.17263305425875272,0.43118530247270487,0.04126998719708641,-0.07885654295386918,0.21448623171432493,-0.07180391482743077
8.0,-8.0,106.0,-1.0,1.0,0.0,1.0,9.0,0.17072754322083233,0.42609824029990795,0.04139026920205868,-0.07906013412962082,0.2129944291847703,-0.0708365241109861
-23.0,-18.0,-103.0,-3.0,-7.0,-6.0,-25.0,-51.0,0.16976608573431082,0.42288816060847617,0.041087431933781615,-0.08604315330074734,0.20826149671462932,-0.06886504692826502
-82.0,15.0,26.0,10.0,-2.0,2.0,3.0,-11.0,0.16949482353446652,0.4217221127631726,0.04026538876936514,-0.09901720422106794,0.20076541288227812,-0.06607415380625269
16.0,-7.0,11.0,11.0,4.0,3.0,1.0,44.0,0.16954532251554635,0.4218633182747028,0.03908527847147003,-0.11542001384848317,0.19172055863175297,-0.06283381345266782
20.0,-36.0,-7.0,0.0,-2.0,-4.0,0.0,-5.0,0.18475487521640982,0.44365035731259683,0.04197910022245133,-0.11184143439941152,0.2001835210862301,-0.0690017668186111
-22.0,-28.0,-7.0,-5.0,-5.0,-7.0,-1.0,-15.0,0.18219302943003252,0.4445716851147775,0.04128997626973263,-0.10347907631245785,0.20479918010097736,-0.0701209645959346
-5.0,-6.0,1.0,-4.0,5.0,6.0,-5.0,-3.0,0.1788634008413246,0.4420577935547091,0.04096084077693518,-0.09352275531910974,0.20943375772046155,-0.07114925409638358
21.0,14.0,-6.0,4.0,4.0,5.0,7.0,-18.0,0.17546617099738018,0.4370577499504553,0.0410182173718765,-0.0844236286158925,0.2130213430165811,-0.07182187881494943
-23.0,-33.0,15.0,-2.0,-3.0,-5.0,0.0,27.0,0.17263305425875272,0.43118530247270487,0.04126998719708641,-0.07885654295386918,0.21448623171432493,-0.07180391482743077
-7.0,19.0,3.0,-6.0,-8.0,-1.0,0.0,-3.0,0.17072754322083233,0.42609824029990795,0.04139026920205868,-0.07906013412962082,0.2129944291847703,-0.0708365241109861
8.0,-27.0,-41.0,-3.0,1.0,3.0,0.0,9.0,0.16976608573431082,0.42288816060847617,0.041087431933781615,-0.08604315330074734,0.20826149671462932,-0.06886504692826502
-8.0,-8.0,17.0,3.0,1.0,0.0,-4.0,-17.0,0.16949482353446652,0.4217221127631726,0.04026538876936514,-0.09901720422106794,0.20076541288227812,-0.06607415380625269
-11.0,36.0,22.0,2.0,1.0,1.0,3.0,16.0,0.16954532251554635,0.4218633182747028,0.03908527847147003,-0.11542001384848317,0.19172055863175297,-0.06283381345266782
8.0,-12.0,-5.0,1.0,5.0,6.0,-18.0,-5.0,0.18600107341452898,0.4393855116413391,0.042816378270515765,-0.11677188784423165,0.19650717446159402,-0.0679200921595199
48.0,35.0,30.0,0.0,-6.0,-8.0,0.0,9.0,0.18475487521640982,0.44365035731259683,0.04197910022245133,-0.11184143439941152,0.2001835210862301,-0.0690017668186111
11.0,-14.0,-1.0,-4.0,-9.0,-6.0,-3.0,-11.0,0.18219302943003252,0.4445716851147775,0.04128997626973263,-0.10347907631245785,0.20479918010097736,-0.0701209645959346
1.0,-8.0,-57.0,-3.0,3.0,5.0,2.0,8.0,0.1788634008413246,0.4420577935547091,0.04096084077693518,-0.09352275531910974,0.20943375772046155,-0.07114925409638358
2.0,27.0,21.0,6.0,5.0,0.0,5.0,3.0,0.17546617099738018,0.4370577499504553,0.0410182173718765,-0.0844236286158925,0.2130213430165811,-0.07182187881494943
22.0,-11.0,-13.0,-1.0,-1.0,-7.0,-10.0,-12.0,0.17263305425875272,0.43118530247270487,0.04126998719708641,-0.07885654295386918,0.21448623171432493,-0.07180391482743077
-19.0,-7.0,15.0,-4.0,-3.0,-2.0,0.0,8.0,0.17072754322083233,0.42609824029990795,0.04139026920205868,-0.07906013412962082,0.2129944291847703,-0.0708365241109861
-19.0,60.0,-21.0,3.0,2.0,3.0,-7.0,-17.0,0.16976608573431082,0.42288816060847617,0.041087431933781615,-0.08604315330074734,0.20826149671462932,-0.06886504692826502
1.0,0.0,32.0,4.0,5.0,1.0,-5.0,-5.0,0.16949482353446652,0.4217221127631726,0.04026538876936514,-0.09901720422106794,0.20076541288227812,-0.06607415380625269
3.0,8.0,-7.0,0.0,-4.0,-2.0,6.0,-42.0,0.16954532251554635,0.4218633182747028,0.03908527847147003,-0.11542001384848317,0.19172055863175297,-0.06283381345266782
3.0,-22.0,7.0,1.0,-10.0,-4.0,-14.0,6.0,0.18600107341452898,0.4393855116413391,0.042816378270515765,-0.11677188784423165,0.19650717446159402,-0.0679200921595199
14.0,10.0,28.0,3.0,7.0,10.0,5.0,9.0,0.18475487521640982,0.44365035731259683,0.04197910022245133,-0.11184143439941152,0.2001835210862301,-0.0690017668186111
-8.0,-21.0,13.0,2.0,6.0,2.0,5.0,-3.0,0.18219302943003252,0.4445716851147775,0.04128997626973263,-0.10347907631245785,0.20479918010097736,-0.0701209645959346
0.0,-4.0,-28.0,-1.0,1.0,0.0,2.0,-16.0,0.1788634008413246,0.4420577935547091,0.04096084077693518,-0.09352275531910974,0.20943375772046155,-0.07114925409638358
32.0,85.0,11.0,-5.0,-11.0,-12.0,-28.0,-6.0,0.17546617099738018,0.4370577499504553,0.0410182173718765,-0.0844236286158925,0.2130213430165811,-0.07182187881494943
-2.0,-15.0,9.0,1.0,4.0,9.0,36.0,16.0,0.17263305425875272,0.43118530247270487,0.04126998719708641,-0.07885654295386918,0.21448623171432493,-0.07180391482743077
-26.0,-128.0,-65.0,-11.0,-3.0,-1.0,-14.0,-24.0,0.17072754322083233,0.42609824029990795,0.04139026920205868,-0.07906013412962082,0.2129944291847703,-0.0708365241109861
6.0,-17.0,7.0,0.0,-3.0,-2.0,6.0,-12.0,0.16976608573431082,0.42288816060847617,0.041087431933781615,-0.08604315330074734,0.20826149671462932,-0.06886504692826502
25.0,8.0,22.0,-9.0,-14.0,-13.0,-7.0,42.0,0.16949482353446652,0.4217221127631726,0.04026538876936514,-0.09901720422106794,0.20076541288227812,-0.06607415380625269
-32.0,-14.0,-15.0,1.0,-3.0,0.0,-4.0,-12.0,0.16954532251554635,0.4218633182747028,0.03908527847147003,-0.11542001384848317,0.19172055863175297,-0.06283381345266782
3.0,22.0,-11.0,1.0,5.0,7.0,1.0,2.0,0.18600107341452898,0.4393855116413391,0.042816378270515765,-0.11677188784423165,0.19650717446159402,-0.0679200921595199
1.0,-8.0,1.0,6.0,1.0,3.0,-3.0,-4.0,0.18475487521640982,0.44365035731259683,0.04197910022245133,-0.11184143439941152,0.2001835210862301,-0.0690017668186111
-2.0,-10.0,9.0,0.0,-7.0,-4.0,-3.0,0.0,0.18219302943003252,0.4445716851147775,0.04128997626973263,-0.10347907631245785,0.20479918010097736,-0.0701209645959346
-15.0,-13.0,-84.0,-10.0,-3.0,-4.0,-4.0,0.0,0.1788634008413246,0.4420577935547091,0.04096084077693518,-0.09352275531910974,0.20943375772046155,-0.07114925409638358
5.0,7.0,22.0,-6.0,4.0,0.0,-2.0,-8.0,0.17546617099738018,0.4370577499504553,0.0410182173718765,-0.0844236286158925,0.2130213430165811,-0.07182187881494943
-23.0,-8.0,1.0,11.0,-1.0,-3.0,2.0,1.0,0.17263305425875272,0.43118530247270487,0.04126998719708641,-0.07885654295386918,0.21448623171432493,-0.07180391482743077
3.0,-10.0,-6.0,-12.0,-7.0,-5.0,-4.0,-5.0,0.17072754322083233,0.42609824029990795,0.04139026920205868,-0.07906013412962082,0.2129944291847703,-0.0708365241109861
-1.0,0.0,-4.0,-9.0,-1.0,-4.0,-1.0,30.0,0.16976608573431082,0.42288816060847617,0.041087431933781615,-0.08604315330074734,0.20826149671462932,-0.06886504692826502
6.0,3.0,-2.0,7.0,13.0,7.0,-3.0,3.0,0.16949482353446652,0.4217221127631726,0.04026538876936514,-0.09901720422106794,0.20076541288227812,-0.06607415380625269
2.0,-3.0,16.0,6.0,-1.0,-6.0,4.0,-10.0,0.16954532251554635,0.4218633182747028,0.03908527847147003,-0.11542001384848317,0.19172055863175297,-0.06283381345266782
8.0,15.0,6.0,12.0,9.0,5.0,10.0,16.0,0.18600107341452898,0.4393855116413391,0.042816378270515765,-0.11677188784423165,0.19650717446159402,-0.0679200921595199
-30.0,-37.0,-40.0,-14.0,-3.0,-2.0,-9.0,0.0,0.18475487521640982,0.44365035731259683,0.04197910022245133,-0.11184143439941152,0.2001835210862301,-0.0690017668186111
2.0,-2.0,5.0,-4.0,-7.0,-4.0,-2.0,-4.0,0.18219302943003252,0.4445716851147775,0.04128997626973263,-0.10347907631245785,0.20479918010097736,-0.0701209645959346
-1.0,0.0,1.0,-5.0,-3.0,-2.0,-1.0,-5.0,0.1788634008413246,0.4420577935547091,0.04096084077693518,-0.09352275531910974,0.20943375772046155,-0.07114925409638358
-4.0,8.0,-5.0,2.0,8.0,6.0,-8.0,-30.0,0.17546617099738018,0.4370577499504553,0.0410182173718765,-0.0844236286158925,0.2130213430165811,-0.07182187881494943
-21.0,-11.0,1.0,-2.0,-3.0,-2.0,-1.0,34.0,0.17263305425875272,0.43118530247270487,0.04126998719708641,-0.07885654295386918,0.21448623171432493,-0.07180391482743077
3.0,-53.0,-52.0,-16.0,-12.0,-13.0,-5.0,-7.0,0.17072754322083233,0.42609824029990795,0.04139026920205868,-0.07906013412962082,0.2129944291847703,-0.0708365241109861
1.0,3.0,37.0,-5.0,-4.0,-2.0,-3.0,0.0,0.16976608573431082,0.42288816060847617,0.041087431933781615,-0.08604315330074734,0.20826149671462932,-0.06886504692826502
3.0,22.0,-11.0,1.0,5.0,7.0,1.0,2.0,0.16949482353446652,0.4217221127631726,0.04026538876936514,-0.09901720422106794,0.20076541288227812,-0.06607415380625269
1.0,-8.0,1.0,6.0,1.0,3.0,-3.0,-4.0,0.16954532251554635,0.4218633182747028,0.03908527847147003,-0.11542001384848317,0.19172055863175297,-0.06283381345266782
2.0,5.0,-8.0,-10.0,6.0,9.0,1.0,1.0,0.18600107341452898,0.4393855116413391,0.042816378270515765,-0.11677188784423165,0.19650717446159402,-0.0679200921595199
-5.0,1.0,2.0,4.0,-3.0,-4.0,-7.0,-4.0,0.18475487521640982,0.44365035731259683,0.04197910022245133,-0.11184143439941152,0.2001835210862301,-0.0690017668186111
-5.0,-11.0,16.0,-2.0,-11.0,-5.0,1.0,-27.0,0.18219302943003252,0.4445716851147775,0.04128997626973263,-0.10347907631245785,0.20479918010097736,-0.0701209645959346
1.0,-21.0,-92.0,-9.0,-1.0,0.0,-2.0,18.0,0.1788634008413246,0.4420577935547091,0.04096084077693518,-0.09352275531910974,0.20943375772046155,-0.07114925409638358
11.0,7.0,7.0,11.0,7.0,3.0,3.0,-8.0,0.17546617099738018,0.4370577499504553,0.0410182173718765,-0.0844236286158925,0.2130213430165811,-0.07182187881494943
8.0,1.0,17.0,-2.0,-3.0,-1.0,1.0,4.0,0.17263305425875272,0.43118530247270487,0.04126998719708641,-0.07885654295386918,0.21448623171432493,-0.07180391482743077
3.0,-19.0,-56.0,-5.0,-9.0,-5.0,0.0,1.0,0.17072754322083233,0.42609824029990795,0.04139026920205868,-0.07906013412962082,0.2129944291847703,-0.0708365241109861
-20.0,21.0,15.0,1.0,0.0,-3.0,-1.0,5.0,0.16976608573431082,0.42288816060847617,0.041087431933781615,-0.08604315330074734,0.20826149671462932,-0.06886504692826502
0.0,-9.0,-4.0,-10.0,2.0,2.0,-5.0,-57.0,0.16949482353446652,0.4217221127631726,0.04026538876936514,-0.09901720422106794,0.20076541288227812,-0.06607415380625269
-4.0,-3.0,-12.0,-15.0,1.0,-1.0,0.0,14.0,0.16954532251554635,0.4218633182747028,0.03908527847147003,-0.11542001384848317,0.19172055863175297,-0.06283381345266782
7.0,11.0,7.0,1.0,6.0,2.0,0.0,1.0,0.18600107341452898,0.4393855116413391,0.042816378270515765,-0.11677188784423165,0.19650717446159402,-0.0679200921595199
-3.0,-4.0,1.0,3.0,-1.0,-3.0,2.0,0.0,0.18475487521640982,0.44365035731259683,0.04197910022245133,-0.11184143439941152,0.2001835210862301,-0.0690017668186111
-2.0,-11.0,2.0,4.0,-5.0,-4.0,-2.0,-5.0,0.18219302943003252,0.4445716851147775,0.04128997626973263,-0.10347907631245785,0.20479918010097736,-0.0701209645959346
7.0,-4.0,2.0,-6.0,1.0,-2.0,-5.0,-1.0,0.1788634008413246,0.4420577935547091,0.04096084077693518,-0.09352275531910974,0.20943375772046155,-0.07114925409638358
2.0,14.0,8.0,-4.0,5.0,5.0,0.0,5.0,0.17546617099738018,0.4370577499504553,0.0410182173718765,-0.0844236286158925,0.2130213430165811,-0.07182187881494943
-6.0,7.0,-26.0,10.0,-3.0,-2.0,0.0,-5.0,0.17263305425875272,0.43118530247270487,0.04126998719708641,-0.07885654295386918,0.21448623171432493,-0.07180391482743077
-6.0,-1.0,8.0,-2.0,-8.0,-9.0,-4.0,-3.0,0.17072754322083233,0.42609824029990795,0.04139026920205868,-0.07906013412962082,0.2129944291847703,-0.0708365241109861
-15.0,-12.0,-10.0,1.0,-3.0,2.0,-9.0,-29.0,0.16976608573431082,0.42288816060847617,0.041087431933781615,-0.08604315330074734,0.20826149671462932,-0.06886504692826502
2.0,5.0,-8.0,-10.0,6.0,9.0,1.0,1.0,0.16949482353446652,0.4217221127631726,0.04026538876936514,-0.09901720422106794,0.20076541288227812,-0.06607415380625269
-5.0,1.0,2.0,4.0,-3.0,-4.0,-7.0,-4.0,0.16954532251554635,0.4218633182747028,0.03908527847147003,-0.11542001384848317,0.19172055863175297,-0.06283381345266782
-32.0,-17.0,8.0,0.0,2.0,-1.0,-3.0,-10.0,0.18600107341452898,0.4393855116413391,0.042816378270515765,-0.11677188784423165,0.19650717446159402,-0.0679200921595199
19.0,9.0,3.0,-5.0,0.0,2.0,0.0,0.0,0.18475487521640982,0.44365035731259683,0.04197910022245133,-0.11184143439941152,0.2001835210862301,-0.0690017668186111
-22.0,-14.0,-12.0,-7.0,-7.0,-9.0,2.0,-3.0,0.18219302943003252,0.4445716851147775,0.04128997626973263,-0.10347907631245785,0.20479918010097736,-0.0701209645959346
15.0,-1.0,-4.0,1.0,-5.0,4.0,-2.0,8.0,0.1788634008413246,0.4420577935547091,0.04096084077693518,-0.09352275531910974,0.20943375772046155,-0.07114925409638358
5.0,6.0,-7.0,-3.0,1.0,-1.0,3.0,8.0,0.17546617099738018,0.4370577499504553,0.0410182173718765,-0.0844236286158925,0.2130213430165811,-0.07182187881494943
-8.0,4.0,14.0,4.0,2.0,0.0,5.0,-30.0,0.17263305425875272,0.43118530247270487,0.04126998719708641,-0.07885654295386918,0.21448623171432493,-0.07180391482743077
0.0,-13.0,3.0,-2.0,-6.0,-3.0,-6.0,-35.0,0.17072754322083233,0.42609824029990795,0.04139026920205868,-0.07906013412962082,0.2129944291847703,-0.0708365241109861
4.0,-4.0,-3.0,-13.0,-4.0,-1.0,3.0,12.0,0.16976608573431082,0.42288816060847617,0.041087431933781615,-0.08604315330074734,0.20826149671462932,-0.06886504692826502
-2.0,-10.0,-24.0,9.0,5.0,5.0,2.0,2.0,0.16949482353446652,0.4217221127631726,0.04026538876936514,-0.09901720422106794,0.20076541288227812,-0.06607415380625269
5.0,-12.0,28.0,1.0,2.0,0.0,-2.0,1.0,0.16954532251554635,0.4218633182747028,0.03908527847147003,-0.11542001384848317,0.19172055863175297,-0.06283381345266782
-5.0,13.0,1.0,9.0,8.0,8.0,4.0,-5.0,0.18600107341452898,0.4393855116413391,0.042816378270515765,-0.11677188784423165,0.19650717446159402,-0.0679200921595199
-1.0,-1.0,33.0,4.0,3.0,-1.0,-2.0,6.0,0.18475487521640982,0.44365035731259683,0.04197910022245133,-0.11184143439941152,0.2001835210862301,-0.0690017668186111
2.0,-9.0,3.0,-2.0,-4.0,-5.0,-1.0,-3.0,0.18219302943003252,0.4445716851147775,0.04128997626973263,-0.10347907631245785,0.20479918010097736,-0.0701209645959346
-3.0,-9.0,-6.0,-1.0,-5.0,-1.0,2.0,-3.0,0.1788634008413246,0.4420577935547091,0.04096084077693518,-0.09352275531910974,0.20943375772046155,-0.07114925409638358
2.0,8.0,14.0,7.0,4.0,6.0,-1.0,22.0,0.17546617099738018,0.4370577499504553,0.0410182173718765,-0.0844236286158925,0.2130213430165811,-0.07182187881494943
-4.0,9.0,-26.0,-14.0,-4.0,-2.0,-4.0,-6.0,0.17263305425875272,0.43118530247270487,0.04126998719708641,-0.07885654295386918,0.21448623171432493,-0.07180391482743077
6.0,-30.0,-3.0,-2.0,-4.0,-2.0,1.0,-3.0,0.17072754322083233,0.42609824029990795,0.04139026920205868,-0.07906013412962082,0.2129944291847703,-0.0708365241109861
-22.0,4.0,19.0,-5.0,-2.0,-3.0,1.0,-1.0,0.16976608573431082,0.42288816060847617,0.041087431933781615,-0.08604315330074734,0.20826149671462932,-0.06886504692826502
1.0,3.0,-6.0,3.0,5.0,3.0,-1.0,2.0,0.16949482353446652,0.4217221127631726,0.04026538876936514,-0.09901720422106794,0.20076541288227812,-0.06607415380625269
0.0,6.0,4.0,6.0,5.0,1.0,0.0,-8.0,0.16954532251554635,0.4218633182747028,0.03908527847147003,-0.11542001384848317,0.19172055863175297,-0.06283381345266782
-4.0,-5.0,14.0,-4.0,-4.0,-5.0,-5.0,-46.0,0.18600107341452898,0.4393855116413391,0.042816378270515765,-0.11677188784423165,0.19650717446159402,-0.0679200921595199
-1.0,-14.0,-19.0,-5.0,-4.0,-3.0,-16.0,13.0,0.18475487521640982,0.44365035731259683,0.04197910022245133,-0.11184143439941152,0.2001835210862301,-0.0690017668186111
1.0,4.0,-79.0,-4.0,7.0,4.0,-1.0,17.0,0.18219302943003252,0.4445716851147775,0.04128997626973263,-0.10347907631245785,0.20479918010097736,-0.0701209645959346
3.0,15.0,38.0,7.0,2.0,1.0,1.0,2.0,0.1788634008413246,0.4420577935547091,0.04096084077693518,-0.09352275531910974,0.20943375772046155,-0.07114925409638358
-13.0,-17.0,-13.0,-3.0,-6.0,-5.0,1.0,53.0,0.17546617099738018,0.4370577499504553,0.0410182173718765,-0.0844236286158925,0.2130213430165811,-0.07182187881494943
-5.0,-33.0,-17.0,-1.0,-1.0,0.0,-3.0,-19.0,0.17263305425875272,0.43118530247270487,0.04126998719708641,-0.07885654295386918,0.21448623171432493,-0.07180391482743077
-15.0,21.0,17.0,6.0,5.0,3.0,-2.0,-13.0,0.17072754322083233,0.42609824029990795,0.04139026920205868,-0.07906013412962082,0.2129944291847703,-0.0708365241109861
6.0,43.0,16.0,7.0,5.0,2.0,0.0,-2.0,0.16976608573431082,0.42288816060847617,0.041087431933781615,-0.08604315330074734,0.20826149671462932,-0.06886504692826502
9.0,0.0,41.0,-3.0,-5.0,-3.0,3.0,-9.0,0.16949482353446652,0.4217221127631726,0.04026538876936514,-0.09901720422106794,0.20076541288227812,-0.06607415380625269
-4.0,-38.0,-57.0,-15.0,-7.0,-6.0,-7.0,13.0,0.16954532251554635,0.4218633182747028,0.03908527847147003,-0.11542001384848317,0.19172055863175297,-0.06283381345266782
1.0,4.0,8.0,0.0,-9.0,-7.0,-3.0,1.0,0.18600107341452898,0.4393855116413391,0.042816378270515765,-0.11677188784423165,0.19650717446159402,-0.0679200921595199
2.0,-19.0,-76.0,-7.0,-7.0,-1.0,-7.0,-3.0,0.18475487521640982,0.44365035731259683,0.04197910022245133,-0.11184143439941152,0.2001835210862301,-0.0690017668186111
-2.0,34.0,19.0,14.0,7.0,6.0,0.0,-1.0,0.18219302943003252,0.4445716851147775,0.04128997626973263,-0.10347907631245785,0.20479918010097736,-0.0701209645959346
-4.0,-13.0,38.0,-18.0,-1.0,-1.0,2.0,0.0,0.1788634008413246,0.4420577935547091,0.04096084077693518,-0.09352275531910974,0.20943375772046155,-0.07114925409638358
-3.0,-10.0,-9.0,-5.0,-5.0,-4.0,0.0,-6.0,0.17546617099738018,0.4370577499504553,0.0410182173718765,-0.0844236286158925,0.2130213430165811,-0.07182187881494943
6.0,-9.0,-10.0,0.0,-5.0,-1.0,-1.0,-3.0,0.17263305425875272,0.43118530247270487,0.04126998719708641,-0.07885654295386918,0.21448623171432493,-0.07180391482743077
13.0,16.0,9.0,6.0,7.0,0.0,1.0,2.0,0.17072754322083233,0.42609824029990795,0.04139026920205868,-0.07906013412962082,0.2129944291847703,-0.0708365241109861
-7.0,9.0,0.0,7.0,3.0,1.0,0.0,-1.0,0.16976608573431082,0.42288816060847617,0.041087431933781615,-0.08604315330074734,0.20826149671462932,-0.06886504692826502
15.0,-7.0,10.0,0.0,-7.0,-6.0,-3.0,-2.0,0.16949482353446652,0.4217221127631726,0.04026538876936514,-0.09901720422106794,0.20076541288227812,-0.06607415380625269
-25.0,15.0,-2.0,0.0,-3.0,0.0,-2.0,18.0,0.16954532251554635,0.4218633182747028,0.03908527847147003,-0.11542001384848317,0.19172055863175297,-0.06283381345266782
-2.0,-16.0,-3.0,-5.0,-5.0,-7.0,-6.0,-5.0,0.18600107341452898,0.4393855116413391,0.042816378270515765,-0.11677188784423165,0.19650717446159402,-0.0679200921595199
-21.0,-3.0,-12.0,-3.0,-6.0,-3.0,-2.0,-2.0,0.18475487521640982,0.44365035731259683,0.04197910022245133,-0.11184143439941152,0.2001835210862301,-0.0690017668186111
5.0,10.0,1.0,2.0,6.0,3.0,1.0,-4.0,0.18219302943003252,0.4445716851147775,0.04128997626973263,-0.10347907631245785,0.20479918010097736,-0.0701209645959346
-3.0,-12.0,-8.0,-4.0,0.0,2.0,2.0,-2.0,0.1788634008413246,0.4420577935547091,0.04096084077693518,-0.09352275531910974,0.20943375772046155,-0.07114925409638358
8.0,1.0,2.0,0.0,-2.0,-1.0,0.0,50.0,0.17546617099738018,0.4370577499504553,0.0410182173718765,-0.0844236286158925,0.2130213430165811,-0.07182187881494943
-2.0,-2.0,3.0,0.0,-4.0,1.0,1.0,-9.0,0.17263305425875272,0.43118530247270487,0.04126998719708641,-0.07885654295386918,0.21448623171432493,-0.07180391482743077
-23.0,24.0,8.0,3.0,6.0,2.0,-5.0,-10.0,0.17072754322083233,0.42609824029990795,0.04139026920205868,-0.07906013412962082,0.2129944291847703,-0.0708365241109861
4.0,6.0,1.0,4.0,5.0,2.0,3.0,6.0,0.16976608573431082,0.42288816060847617,0.041087431933781615,-0.08604315330074734,0.20826149671462932,-0.06886504692826502
-9.0,-36.0,35.0,-3.0,-11.0,-7.0,-9.0,-32.0,0.16949482353446652,0.4217221127631726,0.04026538876936514,-0.09901720422106794,0.20076541288227812,-0.06607415380625269
-11.0,-24.0,-41.0,-5.0,-7.0,-5.0,-4.0,-4.0,0.16954532251554635,0.4218633182747028,0.03908527847147003,-0.11542001384848317,0.19172055863175297,-0.06283381345266782
-16.0,-16.0,3.0,2.0,-3.0,-5.0,1.0,10.0,0.18600107341452898,0.4393855116413391,0.042816378270515765,-0.11677188784423165,0.19650717446159402,-0.0679200921595199
11.0,-11.0,4.0,-1.0,-3.0,-1.0,0.0,-3.0,0.18475487521640982,0.44365035731259683,0.04197910022245133,-0.11184143439941152,0.2001835210862301,-0.0690017668186111
5.0,-13.0,3.0,6.0,5.0,2.0,-3.0,0.0,0.18219302943003252,0.4445716851147775,0.04128997626973263,-0.10347907631245785,0.20479918010097736,-0.0701209645959346
-21.0,20.0,-118.0,-19.0,-6.0,-3.0,-3.0,-3.0,0.1788634008413246,0.4420577935547091,0.04096084077693518,-0.09352275531910974,0.20943375772046155,-0.07114925409638358
2.0,-2.0,14.0,2.0,-3.0,1.0,3.0,-3.0,0.17546617099738018,0.4370577499504553,0.0410182173718765,-0.0844236286158925,0.2130213430165811,-0.07182187881494943
-6.0,-24.0,-8.0,-13.0,-6.0,-8.0,-4.0,-2.0,0.17263305425875272,0.43118530247270487,0.04126998719708641,-0.07885654295386918,0.21448623171432493,-0.07180391482743077
5.0,9.0,-4.0,-5.0,4.0,4.0,0.0,5.0,0.17072754322083233,0.42609824029990795,0.04139026920205868,-0.07906013412962082,0.2129944291847703,-0.0708365241109861
3.0,2.0,0.0,6.0,0.0,1.0,1.0,4.0,0.16976608573431082,0.42288816060847617,0.041087431933781615,-0.08604315330074734,0.20826149671462932,-0.06886504692826502
6.0,-5.0,-1.0,-4.0,-4.0,-5.0,-2.0,-3.0,0.16949482353446652,0.4217221127631726,0.04026538876936514,-0.09901720422106794,0.20076541288227812,-0.06607415380625269
-1.0,-2.0,9.0,-2.0,-4.0,-3.0,0.0,-2.0,0.16954532251554635,0.4218633182747028,0.03908527847147003,-0.11542001384848317,0.19172055863175297,-0.06283381345266782
1.0,-2.0,-27.0,-5.0,-6.0,-6.0,0.0,0.0,0.18600107341452898,0.4393855116413391,0.042816378270515765,-0.11677188784423165,0.19650717446159402,-0.0679200921595199
4.0,-1.0,7.0,-2.0,-1.0,-1.0,2.0,2.0,0.18475487521640982,0.44365035731259683,0.04197910022245133,-0.11184143439941152,0.2001835210862301,-0.0690017668186111
6.0,10.0,1.0,2.0,7.0,4.0,-4.0,1.0,0.18219302943003252,0.4445716851147775,0.04128997626973263,-0.10347907631245785,0.20479918010097736,-0.0701209645959346
-4.0,-19.0,-46.0,-8.0,-2.0,-2.0,-4.0,-3.0,0.1788634008413246,0.4420577935547091,0.04096084077693518,-0.09352275531910974,0.20943375772046155,-0.07114925409638358
3.0,4.0,17.0,-5.0,-5.0,-4.0,-2.0,-1.0,0.17546617099738018,0.4370577499504553,0.0410182173718765,-0.0844236286158925,0.2130213430165811,-0.07182187881494943
7.0,-4.0,7.0,1.0,-1.0,-4.0,1.0,-1.0,0.17263305425875272,0.43118530247270487,0.04126998719708641,-0.07885654295386918,0.21448623171432493,-0.07180391482743077
-18.0,-1.0,-3.0,1.0,3.0,6.0,-5.0,-25.0,0.17072754322083233,0.42609824029990795,0.04139026920205868,-0.07906013412962082,0.2129944291847703,-0.0708365241109861
3.0,-2.0,-1.0,3.0,3.0,0.0,1.0,1.0,0.16976608573431082,0.42288816060847617,0.041087431933781615,-0.08604315330074734,0.20826149671462932,-0.06886504692826502
-2.0,-6.0,15.0,-3.0,-8.0,-6.0,0.0,-2.0,0.16949482353446652,0.4217221127631726,0.04026538876936514,-0.09901720422106794,0.20076541288227812,-0.06607415380625269
-31.0,-17.0,17.0,-3.0,-6.0,0.0,-6.0,-62.0,0.16954532251554635,0.4218633182747028,0.03908527847147003,-0.11542001384848317,0.19172055863175297,-0.06283381345266782
-4.0,14.0,22.0,4.0,8.0,5.0,3.0,3.0,0.18219302943003252,0.4445716851147775,0.04128997626973263,-0.10347907631245785,0.20479918010097736,-0.0701209645959346
18.0,-6.0,4.0,4.0,0.0,0.0,-1.0,-8.0,0.1788634008413246,0.4420577935547091,0.04096084077693518,-0.09352275531910974,0.20943375772046155,-0.07114925409638358
1.0,-13.0,-1.0,-1.0,-2.0,-4.0,-1.0,-28.0,0.17546617099738018,0.4370577499504553,0.0410182173718765,-0.0844236286158925,0.2130213430165811,-0.07182187881494943
13.0,-3.0,-12.0,-4.0,-1.0,-3.0,0.0,-1.0,0.17263305425875272,0.43118530247270487,0.04126998719708641,-0.07885654295386918,0.21448623171432493,-0.07180391482743077
-24.0,-4.0,-60.0,-1.0,4.0,1.0,-3.0,-3.0,0.17072754322083233,0.42609824029990795,0.04139026920205868,-0.07906013412962082,0.2129944291847703,-0.0708365241109861
-4.0,-1.0,63.0,2.0,-1.0,-3.0,0.0,-1.0,0.16976608573431082,0.42288816060847617,0.041087431933781615,-0.08604315330074734,0.20826149671462932,-0.06886504692826502
-10.0,-3.0,-3.0,-1.0,-3.0,-3.0,1.0,-5.0,0.16949482353446652,0.4217221127631726,0.04026538876936514,-0.09901720422106794,0.20076541288227812,-0.06607415380625269
22.0,-9.0,-12.0,-6.0,-6.0,-4.0,-5.0,-10.0,0.16954532251554635,0.4218633182747028,0.03908527847147003,-0.11542001384848317,0.19172055863175297,-0.06283381345266782
10.0,19.0,4.0,2.0,2.0,6.0,3.0,4.0,0.18600107341452898,0.4393855116413391,0.042816378270515765,-0.11677188784423165,0.19650717446159402,-0.0679200921595199
-1.0,-49.0,-26.0,0.0,0.0,-2.0,-5.0,-4.0,0.18475487521640982,0.44365035731259683,0.04197910022245133,-0.11184143439941152,0.2001835210862301,-0.0690017668186111
-9.0,-11.0,22.0,-1.0,-8.0,-7.0,8.0,29.0,0.18219302943003252,0.4445716851147775,0.04128997626973263,-0.10347907631245785,0.20479918010097736,-0.0701209645959346
1.0,-8.0,7.0,-2.0,-4.0,-1.0,0.0,-15.0,0.1788634008413246,0.4420577935547091,0.04096084077693518,-0.09352275531910974,0.20943375772046155,-0.07114925409638358
-10.0,10.0,-14.0,-2.0,6.0,3.0,3.0,7.0,0.17546617099738018,0.4370577499504553,0.0410182173718765,-0.0844236286158925,0.2130213430165811,-0.07182187881494943
1.0,-15.0,-2.0,2.0,3.0,6.0,0.0,-5.0,0.17263305425875272,0.43118530247270487,0.04126998719708641,-0.07885654295386918,0.21448623171432493,-0.07180391482743077
24.0,65.0,4.0,0.0,-8.0,-12.0,-13.0,21.0,0.17072754322083233,0.42609824029990795,0.04139026920205868,-0.07906013412962082,0.2129944291847703,-0.0708365241109861
21.0,7.0,0.0,-4.0,-6.0,-5.0,-8.0,-23.0,0.16976608573431082,0.42288816060847617,0.041087431933781615,-0.08604315330074734,0.20826149671462932,-0.06886504692826502
22.0,31.0,2.0,3.0,6.0,4.0,0.0,6.0,0.16949482353446652,0.4217221127631726,0.04026538876936514,-0.09901720422106794,0.20076541288227812,-0.06607415380625269
1.0,-4.0,10.0,-6.0,1.0,1.0,4.0,-1.0,0.16954532251554635,0.4218633182747028,0.03908527847147003,-0.11542001384848317,0.19172055863175297,-0.06283381345266782
27.0,114.0,15.0,13.0,8.0,16.0,33.0,12.0,0.18475487521640982,0.44365035731259683,0.04197910022245133,-0.11184143439941152,0.2001835210862301,-0.0690017668186111
15.0,-27.0,8.0,-8.0,-4.0,-3.0,-16.0,-5.0,0.18219302943003252,0.4445716851147775,0.04128997626973263,-0.10347907631245785,0.20479918010097736,-0.0701209645959346
7.0,27.0,7.0,0.0,-6.0,-5.0,-11.0,-8.0,0.1788634008413246,0.4420577935547091,0.04096084077693518,-0.09352275531910974,0.20943375772046155,-0.07114925409638358
8.0,37.0,-8.0,-6.0,1.0,-1.0,-9.0,26.0,0.17546617099738018,0.4370577499504553,0.0410182173718765,-0.0844236286158925,0.2130213430165811,-0.07182187881494943
0.0,-61.0,-6.0,1.0,2.0,1.0,2.0,5.0,0.17263305425875272,0.43118530247270487,0.04126998719708641,-0.07885654295386918,0.21448623171432493,-0.07180391482743077
-13.0,1.0,4.0,-2.0,-7.0,-12.0,-20.0,-6.0,0.17072754322083233,0.42609824029990795,0.04139026920205868,-0.07906013412962082,0.2129944291847703,-0.0708365241109861
-6.0,-12.0,-5.0,-5.0,-5.0,-2.0,16.0,-23.0,0.16976608573431082,0.42288816060847617,0.041087431933781615,-0.08604315330074734,0.20826149671462932,-0.06886504692826502
-5.0,21.0,4.0,7.0,2.0,2.0,-1.0,-5.0,0.16949482353446652,0.4217221127631726,0.04026538876936514,-0.09901720422106794,0.20076541288227812,-0.06607415380625269
-7.0,7.0,1.0,2.0,3.0,1.0,-2.0,-4.0,0.16954532251554635,0.4218633182747028,0.03908527847147003,-0.11542001384848317,0.19172055863175297,-0.06283381345266782
-13.0,-19.0,-12.0,-10.0,-7.0,-6.0,4.0,14.0,0.18219302943003252,0.4445716851147775,0.04128997626973263,-0.10347907631245785,0.20479918010097736,-0.0701209645959346
-42.0,41.0,25.0,2.0,-2.0,0.0,-1.0,-8.0,0.1788634008413246,0.4420577935547091,0.04096084077693518,-0.09352275531910974,0.20943375772046155,-0.07114925409638358
8.0,37.0,3.0,3.0,5.0,5.0,-1.0,-5.0,0.17546617099738018,0.4370577499504553,0.0410182173718765,-0.0844236286158925,0.2130213430165811,-0.07182187881494943
-1.0,-9.0,-5.0,3.0,6.0,4.0,1.0,0.0,0.17263305425875272,0.43118530247270487,0.04126998719708641,-0.07885654295386918,0.21448623171432493,-0.07180391482743077
-4.0,-2.0,18.0,-5.0,-1.0,2.0,4.0,-1.0,0.17072754322083233,0.42609824029990795,0.04139026920205868,-0.07906013412962082,0.2129944291847703,-0.0708365241109861
4.0,-15.0,0.0,0.0,-7.0,-6.0,-4.0,-4.0,0.16976608573431082,0.42288816060847617,0.041087431933781615,-0.08604315330074734,0.20826149671462932,-0.06886504692826502
9.0,9.0,2.0,2.0,2.0,-1.0,-16.0,32.0,0.16949482353446652,0.4217221127631726,0.04026538876936514,-0.09901720422106794,0.20076541288227812,-0.06607415380625269
-9.0,-27.0,-81.0,-7.0,-1.0,3.0,17.0,-6.0,0.16954532251554635,0.4218633182747028,0.03908527847147003,-0.11542001384848317,0.19172055863175297,-0.06283381345266782
2.0,-14.0,0.0,-2.0,-3.0,-2.0,1.0,0.0,0.18600107341452898,0.4393855116413391,0.042816378270515765,-0.11677188784423165,0.19650717446159402,-0.0679200921595199
-5.0,1.0,-22.0,-8.0,-7.0,-3.0,-4.0,-3.0,0.18475487521640982,0.44365035731259683,0.04197910022245133,-0.11184143439941152,0.2001835210862301,-0.0690017668186111
0.0,5.0,5.0,-10.0,1.0,1.0,-4.0,-5.0,0.18219302943003252,0.4445716851147775,0.04128997626973263,-0.10347907631245785,0.20479918010097736,-0.0701209645959346
6.0,-9.0,1.0,7.0,5.0,4.0,-1.0,0.0,0.1788634008413246,0.4420577935547091,0.04096084077693518,-0.09352275531910974,0.20943375772046155,-0.07114925409638358
-10.0,-17.0,-24.0,-11.0,-8.0,-8.0,-2.0,-4.0,0.17546617099738018,0.4370577499504553,0.0410182173718765,-0.0844236286158925,0.2130213430165811,-0.07182187881494943
9.0,-4.0,-17.0,-4.0,-6.0,-4.0,-4.0,-4.0,0.17263305425875272,0.43118530247270487,0.04126998719708641,-0.07885654295386918,0.21448623171432493,-0.07180391482743077
-3.0,7.0,10.0,2.0,6.0,4.0,1.0,1.0,0.17072754322083233,0.42609824029990795,0.04139026920205868,-0.07906013412962082,0.2129944291847703,-0.0708365241109861
0.0,4.0,0.0,2.0,2.0,1.0,-2.0,-1.0,0.16976608573431082,0.42288816060847617,0.041087431933781615,-0.08604315330074734,0.20826149671462932,-0.06886504692826502
1.0,-9.0,4.0,-1.0,-4.0,-3.0,-1.0,-2.0,0.16949482353446652,0.4217221127631726,0.04026538876936514,-0.09901720422106794,0.20076541288227812,-0.06607415380625269
-1.0,-8.0,-5.0,-7.0,-7.0,-2.0,-5.0,0.0,0.16954532251554635,0.4218633182747028,0.03908527847147003,-0.11542001384848317,0.19172055863175297,-0.06283381345266782
3.0,7.0,52.0,-9.0,6.0,0.0,-1.0,-23.0,0.18600107341452898,0.4393855116413391,0.042816378270515765,-0.11677188784423165,0.19650717446159402,-0.0679200921595199
-2.0,-8.0,-74.0,1.0,2.0,-2.0,1.0,-4.0,0.18475487521640982,0.44365035731259683,0.04197910022245133,-0.11184143439941152,0.2001835210862301,-0.0690017668186111
3.0,-5.0,40.0,4.0,-3.0,0.0,3.0,-20.0,0.18219302943003252,0.4445716851147775,0.04128997626973263,-0.10347907631245785,0.20479918010097736,-0.0701209645959346
-7.0,-12.0,-106.0,-13.0,-9.0,-6.0,-4.0,2.0,0.1788634008413246,0.4420577935547091,0.04096084077693518,-0.09352275531910974,0.20943375772046155,-0.07114925409638358
6.0,-22.0,-12.0,-1.0,4.0,3.0,-7.0,-3.0,0.17546617099738018,0.4370577499504553,0.0410182173718765,-0.0844236286158925,0.2130213430165811,-0.07182187881494943
5.0,9.0,6.0,8.0,2.0,3.0,2.0,0.0,0.17263305425875272,0.43118530247270487,0.04126998719708641,-0.07885654295386918,0.21448623171432493,-0.07180391482743077
5.0,1.0,5.0,-2.0,-6.0,-4.0,0.0,-1.0,0.17072754322083233,0.42609824029990795,0.04139026920205868,-0.07906013412962082,0.2129944291847703,-0.0708365241109861
1.0,-10.0,9.0,0.0,-1.0,-2.0,-2.0,-1.0,0.16976608573431082,0.42288816060847617,0.041087431933781615,-0.08604315330074734,0.20826149671462932,-0.06886504692826502
-3.0,2.0,-1.0,-8.0,-2.0,-2.0,-3.0,-2.0,0.16949482353446652,0.4217221127631726,0.04026538876936514,-0.09901720422106794,0.20076541288227812,-0.06607415380625269
2.0,11.0,19.0,4.0,8.0,4.0,2.0,0.0,0.16954532251554635,0.4218633182747028,0.03908527847147003,-0.11542001384848317,0.19172055863175297,-0.06283381345266782
