0,1,13,-5,3,-1,-1,-1,0,0.0947266,0.552734,0.729004,-6.9375,-3.6875,-8.625,0.644062,-0.103499,-2.66545
0,-2,5,-20,-7,0,-1,0,-1,0.0947266,0.552734,0.729004,-6.9375,-3.6875,-8.625,0.644062,-0.103499,-2.66545
4,-2,-8,-22,-2,1,1,0,-3,0.0893555,0.542969,0.727539,-8.125,-3.125,-8.375,0.641534,-0.102606,-2.66848
4,-3,-5,35,0,-1,-2,-2,-1,0.0893555,0.542969,0.727539,-8.125,-3.125,-8.375,0.641534,-0.102606,-2.66848
4,1,-9,-36,-3,-1,-1,-2,-3,0.0893555,0.542969,0.727539,-8.125,-3.125,-8.375,0.641534,-0.102606,-2.66848
4,-2,-1,4,1,-1,0,-2,-1,0.0893555,0.542969,0.727539,-8.125,-3.125,-8.375,0.641534,-0.102606,-2.66848
5,2,10,28,3,-2,-1,-1,0,0.0893555,0.542969,0.727539,-8.125,-3.125,-8.375,0.641534,-0.102606,-2.66848
5,-2,-10,-50,-5,1,0,0,-3,0.0893555,0.542969,0.727539,-8.125,-3.125,-8.375,0.641534,-0.102606,-2.66848
18,2,22,25,1,-1,0,0,1,0.0893555,0.542969,0.727539,-8.125,-3.125,-8.375,0.641534,-0.102606,-2.66848
18,-7,-38,-47,-3,-2,-1,-2,-3,0.0893555,0.542969,0.727539,-8.125,-3.125,-8.375,0.641534,-0.102606,-2.66848
23,2,10,16,-2,-1,-1,-1,0,0.0917969,0.526855,0.725586,-9.8125,-3.3125,-8.5,0.638166,-0.10177,-2.67147
23,1,-1,-12,0,1,-1,-1,-2,0.0917969,0.526855,0.725586,-9.8125,-3.3125,-8.5,0.638166,-0.10177,-2.67147
32,-2,0,-6,-2,-3,0,-1,-2,0.0917969,0.526855,0.725586,-9.8125,-3.3125,-8.5,0.638166,-0.10177,-2.67147
32,3,-13,16,0,-1,-3,-1,1,0.0917969,0.526855,0.725586,-9.8125,-3.3125,-8.5,0.638166,-0.10177,-2.67147
39,-6,-6,2,-2,-2,0,-1,-2,0.0932617,0.518555,0.719238,-10.0625,-3.75,-8,0.634751,-0.101209,-2.67443
39,-3,4,-9,-3,-3,-1,-6,-7,0.0932617,0.518555,0.719238,-10.0625,-3.75,-8,0.634751,-0.101209,-2.67443
55,0,0,17,0,0,-1,-2,0,0.0932617,0.518555,0.719238,-10.0625,-3.75,-8,0.634751,-0.101209,-2.67443
55,-1,6,3,-2,-2,-2,-1,-2,0.0932617,0.518555,0.719238,-10.0625,-3.75,-8,0.634751,-0.101209,-2.67443
70,-1,-2,-24,-2,1,-1,0,-1,0.0913086,0.517578,0.730469,-8.0625,-3,-7.4375,0.63194,-0.100477,-2.67725
70,0,17,16,2,-3,-1,1,1,0.0913086,0.517578,0.730469,-8.0625,-3,-7.4375,0.63194,-0.100477,-2.67725
70,-3,-20,-15,-4,1,-2,-2,-2,0.0913086,0.517578,0.730469,-8.0625,-3,-7.4375,0.63194,-0.100477,-2.67725
70,1,8,22,3,0,1,-2,-2,0.0913086,0.517578,0.730469,-8.0625,-3,-7.4375,0.63194,-0.100477,-2.67725
117,-3,-6,1,2,1,1,1,-2,0.0795898,0.508789,0.733887,-5.4375,-1.875,-4.625,0.627659,-0.0990161,-2.68075
117,5,18,-1,0,0,-2,0,1,0.0795898,0.508789,0.733887,-5.4375,-1.875,-4.625,0.627659,-0.0990161,-2.68075
117,1,23,36,6,2,-2,-1,-1,0.0795898,0.508789,0.733887,-5.4375,-1.875,-4.625,0.627659,-0.0990161,-2.68075
117,-5,-21,-43,-7,0,-1,0,-2,0.0795898,0.508789,0.733887,-5.4375,-1.875,-4.625,0.627659,-0.0990161,-2.68075
118,-2,3,27,-3,-6,-1,1,0,0.0795898,0.508789,0.733887,-5.4375,-1.875,-4.625,0.627659,-0.0990161,-2.68075
118,-2,-1,5,8,-1,0,0,0,0.0795898,0.508789,0.733887,-5.4375,-1.875,-4.625,0.627659,-0.0990161,-2.68075
122,1,-1,-11,-5,-3,-1,0,0,0.0834961,0.500977,0.73291,-5.3125,-2.0625,-3.6875,0.625431,-0.0986558,-2.6821
122,0,12,34,8,-1,-2,0,-1,0.0834961,0.500977,0.73291,-5.3125,-2.0625,-3.6875,0.625431,-0.0986558,-2.6821
128,-1,-14,-36,-5,2,0,-1,-1,0.0834961,0.500977,0.73291,-5.3125,-2.0625,-3.6875,0.625431,-0.0986558,-2.6821
128,-5,-27,-38,-8,-1,0,-1,-3,0.0834961,0.500977,0.73291,-5.3125,-2.0625,-3.6875,0.625431,-0.0986558,-2.6821
137,-4,16,16,2,0,-1,-2,-1,0.0756836,0.498535,0.730469,-4,-2.125,-1.6875,0.623567,-0.0986893,-2.68301
137,-2,-2,-6,-3,-2,-2,-1,0,0.0756836,0.498535,0.730469,-4,-2.125,-1.6875,0.623567,-0.0986893,-2.68301
143,0,5,-25,1,1,-2,-2,0,0.0756836,0.498535,0.730469,-4,-2.125,-1.6875,0.623567,-0.0986893,-2.68301
143,4,12,48,4,0,0,-1,0,0.0756836,0.498535,0.730469,-4,-2.125,-1.6875,0.623567,-0.0986893,-2.68301
160,1,-16,-64,-6,-2,-1,0,-2,0.0913086,0.494141,0.742676,-2,-1.375,-0.8125,0.622166,-0.0989978,-2.6834
160,-1,1,17,1,-1,-1,4,0,0.0913086,0.494141,0.742676,-2,-1.375,-0.8125,0.622166,-0.0989978,-2.6834
166,0,-22,-38,-2,-2,0,-3,-1,0.0913086,0.494141,0.742676,-2,-1.375,-0.8125,0.622166,-0.0989978,-2.6834
166,0,-3,0,-2,0,1,-1,-2,0.0913086,0.494141,0.742676,-2,-1.375,-0.8125,0.622166,-0.0989978,-2.6834
189,0,12,19,6,3,0,0,0,0.0991211,0.502441,0.740234,-0.375,-1.0625,-0.25,0.621518,-0.0994098,-2.68363
189,4,15,8,-3,-2,-1,1,1,0.0991211,0.502441,0.740234,-0.375,-1.0625,-0.25,0.621518,-0.0994098,-2.68363
189,-3,-6,10,-1,-4,-4,0,-2,0.0991211,0.502441,0.740234,-0.375,-1.0625,-0.25,0.621518,-0.0994098,-2.68363
189,0,6,-26,-1,-1,-2,0,-3,0.0991211,0.502441,0.740234,-0.375,-1.0625,-0.25,0.621518,-0.0994098,-2.68363
204,-5,-17,5,-5,-2,-2,0,-1,0.109863,0.510254,0.737793,1.125,-0.125,0.375,0.621525,-0.100007,-2.68341
204,0,4,18,3,0,-1,-2,-1,0.109863,0.510254,0.737793,1.125,-0.125,0.375,0.621525,-0.100007,-2.68341
205,0,-3,6,-3,-3,0,-1,-1,0.109863,0.510254,0.737793,1.125,-0.125,0.375,0.621525,-0.100007,-2.68341
205,-3,-15,-52,2,4,1,-1,-2,0.109863,0.510254,0.737793,1.125,-0.125,0.375,0.621525,-0.100007,-2.68341
227,-4,-26,5,-2,0,-2,-3,-1,0.101074,0.51416,0.723633,1.1875,-0.0625,1.5625,0.621802,-0.100589,-2.68305
227,3,-3,-37,-4,-1,1,-3,-2,0.101074,0.51416,0.723633,1.1875,-0.0625,1.5625,0.621802,-0.100589,-2.68305
227,-4,8,29,0,-1,-2,-1,-1,0.101074,0.51416,0.723633,1.1875,-0.0625,1.5625,0.621802,-0.100589,-2.68305
227,-5,10,43,0,0,-2,-1,1,0.101074,0.51416,0.723633,1.1875,-0.0625,1.5625,0.621802,-0.100589,-2.68305
249,1,-3,-13,-2,-2,-1,-3,-1,0.0942383,0.524414,0.72998,1.125,0.625,1.75,0.622163,-0.100906,-2.68239
249,2,3,21,9,-2,-3,-3,-2,0.0942383,0.524414,0.72998,1.125,0.625,1.75,0.622163,-0.100906,-2.68239
250,3,40,17,-7,1,0,-1,0,0.0942383,0.524414,0.72998,1.125,0.625,1.75,0.622163,-0.100906,-2.68239
250,-4,-43,-20,-6,-4,-1,-1,-3,0.0942383,0.524414,0.72998,1.125,0.625,1.75,0.622163,-0.100906,-2.68239
264,-2,14,4,2,0,0,-1,-2,0.0805664,0.530762,0.742676,1.25,1.1875,2.1875,0.622493,-0.100744,-2.68156
264,-4,-34,-27,-5,-3,0,-2,-2,0.0805664,0.530762,0.742676,1.25,1.1875,2.1875,0.622493,-0.100744,-2.68156
271,2,17,15,4,1,-2,0,-2,0.0805664,0.530762,0.742676,1.25,1.1875,2.1875,0.622493,-0.100744,-2.68156
271,-1,6,10,-1,-2,-3,-1,-1,0.0805664,0.530762,0.742676,1.25,1.1875,2.1875,0.622493,-0.100744,-2.68156
295,1,-1,7,-1,-1,-1,1,0,0.0771484,0.516602,0.723633,0.1875,0.8125,2.25,0.622388,-0.100609,-2.68066
295,4,18,-8,3,2,0,3,3,0.0771484,0.516602,0.723633,0.1875,0.8125,2.25,0.622388,-0.100609,-2.68066
296,-10,-28,-69,-12,-4,-5,-11,-10,0.0771484,0.516602,0.723633,0.1875,0.8125,2.25,0.622388,-0.100609,-2.68066
296,-2,17,28,3,-2,-3,-5,-3,0.0771484,0.516602,0.723633,0.1875,0.8125,2.25,0.622388,-0.100609,-2.68066
309,-1,8,-14,-2,-2,0,0,1,0.0839844,0.513672,0.736328,0.4375,-0.5625,3,0.62216,-0.101225,-2.67985
309,-3,1,-3,-10,-4,-2,-2,1,0.0839844,0.513672,0.736328,0.4375,-0.5625,3,0.62216,-0.101225,-2.67985
309,2,10,13,4,3,0,3,3,0.0839844,0.513672,0.736328,0.4375,-0.5625,3,0.62216,-0.101225,-2.67985
309,2,-5,26,-3,-1,1,0,1,0.0839844,0.513672,0.736328,0.4375,-0.5625,3,0.62216,-0.101225,-2.67985
323,-2,5,-32,6,0,0,-1,-2,0.0893555,0.507324,0.71875,-0.8125,-1.9375,3.8125,0.621743,-0.102523,-2.67916
323,-1,15,19,-4,4,-1,0,-2,0.0893555,0.507324,0.71875,-0.8125,-1.9375,3.8125,0.621743,-0.102523,-2.67916
331,1,-3,-4,1,2,1,1,1,0.0893555,0.507324,0.71875,-0.8125,-1.9375,3.8125,0.621743,-0.102523,-2.67916
331,-1,-1,43,1,-2,0,-2,-1,0.0893555,0.507324,0.71875,-0.8125,-1.9375,3.8125,0.621743,-0.102523,-2.67916
348,2,-26,-13,-3,-2,1,0,1,0.103027,0.510742,0.729004,0.4375,-3.0625,3.75,0.621627,-0.10436,-2.67871
348,0,-2,-7,-2,-2,0,-1,-1,0.103027,0.510742,0.729004,0.4375,-3.0625,3.75,0.621627,-0.10436,-2.67871
349,0,-17,6,1,-2,-1,0,1,0.103027,0.510742,0.729004,0.4375,-3.0625,3.75,0.621627,-0.10436,-2.67871
349,3,18,8,3,0,0,1,0,0.103027,0.510742,0.729004,0.4375,-3.0625,3.75,0.621627,-0.10436,-2.67871
370,-2,-3,1,-2,-1,-2,-1,-3,0.09375,0.51709,0.722656,2.75,-3.3125,4.1875,0.622425,-0.106179,-2.67818
370,-2,5,8,2,2,-2,-2,-1,0.09375,0.51709,0.722656,2.75,-3.3125,4.1875,0.622425,-0.106179,-2.67818
370,3,9,53,4,-1,1,-1,0,0.09375,0.51709,0.722656,2.75,-3.3125,4.1875,0.622425,-0.106179,-2.67818
370,-8,-25,-111,-13,-1,-1,-1,-2,0.09375,0.51709,0.722656,2.75,-3.3125,4.1875,0.622425,-0.106179,-2.67818
384,0,-12,-11,-2,-1,0,-1,-2,0.0922852,0.541016,0.727051,3.9375,-2.75,4.125,0.624111,-0.107612,-2.67752
384,-3,-8,-4,-5,-3,-2,-2,-2,0.0922852,0.541016,0.727051,3.9375,-2.75,4.125,0.624111,-0.107612,-2.67752
391,2,3,29,9,0,-1,-1,-1,0.0922852,0.541016,0.727051,3.9375,-2.75,4.125,0.624111,-0.107612,-2.67752
391,1,7,-2,0,0,-2,-3,-2,0.0922852,0.541016,0.727051,3.9375,-2.75,4.125,0.624111,-0.107612,-2.67752
407,-2,-2,2,-7,-3,-2,-2,-2,0.0854492,0.544922,0.725098,2,-2.375,4.5625,0.625179,-0.108934,-2.67675
407,1,12,0,4,0,0,-1,0,0.0854492,0.544922,0.725098,2,-2.375,4.5625,0.625179,-0.108934,-2.67675
407,0,-10,11,2,-1,1,-1,0,0.0854492,0.544922,0.725098,2,-2.375,4.5625,0.625179,-0.108934,-2.67675
407,3,16,21,-4,-2,-1,0,2,0.0854492,0.544922,0.725098,2,-2.375,4.5625,0.625179,-0.108934,-2.67675
429,-2,-9,2,4,1,0,1,-1,0.0825195,0.540527,0.725098,-1.375,-3,5.3125,0.62498,-0.110483,-2.67589
429,0,-6,-4,3,1,0,-1,-1,0.0825195,0.540527,0.725098,-1.375,-3,5.3125,0.62498,-0.110483,-2.67589
430,0,4,9,-2,1,0,-1,0,0.0825195,0.540527,0.725098,-1.375,-3,5.3125,0.62498,-0.110483,-2.67589
430,-4,-15,-17,-2,-5,-1,-2,-1,0.0825195,0.540527,0.725098,-1.375,-3,5.3125,0.62498,-0.110483,-2.67589
444,0,10,23,1,0,-2,-3,-3,0.0893555,0.533691,0.736328,-0.875,-2.125,4.6875,0.62459,-0.111745,-2.67497
444,-2,-7,-13,0,1,-2,-2,-2,0.0893555,0.533691,0.736328,-0.875,-2.125,4.6875,0.62459,-0.111745,-2.67497
451,2,6,10,-1,-2,-1,4,0,0.0893555,0.533691,0.736328,-0.875,-2.125,4.6875,0.62459,-0.111745,-2.67497
451,2,8,3,2,2,-1,-1,2,0.0893555,0.533691,0.736328,-0.875,-2.125,4.6875,0.62459,-0.111745,-2.67497
466,-3,-10,1,-7,-3,-4,0,-1,0.0976562,0.535645,0.739746,2.25,-0.3125,3.625,0.625273,-0.112347,-2.67409
466,-2,8,-26,0,-2,1,-1,-1,0.0976562,0.535645,0.739746,2.25,-0.3125,3.625,0.625273,-0.112347,-2.67409
467,-5,-11,-16,-4,0,0,-1,-4,0.0976562,0.535645,0.739746,2.25,-0.3125,3.625,0.625273,-0.112347,-2.67409
467,-4,-19,20,4,-3,-2,0,-2,0.0976562,0.535645,0.739746,2.25,-0.3125,3.625,0.625273,-0.112347,-2.67409
490,1,2,6,-6,-1,1,0,-1,0.090332,0.547852,0.737793,2.5625,1.5625,3.625,0.626356,-0.112299,-2.67268
490,1,7,5,2,1,-1,-1,2,0.090332,0.547852,0.737793,2.5625,1.5625,3.625,0.626356,-0.112299,-2.67268
490,1,15,-31,-9,0,-2,-1,2,0.090332,0.547852,0.737793,2.5625,1.5625,3.625,0.626356,-0.112299,-2.67268
490,-3,-11,8,3,-1,-1,0,-1,0.090332,0.547852,0.737793,2.5625,1.5625,3.625,0.626356,-0.112299,-2.67268
503,3,30,50,4,-4,-4,-4,-3,0.0888672,0.548828,0.735352,-0.125,2.875,3.0625,0.626526,-0.111783,-2.67124
503,1,-1,-10,-2,-1,0,-1,-1,0.0888672,0.548828,0.735352,-0.125,2.875,3.0625,0.626526,-0.111783,-2.67124
511,-2,-15,-4,3,0,-2,-3,-2,0.0888672,0.548828,0.735352,-0.125,2.875,3.0625,0.626526,-0.111783,-2.67124
511,0,3,6,1,1,0,-1,-1,0.0888672,0.548828,0.735352,-0.125,2.875,3.0625,0.626526,-0.111783,-2.67124
527,-4,-11,-35,-12,-6,-2,1,-3,0.104004,0.541992,0.733398,-2.3125,3.875,1.625,0.625774,-0.111093,-2.66997
527,0,9,46,3,0,0,-1,-1,0.104004,0.541992,0.733398,-2.3125,3.875,1.625,0.625774,-0.111093,-2.66997
527,-1,-12,10,0,1,1,-2,0,0.104004,0.541992,0.733398,-2.3125,3.875,1.625,0.625774,-0.111093,-2.66997
527,-3,-6,-63,-7,-2,-2,0,-2,0.104004,0.541992,0.733398,-2.3125,3.875,1.625,0.625774,-0.111093,-2.66997
549,-2,16,-3,4,-4,0,-2,-1,0.104004,0.532715,0.743652,-0.6875,5.5,1.8125,0.625241,-0.110059,-2.66832
549,-5,-38,-3,-1,-1,0,0,0,0.104004,0.532715,0.743652,-0.6875,5.5,1.8125,0.625241,-0.110059,-2.66832
549,5,-1,14,-1,0,-1,0,0,0.104004,0.532715,0.743652,-0.6875,5.5,1.8125,0.625241,-0.110059,-2.66832
549,-6,16,19,2,-1,-1,-1,0,0.104004,0.532715,0.743652,-0.6875,5.5,1.8125,0.625241,-0.110059,-2.66832
573,3,15,-2,2,2,0,0,1,0.111328,0.524414,0.734863,0.0625,5.4375,-0.375,0.625193,-0.108693,-2.66728
573,-5,-17,-18,-8,-5,-2,-2,-3,0.111328,0.524414,0.734863,0.0625,5.4375,-0.375,0.625193,-0.108693,-2.66728
574,0,0,-4,2,-2,-1,-3,-3,0.111328,0.524414,0.734863,0.0625,5.4375,-0.375,0.625193,-0.108693,-2.66728
574,2,-1,0,0,0,1,0,-1,0.111328,0.524414,0.734863,0.0625,5.4375,-0.375,0.625193,-0.108693,-2.66728
587,0,8,23,1,3,0,0,0,0.117188,0.526367,0.733398,0.1875,6.25,-1.5,0.625031,-0.107071,-2.66647
587,-6,-47,-24,-6,-3,-3,0,-2,0.117188,0.526367,0.733398,0.1875,6.25,-1.5,0.625031,-0.107071,-2.66647
588,-3,-6,-33,2,-4,-3,1,-2,0.117188,0.526367,0.733398,0.1875,6.25,-1.5,0.625031,-0.107071,-2.66647
588,4,15,-19,2,2,0,0,0,0.117188,0.526367,0.733398,0.1875,6.25,-1.5,0.625031,-0.107071,-2.66647
609,-2,1,15,-2,-1,0,-4,-1,0.10791,0.518555,0.735352,0.6875,6.375,-2.3125,0.624924,-0.105185,-2.6657
609,0,7,18,-1,-1,-1,0,-1,0.10791,0.518555,0.735352,0.6875,6.375,-2.3125,0.624924,-0.105185,-2.6657
609,-2,2,-28,-5,-2,-2,1,-2,0.10791,0.518555,0.735352,0.6875,6.375,-2.3125,0.624924,-0.105185,-2.6657
609,0,-7,12,-2,-4,-2,-1,0,0.10791,0.518555,0.735352,0.6875,6.375,-2.3125,0.624924,-0.105185,-2.6657
624,3,0,-13,3,1,0,0,2,0.0991211,0.520508,0.725586,-0.4375,5.5,-2.8125,0.624738,-0.103149,-2.66536
624,-1,13,35,0,1,0,-2,-1,0.0991211,0.520508,0.725586,-0.4375,5.5,-2.8125,0.624738,-0.103149,-2.66536
649,-2,-6,-26,-1,-2,-1,0,1,0.0991211,0.520508,0.725586,-0.4375,5.5,-2.8125,0.624738,-0.103149,-2.66536
649,1,11,60,-4,2,-1,0,-2,0.0991211,0.520508,0.725586,-0.4375,5.5,-2.8125,0.624738,-0.103149,-2.66536
650,-5,-28,-86,-8,0,0,1,1,0.0908203,0.527832,0.728027,0.3125,5.6875,-2.3125,0.624825,-0.101101,-2.66486
650,1,6,-6,2,-4,-2,-1,-2,0.0908203,0.527832,0.728027,0.3125,5.6875,-2.3125,0.624825,-0.101101,-2.66486
651,0,21,22,-2,-1,0,-1,-1,0.0908203,0.527832,0.728027,0.3125,5.6875,-2.3125,0.624825,-0.101101,-2.66486
651,-1,-4,-19,0,-2,-1,-2,-3,0.0908203,0.527832,0.728027,0.3125,5.6875,-2.3125,0.624825,-0.101101,-2.66486
670,-1,-32,-14,1,-2,-2,-1,-1,0.0751953,0.521484,0.72998,0.875,5.3125,-1.875,0.62497,-0.0988278,-2.6643
670,1,-4,-14,-5,-4,0,-3,-2,0.0751953,0.521484,0.72998,0.875,5.3125,-1.875,0.62497,-0.0988278,-2.6643
677,-3,19,16,8,1,1,-1,1,0.0751953,0.521484,0.72998,0.875,5.3125,-1.875,0.62497,-0.0988278,-2.6643
677,1,-6,-13,-4,-3,-1,0,0,0.0751953,0.521484,0.72998,0.875,5.3125,-1.875,0.62497,-0.0988278,-2.6643
684,-2,-4,27,-1,1,-1,0,-3,0.0654297,0.520996,0.722656,0.4375,4.5625,-1.875,0.625087,-0.0966294,-2.66388
684,-2,8,-12,0,0,-2,-3,1,0.0654297,0.520996,0.722656,0.4375,4.5625,-1.875,0.625087,-0.0966294,-2.66388
691,0,-4,7,-4,-2,0,-2,1,0.0654297,0.520996,0.722656,0.4375,4.5625,-1.875,0.625087,-0.0966294,-2.66388
691,-2,6,4,3,0,0,-3,-1,0.0654297,0.520996,0.722656,0.4375,4.5625,-1.875,0.625087,-0.0966294,-2.66388
707,3,-4,-8,2,1,0,1,1,0.0693359,0.513184,0.728027,2.375,3.9375,-1.125,0.625611,-0.09497,-2.66333
707,4,37,67,12,1,0,1,0,0.0693359,0.513184,0.728027,2.375,3.9375,-1.125,0.625611,-0.09497,-2.66333
707,-9,-39,-61,-17,-1,-2,-1,-6,0.0693359,0.513184,0.728027,2.375,3.9375,-1.125,0.625611,-0.09497,-2.66333
707,-1,14,-2,0,0,-1,1,-1,0.0693359,0.513184,0.728027,2.375,3.9375,-1.125,0.625611,-0.09497,-2.66333
729,-1,-3,12,1,-5,-1,2,0,0.0708008,0.516113,0.733887,4.25,3.125,-0.3125,0.626836,-0.0937579,-2.66278
729,-2,-7,-13,0,-2,-1,-1,-2,0.0708008,0.516113,0.733887,4.25,3.125,-0.3125,0.626836,-0.0937579,-2.66278
730,2,13,30,4,-1,-1,-1,0,0.0708008,0.516113,0.733887,4.25,3.125,-0.3125,0.626836,-0.0937579,-2.66278
730,-1,-3,-9,-2,-1,0,-1,-1,0.0708008,0.516113,0.733887,4.25,3.125,-0.3125,0.626836,-0.0937579,-2.66278
752,0,4,-2,-4,-5,-1,-2,-2,0.0771484,0.522461,0.719727,3.25,2.4375,0,0.627846,-0.0928936,-2.6622
752,4,31,68,12,6,2,2,2,0.0771484,0.522461,0.719727,3.25,2.4375,0,0.627846,-0.0928936,-2.6622
752,-11,-43,-76,-17,-6,-5,-4,-5,0.0771484,0.522461,0.719727,3.25,2.4375,0,0.627846,-0.0928936,-2.6622
752,-4,-11,3,-6,0,-1,-1,-2,0.0771484,0.522461,0.719727,3.25,2.4375,0,0.627846,-0.0928936,-2.6622
783,0,6,31,5,0,0,0,0,0.0771484,0.52832,0.72998,5.1875,2.75,0.6875,0.629507,-0.0921098,-2.66149
783,-1,-7,-11,-4,-3,-3,2,0,0.0771484,0.52832,0.72998,5.1875,2.75,0.6875,0.629507,-0.0921098,-2.66149
783,3,14,17,8,1,-3,0,1,0.0771484,0.52832,0.72998,5.1875,2.75,0.6875,0.629507,-0.0921098,-2.66149
783,1,-7,-10,-1,0,-1,-1,-1,0.0771484,0.52832,0.72998,5.1875,2.75,0.6875,0.629507,-0.0921098,-2.66149
789,-2,6,15,-1,-1,-1,-3,-1,0.081543,0.538086,0.713379,3.6875,1.625,0.75,0.631191,-0.0918074,-2.66094
789,-4,-11,-30,1,0,0,-2,-1,0.081543,0.538086,0.713379,3.6875,1.625,0.75,0.631191,-0.0918074,-2.66094
790,6,29,31,5,4,1,0,1,0.081543,0.538086,0.713379,3.6875,1.625,0.75,0.631191,-0.0918074,-2.66094
790,-8,-30,-65,-15,-9,-3,-1,-3,0.081543,0.538086,0.713379,3.6875,1.625,0.75,0.631191,-0.0918074,-2.66094
812,-1,-20,7,0,1,-4,-8,-6,0.0766602,0.544922,0.733398,3.0625,2.5625,0.25,0.632341,-0.090975,-2.66039
812,-3,-20,-21,-7,-2,0,-3,-3,0.0766602,0.544922,0.733398,3.0625,2.5625,0.25,0.632341,-0.090975,-2.66039
812,0,0,-4,1,-4,0,0,0,0.0766602,0.544922,0.733398,3.0625,2.5625,0.25,0.632341,-0.090975,-2.66039
812,2,17,38,6,2,2,1,2,0.0766602,0.544922,0.733398,3.0625,2.5625,0.25,0.632341,-0.090975,-2.66039
837,0,5,-14,0,1,1,2,1,0.0756836,0.541504,0.723145,3.75,2.5,0.0625,0.633761,-0.0900937,-2.6598
837,-3,-7,-21,-3,-5,-3,0,-1,0.0756836,0.541504,0.723145,3.75,2.5,0.0625,0.633761,-0.0900937,-2.6598
837,2,-6,20,5,3,2,0,1,0.0756836,0.541504,0.723145,3.75,2.5,0.0625,0.633761,-0.0900937,-2.6598
837,2,43,9,3,3,1,-2,-1,0.0756836,0.541504,0.723145,3.75,2.5,0.0625,0.633761,-0.0900937,-2.6598
851,-5,-23,-5,-6,-6,-4,-2,-4,0.0683594,0.55127,0.727051,2,2.625,0.3125,0.634805,-0.0891209,-2.65918
851,-2,-19,-29,-6,-2,-2,-2,-2,0.0683594,0.55127,0.727051,2,2.625,0.3125,0.634805,-0.0891209,-2.65918
852,-1,-6,-2,-1,-4,-1,1,-1,0.0683594,0.55127,0.727051,2,2.625,0.3125,0.634805,-0.0891209,-2.65918
852,-1,8,20,2,-1,-2,-2,1,0.0683594,0.55127,0.727051,2,2.625,0.3125,0.634805,-0.0891209,-2.65918
872,-2,2,1,1,1,0,0,0,0.0712891,0.537598,0.71875,0.3125,1.5625,-0.5625,0.635002,-0.0882947,-2.65904
872,1,10,2,-5,0,-1,1,2,0.0712891,0.537598,0.71875,0.3125,1.5625,-0.5625,0.635002,-0.0882947,-2.65904
872,-4,1,6,-1,0,-1,-2,-2,0.0712891,0.537598,0.71875,0.3125,1.5625,-0.5625,0.635002,-0.0882947,-2.65904
872,0,-23,-1,6,-1,-1,-1,-1,0.0712891,0.537598,0.71875,0.3125,1.5625,-0.5625,0.635002,-0.0882947,-2.65904
886,2,33,25,-5,-2,0,0,1,0.0791016,0.535645,0.723145,-1.25,1.3125,-0.625,0.634574,-0.0878352,-2.65889
886,-4,-28,-40,-9,-2,-2,-1,-2,0.0791016,0.535645,0.723145,-1.25,1.3125,-0.625,0.634574,-0.0878352,-2.65889
888,0,5,-4,1,1,1,-2,2,0.0791016,0.535645,0.723145,-1.25,1.3125,-0.625,0.634574,-0.0878352,-2.65889
888,-2,1,33,3,-2,0,-2,-1,0.0791016,0.535645,0.723145,-1.25,1.3125,-0.625,0.634574,-0.0878352,-2.65889
909,1,9,-15,3,2,-1,1,1,0.0717773,0.536133,0.71875,1.0625,1.1875,-0.6875,0.63512,-0.0872142,-2.6588
909,-3,-24,-3,-3,-1,-3,-1,-3,0.0717773,0.536133,0.71875,1.0625,1.1875,-0.6875,0.63512,-0.0872142,-2.6588
910,-2,8,3,-2,-1,-1,4,0,0.0717773,0.536133,0.71875,1.0625,1.1875,-0.6875,0.63512,-0.0872142,-2.6588
910,-2,-11,7,1,-2,-3,-3,-1,0.0717773,0.536133,0.71875,1.0625,1.1875,-0.6875,0.63512,-0.0872142,-2.6588
932,1,-6,-38,4,1,0,1,2,0.0786133,0.536621,0.718262,-0.4375,0.625,-0.875,0.63512,-0.0872142,-2.6588
932,-2,23,9,0,-1,0,-1,0,0.0786133,0.536621,0.718262,-0.4375,0.625,-0.875,0.63512,-0.0872142,-2.6588
932,1,-6,3,-5,-3,-1,-1,1,0.0786133,0.536621,0.718262,-0.4375,0.625,-0.875,0.63512,-0.0872142,-2.6588
932,2,10,-16,-3,-2,-2,1,-1,0.0786133,0.536621,0.718262,-0.4375,0.625,-0.875,0.63512,-0.0872142,-2.6588
947,-3,-7,11,1,0,-2,0,-2,0.0639648,0.537109,0.719727,-1.375,-0.1875,-0.375,0.634824,-0.0868158,-2.659
947,-1,-6,10,3,0,0,0,-1,0.0639648,0.537109,0.719727,-1.375,-0.1875,-0.375,0.634824,-0.0868158,-2.659
948,-1,-6,-11,2,-1,-2,-1,-2,0.0639648,0.537109,0.719727,-1.375,-0.1875,-0.375,0.634824,-0.0868158,-2.659
948,0,2,17,-7,-3,-1,1,-1,0.0639648,0.537109,0.719727,-1.375,-0.1875,-0.375,0.634824,-0.0868158,-2.659
969,3,2,-17,-3,0,-1,-2,-1,0.0644531,0.532227,0.712891,-1.75,-0.9375,-0.3125,0.634411,-0.0867593,-2.65921
969,0,21,15,7,4,0,1,2,0.0644531,0.532227,0.712891,-1.75,-0.9375,-0.3125,0.634411,-0.0867593,-2.65921
969,-5,-21,-8,-6,-4,-2,-5,-4,0.0644531,0.532227,0.712891,-1.75,-0.9375,-0.3125,0.634411,-0.0867593,-2.65921
969,-2,-16,-34,-6,-4,-3,-1,-2,0.0644531,0.532227,0.712891,-1.75,-0.9375,-0.3125,0.634411,-0.0867593,-2.65921
992,2,8,-6,-1,-4,-1,2,0,0.0668945,0.529297,0.725098,0.25,-1.375,-0.0625,0.634543,-0.0868205,-2.65956
992,-6,0,8,-3,2,3,1,-3,0.0668945,0.529297,0.725098,0.25,-1.375,-0.0625,0.634543,-0.0868205,-2.65956
993,-1,5,9,-2,1,0,-2,-2,0.0668945,0.529297,0.725098,0.25,-1.375,-0.0625,0.634543,-0.0868205,-2.65956
993,1,-3,-8,0,1,1,-1,0,0.0668945,0.529297,0.725098,0.25,-1.375,-0.0625,0.634543,-0.0868205,-2.65956
1009,2,-3,-5,2,-1,0,0,-1,0.0717773,0.529785,0.720215,0.5,-1.8125,0.3125,0.634666,-0.0872953,-2.65978
1009,0,-5,-11,-4,-3,0,-1,-1,0.0717773,0.529785,0.720215,0.5,-1.8125,0.3125,0.634666,-0.0872953,-2.65978
1009,2,6,8,3,-1,-3,-1,0,0.0717773,0.529785,0.720215,0.5,-1.8125,0.3125,0.634666,-0.0872953,-2.65978
1009,-5,-11,13,-2,-2,-3,-2,-4,0.0717773,0.529785,0.720215,0.5,-1.8125,0.3125,0.634666,-0.0872953,-2.65978
1029,-1,-4,-6,-5,1,0,-1,1,0.0800781,0.522949,0.73291,-0.9375,-2.625,0.4375,0.634088,-0.0880611,-2.66021
1029,2,-6,-7,-2,-1,0,-1,0,0.0800781,0.522949,0.73291,-0.9375,-2.625,0.4375,0.634088,-0.0880611,-2.66021
1037,-3,9,27,3,0,0,1,0,0.0800781,0.522949,0.73291,-0.9375,-2.625,0.4375,0.634088,-0.0880611,-2.66021
1037,1,-1,-10,1,2,-1,-1,-1,0.0800781,0.522949,0.73291,-0.9375,-2.625,0.4375,0.634088,-0.0880611,-2.66021
1052,1,-1,14,5,2,-2,-2,1,0.0869141,0.526367,0.72998,-1.3125,-2.0625,0.6875,0.633486,-0.0889079,-2.66036
1052,2,4,-2,-5,-4,-3,-2,0,0.0869141,0.526367,0.72998,-1.3125,-2.0625,0.6875,0.633486,-0.0889079,-2.66036
1052,-1,-7,-65,-7,-4,-4,-3,-2,0.0869141,0.526367,0.72998,-1.3125,-2.0625,0.6875,0.633486,-0.0889079,-2.66036
1052,-5,6,0,-2,2,-1,-2,-2,0.0869141,0.526367,0.72998,-1.3125,-2.0625,0.6875,0.633486,-0.0889079,-2.66036
1066,-5,-19,13,2,1,1,4,2,0.0839844,0.535645,0.723633,-1.125,-1.25,0.875,0.633182,-0.0895923,-2.66044
1066,1,14,14,5,-3,0,-5,-2,0.0839844,0.535645,0.723633,-1.125,-1.25,0.875,0.633182,-0.0895923,-2.66044
1067,2,2,10,1,1,1,0,0,0.0839844,0.535645,0.723633,-1.125,-1.25,0.875,0.633182,-0.0895923,-2.66044
1067,2,1,-6,-2,-1,1,0,1,0.0839844,0.535645,0.723633,-1.125,-1.25,0.875,0.633182,-0.0895923,-2.66044
1088,-3,-9,-14,-6,-2,-1,-1,-1,0.0854492,0.538086,0.728516,-0.6875,-0.0625,0.125,0.633182,-0.0895923,-2.66044
1088,-2,1,11,0,-3,-3,0,0,0.0854492,0.538086,0.728516,-0.6875,-0.0625,0.125,0.633182,-0.0895923,-2.66044
1096,0,-5,-18,1,0,1,0,-1,0.0854492,0.538086,0.728516,-0.6875,-0.0625,0.125,0.633182,-0.0895923,-2.66044
1096,2,9,62,6,0,-1,-2,0,0.0854492,0.538086,0.728516,-0.6875,-0.0625,0.125,0.633182,-0.0895923,-2.66044
1111,-1,1,-71,-13,-4,-1,-3,-3,0.0766602,0.537598,0.72998,-2.125,0.1875,0.75,0.632434,-0.0894844,-2.6602
1111,-5,-10,-4,1,-1,-1,-1,-4,0.0766602,0.537598,0.72998,-2.125,0.1875,0.75,0.632434,-0.0894844,-2.6602
1113,-6,-26,11,-3,0,-2,-1,-4,0.0766602,0.537598,0.72998,-2.125,0.1875,0.75,0.632434,-0.0894844,-2.6602
1113,0,0,-13,-2,-1,-1,-1,-2,0.0766602,0.537598,0.72998,-2.125,0.1875,0.75,0.632434,-0.0894844,-2.6602
1134,2,14,45,6,-2,0,-1,-1,0.0859375,0.533691,0.72998,-2.6875,0.3125,0.4375,0.631465,-0.0896848,-2.66004
1134,1,7,-4,-4,-3,-1,0,0,0.0859375,0.533691,0.72998,-2.6875,0.3125,0.4375,0.631465,-0.0896848,-2.66004
1134,-3,-9,-35,0,-1,2,0,-1,0.0859375,0.533691,0.72998,-2.6875,0.3125,0.4375,0.631465,-0.0896848,-2.66004
1134,-1,1,6,-1,0,1,0,0,0.0859375,0.533691,0.72998,-2.6875,0.3125,0.4375,0.631465,-0.0896848,-2.66004
1150,-3,-5,11,6,0,-2,-2,-1,0.0942383,0.53418,0.731934,-3.5625,1.125,-0.125,0.630281,-0.0896009,-2.65974
1150,1,11,-13,-4,-2,-2,-1,-1,0.0942383,0.53418,0.731934,-3.5625,1.125,-0.125,0.630281,-0.0896009,-2.65974
1156,0,7,39,2,-1,-2,0,0,0.0942383,0.53418,0.731934,-3.5625,1.125,-0.125,0.630281,-0.0896009,-2.65974
1156,1,7,35,4,2,3,2,1,0.0942383,0.53418,0.731934,-3.5625,1.125,-0.125,0.630281,-0.0896009,-2.65974
1172,-2,1,-27,-1,0,-1,-2,-2,0.0898438,0.537598,0.733398,-3.9375,1.6875,0,0.628888,-0.0893793,-2.65933
1172,-2,-21,-59,-6,-2,-2,1,-1,0.0898438,0.537598,0.733398,-3.9375,1.6875,0,0.628888,-0.0893793,-2.65933
1172,1,16,26,0,-3,-3,-2,0,0.0898438,0.537598,0.733398,-3.9375,1.6875,0,0.628888,-0.0893793,-2.65933
1172,-3,-12,-7,-3,-3,-3,-1,-2,0.0898438,0.537598,0.733398,-3.9375,1.6875,0,0.628888,-0.0893793,-2.65933
1194,0,5,27,1,0,-1,-3,0,0.0805664,0.530273,0.728027,-5.0625,2.25,-0.1875,0.627202,-0.0886888,-2.6589
1194,0,2,-13,-2,-1,1,1,1,0.0805664,0.530273,0.728027,-5.0625,2.25,-0.1875,0.627202,-0.0886888,-2.6589
1195,3,2,3,-3,-2,-1,1,-1,0.0805664,0.530273,0.728027,-5.0625,2.25,-0.1875,0.627202,-0.0886888,-2.6589
1195,0,10,-29,-1,1,0,4,2,0.0805664,0.530273,0.728027,-5.0625,2.25,-0.1875,0.627202,-0.0886888,-2.6589
1209,-2,1,18,-5,-1,-2,-5,-2,0.0688477,0.518555,0.733887,-4.125,3.375,-0.625,0.625553,-0.0873629,-2.65845
1209,1,-2,4,2,-1,-1,0,-1,0.0688477,0.518555,0.733887,-4.125,3.375,-0.625,0.625553,-0.0873629,-2.65845
1216,-3,0,1,-1,-2,-2,-2,-3,0.0688477,0.518555,0.733887,-4.125,3.375,-0.625,0.625553,-0.0873629,-2.65845
1216,-1,-8,-16,0,-1,1,0,0,0.0688477,0.518555,0.733887,-4.125,3.375,-0.625,0.625553,-0.0873629,-2.65845
1231,-2,-11,6,-4,-2,-1,1,-2,0.0537109,0.530273,0.744141,-1,5,-1,0.624885,-0.0852112,-2.65766
1231,2,12,46,8,0,0,-2,0,0.0537109,0.530273,0.744141,-1,5,-1,0.624885,-0.0852112,-2.65766
1232,-1,-6,-37,-13,2,-1,2,-3,0.0537109,0.530273,0.744141,-1,5,-1,0.624885,-0.0852112,-2.65766
1232,0,-4,0,2,-3,0,-2,-2,0.0537109,0.530273,0.744141,-1,5,-1,0.624885,-0.0852112,-2.65766
1254,-2,-2,-22,-9,-5,-2,1,-1,0.0390625,0.522949,0.741699,1.3125,5.6875,-0.375,0.625151,-0.0826062,-2.6566
1254,1,7,24,4,1,0,-1,0,0.0390625,0.522949,0.741699,1.3125,5.6875,-0.375,0.625151,-0.0826062,-2.6566
1254,-3,12,21,6,-1,-1,-2,-1,0.0390625,0.522949,0.741699,1.3125,5.6875,-0.375,0.625151,-0.0826062,-2.6566
1254,-2,-12,-5,-3,-3,-3,-3,-2,0.0390625,0.522949,0.741699,1.3125,5.6875,-0.375,0.625151,-0.0826062,-2.6566
1285,1,2,-7,-2,-1,-2,-1,0,0.0595703,0.510254,0.732422,-0.5,4,-1.625,0.624503,-0.0808591,-2.65617
1285,-3,-14,-32,-2,-2,-2,0,0,0.0595703,0.510254,0.732422,-0.5,4,-1.625,0.624503,-0.0808591,-2.65617
1286,-1,13,26,2,-1,0,-2,2,0.0595703,0.510254,0.732422,-0.5,4,-1.625,0.624503,-0.0808591,-2.65617
1286,-1,-8,-14,-2,1,-1,-1,0,0.0595703,0.510254,0.732422,-0.5,4,-1.625,0.624503,-0.0808591,-2.65617
1292,-3,-4,0,2,0,-1,1,-1,0.0834961,0.51123,0.732422,0.8125,3.625,-2,0.624521,-0.079744,-2.65599
1292,5,12,41,0,-1,0,-2,0,0.0834961,0.51123,0.732422,0.8125,3.625,-2,0.624521,-0.079744,-2.65599
1292,-3,-21,-18,2,0,0,0,-1,0.0834961,0.51123,0.732422,0.8125,3.625,-2,0.624521,-0.079744,-2.65599
1292,-2,7,-14,-5,-3,-4,-2,-2,0.0834961,0.51123,0.732422,0.8125,3.625,-2,0.624521,-0.079744,-2.65599
1314,0,-8,12,-1,-3,-2,-1,-2,0.0751953,0.530762,0.729004,4.0625,3.9375,-1.4375,0.625888,-0.0783832,-2.65555
1314,-1,-6,-3,-4,-2,-2,-1,-1,0.0751953,0.530762,0.729004,4.0625,3.9375,-1.4375,0.625888,-0.0783832,-2.65555
1315,3,14,19,2,-1,0,0,2,0.0751953,0.530762,0.729004,4.0625,3.9375,-1.4375,0.625888,-0.0783832,-2.65555
1315,-1,-3,-2,0,-1,1,0,-1,0.0751953,0.530762,0.729004,4.0625,3.9375,-1.4375,0.625888,-0.0783832,-2.65555
1338,-2,-4,-21,-1,0,-2,-2,1,0.0717773,0.53418,0.71875,4.9375,3.75,-1.4375,0.627827,-0.0770283,-2.65521
1338,-1,-16,-31,-3,-1,-2,-3,0,0.0717773,0.53418,0.71875,4.9375,3.75,-1.4375,0.627827,-0.0770283,-2.65521
1339,-2,-1,8,3,1,1,-1,-2,0.0717773,0.53418,0.71875,4.9375,3.75,-1.4375,0.627827,-0.0770283,-2.65521
1339,-2,2,-15,-1,-1,-1,-1,-1,0.0717773,0.53418,0.71875,4.9375,3.75,-1.4375,0.627827,-0.0770283,-2.65521
1352,0,12,7,-1,-2,0,-2,-1,0.0585938,0.524414,0.730469,4.1875,3.75,-2.3125,0.629174,-0.0753293,-2.65503
1352,-4,-1,1,0,-3,-1,1,-1,0.0585938,0.524414,0.730469,4.1875,3.75,-2.3125,0.629174,-0.0753293,-2.65503
1353,3,-6,-25,4,1,-1,1,1,0.0585938,0.524414,0.730469,4.1875,3.75,-2.3125,0.629174,-0.0753293,-2.65503
1353,-4,2,15,-11,-3,-2,-2,0,0.0585938,0.524414,0.730469,4.1875,3.75,-2.3125,0.629174,-0.0753293,-2.65503
1382,0,1,-8,3,3,1,0,0,0.0541992,0.522461,0.729004,4.0625,2.8125,-1.875,0.630459,-0.073818,-2.65502
1382,-1,1,-13,0,-1,-1,-1,-2,0.0541992,0.522461,0.729004,4.0625,2.8125,-1.875,0.630459,-0.073818,-2.65502
1383,-4,-15,8,-2,-3,-3,-2,0,0.0541992,0.522461,0.729004,4.0625,2.8125,-1.875,0.630459,-0.073818,-2.65502
1383,1,-2,-1,0,-1,0,0,0,0.0541992,0.522461,0.729004,4.0625,2.8125,-1.875,0.630459,-0.073818,-2.65502
1405,2,4,14,3,-1,-2,0,1,0.0527344,0.530273,0.720215,5.25,1.75,-2.5625,0.632355,-0.0724952,-2.65532
1405,-1,2,1,-4,-2,-3,-2,0,0.0527344,0.530273,0.720215,5.25,1.75,-2.5625,0.632355,-0.0724952,-2.65532
1406,0,1,2,4,-3,-2,-6,-6,0.0527344,0.530273,0.720215,5.25,1.75,-2.5625,0.632355,-0.0724952,-2.65532
1406,2,9,2,0,0,-1,-3,0,0.0527344,0.530273,0.720215,5.25,1.75,-2.5625,0.632355,-0.0724952,-2.65532
1412,-1,-6,11,-1,0,-1,0,-1,0.0507812,0.538086,0.724121,6,0.75,-2.875,0.63459,-0.0714088,-2.65597
1412,1,7,4,0,2,1,0,-1,0.0507812,0.538086,0.724121,6,0.75,-2.875,0.63459,-0.0714088,-2.65597
1413,-3,-5,9,-4,-2,0,1,-1,0.0507812,0.538086,0.724121,6,0.75,-2.875,0.63459,-0.0714088,-2.65597
1413,-1,-5,15,0,0,-1,1,0,0.0507812,0.538086,0.724121,6,0.75,-2.875,0.63459,-0.0714088,-2.65597
1435,2,30,47,2,1,0,0,-1,0.0493164,0.54541,0.727539,7.75,0.75,-4.6875,0.637569,-0.0697936,-2.65716
1435,-2,-7,-39,1,0,-3,0,-2,0.0493164,0.54541,0.727539,7.75,0.75,-4.6875,0.637569,-0.0697936,-2.65716
1435,-3,-21,-13,-8,-2,-1,0,-2,0.0493164,0.54541,0.727539,7.75,0.75,-4.6875,0.637569,-0.0697936,-2.65716
1435,-3,12,2,4,-2,-1,-1,-1,0.0493164,0.54541,0.727539,7.75,0.75,-4.6875,0.637569,-0.0697936,-2.65716
1457,-1,-13,-4,0,1,0,-1,1,0.0498047,0.544922,0.717285,7.25,-0.25,-4.125,0.640269,-0.0687465,-2.65839
1457,2,21,42,6,0,0,-1,2,0.0498047,0.544922,0.717285,7.25,-0.25,-4.125,0.640269,-0.0687465,-2.65839
1458,-4,-4,-43,-8,-4,-4,0,-2,0.0498047,0.544922,0.717285,7.25,-0.25,-4.125,0.640269,-0.0687465,-2.65839
1458,4,0,-16,1,-1,-2,-3,-2,0.0498047,0.544922,0.717285,7.25,-0.25,-4.125,0.640269,-0.0687465,-2.65839
1472,-2,-16,10,4,-5,-1,-2,-3,0.0463867,0.549316,0.719238,3.3125,-2,-4.0625,0.641823,-0.068079,-2.65998
1472,-1,6,7,-8,0,2,-1,-1,0.0463867,0.549316,0.719238,3.3125,-2,-4.0625,0.641823,-0.068079,-2.65998
1472,1,15,5,-2,0,2,-3,-1,0.0463867,0.549316,0.719238,3.3125,-2,-4.0625,0.641823,-0.068079,-2.65998
1472,-1,-12,-1,-2,1,-1,-1,-1,0.0463867,0.549316,0.719238,3.3125,-2,-4.0625,0.641823,-0.068079,-2.65998
1494,-4,-1,-15,0,0,-1,0,-2,0.0527344,0.542969,0.719727,3.1875,-3,-4.0625,0.643123,-0.0678299,-2.66169
1494,-5,-17,-23,-2,-2,1,1,0,0.0527344,0.542969,0.719727,3.1875,-3,-4.0625,0.643123,-0.0678299,-2.66169
1495,6,13,33,1,1,-2,0,1,0.0527344,0.542969,0.719727,3.1875,-3,-4.0625,0.643123,-0.0678299,-2.66169
1495,-4,-8,-79,-11,-1,0,0,-2,0.0527344,0.542969,0.719727,3.1875,-3,-4.0625,0.643123,-0.0678299,-2.66169
1517,0,9,36,-1,-1,-2,-2,-1,0.0644531,0.543945,0.717285,4.5625,-3.0625,-5.625,0.644952,-0.0675393,-2.66391
1517,-6,-23,3,0,-2,-2,-2,-2,0.0644531,0.543945,0.717285,4.5625,-3.0625,-5.625,0.644952,-0.0675393,-2.66391
1518,-2,16,11,-2,-1,-1,-1,0,0.0644531,0.543945,0.717285,4.5625,-3.0625,-5.625,0.644952,-0.0675393,-2.66391
1518,1,-22,-2,2,-2,1,-1,-1,0.0644531,0.543945,0.717285,4.5625,-3.0625,-5.625,0.644952,-0.0675393,-2.66391
1531,-2,-3,-20,-4,1,-1,-3,-2,0.0605469,0.549316,0.719238,3.8125,-3.75,-4.6875,0.646536,-0.0676363,-2.66593
1531,0,6,6,3,-2,-1,0,-3,0.0605469,0.549316,0.719238,3.8125,-3.75,-4.6875,0.646536,-0.0676363,-2.66593
1532,0,2,-11,-6,2,2,1,2,0.0605469,0.549316,0.719238,3.8125,-3.75,-4.6875,0.646536,-0.0676363,-2.66593
1532,3,6,34,6,-2,-1,-1,1,0.0605469,0.549316,0.719238,3.8125,-3.75,-4.6875,0.646536,-0.0676363,-2.66593
1555,-2,16,18,1,0,-1,3,-2,0.0522461,0.536621,0.72168,2.1875,-4.6875,-3.25,0.647322,-0.0679967,-2.66781
1555,-3,-21,-37,-12,-5,-4,-3,-2,0.0522461,0.536621,0.72168,2.1875,-4.6875,-3.25,0.647322,-0.0679967,-2.66781
1555,-6,-5,8,3,-3,-3,-6,-8,0.0522461,0.536621,0.72168,2.1875,-4.6875,-3.25,0.647322,-0.0679967,-2.66781
1555,2,6,15,-4,-2,-1,-3,-2,0.0522461,0.536621,0.72168,2.1875,-4.6875,-3.25,0.647322,-0.0679967,-2.66781
1577,1,2,19,5,-1,0,0,1,0.0478516,0.509277,0.718262,2.5625,-4.875,-3.25,0.647667,-0.0683443,-2.66973
1577,4,19,15,7,2,2,-2,1,0.0478516,0.509277,0.718262,2.5625,-4.875,-3.25,0.647667,-0.0683443,-2.66973
1577,-3,-26,-25,-10,-3,-1,-2,0,0.0478516,0.509277,0.718262,2.5625,-4.875,-3.25,0.647667,-0.0683443,-2.66973
1577,-1,-2,10,3,0,-2,1,1,0.0478516,0.509277,0.718262,2.5625,-4.875,-3.25,0.647667,-0.0683443,-2.66973
1591,0,-1,-36,-4,-1,-1,-3,-2,0.0483398,0.51416,0.713867,5.125,-4.6875,-2.3125,0.649054,-0.0689373,-2.67133
1591,-3,-5,10,-1,-2,-2,3,-1,0.0483398,0.51416,0.713867,5.125,-4.6875,-2.3125,0.649054,-0.0689373,-2.67133
1592,2,16,12,3,-2,1,1,1,0.0483398,0.51416,0.713867,5.125,-4.6875,-2.3125,0.649054,-0.0689373,-2.67133
1592,-1,-12,-2,2,1,1,-2,0,0.0483398,0.51416,0.713867,5.125,-4.6875,-2.3125,0.649054,-0.0689373,-2.67133
1614,-4,-35,-108,-11,-2,0,0,-4,0.0483398,0.533203,0.701172,6.625,-4.75,-0.6875,0.651458,-0.0698184,-2.67243
1614,-5,-20,26,-1,-3,-2,-1,-3,0.0483398,0.533203,0.701172,6.625,-4.75,-0.6875,0.651458,-0.0698184,-2.67243
1615,2,7,35,6,0,0,-1,1,0.0483398,0.533203,0.701172,6.625,-4.75,-0.6875,0.651458,-0.0698184,-2.67243
1615,-3,15,-3,0,1,0,-1,-2,0.0483398,0.533203,0.701172,6.625,-4.75,-0.6875,0.651458,-0.0698184,-2.67243
1637,-1,0,30,4,-1,1,-1,0,0.0625,0.557129,0.706055,4.6875,-5.125,1.75,0.653445,-0.0715497,-2.67309
1637,1,1,-30,1,0,0,-1,-1,0.0625,0.557129,0.706055,4.6875,-5.125,1.75,0.653445,-0.0715497,-2.67309
1638,2,-1,-29,0,-2,-4,-1,0,0.0625,0.557129,0.706055,4.6875,-5.125,1.75,0.653445,-0.0715497,-2.67309
1638,-3,-10,15,-2,-1,-4,-1,-1,0.0625,0.557129,0.706055,4.6875,-5.125,1.75,0.653445,-0.0715497,-2.67309
1660,2,3,-7,-3,-4,0,-3,-1,0.0566406,0.538086,0.718262,2.3125,-5.3125,3.5,0.654062,-0.0735205,-2.67319
1660,2,20,35,-1,2,0,1,0,0.0566406,0.538086,0.718262,2.3125,-5.3125,3.5,0.654062,-0.0735205,-2.67319
1660,-1,-19,-6,-1,-1,-1,-1,0,0.0566406,0.538086,0.718262,2.3125,-5.3125,3.5,0.654062,-0.0735205,-2.67319
1660,-3,4,-22,-2,-3,0,0,-3,0.0566406,0.538086,0.718262,2.3125,-5.3125,3.5,0.654062,-0.0735205,-2.67319
1682,-1,-1,33,-5,-2,-1,-1,-1,0.0693359,0.518555,0.714355,4.625,-5.875,3.6875,0.655082,-0.0759515,-2.67338
1682,3,1,-1,2,-2,0,-1,-1,0.0693359,0.518555,0.714355,4.625,-5.875,3.6875,0.655082,-0.0759515,-2.67338
1682,1,15,15,3,1,1,-1,-1,0.0693359,0.518555,0.714355,4.625,-5.875,3.6875,0.655082,-0.0759515,-2.67338
1682,-3,-24,25,-3,-4,-2,-1,-1,0.0693359,0.518555,0.714355,4.625,-5.875,3.6875,0.655082,-0.0759515,-2.67338
1705,-2,0,-26,6,-2,-1,-2,-1,0.0756836,0.541504,0.702637,5.75,-5.5625,4.125,0.657005,-0.0785618,-2.67332
1705,-1,-3,1,-11,-2,-2,0,1,0.0756836,0.541504,0.702637,5.75,-5.5625,4.125,0.657005,-0.0785618,-2.67332
1705,0,3,-11,-1,-2,1,-1,1,0.0756836,0.541504,0.702637,5.75,-5.5625,4.125,0.657005,-0.0785618,-2.67332
1705,1,6,4,8,3,0,1,0,0.0756836,0.541504,0.702637,5.75,-5.5625,4.125,0.657005,-0.0785618,-2.67332
1712,0,9,28,0,-1,-1,0,-1,0.0678711,0.576172,0.706543,3.25,-5.75,6.6875,0.658786,-0.0814541,-2.67278
1712,1,-17,-14,1,-1,-1,-1,-1,0.0678711,0.576172,0.706543,3.25,-5.75,6.6875,0.658786,-0.0814541,-2.67278
1712,1,-7,-12,1,1,1,1,0,0.0678711,0.576172,0.706543,3.25,-5.75,6.6875,0.658786,-0.0814541,-2.67278
1712,-5,-16,-30,-11,-5,-3,-3,-2,0.0678711,0.576172,0.706543,3.25,-5.75,6.6875,0.658786,-0.0814541,-2.67278
1734,-2,2,6,-4,-3,-3,-1,-1,0.0708008,0.565918,0.711914,-0.875,-6.5,8.3125,0.658617,-0.0847625,-2.67192
1734,1,8,-8,3,2,-1,-2,-1,0.0708008,0.565918,0.711914,-0.875,-6.5,8.3125,0.658617,-0.0847625,-2.67192
1735,1,1,20,1,2,-1,0,-1,0.0708008,0.565918,0.711914,-0.875,-6.5,8.3125,0.658617,-0.0847625,-2.67192
1735,4,9,-2,5,-1,2,2,1,0.0708008,0.565918,0.711914,-0.875,-6.5,8.3125,0.658617,-0.0847625,-2.67192
1758,-3,-11,-9,-8,-1,-1,-1,-2,0.0810547,0.532227,0.70459,-2.875,-6.4375,8.0625,0.657305,-0.0883219,-2.67099
1758,1,10,3,-1,-3,-1,-4,-1,0.0810547,0.532227,0.70459,-2.875,-6.4375,8.0625,0.657305,-0.0883219,-2.67099
1758,-3,-25,-14,-2,-2,0,-1,0,0.0810547,0.532227,0.70459,-2.875,-6.4375,8.0625,0.657305,-0.0883219,-2.67099
1758,-2,-7,-21,-5,-1,1,0,-1,0.0810547,0.532227,0.70459,-2.875,-6.4375,8.0625,0.657305,-0.0883219,-2.67099
1772,-1,-3,2,-4,-3,-1,-1,-1,0.0913086,0.532227,0.712891,-1.0625,-5.6875,8.4375,0.656545,-0.091967,-2.66988
1772,2,8,19,11,0,-2,-1,1,0.0913086,0.532227,0.712891,-1.0625,-5.6875,8.4375,0.656545,-0.091967,-2.66988
1772,-1,18,-4,-15,2,-1,0,-2,0.0913086,0.532227,0.712891,-1.0625,-5.6875,8.4375,0.656545,-0.091967,-2.66988
1772,-3,-8,-32,-18,-6,-2,-1,-1,0.0913086,0.532227,0.712891,-1.0625,-5.6875,8.4375,0.656545,-0.091967,-2.66988
1795,-4,-15,24,4,-2,-2,0,-1,0.0942383,0.55957,0.712891,3.1875,-3.625,8.75,0.657633,-0.0949333,-2.6682
1795,-4,-6,-10,1,-1,0,-1,-2,0.0942383,0.55957,0.712891,3.1875,-3.625,8.75,0.657633,-0.0949333,-2.6682
1795,-1,2,7,3,-2,-3,-1,-2,0.0942383,0.55957,0.712891,3.1875,-3.625,8.75,0.657633,-0.0949333,-2.6682
1795,3,20,45,4,1,-2,-1,1,0.0942383,0.55957,0.712891,3.1875,-3.625,8.75,0.657633,-0.0949333,-2.6682
1818,2,-4,-33,-1,1,1,-1,1,0.0854492,0.57373,0.713379,2.1875,-2.125,8.9375,0.65862,-0.0973583,-2.66617
1818,-1,2,20,-1,-2,1,0,-2,0.0854492,0.57373,0.713379,2.1875,-2.125,8.9375,0.65862,-0.0973583,-2.66617
1819,-1,5,-5,1,0,-1,1,0,0.0854492,0.57373,0.713379,2.1875,-2.125,8.9375,0.65862,-0.0973583,-2.66617
1819,-1,-9,-8,0,-1,-2,-1,-1,0.0854492,0.57373,0.713379,2.1875,-2.125,8.9375,0.65862,-0.0973583,-2.66617
1832,1,7,2,-5,-3,-2,1,1,0.0761719,0.566406,0.711914,-2.6875,-1.6875,9.625,0.657818,-0.0995482,-2.66389
1832,0,5,7,6,6,2,0,1,0.0761719,0.566406,0.711914,-2.6875,-1.6875,9.625,0.657818,-0.0995482,-2.66389
1832,-3,2,-39,-8,-4,0,-1,-3,0.0761719,0.566406,0.711914,-2.6875,-1.6875,9.625,0.657818,-0.0995482,-2.66389
1832,-1,6,-1,1,-1,-1,-2,0,0.0761719,0.566406,0.711914,-2.6875,-1.6875,9.625,0.657818,-0.0995482,-2.66389
1854,-2,8,18,2,-1,-1,-3,-2,0.0834961,0.560059,0.711914,-2.9375,0.125,9.125,0.656715,-0.101239,-2.66127
1854,1,11,-3,-4,-1,-1,-2,0,0.0834961,0.560059,0.711914,-2.9375,0.125,9.125,0.656715,-0.101239,-2.66127
1855,-2,-13,17,3,-3,-2,-1,-1,0.0834961,0.560059,0.711914,-2.9375,0.125,9.125,0.656715,-0.101239,-2.66127
1855,1,3,-11,-4,0,-1,-1,-1,0.0834961,0.560059,0.711914,-2.9375,0.125,9.125,0.656715,-0.101239,-2.66127
1878,-1,-15,-37,-4,1,1,0,-1,0.0908203,0.556641,0.714355,-3.625,0.8125,9,0.655367,-0.102865,-2.65867
1878,-3,-6,37,1,-1,-2,-6,-6,0.0908203,0.556641,0.714355,-3.625,0.8125,9,0.655367,-0.102865,-2.65867
1878,-2,7,7,-7,-3,-2,-3,-2,0.0908203,0.556641,0.714355,-3.625,0.8125,9,0.655367,-0.102865,-2.65867
1878,4,19,-13,0,-1,-1,0,0,0.0908203,0.556641,0.714355,-3.625,0.8125,9,0.655367,-0.102865,-2.65867
1891,0,-19,-14,2,1,-1,-1,0,0.0966797,0.546387,0.723145,-3.125,1.5625,8.4375,0.653909,-0.104345,-2.65599
1891,-1,13,4,2,0,-1,4,0,0.0966797,0.546387,0.723145,-3.125,1.5625,8.4375,0.653909,-0.104345,-2.65599
1899,1,-10,-14,1,-1,-1,-1,1,0.0966797,0.546387,0.723145,-3.125,1.5625,8.4375,0.653909,-0.104345,-2.65599
1899,-6,-38,-23,-4,1,-2,0,-3,0.0966797,0.546387,0.723145,-3.125,1.5625,8.4375,0.653909,-0.104345,-2.65599
1914,1,16,0,-1,-2,-2,0,-1,0.10498,0.525879,0.739746,-0.625,2.0625,8.1875,0.652615,-0.105671,-2.65311
1914,-1,-3,-5,-4,-3,0,2,0,0.10498,0.525879,0.739746,-0.625,2.0625,8.1875,0.652615,-0.105671,-2.65311
1915,2,14,29,6,1,0,-1,1,0.10498,0.525879,0.739746,-0.625,2.0625,8.1875,0.652615,-0.105671,-2.65311
1915,0,16,3,-5,-2,0,0,0,0.10498,0.525879,0.739746,-0.625,2.0625,8.1875,0.652615,-0.105671,-2.65311
1937,-2,-5,19,6,-2,-1,0,0,0.129883,0.541016,0.70166,-0.25,2.5625,5.5625,0.652369,-0.107003,-2.65101
1937,-4,-15,-43,-11,-5,-2,-3,-5,0.129883,0.541016,0.70166,-0.25,2.5625,5.5625,0.652369,-0.107003,-2.65101
1939,2,11,23,-2,-1,0,0,-1,0.129883,0.541016,0.70166,-0.25,2.5625,5.5625,0.652369,-0.107003,-2.65101
1939,-5,-21,-39,-1,-4,-2,-1,-3,0.129883,0.541016,0.70166,-0.25,2.5625,5.5625,0.652369,-0.107003,-2.65101
1959,0,3,-4,0,1,2,0,1,0.126953,0.58252,0.712891,-0.1875,3.9375,5.1875,0.652836,-0.107634,-2.64882
1959,-1,2,8,-3,-3,-1,-1,-1,0.126953,0.58252,0.712891,-0.1875,3.9375,5.1875,0.652836,-0.107634,-2.64882
1961,-1,3,-6,2,4,1,1,1,0.126953,0.58252,0.712891,-0.1875,3.9375,5.1875,0.652836,-0.107634,-2.64882
1961,2,18,32,3,1,3,-1,1,0.126953,0.58252,0.712891,-0.1875,3.9375,5.1875,0.652836,-0.107634,-2.64882
1974,1,16,51,-2,-1,-2,-2,0,0.097168,0.57666,0.724609,-2.125,4.6875,6.875,0.652229,-0.107807,-2.64598
1974,-1,-11,-55,-5,0,-3,0,2,0.097168,0.57666,0.724609,-2.125,4.6875,6.875,0.652229,-0.107807,-2.64598
1975,0,-8,-4,-2,-4,-3,-2,-1,0.097168,0.57666,0.724609,-2.125,4.6875,6.875,0.652229,-0.107807,-2.64598
1975,0,-6,15,0,-1,-2,-3,-1,0.097168,0.57666,0.724609,-2.125,4.6875,6.875,0.652229,-0.107807,-2.64598
1997,0,5,-8,-1,0,-1,0,-1,0.0942383,0.541992,0.713867,-4.4375,4.75,4.8125,0.650393,-0.107348,-2.64358
1997,0,-1,20,-1,-3,-1,-1,0,0.0942383,0.541992,0.713867,-4.4375,4.75,4.8125,0.650393,-0.107348,-2.64358
1998,-6,-19,-12,-8,-7,-4,-4,-4,0.0942383,0.541992,0.713867,-4.4375,4.75,4.8125,0.650393,-0.107348,-2.64358
1998,0,2,20,3,-2,0,-2,-3,0.0942383,0.541992,0.713867,-4.4375,4.75,4.8125,0.650393,-0.107348,-2.64358
2010,0,6,-8,-3,1,1,0,-1,0.0996094,0.531738,0.717773,-3.5625,5.625,3.5625,0.648755,-0.106761,-2.64136
2010,-1,-19,-34,-2,-1,-1,-1,-1,0.0996094,0.531738,0.717773,-3.5625,5.625,3.5625,0.648755,-0.106761,-2.64136
2019,1,4,-2,3,1,0,-2,0,0.0996094,0.531738,0.717773,-3.5625,5.625,3.5625,0.648755,-0.106761,-2.64136
2019,-3,-2,7,-5,-2,-3,0,0,0.0996094,0.531738,0.717773,-3.5625,5.625,3.5625,0.648755,-0.106761,-2.64136
2034,-5,-4,4,-1,-3,-4,-4,-1,0.0917969,0.536133,0.724121,-1.8125,5.5625,3.5625,0.647579,-0.105743,-2.63914
2034,-3,-6,-16,-4,1,0,-1,-1,0.0917969,0.536133,0.724121,-1.8125,5.5625,3.5625,0.647579,-0.105743,-2.63914
2035,1,8,15,6,1,-1,-1,0,0.0917969,0.536133,0.724121,-1.8125,5.5625,3.5625,0.647579,-0.105743,-2.63914
2035,-2,-25,-21,2,0,0,-2,-1,0.0917969,0.536133,0.724121,-1.8125,5.5625,3.5625,0.647579,-0.105743,-2.63914
2057,-2,10,25,-9,-2,-1,-1,-3,0.115234,0.539551,0.72168,-0.75,4.4375,2.625,0.646989,-0.105659,-2.6374
2057,2,1,-4,-4,-2,0,-1,1,0.115234,0.539551,0.72168,-0.75,4.4375,2.625,0.646989,-0.105659,-2.6374
2058,-4,-22,-24,1,-3,0,0,-1,0.115234,0.539551,0.72168,-0.75,4.4375,2.625,0.646989,-0.105659,-2.6374
2058,1,13,-7,-3,-1,-1,0,1,0.115234,0.539551,0.72168,-0.75,4.4375,2.625,0.646989,-0.105659,-2.6374
2080,-3,-11,-34,-4,-5,2,-1,-1,0.102051,0.540527,0.730469,-1.3125,4.625,1.1875,0.64632,-0.104747,-2.63606
2080,0,8,18,1,0,0,-2,0,0.102051,0.540527,0.730469,-1.3125,4.625,1.1875,0.64632,-0.104747,-2.63606
2080,0,11,19,1,3,1,0,-1,0.102051,0.540527,0.730469,-1.3125,4.625,1.1875,0.64632,-0.104747,-2.63606
2080,2,7,3,3,2,1,2,0,0.102051,0.540527,0.730469,-1.3125,4.625,1.1875,0.64632,-0.104747,-2.63606
2095,-3,-18,-24,-7,-2,-1,-2,-2,0.109375,0.52832,0.710449,0.8125,4.3125,1.3125,0.646215,-0.104222,-2.6348
2095,7,22,26,6,-2,0,2,3,0.109375,0.52832,0.710449,0.8125,4.3125,1.3125,0.646215,-0.104222,-2.6348
2095,-8,-11,-34,-9,-4,-2,-3,-2,0.109375,0.52832,0.710449,0.8125,4.3125,1.3125,0.646215,-0.104222,-2.6348
2095,-2,-1,13,3,-1,0,-2,-2,0.109375,0.52832,0.710449,0.8125,4.3125,1.3125,0.646215,-0.104222,-2.6348
2117,2,17,3,1,2,-1,0,-1,0.108887,0.542969,0.727539,5.25,6.375,-1.6875,0.647888,-0.102469,-2.63394
2117,-3,2,5,-1,-2,-1,-1,-3,0.108887,0.542969,0.727539,5.25,6.375,-1.6875,0.647888,-0.102469,-2.63394
2118,2,-1,14,-1,0,-1,0,-1,0.108887,0.542969,0.727539,5.25,6.375,-1.6875,0.647888,-0.102469,-2.63394
2118,-2,1,3,-2,1,0,-1,2,0.108887,0.542969,0.727539,5.25,6.375,-1.6875,0.647888,-0.102469,-2.63394
2131,2,3,0,1,-3,0,0,0,0.0932617,0.548828,0.713379,6,6.5625,-2.125,0.650056,-0.100288,-2.63316
2131,-5,-13,-13,-3,-3,-3,-2,0,0.0932617,0.548828,0.713379,6,6.5625,-2.125,0.650056,-0.100288,-2.63316
2139,-2,-2,-8,1,-1,-1,-1,-1,0.0932617,0.548828,0.713379,6,6.5625,-2.125,0.650056,-0.100288,-2.63316
2139,-2,11,15,-2,0,-3,-2,-1,0.0932617,0.548828,0.713379,6,6.5625,-2.125,0.650056,-0.100288,-2.63316
2155,1,-7,9,6,2,-1,1,-1,0.0800781,0.572266,0.70752,5,5.875,-2.8125,0.652415,-0.0977994,-2.63263
2155,0,0,15,-3,0,1,-2,-1,0.0800781,0.572266,0.70752,5,5.875,-2.8125,0.652415,-0.0977994,-2.63263
2155,1,-4,-35,-8,-4,1,0,-1,0.0800781,0.572266,0.70752,5,5.875,-2.8125,0.652415,-0.0977994,-2.63263
2155,-2,-9,-33,-3,-4,-2,-2,-3,0.0800781,0.572266,0.70752,5,5.875,-2.8125,0.652415,-0.0977994,-2.63263
2177,0,-10,-10,2,-2,0,-1,-1,0.0708008,0.569336,0.709961,2.1875,5.8125,-4.1875,0.653659,-0.094964,-2.63263
2177,0,10,28,-1,0,-2,0,0,0.0708008,0.569336,0.709961,2.1875,5.8125,-4.1875,0.653659,-0.094964,-2.63263
2178,0,-8,5,-1,-3,-2,-1,-2,0.0708008,0.569336,0.709961,2.1875,5.8125,-4.1875,0.653659,-0.094964,-2.63263
2178,1,8,-1,3,0,-1,0,0,0.0708008,0.569336,0.709961,2.1875,5.8125,-4.1875,0.653659,-0.094964,-2.63263
2200,-1,-9,-24,-5,-2,0,-1,-1,0.0556641,0.558105,0.708984,-0.4375,4.5625,-3.6875,0.653784,-0.0922071,-2.63262
2200,-3,-6,14,1,0,0,-2,-1,0.0556641,0.558105,0.708984,-0.4375,4.5625,-3.6875,0.653784,-0.0922071,-2.63262
2201,0,9,27,5,-2,2,-1,1,0.0556641,0.558105,0.708984,-0.4375,4.5625,-3.6875,0.653784,-0.0922071,-2.63262
2201,-1,0,-8,-7,-1,-2,-2,-2,0.0556641,0.558105,0.708984,-0.4375,4.5625,-3.6875,0.653784,-0.0922071,-2.63262
2214,1,4,1,3,1,-3,0,-1,0.0537109,0.551758,0.712402,0.3125,3.3125,-4.375,0.653977,-0.089694,-2.63312
2214,-2,-1,-11,-5,0,0,1,-1,0.0537109,0.551758,0.712402,0.3125,3.3125,-4.375,0.653977,-0.089694,-2.63312
2215,0,-2,11,-1,1,-3,-1,0,0.0537109,0.551758,0.712402,0.3125,3.3125,-4.375,0.653977,-0.089694,-2.63312
2215,2,5,37,4,0,-1,-1,0,0.0537109,0.551758,0.712402,0.3125,3.3125,-4.375,0.653977,-0.089694,-2.63312
2238,-3,-17,-48,-8,-3,1,-2,-2,0.0654297,0.540039,0.714355,2.4375,2.5,-5.125,0.654889,-0.0875157,-2.634
2238,-3,-5,1,-4,-3,3,-2,-2,0.0654297,0.540039,0.714355,2.4375,2.5,-5.125,0.654889,-0.0875157,-2.634
2239,-2,1,-2,-1,-1,-1,1,0,0.0654297,0.540039,0.714355,2.4375,2.5,-5.125,0.654889,-0.0875157,-2.634
2239,1,7,8,0,-1,0,0,-1,0.0654297,0.540039,0.714355,2.4375,2.5,-5.125,0.654889,-0.0875157,-2.634
2260,0,5,27,3,0,-3,-3,0,0.059082,0.541504,0.701172,3.4375,1.25,-6.4375,0.65613,-0.0854552,-2.63555
2260,2,7,-3,1,-2,-6,0,0,0.059082,0.541504,0.701172,3.4375,1.25,-6.4375,0.65613,-0.0854552,-2.63555
2260,-5,-10,-37,-5,-4,-2,-2,-1,0.059082,0.541504,0.701172,3.4375,1.25,-6.4375,0.65613,-0.0854552,-2.63555
2260,-3,-20,-5,-1,-1,2,-2,0,0.059082,0.541504,0.701172,3.4375,1.25,-6.4375,0.65613,-0.0854552,-2.63555
2274,-3,-6,11,0,-1,-1,-2,-2,0.0605469,0.556152,0.692383,2.9375,-0.25,-6.4375,0.657787,-0.0837766,-2.63745
2274,0,-8,-16,-1,1,0,-1,0,0.0605469,0.556152,0.692383,2.9375,-0.25,-6.4375,0.657787,-0.0837766,-2.63745
2275,2,14,7,2,1,0,-2,1,0.0605469,0.556152,0.692383,2.9375,-0.25,-6.4375,0.657787,-0.0837766,-2.63745
2275,-2,8,11,-4,0,-1,0,-1,0.0605469,0.556152,0.692383,2.9375,-0.25,-6.4375,0.657787,-0.0837766,-2.63745
2297,-1,2,13,1,-2,-3,0,-1,0.0507812,0.555176,0.697754,1,-2.375,-4.9375,0.658585,-0.0827997,-2.6393
2297,0,2,-50,-1,-2,1,0,1,0.0507812,0.555176,0.697754,1,-2.375,-4.9375,0.658585,-0.0827997,-2.6393
2298,-1,-15,52,-1,-2,-2,0,-4,0.0507812,0.555176,0.697754,1,-2.375,-4.9375,0.658585,-0.0827997,-2.6393
2298,1,5,18,2,1,-1,-1,-1,0.0507812,0.555176,0.697754,1,-2.375,-4.9375,0.658585,-0.0827997,-2.6393
2320,-1,5,-23,-1,-2,1,0,0,0.0576172,0.549805,0.703613,-0.25,-4.9375,-4.125,0.658873,-0.0829081,-2.6415
2320,0,-9,7,-1,-2,-2,1,-1,0.0576172,0.549805,0.703613,-0.25,-4.9375,-4.125,0.658873,-0.0829081,-2.6415
2321,-1,12,-7,4,0,0,-1,0,0.0576172,0.549805,0.703613,-0.25,-4.9375,-4.125,0.658873,-0.0829081,-2.6415
2321,-3,-10,-31,-5,-5,-2,-2,-2,0.0576172,0.549805,0.703613,-0.25,-4.9375,-4.125,0.658873,-0.0829081,-2.6415
2334,-3,2,28,1,3,-1,1,0,0.0673828,0.536133,0.680664,-3.9375,-8.25,-3.875,0.657901,-0.084165,-2.64436
2334,-1,-1,4,1,1,1,-1,-2,0.0673828,0.536133,0.680664,-3.9375,-8.25,-3.875,0.657901,-0.084165,-2.64436
2334,0,2,-3,0,-2,0,-2,-2,0.0673828,0.536133,0.680664,-3.9375,-8.25,-3.875,0.657901,-0.084165,-2.64436
2334,-2,-7,14,-4,-3,-3,-1,-1,0.0673828,0.536133,0.680664,-3.9375,-8.25,-3.875,0.657901,-0.084165,-2.64436
2358,0,-3,-12,-2,-2,0,-2,0,0.078125,0.544434,0.688477,-4.875,-10,-1.4375,0.65666,-0.0866743,-2.64686
2358,-2,3,8,0,-2,-1,0,-1,0.078125,0.544434,0.688477,-4.875,-10,-1.4375,0.65666,-0.0866743,-2.64686
2358,2,-9,4,1,2,0,1,1,0.078125,0.544434,0.688477,-4.875,-10,-1.4375,0.65666,-0.0866743,-2.64686
2358,2,17,-32,-3,0,-1,0,0,0.078125,0.544434,0.688477,-4.875,-10,-1.4375,0.65666,-0.0866743,-2.64686
2380,-3,-19,34,1,-2,-2,0,-2,0.0727539,0.522461,0.711426,-2.8125,-11.6875,1.0625,0.655376,-0.0899839,-2.64892
2380,-4,-28,-41,-5,-1,-1,-2,-2,0.0727539,0.522461,0.711426,-2.8125,-11.6875,1.0625,0.655376,-0.0899839,-2.64892
2381,2,13,13,-1,0,0,-1,0,0.0727539,0.522461,0.711426,-2.8125,-11.6875,1.0625,0.655376,-0.0899839,-2.64892
2381,0,6,24,1,1,0,0,0,0.0727539,0.522461,0.711426,-2.8125,-11.6875,1.0625,0.655376,-0.0899839,-2.64892
2402,-2,-15,0,0,0,0,0,-2,0.0883789,0.510254,0.708008,-0.4375,-12.25,0.5,0.65483,-0.0936259,-2.65136
2402,-3,-1,9,-4,-3,-1,-1,-1,0.0883789,0.510254,0.708008,-0.4375,-12.25,0.5,0.65483,-0.0936259,-2.65136
2403,-1,0,-21,-5,-2,-3,-1,-3,0.0883789,0.510254,0.708008,-0.4375,-12.25,0.5,0.65483,-0.0936259,-2.65136
2403,1,6,36,5,0,1,0,-2,0.0883789,0.510254,0.708008,-0.4375,-12.25,0.5,0.65483,-0.0936259,-2.65136
2425,2,13,-49,-7,0,1,1,1,0.0986328,0.518555,0.719238,3.75,-11.4375,2.125,0.655723,-0.0975931,-2.65322
2425,-3,-13,3,0,-2,-1,-2,-3,0.0986328,0.518555,0.719238,3.75,-11.4375,2.125,0.655723,-0.0975931,-2.65322
2426,-1,-3,0,1,1,-1,-3,-2,0.0986328,0.518555,0.719238,3.75,-11.4375,2.125,0.655723,-0.0975931,-2.65322
2426,-1,7,-7,-1,-3,-3,-1,0,0.0986328,0.518555,0.719238,3.75,-11.4375,2.125,0.655723,-0.0975931,-2.65322
2440,2,15,44,2,0,0,-2,0,0.0991211,0.52832,0.717285,5.625,-11.9375,3.8125,0.657336,-0.101874,-2.65468
2440,-1,-2,-12,2,0,-2,0,0,0.0991211,0.52832,0.717285,5.625,-11.9375,3.8125,0.657336,-0.101874,-2.65468
2440,-5,-14,-13,-4,-6,-2,-3,-3,0.0991211,0.52832,0.717285,5.625,-11.9375,3.8125,0.657336,-0.101874,-2.65468
2440,1,0,19,2,-2,-2,0,0,0.0991211,0.52832,0.717285,5.625,-11.9375,3.8125,0.657336,-0.101874,-2.65468
2454,3,-6,-2,5,1,-1,-2,0,0.109375,0.54541,0.715332,6.0625,-11.25,3.5625,0.659404,-0.106063,-2.65601
2454,1,18,-5,-5,-1,-3,-2,-2,0.109375,0.54541,0.715332,6.0625,-11.25,3.5625,0.659404,-0.106063,-2.65601
2455,-2,-3,-21,-4,0,-1,0,1,0.109375,0.54541,0.715332,6.0625,-11.25,3.5625,0.659404,-0.106063,-2.65601
2455,-1,-7,-2,-1,-3,0,-1,-1,0.109375,0.54541,0.715332,6.0625,-11.25,3.5625,0.659404,-0.106063,-2.65601
2493,-1,8,2,-1,-1,-1,-2,1,0.121094,0.549316,0.722656,6.3125,-8.625,7,0.661337,-0.110448,-2.65593
2493,0,-11,-11,-1,-1,1,2,1,0.121094,0.549316,0.722656,6.3125,-8.625,7,0.661337,-0.110448,-2.65593
2493,2,11,8,5,3,0,0,0,0.121094,0.549316,0.722656,6.3125,-8.625,7,0.661337,-0.110448,-2.65593
2493,-2,-2,11,-6,-1,0,-2,-2,0.121094,0.549316,0.722656,6.3125,-8.625,7,0.661337,-0.110448,-2.65593
2500,-3,-5,-28,-5,1,0,-2,-3,0.0961914,0.562012,0.723145,4.25,-7.0625,6.5625,0.66276,-0.113599,-2.65558
2500,-1,2,32,4,1,2,-2,-1,0.0961914,0.562012,0.723145,4.25,-7.0625,6.5625,0.66276,-0.113599,-2.65558
2516,-1,16,-16,1,-1,-2,-2,-2,0.0961914,0.562012,0.723145,4.25,-7.0625,6.5625,0.66276,-0.113599,-2.65558
2516,-5,-3,-37,-4,-1,-1,0,0,0.0961914,0.562012,0.723145,4.25,-7.0625,6.5625,0.66276,-0.113599,-2.65558
2517,-2,-8,21,-4,-6,-2,-1,0,0.0996094,0.569336,0.723145,-0.6875,-6.4375,8.0625,0.662554,-0.116917,-2.65466
2517,-1,3,1,-1,-1,-1,0,0,0.0996094,0.569336,0.723145,-0.6875,-6.4375,8.0625,0.662554,-0.116917,-2.65466
2517,0,-7,7,-2,-2,0,0,0,0.0996094,0.569336,0.723145,-0.6875,-6.4375,8.0625,0.662554,-0.116917,-2.65466
2517,0,-14,-12,2,0,0,-2,-1,0.0996094,0.569336,0.723145,-0.6875,-6.4375,8.0625,0.662554,-0.116917,-2.65466
2538,-1,17,-2,2,2,-1,-1,-2,0.120117,0.550293,0.719238,-0.625,-3.875,5.6875,0.661991,-0.119428,-2.65388
2538,1,-4,-23,-1,-1,0,-2,0,0.120117,0.550293,0.719238,-0.625,-3.875,5.6875,0.661991,-0.119428,-2.65388
2538,0,3,42,-2,-3,0,-1,-1,0.120117,0.550293,0.719238,-0.625,-3.875,5.6875,0.661991,-0.119428,-2.65388
2538,0,-9,-27,-1,-3,-2,-1,0,0.120117,0.550293,0.719238,-0.625,-3.875,5.6875,0.661991,-0.119428,-2.65388
2560,1,-4,-16,-3,1,1,-2,-1,0.0927734,0.538574,0.724121,3.8125,-0.3125,8.875,0.662505,-0.12097,-2.65143
2560,1,4,16,1,2,0,-1,0,0.0927734,0.538574,0.724121,3.8125,-0.3125,8.875,0.662505,-0.12097,-2.65143
2560,1,7,21,3,-1,0,-1,2,0.0927734,0.538574,0.724121,3.8125,-0.3125,8.875,0.662505,-0.12097,-2.65143
2560,0,-10,-26,-3,0,-1,1,-2,0.0927734,0.538574,0.724121,3.8125,-0.3125,8.875,0.662505,-0.12097,-2.65143
2574,-3,1,1,-2,-1,0,1,0,0.0820312,0.567383,0.724609,5.6875,2.8125,8.1875,0.664142,-0.121249,-2.64858
2574,0,0,-5,-3,-1,-2,-1,0,0.0820312,0.567383,0.724609,5.6875,2.8125,8.1875,0.664142,-0.121249,-2.64858
2582,1,12,15,0,-1,-2,0,1,0.0820312,0.567383,0.724609,5.6875,2.8125,8.1875,0.664142,-0.121249,-2.64858
2582,-5,3,-19,-4,-3,-2,-3,-2,0.0820312,0.567383,0.724609,5.6875,2.8125,8.1875,0.664142,-0.121249,-2.64858
2597,-3,-25,-1,1,-3,-1,-2,-2,0.0834961,0.583496,0.714355,3.9375,4.75,9.6875,0.665538,-0.121345,-2.6449
2597,-4,15,9,-1,-2,-1,-1,-2,0.0834961,0.583496,0.714355,3.9375,4.75,9.6875,0.665538,-0.121345,-2.6449
2598,-1,-12,-26,-6,0,0,1,0,0.0834961,0.583496,0.714355,3.9375,4.75,9.6875,0.665538,-0.121345,-2.6449
2598,2,6,36,3,0,-1,-1,0,0.0834961,0.583496,0.714355,3.9375,4.75,9.6875,0.665538,-0.121345,-2.6449
2620,-3,5,10,0,-2,-1,0,-3,0.101074,0.570801,0.707031,3.5,6,10.875,0.666483,-0.121821,-2.6406
2620,1,13,5,0,-3,-3,-3,0,0.101074,0.570801,0.707031,3.5,6,10.875,0.666483,-0.121821,-2.6406
2620,1,-19,-21,-1,2,-3,-2,-1,0.101074,0.570801,0.707031,3.5,6,10.875,0.666483,-0.121821,-2.6406
2620,1,8,17,4,0,2,-2,0,0.101074,0.570801,0.707031,3.5,6,10.875,0.666483,-0.121821,-2.6406
2634,-3,-26,-78,-9,-3,-2,-1,0,0.120117,0.552734,0.711426,4.0625,8.125,9.625,0.667273,-0.121902,-2.63621
2634,-4,-16,20,0,-1,-1,-2,-2,0.120117,0.552734,0.711426,4.0625,8.125,9.625,0.667273,-0.121902,-2.63621
2642,-3,-4,-23,-2,-1,1,0,0,0.112305,0.553223,0.708496,4.6875,9.25,10.375,0.66813,-0.121669,-2.63122
2642,0,1,-2,-1,-3,-3,0,-1,0.112305,0.553223,0.708496,4.6875,9.25,10.375,0.66813,-0.121669,-2.63122
2665,1,13,17,0,1,0,0,0,0.112305,0.553223,0.708496,4.6875,9.25,10.375,0.66813,-0.121669,-2.63122
2665,0,0,-2,4,1,0,1,0,0.112305,0.553223,0.708496,4.6875,9.25,10.375,0.66813,-0.121669,-2.63122
2666,-3,-20,-2,-9,-6,-2,-1,-1,0.12207,0.563965,0.711426,5.375,9.5625,9.875,0.669574,-0.121418,-2.62645
2666,0,10,-2,-4,0,1,-1,0,0.12207,0.563965,0.711426,5.375,9.5625,9.875,0.669574,-0.121418,-2.62645
2680,0,6,5,1,0,-3,-2,-1,0.12207,0.563965,0.711426,5.375,9.5625,9.875,0.669574,-0.121418,-2.62645
2680,-1,-10,-3,-1,-1,0,-1,0,0.12207,0.563965,0.711426,5.375,9.5625,9.875,0.669574,-0.121418,-2.62645
2681,0,5,16,4,1,-1,-7,-2,0.132812,0.554688,0.702148,3.1875,9.1875,8,0.670134,-0.121258,-2.62216
2681,2,6,12,2,1,2,13,-1,0.132812,0.554688,0.702148,3.1875,9.1875,8,0.670134,-0.121258,-2.62216
2694,0,4,-6,-4,0,-2,-1,0,0.132812,0.554688,0.702148,3.1875,9.1875,8,0.670134,-0.121258,-2.62216
2694,-1,-8,0,-2,0,-2,-2,-2,0.132812,0.554688,0.702148,3.1875,9.1875,8,0.670134,-0.121258,-2.62216
2702,-1,5,-8,0,-1,0,0,0,0.139648,0.572754,0.704102,1.25,9.375,6.6875,0.670374,-0.12087,-2.61829
2702,-1,-9,-13,-1,-1,-1,-5,-1,0.139648,0.572754,0.704102,1.25,9.375,6.6875,0.670374,-0.12087,-2.61829
2725,0,20,44,2,1,-1,0,1,0.139648,0.572754,0.704102,1.25,9.375,6.6875,0.670374,-0.12087,-2.61829
2725,-1,-8,-5,-4,-3,-3,-1,-3,0.139648,0.572754,0.704102,1.25,9.375,6.6875,0.670374,-0.12087,-2.61829
2726,-3,-9,-48,-5,0,-1,-1,-1,0.132812,0.581543,0.703125,2.1875,9.875,6.5625,0.671088,-0.120104,-2.61434
2726,-2,-12,-6,-3,-1,-1,-3,-1,0.132812,0.581543,0.703125,2.1875,9.875,6.5625,0.671088,-0.120104,-2.61434
2740,-1,-3,8,2,-1,-1,1,-1,0.132812,0.581543,0.703125,2.1875,9.875,6.5625,0.671088,-0.120104,-2.61434
2740,0,18,21,2,0,-2,-1,-2,0.132812,0.581543,0.703125,2.1875,9.875,6.5625,0.671088,-0.120104,-2.61434
2741,-2,0,6,1,0,-1,0,0,0.128906,0.581055,0.692383,1.4375,10.4375,4.8125,0.671786,-0.118915,-2.61083
2741,0,-3,-16,-4,0,-2,-3,-1,0.128906,0.581055,0.692383,1.4375,10.4375,4.8125,0.671786,-0.118915,-2.61083
2754,3,-4,6,2,2,1,0,0,0.128906,0.581055,0.692383,1.4375,10.4375,4.8125,0.671786,-0.118915,-2.61083
2754,-4,-34,-52,-9,-4,-2,-2,-1,0.128906,0.581055,0.692383,1.4375,10.4375,4.8125,0.671786,-0.118915,-2.61083
2770,0,-5,-32,-1,-1,0,0,-1,0.111328,0.578125,0.70166,1.25,11.3125,2.1875,0.672261,-0.116411,-2.60781
2770,-2,4,13,3,0,0,-1,-1,0.111328,0.578125,0.70166,1.25,11.3125,2.1875,0.672261,-0.116411,-2.60781
2778,0,7,11,0,-4,-3,-5,-2,0.111328,0.578125,0.70166,1.25,11.3125,2.1875,0.672261,-0.116411,-2.60781
2778,0,10,-2,1,0,1,10,-1,0.111328,0.578125,0.70166,1.25,11.3125,2.1875,0.672261,-0.116411,-2.60781
2779,-1,-1,20,-2,-3,0,1,-2,0.0961914,0.574707,0.703125,1.9375,11.625,0.1875,0.672813,-0.113002,-2.60511
2779,-2,-13,-10,3,2,-3,-1,-1,0.0961914,0.574707,0.703125,1.9375,11.625,0.1875,0.672813,-0.113002,-2.60511
2807,-1,4,-17,-6,-2,-2,-3,-2,0.0961914,0.574707,0.703125,1.9375,11.625,0.1875,0.672813,-0.113002,-2.60511
2807,1,18,13,0,0,-1,-4,-2,0.0961914,0.574707,0.703125,1.9375,11.625,0.1875,0.672813,-0.113002,-2.60511
2809,-4,-15,-37,-1,1,1,-1,-1,0.0717773,0.572754,0.70459,3,11.5,-0.5625,0.673936,-0.109083,-2.60286
2809,0,4,19,-1,-2,-3,-1,0,0.0717773,0.572754,0.70459,3,11.5,-0.5625,0.673936,-0.109083,-2.60286
2813,1,0,3,2,1,0,-1,0,0.0717773,0.572754,0.70459,3,11.5,-0.5625,0.673936,-0.109083,-2.60286
2813,0,-1,5,3,-1,-1,5,8,0.0717773,0.572754,0.70459,3,11.5,-0.5625,0.673936,-0.109083,-2.60286
2822,-1,-9,10,-1,-2,-6,-3,-3,0.0639648,0.566895,0.692383,0.375,9.1875,-0.4375,0.674054,-0.105806,-2.60093
2822,-2,-2,12,0,-1,0,-3,-2,0.0639648,0.566895,0.692383,0.375,9.1875,-0.4375,0.674054,-0.105806,-2.60093
2837,2,2,-32,-3,1,0,0,0,0.0639648,0.566895,0.692383,0.375,9.1875,-0.4375,0.674054,-0.105806,-2.60093
2837,0,20,42,3,2,1,-2,1,0.0639648,0.566895,0.692383,0.375,9.1875,-0.4375,0.674054,-0.105806,-2.60093
2839,-4,-10,-10,-5,-2,0,0,-2,0.0854492,0.586426,0.686035,-2,7.1875,-1.6875,0.673969,-0.103204,-2.59993
2839,-2,-9,-6,2,0,1,0,1,0.0854492,0.586426,0.686035,-2,7.1875,-1.6875,0.673969,-0.103204,-2.59993
2860,-3,-5,5,1,-3,-2,1,2,0.0854492,0.586426,0.686035,-2,7.1875,-1.6875,0.673969,-0.103204,-2.59993
2860,0,0,10,2,-1,-2,-2,-3,0.0854492,0.586426,0.686035,-2,7.1875,-1.6875,0.673969,-0.103204,-2.59993
2862,-2,6,6,-2,-5,-1,-1,1,0.100586,0.594238,0.701172,-3.4375,7.25,-3.8125,0.67346,-0.100552,-2.59944
2862,-1,-3,-6,-5,-3,-3,-4,-5,0.100586,0.594238,0.701172,-3.4375,7.25,-3.8125,0.67346,-0.100552,-2.59944
2882,-1,-8,-22,-2,-2,-1,0,-4,0.100586,0.594238,0.701172,-3.4375,7.25,-3.8125,0.67346,-0.100552,-2.59944
2882,-8,-43,-13,-9,-4,-2,-6,-5,0.100586,0.594238,0.701172,-3.4375,7.25,-3.8125,0.67346,-0.100552,-2.59944
2884,1,4,24,1,0,0,-5,0,0.0888672,0.565918,0.705078,-3.125,8.25,-1.125,0.672275,-0.0981058,-2.59783
2884,2,0,5,1,-1,1,10,1,0.0888672,0.565918,0.705078,-3.125,8.25,-1.125,0.672275,-0.0981058,-2.59783
2897,-2,-2,-33,-5,-1,-1,1,-2,0.0888672,0.565918,0.705078,-3.125,8.25,-1.125,0.672275,-0.0981058,-2.59783
2897,4,-8,1,2,-1,-2,-1,-2,0.0888672,0.565918,0.705078,-3.125,8.25,-1.125,0.672275,-0.0981058,-2.59783
2899,3,3,-28,-5,-2,0,-1,2,0.0883789,0.535645,0.691406,-1.625,9.5,-1.1875,0.671337,-0.0953987,-2.59606
2899,0,12,44,2,-2,-1,-3,0,0.0883789,0.535645,0.691406,-1.625,9.5,-1.1875,0.671337,-0.0953987,-2.59606
2920,-6,-32,-45,-8,-3,0,-2,-4,0.0883789,0.535645,0.691406,-1.625,9.5,-1.1875,0.671337,-0.0953987,-2.59606
2920,2,17,11,4,3,1,3,-1,0.0883789,0.535645,0.691406,-1.625,9.5,-1.1875,0.671337,-0.0953987,-2.59606
2922,-3,-6,21,2,-1,-2,0,-2,0.101562,0.556152,0.708008,-1.0625,10.125,-1.0625,0.670623,-0.0928081,-2.5941
2922,2,7,-8,0,0,-2,-2,-1,0.101562,0.556152,0.708008,-1.0625,10.125,-1.0625,0.670623,-0.0928081,-2.5941
2934,1,8,24,-1,-3,-1,-1,-1,0.101562,0.556152,0.708008,-1.0625,10.125,-1.0625,0.670623,-0.0928081,-2.5941
2934,0,-5,-20,-2,-1,1,-5,-2,0.101562,0.556152,0.708008,-1.0625,10.125,-1.0625,0.670623,-0.0928081,-2.5941
2943,1,4,7,-2,-2,-2,-1,1,0.0942383,0.567871,0.726562,-2.6875,11.625,-0.8125,0.669405,-0.0897872,-2.59185
2943,-1,-8,-18,-4,0,-1,-2,-1,0.0942383,0.567871,0.726562,-2.6875,11.625,-0.8125,0.669405,-0.0897872,-2.59185
2957,-2,-2,29,2,1,-1,-1,-1,0.0942383,0.567871,0.726562,-2.6875,11.625,-0.8125,0.669405,-0.0897872,-2.59185
2957,2,3,-13,-1,0,1,-3,0,0.0942383,0.567871,0.726562,-2.6875,11.625,-0.8125,0.669405,-0.0897872,-2.59185
2959,1,13,34,2,-1,1,0,-1,0.0766602,0.544434,0.728516,-6.4375,12.375,1.25,0.666242,-0.0865978,-2.58878
2959,-3,5,-16,-3,-2,-2,-1,-3,0.0766602,0.544434,0.728516,-6.4375,12.375,1.25,0.666242,-0.0865978,-2.58878
2980,1,2,11,1,-4,-1,-2,-1,0.0766602,0.544434,0.728516,-6.4375,12.375,1.25,0.666242,-0.0865978,-2.58878
2980,0,10,-2,1,2,-1,-1,0,0.0766602,0.544434,0.728516,-6.4375,12.375,1.25,0.666242,-0.0865978,-2.58878
2982,1,-8,-5,1,3,0,1,-1,0.090332,0.508301,0.724121,-1,13.1875,1,0.664547,-0.0835056,-2.5855
2982,-4,0,-5,-3,-2,-2,-2,-3,0.090332,0.508301,0.724121,-1,13.1875,1,0.664547,-0.0835056,-2.5855
2994,2,13,12,2,1,-1,2,2,0.090332,0.508301,0.724121,-1,13.1875,1,0.664547,-0.0835056,-2.5855
2994,-5,-1,-5,-4,-4,-3,-10,-12,0.090332,0.508301,0.724121,-1,13.1875,1,0.664547,-0.0835056,-2.5855
3003,0,5,4,2,0,-1,1,-3,0.090332,0.555176,0.705566,-0.3125,14.4375,-0.25,0.664223,-0.0799401,-2.58246
3003,-1,-15,-17,-3,-2,-2,-2,0,0.090332,0.555176,0.705566,-0.3125,14.4375,-0.25,0.664223,-0.0799401,-2.58246
3018,0,4,16,0,-2,-1,-4,0,0.090332,0.555176,0.705566,-0.3125,14.4375,-0.25,0.664223,-0.0799401,-2.58246
3018,0,-5,-12,-7,-2,-2,1,2,0.090332,0.555176,0.705566,-0.3125,14.4375,-0.25,0.664223,-0.0799401,-2.58246
3019,-4,-1,-9,-1,0,2,12,1,0.0825195,0.60498,0.71582,-2.5625,16.0625,-0.25,0.663928,-0.0758336,-2.57904
3019,2,0,1,1,1,0,-4,0,0.0825195,0.60498,0.71582,-2.5625,16.0625,-0.25,0.663928,-0.0758336,-2.57904
3048,0,11,9,-1,1,-1,1,0,0.0825195,0.60498,0.71582,-2.5625,16.0625,-0.25,0.663928,-0.0758336,-2.57904
3048,-2,-15,15,0,0,-3,1,0,0.0825195,0.60498,0.71582,-2.5625,16.0625,-0.25,0.663928,-0.0758336,-2.57904
3049,-3,-8,-39,-5,-1,1,-3,-3,0.0654297,0.599609,0.702148,-6.5,18,0.4375,0.662447,-0.071004,-2.57519
3049,-4,-18,-11,-2,-5,-1,-2,1,0.0654297,0.599609,0.702148,-6.5,18,0.4375,0.662447,-0.071004,-2.57519
3054,-1,-8,-10,-8,-3,0,0,0,0.0654297,0.599609,0.702148,-6.5,18,0.4375,0.662447,-0.071004,-2.57519
3054,3,8,-8,1,3,2,0,2,0.0654297,0.599609,0.702148,-6.5,18,0.4375,0.662447,-0.071004,-2.57519
3070,2,8,23,2,2,1,-2,1,0.0390625,0.590332,0.695312,-12.875,18.5,1.5,0.658702,-0.0656479,-2.57079
3070,-5,-14,-9,0,2,0,1,0,0.0390625,0.590332,0.695312,-12.875,18.5,1.5,0.658702,-0.0656479,-2.57079
3077,-1,-2,-6,-2,-4,-5,-5,-3,0.0390625,0.590332,0.695312,-12.875,18.5,1.5,0.658702,-0.0656479,-2.57079
3077,0,2,10,-2,-2,-3,-3,0,0.0390625,0.590332,0.695312,-12.875,18.5,1.5,0.658702,-0.0656479,-2.57079
3084,-2,9,-5,-2,-4,-5,1,-2,0.0126953,0.558105,0.678223,-23.5,15.4375,4.875,0.65092,-0.0613695,-2.56625
3084,3,5,-29,-1,0,0,0,1,0.0126953,0.558105,0.678223,-23.5,15.4375,4.875,0.65092,-0.0613695,-2.56625
3099,-1,4,66,6,1,1,5,5,0.0126953,0.558105,0.678223,-23.5,15.4375,4.875,0.65092,-0.0613695,-2.56625
3099,-4,0,-36,-7,-4,-2,-14,-9,0.0126953,0.558105,0.678223,-23.5,15.4375,4.875,0.65092,-0.0613695,-2.56625
3102,-2,-12,-18,-2,-2,0,5,0,0.0229492,0.555176,0.692871,-25.625,14.8125,7.375,0.642511,-0.0581541,-2.56109
3102,0,6,-5,-2,-1,-2,-2,-1,0.0229492,0.555176,0.692871,-25.625,14.8125,7.375,0.642511,-0.0581541,-2.56109
3122,0,-11,-9,1,2,1,-1,-2,0.0229492,0.555176,0.692871,-25.625,14.8125,7.375,0.642511,-0.0581541,-2.56109
3122,0,9,25,6,-2,-1,2,3,0.0229492,0.555176,0.692871,-25.625,14.8125,7.375,0.642511,-0.0581541,-2.56109
3124,0,8,9,-6,-2,-1,-6,-2,0.0117188,0.527832,0.727539,-22.5625,14.4375,9.375,0.634116,-0.0550638,-2.55543
3124,3,10,14,-1,1,-1,-1,-3,0.0117188,0.527832,0.727539,-22.5625,14.4375,9.375,0.634116,-0.0550638,-2.55543
3137,-4,-12,-12,0,-1,-1,-1,-4,0.0117188,0.527832,0.727539,-22.5625,14.4375,9.375,0.634116,-0.0550638,-2.55543
3137,-3,-7,-6,-3,-1,-1,0,1,0.0117188,0.527832,0.727539,-22.5625,14.4375,9.375,0.634116,-0.0550638,-2.55543
3144,-1,-7,3,1,-3,-1,-2,-1,0.0996094,0.527344,0.678711,-16.5,12.1875,14.1875,0.628685,-0.0558235,-2.54886
3144,3,13,25,3,-2,0,0,1,0.0996094,0.527344,0.678711,-16.5,12.1875,14.1875,0.628685,-0.0558235,-2.54886
3159,1,10,-10,1,-1,-1,1,0,0.0996094,0.527344,0.678711,-16.5,12.1875,14.1875,0.628685,-0.0558235,-2.54886
3159,0,-2,-11,-2,0,0,2,1,0.0996094,0.527344,0.678711,-16.5,12.1875,14.1875,0.628685,-0.0558235,-2.54886
3162,0,5,16,0,-3,-2,-4,0,0.0317383,0.500488,0.731934,-11.8125,13.25,10.4375,0.623761,-0.0538635,-2.54324
3162,-2,-15,1,-1,-1,0,-2,-1,0.0317383,0.500488,0.731934,-11.8125,13.25,10.4375,0.623761,-0.0538635,-2.54324
3190,-1,-12,-28,-3,-1,1,-3,-2,0.0317383,0.500488,0.731934,-11.8125,13.25,10.4375,0.623761,-0.0538635,-2.54324
3190,1,-2,14,4,-1,-1,2,-1,0.0317383,0.500488,0.731934,-11.8125,13.25,10.4375,0.623761,-0.0538635,-2.54324
3192,2,15,17,1,1,-2,-3,0,0.0332031,0.455566,0.748047,-11.625,7.3125,13.1875,0.617859,-0.0541687,-2.5378
3192,1,7,-11,-4,-3,-3,-1,-1,0.0332031,0.455566,0.748047,-11.625,7.3125,13.1875,0.617859,-0.0541687,-2.5378
3197,-1,-33,-6,-6,-2,-2,-2,-2,0.0332031,0.455566,0.748047,-11.625,7.3125,13.1875,0.617859,-0.0541687,-2.5378
3197,-5,-11,-29,-2,-1,0,3,-1,0.0332031,0.455566,0.748047,-11.625,7.3125,13.1875,0.617859,-0.0541687,-2.5378
3204,1,17,7,3,0,0,-1,0,0.027832,0.48291,0.729492,-2.5625,5.5625,7.4375,0.616116,-0.053608,-2.53453
3204,-4,-9,-7,-5,-2,-1,-3,-3,0.027832,0.48291,0.729492,-2.5625,5.5625,7.4375,0.616116,-0.053608,-2.53453
3220,2,16,-4,1,-1,0,-1,0,0.027832,0.48291,0.729492,-2.5625,5.5625,7.4375,0.616116,-0.053608,-2.53453
3220,0,2,2,-1,-3,0,1,0,0.027832,0.48291,0.729492,-2.5625,5.5625,7.4375,0.616116,-0.053608,-2.53453
3222,-2,-6,0,1,-1,-1,-3,-2,0.0595703,0.472168,0.736816,-1.5,1.875,7.6875,0.614453,-0.0548475,-2.53197
3222,-1,7,-10,2,-2,-1,0,0,0.0595703,0.472168,0.736816,-1.5,1.875,7.6875,0.614453,-0.0548475,-2.53197
3243,0,16,-7,-3,1,0,0,0,0.0595703,0.472168,0.736816,-1.5,1.875,7.6875,0.614453,-0.0548475,-2.53197
3243,1,-3,9,-2,-1,-2,1,0,0.0595703,0.472168,0.736816,-1.5,1.875,7.6875,0.614453,-0.0548475,-2.53197
3244,-2,4,3,2,-3,-3,0,0,0.0454102,0.463379,0.71582,2,0.1875,6.375,0.614229,-0.0560935,-2.53
3244,-1,-15,-21,-4,0,1,2,0,0.0454102,0.463379,0.71582,2,0.1875,6.375,0.614229,-0.0560935,-2.53
3258,-2,5,20,6,3,0,1,-1,0.0454102,0.463379,0.71582,2,0.1875,6.375,0.614229,-0.0560935,-2.53
3258,-1,9,-7,-5,-2,0,-2,-1,0.0454102,0.463379,0.71582,2,0.1875,6.375,0.614229,-0.0560935,-2.53
3264,0,-6,-7,-1,0,0,-3,0,0.0712891,0.5,0.721191,10,-2.0625,3.5,0.617494,-0.0578528,-2.52949
3264,-4,2,13,-1,-3,-1,0,-1,0.0712891,0.5,0.721191,10,-2.0625,3.5,0.617494,-0.0578528,-2.52949
3280,-5,0,0,0,-3,-4,-3,-3,0.0712891,0.5,0.721191,10,-2.0625,3.5,0.617494,-0.0578528,-2.52949
3280,0,-1,-6,-3,-2,0,1,-1,0.0712891,0.5,0.721191,10,-2.0625,3.5,0.617494,-0.0578528,-2.52949
3282,-4,-24,0,-2,0,0,-1,-1,0.0683594,0.520996,0.726562,13.75,-3.875,3.8125,0.622228,-0.0600432,-2.52911
3282,-1,-3,-17,1,-1,0,-2,-1,0.0683594,0.520996,0.726562,13.75,-3.875,3.8125,0.622228,-0.0600432,-2.52911
3303,-2,0,7,-4,-3,-1,-2,-1,0.0683594,0.520996,0.726562,13.75,-3.875,3.8125,0.622228,-0.0600432,-2.52911
3303,3,1,4,0,-2,-1,3,2,0.0683594,0.520996,0.726562,13.75,-3.875,3.8125,0.622228,-0.0600432,-2.52911
3304,-3,-10,-7,-3,-2,-1,-1,-1,0.0673828,0.543457,0.723145,12.6875,-6.875,3,0.627097,-0.0629251,-2.52962
3304,-2,-3,12,0,1,-1,-1,-2,0.0673828,0.543457,0.723145,12.6875,-6.875,3,0.627097,-0.0629251,-2.52962
3317,-1,-14,-8,-1,1,-3,-2,-1,0.0673828,0.543457,0.723145,12.6875,-6.875,3,0.627097,-0.0629251,-2.52962
3317,-4,-23,-13,-4,-2,-3,0,-2,0.0673828,0.543457,0.723145,12.6875,-6.875,3,0.627097,-0.0629251,-2.52962
3325,0,2,-2,0,-1,-1,-1,-1,0.0717773,0.551758,0.717773,9.4375,-8.0625,2.5,0.630961,-0.0659986,-2.53063
3325,6,9,0,-1,1,0,-2,0,0.0717773,0.551758,0.717773,9.4375,-8.0625,2.5,0.630961,-0.0659986,-2.53063
3348,-1,-1,12,-2,-1,0,-1,0,0.0717773,0.551758,0.717773,9.4375,-8.0625,2.5,0.630961,-0.0659986,-2.53063
3348,-1,0,4,1,-2,-1,-2,-1,0.0717773,0.551758,0.717773,9.4375,-8.0625,2.5,0.630961,-0.0659986,-2.53063
3349,0,-6,-17,-2,0,-2,-1,0,0.0571289,0.545898,0.726562,4.375,-8.3125,3.8125,0.632866,-0.0689779,-2.53121
3349,-1,3,15,1,-2,0,-1,-1,0.0571289,0.545898,0.726562,4.375,-8.3125,3.8125,0.632866,-0.0689779,-2.53121
3362,0,4,-2,0,2,-2,0,-1,0.0571289,0.545898,0.726562,4.375,-8.3125,3.8125,0.632866,-0.0689779,-2.53121
3362,1,9,8,-2,1,1,0,2,0.0571289,0.545898,0.726562,4.375,-8.3125,3.8125,0.632866,-0.0689779,-2.53121
3364,-1,-3,-20,-1,1,-2,-1,-1,0.0327148,0.538086,0.73877,4.375,-8,5.5,0.634234,-0.0715197,-2.53135
3364,-3,-4,1,-1,-1,-3,0,-1,0.0327148,0.538086,0.73877,4.375,-8,5.5,0.634234,-0.0715197,-2.53135
3376,1,4,0,-1,-4,-1,-1,-1,0.0327148,0.538086,0.73877,4.375,-8,5.5,0.634234,-0.0715197,-2.53135
3376,0,2,3,1,-2,0,0,0,0.0327148,0.538086,0.73877,4.375,-8,5.5,0.634234,-0.0715197,-2.53135
3384,0,12,11,-2,-2,-1,1,0,0.0327148,0.524414,0.73291,5.625,-7.6875,3.5625,0.635994,-0.0736442,-2.53194
3384,0,0,9,0,0,0,-1,-1,0.0327148,0.524414,0.73291,5.625,-7.6875,3.5625,0.635994,-0.0736442,-2.53194
3400,-2,-7,-31,-3,-3,-1,-2,-2,0.0327148,0.524414,0.73291,5.625,-7.6875,3.5625,0.635994,-0.0736442,-2.53194
3400,-2,0,6,2,3,-1,-2,-1,0.0327148,0.524414,0.73291,5.625,-7.6875,3.5625,0.635994,-0.0736442,-2.53194
3401,2,1,-3,-1,-2,-1,-2,0,0.050293,0.552734,0.734375,5.375,-6.375,2.125,0.638096,-0.0754409,-2.53259
3401,-3,4,-24,0,-3,-1,-1,1,0.050293,0.552734,0.734375,5.375,-6.375,2.125,0.638096,-0.0754409,-2.53259
3422,1,-3,32,-1,0,1,-1,-2,0.050293,0.552734,0.734375,5.375,-6.375,2.125,0.638096,-0.0754409,-2.53259
3422,0,5,-15,-3,-1,1,-1,-1,0.050293,0.552734,0.734375,5.375,-6.375,2.125,0.638096,-0.0754409,-2.53259
3424,-2,-11,-16,-1,0,0,0,-2,0.0605469,0.570801,0.733887,2.375,-4.125,3.875,0.639373,-0.0771316,-2.53243
3424,1,2,9,1,2,0,0,-1,0.0605469,0.570801,0.733887,2.375,-4.125,3.875,0.639373,-0.0771316,-2.53243
3437,-1,2,-10,2,-2,-2,-2,1,0.0605469,0.570801,0.733887,2.375,-4.125,3.875,0.639373,-0.0771316,-2.53243
3437,0,2,-1,0,-1,-3,-1,0,0.0605469,0.570801,0.733887,2.375,-4.125,3.875,0.639373,-0.0771316,-2.53243
3443,-1,-3,10,0,-1,-1,0,-1,0.0644531,0.577148,0.73584,2.625,0.5625,2.9375,0.64085,-0.0773612,-2.53159
3443,-2,-3,-9,-2,-4,-1,2,1,0.0644531,0.577148,0.73584,2.625,0.5625,2.9375,0.64085,-0.0773612,-2.53159
3460,-2,-1,-9,-4,-1,-1,-8,-11,0.0644531,0.577148,0.73584,2.625,0.5625,2.9375,0.64085,-0.0773612,-2.53159
3460,-1,-2,1,2,-1,-4,-3,-2,0.0644531,0.577148,0.73584,2.625,0.5625,2.9375,0.64085,-0.0773612,-2.53159
3462,-1,0,2,1,0,1,-1,-1,0.0473633,0.581055,0.71875,-0.25,2.9375,0.125,0.641555,-0.0760527,-2.53098
3462,-2,-5,3,-2,0,1,-1,-4,0.0473633,0.581055,0.71875,-0.25,2.9375,0.125,0.641555,-0.0760527,-2.53098
3483,-1,1,-8,-1,1,1,3,3,0.0473633,0.581055,0.71875,-0.25,2.9375,0.125,0.641555,-0.0760527,-2.53098
3483,1,12,36,2,0,0,-3,-1,0.0473633,0.581055,0.71875,-0.25,2.9375,0.125,0.641555,-0.0760527,-2.53098
3484,-1,-9,-3,-3,-2,-3,-3,-4,0.0644531,0.564453,0.724121,-3.0625,2.8125,-3.25,0.640949,-0.0744013,-2.53129
3484,-1,0,3,-1,0,0,0,0,0.0644531,0.564453,0.724121,-3.0625,2.8125,-3.25,0.640949,-0.0744013,-2.53129
3497,0,11,2,1,-2,0,0,-1,0.0644531,0.564453,0.724121,-3.0625,2.8125,-3.25,0.640949,-0.0744013,-2.53129
3497,-1,-1,11,-1,0,1,1,-2,0.0644531,0.564453,0.724121,-3.0625,2.8125,-3.25,0.640949,-0.0744013,-2.53129
3504,2,6,6,1,2,0,1,1,0.0698242,0.536621,0.733887,-2.875,3.375,-2.125,0.639725,-0.0731262,-2.5311
3504,-4,-5,-7,-5,-2,-2,-3,-2,0.0698242,0.536621,0.733887,-2.875,3.375,-2.125,0.639725,-0.0731262,-2.5311
3520,0,7,0,1,-1,-1,0,3,0.0698242,0.536621,0.733887,-2.875,3.375,-2.125,0.639725,-0.0731262,-2.5311
3520,-4,-18,-8,-3,-4,-2,-2,-1,0.0698242,0.536621,0.733887,-2.875,3.375,-2.125,0.639725,-0.0731262,-2.5311
3521,-1,-1,3,-1,-3,-2,-1,0,0.0576172,0.536133,0.717773,-4.875,2.75,-0.1875,0.638176,-0.0721128,-2.53063
3521,-1,6,13,-5,-3,-3,-3,-1,0.0576172,0.536133,0.717773,-4.875,2.75,-0.1875,0.638176,-0.0721128,-2.53063
3550,3,18,19,1,3,1,1,-1,0.0576172,0.536133,0.717773,-4.875,2.75,-0.1875,0.638176,-0.0721128,-2.53063
3550,-5,-47,-83,-6,-1,-1,-1,-2,0.0576172,0.536133,0.717773,-4.875,2.75,-0.1875,0.638176,-0.0721128,-2.53063
3551,0,2,-1,-1,4,2,-2,0,0.0615234,0.529297,0.719238,-5,2.0625,1.8125,0.63628,-0.0718559,-2.52955
3551,-2,-1,8,2,1,-2,0,-1,0.0615234,0.529297,0.719238,-5,2.0625,1.8125,0.63628,-0.0718559,-2.52955
3557,-3,-7,-5,-4,-4,-3,-1,1,0.0615234,0.529297,0.719238,-5,2.0625,1.8125,0.63628,-0.0718559,-2.52955
3557,4,41,10,4,-2,-1,-1,1,0.0615234,0.529297,0.719238,-5,2.0625,1.8125,0.63628,-0.0718559,-2.52955
3564,-2,-16,-6,-1,-2,-3,-1,-3,0.0546875,0.501953,0.724121,-4.875,1.5,3.3125,0.633919,-0.0719244,-2.52827
3564,-1,-8,-2,-2,-2,1,0,-2,0.0546875,0.501953,0.724121,-4.875,1.5,3.3125,0.633919,-0.0719244,-2.52827
3580,-1,-2,32,5,1,0,2,1,0.0546875,0.501953,0.724121,-4.875,1.5,3.3125,0.633919,-0.0719244,-2.52827
3580,0,7,-9,-2,-1,1,-2,-1,0.0546875,0.501953,0.724121,-4.875,1.5,3.3125,0.633919,-0.0719244,-2.52827
3582,0,-7,-9,-2,-1,-1,-2,-1,0.0356445,0.483887,0.727051,-2.5,0.5,6.8125,0.631977,-0.0725389,-2.52615
3582,0,8,6,1,1,0,0,-1,0.0356445,0.483887,0.727051,-2.5,0.5,6.8125,0.631977,-0.0725389,-2.52615
3603,-3,-10,-10,-2,-2,-4,-2,-3,0.0356445,0.483887,0.727051,-2.5,0.5,6.8125,0.631977,-0.0725389,-2.52615
3603,3,15,10,3,4,0,0,0,0.0356445,0.483887,0.727051,-2.5,0.5,6.8125,0.631977,-0.0725389,-2.52615
3604,-4,-4,-4,-6,-1,-1,2,-1,0.0644531,0.448242,0.745117,6.0625,1.8125,14.6875,0.631822,-0.0749822,-2.52157
3604,0,-7,0,2,2,1,-1,0,0.0644531,0.448242,0.745117,6.0625,1.8125,14.6875,0.631822,-0.0749822,-2.52157
3625,-1,-1,-12,-2,0,0,-2,0,0.0644531,0.448242,0.745117,6.0625,1.8125,14.6875,0.631822,-0.0749822,-2.52157
3625,-1,1,25,-2,-1,-1,-1,-1,0.0644531,0.448242,0.745117,6.0625,1.8125,14.6875,0.631822,-0.0749822,-2.52157
3627,1,8,13,-1,-3,1,1,1,0.0874023,0.525879,0.744141,4.9375,5.4375,3.4375,0.632984,-0.0747232,-2.51948
3627,-1,1,-5,0,-1,0,-1,0,0.0874023,0.525879,0.744141,4.9375,5.4375,3.4375,0.632984,-0.0747232,-2.51948
3647,-1,-3,-17,-2,-3,-1,0,-2,0.0874023,0.525879,0.744141,4.9375,5.4375,3.4375,0.632984,-0.0747232,-2.51948
3647,-3,-2,12,-2,-2,-3,-1,-2,0.0874023,0.525879,0.744141,4.9375,5.4375,3.4375,0.632984,-0.0747232,-2.51948
3649,2,8,1,-1,-3,-1,1,0,0.0830078,0.541504,0.721191,3.4375,1.0625,11.75,0.63409,-0.0771454,-2.51578
3649,-6,-9,-11,-3,-3,-2,-2,-3,0.0830078,0.541504,0.721191,3.4375,1.0625,11.75,0.63409,-0.0771454,-2.51578
3663,-1,-4,-4,-2,-1,1,-2,0,0.0830078,0.541504,0.721191,3.4375,1.0625,11.75,0.63409,-0.0771454,-2.51578
3663,-4,-6,-3,3,1,0,0,-1,0.0830078,0.541504,0.721191,3.4375,1.0625,11.75,0.63409,-0.0771454,-2.51578
3664,-1,-8,-12,-4,-1,-2,-3,-2,0.065918,0.530273,0.732422,0.9375,1.125,8.1875,0.63416,-0.0784315,-2.51329
3664,-1,-16,-14,-1,0,-2,-1,-1,0.065918,0.530273,0.732422,0.9375,1.125,8.1875,0.63416,-0.0784315,-2.51329
3676,-1,-16,-7,-5,-3,-4,-1,-2,0.065918,0.530273,0.732422,0.9375,1.125,8.1875,0.63416,-0.0784315,-2.51329
3676,-2,-4,-24,0,1,1,0,-1,0.065918,0.530273,0.732422,0.9375,1.125,8.1875,0.63416,-0.0784315,-2.51329
3684,-3,-3,9,-1,-3,-1,-1,-4,0.0864258,0.515137,0.732422,-2.5,-0.1875,7.375,0.632585,-0.0803463,-2.51121
3684,3,15,16,2,-4,0,-1,0,0.0864258,0.515137,0.732422,-2.5,-0.1875,7.375,0.632585,-0.0803463,-2.51121
3700,-1,2,-13,-1,0,-2,0,-2,0.0864258,0.515137,0.732422,-2.5,-0.1875,7.375,0.632585,-0.0803463,-2.51121
3700,1,2,12,0,-1,0,1,-1,0.0864258,0.515137,0.732422,-2.5,-0.1875,7.375,0.632585,-0.0803463,-2.51121
3702,-2,10,9,0,-2,-2,-1,-1,0.0703125,0.496094,0.752441,-2.25,-0.3125,9.875,0.630651,-0.082408,-2.50838
3702,0,-8,-8,-2,-3,-1,1,-1,0.0703125,0.496094,0.752441,-2.25,-0.3125,9.875,0.630651,-0.082408,-2.50838
3722,2,10,-1,-1,-2,1,-1,1,0.0703125,0.496094,0.752441,-2.25,-0.3125,9.875,0.630651,-0.082408,-2.50838
3722,2,-1,12,-1,0,0,0,-1,0.0703125,0.496094,0.752441,-2.25,-0.3125,9.875,0.630651,-0.082408,-2.50838
3724,-7,-16,-29,-3,1,-1,-1,-3,0.0698242,0.498047,0.742188,4.6875,1.0625,7.625,0.631122,-0.0835239,-2.50593
3724,1,11,1,-2,0,-2,-3,0,0.0698242,0.498047,0.742188,4.6875,1.0625,7.625,0.631122,-0.0835239,-2.50593
3737,-4,-14,-9,-2,2,-1,-1,-2,0.0698242,0.498047,0.742188,4.6875,1.0625,7.625,0.631122,-0.0835239,-2.50593
3737,-1,4,6,0,-2,-3,-1,0,0.0698242,0.498047,0.742188,4.6875,1.0625,7.625,0.631122,-0.0835239,-2.50593
3744,-1,9,10,2,2,-1,1,1,0.0908203,0.544922,0.728027,7.5625,2.6875,3.0625,0.633864,-0.0837491,-2.50445
3744,0,-8,-9,-4,-3,-1,-1,-2,0.0908203,0.544922,0.728027,7.5625,2.6875,3.0625,0.633864,-0.0837491,-2.50445
3760,3,19,3,2,1,0,-1,-1,0.0908203,0.544922,0.728027,7.5625,2.6875,3.0625,0.633864,-0.0837491,-2.50445
3760,1,-8,-5,-3,-3,0,-8,-1,0.0908203,0.544922,0.728027,7.5625,2.6875,3.0625,0.633864,-0.0837491,-2.50445
3761,-2,-3,1,-2,-1,1,9,-1,0.0786133,0.575684,0.707031,6.875,3.125,4.5625,0.637078,-0.0838539,-2.50262
3761,-6,-1,-2,0,0,1,1,-2,0.0786133,0.575684,0.707031,6.875,3.125,4.5625,0.637078,-0.0838539,-2.50262
3783,0,3,6,-1,-1,-1,-2,1,0.0786133,0.575684,0.707031,6.875,3.125,4.5625,0.637078,-0.0838539,-2.50262
3783,-5,-8,-13,-1,-2,0,-2,-1,0.0786133,0.575684,0.707031,6.875,3.125,4.5625,0.637078,-0.0838539,-2.50262
3784,-2,-5,8,-5,-1,-3,-4,-2,0.0634766,0.585449,0.707031,1.375,2.25,4.8125,0.638689,-0.0839093,-2.50095
3784,4,7,14,6,1,-2,-1,1,0.0634766,0.585449,0.707031,1.375,2.25,4.8125,0.638689,-0.0839093,-2.50095
3796,-2,-20,-34,-4,1,1,1,-1,0.0634766,0.585449,0.707031,1.375,2.25,4.8125,0.638689,-0.0839093,-2.50095
3796,-5,-6,-7,-3,-3,-2,0,-4,0.0634766,0.585449,0.707031,1.375,2.25,4.8125,0.638689,-0.0839093,-2.50095
3805,2,0,3,0,-1,-1,-2,0,0.0483398,0.562988,0.70752,-5.625,-0.125,5.25,0.637411,-0.0843582,-2.49953
3805,0,-5,2,-1,-2,0,0,-3,0.0483398,0.562988,0.70752,-5.625,-0.125,5.25,0.637411,-0.0843582,-2.49953
3820,-1,-1,5,3,-3,-2,-3,-2,0.0483398,0.562988,0.70752,-5.625,-0.125,5.25,0.637411,-0.0843582,-2.49953
3820,2,2,-1,-2,1,0,2,0,0.0483398,0.562988,0.70752,-5.625,-0.125,5.25,0.637411,-0.0843582,-2.49953
3821,0,12,25,-2,0,0,-2,-2,0.0415039,0.549316,0.701172,-7.25,-1.9375,4.3125,0.635376,-0.0848796,-2.49869
3821,2,-5,-4,-1,-2,-1,-2,-1,0.0415039,0.549316,0.701172,-7.25,-1.9375,4.3125,0.635376,-0.0848796,-2.49869
3842,-1,1,0,-1,0,-2,0,-2,0.0415039,0.549316,0.701172,-7.25,-1.9375,4.3125,0.635376,-0.0848796,-2.49869
3842,-3,-3,-4,-4,-2,-1,0,-2,0.0415039,0.549316,0.701172,-7.25,-1.9375,4.3125,0.635376,-0.0848796,-2.49869
3843,1,12,7,4,3,0,1,1,0.0605469,0.58252,0.716309,-4.625,-1.1875,0.625,0.634958,-0.0849696,-2.49883
3843,-1,9,26,-3,-1,0,-1,2,0.0605469,0.58252,0.716309,-4.625,-1.1875,0.625,0.634958,-0.0849696,-2.49883
3856,-3,5,6,0,-2,0,0,-2,0.0605469,0.58252,0.716309,-4.625,-1.1875,0.625,0.634958,-0.0849696,-2.49883
3856,0,-6,8,1,-2,-1,1,-1,0.0605469,0.58252,0.716309,-4.625,-1.1875,0.625,0.634958,-0.0849696,-2.49883
3882,1,1,-13,-2,-3,0,-2,0,0.0600586,0.578613,0.742676,-4.5625,0.1875,-1,0.633936,-0.084225,-2.49917
3882,0,2,-3,-1,-1,-3,-1,0,0.0600586,0.578613,0.742676,-4.5625,0.1875,-1,0.633936,-0.084225,-2.49917
3882,-1,-6,-5,-3,-3,0,3,0,0.0600586,0.578613,0.742676,-4.5625,0.1875,-1,0.633936,-0.084225,-2.49917
3882,-2,4,-1,-1,-3,-4,-2,-1,0.0600586,0.578613,0.742676,-4.5625,0.1875,-1,0.633936,-0.084225,-2.49917
3886,2,-4,7,3,0,0,-3,0,0.0493164,0.519043,0.731934,-7.625,-0.25,0.625,0.63094,-0.0838083,-2.49892
3886,-2,9,-14,-2,1,1,-1,-1,0.0493164,0.519043,0.731934,-7.625,-0.25,0.625,0.63094,-0.0838083,-2.49892
3902,-3,2,25,-4,-3,-4,-4,-2,0.0493164,0.519043,0.731934,-7.625,-0.25,0.625,0.63094,-0.0838083,-2.49892
3902,3,26,25,3,0,-4,-5,0,0.0493164,0.519043,0.731934,-7.625,-0.25,0.625,0.63094,-0.0838083,-2.49892
3904,-3,-38,-61,0,-2,3,12,-1,0.074707,0.489746,0.725098,-6.8125,-0.375,-0.0625,0.627912,-0.0839721,-2.49897
3904,-5,-26,-15,-3,0,4,3,-4,0.074707,0.489746,0.725098,-6.8125,-0.375,-0.0625,0.627912,-0.0839721,-2.49897
3925,0,4,8,2,2,2,-1,-1,0.074707,0.489746,0.725098,-6.8125,-0.375,-0.0625,0.627912,-0.0839721,-2.49897
3925,2,-7,-5,1,-1,-2,0,1,0.074707,0.489746,0.725098,-6.8125,-0.375,-0.0625,0.627912,-0.0839721,-2.49897
3927,-4,5,5,-3,-3,-7,-7,-3,0.0820312,0.492676,0.739746,-3.5,-0.375,0.375,0.625908,-0.0842515,-2.49886
3927,-1,-10,-15,-3,0,-1,0,-1,0.0820312,0.492676,0.739746,-3.5,-0.375,0.375,0.625908,-0.0842515,-2.49886
3948,0,-7,-5,0,-1,-4,0,0,0.0820312,0.492676,0.739746,-3.5,-0.375,0.375,0.625908,-0.0842515,-2.49886
3948,1,23,0,2,1,0,0,-1,0.0820312,0.492676,0.739746,-3.5,-0.375,0.375,0.625908,-0.0842515,-2.49886
3949,-2,-16,6,0,2,1,-2,0,0.0952148,0.495605,0.747559,4.5,1.125,0.5625,0.626544,-0.0845041,-2.49837
3949,1,12,17,-3,-2,-2,-1,0,0.0952148,0.495605,0.747559,4.5,1.125,0.5625,0.626544,-0.0845041,-2.49837
3962,-6,-42,-50,-5,-3,-3,-4,-2,0.0952148,0.495605,0.747559,4.5,1.125,0.5625,0.626544,-0.0845041,-2.49837
3962,-1,3,23,5,-2,-1,3,0,0.0952148,0.495605,0.747559,4.5,1.125,0.5625,0.626544,-0.0845041,-2.49837
3969,0,-1,-7,-5,-2,-1,-2,-3,0.100586,0.51709,0.739258,9.5,2.8125,0.125,0.629374,-0.084342,-2.49778
3969,0,4,-3,1,-1,-10,-3,-1,0.100586,0.51709,0.739258,9.5,2.8125,0.125,0.629374,-0.084342,-2.49778
3976,2,23,5,1,0,3,3,1,0.100586,0.51709,0.739258,9.5,2.8125,0.125,0.629374,-0.084342,-2.49778
3976,-2,-8,0,-1,2,9,2,0,0.100586,0.51709,0.739258,9.5,2.8125,0.125,0.629374,-0.084342,-2.49778
3993,-2,-6,3,-2,-3,-3,-3,-2,0.0898438,0.518555,0.720215,6.125,1.5,0.8125,0.631286,-0.0844213,-2.49708
3993,1,17,-3,-1,-3,-1,-2,-2,0.0898438,0.518555,0.720215,6.125,1.5,0.8125,0.631286,-0.0844213,-2.49708
4000,-3,-7,6,-2,-4,-3,-1,-1,0.0898438,0.518555,0.720215,6.125,1.5,0.8125,0.631286,-0.0844213,-2.49708
4000,-5,-25,-21,0,2,-2,-2,-1,0.0898438,0.518555,0.720215,6.125,1.5,0.8125,0.631286,-0.0844213,-2.49708
4002,-1,5,-17,-1,0,1,-4,-2,0.0927734,0.514648,0.719727,4.3125,0,1.75,0.632548,-0.0852884,-2.49663
4002,2,1,-4,0,-1,0,2,1,0.0927734,0.514648,0.719727,4.3125,0,1.75,0.632548,-0.0852884,-2.49663
4022,-1,1,10,2,2,-2,0,-1,0.0927734,0.514648,0.719727,4.3125,0,1.75,0.632548,-0.0852884,-2.49663
4022,0,6,-27,-6,-2,-1,1,-2,0.0927734,0.514648,0.719727,4.3125,0,1.75,0.632548,-0.0852884,-2.49663
4024,0,4,10,-6,-5,-1,-3,-1,0.0976562,0.516602,0.718262,3.5,-2.1875,1.8125,0.633459,-0.0866936,-2.4966
4024,-1,-2,7,1,0,0,-1,-1,0.0976562,0.516602,0.718262,3.5,-2.1875,1.8125,0.633459,-0.0866936,-2.4966
4036,-1,-12,-12,2,1,-2,0,0,0.0976562,0.516602,0.718262,3.5,-2.1875,1.8125,0.633459,-0.0866936,-2.4966
4036,-1,-10,8,-2,-3,-8,-1,0,0.0976562,0.516602,0.718262,3.5,-2.1875,1.8125,0.633459,-0.0866936,-2.4966
4045,2,26,15,4,2,8,1,0,0.090332,0.538574,0.719238,2.9375,-3.125,1.875,0.634694,-0.0882936,-2.4967
4045,-3,-30,-29,1,-3,0,-3,-2,0.090332,0.538574,0.719238,2.9375,-3.125,1.875,0.634694,-0.0882936,-2.4967
4060,3,24,65,-2,0,-1,-2,-1,0.090332,0.538574,0.719238,2.9375,-3.125,1.875,0.634694,-0.0882936,-2.4967
4060,-5,-30,-58,-4,1,-1,0,-1,0.090332,0.538574,0.719238,2.9375,-3.125,1.875,0.634694,-0.0882936,-2.4967
4062,-2,7,24,2,-1,-7,-7,-1,0.0844727,0.553711,0.734863,6.375,-1.4375,2.25,0.637181,-0.0891631,-2.49631
4062,-1,12,-24,-2,-2,-3,0,-1,0.0844727,0.553711,0.734863,6.375,-1.4375,2.25,0.637181,-0.0891631,-2.49631
4083,-1,-29,-22,0,-2,-2,-3,-1,0.0844727,0.553711,0.734863,6.375,-1.4375,2.25,0.637181,-0.0891631,-2.49631
4083,3,21,19,0,0,1,-2,0,0.0844727,0.553711,0.734863,6.375,-1.4375,2.25,0.637181,-0.0891631,-2.49631
4084,-7,-56,-31,-9,-4,-3,0,-4,0.0795898,0.558594,0.722168,6.125,-0.375,3.0625,0.639595,-0.0898596,-2.49554
4084,2,7,23,5,-2,-1,-1,-1,0.0795898,0.558594,0.722168,6.125,-0.375,3.0625,0.639595,-0.0898596,-2.49554
4106,-1,11,-4,-2,-5,-7,-1,0,0.0795898,0.558594,0.722168,6.125,-0.375,3.0625,0.639595,-0.0898596,-2.49554
4106,0,0,-2,1,-3,6,-1,0,0.0795898,0.558594,0.722168,6.125,-0.375,3.0625,0.639595,-0.0898596,-2.49554
4107,6,46,59,1,3,0,0,2,0.0551758,0.549805,0.71582,1.375,-0.5625,1.125,0.64036,-0.0896282,-2.49542
4107,1,-7,-36,-5,2,1,-2,3,0.0551758,0.549805,0.71582,1.375,-0.5625,1.125,0.64036,-0.0896282,-2.49542
4119,-10,-63,-21,-4,-1,0,1,-4,0.0551758,0.549805,0.71582,1.375,-0.5625,1.125,0.64036,-0.0896282,-2.49542
4119,1,-11,-14,1,-2,0,0,-1,0.0551758,0.549805,0.71582,1.375,-0.5625,1.125,0.64036,-0.0896282,-2.49542
4126,4,36,24,8,-1,-2,1,1,0.0639648,0.552734,0.71582,1.25,-2.4375,1.75,0.641264,-0.0902159,-2.49541
4126,-5,-12,1,-6,-2,-1,-2,-3,0.0639648,0.552734,0.71582,1.25,-2.4375,1.75,0.641264,-0.0902159,-2.49541
4158,0,23,-3,3,1,5,1,1,0.0639648,0.552734,0.71582,1.25,-2.4375,1.75,0.641264,-0.0902159,-2.49541
4158,0,6,18,1,1,-3,0,0,0.0639648,0.552734,0.71582,1.25,-2.4375,1.75,0.641264,-0.0902159,-2.49541
4159,-2,-10,-28,-3,0,-1,-2,-2,0.0698242,0.553223,0.711914,-3.625,-2.3125,1.8125,0.640321,-0.0909695,-2.49538
4159,1,9,24,0,2,2,1,2,0.0698242,0.553223,0.711914,-3.625,-2.3125,1.8125,0.640321,-0.0909695,-2.49538
4166,4,13,-1,1,0,1,-2,0,0.0698242,0.553223,0.711914,-3.625,-2.3125,1.8125,0.640321,-0.0909695,-2.49538
4166,-2,-13,4,-5,-4,-3,-2,-3,0.0698242,0.553223,0.711914,-3.625,-2.3125,1.8125,0.640321,-0.0909695,-2.49538
4167,-3,-17,-27,1,-5,-7,-2,-2,0.0703125,0.541992,0.731934,-1.75,-3.125,2,0.639741,-0.0919486,-2.4955
4167,-3,-7,25,0,-3,2,-3,-5,0.0703125,0.541992,0.731934,-1.75,-3.125,2,0.639741,-0.0919486,-2.4955
4180,0,9,-25,-6,1,1,2,1,0.0703125,0.541992,0.731934,-1.75,-3.125,2,0.639741,-0.0919486,-2.4955
4180,-1,22,26,2,5,2,-1,0,0.0703125,0.541992,0.731934,-1.75,-3.125,2,0.639741,-0.0919486,-2.4955
4181,-7,-38,-43,-11,-4,0,-3,-4,0.0893555,0.558105,0.741211,-1,-0.5,-1.4375,0.639606,-0.0918526,-2.49604
4181,1,21,41,3,-5,-14,-3,-1,0.0893555,0.558105,0.741211,-1,-0.5,-1.4375,0.639606,-0.0918526,-2.49604
4203,-6,-45,-62,-7,-3,6,0,-3,0.0893555,0.558105,0.741211,-1,-0.5,-1.4375,0.639606,-0.0918526,-2.49604
4203,0,-2,4,-1,0,0,0,1,0.0893555,0.558105,0.741211,-1,-0.5,-1.4375,0.639606,-0.0918526,-2.49604
4204,-1,6,5,4,3,0,1,-2,0.0917969,0.556641,0.716797,-1.375,-0.125,-1.5625,0.639574,-0.0918023,-2.49652
4204,-1,4,7,2,2,3,0,1,0.0917969,0.556641,0.716797,-1.375,-0.125,-1.5625,0.639574,-0.0918023,-2.49652
4225,8,35,29,2,-1,-8,-3,0,0.0917969,0.556641,0.716797,-1.375,-0.125,-1.5625,0.639574,-0.0918023,-2.49652
4225,2,-18,-27,-4,-4,-4,0,-1,0.0917969,0.556641,0.716797,-1.375,-0.125,-1.5625,0.639574,-0.0918023,-2.49652
4226,-8,2,18,-1,0,3,2,1,0.0756836,0.55127,0.73584,-5,1,-0.75,0.63803,-0.0911561,-2.49648
4226,-4,-33,3,-6,-6,-5,-4,-3,0.0756836,0.55127,0.73584,-5,1,-0.75,0.63803,-0.0911561,-2.49648
4240,7,10,-16,3,1,0,-1,-1,0.0756836,0.55127,0.73584,-5,1,-0.75,0.63803,-0.0911561,-2.49648
4240,-6,-23,-17,-2,-2,-3,-4,-1,0.0756836,0.55127,0.73584,-5,1,-0.75,0.63803,-0.0911561,-2.49648
4253,-3,16,14,3,0,0,-2,-3,0.0844727,0.520508,0.739746,-1.125,1.6875,-1.5,0.637027,-0.0903827,-2.4965
4253,-1,6,-3,0,0,1,0,-1,0.0844727,0.520508,0.739746,-1.125,1.6875,-1.5,0.637027,-0.0903827,-2.4965
4262,0,2,10,0,5,4,1,1,0.0844727,0.520508,0.739746,-1.125,1.6875,-1.5,0.637027,-0.0903827,-2.4965
4262,0,20,20,2,0,-7,-2,0,0.0844727,0.520508,0.739746,-1.125,1.6875,-1.5,0.637027,-0.0903827,-2.4965
4263,0,-25,-33,-3,-5,0,3,-2,0.0898438,0.529785,0.720215,-1.0625,2.3125,-1.125,0.636579,-0.0897368,-2.49639
4263,-3,-14,-17,-2,-1,3,4,0,0.0898438,0.529785,0.720215,-1.0625,2.3125,-1.125,0.636579,-0.0897368,-2.49639
4285,-2,9,21,1,-3,-7,-5,-2,0.0898438,0.529785,0.720215,-1.0625,2.3125,-1.125,0.636579,-0.0897368,-2.49639
4285,0,11,2,-2,-3,7,-4,-2,0.0898438,0.529785,0.720215,-1.0625,2.3125,-1.125,0.636579,-0.0897368,-2.49639
4286,5,3,5,0,1,-4,-2,2,0.0791016,0.53125,0.72998,-3.6875,3,-1.75,0.635199,-0.088511,-2.49618
4286,-6,-11,-13,0,2,-1,-1,-1,0.0791016,0.53125,0.72998,-3.6875,3,-1.75,0.635199,-0.088511,-2.49618
4299,-2,5,15,-2,-3,3,3,1,0.0791016,0.53125,0.72998,-3.6875,3,-1.75,0.635199,-0.088511,-2.49618
4299,-1,-5,-20,1,-1,-2,0,-1,0.0791016,0.53125,0.72998,-3.6875,3,-1.75,0.635199,-0.088511,-2.49618
4307,1,-1,26,-1,-3,-3,-4,0,0.0878906,0.520508,0.734375,-4,4.375,-2.5,0.633388,-0.0870068,-2.49599
4307,1,13,-6,-1,0,2,-1,-1,0.0878906,0.520508,0.734375,-4,4.375,-2.5,0.633388,-0.0870068,-2.49599
4323,-4,14,2,1,1,-1,0,0,0.0878906,0.520508,0.734375,-4,4.375,-2.5,0.633388,-0.0870068,-2.49599
4323,-5,-51,-54,-8,-5,-2,-1,-4,0.0878906,0.520508,0.734375,-4,4.375,-2.5,0.633388,-0.0870068,-2.49599
4323,4,7,2,1,1,3,0,1,0.0981445,0.521973,0.728516,-0.25,5.5,-4.4375,0.633033,-0.0850996,-2.49606
4323,-7,8,13,2,1,-2,-1,-1,0.0981445,0.521973,0.728516,-0.25,5.5,-4.4375,0.633033,-0.0850996,-2.49606
4345,3,29,2,2,-2,-4,-2,-3,0.0981445,0.521973,0.728516,-0.25,5.5,-4.4375,0.633033,-0.0850996,-2.49606
4345,-4,-31,17,-8,-2,0,-1,-3,0.0981445,0.521973,0.728516,-0.25,5.5,-4.4375,0.633033,-0.0850996,-2.49606
4346,2,10,-28,-5,-3,-4,-2,-1,0.0908203,0.539062,0.729004,-0.5625,5.625,-3.9375,0.633001,-0.0830949,-2.49597
4346,5,-13,-1,-1,0,-3,1,1,0.0908203,0.539062,0.729004,-0.5625,5.625,-3.9375,0.633001,-0.0830949,-2.49597
4368,-6,-24,-14,-5,-5,-1,-4,-4,0.0908203,0.539062,0.729004,-0.5625,5.625,-3.9375,0.633001,-0.0830949,-2.49597
4368,-1,19,39,-2,-2,-2,1,1,0.0908203,0.539062,0.729004,-0.5625,5.625,-3.9375,0.633001,-0.0830949,-2.49597
4369,-1,4,0,-3,1,-1,-2,-2,0.0722656,0.531738,0.716797,-3.125,3.75,-3,0.63207,-0.081424,-2.49601
4369,0,7,13,-2,-1,2,0,1,0.0722656,0.531738,0.716797,-3.125,3.75,-3,0.63207,-0.081424,-2.49601
4382,8,7,-2,3,-1,1,1,0,0.0722656,0.531738,0.716797,-3.125,3.75,-3,0.63207,-0.081424,-2.49601
4382,0,13,16,1,-2,-2,0,0,0.0722656,0.531738,0.716797,-3.125,3.75,-3,0.63207,-0.081424,-2.49601
4384,-4,-24,-1,1,-4,-4,-3,0,0.0693359,0.525391,0.720215,-5,2.8125,-2.5,0.6303,-0.0800656,-2.49619
4384,-1,10,0,3,0,6,0,0,0.0693359,0.525391,0.720215,-5,2.8125,-2.5,0.6303,-0.0800656,-2.49619
4404,-1,-11,-7,0,0,-1,0,0,0.0693359,0.525391,0.720215,-5,2.8125,-2.5,0.6303,-0.0800656,-2.49619
4404,1,11,2,-1,-3,-4,-4,-2,0.0693359,0.525391,0.720215,-5,2.8125,-2.5,0.6303,-0.0800656,-2.49619
4412,0,3,-5,-2,0,1,1,1,-0.133301,0.394531,0.746094,-1.5,2.5,4.0625,0.626808,-0.0753566,-2.49418
4412,0,-7,-21,-2,-2,-2,-2,-4,-0.133301,0.394531,0.746094,-1.5,2.5,4.0625,0.626808,-0.0753566,-2.49418
4419,-2,-2,6,-7,-3,-3,-1,-1,-0.133301,0.394531,0.746094,-1.5,2.5,4.0625,0.626808,-0.0753566,-2.49418
4419,-3,-5,-6,2,1,2,-1,0,-0.133301,0.394531,0.746094,-1.5,2.5,4.0625,0.626808,-0.0753566,-2.49418
4434,-1,10,7,2,1,2,0,0,0.231934,0.578125,0.675781,-8.0625,0.9375,-27.1875,0.62627,-0.0736762,-2.50188
4434,5,-6,-21,-4,-2,-1,-1,1,0.231934,0.578125,0.675781,-8.0625,0.9375,-27.1875,0.62627,-0.0736762,-2.50188
4443,-4,1,11,-1,1,0,-2,-1,0.231934,0.578125,0.675781,-8.0625,0.9375,-27.1875,0.62627,-0.0736762,-2.50188
4443,0,16,8,2,1,-3,0,0,0.231934,0.578125,0.675781,-8.0625,0.9375,-27.1875,0.62627,-0.0736762,-2.50188
4444,-5,-23,-20,-4,-2,-5,-2,-3,0.125,0.5625,0.693359,8,2.625,8.1875,0.629923,-0.0760057,-2.49906
4444,-2,-2,-7,-4,-3,-1,-2,-2,0.125,0.5625,0.693359,8,2.625,8.1875,0.629923,-0.0760057,-2.49906
4465,-2,-6,17,2,-1,1,1,1,0.125,0.5625,0.693359,8,2.625,8.1875,0.629923,-0.0760057,-2.49906
4465,-2,-10,-47,-3,-2,-1,0,0,0.125,0.5625,0.693359,8,2.625,8.1875,0.629923,-0.0760057,-2.49906
4467,1,16,7,0,1,3,2,0,0.0634766,0.559082,0.705078,-0.125,2.75,-0.8125,0.630828,-0.0749275,-2.49877
4467,5,-10,-6,-1,0,-1,0,-2,0.0634766,0.559082,0.705078,-0.125,2.75,-0.8125,0.630828,-0.0749275,-2.49877
4479,-7,-22,22,-1,-2,-1,-3,-3,0.0634766,0.559082,0.705078,-0.125,2.75,-0.8125,0.630828,-0.0749275,-2.49877
4479,-2,4,-3,-2,-2,0,1,-1,0.0634766,0.559082,0.705078,-0.125,2.75,-0.8125,0.630828,-0.0749275,-2.49877
4487,-2,9,9,-3,-3,-1,-1,0,0.0717773,0.534668,0.715332,-8,0.8125,-3.125,0.628458,-0.0741296,-2.49954
4487,-3,10,26,1,0,-3,-1,0,0.0717773,0.534668,0.715332,-8,0.8125,-3.125,0.628458,-0.0741296,-2.49954
4502,1,4,-14,-1,0,-2,-1,0,0.0717773,0.534668,0.715332,-8,0.8125,-3.125,0.628458,-0.0741296,-2.49954
4502,2,6,3,4,1,-3,3,0,0.0717773,0.534668,0.715332,-8,0.8125,-3.125,0.628458,-0.0741296,-2.49954
4504,-7,7,18,-2,-2,-4,-1,-3,0.0395508,0.505859,0.745605,-8.4375,-0.3125,2.4375,0.62472,-0.0740387,-2.49877
4504,-3,-4,-30,-4,-2,3,-3,-1,0.0395508,0.505859,0.745605,-8.4375,-0.3125,2.4375,0.62472,-0.0740387,-2.49877
4525,1,4,3,-2,-1,0,0,0,0.0395508,0.505859,0.745605,-8.4375,-0.3125,2.4375,0.62472,-0.0740387,-2.49877
4525,0,7,14,0,2,0,-2,0,0.0395508,0.505859,0.745605,-8.4375,-0.3125,2.4375,0.62472,-0.0740387,-2.49877
4531,3,4,-3,4,1,-1,0,0,0.0170898,0.496582,0.748047,-8.0625,0.1875,1.5,0.621134,-0.0731213,-2.49826
4531,1,7,7,2,1,-4,-2,-1,0.0170898,0.496582,0.748047,-8.0625,0.1875,1.5,0.621134,-0.0731213,-2.49826
4539,0,7,-19,2,-1,2,0,-1,0.0170898,0.496582,0.748047,-8.0625,0.1875,1.5,0.621134,-0.0731213,-2.49826
4539,-3,-25,-9,-6,-3,3,0,0,0.0170898,0.496582,0.748047,-8.0625,0.1875,1.5,0.621134,-0.0731213,-2.49826
4546,-1,-25,-3,-2,-4,-2,-3,-3,-0.0166016,0.483887,0.784668,-4.125,1.75,0,0.618145,-0.0706338,-2.49775
4546,-1,-10,-7,0,3,2,2,-1,-0.0166016,0.483887,0.784668,-4.125,1.75,0,0.618145,-0.0706338,-2.49775
4562,2,13,7,2,0,-2,-2,-1,-0.0166016,0.483887,0.784668,-4.125,1.75,0,0.618145,-0.0706338,-2.49775
4562,0,18,10,-3,1,-4,-1,-2,-0.0166016,0.483887,0.784668,-4.125,1.75,0,0.618145,-0.0706338,-2.49775
4564,0,-17,-33,-1,-1,3,-1,0,-0.0229492,0.492676,0.773438,-1.4375,1.6875,0.875,0.61652,-0.0682566,-2.49714
4564,-3,-8,-8,0,-4,-3,-1,-3,-0.0229492,0.492676,0.773438,-1.4375,1.6875,0.875,0.61652,-0.0682566,-2.49714
4585,-2,-1,-2,-2,-3,-6,-2,-2,-0.0229492,0.492676,0.773438,-1.4375,1.6875,0.875,0.61652,-0.0682566,-2.49714
4585,2,23,25,5,0,7,2,2,-0.0229492,0.492676,0.773438,-1.4375,1.6875,0.875,0.61652,-0.0682566,-2.49714
4586,-3,-24,-23,-6,-4,-2,0,0,-0.0698242,0.473145,0.76123,-2.75,0.8125,6.75,0.614197,-0.0662941,-2.49494
4586,1,13,5,0,2,1,-1,1,-0.0698242,0.473145,0.76123,-2.75,0.8125,6.75,0.614197,-0.0662941,-2.49494
4599,-3,-12,6,0,0,0,0,1,-0.0698242,0.473145,0.76123,-2.75,0.8125,6.75,0.614197,-0.0662941,-2.49494
4599,-4,-13,1,-2,-2,-2,0,-3,-0.0698242,0.473145,0.76123,-2.75,0.8125,6.75,0.614197,-0.0662941,-2.49494
4615,1,14,5,1,2,2,2,-1,0.0258789,0.495605,0.733398,-1.25,-0.6875,5,0.613243,-0.0666898,-2.49358
4615,-1,3,1,-1,-1,-5,-1,1,0.0258789,0.495605,0.733398,-1.25,-0.6875,5,0.613243,-0.0666898,-2.49358
4622,-4,15,-3,0,-2,-4,-1,-1,0.0258789,0.495605,0.733398,-1.25,-0.6875,5,0.613243,-0.0666898,-2.49358
4622,1,-5,1,0,1,3,-1,2,0.0258789,0.495605,0.733398,-1.25,-0.6875,5,0.613243,-0.0666898,-2.49358
4624,1,11,27,1,0,-4,0,0,0.0830078,0.523438,0.71875,1.5,-0.25,5.9375,0.614006,-0.0684137,-2.49198
4624,0,-25,-35,-4,-5,-3,-2,-4,0.0830078,0.523438,0.71875,1.5,-0.25,5.9375,0.614006,-0.0684137,-2.49198
4645,-4,-13,14,-3,-4,-5,-1,-3,0.0830078,0.523438,0.71875,1.5,-0.25,5.9375,0.614006,-0.0684137,-2.49198
4645,-2,6,-21,-2,-2,1,-1,-2,0.0830078,0.523438,0.71875,1.5,-0.25,5.9375,0.614006,-0.0684137,-2.49198
4646,2,6,17,5,3,-1,0,1,0.10498,0.548828,0.714355,4.6875,-0.1875,6.3125,0.616347,-0.0707525,-2.49019
4646,1,10,10,1,0,-1,-1,0,0.10498,0.548828,0.714355,4.6875,-0.1875,6.3125,0.616347,-0.0707525,-2.49019
4668,-2,-4,-1,0,0,4,0,0,0.10498,0.548828,0.714355,4.6875,-0.1875,6.3125,0.616347,-0.0707525,-2.49019
4668,-1,1,-4,-4,-2,-5,-2,-4,0.10498,0.548828,0.714355,4.6875,-0.1875,6.3125,0.616347,-0.0707525,-2.49019
4669,3,-9,-11,-3,-2,-2,-2,1,0.090332,0.550781,0.722656,4.375,0.4375,6.125,0.618508,-0.0724878,-2.48847
4669,-5,2,29,2,-1,4,1,-3,0.090332,0.550781,0.722656,4.375,0.4375,6.125,0.618508,-0.0724878,-2.48847
4682,-1,-21,-29,-5,-2,0,-1,0,0.090332,0.550781,0.722656,4.375,0.4375,6.125,0.618508,-0.0724878,-2.48847
4682,0,16,22,2,-1,-2,-1,-2,0.090332,0.550781,0.722656,4.375,0.4375,6.125,0.618508,-0.0724878,-2.48847
4683,-5,-29,-24,-1,1,0,0,0,0.0727539,0.537598,0.725098,-0.4375,-0.25,6,0.61868,-0.0739069,-2.48677
4683,1,1,10,-1,-2,0,-2,0,0.0727539,0.537598,0.725098,-0.4375,-0.25,6,0.61868,-0.0739069,-2.48677
4712,0,5,4,0,-2,-4,-1,0,0.0727539,0.537598,0.725098,-0.4375,-0.25,6,0.61868,-0.0739069,-2.48677
4712,-2,2,-6,-2,1,-5,0,0,0.0727539,0.537598,0.725098,-0.4375,-0.25,6,0.61868,-0.0739069,-2.48677
4714,4,13,17,3,4,11,0,-2,0.0576172,0.516602,0.743164,-2.0625,-0.3125,5.125,0.617535,-0.0747863,-2.48534
4714,-3,-9,11,0,-3,-3,-4,0,0.0576172,0.516602,0.743164,-2.0625,-0.3125,5.125,0.617535,-0.0747863,-2.48534
4718,-1,-6,-8,-4,-3,1,-2,-2,0.0576172,0.516602,0.743164,-2.0625,-0.3125,5.125,0.617535,-0.0747863,-2.48534
4718,0,-3,-10,-2,-5,-3,-2,0,0.0576172,0.516602,0.743164,-2.0625,-0.3125,5.125,0.617535,-0.0747863,-2.48534
4735,-1,13,11,2,-3,-4,-1,0,0.0703125,0.489258,0.743652,-1.625,-0.5625,5.125,0.616172,-0.0759835,-2.48397
4735,-1,-5,-20,-2,3,2,1,-2,0.0703125,0.489258,0.743652,-1.625,-0.5625,5.125,0.616172,-0.0759835,-2.48397
4743,2,10,3,2,1,1,1,-1,0.0703125,0.489258,0.743652,-1.625,-0.5625,5.125,0.616172,-0.0759835,-2.48397
4743,0,-27,-6,-2,-3,0,-1,-3,0.0703125,0.489258,0.743652,-1.625,-0.5625,5.125,0.616172,-0.0759835,-2.48397
4744,3,7,-37,0,-5,-7,-3,0,0.074707,0.507324,0.739746,1.75,-0.125,4.6875,0.616422,-0.0771664,-2.48271
4744,-5,9,23,2,-2,1,-1,-1,0.074707,0.507324,0.739746,1.75,-0.125,4.6875,0.616422,-0.0771664,-2.48271
4765,0,1,-11,0,-1,0,0,-2,0.074707,0.507324,0.739746,1.75,-0.125,4.6875,0.616422,-0.0771664,-2.48271
4765,1,0,7,2,-1,-2,-2,0,0.074707,0.507324,0.739746,1.75,-0.125,4.6875,0.616422,-0.0771664,-2.48271
4766,-1,7,0,-5,-2,2,-1,-1,0.0795898,0.52832,0.743164,4.0625,0.6875,5.8125,0.617635,-0.07837,-2.48074
4766,1,13,-4,-1,-1,-2,0,0,0.0795898,0.52832,0.743164,4.0625,0.6875,5.8125,0.617635,-0.07837,-2.48074
4778,0,-1,5,4,3,4,-1,0,0.0795898,0.52832,0.743164,4.0625,0.6875,5.8125,0.617635,-0.07837,-2.48074
4778,-2,-12,29,-3,-2,1,-2,-2,0.0795898,0.52832,0.743164,4.0625,0.6875,5.8125,0.617635,-0.07837,-2.48074
4788,0,9,5,-2,-3,-4,1,-1,0.0864258,0.524414,0.740234,2.3125,0.9375,4.8125,0.618248,-0.0793483,-2.47928
4788,0,-2,-2,2,-1,-3,-4,-2,0.0864258,0.524414,0.740234,2.3125,0.9375,4.8125,0.618248,-0.0793483,-2.47928
4802,2,17,12,3,2,1,2,0,0.0864258,0.524414,0.740234,2.3125,0.9375,4.8125,0.618248,-0.0793483,-2.47928
4802,-2,0,12,0,2,-4,0,0,0.0864258,0.524414,0.740234,2.3125,0.9375,4.8125,0.618248,-0.0793483,-2.47928
4803,-1,3,-20,-3,-1,2,2,-2,0.0952148,0.518066,0.732422,3.25,1.8125,3.5625,0.619302,-0.0801974,-2.47787
4803,-2,-5,-5,-3,-3,-14,-2,-1,0.0952148,0.518066,0.732422,3.25,1.8125,3.5625,0.619302,-0.0801974,-2.47787
4825,1,3,-2,3,0,8,2,-1,0.0952148,0.518066,0.732422,3.25,1.8125,3.5625,0.619302,-0.0801974,-2.47787
4825,-2,-14,5,-1,-1,-2,-3,0,0.0952148,0.518066,0.732422,3.25,1.8125,3.5625,0.619302,-0.0801974,-2.47787
4826,-1,0,-8,2,4,-2,0,2,0.0952148,0.518066,0.737305,5.8125,2.75,2.875,0.621058,-0.08049,-2.4764
4826,0,-3,-8,-4,0,2,2,1,0.0952148,0.518066,0.737305,5.8125,2.75,2.875,0.621058,-0.08049,-2.4764
4838,-6,-2,-1,-4,-2,-6,-1,-2,0.0952148,0.518066,0.737305,5.8125,2.75,2.875,0.621058,-0.08049,-2.4764
4838,2,10,5,3,-3,-5,-3,-2,0.0952148,0.518066,0.737305,5.8125,2.75,2.875,0.621058,-0.08049,-2.4764
4847,-1,1,0,-2,0,6,2,0,0.0756836,0.537109,0.735352,7.625,4.0625,3,0.623686,-0.0799652,-2.47473
4847,0,2,-2,-1,-3,-9,-3,-2,0.0756836,0.537109,0.735352,7.625,4.0625,3,0.623686,-0.0799652,-2.47473
4862,-2,-25,-24,-3,-1,-4,-4,-2,0.0756836,0.537109,0.735352,7.625,4.0625,3,0.623686,-0.0799652,-2.47473
4862,-4,-6,-10,-5,-4,0,0,-2,0.0756836,0.537109,0.735352,7.625,4.0625,3,0.623686,-0.0799652,-2.47473
4863,-6,14,22,3,1,-16,-8,-5,0.0693359,0.523926,0.738281,6.625,4.5,2.75,0.625687,-0.0792391,-2.47297
4863,1,-12,-20,0,2,19,8,1,0.0693359,0.523926,0.738281,6.625,4.5,2.75,0.625687,-0.0792391,-2.47297
4886,0,5,-10,-3,-5,-3,0,1,0.0693359,0.523926,0.738281,6.625,4.5,2.75,0.625687,-0.0792391,-2.47297
4886,-1,13,12,-1,-1,3,-2,-3,0.0693359,0.523926,0.738281,6.625,4.5,2.75,0.625687,-0.0792391,-2.47297
4891,-3,-20,-17,-3,-6,-8,-4,-2,0.0742188,0.527832,0.729492,4.875,4.375,3.0625,0.627207,-0.0787552,-2.4712
4891,2,11,12,-2,1,-1,0,1,0.0742188,0.527832,0.729492,4.875,4.375,3.0625,0.627207,-0.0787552,-2.4712
4899,-2,3,-1,-1,-3,-6,-2,-1,0.0742188,0.527832,0.729492,4.875,4.375,3.0625,0.627207,-0.0787552,-2.4712
4899,0,-12,-35,-2,-4,-6,-2,-1,0.0742188,0.527832,0.729492,4.875,4.375,3.0625,0.627207,-0.0787552,-2.4712
4907,0,5,45,1,4,12,-1,0,0.0795898,0.530762,0.736816,6.625,5.3125,3.5625,0.629204,-0.0781563,-2.46908
4907,-2,7,-16,-3,-3,0,6,0,0.0795898,0.530762,0.736816,6.625,5.3125,3.5625,0.629204,-0.0781563,-2.46908
4922,-1,-18,-10,-2,0,2,-2,-1,0.0795898,0.530762,0.736816,6.625,5.3125,3.5625,0.629204,-0.0781563,-2.46908
4922,-1,2,0,4,0,-2,-1,-2,0.0795898,0.530762,0.736816,6.625,5.3125,3.5625,0.629204,-0.0781563,-2.46908
4929,4,14,25,1,-4,-1,1,-1,0.0732422,0.53418,0.734863,7.0625,6.875,3.9375,0.631531,-0.0771386,-2.46658
4929,-1,-18,-27,-7,-2,1,-5,-1,0.0732422,0.53418,0.734863,7.0625,6.875,3.9375,0.631531,-0.0771386,-2.46658
4945,0,-14,11,1,-2,-9,-5,0,0.0732422,0.53418,0.734863,7.0625,6.875,3.9375,0.631531,-0.0771386,-2.46658
4945,-4,-20,-54,-3,-1,-2,-2,-1,0.0732422,0.53418,0.734863,7.0625,6.875,3.9375,0.631531,-0.0771386,-2.46658
4947,2,9,-2,1,-4,-1,-2,1,0.0605469,0.527344,0.727539,7.625,7.6875,5.375,0.633694,-0.0758864,-2.46336
4947,-6,11,13,4,4,11,-1,-3,0.0605469,0.527344,0.727539,7.625,7.6875,5.375,0.633694,-0.0758864,-2.46336
4959,0,16,6,-5,-2,-3,2,-1,0.0605469,0.527344,0.727539,7.625,7.6875,5.375,0.633694,-0.0758864,-2.46336
4959,0,22,30,3,0,3,-2,-2,0.0605469,0.527344,0.727539,7.625,7.6875,5.375,0.633694,-0.0758864,-2.46336
4967,-7,-44,-16,-9,1,-2,1,0,0.0585938,0.533203,0.722656,4.4375,6.9375,6.5625,0.635065,-0.0750438,-2.46013
4967,-1,-21,-35,-6,-6,-10,-4,-2,0.0585938,0.533203,0.722656,4.4375,6.9375,6.5625,0.635065,-0.0750438,-2.46013
4990,1,9,13,6,-1,3,-1,0,0.0585938,0.533203,0.722656,4.4375,6.9375,6.5625,0.635065,-0.0750438,-2.46013
4990,-2,0,3,-1,1,3,0,0,0.0585938,0.533203,0.722656,4.4375,6.9375,6.5625,0.635065,-0.0750438,-2.46013
4992,2,10,-1,-1,-1,-7,0,0,0.0698242,0.524414,0.709473,5.4375,6.5,5.6875,0.636717,-0.0745163,-2.45706
4992,2,24,36,4,3,12,2,0,0.0698242,0.524414,0.709473,5.4375,6.5,5.6875,0.636717,-0.0745163,-2.45706
5012,-5,-32,-18,-4,1,-4,-1,-1,0.0698242,0.524414,0.709473,5.4375,6.5,5.6875,0.636717,-0.0745163,-2.45706
5012,1,14,-1,-4,-3,0,1,1,0.0698242,0.524414,0.709473,5.4375,6.5,5.6875,0.636717,-0.0745163,-2.45706
5014,-5,-9,-4,-1,-2,-4,-2,-2,0.0732422,0.541504,0.717285,5.6875,6.75,6,0.638683,-0.0739666,-2.45405
5014,-4,2,9,0,-2,-10,-2,0,0.0732422,0.541504,0.717285,5.6875,6.75,6,0.638683,-0.0739666,-2.45405
5035,8,26,42,1,-1,5,4,0,0.0732422,0.541504,0.717285,5.6875,6.75,6,0.638683,-0.0739666,-2.45405
5035,-3,-28,-43,-6,-2,-1,0,-1,0.0732422,0.541504,0.717285,5.6875,6.75,6,0.638683,-0.0739666,-2.45405
5036,-2,-17,-15,-1,-1,0,-2,-2,0.0703125,0.558594,0.714355,5.3125,6.625,6.375,0.640865,-0.0735602,-2.45083
5036,-2,-13,3,0,-1,-5,-3,-2,0.0703125,0.558594,0.714355,5.3125,6.625,6.375,0.640865,-0.0735602,-2.45083
5042,0,10,11,1,-2,-1,-4,-1,0.0703125,0.558594,0.714355,5.3125,6.625,6.375,0.640865,-0.0735602,-2.45083
5042,2,14,16,2,3,0,1,2,0.0703125,0.558594,0.714355,5.3125,6.625,6.375,0.640865,-0.0735602,-2.45083
5045,-2,4,-3,-5,-1,3,1,-1,0.0654297,0.54834,0.713867,3.625,5.75,6.375,0.642169,-0.0732861,-2.44788
5045,-1,2,-7,3,-4,-8,-4,-1,0.0654297,0.54834,0.713867,3.625,5.75,6.375,0.642169,-0.0732861,-2.44788
5065,-2,7,11,-1,-2,-3,-2,-1,0.0654297,0.54834,0.713867,3.625,5.75,6.375,0.642169,-0.0732861,-2.44788
5065,1,11,0,0,3,-1,-1,-2,0.0654297,0.54834,0.713867,3.625,5.75,6.375,0.642169,-0.0732861,-2.44788
5066,-2,-1,-30,-1,-2,1,1,1,0.0668945,0.541016,0.713867,2.75,4.5,6.0625,0.64306,-0.0733218,-2.44516
5066,3,2,6,3,1,3,0,1,0.0668945,0.541016,0.713867,2.75,4.5,6.0625,0.64306,-0.0733218,-2.44516
5087,-6,-20,-8,-4,-2,0,-3,-1,0.0668945,0.541016,0.713867,2.75,4.5,6.0625,0.64306,-0.0733218,-2.44516
5087,4,-8,-8,4,0,-4,3,1,0.0668945,0.541016,0.713867,2.75,4.5,6.0625,0.64306,-0.0733218,-2.44516
5089,-7,1,11,-1,-1,5,-1,-5,0.0698242,0.536621,0.712891,2.6875,3.125,6.1875,0.643933,-0.0737884,-2.4428
5089,1,10,13,-3,-4,-7,-1,-1,0.0698242,0.536621,0.712891,2.6875,3.125,6.1875,0.643933,-0.0737884,-2.4428
5102,0,10,-22,-5,0,4,-2,-2,0.0698242,0.536621,0.712891,2.6875,3.125,6.1875,0.643933,-0.0737884,-2.4428
5102,-1,-12,-3,0,0,0,-3,0,0.0698242,0.536621,0.712891,2.6875,3.125,6.1875,0.643933,-0.0737884,-2.4428
5105,2,5,-12,0,-3,-6,-3,-1,0.0693359,0.543457,0.712891,2,1.875,5.75,0.644514,-0.074565,-2.44078
5105,-1,-4,14,-2,-3,1,0,-1,0.0693359,0.543457,0.712891,2,1.875,5.75,0.644514,-0.074565,-2.44078
5125,1,6,-14,0,0,-3,0,1,0.0693359,0.543457,0.712891,2,1.875,5.75,0.644514,-0.074565,-2.44078
5125,-2,-3,31,-1,-3,-2,-4,-2,0.0693359,0.543457,0.712891,2,1.875,5.75,0.644514,-0.074565,-2.44078
5132,1,9,-3,-2,-3,4,1,0,0.0693359,0.541504,0.713867,3.8125,2.125,4.375,0.645903,-0.0749641,-2.4392
5132,-2,4,5,1,1,-3,1,0,0.0693359,0.541504,0.713867,3.8125,2.125,4.375,0.645903,-0.0749641,-2.4392
5148,5,4,9,0,2,-2,2,2,0.0693359,0.541504,0.713867,3.8125,2.125,4.375,0.645903,-0.0749641,-2.4392
5148,-9,-6,-7,-4,-4,0,-2,-4,0.0693359,0.541504,0.713867,3.8125,2.125,4.375,0.645903,-0.0749641,-2.4392
5149,0,-9,-19,-2,-2,-5,-3,-1,0.0620117,0.547852,0.716797,5.75,1.1875,3.5625,0.647851,-0.0751713,-2.43794
5149,-3,-18,-22,-6,-4,-8,-4,-2,0.0620117,0.547852,0.716797,5.75,1.1875,3.5625,0.647851,-0.0751713,-2.43794
5161,-1,3,22,2,1,10,2,1,0.0620117,0.547852,0.716797,5.75,1.1875,3.5625,0.647851,-0.0751713,-2.43794
5161,4,12,0,4,2,5,1,-1,0.0620117,0.547852,0.716797,5.75,1.1875,3.5625,0.647851,-0.0751713,-2.43794
5164,-2,2,6,-4,-3,-3,-3,-2,0.065918,0.56543,0.703613,2.75,-0.5,2.875,0.649448,-0.0758946,-2.4372
5164,-1,4,12,3,0,-1,-1,-2,0.065918,0.56543,0.703613,2.75,-0.5,2.875,0.649448,-0.0758946,-2.4372
5184,3,7,-14,-8,-3,-10,-4,-1,0.065918,0.56543,0.703613,2.75,-0.5,2.875,0.649448,-0.0758946,-2.4372
5184,-10,-6,2,-1,-3,-1,0,-6,0.065918,0.56543,0.703613,2.75,-0.5,2.875,0.649448,-0.0758946,-2.4372
5187,0,6,16,4,0,0,0,-2,0.0693359,0.5625,0.707031,1.1875,-1.5625,2.875,0.650246,-0.0768873,-2.43681
5187,0,-24,-42,-5,0,-1,-1,0,0.0693359,0.5625,0.707031,1.1875,-1.5625,2.875,0.650246,-0.0768873,-2.43681
5207,-4,-12,15,-2,-5,4,2,-1,0.0693359,0.5625,0.707031,1.1875,-1.5625,2.875,0.650246,-0.0768873,-2.43681
5207,6,-3,-2,-1,1,-7,-2,1,0.0693359,0.5625,0.707031,1.1875,-1.5625,2.875,0.650246,-0.0768873,-2.43681
5209,-1,-3,2,1,1,-2,-3,-1,0.0712891,0.55957,0.713379,2.375,-1.375,2.1875,0.651485,-0.077721,-2.43655
5209,0,18,12,7,3,4,1,-1,0.0712891,0.55957,0.713379,2.375,-1.375,2.1875,0.651485,-0.077721,-2.43655
5222,-1,18,14,-3,-1,0,-1,0,0.0712891,0.55957,0.713379,2.375,-1.375,2.1875,0.651485,-0.077721,-2.43655
5222,-1,-11,9,-5,-2,1,-2,0,0.0712891,0.55957,0.713379,2.375,-1.375,2.1875,0.651485,-0.077721,-2.43655
5229,0,-4,-18,0,-1,1,0,-2,0.0615234,0.552734,0.710449,1.5625,-1.5,1,0.652183,-0.0781349,-2.43653
5229,1,-4,8,-2,-4,1,-1,0,0.0615234,0.552734,0.710449,1.5625,-1.5,1,0.652183,-0.0781349,-2.43653
5245,-2,9,-1,-2,-2,-12,-6,-2,0.0615234,0.552734,0.710449,1.5625,-1.5,1,0.652183,-0.0781349,-2.43653
5245,0,11,12,3,0,11,3,0,0.0615234,0.552734,0.710449,1.5625,-1.5,1,0.652183,-0.0781349,-2.43653
5247,-1,-4,7,-2,3,2,2,2,0.0654297,0.556152,0.708984,0.5,-2.5625,-0.125,0.652742,-0.0786724,-2.43713
5247,2,18,10,2,-2,-2,-3,-2,0.0654297,0.556152,0.708984,0.5,-2.5625,-0.125,0.652742,-0.0786724,-2.43713
5268,-5,-17,1,2,0,-1,1,-3,0.0654297,0.556152,0.708984,0.5,-2.5625,-0.125,0.652742,-0.0786724,-2.43713
5268,-3,-7,-27,-5,-5,-10,-1,-2,0.0654297,0.556152,0.708984,0.5,-2.5625,-0.125,0.652742,-0.0786724,-2.43713
5269,1,-5,-5,3,2,-2,-1,-1,0.0683594,0.556641,0.719238,0.4375,-2.1875,-0.25,0.653074,-0.0791558,-2.43766
5269,1,-1,-7,-8,-4,-2,-1,-2,0.0683594,0.556641,0.719238,0.4375,-2.1875,-0.25,0.653074,-0.0791558,-2.43766
5290,-2,-5,-15,2,1,2,0,1,0.0683594,0.556641,0.719238,0.4375,-2.1875,-0.25,0.653074,-0.0791558,-2.43766
5290,-11,8,11,2,1,-1,-2,-3,0.0683594,0.556641,0.719238,0.4375,-2.1875,-0.25,0.653074,-0.0791558,-2.43766
5292,5,12,-4,-1,-3,-1,3,1,0.0693359,0.562988,0.705566,0.75,-1.625,-0.8125,0.653797,-0.0793587,-2.43828
5292,-5,-21,3,-7,-3,-4,-2,-2,0.0693359,0.562988,0.705566,0.75,-1.625,-0.8125,0.653797,-0.0793587,-2.43828
5305,-1,-21,-30,-4,-5,0,-1,-3,0.0693359,0.562988,0.705566,0.75,-1.625,-0.8125,0.653797,-0.0793587,-2.43828
5305,2,16,-3,-5,1,-2,-2,-1,0.0693359,0.562988,0.705566,0.75,-1.625,-0.8125,0.653797,-0.0793587,-2.43828
5311,-1,3,32,4,-1,-6,-1,0,0.0683594,0.564941,0.712891,-0.3125,-1,-1.0625,0.654033,-0.0792875,-2.43869
5311,-3,-9,-56,-3,0,3,-2,-1,0.0683594,0.564941,0.712891,-0.3125,-1,-1.0625,0.654033,-0.0792875,-2.43869
5335,-2,-22,-17,0,-1,0,-9,-2,0.0683594,0.564941,0.712891,-0.3125,-1,-1.0625,0.654033,-0.0792875,-2.43869
5335,1,-3,11,-3,-2,-2,10,2,0.0683594,0.564941,0.712891,-0.3125,-1,-1.0625,0.654033,-0.0792875,-2.43869
5336,-2,8,23,-6,-3,-1,-3,-4,0.0703125,0.550293,0.712402,-2.125,-1.9375,-1,0.653433,-0.0796316,-2.4394
5336,2,3,9,2,0,2,1,0,0.0703125,0.550293,0.712402,-2.125,-1.9375,-1,0.653433,-0.0796316,-2.4394
5342,2,32,-1,5,2,-13,0,1,0.0703125,0.550293,0.712402,-2.125,-1.9375,-1,0.653433,-0.0796316,-2.4394
5342,-1,-36,-41,-12,-3,8,-4,-3,0.0703125,0.550293,0.712402,-2.125,-1.9375,-1,0.653433,-0.0796316,-2.4394
5349,0,-8,1,2,-1,-5,-2,1,0.0712891,0.535156,0.711914,-0.875,-2,-0.9375,0.653018,-0.0799476,-2.44003
5349,-2,1,10,2,-1,0,2,-1,0.0712891,0.535156,0.711914,-0.875,-2,-0.9375,0.653018,-0.0799476,-2.44003
5365,-2,0,-11,-2,-1,12,0,-1,0.0712891,0.535156,0.711914,-0.875,-2,-0.9375,0.653018,-0.0799476,-2.44003
5365,2,17,15,0,-1,2,0,-1,0.0712891,0.535156,0.711914,-0.875,-2,-0.9375,0.653018,-0.0799476,-2.44003
5366,1,-18,-12,-4,0,-2,2,-1,0.0722656,0.546875,0.708984,-0.9375,-2,-0.4375,0.652807,-0.0803647,-2.44053
5366,-8,-2,-10,0,0,4,-2,-5,0.0722656,0.546875,0.708984,-0.9375,-2,-0.4375,0.652807,-0.0803647,-2.44053
5388,-1,-6,13,-1,-6,-7,-1,-3,0.0722656,0.546875,0.708984,-0.9375,-2,-0.4375,0.652807,-0.0803647,-2.44053
5388,4,-1,-3,2,-1,-14,-3,1,0.0722656,0.546875,0.708984,-0.9375,-2,-0.4375,0.652807,-0.0803647,-2.44053
5388,-4,0,-2,-7,-1,9,-1,-2,0.0771484,0.54541,0.721191,-0.5625,-2,-0.4375,0.652591,-0.0809196,-2.44109
5388,3,8,9,3,2,2,1,3,0.0771484,0.54541,0.721191,-0.5625,-2,-0.4375,0.652591,-0.0809196,-2.44109
5402,-1,13,-1,0,1,6,3,2,0.0771484,0.54541,0.721191,-0.5625,-2,-0.4375,0.652591,-0.0809196,-2.44109
5402,4,-1,24,0,-1,-2,-1,1,0.0771484,0.54541,0.721191,-0.5625,-2,-0.4375,0.652591,-0.0809196,-2.44109
5409,-6,-4,-5,-4,-5,-8,-2,-3,0.0849609,0.545898,0.719238,-1.1875,-1.375,0,0.652183,-0.0816277,-2.44136
5409,3,2,12,-4,1,2,-3,-2,0.0849609,0.545898,0.719238,-1.1875,-1.375,0,0.652183,-0.0816277,-2.44136
5425,-1,0,-6,1,0,0,6,-2,0.0849609,0.545898,0.719238,-1.1875,-1.375,0,0.652183,-0.0816277,-2.44136
5425,0,7,-4,2,-1,-3,-10,-1,0.0849609,0.545898,0.719238,-1.1875,-1.375,0,0.652183,-0.0816277,-2.44136
5427,5,12,8,3,2,0,-3,0,0.0732422,0.544434,0.709473,-0.75,-1.5625,0.875,0.651971,-0.0822079,-2.44143
5427,4,14,1,2,-2,-2,-1,0,0.0732422,0.544434,0.709473,-0.75,-1.5625,0.875,0.651971,-0.0822079,-2.44143
5447,-5,-39,-9,-9,-4,-10,-4,-3,0.0732422,0.544434,0.709473,-0.75,-1.5625,0.875,0.651971,-0.0822079,-2.44143
5447,-1,9,0,3,0,9,4,-1,0.0732422,0.544434,0.709473,-0.75,-1.5625,0.875,0.651971,-0.0822079,-2.44143
5449,2,-3,-7,-3,-4,-1,1,0,0.0771484,0.55127,0.713379,-0.875,-1.875,0.5,0.651835,-0.0828609,-2.44173
5449,-7,0,-2,0,-1,5,0,1,0.0771484,0.55127,0.713379,-0.875,-1.875,0.5,0.651835,-0.0828609,-2.44173
5462,2,4,6,0,0,2,4,-1,0.0771484,0.55127,0.713379,-0.875,-1.875,0.5,0.651835,-0.0828609,-2.44173
5462,3,1,-11,0,3,-2,-8,1,0.0771484,0.55127,0.713379,-0.875,-1.875,0.5,0.651835,-0.0828609,-2.44173
5485,-4,36,4,0,3,4,-3,-1,0.0791016,0.554688,0.717773,-1,-1.4375,0.1875,0.651648,-0.0833938,-2.44198
5485,-8,-75,-20,-9,-8,-11,-5,-4,0.0791016,0.554688,0.717773,-1,-1.4375,0.1875,0.651648,-0.0833938,-2.44198
5493,-1,5,13,3,-1,-1,-3,0,0.0791016,0.554688,0.717773,-1,-1.4375,0.1875,0.651648,-0.0833938,-2.44198
5493,-3,-8,-23,-7,-5,-9,1,-1,0.0791016,0.554688,0.717773,-1,-1.4375,0.1875,0.651648,-0.0833938,-2.44198
5493,4,14,8,6,0,3,1,1,0.0708008,0.543457,0.716309,-0.5625,-1.4375,1.375,0.65128,-0.0839802,-2.44182
5493,3,15,1,2,-2,-3,0,1,0.0708008,0.543457,0.716309,-0.5625,-1.4375,1.375,0.65128,-0.0839802,-2.44182
5507,-11,-12,-39,-5,1,2,-1,-2,0.0708008,0.543457,0.716309,-0.5625,-1.4375,1.375,0.65128,-0.0839802,-2.44182
5507,-2,3,7,-2,-3,0,0,-1,0.0708008,0.543457,0.716309,-0.5625,-1.4375,1.375,0.65128,-0.0839802,-2.44182
5514,-1,-6,-8,0,0,-5,-1,1,0.0722656,0.540039,0.711914,-1.8125,-1.625,0.5,0.650725,-0.0843806,-2.44205
5514,2,3,-1,-2,-3,-8,-1,-1,0.0722656,0.540039,0.711914,-1.8125,-1.625,0.5,0.650725,-0.0843806,-2.44205
5521,0,0,8,2,0,6,1,0,0.0722656,0.540039,0.711914,-1.8125,-1.625,0.5,0.650725,-0.0843806,-2.44205
5521,6,-4,-2,-2,-4,-4,0,-2,0.0722656,0.540039,0.711914,-1.8125,-1.625,0.5,0.650725,-0.0843806,-2.44205
5530,-9,-14,-12,-2,0,-5,-5,-2,0.0737305,0.543457,0.722168,-0.9375,-1.0625,0.0625,0.650316,-0.0847227,-2.44219
5530,1,7,6,2,0,-11,-10,0,0.0737305,0.543457,0.722168,-0.9375,-1.0625,0.0625,0.650316,-0.0847227,-2.44219
5545,-3,-6,2,0,-3,6,1,-4,0.0737305,0.543457,0.722168,-0.9375,-1.0625,0.0625,0.650316,-0.0847227,-2.44219
5545,-1,3,1,0,2,8,3,0,0.0737305,0.543457,0.722168,-0.9375,-1.0625,0.0625,0.650316,-0.0847227,-2.44219
5547,8,-5,28,0,1,4,17,2,0.0800781,0.538086,0.714844,0.5625,-1.125,-0.25,0.650312,-0.0850508,-2.4424
5547,-1,5,-16,-4,-1,-4,-15,-1,0.0800781,0.538086,0.714844,0.5625,-1.125,-0.25,0.650312,-0.0850508,-2.4424
5568,1,-3,0,-3,-2,-12,-7,0,0.0800781,0.538086,0.714844,0.5625,-1.125,-0.25,0.650312,-0.0850508,-2.4424
5568,5,5,2,2,-3,-8,-4,-3,0.0800781,0.538086,0.714844,0.5625,-1.125,-0.25,0.650312,-0.0850508,-2.4424
5569,-2,-20,-8,-6,-4,4,-1,-1,0.0874023,0.550293,0.719238,0.625,-0.875,-1.3125,0.650759,-0.0852702,-2.44307
5569,0,22,6,1,-1,9,16,2,0.0874023,0.550293,0.719238,0.625,-0.875,-1.3125,0.650759,-0.0852702,-2.44307
5590,0,2,34,-1,-1,0,1,1,0.0874023,0.550293,0.719238,0.625,-0.875,-1.3125,0.650759,-0.0852702,-2.44307
5590,-5,-29,-25,-4,1,9,-3,0,0.0874023,0.550293,0.719238,0.625,-0.875,-1.3125,0.650759,-0.0852702,-2.44307
5592,1,-1,14,3,0,0,-1,1,0.0854492,0.543945,0.71875,1.4375,-0.75,-1.125,0.651226,-0.0854282,-2.44352
5592,-3,7,1,-2,2,-1,2,-5,0.0854492,0.543945,0.71875,1.4375,-0.75,-1.125,0.651226,-0.0854282,-2.44352
5604,-2,6,-9,-1,-1,-5,-4,-1,0.0854492,0.543945,0.71875,1.4375,-0.75,-1.125,0.651226,-0.0854282,-2.44352
5604,-6,4,4,1,-3,-6,-5,-3,0.0854492,0.543945,0.71875,1.4375,-0.75,-1.125,0.651226,-0.0854282,-2.44352
5607,-4,-10,-6,-2,2,1,4,2,0.0717773,0.557129,0.712402,0.375,-1.5625,-0.8125,0.651686,-0.0855475,-2.44406
5607,-1,-9,0,-1,1,5,-5,-11,0.0717773,0.557129,0.712402,0.375,-1.5625,-0.8125,0.651686,-0.0855475,-2.44406
5627,4,8,11,1,-1,-1,-1,0,0.0717773,0.557129,0.712402,0.375,-1.5625,-0.8125,0.651686,-0.0855475,-2.44406
5627,-1,10,-7,-3,-4,-5,-3,-3,0.0717773,0.557129,0.712402,0.375,-1.5625,-0.8125,0.651686,-0.0855475,-2.44406
5629,-4,-8,-24,0,-3,-7,-4,-3,0.081543,0.550781,0.703125,-2.25,-1.75,-1.25,0.651238,-0.0858358,-2.44467
5629,0,7,10,-2,-2,-4,1,1,0.081543,0.550781,0.703125,-2.25,-1.75,-1.25,0.651238,-0.0858358,-2.44467
5641,3,10,27,0,3,-1,0,0,0.081543,0.550781,0.703125,-2.25,-1.75,-1.25,0.651238,-0.0858358,-2.44467
5641,-6,-30,-75,-7,-4,-10,-3,-3,0.081543,0.550781,0.703125,-2.25,-1.75,-1.25,0.651238,-0.0858358,-2.44467
5658,0,0,3,2,2,14,-5,0,0.0766602,0.54248,0.728027,-1.125,-1.125,-1.3125,0.65064,-0.0858165,-2.44524
5658,-2,-6,-13,0,-1,1,3,-3,0.0766602,0.54248,0.728027,-1.125,-1.125,-1.3125,0.65064,-0.0858165,-2.44524
5665,0,12,19,2,-3,-5,-16,-4,0.0766602,0.54248,0.728027,-1.125,-1.125,-1.3125,0.65064,-0.0858165,-2.44524
5665,1,12,21,-4,0,1,11,3,0.0766602,0.54248,0.728027,-1.125,-1.125,-1.3125,0.65064,-0.0858165,-2.44524
5666,-1,4,-6,2,-1,-5,-1,-2,0.0742188,0.541504,0.718262,-0.0625,-0.875,-0.8125,0.650671,-0.0858078,-2.44535
5666,0,-6,11,1,-2,-8,-12,2,0.0742188,0.541504,0.718262,-0.0625,-0.875,-0.8125,0.650671,-0.0858078,-2.44535
5688,0,-7,-24,0,0,0,9,1,0.0742188,0.541504,0.718262,-0.0625,-0.875,-0.8125,0.650671,-0.0858078,-2.44535
5688,1,4,21,6,4,10,4,1,0.0742188,0.541504,0.718262,-0.0625,-0.875,-0.8125,0.650671,-0.0858078,-2.44535
5689,3,0,0,-2,-1,4,-4,-7,0.0717773,0.549316,0.714355,-0.125,-0.5,-0.75,0.650671,-0.0858078,-2.44535
5689,-2,27,22,1,-1,-8,4,3,0.0717773,0.549316,0.714355,-0.125,-0.5,-0.75,0.650671,-0.0858078,-2.44535
5702,-3,-40,-57,-1,2,13,3,0,0.0717773,0.549316,0.714355,-0.125,-0.5,-0.75,0.650671,-0.0858078,-2.44535
5702,1,-3,7,-4,-2,-6,-1,1,0.0717773,0.549316,0.714355,-0.125,-0.5,-0.75,0.650671,-0.0858078,-2.44535
5710,0,16,5,-1,-4,-1,0,1,0.0732422,0.556152,0.732422,-0.9375,0.3125,-1.25,0.650399,-0.0853347,-2.44562
5710,-1,-17,2,-1,-2,-6,-4,-1,0.0732422,0.556152,0.732422,-0.9375,0.3125,-1.25,0.650399,-0.0853347,-2.44562
5725,2,8,7,1,-1,-1,0,0,0.0732422,0.556152,0.732422,-0.9375,0.3125,-1.25,0.650399,-0.0853347,-2.44562
5725,-1,26,0,-2,-1,-1,-9,-1,0.0732422,0.556152,0.732422,-0.9375,0.3125,-1.25,0.650399,-0.0853347,-2.44562
5726,-2,-29,-8,-3,-1,-4,7,1,0.0708008,0.541016,0.716797,0.3125,0.8125,-0.8125,0.650266,-0.0852936,-2.44558
5726,-1,2,4,-4,-3,4,2,-1,0.0708008,0.541016,0.716797,0.3125,0.8125,-0.8125,0.650266,-0.0852936,-2.44558
5747,-8,-6,-7,2,-1,-14,2,-1,0.0708008,0.541016,0.716797,0.3125,0.8125,-0.8125,0.650266,-0.0852936,-2.44558
5747,-4,-4,14,5,0,4,-12,-4,0.0708008,0.541016,0.716797,0.3125,0.8125,-0.8125,0.650266,-0.0852936,-2.44558
5749,11,19,1,-2,0,10,-5,1,0.0673828,0.541992,0.705078,0.75,0.3125,-0.625,0.650266,-0.0852936,-2.44558
5749,-3,-12,-12,4,2,0,2,0,0.0673828,0.541992,0.705078,0.75,0.3125,-0.625,0.650266,-0.0852936,-2.44558
5761,-2,-8,20,-7,-4,-4,2,-2,0.0673828,0.541992,0.705078,0.75,0.3125,-0.625,0.650266,-0.0852936,-2.44558
5761,-3,-16,4,-3,-7,-9,0,-3,0.0673828,0.541992,0.705078,0.75,0.3125,-0.625,0.650266,-0.0852936,-2.44558
5770,-4,-2,-5,-6,-4,-11,-3,-3,0.0732422,0.553223,0.711426,-0.5625,-0.3125,-0.9375,0.650443,-0.0852262,-2.4456
5770,5,1,-2,2,1,-1,5,2,0.0732422,0.553223,0.711426,-0.5625,-0.3125,-0.9375,0.650443,-0.0852262,-2.4456
5785,2,10,-5,1,0,1,-6,-1,0.0732422,0.553223,0.711426,-0.5625,-0.3125,-0.9375,0.650443,-0.0852262,-2.4456
5785,-4,6,1,2,5,10,5,1,0.0732422,0.553223,0.711426,-0.5625,-0.3125,-0.9375,0.650443,-0.0852262,-2.4456
5786,-4,-1,8,-5,-4,2,-3,-2,0.0766602,0.544922,0.711914,-2.625,-1.625,-0.125,0.649573,-0.0856157,-2.44586
5786,-2,-16,4,-2,-3,-13,-5,0,0.0766602,0.544922,0.711914,-2.625,-1.625,-0.125,0.649573,-0.0856157,-2.44586
5807,-1,-17,-16,-4,-5,10,0,-1,0.0766602,0.544922,0.711914,-2.625,-1.625,-0.125,0.649573,-0.0856157,-2.44586
5807,0,2,2,3,-3,-13,5,4,0.0766602,0.544922,0.711914,-2.625,-1.625,-0.125,0.649573,-0.0856157,-2.44586
5809,-2,3,-10,0,-2,-6,-6,-8,0.074707,0.54248,0.712402,-3.9375,-2.0625,1.25,0.648317,-0.0864638,-2.44601
5809,-6,4,-43,-3,1,4,-3,-3,0.074707,0.54248,0.712402,-3.9375,-2.0625,1.25,0.648317,-0.0864638,-2.44601
5822,-3,-1,1,0,-2,-10,-7,1,0.074707,0.54248,0.712402,-3.9375,-2.0625,1.25,0.648317,-0.0864638,-2.44601
5822,5,8,11,-1,1,9,1,0,0.074707,0.54248,0.712402,-3.9375,-2.0625,1.25,0.648317,-0.0864638,-2.44601
5830,-9,-10,-20,-3,-4,-19,-4,-1,0.0854492,0.541504,0.719238,-2.8125,-1.8125,-0.5625,0.647386,-0.0870241,-2.44652
5830,0,-1,10,-5,-5,1,1,-1,0.0854492,0.541504,0.719238,-2.8125,-1.8125,-0.5625,0.647386,-0.0870241,-2.44652
5846,1,-1,-12,-4,2,11,1,0,0.0854492,0.541504,0.719238,-2.8125,-1.8125,-0.5625,0.647386,-0.0870241,-2.44652
5846,-4,-2,11,-2,-2,-3,-3,-3,0.0854492,0.541504,0.719238,-2.8125,-1.8125,-0.5625,0.647386,-0.0870241,-2.44652
5847,-1,6,10,-2,0,-4,-7,2,0.0874023,0.546387,0.725586,-0.3125,-1.25,-0.25,0.647195,-0.0875201,-2.44686
5847,-1,-3,-8,0,0,9,-1,-1,0.0874023,0.546387,0.725586,-0.3125,-1.25,-0.25,0.647195,-0.0875201,-2.44686
5867,5,30,33,0,-3,-21,-1,2,0.0874023,0.546387,0.725586,-0.3125,-1.25,-0.25,0.647195,-0.0875201,-2.44686
5867,-4,-34,4,-5,-6,4,-4,-5,0.0874023,0.546387,0.725586,-0.3125,-1.25,-0.25,0.647195,-0.0875201,-2.44686
5869,-5,-2,-19,-3,2,26,8,1,0.0805664,0.550293,0.722168,-0.875,-0.375,-0.125,0.647195,-0.0875201,-2.44686
5869,3,-3,10,-2,-2,-17,5,0,0.0805664,0.550293,0.722168,-0.875,-0.375,-0.125,0.647195,-0.0875201,-2.44686
5881,5,6,3,5,0,14,-2,0,0.0805664,0.550293,0.722168,-0.875,-0.375,-0.125,0.647195,-0.0875201,-2.44686
5881,1,19,7,2,8,22,-5,-1,0.0805664,0.550293,0.722168,-0.875,-0.375,-0.125,0.647195,-0.0875201,-2.44686
5889,3,9,47,4,1,-1,4,1,0.0708008,0.552734,0.716797,-0.0625,0.5625,-0.5625,0.6472,-0.0873817,-2.44681
5889,-11,-72,-73,-13,-10,-20,-15,-6,0.0708008,0.552734,0.716797,-0.0625,0.5625,-0.5625,0.6472,-0.0873817,-2.44681
5904,1,10,10,-1,-9,-32,-7,-3,0.0708008,0.552734,0.716797,-0.0625,0.5625,-0.5625,0.6472,-0.0873817,-2.44681
5904,0,1,-2,-1,8,35,18,1,0.0708008,0.552734,0.716797,-0.0625,0.5625,-0.5625,0.6472,-0.0873817,-2.44681
5906,-3,1,7,2,-2,-8,6,3,0.0703125,0.527832,0.714844,1.6875,0.4375,0.1875,0.647571,-0.0871851,-2.44661
5906,3,28,20,3,4,32,-5,-2,0.0703125,0.527832,0.714844,1.6875,0.4375,0.1875,0.647571,-0.0871851,-2.44661
5927,-3,-10,-12,1,-1,-8,-3,-3,0.0703125,0.527832,0.714844,1.6875,0.4375,0.1875,0.647571,-0.0871851,-2.44661
5927,-3,-5,-14,-5,-3,-15,-6,-3,0.0703125,0.527832,0.714844,1.6875,0.4375,0.1875,0.647571,-0.0871851,-2.44661
5929,-4,-4,-18,0,-2,-16,0,-3,0.0708008,0.536133,0.716797,2.0625,0.8125,-0.875,0.648215,-0.0865805,-2.44673
5929,0,12,16,5,3,11,7,3,0.0708008,0.536133,0.716797,2.0625,0.8125,-0.875,0.648215,-0.0865805,-2.44673
5940,-3,-28,-51,-5,2,5,-5,-1,0.0708008,0.536133,0.716797,2.0625,0.8125,-0.875,0.648215,-0.0865805,-2.44673
5940,0,6,4,0,-2,-1,4,3,0.0708008,0.536133,0.716797,2.0625,0.8125,-0.875,0.648215,-0.0865805,-2.44673
5957,1,7,-2,-1,3,5,-2,0,0.0869141,0.548828,0.729004,2.9375,1.4375,-1.8125,0.649232,-0.0859693,-2.44681
5957,2,-6,-1,0,-7,-18,6,-3,0.0869141,0.548828,0.729004,2.9375,1.4375,-1.8125,0.649232,-0.0859693,-2.44681
5964,-12,-20,-3,-8,-5,-1,9,-2,0.0869141,0.548828,0.729004,2.9375,1.4375,-1.8125,0.649232,-0.0859693,-2.44681
5964,4,-1,-1,3,-4,-14,-5,0,0.0869141,0.548828,0.729004,2.9375,1.4375,-1.8125,0.649232,-0.0859693,-2.44681
5966,1,-12,-16,-2,0,13,0,-3,0.0805664,0.552246,0.719238,1.625,1.6875,-1.0625,0.649845,-0.0853732,-2.44682
5966,3,21,20,3,2,-2,-6,-1,0.0805664,0.552246,0.719238,1.625,1.6875,-1.0625,0.649845,-0.0853732,-2.44682
5987,1,27,24,-4,1,3,-7,-1,0.0805664,0.552246,0.719238,1.625,1.6875,-1.0625,0.649845,-0.0853732,-2.44682
5987,-7,-16,0,-4,-6,-21,-4,-1,0.0805664,0.552246,0.719238,1.625,1.6875,-1.0625,0.649845,-0.0853732,-2.44682
5988,2,7,7,1,-8,-16,-4,-1,0.0727539,0.554199,0.709473,-0.75,1.4375,-0.5625,0.649826,-0.0847399,-2.4467
5988,-3,8,10,0,2,25,8,4,0.0727539,0.554199,0.709473,-0.75,1.4375,-0.5625,0.649826,-0.0847399,-2.4467
6009,3,14,12,3,5,14,0,1,0.0727539,0.554199,0.709473,-0.75,1.4375,-0.5625,0.649826,-0.0847399,-2.4467
6009,-1,1,-4,-1,-2,-16,-5,-5,0.0727539,0.554199,0.709473,-0.75,1.4375,-0.5625,0.649826,-0.0847399,-2.4467
6011,-7,-17,-13,-4,-3,-2,-6,-2,0.0649414,0.529785,0.705566,-2.125,0.8125,0.625,0.648983,-0.0844121,-2.44631
6011,1,15,6,1,-6,-31,5,1,0.0649414,0.529785,0.705566,-2.125,0.8125,0.625,0.648983,-0.0844121,-2.44631
6024,-1,-29,-20,-8,-7,-26,-20,-2,0.0649414,0.529785,0.705566,-2.125,0.8125,0.625,0.648983,-0.0844121,-2.44631
6024,8,11,2,9,9,50,5,5,0.0649414,0.529785,0.705566,-2.125,0.8125,0.625,0.648983,-0.0844121,-2.44631
6026,-16,-25,-27,-5,-2,0,0,-4,0.0644531,0.529297,0.715332,-1.3125,-0.25,0.4375,0.648344,-0.0843362,-2.44626
6026,7,2,6,2,9,20,24,5,0.0644531,0.529297,0.715332,-1.3125,-0.25,0.4375,0.648344,-0.0843362,-2.44626
6047,-4,3,-1,1,1,9,-4,1,0.0644531,0.529297,0.715332,-1.3125,-0.25,0.4375,0.648344,-0.0843362,-2.44626
6047,4,6,2,2,-3,-40,2,1,0.0644531,0.529297,0.715332,-1.3125,-0.25,0.4375,0.648344,-0.0843362,-2.44626
6048,3,8,0,0,1,55,5,0,0.0717773,0.555664,0.715332,-2.1875,-0.5,-0.5,0.647824,-0.0842247,-2.44642
6048,8,-8,-7,-11,-4,-5,-20,-4,0.0717773,0.555664,0.715332,-2.1875,-0.5,-0.5,0.647824,-0.0842247,-2.44642
6069,-9,15,10,3,4,1,0,-3,0.0717773,0.555664,0.715332,-2.1875,-0.5,-0.5,0.647824,-0.0842247,-2.44642
6069,-2,-1,50,4,-2,-5,16,-2,0.0717773,0.555664,0.715332,-2.1875,-0.5,-0.5,0.647824,-0.0842247,-2.44642
6071,-2,-28,-44,-7,-5,-24,14,-3,0.0556641,0.5625,0.730957,-3,-0.3125,1,0.646963,-0.0839581,-2.44625
6071,-1,-3,12,1,-1,8,-6,-2,0.0556641,0.5625,0.730957,-3,-0.3125,1,0.646963,-0.0839581,-2.44625
6092,5,1,2,-3,-4,10,-15,-1,0.0556641,0.5625,0.730957,-3,-0.3125,1,0.646963,-0.0839581,-2.44625
6092,-3,6,2,-2,-4,-15,-11,2,0.0556641,0.5625,0.730957,-3,-0.3125,1,0.646963,-0.0839581,-2.44625
6110,0,11,16,0,-2,-16,-4,-2,0.0727539,0.547363,0.724121,-3,0.125,-0.3125,0.645906,-0.0838206,-2.4463
6110,-13,2,-2,-7,-10,-53,-7,-5,0.0727539,0.547363,0.724121,-3,0.125,-0.3125,0.645906,-0.0838206,-2.4463
6111,1,-21,-19,9,15,49,40,3,0.0727539,0.547363,0.724121,-3,0.125,-0.3125,0.645906,-0.0838206,-2.4463
6111,-3,-8,-24,-5,-10,-22,-15,-6,0.0727539,0.547363,0.724121,-3,0.125,-0.3125,0.645906,-0.0838206,-2.4463
6121,8,12,12,5,16,71,53,12,0.0776367,0.534668,0.732422,-2.4375,1.875,-1.375,0.644794,-0.08302,-2.44619
6121,0,-2,-10,0,-5,-13,-39,-1,0.0776367,0.534668,0.732422,-2.4375,1.875,-1.375,0.644794,-0.08302,-2.44619
6130,2,15,16,-3,-14,-78,-3,-6,0.0776367,0.534668,0.732422,-2.4375,1.875,-1.375,0.644794,-0.08302,-2.44619
6130,-4,-8,-17,0,4,9,-21,5,0.0776367,0.534668,0.732422,-2.4375,1.875,-1.375,0.644794,-0.08302,-2.44619
6131,9,7,38,4,0,32,68,10,0.0942383,0.536621,0.72998,0.6875,4.25,-2.25,0.644817,-0.0819108,-2.44591
6131,-2,2,5,2,15,61,-55,-5,0.0942383,0.536621,0.72998,0.6875,4.25,-2.25,0.644817,-0.0819108,-2.44591
6145,-11,-1,-5,-8,-11,-60,13,-6,0.0942383,0.536621,0.72998,0.6875,4.25,-2.25,0.644817,-0.0819108,-2.44591
6145,3,-6,-13,-4,-1,8,-21,-10,0.0942383,0.536621,0.72998,0.6875,4.25,-2.25,0.644817,-0.0819108,-2.44591
6151,0,7,11,0,-19,-113,-70,-8,0.09375,0.554688,0.75,2.25,7.8125,-3.75,0.645317,-0.0794315,-2.44534
6151,-3,-5,0,8,11,89,64,-12,0.09375,0.554688,0.75,2.25,7.8125,-3.75,0.645317,-0.0794315,-2.44534
6167,13,2,0,11,32,112,31,32,0.09375,0.554688,0.75,2.25,7.8125,-3.75,0.645317,-0.0794315,-2.44534
6167,6,3,-8,-4,3,1,44,0,0.09375,0.554688,0.75,2.25,7.8125,-3.75,0.645317,-0.0794315,-2.44534
6169,-4,1,-5,-6,-6,-35,-50,-12,0.103027,0.590332,0.771484,2.6875,14.25,-7.375,0.646408,-0.0745862,-2.44435
6169,-6,4,5,-3,-11,-74,-12,-6,0.103027,0.590332,0.771484,2.6875,14.25,-7.375,0.646408,-0.0745862,-2.44435
6190,3,-10,-15,-3,-14,-76,-65,-9,0.103027,0.590332,0.771484,2.6875,14.25,-7.375,0.646408,-0.0745862,-2.44435
6190,-10,5,20,1,10,59,38,-3,0.103027,0.590332,0.771484,2.6875,14.25,-7.375,0.646408,-0.0745862,-2.44435
6196,-2,-9,-32,-4,-18,-76,-25,5,0.0791016,0.566406,0.781738,6.5,23.9375,-9.0625,0.647964,-0.0664848,-2.44181
6196,-4,-4,-4,-2,-7,0,89,-2,0.0791016,0.566406,0.781738,6.5,23.9375,-9.0625,0.647964,-0.0664848,-2.44181
6203,-6,5,9,0,3,54,-20,7,0.0791016,0.566406,0.781738,6.5,23.9375,-9.0625,0.647964,-0.0664848,-2.44181
6203,-14,-6,-8,-8,-23,-105,-92,-22,0.0791016,0.566406,0.781738,6.5,23.9375,-9.0625,0.647964,-0.0664848,-2.44181
6212,7,-2,2,3,12,36,92,-10,0.0600586,0.535645,0.714844,-1.125,28.1875,-10.3125,0.647246,-0.0566264,-2.43875
6212,18,2,-2,0,17,69,-40,-38,0.0600586,0.535645,0.714844,-1.125,28.1875,-10.3125,0.647246,-0.0566264,-2.43875
6228,-25,-4,-7,-3,-2,40,37,67,0.0600586,0.535645,0.714844,-1.125,28.1875,-10.3125,0.647246,-0.0566264,-2.43875
6228,7,-10,-14,-12,-16,-69,62,-25,0.0600586,0.535645,0.714844,-1.125,28.1875,-10.3125,0.647246,-0.0566264,-2.43875
6229,10,7,8,5,9,-7,-17,4,0.0546875,0.526855,0.715332,-4.1875,31.5,-7.5,0.645359,-0.046682,-2.43417
6229,6,2,3,-1,-16,-100,-20,40,0.0546875,0.526855,0.715332,-4.1875,31.5,-7.5,0.645359,-0.046682,-2.43417
6250,4,0,6,7,5,68,32,-87,0.0546875,0.526855,0.715332,-4.1875,31.5,-7.5,0.645359,-0.046682,-2.43417
6250,9,3,0,6,-11,-45,33,42,0.0546875,0.526855,0.715332,-4.1875,31.5,-7.5,0.645359,-0.046682,-2.43417
6252,-54,-17,-1,-7,16,81,-101,-50,0.0791016,0.54248,0.794922,-0.25,34.625,-9.375,0.644075,-0.0360414,-2.42941
6252,11,8,5,2,21,119,50,72,0.0791016,0.54248,0.794922,-0.25,34.625,-9.375,0.644075,-0.0360414,-2.42941
6264,0,-1,-6,-11,-48,-128,-80,-79,0.0791016,0.54248,0.794922,-0.25,34.625,-9.375,0.644075,-0.0360414,-2.42941
6264,12,6,-3,7,43,127,95,-30,0.0791016,0.54248,0.794922,-0.25,34.625,-9.375,0.644075,-0.0360414,-2.42941
6273,-13,1,-2,0,4,-24,-102,8,0.0170898,0.572266,0.736816,-3,35.5,-6,0.643234,-0.0247874,-2.42365
6273,-2,-6,-6,-7,-29,-94,-25,50,0.0170898,0.572266,0.736816,-3,35.5,-6,0.643234,-0.0247874,-2.42365
6289,6,1,-2,-5,-5,-5,-69,-22,0.0170898,0.572266,0.736816,-3,35.5,-6,0.643234,-0.0247874,-2.42365
6289,10,14,-2,1,-6,38,-38,-29,0.0170898,0.572266,0.736816,-3,35.5,-6,0.643234,-0.0247874,-2.42365
6290,16,-15,0,0,23,83,-26,15,-0.0375977,0.621582,0.739746,-20.25,33.3125,0.125,0.637395,-0.0141915,-2.41667
6290,-10,-9,-6,-4,-6,-86,37,-43,-0.0375977,0.621582,0.739746,-20.25,33.3125,0.125,0.637395,-0.0141915,-2.41667
6310,-48,-20,-12,-15,-40,-110,-59,-8,-0.0375977,0.621582,0.739746,-20.25,33.3125,0.125,0.637395,-0.0141915,-2.41667
6310,6,11,4,4,17,118,60,-38,-0.0375977,0.621582,0.739746,-20.25,33.3125,0.125,0.637395,-0.0141915,-2.41667
6316,17,-2,0,-11,-32,-116,14,-1,-0.0795898,0.539062,0.664551,-39.25,22,6.375,0.624843,-0.00719658,-2.41038
6316,2,4,6,13,19,45,57,-24,-0.0795898,0.539062,0.664551,-39.25,22,6.375,0.624843,-0.00719658,-2.41038
6323,-3,-10,-9,-7,-11,-52,71,-2,-0.0795898,0.539062,0.664551,-39.25,22,6.375,0.624843,-0.00719658,-2.41038
6323,-10,-3,-4,-1,-9,-68,-27,-7,-0.0795898,0.539062,0.664551,-39.25,22,6.375,0.624843,-0.00719658,-2.41038
6340,-28,-11,-8,-10,-8,35,-35,-70,-0.0458984,0.45752,0.602539,-48.9375,7.625,4.625,0.608561,-0.00475702,-2.40745
6340,-1,3,-5,-2,35,97,66,-79,-0.0458984,0.45752,0.602539,-48.9375,7.625,4.625,0.608561,-0.00475702,-2.40745
6347,-8,-6,1,-4,-18,-60,32,33,-0.0458984,0.45752,0.602539,-48.9375,7.625,4.625,0.608561,-0.00475702,-2.40745
6347,-19,1,2,8,0,33,-110,16,-0.0458984,0.45752,0.602539,-48.9375,7.625,4.625,0.608561,-0.00475702,-2.40745
6349,25,6,-6,2,27,72,127,97,-0.0791016,0.32959,0.654785,-47.75,-4.625,10.0625,0.589675,-0.00601316,-2.40549
6349,34,11,9,5,-2,-38,-29,22,-0.0791016,0.32959,0.654785,-47.75,-4.625,10.0625,0.589675,-0.00601316,-2.40549
6377,-3,14,-2,-9,-11,19,-54,-23,-0.0791016,0.32959,0.654785,-47.75,-4.625,10.0625,0.589675,-0.00601316,-2.40549
6377,-24,14,2,8,5,63,-13,-16,-0.0791016,0.32959,0.654785,-47.75,-4.625,10.0625,0.589675,-0.00601316,-2.40549
6379,28,29,36,14,8,34,-37,42,0.129395,0.409668,0.739258,-33.625,-12.25,2.25,0.576446,-0.0129628,-2.40715
6379,-18,-72,-27,-9,7,82,-18,39,0.129395,0.409668,0.739258,-33.625,-12.25,2.25,0.576446,-0.0129628,-2.40715
6400,37,33,13,8,24,27,81,18,0.129395,0.409668,0.739258,-33.625,-12.25,2.25,0.576446,-0.0129628,-2.40715
6400,-62,7,-3,-11,-22,-89,-15,-45,0.129395,0.409668,0.739258,-33.625,-12.25,2.25,0.576446,-0.0129628,-2.40715
6401,-49,-81,-14,1,54,109,55,-5,-0.0405273,0.428223,0.737305,-10.9375,-13,16.125,0.571703,-0.0184765,-2.40489
6401,-11,19,-3,-13,-20,-97,-41,43,-0.0405273,0.428223,0.737305,-10.9375,-13,16.125,0.571703,-0.0184765,-2.40489
6407,26,-7,10,6,-26,-28,-76,32,-0.0405273,0.428223,0.737305,-10.9375,-13,16.125,0.571703,-0.0184765,-2.40489
6407,-6,-8,0,0,-10,-62,31,-47,-0.0405273,0.428223,0.737305,-10.9375,-13,16.125,0.571703,-0.0184765,-2.40489
6408,12,17,-2,9,32,51,35,60,-0.0883789,0.429688,0.737305,-5.5,-18.6875,15.5625,0.568841,-0.0240887,-2.4038
6408,-2,2,1,2,19,36,55,-7,-0.0883789,0.429688,0.737305,-5.5,-18.6875,15.5625,0.568841,-0.0240887,-2.4038
6430,-22,-15,-1,4,-18,-64,67,-49,-0.0883789,0.429688,0.737305,-5.5,-18.6875,15.5625,0.568841,-0.0240887,-2.4038
6430,51,8,2,-9,-21,-13,-14,44,-0.0883789,0.429688,0.737305,-5.5,-18.6875,15.5625,0.568841,-0.0240887,-2.4038
6431,6,5,-10,-14,-73,-128,-110,-63,-0.000488281,0.419434,0.743652,-2.8125,-24.875,17.4375,0.566724,-0.0340255,-2.40331
6431,22,1,11,18,59,66,4,6,-0.000488281,0.419434,0.743652,-2.8125,-24.875,17.4375,0.566724,-0.0340255,-2.40331
6452,2,7,-2,-6,10,86,-45,-18,-0.000488281,0.419434,0.743652,-2.8125,-24.875,17.4375,0.566724,-0.0340255,-2.40331
6452,-45,-25,-7,-3,9,10,29,-3,-0.000488281,0.419434,0.743652,-2.8125,-24.875,17.4375,0.566724,-0.0340255,-2.40331
6454,-25,-2,-5,-5,-46,-57,1,-50,0.0126953,0.506348,0.719727,9.6875,-24.75,20.4375,0.571017,-0.044563,-2.40191
6454,13,26,26,38,73,78,47,-100,0.0126953,0.506348,0.719727,9.6875,-24.75,20.4375,0.571017,-0.044563,-2.40191
6467,16,14,14,15,18,-39,-19,-8,0.0126953,0.506348,0.719727,9.6875,-24.75,20.4375,0.571017,-0.044563,-2.40191
6467,13,1,-4,-10,-26,-65,-68,-11,0.0126953,0.506348,0.719727,9.6875,-24.75,20.4375,0.571017,-0.044563,-2.40191
6469,-12,-22,-16,-14,-33,-84,-13,13,0.0410156,0.553223,0.760742,10.375,-24.9375,13.1875,0.57592,-0.0541094,-2.40283
6469,-55,-2,-15,-19,-57,-124,-103,-26,0.0410156,0.553223,0.760742,10.375,-24.9375,13.1875,0.57592,-0.0541094,-2.40283
6490,26,63,9,10,25,90,-17,32,0.0410156,0.553223,0.760742,10.375,-24.9375,13.1875,0.57592,-0.0541094,-2.40283
6490,42,-58,1,12,77,97,31,33,0.0410156,0.553223,0.760742,10.375,-24.9375,13.1875,0.57592,-0.0541094,-2.40283
6491,-35,37,8,-7,-6,31,-40,-8,0.0253906,0.597656,0.822754,4.625,-21.3125,15.9375,0.578758,-0.0623472,-2.40231
6491,20,-39,-2,-6,-54,-47,-42,31,0.0253906,0.597656,0.822754,4.625,-21.3125,15.9375,0.578758,-0.0623472,-2.40231
6504,22,57,21,27,112,127,40,-5,0.0253906,0.597656,0.822754,4.625,-21.3125,15.9375,0.578758,-0.0623472,-2.40231
6504,-28,-50,-14,-10,-32,-9,-33,15,0.0253906,0.597656,0.822754,4.625,-21.3125,15.9375,0.578758,-0.0623472,-2.40231
6513,25,20,7,4,-46,-105,-87,-35,-0.00732422,0.548828,0.828613,-2.375,-11.3125,11.625,0.57798,-0.0660903,-2.40108
6513,3,4,-2,0,29,69,52,95,-0.00732422,0.548828,0.828613,-2.375,-11.3125,11.625,0.57798,-0.0660903,-2.40108
6527,-5,-9,-15,-17,-49,-78,-46,-14,-0.00732422,0.548828,0.828613,-2.375,-11.3125,11.625,0.57798,-0.0660903,-2.40108
6527,-39,6,-5,-13,-43,-109,55,41,-0.00732422,0.548828,0.828613,-2.375,-11.3125,11.625,0.57798,-0.0660903,-2.40108
6529,6,11,13,20,43,91,84,-3,0.0869141,0.539062,0.768066,-7.75,-6.0625,4.5,0.576067,-0.0693343,-2.40089
6529,-59,-7,-16,-16,-42,-78,-82,-107,0.0869141,0.539062,0.768066,-7.75,-6.0625,4.5,0.576067,-0.0693343,-2.40089
6551,6,-13,6,6,32,4,32,-24,0.0869141,0.539062,0.768066,-7.75,-6.0625,4.5,0.576067,-0.0693343,-2.40089
6551,19,26,-6,-12,-39,-118,-21,76,0.0869141,0.539062,0.768066,-7.75,-6.0625,4.5,0.576067,-0.0693343,-2.40089
6552,21,1,-15,-13,-10,-83,-32,25,0.105957,0.525391,0.776855,-4.5625,2.625,-7.375,0.575158,-0.0681723,-2.40265
6552,1,7,10,-5,-14,15,-27,-50,0.105957,0.525391,0.776855,-4.5625,2.625,-7.375,0.575158,-0.0681723,-2.40265
6564,-11,-23,-7,0,7,37,-34,57,0.105957,0.525391,0.776855,-4.5625,2.625,-7.375,0.575158,-0.0681723,-2.40265
6564,8,-6,3,5,2,-28,-121,-85,0.105957,0.525391,0.776855,-4.5625,2.625,-7.375,0.575158,-0.0681723,-2.40265
6573,-44,-17,-6,2,17,70,-40,-77,0.034668,0.501953,0.74707,-3.5,3.3125,1,0.574239,-0.0667399,-2.40165
6573,36,24,-3,-10,-31,-74,-51,21,0.034668,0.501953,0.74707,-3.5,3.3125,1,0.574239,-0.0667399,-2.40165
6588,-2,-30,-28,-27,-33,-57,34,81,0.034668,0.501953,0.74707,-3.5,3.3125,1,0.574239,-0.0667399,-2.40165
6588,65,42,3,-2,5,-44,-65,68,0.034668,0.501953,0.74707,-3.5,3.3125,1,0.574239,-0.0667399,-2.40165
6589,15,-20,1,-5,-25,-74,8,-37,0.0908203,0.456055,0.712891,-14.875,-1.25,-0.9375,0.569001,-0.0677612,-2.40218
6589,-20,7,-9,-10,-46,-68,-91,-23,0.0908203,0.456055,0.712891,-14.875,-1.25,-0.9375,0.569001,-0.0677612,-2.40218
6618,-30,-39,-15,-5,27,80,67,23,0.0908203,0.456055,0.712891,-14.875,-1.25,-0.9375,0.569001,-0.0677612,-2.40218
6618,-51,10,-1,2,9,45,36,-65,0.0908203,0.456055,0.712891,-14.875,-1.25,-0.9375,0.569001,-0.0677612,-2.40218
6619,59,70,16,16,67,53,38,21,0.105957,0.401855,0.741699,-13,-2.625,5.75,0.563088,-0.0707248,-2.40087
6619,17,-14,12,-1,2,51,-27,20,0.105957,0.401855,0.741699,-13,-2.625,5.75,0.563088,-0.0707248,-2.40087
6624,-21,-30,-24,-4,-24,-45,35,-75,0.105957,0.401855,0.741699,-13,-2.625,5.75,0.563088,-0.0707248,-2.40087
6624,-29,22,5,5,20,-6,-33,2,0.105957,0.401855,0.741699,-13,-2.625,5.75,0.563088,-0.0707248,-2.40087
6632,14,8,9,13,51,49,19,51,0.0678711,0.407227,0.783691,-8.125,-4,11.75,0.558284,-0.0741522,-2.39799
6632,-13,-1,5,2,-37,-109,57,25,0.0678711,0.407227,0.783691,-8.125,-4,11.75,0.558284,-0.0741522,-2.39799
6655,22,31,13,1,7,45,-20,19,0.0678711,0.407227,0.783691,-8.125,-4,11.75,0.558284,-0.0741522,-2.39799
6655,24,-23,0,4,-6,-21,65,-14,0.0678711,0.407227,0.783691,-8.125,-4,11.75,0.558284,-0.0741522,-2.39799
6656,14,8,5,4,-5,-17,24,72,0.0639648,0.412109,0.786621,-10.3125,-4.9375,10.4375,0.553109,-0.0773893,-2.39568
6656,15,35,-1,2,-25,-92,-17,36,0.0639648,0.412109,0.786621,-10.3125,-4.9375,10.4375,0.553109,-0.0773893,-2.39568
6677,-5,-44,6,8,0,-76,-21,47,0.0639648,0.412109,0.786621,-10.3125,-4.9375,10.4375,0.553109,-0.0773893,-2.39568
6677,52,20,3,9,68,81,85,84,0.0639648,0.412109,0.786621,-10.3125,-4.9375,10.4375,0.553109,-0.0773893,-2.39568
6678,11,-9,5,-1,-27,-76,-59,-9,0.155273,0.428223,0.786621,-10.875,-3.625,7.75,0.548061,-0.0820059,-2.39391
6678,-34,-5,-11,-8,-10,-52,-37,-72,0.155273,0.428223,0.786621,-10.875,-3.625,7.75,0.548061,-0.0820059,-2.39391
6684,4,-12,7,2,0,40,9,14,0.155273,0.428223,0.786621,-10.875,-3.625,7.75,0.548061,-0.0820059,-2.39391
6684,18,-3,4,7,13,80,20,-2,0.155273,0.428223,0.786621,-10.875,-3.625,7.75,0.548061,-0.0820059,-2.39391
6693,20,-8,-1,-15,-40,-44,-18,-20,0.112305,0.421875,0.804688,5.8125,2.75,15.0625,0.5482,-0.0846595,-2.38877
6693,7,-3,1,17,68,121,94,-52,0.112305,0.421875,0.804688,5.8125,2.75,15.0625,0.5482,-0.0846595,-2.38877
6708,9,-12,-15,-15,-46,-86,2,28,0.112305,0.421875,0.804688,5.8125,2.75,15.0625,0.5482,-0.0846595,-2.38877
6708,16,27,8,1,-74,-100,-75,22,0.112305,0.421875,0.804688,5.8125,2.75,15.0625,0.5482,-0.0846595,-2.38877
6709,28,-23,-2,-1,-1,0,48,-18,0.0161133,0.508789,0.780762,5.125,3.4375,11.4375,0.55029,-0.0842711,-2.38472
6709,31,36,3,2,4,28,-45,15,0.0161133,0.508789,0.780762,5.125,3.4375,11.4375,0.55029,-0.0842711,-2.38472
6730,-20,-24,1,0,18,0,68,7,0.0161133,0.508789,0.780762,5.125,3.4375,11.4375,0.55029,-0.0842711,-2.38472
6730,-17,-9,-4,-4,4,12,-22,-32,0.0161133,0.508789,0.780762,5.125,3.4375,11.4375,0.55029,-0.0842711,-2.38472
6732,-23,7,-6,-1,-29,-128,-75,-91,0.0869141,0.466797,0.789062,-2.4375,3,6.9375,0.548878,-0.0848738,-2.38215
6732,-12,-20,-5,-5,-9,-87,22,-66,0.0869141,0.466797,0.789062,-2.4375,3,6.9375,0.548878,-0.0848738,-2.38215
6743,-8,10,-4,-1,7,9,15,-2,0.0869141,0.466797,0.789062,-2.4375,3,6.9375,0.548878,-0.0848738,-2.38215
6743,-24,0,-4,-4,39,62,82,-65,0.0869141,0.466797,0.789062,-2.4375,3,6.9375,0.548878,-0.0848738,-2.38215
6760,-11,32,8,2,-53,-34,76,52,0.133789,0.445801,0.78418,3.125,7.375,8.375,0.549025,-0.085563,-2.3782
6760,1,-29,-1,11,92,107,100,-7,0.133789,0.445801,0.78418,3.125,7.375,8.375,0.549025,-0.085563,-2.3782
6768,51,40,17,9,27,12,-114,-79,0.133789,0.445801,0.78418,3.125,7.375,8.375,0.549025,-0.085563,-2.3782
6768,-31,-44,-19,-11,-38,-128,1,7,0.133789,0.445801,0.78418,3.125,7.375,8.375,0.549025,-0.085563,-2.3782
6769,40,-7,-3,-4,-12,-30,-29,24,0.0893555,0.465332,0.786621,9.25,14.3125,9.625,0.551354,-0.0834207,-2.37259
6769,8,18,5,-1,-13,4,5,78,0.0893555,0.465332,0.786621,9.25,14.3125,9.625,0.551354,-0.0834207,-2.37259
6790,6,-49,-10,-11,-48,-68,15,39,0.0893555,0.465332,0.786621,9.25,14.3125,9.625,0.551354,-0.0834207,-2.37259
6790,0,18,1,-7,-37,-63,-27,-6,0.0893555,0.465332,0.786621,9.25,14.3125,9.625,0.551354,-0.0834207,-2.37259
6791,-63,-44,-14,6,83,106,47,-65,0.0410156,0.483887,0.788574,9.9375,16.0625,6.0625,0.554342,-0.0788558,-2.36782
6791,22,24,3,1,-15,-114,-55,65,0.0410156,0.483887,0.788574,9.9375,16.0625,6.0625,0.554342,-0.0788558,-2.36782
6804,-33,-52,-20,-20,-36,-45,-61,-35,0.0410156,0.483887,0.788574,9.9375,16.0625,6.0625,0.554342,-0.0788558,-2.36782
6804,29,54,7,-3,-9,-23,-45,4,0.0410156,0.483887,0.788574,9.9375,16.0625,6.0625,0.554342,-0.0788558,-2.36782
6813,-13,-21,-3,6,4,12,20,75,0.0229492,0.460449,0.750977,13.1875,13.375,5.9375,0.558438,-0.0750003,-2.36364
6813,29,-63,-20,-17,12,60,18,-5,0.0229492,0.460449,0.750977,13.1875,13.375,5.9375,0.558438,-0.0750003,-2.36364
6827,-24,32,1,-6,-13,-35,-39,-67,0.0229492,0.460449,0.750977,13.1875,13.375,5.9375,0.558438,-0.0750003,-2.36364
6827,-1,37,2,-5,-63,-64,-53,-4,0.0229492,0.460449,0.750977,13.1875,13.375,5.9375,0.558438,-0.0750003,-2.36364
6828,-56,-84,-29,-18,-1,11,-43,-66,0.0708008,0.489746,0.706543,10.6875,8.875,3.75,0.562974,-0.0731886,-2.36099
6828,-22,14,1,-1,4,34,-58,-21,0.0708008,0.489746,0.706543,10.6875,8.875,3.75,0.562974,-0.0731886,-2.36099
6849,-6,23,4,-5,-24,-82,-12,4,0.0708008,0.489746,0.706543,10.6875,8.875,3.75,0.562974,-0.0731886,-2.36099
6849,-9,12,14,9,-24,-67,-32,-67,0.0708008,0.489746,0.706543,10.6875,8.875,3.75,0.562974,-0.0731886,-2.36099
6858,-16,-21,-11,-7,25,60,59,28,0.0878906,0.509277,0.734375,8.375,5,3.1875,0.566533,-0.0729426,-2.35904
6858,44,0,3,4,-8,84,7,64,0.0878906,0.509277,0.734375,8.375,5,3.1875,0.566533,-0.0729426,-2.35904
6864,-7,-4,-1,1,31,40,-34,51,0.0878906,0.509277,0.734375,8.375,5,3.1875,0.566533,-0.0729426,-2.35904
6864,-18,-21,-7,-3,31,62,-15,-22,0.0878906,0.509277,0.734375,8.375,5,3.1875,0.566533,-0.0729426,-2.35904
6872,0,30,-1,-7,-22,15,4,-8,0.107422,0.480957,0.717285,4.9375,-1.375,1.5625,0.568783,-0.0746114,-2.35894
6872,-32,-17,4,3,10,51,39,-59,0.107422,0.480957,0.717285,4.9375,-1.375,1.5625,0.568783,-0.0746114,-2.35894
6888,38,38,6,7,-21,-48,-7,-17,0.107422,0.480957,0.717285,4.9375,-1.375,1.5625,0.568783,-0.0746114,-2.35894
6888,14,-44,-3,4,45,77,61,44,0.107422,0.480957,0.717285,4.9375,-1.375,1.5625,0.568783,-0.0746114,-2.35894
6889,48,55,15,15,24,39,16,73,0.0966797,0.504395,0.77832,5.25,0.0625,1.8125,0.570657,-0.0755779,-2.35837
6889,18,2,-2,-2,-4,-35,-39,-8,0.0966797,0.504395,0.77832,5.25,0.0625,1.8125,0.570657,-0.0755779,-2.35837
6909,-19,60,2,-4,-39,-34,-36,14,0.0966797,0.504395,0.77832,5.25,0.0625,1.8125,0.570657,-0.0755779,-2.35837
6909,-20,-65,-12,-7,-8,-36,-42,-35,0.0966797,0.504395,0.77832,5.25,0.0625,1.8125,0.570657,-0.0755779,-2.35837
6912,-40,-13,-8,-9,-25,-82,-8,-35,0.0527344,0.508789,0.762207,6,0.5625,0.875,0.573055,-0.0751808,-2.35804
6912,17,23,1,-2,-19,-15,-43,7,0.0527344,0.508789,0.762207,6,0.5625,0.875,0.573055,-0.0751808,-2.35804
6933,-9,-4,5,8,12,-21,20,-47,0.0527344,0.508789,0.762207,6,0.5625,0.875,0.573055,-0.0751808,-2.35804
6933,-1,20,-1,4,48,101,89,86,0.0527344,0.508789,0.762207,6,0.5625,0.875,0.573055,-0.0751808,-2.35804
6934,21,30,12,15,61,74,37,38,0.0966797,0.51123,0.752441,2.1875,0.375,-0.8125,0.574362,-0.0756805,-2.35821
6934,-19,-27,1,-3,-8,-15,-28,-65,0.0966797,0.51123,0.752441,2.1875,0.375,-0.8125,0.574362,-0.0756805,-2.35821
6955,22,20,-2,2,30,73,84,-30,0.0966797,0.51123,0.752441,2.1875,0.375,-0.8125,0.574362,-0.0756805,-2.35821
6955,15,13,15,23,91,127,31,-2,0.0966797,0.51123,0.752441,2.1875,0.375,-0.8125,0.574362,-0.0756805,-2.35821
6957,2,15,1,-10,-67,-128,-28,-71,0.0688477,0.479492,0.73584,1.6875,-0.9375,-2.375,0.575022,-0.0755572,-2.35905
6957,-23,-9,-6,-3,1,-42,6,65,0.0688477,0.479492,0.73584,1.6875,-0.9375,-2.375,0.575022,-0.0755572,-2.35905
6970,-18,27,4,3,-1,0,-44,-51,0.0688477,0.479492,0.73584,1.6875,-0.9375,-2.375,0.575022,-0.0755572,-2.35905
6970,-43,-86,-27,-22,-46,-77,37,13,0.0688477,0.479492,0.73584,1.6875,-0.9375,-2.375,0.575022,-0.0755572,-2.35905
6976,-22,2,-4,-5,-6,-9,-18,0,0.0571289,0.50293,0.765137,3,-0.875,-3.75,0.576352,-0.0747788,-2.36029
6976,-55,-1,-13,-19,-72,-128,-63,-83,0.0571289,0.50293,0.765137,3,-0.875,-3.75,0.576352,-0.0747788,-2.36029
6991,-28,-16,-3,-2,39,97,-4,-22,0.0571289,0.50293,0.765137,3,-0.875,-3.75,0.576352,-0.0747788,-2.36029
6991,12,28,3,-3,-15,-70,-23,78,0.0571289,0.50293,0.765137,3,-0.875,-3.75,0.576352,-0.0747788,-2.36029
6994,-10,14,-4,-4,-11,69,23,-27,0.0595703,0.524414,0.756348,2.75,0.375,-4.0625,0.578046,-0.073742,-2.3615
6994,24,-34,-1,2,2,12,-7,61,0.0595703,0.524414,0.756348,2.75,0.375,-4.0625,0.578046,-0.073742,-2.3615
7008,-1,-23,-5,-4,3,34,32,-11,0.0595703,0.524414,0.756348,2.75,0.375,-4.0625,0.578046,-0.073742,-2.3615
7008,-25,-3,-10,-16,-47,-70,-97,-56,0.0595703,0.524414,0.756348,2.75,0.375,-4.0625,0.578046,-0.073742,-2.3615
7009,31,9,10,22,85,97,80,25,0.0375977,0.501465,0.757812,0.6875,2,-2,0.578411,-0.0720685,-2.36161
7009,-33,27,-2,-4,-17,-100,2,-31,0.0375977,0.501465,0.757812,0.6875,2,-2,0.578411,-0.0720685,-2.36161
7030,7,-9,-4,-3,-29,-79,18,48,0.0375977,0.501465,0.757812,0.6875,2,-2,0.578411,-0.0720685,-2.36161
7030,11,-40,-15,-8,39,22,44,35,0.0375977,0.501465,0.757812,0.6875,2,-2,0.578411,-0.0720685,-2.36161
7032,9,117,8,-7,-41,-39,-71,-51,0.0209961,0.47998,0.726074,-1.375,-0.375,-2.125,0.578193,-0.0707666,-2.36245
7032,-6,-73,-7,4,-14,-13,26,-23,0.0209961,0.47998,0.726074,-1.375,-0.375,-2.125,0.578193,-0.0707666,-2.36245
7052,7,31,2,8,41,73,13,25,0.0209961,0.47998,0.726074,-1.375,-0.375,-2.125,0.578193,-0.0707666,-2.36245
7052,-2,18,10,7,-10,-39,-27,-54,0.0209961,0.47998,0.726074,-1.375,-0.375,-2.125,0.578193,-0.0707666,-2.36245
7054,36,-16,1,-1,22,72,52,92,0.11084,0.495117,0.764648,-0.6875,-1.8125,-8,0.578066,-0.0708842,-2.36499
7054,-2,44,10,4,9,-8,19,-17,0.11084,0.495117,0.764648,-0.6875,-1.8125,-8,0.578066,-0.0708842,-2.36499
7067,-43,-19,-19,-18,-59,-70,34,-45,0.11084,0.495117,0.764648,-0.6875,-1.8125,-8,0.578066,-0.0708842,-2.36499
7067,56,9,7,13,53,84,-21,-65,0.11084,0.495117,0.764648,-0.6875,-1.8125,-8,0.578066,-0.0708842,-2.36499
7069,-10,0,-2,-3,-12,-49,-49,-18,0.0932617,0.494629,0.763184,4.0625,1.75,-4.25,0.579433,-0.0703407,-2.36591
7069,26,15,2,2,2,57,41,26,0.0932617,0.494629,0.763184,4.0625,1.75,-4.25,0.579433,-0.0703407,-2.36591
7090,-27,-14,8,5,-12,22,36,-49,0.0932617,0.494629,0.763184,4.0625,1.75,-4.25,0.579433,-0.0703407,-2.36591
7090,-19,-7,-11,-15,-47,-35,-60,-37,0.0932617,0.494629,0.763184,4.0625,1.75,-4.25,0.579433,-0.0703407,-2.36591
7092,-15,-26,5,9,52,-33,-9,-57,0.0180664,0.479492,0.764648,4.25,2.75,-0.8125,0.580436,-0.0682754,-2.36553
7092,0,26,-12,-11,-37,-105,-5,7,0.0180664,0.479492,0.764648,4.25,2.75,-0.8125,0.580436,-0.0682754,-2.36553
7112,23,-24,9,6,3,-27,-41,-10,0.0180664,0.479492,0.764648,4.25,2.75,-0.8125,0.580436,-0.0682754,-2.36553
7112,11,10,-6,0,34,103,84,28,0.0180664,0.479492,0.764648,4.25,2.75,-0.8125,0.580436,-0.0682754,-2.36553
7113,-8,-25,-1,-10,-70,-80,-83,-82,0.0229492,0.480957,0.748535,2.8125,2.25,-2.625,0.581261,-0.0661827,-2.36589
7113,16,21,4,7,39,87,-1,63,0.0229492,0.480957,0.748535,2.8125,2.25,-2.625,0.581261,-0.0661827,-2.36589
7126,1,-3,4,6,17,13,-25,2,0.0229492,0.480957,0.748535,2.8125,2.25,-2.625,0.581261,-0.0661827,-2.36589
7126,-21,-3,2,2,-14,-7,-12,-40,0.0229492,0.480957,0.748535,2.8125,2.25,-2.625,0.581261,-0.0661827,-2.36589
7134,12,7,-5,-4,1,-16,6,-14,0.097168,0.503906,0.736328,2.375,1.1875,-4.3125,0.582482,-0.0659614,-2.36688
7134,5,68,9,3,10,25,5,34,0.097168,0.503906,0.736328,2.375,1.1875,-4.3125,0.582482,-0.0659614,-2.36688
7149,-27,-99,-21,-6,9,-38,-26,-44,0.097168,0.503906,0.736328,2.375,1.1875,-4.3125,0.582482,-0.0659614,-2.36688
7149,9,23,-6,-11,-15,20,7,8,0.097168,0.503906,0.736328,2.375,1.1875,-4.3125,0.582482,-0.0659614,-2.36688
7151,-44,-2,-8,-9,-25,-39,-46,-21,0.078125,0.543945,0.73584,1.5625,-0.3125,-3.1875,0.584361,-0.0658669,-2.36793
7151,2,-7,1,2,18,4,20,-18,0.078125,0.543945,0.73584,1.5625,-0.3125,-3.1875,0.584361,-0.0658669,-2.36793
7172,6,19,-1,-9,-54,-110,-27,-24,0.078125,0.543945,0.73584,1.5625,-0.3125,-3.1875,0.584361,-0.0658669,-2.36793
7172,15,2,3,7,14,15,62,44,0.078125,0.543945,0.73584,1.5625,-0.3125,-3.1875,0.584361,-0.0658669,-2.36793
7174,-24,-48,-24,-26,-33,9,-57,56,0.0478516,0.489258,0.753418,-3.6875,-2.9375,-1.875,0.582919,-0.0661261,-2.36915
7174,-6,-17,-5,-6,-5,3,-53,-20,0.0478516,0.489258,0.753418,-3.6875,-2.9375,-1.875,0.582919,-0.0661261,-2.36915
7187,12,36,5,0,-5,1,-15,0,0.0478516,0.489258,0.753418,-3.6875,-2.9375,-1.875,0.582919,-0.0661261,-2.36915
7187,2,-34,2,4,-19,-104,13,15,0.0478516,0.489258,0.753418,-3.6875,-2.9375,-1.875,0.582919,-0.0661261,-2.36915
7193,-12,3,3,11,16,20,43,17,0.0517578,0.459473,0.774414,-3.5,-2.3125,-1.6875,0.580864,-0.0662632,-2.36994
7193,-36,-27,0,6,32,1,-64,-39,0.0517578,0.459473,0.774414,-3.5,-2.3125,-1.6875,0.580864,-0.0662632,-2.36994
7210,5,23,-4,-5,17,7,-5,10,0.0517578,0.459473,0.774414,-3.5,-2.3125,-1.6875,0.580864,-0.0662632,-2.36994
7210,-19,0,-8,-10,-36,-109,-43,-25,0.0517578,0.459473,0.774414,-3.5,-2.3125,-1.6875,0.580864,-0.0662632,-2.36994
7212,12,-4,2,-6,-52,-92,-57,-62,0.065918,0.46582,0.779785,0.8125,1.25,-3.25,0.580181,-0.0653812,-2.37053
7212,18,24,0,-3,-27,-61,-31,40,0.065918,0.46582,0.779785,0.8125,1.25,-3.25,0.580181,-0.0653812,-2.37053
7232,-8,2,2,4,48,50,-9,-73,0.065918,0.46582,0.779785,0.8125,1.25,-3.25,0.580181,-0.0653812,-2.37053
7232,10,68,9,2,9,3,45,-35,0.065918,0.46582,0.779785,0.8125,1.25,-3.25,0.580181,-0.0653812,-2.37053
7234,9,-30,-7,-2,-35,-85,3,60,0.0493164,0.51123,0.766113,2.4375,2.9375,0.0625,0.581194,-0.0643271,-2.36996
7234,-14,0,-2,-6,-13,14,-17,-37,0.0493164,0.51123,0.766113,2.4375,2.9375,0.0625,0.581194,-0.0643271,-2.36996
7246,-17,-33,0,-3,-59,-93,-2,62,0.0493164,0.51123,0.766113,2.4375,2.9375,0.0625,0.581194,-0.0643271,-2.36996
7246,50,-12,2,-1,-11,-7,-17,91,0.0493164,0.51123,0.766113,2.4375,2.9375,0.0625,0.581194,-0.0643271,-2.36996
7254,10,3,6,3,11,50,65,47,0.0429688,0.483398,0.735352,0.8125,1.4375,-0.5625,0.581397,-0.0634914,-2.36983
7254,-10,4,6,9,16,-8,16,-24,0.0429688,0.483398,0.735352,0.8125,1.4375,-0.5625,0.581397,-0.0634914,-2.36983
7277,-1,28,-7,-5,30,108,-2,65,0.0429688,0.483398,0.735352,0.8125,1.4375,-0.5625,0.581397,-0.0634914,-2.36983
7277,-31,-68,-2,-4,-44,-101,-75,-78,0.0429688,0.483398,0.735352,0.8125,1.4375,-0.5625,0.581397,-0.0634914,-2.36983
7279,-13,-30,-15,-10,-26,1,6,57,0.0498047,0.485352,0.725586,0.625,-2.625,-2.3125,0.581921,-0.0636086,-2.37101
7279,4,-2,-1,3,10,-10,51,11,0.0498047,0.485352,0.725586,0.625,-2.625,-2.3125,0.581921,-0.0636086,-2.37101
7292,2,-4,4,3,-12,-98,-49,-37,0.0498047,0.485352,0.725586,0.625,-2.625,-2.3125,0.581921,-0.0636086,-2.37101
7292,-10,49,-1,-1,-23,-68,-38,15,0.0498047,0.485352,0.725586,0.625,-2.625,-2.3125,0.581921,-0.0636086,-2.37101
7294,14,17,4,2,36,39,-39,39,0.0253906,0.502441,0.791016,5.6875,-2.0625,-2.25,0.583619,-0.0630318,-2.3721
7294,14,-28,-1,0,-4,56,76,-8,0.0253906,0.502441,0.791016,5.6875,-2.0625,-2.25,0.583619,-0.0630318,-2.3721
7307,19,68,-1,-6,22,58,-17,56,0.0253906,0.502441,0.791016,5.6875,-2.0625,-2.25,0.583619,-0.0630318,-2.3721
7307,-6,-61,-7,2,21,55,-69,-111,0.0253906,0.502441,0.791016,5.6875,-2.0625,-2.25,0.583619,-0.0630318,-2.3721
7314,4,-82,9,14,19,38,31,-55,0.0205078,0.472656,0.786621,4.8125,1.5,2.5,0.584206,-0.0620969,-2.37101
7314,-19,-4,-8,-6,-33,-67,33,7,0.0205078,0.472656,0.786621,4.8125,1.5,2.5,0.584206,-0.0620969,-2.37101
7329,-12,0,8,13,51,113,-1,9,0.0205078,0.472656,0.786621,4.8125,1.5,2.5,0.584206,-0.0620969,-2.37101
7329,33,72,9,5,25,19,46,23,0.0205078,0.472656,0.786621,4.8125,1.5,2.5,0.584206,-0.0620969,-2.37101
7332,8,-3,-1,-2,-14,-46,49,4,0.0454102,0.46582,0.768066,4.0625,5.5625,6.5,0.584551,-0.0615681,-2.36787
7332,-16,-20,-3,-2,6,-5,-11,15,0.0454102,0.46582,0.768066,4.0625,5.5625,6.5,0.584551,-0.0615681,-2.36787
7352,1,-54,-13,-2,-7,-64,-39,-68,0.0454102,0.46582,0.768066,4.0625,5.5625,6.5,0.584551,-0.0615681,-2.36787
7352,-26,-5,-2,2,7,-76,24,32,0.0454102,0.46582,0.768066,4.0625,5.5625,6.5,0.584551,-0.0615681,-2.36787
7354,5,44,10,9,57,69,31,38,0.0952148,0.51416,0.718262,6.875,4.5,2.5,0.587686,-0.0617277,-2.36628
7354,6,30,-2,0,0,-20,0,-51,0.0952148,0.51416,0.718262,6.875,4.5,2.5,0.587686,-0.0617277,-2.36628
7367,2,-11,17,3,-88,-128,-32,4,0.0952148,0.51416,0.718262,6.875,4.5,2.5,0.587686,-0.0617277,-2.36628
7367,23,11,-12,11,59,110,109,8,0.0952148,0.51416,0.718262,6.875,4.5,2.5,0.587686,-0.0617277,-2.36628
7374,19,66,2,-6,-33,-128,-39,-80,0.0981445,0.53418,0.727051,5.75,1.1875,2.875,0.590475,-0.0629377,-2.36524
7374,-18,-79,-11,-6,-3,-17,29,-18,0.0981445,0.53418,0.727051,5.75,1.1875,2.875,0.590475,-0.0629377,-2.36524
7390,-3,39,-6,-6,-25,-40,-5,-29,0.0981445,0.53418,0.727051,5.75,1.1875,2.875,0.590475,-0.0629377,-2.36524
7390,-26,-41,4,3,0,53,1,-26,0.0981445,0.53418,0.727051,5.75,1.1875,2.875,0.590475,-0.0629377,-2.36524
7392,-13,12,-11,-6,11,33,-80,-65,0.0527344,0.511719,0.761719,1.1875,0.75,4.125,0.590848,-0.0633595,-2.36398
7392,13,30,2,-4,-2,-8,-22,-29,0.0527344,0.511719,0.761719,1.1875,0.75,4.125,0.590848,-0.0633595,-2.36398
7428,16,-17,0,5,18,25,14,-23,0.0527344,0.511719,0.761719,1.1875,0.75,4.125,0.590848,-0.0633595,-2.36398
7428,-3,13,0,-9,-29,-53,15,28,0.0527344,0.511719,0.761719,1.1875,0.75,4.125,0.590848,-0.0633595,-2.36398
7430,-14,-16,-10,-1,15,52,31,-19,0.0742188,0.498047,0.755859,0.6875,0.5625,1.5625,0.59097,-0.0639022,-2.36329
7430,-20,31,3,-4,-2,-24,-29,-11,0.0742188,0.498047,0.755859,0.6875,0.5625,1.5625,0.59097,-0.0639022,-2.36329
7431,35,-6,-2,1,17,31,39,15,0.0742188,0.498047,0.755859,0.6875,0.5625,1.5625,0.59097,-0.0639022,-2.36329
7431,-13,13,3,-5,-15,-7,-69,-61,0.0742188,0.498047,0.755859,0.6875,0.5625,1.5625,0.59097,-0.0639022,-2.36329
7442,21,-6,6,8,-5,26,5,64,0.0932617,0.5,0.754883,2.4375,1.625,0.625,0.591636,-0.0644503,-2.3629
7442,-19,-34,-18,-19,-45,-47,-27,100,0.0932617,0.5,0.754883,2.4375,1.625,0.625,0.591636,-0.0644503,-2.3629
7450,20,36,5,8,71,113,-13,31,0.0932617,0.5,0.754883,2.4375,1.625,0.625,0.591636,-0.0644503,-2.3629
7450,26,18,8,1,18,44,-27,-33,0.0932617,0.5,0.754883,2.4375,1.625,0.625,0.591636,-0.0644503,-2.3629
7451,-24,19,-1,-10,-54,-95,-65,-32,0.0629883,0.508789,0.725098,0.6875,-0.4375,0.3125,0.591735,-0.0645058,-2.36282
7451,-53,-59,-20,-16,-22,-32,-41,9,0.0629883,0.508789,0.725098,0.6875,-0.4375,0.3125,0.591735,-0.0645058,-2.36282
7472,-46,-3,-3,-5,6,20,-51,-103,0.0629883,0.508789,0.725098,0.6875,-0.4375,0.3125,0.591735,-0.0645058,-2.36282
7472,-7,0,1,-4,-28,-69,-4,1,0.0629883,0.508789,0.725098,0.6875,-0.4375,0.3125,0.591735,-0.0645058,-2.36282
7474,-26,27,0,1,29,37,46,-37,0.0458984,0.507324,0.750488,2.375,-1.6875,-1.125,0.592686,-0.0644362,-2.36344
7474,13,-31,-2,-2,-28,10,39,28,0.0458984,0.507324,0.750488,2.375,-1.6875,-1.125,0.592686,-0.0644362,-2.36344
7486,-5,-12,-10,-3,28,-6,77,96,0.0458984,0.507324,0.750488,2.375,-1.6875,-1.125,0.592686,-0.0644362,-2.36344
7486,-6,26,6,5,-8,-60,-10,2,0.0458984,0.507324,0.750488,2.375,-1.6875,-1.125,0.592686,-0.0644362,-2.36344
7494,-32,-27,-5,-3,24,66,95,62,0.0625,0.520996,0.733398,0.3125,-3.375,-1.625,0.593379,-0.0651599,-2.36465
7494,46,65,17,17,31,39,30,57,0.0625,0.520996,0.733398,0.3125,-3.375,-1.625,0.593379,-0.0651599,-2.36465
7511,-37,-52,-25,-23,-35,-65,-18,55,0.0625,0.520996,0.733398,0.3125,-3.375,-1.625,0.593379,-0.0651599,-2.36465
7511,12,-3,0,-5,-15,-7,-63,-43,0.0625,0.520996,0.733398,0.3125,-3.375,-1.625,0.593379,-0.0651599,-2.36465
7512,-22,-47,-10,-3,-4,-18,-13,38,0.074707,0.491699,0.742676,-3.0625,-3.25,-0.1875,0.592134,-0.0663777,-2.36523
7512,-8,-16,-12,-13,-6,3,-15,-67,0.074707,0.491699,0.742676,-3.0625,-3.25,-0.1875,0.592134,-0.0663777,-2.36523
7532,-7,13,-6,-10,-36,-67,-33,-47,0.074707,0.491699,0.742676,-3.0625,-3.25,-0.1875,0.592134,-0.0663777,-2.36523
7532,1,3,-2,-2,-4,-39,-7,16,0.074707,0.491699,0.742676,-3.0625,-3.25,-0.1875,0.592134,-0.0663777,-2.36523
7533,30,21,10,2,-51,-68,-31,39,0.0517578,0.504883,0.758789,-0.8125,-2.25,-0.4375,0.591824,-0.0667383,-2.36589
7533,-8,-35,5,19,69,125,79,-28,0.0517578,0.504883,0.758789,-0.8125,-2.25,-0.4375,0.591824,-0.0667383,-2.36589
7546,37,42,8,2,-28,-67,-5,2,0.0517578,0.504883,0.758789,-0.8125,-2.25,-0.4375,0.591824,-0.0667383,-2.36589
7546,-29,-61,-19,-6,-7,-5,4,59,0.0517578,0.504883,0.758789,-0.8125,-2.25,-0.4375,0.591824,-0.0667383,-2.36589
7555,11,-29,-7,-8,-24,-33,-21,39,0.046875,0.506348,0.75293,2.4375,-0.5625,-2.0625,0.592777,-0.0662295,-2.36656
7555,21,7,11,6,2,8,-74,-11,0.046875,0.506348,0.75293,2.4375,-0.5625,-2.0625,0.592777,-0.0662295,-2.36656
7570,13,-4,8,8,-10,-73,14,-10,0.046875,0.506348,0.75293,2.4375,-0.5625,-2.0625,0.592777,-0.0662295,-2.36656
7570,10,15,9,8,9,-34,44,24,0.046875,0.506348,0.75293,2.4375,-0.5625,-2.0625,0.592777,-0.0662295,-2.36656
7572,42,19,3,6,25,-33,85,-35,0.0678711,0.506348,0.757812,-0.5,1.375,-0.8125,0.592519,-0.0658681,-2.3665
7572,-3,21,-2,-7,-26,-44,-9,17,0.0678711,0.506348,0.757812,-0.5,1.375,-0.8125,0.592519,-0.0658681,-2.3665
7592,6,-7,-4,2,42,127,70,-45,0.0678711,0.506348,0.757812,-0.5,1.375,-0.8125,0.592519,-0.0658681,-2.3665
7592,8,64,6,-3,0,-29,13,12,0.0678711,0.506348,0.757812,-0.5,1.375,-0.8125,0.592519,-0.0658681,-2.3665
7598,-30,-73,-10,-4,-8,-42,-86,-63,0.0219727,0.484375,0.753906,3.5,4,1.75,0.593155,-0.064237,-2.36511
7598,27,44,10,6,16,15,29,13,0.0219727,0.484375,0.753906,3.5,4,1.75,0.593155,-0.064237,-2.36511
7606,16,6,3,6,6,24,-13,-8,0.0219727,0.484375,0.753906,3.5,4,1.75,0.593155,-0.064237,-2.36511
7606,-45,-39,-12,-9,-3,30,64,13,0.0219727,0.484375,0.753906,3.5,4,1.75,0.593155,-0.064237,-2.36511
7615,1,60,10,6,-16,-69,-45,-13,0.0112305,0.536621,0.724121,6,2.25,0.8125,0.596118,-0.0625202,-2.36444
7615,15,13,4,5,19,14,7,-57,0.0112305,0.536621,0.724121,6,2.25,0.8125,0.596118,-0.0625202,-2.36444
7630,-11,-22,3,5,7,69,-22,10,0.0112305,0.536621,0.724121,6,2.25,0.8125,0.596118,-0.0625202,-2.36444
7630,12,5,-3,-3,-28,-31,-63,-8,0.0112305,0.536621,0.724121,6,2.25,0.8125,0.596118,-0.0625202,-2.36444
7631,-33,-4,-1,1,56,120,-21,-67,0.0820312,0.53125,0.729004,-0.25,-1.375,-2.375,0.596917,-0.0630607,-2.36553
7631,-48,11,-2,-8,-35,-42,34,-31,0.0820312,0.53125,0.729004,-0.25,-1.375,-2.375,0.596917,-0.0630607,-2.36553
7652,39,-7,0,-2,-17,-33,41,80,0.0820312,0.53125,0.729004,-0.25,-1.375,-2.375,0.596917,-0.0630607,-2.36553
7652,-8,-7,-11,-9,-8,-10,-61,-16,0.0820312,0.53125,0.729004,-0.25,-1.375,-2.375,0.596917,-0.0630607,-2.36553
7653,25,22,13,6,10,9,-36,-38,0.107422,0.498047,0.755371,-1.75,-0.25,0.4375,0.595939,-0.0644988,-2.36534
7653,-15,20,-1,-8,-26,-9,-39,-21,0.107422,0.498047,0.755371,-1.75,-0.25,0.4375,0.595939,-0.0644988,-2.36534
7666,-15,0,-5,-4,-7,-61,-37,-57,0.107422,0.498047,0.755371,-1.75,-0.25,0.4375,0.595939,-0.0644988,-2.36534
7666,-7,-79,1,14,77,127,80,12,0.107422,0.498047,0.755371,-1.75,-0.25,0.4375,0.595939,-0.0644988,-2.36534
7682,-19,-12,-14,-11,-12,-46,12,40,0.0297852,0.475586,0.769043,4.125,3.5625,2.8125,0.596271,-0.0633254,-2.36385
7682,-2,-3,-6,-4,-17,-54,-69,-16,0.0297852,0.475586,0.769043,4.125,3.5625,2.8125,0.596271,-0.0633254,-2.36385
7689,0,-16,8,13,21,14,63,22,0.0297852,0.475586,0.769043,4.125,3.5625,2.8125,0.596271,-0.0633254,-2.36385
7689,-11,27,2,0,1,39,-47,-105,0.0297852,0.475586,0.769043,4.125,3.5625,2.8125,0.596271,-0.0633254,-2.36385
7692,7,27,12,11,-6,-21,27,46,0.0141602,0.490723,0.759766,3.6875,5.375,1.6875,0.59704,-0.061149,-2.36221
7692,28,-15,2,1,-1,7,-41,85,0.0141602,0.490723,0.759766,3.6875,5.375,1.6875,0.59704,-0.061149,-2.36221
7712,4,24,13,14,56,80,-7,-40,0.0141602,0.490723,0.759766,3.6875,5.375,1.6875,0.59704,-0.061149,-2.36221
7712,-9,7,-5,-5,-9,-7,47,12,0.0141602,0.490723,0.759766,3.6875,5.375,1.6875,0.59704,-0.061149,-2.36221
7713,15,2,-2,0,-1,-9,13,-41,0.0424805,0.518066,0.713867,2.3125,1.75,1.8125,0.598447,-0.0606265,-2.3614
7713,0,25,8,9,27,66,46,-21,0.0424805,0.518066,0.713867,2.3125,1.75,1.8125,0.598447,-0.0606265,-2.3614
7726,-12,-10,-13,-18,-81,-128,-10,50,0.0424805,0.518066,0.713867,2.3125,1.75,1.8125,0.598447,-0.0606265,-2.3614
7726,18,-25,5,13,66,117,-32,14,0.0424805,0.518066,0.713867,2.3125,1.75,1.8125,0.598447,-0.0606265,-2.3614
7735,24,3,-1,-2,2,23,48,71,0.0722656,0.532227,0.702637,1.5625,-2.5,-0.875,0.600042,-0.0615958,-2.36214
7735,27,68,10,1,-5,-45,-25,21,0.0722656,0.532227,0.702637,1.5625,-2.5,-0.875,0.600042,-0.0615958,-2.36214
7749,-39,-84,-27,-18,-46,-70,-65,-45,0.0722656,0.532227,0.702637,1.5625,-2.5,-0.875,0.600042,-0.0615958,-2.36214
7749,-2,41,1,-4,-7,-22,-2,-57,0.0722656,0.532227,0.702637,1.5625,-2.5,-0.875,0.600042,-0.0615958,-2.36214
7751,16,-8,-3,-9,-42,-123,-74,-1,0.0449219,0.519531,0.771484,0.3125,-3.375,1.9375,0.600021,-0.0626729,-2.36219
7751,4,2,1,6,42,-25,14,-52,0.0449219,0.519531,0.771484,0.3125,-3.375,1.9375,0.600021,-0.0626729,-2.36219
7772,12,30,6,1,6,-5,33,-7,0.0449219,0.519531,0.771484,0.3125,-3.375,1.9375,0.600021,-0.0626729,-2.36219
7772,-29,-4,-9,-9,-30,-19,-19,37,0.0449219,0.519531,0.771484,0.3125,-3.375,1.9375,0.600021,-0.0626729,-2.36219
7773,1,-37,-3,-5,1,-10,-37,-26,0.0771484,0.516113,0.774902,-2.125,-1.9375,1.1875,0.598973,-0.0638765,-2.36221
7773,-9,-24,-7,-8,-52,-79,-7,-13,0.0771484,0.516113,0.774902,-2.125,-1.9375,1.1875,0.598973,-0.0638765,-2.36221
7786,19,53,15,13,27,-3,-54,-53,0.0771484,0.516113,0.774902,-2.125,-1.9375,1.1875,0.598973,-0.0638765,-2.36221
7786,31,-30,-4,-6,-2,12,39,86,0.0771484,0.516113,0.774902,-2.125,-1.9375,1.1875,0.598973,-0.0638765,-2.36221
7795,-18,11,-2,-1,-1,4,17,4,0.0805664,0.479492,0.748047,-0.0625,1.25,1.25,0.598423,-0.0644243,-2.36153
7795,-14,-10,1,-1,24,82,1,-44,0.0805664,0.479492,0.748047,-0.0625,1.25,1.25,0.598423,-0.0644243,-2.36153
7809,31,-27,-8,8,11,50,-24,66,0.0805664,0.479492,0.748047,-0.0625,1.25,1.25,0.598423,-0.0644243,-2.36153
7809,3,-12,-7,-11,-32,-16,-42,90,0.0805664,0.479492,0.748047,-0.0625,1.25,1.25,0.598423,-0.0644243,-2.36153
7811,5,4,4,3,7,66,-11,24,0.0571289,0.503906,0.724609,0.75,1.1875,-0.5,0.598888,-0.0639527,-2.36145
7811,2,-5,-4,-5,-17,-18,-16,10,0.0571289,0.503906,0.724609,0.75,1.1875,-0.5,0.598888,-0.0639527,-2.36145
7833,-18,-15,-1,-5,6,-24,45,-36,0.0571289,0.503906,0.724609,0.75,1.1875,-0.5,0.598888,-0.0639527,-2.36145
7833,-41,12,-2,-3,-26,-98,75,-51,0.0571289,0.503906,0.724609,0.75,1.1875,-0.5,0.598888,-0.0639527,-2.36145
7834,-6,6,0,7,35,93,10,-91,0.0712891,0.527832,0.749512,0.875,-0.1875,-0.375,0.598888,-0.0639527,-2.36145
7834,-21,7,1,-1,0,13,-21,37,0.0712891,0.527832,0.749512,0.875,-0.1875,-0.375,0.598888,-0.0639527,-2.36145
7846,-15,-10,-9,-11,-10,-36,16,20,0.0712891,0.527832,0.749512,0.875,-0.1875,-0.375,0.598888,-0.0639527,-2.36145
7846,18,7,-1,2,22,62,-22,-62,0.0712891,0.527832,0.749512,0.875,-0.1875,-0.375,0.598888,-0.0639527,-2.36145
7855,-13,2,11,6,-7,6,39,-24,0.0825195,0.512207,0.734863,-2.1875,-0.75,-1.75,0.598477,-0.0645255,-2.36217
7855,-10,24,-5,-7,-43,-74,52,2,0.0825195,0.512207,0.734863,-2.1875,-0.75,-1.75,0.598477,-0.0645255,-2.36217
7871,0,-22,13,21,83,111,70,18,0.0825195,0.512207,0.734863,-2.1875,-0.75,-1.75,0.598477,-0.0645255,-2.36217
7871,9,-1,-2,-1,-8,-46,32,23,0.0825195,0.512207,0.734863,-2.1875,-0.75,-1.75,0.598477,-0.0645255,-2.36217
7872,-19,-8,-9,-8,-46,-44,1,-18,0.0698242,0.497559,0.737793,-2.8125,-1.875,0.25,0.597404,-0.0653542,-2.36244
7872,27,19,4,2,14,33,-58,29,0.0698242,0.497559,0.737793,-2.8125,-1.875,0.25,0.597404,-0.0653542,-2.36244
7893,29,15,8,-3,-30,-84,-35,-16,0.0698242,0.497559,0.737793,-2.8125,-1.875,0.25,0.597404,-0.0653542,-2.36244
7893,1,42,2,-3,-33,-51,-35,-39,0.0698242,0.497559,0.737793,-2.8125,-1.875,0.25,0.597404,-0.0653542,-2.36244
7894,1,-26,-3,14,89,96,32,8,0.00976562,0.484863,0.763184,1.375,-0.625,1.6875,0.597153,-0.0647035,-2.362
7894,18,-46,-5,-1,0,6,-63,56,0.00976562,0.484863,0.763184,1.375,-0.625,1.6875,0.597153,-0.0647035,-2.362
7915,-26,35,-1,-6,-29,-34,-49,-60,0.00976562,0.484863,0.763184,1.375,-0.625,1.6875,0.597153,-0.0647035,-2.362
7915,13,7,15,7,10,-12,-49,-20,0.00976562,0.484863,0.763184,1.375,-0.625,1.6875,0.597153,-0.0647035,-2.362
7917,11,-19,-2,1,-13,-4,32,27,0.0258789,0.520508,0.76709,2.6875,1.125,-0.4375,0.598081,-0.063489,-2.36186
7917,-23,-22,3,8,11,-5,-1,-23,0.0258789,0.520508,0.76709,2.6875,1.125,-0.4375,0.598081,-0.063489,-2.36186
7930,35,16,9,4,15,41,3,68,0.0258789,0.520508,0.76709,2.6875,1.125,-0.4375,0.598081,-0.063489,-2.36186
7930,22,25,5,0,-14,-73,-58,-17,0.0258789,0.520508,0.76709,2.6875,1.125,-0.4375,0.598081,-0.063489,-2.36186
7932,9,37,4,-2,-38,-128,-49,1,0.0820312,0.499512,0.758789,-5.6875,-2.125,2.8125,0.595786,-0.0651377,-2.36143
7932,-22,-23,-11,2,32,92,114,76,0.0820312,0.499512,0.758789,-5.6875,-2.125,2.8125,0.595786,-0.0651377,-2.36143
7953,-14,5,10,15,70,91,47,5,0.0820312,0.499512,0.758789,-5.6875,-2.125,2.8125,0.595786,-0.0651377,-2.36143
7953,3,38,-5,-6,-1,-17,15,-6,0.0820312,0.499512,0.758789,-5.6875,-2.125,2.8125,0.595786,-0.0651377,-2.36143
7954,16,32,3,-1,-2,-11,8,-8,0.0922852,0.287109,0.685059,2.3125,0.25,-1.8125,0.592986,-0.0658343,-2.36159
7954,-6,-102,-6,1,-13,-90,-6,-36,0.0922852,0.287109,0.685059,2.3125,0.25,-1.8125,0.592986,-0.0658343,-2.36159
7975,2,16,-6,-6,-54,-70,16,8,0.0922852,0.287109,0.685059,2.3125,0.25,-1.8125,0.592986,-0.0658343,-2.36159
7975,-23,-37,-10,-13,-11,115,11,83,0.0922852,0.287109,0.685059,2.3125,0.25,-1.8125,0.592986,-0.0658343,-2.36159
7977,15,-2,1,12,67,105,-31,-40,0.081543,0.443359,0.762695,-0.125,-0.625,5.1875,0.591443,-0.06757,-2.36014
7977,15,44,2,-4,-22,-42,-50,-62,0.081543,0.443359,0.762695,-0.125,-0.625,5.1875,0.591443,-0.06757,-2.36014
7998,-46,-15,-9,-12,-61,-88,43,-5,0.081543,0.443359,0.762695,-0.125,-0.625,5.1875,0.591443,-0.06757,-2.36014
7998,31,21,15,25,95,107,-63,-99,0.081543,0.443359,0.762695,-0.125,-0.625,5.1875,0.591443,-0.06757,-2.36014
7999,38,-25,-7,-14,-22,-38,54,101,-0.0541992,0.522949,0.816895,13.5625,4.125,-0.6875,0.595568,-0.0633302,-2.35944
7999,-27,39,-2,-2,13,-38,-17,-86,-0.0541992,0.522949,0.816895,13.5625,4.125,-0.6875,0.595568,-0.0633302,-2.35944
8013,-11,-1,-5,-5,-5,-9,-1,-45,-0.0541992,0.522949,0.816895,13.5625,4.125,-0.6875,0.595568,-0.0633302,-2.35944
8013,-3,-70,-17,-10,-40,-78,-18,83,-0.0541992,0.522949,0.816895,13.5625,4.125,-0.6875,0.595568,-0.0633302,-2.35944
8014,-14,2,-5,-2,22,47,6,37,0.0541992,0.572754,0.708984,-3.25,0.0625,1.9375,0.596332,-0.0636654,-2.359
8014,12,-3,1,0,4,12,13,-7,0.0541992,0.572754,0.708984,-3.25,0.0625,1.9375,0.596332,-0.0636654,-2.359
8043,-2,21,5,3,31,104,-23,-12,0.0541992,0.572754,0.708984,-3.25,0.0625,1.9375,0.596332,-0.0636654,-2.359
8043,38,19,-5,-7,-17,-18,33,82,0.0541992,0.572754,0.708984,-3.25,0.0625,1.9375,0.596332,-0.0636654,-2.359
8044,20,3,10,1,-25,-111,-46,32,0.125,0.48584,0.722656,-6.5,-1,1.375,0.593918,-0.0658945,-2.35874
8044,-11,-27,-4,-2,8,54,17,8,0.125,0.48584,0.722656,-6.5,-1,1.375,0.593918,-0.0658945,-2.35874
8049,-28,-1,-11,-10,5,23,39,-20,0.125,0.48584,0.722656,-6.5,-1,1.375,0.593918,-0.0658945,-2.35874
8049,-12,-12,-3,0,14,11,-20,-76,0.125,0.48584,0.722656,-6.5,-1,1.375,0.593918,-0.0658945,-2.35874
8063,-26,-21,-11,-10,-55,-104,-40,-104,0.0727539,0.478516,0.742676,3.5,0.1875,-0.8125,0.594689,-0.0660019,-2.359
8063,32,34,7,3,9,9,8,101,0.0727539,0.478516,0.742676,3.5,0.1875,-0.8125,0.594689,-0.0660019,-2.359
8074,5,-5,1,-3,-25,-37,-26,-63,0.0727539,0.478516,0.742676,3.5,0.1875,-0.8125,0.594689,-0.0660019,-2.359
8074,1,11,4,9,19,66,104,-33,0.0727539,0.478516,0.742676,3.5,0.1875,-0.8125,0.594689,-0.0660019,-2.359
8074,19,18,0,-8,-38,-80,-13,6,0.0112305,0.520508,0.739258,5.9375,-0.3125,0.9375,0.597137,-0.0651621,-2.35883
8074,-31,4,0,7,39,101,85,-78,0.0112305,0.520508,0.739258,5.9375,-0.3125,0.9375,0.597137,-0.0651621,-2.35883
8094,41,-29,-7,-7,-8,-19,-15,58,0.0112305,0.520508,0.739258,5.9375,-0.3125,0.9375,0.597137,-0.0651621,-2.35883
8094,5,28,15,7,-17,-80,-32,-24,0.0112305,0.520508,0.739258,5.9375,-0.3125,0.9375,0.597137,-0.0651621,-2.35883
8096,-45,-40,-11,-9,-7,25,0,-41,0.0205078,0.526367,0.759277,-1,-1.375,1.125,0.597029,-0.0647481,-2.35868
8096,3,-19,-3,-6,-36,-72,-25,5,0.0205078,0.526367,0.759277,-1,-1.375,1.125,0.597029,-0.0647481,-2.35868
8109,24,47,11,13,20,43,39,49,0.0205078,0.526367,0.759277,-1,-1.375,1.125,0.597029,-0.0647481,-2.35868
8109,-12,-72,9,12,57,108,-7,19,0.0205078,0.526367,0.759277,-1,-1.375,1.125,0.597029,-0.0647481,-2.35868
8116,-10,19,-4,-4,-3,-7,-21,-13,0.0727539,0.504395,0.738281,-1.5625,-2.75,-0.1875,0.596528,-0.0658418,-2.35934
8116,12,5,6,1,-3,-14,-37,17,0.0727539,0.504395,0.738281,-1.5625,-2.75,-0.1875,0.596528,-0.0658418,-2.35934
8132,-17,-23,-21,-30,-63,-63,-81,5,0.0727539,0.504395,0.738281,-1.5625,-2.75,-0.1875,0.596528,-0.0658418,-2.35934
8132,-9,25,-1,-1,-6,-62,70,-32,0.0727539,0.504395,0.738281,-1.5625,-2.75,-0.1875,0.596528,-0.0658418,-2.35934
8133,10,5,3,3,8,-5,6,20,0.10791,0.508789,0.752441,0.75,-1.4375,-1.375,0.596788,-0.0671222,-2.35999
8133,-2,-2,-7,-11,-62,-110,-25,-7,0.10791,0.508789,0.752441,0.75,-1.4375,-1.375,0.596788,-0.0671222,-2.35999
8154,-7,42,8,9,28,69,0,42,0.10791,0.508789,0.752441,0.75,-1.4375,-1.375,0.596788,-0.0671222,-2.35999
8154,-4,-49,-9,-5,-10,-37,-21,10,0.10791,0.508789,0.752441,0.75,-1.4375,-1.375,0.596788,-0.0671222,-2.35999
8156,-3,16,-4,-3,14,44,7,-19,0.0888672,0.535645,0.73291,0.5625,-1.1875,-1.9375,0.597803,-0.0678451,-2.36077
8156,7,-10,-3,-8,-53,-128,-16,-25,0.0888672,0.535645,0.73291,0.5625,-1.1875,-1.9375,0.597803,-0.0678451,-2.36077
8169,-29,3,10,19,65,88,84,75,0.0888672,0.535645,0.73291,0.5625,-1.1875,-1.9375,0.597803,-0.0678451,-2.36077
8169,-10,0,-6,-4,-7,11,-7,72,0.0888672,0.535645,0.73291,0.5625,-1.1875,-1.9375,0.597803,-0.0678451,-2.36077
8176,-41,23,9,9,25,110,77,-41,0.0175781,0.514648,0.758789,0.3125,-0.125,1.5,0.597869,-0.0670456,-2.36032
8176,27,5,5,5,17,11,-70,0,0.0175781,0.514648,0.758789,0.3125,-0.125,1.5,0.597869,-0.0670456,-2.36032
8192,5,-93,-8,-5,-31,-110,-64,-14,0.0175781,0.514648,0.758789,0.3125,-0.125,1.5,0.597869,-0.0670456,-2.36032
8192,-30,-17,-17,-16,-14,-51,44,-11,0.0175781,0.514648,0.758789,0.3125,-0.125,1.5,0.597869,-0.0670456,-2.36032
8194,-9,-23,-7,-1,34,30,36,-33,0.0219727,0.486816,0.740723,-2.875,-1.4375,-1.125,0.596599,-0.0663445,-2.36088
8194,21,6,-2,-1,10,47,34,33,0.0219727,0.486816,0.740723,-2.875,-1.4375,-1.125,0.596599,-0.0663445,-2.36088
8215,8,21,4,3,14,3,8,-87,0.0219727,0.486816,0.740723,-2.875,-1.4375,-1.125,0.596599,-0.0663445,-2.36088
8215,-27,1,4,3,-17,-30,-92,-60,0.0219727,0.486816,0.740723,-2.875,-1.4375,-1.125,0.596599,-0.0663445,-2.36088
8217,-9,-13,-14,-9,-9,7,53,71,0.0693359,0.503418,0.759277,-1.0625,-0.6875,-0.9375,0.59606,-0.0665488,-2.36124
8217,1,18,4,2,20,8,-15,12,0.0693359,0.503418,0.759277,-1.0625,-0.6875,-0.9375,0.59606,-0.0665488,-2.36124
8229,2,20,-8,-12,-7,-35,31,6,0.0693359,0.503418,0.759277,-1.0625,-0.6875,-0.9375,0.59606,-0.0665488,-2.36124
8229,5,24,12,7,-15,-44,16,-42,0.0693359,0.503418,0.759277,-1.0625,-0.6875,-0.9375,0.59606,-0.0665488,-2.36124
8236,-27,-26,-11,-5,18,83,25,-13,0.0678711,0.508789,0.730957,2.25,0.375,-1.375,0.597041,-0.066416,-2.36165
8236,-15,-7,-8,-8,-9,-3,6,-32,0.0678711,0.508789,0.730957,2.25,0.375,-1.375,0.597041,-0.066416,-2.36165
8251,-32,-35,-4,-3,-9,11,-72,-54,0.0678711,0.508789,0.730957,2.25,0.375,-1.375,0.597041,-0.066416,-2.36165
8251,4,38,5,2,-11,5,-19,-39,0.0678711,0.508789,0.730957,2.25,0.375,-1.375,0.597041,-0.066416,-2.36165
8259,12,-11,-6,-6,0,10,26,57,0.0463867,0.516113,0.735352,0.0625,0.6875,1.5625,0.597341,-0.0661901,-2.36105
8259,-24,-14,-8,-5,11,20,-30,-67,0.0463867,0.516113,0.735352,0.0625,0.6875,1.5625,0.597341,-0.0661901,-2.36105
8274,-1,-5,-9,-7,-31,-36,-6,-6,0.0463867,0.516113,0.735352,0.0625,0.6875,1.5625,0.597341,-0.0661901,-2.36105
8274,-55,-3,-5,-10,-25,-10,14,8,0.0463867,0.516113,0.735352,0.0625,0.6875,1.5625,0.597341,-0.0661901,-2.36105
8278,40,26,15,21,33,56,-18,-21,0.0405273,0.506348,0.748047,0.6875,0.375,0.0625,0.59739,-0.0660825,-2.36102
8278,-11,-46,-11,-6,13,42,-45,20,0.0405273,0.506348,0.748047,0.6875,0.375,0.0625,0.59739,-0.0660825,-2.36102
8289,17,43,9,8,2,-28,-45,10,0.0405273,0.506348,0.748047,0.6875,0.375,0.0625,0.59739,-0.0660825,-2.36102
8289,54,-21,-3,-2,-9,12,-39,57,0.0405273,0.506348,0.748047,0.6875,0.375,0.0625,0.59739,-0.0660825,-2.36102
8296,-35,14,2,-6,-46,-81,23,-58,0.0756836,0.541504,0.742188,0.8125,-0.1875,-0.8125,0.59749,-0.0661382,-2.36094
8296,-3,18,3,6,26,63,43,-44,0.0756836,0.541504,0.742188,0.8125,-0.1875,-0.8125,0.59749,-0.0661382,-2.36094
8320,13,-18,0,4,10,16,-27,-24,0.0756836,0.541504,0.742188,0.8125,-0.1875,-0.8125,0.59749,-0.0661382,-2.36094
8320,2,-15,-11,-14,-37,-77,17,5,0.0756836,0.541504,0.742188,0.8125,-0.1875,-0.8125,0.59749,-0.0661382,-2.36094
8321,0,10,10,8,-1,-8,-22,-57,0.0883789,0.508789,0.73291,-1.3125,-0.5625,-0.125,0.597283,-0.0669718,-2.36108
8321,45,18,7,6,24,32,24,22,0.0883789,0.508789,0.73291,-1.3125,-0.5625,-0.125,0.597283,-0.0669718,-2.36108
8342,-19,-14,-3,-4,-9,-4,66,31,0.0883789,0.508789,0.73291,-1.3125,-0.5625,-0.125,0.597283,-0.0669718,-2.36108
8342,4,19,-9,-11,-37,-70,-48,-14,0.0883789,0.508789,0.73291,-1.3125,-0.5625,-0.125,0.597283,-0.0669718,-2.36108
8344,-2,15,7,9,21,18,-82,17,0.0776367,0.492676,0.744629,-2.375,0.125,-0.6875,0.596307,-0.0673141,-2.36134
8344,-16,-23,-3,-2,-12,-23,26,9,0.0776367,0.492676,0.744629,-2.375,0.125,-0.6875,0.596307,-0.0673141,-2.36134
8349,28,-1,3,2,-17,-43,5,20,0.0776367,0.492676,0.744629,-2.375,0.125,-0.6875,0.596307,-0.0673141,-2.36134
8349,-20,-25,-3,5,39,61,8,50,0.0776367,0.492676,0.744629,-2.375,0.125,-0.6875,0.596307,-0.0673141,-2.36134
8363,8,23,-9,-13,-29,-77,34,116,0.0390625,0.507812,0.754395,1.375,0.8125,-1.125,0.596702,-0.0663387,-2.36149
8363,13,-20,0,0,2,-47,-41,-55,0.0390625,0.507812,0.754395,1.375,0.8125,-1.125,0.596702,-0.0663387,-2.36149
8372,-21,1,-2,0,28,99,-4,-59,0.0390625,0.507812,0.754395,1.375,0.8125,-1.125,0.596702,-0.0663387,-2.36149
8372,6,9,3,3,6,-2,1,20,0.0390625,0.507812,0.754395,1.375,0.8125,-1.125,0.596702,-0.0663387,-2.36149
8374,-7,-18,-6,-8,-28,-54,-57,-63,0.0244141,0.509766,0.740723,0.875,0.625,-0.5625,0.596664,-0.0660432,-2.36147
8374,-1,-1,0,3,2,9,48,67,0.0244141,0.509766,0.740723,0.875,0.625,-0.5625,0.596664,-0.0660432,-2.36147
8395,-15,2,2,1,-2,-12,23,-55,0.0244141,0.509766,0.740723,0.875,0.625,-0.5625,0.596664,-0.0660432,-2.36147
8395,10,-1,1,4,19,12,1,12,0.0244141,0.509766,0.740723,0.875,0.625,-0.5625,0.596664,-0.0660432,-2.36147
8397,-5,2,3,-1,0,-22,-11,16,0.0449219,0.512695,0.731445,-0.375,0.5625,-1,0.596841,-0.0659811,-2.36149
8397,-7,46,2,-3,-18,-39,7,-38,0.0449219,0.512695,0.731445,-0.375,0.5625,-1,0.596841,-0.0659811,-2.36149
8408,1,-38,-2,4,6,38,20,41,0.0449219,0.512695,0.731445,-0.375,0.5625,-1,0.596841,-0.0659811,-2.36149
8408,36,2,2,3,27,82,-14,29,0.0449219,0.512695,0.731445,-0.375,0.5625,-1,0.596841,-0.0659811,-2.36149
8417,15,0,-8,-7,-14,-13,9,-22,0.0751953,0.52002,0.739258,0.5625,0.125,-1.4375,0.5973,-0.0660691,-2.36177
8417,-21,-10,-6,-4,7,34,-50,21,0.0751953,0.52002,0.739258,0.5625,0.125,-1.4375,0.5973,-0.0660691,-2.36177
8432,28,20,8,0,-18,-52,8,30,0.0751953,0.52002,0.739258,0.5625,0.125,-1.4375,0.5973,-0.0660691,-2.36177
8432,20,26,5,6,8,10,87,-41,0.0751953,0.52002,0.739258,0.5625,0.125,-1.4375,0.5973,-0.0660691,-2.36177
8434,0,-23,-7,-4,-2,15,39,48,0.0327148,0.530762,0.738281,0.5625,-0.25,1.125,0.598049,-0.0656256,-2.36155
8434,-19,-10,2,3,22,34,20,-55,0.0327148,0.530762,0.738281,0.5625,-0.25,1.125,0.598049,-0.0656256,-2.36155
8455,-20,-3,-20,-19,-23,-63,-20,-4,0.0327148,0.530762,0.738281,0.5625,-0.25,1.125,0.598049,-0.0656256,-2.36155
8455,5,-1,7,7,2,-6,57,2,0.0327148,0.530762,0.738281,0.5625,-0.25,1.125,0.598049,-0.0656256,-2.36155
8457,1,-2,-2,-1,-4,-13,-14,-31,0.0473633,0.511719,0.73877,-3.25,-1.25,-1.6875,0.597235,-0.0654511,-2.36235
8457,-10,11,-1,-3,-19,-53,52,-32,0.0473633,0.511719,0.73877,-3.25,-1.25,-1.6875,0.597235,-0.0654511,-2.36235
8469,0,8,4,5,17,-1,22,-21,0.0473633,0.511719,0.73877,-3.25,-1.25,-1.6875,0.597235,-0.0654511,-2.36235
8469,1,17,-5,-6,-3,0,0,3,0.0473633,0.511719,0.73877,-3.25,-1.25,-1.6875,0.597235,-0.0654511,-2.36235
8477,-19,-85,-8,0,9,5,1,20,0.074707,0.495117,0.745605,-2.625,-1.375,-0.875,0.596095,-0.0660476,-2.36283
8477,0,1,-5,-8,-25,-72,-35,20,0.074707,0.495117,0.745605,-2.625,-1.375,-0.875,0.596095,-0.0660476,-2.36283
8492,11,15,9,5,6,38,-7,-6,0.074707,0.495117,0.745605,-2.625,-1.375,-0.875,0.596095,-0.0660476,-2.36283
8492,-20,-7,-13,-13,-9,-54,-7,6,0.074707,0.495117,0.745605,-2.625,-1.375,-0.875,0.596095,-0.0660476,-2.36283
8494,49,28,5,7,-3,38,50,73,0.0727539,0.502441,0.748535,0.125,-0.5,-0.875,0.596104,-0.0660823,-2.36276
8494,-15,-15,-7,-6,-13,28,41,61,0.0727539,0.502441,0.748535,0.125,-0.5,-0.875,0.596104,-0.0660823,-2.36276
8515,-12,-2,-3,-6,-21,-99,-5,-34,0.0727539,0.502441,0.748535,0.125,-0.5,-0.875,0.596104,-0.0660823,-2.36276
8515,10,12,6,9,20,87,13,34,0.0727539,0.502441,0.748535,0.125,-0.5,-0.875,0.596104,-0.0660823,-2.36276
8516,0,2,-2,-6,-10,-17,-8,65,0.0629883,0.506348,0.744141,-0.25,-0.9375,-1.875,0.596042,-0.0660594,-2.36362
8516,27,7,2,4,6,-8,3,-31,0.0629883,0.506348,0.744141,-0.25,-0.9375,-1.875,0.596042,-0.0660594,-2.36362
8529,-33,-12,-12,-13,-16,-25,-6,-36,0.0629883,0.506348,0.744141,-0.25,-0.9375,-1.875,0.596042,-0.0660594,-2.36362
8529,23,15,9,7,10,27,-66,-2,0.0629883,0.506348,0.744141,-0.25,-0.9375,-1.875,0.596042,-0.0660594,-2.36362
8538,7,19,2,3,4,16,50,4,0.0405273,0.522949,0.759766,-0.875,0.125,-1.25,0.596005,-0.065379,-2.36398
8538,-20,-15,10,12,20,-8,-12,19,0.0405273,0.522949,0.759766,-0.875,0.125,-1.25,0.596005,-0.065379,-2.36398
8552,1,3,3,6,11,69,60,57,0.0405273,0.522949,0.759766,-0.875,0.125,-1.25,0.596005,-0.065379,-2.36398
8552,-10,-10,-11,-7,-17,-64,-19,-31,0.0405273,0.522949,0.759766,-0.875,0.125,-1.25,0.596005,-0.065379,-2.36398
8554,-2,22,0,-6,-2,20,-32,2,0.0395508,0.507324,0.750977,-0.875,-0.125,-0.8125,0.595926,-0.0652259,-2.36392
8554,3,-24,-1,-2,-13,-12,-7,-6,0.0395508,0.507324,0.750977,-0.875,-0.125,-0.8125,0.595926,-0.0652259,-2.36392
8574,-28,-18,-11,-6,-15,-51,14,-24,0.0805664,0.508301,0.73584,-1.9375,-0.1875,-1.75,0.595507,-0.0654419,-2.3644
8574,18,15,10,7,22,80,36,-2,0.0805664,0.508301,0.73584,-1.9375,-0.1875,-1.75,0.595507,-0.0654419,-2.3644
8574,10,16,5,0,-4,-28,-15,-44,0.0805664,0.508301,0.73584,-1.9375,-0.1875,-1.75,0.595507,-0.0654419,-2.3644
8574,-12,4,-7,-4,3,27,4,-31,0.0805664,0.508301,0.73584,-1.9375,-0.1875,-1.75,0.595507,-0.0654419,-2.3644
8597,-1,-21,-6,-8,-16,13,-31,-24,0.0532227,0.510254,0.738281,0.1875,0.0625,-0.5625,0.595507,-0.0654419,-2.3644
8597,-29,-12,-8,-3,5,20,72,-45,0.0532227,0.510254,0.738281,0.1875,0.0625,-0.5625,0.595507,-0.0654419,-2.3644
8598,-32,-18,5,5,8,-17,-38,-31,0.0532227,0.510254,0.738281,0.1875,0.0625,-0.5625,0.595507,-0.0654419,-2.3644
8598,15,48,9,5,-10,-38,-6,1,0.0532227,0.510254,0.738281,0.1875,0.0625,-0.5625,0.595507,-0.0654419,-2.3644
8620,17,45,15,21,31,21,-24,40,0.043457,0.503418,0.743652,-0.6875,-0.6875,-1.5625,0.595393,-0.0649323,-2.36501
8620,14,-93,-17,-7,10,58,44,68,0.043457,0.503418,0.743652,-0.6875,-0.6875,-1.5625,0.595393,-0.0649323,-2.36501
8621,0,13,3,-5,4,19,-52,-52,0.043457,0.503418,0.743652,-0.6875,-0.6875,-1.5625,0.595393,-0.0649323,-2.36501
8621,-19,-14,-17,-16,-41,-81,-17,2,0.043457,0.503418,0.743652,-0.6875,-0.6875,-1.5625,0.595393,-0.0649323,-2.36501
8635,24,10,9,7,-6,-30,-47,-25,0.0634766,0.503418,0.73877,-1.4375,-1,-0.8125,0.594983,-0.0651834,-2.36542
8635,-12,9,-1,-2,11,-35,-64,-64,0.0634766,0.503418,0.73877,-1.4375,-1,-0.8125,0.594983,-0.0651834,-2.36542
8635,-13,6,2,-1,19,78,37,-22,0.0634766,0.503418,0.73877,-1.4375,-1,-0.8125,0.594983,-0.0651834,-2.36542
8635,-2,-20,-10,-8,-13,-41,22,7,0.0634766,0.503418,0.73877,-1.4375,-1,-0.8125,0.594983,-0.0651834,-2.36542
8657,6,5,0,-3,4,30,-41,-69,0.0385742,0.502441,0.743652,0.9375,-0.875,-0.5,0.595023,-0.065041,-2.36547
8657,-14,6,0,0,-14,-10,-37,-34,0.0385742,0.502441,0.743652,0.9375,-0.875,-0.5,0.595023,-0.065041,-2.36547
8658,0,-27,-2,1,-15,-31,-37,-80,0.0385742,0.502441,0.743652,0.9375,-0.875,-0.5,0.595023,-0.065041,-2.36547
8658,-33,27,-7,-6,3,-22,-68,-54,0.0385742,0.502441,0.743652,0.9375,-0.875,-0.5,0.595023,-0.065041,-2.36547
8672,3,-2,-4,-5,-4,-2,-34,-52,0.0566406,0.511719,0.755371,-0.5625,-0.875,-2,0.594891,-0.0649003,-2.36619
8672,-23,-9,3,-1,-7,6,5,10,0.0566406,0.511719,0.755371,-0.5625,-0.875,-2,0.594891,-0.0649003,-2.36619
8673,22,4,2,6,1,-62,5,38,0.0566406,0.511719,0.755371,-0.5625,-0.875,-2,0.594891,-0.0649003,-2.36619
8673,-7,-18,-5,-6,-5,65,30,-20,0.0566406,0.511719,0.755371,-0.5625,-0.875,-2,0.594891,-0.0649003,-2.36619
8694,-55,-28,-6,-5,27,71,0,-42,0.0722656,0.506348,0.754395,1,1,-1.375,0.5951,-0.0646608,-2.36634
8694,1,6,1,-6,-23,-65,-47,-66,0.0722656,0.506348,0.754395,1,1,-1.375,0.5951,-0.0646608,-2.36634
8695,11,16,2,-2,-39,-98,-57,28,0.0722656,0.506348,0.754395,1,1,-1.375,0.5951,-0.0646608,-2.36634
8695,9,0,8,17,62,115,56,44,0.0722656,0.506348,0.754395,1,1,-1.375,0.5951,-0.0646608,-2.36634
8716,31,5,4,4,25,71,65,96,0.0273438,0.518555,0.733398,2.9375,1.4375,-0.125,0.596576,-0.0634298,-2.36608
8716,-13,34,-3,-5,-14,-32,-41,-18,0.0273438,0.518555,0.733398,2.9375,1.4375,-0.125,0.596576,-0.0634298,-2.36608
8717,-17,-38,-11,-12,-29,-71,43,44,0.0273438,0.518555,0.733398,2.9375,1.4375,-0.125,0.596576,-0.0634298,-2.36608
8717,11,-25,4,3,17,77,45,35,0.0273438,0.518555,0.733398,2.9375,1.4375,-0.125,0.596576,-0.0634298,-2.36608
8732,23,28,0,-6,-17,-23,-28,-1,0.0498047,0.512207,0.742676,0.1875,-0.5625,-1.9375,0.596809,-0.0630312,-2.36677
8732,-11,-28,1,9,26,39,37,18,0.0498047,0.512207,0.742676,0.1875,-0.5625,-1.9375,0.596809,-0.0630312,-2.36677
8732,1,23,-3,-7,-14,-16,-8,34,0.0498047,0.512207,0.742676,0.1875,-0.5625,-1.9375,0.596809,-0.0630312,-2.36677
8732,21,1,9,7,8,15,-60,11,0.0498047,0.512207,0.742676,0.1875,-0.5625,-1.9375,0.596809,-0.0630312,-2.36677
8770,0,-1,-7,-7,-12,-49,-22,-28,0.0849609,0.499023,0.750977,-1,-0.9375,-1.4375,0.596331,-0.0637586,-2.36732
8770,10,8,-3,-7,-27,-62,74,82,0.0849609,0.499023,0.750977,-1,-0.9375,-1.4375,0.596331,-0.0637586,-2.36732
8771,-8,-18,-3,7,34,106,56,21,0.0849609,0.499023,0.750977,-1,-0.9375,-1.4375,0.596331,-0.0637586,-2.36732
8771,-3,9,3,-1,-12,-39,-23,-57,0.0849609,0.499023,0.750977,-1,-0.9375,-1.4375,0.596331,-0.0637586,-2.36732
8776,5,42,7,7,6,-19,82,6,0.0424805,0.491699,0.753906,1.125,0.875,1.125,0.596267,-0.0633512,-2.36679
8776,-46,-73,-13,-5,-17,-32,-13,-22,0.0424805,0.491699,0.753906,1.125,0.875,1.125,0.596267,-0.0633512,-2.36679
8777,10,17,5,5,11,9,-5,-14,0.0424805,0.491699,0.753906,1.125,0.875,1.125,0.596267,-0.0633512,-2.36679
8777,21,3,-4,-3,-14,-33,28,84,0.0424805,0.491699,0.753906,1.125,0.875,1.125,0.596267,-0.0633512,-2.36679
8793,-3,15,5,4,4,14,-32,-13,0.0161133,0.51416,0.744629,1.875,0.5,0.125,0.597014,-0.062197,-2.36663
8793,-6,14,0,-2,5,37,-16,22,0.0161133,0.51416,0.744629,1.875,0.5,0.125,0.597014,-0.062197,-2.36663
8794,1,-6,1,1,-4,-2,-15,-37,0.0161133,0.51416,0.744629,1.875,0.5,0.125,0.597014,-0.062197,-2.36663
8794,1,-2,-7,1,4,5,15,-55,0.0161133,0.51416,0.744629,1.875,0.5,0.125,0.597014,-0.062197,-2.36663
8815,7,-30,-1,-2,-39,-92,14,23,0.0449219,0.523926,0.740234,1.375,-0.0625,-0.1875,0.597933,-0.061978,-2.36682
8815,22,-10,5,8,50,93,32,13,0.0449219,0.523926,0.740234,1.375,-0.0625,-0.1875,0.597933,-0.061978,-2.36682
8815,-16,7,4,4,16,29,26,2,0.0449219,0.523926,0.740234,1.375,-0.0625,-0.1875,0.597933,-0.061978,-2.36682
8815,5,5,-9,-9,-19,-30,-70,44,0.0449219,0.523926,0.740234,1.375,-0.0625,-0.1875,0.597933,-0.061978,-2.36682
8836,3,-8,-3,-4,-9,-32,-22,16,0.065918,0.522461,0.740234,-0.4375,-0.25,0.6875,0.598032,-0.0620334,-2.36674
8836,19,37,7,5,-8,-15,-18,-19,0.065918,0.522461,0.740234,-0.4375,-0.25,0.6875,0.598032,-0.0620334,-2.36674
8838,12,-21,1,0,-23,-48,-28,5,0.065918,0.522461,0.740234,-0.4375,-0.25,0.6875,0.598032,-0.0620334,-2.36674
8838,23,10,3,6,35,39,72,67,0.065918,0.522461,0.740234,-0.4375,-0.25,0.6875,0.598032,-0.0620334,-2.36674
8852,18,-8,-6,-7,14,35,-10,92,0.0585938,0.512207,0.739746,-0.1875,-1.0625,1.125,0.59813,-0.0625266,-2.36662
8852,19,57,4,-2,-10,1,-24,-6,0.0585938,0.512207,0.739746,-0.1875,-1.0625,1.125,0.59813,-0.0625266,-2.36662
8853,2,-34,-3,1,13,39,-22,-11,0.0585938,0.512207,0.739746,-0.1875,-1.0625,1.125,0.59813,-0.0625266,-2.36662
8853,-26,-14,-2,-3,-24,-71,-15,-78,0.0585938,0.512207,0.739746,-0.1875,-1.0625,1.125,0.59813,-0.0625266,-2.36662
8875,5,-37,-6,0,7,-16,-13,62,0.0537109,0.517578,0.748047,-0.625,-1.125,0,0.598132,-0.0628501,-2.36694
8875,21,33,2,-2,9,-13,21,-50,0.0537109,0.517578,0.748047,-0.625,-1.125,0,0.598132,-0.0628501,-2.36694
8875,-29,8,-7,-11,-5,-43,-20,-30,0.0537109,0.517578,0.748047,-0.625,-1.125,0,0.598132,-0.0628501,-2.36694
8875,-5,-6,-2,-6,-23,-62,-63,-58,0.0537109,0.517578,0.748047,-0.625,-1.125,0,0.598132,-0.0628501,-2.36694
8897,-37,-5,-10,-9,9,-28,44,-18,0.0551758,0.493164,0.760742,-1.3125,-0.8125,0.125,0.597234,-0.0630244,-2.36695
8897,14,-32,2,2,-5,10,-69,-62,0.0551758,0.493164,0.760742,-1.3125,-0.8125,0.125,0.597234,-0.0630244,-2.36695
8898,6,-1,-4,0,-7,-26,9,5,0.0551758,0.493164,0.760742,-1.3125,-0.8125,0.125,0.597234,-0.0630244,-2.36695
8898,-6,-13,-7,-6,-28,-76,35,53,0.0551758,0.493164,0.760742,-1.3125,-0.8125,0.125,0.597234,-0.0630244,-2.36695
8911,24,32,8,8,24,101,-30,-81,0.0415039,0.491699,0.759277,-0.3125,0.6875,1.4375,0.596548,-0.062784,-2.36637
8911,-41,-11,-5,-7,-9,1,-53,15,0.0415039,0.491699,0.759277,-0.3125,0.6875,1.4375,0.596548,-0.062784,-2.36637
8912,5,33,5,4,11,18,-12,-54,0.0415039,0.491699,0.759277,-0.3125,0.6875,1.4375,0.596548,-0.062784,-2.36637
8912,-8,-52,-18,-18,-31,-39,-77,37,0.0415039,0.491699,0.759277,-0.3125,0.6875,1.4375,0.596548,-0.062784,-2.36637
8934,-10,-17,-7,-4,3,62,10,5,0.0551758,0.517578,0.742676,1.375,1.4375,-1,0.597228,-0.0621063,-2.36635
8934,-8,-6,1,-2,-12,-46,7,-10,0.0551758,0.517578,0.742676,1.375,1.4375,-1,0.597228,-0.0621063,-2.36635
8935,16,7,3,3,1,10,-24,20,0.0551758,0.517578,0.742676,1.375,1.4375,-1,0.597228,-0.0621063,-2.36635
8935,-8,33,11,16,40,42,62,43,0.0551758,0.517578,0.742676,1.375,1.4375,-1,0.597228,-0.0621063,-2.36635
8957,-30,-31,-9,-11,-40,-96,-79,-80,0.0727539,0.524902,0.722168,0.125,-0.5,-0.375,0.597456,-0.0622069,-2.36632
8957,0,0,0,5,28,93,22,10,0.0727539,0.524902,0.722168,0.125,-0.5,-0.375,0.597456,-0.0622069,-2.36632
8957,7,37,-3,-1,8,4,-38,1,0.0727539,0.524902,0.722168,0.125,-0.5,-0.375,0.597456,-0.0622069,-2.36632
8957,10,2,7,2,5,27,-19,-42,0.0727539,0.524902,0.722168,0.125,-0.5,-0.375,0.597456,-0.0622069,-2.36632
8972,-13,-53,-11,-5,-7,33,14,3,0.0439453,0.51416,0.745605,-2.375,-1.3125,0.9375,0.596785,-0.0624815,-2.36629
8972,-9,39,6,10,6,-39,64,-18,0.0439453,0.51416,0.745605,-2.375,-1.3125,0.9375,0.596785,-0.0624815,-2.36629
8973,32,5,5,6,42,90,11,41,0.0439453,0.51416,0.745605,-2.375,-1.3125,0.9375,0.596785,-0.0624815,-2.36629
8973,13,-12,0,-4,-6,-28,13,-6,0.0439453,0.51416,0.745605,-2.375,-1.3125,0.9375,0.596785,-0.0624815,-2.36629
8994,19,14,1,3,-1,-10,27,56,0.0419922,0.492676,0.756348,-1.75,-0.9375,-0.3125,0.595769,-0.06226,-2.36656
8994,19,-6,-2,-5,-21,-34,5,29,0.0419922,0.492676,0.756348,-1.75,-0.9375,-0.3125,0.595769,-0.06226,-2.36656
8995,-5,64,6,0,-9,9,49,16,0.0419922,0.492676,0.756348,-1.75,-0.9375,-0.3125,0.595769,-0.06226,-2.36656
8995,-14,-68,-10,-6,2,-16,-31,-10,0.0419922,0.492676,0.756348,-1.75,-0.9375,-0.3125,0.595769,-0.06226,-2.36656
9016,10,1,5,4,-7,-17,-51,-31,0.0541992,0.5,0.749512,0.0625,-0.0625,0.0625,0.595769,-0.06226,-2.36656
9016,-16,-30,-7,-8,-11,-34,64,89,0.0541992,0.5,0.749512,0.0625,-0.0625,0.0625,0.595769,-0.06226,-2.36656
9017,-7,-12,-3,-3,-24,-64,-49,-80,0.0541992,0.5,0.749512,0.0625,-0.0625,0.0625,0.595769,-0.06226,-2.36656
9017,-11,30,-1,2,27,99,58,14,0.0541992,0.5,0.749512,0.0625,-0.0625,0.0625,0.595769,-0.06226,-2.36656
9032,18,8,4,3,15,-7,-8,10,0.0517578,0.508789,0.758301,-0.3125,0,0.5625,0.595769,-0.06226,-2.36656
9032,-13,-36,-6,-3,-8,-8,-20,-29,0.0517578,0.508789,0.758301,-0.3125,0,0.5625,0.595769,-0.06226,-2.36656
9032,-3,-14,-6,-7,-16,8,-66,34,0.0517578,0.508789,0.758301,-0.3125,0,0.5625,0.595769,-0.06226,-2.36656
9032,-13,13,-6,-3,-12,-6,-25,-42,0.0517578,0.508789,0.758301,-0.3125,0,0.5625,0.595769,-0.06226,-2.36656
9054,6,16,4,1,-17,-58,42,70,0.0737305,0.51123,0.748047,-3,-0.3125,0.5,0.594833,-0.0628475,-2.3665
9054,32,26,9,9,31,75,-54,-49,0.0737305,0.51123,0.748047,-3,-0.3125,0.5,0.594833,-0.0628475,-2.3665
9055,-9,17,2,-3,-15,-87,7,42,0.0737305,0.51123,0.748047,-3,-0.3125,0.5,0.594833,-0.0628475,-2.3665
9055,-1,3,6,6,14,57,-23,-52,0.0737305,0.51123,0.748047,-3,-0.3125,0.5,0.594833,-0.0628475,-2.3665
9077,-26,-36,-9,-6,-4,-23,11,6,0.0756836,0.505859,0.746582,-0.6875,2.25,-1.375,0.594624,-0.0623783,-2.36642
9077,0,-16,-2,-2,-23,-52,-14,-29,0.0756836,0.505859,0.746582,-0.6875,2.25,-1.375,0.594624,-0.0623783,-2.36642
9078,-21,-41,-18,-10,8,29,95,56,0.0756836,0.505859,0.746582,-0.6875,2.25,-1.375,0.594624,-0.0623783,-2.36642
9078,31,30,6,2,11,18,-32,41,0.0756836,0.505859,0.746582,-0.6875,2.25,-1.375,0.594624,-0.0623783,-2.36642
9092,-20,30,0,-2,1,17,-9,-44,0.0224609,0.520996,0.734863,3.375,2.5625,-1,0.596112,-0.0607442,-2.36612
9092,-4,5,-3,-5,-12,-44,10,18,0.0224609,0.520996,0.734863,3.375,2.5625,-1,0.596112,-0.0607442,-2.36612
9092,-9,-16,2,5,6,43,42,-59,0.0224609,0.520996,0.734863,3.375,2.5625,-1,0.596112,-0.0607442,-2.36612
9092,8,-5,0,3,24,92,48,55,0.0224609,0.520996,0.734863,3.375,2.5625,-1,0.596112,-0.0607442,-2.36612
9114,-12,-13,-7,-7,-2,3,-33,-28,0.0322266,0.527832,0.720703,0.6875,-0.1875,-2.8125,0.597292,-0.0596787,-2.36715
9114,-24,3,-11,-14,-51,-81,-15,69,0.0322266,0.527832,0.720703,0.6875,-0.1875,-2.8125,0.597292,-0.0596787,-2.36715
9115,6,5,4,6,23,16,-45,-31,0.0322266,0.527832,0.720703,0.6875,-0.1875,-2.8125,0.597292,-0.0596787,-2.36715
9115,-11,55,7,0,-10,-34,-36,-22,0.0322266,0.527832,0.720703,0.6875,-0.1875,-2.8125,0.597292,-0.0596787,-2.36715
9137,-10,-47,-6,-7,-41,-60,-21,26,0.0698242,0.50293,0.743164,-3.1875,-2.125,-3.25,0.596187,-0.0600396,-2.36845
9137,5,14,4,5,36,78,60,-55,0.0698242,0.50293,0.743164,-3.1875,-2.125,-3.25,0.596187,-0.0600396,-2.36845
9138,-5,17,-3,-2,-5,-20,-5,-60,0.0698242,0.50293,0.743164,-3.1875,-2.125,-3.25,0.596187,-0.0600396,-2.36845
9138,30,7,7,3,-6,-14,78,-11,0.0698242,0.50293,0.743164,-3.1875,-2.125,-3.25,0.596187,-0.0600396,-2.36845
9153,-25,6,7,6,12,9,-29,-47,0.0576172,0.483398,0.74707,1.125,-0.9375,-1.4375,0.596121,-0.060131,-2.36897
9153,-1,3,-6,-2,-4,-16,2,-4,0.0576172,0.483398,0.74707,1.125,-0.9375,-1.4375,0.596121,-0.060131,-2.36897
9153,11,-24,2,-3,-8,-13,8,22,0.0576172,0.483398,0.74707,1.125,-0.9375,-1.4375,0.596121,-0.060131,-2.36897
9153,-51,-5,-4,-2,7,-9,42,-25,0.0576172,0.483398,0.74707,1.125,-0.9375,-1.4375,0.596121,-0.060131,-2.36897
9174,41,24,8,11,15,20,-2,-46,0.043457,0.508789,0.750977,2.0625,-0.3125,-1.375,0.596914,-0.0597518,-2.36946
9174,-11,6,-2,-5,11,46,-1,17,0.043457,0.508789,0.750977,2.0625,-0.3125,-1.375,0.596914,-0.0597518,-2.36946
9175,-19,-33,-5,0,1,41,-1,-41,0.043457,0.508789,0.750977,2.0625,-0.3125,-1.375,0.596914,-0.0597518,-2.36946
9175,-5,-13,-2,-3,-15,-41,-13,-44,0.043457,0.508789,0.750977,2.0625,-0.3125,-1.375,0.596914,-0.0597518,-2.36946
9196,24,34,-3,-6,-16,-14,8,127,0.0449219,0.510254,0.755859,-0.1875,0.3125,-0.125,0.596835,-0.0595989,-2.3694
9196,-34,-12,-2,3,28,12,-27,-22,0.0449219,0.510254,0.755859,-0.1875,0.3125,-0.125,0.596835,-0.0595989,-2.3694
9198,17,-29,-7,-7,-16,-47,-21,13,0.0449219,0.510254,0.755859,-0.1875,0.3125,-0.125,0.596835,-0.0595989,-2.3694
9198,2,4,2,-1,-42,-122,-30,13,0.0449219,0.510254,0.755859,-0.1875,0.3125,-0.125,0.596835,-0.0595989,-2.3694
9220,-9,-9,-5,1,49,96,54,-35,0.050293,0.508789,0.734375,0.0625,0.0625,0.125,0.596963,-0.0596439,-2.36944
9220,9,19,5,5,4,-11,-38,-35,0.050293,0.508789,0.734375,0.0625,0.0625,0.125,0.596963,-0.0596439,-2.36944
9221,-19,-10,-5,-7,-27,-59,-9,44,0.050293,0.508789,0.734375,0.0625,0.0625,0.125,0.596963,-0.0596439,-2.36944
9221,18,7,5,6,16,-18,-59,-38,0.050293,0.508789,0.734375,0.0625,0.0625,0.125,0.596963,-0.0596439,-2.36944
9234,-19,-3,-3,-3,0,21,49,-1,0.0571289,0.51123,0.740234,-0.4375,-0.3125,-0.3125,0.596963,-0.0596439,-2.36944
9234,7,5,-3,-6,-10,-85,-82,44,0.0571289,0.51123,0.740234,-0.4375,-0.3125,-0.3125,0.596963,-0.0596439,-2.36944
9234,-8,-34,1,-2,8,8,43,-75,0.0571289,0.51123,0.740234,-0.4375,-0.3125,-0.3125,0.596963,-0.0596439,-2.36944
9234,-33,-12,-10,-8,-4,37,-1,-33,0.0571289,0.51123,0.740234,-0.4375,-0.3125,-0.3125,0.596963,-0.0596439,-2.36944
9257,17,19,0,1,7,-14,-69,-36,0.0620117,0.511719,0.742188,-1.875,-0.4375,-0.0625,0.596412,-0.05993,-2.36953
9257,26,4,4,2,-14,-7,62,34,0.0620117,0.511719,0.742188,-1.875,-0.4375,-0.0625,0.596412,-0.05993,-2.36953
9257,2,-11,-3,-3,7,6,-32,84,0.0620117,0.511719,0.742188,-1.875,-0.4375,-0.0625,0.596412,-0.05993,-2.36953
9257,17,1,0,-6,-40,-89,-34,25,0.0620117,0.511719,0.742188,-1.875,-0.4375,-0.0625,0.596412,-0.05993,-2.36953
9271,-18,28,6,17,74,79,79,-77,0.0102539,0.506836,0.742188,0.25,-0.625,2.3125,0.596625,-0.0595152,-2.36894
9271,2,-25,5,1,-14,-21,22,-32,0.0102539,0.506836,0.742188,0.25,-0.625,2.3125,0.596625,-0.0595152,-2.36894
9271,-1,27,2,6,22,20,1,-14,0.0102539,0.506836,0.742188,0.25,-0.625,2.3125,0.596625,-0.0595152,-2.36894
9271,10,16,-5,-11,-42,-65,-32,-45,0.0102539,0.506836,0.742188,0.25,-0.625,2.3125,0.596625,-0.0595152,-2.36894
9294,-3,-15,3,9,47,54,23,61,0.0117188,0.505371,0.75,-0.25,-0.0625,1.6875,0.596374,-0.0588652,-2.3685
9294,9,1,-5,-4,-12,16,-6,74,0.0117188,0.505371,0.75,-0.25,-0.0625,1.6875,0.596374,-0.0588652,-2.3685
9295,0,33,5,1,-5,-14,-17,-9,0.0117188,0.505371,0.75,-0.25,-0.0625,1.6875,0.596374,-0.0588652,-2.3685
9295,-3,-44,1,3,12,39,1,-12,0.0117188,0.505371,0.75,-0.25,-0.0625,1.6875,0.596374,-0.0588652,-2.3685
9316,-20,-22,-7,-11,-45,-28,105,44,0.0527344,0.512207,0.739746,0.125,-0.3125,1.1875,0.596678,-0.0592325,-2.36818
9316,15,39,6,3,9,14,-48,-56,0.0527344,0.512207,0.739746,0.125,-0.3125,1.1875,0.596678,-0.0592325,-2.36818
9317,-18,-36,-5,-5,-14,-69,-27,-49,0.0527344,0.512207,0.739746,0.125,-0.3125,1.1875,0.596678,-0.0592325,-2.36818
9317,12,10,2,10,47,51,70,82,0.0527344,0.512207,0.739746,0.125,-0.3125,1.1875,0.596678,-0.0592325,-2.36818
9332,1,5,-11,-20,-29,-30,-50,52,0.0678711,0.520996,0.731934,0.125,-0.875,2.25,0.59713,-0.0602562,-2.36769
9332,-9,-33,4,4,9,27,-3,-4,0.0678711,0.520996,0.731934,0.125,-0.875,2.25,0.59713,-0.0602562,-2.36769
9332,7,37,1,1,-4,11,17,47,0.0678711,0.520996,0.731934,0.125,-0.875,2.25,0.59713,-0.0602562,-2.36769
9332,-13,-18,-2,-1,-28,-81,10,46,0.0678711,0.520996,0.731934,0.125,-0.875,2.25,0.59713,-0.0602562,-2.36769
9354,18,13,-1,8,55,75,-55,38,0.0566406,0.502441,0.743164,-1.3125,-1.375,1.5625,0.596614,-0.0609512,-2.36745
9354,-16,-19,-5,-4,-6,-46,-52,-71,0.0566406,0.502441,0.743164,-1.3125,-1.375,1.5625,0.596614,-0.0609512,-2.36745
9355,15,9,-3,-9,-32,-64,1,21,0.0566406,0.502441,0.743164,-1.3125,-1.375,1.5625,0.596614,-0.0609512,-2.36745
9355,-28,-7,-2,1,-7,11,34,-77,0.0566406,0.502441,0.743164,-1.3125,-1.375,1.5625,0.596614,-0.0609512,-2.36745
9385,56,24,15,13,7,28,-16,-17,0.0566406,0.506836,0.755859,-0.25,-1.9375,1.1875,0.596409,-0.0617855,-2.36758
9385,-1,3,-4,-4,-10,-20,8,-6,0.0566406,0.506836,0.755859,-0.25,-1.9375,1.1875,0.596409,-0.0617855,-2.36758
9386,-11,-26,-6,-6,-9,15,11,-27,0.0566406,0.506836,0.755859,-0.25,-1.9375,1.1875,0.596409,-0.0617855,-2.36758
9386,-8,12,-5,-3,-1,-23,-62,-26,0.0566406,0.506836,0.755859,-0.25,-1.9375,1.1875,0.596409,-0.0617855,-2.36758
9392,-7,-16,-2,1,-4,14,21,42,0.0600586,0.518066,0.743652,-0.4375,-2.5625,-0.1875,0.596612,-0.0625435,-2.36805
9392,16,24,-1,4,15,37,26,34,0.0600586,0.518066,0.743652,-0.4375,-2.5625,-0.1875,0.596612,-0.0625435,-2.36805
9393,21,37,16,14,1,-10,11,-11,0.0600586,0.518066,0.743652,-0.4375,-2.5625,-0.1875,0.596612,-0.0625435,-2.36805
9393,-7,-39,-17,-15,-24,-32,38,16,0.0600586,0.518066,0.743652,-0.4375,-2.5625,-0.1875,0.596612,-0.0625435,-2.36805
9415,-34,-52,-6,-2,6,-18,14,-26,0.0605469,0.504395,0.746094,-2.1875,-2.125,0.9375,0.595826,-0.0634028,-2.36819
9415,-1,17,-6,-3,-2,-50,-13,-53,0.0605469,0.504395,0.746094,-2.1875,-2.125,0.9375,0.595826,-0.0634028,-2.36819
9415,-2,21,4,5,4,-4,11,-51,0.0605469,0.504395,0.746094,-2.1875,-2.125,0.9375,0.595826,-0.0634028,-2.36819
9415,39,41,5,1,4,-4,-52,-50,0.0605469,0.504395,0.746094,-2.1875,-2.125,0.9375,0.595826,-0.0634028,-2.36819
9437,-44,-61,-10,-4,-17,-1,31,-29,0.0620117,0.496094,0.756836,-3.375,-2.0625,0,0.594253,-0.0641425,-2.36857
9437,-16,-23,-10,-11,-23,-24,24,74,0.0620117,0.496094,0.756836,-3.375,-2.0625,0,0.594253,-0.0641425,-2.36857
9437,5,-6,4,3,8,-37,-12,-15,0.0620117,0.496094,0.756836,-3.375,-2.0625,0,0.594253,-0.0641425,-2.36857
9437,-2,21,-1,-2,12,31,-37,-29,0.0620117,0.496094,0.756836,-3.375,-2.0625,0,0.594253,-0.0641425,-2.36857
9453,-13,1,-5,-11,-44,-128,-37,-94,0.0737305,0.494629,0.757812,-0.4375,-0.75,-0.625,0.594253,-0.0641425,-2.36857
9453,10,13,11,12,12,-1,11,-21,0.0737305,0.494629,0.757812,-0.4375,-0.75,-0.625,0.594253,-0.0641425,-2.36857
9459,16,16,3,7,39,86,-12,24,0.0737305,0.494629,0.757812,-0.4375,-0.75,-0.625,0.594253,-0.0641425,-2.36857
9459,-15,-39,-12,-5,5,33,17,23,0.0737305,0.494629,0.757812,-0.4375,-0.75,-0.625,0.594253,-0.0641425,-2.36857
9474,-4,9,0,-4,-14,28,-5,-35,0.0693359,0.525391,0.755859,-0.875,0.5625,-0.125,0.594341,-0.0643301,-2.36856
9474,5,-11,-7,-8,1,25,-11,-17,0.0693359,0.525391,0.755859,-0.875,0.5625,-0.125,0.594341,-0.0643301,-2.36856
9475,-22,-4,-8,-6,3,-6,-35,16,0.0693359,0.525391,0.755859,-0.875,0.5625,-0.125,0.594341,-0.0643301,-2.36856
9475,-11,9,5,5,31,121,-20,-38,0.0693359,0.525391,0.755859,-0.875,0.5625,-0.125,0.594341,-0.0643301,-2.36856
9496,17,20,6,-2,-22,-58,-36,-20,0.0561523,0.500977,0.751465,-1.5625,2.1875,-0.3125,0.593676,-0.0636072,-2.36821
9496,-18,-20,-11,-4,-34,-59,-59,-18,0.0561523,0.500977,0.751465,-1.5625,2.1875,-0.3125,0.593676,-0.0636072,-2.36821
9497,-10,-26,-7,-3,21,111,105,20,0.0561523,0.500977,0.751465,-1.5625,2.1875,-0.3125,0.593676,-0.0636072,-2.36821
9497,-4,10,0,-4,5,-1,-19,-16,0.0561523,0.500977,0.751465,-1.5625,2.1875,-0.3125,0.593676,-0.0636072,-2.36821
9511,3,44,0,-5,-32,-101,-41,13,0.0078125,0.493652,0.745605,0.75,2,1.5,0.593666,-0.0620931,-2.36734
9511,-13,-83,-11,-8,-28,0,34,18,0.0078125,0.493652,0.745605,0.75,2,1.5,0.593666,-0.0620931,-2.36734
9519,14,5,3,1,23,27,-59,22,0.0078125,0.493652,0.745605,0.75,2,1.5,0.593666,-0.0620931,-2.36734
9519,-29,-8,-4,-9,-15,-38,-30,-45,0.0078125,0.493652,0.745605,0.75,2,1.5,0.593666,-0.0620931,-2.36734
9534,12,24,1,-4,-40,-102,10,32,0.0283203,0.504883,0.73877,-0.25,-0.9375,-0.1875,0.593715,-0.0619853,-2.36731
9534,12,25,13,16,24,110,-16,-3,0.0283203,0.504883,0.73877,-0.25,-0.9375,-0.1875,0.593715,-0.0619853,-2.36731
9535,0,-15,-1,5,34,32,-9,-13,0.0283203,0.504883,0.73877,-0.25,-0.9375,-0.1875,0.593715,-0.0619853,-2.36731
9535,-3,-31,-2,1,6,15,-6,-35,0.0283203,0.504883,0.73877,-0.25,-0.9375,-0.1875,0.593715,-0.0619853,-2.36731
9556,-5,0,4,8,32,96,59,-44,0.0883789,0.508789,0.749023,-3.3125,-2.125,-0.6875,0.592646,-0.0631419,-2.3679
9556,20,12,-3,-9,-11,-45,-49,9,0.0883789,0.508789,0.749023,-3.3125,-2.125,-0.6875,0.592646,-0.0631419,-2.3679
9557,-9,-25,-11,-5,-29,-44,-27,-12,0.0883789,0.508789,0.749023,-3.3125,-2.125,-0.6875,0.592646,-0.0631419,-2.3679
9557,14,36,7,2,4,-67,1,69,0.0883789,0.508789,0.749023,-3.3125,-2.125,-0.6875,0.592646,-0.0631419,-2.3679
9571,-1,-30,-1,2,-8,-25,-38,-50,0.0634766,0.487793,0.758789,0.625,-0.4375,2.1875,0.592396,-0.0639079,-2.36732
9571,-18,10,4,3,9,-1,23,-6,0.0634766,0.487793,0.758789,0.625,-0.4375,2.1875,0.592396,-0.0639079,-2.36732
9579,6,43,-2,-7,-8,-7,80,28,0.0634766,0.487793,0.758789,0.625,-0.4375,2.1875,0.592396,-0.0639079,-2.36732
9579,32,-17,4,7,3,7,1,38,0.0634766,0.487793,0.758789,0.625,-0.4375,2.1875,0.592396,-0.0639079,-2.36732
9594,39,-2,2,-1,-2,-4,-46,102,0.0268555,0.506836,0.755371,0.8125,0.3125,1.875,0.592656,-0.0633843,-2.36671
9594,-3,2,0,-3,-6,-42,17,99,0.0268555,0.506836,0.755371,0.8125,0.3125,1.875,0.592656,-0.0633843,-2.36671
9594,-20,-4,-3,2,0,-10,-52,-108,0.0268555,0.506836,0.755371,0.8125,0.3125,1.875,0.592656,-0.0633843,-2.36671
9594,-12,28,-4,-6,-25,-61,5,-70,0.0268555,0.506836,0.755371,0.8125,0.3125,1.875,0.592656,-0.0633843,-2.36671
9616,-6,-23,0,6,25,72,84,13,0.0576172,0.513184,0.740723,-2,-0.8125,-0.1875,0.592254,-0.0636707,-2.36704
9616,18,19,5,2,16,-8,-4,-33,0.0576172,0.513184,0.740723,-2,-0.8125,-0.1875,0.592254,-0.0636707,-2.36704
9618,-33,-1,2,-1,-10,-24,-51,-51,0.0576172,0.513184,0.740723,-2,-0.8125,-0.1875,0.592254,-0.0636707,-2.36704
9618,7,-34,0,1,1,33,-35,56,0.0576172,0.513184,0.740723,-2,-0.8125,-0.1875,0.592254,-0.0636707,-2.36704
9631,-61,7,-9,-7,-19,-25,-87,-108,0.0810547,0.501953,0.751953,-1.375,0.0625,0.4375,0.59178,-0.0642228,-2.36685
9631,19,-15,-2,-2,-6,-4,56,73,0.0810547,0.501953,0.751953,-1.375,0.0625,0.4375,0.59178,-0.0642228,-2.36685
9646,12,19,13,11,7,-3,16,13,0.0810547,0.501953,0.751953,-1.375,0.0625,0.4375,0.59178,-0.0642228,-2.36685
9646,-13,12,0,-1,-9,6,18,-31,0.0810547,0.501953,0.751953,-1.375,0.0625,0.4375,0.59178,-0.0642228,-2.36685
9654,26,47,2,-2,8,16,-29,92,0.0439453,0.493164,0.744141,1.875,1.0625,1,0.592111,-0.0638177,-2.36637
9654,-12,-27,-1,5,3,26,29,-46,0.0439453,0.493164,0.744141,1.875,1.0625,1,0.592111,-0.0638177,-2.36637
9655,-12,-5,-12,-11,-27,-53,-47,-22,0.0439453,0.493164,0.744141,1.875,1.0625,1,0.592111,-0.0638177,-2.36637
9655,2,-47,-1,6,26,58,27,-25,0.0439453,0.493164,0.744141,1.875,1.0625,1,0.592111,-0.0638177,-2.36637
9677,-35,43,4,-3,-5,-20,59,-60,0.0429688,0.519531,0.751953,0.75,1,-0.375,0.59272,-0.0630212,-2.36622
9677,13,25,-3,0,-8,-9,26,-32,0.0429688,0.519531,0.751953,0.75,1,-0.375,0.59272,-0.0630212,-2.36622
9677,42,-28,-2,-7,2,22,67,93,0.0429688,0.519531,0.751953,0.75,1,-0.375,0.59272,-0.0630212,-2.36622
9677,-14,23,-4,-4,-4,0,-6,0,0.0429688,0.519531,0.751953,0.75,1,-0.375,0.59272,-0.0630212,-2.36622
9691,3,3,1,0,12,11,-54,-37,0.0581055,0.506348,0.741211,-0.9375,0.5625,0.0625,0.59272,-0.0630212,-2.36622
9691,-59,-47,-10,-5,-4,5,-27,-51,0.0581055,0.506348,0.741211,-0.9375,0.5625,0.0625,0.59272,-0.0630212,-2.36622
9706,22,12,4,2,4,-1,-40,52,0.0581055,0.506348,0.741211,-0.9375,0.5625,0.0625,0.59272,-0.0630212,-2.36622
9706,4,-4,4,1,11,31,-30,69,0.0581055,0.506348,0.741211,-0.9375,0.5625,0.0625,0.59272,-0.0630212,-2.36622
9715,29,1,-3,-7,-39,-95,9,65,0.0576172,0.504395,0.734375,-0.3125,-0.5625,0.5,0.592848,-0.0630664,-2.36626
9715,21,28,1,-5,-10,-51,-32,63,0.0576172,0.504395,0.734375,-0.3125,-0.5625,0.5,0.592848,-0.0630664,-2.36626
9715,11,-20,-2,0,-15,33,56,88,0.0576172,0.504395,0.734375,-0.3125,-0.5625,0.5,0.592848,-0.0630664,-2.36626
9715,0,22,-1,3,38,77,82,40,0.0576172,0.504395,0.734375,-0.3125,-0.5625,0.5,0.592848,-0.0630664,-2.36626
9737,11,6,1,2,-2,-67,-26,-27,0.0478516,0.502441,0.747559,0.8125,-1.3125,-0.0625,0.593038,-0.0631958,-2.36652
9737,4,-21,0,3,16,40,-8,-75,0.0478516,0.502441,0.747559,0.8125,-1.3125,-0.0625,0.593038,-0.0631958,-2.36652
9738,-2,31,4,4,3,-23,-47,-20,0.0478516,0.502441,0.747559,0.8125,-1.3125,-0.0625,0.593038,-0.0631958,-2.36652
9738,-6,-9,-3,-3,-1,38,-9,49,0.0478516,0.502441,0.747559,0.8125,-1.3125,-0.0625,0.593038,-0.0631958,-2.36652
9760,-14,-41,-4,-5,-32,-97,14,46,0.043457,0.52002,0.75,-0.0625,-1.375,-0.1875,0.593405,-0.0632625,-2.3668
9760,31,33,4,2,17,96,33,31,0.043457,0.52002,0.75,-0.0625,-1.375,-0.1875,0.593405,-0.0632625,-2.3668
9761,9,-21,-5,-4,3,-16,30,45,0.043457,0.52002,0.75,-0.0625,-1.375,-0.1875,0.593405,-0.0632625,-2.3668
9761,-3,-21,-7,-6,-12,-106,-10,-96,0.043457,0.52002,0.75,-0.0625,-1.375,-0.1875,0.593405,-0.0632625,-2.3668
9774,25,13,3,3,10,31,-14,-8,0.0683594,0.50293,0.757324,-2.8125,-0.9375,0.3125,0.592185,-0.063823,-2.36687
9774,-24,-17,-9,-8,-35,-17,45,-37,0.0683594,0.50293,0.757324,-2.8125,-0.9375,0.3125,0.592185,-0.063823,-2.36687
9775,1,20,4,11,54,76,107,-1,0.0683594,0.50293,0.757324,-2.8125,-0.9375,0.3125,0.592185,-0.063823,-2.36687
9775,2,7,-2,-5,-20,-52,-70,-54,0.0683594,0.50293,0.757324,-2.8125,-0.9375,0.3125,0.592185,-0.063823,-2.36687
9797,2,-22,-4,-6,-15,-15,-21,-11,0.0507812,0.483398,0.749512,-0.5625,0,1.5625,0.591617,-0.0640298,-2.36637
9797,-15,-7,-3,3,23,24,38,-57,0.0507812,0.483398,0.749512,-0.5625,0,1.5625,0.591617,-0.0640298,-2.36637
9798,-44,45,-7,-12,-47,-88,21,10,0.0507812,0.483398,0.749512,-0.5625,0,1.5625,0.591617,-0.0640298,-2.36637
9798,10,-77,-5,1,14,43,8,-50,0.0507812,0.483398,0.749512,-0.5625,0,1.5625,0.591617,-0.0640298,-2.36637
9819,17,28,1,-5,-7,9,-56,24,0.0522461,0.493164,0.751465,1,0.25,-0.0625,0.591715,-0.0638141,-2.36632
9819,8,16,10,9,8,-71,25,99,0.0522461,0.493164,0.751465,1,0.25,-0.0625,0.591715,-0.0638141,-2.36632
9820,-2,-19,-14,-15,-19,-30,-30,-75,0.0522461,0.493164,0.751465,1,0.25,-0.0625,0.591715,-0.0638141,-2.36632
9820,42,79,16,14,8,62,-37,47,0.0522461,0.493164,0.751465,1,0.25,-0.0625,0.591715,-0.0638141,-2.36632
9834,-10,-60,-11,-9,-28,-27,30,72,0.0771484,0.503418,0.744141,-0.125,0.4375,0.4375,0.591814,-0.0638694,-2.36624
9834,14,14,5,10,57,48,39,7,0.0771484,0.503418,0.744141,-0.125,0.4375,0.4375,0.591814,-0.0638694,-2.36624
9835,-20,-47,2,5,7,-5,40,-61,0.0771484,0.503418,0.744141,-0.125,0.4375,0.4375,0.591814,-0.0638694,-2.36624
9835,1,37,4,-1,6,-11,-6,-32,0.0771484,0.503418,0.744141,-0.125,0.4375,0.4375,0.591814,-0.0638694,-2.36624
9857,11,-25,1,2,-14,-64,5,-17,0.059082,0.515137,0.751465,-0.4375,0.3125,0.9375,0.591814,-0.0638694,-2.36624
9857,-39,-5,-15,-14,-22,13,-42,28,0.059082,0.515137,0.751465,-0.4375,0.3125,0.9375,0.591814,-0.0638694,-2.36624
9858,6,1,3,1,15,52,-43,-17,0.059082,0.515137,0.751465,-0.4375,0.3125,0.9375,0.591814,-0.0638694,-2.36624
9858,-2,-2,-7,-8,-11,10,8,19,0.059082,0.515137,0.751465,-0.4375,0.3125,0.9375,0.591814,-0.0638694,-2.36624
9879,11,31,9,5,-7,-26,20,-4,0.0444336,0.508301,0.754883,-0.25,1.125,0.5625,0.591642,-0.0633711,-2.36586
9879,-34,-48,-13,-10,2,16,13,-83,0.0444336,0.508301,0.754883,-0.25,1.125,0.5625,0.591642,-0.0633711,-2.36586
9880,9,32,12,11,9,19,-48,69,0.0444336,0.508301,0.754883,-0.25,1.125,0.5625,0.591642,-0.0633711,-2.36586
9880,-19,-24,-10,-14,-38,-98,-12,-33,0.0444336,0.508301,0.754883,-0.25,1.125,0.5625,0.591642,-0.0633711,-2.36586
9902,-82,-67,-28,-12,16,105,43,-92,0.0488281,0.519043,0.749023,-1.1875,0.8125,0,0.591582,-0.0628492,-2.36568
9902,40,18,17,6,-8,4,-128,-105,0.0488281,0.519043,0.749023,-1.1875,0.8125,0,0.591582,-0.0628492,-2.36568
9903,-6,-13,-9,-9,-20,-29,-55,-78,0.0488281,0.519043,0.749023,-1.1875,0.8125,0,0.591582,-0.0628492,-2.36568
9903,-27,3,-4,-6,-31,-50,-59,40,0.0488281,0.519043,0.749023,-1.1875,0.8125,0,0.591582,-0.0628492,-2.36568
9917,-7,28,7,7,26,34,84,-4,0.0561523,0.507324,0.753418,-1.125,2.1875,0.25,0.591155,-0.0622602,-2.36523
9917,37,-30,-2,0,-1,-30,19,15,0.0561523,0.507324,0.753418,-1.125,2.1875,0.25,0.591155,-0.0622602,-2.36523
9918,-5,-32,-9,-7,-14,-36,-41,-25,0.0561523,0.507324,0.753418,-1.125,2.1875,0.25,0.591155,-0.0622602,-2.36523
9918,10,15,11,9,-15,-62,41,-10,0.0561523,0.507324,0.753418,-1.125,2.1875,0.25,0.591155,-0.0622602,-2.36523
9940,-26,6,-16,-15,-2,14,8,-11,0.0473633,0.499512,0.749023,-0.5625,2.625,-0.875,0.590936,-0.061161,-2.36495
9940,-15,-1,-2,-3,-13,-78,-21,-28,0.0473633,0.499512,0.749023,-0.5625,2.625,-0.875,0.590936,-0.061161,-2.36495
9941,14,11,4,1,-6,10,23,10,0.0473633,0.499512,0.749023,-0.5625,2.625,-0.875,0.590936,-0.061161,-2.36495
9941,-36,-31,-17,-15,-48,-106,55,-46,0.0473633,0.499512,0.749023,-0.5625,2.625,-0.875,0.590936,-0.061161,-2.36495
9954,53,6,12,11,32,86,19,50,0.0463867,0.496094,0.739258,0.9375,2.25,-1.125,0.59124,-0.060111,-2.36476
9954,14,33,-2,2,35,76,-48,18,0.0463867,0.496094,0.739258,0.9375,2.25,-1.125,0.59124,-0.060111,-2.36476
9955,-12,-11,6,7,-2,-31,9,-68,0.0463867,0.496094,0.739258,0.9375,2.25,-1.125,0.59124,-0.060111,-2.36476
9955,27,-11,-3,-7,3,-5,69,86,0.0463867,0.496094,0.739258,0.9375,2.25,-1.125,0.59124,-0.060111,-2.36476
9985,18,28,17,10,0,-12,-6,-31,0.0644531,0.499023,0.738281,-1.125,0,-2.3125,0.590979,-0.0599262,-2.36545
9985,41,-11,3,-1,-20,-71,-15,36,0.0644531,0.499023,0.738281,-1.125,0,-2.3125,0.590979,-0.0599262,-2.36545
9985,9,27,12,14,44,90,31,74,0.0644531,0.499023,0.738281,-1.125,0,-2.3125,0.590979,-0.0599262,-2.36545
9985,11,-12,-2,1,12,37,4,11,0.0644531,0.499023,0.738281,-1.125,0,-2.3125,0.590979,-0.0599262,-2.36545
10008,22,-6,6,7,17,16,-32,10,0.0644531,0.498535,0.748535,-1.375,-1,-1.1875,0.590538,-0.0602416,-2.36607
10008,12,24,1,-3,-40,-102,-14,68,0.0644531,0.498535,0.748535,-1.375,-1,-1.1875,0.590538,-0.0602416,-2.36607
10008,20,-15,-6,-6,-16,35,14,60,0.0644531,0.498535,0.748535,-1.375,-1,-1.1875,0.590538,-0.0602416,-2.36607
10008,-23,11,5,9,20,-7,-44,9,0.0644531,0.498535,0.748535,-1.375,-1,-1.1875,0.590538,-0.0602416,-2.36607
10014,5,5,5,3,9,46,-38,8,0.0517578,0.492188,0.746582,-1.1875,-1.875,-1.3125,0.589962,-0.0604779,-2.36674
10014,-31,-5,1,9,37,78,60,1,0.0517578,0.492188,0.746582,-1.1875,-1.875,-1.3125,0.589962,-0.0604779,-2.36674
10014,11,5,-6,-3,-7,-9,51,18,0.0517578,0.492188,0.746582,-1.1875,-1.875,-1.3125,0.589962,-0.0604779,-2.36674
10014,39,17,11,5,-3,-22,-89,-11,0.0517578,0.492188,0.746582,-1.1875,-1.875,-1.3125,0.589962,-0.0604779,-2.36674
10037,8,-2,-2,1,-5,16,31,20,0.0449219,0.509766,0.749512,-1.125,-2.125,-0.5625,0.589762,-0.0607624,-2.36726
10037,0,12,-10,-10,1,41,33,-16,0.0449219,0.509766,0.749512,-1.125,-2.125,-0.5625,0.589762,-0.0607624,-2.36726
10037,-24,-17,-1,-7,-36,-59,-42,-87,0.0449219,0.509766,0.749512,-1.125,-2.125,-0.5625,0.589762,-0.0607624,-2.36726
10037,-43,-29,-7,-3,9,8,4,7,0.0449219,0.509766,0.749512,-1.125,-2.125,-0.5625,0.589762,-0.0607624,-2.36726
10060,-9,-4,-10,-5,15,39,-14,-48,0.0415039,0.489258,0.759766,0.6875,-0.5625,0.3125,0.589663,-0.0607071,-2.36734
10060,-7,-2,-3,-8,-15,6,-4,11,0.0415039,0.489258,0.759766,0.6875,-0.5625,0.3125,0.589663,-0.0607071,-2.36734
10060,-16,-7,1,2,4,-52,-42,-19,0.0415039,0.489258,0.759766,0.6875,-0.5625,0.3125,0.589663,-0.0607071,-2.36734
10060,12,17,4,8,37,127,125,61,0.0415039,0.489258,0.759766,0.6875,-0.5625,0.3125,0.589663,-0.0607071,-2.36734
10074,-7,-1,-13,-14,-19,-57,-12,44,0.0498047,0.501465,0.753418,2.5,0.5625,-0.375,0.590529,-0.0602715,-2.36724
10074,-24,6,-8,-11,-16,-8,13,-32,0.0498047,0.501465,0.753418,2.5,0.5625,-0.375,0.590529,-0.0602715,-2.36724
10075,20,37,1,-7,-32,-104,-62,-1,0.0498047,0.501465,0.753418,2.5,0.5625,-0.375,0.590529,-0.0602715,-2.36724
10075,-12,-14,5,7,7,30,-24,-21,0.0498047,0.501465,0.753418,2.5,0.5625,-0.375,0.590529,-0.0602715,-2.36724
10097,-1,-36,-2,1,11,41,25,-11,0.0249023,0.531738,0.744141,1.75,1,0.875,0.591707,-0.0595286,-2.3668
10097,-22,-13,-5,-5,-18,-60,-40,-39,0.0249023,0.531738,0.744141,1.75,1,0.875,0.591707,-0.0595286,-2.3668
10098,-25,-15,-13,-18,-31,-42,-58,-24,0.0249023,0.531738,0.744141,1.75,1,0.875,0.591707,-0.0595286,-2.3668
10098,-3,25,3,-1,6,25,28,-73,0.0249023,0.531738,0.744141,1.75,1,0.875,0.591707,-0.0595286,-2.3668
10120,2,8,1,0,4,37,-37,-71,0.0620117,0.519043,0.728027,-2,-1.8125,-1.1875,0.591742,-0.0600005,-2.36755
10120,-18,-31,-11,-11,-40,-116,-46,0,0.0620117,0.519043,0.728027,-2,-1.8125,-1.1875,0.591742,-0.0600005,-2.36755
10120,1,-11,1,6,28,49,42,4,0.0620117,0.519043,0.728027,-2,-1.8125,-1.1875,0.591742,-0.0600005,-2.36755
10120,-21,-7,-8,-4,-4,9,-8,-7,0.0620117,0.519043,0.728027,-2,-1.8125,-1.1875,0.591742,-0.0600005,-2.36755
10134,-8,20,0,0,-1,-18,-47,-61,0.0825195,0.493164,0.759277,-4.5,-1.3125,1.1875,0.589822,-0.0612843,-2.36744
10134,-3,1,5,8,8,43,9,33,0.0825195,0.493164,0.759277,-4.5,-1.3125,1.1875,0.589822,-0.0612843,-2.36744
10135,16,7,-1,1,12,66,-15,18,0.0825195,0.493164,0.759277,-4.5,-1.3125,1.1875,0.589822,-0.0612843,-2.36744
10135,-4,4,-5,-3,7,25,96,-24,0.0825195,0.493164,0.759277,-4.5,-1.3125,1.1875,0.589822,-0.0612843,-2.36744
10156,23,22,6,1,-8,-55,-38,44,0.0571289,0.470215,0.763184,0.1875,0.25,0.625,0.589604,-0.0612181,-2.3674
10156,9,28,-3,-4,-18,-62,-4,-67,0.0571289,0.470215,0.763184,0.1875,0.25,0.625,0.589604,-0.0612181,-2.3674
10156,-17,-35,-15,-12,-15,-54,6,-15,0.0571289,0.470215,0.763184,0.1875,0.25,0.625,0.589604,-0.0612181,-2.3674
10156,-8,22,6,4,19,38,-26,-83,0.0571289,0.470215,0.763184,0.1875,0.25,0.625,0.589604,-0.0612181,-2.3674
10179,-12,-43,-7,-1,0,-9,28,25,0.0561523,0.485352,0.754883,1.8125,1.1875,1,0.589846,-0.0610625,-2.3669
10179,1,-6,-1,0,2,9,-42,11,0.0561523,0.485352,0.754883,1.8125,1.1875,1,0.589846,-0.0610625,-2.3669
10181,16,13,8,6,12,23,38,13,0.0561523,0.485352,0.754883,1.8125,1.1875,1,0.589846,-0.0610625,-2.3669
10181,17,9,-5,-7,-22,-66,29,83,0.0561523,0.485352,0.754883,1.8125,1.1875,1,0.589846,-0.0610625,-2.3669
10195,-4,-18,-10,-10,-21,-82,52,39,0.0219727,0.484863,0.757324,4.5625,1.5625,3.0625,0.590862,-0.0605107,-2.36561
10195,-12,-17,1,-2,-18,-9,38,5,0.0219727,0.484863,0.757324,4.5625,1.5625,3.0625,0.590862,-0.0605107,-2.36561
10196,-35,-6,-11,-14,-23,-19,-71,-47,0.0219727,0.484863,0.757324,4.5625,1.5625,3.0625,0.590862,-0.0605107,-2.36561
10196,15,-2,5,5,0,-33,-59,-9,0.0219727,0.484863,0.757324,4.5625,1.5625,3.0625,0.590862,-0.0605107,-2.36561
10217,-27,-8,-10,-11,-4,29,45,-3,0.0419922,0.535156,0.737793,4.625,0.8125,-0.3125,0.593207,-0.0598778,-2.36549
10217,-16,12,1,-1,0,-2,-24,-29,0.0419922,0.535156,0.737793,4.625,0.8125,-0.3125,0.593207,-0.0598778,-2.36549
10218,47,13,11,18,68,111,54,76,0.0419922,0.535156,0.737793,4.625,0.8125,-0.3125,0.593207,-0.0598778,-2.36549
10218,-4,-13,-9,-10,-12,-63,-37,93,0.0419922,0.535156,0.737793,4.625,0.8125,-0.3125,0.593207,-0.0598778,-2.36549
10240,14,14,4,1,-3,-2,-13,-35,0.0712891,0.524414,0.738281,-0.875,-0.9375,2.3125,0.593381,-0.0609084,-2.36506
10240,-36,5,7,7,-6,-29,15,-15,0.0712891,0.524414,0.738281,-0.875,-0.9375,2.3125,0.593381,-0.0609084,-2.36506
10241,10,21,2,7,1,-1,30,-15,0.0712891,0.524414,0.738281,-0.875,-0.9375,2.3125,0.593381,-0.0609084,-2.36506
10241,-8,-77,-9,-4,-2,25,2,-7,0.0712891,0.524414,0.738281,-0.875,-0.9375,2.3125,0.593381,-0.0609084,-2.36506
10262,25,6,11,15,47,76,26,-15,0.0585938,0.493164,0.753418,-3.1875,-1,2.0625,0.591997,-0.0617124,-2.36461
10262,-5,34,1,0,34,76,-41,13,0.0585938,0.493164,0.753418,-3.1875,-1,2.0625,0.591997,-0.0617124,-2.36461
10263,-29,-15,-4,-7,-27,-55,-9,-16,0.0585938,0.493164,0.753418,-3.1875,-1,2.0625,0.591997,-0.0617124,-2.36461
10263,-21,-21,-9,-8,-40,-70,-44,-56,0.0585938,0.493164,0.753418,-3.1875,-1,2.0625,0.591997,-0.0617124,-2.36461
10284,-10,6,3,6,20,-3,25,-37,0.081543,0.486816,0.754395,-0.75,-0.0625,-0.0625,0.591899,-0.061928,-2.36466
10284,23,-12,-6,-8,-3,33,78,64,0.081543,0.486816,0.754395,-0.75,-0.0625,-0.0625,0.591899,-0.061928,-2.36466
10286,-2,9,0,1,-4,19,51,-14,0.081543,0.486816,0.754395,-0.75,-0.0625,-0.0625,0.591899,-0.061928,-2.36466
10286,-7,7,-5,-6,-24,-39,7,-39,0.081543,0.486816,0.754395,-0.75,-0.0625,-0.0625,0.591899,-0.061928,-2.36466
10307,24,8,1,-2,-5,-54,-72,25,0.0527344,0.508789,0.74707,2.3125,0.5625,1.1875,0.592802,-0.0619024,-2.36422
10307,-31,-9,-3,-1,16,54,66,-44,0.0527344,0.508789,0.74707,2.3125,0.5625,1.1875,0.592802,-0.0619024,-2.36422
10308,6,-21,-3,-4,-24,-33,-30,29,0.0527344,0.508789,0.74707,2.3125,0.5625,1.1875,0.592802,-0.0619024,-2.36422
10308,21,-5,5,3,-2,25,-10,-31,0.0527344,0.508789,0.74707,2.3125,0.5625,1.1875,0.592802,-0.0619024,-2.36422
10314,-8,10,1,-4,5,39,-68,-39,0.0268555,0.505859,0.73877,-0.875,-1.125,0.3125,0.592664,-0.0615516,-2.36428
10314,23,-6,4,8,21,-28,-6,-7,0.0268555,0.505859,0.73877,-0.875,-1.125,0.3125,0.592664,-0.0615516,-2.36428
10315,-10,6,-8,-11,-18,-83,-76,7,0.0268555,0.505859,0.73877,-0.875,-1.125,0.3125,0.592664,-0.0615516,-2.36428
10315,33,37,8,8,-17,-8,-22,31,0.0268555,0.505859,0.73877,-0.875,-1.125,0.3125,0.592664,-0.0615516,-2.36428
10336,-3,-12,-9,-7,2,39,57,70,0.0415039,0.506348,0.76123,-0.6875,-1.5,-0.5,0.592342,-0.061553,-2.36472
10336,6,40,6,2,-9,-51,-14,1,0.0415039,0.506348,0.76123,-0.6875,-1.5,-0.5,0.592342,-0.061553,-2.36472
10344,-19,-50,-2,3,18,77,44,0,0.0415039,0.506348,0.76123,-0.6875,-1.5,-0.5,0.592342,-0.061553,-2.36472
10344,9,-2,-10,-9,7,3,42,43,0.0415039,0.506348,0.76123,-0.6875,-1.5,-0.5,0.592342,-0.061553,-2.36472
10360,-33,-13,0,1,-8,-46,-49,-65,0.0620117,0.522949,0.757324,2.0625,-0.9375,-0.75,0.593311,-0.0618223,-2.36516
10360,15,7,3,0,-24,-22,-30,-7,0.0620117,0.522949,0.757324,2.0625,-0.9375,-0.75,0.593311,-0.0618223,-2.36516
10360,11,7,-3,5,15,21,100,12,0.0620117,0.522949,0.757324,2.0625,-0.9375,-0.75,0.593311,-0.0618223,-2.36516
10360,11,5,9,11,30,11,-14,6,0.0620117,0.522949,0.757324,2.0625,-0.9375,-0.75,0.593311,-0.0618223,-2.36516
10373,8,16,1,0,0,53,23,97,0.0561523,0.507324,0.746094,-1,0.0625,0.8125,0.593311,-0.0618223,-2.36516
10373,-17,-21,-10,-4,-4,12,23,-16,0.0561523,0.507324,0.746094,-1,0.0625,0.8125,0.593311,-0.0618223,-2.36516
10381,6,19,5,3,-31,-112,-98,-110,0.0561523,0.507324,0.746094,-1,0.0625,0.8125,0.593311,-0.0618223,-2.36516
10381,-44,-2,2,6,42,82,-3,17,0.0561523,0.507324,0.746094,-1,0.0625,0.8125,0.593311,-0.0618223,-2.36516
10396,17,4,9,14,32,48,-4,-57,0.0620117,0.484863,0.75,-2.6875,-0.8125,-0.25,0.59208,-0.0620764,-2.36533
10396,-3,29,6,1,-1,-17,-19,-5,0.0620117,0.484863,0.75,-2.6875,-0.8125,-0.25,0.59208,-0.0620764,-2.36533
10397,-10,-68,-9,-6,-16,-50,-36,12,0.0620117,0.484863,0.75,-2.6875,-0.8125,-0.25,0.59208,-0.0620764,-2.36533
10397,6,46,8,8,20,77,51,-25,0.0620117,0.484863,0.75,-2.6875,-0.8125,-0.25,0.59208,-0.0620764,-2.36533
10419,-16,-27,-9,-10,-21,-66,32,-1,0.0600586,0.490234,0.745117,0.3125,-0.875,0.375,0.592032,-0.0621842,-2.36536
10419,13,-20,-3,-5,-12,3,-42,8,0.0600586,0.490234,0.745117,0.3125,-0.875,0.375,0.592032,-0.0621842,-2.36536
10420,20,15,3,3,19,9,29,50,0.0600586,0.490234,0.745117,0.3125,-0.875,0.375,0.592032,-0.0621842,-2.36536
10420,-6,-3,-4,-4,10,2,20,-5,0.0600586,0.490234,0.745117,0.3125,-0.875,0.375,0.592032,-0.0621842,-2.36536
10433,25,-12,3,2,-2,-53,-1,-29,0.0375977,0.5,0.750488,1.1875,-0.9375,1.3125,0.592296,-0.062256,-2.36502
10433,-26,-36,-24,-25,-47,-56,-6,37,0.0375977,0.5,0.750488,1.1875,-0.9375,1.3125,0.592296,-0.062256,-2.36502
10442,-10,23,7,0,-4,20,26,-14,0.0375977,0.5,0.750488,1.1875,-0.9375,1.3125,0.592296,-0.062256,-2.36502
10442,11,-2,-3,-2,2,-7,0,-13,0.0375977,0.5,0.750488,1.1875,-0.9375,1.3125,0.592296,-0.062256,-2.36502
10457,0,14,0,-4,-20,-15,-13,13,0.0424805,0.505371,0.75293,0.6875,-0.9375,1.5,0.59254,-0.0624256,-2.36483
10457,-5,-10,-4,0,-30,-97,-60,21,0.0424805,0.505371,0.75293,0.6875,-0.9375,1.5,0.59254,-0.0624256,-2.36483
10457,15,2,7,9,44,75,5,-83,0.0424805,0.505371,0.75293,0.6875,-0.9375,1.5,0.59254,-0.0624256,-2.36483
10457,-12,17,-8,-8,-6,-40,-29,44,0.0424805,0.505371,0.75293,0.6875,-0.9375,1.5,0.59254,-0.0624256,-2.36483
10479,9,-4,3,-2,-18,-15,-39,-2,0.074707,0.521973,0.75,-0.625,-1.25,0.4375,0.59261,-0.0632529,-2.36491
10479,-8,-30,-3,0,14,35,37,-25,0.074707,0.521973,0.75,-0.625,-1.25,0.4375,0.59261,-0.0632529,-2.36491
10480,-12,-14,-5,-6,2,39,36,49,0.074707,0.521973,0.75,-0.625,-1.25,0.4375,0.59261,-0.0632529,-2.36491
10480,28,27,7,3,-4,-20,-79,-20,0.074707,0.521973,0.75,-0.625,-1.25,0.4375,0.59261,-0.0632529,-2.36491
10494,0,0,-4,-5,-16,-95,38,-23,0.0766602,0.521973,0.741211,-1.0625,-0.75,0.0625,0.592721,-0.0639379,-2.36504
10494,12,6,2,7,26,46,23,9,0.0766602,0.521973,0.741211,-1.0625,-0.75,0.0625,0.592721,-0.0639379,-2.36504
10502,-6,2,-13,-15,-51,-61,-41,42,0.0766602,0.521973,0.741211,-1.0625,-0.75,0.0625,0.592721,-0.0639379,-2.36504
10502,-28,-26,-1,2,20,-8,-30,53,0.0766602,0.521973,0.741211,-1.0625,-0.75,0.0625,0.592721,-0.0639379,-2.36504
10516,19,23,-4,-6,-9,7,9,51,0.0571289,0.503906,0.75,-2.1875,-0.1875,0,0.592,-0.064049,-2.36506
10516,13,-17,9,9,10,-6,26,42,0.0571289,0.503906,0.75,-2.1875,-0.1875,0,0.592,-0.064049,-2.36506
10518,6,33,0,1,20,78,37,54,0.0571289,0.503906,0.75,-2.1875,-0.1875,0,0.592,-0.064049,-2.36506
10518,-23,-27,-19,-22,-54,-93,3,-60,0.0571289,0.503906,0.75,-2.1875,-0.1875,0,0.592,-0.064049,-2.36506
10540,-7,-17,2,3,3,-33,-64,-48,0.0390625,0.490723,0.751953,-1.5,0.1875,-0.4375,0.591144,-0.0633718,-2.3652
10540,5,42,5,6,20,52,-25,0,0.0390625,0.490723,0.751953,-1.5,0.1875,-0.4375,0.591144,-0.0633718,-2.3652
10541,23,4,-2,-2,-42,-90,-63,-9,0.0390625,0.490723,0.751953,-1.5,0.1875,-0.4375,0.591144,-0.0633718,-2.3652
10541,-11,-3,7,10,39,62,67,-35,0.0390625,0.490723,0.751953,-1.5,0.1875,-0.4375,0.591144,-0.0633718,-2.3652
10562,2,19,3,2,5,22,36,6,0.0424805,0.494141,0.753418,0.0625,0,0,0.591144,-0.0633718,-2.3652
10562,11,3,-4,-7,-9,1,34,-15,0.0424805,0.494141,0.753418,0.0625,0,0,0.591144,-0.0633718,-2.3652
10562,-3,-16,8,17,31,18,25,12,0.0424805,0.494141,0.753418,0.0625,0,0,0.591144,-0.0633718,-2.3652
10562,12,38,2,4,34,82,-19,33,0.0424805,0.494141,0.753418,0.0625,0,0,0.591144,-0.0633718,-2.3652
10577,-57,-52,-17,-15,-20,7,27,47,0.0678711,0.494141,0.752441,-1.6875,-0.4375,-0.75,0.59031,-0.06363,-2.36543
10577,4,-12,5,1,-19,-87,-17,-26,0.0678711,0.494141,0.752441,-1.6875,-0.4375,-0.75,0.59031,-0.06363,-2.36543
10577,-16,-18,-13,-5,29,79,26,-68,0.0678711,0.494141,0.752441,-1.6875,-0.4375,-0.75,0.59031,-0.06363,-2.36543
10577,32,27,10,8,7,42,21,10,0.0678711,0.494141,0.752441,-1.6875,-0.4375,-0.75,0.59031,-0.06363,-2.36543
10600,-11,-18,0,3,17,20,-13,31,0.0708008,0.506836,0.75,-1.625,-0.5,0.5625,0.589855,-0.0641373,-2.36543
10600,-2,2,-3,-2,-6,-66,34,-28,0.0708008,0.506836,0.75,-1.625,-0.5,0.5625,0.589855,-0.0641373,-2.36543
10601,-17,-46,-5,-6,-2,3,1,-7,0.0708008,0.506836,0.75,-1.625,-0.5,0.5625,0.589855,-0.0641373,-2.36543
10601,-2,-21,-5,-4,-10,10,-41,-54,0.0708008,0.506836,0.75,-1.625,-0.5,0.5625,0.589855,-0.0641373,-2.36543
10614,5,25,3,3,1,24,27,71,0.046875,0.500488,0.752441,1,-0.625,0.5,0.59014,-0.0641644,-2.3653
10614,44,30,7,9,8,12,0,48,0.046875,0.500488,0.752441,1,-0.625,0.5,0.59014,-0.0641644,-2.3653
10622,-54,-33,-7,-4,10,-83,-77,-92,0.046875,0.500488,0.752441,1,-0.625,0.5,0.59014,-0.0641644,-2.3653
10622,-2,-30,-6,-9,-32,-12,74,-12,0.046875,0.500488,0.752441,1,-0.625,0.5,0.59014,-0.0641644,-2.3653
10636,-10,-31,-9,-9,-19,-35,-19,-26,0.0551758,0.495117,0.756836,-0.6875,-0.375,0.9375,0.59014,-0.0641644,-2.3653
10636,12,8,5,4,0,-30,53,15,0.0551758,0.495117,0.756836,-0.6875,-0.375,0.9375,0.59014,-0.0641644,-2.3653
10638,41,38,7,6,6,66,-21,104,0.0551758,0.495117,0.756836,-0.6875,-0.375,0.9375,0.59014,-0.0641644,-2.3653
10638,-2,14,3,-1,-6,-30,8,21,0.0551758,0.495117,0.756836,-0.6875,-0.375,0.9375,0.59014,-0.0641644,-2.3653
10660,-2,-8,-6,-3,-4,-15,-5,-42,0.0541992,0.498535,0.751953,-0.1875,-0.25,0.3125,0.59014,-0.0641644,-2.3653
10660,1,-28,-4,-5,-13,-20,4,30,0.0541992,0.498535,0.751953,-0.1875,-0.25,0.3125,0.59014,-0.0641644,-2.3653
10660,0,22,-3,-6,-21,-86,24,44,0.0541992,0.498535,0.751953,-0.1875,-0.25,0.3125,0.59014,-0.0641644,-2.3653
10660,3,-18,-1,1,2,-8,-24,13,0.0541992,0.498535,0.751953,-0.1875,-0.25,0.3125,0.59014,-0.0641644,-2.3653
10674,12,26,3,2,-8,-30,5,-9,0.0517578,0.507812,0.747559,0.75,-0.625,1.1875,0.590483,-0.0643891,-2.36503
10674,-6,12,0,1,10,83,25,-38,0.0517578,0.507812,0.747559,0.75,-0.625,1.1875,0.590483,-0.0643891,-2.36503
10682,-20,-11,1,-4,-8,-98,-53,-54,0.0517578,0.507812,0.747559,0.75,-0.625,1.1875,0.590483,-0.0643891,-2.36503
10682,11,-20,-8,-4,14,55,32,14,0.0517578,0.507812,0.747559,0.75,-0.625,1.1875,0.590483,-0.0643891,-2.36503
10697,-20,33,1,-1,-6,1,-37,-69,0.0615234,0.503418,0.750488,-2.4375,-1.0625,0.8125,0.589715,-0.0648791,-2.36505
10697,10,-26,-5,-4,8,36,-34,33,0.0615234,0.503418,0.750488,-2.4375,-1.0625,0.8125,0.589715,-0.0648791,-2.36505
10698,-7,6,-4,-8,-38,-67,-19,-20,0.0615234,0.503418,0.750488,-2.4375,-1.0625,0.8125,0.589715,-0.0648791,-2.36505
10698,3,15,3,2,-1,-37,14,8,0.0615234,0.503418,0.750488,-2.4375,-1.0625,0.8125,0.589715,-0.0648791,-2.36505
10720,0,-3,2,0,1,12,-49,-28,0.0712891,0.493652,0.753418,-0.25,-0.125,-0.5625,0.589675,-0.0650212,-2.365
10720,-8,13,-1,-1,10,-13,-15,-29,0.0712891,0.493652,0.753418,-0.25,-0.125,-0.5625,0.589675,-0.0650212,-2.365
10734,2,1,-2,0,8,45,-1,-33,0.0712891,0.493652,0.753418,-0.25,-0.125,-0.5625,0.589675,-0.0650212,-2.365
10734,25,14,0,2,8,16,21,-24,0.0712891,0.493652,0.753418,-0.25,-0.125,-0.5625,0.589675,-0.0650212,-2.365
10749,-15,-19,0,1,5,-26,2,-37,0.0551758,0.505859,0.758789,1.75,0.9375,0.6875,0.590085,-0.0647692,-2.36459
10749,-17,-9,-5,-4,3,-1,-13,-29,0.0551758,0.505859,0.758789,1.75,0.9375,0.6875,0.590085,-0.0647692,-2.36459
10750,33,30,12,8,7,47,-7,2,0.0551758,0.505859,0.758789,1.75,0.9375,0.6875,0.590085,-0.0647692,-2.36459
10750,8,-18,2,4,2,-14,-34,25,0.0551758,0.505859,0.758789,1.75,0.9375,0.6875,0.590085,-0.0647692,-2.36459
10757,-16,15,1,1,0,-12,1,-2,0.0415039,0.503906,0.742188,0.375,0.5,0.5625,0.590126,-0.064627,-2.36465
10757,-18,10,-3,-5,-19,8,-80,15,0.0415039,0.503906,0.742188,0.375,0.5,0.5625,0.590126,-0.064627,-2.36465
10757,19,-35,-5,3,41,96,76,23,0.0415039,0.503906,0.742188,0.375,0.5,0.5625,0.590126,-0.064627,-2.36465
10757,-6,29,1,-5,-33,-80,-7,19,0.0415039,0.503906,0.742188,0.375,0.5,0.5625,0.590126,-0.064627,-2.36465
10779,39,-12,1,3,9,55,6,3,0.0595703,0.492188,0.754883,-0.625,-0.3125,-0.5625,0.590134,-0.0646613,-2.36457
10779,8,5,8,10,14,-18,-16,75,0.0595703,0.492188,0.754883,-0.625,-0.3125,-0.5625,0.590134,-0.0646613,-2.36457
10780,0,51,-1,-3,-6,50,16,12,0.0595703,0.492188,0.754883,-0.625,-0.3125,-0.5625,0.590134,-0.0646613,-2.36457
10780,8,-36,-4,-6,-14,-54,-39,-2,0.0595703,0.492188,0.754883,-0.625,-0.3125,-0.5625,0.590134,-0.0646613,-2.36457
10802,-1,-16,0,2,5,-60,-41,-68,0.0634766,0.501465,0.751953,0.5,-0.625,0.0625,0.590134,-0.0646613,-2.36457
10802,2,12,2,3,-4,5,5,-43,0.0634766,0.501465,0.751953,0.5,-0.625,0.0625,0.590134,-0.0646613,-2.36457
10803,-37,-3,-10,-6,27,96,13,-32,0.0634766,0.501465,0.751953,0.5,-0.625,0.0625,0.590134,-0.0646613,-2.36457
10803,-7,25,3,5,20,21,2,-25,0.0634766,0.501465,0.751953,0.5,-0.625,0.0625,0.590134,-0.0646613,-2.36457
10817,-7,-4,-5,-8,-24,-55,-13,-25,0.0571289,0.497559,0.744141,0.4375,-0.875,0.875,0.590134,-0.0646613,-2.36457
10817,-2,6,-11,-10,-16,-44,-5,12,0.0571289,0.497559,0.744141,0.4375,-0.875,0.875,0.590134,-0.0646613,-2.36457
10818,-13,-26,-1,4,-5,-21,-57,-46,0.0571289,0.497559,0.744141,0.4375,-0.875,0.875,0.590134,-0.0646613,-2.36457
10818,11,14,0,0,6,-7,68,30,0.0571289,0.497559,0.744141,0.4375,-0.875,0.875,0.590134,-0.0646613,-2.36457
10840,-7,1,-3,-6,7,35,15,15,0.0703125,0.483398,0.749512,0,-0.8125,-0.5625,0.589957,-0.0647238,-2.36455
10840,-9,-17,-1,0,-6,-3,-34,6,0.0703125,0.483398,0.749512,0,-0.8125,-0.5625,0.589957,-0.0647238,-2.36455
10841,18,-1,1,1,16,42,44,25,0.0703125,0.483398,0.749512,0,-0.8125,-0.5625,0.589957,-0.0647238,-2.36455
10841,-4,-13,-1,3,12,79,-7,-8,0.0703125,0.483398,0.749512,0,-0.8125,-0.5625,0.589957,-0.0647238,-2.36455
10862,15,-11,-2,1,-2,14,70,87,0.0634766,0.505859,0.759277,1.8125,-0.1875,0.375,0.590576,-0.064995,-2.36456
10862,34,13,7,2,-6,-39,-46,22,0.0634766,0.505859,0.759277,1.8125,-0.1875,0.375,0.590576,-0.064995,-2.36456
10862,-4,15,5,7,18,30,-10,11,0.0634766,0.505859,0.759277,1.8125,-0.1875,0.375,0.590576,-0.064995,-2.36456
10862,19,14,0,-3,-8,-34,56,40,0.0634766,0.505859,0.759277,1.8125,-0.1875,0.375,0.590576,-0.064995,-2.36456
10876,-12,-8,2,7,21,33,43,-14,0.0766602,0.529297,0.737793,0.9375,-0.125,-0.75,0.590803,-0.0650958,-2.36453
10876,-23,-35,-5,-3,-14,-30,9,-14,0.0766602,0.529297,0.737793,0.9375,-0.125,-0.75,0.590803,-0.0650958,-2.36453
10877,8,0,2,-1,-6,3,40,20,0.0766602,0.529297,0.737793,0.9375,-0.125,-0.75,0.590803,-0.0650958,-2.36453
10877,-12,6,-1,2,-6,16,39,-13,0.0766602,0.529297,0.737793,0.9375,-0.125,-0.75,0.590803,-0.0650958,-2.36453
10900,5,21,-2,-4,1,8,-44,10,0.0537109,0.514648,0.737793,-1.375,-0.1875,0.375,0.590675,-0.0650504,-2.36448
10900,-16,-34,-4,-2,16,24,25,-16,0.0537109,0.514648,0.737793,-1.375,-0.1875,0.375,0.590675,-0.0650504,-2.36448
10901,-1,20,4,-4,-24,-72,12,26,0.0537109,0.514648,0.737793,-1.375,-0.1875,0.375,0.590675,-0.0650504,-2.36448
10901,-6,6,-5,-6,-7,-40,-13,4,0.0537109,0.514648,0.737793,-1.375,-0.1875,0.375,0.590675,-0.0650504,-2.36448
10923,-11,19,2,4,-4,-5,5,-23,0.0302734,0.481445,0.763184,-1.875,0.1875,0.875,0.589421,-0.064482,-2.36421
10923,4,-16,1,-2,6,58,-36,-25,0.0302734,0.481445,0.763184,-1.875,0.1875,0.875,0.589421,-0.064482,-2.36421
10923,7,35,3,3,2,23,18,-48,0.0302734,0.481445,0.763184,-1.875,0.1875,0.875,0.589421,-0.064482,-2.36421
10923,-19,-52,-4,1,-3,6,0,14,0.0302734,0.481445,0.763184,-1.875,0.1875,0.875,0.589421,-0.064482,-2.36421
10937,29,23,0,-5,-18,17,-19,13,0.0205078,0.48877,0.759766,-0.75,0.0625,2.25,0.588715,-0.0640119,-2.36347
10937,-9,-2,-4,-4,-10,-43,-58,-15,0.0205078,0.48877,0.759766,-0.75,0.0625,2.25,0.588715,-0.0640119,-2.36347
10938,-3,-10,-7,-5,-18,-95,-30,-9,0.0205078,0.48877,0.759766,-0.75,0.0625,2.25,0.588715,-0.0640119,-2.36347
10938,-17,-4,-17,-20,-29,-64,7,27,0.0205078,0.48877,0.759766,-0.75,0.0625,2.25,0.588715,-0.0640119,-2.36347
10960,-12,-9,0,1,0,22,-15,-3,0.0483398,0.485352,0.759277,0.4375,0.4375,2.0625,0.588444,-0.0641121,-2.36276
10960,-9,10,6,4,7,29,17,18,0.0483398,0.485352,0.759277,0.4375,0.4375,2.0625,0.588444,-0.0641121,-2.36276
10961,12,-9,0,0,0,-28,19,61,0.0483398,0.485352,0.759277,0.4375,0.4375,2.0625,0.588444,-0.0641121,-2.36276
10961,-12,-41,2,6,8,40,-51,-43,0.0483398,0.485352,0.759277,0.4375,0.4375,2.0625,0.588444,-0.0641121,-2.36276
10982,14,18,7,1,-20,-82,-19,4,0.0708008,0.491211,0.751953,2.75,0.8125,1.4375,0.589186,-0.0644885,-2.36212
10982,-14,7,0,2,19,38,48,24,0.0708008,0.491211,0.751953,2.75,0.8125,1.4375,0.589186,-0.0644885,-2.36212
10983,-28,-14,-7,-7,-17,-30,-4,-46,0.0708008,0.491211,0.751953,2.75,0.8125,1.4375,0.589186,-0.0644885,-2.36212
10983,-5,-2,-2,-1,6,-3,-17,33,0.0708008,0.491211,0.751953,2.75,0.8125,1.4375,0.589186,-0.0644885,-2.36212
10996,-13,38,-3,-1,0,62,43,34,0.0893555,0.511719,0.745117,2.5,0.625,1.5625,0.590314,-0.0652731,-2.36158
10996,14,-19,-2,-2,12,9,-11,6,0.0893555,0.511719,0.745117,2.5,0.625,1.5625,0.590314,-0.0652731,-2.36158
10997,13,-20,3,2,3,19,-19,31,0.0893555,0.511719,0.745117,2.5,0.625,1.5625,0.590314,-0.0652731,-2.36158
10997,-8,4,2,3,4,10,-78,-31,0.0893555,0.511719,0.745117,2.5,0.625,1.5625,0.590314,-0.0652731,-2.36158
11020,6,-22,-4,-3,-16,-56,-24,-14,0.0878906,0.521484,0.740234,0.5625,0.3125,0.375,0.590364,-0.0654363,-2.36153
11020,9,25,4,9,45,104,53,19,0.0878906,0.521484,0.740234,0.5625,0.3125,0.375,0.590364,-0.0654363,-2.36153
11021,0,-3,-3,-5,-11,-3,4,9,0.0878906,0.521484,0.740234,0.5625,0.3125,0.375,0.590364,-0.0654363,-2.36153
11021,4,22,6,-1,-24,-69,-69,-30,0.0878906,0.521484,0.740234,0.5625,0.3125,0.375,0.590364,-0.0654363,-2.36153
11042,-6,-5,-1,2,20,66,31,-6,0.0634766,0.522949,0.736816,-0.875,-0.3125,0.5,0.590492,-0.0654819,-2.36157
11042,-30,-5,-1,4,9,-6,-5,-35,0.0634766,0.522949,0.736816,-0.875,-0.3125,0.5,0.590492,-0.0654819,-2.36157
11043,16,35,0,-1,-3,-24,2,10,0.0634766,0.522949,0.736816,-0.875,-0.3125,0.5,0.590492,-0.0654819,-2.36157
11043,4,27,2,1,1,2,0,-26,0.0634766,0.522949,0.736816,-0.875,-0.3125,0.5,0.590492,-0.0654819,-2.36157
11057,-20,-40,-5,-1,-17,-106,-40,-12,0.0439453,0.506836,0.749023,-1.9375,-0.875,-0.5625,0.589972,-0.0653188,-2.36182
11057,3,2,0,0,2,44,20,-32,0.0439453,0.506836,0.749023,-1.9375,-0.875,-0.5625,0.589972,-0.0653188,-2.36182
11057,-9,-50,-5,-3,-14,-63,-46,30,0.0439453,0.506836,0.749023,-1.9375,-0.875,-0.5625,0.589972,-0.0653188,-2.36182
11057,-9,12,0,-1,7,8,50,19,0.0439453,0.506836,0.749023,-1.9375,-0.875,-0.5625,0.589972,-0.0653188,-2.36182
11079,0,-2,-6,-4,-5,10,66,79,0.0478516,0.501465,0.745605,-1.9375,-1.1875,-1,0.589416,-0.0651851,-2.36237
11079,-3,-6,-5,-6,-14,-32,-20,-5,0.0478516,0.501465,0.745605,-1.9375,-1.1875,-1,0.589416,-0.0651851,-2.36237
11081,-19,-3,-1,-6,-10,-16,-8,-4,0.0478516,0.501465,0.745605,-1.9375,-1.1875,-1,0.589416,-0.0651851,-2.36237
11081,19,13,5,6,3,17,-3,1,0.0478516,0.501465,0.745605,-1.9375,-1.1875,-1,0.589416,-0.0651851,-2.36237
11119,25,-2,1,0,15,21,-34,12,0.0688477,0.498047,0.75293,-1.1875,-0.125,-1.8125,0.588868,-0.065086,-2.36284
11119,-17,-16,-2,2,2,9,13,-9,0.0688477,0.498047,0.75293,-1.1875,-0.125,-1.8125,0.588868,-0.065086,-2.36284
11119,12,-15,-4,-2,-13,-40,-3,61,0.0688477,0.498047,0.75293,-1.1875,-0.125,-1.8125,0.588868,-0.065086,-2.36284
11119,26,12,9,9,14,28,-20,-2,0.0688477,0.498047,0.75293,-1.1875,-0.125,-1.8125,0.588868,-0.065086,-2.36284
11121,-13,-17,-6,-3,7,8,12,-29,0.0424805,0.504395,0.747559,1.5,1.3125,-1.375,0.58953,-0.0640696,-2.36301
11121,5,4,-2,-6,-15,-39,-1,-11,0.0424805,0.504395,0.747559,1.5,1.3125,-1.375,0.58953,-0.0640696,-2.36301
11124,-4,6,2,0,-4,-1,-40,-27,0.0424805,0.504395,0.747559,1.5,1.3125,-1.375,0.58953,-0.0640696,-2.36301
11124,-20,-35,-18,-15,-24,-66,30,47,0.0424805,0.504395,0.747559,1.5,1.3125,-1.375,0.58953,-0.0640696,-2.36301
11140,10,13,2,-1,2,16,-21,29,0.0395508,0.498535,0.752441,1.125,1.25,-0.375,0.589913,-0.063173,-2.36289
11140,11,9,-3,0,17,66,12,-9,0.0395508,0.498535,0.752441,1.125,1.25,-0.375,0.589913,-0.063173,-2.36289
11141,10,10,5,4,-11,-23,-14,17,0.0395508,0.498535,0.752441,1.125,1.25,-0.375,0.589913,-0.063173,-2.36289
11141,-6,6,-3,-3,0,37,23,17,0.0395508,0.498535,0.752441,1.125,1.25,-0.375,0.589913,-0.063173,-2.36289
11162,-8,29,7,6,22,46,16,-20,0.0620117,0.496582,0.73291,-1.1875,0.4375,-0.375,0.58951,-0.0631344,-2.36291
11162,-13,-86,-9,-7,-12,-21,12,17,0.0620117,0.496582,0.73291,-1.1875,0.4375,-0.375,0.58951,-0.0631344,-2.36291
11163,15,34,-2,-2,-9,-6,2,39,0.0620117,0.496582,0.73291,-1.1875,0.4375,-0.375,0.58951,-0.0631344,-2.36291
11163,4,-3,3,3,1,7,-13,-19,0.0620117,0.496582,0.73291,-1.1875,0.4375,-0.375,0.58951,-0.0631344,-2.36291
11185,-24,-37,-5,-3,2,-20,-17,-32,0.0732422,0.497559,0.746582,0.375,0.625,-0.0625,0.589597,-0.0633219,-2.3629
11185,-2,29,2,-2,-6,4,9,-15,0.0732422,0.497559,0.746582,0.375,0.625,-0.0625,0.589597,-0.0633219,-2.3629
11185,-15,-13,-5,-7,1,-11,4,-50,0.0732422,0.497559,0.746582,0.375,0.625,-0.0625,0.589597,-0.0633219,-2.3629
11185,1,-7,-1,-3,-5,25,-16,42,0.0732422,0.497559,0.746582,0.375,0.625,-0.0625,0.589597,-0.0633219,-2.3629
11200,21,14,1,5,5,7,13,-7,0.0615234,0.515625,0.745605,-0.4375,0.25,-0.4375,0.589589,-0.0632876,-2.36298
11200,-17,22,0,0,-7,-27,-16,0,0.0615234,0.515625,0.745605,-0.4375,0.25,-0.4375,0.589589,-0.0632876,-2.36298
11200,-2,-23,-1,1,-2,-8,5,-33,0.0615234,0.515625,0.745605,-0.4375,0.25,-0.4375,0.589589,-0.0632876,-2.36298
11200,13,15,0,-2,3,-21,-37,4,0.0615234,0.515625,0.745605,-0.4375,0.25,-0.4375,0.589589,-0.0632876,-2.36298
11222,-18,-14,-5,-6,-15,-2,33,33,0.0473633,0.507324,0.750488,-1.3125,0.375,-0.75,0.589372,-0.0627836,-2.36298
11222,39,39,3,0,7,23,-10,20,0.0473633,0.507324,0.750488,-1.3125,0.375,-0.75,0.589372,-0.0627836,-2.36298
11223,-10,-19,-4,-4,5,37,8,-12,0.0473633,0.507324,0.750488,-1.3125,0.375,-0.75,0.589372,-0.0627836,-2.36298
11223,-3,-17,-5,-5,-3,-2,30,-21,0.0473633,0.507324,0.750488,-1.3125,0.375,-0.75,0.589372,-0.0627836,-2.36298
11237,-7,-4,-2,2,-5,-12,-21,-13,0.0351562,0.512207,0.756836,-1.3125,1.0625,-1.4375,0.588952,-0.061697,-2.36325
11237,5,18,-1,-3,-16,-34,-5,-6,0.0351562,0.512207,0.756836,-1.3125,1.0625,-1.4375,0.588952,-0.061697,-2.36325
11237,-19,-11,-1,2,12,38,19,-11,0.0351562,0.512207,0.756836,-1.3125,1.0625,-1.4375,0.588952,-0.061697,-2.36325
11237,4,-2,-4,-1,-4,-10,-11,-24,0.0351562,0.512207,0.756836,-1.3125,1.0625,-1.4375,0.588952,-0.061697,-2.36325
11260,-9,-41,-6,-7,-9,-16,-11,-7,0.046875,0.508301,0.758301,-0.3125,2.25,-3.6875,0.588978,-0.0601231,-2.36393
11260,-8,29,3,4,0,-13,9,0,0.046875,0.508301,0.758301,-0.3125,2.25,-3.6875,0.588978,-0.0601231,-2.36393
11260,2,-3,-7,-6,4,45,6,-21,0.046875,0.508301,0.758301,-0.3125,2.25,-3.6875,0.588978,-0.0601231,-2.36393
11260,-3,-2,-10,-6,-13,-32,20,-9,0.046875,0.508301,0.758301,-0.3125,2.25,-3.6875,0.588978,-0.0601231,-2.36393
11282,-3,14,12,1,6,-5,-13,-14,0.0649414,0.532227,0.752441,1.9375,3.6875,-3,0.590232,-0.0586794,-2.36406
11282,9,-2,10,14,33,75,42,3,0.0649414,0.532227,0.752441,1.9375,3.6875,-3,0.590232,-0.0586794,-2.36406
11283,5,21,4,-1,-5,1,-2,1,0.0649414,0.532227,0.752441,1.9375,3.6875,-3,0.590232,-0.0586794,-2.36406
11283,-8,-3,-7,2,-7,-36,-16,-26,0.0649414,0.532227,0.752441,1.9375,3.6875,-3,0.590232,-0.0586794,-2.36406
11296,8,-7,-6,-4,0,5,2,35,0.0878906,0.606445,0.76416,8.0625,7.3125,-2.0625,0.594863,-0.0570099,-2.36329
11296,-9,-36,-10,-7,-11,-19,-10,-3,0.0878906,0.606445,0.76416,8.0625,7.3125,-2.0625,0.594863,-0.0570099,-2.36329
11297,8,7,-1,-1,-2,-13,-6,5,0.0878906,0.606445,0.76416,8.0625,7.3125,-2.0625,0.594863,-0.0570099,-2.36329
11297,-9,-9,-1,-1,5,28,5,-4,0.0878906,0.606445,0.76416,8.0625,7.3125,-2.0625,0.594863,-0.0570099,-2.36329
11328,6,11,-2,-1,-8,-12,-1,-8,0.0991211,0.50293,0.816406,-1.5625,15.875,-5.5625,0.593216,-0.052553,-2.36172
11328,2,-1,-1,-7,-14,-27,-14,4,0.0991211,0.50293,0.816406,-1.5625,15.875,-5.5625,0.593216,-0.052553,-2.36172
11328,-7,-1,-6,-4,-3,-2,1,3,0.0991211,0.50293,0.816406,-1.5625,15.875,-5.5625,0.593216,-0.052553,-2.36172
11328,-4,4,1,-2,-1,2,4,-9,0.0991211,0.50293,0.816406,-1.5625,15.875,-5.5625,0.593216,-0.052553,-2.36172
11342,-1,5,10,4,2,11,4,-8,0.0678711,0.488281,0.836914,1.8125,27.3125,-8.125,0.592112,-0.0437116,-2.35856
11342,0,-3,3,6,0,-4,-2,-1,0.0678711,0.488281,0.836914,1.8125,27.3125,-8.125,0.592112,-0.0437116,-2.35856
11343,-1,5,3,2,0,4,12,-6,0.0678711,0.488281,0.836914,1.8125,27.3125,-8.125,0.592112,-0.0437116,-2.35856
11343,0,-1,2,-2,4,7,3,-2,0.0678711,0.488281,0.836914,1.8125,27.3125,-8.125,0.592112,-0.0437116,-2.35856
11356,-4,3,-8,-3,4,14,-2,-9,0.0175781,0.499023,0.772461,9.25,33.375,-10.375,0.594762,-0.0317068,-2.35509
11356,4,17,-6,-8,-13,-21,-10,-1,0.0175781,0.499023,0.772461,9.25,33.375,-10.375,0.594762,-0.0317068,-2.35509
11372,-7,4,1,-2,-3,-33,-2,2,0.0175781,0.499023,0.772461,9.25,33.375,-10.375,0.594762,-0.0317068,-2.35509
11372,-3,-42,1,1,11,26,11,6,0.0175781,0.499023,0.772461,9.25,33.375,-10.375,0.594762,-0.0317068,-2.35509
11380,1,15,-10,-12,-10,6,0,-4,0.03125,0.514648,0.760742,1.5625,35.625,-11.6875,0.595245,-0.0194859,-2.35156
11380,1,-14,0,0,-6,-12,-2,-1,0.03125,0.514648,0.760742,1.5625,35.625,-11.6875,0.595245,-0.0194859,-2.35156
11381,2,18,5,7,3,5,-4,0,0.03125,0.514648,0.760742,1.5625,35.625,-11.6875,0.595245,-0.0194859,-2.35156
11381,-5,-16,2,-8,-3,-10,-1,-1,0.03125,0.514648,0.760742,1.5625,35.625,-11.6875,0.595245,-0.0194859,-2.35156
11418,5,-22,-1,-11,-12,-10,-1,-4,-0.050293,0.461426,0.758301,8.125,37,-10.5,0.59696,-0.00536765,-2.34723
11418,-5,26,-11,-4,-2,-1,-3,-4,-0.050293,0.461426,0.758301,8.125,37,-10.5,0.59696,-0.00536765,-2.34723
11418,-8,19,17,5,6,9,0,-1,-0.050293,0.461426,0.758301,8.125,37,-10.5,0.59696,-0.00536765,-2.34723
11418,-4,-13,-16,3,-3,-3,-1,-4,-0.050293,0.461426,0.758301,8.125,37,-10.5,0.59696,-0.00536765,-2.34723
11420,7,66,24,9,18,0,7,1,-0.0957031,0.509766,0.705078,23.5,33,-13.1875,0.605631,0.00886509,-2.34448
11420,-14,-99,-28,-13,-15,-5,-3,-5,-0.0957031,0.509766,0.705078,23.5,33,-13.1875,0.605631,0.00886509,-2.34448
11425,1,-9,-2,8,8,6,-1,-1,-0.0668945,0.582031,0.637695,17.375,23.875,-8.25,0.614411,0.0185883,-2.34203
11425,-1,44,22,2,-2,-7,-1,0,-0.0668945,0.582031,0.637695,17.375,23.875,-8.25,0.614411,0.0185883,-2.34203
11438,2,16,11,5,-17,-2,-1,0,-0.0668945,0.582031,0.637695,17.375,23.875,-8.25,0.614411,0.0185883,-2.34203
11438,5,7,-33,10,8,-8,-5,-2,-0.0668945,0.582031,0.637695,17.375,23.875,-8.25,0.614411,0.0185883,-2.34203
11447,-19,9,-2,5,6,3,1,-4,-0.00341797,0.493652,0.603516,-16.3125,5.0625,-0.75,0.610116,0.0199899,-2.34117
11447,2,43,17,-13,-6,-3,-5,-5,-0.00341797,0.493652,0.603516,-16.3125,5.0625,-0.75,0.610116,0.0199899,-2.34117
11462,-3,-77,-83,5,-3,-5,-2,-2,-0.00341797,0.493652,0.603516,-16.3125,5.0625,-0.75,0.610116,0.0199899,-2.34117
11462,-7,9,50,-3,0,3,5,-4,-0.00341797,0.493652,0.603516,-16.3125,5.0625,-0.75,0.610116,0.0199899,-2.34117
11464,8,-19,-24,-4,-7,-1,-8,0,0.0229492,0.413086,0.619629,-19.3125,-9.1875,1.625,0.603051,0.0161402,-2.34253
11464,1,46,-12,1,-1,-4,-3,0,0.0229492,0.413086,0.619629,-19.3125,-9.1875,1.625,0.603051,0.0161402,-2.34253
11487,7,32,42,5,-8,-4,2,2,0.0229492,0.413086,0.619629,-19.3125,-9.1875,1.625,0.603051,0.0161402,-2.34253
11487,2,9,-4,10,25,3,1,0,0.0229492,0.413086,0.619629,-19.3125,-9.1875,1.625,0.603051,0.0161402,-2.34253
11488,9,8,-52,-4,0,7,5,4,-0.0405273,0.369629,0.67041,6.9375,-19.25,5.375,0.603603,0.0103533,-2.34476
11488,-21,-82,107,-3,-6,-5,-4,-8,-0.0405273,0.369629,0.67041,6.9375,-19.25,5.375,0.603603,0.0103533,-2.34476
11498,-1,-47,-91,0,-2,-6,-6,-6,-0.0405273,0.369629,0.67041,6.9375,-19.25,5.375,0.603603,0.0103533,-2.34476
11498,1,-22,-11,-18,-14,-6,-5,-3,-0.0405273,0.369629,0.67041,6.9375,-19.25,5.375,0.603603,0.0103533,-2.34476
11507,1,-36,18,-28,-14,-1,-1,-2,-0.078125,0.400879,0.666016,27.4375,-27.375,10.625,0.611914,0.00220618,-2.34717
11507,18,87,57,38,4,-2,-1,7,-0.078125,0.400879,0.666016,27.4375,-27.375,10.625,0.611914,0.00220618,-2.34717
11522,-27,-98,-94,-14,8,-2,-2,-11,-0.078125,0.400879,0.666016,27.4375,-27.375,10.625,0.611914,0.00220618,-2.34717
11522,6,127,35,-3,-14,-5,-2,-2,-0.078125,0.400879,0.666016,27.4375,-27.375,10.625,0.611914,0.00220618,-2.34717
11523,-13,-46,14,0,4,-2,-1,-7,-0.0268555,0.435547,0.632812,33.625,-38,17.4375,0.623288,-0.0112545,-2.34995
11523,9,13,-78,-14,-5,-3,-1,-1,-0.0268555,0.435547,0.632812,33.625,-38,17.4375,0.623288,-0.0112545,-2.34995
11536,10,31,55,15,4,4,2,4,-0.0268555,0.435547,0.632812,33.625,-38,17.4375,0.623288,-0.0112545,-2.34995
11536,13,31,-10,13,10,4,3,6,-0.0268555,0.435547,0.632812,33.625,-38,17.4375,0.623288,-0.0112545,-2.34995
11544,5,18,11,6,2,2,1,5,-0.015625,0.557129,0.723145,11.4375,-40.5625,22.1875,0.627948,-0.0262901,-2.35201
11544,-10,-30,-56,-24,-9,-5,-7,-10,-0.015625,0.557129,0.723145,11.4375,-40.5625,22.1875,0.627948,-0.0262901,-2.35201
11559,-11,9,11,-8,2,-4,-2,-5,-0.015625,0.557129,0.723145,11.4375,-40.5625,22.1875,0.627948,-0.0262901,-2.35201
11559,-11,-46,21,-15,-11,-5,-1,-4,-0.015625,0.557129,0.723145,11.4375,-40.5625,22.1875,0.627948,-0.0262901,-2.35201
11567,8,-11,-10,20,2,2,4,6,-0.00683594,0.572266,0.802734,8.625,-39.75,22.3125,0.630759,-0.040903,-2.35374
11567,7,69,8,22,15,5,2,2,-0.00683594,0.572266,0.802734,8.625,-39.75,22.3125,0.630759,-0.040903,-2.35374
11581,-11,20,9,-21,2,2,1,-2,-0.00683594,0.572266,0.802734,8.625,-39.75,22.3125,0.630759,-0.040903,-2.35374
11581,-6,-20,-1,1,-9,-6,-3,-3,-0.00683594,0.572266,0.802734,8.625,-39.75,22.3125,0.630759,-0.040903,-2.35374
11590,-5,20,-22,-20,-13,-10,-7,-8,0.0498047,0.563477,0.776855,24.125,-33.9375,9.875,0.639094,-0.0525474,-2.35802
11590,-4,-22,57,5,1,1,2,2,0.0498047,0.563477,0.776855,24.125,-33.9375,9.875,0.639094,-0.0525474,-2.35802
11596,16,51,-29,-6,-3,-2,0,2,0.0498047,0.563477,0.776855,24.125,-33.9375,9.875,0.639094,-0.0525474,-2.35802
11596,-17,-18,17,8,-1,0,1,-3,0.0498047,0.563477,0.776855,24.125,-33.9375,9.875,0.639094,-0.0525474,-2.35802
11605,-5,-14,22,1,1,-2,-3,0,0.162598,0.581543,0.728516,5.4375,-28.75,-1.5,0.642078,-0.0628111,-2.36449
11605,4,-7,1,3,-3,-2,-3,1,0.162598,0.581543,0.728516,5.4375,-28.75,-1.5,0.642078,-0.0628111,-2.36449
11627,0,-1,-31,-2,9,5,2,2,0.162598,0.581543,0.728516,5.4375,-28.75,-1.5,0.642078,-0.0628111,-2.36449
11627,4,-47,-25,-9,-1,0,-1,1,0.162598,0.581543,0.728516,5.4375,-28.75,-1.5,0.642078,-0.0628111,-2.36449
11629,-4,-10,-13,-5,-2,1,0,-2,0.0605469,0.588867,0.757812,0.3125,-26.625,7.75,0.642794,-0.0716299,-2.36784
11629,-8,-21,-26,6,-2,-3,2,0,0.0605469,0.588867,0.757812,0.3125,-26.625,7.75,0.642794,-0.0716299,-2.36784
11650,18,106,96,9,0,2,3,6,0.0605469,0.588867,0.757812,0.3125,-26.625,7.75,0.642794,-0.0716299,-2.36784
11650,-5,-40,-14,-1,4,3,0,-1,0.0605469,0.588867,0.757812,0.3125,-26.625,7.75,0.642794,-0.0716299,-2.36784
11652,-3,-37,-31,-5,-2,-3,-3,-3,0.0429688,0.58252,0.766602,3.0625,-27.5625,3,0.644382,-0.0791496,-2.37281
11652,4,-2,-11,-2,4,1,1,-2,0.0429688,0.58252,0.766602,3.0625,-27.5625,3,0.644382,-0.0791496,-2.37281
11672,-5,-29,27,-1,-4,-2,-2,-1,0.0429688,0.58252,0.766602,3.0625,-27.5625,3,0.644382,-0.0791496,-2.37281
11672,6,50,73,-2,-6,-5,-4,-3,0.0429688,0.58252,0.766602,3.0625,-27.5625,3,0.644382,-0.0791496,-2.37281
11674,0,31,44,-1,-6,-4,1,0,0.110352,0.538086,0.725586,-2.4375,-27.75,-4.8125,0.644152,-0.0866309,-2.38001
11674,-13,-33,-51,-13,-7,-1,-2,-4,0.110352,0.538086,0.725586,-2.4375,-27.75,-4.8125,0.644152,-0.0866309,-2.38001
11679,-2,-13,14,11,3,1,3,3,0.110352,0.538086,0.725586,-2.4375,-27.75,-4.8125,0.644152,-0.0866309,-2.38001
11679,7,-1,-28,-14,-5,-2,0,-1,0.110352,0.538086,0.725586,-2.4375,-27.75,-4.8125,0.644152,-0.0866309,-2.38001
11694,3,-4,35,6,-4,0,1,1,0.126953,0.549316,0.687012,1.25,-26.9375,-4.625,0.645769,-0.0942161,-2.38702
11694,2,14,13,12,14,7,3,5,0.126953,0.549316,0.687012,1.25,-26.9375,-4.625,0.645769,-0.0942161,-2.38702
11702,-10,-49,-91,-24,-9,-4,-5,-7,0.126953,0.549316,0.687012,1.25,-26.9375,-4.625,0.645769,-0.0942161,-2.38702
11702,-3,-5,15,9,2,1,1,1,0.126953,0.549316,0.687012,1.25,-26.9375,-4.625,0.645769,-0.0942161,-2.38702
11703,-3,4,-19,-3,1,0,-1,-1,0.0883789,0.493164,0.662109,-1.9375,-29.8125,5.8125,0.64547,-0.10389,-2.39166
11703,4,37,20,-6,-4,-2,-1,-1,0.0883789,0.493164,0.662109,-1.9375,-29.8125,5.8125,0.64547,-0.10389,-2.39166
11725,-11,-66,105,21,2,0,-1,-3,0.0883789,0.493164,0.662109,-1.9375,-29.8125,5.8125,0.64547,-0.10389,-2.39166
11725,4,40,-80,-26,-5,-4,-2,1,0.0883789,0.493164,0.662109,-1.9375,-29.8125,5.8125,0.64547,-0.10389,-2.39166
11726,0,14,-20,-1,-3,-3,-3,-4,0.0791016,0.48584,0.691406,-8.9375,-32.75,4.0625,0.642286,-0.113365,-2.39734
11726,-9,-63,-55,-4,-1,0,-1,-3,0.0791016,0.48584,0.691406,-8.9375,-32.75,4.0625,0.642286,-0.113365,-2.39734
11739,6,26,11,2,-1,-2,-1,0,0.0791016,0.48584,0.691406,-8.9375,-32.75,4.0625,0.642286,-0.113365,-2.39734
11739,9,57,24,12,5,3,3,5,0.0791016,0.48584,0.691406,-8.9375,-32.75,4.0625,0.642286,-0.113365,-2.39734
11748,4,25,-14,3,1,1,0,-1,0.109375,0.489746,0.719727,4.375,-31.75,-0.375,0.643663,-0.122293,-2.40396
11748,-23,-57,-52,-29,-19,-14,-11,-13,0.109375,0.489746,0.719727,4.375,-31.75,-0.375,0.643663,-0.122293,-2.40396
11762,-6,20,-10,-6,-5,-2,-2,-5,0.109375,0.489746,0.719727,4.375,-31.75,-0.375,0.643663,-0.122293,-2.40396
11762,-3,-49,-35,8,3,-3,-4,0,0.109375,0.489746,0.719727,4.375,-31.75,-0.375,0.643663,-0.122293,-2.40396
11764,12,55,40,1,-6,-1,2,3,0.132324,0.494141,0.685059,16.625,-30.875,2.75,0.649606,-0.13199,-2.40958
11764,8,-8,24,16,14,8,4,5,0.132324,0.494141,0.685059,16.625,-30.875,2.75,0.649606,-0.13199,-2.40958
11785,0,7,42,-2,-5,-4,-3,-1,0.132324,0.494141,0.685059,16.625,-30.875,2.75,0.649606,-0.13199,-2.40958
11785,-3,9,-22,-2,-3,0,-2,-2,0.132324,0.494141,0.685059,16.625,-30.875,2.75,0.649606,-0.13199,-2.40958
11787,-4,-15,6,-2,1,1,0,-3,0.10791,0.566406,0.705078,11.875,-26.625,8.5625,0.654769,-0.140654,-2.41298
11787,1,-20,-24,-9,-5,-3,-1,0,0.10791,0.566406,0.705078,11.875,-26.625,8.5625,0.654769,-0.140654,-2.41298
11800,4,15,-12,1,0,1,0,1,0.10791,0.566406,0.705078,11.875,-26.625,8.5625,0.654769,-0.140654,-2.41298
11800,0,52,104,11,3,0,1,-1,0.10791,0.566406,0.705078,11.875,-26.625,8.5625,0.654769,-0.140654,-2.41298
11806,15,-5,-2,8,12,4,5,7,0.103516,0.697754,0.790527,16.75,-20.6875,11.1875,0.662427,-0.147521,-2.41465
11806,-18,12,22,-2,-5,-4,-2,-5,0.103516,0.697754,0.790527,16.75,-20.6875,11.1875,0.662427,-0.147521,-2.41465
11822,4,91,-84,-13,-11,-5,-4,-2,0.103516,0.697754,0.790527,16.75,-20.6875,11.1875,0.662427,-0.147521,-2.41465
11822,-13,-77,25,4,-2,-2,-1,-4,0.103516,0.697754,0.790527,16.75,-20.6875,11.1875,0.662427,-0.147521,-2.41465
11823,-13,-58,-28,-10,-3,-2,-3,-6,0.131836,0.562988,0.72998,4.9375,-23.8125,9.0625,0.664389,-0.155704,-2.41727
11823,14,85,107,10,5,2,4,4,0.131836,0.562988,0.72998,4.9375,-23.8125,9.0625,0.664389,-0.155704,-2.41727
11844,3,9,29,7,-1,-1,1,1,0.131836,0.562988,0.72998,4.9375,-23.8125,9.0625,0.664389,-0.155704,-2.41727
11844,-4,14,-25,-6,-5,-2,-6,-6,0.131836,0.562988,0.72998,4.9375,-23.8125,9.0625,0.664389,-0.155704,-2.41727
11846,1,8,-1,3,-1,0,1,3,0.171875,0.441895,0.649902,-11.5,-24.6875,12.8125,0.659488,-0.166201,-2.41878
11846,4,-31,-43,-3,-1,3,2,1,0.171875,0.441895,0.649902,-11.5,-24.6875,12.8125,0.659488,-0.166201,-2.41878
11858,-3,-24,4,-2,1,-1,-2,-1,0.171875,0.441895,0.649902,-11.5,-24.6875,12.8125,0.659488,-0.166201,-2.41878
11858,3,-3,21,-4,-4,-1,-2,0,0.171875,0.441895,0.649902,-11.5,-24.6875,12.8125,0.659488,-0.166201,-2.41878
11867,-1,-2,-24,5,4,1,-1,-2,0.203613,0.418457,0.713867,-4.625,-19.25,18.75,0.655052,-0.176895,-2.41717
11867,-2,18,6,-5,-3,0,0,0,0.203613,0.418457,0.713867,-4.625,-19.25,18.75,0.655052,-0.176895,-2.41717
11882,7,-26,-21,-3,-4,-3,-1,-1,0.203613,0.418457,0.713867,-4.625,-19.25,18.75,0.655052,-0.176895,-2.41717
11882,-5,-22,4,3,2,0,1,-1,0.203613,0.418457,0.713867,-4.625,-19.25,18.75,0.655052,-0.176895,-2.41717
11884,-8,-19,10,-9,-4,-4,-1,-5,0.23584,0.542969,0.79834,20.5625,-8.25,12.6875,0.66048,-0.183257,-2.41523
11884,5,-17,8,10,1,0,4,3,0.23584,0.542969,0.79834,20.5625,-8.25,12.6875,0.66048,-0.183257,-2.41523
11904,4,57,90,-7,1,2,-2,1,0.23584,0.542969,0.79834,20.5625,-8.25,12.6875,0.66048,-0.183257,-2.41523
11904,-4,-31,-109,-12,-2,-3,-3,-4,0.23584,0.542969,0.79834,20.5625,-8.25,12.6875,0.66048,-0.183257,-2.41523
11907,-9,22,53,4,-4,-5,-3,-3,0.224121,0.641602,0.750488,34.6875,0.25,7.1875,0.673026,-0.185701,-2.41318
11907,3,6,-42,-4,1,-1,1,1,0.224121,0.641602,0.750488,34.6875,0.25,7.1875,0.673026,-0.185701,-2.41318
11928,-3,2,47,7,-2,-4,-1,-2,0.224121,0.641602,0.750488,34.6875,0.25,7.1875,0.673026,-0.185701,-2.41318
11928,-3,-6,-18,0,0,-1,0,1,0.224121,0.641602,0.750488,34.6875,0.25,7.1875,0.673026,-0.185701,-2.41318
11929,2,12,55,1,-5,-1,-3,-1,0.202637,0.603027,0.674316,21.5,0.5,13.4375,0.680966,-0.189216,-2.40967
11929,7,23,-86,1,-4,-2,-2,1,0.202637,0.603027,0.674316,21.5,0.5,13.4375,0.680966,-0.189216,-2.40967
11949,-9,-19,-46,-9,5,0,1,-1,0.202637,0.603027,0.674316,21.5,0.5,13.4375,0.680966,-0.189216,-2.40967
11949,-1,-4,27,-5,-4,-5,-4,-1,0.202637,0.603027,0.674316,21.5,0.5,13.4375,0.680966,-0.189216,-2.40967
11950,-2,-4,-30,-3,-1,-3,-3,0,0.166992,0.586426,0.6875,1.1875,-0.125,18.4375,0.680912,-0.193056,-2.40461
11950,0,-22,51,6,0,2,-2,-2,0.166992,0.586426,0.6875,1.1875,-0.125,18.4375,0.680912,-0.193056,-2.40461
11965,-1,-32,-47,-2,-3,-2,-3,-2,0.166992,0.586426,0.6875,1.1875,-0.125,18.4375,0.680912,-0.193056,-2.40461
11965,1,32,16,2,1,1,1,0,0.166992,0.586426,0.6875,1.1875,-0.125,18.4375,0.680912,-0.193056,-2.40461
11966,-2,-18,6,0,-3,-1,-3,0,0.208496,0.547363,0.699219,-6.875,-3.125,12.75,0.677646,-0.197355,-2.40171
11966,-8,-38,-41,-7,-1,0,-2,-4,0.208496,0.547363,0.699219,-6.875,-3.125,12.75,0.677646,-0.197355,-2.40171
11979,3,8,23,4,-2,0,1,3,0.208496,0.547363,0.699219,-6.875,-3.125,12.75,0.677646,-0.197355,-2.40171
11979,3,12,6,0,1,1,1,1,0.208496,0.547363,0.699219,-6.875,-3.125,12.75,0.677646,-0.197355,-2.40171
11987,3,19,-4,2,0,0,2,1,0.256836,0.566895,0.722168,9.75,0.25,2.9375,0.680504,-0.199729,-2.40078
11987,11,24,31,-3,1,-1,1,0,0.256836,0.566895,0.722168,9.75,0.25,2.9375,0.680504,-0.199729,-2.40078
12002,-23,-49,-3,1,-1,-1,-1,-3,0.256836,0.566895,0.722168,9.75,0.25,2.9375,0.680504,-0.199729,-2.40078
12002,-6,16,42,0,-6,-3,-1,-4,0.256836,0.566895,0.722168,9.75,0.25,2.9375,0.680504,-0.199729,-2.40078
12003,-3,-11,-33,-9,-2,-2,-2,-4,0.227051,0.579102,0.702148,25.1875,3.75,-1.125,0.689294,-0.199473,-2.40033
12003,-6,2,20,0,-8,-2,-3,-3,0.227051,0.579102,0.702148,25.1875,3.75,-1.125,0.689294,-0.199473,-2.40033
12024,10,-16,-27,21,13,5,3,5,0.227051,0.579102,0.702148,25.1875,3.75,-1.125,0.689294,-0.199473,-2.40033
12024,1,26,38,1,1,-1,-1,1,0.227051,0.579102,0.702148,25.1875,3.75,-1.125,0.689294,-0.199473,-2.40033
12026,-6,15,-59,-5,1,1,-3,-5,0.195801,0.611328,0.673828,20.125,5.1875,-1.25,0.697032,-0.198175,-2.3996
12026,-10,-60,-26,-6,-3,-3,-2,-3,0.195801,0.611328,0.673828,20.125,5.1875,-1.25,0.697032,-0.198175,-2.3996
12038,4,-3,17,2,-4,0,-1,-2,0.195801,0.611328,0.673828,20.125,5.1875,-1.25,0.697032,-0.198175,-2.3996
12038,-2,-18,-34,-4,-4,-2,-1,-1,0.195801,0.611328,0.673828,20.125,5.1875,-1.25,0.697032,-0.198175,-2.3996
12047,3,3,-2,-1,1,1,0,2,0.181641,0.59668,0.64502,2.75,0.25,-0.375,0.699039,-0.198114,-2.39979
12047,-1,32,35,5,-2,-3,-3,0,0.181641,0.59668,0.64502,2.75,0.25,-0.375,0.699039,-0.198114,-2.39979
12062,-4,-41,-27,-10,0,1,2,-3,0.181641,0.59668,0.64502,2.75,0.25,-0.375,0.699039,-0.198114,-2.39979
12062,2,-18,-41,1,3,0,0,1,0.181641,0.59668,0.64502,2.75,0.25,-0.375,0.699039,-0.198114,-2.39979
12064,-4,-6,20,-3,-1,-1,0,-2,0.203125,0.597656,0.658203,-7.0625,-4,-3.4375,0.697778,-0.198989,-2.40181
12064,-1,-3,-20,-3,-3,-2,1,0,0.203125,0.597656,0.658203,-7.0625,-4,-3.4375,0.697778,-0.198989,-2.40181
12085,3,28,44,2,-2,-2,-1,0,0.203125,0.597656,0.658203,-7.0625,-4,-3.4375,0.697778,-0.198989,-2.40181
12085,-1,0,-21,-3,1,0,1,-1,0.203125,0.597656,0.658203,-7.0625,-4,-3.4375,0.697778,-0.198989,-2.40181
12087,3,17,-3,-2,-4,-2,0,2,0.205078,0.592285,0.687988,2.6875,-1.625,-8.5,0.69952,-0.198086,-2.40447
12087,-4,-38,-8,-5,-1,-2,-2,-3,0.205078,0.592285,0.687988,2.6875,-1.625,-8.5,0.69952,-0.198086,-2.40447
12099,1,7,41,9,2,0,0,-1,0.205078,0.592285,0.687988,2.6875,-1.625,-8.5,0.69952,-0.198086,-2.40447
12099,4,14,-27,-4,1,-2,-2,1,0.205078,0.592285,0.687988,2.6875,-1.625,-8.5,0.69952,-0.198086,-2.40447
12108,0,-1,-12,0,-2,-2,-2,-2,0.179688,0.602539,0.662109,12.9375,2,-8.3125,0.705096,-0.195753,-2.40645
12108,0,12,-4,-4,1,-3,-2,-2,0.179688,0.602539,0.662109,12.9375,2,-8.3125,0.705096,-0.195753,-2.40645
12123,6,40,100,7,1,1,0,2,0.179688,0.602539,0.662109,12.9375,2,-8.3125,0.705096,-0.195753,-2.40645
12123,-6,-25,-48,-11,-7,-3,-4,-5,0.179688,0.602539,0.662109,12.9375,2,-8.3125,0.705096,-0.195753,-2.40645
12124,-4,-25,83,0,-3,0,-2,-2,0.149414,0.612793,0.65625,3.75,0.8125,-8.375,0.707847,-0.19296,-2.40872
12124,-2,-15,-31,-7,-2,0,-2,0,0.149414,0.612793,0.65625,3.75,0.8125,-8.375,0.707847,-0.19296,-2.40872
12145,0,-10,-11,2,-2,-1,-2,-2,0.149414,0.612793,0.65625,3.75,0.8125,-8.375,0.707847,-0.19296,-2.40872
12145,4,21,-2,0,1,3,2,3,0.149414,0.612793,0.65625,3.75,0.8125,-8.375,0.707847,-0.19296,-2.40872
12148,0,-2,-32,-6,0,-2,0,0,0.161133,0.592773,0.651367,-8.5,-1.75,-8.5625,0.706179,-0.191296,-2.4115
12148,-2,5,16,3,-1,-3,-3,-1,0.161133,0.592773,0.651367,-8.5,-1.75,-8.5625,0.706179,-0.191296,-2.4115
12159,-3,-5,-40,-8,-3,-4,-1,1,0.161133,0.592773,0.651367,-8.5,-1.75,-8.5625,0.706179,-0.191296,-2.4115
12159,3,-6,35,5,-1,0,1,-2,0.161133,0.592773,0.651367,-8.5,-1.75,-8.5625,0.706179,-0.191296,-2.4115
12166,0,-2,-31,-4,-1,1,-1,-3,0.166992,0.572754,0.680176,-6,-1.375,-6.875,0.704422,-0.189973,-2.41371
12166,-1,-5,26,7,4,1,1,-2,0.166992,0.572754,0.680176,-6,-1.375,-6.875,0.704422,-0.189973,-2.41371
12182,-2,-3,-101,-13,-4,0,0,-1,0.166992,0.572754,0.680176,-6,-1.375,-6.875,0.704422,-0.189973,-2.41371
12182,5,63,16,-1,-3,-3,-5,1,0.166992,0.572754,0.680176,-6,-1.375,-6.875,0.704422,-0.189973,-2.41371
12184,-11,-88,-4,9,3,1,-1,-5,0.159668,0.580078,0.688477,1.9375,1.875,-6.6875,0.705143,-0.187685,-2.41496
12184,2,29,15,0,-2,-1,-1,-1,0.159668,0.580078,0.688477,1.9375,1.875,-6.6875,0.705143,-0.187685,-2.41496
12206,0,-2,-10,-2,-1,-1,-1,0,0.159668,0.580078,0.688477,1.9375,1.875,-6.6875,0.705143,-0.187685,-2.41496
12206,-4,-16,41,5,1,0,0,1,0.159668,0.580078,0.688477,1.9375,1.875,-6.6875,0.705143,-0.187685,-2.41496
12207,9,45,18,7,2,2,0,5,0.12793,0.584961,0.675781,2.0625,2.875,-4.5,0.706091,-0.184934,-2.41559
12207,-4,-7,-71,-19,-3,-4,0,-1,0.12793,0.584961,0.675781,2.0625,2.875,-4.5,0.706091,-0.184934,-2.41559
12228,-13,-22,-5,-6,-3,-1,-3,-5,0.12793,0.584961,0.675781,2.0625,2.875,-4.5,0.706091,-0.184934,-2.41559
12228,-6,-38,-16,-3,-1,-1,-1,-3,0.12793,0.584961,0.675781,2.0625,2.875,-4.5,0.706091,-0.184934,-2.41559
12229,-1,32,44,3,-1,-1,-1,0,0.136719,0.58252,0.667969,-2.75,1.9375,-2.875,0.705565,-0.183167,-2.41604
12229,-2,-8,-4,5,2,-2,-2,-1,0.136719,0.58252,0.667969,-2.75,1.9375,-2.875,0.705565,-0.183167,-2.41604
12250,6,13,37,1,-1,0,1,1,0.136719,0.58252,0.667969,-2.75,1.9375,-2.875,0.705565,-0.183167,-2.41604
12250,-4,31,-15,1,-1,0,0,-3,0.136719,0.58252,0.667969,-2.75,1.9375,-2.875,0.705565,-0.183167,-2.41604
12252,1,-8,-4,-4,0,0,-1,0,0.161621,0.555664,0.675293,-2.5625,1.1875,-2.3125,0.704282,-0.182303,-2.41616
12252,4,13,-1,-4,-3,2,0,1,0.161621,0.555664,0.675293,-2.5625,1.1875,-2.3125,0.704282,-0.182303,-2.41616
12265,-4,-10,33,-2,-2,-4,-3,-4,0.161621,0.555664,0.675293,-2.5625,1.1875,-2.3125,0.704282,-0.182303,-2.41616
12265,-1,-27,-10,-3,-1,0,-1,-1,0.161621,0.555664,0.675293,-2.5625,1.1875,-2.3125,0.704282,-0.182303,-2.41616
12267,1,3,-3,0,-3,-2,0,1,0.177246,0.564453,0.679688,3.4375,2.3125,-2.5,0.705296,-0.181438,-2.41627
12267,-1,13,27,0,0,-1,1,-1,0.177246,0.564453,0.679688,3.4375,2.3125,-2.5,0.705296,-0.181438,-2.41627
12279,5,6,-12,0,-1,-1,-1,1,0.177246,0.564453,0.679688,3.4375,2.3125,-2.5,0.705296,-0.181438,-2.41627
12279,2,15,70,7,2,1,0,0,0.177246,0.564453,0.679688,3.4375,2.3125,-2.5,0.705296,-0.181438,-2.41627
12287,-6,-28,-85,-14,-2,-4,-2,-4,0.161621,0.577637,0.673828,2.4375,1.375,-0.9375,0.706203,-0.180879,-2.41617
12287,2,-3,-2,1,-3,-2,-2,-2,0.161621,0.577637,0.673828,2.4375,1.375,-0.9375,0.706203,-0.180879,-2.41617
12302,-4,-12,-16,2,1,0,0,2,0.161621,0.577637,0.673828,2.4375,1.375,-0.9375,0.706203,-0.180879,-2.41617
12302,0,7,23,-8,-6,-1,-2,-3,0.161621,0.577637,0.673828,2.4375,1.375,-0.9375,0.706203,-0.180879,-2.41617
12304,-1,11,-7,-3,-2,1,0,-1,0.17334,0.583984,0.672363,0.1875,1.375,-1.4375,0.706456,-0.180515,-2.41629
12304,1,8,14,10,5,0,0,1,0.17334,0.583984,0.672363,0.1875,1.375,-1.4375,0.706456,-0.180515,-2.41629
12325,-6,-5,-21,-4,-1,-1,-1,-2,0.17334,0.583984,0.672363,0.1875,1.375,-1.4375,0.706456,-0.180515,-2.41629
12325,3,40,29,0,2,0,-1,2,0.17334,0.583984,0.672363,0.1875,1.375,-1.4375,0.706456,-0.180515,-2.41629
12327,-7,-77,-69,-11,-7,-1,-3,-3,0.175293,0.59082,0.665039,-0.875,0.75,0.375,0.706594,-0.18056,-2.41634
12327,-1,12,4,-3,-6,-2,-1,-3,0.175293,0.59082,0.665039,-0.875,0.75,0.375,0.706594,-0.18056,-2.41634
12347,3,15,14,0,-2,-1,-1,-2,0.175293,0.59082,0.665039,-0.875,0.75,0.375,0.706594,-0.18056,-2.41634
12347,0,-25,3,5,1,-1,-1,-1,0.175293,0.59082,0.665039,-0.875,0.75,0.375,0.706594,-0.18056,-2.41634
12349,2,28,-6,2,1,1,0,1,0.182129,0.569824,0.663086,-3.5625,-1.25,-0.4375,0.705451,-0.181303,-2.41675
12349,-5,-11,14,-1,0,-1,0,-2,0.182129,0.569824,0.663086,-3.5625,-1.25,-0.4375,0.705451,-0.181303,-2.41675
12363,1,-11,-20,-1,-3,-2,1,-1,0.182129,0.569824,0.663086,-3.5625,-1.25,-0.4375,0.705451,-0.181303,-2.41675
12363,2,-11,-13,-6,-1,0,-1,0,0.182129,0.569824,0.663086,-3.5625,-1.25,-0.4375,0.705451,-0.181303,-2.41675
12364,5,27,-10,4,0,-1,0,0,0.171875,0.570801,0.687988,-0.25,0.5,-1.5,0.705274,-0.181008,-2.41699
12364,-5,-15,43,1,0,-2,-1,-1,0.171875,0.570801,0.687988,-0.25,0.5,-1.5,0.705274,-0.181008,-2.41699
12385,7,18,-20,2,2,-2,-1,4,0.171875,0.570801,0.687988,-0.25,0.5,-1.5,0.705274,-0.181008,-2.41699
12385,-11,-56,-37,-5,-3,-1,-2,-2,0.171875,0.570801,0.687988,-0.25,0.5,-1.5,0.705274,-0.181008,-2.41699
12387,3,38,32,14,4,1,-1,1,0.162109,0.581543,0.69043,5.375,2.25,-1.8125,0.706938,-0.179904,-2.41696
12387,-5,12,-1,-12,-5,-1,-5,-5,0.162109,0.581543,0.69043,5.375,2.25,-1.8125,0.706938,-0.179904,-2.41696
12399,-2,15,50,2,0,2,1,-1,0.162109,0.581543,0.69043,5.375,2.25,-1.8125,0.706938,-0.179904,-2.41696
12399,-3,-12,-42,-3,-5,-3,-3,-4,0.162109,0.581543,0.69043,5.375,2.25,-1.8125,0.706938,-0.179904,-2.41696
12407,-1,8,19,-3,-2,1,-1,-1,0.145508,0.587402,0.665039,-1.125,1.9375,-0.1875,0.706815,-0.179064,-2.41649
12407,4,-3,-4,1,-1,-1,-3,1,0.145508,0.587402,0.665039,-1.125,1.9375,-0.1875,0.706815,-0.179064,-2.41649
12422,-3,-2,16,2,1,-2,-1,-3,0.145508,0.587402,0.665039,-1.125,1.9375,-0.1875,0.706815,-0.179064,-2.41649
12422,3,42,10,5,4,2,2,2,0.145508,0.587402,0.665039,-1.125,1.9375,-0.1875,0.706815,-0.179064,-2.41649
12424,-8,-56,-22,-10,-4,-5,-3,-4,0.133789,0.563965,0.658691,-9.75,-1.875,4,0.703464,-0.179846,-2.41596
12424,9,18,14,3,-1,0,-1,0,0.133789,0.563965,0.658691,-9.75,-1.875,4,0.703464,-0.179846,-2.41596
12453,-10,-3,-18,-2,-4,-2,-2,-1,0.133789,0.563965,0.658691,-9.75,-1.875,4,0.703464,-0.179846,-2.41596
12453,5,21,85,7,-3,-3,0,0,0.133789,0.563965,0.658691,-9.75,-1.875,4,0.703464,-0.179846,-2.41596
12454,-1,11,-36,-2,5,0,1,-1,0.159668,0.530273,0.67041,-5.0625,-3.4375,4.875,0.700921,-0.181981,-2.41528
12454,-1,-17,-33,-3,1,-1,0,1,0.159668,0.530273,0.67041,-5.0625,-3.4375,4.875,0.700921,-0.181981,-2.41528
12459,0,-4,25,3,1,0,-3,-2,0.159668,0.530273,0.67041,-5.0625,-3.4375,4.875,0.700921,-0.181981,-2.41528
12459,-6,6,-28,-6,-6,-3,-1,-6,0.159668,0.530273,0.67041,-5.0625,-3.4375,4.875,0.700921,-0.181981,-2.41528
12467,5,33,46,3,-1,-1,1,2,0.156738,0.550293,0.685547,1.875,-2.375,4.875,0.700839,-0.18354,-2.41439
12467,-3,-27,-27,0,0,-3,-1,1,0.156738,0.550293,0.685547,1.875,-2.375,4.875,0.700839,-0.18354,-2.41439
12483,5,31,66,4,0,-1,-1,1,0.156738,0.550293,0.685547,1.875,-2.375,4.875,0.700839,-0.18354,-2.41439
12483,-9,-79,-75,-6,1,-2,-2,-3,0.156738,0.550293,0.685547,1.875,-2.375,4.875,0.700839,-0.18354,-2.41439
12484,-1,31,26,-12,-7,-4,-5,-4,0.182617,0.592285,0.668457,7.125,-1.625,0.6875,0.703861,-0.184563,-2.41457
12484,-4,1,29,0,-2,1,0,-2,0.182617,0.592285,0.668457,7.125,-1.625,0.6875,0.703861,-0.184563,-2.41457
12506,-4,-18,-43,-2,3,1,-2,-2,0.182617,0.592285,0.668457,7.125,-1.625,0.6875,0.703861,-0.184563,-2.41457
12506,5,8,9,-1,0,-2,0,0,0.182617,0.592285,0.668457,7.125,-1.625,0.6875,0.703861,-0.184563,-2.41457
12507,0,-9,11,4,2,-3,-3,1,0.190918,0.61084,0.664551,5.625,0.6875,2.625,0.706584,-0.185398,-2.41391
12507,-4,-7,5,-1,-2,-2,-1,-1,0.190918,0.61084,0.664551,5.625,0.6875,2.625,0.706584,-0.185398,-2.41391
12518,8,19,15,0,-2,-1,1,-1,0.190918,0.61084,0.664551,5.625,0.6875,2.625,0.706584,-0.185398,-2.41391
12518,0,-42,-39,-2,-1,-2,0,1,0.190918,0.61084,0.664551,5.625,0.6875,2.625,0.706584,-0.185398,-2.41391
12528,-1,18,-3,-2,0,0,1,0,0.164551,0.605957,0.675781,-2.1875,0.5,5.25,0.706028,-0.186332,-2.41234
12528,-1,-17,0,0,1,-1,-2,-1,0.164551,0.605957,0.675781,-2.1875,0.5,5.25,0.706028,-0.186332,-2.41234
12550,-4,-14,-19,-4,-1,0,-2,-4,0.164551,0.605957,0.675781,-2.1875,0.5,5.25,0.706028,-0.186332,-2.41234
12550,0,28,44,8,3,2,0,1,0.164551,0.605957,0.675781,-2.1875,0.5,5.25,0.706028,-0.186332,-2.41234
12551,2,12,-7,-4,-5,-1,0,0,0.183594,0.57666,0.697266,-2.1875,1.4375,2.25,0.704789,-0.186749,-2.4114
12551,-6,-19,-22,-7,-1,-3,0,-2,0.183594,0.57666,0.697266,-2.1875,1.4375,2.25,0.704789,-0.186749,-2.4114
12565,-1,-9,-39,0,-3,0,0,-2,0.183594,0.57666,0.697266,-2.1875,1.4375,2.25,0.704789,-0.186749,-2.4114
12565,-3,-16,-19,-5,-5,0,0,-1,0.183594,0.57666,0.697266,-2.1875,1.4375,2.25,0.704789,-0.186749,-2.4114
12566,-3,-24,30,19,3,1,1,-1,0.180664,0.581055,0.680176,2.0625,3.6875,0.3125,0.705354,-0.18611,-2.41049
12566,-4,-3,-7,-2,4,0,1,-1,0.180664,0.581055,0.680176,2.0625,3.6875,0.3125,0.705354,-0.18611,-2.41049
12579,1,-7,-21,-14,-7,-7,-6,-3,0.180664,0.581055,0.680176,2.0625,3.6875,0.3125,0.705354,-0.18611,-2.41049
12579,-2,0,-16,3,1,-1,-1,-1,0.180664,0.581055,0.680176,2.0625,3.6875,0.3125,0.705354,-0.18611,-2.41049
12588,0,-3,9,-4,-2,-1,-1,0,0.160156,0.584961,0.666016,2.875,5.1875,1.625,0.706398,-0.184962,-2.4089
12588,-1,25,31,14,3,1,0,0,0.160156,0.584961,0.666016,2.875,5.1875,1.625,0.706398,-0.184962,-2.4089
12602,5,32,63,4,4,2,5,5,0.160156,0.584961,0.666016,2.875,5.1875,1.625,0.706398,-0.184962,-2.4089
12602,-16,-66,-103,-15,-6,-3,-4,-5,0.160156,0.584961,0.666016,2.875,5.1875,1.625,0.706398,-0.184962,-2.4089
12604,-2,20,42,-6,-2,-2,-1,-1,0.143066,0.583496,0.682617,-2.0625,2.9375,2.4375,0.705477,-0.184156,-2.40754
12604,6,-10,-4,0,-2,-1,1,0,0.143066,0.583496,0.682617,-2.0625,2.9375,2.4375,0.705477,-0.184156,-2.40754
12625,-7,-26,-12,-2,-5,-1,-2,0,0.143066,0.583496,0.682617,-2.0625,2.9375,2.4375,0.705477,-0.184156,-2.40754
12625,7,29,27,6,3,3,1,3,0.143066,0.583496,0.682617,-2.0625,2.9375,2.4375,0.705477,-0.184156,-2.40754
12627,3,22,29,5,5,1,2,3,0.176758,0.562012,0.679199,-0.25,2.0625,-0.125,0.70502,-0.183892,-2.40702
12627,1,10,-26,-3,-2,-3,-2,-2,0.176758,0.562012,0.679199,-0.25,2.0625,-0.125,0.70502,-0.183892,-2.40702
12648,-1,-13,-39,-5,-4,-2,-1,-2,0.176758,0.562012,0.679199,-0.25,2.0625,-0.125,0.70502,-0.183892,-2.40702
12648,0,30,41,-2,-2,-2,-1,-2,0.176758,0.562012,0.679199,-0.25,2.0625,-0.125,0.70502,-0.183892,-2.40702
12649,-1,-6,-18,2,-1,0,-1,-4,0.183594,0.569824,0.677246,5.875,4.1875,-0.1875,0.706727,-0.183213,-2.40598
12649,-1,-20,-34,1,0,1,-3,1,0.183594,0.569824,0.677246,5.875,4.1875,-0.1875,0.706727,-0.183213,-2.40598
12662,-3,-14,-22,-2,0,1,-2,0,0.183594,0.569824,0.677246,5.875,4.1875,-0.1875,0.706727,-0.183213,-2.40598
12662,1,1,2,-3,-3,-2,-3,1,0.183594,0.569824,0.677246,5.875,4.1875,-0.1875,0.706727,-0.183213,-2.40598
12664,4,22,74,12,3,1,0,3,0.158203,0.588867,0.661133,5.6875,3.3125,0.3125,0.708964,-0.18222,-2.40525
12664,-11,15,23,-9,1,-1,-2,-5,0.158203,0.588867,0.661133,5.6875,3.3125,0.3125,0.708964,-0.18222,-2.40525
12685,-8,-18,-39,-12,-5,-4,-2,-3,0.158203,0.588867,0.661133,5.6875,3.3125,0.3125,0.708964,-0.18222,-2.40525
12685,5,32,24,5,2,0,2,3,0.158203,0.588867,0.661133,5.6875,3.3125,0.3125,0.708964,-0.18222,-2.40525
12687,-5,-12,-3,-3,-5,-1,-2,-2,0.131836,0.599609,0.644531,4.25,2.5625,1.5625,0.711207,-0.181274,-2.40443
12687,5,-2,-16,2,-2,1,1,1,0.131836,0.599609,0.644531,4.25,2.5625,1.5625,0.711207,-0.181274,-2.40443
12707,1,43,56,10,5,0,0,-1,0.131836,0.599609,0.644531,4.25,2.5625,1.5625,0.711207,-0.181274,-2.40443
12707,3,21,-47,-2,3,2,1,0,0.131836,0.599609,0.644531,4.25,2.5625,1.5625,0.711207,-0.181274,-2.40443
12709,-4,-31,-67,-14,-5,-3,-1,-3,0.12793,0.589355,0.635254,-4.1875,-3,3.6875,0.710476,-0.182167,-2.40421
12709,-3,5,19,2,-1,-1,-1,0,0.12793,0.589355,0.635254,-4.1875,-3,3.6875,0.710476,-0.182167,-2.40421
12723,7,43,51,8,0,2,2,3,0.12793,0.589355,0.635254,-4.1875,-3,3.6875,0.710476,-0.182167,-2.40421
12723,4,-18,26,9,7,-1,-2,0,0.12793,0.589355,0.635254,-4.1875,-3,3.6875,0.710476,-0.182167,-2.40421
12724,0,-2,-54,-13,-2,-2,-1,-1,0.189453,0.571777,0.644531,-4,-6.625,1.3125,0.709589,-0.184888,-2.40549
12724,-4,-25,-39,-5,-5,-4,-3,-6,0.189453,0.571777,0.644531,-4,-6.625,1.3125,0.709589,-0.184888,-2.40549
12745,6,27,57,11,2,0,1,1,0.189453,0.571777,0.644531,-4,-6.625,1.3125,0.709589,-0.184888,-2.40549
12745,-4,5,-13,-9,-1,2,2,1,0.189453,0.571777,0.644531,-4,-6.625,1.3125,0.709589,-0.184888,-2.40549
12746,-3,-24,14,2,-4,-3,-3,-4,0.184082,0.55127,0.652344,-2,-7.3125,3.3125,0.709002,-0.188091,-2.40625
12746,5,30,43,3,-1,-1,0,1,0.184082,0.55127,0.652344,-2,-7.3125,3.3125,0.709002,-0.188091,-2.40625
12767,-5,-34,-51,-8,-2,-1,-1,-1,0.184082,0.55127,0.652344,-2,-7.3125,3.3125,0.709002,-0.188091,-2.40625
12767,4,8,29,9,4,0,-1,0,0.184082,0.55127,0.652344,-2,-7.3125,3.3125,0.709002,-0.188091,-2.40625
12769,0,6,-43,-13,-3,-1,0,-1,0.173828,0.579102,0.655273,-0.25,-8.5,1.4375,0.709487,-0.190794,-2.40786
12769,-6,-3,27,-3,-6,1,-1,-2,0.173828,0.579102,0.655273,-0.25,-8.5,1.4375,0.709487,-0.190794,-2.40786
12783,-3,-37,-31,-3,-4,-3,-4,-2,0.173828,0.579102,0.655273,-0.25,-8.5,1.4375,0.709487,-0.190794,-2.40786
12783,-2,-15,-3,3,-5,-2,-2,-1,0.173828,0.579102,0.655273,-0.25,-8.5,1.4375,0.709487,-0.190794,-2.40786
12789,1,0,-27,-11,0,2,-1,-2,0.184082,0.568359,0.685547,2.9375,-7.6875,1.125,0.710355,-0.193361,-2.40923
12789,5,47,96,10,4,2,1,2,0.184082,0.568359,0.685547,2.9375,-7.6875,1.125,0.710355,-0.193361,-2.40923
12805,-6,-48,-114,-19,-6,-1,-3,-5,0.184082,0.568359,0.685547,2.9375,-7.6875,1.125,0.710355,-0.193361,-2.40923
12805,-9,-43,39,1,1,1,1,-1,0.184082,0.568359,0.685547,2.9375,-7.6875,1.125,0.710355,-0.193361,-2.40923
12807,-2,-19,-15,0,-2,-1,1,1,0.170898,0.600098,0.686035,-0.1875,-6.625,1.9375,0.710633,-0.195306,-2.41019
12807,-1,17,-7,1,-2,1,0,0,0.170898,0.600098,0.686035,-0.1875,-6.625,1.9375,0.710633,-0.195306,-2.41019
12827,0,0,3,-1,-2,0,0,1,0.170898,0.600098,0.686035,-0.1875,-6.625,1.9375,0.710633,-0.195306,-2.41019
12827,-1,21,24,3,-4,-3,-3,-1,0.170898,0.600098,0.686035,-0.1875,-6.625,1.9375,0.710633,-0.195306,-2.41019
12829,1,19,47,17,6,1,0,2,0.178223,0.588379,0.665039,-4.625,-6.5625,2.25,0.709525,-0.197514,-2.41111
12829,-3,-23,-116,-26,3,-2,1,1,0.178223,0.588379,0.665039,-4.625,-6.5625,2.25,0.709525,-0.197514,-2.41111
12842,-3,-21,11,2,0,-3,1,-2,0.178223,0.588379,0.665039,-4.625,-6.5625,2.25,0.709525,-0.197514,-2.41111
12842,-3,-3,-19,-7,-6,-5,-4,-3,0.178223,0.588379,0.665039,-4.625,-6.5625,2.25,0.709525,-0.197514,-2.41111
12856,2,-3,12,7,-1,0,0,1,0.182617,0.581055,0.675781,-5.75,-4.875,2.9375,0.707635,-0.199624,-2.41147
12856,1,25,29,4,0,1,-2,-2,0.182617,0.581055,0.675781,-5.75,-4.875,2.9375,0.707635,-0.199624,-2.41147
12864,-1,-23,-55,-5,2,0,-1,-1,0.182617,0.581055,0.675781,-5.75,-4.875,2.9375,0.707635,-0.199624,-2.41147
12864,1,11,-15,-3,-4,-1,1,-1,0.182617,0.581055,0.675781,-5.75,-4.875,2.9375,0.707635,-0.199624,-2.41147
12866,-5,-2,29,0,-2,-2,-2,-4,0.178223,0.570312,0.678711,-4.25,-2.9375,1.3125,0.706138,-0.200678,-2.41181
12866,2,14,7,2,-3,-2,1,2,0.178223,0.570312,0.678711,-4.25,-2.9375,1.3125,0.706138,-0.200678,-2.41181
12888,-3,-30,-19,-2,-1,-2,-2,0,0.178223,0.570312,0.678711,-4.25,-2.9375,1.3125,0.706138,-0.200678,-2.41181
12888,0,-6,-40,-6,0,1,0,0,0.178223,0.570312,0.678711,-4.25,-2.9375,1.3125,0.706138,-0.200678,-2.41181
12889,-1,2,3,0,-2,-4,-3,0,0.186035,0.574219,0.685547,1.3125,-1.75,-1.625,0.706488,-0.20076,-2.41263
12889,-5,-9,-11,1,-3,-1,-2,0,0.186035,0.574219,0.685547,1.3125,-1.75,-1.625,0.706488,-0.20076,-2.41263
12902,3,23,35,5,1,6,0,1,0.186035,0.574219,0.685547,1.3125,-1.75,-1.625,0.706488,-0.20076,-2.41263
12902,-3,-10,-10,0,2,-6,-3,-3,0.186035,0.574219,0.685547,1.3125,-1.75,-1.625,0.706488,-0.20076,-2.41263
12909,-4,-16,-5,-1,-1,1,-1,-1,0.196289,0.57666,0.666504,2,-1.0625,-3.5625,0.707643,-0.200613,-2.41387
12909,0,-11,-2,0,-1,-2,-1,1,0.196289,0.57666,0.666504,2,-1.0625,-3.5625,0.707643,-0.200613,-2.41387
12925,2,2,3,-1,0,-3,0,2,0.196289,0.57666,0.666504,2,-1.0625,-3.5625,0.707643,-0.200613,-2.41387
12925,-2,41,-12,-9,-1,-1,-2,-1,0.196289,0.57666,0.666504,2,-1.0625,-3.5625,0.707643,-0.200613,-2.41387
12927,-6,-61,-56,-3,0,-1,-1,-1,0.19043,0.592773,0.69043,0.75,1.0625,-2.9375,0.707997,-0.199853,-2.41435
12927,-2,-11,27,6,-1,0,-3,-1,0.19043,0.592773,0.69043,0.75,1.0625,-2.9375,0.707997,-0.199853,-2.41435
12948,-1,11,19,5,4,1,-2,-1,0.19043,0.592773,0.69043,0.75,1.0625,-2.9375,0.707997,-0.199853,-2.41435
12948,2,0,-14,-11,-6,-3,0,1,0.19043,0.592773,0.69043,0.75,1.0625,-2.9375,0.707997,-0.199853,-2.41435
12949,3,31,23,2,2,-1,0,2,0.183594,0.580566,0.678711,2,1.8125,-2.9375,0.708792,-0.198799,-2.41473
12949,-3,-11,-54,-3,1,0,-2,-2,0.183594,0.580566,0.678711,2,1.8125,-2.9375,0.708792,-0.198799,-2.41473
12962,-4,-18,10,0,-1,-1,1,-3,0.183594,0.580566,0.678711,2,1.8125,-2.9375,0.708792,-0.198799,-2.41473
12962,1,7,27,7,2,2,1,1,0.183594,0.580566,0.678711,2,1.8125,-2.9375,0.708792,-0.198799,-2.41473
12969,-1,5,59,4,-2,-3,-2,-2,0.190918,0.569824,0.669922,0.0625,2.125,-2.0625,0.708776,-0.198076,-2.41483
12969,-2,-8,-97,-13,-2,0,1,0,0.190918,0.569824,0.669922,0.0625,2.125,-2.0625,0.708776,-0.198076,-2.41483
12985,2,18,36,5,1,-2,0,-1,0.190918,0.569824,0.669922,0.0625,2.125,-2.0625,0.708776,-0.198076,-2.41483
12985,0,-10,-30,-6,-1,0,-2,-2,0.190918,0.569824,0.669922,0.0625,2.125,-2.0625,0.708776,-0.198076,-2.41483
12986,-2,-1,-13,-5,-4,0,-3,-1,0.1875,0.590332,0.683105,-0.5,3.9375,-2.125,0.708518,-0.196774,-2.41433
12986,5,18,22,8,0,-2,0,-1,0.1875,0.590332,0.683105,-0.5,3.9375,-2.125,0.708518,-0.196774,-2.41433
13007,-4,6,3,-3,-6,-3,-1,-2,0.1875,0.590332,0.683105,-0.5,3.9375,-2.125,0.708518,-0.196774,-2.41433
13007,-3,-16,-13,4,5,0,0,-2,0.1875,0.590332,0.683105,-0.5,3.9375,-2.125,0.708518,-0.196774,-2.41433
13009,3,12,-1,-2,-1,-3,1,0,0.163574,0.593262,0.662109,1.4375,3.5625,-1,0.709503,-0.195264,-2.41397
13009,1,-2,41,3,-1,-1,-1,-1,0.163574,0.593262,0.662109,1.4375,3.5625,-1,0.709503,-0.195264,-2.41397
13022,-1,40,-4,-3,-1,0,-1,1,0.163574,0.593262,0.662109,1.4375,3.5625,-1,0.709503,-0.195264,-2.41397
13022,1,0,28,2,-1,2,0,1,0.163574,0.593262,0.662109,1.4375,3.5625,-1,0.709503,-0.195264,-2.41397
13035,-4,-14,-34,-6,-4,-2,-2,-4,0.17041,0.578125,0.663574,-0.25,2.4375,-1.9375,0.70947,-0.194174,-2.41392
13035,-1,-19,14,3,0,0,-1,-1,0.17041,0.578125,0.663574,-0.25,2.4375,-1.9375,0.70947,-0.194174,-2.41392
13044,2,6,6,0,-2,-1,0,-1,0.17041,0.578125,0.663574,-0.25,2.4375,-1.9375,0.70947,-0.194174,-2.41392
13044,3,36,74,4,-1,-1,-3,-1,0.17041,0.578125,0.663574,-0.25,2.4375,-1.9375,0.70947,-0.194174,-2.41392
13046,-2,-25,-12,4,4,1,-1,0,0.186035,0.570312,0.67334,2.0625,2.8125,-3.25,0.710135,-0.192973,-2.4141
13046,-5,-55,-57,-8,-6,-4,-2,-5,0.186035,0.570312,0.67334,2.0625,2.8125,-3.25,0.710135,-0.192973,-2.4141
13067,-6,-12,10,-5,-1,-2,-3,-3,0.186035,0.570312,0.67334,2.0625,2.8125,-3.25,0.710135,-0.192973,-2.4141
13067,-1,-5,-4,1,-2,-4,-2,-1,0.186035,0.570312,0.67334,2.0625,2.8125,-3.25,0.710135,-0.192973,-2.4141
13069,-1,7,47,2,0,1,-2,0,0.186035,0.57666,0.666016,5.375,2.5,-1.125,0.711904,-0.192469,-2.41375
13069,1,39,0,2,1,0,-1,0,0.186035,0.57666,0.666016,5.375,2.5,-1.125,0.711904,-0.192469,-2.41375
13082,-5,-30,-18,-5,-1,-2,-1,1,0.186035,0.57666,0.666016,5.375,2.5,-1.125,0.711904,-0.192469,-2.41375
13082,-4,-39,-6,-5,-7,-3,-2,-2,0.186035,0.57666,0.666016,5.375,2.5,-1.125,0.711904,-0.192469,-2.41375
13088,5,23,6,2,1,1,1,0,0.165527,0.583496,0.668945,-0.6875,1.6875,-1,0.711757,-0.191599,-2.41366
13088,-2,17,43,1,0,-1,1,0,0.165527,0.583496,0.668945,-0.6875,1.6875,-1,0.711757,-0.191599,-2.41366
13105,-2,-17,-77,-10,-4,0,1,-3,0.165527,0.583496,0.668945,-0.6875,1.6875,-1,0.711757,-0.191599,-2.41366
13105,-5,-3,11,1,-3,1,0,-3,0.165527,0.583496,0.668945,-0.6875,1.6875,-1,0.711757,-0.191599,-2.41366
13107,0,2,23,0,-1,-1,0,-2,0.17041,0.570312,0.669434,-0.125,1,-0.875,0.711668,-0.191177,-2.41367
13107,6,21,-25,7,3,1,0,4,0.17041,0.570312,0.669434,-0.125,1,-0.875,0.711668,-0.191177,-2.41367
13127,-3,11,33,2,-1,-1,-2,-1,0.17041,0.570312,0.669434,-0.125,1,-0.875,0.711668,-0.191177,-2.41367
13127,-3,-35,-75,-9,-2,-1,-2,-2,0.17041,0.570312,0.669434,-0.125,1,-0.875,0.711668,-0.191177,-2.41367
13135,-8,-54,2,0,-2,-1,0,0,0.177246,0.582031,0.66748,-0.25,0.9375,-1.0625,0.711644,-0.190723,-2.41367
13135,1,8,9,-4,-1,-1,-1,0,0.177246,0.582031,0.66748,-0.25,0.9375,-1.0625,0.711644,-0.190723,-2.41367
13140,5,24,29,5,-1,-1,-2,1,0.177246,0.582031,0.66748,-0.25,0.9375,-1.0625,0.711644,-0.190723,-2.41367
13140,1,16,-3,-1,-3,-2,-1,-1,0.177246,0.582031,0.66748,-0.25,0.9375,-1.0625,0.711644,-0.190723,-2.41367
13150,-5,18,-21,-13,-3,-2,-3,-3,0.166992,0.587891,0.654785,-0.5625,-0.5625,-0.375,0.711783,-0.190768,-2.41373
13150,-5,-25,30,5,2,1,-1,-2,0.166992,0.587891,0.654785,-0.5625,-0.5625,-0.375,0.711783,-0.190768,-2.41373
13173,1,-11,-18,0,-2,-3,-2,0,0.166992,0.587891,0.654785,-0.5625,-0.5625,-0.375,0.711783,-0.190768,-2.41373
13173,4,35,47,5,-3,-1,-1,0,0.166992,0.587891,0.654785,-0.5625,-0.5625,-0.375,0.711783,-0.190768,-2.41373
13174,0,6,-61,-5,-3,-2,0,-1,0.167969,0.573242,0.671387,-0.25,-1.0625,-0.3125,0.711731,-0.190933,-2.41398
13174,-3,1,27,-8,-2,-1,-1,-2,0.167969,0.573242,0.671387,-0.25,-1.0625,-0.3125,0.711731,-0.190933,-2.41398
13195,-3,-9,-13,-4,-2,1,0,-2,0.167969,0.573242,0.671387,-0.25,-1.0625,-0.3125,0.711731,-0.190933,-2.41398
13195,-1,-9,-27,-1,2,0,0,0,0.167969,0.573242,0.671387,-0.25,-1.0625,-0.3125,0.711731,-0.190933,-2.41398
13197,8,45,33,11,2,-2,0,2,0.158203,0.569824,0.675293,0.1875,-1.375,-0.125,0.711537,-0.191008,-2.41426
13197,-9,-56,-32,-7,-3,-2,-2,-2,0.158203,0.569824,0.675293,0.1875,-1.375,-0.125,0.711537,-0.191008,-2.41426
13201,4,32,33,5,0,-2,-1,3,0.158203,0.569824,0.675293,0.1875,-1.375,-0.125,0.711537,-0.191008,-2.41426
13201,-13,-88,-73,-14,-4,-5,-2,-3,0.158203,0.569824,0.675293,0.1875,-1.375,-0.125,0.711537,-0.191008,-2.41426
13216,-1,-1,-3,-4,-2,-1,-3,-3,0.173828,0.578613,0.665039,-1.125,-2.0625,0.625,0.711388,-0.191758,-2.41463
13216,6,58,34,5,1,-1,1,1,0.173828,0.578613,0.665039,-1.125,-2.0625,0.625,0.711388,-0.191758,-2.41463
13225,-5,-15,31,2,0,-2,-1,-5,0.173828,0.578613,0.665039,-1.125,-2.0625,0.625,0.711388,-0.191758,-2.41463
13225,-5,6,2,-6,-4,-3,-2,-2,0.173828,0.578613,0.665039,-1.125,-2.0625,0.625,0.711388,-0.191758,-2.41463
13226,0,-3,-10,4,1,-1,1,1,0.166992,0.581055,0.685547,-2.125,-1.5,3,0.710432,-0.192546,-2.4141
13226,-2,-12,-12,-5,-2,0,0,0,0.166992,0.581055,0.685547,-2.125,-1.5,3,0.710432,-0.192546,-2.4141
13247,2,38,30,8,2,2,0,1,0.166992,0.581055,0.685547,-2.125,-1.5,3,0.710432,-0.192546,-2.4141
13247,4,27,43,-3,0,1,-2,-2,0.166992,0.581055,0.685547,-2.125,-1.5,3,0.710432,-0.192546,-2.4141
13253,-12,-36,-53,-6,-4,-4,-5,-5,0.165527,0.573242,0.67041,-1.25,-1.375,3.8125,0.709792,-0.193675,-2.4134
13253,1,26,10,4,0,0,-1,-1,0.165527,0.573242,0.67041,-1.25,-1.375,3.8125,0.709792,-0.193675,-2.4134
13261,-1,-10,6,-3,-1,1,-1,-1,0.165527,0.573242,0.67041,-1.25,-1.375,3.8125,0.709792,-0.193675,-2.4134
13261,4,39,6,1,3,2,3,2,0.165527,0.573242,0.67041,-1.25,-1.375,3.8125,0.709792,-0.193675,-2.4134
13270,1,-7,-21,-5,-2,-2,-2,0,0.175293,0.580078,0.670898,-1.0625,-0.6875,2.375,0.709402,-0.194396,-2.41289
13270,0,-8,25,2,-2,0,-1,-1,0.175293,0.580078,0.670898,-1.0625,-0.6875,2.375,0.709402,-0.194396,-2.41289
13285,-1,0,-12,-7,-6,-5,-4,-2,0.175293,0.580078,0.670898,-1.0625,-0.6875,2.375,0.709402,-0.194396,-2.41289
13285,8,2,4,11,5,4,3,5,0.175293,0.580078,0.670898,-1.0625,-0.6875,2.375,0.709402,-0.194396,-2.41289
13286,-9,24,48,-9,-5,-3,-4,-5,0.181152,0.592773,0.683105,1.1875,-0.1875,1.5625,0.70983,-0.194875,-2.4125
13286,-1,-7,-29,-3,1,1,1,0,0.181152,0.592773,0.683105,1.1875,-0.1875,1.5625,0.70983,-0.194875,-2.4125
13315,3,24,15,2,0,-2,-1,-3,0.181152,0.592773,0.683105,1.1875,-0.1875,1.5625,0.70983,-0.194875,-2.4125
13315,-3,-10,-28,0,1,0,-2,-3,0.181152,0.592773,0.683105,1.1875,-0.1875,1.5625,0.70983,-0.194875,-2.4125
13316,-1,-15,4,1,0,2,2,3,0.169922,0.585449,0.672363,1.625,0,2,0.710445,-0.195191,-2.41199
13316,-5,-27,-12,-5,-6,-4,-3,-2,0.169922,0.585449,0.672363,1.625,0,2,0.710445,-0.195191,-2.41199
13321,1,6,-4,1,-2,0,0,2,0.169922,0.585449,0.672363,1.625,0,2,0.710445,-0.195191,-2.41199
13321,0,30,44,-3,2,1,2,0,0.169922,0.585449,0.672363,1.625,0,2,0.710445,-0.195191,-2.41199
13337,6,-1,-35,-3,-2,0,1,0,0.171875,0.568848,0.668945,0.625,-0.6875,1.9375,0.710454,-0.195681,-2.4115
13337,-6,23,40,4,-2,-4,-4,-2,0.171875,0.568848,0.668945,0.625,-0.6875,1.9375,0.710454,-0.195681,-2.4115
13345,-1,-51,-33,-9,1,1,2,1,0.171875,0.568848,0.668945,0.625,-0.6875,1.9375,0.710454,-0.195681,-2.4115
13345,2,16,39,3,-4,-4,-2,-1,0.171875,0.568848,0.668945,0.625,-0.6875,1.9375,0.710454,-0.195681,-2.4115
13346,-3,9,2,0,2,1,1,-2,0.19043,0.581055,0.678223,2.6875,0.4375,0.6875,0.711299,-0.196107,-2.41129
13346,6,-3,13,4,-2,-1,2,2,0.19043,0.581055,0.678223,2.6875,0.4375,0.6875,0.711299,-0.196107,-2.41129
13368,-3,0,7,3,2,1,0,0,0.19043,0.581055,0.678223,2.6875,0.4375,0.6875,0.711299,-0.196107,-2.41129
13368,6,9,-14,-2,-2,-2,-1,1,0.19043,0.581055,0.678223,2.6875,0.4375,0.6875,0.711299,-0.196107,-2.41129
13369,0,-16,53,5,0,0,-1,-2,0.178711,0.597656,0.665527,1.125,0.625,0.8125,0.712021,-0.196116,-2.41099
13369,-5,13,-16,-6,-3,-3,-4,-4,0.178711,0.597656,0.665527,1.125,0.625,0.8125,0.712021,-0.196116,-2.41099
13381,-7,-44,8,-1,-1,-3,-1,-3,0.178711,0.597656,0.665527,1.125,0.625,0.8125,0.712021,-0.196116,-2.41099
13381,-3,-38,-84,1,0,1,0,-3,0.178711,0.597656,0.665527,1.125,0.625,0.8125,0.712021,-0.196116,-2.41099
13390,-4,-25,-28,-1,1,-2,-1,-3,0.167969,0.587402,0.661621,0.5,0.1875,-0.3125,0.712062,-0.196009,-2.41095
13390,4,21,1,2,-1,0,0,1,0.167969,0.587402,0.661621,0.5,0.1875,-0.3125,0.712062,-0.196009,-2.41095
13405,-1,-7,9,-3,-1,-2,-2,-3,0.167969,0.587402,0.661621,0.5,0.1875,-0.3125,0.712062,-0.196009,-2.41095
13405,-5,-10,26,0,-2,0,1,0,0.167969,0.587402,0.661621,0.5,0.1875,-0.3125,0.712062,-0.196009,-2.41095
13407,2,13,13,3,3,1,2,1,0.171387,0.581543,0.66748,0.3125,-0.1875,0.375,0.712201,-0.196055,-2.41101
13407,-4,-27,-40,-5,0,1,-4,-5,0.171387,0.581543,0.66748,0.3125,-0.1875,0.375,0.712201,-0.196055,-2.41101
13428,-2,13,-22,-3,-2,-2,-3,-3,0.171387,0.581543,0.66748,0.3125,-0.1875,0.375,0.712201,-0.196055,-2.41101
13428,1,-2,21,4,2,-3,0,0,0.171387,0.581543,0.66748,0.3125,-0.1875,0.375,0.712201,-0.196055,-2.41101
13429,7,30,84,5,1,1,0,3,0.165527,0.577637,0.663086,-0.25,-0.6875,0.5,0.712201,-0.196055,-2.41101
13429,-9,-24,-76,-20,-3,-1,-2,-4,0.165527,0.577637,0.663086,-0.25,-0.6875,0.5,0.712201,-0.196055,-2.41101
13441,0,-13,24,-2,-2,-2,-2,1,0.165527,0.577637,0.663086,-0.25,-0.6875,0.5,0.712201,-0.196055,-2.41101
13441,-4,-6,14,2,-3,-1,-3,-1,0.165527,0.577637,0.663086,-0.25,-0.6875,0.5,0.712201,-0.196055,-2.41101
13450,0,11,21,0,-4,-3,-2,1,0.183594,0.57373,0.658203,0.4375,-0.625,0.375,0.712201,-0.196055,-2.41101
13450,6,47,13,6,2,0,1,1,0.183594,0.57373,0.658203,0.4375,-0.625,0.375,0.712201,-0.196055,-2.41101
13465,-3,15,-17,-5,-3,-3,-2,-4,0.183594,0.57373,0.658203,0.4375,-0.625,0.375,0.712201,-0.196055,-2.41101
13465,-6,-11,-31,-9,-5,-3,-4,-5,0.183594,0.57373,0.658203,0.4375,-0.625,0.375,0.712201,-0.196055,-2.41101
13467,-1,10,-6,-1,0,-2,0,1,0.178711,0.567383,0.671875,1.125,-1.1875,1.1875,0.712395,-0.196717,-2.41093
13467,3,13,6,7,1,-2,-1,-1,0.178711,0.567383,0.671875,1.125,-1.1875,1.1875,0.712395,-0.196717,-2.41093
13495,-2,-11,-42,-6,-2,0,1,1,0.178711,0.567383,0.671875,1.125,-1.1875,1.1875,0.712395,-0.196717,-2.41093
13495,-4,-6,31,-1,-1,0,-1,0,0.178711,0.567383,0.671875,1.125,-1.1875,1.1875,0.712395,-0.196717,-2.41093
13497,3,14,-30,1,2,-1,-1,-2,0.178711,0.577148,0.663086,1.1875,-1.6875,1.3125,0.712794,-0.197582,-2.41089
13497,-1,-35,27,-2,-1,-1,0,0,0.178711,0.577148,0.663086,1.1875,-1.6875,1.3125,0.712794,-0.197582,-2.41089
13501,-3,6,-6,-1,-3,-2,-2,-1,0.178711,0.577148,0.663086,1.1875,-1.6875,1.3125,0.712794,-0.197582,-2.41089
13501,-8,-22,-52,-1,0,-2,-1,-2,0.178711,0.577148,0.663086,1.1875,-1.6875,1.3125,0.712794,-0.197582,-2.41089
13510,-1,-13,-28,-12,-9,0,-3,-1,0.17627,0.583008,0.666504,0,-1.8125,1.5,0.712948,-0.198351,-2.41085
13510,-6,-33,-22,1,-1,-1,0,-1,0.17627,0.583008,0.666504,0,-1.8125,1.5,0.712948,-0.198351,-2.41085
13525,5,17,10,18,5,1,1,2,0.17627,0.583008,0.666504,0,-1.8125,1.5,0.712948,-0.198351,-2.41085
13525,2,20,57,-1,3,1,0,0,0.17627,0.583008,0.666504,0,-1.8125,1.5,0.712948,-0.198351,-2.41085
13526,-2,-10,-66,2,0,-3,-1,-4,0.179688,0.591309,0.661621,-0.625,-2.25,0.9375,0.713086,-0.199089,-2.41118
13526,4,11,32,0,1,-2,0,1,0.179688,0.591309,0.661621,-0.625,-2.25,0.9375,0.713086,-0.199089,-2.41118
13547,-3,-39,2,-6,-5,-2,-1,0,0.179688,0.591309,0.661621,-0.625,-2.25,0.9375,0.713086,-0.199089,-2.41118
13547,9,18,-14,6,-1,-3,-3,-1,0.179688,0.591309,0.661621,-0.625,-2.25,0.9375,0.713086,-0.199089,-2.41118
13548,-9,16,22,-8,2,1,-1,0,0.186523,0.577148,0.666016,-1.9375,-2.75,1.0625,0.712536,-0.200216,-2.4116
13548,-4,-25,1,-3,-3,-3,-4,-1,0.186523,0.577148,0.666016,-1.9375,-2.75,1.0625,0.712536,-0.200216,-2.4116
13570,3,34,1,1,2,0,0,0,0.186523,0.577148,0.666016,-1.9375,-2.75,1.0625,0.712536,-0.200216,-2.4116
13570,-1,-5,-14,-4,-3,-3,0,-2,0.186523,0.577148,0.666016,-1.9375,-2.75,1.0625,0.712536,-0.200216,-2.4116
13571,5,42,38,1,-3,0,0,1,0.185547,0.575195,0.671875,-0.25,-2.125,1.5,0.712468,-0.201301,-2.41163
13571,-1,-9,1,4,2,2,-2,0,0.185547,0.575195,0.671875,-0.25,-2.125,1.5,0.712468,-0.201301,-2.41163
13593,1,3,9,-3,-1,0,-2,-1,0.185547,0.575195,0.671875,-0.25,-2.125,1.5,0.712468,-0.201301,-2.41163
13593,2,28,18,5,0,2,-1,2,0.185547,0.575195,0.671875,-0.25,-2.125,1.5,0.712468,-0.201301,-2.41163
13594,-2,3,-17,-4,-2,-4,-2,-2,0.186523,0.578125,0.671875,-0.125,-1.4375,1.4375,0.712304,-0.202086,-2.41151
13594,-9,2,-2,-5,0,1,0,-3,0.186523,0.578125,0.671875,-0.125,-1.4375,1.4375,0.712304,-0.202086,-2.41151
13615,6,-15,-35,-7,-5,0,-2,-2,0.186523,0.578125,0.671875,-0.125,-1.4375,1.4375,0.712304,-0.202086,-2.41151
13615,-1,1,64,3,2,2,1,1,0.186523,0.578125,0.671875,-0.125,-1.4375,1.4375,0.712304,-0.202086,-2.41151
13617,-2,-35,-46,1,-3,1,0,0,0.181641,0.580566,0.669922,0.25,-1.6875,2.25,0.712427,-0.203052,-2.41134
13617,3,-12,-29,1,-1,-1,-1,-1,0.181641,0.580566,0.669922,0.25,-1.6875,2.25,0.712427,-0.203052,-2.41134
13638,-2,19,32,0,0,-2,-1,0,0.181641,0.580566,0.669922,0.25,-1.6875,2.25,0.712427,-0.203052,-2.41134
13638,-2,-1,-50,-6,-2,-1,-1,-3,0.181641,0.580566,0.669922,0.25,-1.6875,2.25,0.712427,-0.203052,-2.41134
13639,0,-14,9,2,-2,-2,-3,-4,0.173828,0.590332,0.667969,-0.625,-1.5,1.5,0.712514,-0.20362,-2.4114
13639,1,4,12,-3,-4,0,-1,0,0.173828,0.590332,0.667969,-0.625,-1.5,1.5,0.712514,-0.20362,-2.4114
13645,-1,-4,33,2,-1,1,-1,1,0.173828,0.590332,0.667969,-0.625,-1.5,1.5,0.712514,-0.20362,-2.4114
13645,-5,-10,-83,-6,-4,-3,-3,-2,0.173828,0.590332,0.667969,-0.625,-1.5,1.5,0.712514,-0.20362,-2.4114
13646,-3,-23,-17,-5,0,-2,-1,-1,0.186035,0.579102,0.669922,0.3125,-1.375,0.8125,0.712601,-0.204188,-2.41146
13646,-3,-26,-2,0,1,-3,-1,-1,0.186035,0.579102,0.669922,0.3125,-1.375,0.8125,0.712601,-0.204188,-2.41146
13667,-3,-1,9,2,-2,1,0,-2,0.186035,0.579102,0.669922,0.3125,-1.375,0.8125,0.712601,-0.204188,-2.41146
13667,2,17,10,-3,1,0,0,2,0.186035,0.579102,0.669922,0.3125,-1.375,0.8125,0.712601,-0.204188,-2.41146
13669,5,5,8,4,0,2,-2,0,0.199219,0.571777,0.663086,0.125,-0.9375,0.5625,0.712527,-0.204299,-2.41138
13669,5,-1,-13,-2,-2,1,0,2,0.199219,0.571777,0.663086,0.125,-0.9375,0.5625,0.712527,-0.204299,-2.41138
13690,-12,-73,-68,-6,-5,-4,-4,-8,0.199219,0.571777,0.663086,0.125,-0.9375,0.5625,0.712527,-0.204299,-2.41138
13690,10,27,54,-4,-3,0,0,-1,0.199219,0.571777,0.663086,0.125,-0.9375,0.5625,0.712527,-0.204299,-2.41138
13691,-18,-24,-18,-3,-1,0,0,-2,0.186523,0.587402,0.666504,0.625,-0.25,0.9375,0.712666,-0.204345,-2.41144
13691,1,9,46,3,-1,-2,-2,-1,0.186523,0.587402,0.666504,0.625,-0.25,0.9375,0.712666,-0.204345,-2.41144
13704,2,28,-22,-1,1,-1,-1,-2,0.186523,0.587402,0.666504,0.625,-0.25,0.9375,0.712666,-0.204345,-2.41144
13704,-4,-62,-27,-5,-3,-2,-2,-3,0.186523,0.587402,0.666504,0.625,-0.25,0.9375,0.712666,-0.204345,-2.41144
13713,2,-2,-4,5,2,-2,0,0,0.180664,0.587891,0.667969,0.9375,-0.625,1.3125,0.713163,-0.204626,-2.41129
13713,1,25,19,-7,-6,-2,-2,1,0.180664,0.587891,0.667969,0.9375,-0.625,1.3125,0.713163,-0.204626,-2.41129
13727,3,20,15,2,0,-1,0,2,0.180664,0.587891,0.667969,0.9375,-0.625,1.3125,0.713163,-0.204626,-2.41129
13727,-5,10,-9,-4,0,-3,-2,-2,0.180664,0.587891,0.667969,0.9375,-0.625,1.3125,0.713163,-0.204626,-2.41129
13729,7,25,25,11,4,3,1,1,0.175293,0.580566,0.666992,-2.0625,-1.6875,0.5,0.712611,-0.205015,-2.4115
13729,-1,6,19,-2,0,-1,0,0,0.175293,0.580566,0.666992,-2.0625,-1.6875,0.5,0.712611,-0.205015,-2.4115
13750,-5,-41,-41,-15,-9,-1,-2,-4,0.175293,0.580566,0.666992,-2.0625,-1.6875,0.5,0.712611,-0.205015,-2.4115
13750,-7,1,-9,12,4,2,-2,0,0.175293,0.580566,0.666992,-2.0625,-1.6875,0.5,0.712611,-0.205015,-2.4115
13752,-1,18,9,-15,-5,-1,-2,-1,0.192383,0.574707,0.67334,0.5,-0.875,0,0.712571,-0.205122,-2.41153
13752,3,37,40,5,-1,-3,-1,-1,0.192383,0.574707,0.67334,0.5,-0.875,0,0.712571,-0.205122,-2.41153
13765,2,7,40,10,3,2,0,2,0.192383,0.574707,0.67334,0.5,-0.875,0,0.712571,-0.205122,-2.41153
13765,8,64,-66,-8,0,0,1,2,0.192383,0.574707,0.67334,0.5,-0.875,0,0.712571,-0.205122,-2.41153
13779,-15,-90,-12,-7,-8,-5,-6,-6,0.188965,0.580566,0.663574,0.25,-0.375,1.1875,0.712709,-0.205525,-2.41134
13779,2,-9,-18,2,-1,0,-1,-1,0.188965,0.580566,0.663574,0.25,-0.375,1.1875,0.712709,-0.205525,-2.41134
13788,5,6,-7,-5,-1,-1,0,0,0.188965,0.580566,0.663574,0.25,-0.375,1.1875,0.712709,-0.205525,-2.41134
13788,-6,1,49,5,-1,-3,-1,-1,0.188965,0.580566,0.663574,0.25,-0.375,1.1875,0.712709,-0.205525,-2.41134
13789,7,56,-11,5,2,2,0,-1,0.183594,0.587402,0.662109,-0.9375,-1.5,0.9375,0.712617,-0.206155,-2.41137
13789,-8,-65,-61,-10,-3,-2,-2,-3,0.183594,0.587402,0.662109,-0.9375,-1.5,0.9375,0.712617,-0.206155,-2.41137
13810,0,-7,-5,6,2,1,0,-1,0.183594,0.587402,0.662109,-0.9375,-1.5,0.9375,0.712617,-0.206155,-2.41137
13810,-5,-51,-47,-11,-3,0,-2,-4,0.183594,0.587402,0.662109,-0.9375,-1.5,0.9375,0.712617,-0.206155,-2.41137
13811,3,7,13,7,-2,-2,0,0,0.180176,0.580078,0.684082,-0.1875,-0.9375,0.75,0.712657,-0.206048,-2.41134
13811,-1,-27,46,0,-2,0,0,0,0.180176,0.580078,0.684082,-0.1875,-0.9375,0.75,0.712657,-0.206048,-2.41134
13825,-7,20,-47,4,1,0,-1,-1,0.180176,0.580078,0.684082,-0.1875,-0.9375,0.75,0.712657,-0.206048,-2.41134
13825,3,-14,49,-5,-2,-3,0,-1,0.180176,0.580078,0.684082,-0.1875,-0.9375,0.75,0.712657,-0.206048,-2.41134
13831,-1,-2,-1,-8,-1,-3,-1,-1,0.184082,0.578613,0.662109,0.1875,-1.125,0.0625,0.712813,-0.206415,-2.41163
13831,-2,7,-57,3,1,2,0,-1,0.184082,0.578613,0.662109,0.1875,-1.125,0.0625,0.712813,-0.206415,-2.41163
13848,3,12,15,-2,0,-1,-3,0,0.184082,0.578613,0.662109,0.1875,-1.125,0.0625,0.712813,-0.206415,-2.41163
13848,-2,-17,10,3,0,3,-2,-1,0.184082,0.578613,0.662109,0.1875,-1.125,0.0625,0.712813,-0.206415,-2.41163
13848,2,11,28,4,-3,0,0,0,0.192871,0.584473,0.670898,-0.9375,-0.75,0.125,0.712952,-0.206461,-2.41169
13848,0,22,14,-3,0,-2,0,-1,0.192871,0.584473,0.670898,-0.9375,-0.75,0.125,0.712952,-0.206461,-2.41169
13871,9,26,50,10,2,-1,1,3,0.192871,0.584473,0.670898,-0.9375,-0.75,0.125,0.712952,-0.206461,-2.41169
13871,-13,-25,-49,-14,-1,-1,-5,-5,0.192871,0.584473,0.670898,-0.9375,-0.75,0.125,0.712952,-0.206461,-2.41169
13872,-7,-1,46,0,-1,-3,0,-1,0.185059,0.584473,0.675781,0.625,0.375,1.3125,0.713073,-0.206542,-2.41125
13872,-1,-5,-5,2,0,-2,-1,1,0.185059,0.584473,0.675781,0.625,0.375,1.3125,0.713073,-0.206542,-2.41125
13893,-3,-13,-2,-5,-5,-5,0,-3,0.185059,0.584473,0.675781,0.625,0.375,1.3125,0.713073,-0.206542,-2.41125
13893,7,21,36,9,-2,2,2,2,0.185059,0.584473,0.675781,0.625,0.375,1.3125,0.713073,-0.206542,-2.41125
13894,2,10,-10,-3,0,3,1,0,0.172852,0.558594,0.666992,-0.25,-0.875,2.625,0.712446,-0.20711,-2.41052
13894,0,-14,5,4,-2,-1,-1,-1,0.172852,0.558594,0.666992,-0.25,-0.875,2.625,0.712446,-0.20711,-2.41052
13907,-1,21,-12,-2,2,0,-2,-2,0.172852,0.558594,0.666992,-0.25,-0.875,2.625,0.712446,-0.20711,-2.41052
13907,0,-21,-18,3,-2,-2,-1,-4,0.172852,0.558594,0.666992,-0.25,-0.875,2.625,0.712446,-0.20711,-2.41052
13908,1,13,2,-7,-2,-2,-2,0,0.197266,0.572754,0.666992,-1.875,-0.5625,-0.125,0.711855,-0.207606,-2.41077
13908,-8,0,-3,3,-1,-3,0,-1,0.197266,0.572754,0.666992,-1.875,-0.5625,-0.125,0.711855,-0.207606,-2.41077
13930,3,-4,2,0,3,3,2,3,0.197266,0.572754,0.666992,-1.875,-0.5625,-0.125,0.711855,-0.207606,-2.41077
13930,-14,58,46,5,3,-3,-2,-5,0.197266,0.572754,0.666992,-1.875,-0.5625,-0.125,0.711855,-0.207606,-2.41077
13931,-7,-13,-9,-8,-5,-3,-4,-3,0.203613,0.584473,0.67041,1.625,0.3125,0.9375,0.712386,-0.208093,-2.41041
13931,-4,-50,-51,0,1,1,-3,-2,0.203613,0.584473,0.67041,1.625,0.3125,0.9375,0.712386,-0.208093,-2.41041
13945,-8,0,4,-6,-3,-3,-2,-2,0.203613,0.584473,0.67041,1.625,0.3125,0.9375,0.712386,-0.208093,-2.41041
13945,1,-18,22,-2,-4,1,-1,-1,0.203613,0.584473,0.67041,1.625,0.3125,0.9375,0.712386,-0.208093,-2.41041
13951,7,33,39,8,2,0,-1,2,0.182129,0.585938,0.669922,1.0625,-0.25,2.125,0.712858,-0.208513,-2.40991
13951,1,28,16,-5,-1,-2,0,0,0.182129,0.585938,0.669922,1.0625,-0.25,2.125,0.712858,-0.208513,-2.40991
13968,2,27,39,0,-3,-3,-1,0,0.182129,0.585938,0.669922,1.0625,-0.25,2.125,0.712858,-0.208513,-2.40991
13968,5,-39,-87,-1,2,0,1,2,0.182129,0.585938,0.669922,1.0625,-0.25,2.125,0.712858,-0.208513,-2.40991
13969,-4,12,43,-2,-4,-2,0,-3,0.185059,0.577637,0.662598,-1.8125,-0.875,1.25,0.712246,-0.208999,-2.40975
13969,0,2,-19,1,-2,3,-1,-2,0.185059,0.577637,0.662598,-1.8125,-0.875,1.25,0.712246,-0.208999,-2.40975
13990,0,8,0,-1,0,-2,-2,-1,0.185059,0.577637,0.662598,-1.8125,-0.875,1.25,0.712246,-0.208999,-2.40975
13990,4,21,39,1,0,0,1,1,0.185059,0.577637,0.662598,-1.8125,-0.875,1.25,0.712246,-0.208999,-2.40975
13992,10,-12,-82,-4,4,3,3,6,0.196289,0.570801,0.671875,-0.625,-0.625,1.1875,0.711915,-0.209623,-2.40962
13992,-3,42,78,3,2,0,0,-2,0.196289,0.570801,0.671875,-0.625,-0.625,1.1875,0.711915,-0.209623,-2.40962
14005,-9,-21,4,-2,-1,-2,-2,-3,0.196289,0.570801,0.671875,-0.625,-0.625,1.1875,0.711915,-0.209623,-2.40962
14005,-7,-31,-15,-6,-4,-4,-3,-2,0.196289,0.570801,0.671875,-0.625,-0.625,1.1875,0.711915,-0.209623,-2.40962
14012,3,-7,-11,0,-3,0,-1,-1,0.183105,0.575684,0.667969,1.8125,-0.8125,1.5,0.71248,-0.210106,-2.40937
14012,4,57,15,1,-1,0,0,-1,0.183105,0.575684,0.667969,1.8125,-0.8125,1.5,0.71248,-0.210106,-2.40937
14035,-4,-45,2,-6,-3,0,-2,-1,0.183105,0.575684,0.667969,1.8125,-0.8125,1.5,0.71248,-0.210106,-2.40937
14035,1,-16,10,-1,-2,1,-1,0,0.183105,0.575684,0.667969,1.8125,-0.8125,1.5,0.71248,-0.210106,-2.40937
14036,-2,-19,4,0,-2,-2,0,-3,0.183105,0.581543,0.669434,0.25,-1.375,0.75,0.712645,-0.210416,-2.40945
14036,3,2,-12,-4,-2,0,1,1,0.183105,0.581543,0.669434,0.25,-1.375,0.75,0.712645,-0.210416,-2.40945
14050,-4,0,-5,0,0,-1,-2,-2,0.183105,0.581543,0.669434,0.25,-1.375,0.75,0.712645,-0.210416,-2.40945
14050,0,-4,36,3,-1,0,0,-1,0.183105,0.581543,0.669434,0.25,-1.375,0.75,0.712645,-0.210416,-2.40945
14051,-2,-19,-47,0,2,-2,-2,0,0.199707,0.57959,0.667969,1.3125,-0.4375,-0.0625,0.713056,-0.210821,-2.40952
14051,3,6,-8,-1,-4,-1,1,0,0.199707,0.57959,0.667969,1.3125,-0.4375,-0.0625,0.713056,-0.210821,-2.40952
14064,4,-26,15,0,2,-1,1,3,0.199707,0.57959,0.667969,1.3125,-0.4375,-0.0625,0.713056,-0.210821,-2.40952
14064,-11,19,40,1,-5,-2,-1,0,0.199707,0.57959,0.667969,1.3125,-0.4375,-0.0625,0.713056,-0.210821,-2.40952
14073,-2,-12,-50,-3,-3,-2,-3,-3,0.203125,0.583008,0.67041,0.0625,0.5625,0.3125,0.713195,-0.210867,-2.40958
14073,4,2,-10,0,1,-1,0,0,0.203125,0.583008,0.67041,0.0625,0.5625,0.3125,0.713195,-0.210867,-2.40958
14088,-6,-21,-45,-2,2,3,0,-4,0.203125,0.583008,0.67041,0.0625,0.5625,0.3125,0.713195,-0.210867,-2.40958
14088,4,0,8,1,-1,-2,-2,-1,0.203125,0.583008,0.67041,0.0625,0.5625,0.3125,0.713195,-0.210867,-2.40958
14089,-3,-3,31,6,-2,0,1,0,0.191406,0.57666,0.669922,-0.6875,0.625,0.875,0.713195,-0.210867,-2.40958
14089,-2,-3,-28,-4,-2,-1,-3,0,0.191406,0.57666,0.669922,-0.6875,0.625,0.875,0.713195,-0.210867,-2.40958
14111,2,14,-3,1,-1,1,1,1,0.191406,0.57666,0.669922,-0.6875,0.625,0.875,0.713195,-0.210867,-2.40958
14111,0,11,-18,1,1,-1,-2,0,0.191406,0.57666,0.669922,-0.6875,0.625,0.875,0.713195,-0.210867,-2.40958
14112,0,28,-10,-1,3,0,-1,0,0.186035,0.574219,0.666016,-0.875,0.1875,0.5,0.713195,-0.210867,-2.40958
14112,-1,-32,10,-5,-2,-4,-2,-4,0.186035,0.574219,0.666016,-0.875,0.1875,0.5,0.713195,-0.210867,-2.40958
14123,-1,12,-1,1,0,-3,-1,1,0.186035,0.574219,0.666016,-0.875,0.1875,0.5,0.713195,-0.210867,-2.40958
14123,0,4,-7,-3,-4,0,0,-4,0.186035,0.574219,0.666016,-0.875,0.1875,0.5,0.713195,-0.210867,-2.40958
14132,2,5,19,0,-2,-1,-1,0,0.196777,0.584961,0.666992,1.9375,0.25,-0.5625,0.713903,-0.210846,-2.40966
14132,3,10,32,9,1,1,0,3,0.196777,0.584961,0.666992,1.9375,0.25,-0.5625,0.713903,-0.210846,-2.40966
14148,-3,17,-84,-7,2,0,0,-1,0.196777,0.584961,0.666992,1.9375,0.25,-0.5625,0.713903,-0.210846,-2.40966
14148,6,-6,3,-2,-3,-2,0,0,0.196777,0.584961,0.666992,1.9375,0.25,-0.5625,0.713903,-0.210846,-2.40966
14149,-9,-13,25,1,3,-3,0,-2,0.191895,0.59082,0.666016,0.5,0.5625,-1.4375,0.714472,-0.210421,-2.40994
14149,-4,-23,-9,-3,-4,-3,-1,-2,0.191895,0.59082,0.666016,0.5,0.5625,-1.4375,0.714472,-0.210421,-2.40994
14171,-1,-6,4,1,-2,-2,0,1,0.191895,0.59082,0.666016,0.5,0.5625,-1.4375,0.714472,-0.210421,-2.40994
14171,6,27,19,4,1,0,-1,4,0.191895,0.59082,0.666016,0.5,0.5625,-1.4375,0.714472,-0.210421,-2.40994
14172,3,13,2,-6,0,-1,0,0,0.189453,0.571777,0.658691,-0.25,-0.25,-0.4375,0.714472,-0.210421,-2.40994
14172,-5,17,7,3,1,1,-1,-1,0.189453,0.571777,0.658691,-0.25,-0.25,-0.4375,0.714472,-0.210421,-2.40994
14192,-3,-55,-20,-9,-2,-3,-2,-2,0.189453,0.571777,0.658691,-0.25,-0.25,-0.4375,0.714472,-0.210421,-2.40994
14192,-4,0,-6,0,-1,-3,0,-2,0.189453,0.571777,0.658691,-0.25,-0.25,-0.4375,0.714472,-0.210421,-2.40994
14194,3,5,39,10,3,2,0,0,0.188477,0.584961,0.675293,0.125,-0.0625,-0.4375,0.714472,-0.210421,-2.40994
14194,-15,-34,-53,-16,-10,-7,-6,-8,0.188477,0.584961,0.675293,0.125,-0.0625,-0.4375,0.714472,-0.210421,-2.40994
14208,3,13,20,0,-1,0,-1,-2,0.188477,0.584961,0.675293,0.125,-0.0625,-0.4375,0.714472,-0.210421,-2.40994
14208,1,0,-2,-3,2,-3,0,-1,0.188477,0.584961,0.675293,0.125,-0.0625,-0.4375,0.714472,-0.210421,-2.40994
14209,-5,-30,13,1,1,0,0,0,0.187012,0.584961,0.65918,0.375,-0.125,-0.6875,0.714469,-0.210376,-2.41002
14209,8,60,-27,-3,-2,-1,1,0,0.187012,0.584961,0.65918,0.375,-0.125,-0.6875,0.714469,-0.210376,-2.41002
14237,-4,-10,26,6,-1,-1,-2,-4,0.187012,0.584961,0.65918,0.375,-0.125,-0.6875,0.714469,-0.210376,-2.41002
14237,-9,-85,-56,-12,-3,-3,-2,-2,0.187012,0.584961,0.65918,0.375,-0.125,-0.6875,0.714469,-0.210376,-2.41002
14239,0,-5,-17,0,-1,-2,0,-2,0.18457,0.580566,0.664062,-1.1875,0.125,-0.0625,0.714224,-0.210281,-2.41001
14239,-1,-11,22,2,2,1,-2,0,0.18457,0.580566,0.664062,-1.1875,0.125,-0.0625,0.714224,-0.210281,-2.41001
14244,-1,25,11,-1,-5,-2,-1,-2,0.18457,0.580566,0.664062,-1.1875,0.125,-0.0625,0.714224,-0.210281,-2.41001
14244,0,35,26,3,-1,2,0,-1,0.18457,0.580566,0.664062,-1.1875,0.125,-0.0625,0.714224,-0.210281,-2.41001
14260,3,2,-15,-5,8,2,2,1,0.187012,0.575195,0.670898,-1.25,-0.5,-0.0625,0.713613,-0.21041,-2.4101
14260,-2,-6,-3,-4,-3,0,-2,-2,0.187012,0.575195,0.670898,-1.25,-0.5,-0.0625,0.713613,-0.21041,-2.4101
14267,-2,10,-6,-1,-3,-3,-1,-2,0.187012,0.575195,0.670898,-1.25,-0.5,-0.0625,0.713613,-0.21041,-2.4101
14267,0,3,27,1,0,1,0,-1,0.187012,0.575195,0.670898,-1.25,-0.5,-0.0625,0.713613,-0.21041,-2.4101
14268,-3,2,-10,-2,-5,-1,-2,-2,0.187012,0.577148,0.671875,0.625,0.1875,-0.1875,0.713653,-0.210303,-2.41007
14268,-2,-12,10,5,2,-1,0,-2,0.187012,0.577148,0.671875,0.625,0.1875,-0.1875,0.713653,-0.210303,-2.41007
14290,7,36,6,-3,-2,-1,2,2,0.187012,0.577148,0.671875,0.625,0.1875,-0.1875,0.713653,-0.210303,-2.41007
14290,0,9,31,10,5,1,2,1,0.187012,0.577148,0.671875,0.625,0.1875,-0.1875,0.713653,-0.210303,-2.41007
14292,-16,-8,-77,-23,-10,-6,-4,-7,0.186035,0.576172,0.66748,-0.25,0,-0.4375,0.713653,-0.210303,-2.41007
14292,8,33,29,2,1,2,1,2,0.186035,0.576172,0.66748,-0.25,0,-0.4375,0.713653,-0.210303,-2.41007
14303,-7,-42,6,1,-3,-1,-2,-1,0.186035,0.576172,0.66748,-0.25,0,-0.4375,0.713653,-0.210303,-2.41007
14303,-2,-6,-19,0,-2,-1,-1,-1,0.186035,0.576172,0.66748,-0.25,0,-0.4375,0.713653,-0.210303,-2.41007
14313,3,4,35,5,-1,0,0,1,0.198242,0.572754,0.669922,0.8125,0.0625,-1.0625,0.713787,-0.210259,-2.41028
14313,1,3,-48,-5,-1,-2,-1,-1,0.198242,0.572754,0.669922,0.8125,0.0625,-1.0625,0.713787,-0.210259,-2.41028
14328,2,24,21,-1,0,-1,1,1,0.198242,0.572754,0.669922,0.8125,0.0625,-1.0625,0.713787,-0.210259,-2.41028
14328,4,86,52,-1,0,0,0,-2,0.198242,0.572754,0.669922,0.8125,0.0625,-1.0625,0.713787,-0.210259,-2.41028
14329,-7,-67,-48,-2,-3,0,-1,-2,0.188965,0.577637,0.667969,-0.625,0.5625,0.0625,0.713787,-0.210259,-2.41028
14329,-5,-19,13,-1,-3,-2,-1,0,0.188965,0.577637,0.667969,-0.625,0.5625,0.0625,0.713787,-0.210259,-2.41028
14350,1,-1,2,5,3,1,1,-1,0.188965,0.577637,0.667969,-0.625,0.5625,0.0625,0.713787,-0.210259,-2.41028
14350,2,24,16,4,0,-1,-2,1,0.188965,0.577637,0.667969,-0.625,0.5625,0.0625,0.713787,-0.210259,-2.41028
14352,4,10,21,-1,-1,1,0,1,0.183105,0.578613,0.663574,-0.625,-0.1875,-0.25,0.713787,-0.210259,-2.41028
14352,-2,-14,-35,-3,2,-2,1,0,0.183105,0.578613,0.663574,-0.625,-0.1875,-0.25,0.713787,-0.210259,-2.41028
14364,-3,6,18,-2,-1,0,0,-1,0.183105,0.578613,0.663574,-0.625,-0.1875,-0.25,0.713787,-0.210259,-2.41028
14364,1,-30,-4,-3,-2,-2,-2,-3,0.183105,0.578613,0.663574,-0.625,-0.1875,-0.25,0.713787,-0.210259,-2.41028
14373,-4,3,-43,-3,-7,-5,-2,-2,0.189941,0.588379,0.670898,-0.1875,0.5,-0.8125,0.713926,-0.210305,-2.41034
14373,-4,-29,-6,0,2,1,-1,0,0.189941,0.588379,0.670898,-0.1875,0.5,-0.8125,0.713926,-0.210305,-2.41034
14387,0,15,24,0,2,0,0,-1,0.189941,0.588379,0.670898,-0.1875,0.5,-0.8125,0.713926,-0.210305,-2.41034
14387,-1,11,-30,-6,-2,1,1,2,0.189941,0.588379,0.670898,-0.1875,0.5,-0.8125,0.713926,-0.210305,-2.41034
14401,-4,-34,-31,-3,-2,1,0,-2,0.191406,0.584961,0.669922,0.9375,0.5,-0.3125,0.713926,-0.210305,-2.41034
14401,4,11,24,1,1,1,0,1,0.191406,0.584961,0.669922,0.9375,0.5,-0.3125,0.713926,-0.210305,-2.41034
14410,1,17,-9,0,-6,-4,-2,-3,0.191406,0.584961,0.669922,0.9375,0.5,-0.3125,0.713926,-0.210305,-2.41034
14410,-9,-11,-19,-4,-1,-3,-3,-2,0.191406,0.584961,0.669922,0.9375,0.5,-0.3125,0.713926,-0.210305,-2.41034
14412,3,-30,6,3,2,0,0,1,0.181641,0.568359,0.662598,-0.9375,-0.1875,0.75,0.713926,-0.210305,-2.41034
14412,6,44,74,7,-1,0,0,1,0.181641,0.568359,0.662598,-0.9375,-0.1875,0.75,0.713926,-0.210305,-2.41034
14424,-7,-41,9,-11,-3,-1,-3,-1,0.181641,0.568359,0.662598,-0.9375,-0.1875,0.75,0.713926,-0.210305,-2.41034
14424,2,-2,-36,-1,0,-2,0,1,0.181641,0.568359,0.662598,-0.9375,-0.1875,0.75,0.713926,-0.210305,-2.41034
14432,-2,14,30,3,1,-1,1,-2,0.181152,0.55957,0.666016,-2.25,-0.8125,0.5,0.712854,-0.210552,-2.41036
14432,-1,2,13,-3,0,1,0,-1,0.181152,0.55957,0.666016,-2.25,-0.8125,0.5,0.712854,-0.210552,-2.41036
14448,0,11,-4,8,2,1,-3,0,0.181152,0.55957,0.666016,-2.25,-0.8125,0.5,0.712854,-0.210552,-2.41036
14448,-3,-34,-12,-5,-1,-2,-1,-4,0.181152,0.55957,0.666016,-2.25,-0.8125,0.5,0.712854,-0.210552,-2.41036
14450,0,14,11,0,-2,-2,-2,-2,0.189941,0.573242,0.67627,1.875,-0.5625,0.1875,0.713205,-0.210697,-2.41031
14450,-5,-8,23,8,-2,-1,-3,-1,0.189941,0.573242,0.67627,1.875,-0.5625,0.1875,0.713205,-0.210697,-2.41031
14470,0,3,-37,-7,0,1,1,0,0.189941,0.573242,0.67627,1.875,-0.5625,0.1875,0.713205,-0.210697,-2.41031
14470,5,1,-35,-4,1,0,0,2,0.189941,0.573242,0.67627,1.875,-0.5625,0.1875,0.713205,-0.210697,-2.41031
14471,0,20,-7,-7,-2,-2,-2,-2,0.19043,0.601074,0.669922,2.75,0,0.4375,0.714626,-0.210744,-2.41031
14471,-5,-14,5,-4,-2,-4,-2,-2,0.19043,0.601074,0.669922,2.75,0,0.4375,0.714626,-0.210744,-2.41031
14493,-1,-21,-16,0,-3,-2,-2,-2,0.19043,0.601074,0.669922,2.75,0,0.4375,0.714626,-0.210744,-2.41031
14493,0,14,40,1,-2,-3,-1,-1,0.19043,0.601074,0.669922,2.75,0,0.4375,0.714626,-0.210744,-2.41031
14494,3,7,16,5,0,-1,0,0,0.189453,0.581055,0.662109,-2.5625,-0.9375,0.4375,0.713799,-0.211086,-2.41033
14494,-2,-15,-41,-2,0,0,1,-2,0.189453,0.581055,0.662109,-2.5625,-0.9375,0.4375,0.713799,-0.211086,-2.41033
14508,-2,46,-25,-6,0,1,-1,0,0.189453,0.581055,0.662109,-2.5625,-0.9375,0.4375,0.713799,-0.211086,-2.41033
14508,-4,-80,-33,-6,-3,-1,-1,-3,0.189453,0.581055,0.662109,-2.5625,-0.9375,0.4375,0.713799,-0.211086,-2.41033
14509,1,37,16,-3,-7,-2,-2,-2,0.193359,0.561523,0.671875,-3.9375,-1.4375,0.3125,0.712139,-0.211682,-2.41053
14509,-4,-38,-16,1,0,0,-2,-3,0.193359,0.561523,0.671875,-3.9375,-1.4375,0.3125,0.712139,-0.211682,-2.41053
14530,1,-6,28,6,0,0,0,2,0.193359,0.561523,0.671875,-3.9375,-1.4375,0.3125,0.712139,-0.211682,-2.41053
14530,2,47,11,3,2,-1,-1,-1,0.193359,0.561523,0.671875,-3.9375,-1.4375,0.3125,0.712139,-0.211682,-2.41053
14531,0,4,18,-2,2,0,0,1,0.188965,0.567383,0.674805,0.8125,-0.75,0.0625,0.712139,-0.211682,-2.41053
14531,-1,-2,26,-4,-3,-5,-3,-3,0.188965,0.567383,0.674805,0.8125,-0.75,0.0625,0.712139,-0.211682,-2.41053
14553,0,-17,-49,-4,-1,-1,0,-3,0.188965,0.567383,0.674805,0.8125,-0.75,0.0625,0.712139,-0.211682,-2.41053
14553,-3,-9,3,4,0,-1,-1,-1,0.188965,0.567383,0.674805,0.8125,-0.75,0.0625,0.712139,-0.211682,-2.41053
14553,0,-16,8,1,1,1,-1,0,0.186035,0.588867,0.678711,2.3125,0.1875,-0.1875,0.712929,-0.211491,-2.41046
14553,0,22,12,-2,-1,0,1,-2,0.186035,0.588867,0.678711,2.3125,0.1875,-0.1875,0.712929,-0.211491,-2.41046
14568,0,0,27,4,0,-2,0,0,0.186035,0.588867,0.678711,2.3125,0.1875,-0.1875,0.712929,-0.211491,-2.41046
14568,0,29,27,3,-2,3,-2,1,0.186035,0.588867,0.678711,2.3125,0.1875,-0.1875,0.712929,-0.211491,-2.41046
14569,-1,-29,-30,-1,0,0,1,-1,0.185547,0.584961,0.665039,-0.375,-0.8125,0.1875,0.712966,-0.211339,-2.41051
14569,-1,8,-84,-7,-3,0,-3,-1,0.185547,0.584961,0.665039,-0.375,-0.8125,0.1875,0.712966,-0.211339,-2.41051
14590,1,2,6,-6,-3,-4,-2,-1,0.185547,0.584961,0.665039,-0.375,-0.8125,0.1875,0.712966,-0.211339,-2.41051
14590,-5,0,20,2,1,-2,0,-2,0.185547,0.584961,0.665039,-0.375,-0.8125,0.1875,0.712966,-0.211339,-2.41051
14592,3,41,11,4,1,1,1,2,0.198242,0.574219,0.664551,-2.0625,-0.3125,0.3125,0.712282,-0.211773,-2.41051
14592,-2,-41,-23,-5,-2,-4,-1,0,0.198242,0.574219,0.664551,-2.0625,-0.3125,0.3125,0.712282,-0.211773,-2.41051
14612,-1,-2,27,3,-1,-1,-1,-1,0.198242,0.574219,0.664551,-2.0625,-0.3125,0.3125,0.712282,-0.211773,-2.41051
14612,-8,-71,-59,-4,-1,0,-2,-3,0.198242,0.574219,0.664551,-2.0625,-0.3125,0.3125,0.712282,-0.211773,-2.41051
14613,4,48,74,4,0,1,-1,-1,0.189453,0.579102,0.667969,-0.6875,-0.4375,1,0.711994,-0.212141,-2.41028
14613,-5,-34,-33,-5,-3,-3,-1,-2,0.189453,0.579102,0.667969,-0.6875,-0.4375,1,0.711994,-0.212141,-2.41028
14628,-1,10,-5,-2,-2,-1,-3,-3,0.189453,0.579102,0.667969,-0.6875,-0.4375,1,0.711994,-0.212141,-2.41028
14628,-1,11,77,3,-1,-2,1,1,0.189453,0.579102,0.667969,-0.6875,-0.4375,1,0.711994,-0.212141,-2.41028
14629,2,10,-27,-4,0,-2,0,2,0.182129,0.581543,0.666504,0.1875,-1.125,0.375,0.712231,-0.212296,-2.41051
14629,0,1,-8,-10,-2,-1,-1,0,0.182129,0.581543,0.666504,0.1875,-1.125,0.375,0.712231,-0.212296,-2.41051
14650,-2,-28,-21,-2,-1,0,-1,-1,0.182129,0.581543,0.666504,0.1875,-1.125,0.375,0.712231,-0.212296,-2.41051
14650,-1,9,15,-2,-4,-2,-2,-2,0.182129,0.581543,0.666504,0.1875,-1.125,0.375,0.712231,-0.212296,-2.41051
14651,0,19,-8,4,2,1,-1,-1,0.196289,0.57959,0.668945,0,-0.4375,-0.6875,0.712231,-0.212296,-2.41051
14651,1,-56,-11,-1,-1,-1,-1,1,0.196289,0.57959,0.668945,0,-0.4375,-0.6875,0.712231,-0.212296,-2.41051
14673,-4,-14,7,-5,-1,-2,-2,-2,0.196289,0.57959,0.668945,0,-0.4375,-0.6875,0.712231,-0.212296,-2.41051
14673,3,14,1,1,1,3,1,0,0.196289,0.57959,0.668945,0,-0.4375,-0.6875,0.712231,-0.212296,-2.41051
14674,-11,0,7,-10,-7,-3,-7,-5,0.185059,0.585449,0.671387,-0.8125,-0.4375,-0.0625,0.71237,-0.212341,-2.41057
14674,1,13,14,0,0,-1,0,0,0.185059,0.585449,0.671387,-0.8125,-0.4375,-0.0625,0.71237,-0.212341,-2.41057
14703,-6,-11,3,1,-1,1,-2,-3,0.185059,0.585449,0.671387,-0.8125,-0.4375,-0.0625,0.71237,-0.212341,-2.41057
14703,3,-3,-38,-7,1,0,1,1,0.185059,0.585449,0.671387,-0.8125,-0.4375,-0.0625,0.71237,-0.212341,-2.41057
14704,-4,-36,6,1,-2,-1,0,-1,0.192383,0.571289,0.671875,-0.25,-0.4375,0.75,0.712231,-0.212296,-2.41051
14704,4,17,25,3,3,0,3,1,0.192383,0.571289,0.671875,-0.25,-0.4375,0.75,0.712231,-0.212296,-2.41051
14710,-4,1,21,-2,0,-1,4,-2,0.192383,0.571289,0.671875,-0.25,-0.4375,0.75,0.712231,-0.212296,-2.41051
14710,-2,14,-4,4,0,-2,-4,-1,0.192383,0.571289,0.671875,-0.25,-0.4375,0.75,0.712231,-0.212296,-2.41051
14711,5,2,16,2,-1,-3,0,2,0.188477,0.565918,0.667969,-1.4375,-1,-0.0625,0.711578,-0.212488,-2.41071
14711,-2,26,-6,-1,-1,-1,-2,-1,0.188477,0.565918,0.667969,-1.4375,-1,-0.0625,0.711578,-0.212488,-2.41071
14732,4,24,5,-1,-1,-1,0,1,0.188477,0.565918,0.667969,-1.4375,-1,-0.0625,0.711578,-0.212488,-2.41071
14732,-7,-21,-23,-8,-6,-1,0,-4,0.188477,0.565918,0.667969,-1.4375,-1,-0.0625,0.711578,-0.212488,-2.41071
14734,6,11,1,6,4,2,2,3,0.199707,0.573242,0.665527,1.4375,-0.75,0.125,0.712129,-0.212939,-2.41085
14734,-4,-21,-37,-3,0,0,-2,-3,0.199707,0.573242,0.665527,1.4375,-0.75,0.125,0.712129,-0.212939,-2.41085
14747,-4,-39,-2,0,0,0,-1,-2,0.199707,0.573242,0.665527,1.4375,-0.75,0.125,0.712129,-0.212939,-2.41085
14747,1,18,-68,-2,2,-2,0,-1,0.199707,0.573242,0.665527,1.4375,-0.75,0.125,0.712129,-0.212939,-2.41085
14754,-6,-2,-15,-1,-1,-1,-1,-3,0.182617,0.577148,0.67041,1.9375,-0.75,-0.25,0.712867,-0.212868,-2.41111
14754,0,42,28,3,-1,-1,0,0,0.182617,0.577148,0.67041,1.9375,-0.75,-0.25,0.712867,-0.212868,-2.41111
14770,10,-9,-15,2,0,0,-3,1,0.182617,0.577148,0.67041,1.9375,-0.75,-0.25,0.712867,-0.212868,-2.41111
14770,0,58,65,1,-4,-3,-1,3,0.182617,0.577148,0.67041,1.9375,-0.75,-0.25,0.712867,-0.212868,-2.41111
14771,-9,-52,-39,-5,-1,-5,-3,-4,0.186523,0.586914,0.663574,1.1875,-0.625,-0.375,0.713532,-0.212909,-2.41131
14771,-2,9,15,2,0,2,-2,-2,0.186523,0.586914,0.663574,1.1875,-0.625,-0.375,0.713532,-0.212909,-2.41131
14793,5,-10,1,-1,0,5,0,-1,0.186523,0.586914,0.663574,1.1875,-0.625,-0.375,0.713532,-0.212909,-2.41131
14793,3,35,11,6,2,1,1,1,0.186523,0.586914,0.663574,1.1875,-0.625,-0.375,0.713532,-0.212909,-2.41131
14799,6,47,6,1,-1,0,0,1,0.189453,0.591797,0.662598,-0.4375,-1.5,0.25,0.713689,-0.213277,-2.4116
14799,-12,-27,30,-6,-6,-7,-5,-6,0.189453,0.591797,0.662598,-0.4375,-1.5,0.25,0.713689,-0.213277,-2.4116
14807,-4,9,15,12,0,-4,0,-1,0.189453,0.591797,0.662598,-0.4375,-1.5,0.25,0.713689,-0.213277,-2.4116
14807,2,-24,-56,-24,-9,-3,-4,-2,0.189453,0.591797,0.662598,-0.4375,-1.5,0.25,0.713689,-0.213277,-2.4116
14814,-3,10,6,-5,-4,-2,0,-3,0.192383,0.579102,0.673828,-1.25,-0.3125,0.3125,0.713224,-0.213349,-2.41161
14814,1,-9,-18,4,3,3,4,1,0.192383,0.579102,0.673828,-1.25,-0.3125,0.3125,0.713224,-0.213349,-2.41161
14830,-1,39,35,1,0,0,-2,1,0.192383,0.579102,0.673828,-1.25,-0.3125,0.3125,0.713224,-0.213349,-2.41161
14830,-2,5,6,-1,0,-2,-3,-3,0.192383,0.579102,0.673828,-1.25,-0.3125,0.3125,0.713224,-0.213349,-2.41161
14832,-7,-112,-82,-2,-1,-1,-3,0,0.193848,0.581543,0.668457,0.8125,0.5625,-0.625,0.713224,-0.213349,-2.41161
14832,-2,-2,15,-5,0,-1,-4,-2,0.193848,0.581543,0.668457,0.8125,0.5625,-0.625,0.713224,-0.213349,-2.41161
14860,1,6,-3,-5,-1,-2,-2,-2,0.193848,0.581543,0.668457,0.8125,0.5625,-0.625,0.713224,-0.213349,-2.41161
14860,0,-20,1,-1,-1,1,1,-1,0.193848,0.581543,0.668457,0.8125,0.5625,-0.625,0.713224,-0.213349,-2.41161
14862,3,-4,34,3,-1,1,0,2,0.188965,0.583496,0.674316,1.0625,0.375,-0.125,0.713589,-0.213124,-2.41151
14862,5,19,-31,-2,-2,0,0,2,0.188965,0.583496,0.674316,1.0625,0.375,-0.125,0.713589,-0.213124,-2.41151
14867,-1,39,36,1,3,-1,0,0,0.188965,0.583496,0.674316,1.0625,0.375,-0.125,0.713589,-0.213124,-2.41151
14867,-4,-10,-11,-5,-1,-3,-1,-4,0.188965,0.583496,0.674316,1.0625,0.375,-0.125,0.713589,-0.213124,-2.41151
14873,2,31,42,5,0,1,2,-1,0.182617,0.58252,0.668457,-0.875,0.3125,-0.125,0.713589,-0.213124,-2.41151
14873,-4,0,-28,-10,-5,-2,-1,-2,0.182617,0.58252,0.668457,-0.875,0.3125,-0.125,0.713589,-0.213124,-2.41151
14890,1,15,10,-2,-2,-1,0,2,0.182617,0.58252,0.668457,-0.875,0.3125,-0.125,0.713589,-0.213124,-2.41151
14890,2,18,19,1,0,-2,-1,1,0.182617,0.58252,0.668457,-0.875,0.3125,-0.125,0.713589,-0.213124,-2.41151
14892,-7,-9,15,-1,-3,0,0,-4,0.192871,0.571289,0.663574,0,-0.25,-0.125,0.713589,-0.213124,-2.41151
14892,-1,-2,-24,4,3,2,-1,0,0.192871,0.571289,0.663574,0,-0.25,-0.125,0.713589,-0.213124,-2.41151
14913,-5,-48,-34,-5,-3,0,-2,-3,0.192871,0.571289,0.663574,0,-0.25,-0.125,0.713589,-0.213124,-2.41151
14913,-2,6,24,5,1,-2,-2,-1,0.192871,0.571289,0.663574,0,-0.25,-0.125,0.713589,-0.213124,-2.41151
14914,-1,-29,-26,-8,1,-2,0,-1,0.189941,0.575195,0.670898,-1.25,-0.875,0.125,0.713079,-0.213407,-2.41169
14914,2,40,38,6,0,-2,-2,-1,0.189941,0.575195,0.670898,-1.25,-0.875,0.125,0.713079,-0.213407,-2.41169
14935,-1,-6,-16,0,-3,-2,0,2,0.189941,0.575195,0.670898,-1.25,-0.875,0.125,0.713079,-0.213407,-2.41169
14935,-5,-27,-22,-5,-1,0,0,1,0.189941,0.575195,0.670898,-1.25,-0.875,0.125,0.713079,-0.213407,-2.41169
14937,5,77,54,11,3,0,0,3,0.197754,0.577148,0.667969,1,-0.6875,-0.8125,0.713558,-0.213611,-2.41201
14937,-3,-41,22,-7,-4,-2,-3,-2,0.197754,0.577148,0.667969,1,-0.6875,-0.8125,0.713558,-0.213611,-2.41201
14958,-1,25,-15,-7,-1,-1,1,-1,0.197754,0.577148,0.667969,1,-0.6875,-0.8125,0.713558,-0.213611,-2.41201
14958,-4,-53,1,2,-4,0,-1,-4,0.197754,0.577148,0.667969,1,-0.6875,-0.8125,0.713558,-0.213611,-2.41201
14959,-2,-12,-56,-6,-5,-2,-2,0,0.188965,0.584961,0.667969,0.4375,-0.5,-0.1875,0.713598,-0.213504,-2.41197
14959,5,-10,18,13,6,3,2,3,0.188965,0.584961,0.667969,0.4375,-0.5,-0.1875,0.713598,-0.213504,-2.41197
14980,-2,17,27,-10,-3,-2,-2,-2,0.188965,0.584961,0.667969,0.4375,-0.5,-0.1875,0.713598,-0.213504,-2.41197
14980,-3,-20,6,4,-2,-1,0,-2,0.188965,0.584961,0.667969,0.4375,-0.5,-0.1875,0.713598,-0.213504,-2.41197
14982,0,9,4,-2,1,0,-1,0,0.18457,0.577637,0.665039,-2.3125,-0.875,0.25,0.71284,-0.213647,-2.41223
14982,1,6,-8,3,0,1,-1,-1,0.18457,0.577637,0.665039,-2.3125,-0.875,0.25,0.71284,-0.213647,-2.41223
15003,-1,-13,-48,-6,-4,-4,-1,-2,0.18457,0.577637,0.665039,-2.3125,-0.875,0.25,0.71284,-0.213647,-2.41223
15003,0,27,14,2,2,0,-2,-2,0.18457,0.577637,0.665039,-2.3125,-0.875,0.25,0.71284,-0.213647,-2.41223
15004,3,25,1,-9,-4,0,-2,-1,0.196289,0.568848,0.672852,-0.6875,-0.8125,-0.4375,0.71284,-0.213647,-2.41223
15004,-5,-32,14,4,0,0,1,-3,0.196289,0.568848,0.672852,-0.6875,-0.8125,-0.4375,0.71284,-0.213647,-2.41223
15010,1,-5,16,1,0,0,-1,2,0.196289,0.568848,0.672852,-0.6875,-0.8125,-0.4375,0.71284,-0.213647,-2.41223
15010,-2,-11,5,4,2,-1,1,0,0.196289,0.568848,0.672852,-0.6875,-0.8125,-0.4375,0.71284,-0.213647,-2.41223
15012,-1,0,-5,-4,-1,-1,-2,0,0.189941,0.574219,0.664062,0.1875,-0.3125,-0.0625,0.71284,-0.213647,-2.41223
15012,2,18,19,-7,-3,-2,-2,0,0.189941,0.574219,0.664062,0.1875,-0.3125,-0.0625,0.71284,-0.213647,-2.41223
15032,0,-2,-36,3,2,1,0,0,0.189941,0.574219,0.664062,0.1875,-0.3125,-0.0625,0.71284,-0.213647,-2.41223
15032,-1,10,64,3,-3,-3,-1,-3,0.189941,0.574219,0.664062,0.1875,-0.3125,-0.0625,0.71284,-0.213647,-2.41223
15034,-2,-6,-39,-6,-2,-3,-2,-4,0.18457,0.586426,0.668457,0,-0.625,-0.0625,0.71284,-0.213647,-2.41223
15034,1,30,6,4,-1,0,2,0,0.18457,0.586426,0.668457,0,-0.625,-0.0625,0.71284,-0.213647,-2.41223
15046,-3,-27,39,3,-5,0,0,-3,0.18457,0.586426,0.668457,0,-0.625,-0.0625,0.71284,-0.213647,-2.41223
15046,3,6,-88,-10,-2,1,-1,1,0.18457,0.586426,0.668457,0,-0.625,-0.0625,0.71284,-0.213647,-2.41223
15055,-4,7,4,-2,3,1,0,-2,0.18457,0.577148,0.666504,-1.3125,-1.125,-0.25,0.712543,-0.213672,-2.41256
15055,5,33,8,2,1,0,-1,1,0.18457,0.577148,0.666504,-1.3125,-1.125,-0.25,0.712543,-0.213672,-2.41256
15070,-8,-33,-21,3,-1,-3,-3,-3,0.18457,0.577148,0.666504,-1.3125,-1.125,-0.25,0.712543,-0.213672,-2.41256
15070,2,-7,3,0,-1,-3,-2,0,0.18457,0.577148,0.666504,-1.3125,-1.125,-0.25,0.712543,-0.213672,-2.41256
15071,-2,-23,-15,-4,-2,-1,-2,-2,0.195801,0.583984,0.669434,0.625,-0.875,-0.1875,0.712509,-0.213675,-2.41245
15071,-1,-13,-1,0,1,1,0,-1,0.195801,0.583984,0.669434,0.625,-0.875,-0.1875,0.712509,-0.213675,-2.41245
15092,6,37,66,2,-1,0,-2,0,0.195801,0.583984,0.669434,0.625,-0.875,-0.1875,0.712509,-0.213675,-2.41245
15092,-4,-2,-85,-7,-4,-3,-3,-1,0.195801,0.583984,0.669434,0.625,-0.875,-0.1875,0.712509,-0.213675,-2.41245
15094,4,19,37,7,4,-1,0,2,0.189453,0.582031,0.668457,-0.875,-0.8125,0.5625,0.712509,-0.213675,-2.41245
15094,-8,-55,-41,-6,-6,-5,-5,-4,0.189453,0.582031,0.668457,-0.875,-0.8125,0.5625,0.712509,-0.213675,-2.41245
15107,-3,-13,-45,-2,1,-1,1,-2,0.189453,0.582031,0.668457,-0.875,-0.8125,0.5625,0.712509,-0.213675,-2.41245
15107,-4,-18,29,4,0,1,0,0,0.189453,0.582031,0.668457,-0.875,-0.8125,0.5625,0.712509,-0.213675,-2.41245
15122,1,-5,-61,-5,-3,-1,0,0,0.188477,0.568848,0.67041,-0.5625,-0.375,0.25,0.712543,-0.213672,-2.41256
15122,7,47,64,5,1,2,1,3,0.188477,0.568848,0.67041,-0.5625,-0.375,0.25,0.712543,-0.213672,-2.41256
15130,-6,-48,-83,-9,-3,-1,-1,-4,0.188477,0.568848,0.67041,-0.5625,-0.375,0.25,0.712543,-0.213672,-2.41256
15130,-11,-30,-2,-3,-4,-2,-5,-6,0.188477,0.568848,0.67041,-0.5625,-0.375,0.25,0.712543,-0.213672,-2.41256
15131,0,-13,9,3,1,-2,-2,0,0.188477,0.576172,0.67041,0.625,-0.625,0.4375,0.712403,-0.213626,-2.4125
15131,-5,0,-2,-3,-1,-2,0,-1,0.188477,0.576172,0.67041,0.625,-0.625,0.4375,0.712403,-0.213626,-2.4125
15152,2,15,12,2,1,0,-1,1,0.188477,0.576172,0.67041,0.625,-0.625,0.4375,0.712403,-0.213626,-2.4125
15152,4,19,-12,-1,-2,0,1,2,0.188477,0.576172,0.67041,0.625,-0.625,0.4375,0.712403,-0.213626,-2.4125
15159,-4,-5,38,-2,-6,-2,-2,-2,0.197754,0.57666,0.67041,0.0625,-0.6875,0.125,0.712403,-0.213626,-2.4125
15159,-5,7,4,2,-1,-2,-1,-4,0.197754,0.57666,0.67041,0.0625,-0.6875,0.125,0.712403,-0.213626,-2.4125
15166,1,25,10,-7,0,-1,-1,1,0.197754,0.57666,0.67041,0.0625,-0.6875,0.125,0.712403,-0.213626,-2.4125
15166,-3,-48,8,1,2,-2,0,-1,0.197754,0.57666,0.67041,0.0625,-0.6875,0.125,0.712403,-0.213626,-2.4125
15175,-1,-5,-16,-6,-4,-4,-3,-2,0.195801,0.58252,0.670898,-0.9375,-0.625,0.0625,0.712543,-0.213672,-2.41256
15175,1,14,-17,0,0,-1,0,2,0.195801,0.58252,0.670898,-0.9375,-0.625,0.0625,0.712543,-0.213672,-2.41256
15190,1,10,11,1,1,0,1,-1,0.195801,0.58252,0.670898,-0.9375,-0.625,0.0625,0.712543,-0.213672,-2.41256
15190,-2,60,38,1,-3,1,-1,-1,0.195801,0.58252,0.670898,-0.9375,-0.625,0.0625,0.712543,-0.213672,-2.41256
15192,-7,-82,-40,-5,-2,-1,-3,-3,0.196289,0.589355,0.66748,0.25,0.1875,0.5,0.712509,-0.213675,-2.41245
15192,-4,-6,53,7,-2,-1,-1,-1,0.196289,0.589355,0.66748,0.25,0.1875,0.5,0.712509,-0.213675,-2.41245
15213,0,19,13,-2,-1,1,0,-1,0.196289,0.589355,0.66748,0.25,0.1875,0.5,0.712509,-0.213675,-2.41245
15213,6,53,22,2,4,2,1,3,0.196289,0.589355,0.66748,0.25,0.1875,0.5,0.712509,-0.213675,-2.41245
15214,-7,-34,16,-2,-3,-1,1,-1,0.185547,0.572266,0.666016,-2.3125,-0.4375,0.25,0.711654,-0.21371,-2.41253
15214,2,-4,-43,-8,-4,-2,-2,-1,0.185547,0.572266,0.666016,-2.3125,-0.4375,0.25,0.711654,-0.21371,-2.41253
15226,0,-5,10,9,1,0,0,1,0.185547,0.572266,0.666016,-2.3125,-0.4375,0.25,0.711654,-0.21371,-2.41253
15226,3,6,8,2,1,0,0,1,0.185547,0.572266,0.666016,-2.3125,-0.4375,0.25,0.711654,-0.21371,-2.41253
15235,4,64,77,11,2,0,-1,1,0.189941,0.557617,0.658203,-1.5,-1.3125,0.375,0.711034,-0.214257,-2.41259
15235,-6,-45,-57,-11,-3,-3,-2,-3,0.189941,0.557617,0.658203,-1.5,-1.3125,0.375,0.711034,-0.214257,-2.41259
15250,1,-10,-13,-2,-1,-3,-2,-1,0.189941,0.557617,0.658203,-1.5,-1.3125,0.375,0.711034,-0.214257,-2.41259
15250,-5,-17,8,-2,-2,-3,-3,-4,0.189941,0.557617,0.658203,-1.5,-1.3125,0.375,0.711034,-0.214257,-2.41259
15258,6,21,-31,-5,0,1,0,1,0.196289,0.573242,0.666016,3.0625,-1.25,0.6875,0.712116,-0.214791,-2.4127
15258,7,35,19,1,-4,-2,0,1,0.196289,0.573242,0.666016,3.0625,-1.25,0.6875,0.712116,-0.214791,-2.4127
15280,-10,-23,11,2,0,-1,-2,-4,0.196289,0.573242,0.666016,3.0625,-1.25,0.6875,0.712116,-0.214791,-2.4127
15280,-2,-21,6,-3,-2,1,0,-2,0.196289,0.573242,0.666016,3.0625,-1.25,0.6875,0.712116,-0.214791,-2.4127
15281,-1,-14,-31,0,0,-1,1,0,0.189453,0.588867,0.669434,1.125,-0.6875,1.125,0.71271,-0.21518,-2.41272
15281,8,98,24,1,3,0,-1,2,0.189453,0.588867,0.669434,1.125,-0.6875,1.125,0.71271,-0.21518,-2.41272
15286,-4,-44,-45,-12,-5,0,-3,-1,0.189453,0.588867,0.669434,1.125,-0.6875,1.125,0.71271,-0.21518,-2.41272
15286,-2,-47,25,2,-1,1,0,1,0.189453,0.588867,0.669434,1.125,-0.6875,1.125,0.71271,-0.21518,-2.41272
15295,-1,12,1,-1,-3,-1,-1,0,0.187012,0.587402,0.673828,-0.4375,-0.8125,1.9375,0.712574,-0.215582,-2.41225
15295,-1,-5,21,6,-1,0,-2,-3,0.187012,0.587402,0.673828,-0.4375,-0.8125,1.9375,0.712574,-0.215582,-2.41225
15310,0,-3,5,5,1,-2,1,-3,0.187012,0.587402,0.673828,-0.4375,-0.8125,1.9375,0.712574,-0.215582,-2.41225
15310,3,12,-40,-11,-4,-3,-1,1,0.187012,0.587402,0.673828,-0.4375,-0.8125,1.9375,0.712574,-0.215582,-2.41225
15311,-9,-11,32,3,1,0,-2,-5,0.195312,0.570801,0.666504,-1.1875,-0.3125,0.6875,0.712036,-0.215959,-2.41217
15311,-5,-40,-72,-7,-2,-2,-2,-3,0.195312,0.570801,0.666504,-1.1875,-0.3125,0.6875,0.712036,-0.215959,-2.41217
15332,2,31,48,0,-1,-2,0,1,0.195312,0.570801,0.666504,-1.1875,-0.3125,0.6875,0.712036,-0.215959,-2.41217
15332,4,-14,-66,-13,-2,-2,-1,1,0.195312,0.570801,0.666504,-1.1875,-0.3125,0.6875,0.712036,-0.215959,-2.41217
15334,-3,10,-30,0,0,-2,-1,0,0.202148,0.574707,0.670898,0.4375,0.4375,-0.25,0.712036,-0.215959,-2.41217
15334,-1,-44,23,5,1,0,1,3,0.202148,0.574707,0.670898,0.4375,0.4375,-0.25,0.712036,-0.215959,-2.41217
15346,-5,-3,-18,-8,-5,-4,-2,-2,0.202148,0.574707,0.670898,0.4375,0.4375,-0.25,0.712036,-0.215959,-2.41217
15346,4,28,19,3,0,-1,0,2,0.202148,0.574707,0.670898,0.4375,0.4375,-0.25,0.712036,-0.215959,-2.41217
15361,-1,20,26,-10,-7,-4,-5,-3,0.195801,0.589844,0.672363,2.8125,0.875,-0.5,0.713148,-0.215603,-2.41212
15361,-3,-14,-5,4,3,-1,0,-2,0.195801,0.589844,0.672363,2.8125,0.875,-0.5,0.713148,-0.215603,-2.41212
15370,11,64,56,5,6,2,2,3,0.195801,0.589844,0.672363,2.8125,0.875,-0.5,0.713148,-0.215603,-2.41212
15370,-8,-53,-76,-5,-5,-3,-1,-5,0.195801,0.589844,0.672363,2.8125,0.875,-0.5,0.713148,-0.215603,-2.41212
15372,7,35,46,5,0,-1,1,0,0.181641,0.583008,0.668457,1.1875,0.625,-0.25,0.713588,-0.215119,-2.41204
15372,-12,-92,-24,-8,-4,-1,-2,-4,0.181641,0.583008,0.668457,1.1875,0.625,-0.25,0.713588,-0.215119,-2.41204
15393,-4,25,-2,-1,-1,-2,-2,-3,0.181641,0.583008,0.668457,1.1875,0.625,-0.25,0.713588,-0.215119,-2.41204
15393,1,29,31,-1,2,-2,1,0,0.181641,0.583008,0.668457,1.1875,0.625,-0.25,0.713588,-0.215119,-2.41204
15394,-4,-21,-14,0,-1,-1,-3,-3,0.186035,0.567383,0.659668,-0.9375,-0.25,-0.25,0.713628,-0.215012,-2.412
15394,4,22,-8,-3,-4,-2,-2,2,0.186035,0.567383,0.659668,-0.9375,-0.25,-0.25,0.713628,-0.215012,-2.412
15407,1,8,6,8,0,0,-1,0,0.186035,0.567383,0.659668,-0.9375,-0.25,-0.25,0.713628,-0.215012,-2.412
15407,4,39,-4,-2,1,-2,-4,-1,0.186035,0.567383,0.659668,-0.9375,-0.25,-0.25,0.713628,-0.215012,-2.412
15415,-10,-54,-9,2,1,-4,-1,-3,0.200684,0.566895,0.668457,-0.0625,0.0625,-1.0625,0.713374,-0.214974,-2.41222
15415,3,31,12,-2,0,-1,0,0,0.200684,0.566895,0.668457,-0.0625,0.0625,-1.0625,0.713374,-0.214974,-2.41222
15430,-6,-60,-27,-9,-5,-2,-3,-3,0.200684,0.566895,0.668457,-0.0625,0.0625,-1.0625,0.713374,-0.214974,-2.41222
15430,4,43,-15,4,-1,0,1,2,0.200684,0.566895,0.668457,-0.0625,0.0625,-1.0625,0.713374,-0.214974,-2.41222
15431,-6,-54,-8,-4,-1,-1,-2,-1,0.199707,0.583008,0.666504,3.4375,1.25,-0.5625,0.714734,-0.21476,-2.4121
15431,3,30,66,7,2,1,0,1,0.199707,0.583008,0.666504,3.4375,1.25,-0.5625,0.714734,-0.21476,-2.4121
15452,-2,-23,-18,-7,-7,-2,-2,-2,0.199707,0.583008,0.666504,3.4375,1.25,-0.5625,0.714734,-0.21476,-2.4121
15452,1,13,5,-1,-1,-1,-1,-1,0.199707,0.583008,0.666504,3.4375,1.25,-0.5625,0.714734,-0.21476,-2.4121
15454,8,34,9,-1,0,1,2,1,0.171387,0.590332,0.661133,-0.3125,-0.0625,0.625,0.714771,-0.214608,-2.41215
15454,-7,-7,25,-5,-5,-3,-4,-5,0.171387,0.590332,0.661133,-0.3125,-0.0625,0.625,0.714771,-0.214608,-2.41215
15475,2,18,-30,-3,-3,-3,1,0,0.171387,0.590332,0.661133,-0.3125,-0.0625,0.625,0.714771,-0.214608,-2.41215
15475,-4,-20,39,2,-3,-2,-1,-2,0.171387,0.590332,0.661133,-0.3125,-0.0625,0.625,0.714771,-0.214608,-2.41215
15477,1,25,2,2,4,4,1,2,0.186035,0.584473,0.670898,-1.3125,-0.1875,0.375,0.714388,-0.214511,-2.412
15477,-2,0,-45,1,2,1,-1,-1,0.186035,0.584473,0.670898,-1.3125,-0.1875,0.375,0.714388,-0.214511,-2.412
15490,-1,-19,-21,-4,-3,-2,-3,-4,0.186035,0.584473,0.670898,-1.3125,-0.1875,0.375,0.714388,-0.214511,-2.412
15490,-2,2,11,0,1,-3,-2,0,0.186035,0.584473,0.670898,-1.3125,-0.1875,0.375,0.714388,-0.214511,-2.412
15491,-2,-5,-12,0,-2,-3,-2,-2,0.197754,0.582031,0.671387,-0.375,0,-0.4375,0.714349,-0.214619,-2.41204
15491,1,12,57,6,3,0,0,1,0.197754,0.582031,0.671387,-0.375,0,-0.4375,0.714349,-0.214619,-2.41204
15512,2,23,-60,-14,-5,-1,-1,1,0.197754,0.582031,0.671387,-0.375,0,-0.4375,0.714349,-0.214619,-2.41204
15512,-6,-9,48,7,-2,0,0,-3,0.197754,0.582031,0.671387,-0.375,0,-0.4375,0.714349,-0.214619,-2.41204
15514,2,6,-17,0,-1,0,-1,1,0.1875,0.582031,0.670898,0.0625,0.125,0,0.714388,-0.214511,-2.412
15514,-4,3,-17,-2,-1,-2,-1,-1,0.1875,0.582031,0.670898,0.0625,0.125,0,0.714388,-0.214511,-2.412
15535,0,20,-14,5,3,1,1,0,0.1875,0.582031,0.670898,0.0625,0.125,0,0.714388,-0.214511,-2.412
15535,-4,-27,-52,-7,-4,-2,-4,-4,0.1875,0.582031,0.670898,0.0625,0.125,0,0.714388,-0.214511,-2.412
15536,4,35,28,2,2,1,1,0,0.188477,0.562012,0.665527,0.125,-0.625,-0.375,0.714209,-0.214573,-2.41198
15536,-6,-10,-20,-6,-7,-4,-2,-2,0.188477,0.562012,0.665527,0.125,-0.625,-0.375,0.714209,-0.214573,-2.41198
15557,-3,-40,6,6,0,1,-1,1,0.188477,0.562012,0.665527,0.125,-0.625,-0.375,0.714209,-0.214573,-2.41198
15557,9,71,63,10,7,1,2,5,0.188477,0.562012,0.665527,0.125,-0.625,-0.375,0.714209,-0.214573,-2.41198
15559,0,-66,-73,-17,-7,-5,-5,-5,0.20166,0.559082,0.658691,-1.375,-1.4375,-0.5,0.713577,-0.215132,-2.41234
15559,-3,-17,-77,-11,-1,-2,0,-2,0.20166,0.559082,0.658691,-1.375,-1.4375,-0.5,0.713577,-0.215132,-2.41234
15580,-5,-21,27,-1,0,-1,-1,-3,0.20166,0.559082,0.658691,-1.375,-1.4375,-0.5,0.713577,-0.215132,-2.41234
15580,-2,-15,10,-2,-3,-1,-1,-2,0.20166,0.559082,0.658691,-1.375,-1.4375,-0.5,0.713577,-0.215132,-2.41234
15582,1,17,23,9,3,1,3,1,0.205566,0.569824,0.672852,0.875,-0.875,0.3125,0.713577,-0.215132,-2.41234
15582,2,0,-11,-5,-2,-1,-3,-2,0.205566,0.569824,0.672852,0.875,-0.875,0.3125,0.713577,-0.215132,-2.41234
15595,2,16,18,-1,0,-2,-1,1,0.205566,0.569824,0.672852,0.875,-0.875,0.3125,0.713577,-0.215132,-2.41234
15595,2,-3,-1,1,1,0,0,0,0.205566,0.569824,0.672852,0.875,-0.875,0.3125,0.713577,-0.215132,-2.41234
15596,-8,-8,-3,-2,-1,-1,-2,-2,0.196289,0.583496,0.666992,-0.0625,-0.75,0.375,0.713577,-0.215132,-2.41234
15596,1,37,5,-7,-3,0,-1,1,0.196289,0.583496,0.666992,-0.0625,-0.75,0.375,0.713577,-0.215132,-2.41234
15618,-3,14,62,6,-4,-3,-3,-2,0.196289,0.583496,0.666992,-0.0625,-0.75,0.375,0.713577,-0.215132,-2.41234
15618,-6,-90,-71,2,4,3,-1,-1,0.196289,0.583496,0.666992,-0.0625,-0.75,0.375,0.713577,-0.215132,-2.41234
15619,1,46,43,-10,-4,-2,-3,-1,0.195312,0.589844,0.666504,-0.625,-1.125,-0.6875,0.713764,-0.215406,-2.4129
15619,-7,-16,-56,-3,3,1,1,-3,0.195312,0.589844,0.666504,-0.625,-1.125,-0.6875,0.713764,-0.215406,-2.4129
15632,-2,-10,-25,-3,-3,-4,0,-1,0.195312,0.589844,0.666504,-0.625,-1.125,-0.6875,0.713764,-0.215406,-2.4129
15632,-2,-10,24,0,-2,-1,0,0,0.195312,0.589844,0.666504,-0.625,-1.125,-0.6875,0.713764,-0.215406,-2.4129
15634,4,-11,-11,4,-1,-3,-1,-1,0.19873,0.583496,0.666016,-0.25,-0.25,0.5625,0.713764,-0.215406,-2.4129
15634,3,31,21,8,2,0,1,1,0.19873,0.583496,0.666016,-0.25,-0.25,0.5625,0.713764,-0.215406,-2.4129
15655,2,1,3,-2,2,-1,1,1,0.19873,0.583496,0.666016,-0.25,-0.25,0.5625,0.713764,-0.215406,-2.4129
15655,-5,-6,-44,-8,-5,-3,-1,-5,0.19873,0.583496,0.666016,-0.25,-0.25,0.5625,0.713764,-0.215406,-2.4129
15656,-5,-39,31,5,0,2,-3,0,0.177734,0.567871,0.664551,-2.3125,-1.3125,1.3125,0.712801,-0.215749,-2.41278
15656,2,-1,22,-6,-5,-2,-1,0,0.177734,0.567871,0.664551,-2.3125,-1.3125,1.3125,0.712801,-0.215749,-2.41278
15670,-4,27,30,8,3,2,-1,-4,0.177734,0.567871,0.664551,-2.3125,-1.3125,1.3125,0.712801,-0.215749,-2.41278
15670,-1,20,-45,-7,-4,-2,0,0,0.177734,0.567871,0.664551,-2.3125,-1.3125,1.3125,0.712801,-0.215749,-2.41278
15676,-1,3,-26,-3,2,0,0,0,0.194824,0.567871,0.672363,1.375,-0.8125,-0.1875,0.713144,-0.215952,-2.41296
15676,2,14,50,6,1,1,-3,0,0.194824,0.567871,0.672363,1.375,-0.8125,-0.1875,0.713144,-0.215952,-2.41296
15693,-2,-8,-9,-3,-3,-1,-2,1,0.194824,0.567871,0.672363,1.375,-0.8125,-0.1875,0.713144,-0.215952,-2.41296
15693,3,9,32,3,2,1,1,1,0.194824,0.567871,0.672363,1.375,-0.8125,-0.1875,0.713144,-0.215952,-2.41296
15694,-4,-29,-20,-5,-4,-4,-3,-2,0.191895,0.594727,0.666504,1.875,0.25,0.0625,0.714071,-0.215762,-2.41303
15694,6,12,-2,-1,-2,-1,0,0,0.191895,0.594727,0.666504,1.875,0.25,0.0625,0.714071,-0.215762,-2.41303
15715,-1,-7,7,6,4,2,2,2,0.191895,0.594727,0.666504,1.875,0.25,0.0625,0.714071,-0.215762,-2.41303
15715,-4,46,70,-9,-8,-9,-9,-9,0.191895,0.594727,0.666504,1.875,0.25,0.0625,0.714071,-0.215762,-2.41303
15716,2,-8,-26,1,-1,2,1,3,0.196777,0.592773,0.668945,0.375,0.4375,0.875,0.714177,-0.215811,-2.41298
15716,-6,-5,0,1,-2,-2,-3,-2,0.196777,0.592773,0.668945,0.375,0.4375,0.875,0.714177,-0.215811,-2.41298
15730,2,21,1,-2,1,0,-1,1,0.196777,0.592773,0.668945,0.375,0.4375,0.875,0.714177,-0.215811,-2.41298
15730,0,-17,14,-3,1,1,2,0,0.196777,0.592773,0.668945,0.375,0.4375,0.875,0.714177,-0.215811,-2.41298
15736,2,17,6,9,2,1,2,-1,0.190918,0.567871,0.662598,-1.75,0.5,0.25,0.713371,-0.215726,-2.41273
15736,-4,-59,-85,-11,0,-2,-1,-1,0.190918,0.567871,0.662598,-1.75,0.5,0.25,0.713371,-0.215726,-2.41273
15753,-3,4,-3,-3,-3,-2,-1,-1,0.190918,0.567871,0.662598,-1.75,0.5,0.25,0.713371,-0.215726,-2.41273
15753,0,31,72,10,0,-1,1,1,0.190918,0.567871,0.662598,-1.75,0.5,0.25,0.713371,-0.215726,-2.41273
15753,3,19,16,-1,2,2,1,0,0.195312,0.572754,0.666992,-0.0625,0.3125,0.375,0.713371,-0.215726,-2.41273
15753,-2,-22,-6,-2,-2,-1,0,1,0.195312,0.572754,0.666992,-0.0625,0.3125,0.375,0.713371,-0.215726,-2.41273
15775,-4,-9,-3,4,1,-1,-2,-2,0.195312,0.572754,0.666992,-0.0625,0.3125,0.375,0.713371,-0.215726,-2.41273
15775,-2,-25,-35,-8,-2,0,-1,-1,0.195312,0.572754,0.666992,-0.0625,0.3125,0.375,0.713371,-0.215726,-2.41273
15776,0,7,1,3,3,1,0,-3,0.191895,0.577637,0.666016,1.9375,0.25,0.625,0.713911,-0.215751,-2.41249
15776,-2,-3,28,0,-3,-2,-1,-2,0.191895,0.577637,0.666016,1.9375,0.25,0.625,0.713911,-0.215751,-2.41249
15789,0,-12,-12,-6,-1,0,1,-1,0.191895,0.577637,0.666016,1.9375,0.25,0.625,0.713911,-0.215751,-2.41249
15789,-2,9,28,5,1,0,-1,-1,0.191895,0.577637,0.666016,1.9375,0.25,0.625,0.713911,-0.215751,-2.41249
15796,-2,10,-2,-5,-4,-3,0,0,0.190918,0.570801,0.670898,-0.375,-0.5,0.5625,0.713947,-0.215793,-2.41251
15796,-3,6,35,-1,-2,-1,-2,-4,0.190918,0.570801,0.670898,-0.375,-0.5,0.5625,0.713947,-0.215793,-2.41251
15813,-2,3,15,-4,-3,-1,-2,-2,0.190918,0.570801,0.670898,-0.375,-0.5,0.5625,0.713947,-0.215793,-2.41251
15813,2,-7,-49,-6,1,0,1,2,0.190918,0.570801,0.670898,-0.375,-0.5,0.5625,0.713947,-0.215793,-2.41251
15814,-2,0,-5,8,-5,-3,-2,-2,0.200195,0.5625,0.66748,-0.125,-0.6875,0.375,0.713947,-0.215793,-2.41251
15814,3,34,68,12,9,2,-1,1,0.200195,0.5625,0.66748,-0.125,-0.6875,0.375,0.713947,-0.215793,-2.41251
15835,-3,8,-57,-9,-3,-2,-1,-2,0.200195,0.5625,0.66748,-0.125,-0.6875,0.375,0.713947,-0.215793,-2.41251
15835,-3,5,-26,-10,-8,-3,-3,-1,0.200195,0.5625,0.66748,-0.125,-0.6875,0.375,0.713947,-0.215793,-2.41251
15836,-5,-59,-53,-9,-4,-4,-2,-4,0.197754,0.581055,0.665039,0.8125,0.0625,0.9375,0.713947,-0.215793,-2.41251
15836,1,-24,14,5,-3,1,0,-1,0.197754,0.581055,0.665039,0.8125,0.0625,0.9375,0.713947,-0.215793,-2.41251
15849,4,29,22,0,3,0,1,3,0.197754,0.581055,0.665039,0.8125,0.0625,0.9375,0.713947,-0.215793,-2.41251
15849,7,31,33,4,1,2,2,3,0.197754,0.581055,0.665039,0.8125,0.0625,0.9375,0.713947,-0.215793,-2.41251
15856,-6,18,57,-3,1,-1,-1,-2,0.188965,0.575684,0.660645,-0.75,-0.875,2.0625,0.713553,-0.21647,-2.41209
15856,-4,-58,-88,-5,-1,0,0,1,0.188965,0.575684,0.660645,-0.75,-0.875,2.0625,0.713553,-0.21647,-2.41209
15873,-5,-41,26,-3,-3,-2,-4,-4,0.188965,0.575684,0.660645,-0.75,-0.875,2.0625,0.713553,-0.21647,-2.41209
15873,2,12,10,6,-2,0,-1,-1,0.188965,0.575684,0.660645,-0.75,-0.875,2.0625,0.713553,-0.21647,-2.41209
15874,4,38,35,-3,-2,-2,-1,-1,0.178223,0.570801,0.67041,-1.1875,-1.5,2.6875,0.712946,-0.217047,-2.41177
15874,3,50,17,4,4,0,2,1,0.178223,0.570801,0.67041,-1.1875,-1.5,2.6875,0.712946,-0.217047,-2.41177
15894,-4,-16,-53,-3,-1,-1,-4,-5,0.178223,0.570801,0.67041,-1.1875,-1.5,2.6875,0.712946,-0.217047,-2.41177
15894,-8,-33,-24,-5,0,0,-1,-4,0.178223,0.570801,0.67041,-1.1875,-1.5,2.6875,0.712946,-0.217047,-2.41177
15902,-1,8,10,5,0,-1,-1,0,0.197266,0.585938,0.666016,1.75,-1.875,1.8125,0.71378,-0.217993,-2.41169
15902,0,7,-2,1,-2,-3,-1,-1,0.197266,0.585938,0.666016,1.75,-1.875,1.8125,0.71378,-0.217993,-2.41169
15909,0,15,36,-1,-2,-2,-1,-1,0.197266,0.585938,0.666016,1.75,-1.875,1.8125,0.71378,-0.217993,-2.41169
15909,-1,-18,-36,-3,1,0,-1,0,0.197266,0.585938,0.666016,1.75,-1.875,1.8125,0.71378,-0.217993,-2.41169
15917,-5,-16,-3,-1,1,-1,0,1,0.199707,0.596191,0.664062,-1,-2.875,1,0.713848,-0.218947,-2.4121
15917,0,13,0,-1,-1,-2,1,0,0.199707,0.596191,0.664062,-1,-2.875,1,0.713848,-0.218947,-2.4121
15932,-7,-9,5,-5,-2,0,-1,-1,0.199707,0.596191,0.664062,-1,-2.875,1,0.713848,-0.218947,-2.4121
15932,-4,-22,-8,1,-1,2,0,-1,0.199707,0.596191,0.664062,-1,-2.875,1,0.713848,-0.218947,-2.4121
15933,11,35,39,7,-1,-1,-1,3,0.211914,0.595703,0.671387,-0.4375,-2.25,-0.3125,0.714125,-0.219745,-2.4128
15933,-6,-28,-76,-12,-6,-1,-2,-3,0.211914,0.595703,0.671387,-0.4375,-2.25,-0.3125,0.714125,-0.219745,-2.4128
15955,0,39,47,9,5,1,1,-2,0.211914,0.595703,0.671387,-0.4375,-2.25,-0.3125,0.714125,-0.219745,-2.4128
15955,-8,-2,18,-7,-2,-5,-3,-4,0.211914,0.595703,0.671387,-0.4375,-2.25,-0.3125,0.714125,-0.219745,-2.4128
15956,-4,-33,-53,-9,-4,-2,-1,-1,0.222168,0.580078,0.674805,-1.3125,0.5625,-2.375,0.713718,-0.21963,-2.41334
15956,1,8,40,9,-1,-2,0,0,0.222168,0.580078,0.674805,-1.3125,0.5625,-2.375,0.713718,-0.21963,-2.41334
15977,8,1,9,2,0,4,0,2,0.222168,0.580078,0.674805,-1.3125,0.5625,-2.375,0.713718,-0.21963,-2.41334
15977,-2,-3,-32,-8,-2,-2,0,-2,0.222168,0.580078,0.674805,-1.3125,0.5625,-2.375,0.713718,-0.21963,-2.41334
15978,-3,-20,49,7,0,0,-3,-1,0.200195,0.577148,0.666504,-2.1875,0.875,-0.9375,0.712977,-0.219299,-2.4134
15978,1,17,25,-6,-4,-4,-2,-2,0.200195,0.577148,0.666504,-2.1875,0.875,-0.9375,0.712977,-0.219299,-2.4134
15993,-3,-31,-35,-10,-4,-2,1,-3,0.200195,0.577148,0.666504,-2.1875,0.875,-0.9375,0.712977,-0.219299,-2.4134
15993,1,3,47,13,3,-1,-2,1,0.200195,0.577148,0.666504,-2.1875,0.875,-0.9375,0.712977,-0.219299,-2.4134
15994,-5,8,-13,-14,-6,-3,-4,-2,0.186523,0.580078,0.678711,-2.25,1.625,-1.125,0.712047,-0.218291,-2.41323
15994,-1,4,-8,-3,-2,-1,0,0,0.186523,0.580078,0.678711,-2.25,1.625,-1.125,0.712047,-0.218291,-2.41323
16021,-2,11,13,4,-1,-4,0,0,0.186523,0.580078,0.678711,-2.25,1.625,-1.125,0.712047,-0.218291,-2.41323
16021,0,-8,-17,2,0,-2,-2,-2,0.186523,0.580078,0.678711,-2.25,1.625,-1.125,0.712047,-0.218291,-2.41323
16030,0,4,20,6,2,1,0,-1,0.186523,0.574219,0.66748,-2.0625,2.1875,-1.5,0.711264,-0.217225,-2.41298
16030,2,-3,-15,-13,-1,1,-1,0,0.186523,0.574219,0.66748,-2.0625,2.1875,-1.5,0.711264,-0.217225,-2.41298
16032,1,26,43,16,6,0,2,1,0.186523,0.574219,0.66748,-2.0625,2.1875,-1.5,0.711264,-0.217225,-2.41298
16032,5,16,49,-16,-4,-1,2,2,0.186523,0.574219,0.66748,-2.0625,2.1875,-1.5,0.711264,-0.217225,-2.41298
16045,-5,-44,-59,-5,-3,-1,-2,-1,0.189453,0.567871,0.671875,-0.4375,2.25,-0.25,0.710835,-0.216542,-2.41258
16045,1,47,41,1,-3,-1,-2,-3,0.189453,0.567871,0.671875,-0.4375,2.25,-0.25,0.710835,-0.216542,-2.41258
16052,-7,-90,-72,-7,-6,0,-2,-4,0.189453,0.567871,0.671875,-0.4375,2.25,-0.25,0.710835,-0.216542,-2.41258
16052,-4,-39,12,6,-1,-2,-3,-2,0.189453,0.567871,0.671875,-0.4375,2.25,-0.25,0.710835,-0.216542,-2.41258
16053,4,44,-6,3,2,0,2,2,0.187988,0.571289,0.669922,0.8125,2.6875,0,0.710843,-0.215686,-2.41193
16053,-1,-23,-46,-5,1,0,-1,0,0.187988,0.571289,0.669922,0.8125,2.6875,0,0.710843,-0.215686,-2.41193
16075,1,12,-32,-9,-4,-4,-1,-2,0.187988,0.571289,0.669922,0.8125,2.6875,0,0.710843,-0.215686,-2.41193
16075,-2,6,-17,2,0,-3,-1,-2,0.187988,0.571289,0.669922,0.8125,2.6875,0,0.710843,-0.215686,-2.41193
16077,-2,-25,-3,-6,-1,0,-1,-1,0.182617,0.561523,0.666016,0.375,1.25,2,0.710634,-0.215595,-2.41094
16077,-4,-17,74,13,2,-1,1,2,0.182617,0.561523,0.666016,0.375,1.25,2,0.710634,-0.215595,-2.41094
16089,8,33,-70,-9,0,-1,-2,3,0.182617,0.561523,0.666016,0.375,1.25,2,0.710634,-0.215595,-2.41094
16089,1,59,-24,2,1,-1,0,-2,0.182617,0.561523,0.666016,0.375,1.25,2,0.710634,-0.215595,-2.41094
16097,-2,-28,-38,-5,0,-2,-1,-2,0.181152,0.560059,0.662598,0.625,-0.3125,4.1875,0.710404,-0.216334,-2.40989
16097,-3,-20,89,12,-6,-2,-2,-5,0.181152,0.560059,0.662598,0.625,-0.3125,4.1875,0.710404,-0.216334,-2.40989
16113,-1,-47,-63,-15,-4,3,0,2,0.181152,0.560059,0.662598,0.625,-0.3125,4.1875,0.710404,-0.216334,-2.40989
16113,1,29,-44,-12,0,0,-1,-2,0.181152,0.560059,0.662598,0.625,-0.3125,4.1875,0.710404,-0.216334,-2.40989
16114,-2,-24,-4,7,0,-2,-2,-2,0.214844,0.588379,0.677246,3.4375,1.625,2.25,0.711525,-0.21692,-2.40894
16114,2,13,15,2,3,2,3,3,0.214844,0.588379,0.677246,3.4375,1.625,2.25,0.711525,-0.21692,-2.40894
16135,-2,-5,33,-8,-18,-2,-3,-3,0.214844,0.588379,0.677246,3.4375,1.625,2.25,0.711525,-0.21692,-2.40894
16135,-3,-32,-4,24,14,2,-3,0,0.214844,0.588379,0.677246,3.4375,1.625,2.25,0.711525,-0.21692,-2.40894
16137,8,34,3,0,-1,-1,-2,-5,0.195312,0.604492,0.645508,-1.0625,-0.3125,2.625,0.711882,-0.217558,-2.4084
16137,-8,-5,-63,16,16,5,3,2,0.195312,0.604492,0.645508,-1.0625,-0.3125,2.625,0.711882,-0.217558,-2.4084
16149,13,28,60,-36,-11,-1,4,6,0.195312,0.604492,0.645508,-1.0625,-0.3125,2.625,0.711882,-0.217558,-2.4084
16149,-11,-93,2,26,-6,-1,-4,-3,0.195312,0.604492,0.645508,-1.0625,-0.3125,2.625,0.711882,-0.217558,-2.4084
16157,-28,25,-64,-35,16,1,0,-4,0.137695,0.55957,0.60791,-9.75,-8.5625,2.5,0.70951,-0.219277,-2.40986
16157,11,-41,-56,9,-12,-8,-10,-6,0.137695,0.55957,0.60791,-9.75,-8.5625,2.5,0.70951,-0.219277,-2.40986
16173,3,2,101,23,6,6,5,7,0.137695,0.55957,0.60791,-9.75,-8.5625,2.5,0.70951,-0.219277,-2.40986
16173,24,99,126,27,11,2,4,7,0.137695,0.55957,0.60791,-9.75,-8.5625,2.5,0.70951,-0.219277,-2.40986
16188,-8,-95,-87,-54,-16,-2,0,-4,0.13916,0.530762,0.637695,-13.125,-14.625,2.875,0.705258,-0.222684,-2.4124
16188,4,127,90,28,4,-1,0,-2,0.13916,0.530762,0.637695,-13.125,-14.625,2.875,0.705258,-0.222684,-2.4124
16204,-11,-69,-83,-29,-10,-11,-7,-6,0.13916,0.530762,0.637695,-13.125,-14.625,2.875,0.705258,-0.222684,-2.4124
16204,12,13,-64,19,1,1,-1,1,0.13916,0.530762,0.637695,-13.125,-14.625,2.875,0.705258,-0.222684,-2.4124
16205,-48,-53,89,18,0,-1,-5,-18,0.178711,0.476562,0.645996,-10.0625,-21.9375,12.375,0.700777,-0.231045,-2.41371
16205,19,96,-80,-42,-8,1,1,7,0.178711,0.476562,0.645996,-10.0625,-21.9375,12.375,0.700777,-0.231045,-2.41371
16209,-7,-39,-108,-4,-16,-9,-6,-3,0.178711,0.476562,0.645996,-10.0625,-21.9375,12.375,0.700777,-0.231045,-2.41371
16209,13,118,62,50,20,8,4,7,0.178711,0.476562,0.645996,-10.0625,-21.9375,12.375,0.700777,-0.231045,-2.41371
16217,15,-22,-2,-23,-4,1,2,7,0.211426,0.470703,0.729492,17.0625,-13.4375,20.375,0.703421,-0.239311,-2.41068
16217,-25,-128,-128,-76,-25,-11,-5,-10,0.211426,0.470703,0.729492,17.0625,-13.4375,20.375,0.703421,-0.239311,-2.41068
16232,34,127,127,60,22,3,3,4,0.211426,0.470703,0.729492,17.0625,-13.4375,20.375,0.703421,-0.239311,-2.41068
16232,-1,92,58,26,-12,-1,-1,-1,0.211426,0.470703,0.729492,17.0625,-13.4375,20.375,0.703421,-0.239311,-2.41068
16238,7,-37,-70,-7,-1,-7,-3,2,0.212402,0.605469,0.728027,33,-4.9375,17.5625,0.713607,-0.244044,-2.40695
16238,-21,51,79,30,18,4,2,-4,0.212402,0.605469,0.728027,33,-4.9375,17.5625,0.713607,-0.244044,-2.40695
16255,0,-66,49,13,6,6,2,-1,0.212402,0.605469,0.728027,33,-4.9375,17.5625,0.713607,-0.244044,-2.40695
16255,10,22,25,-9,-22,-1,3,4,0.212402,0.605469,0.728027,33,-4.9375,17.5625,0.713607,-0.244044,-2.40695
16257,-13,19,6,26,-11,-13,-17,-15,0.225586,0.6875,0.691406,12.3125,-5.5,14.1875,0.718764,-0.248244,-2.4047
16257,6,62,5,2,9,2,4,2,0.225586,0.6875,0.691406,12.3125,-5.5,14.1875,0.718764,-0.248244,-2.4047
16268,40,22,59,13,-6,8,14,18,0.225586,0.6875,0.691406,12.3125,-5.5,14.1875,0.718764,-0.248244,-2.4047
16268,-65,9,-116,26,29,7,2,-7,0.225586,0.6875,0.691406,12.3125,-5.5,14.1875,0.718764,-0.248244,-2.4047
16285,-7,9,-33,11,-7,-2,-3,0,0.265137,0.588379,0.684082,12.8125,-1.1875,16.5625,0.721929,-0.253067,-2.40038
16285,-19,-73,-67,-17,-24,-10,-13,-15,0.265137,0.588379,0.684082,12.8125,-1.1875,16.5625,0.721929,-0.253067,-2.40038
16291,-48,-51,-53,-66,3,-8,-7,-19,0.265137,0.588379,0.684082,12.8125,-1.1875,16.5625,0.721929,-0.253067,-2.40038
16291,32,16,5,-69,-21,2,7,15,0.265137,0.588379,0.684082,12.8125,-1.1875,16.5625,0.721929,-0.253067,-2.40038
16307,50,127,127,75,8,9,12,20,0.324707,0.579102,0.727051,17.3125,8.9375,9.3125,0.725562,-0.254902,-2.39544
16307,-45,-110,113,-22,12,-6,-11,-21,0.324707,0.579102,0.727051,17.3125,8.9375,9.3125,0.725562,-0.254902,-2.39544
16315,18,108,-6,-57,-28,1,4,8,0.324707,0.579102,0.727051,17.3125,8.9375,9.3125,0.725562,-0.254902,-2.39544
16315,-19,-101,6,21,14,-17,-16,-15,0.324707,0.579102,0.727051,17.3125,8.9375,9.3125,0.725562,-0.254902,-2.39544
16317,-76,-111,-73,-24,-32,-19,-15,-23,0.277832,0.626953,0.676758,24.6875,18,3.0625,0.733236,-0.251904,-2.3904
16317,36,48,-27,42,23,15,8,19,0.277832,0.626953,0.676758,24.6875,18,3.0625,0.733236,-0.251904,-2.3904
16345,4,-9,-23,-3,-19,-10,-11,-11,0.277832,0.626953,0.676758,24.6875,18,3.0625,0.733236,-0.251904,-2.3904
16345,29,64,68,37,-3,-2,2,4,0.277832,0.626953,0.676758,24.6875,18,3.0625,0.733236,-0.251904,-2.3904
16347,19,100,85,21,17,5,3,1,0.169922,0.665527,0.572266,8.375,12.6875,7.0625,0.737684,-0.249006,-2.38605
16347,6,68,105,15,-10,2,3,2,0.169922,0.665527,0.572266,8.375,12.6875,7.0625,0.737684,-0.249006,-2.38605
16352,-67,-66,-15,-55,-20,-14,-21,-32,0.169922,0.665527,0.572266,8.375,12.6875,7.0625,0.737684,-0.249006,-2.38605
16352,-12,-17,-3,-15,0,6,8,2,0.169922,0.665527,0.572266,8.375,12.6875,7.0625,0.737684,-0.249006,-2.38605
16359,33,78,62,-36,28,11,5,4,0.182129,0.572754,0.591309,-4.625,0.375,1.8125,0.736659,-0.248753,-2.38565
16359,83,91,-23,-1,-15,0,12,25,0.182129,0.572754,0.591309,-4.625,0.375,1.8125,0.736659,-0.248753,-2.38565
16375,-101,-76,-56,13,28,4,-3,-15,0.182129,0.572754,0.591309,-4.625,0.375,1.8125,0.736659,-0.248753,-2.38565
16375,-6,-12,90,-116,-75,-44,-33,-34,0.182129,0.572754,0.591309,-4.625,0.375,1.8125,0.736659,-0.248753,-2.38565
16377,53,79,100,81,58,32,27,33,0.249512,0.506348,0.647949,3.3125,-3.8125,-2.3125,0.736734,-0.250089,-2.38684
16377,-20,-115,-128,-103,-55,-21,-7,-3,0.249512,0.506348,0.647949,3.3125,-3.8125,-2.3125,0.736734,-0.250089,-2.38684
16397,29,115,86,-6,-5,-12,-10,-3,0.249512,0.506348,0.647949,3.3125,-3.8125,-2.3125,0.736734,-0.250089,-2.38684
16397,-42,-128,-118,-60,15,17,6,-4,0.249512,0.506348,0.647949,3.3125,-3.8125,-2.3125,0.736734,-0.250089,-2.38684
16398,-25,76,30,-29,-9,-30,-22,-25,0.282227,0.564453,0.674805,15.0625,0.0625,0.1875,0.740865,-0.251496,-2.38645
16398,89,127,127,66,18,21,22,34,0.282227,0.564453,0.674805,15.0625,0.0625,0.1875,0.740865,-0.251496,-2.38645
16428,-39,71,-69,-53,-15,-15,-13,-15,0.282227,0.564453,0.674805,15.0625,0.0625,0.1875,0.740865,-0.251496,-2.38645
16428,14,22,-36,-52,-15,-10,-2,-1,0.282227,0.564453,0.674805,15.0625,0.0625,0.1875,0.740865,-0.251496,-2.38645
16436,12,-26,64,-7,-13,-1,2,3,0.242188,0.618164,0.658691,6.625,3,7.4375,0.742835,-0.252683,-2.38375
16436,-17,-51,-94,8,1,3,6,5,0.242188,0.618164,0.658691,6.625,3,7.4375,0.742835,-0.252683,-2.38375
16436,54,66,81,83,56,20,13,14,0.242188,0.618164,0.658691,6.625,3,7.4375,0.742835,-0.252683,-2.38375
16436,-18,-34,-71,-16,7,-3,-9,-12,0.242188,0.618164,0.658691,6.625,3,7.4375,0.742835,-0.252683,-2.38375
16438,17,37,-8,-29,-30,0,7,9,0.227051,0.625488,0.644043,-6.875,1.5625,8.3125,0.740339,-0.254132,-2.38137
16438,-27,34,89,60,32,1,0,-2,0.227051,0.625488,0.644043,-6.875,1.5625,8.3125,0.740339,-0.254132,-2.38137
16457,-24,-122,-55,127,16,19,3,-10,0.227051,0.625488,0.644043,-6.875,1.5625,8.3125,0.740339,-0.254132,-2.38137
16457,78,83,-18,52,16,2,11,28,0.227051,0.625488,0.644043,-6.875,1.5625,8.3125,0.740339,-0.254132,-2.38137
16458,-44,59,91,-51,0,3,3,0,0.268555,0.602539,0.628418,-7.6875,0.5625,-0.25,0.73833,-0.254903,-2.38142
16458,39,127,94,-62,-16,6,4,8,0.268555,0.602539,0.628418,-7.6875,0.5625,-0.25,0.73833,-0.254903,-2.38142
16472,-1,-77,-53,-89,-23,-12,-7,-4,0.268555,0.602539,0.628418,-7.6875,0.5625,-0.25,0.73833,-0.254903,-2.38142
16472,-2,48,73,63,45,29,19,14,0.268555,0.602539,0.628418,-7.6875,0.5625,-0.25,0.73833,-0.254903,-2.38142
16480,39,50,-68,-15,15,9,11,15,0.286621,0.59375,0.620605,0,0.875,-5,0.739159,-0.255021,-2.38271
16480,-24,-94,-117,-45,-11,-15,-14,-20,0.286621,0.59375,0.620605,0,0.875,-5,0.739159,-0.255021,-2.38271
16496,-11,-8,105,-92,-36,-5,-5,-4,0.286621,0.59375,0.620605,0,0.875,-5,0.739159,-0.255021,-2.38271
16496,-34,30,82,68,10,7,5,0,0.286621,0.59375,0.620605,0,0.875,-5,0.739159,-0.255021,-2.38271
16497,-30,-128,-83,56,-13,-5,-10,-14,0.302734,0.625977,0.619629,4.375,2.8125,-8.6875,0.742059,-0.253971,-2.38448
16497,-4,36,-10,-17,-57,-26,-25,-26,0.302734,0.625977,0.619629,4.375,2.8125,-8.6875,0.742059,-0.253971,-2.38448
16517,-9,-57,-93,8,61,11,19,19,0.302734,0.625977,0.619629,4.375,2.8125,-8.6875,0.742059,-0.253971,-2.38448
16517,27,68,127,-39,-40,-5,0,7,0.302734,0.625977,0.619629,4.375,2.8125,-8.6875,0.742059,-0.253971,-2.38448
16519,-2,-9,-51,-81,3,0,-1,3,0.243164,0.648926,0.620117,-3.3125,1.5,-9.75,0.742976,-0.251572,-2.38709
16519,-30,5,70,79,70,32,14,2,0.243164,0.648926,0.620117,-3.3125,1.5,-9.75,0.742976,-0.251572,-2.38709
16532,77,42,-37,-24,-36,-10,-3,12,0.243164,0.648926,0.620117,-3.3125,1.5,-9.75,0.742976,-0.251572,-2.38709
16532,-47,-102,-40,-90,-48,-20,-11,-15,0.243164,0.648926,0.620117,-3.3125,1.5,-9.75,0.742976,-0.251572,-2.38709
16533,-19,-22,25,48,0,-5,-8,-15,0.245605,0.570801,0.651367,-12,0.5625,-10.375,0.738972,-0.249599,-2.38956
16533,-2,-58,-55,79,46,18,12,12,0.245605,0.570801,0.651367,-12,0.5625,-10.375,0.738972,-0.249599,-2.38956
16554,38,87,39,-86,-46,-30,-14,-2,0.245605,0.570801,0.651367,-12,0.5625,-10.375,0.738972,-0.249599,-2.38956
16554,-45,-65,-108,73,80,36,19,10,0.245605,0.570801,0.651367,-12,0.5625,-10.375,0.738972,-0.249599,-2.38956
16557,13,58,51,-8,-3,1,-2,-1,0.211426,0.542969,0.65332,-5.0625,3.6875,-6.75,0.736556,-0.246973,-2.39032
16557,-50,-116,12,-65,-52,-28,-21,-22,0.211426,0.542969,0.65332,-5.0625,3.6875,-6.75,0.736556,-0.246973,-2.39032
16577,46,119,127,127,73,33,24,25,0.211426,0.542969,0.65332,-5.0625,3.6875,-6.75,0.736556,-0.246973,-2.39032
16577,33,17,65,17,16,-2,-2,3,0.211426,0.542969,0.65332,-5.0625,3.6875,-6.75,0.736556,-0.246973,-2.39032
16579,-5,16,-31,16,-28,-15,-9,-11,0.172363,0.578613,0.643555,-2.3125,3.125,-3.5,0.735749,-0.244341,-2.39045
16579,-57,-56,-8,-117,-35,-23,-12,-20,0.172363,0.578613,0.643555,-2.3125,3.125,-3.5,0.735749,-0.244341,-2.39045
16592,1,53,-78,83,47,19,10,6,0.172363,0.578613,0.643555,-2.3125,3.125,-3.5,0.735749,-0.244341,-2.39045
16592,10,39,28,26,5,3,6,13,0.172363,0.578613,0.643555,-2.3125,3.125,-3.5,0.735749,-0.244341,-2.39045
16599,-1,38,127,32,31,16,9,7,0.210938,0.577148,0.635254,-5.25,2,-6,0.734249,-0.242384,-2.39158
16599,31,97,76,-15,24,6,-7,-5,0.210938,0.577148,0.635254,-5.25,2,-6,0.734249,-0.242384,-2.39158
16615,-4,2,82,44,-3,3,5,4,0.210938,0.577148,0.635254,-5.25,2,-6,0.734249,-0.242384,-2.39158
16615,-9,25,8,-55,-29,-18,-13,-16,0.210938,0.577148,0.635254,-5.25,2,-6,0.734249,-0.242384,-2.39158
16616,26,-53,18,-93,-9,-5,2,10,0.175781,0.578613,0.635254,-3.6875,0.5625,-1.875,0.733157,-0.240917,-2.39193
16616,-16,-51,-127,55,-6,-1,-1,-2,0.175781,0.578613,0.635254,-3.6875,0.5625,-1.875,0.733157,-0.240917,-2.39193
16644,2,67,50,30,24,17,16,17,0.175781,0.578613,0.635254,-3.6875,0.5625,-1.875,0.733157,-0.240917,-2.39193
16644,11,28,1,26,6,-8,-15,-21,0.175781,0.578613,0.635254,-3.6875,0.5625,-1.875,0.733157,-0.240917,-2.39193
16647,-72,-128,-83,-68,-66,-28,-21,-32,0.150879,0.562988,0.656738,-3.0625,-0.75,1,0.731643,-0.239958,-2.39169
16647,49,127,66,-72,-7,3,8,21,0.150879,0.562988,0.656738,-3.0625,-0.75,1,0.731643,-0.239958,-2.39169
16651,32,36,-33,-51,-27,-6,-7,-2,0.150879,0.562988,0.656738,-3.0625,-0.75,1,0.731643,-0.239958,-2.39169
16651,26,93,79,-17,13,3,5,12,0.150879,0.562988,0.656738,-3.0625,-0.75,1,0.731643,-0.239958,-2.39169
16666,-1,-77,-59,-29,-5,1,2,1,0.17627,0.586426,0.654297,-0.25,-0.5625,0.125,0.731614,-0.239648,-2.39175
16666,-49,-6,-37,0,1,-22,-25,-35,0.17627,0.586426,0.654297,-0.25,-0.5625,0.125,0.731614,-0.239648,-2.39175
16675,-56,-127,-114,-17,-31,-13,-15,-30,0.17627,0.586426,0.654297,-0.25,-0.5625,0.125,0.731614,-0.239648,-2.39175
16675,46,50,-47,12,-4,12,13,17,0.17627,0.586426,0.654297,-0.25,-0.5625,0.125,0.731614,-0.239648,-2.39175
16677,-3,6,-22,-34,-25,-16,-13,-10,0.194336,0.598633,0.682129,-0.625,-0.125,0.375,0.731512,-0.239494,-2.39166
16677,24,91,-44,-21,0,5,8,11,0.194336,0.598633,0.682129,-0.625,-0.125,0.375,0.731512,-0.239494,-2.39166
16697,32,21,-9,60,35,11,16,24,0.194336,0.598633,0.682129,-0.625,-0.125,0.375,0.731512,-0.239494,-2.39166
16697,-62,-33,-76,-32,-43,-28,-34,-46,0.194336,0.598633,0.682129,-0.625,-0.125,0.375,0.731512,-0.239494,-2.39166
16699,16,-65,-18,38,30,21,12,13,0.194336,0.587402,0.660156,2.625,-0.3125,2.5,0.732213,-0.239659,-2.39103
16699,-19,-75,12,-65,-14,2,2,-2,0.194336,0.587402,0.660156,2.625,-0.3125,2.5,0.732213,-0.239659,-2.39103
16711,1,-21,-32,3,-26,-11,-13,-11,0.194336,0.587402,0.660156,2.625,-0.3125,2.5,0.732213,-0.239659,-2.39103
16711,22,-7,19,-63,-2,5,11,15,0.194336,0.587402,0.660156,2.625,-0.3125,2.5,0.732213,-0.239659,-2.39103
16717,56,127,68,127,76,23,13,17,0.233398,0.614746,0.631836,-0.9375,-1.75,-4.1875,0.733055,-0.239541,-2.39281
16717,-71,-20,56,-20,-37,-28,-23,-36,0.233398,0.614746,0.631836,-0.9375,-1.75,-4.1875,0.733055,-0.239541,-2.39281
16734,9,9,-53,-42,-10,-2,3,5,0.233398,0.614746,0.631836,-0.9375,-1.75,-4.1875,0.733055,-0.239541,-2.39281
16734,-38,-97,-51,-57,-25,-5,-8,-10,0.233398,0.614746,0.631836,-0.9375,-1.75,-4.1875,0.733055,-0.239541,-2.39281
16736,-11,-51,-110,-33,23,-6,-3,-1,0.268555,0.608398,0.650879,-0.25,-0.8125,-3.3125,0.733652,-0.240184,-2.39385
16736,-32,-78,-37,22,-2,-5,-8,-10,0.268555,0.608398,0.650879,-0.25,-0.8125,-3.3125,0.733652,-0.240184,-2.39385
16757,-40,-23,34,60,19,10,0,-9,0.268555,0.608398,0.650879,-0.25,-0.8125,-3.3125,0.733652,-0.240184,-2.39385
16757,13,45,-91,-50,-19,-16,-5,2,0.268555,0.608398,0.650879,-0.25,-0.8125,-3.3125,0.733652,-0.240184,-2.39385
16758,-5,-15,-88,40,-13,7,4,3,0.206543,0.580078,0.678711,-2.3125,0.0625,1.0625,0.732228,-0.240159,-2.39344
16758,-10,-97,-117,44,26,9,5,10,0.206543,0.580078,0.678711,-2.3125,0.0625,1.0625,0.732228,-0.240159,-2.39344
16772,-39,-10,103,22,-18,-30,-24,-27,0.206543,0.580078,0.678711,-2.3125,0.0625,1.0625,0.732228,-0.240159,-2.39344
16772,-39,-128,-78,9,1,6,2,-9,0.206543,0.580078,0.678711,-2.3125,0.0625,1.0625,0.732228,-0.240159,-2.39344
16780,-9,38,-92,-92,-69,-16,-12,-11,0.195801,0.528809,0.668945,-4.8125,0.3125,-1.1875,0.729302,-0.239505,-2.39333
16780,77,88,101,17,37,24,23,29,0.195801,0.528809,0.668945,-4.8125,0.3125,-1.1875,0.729302,-0.239505,-2.39333
16795,-74,-77,-66,-79,-34,-21,-20,-24,0.195801,0.528809,0.668945,-4.8125,0.3125,-1.1875,0.729302,-0.239505,-2.39333
16795,8,65,127,25,8,1,-8,-5,0.195801,0.528809,0.668945,-4.8125,0.3125,-1.1875,0.729302,-0.239505,-2.39333
16796,66,127,123,6,20,15,19,28,0.234375,0.598633,0.648926,-0.5625,0.8125,-0.9375,0.729404,-0.23966,-2.39343
16796,20,71,-35,104,-5,1,-1,3,0.234375,0.598633,0.648926,-0.5625,0.8125,-0.9375,0.729404,-0.23966,-2.39343
16817,-4,82,-17,-37,-2,-4,-3,-6,0.234375,0.598633,0.648926,-0.5625,0.8125,-0.9375,0.729404,-0.23966,-2.39343
16817,17,64,-14,8,11,10,8,7,0.234375,0.598633,0.648926,-0.5625,0.8125,-0.9375,0.729404,-0.23966,-2.39343
16818,-14,17,-42,-29,-12,-4,-11,-9,0.195801,0.587891,0.649414,-5.25,-1.5,3.125,0.727571,-0.240321,-2.39289
16818,16,127,127,10,-15,-13,-4,1,0.195801,0.587891,0.649414,-5.25,-1.5,3.125,0.727571,-0.240321,-2.39289
16832,26,-9,17,-20,1,12,12,14,0.195801,0.587891,0.649414,-5.25,-1.5,3.125,0.727571,-0.240321,-2.39289
16832,-31,-5,-96,6,3,-9,-3,0,0.195801,0.587891,0.649414,-5.25,-1.5,3.125,0.727571,-0.240321,-2.39289
16839,32,65,89,15,13,9,1,0,0.187988,0.555664,0.655762,-1.9375,-1.625,1.75,0.726492,-0.240604,-2.39281
16839,-49,-105,52,-36,7,9,9,0,0.187988,0.555664,0.655762,-1.9375,-1.625,1.75,0.726492,-0.240604,-2.39281
16863,7,60,75,57,20,-1,2,-2,0.187988,0.555664,0.655762,-1.9375,-1.625,1.75,0.726492,-0.240604,-2.39281
16863,33,42,28,-8,5,1,4,9,0.187988,0.555664,0.655762,-1.9375,-1.625,1.75,0.726492,-0.240604,-2.39281
16864,0,-15,-67,31,11,4,12,15,0.224609,0.593262,0.651367,1.75,-1.5625,0,0.727437,-0.241161,-2.39311
16864,-14,6,-14,49,17,-1,-9,-16,0.224609,0.593262,0.651367,1.75,-1.5625,0,0.727437,-0.241161,-2.39311
16878,4,-97,-95,-42,8,2,1,3,0.224609,0.593262,0.651367,1.75,-1.5625,0,0.727437,-0.241161,-2.39311
16878,-28,35,16,-40,-18,-1,-2,-6,0.224609,0.593262,0.651367,1.75,-1.5625,0,0.727437,-0.241161,-2.39311
16879,-45,-128,-39,16,9,-3,-7,-16,0.230469,0.62207,0.647949,0.0625,-1,2.1875,0.728244,-0.242124,-2.39295
16879,24,83,3,-82,-27,-5,-2,7,0.230469,0.62207,0.647949,0.0625,-1,2.1875,0.728244,-0.242124,-2.39295
16900,14,70,48,50,-1,1,6,10,0.230469,0.62207,0.647949,0.0625,-1,2.1875,0.728244,-0.242124,-2.39295
16900,41,53,56,79,19,5,9,13,0.230469,0.62207,0.647949,0.0625,-1,2.1875,0.728244,-0.242124,-2.39295
16901,-27,-80,-34,29,15,10,1,-4,0.220703,0.592773,0.646973,-1.75,-1.125,0.25,0.727936,-0.24256,-2.39325
16901,22,-44,30,27,18,6,5,5,0.220703,0.592773,0.646973,-1.75,-1.125,0.25,0.727936,-0.24256,-2.39325
16922,13,100,47,-4,-4,-11,-10,-6,0.220703,0.592773,0.646973,-1.75,-1.125,0.25,0.727936,-0.24256,-2.39325
16922,-56,-128,-56,37,9,0,-3,-15,0.220703,0.592773,0.646973,-1.75,-1.125,0.25,0.727936,-0.24256,-2.39325
16923,3,127,127,16,-3,-3,2,0,0.234863,0.588867,0.665527,0.125,-0.125,-0.875,0.727897,-0.242666,-2.39328
16923,28,65,94,51,-2,5,4,10,0.234863,0.588867,0.665527,0.125,-0.125,-0.875,0.727897,-0.242666,-2.39328
16945,-99,-128,-109,-104,-72,-41,-41,-55,0.234863,0.588867,0.665527,0.125,-0.125,-0.875,0.727897,-0.242666,-2.39328
16945,35,114,127,18,12,-1,3,7,0.234863,0.588867,0.665527,0.125,-0.125,-0.875,0.727897,-0.242666,-2.39328
16947,8,48,-35,23,-6,4,3,7,0.232422,0.611328,0.651367,-0.625,1.3125,0.0625,0.728229,-0.242645,-2.39307
16947,-21,-88,-128,-13,-2,-11,-7,-11,0.232422,0.611328,0.651367,-0.625,1.3125,0.0625,0.728229,-0.242645,-2.39307
16951,36,127,97,37,8,13,16,20,0.232422,0.611328,0.651367,-0.625,1.3125,0.0625,0.728229,-0.242645,-2.39307
16951,17,15,32,-29,-5,1,-3,2,0.232422,0.611328,0.651367,-0.625,1.3125,0.0625,0.728229,-0.242645,-2.39307
16967,-24,44,59,-117,-67,-25,-13,-13,0.196777,0.594727,0.667969,-4.1875,0.8125,0.125,0.726784,-0.241844,-2.39282
16967,23,20,-66,66,51,16,8,10,0.196777,0.594727,0.667969,-4.1875,0.8125,0.125,0.726784,-0.241844,-2.39282
16975,-23,-58,83,-6,-4,1,1,-2,0.196777,0.594727,0.667969,-4.1875,0.8125,0.125,0.726784,-0.241844,-2.39282
16975,9,39,-12,60,23,7,6,10,0.196777,0.594727,0.667969,-4.1875,0.8125,0.125,0.726784,-0.241844,-2.39282
16976,20,-15,-15,5,6,-2,-5,-5,0.179199,0.533691,0.674805,-1.4375,0.875,0,0.724959,-0.24084,-2.39228
16976,-28,-42,1,-38,-35,-18,-17,-20,0.179199,0.533691,0.674805,-1.4375,0.875,0,0.724959,-0.24084,-2.39228
16997,50,11,47,-31,9,17,23,32,0.179199,0.533691,0.674805,-1.4375,0.875,0,0.724959,-0.24084,-2.39228
16997,-51,18,90,35,-7,-21,-29,-39,0.179199,0.533691,0.674805,-1.4375,0.875,0,0.724959,-0.24084,-2.39228
16999,4,71,-8,-31,-21,-16,-7,-5,0.212891,0.587891,0.645508,2.9375,1.625,-1.4375,0.726232,-0.240128,-2.39233
16999,48,104,44,58,36,30,30,34,0.212891,0.587891,0.645508,2.9375,1.625,-1.4375,0.726232,-0.240128,-2.39233
17020,-4,65,-92,-83,-34,-18,-16,-19,0.212891,0.587891,0.645508,2.9375,1.625,-1.4375,0.726232,-0.240128,-2.39233
17020,-7,-35,124,-7,-34,-8,1,3,0.212891,0.587891,0.645508,2.9375,1.625,-1.4375,0.726232,-0.240128,-2.39233
17022,-19,-38,-78,-27,38,5,1,-2,0.216797,0.592773,0.661621,-1,0.5625,1.875,0.725886,-0.240374,-2.39175
17022,29,117,85,-1,-23,3,2,5,0.216797,0.592773,0.661621,-1,0.5625,1.875,0.725886,-0.240374,-2.39175
17036,3,-25,-79,13,20,10,7,10,0.216797,0.592773,0.661621,-1,0.5625,1.875,0.725886,-0.240374,-2.39175
17036,5,24,-69,-23,-5,4,7,6,0.216797,0.592773,0.661621,-1,0.5625,1.875,0.725886,-0.240374,-2.39175
17037,-3,-17,-30,-75,-46,-22,-14,-10,0.19043,0.541992,0.655762,-1.8125,-0.3125,3.8125,0.724298,-0.240893,-2.39053
17037,29,44,85,54,37,10,16,23,0.19043,0.541992,0.655762,-1.8125,-0.3125,3.8125,0.724298,-0.240893,-2.39053
17058,-17,-40,63,70,18,8,-12,-20,0.19043,0.541992,0.655762,-1.8125,-0.3125,3.8125,0.724298,-0.240893,-2.39053
17058,-29,-73,-6,36,-8,-5,-4,-11,0.19043,0.541992,0.655762,-1.8125,-0.3125,3.8125,0.724298,-0.240893,-2.39053
17059,50,38,59,44,28,12,15,28,0.21582,0.578125,0.653809,1.0625,0.125,3,0.724519,-0.241586,-2.38979
17059,-88,-52,-80,-113,-47,-27,-27,-38,0.21582,0.578125,0.653809,1.0625,0.125,3,0.724519,-0.241586,-2.38979
17071,65,127,83,10,-7,-4,3,18,0.21582,0.578125,0.653809,1.0625,0.125,3,0.724519,-0.241586,-2.38979
17071,-62,-128,-128,37,6,-4,-10,-24,0.21582,0.578125,0.653809,1.0625,0.125,3,0.724519,-0.241586,-2.38979
17080,-9,-12,34,37,11,9,4,4,0.226074,0.609375,0.642578,-0.875,-0.3125,4,0.724697,-0.242746,-2.38884
17080,-3,39,-98,22,5,12,10,10,0.226074,0.609375,0.642578,-0.875,-0.3125,4,0.724697,-0.242746,-2.38884
17095,14,33,49,32,24,7,4,4,0.226074,0.609375,0.642578,-0.875,-0.3125,4,0.724697,-0.242746,-2.38884
17095,1,57,-45,-101,-37,-17,-14,-12,0.226074,0.609375,0.642578,-0.875,-0.3125,4,0.724697,-0.242746,-2.38884
17096,-14,-4,100,-3,-22,-8,-9,-9,0.231934,0.591309,0.660156,1.8125,0.3125,2.125,0.725163,-0.243493,-2.38819
17096,53,72,-101,-43,20,10,9,20,0.231934,0.591309,0.660156,1.8125,0.3125,2.125,0.725163,-0.243493,-2.38819
17118,-41,-86,-40,6,-11,-9,-10,-15,0.231934,0.591309,0.660156,1.8125,0.3125,2.125,0.725163,-0.243493,-2.38819
17118,67,105,73,25,10,14,17,25,0.231934,0.591309,0.660156,1.8125,0.3125,2.125,0.725163,-0.243493,-2.38819
17119,2,-45,-69,-16,0,-5,-2,0,0.209961,0.600098,0.663086,4,1.0625,-0.125,0.726835,-0.242873,-2.3881
17119,36,22,86,57,21,16,11,16,0.209961,0.600098,0.663086,4,1.0625,-0.125,0.726835,-0.242873,-2.3881
17131,-32,-66,-84,-19,-12,-2,-2,-5,0.209961,0.600098,0.663086,4,1.0625,-0.125,0.726835,-0.242873,-2.3881
17131,5,42,5,5,14,4,3,8,0.209961,0.600098,0.663086,4,1.0625,-0.125,0.726835,-0.242873,-2.3881
17140,-44,-8,-24,-29,-22,-14,-10,-17,0.237305,0.611816,0.651367,2.125,1.375,-3.5,0.728235,-0.242082,-2.38876
17140,11,14,120,5,19,17,13,14,0.237305,0.611816,0.651367,2.125,1.375,-3.5,0.728235,-0.242082,-2.38876
17155,-47,-98,-112,-72,-27,-15,-13,-16,0.237305,0.611816,0.651367,2.125,1.375,-3.5,0.728235,-0.242082,-2.38876
17155,-1,29,46,-12,0,3,0,-2,0.237305,0.611816,0.651367,2.125,1.375,-3.5,0.728235,-0.242082,-2.38876
17157,29,1,23,55,12,10,14,15,0.23291,0.61084,0.652344,-0.375,1.5,-3.5,0.72881,-0.241206,-2.38944
17157,-6,51,66,12,1,1,-6,-5,0.23291,0.61084,0.652344,-0.375,1.5,-3.5,0.72881,-0.241206,-2.38944
17178,-28,-94,43,-74,-13,-8,-5,-9,0.23291,0.61084,0.652344,-0.375,1.5,-3.5,0.72881,-0.241206,-2.38944
17178,40,89,40,-29,-12,-1,4,13,0.23291,0.61084,0.652344,-0.375,1.5,-3.5,0.72881,-0.241206,-2.38944
17179,-20,-6,63,-38,10,6,-2,-8,0.195801,0.560547,0.647461,-2.125,0,-3,0.727884,-0.240109,-2.3901
17179,12,-7,-59,-116,-3,-9,-8,-7,0.195801,0.560547,0.647461,-2.125,0,-3,0.727884,-0.240109,-2.3901
17191,49,78,91,66,27,12,10,18,0.195801,0.560547,0.647461,-2.125,0,-3,0.727884,-0.240109,-2.3901
17191,5,42,81,37,36,11,9,9,0.195801,0.560547,0.647461,-2.125,0,-3,0.727884,-0.240109,-2.3901
17200,-8,90,49,1,-16,-10,-7,-8,0.230957,0.578613,0.64502,0.125,0.125,-5.5,0.728431,-0.239311,-2.39161
17200,59,55,105,44,6,6,10,17,0.230957,0.578613,0.64502,0.125,0.125,-5.5,0.728431,-0.239311,-2.39161
17230,11,42,127,-41,9,3,1,3,0.230957,0.578613,0.64502,0.125,0.125,-5.5,0.728431,-0.239311,-2.39161
17230,5,-24,-18,49,14,2,0,1,0.230957,0.578613,0.64502,0.125,0.125,-5.5,0.728431,-0.239311,-2.39161
17231,29,46,-27,16,15,11,6,14,0.224121,0.595703,0.647949,-0.5,0.0625,-2.8125,0.728664,-0.23892,-2.3924
17231,-23,55,95,-100,-54,-21,-14,-15,0.224121,0.595703,0.647949,-0.5,0.0625,-2.8125,0.728664,-0.23892,-2.3924
17238,43,49,56,126,61,35,30,39,0.224121,0.595703,0.647949,-0.5,0.0625,-2.8125,0.728664,-0.23892,-2.3924
17238,-45,-128,-110,-114,-36,-20,-18,-23,0.224121,0.595703,0.647949,-0.5,0.0625,-2.8125,0.728664,-0.23892,-2.3924
17239,-10,24,65,40,-1,-6,-9,-12,0.199707,0.555176,0.662598,-2.125,-0.4375,0.1875,0.727273,-0.238797,-2.39226
17239,-35,-101,-111,-54,-21,-10,-4,-8,0.199707,0.555176,0.662598,-2.125,-0.4375,0.1875,0.727273,-0.238797,-2.39226
17251,6,-31,-13,20,-1,-3,0,5,0.199707,0.555176,0.662598,-2.125,-0.4375,0.1875,0.727273,-0.238797,-2.39226
17251,-8,81,39,-20,-16,1,-4,-2,0.199707,0.555176,0.662598,-2.125,-0.4375,0.1875,0.727273,-0.238797,-2.39226
17267,-11,5,76,15,8,-4,-7,-6,0.195801,0.574707,0.650879,1,-0.0625,-0.4375,0.727568,-0.238325,-2.39234
17267,-50,-30,-14,-14,-34,-23,-22,-29,0.195801,0.574707,0.650879,1,-0.0625,-0.4375,0.727568,-0.238325,-2.39234
17275,105,114,56,44,43,32,38,52,0.195801,0.574707,0.650879,1,-0.0625,-0.4375,0.727568,-0.238325,-2.39234
17275,6,-105,3,38,27,5,-3,-13,0.195801,0.574707,0.650879,1,-0.0625,-0.4375,0.727568,-0.238325,-2.39234
17277,-20,21,-128,-97,-49,-12,-4,-6,0.213867,0.595703,0.660156,0.1875,-1,-0.4375,0.72771,-0.238373,-2.3924
17277,32,31,-23,64,45,25,18,26,0.213867,0.595703,0.660156,0.1875,-1,-0.4375,0.72771,-0.238373,-2.3924
17297,-35,1,43,-28,-24,-19,-19,-27,0.213867,0.595703,0.660156,0.1875,-1,-0.4375,0.72771,-0.238373,-2.3924
17297,22,88,-45,18,6,5,10,14,0.213867,0.595703,0.660156,0.1875,-1,-0.4375,0.72771,-0.238373,-2.3924
17299,-59,-128,-65,-58,-33,-16,-19,-27,0.197754,0.576172,0.669434,0.75,-0.875,1.6875,0.727501,-0.238574,-2.39203
17299,-8,57,21,-19,-15,-12,-8,-9,0.197754,0.576172,0.669434,0.75,-0.875,1.6875,0.727501,-0.238574,-2.39203
17311,-22,-44,-84,-24,-14,-4,-4,-7,0.197754,0.576172,0.669434,0.75,-0.875,1.6875,0.727501,-0.238574,-2.39203
17311,15,27,44,-64,-25,-7,-4,3,0.197754,0.576172,0.669434,0.75,-0.875,1.6875,0.727501,-0.238574,-2.39203
17320,35,43,45,42,50,17,15,17,0.210449,0.583984,0.660156,1.4375,0.1875,0.8125,0.727799,-0.238556,-2.39171
17320,1,-122,68,83,16,10,8,7,0.210449,0.583984,0.660156,1.4375,0.1875,0.8125,0.727799,-0.238556,-2.39171
17335,-43,-28,-114,-63,-52,-43,-44,-50,0.210449,0.583984,0.660156,1.4375,0.1875,0.8125,0.727799,-0.238556,-2.39171
17335,12,-45,-14,-20,-15,2,8,13,0.210449,0.583984,0.660156,1.4375,0.1875,0.8125,0.727799,-0.238556,-2.39171
17336,29,78,126,54,19,13,6,10,0.216309,0.591797,0.645996,-0.0625,0.4375,2.375,0.727912,-0.239153,-2.3911
17336,-10,-26,86,51,14,-8,-2,-9,0.216309,0.591797,0.645996,-0.0625,0.4375,2.375,0.727912,-0.239153,-2.3911
17356,-3,22,38,50,11,9,13,9,0.208008,0.583496,0.650879,-0.875,0.25,2.5,0.727535,-0.239449,-2.39032
17356,26,69,112,42,9,-6,-5,-1,0.208008,0.583496,0.650879,-0.875,0.25,2.5,0.727535,-0.239449,-2.39032
17357,-53,-96,-111,-36,-11,-2,-9,-14,0.208008,0.583496,0.650879,-0.875,0.25,2.5,0.727535,-0.239449,-2.39032
17357,-1,64,33,17,-2,-3,0,-1,0.208008,0.583496,0.650879,-0.875,0.25,2.5,0.727535,-0.239449,-2.39032
17379,1,22,-13,-120,-44,-11,-13,-12,0.214355,0.581543,0.665039,0.0625,0.75,1.6875,0.72723,-0.239589,-2.3897
17379,-54,-101,-113,14,35,10,2,-3,0.214355,0.581543,0.665039,0.0625,0.75,1.6875,0.72723,-0.239589,-2.3897
17379,47,98,-31,14,20,10,12,18,0.214355,0.581543,0.665039,0.0625,0.75,1.6875,0.72723,-0.239589,-2.3897
17379,-66,-128,-117,-128,-44,-22,-22,-31,0.214355,0.581543,0.665039,0.0625,0.75,1.6875,0.72723,-0.239589,-2.3897
17394,-22,34,-33,127,30,6,3,0,0.206055,0.576172,0.657227,-0.5625,0.5625,1.9375,0.726746,-0.239834,-2.38898
17394,-10,-86,-111,-21,2,3,2,5,0.206055,0.576172,0.657227,-0.5625,0.5625,1.9375,0.726746,-0.239834,-2.38898
17395,-58,-91,26,-22,-18,-16,-21,-31,0.206055,0.576172,0.657227,-0.5625,0.5625,1.9375,0.726746,-0.239834,-2.38898
17395,-1,39,-56,73,17,-4,-7,-6,0.206055,0.576172,0.657227,-0.5625,0.5625,1.9375,0.726746,-0.239834,-2.38898
17417,28,15,-24,9,10,8,11,17,0.210938,0.571289,0.661133,-0.375,0.6875,1.1875,0.726156,-0.239831,-2.38831
17417,-22,-31,-85,-94,-39,-16,-14,-14,0.210938,0.571289,0.661133,-0.375,0.6875,1.1875,0.726156,-0.239831,-2.38831
17418,-1,-21,12,49,7,-6,-5,-10,0.210938,0.571289,0.661133,-0.375,0.6875,1.1875,0.726156,-0.239831,-2.38831
17418,-11,-45,-128,-9,-7,8,13,14,0.210938,0.571289,0.661133,-0.375,0.6875,1.1875,0.726156,-0.239831,-2.38831
17439,-7,28,42,17,-11,-6,-10,-7,0.223145,0.573242,0.655273,-0.25,0.25,1.875,0.725834,-0.240491,-2.38781
17439,-40,-23,-21,-60,-24,-11,-8,-16,0.223145,0.573242,0.655273,-0.25,0.25,1.875,0.725834,-0.240491,-2.38781
17440,-10,-88,-70,-1,-1,-4,-3,1,0.223145,0.573242,0.655273,-0.25,0.25,1.875,0.725834,-0.240491,-2.38781
17440,25,55,105,32,10,8,1,4,0.223145,0.573242,0.655273,-0.25,0.25,1.875,0.725834,-0.240491,-2.38781
17456,-17,-27,48,-48,-20,-8,-8,-10,0.230469,0.589844,0.649902,-1.375,-0.5625,2.3125,0.725461,-0.241478,-2.38732
17456,22,99,11,23,21,6,3,5,0.230469,0.589844,0.649902,-1.375,-0.5625,2.3125,0.725461,-0.241478,-2.38732
17456,33,51,127,12,1,5,5,7,0.230469,0.589844,0.649902,-1.375,-0.5625,2.3125,0.725461,-0.241478,-2.38732
17456,-24,-49,-128,-112,-30,-14,-10,-9,0.230469,0.589844,0.649902,-1.375,-0.5625,2.3125,0.725461,-0.241478,-2.38732
17477,38,95,23,14,14,9,11,15,0.214355,0.583008,0.649414,-2,-1.6875,1.4375,0.724938,-0.242217,-2.38739
17477,-26,66,103,58,-4,-3,-1,-3,0.214355,0.583008,0.649414,-2,-1.6875,1.4375,0.724938,-0.242217,-2.38739
17477,-12,-40,-37,-11,-5,-1,2,-3,0.214355,0.583008,0.649414,-2,-1.6875,1.4375,0.724938,-0.242217,-2.38739
17477,74,127,70,51,41,22,22,34,0.214355,0.583008,0.649414,-2,-1.6875,1.4375,0.724938,-0.242217,-2.38739
17500,-27,-9,93,-79,-49,-23,-21,-29,0.211914,0.593262,0.660645,0.5625,-2.125,-1.4375,0.725484,-0.242234,-2.38825
17500,36,111,8,-6,10,7,9,11,0.211914,0.593262,0.660645,0.5625,-2.125,-1.4375,0.725484,-0.242234,-2.38825
17501,38,127,-81,81,39,12,7,14,0.211914,0.593262,0.660645,0.5625,-2.125,-1.4375,0.725484,-0.242234,-2.38825
17501,-24,-22,94,-44,-37,-21,-17,-26,0.211914,0.593262,0.660645,0.5625,-2.125,-1.4375,0.725484,-0.242234,-2.38825
17514,30,115,6,8,9,8,11,14,0.220703,0.604004,0.664551,2.125,-0.9375,-2.5625,0.726716,-0.241926,-2.38926
17514,-40,-68,77,44,7,1,-9,-16,0.220703,0.604004,0.664551,2.125,-0.9375,-2.5625,0.726716,-0.241926,-2.38926
17515,3,127,40,-45,-11,-8,-5,-4,0.220703,0.604004,0.664551,2.125,-0.9375,-2.5625,0.726716,-0.241926,-2.38926
17515,-14,-25,-3,-34,-20,-12,-13,-18,0.220703,0.604004,0.664551,2.125,-0.9375,-2.5625,0.726716,-0.241926,-2.38926
17537,45,46,26,41,28,21,24,28,0.201172,0.58252,0.663574,-1.5625,-1.125,-0.9375,0.726064,-0.241598,-2.38963
17537,17,125,-49,-82,-38,-14,-7,4,0.201172,0.58252,0.663574,-1.5625,-1.125,-0.9375,0.726064,-0.241598,-2.38963
17537,-11,-68,79,31,22,8,5,-6,0.201172,0.58252,0.663574,-1.5625,-1.125,-0.9375,0.726064,-0.241598,-2.38963
17537,-30,24,-7,3,5,1,-1,-5,0.201172,0.58252,0.663574,-1.5625,-1.125,-0.9375,0.726064,-0.241598,-2.38963
17559,7,46,6,-13,3,2,4,9,0.217285,0.556152,0.658691,-2.8125,-0.5625,-1.125,0.724762,-0.241592,-2.38996
17559,36,-36,-7,9,12,7,7,14,0.217285,0.556152,0.658691,-2.8125,-0.5625,-1.125,0.724762,-0.241592,-2.38996
17560,23,50,37,21,0,4,3,17,0.217285,0.556152,0.658691,-2.8125,-0.5625,-1.125,0.724762,-0.241592,-2.38996
17560,-24,49,49,29,-21,-11,-12,-19,0.217285,0.556152,0.658691,-2.8125,-0.5625,-1.125,0.724762,-0.241592,-2.38996
17574,3,48,58,21,29,11,5,7,0.239746,0.590332,0.646484,-1.0625,0.125,-1,0.724816,-0.24191,-2.39031
17574,6,18,-117,-16,-1,-1,-3,-7,0.239746,0.590332,0.646484,-1.0625,0.125,-1,0.724816,-0.24191,-2.39031
17575,-48,-86,-11,-21,-20,-10,-3,-5,0.239746,0.590332,0.646484,-1.0625,0.125,-1,0.724816,-0.24191,-2.39031
17575,6,-38,68,26,7,5,5,4,0.239746,0.590332,0.646484,-1.0625,0.125,-1,0.724816,-0.24191,-2.39031
17596,-60,-115,4,26,-19,-12,-16,-21,0.219727,0.601562,0.651367,-0.8125,0.1875,-0.75,0.724923,-0.241961,-2.39026
17596,1,-10,-35,6,10,4,2,1,0.219727,0.601562,0.651367,-0.8125,0.1875,-0.75,0.724923,-0.241961,-2.39026
17597,-30,6,-53,-56,-27,-13,-12,-22,0.219727,0.601562,0.651367,-0.8125,0.1875,-0.75,0.724923,-0.241961,-2.39026
17597,-1,15,-86,-13,-5,12,12,18,0.219727,0.601562,0.651367,-0.8125,0.1875,-0.75,0.724923,-0.241961,-2.39026
17619,-13,-9,11,-14,19,-3,-5,-7,0.200195,0.568359,0.68457,1.0625,0.625,-2.5625,0.724623,-0.240732,-2.39055
17619,20,75,81,83,20,4,2,5,0.200195,0.568359,0.68457,1.0625,0.625,-2.5625,0.724623,-0.240732,-2.39055
17619,16,94,116,32,4,3,2,1,0.200195,0.568359,0.68457,1.0625,0.625,-2.5625,0.724623,-0.240732,-2.39055
17619,-59,-102,-42,-90,-24,-13,-14,-24,0.200195,0.568359,0.68457,1.0625,0.625,-2.5625,0.724623,-0.240732,-2.39055
17635,-8,-27,-36,-17,6,4,1,-3,0.206543,0.598145,0.669922,2.75,1.5,-4.8125,0.725965,-0.23896,-2.39157
17635,29,71,121,20,-2,-1,0,3,0.206543,0.598145,0.669922,2.75,1.5,-4.8125,0.725965,-0.23896,-2.39157
17635,42,-19,49,-40,7,9,9,16,0.206543,0.598145,0.669922,2.75,1.5,-4.8125,0.725965,-0.23896,-2.39157
17635,6,65,-7,59,19,-3,-2,2,0.206543,0.598145,0.669922,2.75,1.5,-4.8125,0.725965,-0.23896,-2.39157
17657,1,76,40,-21,-14,1,-2,-4,0.214844,0.62207,0.654785,-0.8125,1.4375,-4.75,0.726615,-0.237373,-2.39267
17657,-25,-107,-100,-42,27,13,10,5,0.214844,0.62207,0.654785,-0.8125,1.4375,-4.75,0.726615,-0.237373,-2.39267
17657,-14,55,-3,-14,-28,-23,-24,-26,0.214844,0.62207,0.654785,-0.8125,1.4375,-4.75,0.726615,-0.237373,-2.39267
17657,7,-71,-30,12,3,4,6,5,0.214844,0.62207,0.654785,-0.8125,1.4375,-4.75,0.726615,-0.237373,-2.39267
17679,7,14,-46,-20,2,-5,1,-3,0.185547,0.570801,0.661621,-2.9375,1.8125,-3.125,0.725362,-0.235598,-2.39296
17679,42,5,-53,66,35,13,16,25,0.185547,0.570801,0.661621,-2.9375,1.8125,-3.125,0.725362,-0.235598,-2.39296
17679,-2,120,18,40,2,3,-2,-6,0.185547,0.570801,0.661621,-2.9375,1.8125,-3.125,0.725362,-0.235598,-2.39296
17679,-6,21,4,-18,-6,-7,-6,-5,0.185547,0.570801,0.661621,-2.9375,1.8125,-3.125,0.725362,-0.235598,-2.39296
17696,10,50,-86,39,6,0,1,3,0.199707,0.562012,0.656738,0.3125,2.3125,-4.125,0.725252,-0.233848,-2.39338
17696,-30,28,127,-8,-21,-12,-12,-18,0.199707,0.562012,0.656738,0.3125,2.3125,-4.125,0.725252,-0.233848,-2.39338
17697,1,-2,-38,-9,14,11,8,8,0.199707,0.562012,0.656738,0.3125,2.3125,-4.125,0.725252,-0.233848,-2.39338
17697,4,59,-34,-16,-9,-5,-7,-3,0.199707,0.562012,0.656738,0.3125,2.3125,-4.125,0.725252,-0.233848,-2.39338
17717,-12,-1,-56,-39,-22,-3,-1,2,0.22168,0.585938,0.643066,0.9375,2.1875,-2.875,0.725979,-0.233057,-2.39375
17717,-20,-24,109,81,11,-1,-7,-12,0.22168,0.585938,0.643066,0.9375,2.1875,-2.875,0.725979,-0.233057,-2.39375
17717,6,-69,-5,25,7,2,-1,4,0.22168,0.585938,0.643066,0.9375,2.1875,-2.875,0.725979,-0.233057,-2.39375
17717,8,-47,127,-4,-9,-5,-3,-6,0.22168,0.585938,0.643066,0.9375,2.1875,-2.875,0.725979,-0.233057,-2.39375
17740,-8,-101,24,9,-8,-3,0,1,0.199219,0.576172,0.642578,-2.375,0.3125,-0.5,0.725232,-0.23267,-2.39387
17740,2,-110,-27,-25,-11,-11,-10,-7,0.199219,0.576172,0.642578,-2.375,0.3125,-0.5,0.725232,-0.23267,-2.39387
17740,-46,-122,-83,-34,-14,4,-2,-11,0.199219,0.576172,0.642578,-2.375,0.3125,-0.5,0.725232,-0.23267,-2.39387
17740,19,-6,-55,62,43,14,12,16,0.199219,0.576172,0.642578,-2.375,0.3125,-0.5,0.725232,-0.23267,-2.39387
17756,-22,-62,-60,-65,-40,-14,-14,-17,0.178711,0.545898,0.663086,-1.5625,-1,2.0625,0.723925,-0.232787,-2.39326
17756,18,-3,37,-21,-1,0,4,6,0.178711,0.545898,0.663086,-1.5625,-1,2.0625,0.723925,-0.232787,-2.39326
17756,29,80,-84,3,1,-3,6,10,0.178711,0.545898,0.663086,-1.5625,-1,2.0625,0.723925,-0.232787,-2.39326
17756,0,-30,63,0,-4,-1,1,3,0.178711,0.545898,0.663086,-1.5625,-1,2.0625,0.723925,-0.232787,-2.39326
17785,-18,-24,-13,66,30,8,0,-8,0.207031,0.568359,0.661621,1.25,-0.75,1.6875,0.724028,-0.233392,-2.39295
17785,7,-28,-25,-49,-24,-10,-5,-7,0.207031,0.568359,0.661621,1.25,-0.75,1.6875,0.724028,-0.233392,-2.39295
17785,69,80,-89,-19,7,5,5,14,0.207031,0.568359,0.661621,1.25,-0.75,1.6875,0.724028,-0.233392,-2.39295
17785,-17,12,45,43,10,-2,-7,-9,0.207031,0.568359,0.661621,1.25,-0.75,1.6875,0.724028,-0.233392,-2.39295
17800,2,71,88,49,13,0,-3,0,0.23291,0.615723,0.648926,-0.375,-0.6875,1.8125,0.724468,-0.234472,-2.39273
17800,8,15,-25,-37,-16,-1,1,0,0.23291,0.615723,0.648926,-0.375,-0.6875,1.8125,0.724468,-0.234472,-2.39273
17800,23,91,127,-19,-14,-4,8,13,0.23291,0.615723,0.648926,-0.375,-0.6875,1.8125,0.724468,-0.234472,-2.39273
17800,-51,-26,53,48,32,10,-8,-18,0.23291,0.615723,0.648926,-0.375,-0.6875,1.8125,0.724468,-0.234472,-2.39273
17814,40,-91,-90,-17,5,7,7,9,0.233398,0.602051,0.662109,-1.375,-0.375,1.125,0.724342,-0.235301,-2.39265
17814,22,127,31,-2,-3,7,5,10,0.233398,0.602051,0.662109,-1.375,-0.375,1.125,0.724342,-0.235301,-2.39265
17815,-43,-45,123,32,1,-14,-14,-22,0.233398,0.602051,0.662109,-1.375,-0.375,1.125,0.724342,-0.235301,-2.39265
17815,2,-53,-128,-74,-18,-7,1,3,0.233398,0.602051,0.662109,-1.375,-0.375,1.125,0.724342,-0.235301,-2.39265
17845,51,105,82,-33,-2,4,11,20,0.194824,0.572266,0.666016,-0.0625,-0.3125,-0.0625,0.724241,-0.235146,-2.39256
17845,-10,48,111,49,5,-5,-9,-10,0.194824,0.572266,0.666016,-0.0625,-0.3125,-0.0625,0.724241,-0.235146,-2.39256
17846,10,-93,-50,39,14,5,0,0,0.194824,0.572266,0.666016,-0.0625,-0.3125,-0.0625,0.724241,-0.235146,-2.39256
17846,-67,5,-60,-60,-25,-17,-18,-28,0.194824,0.572266,0.666016,-0.0625,-0.3125,-0.0625,0.724241,-0.235146,-2.39256
17859,-26,-7,42,-29,1,-2,0,-1,0.20752,0.589355,0.669434,1.8125,0.3125,-2.8125,0.724956,-0.23432,-2.3933
17859,13,40,-44,-3,-3,4,11,14,0.20752,0.589355,0.669434,1.8125,0.3125,-2.8125,0.724956,-0.23432,-2.3933
17859,-32,-82,51,88,3,1,-12,-16,0.20752,0.589355,0.669434,1.8125,0.3125,-2.8125,0.724956,-0.23432,-2.3933
17859,18,64,-10,-42,-6,-5,-3,-1,0.20752,0.589355,0.669434,1.8125,0.3125,-2.8125,0.724956,-0.23432,-2.3933
17874,23,-12,-79,-88,-30,-15,-3,2,0.195801,0.604492,0.648926,-1.6875,-0.3125,-1.625,0.725023,-0.233665,-2.39394
17874,-52,-93,-56,33,20,2,-3,-13,0.195801,0.604492,0.648926,-1.6875,-0.3125,-1.625,0.725023,-0.233665,-2.39394
17875,8,-37,-100,-5,8,7,9,14,0.195801,0.604492,0.648926,-1.6875,-0.3125,-1.625,0.725023,-0.233665,-2.39394
17875,14,-7,21,-9,-5,9,6,5,0.195801,0.604492,0.648926,-1.6875,-0.3125,-1.625,0.725023,-0.233665,-2.39394
17897,-19,54,-48,-21,-5,-10,-10,-15,0.201172,0.571289,0.65918,-2.3125,-0.3125,-0.875,0.72409,-0.233441,-2.39418
17897,9,54,-15,-28,-2,4,6,13,0.201172,0.571289,0.65918,-2.3125,-0.3125,-0.875,0.72409,-0.233441,-2.39418
17898,67,127,60,58,35,19,20,31,0.201172,0.571289,0.65918,-2.3125,-0.3125,-0.875,0.72409,-0.233441,-2.39418
17898,8,28,58,25,-8,-10,-6,-9,0.201172,0.571289,0.65918,-2.3125,-0.3125,-0.875,0.72409,-0.233441,-2.39418
17919,-19,-25,-19,-3,-1,-1,0,-1,0.203125,0.56543,0.661621,1.4375,0.375,-1.3125,0.724279,-0.232919,-2.39431
17919,10,19,-4,11,13,-2,1,1,0.203125,0.56543,0.661621,1.4375,0.375,-1.3125,0.724279,-0.232919,-2.39431
17920,0,55,60,-19,-19,-4,2,3,0.203125,0.56543,0.661621,1.4375,0.375,-1.3125,0.724279,-0.232919,-2.39431
17920,49,97,-15,-21,4,8,8,19,0.203125,0.56543,0.661621,1.4375,0.375,-1.3125,0.724279,-0.232919,-2.39431
17934,-40,-56,26,38,21,8,-2,-6,0.205566,0.597168,0.656738,1.6875,-0.5,-0.0625,0.72513,-0.232905,-2.39454
17934,-26,-62,-44,-45,-20,-9,-8,-12,0.205566,0.597168,0.656738,1.6875,-0.5,-0.0625,0.72513,-0.232905,-2.39454
17935,-46,-115,-128,-65,-10,-2,-3,-14,0.205566,0.597168,0.656738,1.6875,-0.5,-0.0625,0.72513,-0.232905,-2.39454
17935,24,127,127,87,4,-4,-1,2,0.205566,0.597168,0.656738,1.6875,-0.5,-0.0625,0.72513,-0.232905,-2.39454
17956,-81,-74,-123,-48,4,-2,-9,-19,0.186523,0.575684,0.665039,-1.9375,-0.75,2.25,0.724212,-0.233167,-2.394
17956,-5,-21,-31,-23,-23,-7,-9,-12,0.186523,0.575684,0.665039,-1.9375,-0.75,2.25,0.724212,-0.233167,-2.394
17957,18,-37,-79,-57,-15,-4,2,9,0.186523,0.575684,0.665039,-1.9375,-0.75,2.25,0.724212,-0.233167,-2.394
17957,-4,-34,42,42,19,10,2,1,0.186523,0.575684,0.665039,-1.9375,-0.75,2.25,0.724212,-0.233167,-2.394
17987,-17,-38,28,9,-31,-20,-13,-12,0.199707,0.566406,0.668457,-1.5625,-0.875,2.875,0.723001,-0.233752,-2.39332
17987,30,88,83,-9,4,5,5,6,0.199707,0.566406,0.668457,-1.5625,-0.875,2.875,0.723001,-0.233752,-2.39332
17988,-38,-63,93,-34,-17,-10,-12,-19,0.199707,0.566406,0.668457,-1.5625,-0.875,2.875,0.723001,-0.233752,-2.39332
17988,53,97,44,48,15,9,17,28,0.199707,0.566406,0.668457,-1.5625,-0.875,2.875,0.723001,-0.233752,-2.39332
17993,-47,6,111,28,11,-4,-11,-19,0.237305,0.595703,0.661133,1,0.4375,1.1875,0.723598,-0.234554,-2.39302
17993,-24,44,49,9,-14,-16,-16,-19,0.237305,0.595703,0.661133,1,0.4375,1.1875,0.723598,-0.234554,-2.39302
18001,30,127,127,53,18,12,12,14,0.237305,0.595703,0.661133,1,0.4375,1.1875,0.723598,-0.234554,-2.39302
18001,11,-63,-128,-105,-44,-21,-16,-11,0.237305,0.595703,0.661133,1,0.4375,1.1875,0.723598,-0.234554,-2.39302
18016,35,42,-2,39,9,10,13,12,0.192383,0.588867,0.662598,0.1875,-0.5,1.9375,0.723579,-0.234638,-2.39246
18016,-48,76,48,-63,-31,-20,-20,-26,0.192383,0.588867,0.662598,0.1875,-0.5,1.9375,0.723579,-0.234638,-2.39246
18018,-3,42,45,62,27,9,5,3,0.192383,0.588867,0.662598,0.1875,-0.5,1.9375,0.723579,-0.234638,-2.39246
18018,7,39,-32,12,-5,-2,1,1,0.192383,0.588867,0.662598,0.1875,-0.5,1.9375,0.723579,-0.234638,-2.39246
18039,53,95,-84,57,38,20,19,25,0.20166,0.580078,0.65918,0.875,0.0625,-0.375,0.723577,-0.234592,-2.39254
18039,-11,-58,-63,-29,-6,3,-6,-11,0.20166,0.580078,0.65918,0.875,0.0625,-0.375,0.723577,-0.234592,-2.39254
18039,-3,54,8,-20,-6,-7,-7,-5,0.20166,0.580078,0.65918,0.875,0.0625,-0.375,0.723577,-0.234592,-2.39254
18039,-13,-26,-1,-70,-34,-12,-7,-11,0.20166,0.580078,0.65918,0.875,0.0625,-0.375,0.723577,-0.234592,-2.39254
18064,5,-38,-98,25,36,11,14,19,0.214844,0.586426,0.655762,0.1875,0.125,-0.4375,0.723577,-0.234592,-2.39254
18064,-30,-125,-107,-60,-43,-17,-15,-17,0.214844,0.586426,0.655762,0.1875,0.125,-0.4375,0.723577,-0.234592,-2.39254
18065,4,79,-13,52,15,3,4,5,0.214844,0.586426,0.655762,0.1875,0.125,-0.4375,0.723577,-0.234592,-2.39254
18065,0,-128,-106,25,13,1,0,-3,0.214844,0.586426,0.655762,0.1875,0.125,-0.4375,0.723577,-0.234592,-2.39254
18076,-28,-23,-58,-84,-49,-20,-20,-27,0.206543,0.59668,0.657227,-0.6875,0,1.0625,0.723547,-0.234688,-2.39227
18076,33,-44,-26,6,27,14,19,26,0.206543,0.59668,0.657227,-0.6875,0,1.0625,0.723547,-0.234688,-2.39227
18078,-6,-128,-10,39,18,1,2,3,0.206543,0.59668,0.657227,-0.6875,0,1.0625,0.723547,-0.234688,-2.39227
18078,-52,87,113,-20,-3,-4,-13,-22,0.206543,0.59668,0.657227,-0.6875,0,1.0625,0.723547,-0.234688,-2.39227
18108,77,127,122,74,45,27,24,30,0.201172,0.570312,0.65625,-1.0625,-0.25,0.4375,0.723116,-0.234798,-2.3923
18108,-89,-13,99,-64,-52,-35,-34,-46,0.201172,0.570312,0.65625,-1.0625,-0.25,0.4375,0.723116,-0.234798,-2.3923
18108,14,66,-66,-56,-33,-9,-1,1,0.201172,0.570312,0.65625,-1.0625,-0.25,0.4375,0.723116,-0.234798,-2.3923
18108,44,59,42,55,34,16,20,27,0.201172,0.570312,0.65625,-1.0625,-0.25,0.4375,0.723116,-0.234798,-2.3923
18114,-60,-99,-19,-47,-23,-14,-20,-25,0.216797,0.575195,0.647461,0.0625,-0.5625,-0.3125,0.723082,-0.234801,-2.39219
18114,15,118,85,104,27,9,4,6,0.216797,0.575195,0.647461,0.0625,-0.5625,-0.3125,0.723082,-0.234801,-2.39219
18121,-16,-93,-108,-41,2,-7,-5,-7,0.216797,0.575195,0.647461,0.0625,-0.5625,-0.3125,0.723082,-0.234801,-2.39219
18121,-12,31,37,5,-7,-4,-5,-3,0.216797,0.575195,0.647461,0.0625,-0.5625,-0.3125,0.723082,-0.234801,-2.39219
18137,15,-12,33,-47,-39,-14,-8,-7,0.217773,0.591797,0.652832,1.0625,-0.3125,0.125,0.723717,-0.235045,-2.39227
18137,18,-29,-128,-40,-6,1,8,13,0.217773,0.591797,0.652832,1.0625,-0.3125,0.125,0.723717,-0.235045,-2.39227
18138,-4,62,28,-24,-7,-6,-8,-8,0.217773,0.591797,0.652832,1.0625,-0.3125,0.125,0.723717,-0.235045,-2.39227
18138,-29,-27,-4,4,26,10,9,8,0.217773,0.591797,0.652832,1.0625,-0.3125,0.125,0.723717,-0.235045,-2.39227
18159,-2,-86,-104,-3,-15,-3,-3,-8,0.213379,0.597656,0.661133,0.3125,0.1875,-0.6875,0.723858,-0.235093,-2.39233
18159,11,31,65,5,6,9,10,15,0.213379,0.597656,0.661133,0.3125,0.1875,-0.6875,0.723858,-0.235093,-2.39233
18159,-27,-4,74,44,11,1,-11,-7,0.213379,0.597656,0.661133,0.3125,0.1875,-0.6875,0.723858,-0.235093,-2.39233
18159,0,-54,77,-28,-29,-20,-14,-17,0.213379,0.597656,0.661133,0.3125,0.1875,-0.6875,0.723858,-0.235093,-2.39233
18173,22,22,34,52,3,3,7,11,0.216309,0.589355,0.669434,-0.875,0,-2.5,0.723598,-0.234554,-2.39302
18173,9,-19,-78,8,21,11,4,2,0.216309,0.589355,0.669434,-0.875,0,-2.5,0.723598,-0.234554,-2.39302
18181,5,-51,-80,-12,-8,3,5,3,0.216309,0.589355,0.669434,-0.875,0,-2.5,0.723598,-0.234554,-2.39302
18181,-21,0,-44,8,-2,-2,-10,-11,0.216309,0.589355,0.669434,-0.875,0,-2.5,0.723598,-0.234554,-2.39302
18197,-31,32,-33,-23,-15,-12,-8,-9,0.205078,0.59375,0.660645,0.5,0.8125,-1.5,0.723972,-0.233823,-2.39312
18197,61,50,39,45,21,15,19,27,0.205078,0.59375,0.660645,0.5,0.8125,-1.5,0.723972,-0.233823,-2.39312
18197,-20,-83,-2,-67,-31,-11,-12,-15,0.205078,0.59375,0.660645,0.5,0.8125,-1.5,0.723972,-0.233823,-2.39312
18197,-39,-124,2,-9,-6,-5,-6,-12,0.205078,0.59375,0.660645,0.5,0.8125,-1.5,0.723972,-0.233823,-2.39312
18219,18,49,29,17,7,0,1,3,0.189941,0.590332,0.663574,-0.125,0.8125,-2.0625,0.724099,-0.232589,-2.39352
18219,61,94,-9,-22,-1,4,8,18,0.189941,0.590332,0.663574,-0.125,0.8125,-2.0625,0.724099,-0.232589,-2.39352
18220,-30,-41,57,36,18,10,8,3,0.189941,0.590332,0.663574,-0.125,0.8125,-2.0625,0.724099,-0.232589,-2.39352
18220,45,89,61,3,19,4,0,5,0.189941,0.590332,0.663574,-0.125,0.8125,-2.0625,0.724099,-0.232589,-2.39352
18233,-17,23,18,-24,-14,-8,-3,-8,0.208496,0.590332,0.660156,-0.6875,0.4375,-3.9375,0.724267,-0.231684,-2.39458
18233,32,92,73,42,21,12,15,21,0.208496,0.590332,0.660156,-0.6875,0.4375,-3.9375,0.724267,-0.231684,-2.39458
18249,-17,-20,-8,-18,-37,-13,-11,-11,0.208496,0.590332,0.660156,-0.6875,0.4375,-3.9375,0.724267,-0.231684,-2.39458
18249,16,13,23,53,25,14,9,9,0.208496,0.590332,0.660156,-0.6875,0.4375,-3.9375,0.724267,-0.231684,-2.39458
18257,1,-48,-52,0,14,4,-3,-4,0.204102,0.575684,0.65918,-1.75,-0.5625,-1.375,0.723653,-0.231402,-2.39499
18257,-36,-32,-47,6,-3,-5,-8,-15,0.204102,0.575684,0.65918,-1.75,-0.5625,-1.375,0.723653,-0.231402,-2.39499
18257,7,55,-26,-27,-14,-6,1,3,0.204102,0.575684,0.65918,-1.75,-0.5625,-1.375,0.723653,-0.231402,-2.39499
18257,14,-56,-40,43,18,19,16,15,0.204102,0.575684,0.65918,-1.75,-0.5625,-1.375,0.723653,-0.231402,-2.39499
18279,20,-16,-63,-31,-12,-10,-7,0,0.187988,0.553223,0.66748,-0.3125,-0.5625,0.5625,0.723371,-0.231307,-2.39487
18279,-30,-105,-111,14,-19,-9,-10,-17,0.187988,0.553223,0.66748,-0.3125,-0.5625,0.5625,0.723371,-0.231307,-2.39487
18287,-32,-78,-82,-22,-3,-5,-6,-14,0.187988,0.553223,0.66748,-0.3125,-0.5625,0.5625,0.723371,-0.231307,-2.39487
18287,-2,67,-8,-29,-15,-9,-4,-5,0.187988,0.553223,0.66748,-0.3125,-0.5625,0.5625,0.723371,-0.231307,-2.39487
18294,7,44,61,-8,-8,-1,-5,-1,0.210449,0.583984,0.652832,1.625,-0.1875,-1.5,0.724286,-0.231194,-2.39548
18294,6,-84,55,67,16,-1,-5,-6,0.210449,0.583984,0.652832,1.625,-0.1875,-1.5,0.724286,-0.231194,-2.39548
18309,-65,-54,-82,-19,-10,-22,-16,-26,0.210449,0.583984,0.652832,1.625,-0.1875,-1.5,0.724286,-0.231194,-2.39548
18309,-6,88,40,-24,-4,-2,-1,-1,0.210449,0.583984,0.652832,1.625,-0.1875,-1.5,0.724286,-0.231194,-2.39548
18317,-25,116,72,61,4,-5,-7,-10,0.223633,0.617188,0.647949,-0.25,-1.0625,-0.6875,0.725115,-0.231606,-2.39598
18317,-22,-21,35,2,19,9,2,-1,0.223633,0.617188,0.647949,-0.25,-1.0625,-0.6875,0.725115,-0.231606,-2.39598
18318,55,63,14,-18,8,10,12,17,0.223633,0.617188,0.647949,-0.25,-1.0625,-0.6875,0.725115,-0.231606,-2.39598
18318,-22,6,-33,-29,-21,-15,-16,-16,0.223633,0.617188,0.647949,-0.25,-1.0625,-0.6875,0.725115,-0.231606,-2.39598
18339,-8,-30,-18,-13,-5,-5,-3,-3,0.184082,0.574219,0.664062,-1.75,-1.9375,0.875,0.724211,-0.231693,-2.39616
18339,29,106,-12,-3,-13,-2,4,13,0.184082,0.574219,0.664062,-1.75,-1.9375,0.875,0.724211,-0.231693,-2.39616
18340,26,52,2,24,22,8,4,8,0.184082,0.574219,0.664062,-1.75,-1.9375,0.875,0.724211,-0.231693,-2.39616
18340,-73,-94,-4,-37,-13,-7,-7,-15,0.184082,0.574219,0.664062,-1.75,-1.9375,0.875,0.724211,-0.231693,-2.39616
18362,54,100,16,25,16,11,11,16,0.191895,0.585938,0.671875,1.125,-1.125,-2.125,0.724703,-0.231032,-2.39692
18362,-24,41,45,-44,-3,-1,-2,-6,0.191895,0.585938,0.671875,1.125,-1.125,-2.125,0.724703,-0.231032,-2.39692
18363,16,-48,93,-8,3,10,8,12,0.191895,0.585938,0.671875,1.125,-1.125,-2.125,0.724703,-0.231032,-2.39692
18363,42,102,-13,-6,3,7,4,11,0.191895,0.585938,0.671875,1.125,-1.125,-2.125,0.724703,-0.231032,-2.39692
18377,-68,-59,-40,33,-3,-5,-6,-12,0.21582,0.603027,0.651855,-0.125,-0.9375,-2.125,0.725246,-0.231047,-2.39777
18377,41,49,57,15,13,8,7,10,0.21582,0.603027,0.651855,-0.125,-0.9375,-2.125,0.725246,-0.231047,-2.39777
18377,-28,13,82,-47,-28,-11,-10,-10,0.21582,0.603027,0.651855,-0.125,-0.9375,-2.125,0.725246,-0.231047,-2.39777
18377,20,19,38,124,41,10,9,12,0.21582,0.603027,0.651855,-0.125,-0.9375,-2.125,0.725246,-0.231047,-2.39777
18399,25,68,66,-16,24,9,4,8,0.20752,0.571289,0.660645,-1.125,-0.5,-0.75,0.724701,-0.230969,-2.39809
18399,38,36,123,13,4,4,6,11,0.20752,0.571289,0.660645,-1.125,-0.5,-0.75,0.724701,-0.230969,-2.39809
18400,-52,-51,-77,36,-12,-10,-16,-21,0.20752,0.571289,0.660645,-1.125,-0.5,-0.75,0.724701,-0.230969,-2.39809
18400,-10,-89,-95,-69,-8,-10,-5,-8,0.20752,0.571289,0.660645,-1.125,-0.5,-0.75,0.724701,-0.230969,-2.39809
18423,-29,-118,-39,-49,-21,-1,1,-6,0.203125,0.569824,0.663574,0.4375,-0.25,-1.5625,0.724658,-0.230625,-2.39853
18423,-15,-65,45,-1,-4,-6,-3,-8,0.203125,0.569824,0.663574,0.4375,-0.25,-1.5625,0.724658,-0.230625,-2.39853
18423,75,127,99,-14,-12,-6,4,13,0.203125,0.569824,0.663574,0.4375,-0.25,-1.5625,0.724658,-0.230625,-2.39853
18423,-80,-120,-105,-38,-19,-10,-12,-27,0.203125,0.569824,0.663574,0.4375,-0.25,-1.5625,0.724658,-0.230625,-2.39853
18437,23,-14,-2,1,-7,-4,-7,-2,0.209473,0.602051,0.658203,0.5625,-1,-2.9375,0.725456,-0.230274,-2.39949
18437,13,-5,-128,-14,15,7,8,14,0.209473,0.602051,0.658203,0.5625,-1,-2.9375,0.725456,-0.230274,-2.39949
18437,21,59,36,44,27,-1,-1,5,0.209473,0.602051,0.658203,0.5625,-1,-2.9375,0.725456,-0.230274,-2.39949
18437,22,-17,-45,-9,-7,0,7,11,0.209473,0.602051,0.658203,0.5625,-1,-2.9375,0.725456,-0.230274,-2.39949
18460,-26,-5,83,-49,-27,-14,-9,-13,0.205078,0.598145,0.668457,-1.3125,-1.125,-2.4375,0.725291,-0.229798,-2.40044
18460,-18,-9,-104,-10,10,2,0,-4,0.205078,0.598145,0.668457,-1.3125,-1.125,-2.4375,0.725291,-0.229798,-2.40044
18460,25,53,-9,-3,-11,-6,-6,0,0.205078,0.598145,0.668457,-1.3125,-1.125,-2.4375,0.725291,-0.229798,-2.40044
18460,40,66,-79,72,34,15,13,14,0.205078,0.598145,0.668457,-1.3125,-1.125,-2.4375,0.725291,-0.229798,-2.40044
18483,-2,7,99,7,4,-1,-4,-4,0.186035,0.564941,0.668945,0.9375,-0.0625,-2.375,0.72533,-0.228881,-2.40106
18483,-69,-56,-92,-43,-42,-30,-31,-40,0.186035,0.564941,0.668945,0.9375,-0.0625,-2.375,0.72533,-0.228881,-2.40106
18483,7,49,-43,6,-8,-1,7,3,0.186035,0.564941,0.668945,0.9375,-0.0625,-2.375,0.72533,-0.228881,-2.40106
18483,76,70,92,5,21,19,23,33,0.186035,0.564941,0.668945,0.9375,-0.0625,-2.375,0.72533,-0.228881,-2.40106
18496,-42,-12,-98,-3,-4,-2,-2,-9,0.216309,0.593262,0.649902,1.9375,0.5,-3.125,0.726356,-0.228306,-2.4018
18496,-22,32,47,35,10,-3,-2,-4,0.216309,0.593262,0.649902,1.9375,0.5,-3.125,0.726356,-0.228306,-2.4018
18497,10,31,25,-18,9,7,0,-1,0.216309,0.593262,0.649902,1.9375,0.5,-3.125,0.726356,-0.228306,-2.4018
18497,7,104,88,-3,-6,-2,1,3,0.216309,0.593262,0.649902,1.9375,0.5,-3.125,0.726356,-0.228306,-2.4018
18519,44,65,15,14,-2,-2,3,11,0.212891,0.609863,0.658691,-1.875,0,-1.6875,0.726273,-0.228068,-2.40228
18519,-10,-123,-51,-55,-22,-2,0,-1,0.212891,0.609863,0.658691,-1.875,0,-1.6875,0.726273,-0.228068,-2.40228
18520,-17,-55,-17,41,19,-4,-10,-10,0.212891,0.609863,0.658691,-1.875,0,-1.6875,0.726273,-0.228068,-2.40228
18520,17,92,97,8,3,6,11,16,0.212891,0.609863,0.658691,-1.875,0,-1.6875,0.726273,-0.228068,-2.40228
18543,-18,-128,-60,6,-2,-4,-10,-15,0.190918,0.558594,0.660156,-3.25,-0.125,-1.375,0.724736,-0.227557,-2.40263
18543,0,43,63,-33,-13,-13,-11,-8,0.190918,0.558594,0.660156,-3.25,-0.125,-1.375,0.724736,-0.227557,-2.40263
18543,-7,81,62,4,-5,-1,6,4,0.190918,0.558594,0.660156,-3.25,-0.125,-1.375,0.724736,-0.227557,-2.40263
18543,-5,-54,40,30,14,3,-4,-9,0.190918,0.558594,0.660156,-3.25,-0.125,-1.375,0.724736,-0.227557,-2.40263
18557,20,9,-47,-7,-3,-4,2,3,0.19043,0.575195,0.65918,1.5,1.1875,-1.0625,0.725192,-0.226704,-2.4025
18557,22,46,66,43,14,12,11,16,0.19043,0.575195,0.65918,1.5,1.1875,-1.0625,0.725192,-0.226704,-2.4025
18557,-41,-71,-82,-73,-16,-2,-4,-10,0.19043,0.575195,0.65918,1.5,1.1875,-1.0625,0.725192,-0.226704,-2.4025
18557,14,67,38,-8,-15,-19,-18,-16,0.19043,0.575195,0.65918,1.5,1.1875,-1.0625,0.725192,-0.226704,-2.4025
18587,8,49,-2,-6,8,14,13,15,0.198242,0.597656,0.65918,-0.8125,0.5625,-0.875,0.725189,-0.226659,-2.40258
18587,-7,91,1,49,2,3,-1,-5,0.198242,0.597656,0.65918,-0.8125,0.5625,-0.875,0.725189,-0.226659,-2.40258
18588,24,22,9,4,8,4,10,11,0.198242,0.597656,0.65918,-0.8125,0.5625,-0.875,0.725189,-0.226659,-2.40258
18588,-23,-97,-2,-26,-13,-2,-6,-4,0.198242,0.597656,0.65918,-0.8125,0.5625,-0.875,0.725189,-0.226659,-2.40258
18610,-53,-90,-65,-33,-20,-14,-10,-16,0.199219,0.575195,0.662109,-3.375,0.375,-1.1875,0.723911,-0.226234,-2.40265
18610,31,-19,32,-34,-22,3,11,16,0.199219,0.575195,0.662109,-3.375,0.375,-1.1875,0.723911,-0.226234,-2.40265
18611,2,8,-71,63,59,22,6,2,0.199219,0.575195,0.662109,-3.375,0.375,-1.1875,0.723911,-0.226234,-2.40265
18611,-50,-25,42,-20,-23,-12,-17,-24,0.199219,0.575195,0.662109,-3.375,0.375,-1.1875,0.723911,-0.226234,-2.40265
18617,49,-14,76,-6,4,5,9,13,0.194336,0.577148,0.668945,0.0625,0.5,-0.5625,0.723805,-0.226184,-2.4027
18617,-2,74,50,-18,1,-1,4,4,0.194336,0.577148,0.668945,0.0625,0.5,-0.5625,0.723805,-0.226184,-2.4027
18617,-1,75,42,80,9,7,6,9,0.194336,0.577148,0.668945,0.0625,0.5,-0.5625,0.723805,-0.226184,-2.4027
18617,-9,-44,-2,-37,-35,-16,-8,-10,0.194336,0.577148,0.668945,0.0625,0.5,-0.5625,0.723805,-0.226184,-2.4027
18639,24,121,126,47,18,11,9,11,0.187988,0.580078,0.655762,0.3125,-0.1875,0.1875,0.723802,-0.226138,-2.40277
18639,-27,-92,-63,-56,-22,-11,-8,-15,0.187988,0.580078,0.655762,0.3125,-0.1875,0.1875,0.723802,-0.226138,-2.40277
18640,-13,-100,-57,30,14,-3,-4,-5,0.187988,0.580078,0.655762,0.3125,-0.1875,0.1875,0.723802,-0.226138,-2.40277
18640,-11,10,9,-2,22,9,4,4,0.187988,0.580078,0.655762,0.3125,-0.1875,0.1875,0.723802,-0.226138,-2.40277
18662,2,9,90,-24,-23,-12,-10,-7,0.203125,0.586426,0.660156,-0.1875,-1.125,-0.375,0.723858,-0.226307,-2.40306
18662,11,-7,68,12,5,7,5,6,0.203125,0.586426,0.660156,-0.1875,-1.125,-0.375,0.723858,-0.226307,-2.40306
18663,51,61,58,-33,-6,5,10,18,0.203125,0.586426,0.660156,-0.1875,-1.125,-0.375,0.723858,-0.226307,-2.40306
18663,-12,-18,73,39,-18,-14,-15,-20,0.203125,0.586426,0.660156,-0.1875,-1.125,-0.375,0.723858,-0.226307,-2.40306
18677,-72,-83,-63,3,-2,-13,-17,-25,0.207031,0.583008,0.666016,-0.1875,-0.75,-0.0625,0.723858,-0.226307,-2.40306
18677,22,5,-97,-26,7,2,6,12,0.207031,0.583008,0.666016,-0.1875,-0.75,-0.0625,0.723858,-0.226307,-2.40306
18677,-4,65,-20,9,-17,-4,-8,-10,0.207031,0.583008,0.666016,-0.1875,-0.75,-0.0625,0.723858,-0.226307,-2.40306
18677,-31,-78,12,10,0,-6,-4,-8,0.207031,0.583008,0.666016,-0.1875,-0.75,-0.0625,0.723858,-0.226307,-2.40306
18699,29,85,-17,14,21,16,17,24,0.205566,0.587402,0.657715,-0.0625,-0.875,0.0625,0.723858,-0.226307,-2.40306
18699,-74,-42,-84,19,-18,-20,-24,-38,0.205566,0.587402,0.657715,-0.0625,-0.875,0.0625,0.723858,-0.226307,-2.40306
18700,19,64,60,-18,-6,-1,2,8,0.205566,0.587402,0.657715,-0.0625,-0.875,0.0625,0.723858,-0.226307,-2.40306
18700,49,91,-11,60,24,23,24,33,0.205566,0.587402,0.657715,-0.0625,-0.875,0.0625,0.723858,-0.226307,-2.40306
18722,-2,122,-37,34,-10,-15,-11,-13,0.192383,0.595215,0.669434,0.25,-0.125,0.25,0.723858,-0.226307,-2.40306
18722,-46,-106,-47,5,4,-1,-4,-13,0.192383,0.595215,0.669434,0.25,-0.125,0.25,0.723858,-0.226307,-2.40306
18723,1,33,6,-38,-16,-2,5,6,0.192383,0.595215,0.669434,0.25,-0.125,0.25,0.723858,-0.226307,-2.40306
18723,-24,-25,-14,34,-9,-8,-13,-14,0.192383,0.595215,0.669434,0.25,-0.125,0.25,0.723858,-0.226307,-2.40306
18737,55,63,127,19,17,14,15,20,0.177734,0.583496,0.668945,-0.5,-0.4375,0.75,0.723932,-0.226196,-2.40313
18737,31,96,75,-9,-3,-6,-8,-1,0.177734,0.583496,0.668945,-0.5,-0.4375,0.75,0.723932,-0.226196,-2.40313
18738,-19,-128,-70,-7,10,8,8,8,0.177734,0.583496,0.668945,-0.5,-0.4375,0.75,0.723932,-0.226196,-2.40313
18738,-1,4,-33,-51,-13,-8,-5,-6,0.177734,0.583496,0.668945,-0.5,-0.4375,0.75,0.723932,-0.226196,-2.40313
18760,14,71,73,56,-1,1,-1,3,0.190918,0.577637,0.67334,1,-0.375,0.8125,0.723799,-0.226092,-2.40285
18760,6,14,-67,10,6,3,1,-2,0.190918,0.577637,0.67334,1,-0.375,0.8125,0.723799,-0.226092,-2.40285
18760,8,-73,28,5,15,12,13,17,0.190918,0.577637,0.67334,1,-0.375,0.8125,0.723799,-0.226092,-2.40285
18760,-53,-103,-127,-84,-34,-20,-20,-28,0.190918,0.577637,0.67334,1,-0.375,0.8125,0.723799,-0.226092,-2.40285
18783,-16,-24,57,-38,-10,-3,-8,-12,0.200195,0.598145,0.662109,0.6875,0,1.5625,0.724307,-0.226321,-2.40249
18783,53,72,35,26,4,16,20,36,0.200195,0.598145,0.662109,0.6875,0,1.5625,0.724307,-0.226321,-2.40249
18783,2,55,127,47,33,9,4,5,0.200195,0.598145,0.662109,0.6875,0,1.5625,0.724307,-0.226321,-2.40249
18783,-24,22,-114,-47,-18,-18,-11,-20,0.200195,0.598145,0.662109,0.6875,0,1.5625,0.724307,-0.226321,-2.40249
18805,-19,-37,45,-5,4,4,3,-3,0.225098,0.59668,0.657715,-0.1875,-0.25,0.5625,0.72427,-0.226473,-2.40245
18805,33,6,70,38,20,14,9,15,0.225098,0.59668,0.657715,-0.1875,-0.25,0.5625,0.72427,-0.226473,-2.40245
18806,16,127,86,-7,-24,-12,-9,-9,0.225098,0.59668,0.657715,-0.1875,-0.25,0.5625,0.72427,-0.226473,-2.40245
18806,14,35,5,-1,4,3,2,6,0.225098,0.59668,0.657715,-0.1875,-0.25,0.5625,0.72427,-0.226473,-2.40245
18819,20,15,-29,-42,1,0,2,4,0.200684,0.584961,0.670898,0.4375,-0.375,-1.5,0.724407,-0.226069,-2.40291
18819,4,81,9,-9,5,2,4,2,0.200684,0.584961,0.670898,0.4375,-0.375,-1.5,0.724407,-0.226069,-2.40291
18820,17,-85,-86,13,-7,-4,-6,-4,0.200684,0.584961,0.670898,0.4375,-0.375,-1.5,0.724407,-0.226069,-2.40291
18820,-6,120,12,3,-9,-13,-11,-9,0.200684,0.584961,0.670898,0.4375,-0.375,-1.5,0.724407,-0.226069,-2.40291
18843,-54,-66,-34,-4,1,-4,-5,-12,0.191406,0.580078,0.679688,1.75,0.5625,-1.625,0.724669,-0.225242,-2.40313
18843,-12,44,3,-47,-16,-10,-11,-13,0.191406,0.580078,0.679688,1.75,0.5625,-1.625,0.724669,-0.225242,-2.40313
18843,-16,19,-94,3,-14,-9,-6,-11,0.191406,0.580078,0.679688,1.75,0.5625,-1.625,0.724669,-0.225242,-2.40313
18843,29,-15,-113,-42,-3,1,6,11,0.191406,0.580078,0.679688,1.75,0.5625,-1.625,0.724669,-0.225242,-2.40313
18865,1,-63,-110,-1,-7,0,-3,-5,0.200195,0.595215,0.654785,-2,-0.0625,-1.9375,0.724376,-0.224755,-2.40365
18865,-2,-46,0,26,-6,-9,-8,-8,0.200195,0.595215,0.654785,-2,-0.0625,-1.9375,0.724376,-0.224755,-2.40365
18866,-7,-33,-48,9,41,18,13,10,0.200195,0.595215,0.654785,-2,-0.0625,-1.9375,0.724376,-0.224755,-2.40365
18866,35,58,76,60,29,13,10,13,0.200195,0.595215,0.654785,-2,-0.0625,-1.9375,0.724376,-0.224755,-2.40365
18887,5,32,-83,-38,-25,-11,-4,-2,0.225098,0.602051,0.658203,-3.1875,0.375,-1.5,0.723749,-0.224847,-2.40411
18887,-8,-10,91,22,10,3,0,-2,0.225098,0.602051,0.658203,-3.1875,0.375,-1.5,0.723749,-0.224847,-2.40411
18888,-22,-83,-5,-40,-30,-6,-7,-10,0.225098,0.602051,0.658203,-3.1875,0.375,-1.5,0.723749,-0.224847,-2.40411
18888,26,-6,-18,8,2,10,8,17,0.225098,0.602051,0.658203,-3.1875,0.375,-1.5,0.723749,-0.224847,-2.40411
18910,-20,-35,81,-2,3,-8,-14,-17,0.188477,0.566406,0.655762,-1.9375,0.25,-0.8125,0.722939,-0.224354,-2.40418
18910,6,74,-70,-34,-12,-4,1,5,0.188477,0.566406,0.655762,-1.9375,0.25,-0.8125,0.722939,-0.224354,-2.40418
18911,-19,-54,-9,-38,-10,-8,-5,-9,0.188477,0.566406,0.655762,-1.9375,0.25,-0.8125,0.722939,-0.224354,-2.40418
18911,-66,-64,-45,1,1,1,-7,-12,0.188477,0.566406,0.655762,-1.9375,0.25,-0.8125,0.722939,-0.224354,-2.40418
18917,76,110,69,5,5,10,15,25,0.189453,0.564941,0.662109,0.8125,0.0625,-1.0625,0.722941,-0.223995,-2.40443
18917,-60,-128,-51,30,-21,-9,-13,-22,0.189453,0.564941,0.662109,0.8125,0.0625,-1.0625,0.722941,-0.223995,-2.40443
18925,-7,83,81,-30,-16,-15,-10,-11,0.189453,0.564941,0.662109,0.8125,0.0625,-1.0625,0.722941,-0.223995,-2.40443
18925,-3,-61,57,48,19,15,14,14,0.189453,0.564941,0.662109,0.8125,0.0625,-1.0625,0.722941,-0.223995,-2.40443
18948,80,109,24,23,26,14,5,17,0.195801,0.588867,0.646973,-3,-1,-0.3125,0.72232,-0.223985,-2.40475
18948,-50,-15,-62,-23,-13,-17,-20,-28,0.195801,0.588867,0.646973,-3,-1,-0.3125,0.72232,-0.223985,-2.40475
18948,8,55,-58,-9,-13,-4,2,-3,0.195801,0.588867,0.646973,-3,-1,-0.3125,0.72232,-0.223985,-2.40475
18948,15,-53,52,-34,10,11,19,26,0.195801,0.588867,0.646973,-3,-1,-0.3125,0.72232,-0.223985,-2.40475
18962,19,81,105,66,27,5,9,10,0.210449,0.570312,0.653809,-4.1875,-1.5,1.25,0.72069,-0.224974,-2.40472
18962,32,-10,94,23,16,7,0,2,0.210449,0.570312,0.653809,-4.1875,-1.5,1.25,0.72069,-0.224974,-2.40472
18963,7,77,92,-23,-20,-6,-5,-2,0.210449,0.570312,0.653809,-4.1875,-1.5,1.25,0.72069,-0.224974,-2.40472
18963,8,59,-10,-47,2,-5,-6,-9,0.210449,0.570312,0.653809,-4.1875,-1.5,1.25,0.72069,-0.224974,-2.40472
18976,-43,34,-99,-3,-4,-3,0,0,0.183105,0.558594,0.670898,-1,-0.5,2,0.719775,-0.22524,-2.40418
18976,-9,43,102,27,6,1,1,1,0.183105,0.558594,0.670898,-1,-0.5,2,0.719775,-0.22524,-2.40418
18984,5,35,53,48,9,2,-1,3,0.183105,0.558594,0.670898,-1,-0.5,2,0.719775,-0.22524,-2.40418
18984,-10,-9,-42,-39,-24,-3,-5,-8,0.183105,0.558594,0.670898,-1,-0.5,2,0.719775,-0.22524,-2.40418
18999,-1,-57,48,-3,-25,-17,-15,-16,0.208496,0.585938,0.663574,2.5,0.375,-0.4375,0.720632,-0.225164,-2.40418
18999,17,105,95,40,37,14,15,18,0.208496,0.585938,0.663574,2.5,0.375,-0.4375,0.720632,-0.225164,-2.40418
19000,-99,-124,-71,-56,-23,-15,-19,-32,0.208496,0.585938,0.663574,2.5,0.375,-0.4375,0.720632,-0.225164,-2.40418
19000,-16,75,124,-31,-37,-13,-8,-12,0.208496,0.585938,0.663574,2.5,0.375,-0.4375,0.720632,-0.225164,-2.40418
19022,-23,-112,-128,-5,25,20,16,17,0.191406,0.611816,0.666992,-1.8125,-0.625,0.25,0.720597,-0.224957,-2.40439
19022,48,44,38,20,-3,5,6,10,0.191406,0.611816,0.666992,-1.8125,-0.625,0.25,0.720597,-0.224957,-2.40439
19023,48,113,34,-1,13,7,10,19,0.191406,0.611816,0.666992,-1.8125,-0.625,0.25,0.720597,-0.224957,-2.40439
19023,-21,10,29,-55,-14,-11,-8,-10,0.191406,0.611816,0.666992,-1.8125,-0.625,0.25,0.720597,-0.224957,-2.40439
19036,-47,-78,-64,2,5,-1,-6,-19,0.187012,0.562012,0.669434,-2.5625,-1.25,1.375,0.719168,-0.225263,-2.40412
19036,-11,-118,-128,-19,-10,-3,1,4,0.187012,0.562012,0.669434,-2.5625,-1.25,1.375,0.719168,-0.225263,-2.40412
19044,21,67,-35,57,2,3,5,6,0.187012,0.562012,0.669434,-2.5625,-1.25,1.375,0.719168,-0.225263,-2.40412
19044,13,48,-31,-23,-6,-7,-3,-1,0.187012,0.562012,0.669434,-2.5625,-1.25,1.375,0.719168,-0.225263,-2.40412
19059,35,-15,2,6,6,1,4,13,0.188965,0.56543,0.65918,1.875,-0.375,-0.0625,0.719666,-0.225144,-2.40431
19059,-1,-4,-5,-3,8,4,-2,-1,0.188965,0.56543,0.65918,1.875,-0.375,-0.0625,0.719666,-0.225144,-2.40431
19060,-37,-105,-80,-13,-20,-8,-13,-19,0.188965,0.56543,0.65918,1.875,-0.375,-0.0625,0.719666,-0.225144,-2.40431
19060,20,18,-46,44,30,13,10,12,0.188965,0.56543,0.65918,1.875,-0.375,-0.0625,0.719666,-0.225144,-2.40431
19082,-21,-7,-52,-16,-14,-9,-4,-7,0.20166,0.595703,0.654785,2.3125,-0.8125,0,0.720871,-0.225318,-2.40441
19082,-41,-55,-70,-52,-30,-21,-20,-28,0.20166,0.595703,0.654785,2.3125,-0.8125,0,0.720871,-0.225318,-2.40441
19083,20,93,102,3,-10,-3,1,4,0.20166,0.595703,0.654785,2.3125,-0.8125,0,0.720871,-0.225318,-2.40441
19083,38,-52,0,43,28,19,21,21,0.20166,0.595703,0.654785,2.3125,-0.8125,0,0.720871,-0.225318,-2.40441
19096,-2,51,18,-31,-4,0,-4,0,0.200684,0.589844,0.642578,-1.75,-2.5625,0.5625,0.720864,-0.226171,-2.40507
19096,-92,-93,86,-80,-33,-27,-24,-33,0.200684,0.589844,0.642578,-1.75,-2.5625,0.5625,0.720864,-0.226171,-2.40507
19104,16,32,23,15,12,6,1,-1,0.200684,0.589844,0.642578,-1.75,-2.5625,0.5625,0.720864,-0.226171,-2.40507
19104,71,118,116,-14,-9,0,2,12,0.200684,0.589844,0.642578,-1.75,-2.5625,0.5625,0.720864,-0.226171,-2.40507
19119,-53,-4,49,3,-27,-7,-5,-11,0.209473,0.572266,0.666016,-0.375,-2.375,0.4375,0.720545,-0.22698,-2.40542
19119,38,23,-12,41,40,17,11,17,0.209473,0.572266,0.666016,-0.375,-2.375,0.4375,0.720545,-0.22698,-2.40542
19120,-32,-128,-58,-44,-6,-19,-19,-21,0.209473,0.572266,0.666016,-0.375,-2.375,0.4375,0.720545,-0.22698,-2.40542
19120,-22,-2,51,-18,-16,-12,-13,-16,0.209473,0.572266,0.666016,-0.375,-2.375,0.4375,0.720545,-0.22698,-2.40542
19142,33,20,-47,44,25,17,15,17,0.211426,0.575195,0.670898,2.3125,-1.375,0.375,0.72117,-0.227636,-2.40547
19142,13,72,-62,-11,-2,6,14,15,0.211426,0.575195,0.670898,2.3125,-1.375,0.375,0.72117,-0.227636,-2.40547
19143,10,-72,-23,-2,1,-1,-6,-4,0.211426,0.575195,0.670898,2.3125,-1.375,0.375,0.72117,-0.227636,-2.40547
19143,-20,73,-5,22,4,-7,-7,-10,0.211426,0.575195,0.670898,2.3125,-1.375,0.375,0.72117,-0.227636,-2.40547
19165,-52,-26,31,-40,-19,-7,-5,-13,0.205566,0.606934,0.669434,1.375,-0.375,0.75,0.721985,-0.227816,-2.40557
19165,21,24,-80,29,12,4,2,4,0.205566,0.606934,0.669434,1.375,-0.375,0.75,0.721985,-0.227816,-2.40557
19165,13,20,-11,6,20,12,8,9,0.205566,0.606934,0.669434,1.375,-0.375,0.75,0.721985,-0.227816,-2.40557
19165,-41,-128,-59,-45,-32,-17,-15,-20,0.205566,0.606934,0.669434,1.375,-0.375,0.75,0.721985,-0.227816,-2.40557
19179,31,116,84,17,-2,-6,-5,-1,0.208008,0.59668,0.665039,-3.0625,-0.125,0.25,0.721094,-0.227896,-2.40546
19179,28,46,50,66,34,16,18,21,0.208008,0.59668,0.665039,-3.0625,-0.125,0.25,0.721094,-0.227896,-2.40546
19186,17,14,22,19,2,8,5,8,0.208008,0.59668,0.665039,-3.0625,-0.125,0.25,0.721094,-0.227896,-2.40546
19186,18,71,-5,32,-11,-6,-8,-6,0.208008,0.59668,0.665039,-3.0625,-0.125,0.25,0.721094,-0.227896,-2.40546
19202,-58,-103,-60,-29,-14,-9,-5,-12,0.211426,0.567871,0.671875,-2.3125,0.1875,-1.1875,0.719983,-0.227739,-2.40568
19202,65,93,5,25,3,8,13,24,0.211426,0.567871,0.671875,-2.3125,0.1875,-1.1875,0.719983,-0.227739,-2.40568
19203,-87,-72,105,-9,-11,-21,-25,-36,0.211426,0.567871,0.671875,-2.3125,0.1875,-1.1875,0.719983,-0.227739,-2.40568
19203,-4,41,36,62,8,2,0,-2,0.211426,0.567871,0.671875,-2.3125,0.1875,-1.1875,0.719983,-0.227739,-2.40568
19216,26,29,4,-15,-4,-1,1,2,0.204102,0.574707,0.674316,0.75,1,-1.125,0.719891,-0.227169,-2.40562
19216,-32,-66,-92,-48,-35,-16,-13,-12,0.204102,0.574707,0.674316,0.75,1,-1.125,0.719891,-0.227169,-2.40562
19224,-13,-75,-23,24,-3,0,3,3,0.204102,0.574707,0.674316,0.75,1,-1.125,0.719891,-0.227169,-2.40562
19224,-1,-114,-24,10,23,6,4,-2,0.204102,0.574707,0.674316,0.75,1,-1.125,0.719891,-0.227169,-2.40562
19239,15,-20,58,-36,-16,-8,-6,-8,0.183594,0.57666,0.660645,0.0625,1.1875,-0.875,0.719952,-0.226275,-2.40556
19239,-45,-56,29,19,5,5,1,-1,0.183594,0.57666,0.660645,0.0625,1.1875,-0.875,0.719952,-0.226275,-2.40556
19240,27,127,59,-22,-15,-9,-13,-8,0.183594,0.57666,0.660645,0.0625,1.1875,-0.875,0.719952,-0.226275,-2.40556
19240,-27,-49,10,-9,1,0,2,0,0.183594,0.57666,0.660645,0.0625,1.1875,-0.875,0.719952,-0.226275,-2.40556
19270,60,78,43,-19,-5,11,9,18,0.202148,0.577148,0.66748,-0.25,1.5625,-2.1875,0.71968,-0.225362,-2.4058
19270,-39,-42,-4,-11,32,-3,-6,-15,0.202148,0.577148,0.66748,-0.25,1.5625,-2.1875,0.71968,-0.225362,-2.4058
19270,38,72,-8,9,8,5,6,15,0.202148,0.577148,0.66748,-0.25,1.5625,-2.1875,0.71968,-0.225362,-2.4058
19270,-38,-38,38,8,-16,-8,-7,-10,0.202148,0.577148,0.66748,-0.25,1.5625,-2.1875,0.71968,-0.225362,-2.4058
19285,-2,-37,-57,-27,-2,1,2,2,0.205078,0.58252,0.662598,-1.5625,0.8125,0.6875,0.719126,-0.225312,-2.40533
19285,30,42,-20,19,-2,-3,-5,-2,0.205078,0.58252,0.662598,-1.5625,0.8125,0.6875,0.719126,-0.225312,-2.40533
19285,-91,-70,-42,-59,-29,-9,-5,-15,0.205078,0.58252,0.662598,-1.5625,0.8125,0.6875,0.719126,-0.225312,-2.40533
19285,22,2,-43,-37,2,4,4,8,0.205078,0.58252,0.662598,-1.5625,0.8125,0.6875,0.719126,-0.225312,-2.40533
19299,11,-14,-11,64,46,16,12,14,0.174805,0.567871,0.666016,-1.9375,0.5,1.875,0.718121,-0.225008,-2.40473
19299,6,45,-3,27,-6,-5,-6,-7,0.174805,0.567871,0.666016,-1.9375,0.5,1.875,0.718121,-0.225008,-2.40473
19306,48,18,17,87,34,17,20,23,0.174805,0.567871,0.666016,-1.9375,0.5,1.875,0.718121,-0.225008,-2.40473
19306,8,44,-42,-115,-53,-15,-9,-7,0.174805,0.567871,0.666016,-1.9375,0.5,1.875,0.718121,-0.225008,-2.40473
19322,-21,51,-10,113,34,4,-4,-5,0.185059,0.577637,0.663086,1,0.4375,0.3125,0.718388,-0.224676,-2.40446
19322,-65,-49,-34,-128,-46,-26,-23,-32,0.185059,0.577637,0.663086,1,0.4375,0.3125,0.718388,-0.224676,-2.40446
19323,31,126,47,-48,13,5,9,9,0.185059,0.577637,0.663086,1,0.4375,0.3125,0.718388,-0.224676,-2.40446
19323,9,68,-41,91,41,15,11,11,0.185059,0.577637,0.663086,1,0.4375,0.3125,0.718388,-0.224676,-2.40446
19344,-6,32,94,-57,-35,-13,-14,-13,0.203125,0.594727,0.645996,-0.25,-0.25,0.0625,0.718529,-0.224723,-2.40452
19344,44,85,81,-1,4,12,16,24,0.203125,0.594727,0.645996,-0.25,-0.25,0.0625,0.718529,-0.224723,-2.40452
19352,16,29,16,-25,-14,-8,-6,-8,0.203125,0.594727,0.645996,-0.25,-0.25,0.0625,0.718529,-0.224723,-2.40452
19352,10,58,51,35,-9,-2,-3,-1,0.203125,0.594727,0.645996,-0.25,-0.25,0.0625,0.718529,-0.224723,-2.40452
19360,-63,-128,-18,-41,-24,-14,-18,-19,0.200684,0.586426,0.668457,-2.25,-0.125,2.6875,0.71761,-0.225301,-2.40381
19360,15,65,7,11,25,10,6,5,0.200684,0.586426,0.668457,-2.25,-0.125,2.6875,0.71761,-0.225301,-2.40381
19360,16,34,-18,-58,-31,-5,1,7,0.200684,0.586426,0.668457,-2.25,-0.125,2.6875,0.71761,-0.225301,-2.40381
19360,-5,50,48,46,31,7,6,4,0.200684,0.586426,0.668457,-2.25,-0.125,2.6875,0.71761,-0.225301,-2.40381
19382,33,39,-26,-9,3,8,7,6,0.202148,0.575684,0.669434,-1.5,0.5,0.375,0.716942,-0.225259,-2.40361
19382,8,-69,25,0,-10,-4,-2,-1,0.202148,0.575684,0.669434,-1.5,0.5,0.375,0.716942,-0.225259,-2.40361
19384,-14,-45,46,33,-3,-4,-3,-4,0.202148,0.575684,0.669434,-1.5,0.5,0.375,0.716942,-0.225259,-2.40361
19384,15,51,-23,42,25,6,2,5,0.202148,0.575684,0.669434,-1.5,0.5,0.375,0.716942,-0.225259,-2.40361
19405,26,-58,-91,-38,-4,-3,4,8,0.210449,0.580078,0.67041,0.625,0.625,-1.5,0.717056,-0.224847,-2.40367
19405,-42,28,92,-11,-28,-16,-15,-21,0.210449,0.580078,0.67041,0.625,0.625,-1.5,0.717056,-0.224847,-2.40367
19406,23,7,23,-19,2,5,3,4,0.210449,0.580078,0.67041,0.625,0.625,-1.5,0.717056,-0.224847,-2.40367
19406,4,5,29,-6,6,4,5,6,0.210449,0.580078,0.67041,0.625,0.625,-1.5,0.717056,-0.224847,-2.40367
19420,7,61,-12,-77,-13,-6,-2,1,0.200195,0.588379,0.662598,1.0625,0.375,-1.6875,0.717797,-0.224375,-2.40427
19420,-11,-87,7,98,20,10,5,6,0.200195,0.588379,0.662598,1.0625,0.375,-1.6875,0.717797,-0.224375,-2.40427
19420,-2,-29,-115,6,22,6,6,6,0.200195,0.588379,0.662598,1.0625,0.375,-1.6875,0.717797,-0.224375,-2.40427
19420,49,27,-66,27,12,7,3,6,0.200195,0.588379,0.662598,1.0625,0.375,-1.6875,0.717797,-0.224375,-2.40427
19450,-85,-35,-52,-14,-22,-21,-25,-39,0.199219,0.57959,0.661133,1.375,0.5,-2.375,0.718337,-0.223596,-2.40469
19450,-12,-8,-76,-57,-29,-11,-8,-13,0.199219,0.57959,0.661133,1.375,0.5,-2.375,0.718337,-0.223596,-2.40469
19451,3,49,41,-32,-34,-12,-7,-6,0.199219,0.57959,0.661133,1.375,0.5,-2.375,0.718337,-0.223596,-2.40469
19451,7,-31,-6,1,22,5,5,4,0.199219,0.57959,0.661133,1.375,0.5,-2.375,0.718337,-0.223596,-2.40469
19463,28,-14,-14,12,-2,2,6,11,0.197754,0.572754,0.654297,-0.6875,0.4375,-1.5625,0.718196,-0.223145,-2.40496
19463,21,26,-22,25,8,7,5,9,0.197754,0.572754,0.654297,-0.6875,0.4375,-1.5625,0.718196,-0.223145,-2.40496
19472,-22,-40,29,20,-7,-1,-5,-8,0.197754,0.572754,0.654297,-0.6875,0.4375,-1.5625,0.718196,-0.223145,-2.40496
19472,31,42,-81,-25,-10,-4,-2,5,0.197754,0.572754,0.654297,-0.6875,0.4375,-1.5625,0.718196,-0.223145,-2.40496
19479,20,49,28,18,20,12,9,15,0.204102,0.578613,0.661133,-1.875,-0.25,-0.6875,0.717579,-0.223182,-2.40521
19479,22,10,49,37,22,9,6,8,0.204102,0.578613,0.661133,-1.875,-0.25,-0.6875,0.717579,-0.223182,-2.40521
19479,7,59,73,-5,10,5,2,6,0.204102,0.578613,0.661133,-1.875,-0.25,-0.6875,0.717579,-0.223182,-2.40521
19479,-4,31,102,45,8,1,4,5,0.204102,0.578613,0.661133,-1.875,-0.25,-0.6875,0.717579,-0.223182,-2.40521
19510,4,118,-11,-28,-11,-4,-6,-7,0.203613,0.551758,0.672852,-2.125,-0.8125,-1.5625,0.716422,-0.223191,-2.40569
19510,-2,-33,73,-16,-41,-18,-9,-12,0.203613,0.551758,0.672852,-2.125,-0.8125,-1.5625,0.716422,-0.223191,-2.40569
19511,26,92,-2,-46,-1,4,8,10,0.203613,0.551758,0.672852,-2.125,-0.8125,-1.5625,0.716422,-0.223191,-2.40569
19511,-18,6,91,33,0,-4,-3,-7,0.203613,0.551758,0.672852,-2.125,-0.8125,-1.5625,0.716422,-0.223191,-2.40569
19525,6,-20,49,30,13,6,6,4,0.200195,0.568848,0.669434,1.8125,-0.4375,-0.125,0.716808,-0.223334,-2.40576
19525,18,35,12,-92,-17,-2,1,5,0.200195,0.568848,0.669434,1.8125,-0.4375,-0.125,0.716808,-0.223334,-2.40576
19526,17,-39,21,96,18,5,5,7,0.200195,0.568848,0.669434,1.8125,-0.4375,-0.125,0.716808,-0.223334,-2.40576
19526,-80,-85,3,-114,-49,-18,-23,-33,0.200195,0.568848,0.669434,1.8125,-0.4375,-0.125,0.716808,-0.223334,-2.40576
19539,6,-34,60,48,29,2,2,2,0.195801,0.615234,0.67041,1.125,0.5625,-0.1875,0.717674,-0.222841,-2.40579
19539,-13,-45,42,12,16,2,-4,-4,0.195801,0.615234,0.67041,1.125,0.5625,-0.1875,0.717674,-0.222841,-2.40579
19540,3,-89,-30,-14,-30,-11,-9,-7,0.195801,0.615234,0.67041,1.125,0.5625,-0.1875,0.717674,-0.222841,-2.40579
19540,-2,22,-43,-26,2,0,1,2,0.195801,0.615234,0.67041,1.125,0.5625,-0.1875,0.717674,-0.222841,-2.40579
19563,-20,-89,67,-52,-37,-11,-9,-11,0.201172,0.575684,0.658691,-4.375,-0.5625,-1.5,0.71641,-0.2228,-2.40632
19563,-4,83,35,-7,3,1,3,3,0.201172,0.575684,0.658691,-4.375,-0.5625,-1.5,0.71641,-0.2228,-2.40632
19564,-1,36,31,55,11,-3,-3,-4,0.201172,0.575684,0.658691,-4.375,-0.5625,-1.5,0.71641,-0.2228,-2.40632
19564,1,28,-12,74,43,23,15,16,0.201172,0.575684,0.658691,-4.375,-0.5625,-1.5,0.71641,-0.2228,-2.40632
19585,-11,1,-41,-68,-51,-24,-20,-21,0.200684,0.577637,0.671387,0.3125,1.1875,-0.0625,0.716251,-0.222432,-2.40603
19585,18,40,10,29,50,16,11,14,0.200684,0.577637,0.671387,0.3125,1.1875,-0.0625,0.716251,-0.222432,-2.40603
19586,30,-40,-1,-17,51,17,12,11,0.200684,0.577637,0.671387,0.3125,1.1875,-0.0625,0.716251,-0.222432,-2.40603
19586,-33,52,99,-62,-27,-7,-7,-6,0.200684,0.577637,0.671387,0.3125,1.1875,-0.0625,0.716251,-0.222432,-2.40603
19599,27,-18,-51,41,59,18,13,11,0.142578,0.586914,0.671387,0,1.3125,2.8125,0.716107,-0.2213,-2.40492
19599,18,8,29,-5,-20,-4,1,4,0.142578,0.586914,0.671387,0,1.3125,2.8125,0.716107,-0.2213,-2.40492
19600,-25,-89,-98,-52,-27,-11,-13,-17,0.142578,0.586914,0.671387,0,1.3125,2.8125,0.716107,-0.2213,-2.40492
19600,-6,-96,55,-20,-11,-4,2,4,0.142578,0.586914,0.671387,0,1.3125,2.8125,0.716107,-0.2213,-2.40492
19622,13,-35,24,-50,-38,-11,-2,5,0.168945,0.565918,0.671875,-2.75,0.4375,1.3125,0.714717,-0.220807,-2.40434
19622,-28,65,95,12,11,-2,-9,-6,0.168945,0.565918,0.671875,-2.75,0.4375,1.3125,0.714717,-0.220807,-2.40434
19623,4,-74,-33,-50,-15,-1,1,-1,0.168945,0.565918,0.671875,-2.75,0.4375,1.3125,0.714717,-0.220807,-2.40434
19623,24,28,-29,41,32,7,4,2,0.168945,0.565918,0.671875,-2.75,0.4375,1.3125,0.714717,-0.220807,-2.40434
19645,-30,-76,-13,46,-2,-7,-7,-16,0.223633,0.565918,0.659668,-1.1875,0,2.625,0.714031,-0.222045,-2.40367
19645,-18,48,-128,5,-19,-5,-1,-3,0.223633,0.565918,0.659668,-1.1875,0,2.625,0.714031,-0.222045,-2.40367
19645,-28,45,16,-27,-18,-11,-9,-10,0.223633,0.565918,0.659668,-1.1875,0,2.625,0.714031,-0.222045,-2.40367
19645,13,16,17,-47,-20,-11,-10,-8,0.223633,0.565918,0.659668,-1.1875,0,2.625,0.714031,-0.222045,-2.40367
19660,12,127,127,2,1,10,10,13,0.196777,0.571777,0.653809,0.875,-0.5,6.0625,0.714119,-0.22358,-2.40204
19660,71,118,-99,33,33,13,9,16,0.196777,0.571777,0.653809,0.875,-0.5,6.0625,0.714119,-0.22358,-2.40204
19660,-54,-67,-57,-29,-6,-11,-12,-25,0.196777,0.571777,0.653809,0.875,-0.5,6.0625,0.714119,-0.22358,-2.40204
19660,14,12,2,-63,-26,-4,-1,2,0.196777,0.571777,0.653809,0.875,-0.5,6.0625,0.714119,-0.22358,-2.40204
19682,-11,87,-69,57,12,1,0,1,0.211426,0.574219,0.675781,2.8125,-0.6875,1.375,0.714891,-0.224271,-2.40184
19682,26,14,127,17,4,0,7,13,0.211426,0.574219,0.675781,2.8125,-0.6875,1.375,0.714891,-0.224271,-2.40184
19683,15,97,-20,17,17,2,0,5,0.211426,0.574219,0.675781,2.8125,-0.6875,1.375,0.714891,-0.224271,-2.40184
19683,-4,-73,-93,-46,-11,1,5,9,0.211426,0.574219,0.675781,2.8125,-0.6875,1.375,0.714891,-0.224271,-2.40184
19722,-48,-104,34,-45,-7,-8,-10,-19,0.219238,0.598633,0.677246,3.75,-0.6875,0.375,0.716403,-0.224849,-2.402
19722,-24,-105,-92,-45,-16,-8,-5,-11,0.219238,0.598633,0.677246,3.75,-0.6875,0.375,0.716403,-0.224849,-2.402
19722,15,90,94,50,7,4,3,2,0.219238,0.598633,0.677246,3.75,-0.6875,0.375,0.716403,-0.224849,-2.402
19722,9,74,31,33,19,4,3,1,0.219238,0.598633,0.677246,3.75,-0.6875,0.375,0.716403,-0.224849,-2.402
19724,19,109,66,75,-4,-2,1,5,0.200195,0.602539,0.663574,2.5625,-0.5,0.75,0.71765,-0.225008,-2.40191
19724,-32,-42,-49,-4,-17,-4,-3,-10,0.200195,0.602539,0.663574,2.5625,-0.5,0.75,0.71765,-0.225008,-2.40191
19727,-4,-70,-78,-70,-41,-13,-8,-8,0.200195,0.602539,0.663574,2.5625,-0.5,0.75,0.71765,-0.225008,-2.40191
19727,-34,8,71,92,59,16,8,3,0.200195,0.602539,0.663574,2.5625,-0.5,0.75,0.71765,-0.225008,-2.40191
19743,3,-124,-93,-66,-31,-11,-6,-7,0.181152,0.588867,0.667969,-1.875,-1.0625,-0.3125,0.717282,-0.224782,-2.40241
19743,15,84,69,77,21,0,-1,-3,0.181152,0.588867,0.667969,-1.875,-1.0625,-0.3125,0.717282,-0.224782,-2.40241
19744,51,106,37,22,16,19,18,25,0.181152,0.588867,0.667969,-1.875,-1.0625,-0.3125,0.717282,-0.224782,-2.40241
19744,-22,-128,-115,-84,-64,-27,-26,-28,0.181152,0.588867,0.667969,-1.875,-1.0625,-0.3125,0.717282,-0.224782,-2.40241
19765,-17,-67,-84,-12,10,5,4,2,0.202148,0.574219,0.679199,-2.25,-1,-2.3125,0.716378,-0.224425,-2.40301
19765,8,19,26,-47,-13,-2,-4,-5,0.202148,0.574219,0.679199,-2.25,-1,-2.3125,0.716378,-0.224425,-2.40301
19765,-9,-2,47,-9,8,0,2,7,0.202148,0.574219,0.679199,-2.25,-1,-2.3125,0.716378,-0.224425,-2.40301
19765,5,36,-20,32,9,0,3,2,0.202148,0.574219,0.679199,-2.25,-1,-2.3125,0.716378,-0.224425,-2.40301
19788,12,39,70,41,12,6,1,3,0.207031,0.578125,0.675781,0.8125,-0.375,-2.0625,0.716574,-0.224237,-2.40368
19788,-73,-128,-115,-77,-28,-13,-13,-18,0.207031,0.578125,0.675781,0.8125,-0.375,-2.0625,0.716574,-0.224237,-2.40368
19788,-1,-36,11,38,21,11,10,10,0.207031,0.578125,0.675781,0.8125,-0.375,-2.0625,0.716574,-0.224237,-2.40368
19788,-8,-44,-86,-59,-46,-11,-7,-9,0.207031,0.578125,0.675781,0.8125,-0.375,-2.0625,0.716574,-0.224237,-2.40368
19810,3,32,82,4,12,-1,2,3,0.195801,0.586426,0.665527,0.0625,0.25,-2.0625,0.716825,-0.223423,-2.40421
19810,15,-14,-57,30,-1,3,-1,-1,0.195801,0.586426,0.665527,0.0625,0.25,-2.0625,0.716825,-0.223423,-2.40421
19811,7,47,28,31,28,14,12,8,0.195801,0.586426,0.665527,0.0625,0.25,-2.0625,0.716825,-0.223423,-2.40421
19811,-45,-73,49,-27,-18,-13,-8,-10,0.195801,0.586426,0.665527,0.0625,0.25,-2.0625,0.716825,-0.223423,-2.40421
19825,41,116,67,-22,-3,4,7,13,0.205566,0.583984,0.658203,-1.6875,-0.625,-3.75,0.716692,-0.222904,-2.40535
19825,-23,46,127,-51,-37,-22,-21,-23,0.205566,0.583984,0.658203,-1.6875,-0.625,-3.75,0.716692,-0.222904,-2.40535
19826,-12,2,-51,19,15,4,3,3,0.205566,0.583984,0.658203,-1.6875,-0.625,-3.75,0.716692,-0.222904,-2.40535
19826,8,-33,-66,-3,-7,-5,-6,-1,0.205566,0.583984,0.658203,-1.6875,-0.625,-3.75,0.716692,-0.222904,-2.40535
19840,-4,-26,43,18,-16,0,0,2,0.206055,0.574219,0.661621,-2.4375,-0.75,-1.6875,0.715958,-0.222904,-2.40595
19840,78,68,91,33,58,24,23,35,0.206055,0.574219,0.661621,-2.4375,-0.75,-1.6875,0.715958,-0.222904,-2.40595
19840,27,53,102,17,-7,-1,-3,5,0.206055,0.574219,0.661621,-2.4375,-0.75,-1.6875,0.715958,-0.222904,-2.40595
19840,0,67,46,8,5,5,4,-1,0.206055,0.574219,0.661621,-2.4375,-0.75,-1.6875,0.715958,-0.222904,-2.40595
19863,4,28,-128,14,26,8,8,7,0.178711,0.560059,0.672852,0.0625,0,1.75,0.715408,-0.222899,-2.4054
19863,7,20,-47,-15,-11,2,3,6,0.178711,0.560059,0.672852,0.0625,0,1.75,0.715408,-0.222899,-2.4054
19863,38,64,-4,48,1,-7,-5,2,0.178711,0.560059,0.672852,0.0625,0,1.75,0.715408,-0.222899,-2.4054
19863,-10,-6,-16,-31,-2,-5,-6,-14,0.178711,0.560059,0.672852,0.0625,0,1.75,0.715408,-0.222899,-2.4054
19885,13,69,-21,8,5,-4,-2,-2,0.199219,0.577148,0.662598,0.75,0.5,-0.375,0.715408,-0.222899,-2.4054
19885,13,-16,-6,-6,2,7,4,5,0.199219,0.577148,0.662598,0.75,0.5,-0.375,0.715408,-0.222899,-2.4054
19886,-73,-57,-16,-41,-35,-22,-21,-29,0.199219,0.577148,0.662598,0.75,0.5,-0.375,0.715408,-0.222899,-2.4054
19886,59,105,-75,36,40,22,17,21,0.199219,0.577148,0.662598,0.75,0.5,-0.375,0.715408,-0.222899,-2.4054
19899,6,52,83,-14,-15,-8,-11,-12,0.222656,0.595703,0.674316,-0.1875,-0.0625,-1.0625,0.715604,-0.223115,-2.40574
19899,-18,-72,-62,-46,-1,-10,-7,-5,0.222656,0.595703,0.674316,-0.1875,-0.0625,-1.0625,0.715604,-0.223115,-2.40574
19907,-13,-128,-110,76,22,10,1,1,0.222656,0.595703,0.674316,-0.1875,-0.0625,-1.0625,0.715604,-0.223115,-2.40574
19907,-16,-24,127,-17,-32,-19,-14,-17,0.222656,0.595703,0.674316,-0.1875,-0.0625,-1.0625,0.715604,-0.223115,-2.40574
19930,-30,-125,-85,-22,-1,-4,-10,-19,0.190918,0.583496,0.67041,-1.4375,0.5625,1.5,0.715053,-0.223111,-2.40519
19930,5,49,60,42,13,9,12,14,0.190918,0.583496,0.67041,-1.4375,0.5625,1.5,0.715053,-0.223111,-2.40519
19931,11,87,22,-58,-11,-1,1,5,0.190918,0.583496,0.67041,-1.4375,0.5625,1.5,0.715053,-0.223111,-2.40519
19931,-41,-79,-51,25,7,-2,-4,-9,0.190918,0.583496,0.67041,-1.4375,0.5625,1.5,0.715053,-0.223111,-2.40519
19945,10,122,66,-27,-14,-7,-8,-1,0.171875,0.562988,0.675293,-0.3125,1.6875,1.625,0.714358,-0.222366,-2.40429
19945,23,-64,-45,25,15,15,11,15,0.171875,0.562988,0.675293,-0.3125,1.6875,1.625,0.714358,-0.222366,-2.40429
19946,-63,13,-31,-36,-15,-22,-20,-28,0.171875,0.562988,0.675293,-0.3125,1.6875,1.625,0.714358,-0.222366,-2.40429
19946,-20,-54,82,-18,-21,-8,0,-1,0.171875,0.562988,0.675293,-0.3125,1.6875,1.625,0.714358,-0.222366,-2.40429
19959,30,-67,-9,-14,6,10,12,14,0.195801,0.600586,0.664551,0.125,1.75,0,0.714711,-0.221717,-2.40382
19959,-29,29,-6,30,13,5,3,4,0.195801,0.600586,0.664551,0.125,1.75,0,0.714711,-0.221717,-2.40382
19974,-44,-96,-102,-66,-15,-13,-19,-26,0.195801,0.600586,0.664551,0.125,1.75,0,0.714711,-0.221717,-2.40382
19974,36,127,52,-4,-7,1,6,14,0.195801,0.600586,0.664551,0.125,1.75,0,0.714711,-0.221717,-2.40382
19983,-21,-33,81,-57,-20,-4,-2,-1,0.208008,0.595703,0.652344,-1.5,0.5625,0.75,0.714643,-0.221918,-2.40358
19983,35,70,25,73,43,12,6,7,0.208008,0.595703,0.652344,-1.5,0.5625,0.75,0.714643,-0.221918,-2.40358
19983,13,64,18,33,22,12,13,12,0.208008,0.595703,0.652344,-1.5,0.5625,0.75,0.714643,-0.221918,-2.40358
19983,-28,-29,-64,-58,-34,-24,-22,-27,0.208008,0.595703,0.652344,-1.5,0.5625,0.75,0.714643,-0.221918,-2.40358
20029,-3,0,52,15,18,11,14,13,0.195312,0.569824,0.664062,-1,0.5,-0.6875,0.714643,-0.221918,-2.40358
20029,6,-15,-12,12,-2,2,3,2,0.195312,0.569824,0.664062,-1,0.5,-0.6875,0.714643,-0.221918,-2.40358
20030,13,19,-36,5,3,0,-1,2,0.195312,0.569824,0.664062,-1,0.5,-0.6875,0.714643,-0.221918,-2.40358
20030,41,20,20,62,30,14,12,17,0.195312,0.569824,0.664062,-1,0.5,-0.6875,0.714643,-0.221918,-2.40358
20031,-67,-29,-110,-9,-5,-8,-14,-22,0.193359,0.570312,0.663574,1.25,0.5,-1.6875,0.715005,-0.221245,-2.4039
20031,-29,30,-40,-60,-51,-23,-21,-26,0.193359,0.570312,0.663574,1.25,0.5,-1.6875,0.715005,-0.221245,-2.4039
20043,51,116,113,34,6,7,10,17,0.193359,0.570312,0.663574,1.25,0.5,-1.6875,0.715005,-0.221245,-2.4039
20043,-19,2,76,58,4,1,-6,-7,0.193359,0.570312,0.663574,1.25,0.5,-1.6875,0.715005,-0.221245,-2.4039
20045,11,13,-47,7,9,9,9,13,0.19043,0.571289,0.671875,-0.125,0.125,0.375,0.71504,-0.221241,-2.40401
20045,48,62,-16,-22,-3,-9,-7,-6,0.19043,0.571289,0.671875,-0.125,0.125,0.375,0.71504,-0.221241,-2.40401
20046,-9,39,-25,-32,-20,-4,-4,-8,0.19043,0.571289,0.671875,-0.125,0.125,0.375,0.71504,-0.221241,-2.40401
20046,46,39,-11,30,35,14,13,15,0.19043,0.571289,0.671875,-0.125,0.125,0.375,0.71504,-0.221241,-2.40401
20065,-1,13,97,-7,-14,-3,0,1,0.184082,0.561035,0.663574,-2.1875,-0.0625,2.375,0.713776,-0.221568,-2.4032
20065,-29,-48,57,26,15,3,1,-4,0.184082,0.561035,0.663574,-2.1875,-0.0625,2.375,0.713776,-0.221568,-2.4032
20065,6,22,56,-40,-23,-5,0,2,0.184082,0.561035,0.663574,-2.1875,-0.0625,2.375,0.713776,-0.221568,-2.4032
20065,0,-12,-70,-3,-7,-5,-3,-3,0.184082,0.561035,0.663574,-2.1875,-0.0625,2.375,0.713776,-0.221568,-2.4032
20087,-5,9,-48,50,18,6,-1,-4,0.189941,0.5625,0.670898,-1,-0.875,2.4375,0.713033,-0.222188,-2.40266
20087,-8,19,83,-40,-18,-5,-1,2,0.189941,0.5625,0.670898,-1,-0.875,2.4375,0.713033,-0.222188,-2.40266
20088,17,-1,60,41,21,8,6,9,0.189941,0.5625,0.670898,-1,-0.875,2.4375,0.713033,-0.222188,-2.40266
20088,-26,-7,127,56,13,-2,-9,-13,0.189941,0.5625,0.670898,-1,-0.875,2.4375,0.713033,-0.222188,-2.40266
20103,23,34,3,-13,-8,-1,0,4,0.206543,0.584961,0.675781,0.5,-0.5625,0.125,0.713033,-0.222188,-2.40266
20103,-26,-1,-20,-29,-6,-4,-3,-3,0.206543,0.584961,0.675781,0.5,-0.5625,0.125,0.713033,-0.222188,-2.40266
20103,27,33,101,114,38,17,12,15,0.206543,0.584961,0.675781,0.5,-0.5625,0.125,0.713033,-0.222188,-2.40266
20103,-8,-100,-128,-51,-4,3,2,6,0.206543,0.584961,0.675781,0.5,-0.5625,0.125,0.713033,-0.222188,-2.40266
20125,40,127,127,44,21,10,6,12,0.193848,0.586914,0.674805,-0.875,-0.9375,2,0.712707,-0.222708,-2.40239
20125,-49,-125,12,-88,-48,-24,-24,-31,0.193848,0.586914,0.674805,-0.875,-0.9375,2,0.712707,-0.222708,-2.40239
20125,30,23,25,-38,-26,-10,-6,-2,0.193848,0.586914,0.674805,-0.875,-0.9375,2,0.712707,-0.222708,-2.40239
20125,-20,-70,-38,5,-9,1,0,0,0.193848,0.586914,0.674805,-0.875,-0.9375,2,0.712707,-0.222708,-2.40239
20139,-19,16,-25,7,5,-8,-4,-4,0.232422,0.564941,0.67334,-0.875,-0.5625,-0.9375,0.71267,-0.22286,-2.40235
20139,-10,-1,-115,13,-7,2,0,-1,0.232422,0.564941,0.67334,-0.875,-0.5625,-0.9375,0.71267,-0.22286,-2.40235
20147,22,43,29,-41,-17,-12,-12,-9,0.232422,0.564941,0.67334,-0.875,-0.5625,-0.9375,0.71267,-0.22286,-2.40235
20147,-31,20,15,-51,-11,0,2,-2,0.232422,0.564941,0.67334,-0.875,-0.5625,-0.9375,0.71267,-0.22286,-2.40235
20162,-14,-96,9,26,15,4,-3,-2,0.221191,0.599121,0.668945,1.75,1.1875,-1.0625,0.713664,-0.222831,-2.4024
20162,5,-50,-9,75,4,2,4,3,0.221191,0.599121,0.668945,1.75,1.1875,-1.0625,0.713664,-0.222831,-2.4024
20163,-42,-128,-104,-49,-23,-11,-10,-16,0.221191,0.599121,0.668945,1.75,1.1875,-1.0625,0.713664,-0.222831,-2.4024
20163,45,63,-106,-21,3,3,5,12,0.221191,0.599121,0.668945,1.75,1.1875,-1.0625,0.713664,-0.222831,-2.4024
20185,5,92,47,36,4,0,-2,-1,0.159668,0.593262,0.668945,-0.3125,1.3125,2.6875,0.713583,-0.221959,-2.40142
20185,0,-18,71,13,-4,-2,-2,-7,0.159668,0.593262,0.668945,-0.3125,1.3125,2.6875,0.713583,-0.221959,-2.40142
20187,10,44,32,50,26,10,8,9,0.155762,0.563477,0.675293,-4.1875,0.125,0.9375,0.711732,-0.221175,-2.4011
20187,20,58,26,24,-3,6,11,12,0.155762,0.563477,0.675293,-4.1875,0.125,0.9375,0.711732,-0.221175,-2.4011
20207,-13,-67,-71,-82,-35,-19,-14,-9,0.155762,0.563477,0.675293,-4.1875,0.125,0.9375,0.711732,-0.221175,-2.4011
20207,25,34,31,21,48,17,8,9,0.155762,0.563477,0.675293,-4.1875,0.125,0.9375,0.711732,-0.221175,-2.4011
20209,12,-1,-62,-11,-1,2,7,12,0.216309,0.571289,0.671387,-0.375,0.3125,-1.5,0.711541,-0.221249,-2.40137
20209,-27,22,-13,-59,-30,-12,-16,-16,0.216309,0.571289,0.671387,-0.375,0.3125,-1.5,0.711541,-0.221249,-2.40137
20221,-10,92,97,47,-7,2,-2,-5,0.216309,0.571289,0.671387,-0.375,0.3125,-1.5,0.711541,-0.221249,-2.40137
20221,41,78,-117,-84,-22,-5,0,7,0.216309,0.571289,0.671387,-0.375,0.3125,-1.5,0.711541,-0.221249,-2.40137
20230,-61,-97,-72,-32,-31,-12,-8,-13,0.213867,0.581055,0.667969,1.25,0.375,-0.375,0.712072,-0.221335,-2.40135
20230,24,94,125,84,38,12,4,6,0.213867,0.581055,0.667969,1.25,0.375,-0.375,0.712072,-0.221335,-2.40135
20252,-5,-78,-83,-64,-20,-9,-6,-9,0.213867,0.581055,0.667969,1.25,0.375,-0.375,0.712072,-0.221335,-2.40135
20252,23,12,75,37,11,5,6,9,0.213867,0.581055,0.667969,1.25,0.375,-0.375,0.712072,-0.221335,-2.40135
20254,-23,-58,81,-32,-18,-10,-12,-15,0.183105,0.566895,0.677734,0.75,0.625,0.125,0.711966,-0.221285,-2.40141
20254,-2,-86,-89,-48,-20,-10,-8,-12,0.183105,0.566895,0.677734,0.75,0.625,0.125,0.711966,-0.221285,-2.40141
20274,0,71,119,67,24,9,8,9,0.183105,0.566895,0.677734,0.75,0.625,0.125,0.711966,-0.221285,-2.40141
20274,-13,-31,31,-2,-8,-6,-6,-7,0.183105,0.566895,0.677734,0.75,0.625,0.125,0.711966,-0.221285,-2.40141
20276,7,18,-108,-46,-7,-3,-4,-2,0.203613,0.57666,0.661133,0,0.5625,-1.5625,0.712072,-0.220932,-2.40169
20276,6,31,124,57,26,4,2,3,0.203613,0.57666,0.661133,0,0.5625,-1.5625,0.712072,-0.220932,-2.40169
20281,-21,-114,-95,52,5,0,-3,-9,0.203613,0.57666,0.661133,0,0.5625,-1.5625,0.712072,-0.220932,-2.40169
20281,9,81,75,-19,0,-2,-3,4,0.203613,0.57666,0.661133,0,0.5625,-1.5625,0.712072,-0.220932,-2.40169
20290,18,77,127,1,15,10,10,10,0.210449,0.573242,0.654785,-2,-0.375,0.125,0.711629,-0.221415,-2.40177
20290,-17,-40,-80,5,-9,-5,-4,-8,0.210449,0.573242,0.654785,-2,-0.375,0.125,0.711629,-0.221415,-2.40177
20305,22,76,-41,43,30,9,6,4,0.210449,0.573242,0.654785,-2,-0.375,0.125,0.711629,-0.221415,-2.40177
20305,-45,-52,88,6,-4,-5,-10,-14,0.210449,0.573242,0.654785,-2,-0.375,0.125,0.711629,-0.221415,-2.40177
20307,17,69,-86,-25,-5,-1,4,8,0.1875,0.562012,0.665527,-2.5625,-1.1875,2.5,0.710384,-0.222063,-2.4012
20307,-16,102,127,66,21,6,4,3,0.1875,0.562012,0.665527,-2.5625,-1.1875,2.5,0.710384,-0.222063,-2.4012
20327,-9,-7,59,-55,-12,1,6,7,0.1875,0.562012,0.665527,-2.5625,-1.1875,2.5,0.710384,-0.222063,-2.4012
20327,-26,-70,-48,-46,-30,-13,-11,-14,0.1875,0.562012,0.665527,-2.5625,-1.1875,2.5,0.710384,-0.222063,-2.4012
20334,-12,17,73,90,54,11,1,-1,0.181641,0.562012,0.661621,-2.125,-1.375,3,0.709458,-0.222696,-2.40071
20334,22,-31,2,-39,-12,-5,1,1,0.181641,0.562012,0.661621,-2.125,-1.375,3,0.709458,-0.222696,-2.40071
20341,47,99,54,-9,-1,3,4,9,0.181641,0.562012,0.661621,-2.125,-1.375,3,0.709458,-0.222696,-2.40071
20341,-87,-71,-102,-23,-5,-7,-9,-14,0.181641,0.562012,0.661621,-2.125,-1.375,3,0.709458,-0.222696,-2.40071
20350,-3,-20,71,47,2,-4,-4,-8,0.176758,0.563477,0.679688,-3.1875,-1.9375,3.375,0.707965,-0.223394,-2.4002
20350,49,74,-9,0,9,6,11,22,0.176758,0.563477,0.679688,-3.1875,-1.9375,3.375,0.707965,-0.223394,-2.4002
20365,-14,-51,18,-66,-21,-10,-7,-7,0.176758,0.563477,0.679688,-3.1875,-1.9375,3.375,0.707965,-0.223394,-2.4002
20365,68,127,-29,40,30,11,13,17,0.176758,0.563477,0.679688,-3.1875,-1.9375,3.375,0.707965,-0.223394,-2.4002
20366,10,-18,-4,-6,-2,3,2,3,0.197754,0.562988,0.686523,4.5625,-0.3125,2,0.708965,-0.223903,-2.39969
20366,9,84,113,49,23,10,4,10,0.197754,0.562988,0.686523,4.5625,-0.3125,2,0.708965,-0.223903,-2.39969
20388,35,-91,-128,-63,-26,-6,-2,1,0.197754,0.562988,0.686523,4.5625,-0.3125,2,0.708965,-0.223903,-2.39969
20388,-33,-56,34,-44,-25,-18,-16,-19,0.197754,0.562988,0.686523,4.5625,-0.3125,2,0.708965,-0.223903,-2.39969
20389,-24,-119,-72,-6,3,5,1,-2,0.191895,0.599121,0.672852,3.25,-0.1875,1.5625,0.710364,-0.223948,-2.39929
20389,5,127,43,-99,-33,-11,-8,-6,0.191895,0.599121,0.672852,3.25,-0.1875,1.5625,0.710364,-0.223948,-2.39929
20401,10,-49,-24,66,22,10,6,6,0.191895,0.599121,0.672852,3.25,-0.1875,1.5625,0.710364,-0.223948,-2.39929
20401,-39,-49,-57,-25,-11,-7,-3,-5,0.191895,0.599121,0.672852,3.25,-0.1875,1.5625,0.710364,-0.223948,-2.39929
20409,69,127,33,4,6,4,6,15,0.224121,0.602051,0.674805,-2.9375,0.6875,0.5,0.709686,-0.22432,-2.39906
20409,-67,-103,-59,-84,-20,-8,-12,-25,0.224121,0.602051,0.674805,-2.9375,0.6875,0.5,0.709686,-0.22432,-2.39906
20425,-25,-29,67,-4,-23,-15,-11,-6,0.224121,0.602051,0.674805,-2.9375,0.6875,0.5,0.709686,-0.22432,-2.39906
20425,98,88,57,53,39,22,18,30,0.224121,0.602051,0.674805,-2.9375,0.6875,0.5,0.709686,-0.22432,-2.39906
20426,-79,-83,96,-70,-44,-20,-18,-27,0.209473,0.566406,0.674805,-3.6875,1.375,1.1875,0.708069,-0.22445,-2.39838
20426,-4,-60,-59,-39,-19,-4,2,0,0.209473,0.566406,0.674805,-3.6875,1.375,1.1875,0.708069,-0.22445,-2.39838
20447,-2,54,42,13,35,9,9,8,0.209473,0.566406,0.674805,-3.6875,1.375,1.1875,0.708069,-0.22445,-2.39838
20447,18,5,37,54,22,10,0,0,0.209473,0.566406,0.674805,-3.6875,1.375,1.1875,0.708069,-0.22445,-2.39838
20449,11,111,57,24,-12,-3,1,5,0.206055,0.560059,0.678223,2.3125,2.5625,-1.0625,0.708359,-0.223643,-2.39792
20449,29,-48,94,44,10,5,4,5,0.206055,0.560059,0.678223,2.3125,2.5625,-1.0625,0.708359,-0.223643,-2.39792
20470,-53,-105,-23,-8,-18,-19,-19,-28,0.206055,0.560059,0.678223,2.3125,2.5625,-1.0625,0.708359,-0.223643,-2.39792
20470,11,105,123,18,-8,-5,2,7,0.206055,0.560059,0.678223,2.3125,2.5625,-1.0625,0.708359,-0.223643,-2.39792
20471,-11,-89,-54,-29,-6,-3,-2,-3,0.199219,0.583496,0.660645,0.9375,1.0625,-2.125,0.709082,-0.222852,-2.39829
20471,-29,23,-72,33,-9,-7,-10,-16,0.199219,0.583496,0.660645,0.9375,1.0625,-2.125,0.709082,-0.222852,-2.39829
20485,39,36,84,92,48,23,16,19,0.199219,0.583496,0.660645,0.9375,1.0625,-2.125,0.709082,-0.222852,-2.39829
20485,-49,21,25,-107,-55,-16,-7,-7,0.199219,0.583496,0.660645,0.9375,1.0625,-2.125,0.709082,-0.222852,-2.39829
20486,-9,32,31,27,15,-3,-3,-5,0.219727,0.574219,0.659668,-2.625,0.25,-2.75,0.708526,-0.222746,-2.39899
20486,30,114,-36,0,11,11,8,14,0.219727,0.574219,0.659668,-2.625,0.25,-2.75,0.708526,-0.222746,-2.39899
20507,-27,-19,1,-57,-11,-13,-14,-20,0.219727,0.574219,0.659668,-2.625,0.25,-2.75,0.708526,-0.222746,-2.39899
20507,0,32,-92,6,9,0,-3,-9,0.219727,0.574219,0.659668,-2.625,0.25,-2.75,0.708526,-0.222746,-2.39899
20508,4,14,-45,-16,-8,0,3,4,0.185059,0.560059,0.658203,-1.625,0.1875,0.0625,0.707936,-0.222398,-2.39889
20508,39,-39,-63,-48,-2,5,4,13,0.185059,0.560059,0.658203,-1.625,0.1875,0.0625,0.707936,-0.222398,-2.39889
20530,-4,81,87,69,32,10,7,15,0.185059,0.560059,0.658203,-1.625,0.1875,0.0625,0.707936,-0.222398,-2.39889
20530,-47,-127,-41,-31,-23,-13,-10,-19,0.185059,0.560059,0.658203,-1.625,0.1875,0.0625,0.707936,-0.222398,-2.39889
20531,18,15,86,16,1,3,4,6,0.179199,0.546875,0.682617,0.8125,-0.375,0.5625,0.707691,-0.222301,-2.39888
20531,22,-91,-70,19,26,10,11,14,0.179199,0.546875,0.682617,0.8125,-0.375,0.5625,0.707691,-0.222301,-2.39888
20552,1,41,37,-37,-39,-20,-22,-20,0.179199,0.546875,0.682617,0.8125,-0.375,0.5625,0.707691,-0.222301,-2.39888
20552,18,80,98,56,23,10,8,8,0.179199,0.546875,0.682617,0.8125,-0.375,0.5625,0.707691,-0.222301,-2.39888
20554,3,-21,-102,-34,-7,2,2,0,0.200684,0.574707,0.669434,1.4375,0.4375,-1.4375,0.708263,-0.221879,-2.39916
20554,-25,-29,38,-55,-27,-18,-10,-12,0.200684,0.574707,0.669434,1.4375,0.4375,-1.4375,0.708263,-0.221879,-2.39916
20567,-4,-25,-77,28,18,7,6,0,0.200684,0.574707,0.669434,1.4375,0.4375,-1.4375,0.708263,-0.221879,-2.39916
20567,21,59,82,45,24,15,13,17,0.200684,0.574707,0.669434,1.4375,0.4375,-1.4375,0.708263,-0.221879,-2.39916
20569,2,22,-48,-48,-33,-20,-17,-17,0.195312,0.606934,0.662109,-0.875,0.0625,1.25,0.708656,-0.221964,-2.399
20569,-32,47,88,52,16,4,1,-1,0.195312,0.606934,0.662109,-0.875,0.0625,1.25,0.708656,-0.221964,-2.399
20582,-22,-68,-2,-42,-15,-6,-3,-6,0.195312,0.606934,0.662109,-0.875,0.0625,1.25,0.708656,-0.221964,-2.399
20582,32,2,-15,-15,-6,1,6,10,0.195312,0.606934,0.662109,-0.875,0.0625,1.25,0.708656,-0.221964,-2.399
20596,-24,-90,-68,115,58,26,15,14,0.174805,0.575195,0.673828,-2.5,-0.625,0.5625,0.707741,-0.221733,-2.39896
20596,-5,67,-52,-37,-33,-21,-15,-18,0.174805,0.575195,0.673828,-2.5,-0.625,0.5625,0.707741,-0.221733,-2.39896
20605,10,-2,-28,-7,15,10,10,9,0.174805,0.575195,0.673828,-2.5,-0.625,0.5625,0.707741,-0.221733,-2.39896
20605,-26,6,19,-50,-38,-13,-10,-9,0.174805,0.575195,0.673828,-2.5,-0.625,0.5625,0.707741,-0.221733,-2.39896
20606,33,97,81,94,45,21,19,24,0.189941,0.548828,0.695312,1.3125,-0.4375,-2,0.707494,-0.221189,-2.39937
20606,-29,-88,34,-59,-41,-32,-34,-36,0.189941,0.548828,0.695312,1.3125,-0.4375,-2,0.707494,-0.221189,-2.39937
20635,-24,-1,-114,-61,-15,0,1,-3,0.189941,0.548828,0.695312,1.3125,-0.4375,-2,0.707494,-0.221189,-2.39937
20635,-4,1,-53,-20,-4,-1,4,2,0.189941,0.548828,0.695312,1.3125,-0.4375,-2,0.707494,-0.221189,-2.39937
20637,-25,-93,-50,-22,-28,-14,-9,-10,0.209473,0.588379,0.672363,2.375,0.75,-1.4375,0.708596,-0.220854,-2.39962
20637,-11,-44,-80,42,15,9,-1,1,0.209473,0.588379,0.672363,2.375,0.75,-1.4375,0.708596,-0.220854,-2.39962
20642,20,113,127,-27,-18,-11,-7,-5,0.209473,0.588379,0.672363,2.375,0.75,-1.4375,0.708596,-0.220854,-2.39962
20642,35,39,-31,-74,-28,-7,-8,-2,0.209473,0.588379,0.672363,2.375,0.75,-1.4375,0.708596,-0.220854,-2.39962
20649,14,25,86,51,26,9,7,9,0.212891,0.602051,0.663086,-3.5,0.875,0.625,0.707996,-0.220967,-2.39941
20649,-16,-63,13,21,29,3,4,-4,0.212891,0.602051,0.663086,-3.5,0.875,0.625,0.707996,-0.220967,-2.39941
20665,-9,48,-66,-18,-11,1,1,0,0.212891,0.602051,0.663086,-3.5,0.875,0.625,0.707996,-0.220967,-2.39941
20665,-22,-127,-47,47,7,-3,-1,-3,0.212891,0.602051,0.663086,-3.5,0.875,0.625,0.707996,-0.220967,-2.39941
20666,7,24,-39,-46,-14,-11,-11,-12,0.192871,0.54541,0.683105,-3.875,0.625,-0.0625,0.705952,-0.220761,-2.39918
20666,17,99,-76,4,5,6,12,14,0.192871,0.54541,0.683105,-3.875,0.625,-0.0625,0.705952,-0.220761,-2.39918
20688,17,-53,-84,34,8,7,1,4,0.192871,0.54541,0.683105,-3.875,0.625,-0.0625,0.705952,-0.220761,-2.39918
20688,-2,57,82,-15,-2,-5,-7,-10,0.192871,0.54541,0.683105,-3.875,0.625,-0.0625,0.705952,-0.220761,-2.39918
20689,-12,4,-7,-40,-18,-9,-7,-9,0.185059,0.543945,0.668945,2.3125,0.75,-2,0.706257,-0.21983,-2.39937
20689,-1,-67,9,43,4,3,5,5,0.185059,0.543945,0.668945,2.3125,0.75,-2,0.706257,-0.21983,-2.39937
20702,53,10,-38,74,29,12,12,14,0.185059,0.543945,0.668945,2.3125,0.75,-2,0.706257,-0.21983,-2.39937
20702,-11,32,-57,-17,3,-1,-7,-10,0.185059,0.543945,0.668945,2.3125,0.75,-2,0.706257,-0.21983,-2.39937
20708,-23,-120,-70,-53,-9,-4,-4,-7,0.193848,0.589844,0.67041,2.6875,0.375,-2.25,0.707604,-0.21919,-2.39996
20708,24,127,3,-2,2,5,7,9,0.193848,0.589844,0.67041,2.6875,0.375,-2.25,0.707604,-0.21919,-2.39996
20725,5,-38,-64,-22,-22,-10,-5,-1,0.193848,0.589844,0.67041,2.6875,0.375,-2.25,0.707604,-0.21919,-2.39996
20725,37,1,-79,49,25,14,10,11,0.193848,0.589844,0.67041,2.6875,0.375,-2.25,0.707604,-0.21919,-2.39996
20727,16,98,89,-10,4,-3,-2,-1,0.191895,0.575684,0.672363,-2.5,-0.75,0.4375,0.706856,-0.219315,-2.39992
20727,23,-33,122,15,1,11,12,15,0.191895,0.575684,0.672363,-2.5,-0.75,0.4375,0.706856,-0.219315,-2.39992
20748,40,83,126,11,-2,6,7,19,0.191895,0.575684,0.672363,-2.5,-0.75,0.4375,0.706856,-0.219315,-2.39992
20748,-31,-86,-77,-79,-16,-16,-20,-27,0.191895,0.575684,0.672363,-2.5,-0.75,0.4375,0.706856,-0.219315,-2.39992
20749,15,49,103,4,3,6,9,14,0.20166,0.543457,0.671875,-0.5625,-0.5,0.3125,0.706677,-0.219375,-2.39989
20749,-31,-71,61,42,-2,-9,-20,-25,0.20166,0.543457,0.671875,-0.5625,-0.5,0.3125,0.706677,-0.219375,-2.39989
20761,-2,67,15,-9,-11,-5,-2,-6,0.20166,0.543457,0.671875,-0.5625,-0.5,0.3125,0.706677,-0.219375,-2.39989
20761,-4,-16,-33,-2,6,6,11,9,0.20166,0.543457,0.671875,-0.5625,-0.5,0.3125,0.706677,-0.219375,-2.39989
20770,16,-45,-75,-42,-23,2,5,8,0.193359,0.584473,0.666504,1.3125,-0.4375,0.5625,0.707346,-0.219509,-2.39993
20770,-9,-55,-89,5,33,6,0,-3,0.193359,0.584473,0.666504,1.3125,-0.4375,0.5625,0.707346,-0.219509,-2.39993
20785,-2,64,93,-11,5,0,0,4,0.193359,0.584473,0.666504,1.3125,-0.4375,0.5625,0.707346,-0.219509,-2.39993
20785,-11,-50,127,36,4,-6,-8,-6,0.193359,0.584473,0.666504,1.3125,-0.4375,0.5625,0.707346,-0.219509,-2.39993
20786,-11,-84,-12,-7,5,-1,-1,-6,0.195312,0.585938,0.679688,1.125,-0.1875,-0.1875,0.707948,-0.21944,-2.40006
20786,5,48,21,-55,-24,-6,0,2,0.195312,0.585938,0.679688,1.125,-0.1875,-0.1875,0.707948,-0.21944,-2.40006
20808,-9,-24,26,-19,-15,-9,-8,-10,0.195312,0.585938,0.679688,1.125,-0.1875,-0.1875,0.707948,-0.21944,-2.40006
20808,0,-28,2,13,14,8,6,8,0.195312,0.585938,0.679688,1.125,-0.1875,-0.1875,0.707948,-0.21944,-2.40006
20810,-55,-2,-89,-36,-37,-17,-20,-24,0.199707,0.579102,0.665527,0.3125,-0.4375,-0.75,0.707948,-0.21944,-2.40006
20810,-14,-18,-8,-3,5,-1,-7,-6,0.199707,0.579102,0.665527,0.3125,-0.4375,-0.75,0.707948,-0.21944,-2.40006
20830,-18,-39,-3,-56,-35,-18,-12,-14,0.199707,0.579102,0.665527,0.3125,-0.4375,-0.75,0.707948,-0.21944,-2.40006
20830,18,-50,29,86,26,12,16,15,0.199707,0.579102,0.665527,0.3125,-0.4375,-0.75,0.707948,-0.21944,-2.40006
20831,1,107,101,53,9,4,-3,-1,0.191406,0.578613,0.675293,0,-0.6875,0,0.707948,-0.21944,-2.40006
20831,-28,-98,-53,-53,-5,-2,4,0,0.191406,0.578613,0.675293,0,-0.6875,0,0.707948,-0.21944,-2.40006
20852,7,85,98,-9,18,1,-3,-3,0.191406,0.578613,0.675293,0,-0.6875,0,0.707948,-0.21944,-2.40006
20852,1,-38,4,-24,-14,2,0,0,0.191406,0.578613,0.675293,0,-0.6875,0,0.707948,-0.21944,-2.40006
20854,-16,44,58,9,-1,-9,-10,-15,0.166016,0.567383,0.664062,-2.0625,-1.6875,1.1875,0.707238,-0.219414,-2.40006
20854,70,114,127,30,19,17,19,28,0.166016,0.567383,0.664062,-2.0625,-1.6875,1.1875,0.707238,-0.219414,-2.40006
20867,-65,-82,-68,15,6,4,-1,-13,0.166016,0.567383,0.664062,-2.0625,-1.6875,1.1875,0.707238,-0.219414,-2.40006
20867,7,91,111,-54,-18,-7,-5,2,0.166016,0.567383,0.664062,-2.0625,-1.6875,1.1875,0.707238,-0.219414,-2.40006
20868,-20,-111,-77,-39,-11,1,0,1,0.197266,0.571777,0.66748,-1.4375,-2.4375,-0.9375,0.706906,-0.219881,-2.40096
20868,29,127,116,1,-9,-3,-2,1,0.197266,0.571777,0.66748,-1.4375,-2.4375,-0.9375,0.706906,-0.219881,-2.40096
20881,31,80,80,18,27,14,14,20,0.197266,0.571777,0.66748,-1.4375,-2.4375,-0.9375,0.706906,-0.219881,-2.40096
20881,-58,-71,-106,-81,-41,-23,-19,-26,0.197266,0.571777,0.66748,-1.4375,-2.4375,-0.9375,0.706906,-0.219881,-2.40096
20890,-1,106,109,26,11,-2,1,2,0.225098,0.580566,0.675293,0.25,-1.875,-2,0.70735,-0.220533,-2.40184
20890,-18,-18,-20,12,-20,-9,-7,-7,0.225098,0.580566,0.675293,0.25,-1.875,-2,0.70735,-0.220533,-2.40184
20905,-37,-128,-93,-31,-31,-24,-27,-31,0.225098,0.580566,0.675293,0.25,-1.875,-2,0.70735,-0.220533,-2.40184
20905,18,75,10,67,36,14,13,12,0.225098,0.580566,0.675293,0.25,-1.875,-2,0.70735,-0.220533,-2.40184
20907,54,106,59,-3,0,7,9,15,0.199707,0.567871,0.673828,-1.0625,-1.6875,-0.125,0.706894,-0.220985,-2.4023
20907,-10,-8,6,39,30,11,7,5,0.199707,0.567871,0.673828,-1.0625,-1.6875,-0.125,0.706894,-0.220985,-2.4023
20927,17,12,18,-11,-9,-6,0,0,0.199707,0.567871,0.673828,-1.0625,-1.6875,-0.125,0.706894,-0.220985,-2.4023
20927,7,84,68,92,33,10,6,13,0.199707,0.567871,0.673828,-1.0625,-1.6875,-0.125,0.706894,-0.220985,-2.4023
20929,-21,-74,-128,-33,-32,-18,-15,-20,0.198242,0.576172,0.674805,-1.875,-0.75,-0.4375,0.706281,-0.221068,-2.40247
20929,49,127,70,-24,3,0,4,7,0.198242,0.576172,0.674805,-1.875,-0.75,-0.4375,0.706281,-0.221068,-2.40247
20941,-51,-87,-76,-37,-9,5,1,1,0.198242,0.576172,0.674805,-1.875,-0.75,-0.4375,0.706281,-0.221068,-2.40247
20941,14,98,58,80,16,-8,-10,-11,0.198242,0.576172,0.674805,-1.875,-0.75,-0.4375,0.706281,-0.221068,-2.40247
20950,17,-16,-44,25,38,15,14,14,0.189941,0.577148,0.662598,-2.875,-1,-0.3125,0.705558,-0.221012,-2.40284
20950,-16,30,-92,-36,-8,-6,0,3,0.189941,0.577148,0.662598,-2.875,-1,-0.3125,0.705558,-0.221012,-2.40284
20965,24,127,-39,68,14,-4,-9,-3,0.189941,0.577148,0.662598,-2.875,-1,-0.3125,0.705558,-0.221012,-2.40284
20965,-47,-128,-65,-38,-18,-2,-6,-10,0.189941,0.577148,0.662598,-2.875,-1,-0.3125,0.705558,-0.221012,-2.40284
20966,-13,-40,-16,71,7,2,2,2,0.195801,0.552734,0.681152,0.4375,-0.0625,-0.0625,0.705455,-0.221006,-2.40282
20966,-18,-26,-6,-4,-1,-3,-5,-10,0.195801,0.552734,0.681152,0.4375,-0.0625,-0.0625,0.705455,-0.221006,-2.40282
20996,9,0,82,-5,11,8,12,13,0.195801,0.552734,0.681152,0.4375,-0.0625,-0.0625,0.705455,-0.221006,-2.40282
20996,-20,-49,-56,15,-10,-6,-10,-11,0.195801,0.552734,0.681152,0.4375,-0.0625,-0.0625,0.705455,-0.221006,-2.40282
20998,2,26,12,-37,-17,-11,-12,-9,0.208008,0.588867,0.679199,2.3125,1.25,-3,0.706556,-0.220268,-2.40341
20998,-9,-31,-5,17,9,1,2,4,0.208008,0.588867,0.679199,2.3125,1.25,-3,0.706556,-0.220268,-2.40341
21001,25,5,-46,93,10,6,1,1,0.208008,0.588867,0.679199,2.3125,1.25,-3,0.706556,-0.220268,-2.40341
21001,8,124,-40,-81,-22,-9,-4,-6,0.208008,0.588867,0.679199,2.3125,1.25,-3,0.706556,-0.220268,-2.40341
21010,5,-75,-43,-14,6,8,10,10,0.205078,0.598145,0.666016,-1.9375,0.875,-1.3125,0.706522,-0.219869,-2.40363
21010,-25,-74,70,7,-25,-12,-16,-17,0.205078,0.598145,0.666016,-1.9375,0.875,-1.3125,0.706522,-0.219869,-2.40363
21025,35,-52,-96,21,26,15,12,13,0.205078,0.598145,0.666016,-1.9375,0.875,-1.3125,0.706522,-0.219869,-2.40363
21025,-10,30,82,3,-13,-5,-1,-3,0.205078,0.598145,0.666016,-1.9375,0.875,-1.3125,0.706522,-0.219869,-2.40363
21027,29,92,19,-61,-8,3,7,14,0.160156,0.562012,0.668945,-3.875,0.3125,1.4375,0.704926,-0.219274,-2.40316
21027,-18,15,110,20,-3,-12,-17,-21,0.160156,0.562012,0.668945,-3.875,0.3125,1.4375,0.704926,-0.219274,-2.40316
21047,-2,1,-21,47,15,3,6,9,0.160156,0.562012,0.668945,-3.875,0.3125,1.4375,0.704926,-0.219274,-2.40316
21047,6,-74,-65,-61,1,6,4,-1,0.160156,0.562012,0.668945,-3.875,0.3125,1.4375,0.704926,-0.219274,-2.40316
21049,-29,-38,-39,-40,-22,-9,-8,-10,0.17334,0.548828,0.678223,0,0.875,-1.4375,0.704424,-0.218208,-2.40318
21049,19,23,55,16,-17,-1,2,4,0.17334,0.548828,0.678223,0,0.875,-1.4375,0.704424,-0.218208,-2.40318
21061,27,31,123,8,10,9,14,23,0.17334,0.548828,0.678223,0,0.875,-1.4375,0.704424,-0.218208,-2.40318
21061,3,105,90,-41,-15,-15,-19,-18,0.17334,0.548828,0.678223,0,0.875,-1.4375,0.704424,-0.218208,-2.40318
21070,14,27,-46,37,6,2,5,1,0.206543,0.57666,0.666016,2.5625,0.5625,-2.625,0.705729,-0.217673,-2.40381
21070,3,1,-51,36,15,10,7,4,0.206543,0.57666,0.666016,2.5625,0.5625,-2.625,0.705729,-0.217673,-2.40381
21085,-10,55,-93,-109,-46,-9,-1,1,0.206543,0.57666,0.666016,2.5625,0.5625,-2.625,0.705729,-0.217673,-2.40381
21085,36,4,39,7,22,9,10,14,0.206543,0.57666,0.666016,2.5625,0.5625,-2.625,0.705729,-0.217673,-2.40381
21087,-43,-60,-53,22,18,-5,-15,-25,0.216309,0.583008,0.664551,0.9375,0.4375,-1.3125,0.706387,-0.217819,-2.40415
21087,-1,-18,-69,-37,-6,2,3,2,0.216309,0.583008,0.664551,0.9375,0.4375,-1.3125,0.706387,-0.217819,-2.40415
21107,40,85,65,-7,-7,-1,2,7,0.216309,0.583008,0.664551,0.9375,0.4375,-1.3125,0.706387,-0.217819,-2.40415
21107,-42,-77,-48,-55,-31,-2,-5,-5,0.216309,0.583008,0.664551,0.9375,0.4375,-1.3125,0.706387,-0.217819,-2.40415
21109,32,125,-15,-31,-2,-7,-5,-1,0.186523,0.573242,0.679688,-0.375,0.5,0.3125,0.706247,-0.217773,-2.40409
21109,-24,74,1,8,19,6,2,-3,0.186523,0.573242,0.679688,-0.375,0.5,0.3125,0.706247,-0.217773,-2.40409
21129,-4,-107,-61,31,29,20,19,16,0.186523,0.573242,0.679688,-0.375,0.5,0.3125,0.706247,-0.217773,-2.40409
21129,-9,73,35,-50,-52,-32,-29,-28,0.186523,0.573242,0.679688,-0.375,0.5,0.3125,0.706247,-0.217773,-2.40409
21147,-6,25,105,38,4,-1,4,6,0.166992,0.547852,0.669922,-0.4375,-0.25,0.5625,0.706182,-0.217616,-2.40411
21147,66,-17,-67,-29,18,13,14,20,0.166992,0.547852,0.669922,-0.4375,-0.25,0.5625,0.706182,-0.217616,-2.40411
21148,-72,-29,-54,-57,-14,-11,-16,-28,0.166992,0.547852,0.669922,-0.4375,-0.25,0.5625,0.706182,-0.217616,-2.40411
21148,7,-25,-56,44,20,6,7,7,0.166992,0.547852,0.669922,-0.4375,-0.25,0.5625,0.706182,-0.217616,-2.40411
21151,15,-40,92,23,12,8,6,12,0.194824,0.562012,0.677734,2.25,-0.8125,-0.1875,0.706669,-0.217764,-2.4042
21151,17,10,-85,32,-2,-10,-6,-3,0.194824,0.562012,0.677734,2.25,-0.8125,-0.1875,0.706669,-0.217764,-2.4042
21168,-17,42,76,-11,-6,-6,-6,-10,0.194824,0.562012,0.677734,2.25,-0.8125,-0.1875,0.706669,-0.217764,-2.4042
21168,25,22,42,45,20,12,15,17,0.194824,0.562012,0.677734,2.25,-0.8125,-0.1875,0.706669,-0.217764,-2.4042
21169,-6,-68,69,29,12,5,-3,-3,0.20166,0.590332,0.664551,0.6875,-1,-0.125,0.706809,-0.21781,-2.40426
21169,-41,-92,-98,-104,-43,-14,-16,-18,0.20166,0.590332,0.664551,0.6875,-1,-0.125,0.706809,-0.21781,-2.40426
21198,21,83,122,43,-2,-5,-1,0,0.20166,0.590332,0.664551,0.6875,-1,-0.125,0.706809,-0.21781,-2.40426
21198,-22,-70,-76,-7,-7,-6,-1,-5,0.20166,0.590332,0.664551,0.6875,-1,-0.125,0.706809,-0.21781,-2.40426
21199,25,57,54,-11,17,9,14,17,0.20752,0.57666,0.666504,-1.625,-1.625,1.0625,0.706492,-0.218712,-2.40444
21199,11,-35,127,59,10,7,-1,4,0.20752,0.57666,0.666504,-1.625,-1.625,1.0625,0.706492,-0.218712,-2.40444
21214,-64,-36,-71,-51,-29,-20,-21,-25,0.20752,0.57666,0.666504,-1.625,-1.625,1.0625,0.706492,-0.218712,-2.40444
21214,54,69,83,27,8,4,10,14,0.20752,0.57666,0.666504,-1.625,-1.625,1.0625,0.706492,-0.218712,-2.40444
21215,-18,-25,-7,4,4,1,-2,1,0.178223,0.552734,0.674316,-2.25,-2.0625,1.1875,0.705306,-0.219174,-2.40441
21215,5,17,-62,-2,-13,-6,-7,-5,0.178223,0.552734,0.674316,-2.25,-2.0625,1.1875,0.705306,-0.219174,-2.40441
21228,37,68,47,19,5,-1,3,5,0.178223,0.552734,0.674316,-2.25,-2.0625,1.1875,0.705306,-0.219174,-2.40441
21228,-55,-30,-3,18,-13,-3,-4,-7,0.178223,0.552734,0.674316,-2.25,-2.0625,1.1875,0.705306,-0.219174,-2.40441
21229,-17,-48,-67,-19,-13,-8,-11,-15,0.181152,0.571289,0.675293,2.0625,-1.5,2.125,0.70587,-0.219658,-2.40416
21229,-7,28,-21,19,11,3,6,9,0.181152,0.571289,0.675293,2.0625,-1.5,2.125,0.70587,-0.219658,-2.40416
21250,3,-1,-54,-24,-9,1,-2,-1,0.181152,0.571289,0.675293,2.0625,-1.5,2.125,0.70587,-0.219658,-2.40416
21250,25,-42,-80,5,17,12,8,14,0.181152,0.571289,0.675293,2.0625,-1.5,2.125,0.70587,-0.219658,-2.40416
21252,-47,-20,-29,-39,-12,-4,-7,-13,0.206543,0.584961,0.67627,0.6875,-0.5,0.9375,0.70587,-0.219658,-2.40416
21252,-48,-87,-41,-31,-20,-11,-13,-22,0.206543,0.584961,0.67627,0.6875,-0.5,0.9375,0.70587,-0.219658,-2.40416
21265,-15,22,85,-12,-13,-9,-5,-9,0.206543,0.584961,0.67627,0.6875,-0.5,0.9375,0.70587,-0.219658,-2.40416
21265,31,67,31,33,27,13,9,15,0.206543,0.584961,0.67627,0.6875,-0.5,0.9375,0.70587,-0.219658,-2.40416
21267,19,69,58,13,-2,0,-4,0,0.208008,0.586914,0.667969,-1,-0.9375,1.625,0.705852,-0.220579,-2.40394
21267,-64,-70,-73,-55,-34,-15,-14,-21,0.208008,0.586914,0.667969,-1,-0.9375,1.625,0.705852,-0.220579,-2.40394
21288,3,-24,-32,-27,0,-2,0,-4,0.208008,0.586914,0.667969,-1,-0.9375,1.625,0.705852,-0.220579,-2.40394
21288,-23,-45,34,3,13,11,9,9,0.208008,0.586914,0.667969,-1,-0.9375,1.625,0.705852,-0.220579,-2.40394
21294,41,106,32,38,-16,-12,-7,-1,0.194336,0.574219,0.680664,0.125,0,0.125,0.705852,-0.220579,-2.40394
21294,-9,15,-13,-9,-2,-1,4,2,0.194336,0.574219,0.680664,0.125,0,0.125,0.705852,-0.220579,-2.40394
21310,57,41,115,70,41,15,11,16,0.194336,0.574219,0.680664,0.125,0,0.125,0.705852,-0.220579,-2.40394
21310,-61,-9,-41,-44,-13,-11,-13,-20,0.194336,0.574219,0.680664,0.125,0,0.125,0.705852,-0.220579,-2.40394
21311,-15,46,93,38,-6,-1,-1,-4,0.187988,0.575684,0.675293,0.75,0.375,-0.9375,0.70575,-0.220381,-2.40393
21311,53,127,-24,-27,15,12,20,31,0.187988,0.575684,0.675293,0.75,0.375,-0.9375,0.70575,-0.220381,-2.40393
21325,-35,-33,-23,8,-13,-14,-17,-26,0.187988,0.575684,0.675293,0.75,0.375,-0.9375,0.70575,-0.220381,-2.40393
21325,39,44,39,64,17,12,15,18,0.187988,0.575684,0.675293,0.75,0.375,-0.9375,0.70575,-0.220381,-2.40393
21331,-17,-112,-51,-33,-3,-3,-6,-13,0.198242,0.585449,0.669922,-0.75,0.5625,-1.125,0.705893,-0.22007,-2.40424
21331,-25,33,-47,-16,-22,-12,-11,-11,0.198242,0.585449,0.669922,-0.75,0.5625,-1.125,0.705893,-0.22007,-2.40424
21347,0,-107,-45,5,-5,-3,-2,2,0.198242,0.585449,0.669922,-0.75,0.5625,-1.125,0.705893,-0.22007,-2.40424
21347,39,86,42,-26,-16,-2,2,7,0.198242,0.585449,0.669922,-0.75,0.5625,-1.125,0.705893,-0.22007,-2.40424
21363,-37,-99,-78,-25,-8,-3,-3,-11,0.187988,0.567871,0.668945,-0.5625,1.0625,0.1875,0.705457,-0.219608,-2.40383
21363,15,56,78,7,11,2,4,6,0.187988,0.567871,0.668945,-0.5625,1.0625,0.1875,0.705457,-0.219608,-2.40383
21370,22,20,-52,-40,-11,-1,4,12,0.187988,0.567871,0.668945,-0.5625,1.0625,0.1875,0.705457,-0.219608,-2.40383
21370,26,-25,10,62,20,10,4,9,0.187988,0.567871,0.668945,-0.5625,1.0625,0.1875,0.705457,-0.219608,-2.40383
21371,-45,0,-63,-49,-23,-16,-12,-14,0.208496,0.571777,0.677246,1.5625,1.3125,-1.375,0.706072,-0.219167,-2.40392
21371,23,67,127,69,34,13,13,12,0.208496,0.571777,0.677246,1.5625,1.3125,-1.375,0.706072,-0.219167,-2.40392
21385,-17,-60,-84,-49,-9,0,-1,-5,0.208496,0.571777,0.677246,1.5625,1.3125,-1.375,0.706072,-0.219167,-2.40392
21385,-8,38,24,59,15,-3,-7,-5,0.208496,0.571777,0.677246,1.5625,1.3125,-1.375,0.706072,-0.219167,-2.40392
21391,23,29,-8,-16,-5,-3,-1,6,0.204102,0.580566,0.676758,0.4375,1.125,-2.5,0.706292,-0.218405,-2.40426
21391,27,27,87,17,-5,-5,-3,-2,0.204102,0.580566,0.676758,0.4375,1.125,-2.5,0.706292,-0.218405,-2.40426
21407,-12,52,-23,-41,-5,1,1,-3,0.204102,0.580566,0.676758,0.4375,1.125,-2.5,0.706292,-0.218405,-2.40426
21407,7,53,88,65,37,10,6,7,0.204102,0.580566,0.676758,0.4375,1.125,-2.5,0.706292,-0.218405,-2.40426
21415,-37,-30,-103,-20,-10,-8,-8,-8,0.189453,0.566895,0.682129,-0.4375,0.75,-0.8125,0.706326,-0.218401,-2.40437
21415,-19,-121,-41,-19,-18,-8,-7,-17,0.189453,0.566895,0.682129,-0.4375,0.75,-0.8125,0.706326,-0.218401,-2.40437
21430,1,23,47,13,2,1,0,3,0.189453,0.566895,0.682129,-0.4375,0.75,-0.8125,0.706326,-0.218401,-2.40437
21430,10,-63,7,-54,-14,5,3,5,0.189453,0.566895,0.682129,-0.4375,0.75,-0.8125,0.706326,-0.218401,-2.40437
21432,67,127,127,18,-10,-8,-6,0,0.192383,0.577637,0.677246,0.5,1.875,-1.5625,0.706356,-0.217466,-2.40429
21432,-4,-42,-12,62,42,17,12,13,0.192383,0.577637,0.677246,0.5,1.875,-1.5625,0.706356,-0.217466,-2.40429
21460,-97,-20,-82,-54,-35,-20,-19,-26,0.192383,0.577637,0.677246,0.5,1.875,-1.5625,0.706356,-0.217466,-2.40429
21460,-8,-98,-57,-20,-9,-4,-1,-4,0.192383,0.577637,0.677246,0.5,1.875,-1.5625,0.706356,-0.217466,-2.40429
21462,29,-31,66,97,54,27,25,27,0.187012,0.581543,0.675293,-1.625,0.9375,0,0.705955,-0.217,-2.40399
21462,-12,25,74,-97,-59,-27,-24,-20,0.187012,0.581543,0.675293,-1.625,0.9375,0,0.705955,-0.217,-2.40399
21467,29,28,91,82,46,16,14,12,0.187012,0.581543,0.675293,-1.625,0.9375,0,0.705955,-0.217,-2.40399
21467,-1,21,70,-37,-17,-9,-8,-8,0.187012,0.581543,0.675293,-1.625,0.9375,0,0.705955,-0.217,-2.40399
21468,-28,-54,33,-71,-45,-14,-8,-11,0.185059,0.554688,0.673828,-2.6875,0.75,-0.875,0.704589,-0.216427,-2.40399
21468,6,65,83,17,20,13,8,12,0.185059,0.554688,0.673828,-2.6875,0.75,-0.875,0.704589,-0.216427,-2.40399
21490,30,-30,-17,35,20,9,3,7,0.185059,0.554688,0.673828,-2.6875,0.75,-0.875,0.704589,-0.216427,-2.40399
21490,-29,8,11,-27,-29,-19,-15,-19,0.185059,0.554688,0.673828,-2.6875,0.75,-0.875,0.704589,-0.216427,-2.40399
21491,-11,22,41,37,27,16,14,13,0.202637,0.568359,0.666016,1.625,1.25,-2.75,0.705406,-0.215743,-2.40453
21491,0,13,-3,-17,-9,-3,-2,1,0.202637,0.568359,0.666016,1.625,1.25,-2.75,0.705406,-0.215743,-2.40453
21504,34,61,-78,35,-7,-3,-4,-1,0.202637,0.568359,0.666016,1.625,1.25,-2.75,0.705406,-0.215743,-2.40453
21504,5,45,-19,-19,19,6,6,6,0.202637,0.568359,0.666016,1.625,1.25,-2.75,0.705406,-0.215743,-2.40453
21511,-7,40,102,56,19,1,-6,-9,0.200195,0.573242,0.67041,1.125,1.4375,-2,0.705778,-0.215013,-2.40462
21511,-8,-124,-120,10,-15,-7,-7,-10,0.200195,0.573242,0.67041,1.125,1.4375,-2,0.705778,-0.215013,-2.40462
21527,-22,74,121,13,-10,-10,-4,-2,0.200195,0.573242,0.67041,1.125,1.4375,-2,0.705778,-0.215013,-2.40462
21527,18,24,-17,-22,-14,-5,1,1,0.200195,0.573242,0.67041,1.125,1.4375,-2,0.705778,-0.215013,-2.40462
21529,55,74,44,29,19,8,6,18,0.168457,0.554688,0.671387,-1.0625,0.3125,1.625,0.705027,-0.214802,-2.40404
21529,-1,-24,4,-36,-24,-11,-6,-8,0.168457,0.554688,0.671387,-1.0625,0.3125,1.625,0.705027,-0.214802,-2.40404
21550,10,-31,127,66,24,15,4,4,0.168457,0.554688,0.671387,-1.0625,0.3125,1.625,0.705027,-0.214802,-2.40404
21550,21,59,-52,-11,17,-3,-2,2,0.168457,0.554688,0.671387,-1.0625,0.3125,1.625,0.705027,-0.214802,-2.40404
21551,-68,-125,-110,-45,-16,-2,-1,-10,0.187012,0.559082,0.67627,0.375,0.375,-0.3125,0.704888,-0.214756,-2.40398
21551,21,51,12,10,1,-1,0,6,0.187012,0.559082,0.67627,0.375,0.375,-0.3125,0.704888,-0.214756,-2.40398
21564,-14,-128,-77,-52,-26,-7,-5,-8,0.187012,0.559082,0.67627,0.375,0.375,-0.3125,0.704888,-0.214756,-2.40398
21564,-15,-69,2,17,34,17,10,7,0.187012,0.559082,0.67627,0.375,0.375,-0.3125,0.704888,-0.214756,-2.40398
21572,35,4,-101,-45,-16,-11,-9,-3,0.196289,0.571289,0.663574,1.4375,-0.125,-1.25,0.705582,-0.214751,-2.40436
21572,9,80,73,0,9,2,7,8,0.196289,0.571289,0.663574,1.4375,-0.125,-1.25,0.705582,-0.214751,-2.40436
21587,-21,-90,-22,-41,-16,-13,-9,-14,0.196289,0.571289,0.663574,1.4375,-0.125,-1.25,0.705582,-0.214751,-2.40436
21587,3,0,4,8,-4,-2,1,2,0.196289,0.571289,0.663574,1.4375,-0.125,-1.25,0.705582,-0.214751,-2.40436
21589,-1,-12,2,-12,2,3,1,1,0.194824,0.581543,0.675293,2.25,0,1.4375,0.706511,-0.21501,-2.40402
21589,-5,-13,90,18,6,3,-2,2,0.194824,0.581543,0.675293,2.25,0,1.4375,0.706511,-0.21501,-2.40402
21626,18,69,-50,-101,-19,-7,-6,-1,0.194824,0.581543,0.675293,2.25,0,1.4375,0.706511,-0.21501,-2.40402
21626,26,83,70,15,-10,-7,-5,-4,0.194824,0.581543,0.675293,2.25,0,1.4375,0.706511,-0.21501,-2.40402
21628,1,42,73,-7,-3,-3,-3,-7,0.175781,0.579102,0.672363,-0.25,0.25,1.75,0.70625,-0.214992,-2.40345
21628,-21,19,-79,4,-4,-2,1,0,0.175781,0.579102,0.672363,-0.25,0.25,1.75,0.70625,-0.214992,-2.40345
21628,14,31,19,32,20,12,11,13,0.175781,0.579102,0.672363,-0.25,0.25,1.75,0.70625,-0.214992,-2.40345
21628,13,57,-21,38,2,5,0,8,0.175781,0.579102,0.672363,-0.25,0.25,1.75,0.70625,-0.214992,-2.40345
21640,-55,-73,-120,-84,-37,-23,-23,-30,0.15625,0.549805,0.678711,-2,-1.1875,3.75,0.704889,-0.215311,-2.40262
21640,25,-8,11,28,15,6,4,7,0.15625,0.549805,0.678711,-2,-1.1875,3.75,0.704889,-0.215311,-2.40262
21647,-6,42,105,22,5,-2,-3,-4,0.15625,0.549805,0.678711,-2,-1.1875,3.75,0.704889,-0.215311,-2.40262
21647,-37,-90,-111,-41,-17,-7,-9,-14,0.15625,0.549805,0.678711,-2,-1.1875,3.75,0.704889,-0.215311,-2.40262
21649,29,-7,11,34,13,10,9,13,0.183105,0.542969,0.672852,1.875,-1.1875,1.4375,0.705028,-0.215759,-2.40234
21649,-5,-42,-39,-5,2,1,-2,-4,0.183105,0.542969,0.672852,1.875,-1.1875,1.4375,0.705028,-0.215759,-2.40234
21670,-13,-42,-26,-1,-9,-5,-3,-2,0.183105,0.542969,0.672852,1.875,-1.1875,1.4375,0.705028,-0.215759,-2.40234
21670,2,18,8,1,-9,-8,-7,-6,0.183105,0.542969,0.672852,1.875,-1.1875,1.4375,0.705028,-0.215759,-2.40234
21671,2,-25,-54,1,4,2,4,3,0.216797,0.584473,0.672852,5,-0.5,2,0.706786,-0.21682,-2.40185
21671,-9,-43,4,-11,-3,-4,-4,-7,0.216797,0.584473,0.672852,5,-0.5,2,0.706786,-0.21682,-2.40185
21684,4,20,0,6,4,1,2,2,0.216797,0.584473,0.672852,5,-0.5,2,0.706786,-0.21682,-2.40185
21684,-5,-19,5,-8,-4,0,2,-2,0.216797,0.584473,0.672852,5,-0.5,2,0.706786,-0.21682,-2.40185
21693,24,50,84,43,27,14,10,16,0.231445,0.591309,0.657715,2.6875,-0.625,2.3125,0.708277,-0.218408,-2.40161
21693,11,94,43,25,12,3,4,3,0.231445,0.591309,0.657715,2.6875,-0.625,2.3125,0.708277,-0.218408,-2.40161
21707,24,51,2,2,-4,-4,-2,0,0.231445,0.591309,0.657715,2.6875,-0.625,2.3125,0.708277,-0.218408,-2.40161
21707,-64,-18,44,-16,-13,-7,-8,-13,0.231445,0.591309,0.657715,2.6875,-0.625,2.3125,0.708277,-0.218408,-2.40161
21709,9,-8,26,-2,-1,-2,3,4,0.25,0.579102,0.703613,3.5625,2.125,-1.4375,0.709024,-0.218685,-2.40133
21709,10,-47,-18,-3,0,3,3,4,0.25,0.579102,0.703613,3.5625,2.125,-1.4375,0.709024,-0.218685,-2.40133
21730,3,25,34,26,16,5,3,1,0.25,0.579102,0.703613,3.5625,2.125,-1.4375,0.709024,-0.218685,-2.40133
21730,-10,-94,-105,-33,-13,-6,-6,-7,0.25,0.579102,0.703613,3.5625,2.125,-1.4375,0.709024,-0.218685,-2.40133
21732,-13,-20,16,3,-3,-3,-8,-8,0.187012,0.583496,0.658691,7,1.125,-3.1875,0.711882,-0.217421,-2.40197
21732,-16,-23,-74,-19,-2,2,-2,-4,0.187012,0.583496,0.658691,7,1.125,-3.1875,0.711882,-0.217421,-2.40197
21743,-14,-36,-11,-5,-8,-6,-4,-6,0.187012,0.583496,0.658691,7,1.125,-3.1875,0.711882,-0.217421,-2.40197
21743,8,31,5,-2,-4,-1,1,1,0.187012,0.583496,0.658691,7,1.125,-3.1875,0.711882,-0.217421,-2.40197
21753,3,5,-36,16,2,3,3,2,0.184082,0.608398,0.648926,4.9375,1,-5.75,0.71472,-0.21563,-2.40349
21753,-3,-32,-26,-1,6,-1,-5,-3,0.184082,0.608398,0.648926,4.9375,1,-5.75,0.71472,-0.21563,-2.40349
21768,-7,-14,-22,-7,-3,-1,-2,0,0.184082,0.608398,0.648926,4.9375,1,-5.75,0.71472,-0.21563,-2.40349
21768,12,32,36,15,4,0,2,3,0.184082,0.608398,0.648926,4.9375,1,-5.75,0.71472,-0.21563,-2.40349
21769,-4,-79,-63,-10,-5,-4,-2,-2,0.269531,0.633301,0.661621,-2.3125,4.875,-16.5,0.715779,-0.212271,-2.40706
21769,1,-6,-5,4,6,2,1,0,0.269531,0.633301,0.661621,-2.3125,4.875,-16.5,0.715779,-0.212271,-2.40706
21790,-29,-30,-37,-41,-21,-12,-11,-13,0.269531,0.633301,0.661621,-2.3125,4.875,-16.5,0.715779,-0.212271,-2.40706
21790,1,-13,-19,-9,-4,-1,-1,0,0.269531,0.633301,0.661621,-2.3125,4.875,-16.5,0.715779,-0.212271,-2.40706
21791,2,27,23,3,-1,-2,0,0,0.32373,0.653809,0.680664,-1.75,13.9375,-29.0625,0.717144,-0.204962,-2.41178
21791,-1,6,10,7,0,0,1,1,0.32373,0.653809,0.680664,-1.75,13.9375,-29.0625,0.717144,-0.204962,-2.41178
21812,3,-9,16,10,4,1,1,1,0.32373,0.653809,0.680664,-1.75,13.9375,-29.0625,0.717144,-0.204962,-2.41178
21812,1,-26,0,3,-4,-3,-4,-2,0.32373,0.653809,0.680664,-1.75,13.9375,-29.0625,0.717144,-0.204962,-2.41178
21814,1,35,11,-7,0,0,-1,0,0.0981445,0.64502,0.691895,-14.5,13.875,-26.875,0.713872,-0.193105,-2.41592
21814,3,6,6,0,-1,-2,-3,-1,0.0981445,0.64502,0.691895,-14.5,13.875,-26.875,0.713872,-0.193105,-2.41592
21827,1,3,4,-4,-1,0,1,1,0.0981445,0.64502,0.691895,-14.5,13.875,-26.875,0.713872,-0.193105,-2.41592
21827,4,34,18,1,-3,-4,-2,-2,0.0981445,0.64502,0.691895,-14.5,13.875,-26.875,0.713872,-0.193105,-2.41592
21833,8,29,23,6,6,-1,2,3,0.149414,0.604004,0.728516,-4.9375,18.125,-35.8125,0.712586,-0.179664,-2.42119
21833,-6,-16,0,-2,-2,0,0,-3,0.149414,0.604004,0.728516,-4.9375,18.125,-35.8125,0.712586,-0.179664,-2.42119
21850,0,2,-9,0,1,-1,-1,0,0.149414,0.604004,0.728516,-4.9375,18.125,-35.8125,0.712586,-0.179664,-2.42119
21850,-2,2,4,0,-2,0,-1,-1,0.149414,0.604004,0.728516,-4.9375,18.125,-35.8125,0.712586,-0.179664,-2.42119
21852,5,32,51,4,0,1,0,2,0.204102,0.612793,0.80127,-10,32.0625,-45.8125,0.708577,-0.161697,-2.42594
21852,-3,0,-25,-7,-5,-1,-2,-2,0.204102,0.612793,0.80127,-10,32.0625,-45.8125,0.708577,-0.161697,-2.42594
21872,-2,-25,28,2,1,-1,0,-2,0.204102,0.612793,0.80127,-10,32.0625,-45.8125,0.708577,-0.161697,-2.42594
21872,2,-4,45,7,4,1,1,1,0.204102,0.612793,0.80127,-10,32.0625,-45.8125,0.708577,-0.161697,-2.42594
21874,-1,19,-17,-9,-3,-2,-2,-1,0.0498047,0.556152,0.783691,-1.375,26.4375,-33.0625,0.70637,-0.144984,-2.42835
21874,3,40,24,7,-1,-2,1,-2,0.0498047,0.556152,0.783691,-1.375,26.4375,-33.0625,0.70637,-0.144984,-2.42835
21887,4,6,-2,6,2,1,3,3,0.0498047,0.556152,0.783691,-1.375,26.4375,-33.0625,0.70637,-0.144984,-2.42835
21887,1,-2,16,-1,-2,-3,0,0,0.0498047,0.556152,0.783691,-1.375,26.4375,-33.0625,0.70637,-0.144984,-2.42835
21889,-1,14,-30,0,7,3,1,0,-0.0268555,0.530762,0.592285,-27.25,33.75,-30.6875,0.697538,-0.125971,-2.42894
21889,-5,15,16,-7,-3,-1,-1,-2,-0.0268555,0.530762,0.592285,-27.25,33.75,-30.6875,0.697538,-0.125971,-2.42894
21917,1,19,6,-1,1,3,-2,0,-0.0268555,0.530762,0.592285,-27.25,33.75,-30.6875,0.697538,-0.125971,-2.42894
21917,0,-8,7,2,-1,-2,-1,-2,-0.0268555,0.530762,0.592285,-27.25,33.75,-30.6875,0.697538,-0.125971,-2.42894
21918,1,5,19,3,-3,-2,-1,0,-0.0380859,0.476562,0.523926,1.125,20.4375,-4.5,0.698202,-0.116483,-2.42561
21918,0,-10,-20,0,-1,-2,-1,-2,-0.0380859,0.476562,0.523926,1.125,20.4375,-4.5,0.698202,-0.116483,-2.42561
21940,-2,-14,4,-4,-3,-2,-2,-2,-0.0380859,0.476562,0.523926,1.125,20.4375,-4.5,0.698202,-0.116483,-2.42561
21940,2,28,4,-1,1,0,1,0,-0.0380859,0.476562,0.523926,1.125,20.4375,-4.5,0.698202,-0.116483,-2.42561
21941,-1,-1,8,0,-4,0,-1,-2,0.113281,0.406738,0.601074,-28.9375,3.875,0.875,0.686463,-0.11638,-2.42429
21941,2,14,28,4,3,1,-1,0,0.113281,0.406738,0.601074,-28.9375,3.875,0.875,0.686463,-0.11638,-2.42429
21946,-6,-22,-73,-2,3,0,0,0,0.113281,0.406738,0.601074,-28.9375,3.875,0.875,0.686463,-0.11638,-2.42429
21946,-3,41,25,-5,-5,-3,-7,-4,0.113281,0.406738,0.601074,-28.9375,3.875,0.875,0.686463,-0.11638,-2.42429
21962,-2,14,12,-4,-4,-1,5,0,0.100586,0.364258,0.78125,3.875,2.1875,5.3125,0.682349,-0.117086,-2.42176
21962,-2,-28,22,2,-1,-3,7,6,0.100586,0.364258,0.78125,3.875,2.1875,5.3125,0.682349,-0.117086,-2.42176
21970,7,31,36,3,3,-2,-1,1,0.100586,0.364258,0.78125,3.875,2.1875,5.3125,0.682349,-0.117086,-2.42176
21970,-1,-14,-42,-6,2,0,1,3,0.100586,0.364258,0.78125,3.875,2.1875,5.3125,0.682349,-0.117086,-2.42176
21972,-1,-20,14,1,-1,-2,-6,-3,0.081543,0.48584,0.644043,17.9375,2.9375,-0.4375,0.687718,-0.115841,-2.42116
21972,4,30,-35,-1,3,2,1,3,0.081543,0.48584,0.644043,17.9375,2.9375,-0.4375,0.687718,-0.115841,-2.42116
21984,-2,-17,-12,-3,0,-1,2,-1,0.081543,0.48584,0.644043,17.9375,2.9375,-0.4375,0.687718,-0.115841,-2.42116
21984,-3,-19,-5,-1,-5,-2,-2,-2,0.081543,0.48584,0.644043,17.9375,2.9375,-0.4375,0.687718,-0.115841,-2.42116
21993,1,14,27,2,-2,-1,-1,0,0.0605469,0.650391,0.674805,32,6.9375,8.25,0.700086,-0.114648,-2.41762
21993,-1,-3,7,8,6,1,-1,-3,0.0605469,0.650391,0.674805,32,6.9375,8.25,0.700086,-0.114648,-2.41762
22007,-7,-37,-54,-24,-10,-6,-4,-4,0.0605469,0.650391,0.674805,32,6.9375,8.25,0.700086,-0.114648,-2.41762
22007,-4,-27,-11,-2,1,-2,-3,-5,0.0605469,0.650391,0.674805,32,6.9375,8.25,0.700086,-0.114648,-2.41762
22013,2,16,-5,2,-1,-4,-2,0,0.0493164,0.69043,0.661621,23.3125,1,19.0625,0.709833,-0.117198,-2.41246
22013,-5,-42,-5,-5,-7,-2,-4,-5,0.0493164,0.69043,0.661621,23.3125,1,19.0625,0.709833,-0.117198,-2.41246
22030,4,29,46,11,-1,2,0,1,0.0493164,0.69043,0.661621,23.3125,1,19.0625,0.709833,-0.117198,-2.41246
22030,9,20,-26,7,3,3,2,6,0.0493164,0.69043,0.661621,23.3125,1,19.0625,0.709833,-0.117198,-2.41246
22031,-12,-30,-39,-22,-11,-6,-3,-7,0.0410156,0.620117,0.648926,-16.1875,-11.8125,24.1875,0.704978,-0.124024,-2.40876
22031,0,0,31,6,-1,0,-1,-2,0.0410156,0.620117,0.648926,-16.1875,-11.8125,24.1875,0.704978,-0.124024,-2.40876
22052,-3,-5,-16,-5,-3,2,-1,-1,0.0410156,0.620117,0.648926,-16.1875,-11.8125,24.1875,0.704978,-0.124024,-2.40876
22052,1,-26,30,3,-1,-1,3,0,0.0410156,0.620117,0.648926,-16.1875,-11.8125,24.1875,0.704978,-0.124024,-2.40876
22054,3,17,-9,0,5,3,0,-1,0.0927734,0.544434,0.65332,-16,-16.9375,21.625,0.699086,-0.132912,-2.40682
22054,-7,-8,-39,-11,-6,-3,-5,-6,0.0927734,0.544434,0.65332,-16,-16.9375,21.625,0.699086,-0.132912,-2.40682
22067,2,22,44,8,0,-1,-2,-1,0.0927734,0.544434,0.65332,-16,-16.9375,21.625,0.699086,-0.132912,-2.40682
22067,1,6,12,-9,-2,-2,0,0,0.0927734,0.544434,0.65332,-16,-16.9375,21.625,0.699086,-0.132912,-2.40682
22073,-3,0,-6,3,-1,0,-2,-1,0.165527,0.55957,0.680664,4.1875,-13.5,16,0.700124,-0.141135,-2.40559
22073,-2,-1,26,1,-2,-2,-2,-2,0.165527,0.55957,0.680664,4.1875,-13.5,16,0.700124,-0.141135,-2.40559
22089,1,9,1,4,7,2,1,-1,0.165527,0.55957,0.680664,4.1875,-13.5,16,0.700124,-0.141135,-2.40559
22089,-3,5,-8,-3,0,-2,-4,-2,0.165527,0.55957,0.680664,4.1875,-13.5,16,0.700124,-0.141135,-2.40559
22105,-1,-8,-7,-3,-4,-2,0,1,0.161621,0.643066,0.692871,18.1875,-9.625,12,0.707264,-0.146905,-2.40463
22105,-2,-3,3,3,0,0,-1,-1,0.161621,0.643066,0.692871,18.1875,-9.625,12,0.707264,-0.146905,-2.40463
22112,6,36,9,-4,-3,-2,-1,4,0.161621,0.643066,0.692871,18.1875,-9.625,12,0.707264,-0.146905,-2.40463
22112,-11,-46,-43,-12,-6,-7,-6,-8,0.161621,0.643066,0.692871,18.1875,-9.625,12,0.707264,-0.146905,-2.40463
22114,2,-2,10,5,-1,-4,0,-1,0.120605,0.697754,0.72168,12.0625,-8.125,6.5,0.71287,-0.149758,-2.405
22114,-1,-20,23,-1,-3,-3,-2,0,0.120605,0.697754,0.72168,12.0625,-8.125,6.5,0.71287,-0.149758,-2.405
22127,4,29,77,9,4,3,2,3,0.120605,0.697754,0.72168,12.0625,-8.125,6.5,0.71287,-0.149758,-2.405
22127,-5,-21,-83,-9,3,1,-1,-3,0.120605,0.697754,0.72168,12.0625,-8.125,6.5,0.71287,-0.149758,-2.405
22134,-2,2,40,2,0,0,-2,-2,0.141113,0.646484,0.686523,-2.5,-12.5,2.4375,0.713293,-0.1536,-2.40724
22134,0,0,-9,-4,-2,0,0,-1,0.141113,0.646484,0.686523,-2.5,-12.5,2.4375,0.713293,-0.1536,-2.40724
22150,0,1,2,-1,-2,1,-1,-1,0.141113,0.646484,0.686523,-2.5,-12.5,2.4375,0.713293,-0.1536,-2.40724
22150,5,25,41,2,-4,-1,0,2,0.141113,0.646484,0.686523,-2.5,-12.5,2.4375,0.713293,-0.1536,-2.40724
22152,-2,-22,-32,4,2,-1,-2,0,0.191406,0.573242,0.6875,-13.1875,-13.0625,1.375,0.708827,-0.158463,-2.40991
22152,1,25,-15,-5,3,-1,-2,-1,0.191406,0.573242,0.6875,-13.1875,-13.0625,1.375,0.708827,-0.158463,-2.40991
22172,-6,-28,-43,-4,0,-1,-2,-4,0.191406,0.573242,0.6875,-13.1875,-13.0625,1.375,0.708827,-0.158463,-2.40991
22172,0,6,-10,2,-2,0,-1,-1,0.191406,0.573242,0.6875,-13.1875,-13.0625,1.375,0.708827,-0.158463,-2.40991
22174,-1,-11,-17,-5,-1,-2,0,0,0.193848,0.545898,0.707031,-8.625,-6.9375,0.1875,0.705115,-0.161546,-2.41124
22174,0,5,9,-1,-5,-3,-2,-2,0.193848,0.545898,0.707031,-8.625,-6.9375,0.1875,0.705115,-0.161546,-2.41124
22194,2,28,31,2,-3,-2,-1,1,0.193848,0.545898,0.707031,-8.625,-6.9375,0.1875,0.705115,-0.161546,-2.41124
22194,-4,-61,-51,-1,6,4,4,3,0.193848,0.545898,0.707031,-8.625,-6.9375,0.1875,0.705115,-0.161546,-2.41124
22196,0,-4,-5,2,-1,-1,-1,-1,0.154785,0.578125,0.70166,2.125,-1.6875,-3.0625,0.705648,-0.161473,-2.41234
22196,-3,18,8,-5,-4,-3,-2,-3,0.154785,0.578125,0.70166,2.125,-1.6875,-3.0625,0.705648,-0.161473,-2.41234
22217,-5,-29,-15,-2,-5,-5,-2,-3,0.154785,0.578125,0.70166,2.125,-1.6875,-3.0625,0.705648,-0.161473,-2.41234
22217,3,34,38,4,-7,-3,-1,0,0.154785,0.578125,0.70166,2.125,-1.6875,-3.0625,0.705648,-0.161473,-2.41234
22219,3,27,56,5,3,2,3,2,0.128906,0.59082,0.679688,3.9375,-2.1875,-6.625,0.707491,-0.160181,-2.41467
22219,-1,-44,-64,-1,0,1,0,-2,0.128906,0.59082,0.679688,3.9375,-2.1875,-6.625,0.707491,-0.160181,-2.41467
22233,-10,-36,-77,-5,2,-2,-2,-5,0.128906,0.59082,0.679688,3.9375,-2.1875,-6.625,0.707491,-0.160181,-2.41467
22233,2,27,14,-3,-4,-3,1,0,0.128906,0.59082,0.679688,3.9375,-2.1875,-6.625,0.707491,-0.160181,-2.41467
22234,-2,-14,-1,-2,-1,-1,-1,-1,0.123047,0.591309,0.674316,-1.25,-4.0625,-6.375,0.70782,-0.159259,-2.41738
22234,1,23,27,1,4,2,-1,0,0.123047,0.591309,0.674316,-1.25,-4.0625,-6.375,0.70782,-0.159259,-2.41738
22248,2,1,8,1,0,1,-2,-2,0.123047,0.591309,0.674316,-1.25,-4.0625,-6.375,0.70782,-0.159259,-2.41738
22248,-1,9,58,5,0,1,-1,-1,0.123047,0.591309,0.674316,-1.25,-4.0625,-6.375,0.70782,-0.159259,-2.41738
22249,-3,2,-43,-13,-8,-9,-5,-3,0.148926,0.58252,0.672852,-6.8125,-4.9375,-6.25,0.706056,-0.159368,-2.42019
22249,2,0,4,0,-1,-1,0,2,0.148926,0.58252,0.672852,-6.8125,-4.9375,-6.25,0.706056,-0.159368,-2.42019
22270,2,25,35,9,6,3,0,1,0.148926,0.58252,0.672852,-6.8125,-4.9375,-6.25,0.706056,-0.159368,-2.42019
22270,-3,-16,-25,-9,-2,0,-3,-2,0.148926,0.58252,0.672852,-6.8125,-4.9375,-6.25,0.706056,-0.159368,-2.42019
22271,1,13,8,-5,-2,1,0,1,0.133789,0.588867,0.686035,-4.125,-2.1875,-3.75,0.704898,-0.158725,-2.42165
22271,-1,3,8,2,-4,-1,-1,0,0.133789,0.588867,0.686035,-4.125,-2.1875,-3.75,0.704898,-0.158725,-2.42165
22292,-1,-23,2,-1,-4,-2,0,1,0.133789,0.588867,0.686035,-4.125,-2.1875,-3.75,0.704898,-0.158725,-2.42165
22292,4,46,46,5,3,-1,-1,-1,0.133789,0.588867,0.686035,-4.125,-2.1875,-3.75,0.704898,-0.158725,-2.42165
22294,1,-27,-27,3,3,2,-1,2,0.121582,0.590332,0.661621,-2.875,-2.875,-3.125,0.704637,-0.158404,-2.42326
22294,-7,-11,-3,-9,-4,-3,-2,-5,0.121582,0.590332,0.661621,-2.875,-2.875,-3.125,0.704637,-0.158404,-2.42326
22307,-4,0,2,-3,-5,-3,-1,-2,0.121582,0.590332,0.661621,-2.875,-2.875,-3.125,0.704637,-0.158404,-2.42326
22307,0,1,1,-4,-4,-3,-2,-1,0.121582,0.590332,0.661621,-2.875,-2.875,-3.125,0.704637,-0.158404,-2.42326
22313,0,-9,-4,2,-1,1,-1,1,0.125,0.569824,0.675781,-2.4375,-4,-5.5,0.704162,-0.157819,-2.42571
22313,1,6,12,4,4,1,1,0,0.125,0.569824,0.675781,-2.4375,-4,-5.5,0.704162,-0.157819,-2.42571
22330,0,26,28,2,5,4,-1,1,0.125,0.569824,0.675781,-2.4375,-4,-5.5,0.704162,-0.157819,-2.42571
22330,-2,-30,-94,-4,-1,0,0,2,0.125,0.569824,0.675781,-2.4375,-4,-5.5,0.704162,-0.157819,-2.42571
22332,-2,1,41,0,-2,-1,-3,-2,0.147461,0.564453,0.688965,1,-2.6875,-5.1875,0.704451,-0.157487,-2.42755
22332,2,6,-17,-1,-6,-3,0,1,0.147461,0.564453,0.688965,1,-2.6875,-5.1875,0.704451,-0.157487,-2.42755
22352,-2,-19,-9,-3,-3,-3,-1,-2,0.147461,0.564453,0.688965,1,-2.6875,-5.1875,0.704451,-0.157487,-2.42755
22352,0,13,17,3,0,-3,-1,-1,0.147461,0.564453,0.688965,1,-2.6875,-5.1875,0.704451,-0.157487,-2.42755
22353,5,33,47,6,-1,0,1,0,0.148926,0.569824,0.674316,1.3125,-1.5625,-3.6875,0.704977,-0.157326,-2.42881
22353,-11,-61,-79,-13,0,-1,-4,-4,0.148926,0.569824,0.674316,1.3125,-1.5625,-3.6875,0.704977,-0.157326,-2.42881
22366,-2,-2,0,2,-1,0,0,0,0.148926,0.569824,0.674316,1.3125,-1.5625,-3.6875,0.704977,-0.157326,-2.42881
22366,-1,4,21,3,-1,-1,-1,0,0.148926,0.569824,0.674316,1.3125,-1.5625,-3.6875,0.704977,-0.157326,-2.42881
22381,-1,1,4,-7,-3,-3,-3,-1,0.133301,0.588867,0.682617,-2.0625,-1.625,-3.5,0.704708,-0.156684,-2.43019
22381,4,11,17,0,-3,-4,0,0,0.133301,0.588867,0.682617,-2.0625,-1.625,-3.5,0.704708,-0.156684,-2.43019
22390,2,8,-9,-1,-1,0,0,-1,0.133301,0.588867,0.682617,-2.0625,-1.625,-3.5,0.704708,-0.156684,-2.43019
22390,-1,-11,15,-2,-1,1,0,-2,0.133301,0.588867,0.682617,-2.0625,-1.625,-3.5,0.704708,-0.156684,-2.43019
22391,0,14,-19,0,5,2,4,0,0.137207,0.577148,0.6875,-1.5625,-1.3125,-2.875,0.704202,-0.15635,-2.43124
22391,0,-30,21,7,2,-3,-2,-2,0.137207,0.577148,0.6875,-1.5625,-1.3125,-2.875,0.704202,-0.15635,-2.43124
22412,-4,-22,-39,-8,-5,-4,-3,-2,0.137207,0.577148,0.6875,-1.5625,-1.3125,-2.875,0.704202,-0.15635,-2.43124
22412,-4,4,15,2,-2,0,-2,-3,0.137207,0.577148,0.6875,-1.5625,-1.3125,-2.875,0.704202,-0.15635,-2.43124
22413,-1,11,3,0,1,1,1,1,0.151367,0.54834,0.69043,0.125,-2.375,-2.4375,0.703737,-0.156688,-2.43236
22413,1,20,3,2,-1,1,0,2,0.151367,0.54834,0.69043,0.125,-2.375,-2.4375,0.703737,-0.156688,-2.43236
22426,-1,15,10,-6,-4,-4,-3,-1,0.151367,0.54834,0.69043,0.125,-2.375,-2.4375,0.703737,-0.156688,-2.43236
22426,-2,-21,16,1,1,-1,-1,-2,0.151367,0.54834,0.69043,0.125,-2.375,-2.4375,0.703737,-0.156688,-2.43236
22433,-5,-16,-18,-1,1,-1,-2,-1,0.15332,0.571777,0.691895,0.5,-0.375,-5.1875,0.703788,-0.155884,-2.43376
22433,-1,10,11,0,0,0,-1,-1,0.15332,0.571777,0.691895,0.5,-0.375,-5.1875,0.703788,-0.155884,-2.43376
22450,0,-6,1,1,-2,-5,1,-2,0.15332,0.571777,0.691895,0.5,-0.375,-5.1875,0.703788,-0.155884,-2.43376
22450,0,9,-2,-1,-1,-2,-2,0,0.15332,0.571777,0.691895,0.5,-0.375,-5.1875,0.703788,-0.155884,-2.43376
22452,-1,-5,-5,-1,-2,-2,-2,-3,0.134277,0.580078,0.687012,0.9375,0.25,-1.75,0.704103,-0.155319,-2.43411
22452,2,19,3,0,-3,1,1,1,0.134277,0.580078,0.687012,0.9375,0.25,-1.75,0.704103,-0.155319,-2.43411
22472,-1,41,-24,-3,0,0,-2,-2,0.134277,0.580078,0.687012,0.9375,0.25,-1.75,0.704103,-0.155319,-2.43411
22472,-7,-88,-14,-2,2,1,-1,-3,0.134277,0.580078,0.687012,0.9375,0.25,-1.75,0.704103,-0.155319,-2.43411
22474,-4,-23,-14,-1,-3,-2,-1,-4,0.109863,0.567871,0.705078,-0.4375,0,-0.5625,0.70404,-0.155163,-2.43413
22474,8,57,68,7,2,1,1,1,0.109863,0.567871,0.705078,-0.4375,0,-0.5625,0.70404,-0.155163,-2.43413
22495,-5,-9,-27,-5,-7,-3,-2,-4,0.109863,0.567871,0.705078,-0.4375,0,-0.5625,0.70404,-0.155163,-2.43413
22495,1,26,0,-8,-3,-2,-2,0,0.109863,0.567871,0.705078,-0.4375,0,-0.5625,0.70404,-0.155163,-2.43413
22496,0,-8,-2,3,2,0,-2,0,0.117676,0.543457,0.678223,-2,1,-0.8125,0.702641,-0.154255,-2.43393
22496,-1,-7,3,0,-2,1,-1,-1,0.117676,0.543457,0.678223,-2,1,-0.8125,0.702641,-0.154255,-2.43393
22510,2,0,16,2,1,1,1,2,0.117676,0.543457,0.678223,-2,1,-0.8125,0.702641,-0.154255,-2.43393
22510,0,17,9,3,1,-2,0,2,0.117676,0.543457,0.678223,-2,1,-0.8125,0.702641,-0.154255,-2.43393
22512,-3,-5,3,-2,-2,-1,-1,-1,0.117188,0.557129,0.671387,-0.25,-0.375,1.75,0.70238,-0.154297,-2.43359
22512,1,-5,-12,-4,-1,-1,0,2,0.117188,0.557129,0.671387,-0.25,-0.375,1.75,0.70238,-0.154297,-2.43359
22532,1,33,-42,1,0,0,-4,-1,0.117188,0.557129,0.671387,-0.25,-0.375,1.75,0.70238,-0.154297,-2.43359
22532,-9,-29,4,-5,-7,-4,-4,-6,0.117188,0.557129,0.671387,-0.25,-0.375,1.75,0.70238,-0.154297,-2.43359
22534,0,5,29,0,-1,-1,-1,0,0.124023,0.578125,0.693359,3.4375,0.4375,2.625,0.703275,-0.154308,-2.43271
22534,-5,-25,-38,-3,1,-1,-3,-1,0.124023,0.578125,0.693359,3.4375,0.4375,2.625,0.703275,-0.154308,-2.43271
22547,3,-5,18,5,4,2,1,1,0.124023,0.578125,0.693359,3.4375,0.4375,2.625,0.703275,-0.154308,-2.43271
22547,4,30,8,2,-1,0,2,0,0.124023,0.578125,0.693359,3.4375,0.4375,2.625,0.703275,-0.154308,-2.43271
22553,-1,17,0,-5,-4,-3,-2,-1,0.125977,0.581543,0.677734,4.25,-0.25,1.3125,0.704764,-0.154479,-2.43233
22553,-1,-21,-16,1,3,0,2,0,0.125977,0.581543,0.677734,4.25,-0.25,1.3125,0.704764,-0.154479,-2.43233
22569,-3,-11,38,2,1,-1,-3,-5,0.125977,0.581543,0.677734,4.25,-0.25,1.3125,0.704764,-0.154479,-2.43233
22569,-2,-12,-41,-11,0,-1,-2,-2,0.125977,0.581543,0.677734,4.25,-0.25,1.3125,0.704764,-0.154479,-2.43233
22571,-3,-32,-12,-1,-5,-4,-1,-3,0.137207,0.598633,0.687012,3,-0.6875,1.9375,0.706031,-0.154965,-2.43203
22571,2,18,8,-2,-4,-4,-1,-1,0.137207,0.598633,0.687012,3,-0.6875,1.9375,0.706031,-0.154965,-2.43203
22592,1,-11,12,1,-2,0,0,0,0.137207,0.598633,0.687012,3,-0.6875,1.9375,0.706031,-0.154965,-2.43203
22592,1,20,12,4,1,0,0,-2,0.137207,0.598633,0.687012,3,-0.6875,1.9375,0.706031,-0.154965,-2.43203
22594,3,15,-9,5,5,3,0,1,0.135254,0.583984,0.667969,-0.25,-0.8125,2.625,0.706108,-0.155607,-2.43151
22594,-1,-12,-11,-1,1,0,-2,-3,0.135254,0.583984,0.667969,-0.25,-0.8125,2.625,0.706108,-0.155607,-2.43151
22606,2,25,17,-2,-4,0,0,0,0.135254,0.583984,0.667969,-0.25,-0.8125,2.625,0.706108,-0.155607,-2.43151
22606,-7,-35,-28,-9,-8,-4,-3,-6,0.135254,0.583984,0.667969,-0.25,-0.8125,2.625,0.706108,-0.155607,-2.43151
22615,-1,-4,-8,-7,-4,0,0,0,0.134766,0.582031,0.69873,1.125,0.125,2.75,0.70614,-0.156078,-2.4307
22615,-1,0,-2,0,-2,-1,-2,-1,0.134766,0.582031,0.69873,1.125,0.125,2.75,0.70614,-0.156078,-2.4307
22630,0,-10,11,0,1,-1,1,3,0.134766,0.582031,0.69873,1.125,0.125,2.75,0.70614,-0.156078,-2.4307
22630,3,29,12,2,2,0,1,3,0.134766,0.582031,0.69873,1.125,0.125,2.75,0.70614,-0.156078,-2.4307
22631,-2,-7,-12,-3,-4,-3,-2,-3,0.13916,0.574219,0.662109,-0.625,-0.4375,1.5,0.706135,-0.156579,-2.4305
22631,-3,0,7,0,-1,-5,-3,-4,0.13916,0.574219,0.662109,-0.625,-0.4375,1.5,0.706135,-0.156579,-2.4305
22652,0,-10,-1,-4,2,2,1,-1,0.13916,0.574219,0.662109,-0.625,-0.4375,1.5,0.706135,-0.156579,-2.4305
22652,4,38,6,3,3,2,1,4,0.13916,0.574219,0.662109,-0.625,-0.4375,1.5,0.706135,-0.156579,-2.4305
22654,3,-31,46,12,5,3,2,3,0.132324,0.594727,0.688477,2.3125,0.25,1.8125,0.707013,-0.156608,-2.42993
22654,-8,30,-32,-24,-12,-7,-7,-8,0.132324,0.594727,0.688477,2.3125,0.25,1.8125,0.707013,-0.156608,-2.42993
22666,-2,-20,-16,0,-3,-4,-2,-4,0.132324,0.594727,0.688477,2.3125,0.25,1.8125,0.707013,-0.156608,-2.42993
22666,-6,-33,-64,-3,-3,-3,-2,-5,0.132324,0.594727,0.688477,2.3125,0.25,1.8125,0.707013,-0.156608,-2.42993
22675,0,-12,16,6,2,0,1,0,0.131348,0.591797,0.686035,4.6875,1.25,2.0625,0.708514,-0.156446,-2.42902
22675,2,6,37,7,2,4,2,2,0.131348,0.591797,0.686035,4.6875,1.25,2.0625,0.708514,-0.156446,-2.42902
22690,-2,-1,-6,-5,0,0,-1,-1,0.131348,0.591797,0.686035,4.6875,1.25,2.0625,0.708514,-0.156446,-2.42902
22690,4,26,37,0,0,-3,-1,2,0.131348,0.591797,0.686035,4.6875,1.25,2.0625,0.708514,-0.156446,-2.42902
22691,-3,-2,-24,-5,-4,-2,-2,-1,0.133301,0.578613,0.659668,-4.5625,-1.1875,0.625,0.707255,-0.156823,-2.42927
22691,-1,-23,5,0,-2,1,0,0,0.133301,0.578613,0.659668,-4.5625,-1.1875,0.625,0.707255,-0.156823,-2.42927
22712,1,18,-40,-6,5,-2,0,1,0.133301,0.578613,0.659668,-4.5625,-1.1875,0.625,0.707255,-0.156823,-2.42927
22712,0,-7,22,5,1,-1,-1,2,0.133301,0.578613,0.659668,-4.5625,-1.1875,0.625,0.707255,-0.156823,-2.42927
22713,-3,-4,-15,-5,0,-3,-1,-1,0.145508,0.575684,0.670898,0.4375,-0.375,1.5,0.707369,-0.157316,-2.42879
22713,2,6,-12,-2,-2,-1,1,0,0.145508,0.575684,0.670898,0.4375,-0.375,1.5,0.707369,-0.157316,-2.42879
22725,-6,-29,4,-1,-7,-1,-2,-4,0.145508,0.575684,0.670898,0.4375,-0.375,1.5,0.707369,-0.157316,-2.42879
22725,0,27,46,3,-2,0,0,-2,0.145508,0.575684,0.670898,0.4375,-0.375,1.5,0.707369,-0.157316,-2.42879
22735,0,-9,-36,-4,-1,-2,-1,-2,0.147949,0.592285,0.687012,2,0.4375,1.0625,0.708152,-0.157618,-2.4285
22735,-1,-1,-26,-6,-2,-2,-2,0,0.147949,0.592285,0.687012,2,0.4375,1.0625,0.708152,-0.157618,-2.4285
22750,4,20,31,4,1,1,-1,3,0.147949,0.592285,0.687012,2,0.4375,1.0625,0.708152,-0.157618,-2.4285
22750,0,-14,5,2,-1,-2,-2,-3,0.147949,0.592285,0.687012,2,0.4375,1.0625,0.708152,-0.157618,-2.4285
22752,1,19,9,-4,-4,-3,-3,-2,0.139648,0.609375,0.695312,0.75,0.8125,-0.5,0.708193,-0.157511,-2.42847
22752,0,6,56,15,5,0,2,0,0.139648,0.609375,0.695312,0.75,0.8125,-0.5,0.708193,-0.157511,-2.42847
22772,-2,4,1,-13,-3,-2,-2,-1,0.139648,0.609375,0.695312,0.75,0.8125,-0.5,0.708193,-0.157511,-2.42847
22772,-2,-1,3,-11,-9,-2,-1,-3,0.139648,0.609375,0.695312,0.75,0.8125,-0.5,0.708193,-0.157511,-2.42847
22774,0,-12,23,1,3,1,0,-1,0.129395,0.588867,0.683594,-0.5,1.1875,-0.1875,0.70802,-0.156839,-2.42826
22774,0,21,12,2,2,3,0,0,0.129395,0.588867,0.683594,-0.5,1.1875,-0.1875,0.70802,-0.156839,-2.42826
22794,0,-16,5,3,-3,-2,-1,1,0.129395,0.588867,0.683594,-0.5,1.1875,-0.1875,0.70802,-0.156839,-2.42826
22794,0,3,-12,3,1,-1,0,0,0.129395,0.588867,0.683594,-0.5,1.1875,-0.1875,0.70802,-0.156839,-2.42826
22797,-4,7,-17,-5,-5,-2,-1,-3,0.121582,0.563965,0.655762,-4.3125,-0.8125,1.0625,0.706541,-0.156963,-2.42815
22797,0,-3,-3,-2,-1,-2,-1,-1,0.121582,0.563965,0.655762,-4.3125,-0.8125,1.0625,0.706541,-0.156963,-2.42815
22809,-1,14,25,-2,-1,-1,-2,0,0.121582,0.563965,0.655762,-4.3125,-0.8125,1.0625,0.706541,-0.156963,-2.42815
22809,1,-38,-44,2,4,0,1,1,0.121582,0.563965,0.655762,-4.3125,-0.8125,1.0625,0.706541,-0.156963,-2.42815
22811,-5,-6,-32,-5,-4,0,-2,-2,0.126953,0.57373,0.679688,-4.4375,-1.9375,1.0625,0.705046,-0.15729,-2.42832
22811,-3,-4,0,1,4,1,-1,-1,0.126953,0.57373,0.679688,-4.4375,-1.9375,1.0625,0.705046,-0.15729,-2.42832
22832,-2,-3,16,3,-4,-1,2,-1,0.126953,0.57373,0.679688,-4.4375,-1.9375,1.0625,0.705046,-0.15729,-2.42832
22832,1,17,-44,-1,-2,0,1,-1,0.126953,0.57373,0.679688,-4.4375,-1.9375,1.0625,0.705046,-0.15729,-2.42832
22834,-1,-5,10,-2,-4,-3,-1,-1,0.153809,0.571289,0.694824,2.6875,-0.5625,-1,0.705617,-0.157541,-2.42855
22834,-2,-22,-23,-6,-2,-2,-2,-2,0.153809,0.571289,0.694824,2.6875,-0.5625,-1,0.705617,-0.157541,-2.42855
22846,-3,-6,5,0,-2,-1,-1,-2,0.153809,0.571289,0.694824,2.6875,-0.5625,-1,0.705617,-0.157541,-2.42855
22846,0,19,33,2,2,-1,0,0,0.153809,0.571289,0.694824,2.6875,-0.5625,-1,0.705617,-0.157541,-2.42855
22855,-1,-6,-15,-4,0,-1,0,-2,0.139648,0.59082,0.683105,3.5625,0.625,-0.75,0.707035,-0.157115,-2.42863
22855,0,-8,-10,-3,-2,-1,-1,-2,0.139648,0.59082,0.683105,3.5625,0.625,-0.75,0.707035,-0.157115,-2.42863
22870,1,8,-3,4,2,-1,-1,0,0.139648,0.59082,0.683105,3.5625,0.625,-0.75,0.707035,-0.157115,-2.42863
22870,-1,-2,9,2,-2,1,-2,-2,0.139648,0.59082,0.683105,3.5625,0.625,-0.75,0.707035,-0.157115,-2.42863
22872,1,32,26,1,0,3,-1,0,0.129883,0.593262,0.676758,0.6875,0.25,-0.625,0.707076,-0.157008,-2.4286
22872,-4,-46,-46,-5,0,-2,-1,-3,0.129883,0.593262,0.676758,0.6875,0.25,-0.625,0.707076,-0.157008,-2.4286
22892,0,-2,1,2,1,0,-1,-1,0.129883,0.593262,0.676758,0.6875,0.25,-0.625,0.707076,-0.157008,-2.4286
22892,0,4,4,0,-1,0,0,2,0.129883,0.593262,0.676758,0.6875,0.25,-0.625,0.707076,-0.157008,-2.4286
22894,4,16,-3,3,0,-1,0,3,0.136719,0.572754,0.682617,-2.625,-0.75,0.25,0.706006,-0.15722,-2.42872
22894,-3,12,69,10,-1,-1,-1,-1,0.136719,0.572754,0.682617,-2.625,-0.75,0.25,0.706006,-0.15722,-2.42872
22906,-1,-10,-52,-10,-1,0,0,-2,0.136719,0.572754,0.682617,-2.625,-0.75,0.25,0.706006,-0.15722,-2.42872
22906,-2,-12,-12,-7,-2,-2,-1,-2,0.136719,0.572754,0.682617,-2.625,-0.75,0.25,0.706006,-0.15722,-2.42872
22915,-3,-21,9,1,-2,-3,-1,-5,0.135254,0.580566,0.679688,-3.375,0.5,0.6875,0.704835,-0.157003,-2.42845
22915,0,11,1,-1,-4,0,-1,2,0.135254,0.580566,0.679688,-3.375,0.5,0.6875,0.704835,-0.157003,-2.42845
22929,-4,-21,-6,-1,-2,-2,-1,0,0.135254,0.580566,0.679688,-3.375,0.5,0.6875,0.704835,-0.157003,-2.42845
22929,2,19,23,1,0,-1,-1,-1,0.135254,0.580566,0.679688,-3.375,0.5,0.6875,0.704835,-0.157003,-2.42845
22938,0,0,-14,-2,-1,-2,-1,-1,0.121094,0.553223,0.667969,-0.9375,-1.5625,1.3125,0.7043,-0.157381,-2.42837
22938,-3,11,-17,-4,-2,-2,-1,-2,0.121094,0.553223,0.667969,-0.9375,-1.5625,1.3125,0.7043,-0.157381,-2.42837
22953,0,-1,12,1,-1,0,-1,-1,0.121094,0.553223,0.667969,-0.9375,-1.5625,1.3125,0.7043,-0.157381,-2.42837
22953,-1,-2,0,4,2,0,1,0,0.121094,0.553223,0.667969,-0.9375,-1.5625,1.3125,0.7043,-0.157381,-2.42837
22954,1,12,9,1,1,-1,0,-1,0.135254,0.566406,0.683594,1.5625,-1.8125,-0.6875,0.704611,-0.157554,-2.42891
22954,-5,-39,-37,-6,-4,-3,-2,-4,0.135254,0.566406,0.683594,1.5625,-1.8125,-0.6875,0.704611,-0.157554,-2.42891
22966,0,-5,34,-1,-1,-2,1,0,0.135254,0.566406,0.683594,1.5625,-1.8125,-0.6875,0.704611,-0.157554,-2.42891
22966,-4,-24,-19,-5,-3,-2,-2,-2,0.135254,0.566406,0.683594,1.5625,-1.8125,-0.6875,0.704611,-0.157554,-2.42891
22975,0,1,3,1,2,0,-1,0,0.163086,0.595703,0.682129,5.25,-0.5625,-1.9375,0.706779,-0.157738,-2.42962
22975,2,13,31,7,1,1,0,0,0.163086,0.595703,0.682129,5.25,-0.5625,-1.9375,0.706779,-0.157738,-2.42962
22990,2,59,-10,-9,-6,-1,1,0,0.163086,0.595703,0.682129,5.25,-0.5625,-1.9375,0.706779,-0.157738,-2.42962
22990,-5,-21,-4,-4,-2,-4,-4,-4,0.163086,0.595703,0.682129,5.25,-0.5625,-1.9375,0.706779,-0.157738,-2.42962
22992,-3,-25,-7,0,-2,-1,-2,-1,0.142578,0.619141,0.677246,0.125,-0.3125,0.8125,0.706925,-0.15768,-2.42953
22992,1,24,13,0,-2,-1,0,-1,0.142578,0.619141,0.677246,0.125,-0.3125,0.8125,0.706925,-0.15768,-2.42953
23012,-1,-24,-18,3,1,1,-1,-2,0.142578,0.619141,0.677246,0.125,-0.3125,0.8125,0.706925,-0.15768,-2.42953
23012,4,24,21,4,1,2,2,0,0.142578,0.619141,0.677246,0.125,-0.3125,0.8125,0.706925,-0.15768,-2.42953
23013,0,10,-1,-1,2,1,-1,-1,0.116699,0.57959,0.67041,-6.375,-2.1875,1.875,0.704935,-0.158092,-2.42961
23013,3,-6,-40,-8,-2,0,-1,0,0.116699,0.57959,0.67041,-6.375,-2.1875,1.875,0.704935,-0.158092,-2.42961
23026,-6,7,24,0,-5,-6,-4,-6,0.116699,0.57959,0.67041,-6.375,-2.1875,1.875,0.704935,-0.158092,-2.42961
23026,0,-5,1,0,5,1,0,0,0.116699,0.57959,0.67041,-6.375,-2.1875,1.875,0.704935,-0.158092,-2.42961
23035,-5,-13,-13,-7,-4,-3,0,-2,0.136719,0.544434,0.692871,-4,-1.5,1.25,0.702783,-0.158697,-2.42942
23035,0,-5,10,3,1,0,0,1,0.136719,0.544434,0.692871,-4,-1.5,1.25,0.702783,-0.158697,-2.42942
23050,0,-14,-10,1,-1,-1,-2,0,0.136719,0.544434,0.692871,-4,-1.5,1.25,0.702783,-0.158697,-2.42942
23050,0,14,-1,-1,-3,-1,-3,-1,0.136719,0.544434,0.692871,-4,-1.5,1.25,0.702783,-0.158697,-2.42942
23052,0,14,7,1,-5,0,1,0,0.14502,0.553711,0.674316,1.75,-1.0625,0,0.703034,-0.159112,-2.42965
23052,-2,-3,3,-1,2,1,-1,0,0.14502,0.553711,0.674316,1.75,-1.0625,0,0.703034,-0.159112,-2.42965
23072,1,15,-13,-1,5,3,-1,0,0.14502,0.553711,0.674316,1.75,-1.0625,0,0.703034,-0.159112,-2.42965
23072,-3,-19,-3,0,0,0,-2,-2,0.14502,0.553711,0.674316,1.75,-1.0625,0,0.703034,-0.159112,-2.42965
23074,-2,-8,-32,-5,-3,-3,-2,0,0.14502,0.606445,0.682129,5.125,-0.375,0.1875,0.705279,-0.159159,-2.42972
23074,-2,-4,4,-1,-3,-5,-3,-2,0.14502,0.606445,0.682129,5.125,-0.375,0.1875,0.705279,-0.159159,-2.42972
23095,3,-7,-3,4,-1,1,-1,1,0.14502,0.606445,0.682129,5.125,-0.375,0.1875,0.705279,-0.159159,-2.42972
23095,-3,9,34,1,-3,0,-1,0,0.14502,0.606445,0.682129,5.125,-0.375,0.1875,0.705279,-0.159159,-2.42972
23097,-6,-31,-18,-2,-1,-1,-1,-1,0.131836,0.612793,0.680664,-0.25,-0.5,0.3125,0.705457,-0.159095,-2.42974
23097,3,49,-30,-18,-7,-7,-2,-3,0.131836,0.612793,0.680664,-0.25,-0.5,0.3125,0.705457,-0.159095,-2.42974
23109,-7,-55,1,-1,0,-2,-1,-5,0.131836,0.612793,0.680664,-0.25,-0.5,0.3125,0.705457,-0.159095,-2.42974
23109,0,3,6,1,-1,0,1,-2,0.131836,0.612793,0.680664,-0.25,-0.5,0.3125,0.705457,-0.159095,-2.42974
23116,0,11,15,2,0,-2,-1,-1,0.129883,0.574219,0.681152,-4.375,-0.5,2.125,0.703815,-0.159413,-2.42936
23116,-1,-12,3,5,1,-1,1,-1,0.129883,0.574219,0.681152,-4.375,-0.5,2.125,0.703815,-0.159413,-2.42936
23140,0,9,-12,-1,2,-1,1,1,0.129883,0.574219,0.681152,-4.375,-0.5,2.125,0.703815,-0.159413,-2.42936
23140,-2,0,-11,-3,-5,-4,-3,-3,0.129883,0.574219,0.681152,-4.375,-0.5,2.125,0.703815,-0.159413,-2.42936
23142,0,9,15,-1,0,1,-3,-1,0.140625,0.553711,0.671875,-4.75,-1,0.875,0.701845,-0.15981,-2.42914
23142,-1,-10,-6,4,2,3,2,-1,0.140625,0.553711,0.671875,-4.75,-1,0.875,0.701845,-0.15981,-2.42914
23155,-3,0,-3,-2,-1,0,-1,-1,0.140625,0.553711,0.671875,-4.75,-1,0.875,0.701845,-0.15981,-2.42914
23155,-3,-15,-13,1,0,-1,0,1,0.140625,0.553711,0.671875,-4.75,-1,0.875,0.701845,-0.15981,-2.42914
23157,0,12,12,-1,-1,1,-2,-1,0.155762,0.570312,0.689941,3.875,0.6875,0.0625,0.702941,-0.159904,-2.42894
23157,0,1,3,0,-4,-2,-2,-2,0.155762,0.570312,0.689941,3.875,0.6875,0.0625,0.702941,-0.159904,-2.42894
23177,4,36,55,4,-3,-1,-2,1,0.155762,0.570312,0.689941,3.875,0.6875,0.0625,0.702941,-0.159904,-2.42894
23177,-10,-60,-93,-11,0,1,0,-4,0.155762,0.570312,0.689941,3.875,0.6875,0.0625,0.702941,-0.159904,-2.42894
23179,1,26,15,1,0,-2,-2,0,0.133301,0.599121,0.691895,3.625,1.75,-0.4375,0.70439,-0.159048,-2.42876
23179,-4,-5,-19,-2,-3,1,-1,-2,0.133301,0.599121,0.691895,3.625,1.75,-0.4375,0.70439,-0.159048,-2.42876
23192,-3,-30,6,2,-1,-1,-1,-1,0.133301,0.599121,0.691895,3.625,1.75,-0.4375,0.70439,-0.159048,-2.42876
23192,3,19,17,4,3,1,0,0,0.133301,0.599121,0.691895,3.625,1.75,-0.4375,0.70439,-0.159048,-2.42876
23194,2,5,3,-1,-2,1,0,0,0.129395,0.589355,0.661133,0.5625,0.375,-0.25,0.704569,-0.158985,-2.42877
23194,-2,-18,-8,-2,-2,-1,-2,0,0.129395,0.589355,0.661133,0.5625,0.375,-0.25,0.704569,-0.158985,-2.42877
23214,2,2,-16,-1,-3,-3,-1,0,0.129395,0.589355,0.661133,0.5625,0.375,-0.25,0.704569,-0.158985,-2.42877
23214,3,41,40,5,-1,0,0,0,0.129395,0.589355,0.661133,0.5625,0.375,-0.25,0.704569,-0.158985,-2.42877
23217,-4,-22,-58,-6,0,0,0,-2,0.139648,0.566895,0.685547,-4.375,-0.4375,0.125,0.702704,-0.159074,-2.42875
23217,2,21,38,6,10,1,1,3,0.139648,0.566895,0.685547,-4.375,-0.4375,0.125,0.702704,-0.159074,-2.42875
23229,-8,-47,-26,-7,-3,-2,-3,-4,0.139648,0.566895,0.685547,-4.375,-0.4375,0.125,0.702704,-0.159074,-2.42875
23229,0,3,11,-2,-6,-5,-2,1,0.139648,0.566895,0.685547,-4.375,-0.4375,0.125,0.702704,-0.159074,-2.42875
23236,0,4,12,1,-2,0,0,-1,0.152344,0.570801,0.686035,1.125,0.8125,-0.4375,0.702891,-0.158909,-2.42863
23236,-1,-7,2,-4,-5,-3,1,1,0.152344,0.570801,0.686035,1.125,0.8125,-0.4375,0.702891,-0.158909,-2.42863
23252,0,6,-7,3,2,2,1,2,0.152344,0.570801,0.686035,1.125,0.8125,-0.4375,0.702891,-0.158909,-2.42863
23252,-1,0,7,2,6,2,-1,-1,0.152344,0.570801,0.686035,1.125,0.8125,-0.4375,0.702891,-0.158909,-2.42863
23253,2,14,32,1,0,-2,1,0,0.138184,0.589844,0.67334,0.8125,0.9375,-0.6875,0.703028,-0.158953,-2.42869
23253,1,-22,-12,0,-2,-1,-3,-1,0.138184,0.589844,0.67334,0.8125,0.9375,-0.6875,0.703028,-0.158953,-2.42869
23274,-1,2,-10,-4,-3,-1,0,0,0.138184,0.589844,0.67334,0.8125,0.9375,-0.6875,0.703028,-0.158953,-2.42869
23274,0,5,16,-3,-4,-2,-2,0,0.138184,0.589844,0.67334,0.8125,0.9375,-0.6875,0.703028,-0.158953,-2.42869
23276,0,3,-14,0,0,0,-1,-3,0.131836,0.585449,0.664062,0.9375,0.9375,-0.625,0.703207,-0.158889,-2.4287
23276,-3,11,31,1,-3,0,0,-1,0.131836,0.585449,0.664062,0.9375,0.9375,-0.625,0.703207,-0.158889,-2.4287
23305,-1,2,-25,0,-2,-2,-2,0,0.131836,0.585449,0.664062,0.9375,0.9375,-0.625,0.703207,-0.158889,-2.4287
23305,-4,-12,-5,0,1,-1,-1,-2,0.131836,0.585449,0.664062,0.9375,0.9375,-0.625,0.703207,-0.158889,-2.4287
23306,-2,-1,8,-1,-2,0,-2,-1,0.134766,0.574707,0.681641,-2.25,0.1875,-0.6875,0.702334,-0.15848,-2.42883
23306,-2,-14,-11,-5,-4,-2,-1,-1,0.134766,0.574707,0.681641,-2.25,0.1875,-0.6875,0.702334,-0.15848,-2.42883
23312,2,18,-7,0,-2,0,0,-1,0.134766,0.574707,0.681641,-2.25,0.1875,-0.6875,0.702334,-0.15848,-2.42883
23312,4,7,-7,0,0,-1,1,1,0.134766,0.574707,0.681641,-2.25,0.1875,-0.6875,0.702334,-0.15848,-2.42883
23313,-3,0,7,-3,-2,-1,-3,-2,0.138184,0.574707,0.67627,-0.0625,0.3125,-1.375,0.702476,-0.158023,-2.42908
23313,-1,-7,-2,4,0,-2,-2,-3,0.138184,0.574707,0.67627,-0.0625,0.3125,-1.375,0.702476,-0.158023,-2.42908
23335,4,34,20,-1,4,-1,2,1,0.138184,0.574707,0.67627,-0.0625,0.3125,-1.375,0.702476,-0.158023,-2.42908
23335,-2,-17,-16,-5,-4,-3,-3,-3,0.138184,0.574707,0.67627,-0.0625,0.3125,-1.375,0.702476,-0.158023,-2.42908
23336,0,-11,-5,0,-1,-1,-1,1,0.145508,0.576172,0.682617,-0.0625,0,-1.1875,0.702362,-0.157888,-2.4293
23336,-3,-5,-9,-1,1,-3,-1,-2,0.145508,0.576172,0.682617,-0.0625,0,-1.1875,0.702362,-0.157888,-2.4293
23349,1,17,36,1,1,0,-3,0,0.145508,0.576172,0.682617,-0.0625,0,-1.1875,0.702362,-0.157888,-2.4293
23349,3,57,37,2,-1,0,1,0,0.145508,0.576172,0.682617,-0.0625,0,-1.1875,0.702362,-0.157888,-2.4293
23356,-9,-76,-48,-12,-6,-3,-3,-5,0.128418,0.572266,0.681641,-0.4375,-0.75,-0.9375,0.702404,-0.15778,-2.42927
23356,-1,-1,26,3,1,1,1,0,0.128418,0.572266,0.681641,-0.4375,-0.75,-0.9375,0.702404,-0.15778,-2.42927
23373,-3,-32,-37,-3,1,2,-1,-3,0.128418,0.572266,0.681641,-0.4375,-0.75,-0.9375,0.702404,-0.15778,-2.42927
23373,2,6,27,5,4,-1,-1,2,0.128418,0.572266,0.681641,-0.4375,-0.75,-0.9375,0.702404,-0.15778,-2.42927
23374,3,29,-13,-9,-3,-2,-1,0,0.139648,0.577148,0.674805,1.375,-1.3125,-0.9375,0.70303,-0.157933,-2.42988
23374,0,9,-1,-1,-2,-2,0,-1,0.139648,0.577148,0.674805,1.375,-1.3125,-0.9375,0.70303,-0.157933,-2.42988
23395,-4,-12,-7,-1,-4,-7,-3,-1,0.139648,0.577148,0.674805,1.375,-1.3125,-0.9375,0.70303,-0.157933,-2.42988
23395,-2,-41,-17,-1,-5,-8,-3,-4,0.139648,0.577148,0.674805,1.375,-1.3125,-0.9375,0.70303,-0.157933,-2.42988
23396,1,16,22,5,3,6,2,1,0.135742,0.576172,0.677246,-1,-0.5625,-0.25,0.703071,-0.157826,-2.42985
23396,-1,-17,-31,-3,0,1,0,0,0.135742,0.576172,0.677246,-1,-0.5625,-0.25,0.703071,-0.157826,-2.42985
23408,0,8,7,-1,-2,-1,0,0,0.135742,0.576172,0.677246,-1,-0.5625,-0.25,0.703071,-0.157826,-2.42985
23408,0,5,-8,-2,-2,-6,1,0,0.135742,0.576172,0.677246,-1,-0.5625,-0.25,0.703071,-0.157826,-2.42985
23418,1,24,20,2,3,1,1,1,0.135254,0.561523,0.680176,1.8125,-0.4375,0.0625,0.703487,-0.157812,-2.42994
23418,-3,-31,5,-1,0,1,-1,-3,0.135254,0.561523,0.680176,1.8125,-0.4375,0.0625,0.703487,-0.157812,-2.42994
23433,-3,-23,-19,-3,-4,-1,-2,-3,0.135254,0.561523,0.680176,1.8125,-0.4375,0.0625,0.703487,-0.157812,-2.42994
23433,0,6,-13,-3,-3,0,-3,-2,0.135254,0.561523,0.680176,1.8125,-0.4375,0.0625,0.703487,-0.157812,-2.42994
23434,-1,-3,11,1,-2,-6,1,0,0.139648,0.571289,0.685059,3.9375,-0.25,-1.0625,0.704672,-0.157614,-2.43026
23434,3,21,5,2,1,3,1,3,0.139648,0.571289,0.685059,3.9375,-0.25,-1.0625,0.704672,-0.157614,-2.43026
23455,1,-2,1,-3,-2,0,-1,-1,0.139648,0.571289,0.685059,3.9375,-0.25,-1.0625,0.704672,-0.157614,-2.43026
23455,-7,-19,2,-4,-6,0,-2,-5,0.139648,0.571289,0.685059,3.9375,-0.25,-1.0625,0.704672,-0.157614,-2.43026
23457,0,-1,-18,2,2,0,-3,-1,0.133301,0.583496,0.672363,0.75,-1.25,0.1875,0.705143,-0.157858,-2.43047
23457,-2,6,-4,0,-1,-1,1,-2,0.133301,0.583496,0.672363,0.75,-1.25,0.1875,0.705143,-0.157858,-2.43047
23469,0,4,13,0,-1,-1,0,-1,0.133301,0.583496,0.672363,0.75,-1.25,0.1875,0.705143,-0.157858,-2.43047
23469,2,15,2,-2,2,3,1,3,0.133301,0.583496,0.672363,0.75,-1.25,0.1875,0.705143,-0.157858,-2.43047
23476,-3,-13,10,3,2,-1,-1,-1,0.126953,0.567383,0.672363,-3.875,-2.5,2.1875,0.703707,-0.158657,-2.43043
23476,3,26,7,0,-3,0,-1,-2,0.126953,0.567383,0.672363,-3.875,-2.5,2.1875,0.703707,-0.158657,-2.43043
23493,-9,-24,-1,-6,-5,-3,-2,-3,0.126953,0.567383,0.672363,-3.875,-2.5,2.1875,0.703707,-0.158657,-2.43043
23493,0,10,-3,-3,0,2,0,0,0.126953,0.567383,0.672363,-3.875,-2.5,2.1875,0.703707,-0.158657,-2.43043
23495,0,2,-5,3,2,-1,-1,0,0.140137,0.568848,0.69043,-1.25,-2.4375,2.625,0.702907,-0.159815,-2.4302
23495,0,0,-5,-3,0,-1,-1,0,0.140137,0.568848,0.69043,-1.25,-2.4375,2.625,0.702907,-0.159815,-2.4302
23515,3,35,16,2,1,0,0,1,0.140137,0.568848,0.69043,-1.25,-2.4375,2.625,0.702907,-0.159815,-2.4302
23515,-2,-44,-38,-4,0,-1,0,-1,0.140137,0.568848,0.69043,-1.25,-2.4375,2.625,0.702907,-0.159815,-2.4302
23516,-1,-3,12,-1,-1,0,0,-2,0.13916,0.579102,0.688477,3.75,-1.625,1.5625,0.704127,-0.160366,-2.43002
23516,-2,0,0,-1,-3,-10,-3,0,0.13916,0.579102,0.688477,3.75,-1.625,1.5625,0.704127,-0.160366,-2.43002
23529,-1,-7,-9,0,2,12,3,-1,0.13916,0.579102,0.688477,3.75,-1.625,1.5625,0.704127,-0.160366,-2.43002
23529,0,3,7,0,-3,-8,-3,-1,0.13916,0.579102,0.688477,3.75,-1.625,1.5625,0.704127,-0.160366,-2.43002
23536,2,15,1,-1,-3,-3,0,-1,0.145508,0.598633,0.683594,2.9375,-0.875,0.8125,0.70555,-0.160762,-2.43012
23536,-4,-28,-28,-3,0,-2,-3,-2,0.145508,0.598633,0.683594,2.9375,-0.875,0.8125,0.70555,-0.160762,-2.43012
23552,0,8,35,2,0,9,-2,-2,0.145508,0.598633,0.683594,2.9375,-0.875,0.8125,0.70555,-0.160762,-2.43012
23552,-1,-8,-38,-2,-1,0,2,-1,0.145508,0.598633,0.683594,2.9375,-0.875,0.8125,0.70555,-0.160762,-2.43012
23554,0,7,15,1,-2,-4,0,1,0.144043,0.59082,0.682129,-0.5625,0.25,0.75,0.70555,-0.160762,-2.43012
23554,0,33,-12,-4,-2,-5,-3,0,0.144043,0.59082,0.682129,-0.5625,0.25,0.75,0.70555,-0.160762,-2.43012
23582,-4,-41,0,-3,0,-6,0,-2,0.144043,0.59082,0.682129,-0.5625,0.25,0.75,0.70555,-0.160762,-2.43012
23582,-3,-6,13,0,0,0,0,-3,0.144043,0.59082,0.682129,-0.5625,0.25,0.75,0.70555,-0.160762,-2.43012
23584,-1,-13,-16,-1,1,-2,-3,-2,0.137695,0.574219,0.679688,-1.125,0.9375,0.8125,0.705088,-0.160604,-2.42975
23584,0,7,10,-1,0,2,2,1,0.137695,0.574219,0.679688,-1.125,0.9375,0.8125,0.705088,-0.160604,-2.42975
23605,3,19,-18,2,-1,-4,0,2,0.137695,0.574219,0.679688,-1.125,0.9375,0.8125,0.705088,-0.160604,-2.42975
23605,2,27,22,1,0,2,0,1,0.137695,0.574219,0.679688,-1.125,0.9375,0.8125,0.705088,-0.160604,-2.42975
23606,-10,-70,-48,-7,-4,-3,-3,-4,0.144043,0.580566,0.673828,-0.3125,0.75,0.25,0.705055,-0.16061,-2.42964
23606,-3,-12,2,-1,0,1,-1,-1,0.144043,0.580566,0.673828,-0.3125,0.75,0.25,0.705055,-0.16061,-2.42964
23612,0,5,-16,-4,-4,-5,-2,-2,0.144043,0.580566,0.673828,-0.3125,0.75,0.25,0.705055,-0.16061,-2.42964
23612,0,5,3,1,1,-2,-1,2,0.144043,0.580566,0.673828,-0.3125,0.75,0.25,0.705055,-0.16061,-2.42964
23614,1,43,24,3,-1,1,-1,0,0.144043,0.585938,0.682129,1.625,1.0625,-0.6875,0.705676,-0.16006,-2.42957
23614,-2,-15,0,-2,0,0,-1,-4,0.144043,0.585938,0.682129,1.625,1.0625,-0.6875,0.705676,-0.16006,-2.42957
23635,-5,-11,-36,-5,-4,-4,1,-1,0.144043,0.585938,0.682129,1.625,1.0625,-0.6875,0.705676,-0.16006,-2.42957
23635,-2,-12,0,-1,-1,0,0,0,0.144043,0.585938,0.682129,1.625,1.0625,-0.6875,0.705676,-0.16006,-2.42957
23636,1,11,6,1,0,1,0,0,0.133789,0.59668,0.682129,0.75,0.8125,-1.25,0.706221,-0.159224,-2.42977
23636,2,22,-12,1,-2,4,-1,-1,0.133789,0.59668,0.682129,0.75,0.8125,-1.25,0.706221,-0.159224,-2.42977
23649,2,-10,3,1,0,-2,0,1,0.133789,0.59668,0.682129,0.75,0.8125,-1.25,0.706221,-0.159224,-2.42977
23649,-9,-33,-5,-5,-6,-2,-6,-6,0.133789,0.59668,0.682129,0.75,0.8125,-1.25,0.706221,-0.159224,-2.42977
23657,0,-1,4,0,-3,-2,-1,-1,0.13916,0.580078,0.678223,-1.3125,-0.125,-1.625,0.705929,-0.158795,-2.43023
23657,-2,-1,9,-3,2,4,1,-1,0.13916,0.580078,0.678223,-1.3125,-0.125,-1.625,0.705929,-0.158795,-2.43023
23671,2,21,9,1,0,-1,1,1,0.13916,0.580078,0.678223,-1.3125,-0.125,-1.625,0.705929,-0.158795,-2.43023
23671,1,23,-11,1,3,2,0,0,0.13916,0.580078,0.678223,-1.3125,-0.125,-1.625,0.705929,-0.158795,-2.43023
23680,-3,-24,-2,-5,-2,-1,-2,-2,0.154297,0.578613,0.676758,-0.6875,0.5625,-2.125,0.7057,-0.158523,-2.43067
23680,-1,-7,3,-1,-1,-6,0,-1,0.154297,0.578613,0.676758,-0.6875,0.5625,-2.125,0.7057,-0.158523,-2.43067
23695,0,-5,-7,-2,-1,-5,-3,0,0.154297,0.578613,0.676758,-0.6875,0.5625,-2.125,0.7057,-0.158523,-2.43067
23695,1,7,15,-1,-1,-1,-3,-1,0.154297,0.578613,0.676758,-0.6875,0.5625,-2.125,0.7057,-0.158523,-2.43067
23697,-1,7,6,3,2,2,-1,0,0.143066,0.587891,0.671387,0.9375,1,-1.4375,0.706483,-0.157924,-2.43092
23697,-1,5,-14,-3,-2,1,0,-4,0.143066,0.587891,0.671387,0.9375,1,-1.4375,0.706483,-0.157924,-2.43092
23708,-4,-27,7,-2,-1,-4,0,-3,0.143066,0.587891,0.671387,0.9375,1,-1.4375,0.706483,-0.157924,-2.43092
23708,1,-8,-4,0,-1,-1,1,1,0.143066,0.587891,0.671387,0.9375,1,-1.4375,0.706483,-0.157924,-2.43092
23717,4,31,8,-1,1,1,2,1,0.125,0.596191,0.677734,-1.875,0.1875,-1.6875,0.706172,-0.157087,-2.43131
23717,-2,-11,8,0,-3,-2,-2,-1,0.125,0.596191,0.677734,-1.875,0.1875,-1.6875,0.706172,-0.157087,-2.43131
23733,-5,-16,-16,-4,-3,-2,-3,-2,0.125,0.596191,0.677734,-1.875,0.1875,-1.6875,0.706172,-0.157087,-2.43131
23733,0,1,-2,-1,-3,-3,-1,0,0.125,0.596191,0.677734,-1.875,0.1875,-1.6875,0.706172,-0.157087,-2.43131
23738,-1,-8,-14,-2,2,2,2,0,0.134277,0.5625,0.681152,-1.875,-0.625,-1.75,0.705313,-0.156688,-2.43185
23738,0,2,17,2,0,-1,0,-1,0.134277,0.5625,0.681152,-1.875,-0.625,-1.75,0.705313,-0.156688,-2.43185
23755,2,25,9,1,1,1,-1,1,0.134277,0.5625,0.681152,-1.875,-0.625,-1.75,0.705313,-0.156688,-2.43185
23755,-4,-8,-5,-3,1,0,0,-1,0.134277,0.5625,0.681152,-1.875,-0.625,-1.75,0.705313,-0.156688,-2.43185
23756,-2,-17,-7,-2,-1,-3,-1,-3,0.137695,0.571777,0.682617,0.4375,0.75,-2,0.705386,-0.15603,-2.4322
23756,0,-13,-5,-3,-2,-4,-1,0,0.137695,0.571777,0.682617,0.4375,0.75,-2,0.705386,-0.15603,-2.4322
23768,0,20,10,3,-2,-2,-2,-1,0.137695,0.571777,0.682617,0.4375,0.75,-2,0.705386,-0.15603,-2.4322
23768,1,-12,8,1,0,-2,1,1,0.137695,0.571777,0.682617,0.4375,0.75,-2,0.705386,-0.15603,-2.4322
23777,-5,-20,-15,-2,-3,-2,0,-3,0.141602,0.583984,0.670898,3,0.8125,-1.6875,0.70669,-0.155466,-2.4325
23777,-2,-7,-12,-5,-1,0,-1,-1,0.141602,0.583984,0.670898,3,0.8125,-1.6875,0.70669,-0.155466,-2.4325
23792,-3,-33,-33,-1,2,1,-1,0,0.141602,0.583984,0.670898,3,0.8125,-1.6875,0.70669,-0.155466,-2.4325
23792,1,17,20,1,2,3,-2,0,0.141602,0.583984,0.670898,3,0.8125,-1.6875,0.70669,-0.155466,-2.4325
23793,2,17,6,0,0,-3,-2,-1,0.0844727,0.587891,0.690918,4.1875,0.875,3.75,0.707883,-0.154629,-2.43125
23793,2,-8,27,0,-3,-3,-1,0,0.0844727,0.587891,0.690918,4.1875,0.875,3.75,0.707883,-0.154629,-2.43125
23814,-5,6,-32,-7,-3,-2,-2,-5,0.0844727,0.587891,0.690918,4.1875,0.875,3.75,0.707883,-0.154629,-2.43125
23814,-5,-18,-8,-1,-2,-2,-3,-4,0.0844727,0.587891,0.690918,4.1875,0.875,3.75,0.707883,-0.154629,-2.43125
23816,0,-7,-3,1,-1,0,2,-1,0.114258,0.572754,0.652832,-2.1875,-2.0625,0.6875,0.707499,-0.154872,-2.43165
23816,-1,7,15,2,-1,0,-2,-1,0.114258,0.572754,0.652832,-2.1875,-2.0625,0.6875,0.707499,-0.154872,-2.43165
23828,1,9,11,1,-1,1,-1,2,0.114258,0.572754,0.652832,-2.1875,-2.0625,0.6875,0.707499,-0.154872,-2.43165
23828,3,23,9,1,-2,1,2,1,0.114258,0.572754,0.652832,-2.1875,-2.0625,0.6875,0.707499,-0.154872,-2.43165
23837,1,14,-4,0,-1,0,-3,-1,0.148926,0.556641,0.658203,-7.0625,-4.6875,2.4375,0.704948,-0.156916,-2.43195
23837,-7,-51,-22,-2,-1,0,-3,-1,0.148926,0.556641,0.658203,-7.0625,-4.6875,2.4375,0.704948,-0.156916,-2.43195
23859,-2,1,-18,-3,-2,-1,0,-3,0.148926,0.556641,0.658203,-7.0625,-4.6875,2.4375,0.704948,-0.156916,-2.43195
23859,-1,9,-6,-1,-4,-2,-3,-2,0.148926,0.556641,0.658203,-7.0625,-4.6875,2.4375,0.704948,-0.156916,-2.43195
23861,3,15,10,-1,-1,-2,-1,2,0.169922,0.553223,0.682129,2.625,-3.125,1.5,0.705397,-0.158812,-2.43211
23861,0,12,5,1,1,1,-1,-1,0.169922,0.553223,0.682129,2.625,-3.125,1.5,0.705397,-0.158812,-2.43211
23882,-2,-8,-10,3,1,-1,0,1,0.169922,0.553223,0.682129,2.625,-3.125,1.5,0.705397,-0.158812,-2.43211
23882,0,8,7,-2,-1,1,0,-1,0.169922,0.553223,0.682129,2.625,-3.125,1.5,0.705397,-0.158812,-2.43211
23884,-1,-4,-6,-1,-3,-3,0,0,0.15332,0.583008,0.678223,7.875,-1.75,0.875,0.708309,-0.159757,-2.4323
23884,-6,-1,-11,-4,-3,-2,0,-3,0.15332,0.583008,0.678223,7.875,-1.75,0.875,0.708309,-0.159757,-2.4323
23888,0,3,24,-2,0,-2,-1,0,0.15332,0.583008,0.678223,7.875,-1.75,0.875,0.708309,-0.159757,-2.4323
23888,-2,-25,-27,-2,2,-1,-1,-2,0.15332,0.583008,0.678223,7.875,-1.75,0.875,0.708309,-0.159757,-2.4323
23897,-1,3,11,3,-2,-1,-3,-1,0.125488,0.602539,0.675293,5.5,-2.0625,2.0625,0.710544,-0.160216,-2.43234
23897,-1,-4,-19,-2,2,2,0,0,0.125488,0.602539,0.675293,5.5,-2.0625,2.0625,0.710544,-0.160216,-2.43234
23912,1,9,13,1,-1,2,0,-2,0.125488,0.602539,0.675293,5.5,-2.0625,2.0625,0.710544,-0.160216,-2.43234
23912,-1,7,3,-2,2,0,1,1,0.125488,0.602539,0.675293,5.5,-2.0625,2.0625,0.710544,-0.160216,-2.43234
23914,0,-6,-2,-1,-1,0,-2,-1,0.13916,0.597168,0.683594,-1.75,-2.6875,1.5,0.710222,-0.161117,-2.43252
23914,3,19,24,11,4,2,0,2,0.13916,0.597168,0.683594,-1.75,-2.6875,1.5,0.710222,-0.161117,-2.43252
23935,-6,-28,-49,-21,-9,-3,-4,-6,0.13916,0.597168,0.683594,-1.75,-2.6875,1.5,0.710222,-0.161117,-2.43252
23935,1,0,8,0,-2,0,-2,-3,0.13916,0.597168,0.683594,-1.75,-2.6875,1.5,0.710222,-0.161117,-2.43252
23936,-4,-7,-4,-4,0,1,0,-2,0.150391,0.587402,0.680664,-1.9375,-1.3125,2.1875,0.7095,-0.162018,-2.4323
23936,2,19,2,0,-1,-2,0,0,0.150391,0.587402,0.680664,-1.9375,-1.3125,2.1875,0.7095,-0.162018,-2.4323
23948,1,-3,21,7,4,2,1,2,0.150391,0.587402,0.680664,-1.9375,-1.3125,2.1875,0.7095,-0.162018,-2.4323
23948,-1,1,-5,-1,-1,0,-2,0,0.150391,0.587402,0.680664,-1.9375,-1.3125,2.1875,0.7095,-0.162018,-2.4323
23965,0,4,-6,-3,-3,-2,-1,-2,0.142578,0.560547,0.666016,0.0625,-1.625,2.3125,0.70935,-0.162934,-2.43193
23965,7,44,32,2,0,-3,-1,0,0.142578,0.560547,0.666016,0.0625,-1.625,2.3125,0.70935,-0.162934,-2.43193
23972,-2,-73,-46,-2,3,0,0,-1,0.142578,0.560547,0.666016,0.0625,-1.625,2.3125,0.70935,-0.162934,-2.43193
23972,-6,-4,-6,-8,-6,-2,-3,-3,0.142578,0.560547,0.666016,0.0625,-1.625,2.3125,0.70935,-0.162934,-2.43193
23974,-1,10,25,7,0,-1,-1,-1,0.14209,0.567383,0.689941,3.1875,-0.875,0.4375,0.709974,-0.163163,-2.43198
23974,-3,-11,-20,-7,-4,-4,0,-1,0.14209,0.567383,0.689941,3.1875,-0.875,0.4375,0.709974,-0.163163,-2.43198
23995,3,31,27,4,0,-2,-1,1,0.14209,0.567383,0.689941,3.1875,-0.875,0.4375,0.709974,-0.163163,-2.43198
23995,0,6,-4,2,1,0,1,-1,0.14209,0.567383,0.689941,3.1875,-0.875,0.4375,0.709974,-0.163163,-2.43198
23996,-2,-21,-17,-3,0,1,-1,-1,0.161621,0.58252,0.688477,8.125,0.75,-1.0625,0.712516,-0.163093,-2.43188
23996,0,6,1,-3,-3,2,-1,-2,0.161621,0.58252,0.688477,8.125,0.75,-1.0625,0.712516,-0.163093,-2.43188
24017,2,22,34,2,1,-1,0,0,0.161621,0.58252,0.688477,8.125,0.75,-1.0625,0.712516,-0.163093,-2.43188
24017,-3,-27,-24,-3,1,-1,0,-1,0.161621,0.58252,0.688477,8.125,0.75,-1.0625,0.712516,-0.163093,-2.43188
24019,-4,-31,-31,-5,-3,-4,-3,-4,0.156738,0.606934,0.68457,3.125,1,-0.25,0.713872,-0.162865,-2.43173
24019,-2,-10,-3,-2,-3,-2,-3,-2,0.156738,0.606934,0.68457,3.125,1,-0.25,0.713872,-0.162865,-2.43173
24032,0,10,6,0,-3,-2,-1,1,0.156738,0.606934,0.68457,3.125,1,-0.25,0.713872,-0.162865,-2.43173
24032,2,16,18,2,0,-2,0,0,0.156738,0.606934,0.68457,3.125,1,-0.25,0.713872,-0.162865,-2.43173
24034,1,8,4,0,1,2,1,1,0.157715,0.587891,0.67041,-0.875,0.25,-0.25,0.71401,-0.162909,-2.43178
24034,-1,-14,-16,-1,3,0,0,0,0.157715,0.587891,0.67041,-0.875,0.25,-0.25,0.71401,-0.162909,-2.43178
24055,3,36,16,3,1,-1,1,1,0.157715,0.587891,0.67041,-0.875,0.25,-0.25,0.71401,-0.162909,-2.43178
24055,-6,-36,-9,-3,-1,-1,-1,-1,0.157715,0.587891,0.67041,-0.875,0.25,-0.25,0.71401,-0.162909,-2.43178
24056,-3,1,35,-6,-5,-2,-3,-2,0.165039,0.580566,0.672852,-0.75,0.375,-1.75,0.713705,-0.162893,-2.4322
24056,-4,-31,-74,-7,-7,-2,1,-2,0.165039,0.580566,0.672852,-0.75,0.375,-1.75,0.713705,-0.162893,-2.4322
24077,-1,9,21,3,-2,0,-1,0,0.165039,0.580566,0.672852,-0.75,0.375,-1.75,0.713705,-0.162893,-2.4322
24077,2,13,-4,3,-1,-1,1,0,0.165039,0.580566,0.672852,-0.75,0.375,-1.75,0.713705,-0.162893,-2.4322
24079,-1,11,8,0,0,-2,0,-1,0.15918,0.578613,0.67041,4.0625,0.8125,-3.25,0.715168,-0.162234,-2.4329
24079,0,-1,16,0,0,-1,-2,1,0.15918,0.578613,0.67041,4.0625,0.8125,-3.25,0.715168,-0.162234,-2.4329
24092,-1,0,-4,-2,-1,-3,-1,-3,0.15918,0.578613,0.67041,4.0625,0.8125,-3.25,0.715168,-0.162234,-2.4329
24092,-1,8,-2,-1,-3,-1,-2,-3,0.15918,0.578613,0.67041,4.0625,0.8125,-3.25,0.715168,-0.162234,-2.4329
24094,-2,-7,-7,-1,0,1,-1,-1,0.13916,0.602539,0.665039,4.375,1.4375,-3.625,0.717291,-0.160873,-2.43358
24094,0,5,-5,0,1,1,2,0,0.13916,0.602539,0.665039,4.375,1.4375,-3.625,0.717291,-0.160873,-2.43358
24122,-2,-6,-5,-1,-2,-2,-3,-3,0.13916,0.602539,0.665039,4.375,1.4375,-3.625,0.717291,-0.160873,-2.43358
24122,-1,1,10,1,-1,-3,0,-1,0.13916,0.602539,0.665039,4.375,1.4375,-3.625,0.717291,-0.160873,-2.43358
24124,1,5,-8,-2,-3,-2,1,0,0.115723,0.621582,0.67041,1.6875,1.875,-4,0.71852,-0.158738,-2.43422
24124,-1,-8,-12,0,-1,-1,1,0,0.115723,0.621582,0.67041,1.6875,1.875,-4,0.71852,-0.158738,-2.43422
24137,0,3,22,0,-2,0,0,-1,0.115723,0.621582,0.67041,1.6875,1.875,-4,0.71852,-0.158738,-2.43422
24137,4,37,-11,4,2,0,-1,1,0.115723,0.621582,0.67041,1.6875,1.875,-4,0.71852,-0.158738,-2.43422
24139,-4,-22,-17,-3,2,-1,0,-1,0.102051,0.602539,0.671387,-0.875,0.8125,-2.75,0.718585,-0.156898,-2.4348
24139,-5,-34,-19,-4,2,1,-2,0,0.102051,0.602539,0.671387,-0.875,0.8125,-2.75,0.718585,-0.156898,-2.4348
24160,-6,-8,32,-5,-8,-7,-3,-5,0.102051,0.602539,0.671387,-0.875,0.8125,-2.75,0.718585,-0.156898,-2.4348
24160,1,12,9,-1,-3,0,-2,-1,0.102051,0.602539,0.671387,-0.875,0.8125,-2.75,0.718585,-0.156898,-2.4348
24161,3,21,1,3,-2,-2,1,-1,0.117676,0.57959,0.667969,-0.875,-0.25,-3.5625,0.718394,-0.155614,-2.43574
24161,1,2,6,0,0,-1,0,-3,0.117676,0.57959,0.667969,-0.875,-0.25,-3.5625,0.718394,-0.155614,-2.43574
24182,-1,3,-5,0,0,0,0,0,0.117676,0.57959,0.667969,-0.875,-0.25,-3.5625,0.718394,-0.155614,-2.43574
24182,-1,-10,2,-3,-1,-1,-1,-1,0.117676,0.57959,0.667969,-0.875,-0.25,-3.5625,0.718394,-0.155614,-2.43574
24184,1,-4,-7,-1,-1,0,0,2,0.137207,0.571289,0.666504,-0.75,-0.3125,-3.3125,0.718145,-0.154995,-2.43673
24184,0,13,15,2,1,2,-1,-1,0.137207,0.571289,0.666504,-0.75,-0.3125,-3.3125,0.718145,-0.154995,-2.43673
24197,0,-4,-16,-2,1,-1,-1,-1,0.137207,0.571289,0.666504,-0.75,-0.3125,-3.3125,0.718145,-0.154995,-2.43673
24197,-1,6,5,0,-2,-2,-1,0,0.137207,0.571289,0.666504,-0.75,-0.3125,-3.3125,0.718145,-0.154995,-2.43673
24199,-5,-22,-8,-3,0,0,-2,-3,0.151855,0.587891,0.674805,3.125,0.5,-4.0625,0.719314,-0.15426,-2.43763
24199,-1,13,12,-2,-4,-4,-5,-3,0.151855,0.587891,0.674805,3.125,0.5,-4.0625,0.719314,-0.15426,-2.43763
24212,2,3,-4,-1,1,1,1,0,0.151855,0.587891,0.674805,3.125,0.5,-4.0625,0.719314,-0.15426,-2.43763
24212,0,1,2,-1,-1,1,-1,1,0.151855,0.587891,0.674805,3.125,0.5,-4.0625,0.719314,-0.15426,-2.43763
24218,0,10,5,-1,0,-2,-2,0,0.15918,0.595703,0.663086,3.875,1.125,-5,0.72101,-0.153243,-2.43874
24218,-1,1,7,-3,-2,-2,-2,-1,0.15918,0.595703,0.663086,3.875,1.125,-5,0.72101,-0.153243,-2.43874
24238,-1,16,-8,-2,2,1,0,1,0.15918,0.595703,0.663086,3.875,1.125,-5,0.72101,-0.153243,-2.43874
24238,-1,-21,-24,1,2,2,1,-1,0.15918,0.595703,0.663086,3.875,1.125,-5,0.72101,-0.153243,-2.43874
24238,-2,26,56,-1,0,-2,0,-1,0.137207,0.607422,0.666016,1.75,1.25,-4,0.722232,-0.151984,-2.43964
24238,-4,-46,-55,-4,-4,-4,-2,-2,0.137207,0.607422,0.666016,1.75,1.25,-4,0.722232,-0.151984,-2.43964
24257,0,-6,-10,1,-2,-1,-1,0,0.137207,0.607422,0.666016,1.75,1.25,-4,0.722232,-0.151984,-2.43964
24257,1,8,4,-1,-3,0,-1,0,0.137207,0.607422,0.666016,1.75,1.25,-4,0.722232,-0.151984,-2.43964
24259,2,7,-5,0,0,1,-1,0,0.141113,0.592773,0.671387,0.8125,0.625,-3.5625,0.722605,-0.151171,-2.4403
24259,0,11,14,0,-2,1,1,-2,0.141113,0.592773,0.671387,0.8125,0.625,-3.5625,0.722605,-0.151171,-2.4403
24272,0,11,4,-2,-3,-3,-2,-1,0.141113,0.592773,0.671387,0.8125,0.625,-3.5625,0.722605,-0.151171,-2.4403
24272,2,-10,-5,1,1,-1,1,-1,0.141113,0.592773,0.671387,0.8125,0.625,-3.5625,0.722605,-0.151171,-2.4403
24278,-3,-16,28,-2,0,1,-2,-1,0.142578,0.58252,0.669434,-1.4375,1.125,-5.3125,0.722122,-0.149857,-2.44136
24278,-2,-20,-57,-6,-3,-3,-3,-4,0.142578,0.58252,0.669434,-1.4375,1.125,-5.3125,0.722122,-0.149857,-2.44136
24295,-1,-9,1,1,-1,0,-2,-1,0.142578,0.58252,0.669434,-1.4375,1.125,-5.3125,0.722122,-0.149857,-2.44136
24295,0,11,13,-3,-2,-2,-2,-2,0.142578,0.58252,0.669434,-1.4375,1.125,-5.3125,0.722122,-0.149857,-2.44136
24296,0,-7,-22,-3,-4,-1,1,0,0.128906,0.587402,0.673828,2.4375,1.625,-4,0.723006,-0.148399,-2.44209
24296,1,22,29,3,2,1,-1,0,0.128906,0.587402,0.673828,2.4375,1.625,-4,0.723006,-0.148399,-2.44209
24317,-1,-5,-5,0,-2,-1,-1,-1,0.128906,0.587402,0.673828,2.4375,1.625,-4,0.723006,-0.148399,-2.44209
24317,1,-3,-3,2,0,-3,-3,-1,0.128906,0.587402,0.673828,2.4375,1.625,-4,0.723006,-0.148399,-2.44209
24323,-1,9,-16,-2,-2,-2,0,0,0.114746,0.592773,0.671875,1.4375,1.25,-4.25,0.72354,-0.146611,-2.44291
24323,-2,6,28,2,-3,-1,-1,0,0.114746,0.592773,0.671875,1.4375,1.25,-4.25,0.72354,-0.146611,-2.44291
24332,-5,-35,-33,-8,-4,-4,-2,-3,0.114746,0.592773,0.671875,1.4375,1.25,-4.25,0.72354,-0.146611,-2.44291
24332,-1,-1,17,-2,-1,0,0,-1,0.114746,0.592773,0.671875,1.4375,1.25,-4.25,0.72354,-0.146611,-2.44291
24338,1,9,-15,1,1,0,0,-2,0.120117,0.604004,0.668945,2.25,2.375,-5.625,0.724646,-0.144478,-2.44382
24338,1,13,19,1,1,0,0,0,0.120117,0.604004,0.668945,2.25,2.375,-5.625,0.724646,-0.144478,-2.44382
24355,-1,-4,-6,-1,2,-1,1,-1,0.120117,0.604004,0.668945,2.25,2.375,-5.625,0.724646,-0.144478,-2.44382
24355,-2,2,-2,-2,1,0,0,0,0.120117,0.604004,0.668945,2.25,2.375,-5.625,0.724646,-0.144478,-2.44382
24356,-1,-4,-7,-2,-3,-2,-1,-1,0.119141,0.603027,0.67627,2.25,3.25,-4.5,0.725639,-0.142335,-2.4443
24356,1,5,5,0,0,1,0,0,0.119141,0.603027,0.67627,2.25,3.25,-4.5,0.725639,-0.142335,-2.4443
24377,-1,16,18,1,1,2,0,0,0.119141,0.603027,0.67627,2.25,3.25,-4.5,0.725639,-0.142335,-2.4443
24377,-6,-31,-7,-4,-3,-1,-1,-4,0.119141,0.603027,0.67627,2.25,3.25,-4.5,0.725639,-0.142335,-2.4443
24379,0,-6,-19,-1,0,-3,1,-2,0.0991211,0.589355,0.674805,2.1875,3.25,-3.75,0.726168,-0.139852,-2.44443
24379,-2,5,23,-1,-2,-5,-1,-1,0.0991211,0.589355,0.674805,2.1875,3.25,-3.75,0.726168,-0.139852,-2.44443
24392,1,8,-6,3,1,-1,0,1,0.0991211,0.589355,0.674805,2.1875,3.25,-3.75,0.726168,-0.139852,-2.44443
24392,0,1,2,-1,-1,-2,-1,1,0.0991211,0.589355,0.674805,2.1875,3.25,-3.75,0.726168,-0.139852,-2.44443
24398,0,-7,-10,1,1,1,-1,-1,0.116211,0.587891,0.656738,2.8125,3.1875,-5.375,0.727289,-0.137663,-2.44512
24398,4,33,22,4,4,2,1,2,0.116211,0.587891,0.656738,2.8125,3.1875,-5.375,0.727289,-0.137663,-2.44512
24416,-2,-25,-26,-5,-2,0,-3,-1,0.116211,0.587891,0.656738,2.8125,3.1875,-5.375,0.727289,-0.137663,-2.44512
24416,-7,-7,4,-1,-3,-2,-4,-3,0.116211,0.587891,0.656738,2.8125,3.1875,-5.375,0.727289,-0.137663,-2.44512
24417,-3,-27,-12,-1,-3,-1,-2,-1,0.129883,0.604492,0.668945,3.375,3.375,-4.3125,0.728708,-0.135904,-2.44536
24417,-2,-12,-11,-1,-1,-1,-1,-1,0.129883,0.604492,0.668945,3.375,3.375,-4.3125,0.728708,-0.135904,-2.44536
24438,3,21,19,4,0,0,1,0,0.129883,0.604492,0.668945,3.375,3.375,-4.3125,0.728708,-0.135904,-2.44536
24438,0,9,-5,-1,-1,-1,0,-1,0.129883,0.604492,0.668945,3.375,3.375,-4.3125,0.728708,-0.135904,-2.44536
24439,-1,2,-5,-2,-1,-2,-3,0,0.121582,0.599121,0.660156,1.9375,2.9375,-4.25,0.729649,-0.134282,-2.44583
24439,1,4,9,1,1,0,0,0,0.121582,0.599121,0.660156,1.9375,2.9375,-4.25,0.729649,-0.134282,-2.44583
24452,-1,-4,-20,0,0,0,-2,-1,0.121582,0.599121,0.660156,1.9375,2.9375,-4.25,0.729649,-0.134282,-2.44583
24452,-4,12,19,-2,-4,-3,-1,-3,0.121582,0.599121,0.660156,1.9375,2.9375,-4.25,0.729649,-0.134282,-2.44583
24458,0,-6,-4,0,-3,2,0,-2,0.123535,0.592773,0.656738,1.4375,2.4375,-4.25,0.730263,-0.132781,-2.44638
24458,-3,-10,-13,-3,-6,0,2,-1,0.123535,0.592773,0.656738,1.4375,2.4375,-4.25,0.730263,-0.132781,-2.44638
24475,2,-4,10,0,-4,-1,-3,-1,0.123535,0.592773,0.656738,1.4375,2.4375,-4.25,0.730263,-0.132781,-2.44638
24475,1,-3,-9,4,2,-1,0,1,0.123535,0.592773,0.656738,1.4375,2.4375,-4.25,0.730263,-0.132781,-2.44638
24477,1,13,7,2,2,0,-1,-2,0.114258,0.584961,0.663574,3.3125,2.5,-5,0.731302,-0.130804,-2.44714
24477,6,31,5,3,2,-1,0,0,0.114258,0.584961,0.663574,3.3125,2.5,-5,0.731302,-0.130804,-2.44714
24496,-13,-58,-11,-13,-6,-3,-2,-6,0.114258,0.584961,0.663574,3.3125,2.5,-5,0.731302,-0.130804,-2.44714
24496,-2,-22,9,-1,-1,-3,-2,0,0.114258,0.584961,0.663574,3.3125,2.5,-5,0.731302,-0.130804,-2.44714
24505,-2,-2,0,-2,-2,-5,-2,-3,0.10791,0.603027,0.669434,4,2,-4.5,0.732835,-0.129054,-2.4478
24505,-1,-1,-8,0,-3,-2,-2,0,0.10791,0.603027,0.669434,4,2,-4.5,0.732835,-0.129054,-2.4478
24511,2,22,15,3,-1,-1,-2,1,0.10791,0.603027,0.669434,4,2,-4.5,0.732835,-0.129054,-2.4478
24511,0,-2,-9,0,2,3,0,0,0.10791,0.603027,0.669434,4,2,-4.5,0.732835,-0.129054,-2.4478
24520,-1,-1,1,-3,-3,1,-1,0,0.109375,0.602539,0.65332,2.875,1.375,-5,0.734167,-0.127379,-2.44875
24520,-3,-15,-11,-4,-1,-3,-1,-3,0.109375,0.602539,0.65332,2.875,1.375,-5,0.734167,-0.127379,-2.44875
24534,2,11,13,3,1,2,1,-1,0.109375,0.602539,0.65332,2.875,1.375,-5,0.734167,-0.127379,-2.44875
24534,0,-6,-14,-2,1,-1,0,-2,0.109375,0.602539,0.65332,2.875,1.375,-5,0.734167,-0.127379,-2.44875
24542,1,27,28,-1,-3,0,0,1,0.0957031,0.609863,0.656738,1.875,1.875,-3.3125,0.735247,-0.125796,-2.44928
24542,-4,-29,-51,-4,-3,1,0,-3,0.0957031,0.609863,0.656738,1.875,1.875,-3.3125,0.735247,-0.125796,-2.44928
24557,-2,14,25,2,0,-1,-3,-2,0.0957031,0.609863,0.656738,1.875,1.875,-3.3125,0.735247,-0.125796,-2.44928
24557,2,1,-4,2,1,1,0,-1,0.0957031,0.609863,0.656738,1.875,1.875,-3.3125,0.735247,-0.125796,-2.44928
24558,0,6,14,-1,-1,1,-1,0,0.0869141,0.598145,0.651855,0.6875,1.25,-2.25,0.735564,-0.124307,-2.44945
24558,-1,0,-3,-4,-3,-4,-3,-1,0.0869141,0.598145,0.651855,0.6875,1.25,-2.25,0.735564,-0.124307,-2.44945
24571,0,-8,-6,-1,0,-2,1,0,0.0869141,0.598145,0.651855,0.6875,1.25,-2.25,0.735564,-0.124307,-2.44945
24571,2,16,8,-1,-3,-1,-3,1,0.0869141,0.598145,0.651855,0.6875,1.25,-2.25,0.735564,-0.124307,-2.44945
24580,-2,-11,-21,-2,-2,-1,-1,-3,0.0932617,0.597168,0.666504,1.5,0.9375,-1.3125,0.736045,-0.12331,-2.44966
24580,-2,-4,8,-1,-3,-1,-2,-1,0.0932617,0.597168,0.666504,1.5,0.9375,-1.3125,0.736045,-0.12331,-2.44966
24595,1,-2,-3,0,-1,0,0,-1,0.0932617,0.597168,0.666504,1.5,0.9375,-1.3125,0.736045,-0.12331,-2.44966
24595,2,21,23,0,0,0,0,-1,0.0932617,0.597168,0.666504,1.5,0.9375,-1.3125,0.736045,-0.12331,-2.44966
24597,0,-21,-19,-4,-1,0,-1,-1,0.111328,0.591797,0.666992,2.9375,0.5625,-2.5625,0.736957,-0.122656,-2.45012
24597,-9,-56,10,-5,-4,-4,-4,-6,0.111328,0.591797,0.666992,2.9375,0.5625,-2.5625,0.736957,-0.122656,-2.45012
24617,-1,-16,-11,-6,-3,0,-2,-2,0.111328,0.591797,0.666992,2.9375,0.5625,-2.5625,0.736957,-0.122656,-2.45012
24617,-1,-1,1,2,0,-1,-4,1,0.111328,0.591797,0.666992,2.9375,0.5625,-2.5625,0.736957,-0.122656,-2.45012
24619,2,15,3,0,1,2,0,0,0.102539,0.588379,0.668945,4.75,0.875,-1.25,0.738143,-0.121984,-2.45013
24619,2,13,13,0,0,1,1,0,0.102539,0.588379,0.668945,4.75,0.875,-1.25,0.738143,-0.121984,-2.45013
24632,-2,1,-8,-3,-1,-2,0,0,0.102539,0.588379,0.668945,4.75,0.875,-1.25,0.738143,-0.121984,-2.45013
24632,-3,-3,-8,-5,-2,-3,1,-1,0.102539,0.588379,0.668945,4.75,0.875,-1.25,0.738143,-0.121984,-2.45013
24648,-1,-6,14,0,0,-1,0,0,0.0888672,0.600586,0.661133,4.375,0.3125,-0.125,0.739623,-0.121341,-2.45002
24648,2,11,2,1,3,-2,-1,0,0.0888672,0.600586,0.661133,4.375,0.3125,-0.125,0.739623,-0.121341,-2.45002
24655,-2,-3,-9,3,1,1,2,0,0.0888672,0.600586,0.661133,4.375,0.3125,-0.125,0.739623,-0.121341,-2.45002
24655,1,3,4,-3,-3,-1,-2,0,0.0888672,0.600586,0.661133,4.375,0.3125,-0.125,0.739623,-0.121341,-2.45002
24656,-4,-9,-14,-1,-3,-4,0,-1,0.110352,0.616699,0.662598,5,0.5625,-0.1875,0.741684,-0.121171,-2.45004
24656,0,1,7,3,1,0,1,-2,0.110352,0.616699,0.662598,5,0.5625,-0.1875,0.741684,-0.121171,-2.45004
24678,4,41,13,2,2,-2,0,1,0.110352,0.616699,0.662598,5,0.5625,-0.1875,0.741684,-0.121171,-2.45004
24678,0,3,-22,-4,-1,-1,0,-1,0.110352,0.616699,0.662598,5,0.5625,-0.1875,0.741684,-0.121171,-2.45004
24679,-4,6,-2,1,-1,0,-2,-4,0.111816,0.611816,0.666504,2.6875,0.75,0.125,0.742585,-0.121018,-2.44989
24679,2,36,30,0,-1,-2,-1,-1,0.111816,0.611816,0.666504,2.6875,0.75,0.125,0.742585,-0.121018,-2.44989
24692,-1,-7,-4,-1,-1,-2,-1,-1,0.111816,0.611816,0.666504,2.6875,0.75,0.125,0.742585,-0.121018,-2.44989
24692,0,-4,-43,-1,1,-1,0,2,0.111816,0.611816,0.666504,2.6875,0.75,0.125,0.742585,-0.121018,-2.44989
24700,0,4,8,-1,0,-2,-1,0,0.0991211,0.597168,0.666504,2,0.75,1.1875,0.742958,-0.120876,-2.44921
24700,-1,-9,-12,-2,-2,1,-1,0,0.0991211,0.597168,0.666504,2,0.75,1.1875,0.742958,-0.120876,-2.44921
24715,3,11,7,3,1,-1,0,1,0.0991211,0.597168,0.666504,2,0.75,1.1875,0.742958,-0.120876,-2.44921
24715,-4,-14,21,-3,-2,1,-1,-3,0.0991211,0.597168,0.666504,2,0.75,1.1875,0.742958,-0.120876,-2.44921
24717,-3,-26,-11,-3,1,0,-4,-2,0.101562,0.599609,0.660156,3.625,1,0.4375,0.74395,-0.120555,-2.44891
24717,-1,15,-7,2,1,0,0,1,0.101562,0.599609,0.660156,3.625,1,0.4375,0.74395,-0.120555,-2.44891
24737,-5,-36,-14,-3,-4,-3,0,-2,0.101562,0.599609,0.660156,3.625,1,0.4375,0.74395,-0.120555,-2.44891
24737,-2,-14,7,-2,-4,-3,-1,-3,0.101562,0.599609,0.660156,3.625,1,0.4375,0.74395,-0.120555,-2.44891
24738,1,2,-10,-1,-3,-2,0,-1,0.128418,0.625977,0.653809,6.3125,2.4375,-1.1875,0.746502,-0.12011,-2.44863
24738,0,2,2,-2,-1,-2,0,0,0.128418,0.625977,0.653809,6.3125,2.4375,-1.1875,0.746502,-0.12011,-2.44863
24751,-1,16,-3,1,-1,-1,-1,-1,0.128418,0.625977,0.653809,6.3125,2.4375,-1.1875,0.746502,-0.12011,-2.44863
24751,-3,-7,26,6,1,0,-1,-1,0.128418,0.625977,0.653809,6.3125,2.4375,-1.1875,0.746502,-0.12011,-2.44863
24760,-2,0,-24,-10,-1,-1,1,-2,0.0996094,0.644043,0.646484,0.4375,2.375,0.625,0.74749,-0.119473,-2.4481
24760,-2,-21,-8,-4,-3,-2,-1,-4,0.0996094,0.644043,0.646484,0.4375,2.375,0.625,0.74749,-0.119473,-2.4481
24775,2,17,8,1,-2,1,-1,-1,0.0996094,0.644043,0.646484,0.4375,2.375,0.625,0.74749,-0.119473,-2.4481
24775,-1,-2,-1,1,3,0,1,-1,0.0996094,0.644043,0.646484,0.4375,2.375,0.625,0.74749,-0.119473,-2.4481
24777,1,14,13,2,1,1,0,0,0.081543,0.616699,0.647949,-0.375,2.4375,1.25,0.747458,-0.118479,-2.44707
24777,1,2,2,0,-1,0,1,1,0.081543,0.616699,0.647949,-0.375,2.4375,1.25,0.747458,-0.118479,-2.44707
24805,1,2,-15,-4,1,-1,-1,-1,0.081543,0.616699,0.647949,-0.375,2.4375,1.25,0.747458,-0.118479,-2.44707
24805,-3,8,17,-6,-5,-2,0,-2,0.081543,0.616699,0.647949,-0.375,2.4375,1.25,0.747458,-0.118479,-2.44707
24806,-3,-21,-9,4,0,-2,-3,-1,0.102539,0.610352,0.664551,0.875,2.6875,-1.3125,0.747695,-0.117434,-2.44679
24806,-4,4,-27,-4,-5,-1,-2,-4,0.102539,0.610352,0.664551,0.875,2.6875,-1.3125,0.747695,-0.117434,-2.44679
24811,0,-5,9,-1,-2,1,-3,-1,0.102539,0.610352,0.664551,0.875,2.6875,-1.3125,0.747695,-0.117434,-2.44679
24811,2,5,-9,-1,-1,-1,-1,0,0.102539,0.610352,0.664551,0.875,2.6875,-1.3125,0.747695,-0.117434,-2.44679
24826,1,2,-4,-2,-1,-1,1,0,0.105469,0.625,0.654297,1.875,2.9375,-2.125,0.748569,-0.116156,-2.44667
24826,3,13,8,3,2,3,0,0,0.105469,0.625,0.654297,1.875,2.9375,-2.125,0.748569,-0.116156,-2.44667
24835,-7,-28,-5,-8,-4,-6,-2,-3,0.105469,0.625,0.654297,1.875,2.9375,-2.125,0.748569,-0.116156,-2.44667
24835,2,-4,-19,-4,-1,-2,-1,-1,0.105469,0.625,0.654297,1.875,2.9375,-2.125,0.748569,-0.116156,-2.44667
24837,-1,-12,-6,-1,-2,-2,0,-2,0.090332,0.627441,0.651367,-0.5,2,-1,0.748808,-0.115112,-2.4464
24837,-1,-6,4,0,0,0,-1,0,0.090332,0.627441,0.651367,-0.5,2,-1,0.748808,-0.115112,-2.4464
24858,-2,-1,-4,0,-2,-2,0,-1,0.090332,0.627441,0.651367,-0.5,2,-1,0.748808,-0.115112,-2.4464
24858,0,2,-2,-4,0,1,1,-1,0.090332,0.627441,0.651367,-0.5,2,-1,0.748808,-0.115112,-2.4464
24859,4,24,4,4,2,-3,0,2,0.09375,0.608887,0.647461,-1.8125,0.375,-0.9375,0.748285,-0.114576,-2.44656
24859,-8,-21,37,-8,-3,-5,-4,-3,0.09375,0.608887,0.647461,-1.8125,0.375,-0.9375,0.748285,-0.114576,-2.44656
24880,-1,13,-26,0,1,-2,-2,-1,0.09375,0.608887,0.647461,-1.8125,0.375,-0.9375,0.748285,-0.114576,-2.44656
24880,-2,-9,1,-1,-3,-2,-3,-3,0.09375,0.608887,0.647461,-1.8125,0.375,-0.9375,0.748285,-0.114576,-2.44656
24882,1,17,1,0,-2,1,-2,-2,0.105469,0.605469,0.656738,-1.375,0.0625,-2.3125,0.747828,-0.114153,-2.44719
24882,1,3,6,2,1,3,1,0,0.105469,0.605469,0.656738,-1.375,0.0625,-2.3125,0.747828,-0.114153,-2.44719
24895,0,5,6,2,2,3,0,0,0.105469,0.605469,0.656738,-1.375,0.0625,-2.3125,0.747828,-0.114153,-2.44719
24895,4,12,5,3,0,1,1,1,0.105469,0.605469,0.656738,-1.375,0.0625,-2.3125,0.747828,-0.114153,-2.44719
24897,-6,8,-14,-5,-2,-3,-1,-2,0.0961914,0.610352,0.654297,-0.8125,0,-1.6875,0.747711,-0.113511,-2.4476
24897,-7,-47,-34,-8,-5,-4,-3,-3,0.0961914,0.610352,0.654297,-0.8125,0,-1.6875,0.747711,-0.113511,-2.4476
24917,-2,-31,7,0,-2,-2,-3,-1,0.0961914,0.610352,0.654297,-0.8125,0,-1.6875,0.747711,-0.113511,-2.4476
24917,1,6,-15,2,2,0,1,-1,0.0961914,0.610352,0.654297,-0.8125,0,-1.6875,0.747711,-0.113511,-2.4476
24919,0,-5,16,0,-1,2,0,0,0.0830078,0.604492,0.653809,-1,-0.9375,-0.125,0.747711,-0.113511,-2.4476
24919,3,15,-6,3,0,2,0,0,0.0830078,0.604492,0.653809,-1,-0.9375,-0.125,0.747711,-0.113511,-2.4476
24947,1,30,-9,0,1,1,0,0,0.0830078,0.604492,0.653809,-1,-0.9375,-0.125,0.747711,-0.113511,-2.4476
24947,1,-13,15,3,-1,1,1,3,0.0830078,0.604492,0.653809,-1,-0.9375,-0.125,0.747711,-0.113511,-2.4476
24949,-7,-41,-59,-6,-2,-1,-3,-2,0.0864258,0.594727,0.652344,-3.1875,-1.1875,-1.0625,0.746548,-0.113121,-2.44818
24949,-1,19,22,2,2,-2,-1,-2,0.0864258,0.594727,0.652344,-3.1875,-1.1875,-1.0625,0.746548,-0.113121,-2.44818
24954,1,-10,0,-2,-2,-4,-1,1,0.0864258,0.594727,0.652344,-3.1875,-1.1875,-1.0625,0.746548,-0.113121,-2.44818
24954,0,20,-5,-1,-2,-3,-2,1,0.0864258,0.594727,0.652344,-3.1875,-1.1875,-1.0625,0.746548,-0.113121,-2.44818
24957,2,3,16,0,-2,-1,1,-2,0.102539,0.600586,0.659668,-0.3125,-0.25,-0.4375,0.746367,-0.113187,-2.44816
24957,-2,-6,-13,-1,-2,-2,-2,0,0.102539,0.600586,0.659668,-0.3125,-0.25,-0.4375,0.746367,-0.113187,-2.44816
24978,2,5,9,1,0,1,-1,0,0.102539,0.600586,0.659668,-0.3125,-0.25,-0.4375,0.746367,-0.113187,-2.44816
24978,1,18,4,1,0,1,0,0,0.102539,0.600586,0.659668,-0.3125,-0.25,-0.4375,0.746367,-0.113187,-2.44816
24979,-4,-42,-17,-3,0,-3,-2,-1,0.0898438,0.612793,0.652344,-2,-0.5625,1.0625,0.745956,-0.113249,-2.44799
24979,0,3,6,-4,-4,-2,-1,-2,0.0898438,0.612793,0.652344,-2,-0.5625,1.0625,0.745956,-0.113249,-2.44799
25000,-2,10,0,-1,-3,-2,-2,-3,0.0898438,0.612793,0.652344,-2,-0.5625,1.0625,0.745956,-0.113249,-2.44799
25000,-4,-26,-19,-1,-5,-2,-3,-3,0.0898438,0.612793,0.652344,-2,-0.5625,1.0625,0.745956,-0.113249,-2.44799
25001,1,16,31,3,2,1,1,0,0.0883789,0.611816,0.65918,-0.375,0.0625,1.75,0.745805,-0.113349,-2.44759
25001,2,12,-11,1,1,2,2,0,0.0883789,0.611816,0.65918,-0.375,0.0625,1.75,0.745805,-0.113349,-2.44759
25015,-2,-11,-1,-2,-3,-3,1,-1,0.0883789,0.611816,0.65918,-0.375,0.0625,1.75,0.745805,-0.113349,-2.44759
25015,0,13,13,-3,-1,-1,-2,0,0.0883789,0.611816,0.65918,-0.375,0.0625,1.75,0.745805,-0.113349,-2.44759
25016,-4,0,-21,-3,-4,-3,-2,0,0.108887,0.608887,0.65918,-2.5,-0.375,1.0625,0.744959,-0.113844,-2.44729
25016,0,3,17,0,-1,-1,-2,1,0.108887,0.608887,0.65918,-2.5,-0.375,1.0625,0.744959,-0.113844,-2.44729
25038,-3,-32,-29,-1,0,-1,-1,-1,0.108887,0.608887,0.65918,-2.5,-0.375,1.0625,0.744959,-0.113844,-2.44729
25038,-3,-7,6,1,-1,-1,-2,-2,0.108887,0.608887,0.65918,-2.5,-0.375,1.0625,0.744959,-0.113844,-2.44729
25043,2,21,7,3,4,1,0,1,0.111328,0.601562,0.669922,-1.9375,-0.0625,0.8125,0.744002,-0.114243,-2.44713
25043,2,-3,5,4,0,0,-1,-1,0.111328,0.601562,0.669922,-1.9375,-0.0625,0.8125,0.744002,-0.114243,-2.44713
25067,2,9,6,-2,0,0,-2,-2,0.111328,0.601562,0.669922,-1.9375,-0.0625,0.8125,0.744002,-0.114243,-2.44713
25067,-4,-1,4,-5,-5,-3,-1,-1,0.111328,0.601562,0.669922,-1.9375,-0.0625,0.8125,0.744002,-0.114243,-2.44713
25068,-2,-28,-12,-2,-3,-2,-1,-1,0.100098,0.600098,0.669434,-1.4375,-0.0625,1.1875,0.743097,-0.114439,-2.44679
25068,-3,-11,-25,-7,-3,-1,0,-1,0.100098,0.600098,0.669434,-1.4375,-0.0625,1.1875,0.743097,-0.114439,-2.44679
25074,1,12,8,0,-1,0,-1,-1,0.100098,0.600098,0.669434,-1.4375,-0.0625,1.1875,0.743097,-0.114439,-2.44679
25074,-3,-10,-1,-1,2,2,1,-1,0.100098,0.600098,0.669434,-1.4375,-0.0625,1.1875,0.743097,-0.114439,-2.44679
25081,3,29,50,5,1,0,0,0,0.0942383,0.596191,0.659668,-1.75,-0.875,0.1875,0.742343,-0.114534,-2.44685
25081,1,-9,-20,0,-2,-3,-1,1,0.0942383,0.596191,0.659668,-1.75,-0.875,0.1875,0.742343,-0.114534,-2.44685
25105,-1,1,14,0,-1,0,-1,0,0.0942383,0.596191,0.659668,-1.75,-0.875,0.1875,0.742343,-0.114534,-2.44685
25105,-1,22,-22,-3,-1,-2,-3,-2,0.0942383,0.596191,0.659668,-1.75,-0.875,0.1875,0.742343,-0.114534,-2.44685
25107,-2,-2,16,-4,-1,-1,-2,-2,0.110352,0.609375,0.671387,1.3125,-0.375,-1,0.742745,-0.11457,-2.44717
25107,-3,-8,6,-1,-1,-1,0,0,0.110352,0.609375,0.671387,1.3125,-0.375,-1,0.742745,-0.11457,-2.44717
25120,-2,-5,-1,-1,-1,-2,0,-1,0.110352,0.609375,0.671387,1.3125,-0.375,-1,0.742745,-0.11457,-2.44717
25120,-1,-4,14,2,-1,-2,0,0,0.110352,0.609375,0.671387,1.3125,-0.375,-1,0.742745,-0.11457,-2.44717
25122,4,26,-15,0,1,1,0,0,0.106445,0.610352,0.671387,2.3125,0.3125,-1.5625,0.743409,-0.114141,-2.44745
25122,-3,-4,4,-5,-4,-2,-3,-3,0.106445,0.610352,0.671387,2.3125,0.3125,-1.5625,0.743409,-0.114141,-2.44745
25134,0,6,-9,-1,0,1,2,2,0.106445,0.610352,0.671387,2.3125,0.3125,-1.5625,0.743409,-0.114141,-2.44745
25134,-2,-12,1,-1,-2,-3,0,-1,0.106445,0.610352,0.671387,2.3125,0.3125,-1.5625,0.743409,-0.114141,-2.44745
25141,-2,2,-5,1,-2,-1,-2,0,0.0893555,0.615723,0.655762,0.75,0.8125,-1.6875,0.743983,-0.113248,-2.44783
25141,1,9,2,-2,0,-2,1,-1,0.0893555,0.615723,0.655762,0.75,0.8125,-1.6875,0.743983,-0.113248,-2.44783
25158,-2,-7,-2,-3,-1,0,-1,1,0.0893555,0.615723,0.655762,0.75,0.8125,-1.6875,0.743983,-0.113248,-2.44783
25158,4,14,9,1,0,1,-1,1,0.0893555,0.615723,0.655762,0.75,0.8125,-1.6875,0.743983,-0.113248,-2.44783
25159,-5,-70,-51,-3,-2,-1,0,-2,0.0942383,0.615234,0.660156,0.1875,1.5,-2.3125,0.744191,-0.112168,-2.44794
25159,-2,5,-1,-1,-1,-2,-2,-2,0.0942383,0.615234,0.660156,0.1875,1.5,-2.3125,0.744191,-0.112168,-2.44794
25180,0,0,23,1,-1,-2,-1,-2,0.0942383,0.615234,0.660156,0.1875,1.5,-2.3125,0.744191,-0.112168,-2.44794
25180,-1,-8,-6,-3,0,-1,-1,-1,0.0942383,0.615234,0.660156,0.1875,1.5,-2.3125,0.744191,-0.112168,-2.44794
25182,0,11,7,-2,-1,0,-1,0,0.106445,0.614746,0.666992,1.1875,2.3125,-3.1875,0.744781,-0.11086,-2.44835
25182,-1,13,9,0,-2,0,-3,1,0.106445,0.614746,0.666992,1.1875,2.3125,-3.1875,0.744781,-0.11086,-2.44835
25194,1,8,-1,3,-1,-2,-2,-2,0.106445,0.614746,0.666992,1.1875,2.3125,-3.1875,0.744781,-0.11086,-2.44835
25194,-2,-21,-25,-2,-3,-3,-3,-3,0.106445,0.614746,0.666992,1.1875,2.3125,-3.1875,0.744781,-0.11086,-2.44835
25201,-1,-1,19,-2,-1,-1,0,-2,0.0957031,0.608398,0.65918,1.8125,3.125,-4,0.745364,-0.10905,-2.44855
25201,-2,-3,10,2,1,1,0,-1,0.0957031,0.608398,0.65918,1.8125,3.125,-4,0.745364,-0.10905,-2.44855
25218,0,2,-28,-3,0,2,-1,1,0.0957031,0.608398,0.65918,1.8125,3.125,-4,0.745364,-0.10905,-2.44855
25218,-4,15,4,-4,0,-1,-1,-2,0.0957031,0.608398,0.65918,1.8125,3.125,-4,0.745364,-0.10905,-2.44855
25219,-1,2,10,-2,-2,-4,-2,-1,0.0864258,0.604492,0.655273,0.75,3.1875,-4.0625,0.745592,-0.107054,-2.4489
25219,3,21,24,2,1,-2,0,1,0.0864258,0.604492,0.655273,0.75,3.1875,-4.0625,0.745592,-0.107054,-2.4489
25247,-5,-17,-8,-4,-3,-2,-2,-3,0.0864258,0.604492,0.655273,0.75,3.1875,-4.0625,0.745592,-0.107054,-2.4489
25247,-1,-21,-14,1,-1,1,-1,1,0.0864258,0.604492,0.655273,0.75,3.1875,-4.0625,0.745592,-0.107054,-2.4489
25248,1,17,8,-1,0,0,1,0,0.0898438,0.613281,0.654297,0.3125,3.125,-4.75,0.745951,-0.105055,-2.44938
25248,-2,5,-7,-5,-3,0,-2,-1,0.0898438,0.613281,0.654297,0.3125,3.125,-4.75,0.745951,-0.105055,-2.44938
25254,0,12,1,0,1,1,2,1,0.0898438,0.613281,0.654297,0.3125,3.125,-4.75,0.745951,-0.105055,-2.44938
25254,-4,-41,-35,-1,-1,1,0,-3,0.0898438,0.613281,0.654297,0.3125,3.125,-4.75,0.745951,-0.105055,-2.44938
25269,1,23,45,2,0,0,-3,-2,0.0966797,0.614746,0.654297,1.5625,3.375,-4.875,0.746743,-0.103125,-2.44979
25269,0,12,-24,-2,-2,-3,-2,-2,0.0966797,0.614746,0.654297,1.5625,3.375,-4.875,0.746743,-0.103125,-2.44979
25277,-5,-49,2,1,-1,-1,-1,-2,0.0966797,0.614746,0.654297,1.5625,3.375,-4.875,0.746743,-0.103125,-2.44979
25277,0,15,8,0,-2,-3,0,-1,0.0966797,0.614746,0.654297,1.5625,3.375,-4.875,0.746743,-0.103125,-2.44979
25279,1,2,7,1,-1,-1,1,1,0.0874023,0.617676,0.657715,2.875,3.4375,-4.5,0.747964,-0.10108,-2.45014
25279,1,-7,-7,3,1,0,1,-1,0.0874023,0.617676,0.657715,2.875,3.4375,-4.5,0.747964,-0.10108,-2.45014
25300,-1,5,-6,-2,-3,-1,-1,0,0.0874023,0.617676,0.657715,2.875,3.4375,-4.5,0.747964,-0.10108,-2.45014
25300,0,7,8,2,-1,1,0,0,0.0874023,0.617676,0.657715,2.875,3.4375,-4.5,0.747964,-0.10108,-2.45014
25301,0,-12,-22,-4,-4,-1,-2,0,0.0688477,0.617188,0.663086,1.9375,3.125,-4,0.748604,-0.0987053,-2.45043
25301,-4,-4,-3,3,0,-1,-1,-1,0.0688477,0.617188,0.663086,1.9375,3.125,-4,0.748604,-0.0987053,-2.45043
25314,-1,11,4,-2,-1,-2,-2,-2,0.0688477,0.617188,0.663086,1.9375,3.125,-4,0.748604,-0.0987053,-2.45043
25314,1,13,0,-1,-1,-1,0,-1,0.0688477,0.617188,0.663086,1.9375,3.125,-4,0.748604,-0.0987053,-2.45043
25328,-1,7,3,2,-1,-2,0,0,0.0732422,0.606445,0.661621,1.625,2.8125,-4.5625,0.749115,-0.0966502,-2.45082
25328,2,-5,-13,-1,2,-1,1,1,0.0732422,0.606445,0.661621,1.625,2.8125,-4.5625,0.749115,-0.0966502,-2.45082
25337,2,9,6,1,0,-1,0,1,0.0732422,0.606445,0.661621,1.625,2.8125,-4.5625,0.749115,-0.0966502,-2.45082
25337,-3,4,28,-3,-4,-2,-3,0,0.0732422,0.606445,0.661621,1.625,2.8125,-4.5625,0.749115,-0.0966502,-2.45082
25339,-2,-20,-31,-6,-3,0,-1,-3,0.0917969,0.608398,0.645508,1.375,3.125,-4.75,0.749815,-0.0948894,-2.45138
25339,4,23,-11,3,1,1,-1,-1,0.0917969,0.608398,0.645508,1.375,3.125,-4.75,0.749815,-0.0948894,-2.45138
25360,-4,-16,6,0,-1,-1,0,-3,0.0917969,0.608398,0.645508,1.375,3.125,-4.75,0.749815,-0.0948894,-2.45138
25360,0,-3,-3,-1,1,0,-1,0,0.0917969,0.608398,0.645508,1.375,3.125,-4.75,0.749815,-0.0948894,-2.45138
25362,0,7,8,-1,0,0,0,0,0.0693359,0.614258,0.656738,1.4375,2.25,-2.25,0.750339,-0.0934247,-2.4514
25362,-2,1,9,0,-3,-2,-1,-1,0.0693359,0.614258,0.656738,1.4375,2.25,-2.25,0.750339,-0.0934247,-2.4514
25375,1,22,-11,1,1,-1,1,0,0.0693359,0.614258,0.656738,1.4375,2.25,-2.25,0.750339,-0.0934247,-2.4514
25375,-2,-19,-23,-1,-1,0,-1,0,0.0693359,0.614258,0.656738,1.4375,2.25,-2.25,0.750339,-0.0934247,-2.4514
25399,-2,-11,6,1,-1,-3,-2,-4,0.065918,0.605469,0.652832,0.875,1.75,-2.6875,0.75053,-0.0918976,-2.45153
25399,-1,-15,-10,-4,0,-2,0,0,0.065918,0.605469,0.652832,0.875,1.75,-2.6875,0.75053,-0.0918976,-2.45153
25399,-3,-2,10,-1,-4,-4,-2,0,0.065918,0.605469,0.652832,0.875,1.75,-2.6875,0.75053,-0.0918976,-2.45153
25399,2,10,4,1,-1,0,1,-1,0.065918,0.605469,0.652832,0.875,1.75,-2.6875,0.75053,-0.0918976,-2.45153
25401,-3,-12,-9,-2,0,0,-1,-1,0.074707,0.61377,0.655762,3.125,2.5625,-3.4375,0.751778,-0.0903004,-2.45187
25401,0,-7,-2,0,0,1,0,1,0.074707,0.61377,0.655762,3.125,2.5625,-3.4375,0.751778,-0.0903004,-2.45187
25420,-2,-10,-37,-4,-1,0,-3,0,0.074707,0.61377,0.655762,3.125,2.5625,-3.4375,0.751778,-0.0903004,-2.45187
25420,0,29,23,0,1,-3,-1,-1,0.074707,0.61377,0.655762,3.125,2.5625,-3.4375,0.751778,-0.0903004,-2.45187
25422,-1,4,-14,1,-3,-3,-2,0,0.0722656,0.616699,0.64502,3.3125,2.625,-2.3125,0.753115,-0.0888524,-2.45188
25422,-5,-55,-31,-4,-3,0,-1,-1,0.0722656,0.616699,0.64502,3.3125,2.625,-2.3125,0.753115,-0.0888524,-2.45188
25434,1,-5,0,1,-1,0,1,-1,0.0722656,0.616699,0.64502,3.3125,2.625,-2.3125,0.753115,-0.0888524,-2.45188
25434,-1,1,-5,-2,-1,-1,-1,-1,0.0722656,0.616699,0.64502,3.3125,2.625,-2.3125,0.753115,-0.0888524,-2.45188
25449,0,11,-7,0,2,-1,-1,-1,0.0698242,0.60791,0.644531,-0.0625,0.625,-0.75,0.753115,-0.0888524,-2.45188
25449,-2,9,14,3,2,1,-1,0,0.0698242,0.60791,0.644531,-0.0625,0.625,-0.75,0.753115,-0.0888524,-2.45188
25465,3,21,16,1,2,0,-1,0,0.0698242,0.60791,0.644531,-0.0625,0.625,-0.75,0.753115,-0.0888524,-2.45188
25465,-5,-48,0,-2,-4,0,-2,-2,0.0698242,0.60791,0.644531,-0.0625,0.625,-0.75,0.753115,-0.0888524,-2.45188
25466,-3,-6,-22,-5,-6,1,0,0,0.0693359,0.59668,0.645996,-1.875,-0.1875,-1.125,0.752361,-0.0884467,-2.45215
25466,-2,9,2,-3,-3,-1,-3,-1,0.0693359,0.59668,0.645996,-1.875,-0.1875,-1.125,0.752361,-0.0884467,-2.45215
25480,-1,0,7,1,-1,0,-1,-1,0.0693359,0.59668,0.645996,-1.875,-0.1875,-1.125,0.752361,-0.0884467,-2.45215
25480,2,13,1,1,2,-3,0,0,0.0693359,0.59668,0.645996,-1.875,-0.1875,-1.125,0.752361,-0.0884467,-2.45215
25481,1,-3,3,-1,-1,-1,-2,0,0.0756836,0.602051,0.652344,3.375,0.25,-0.9375,0.753328,-0.0880891,-2.45223
25481,-4,7,3,-4,-4,-3,-1,-3,0.0756836,0.602051,0.652344,3.375,0.25,-0.9375,0.753328,-0.0880891,-2.45223
25493,1,20,5,0,-1,-2,1,2,0.0756836,0.602051,0.652344,3.375,0.25,-0.9375,0.753328,-0.0880891,-2.45223
25493,1,1,-13,-4,0,0,0,1,0.0756836,0.602051,0.652344,3.375,0.25,-0.9375,0.753328,-0.0880891,-2.45223
25502,-3,-56,-14,1,-1,-1,1,-1,0.065918,0.626953,0.654785,4,0.4375,-0.375,0.754907,-0.0875505,-2.45226
25502,1,18,13,1,-2,0,0,-3,0.065918,0.626953,0.654785,4,0.4375,-0.375,0.754907,-0.0875505,-2.45226
25525,-1,14,31,-5,-2,-1,-2,-3,0.065918,0.626953,0.654785,4,0.4375,-0.375,0.754907,-0.0875505,-2.45226
25525,-1,-4,-17,1,-3,-2,0,0,0.065918,0.626953,0.654785,4,0.4375,-0.375,0.754907,-0.0875505,-2.45226
25526,1,23,4,1,0,-2,0,1,0.0732422,0.627441,0.647949,0.5625,-0.3125,0.1875,0.755045,-0.0875908,-2.45231
25526,1,-3,8,4,3,-1,-1,1,0.0732422,0.627441,0.647949,0.5625,-0.3125,0.1875,0.755045,-0.0875908,-2.45231
25548,-4,-34,3,1,-3,0,-2,-2,0.0732422,0.627441,0.647949,0.5625,-0.3125,0.1875,0.755045,-0.0875908,-2.45231
25548,-1,-11,-21,-1,-2,1,-2,0,0.0732422,0.627441,0.647949,0.5625,-0.3125,0.1875,0.755045,-0.0875908,-2.45231
25549,-4,-9,6,-5,-5,1,-1,-2,0.0698242,0.609375,0.651367,-2.1875,-1.0625,1.0625,0.754251,-0.0878381,-2.45234
25549,-3,-4,0,3,0,0,0,-2,0.0698242,0.609375,0.651367,-2.1875,-1.0625,1.0625,0.754251,-0.0878381,-2.45234
25553,-1,3,-8,1,2,1,-1,0,0.0698242,0.609375,0.651367,-2.1875,-1.0625,1.0625,0.754251,-0.0878381,-2.45234
25553,2,9,3,-2,-1,0,-1,-2,0.0698242,0.609375,0.651367,-2.1875,-1.0625,1.0625,0.754251,-0.0878381,-2.45234
25570,1,23,24,1,1,-2,-2,-2,0.0761719,0.606934,0.653809,0.1875,-0.75,0.5625,0.754259,-0.0878822,-2.45225
25570,-1,-33,-25,-3,-3,-1,-2,-2,0.0761719,0.606934,0.653809,0.1875,-0.75,0.5625,0.754259,-0.0878822,-2.45225
25577,0,-4,8,-2,-3,-2,-1,-2,0.0761719,0.606934,0.653809,0.1875,-0.75,0.5625,0.754259,-0.0878822,-2.45225
25577,1,23,-3,2,1,-1,-1,-1,0.0761719,0.606934,0.653809,0.1875,-0.75,0.5625,0.754259,-0.0878822,-2.45225
25579,-5,-20,-29,-5,-2,-2,0,-1,0.0771484,0.623535,0.659668,3.4375,0.125,-0.0625,0.755395,-0.0877328,-2.45225
25579,-2,7,5,-2,-4,-2,-1,-1,0.0771484,0.623535,0.659668,3.4375,0.125,-0.0625,0.755395,-0.0877328,-2.45225
25600,-1,2,-15,-1,0,-2,1,2,0.0771484,0.623535,0.659668,3.4375,0.125,-0.0625,0.755395,-0.0877328,-2.45225
25600,-3,4,18,-2,-2,-1,0,-2,0.0771484,0.623535,0.659668,3.4375,0.125,-0.0625,0.755395,-0.0877328,-2.45225
25602,0,28,14,2,-2,-3,-1,0,0.0688477,0.625,0.645996,2.125,-0.25,0.125,0.756464,-0.0875662,-2.45232
25602,-2,-21,1,-2,0,0,-3,0,0.0688477,0.625,0.645996,2.125,-0.25,0.125,0.756464,-0.0875662,-2.45232
25614,-5,-17,-13,-4,-4,-1,-2,-2,0.0688477,0.625,0.645996,2.125,-0.25,0.125,0.756464,-0.0875662,-2.45232
25614,2,21,15,4,2,0,1,1,0.0688477,0.625,0.645996,2.125,-0.25,0.125,0.756464,-0.0875662,-2.45232
25622,1,-2,-16,-2,-1,1,-1,-2,0.0708008,0.625,0.656738,-1.125,-0.5,0.5625,0.756152,-0.0876362,-2.45218
25622,-2,-3,6,0,-2,-1,-3,-2,0.0708008,0.625,0.656738,-1.125,-0.5,0.5625,0.756152,-0.0876362,-2.45218
25638,1,22,18,3,0,0,-4,0,0.0708008,0.625,0.656738,-1.125,-0.5,0.5625,0.756152,-0.0876362,-2.45218
25638,0,4,-27,-5,-1,1,-1,1,0.0708008,0.625,0.656738,-1.125,-0.5,0.5625,0.756152,-0.0876362,-2.45218
25639,0,5,-17,-2,-1,-1,-2,1,0.0708008,0.620117,0.658691,-1,-0.6875,0.625,0.756177,-0.0875815,-2.45236
25639,-1,-12,21,2,-1,0,-1,0,0.0708008,0.620117,0.658691,-1,-0.6875,0.625,0.756177,-0.0875815,-2.45236
25660,-2,-4,-14,-1,0,-2,-1,-2,0.0708008,0.620117,0.658691,-1,-0.6875,0.625,0.756177,-0.0875815,-2.45236
25660,-1,-10,6,-1,-1,-3,-4,-2,0.0708008,0.620117,0.658691,-1,-0.6875,0.625,0.756177,-0.0875815,-2.45236
25661,1,28,21,-1,-1,-1,-1,1,0.074707,0.62207,0.65332,0.25,-0.6875,0.125,0.75622,-0.087475,-2.45233
25661,1,-7,-20,-4,0,0,1,0,0.074707,0.62207,0.65332,0.25,-0.6875,0.125,0.75622,-0.087475,-2.45233
25674,1,8,3,-2,-1,-1,1,-2,0.074707,0.62207,0.65332,0.25,-0.6875,0.125,0.75622,-0.087475,-2.45233
25674,-3,-26,-12,0,2,0,-1,-1,0.074707,0.62207,0.65332,0.25,-0.6875,0.125,0.75622,-0.087475,-2.45233
25682,-2,9,21,-3,-1,0,-1,-2,0.074707,0.628418,0.649902,-0.125,-0.625,-0.5,0.756188,-0.0874856,-2.45223
25682,-1,33,6,0,2,0,-2,0,0.074707,0.628418,0.649902,-0.125,-0.625,-0.5,0.756188,-0.0874856,-2.45223
25698,-2,-38,-7,0,-1,0,-2,-1,0.074707,0.628418,0.649902,-0.125,-0.625,-0.5,0.756188,-0.0874856,-2.45223
25698,-5,-19,-40,-8,-4,-3,-2,-3,0.074707,0.628418,0.649902,-0.125,-0.625,-0.5,0.756188,-0.0874856,-2.45223
25699,1,11,1,2,1,-1,0,-2,0.0732422,0.615234,0.656738,-0.125,-0.5,-0.0625,0.756188,-0.0874856,-2.45223
25699,0,11,-8,0,0,-1,2,0,0.0732422,0.615234,0.656738,-0.125,-0.5,-0.0625,0.756188,-0.0874856,-2.45223
25720,-1,-5,-12,-1,-1,1,1,-1,0.0732422,0.615234,0.656738,-0.125,-0.5,-0.0625,0.756188,-0.0874856,-2.45223
25720,-1,-29,2,-2,-3,1,0,-1,0.0732422,0.615234,0.656738,-0.125,-0.5,-0.0625,0.756188,-0.0874856,-2.45223
25726,-1,6,12,-1,-2,-1,-1,-1,0.0712891,0.620117,0.651855,-0.75,-0.6875,0.125,0.756232,-0.0873792,-2.45219
25726,-3,-23,-16,-3,-4,-4,0,-3,0.0712891,0.620117,0.651855,-0.75,-0.6875,0.125,0.756232,-0.0873792,-2.45219
25733,0,14,15,-3,-1,-1,1,0,0.0712891,0.620117,0.651855,-0.75,-0.6875,0.125,0.756232,-0.0873792,-2.45219
25733,-1,3,-9,1,3,2,0,-2,0.0712891,0.620117,0.651855,-0.75,-0.6875,0.125,0.756232,-0.0873792,-2.45219
25742,-1,-10,7,1,0,0,0,-1,0.0688477,0.612793,0.655273,-1.6875,-1.0625,0.25,0.755637,-0.0874613,-2.4525
25742,1,5,2,0,1,-1,-1,-1,0.0688477,0.612793,0.655273,-1.6875,-1.0625,0.25,0.755637,-0.0874613,-2.4525
25757,0,2,2,-1,-2,-1,-1,-2,0.0688477,0.612793,0.655273,-1.6875,-1.0625,0.25,0.755637,-0.0874613,-2.4525
25757,-1,25,36,-2,-4,-2,-2,-2,0.0688477,0.612793,0.655273,-1.6875,-1.0625,0.25,0.755637,-0.0874613,-2.4525
25759,0,-11,-20,-2,1,-2,-1,0,0.074707,0.613281,0.654785,-0.5625,-1,-0.1875,0.755637,-0.0874613,-2.4525
25759,-2,4,3,-3,-2,0,-3,0,0.074707,0.613281,0.654785,-0.5625,-1,-0.1875,0.755637,-0.0874613,-2.4525
25780,-2,-5,-11,-1,1,-1,-1,0,0.074707,0.613281,0.654785,-0.5625,-1,-0.1875,0.755637,-0.0874613,-2.4525
25780,2,14,9,2,1,0,-1,-1,0.074707,0.613281,0.654785,-0.5625,-1,-0.1875,0.755637,-0.0874613,-2.4525
25781,-4,-14,-4,-2,-2,-2,-3,-3,0.0717773,0.61377,0.660156,0.1875,-1.0625,-0.1875,0.755618,-0.087513,-2.45272
25781,0,9,25,1,-2,-2,-3,0,0.0717773,0.61377,0.660156,0.1875,-1.0625,-0.1875,0.755618,-0.087513,-2.45272
25802,-1,4,-20,-1,-2,-4,0,-1,0.0717773,0.61377,0.660156,0.1875,-1.0625,-0.1875,0.755618,-0.087513,-2.45272
25802,-4,-17,-1,-2,-2,-2,-2,-3,0.0717773,0.61377,0.660156,0.1875,-1.0625,-0.1875,0.755618,-0.087513,-2.45272
25804,1,-7,4,1,1,2,0,-2,0.0776367,0.614746,0.655273,-0.5625,-1.1875,-0.1875,0.755321,-0.0877996,-2.45307
25804,1,1,-17,-1,-1,0,0,0,0.0776367,0.614746,0.655273,-0.5625,-1.1875,-0.1875,0.755321,-0.0877996,-2.45307
25825,-4,-16,-11,-1,2,0,0,-3,0.0776367,0.614746,0.655273,-0.5625,-1.1875,-0.1875,0.755321,-0.0877996,-2.45307
25825,-2,24,35,-3,-2,-2,-1,-1,0.0776367,0.614746,0.655273,-0.5625,-1.1875,-0.1875,0.755321,-0.0877996,-2.45307
25826,-2,-10,-8,-2,0,-1,-2,-1,0.0830078,0.614746,0.652832,-1.5,-1.9375,0.4375,0.754909,-0.0884941,-2.45337
25826,0,10,4,-1,-1,1,-1,-1,0.0830078,0.614746,0.652832,-1.5,-1.9375,0.4375,0.754909,-0.0884941,-2.45337
25839,1,4,-10,1,0,-2,1,0,0.0830078,0.614746,0.652832,-1.5,-1.9375,0.4375,0.754909,-0.0884941,-2.45337
25839,0,-35,-19,1,3,1,0,1,0.0830078,0.614746,0.652832,-1.5,-1.9375,0.4375,0.754909,-0.0884941,-2.45337
25842,2,35,13,-1,-2,-3,-3,-2,0.0830078,0.608887,0.657227,0.25,-1.375,-1.125,0.754812,-0.0886158,-2.45401
25842,-4,-32,-20,-2,1,-1,-1,0,0.0830078,0.608887,0.657227,0.25,-1.375,-1.125,0.754812,-0.0886158,-2.45401
25853,1,20,8,-2,-3,-1,-1,-2,0.0830078,0.608887,0.657227,0.25,-1.375,-1.125,0.754812,-0.0886158,-2.45401
25853,-2,-32,4,1,-3,-2,1,-1,0.0830078,0.608887,0.657227,0.25,-1.375,-1.125,0.754812,-0.0886158,-2.45401
25863,-1,14,-11,-2,-1,-2,-1,-2,0.078125,0.625,0.662109,2.125,0.375,-0.75,0.755641,-0.0882172,-2.45403
25863,0,-34,-45,-7,-1,-3,-1,-2,0.078125,0.625,0.662109,2.125,0.375,-0.75,0.755641,-0.0882172,-2.45403
25877,-2,-7,11,-2,1,-2,-1,-3,0.078125,0.625,0.662109,2.125,0.375,-0.75,0.755641,-0.0882172,-2.45403
25877,2,10,-1,1,1,-1,0,0,0.078125,0.625,0.662109,2.125,0.375,-0.75,0.755641,-0.0882172,-2.45403
25879,-2,-4,6,3,1,-1,0,-2,0.0634766,0.633301,0.655762,0.1875,0.3125,-0.0625,0.755641,-0.0882172,-2.45403
25879,0,8,6,-3,-3,-3,-1,-2,0.0634766,0.633301,0.655762,0.1875,0.3125,-0.0625,0.755641,-0.0882172,-2.45403
25900,0,-3,-7,-1,1,2,-1,1,0.0634766,0.633301,0.655762,0.1875,0.3125,-0.0625,0.755641,-0.0882172,-2.45403
25900,2,6,-6,0,-1,1,-1,1,0.0634766,0.633301,0.655762,0.1875,0.3125,-0.0625,0.755641,-0.0882172,-2.45403
25908,-1,30,41,-2,0,-1,-2,-1,0.0717773,0.614746,0.657715,-1.5,0.3125,-0.5,0.755051,-0.0878444,-2.45405
25908,-2,-1,0,4,1,2,0,-2,0.0717773,0.614746,0.657715,-1.5,0.3125,-0.5,0.755051,-0.0878444,-2.45405
25923,-1,15,26,-1,-1,-1,-1,-1,0.0717773,0.614746,0.657715,-1.5,0.3125,-0.5,0.755051,-0.0878444,-2.45405
25923,-2,-32,-42,-6,-1,-2,-2,0,0.0717773,0.614746,0.657715,-1.5,0.3125,-0.5,0.755051,-0.0878444,-2.45405
25924,1,-11,-2,0,-1,1,3,2,0.0834961,0.614258,0.655273,0.0625,1.25,-0.75,0.755088,-0.0873783,-2.45387
25924,1,16,16,-2,-4,-1,0,-1,0.0834961,0.614258,0.655273,0.0625,1.25,-0.75,0.755088,-0.0873783,-2.45387
25936,1,-8,-12,-2,-3,0,-2,-2,0.0834961,0.614258,0.655273,0.0625,1.25,-0.75,0.755088,-0.0873783,-2.45387
25936,1,26,9,3,1,0,-1,-2,0.0834961,0.614258,0.655273,0.0625,1.25,-0.75,0.755088,-0.0873783,-2.45387
25944,-4,-24,-35,0,0,0,1,0,0.0717773,0.620117,0.647461,0.125,1.25,0,0.755271,-0.0869966,-2.45365
25944,-1,-3,3,-1,-2,-4,0,-2,0.0717773,0.620117,0.647461,0.125,1.25,0,0.755271,-0.0869966,-2.45365
25960,-3,-18,6,0,-3,0,0,0,0.0717773,0.620117,0.647461,0.125,1.25,0,0.755271,-0.0869966,-2.45365
25960,-2,0,-9,-3,-3,-2,-1,-3,0.0717773,0.620117,0.647461,0.125,1.25,0,0.755271,-0.0869966,-2.45365
25962,1,10,6,2,-1,0,-2,0,0.0673828,0.618164,0.661133,0.75,1,-0.5,0.755526,-0.0863136,-2.45353
25962,1,10,3,0,-3,0,-1,1,0.0673828,0.618164,0.661133,0.75,1,-0.5,0.755526,-0.0863136,-2.45353
25982,1,2,1,1,0,-3,0,1,0.0673828,0.618164,0.661133,0.75,1,-0.5,0.755526,-0.0863136,-2.45353
25982,2,37,23,-3,-1,-4,-1,-1,0.0673828,0.618164,0.661133,0.75,1,-0.5,0.755526,-0.0863136,-2.45353
25984,-3,-31,-31,-2,1,0,3,-2,0.0761719,0.613281,0.652344,1.125,1.125,-1.5625,0.755904,-0.0855826,-2.45361
25984,-7,-41,5,-1,-1,-2,-1,-3,0.0761719,0.613281,0.652344,1.125,1.125,-1.5625,0.755904,-0.0855826,-2.45361
25997,-1,-1,-8,-1,-2,0,-1,2,0.0761719,0.613281,0.652344,1.125,1.125,-1.5625,0.755904,-0.0855826,-2.45361
25997,-2,8,18,0,-3,-2,1,0,0.0761719,0.613281,0.652344,1.125,1.125,-1.5625,0.755904,-0.0855826,-2.45361
25999,0,-1,-11,-1,-2,-1,-2,-1,0.0732422,0.620117,0.650391,1,0.5625,-0.8125,0.756307,-0.0851595,-2.45363
25999,0,17,0,-3,-2,0,-2,-1,0.0732422,0.620117,0.650391,1,0.5625,-0.8125,0.756307,-0.0851595,-2.45363
26020,-1,7,2,-4,-1,1,-1,-3,0.0732422,0.620117,0.650391,1,0.5625,-0.8125,0.756307,-0.0851595,-2.45363
26020,-4,-1,-17,1,2,-1,-1,-1,0.0732422,0.620117,0.650391,1,0.5625,-0.8125,0.756307,-0.0851595,-2.45363
26021,0,-2,8,-1,-3,0,-2,0,0.0678711,0.618164,0.647949,-2.1875,-0.4375,-0.375,0.755792,-0.0849849,-2.45395
26021,0,-5,-7,1,-1,-2,0,-1,0.0678711,0.618164,0.647949,-2.1875,-0.4375,-0.375,0.755792,-0.0849849,-2.45395
26042,-3,-5,-7,-1,-2,-3,-2,-2,0.0678711,0.618164,0.647949,-2.1875,-0.4375,-0.375,0.755792,-0.0849849,-2.45395
26042,0,1,5,1,-2,0,0,0,0.0678711,0.618164,0.647949,-2.1875,-0.4375,-0.375,0.755792,-0.0849849,-2.45395
26044,2,4,11,-1,0,0,1,0,0.0654297,0.603027,0.653809,-0.875,-0.625,-0.0625,0.755654,-0.0849448,-2.45391
26044,-1,22,18,-3,-1,-1,-2,-3,0.0654297,0.603027,0.653809,-0.875,-0.625,-0.0625,0.755654,-0.0849448,-2.45391
26056,-4,-3,-3,0,-3,-3,1,-2,0.0654297,0.603027,0.653809,-0.875,-0.625,-0.0625,0.755654,-0.0849448,-2.45391
26056,0,-1,-4,1,0,-1,-2,0,0.0654297,0.603027,0.653809,-0.875,-0.625,-0.0625,0.755654,-0.0849448,-2.45391
26081,0,3,16,-1,-1,1,-1,0,0.0678711,0.613281,0.656738,0.5625,-0.75,-0.8125,0.755654,-0.0849448,-2.45391
26081,2,13,-5,3,0,0,0,1,0.0678711,0.613281,0.656738,0.5625,-0.75,-0.8125,0.755654,-0.0849448,-2.45391
26082,-2,-16,-10,-2,-2,-1,-2,-3,0.0678711,0.613281,0.656738,0.5625,-0.75,-0.8125,0.755654,-0.0849448,-2.45391
26082,-1,6,-6,0,0,0,0,-1,0.0678711,0.613281,0.656738,0.5625,-0.75,-0.8125,0.755654,-0.0849448,-2.45391
26083,-4,-22,8,-3,-2,-4,-3,-2,0.0854492,0.617188,0.653809,1.6875,-0.6875,-0.9375,0.756297,-0.0850679,-2.45421
26083,-2,12,9,1,0,-2,-2,-1,0.0854492,0.617188,0.653809,1.6875,-0.6875,-0.9375,0.756297,-0.0850679,-2.45421
26103,0,2,-10,0,2,-2,-1,1,0.0854492,0.617188,0.653809,1.6875,-0.6875,-0.9375,0.756297,-0.0850679,-2.45421
26103,-3,-11,29,1,-2,-1,-3,-2,0.0854492,0.617188,0.653809,1.6875,-0.6875,-0.9375,0.756297,-0.0850679,-2.45421
26104,-1,1,-21,-2,-1,-1,1,0,0.0756836,0.625,0.660156,0.0625,-0.875,-0.1875,0.756289,-0.0850237,-2.45429
26104,-1,0,-9,-2,-2,-2,-1,-1,0.0756836,0.625,0.660156,0.0625,-0.875,-0.1875,0.756289,-0.0850237,-2.45429
26117,-2,-2,12,0,-2,-1,0,0,0.0756836,0.625,0.660156,0.0625,-0.875,-0.1875,0.756289,-0.0850237,-2.45429
26117,2,14,9,1,2,1,0,0,0.0756836,0.625,0.660156,0.0625,-0.875,-0.1875,0.756289,-0.0850237,-2.45429
26124,-4,-13,-25,-3,-1,-2,-2,-3,0.0625,0.61084,0.657715,-1,-0.8125,0.625,0.756289,-0.0850237,-2.45429
26124,-1,-1,8,1,1,-1,1,-1,0.0625,0.61084,0.657715,-1,-0.8125,0.625,0.756289,-0.0850237,-2.45429
26139,0,1,5,-2,-2,-2,-3,-1,0.0673828,0.606445,0.654297,0,-0.5625,-0.375,0.756151,-0.0849836,-2.45424
26139,0,-23,-29,-7,-4,-3,-1,-1,0.0673828,0.606445,0.654297,0,-0.5625,-0.375,0.756151,-0.0849836,-2.45424
26140,-4,8,9,-1,-4,-3,-3,-1,0.0673828,0.606445,0.654297,0,-0.5625,-0.375,0.756151,-0.0849836,-2.45424
26140,1,-9,-16,0,1,-1,1,-1,0.0673828,0.606445,0.654297,0,-0.5625,-0.375,0.756151,-0.0849836,-2.45424
26162,2,12,19,7,4,1,0,1,0.0703125,0.625,0.65332,1.0625,-0.0625,-0.3125,0.756657,-0.0847511,-2.45426
26162,-3,-13,-18,-3,-1,-1,-1,0,0.0703125,0.625,0.65332,1.0625,-0.0625,-0.3125,0.756657,-0.0847511,-2.45426
26162,0,-29,-21,1,0,1,0,-1,0.0703125,0.625,0.65332,1.0625,-0.0625,-0.3125,0.756657,-0.0847511,-2.45426
26162,-1,6,17,1,0,2,0,-1,0.0703125,0.625,0.65332,1.0625,-0.0625,-0.3125,0.756657,-0.0847511,-2.45426
26176,2,35,2,-2,1,0,0,1,0.0668945,0.629883,0.65918,0.25,0.0625,0.625,0.756693,-0.0846005,-2.45431
26176,-4,-33,-39,-4,-4,-1,-2,-1,0.0668945,0.629883,0.65918,0.25,0.0625,0.625,0.756693,-0.0846005,-2.45431
26184,0,23,6,2,1,-2,-2,-2,0.0668945,0.629883,0.65918,0.25,0.0625,0.625,0.756693,-0.0846005,-2.45431
26184,-2,-6,0,-1,-1,1,0,-1,0.0668945,0.629883,0.65918,0.25,0.0625,0.625,0.756693,-0.0846005,-2.45431
26199,-2,-13,-5,-1,-1,-2,1,-2,0.0634766,0.61084,0.657227,-1.25,-0.625,0.5625,0.756125,-0.0846757,-2.45431
26199,1,8,7,-1,-2,-1,-2,0,0.0634766,0.61084,0.657227,-1.25,-0.625,0.5625,0.756125,-0.0846757,-2.45431
26200,0,0,8,-2,0,-1,-2,0,0.0634766,0.61084,0.657227,-1.25,-0.625,0.5625,0.756125,-0.0846757,-2.45431
26200,2,28,10,0,-1,-3,-1,1,0.0634766,0.61084,0.657227,-1.25,-0.625,0.5625,0.756125,-0.0846757,-2.45431
26222,2,-7,20,1,0,0,-1,0,0.0810547,0.608398,0.658691,-0.4375,-0.5,-0.5625,0.756125,-0.0846757,-2.45431
26222,-9,-46,-29,-5,-1,-1,-2,-3,0.0810547,0.608398,0.658691,-0.4375,-0.5,-0.5625,0.756125,-0.0846757,-2.45431
26222,-2,9,19,2,0,0,-1,1,0.0810547,0.608398,0.658691,-0.4375,-0.5,-0.5625,0.756125,-0.0846757,-2.45431
26222,-3,-13,-23,-3,-1,-1,1,-1,0.0810547,0.608398,0.658691,-0.4375,-0.5,-0.5625,0.756125,-0.0846757,-2.45431
26235,1,5,-15,-2,0,0,-1,0,0.0825195,0.615723,0.65918,1.25,-0.3125,-0.25,0.756455,-0.084869,-2.45447
26235,2,15,9,0,0,2,0,-1,0.0825195,0.615723,0.65918,1.25,-0.3125,-0.25,0.756455,-0.084869,-2.45447
26245,1,3,9,1,-1,-1,0,-1,0.0825195,0.615723,0.65918,1.25,-0.3125,-0.25,0.756455,-0.084869,-2.45447
26245,-1,6,17,-1,-1,-1,-2,0,0.0825195,0.615723,0.65918,1.25,-0.3125,-0.25,0.756455,-0.084869,-2.45447
26260,-2,-14,-37,-6,-3,-1,-3,-2,0.0732422,0.625488,0.652832,-1,-0.875,-0.25,0.756499,-0.0847626,-2.45443
26260,-1,-6,9,0,1,1,2,-3,0.0732422,0.625488,0.652832,-1,-0.875,-0.25,0.756499,-0.0847626,-2.45443
26260,0,0,-15,-1,-1,-1,0,0,0.0732422,0.625488,0.652832,-1,-0.875,-0.25,0.756499,-0.0847626,-2.45443
26260,0,8,9,1,-1,-1,-2,0,0.0732422,0.625488,0.652832,-1,-0.875,-0.25,0.756499,-0.0847626,-2.45443
26282,0,-1,2,1,0,-1,0,1,0.0693359,0.60791,0.662109,-0.25,-1.0625,0.3125,0.756124,-0.084991,-2.45454
26282,-3,17,19,-2,-2,-3,-1,-1,0.0693359,0.60791,0.662109,-0.25,-1.0625,0.3125,0.756124,-0.084991,-2.45454
26283,-4,-21,-17,1,1,-1,0,-3,0.0693359,0.60791,0.662109,-0.25,-1.0625,0.3125,0.756124,-0.084991,-2.45454
26283,1,-6,1,-3,-3,0,-1,-3,0.0693359,0.60791,0.662109,-0.25,-1.0625,0.3125,0.756124,-0.084991,-2.45454
26296,-1,-12,-19,-4,-2,2,-1,-1,0.0683594,0.61377,0.654785,1.0625,-0.8125,-0.875,0.756453,-0.0848216,-2.45496
26296,1,18,9,0,-3,-3,-2,0,0.0683594,0.61377,0.654785,1.0625,-0.8125,-0.875,0.756453,-0.0848216,-2.45496
26312,-1,2,-2,0,1,1,0,-1,0.0683594,0.61377,0.654785,1.0625,-0.8125,-0.875,0.756453,-0.0848216,-2.45496
26312,-1,-4,11,-1,1,1,-1,-2,0.0683594,0.61377,0.654785,1.0625,-0.8125,-0.875,0.756453,-0.0848216,-2.45496
26319,-4,5,-5,-3,2,1,0,-3,0.0737305,0.623535,0.644531,0.0625,-0.9375,-0.3125,0.756551,-0.0848282,-2.45498
26319,0,-24,-29,0,-2,-5,0,-1,0.0737305,0.623535,0.644531,0.0625,-0.9375,-0.3125,0.756551,-0.0848282,-2.45498
26320,0,7,10,-3,-4,-1,-1,0,0.0737305,0.623535,0.644531,0.0625,-0.9375,-0.3125,0.756551,-0.0848282,-2.45498
26320,-3,-13,-9,-1,-3,1,-1,-2,0.0737305,0.623535,0.644531,0.0625,-0.9375,-0.3125,0.756551,-0.0848282,-2.45498
26341,1,26,24,2,-3,-1,1,0,0.0693359,0.624512,0.661621,-0.4375,-0.875,-0.1875,0.756457,-0.0846816,-2.4549
26341,3,-1,28,2,-1,1,-1,0,0.0693359,0.624512,0.661621,-0.4375,-0.875,-0.1875,0.756457,-0.0846816,-2.4549
26342,-2,0,2,-4,-1,-1,-2,0,0.0693359,0.624512,0.661621,-0.4375,-0.875,-0.1875,0.756457,-0.0846816,-2.4549
26342,-3,-19,-30,-3,1,-1,-2,0,0.0693359,0.624512,0.661621,-0.4375,-0.875,-0.1875,0.756457,-0.0846816,-2.4549
26357,-1,-8,9,0,-1,-1,0,-2,0.0634766,0.615234,0.655762,-0.1875,-0.5625,0.125,0.756489,-0.0846709,-2.455
26357,0,10,-14,0,-1,0,-1,-1,0.0634766,0.615234,0.655762,-0.1875,-0.5625,0.125,0.756489,-0.0846709,-2.455
26364,3,14,14,2,0,-2,1,2,0.0634766,0.615234,0.655762,-0.1875,-0.5625,0.125,0.756489,-0.0846709,-2.455
26364,1,-16,1,-1,0,0,2,0,0.0634766,0.615234,0.655762,-0.1875,-0.5625,0.125,0.756489,-0.0846709,-2.455
26379,-4,-17,-8,-1,-3,-3,-2,-2,0.074707,0.618652,0.655273,1.25,-0.6875,-0.5,0.757037,-0.0846471,-2.45522
26379,-2,-5,-6,-3,-1,1,0,0,0.074707,0.618652,0.655273,1.25,-0.6875,-0.5,0.757037,-0.0846471,-2.45522
26379,2,2,2,1,-2,-1,0,0,0.074707,0.618652,0.655273,1.25,-0.6875,-0.5,0.757037,-0.0846471,-2.45522
26379,-5,5,14,-4,-5,-5,-4,-3,0.074707,0.618652,0.655273,1.25,-0.6875,-0.5,0.757037,-0.0846471,-2.45522
26402,-1,-18,-36,1,2,2,0,-1,0.0742188,0.630371,0.650391,1.1875,-0.125,-0.75,0.757622,-0.0844724,-2.45549
26402,-2,21,16,-1,-1,1,0,-2,0.0742188,0.630371,0.650391,1.1875,-0.125,-0.75,0.757622,-0.0844724,-2.45549
26402,-3,-19,-16,-2,0,1,1,-2,0.0742188,0.630371,0.650391,1.1875,-0.125,-0.75,0.757622,-0.0844724,-2.45549
26402,1,11,-12,-2,-1,0,-1,0,0.0742188,0.630371,0.650391,1.1875,-0.125,-0.75,0.757622,-0.0844724,-2.45549
26416,-1,-6,33,-4,-5,-5,-3,0,0.0722656,0.625977,0.651367,-0.25,-0.125,0.3125,0.75776,-0.0845125,-2.45553
26416,-2,-4,-24,0,1,-1,-3,-1,0.0722656,0.625977,0.651367,-0.25,-0.125,0.3125,0.75776,-0.0845125,-2.45553
26424,2,34,17,4,2,-1,0,-1,0.0722656,0.625977,0.651367,-0.25,-0.125,0.3125,0.75776,-0.0845125,-2.45553
26424,-1,-28,-3,1,-1,0,0,-1,0.0722656,0.625977,0.651367,-0.25,-0.125,0.3125,0.75776,-0.0845125,-2.45553
26439,2,34,16,1,-2,-1,1,0,0.0668945,0.608887,0.656738,-2.0625,-0.0625,-0.0625,0.75689,-0.0842,-2.45551
26439,0,-4,-2,0,-2,-1,1,0,0.0668945,0.608887,0.656738,-2.0625,-0.0625,-0.0625,0.75689,-0.0842,-2.45551
26440,-2,-11,-12,-4,-4,-2,-3,-3,0.0668945,0.608887,0.656738,-2.0625,-0.0625,-0.0625,0.75689,-0.0842,-2.45551
26440,1,6,-1,2,0,0,0,0,0.0668945,0.608887,0.656738,-2.0625,-0.0625,-0.0625,0.75689,-0.0842,-2.45551
26462,1,-3,-11,1,1,0,1,0,0.0678711,0.609863,0.638184,-1.9375,-0.25,-0.1875,0.75635,-0.0840807,-2.45565
26462,0,13,17,0,1,0,0,-2,0.0678711,0.609863,0.638184,-1.9375,-0.25,-0.1875,0.75635,-0.0840807,-2.45565
26463,-5,6,2,-4,-1,1,-3,-2,0.0678711,0.609863,0.638184,-1.9375,-0.25,-0.1875,0.75635,-0.0840807,-2.45565
26463,0,0,-18,-1,-1,-2,-1,0,0.0678711,0.609863,0.638184,-1.9375,-0.25,-0.1875,0.75635,-0.0840807,-2.45565
26478,-1,10,9,1,0,2,1,-1,0.0605469,0.634766,0.644043,-0.3125,-0.0625,1.375,0.756665,-0.0840576,-2.4553
26478,1,-13,20,0,-2,-1,0,-1,0.0605469,0.634766,0.644043,-0.3125,-0.0625,1.375,0.756665,-0.0840576,-2.4553
26484,1,-1,-34,-2,-3,-4,-1,0,0.0605469,0.634766,0.644043,-0.3125,-0.0625,1.375,0.756665,-0.0840576,-2.4553
26484,-8,-45,-33,-7,-1,-2,-1,-3,0.0605469,0.634766,0.644043,-0.3125,-0.0625,1.375,0.756665,-0.0840576,-2.4553
26499,-1,12,-9,0,0,-2,-1,-2,0.0615234,0.635742,0.655273,-3.375,-0.8125,2.4375,0.755732,-0.0844531,-2.45484
26499,-1,-12,-4,1,3,1,-1,-2,0.0615234,0.635742,0.655273,-3.375,-0.8125,2.4375,0.755732,-0.0844531,-2.45484
26500,-1,-16,15,-1,-3,-2,-2,-3,0.0615234,0.635742,0.655273,-3.375,-0.8125,2.4375,0.755732,-0.0844531,-2.45484
26500,3,17,9,0,-1,-3,1,1,0.0615234,0.635742,0.655273,-3.375,-0.8125,2.4375,0.755732,-0.0844531,-2.45484
26522,-1,-11,-4,-3,-2,0,-3,-1,0.0893555,0.612305,0.647461,-6.8125,-2.0625,1,0.753498,-0.0855979,-2.45511
26522,2,9,1,1,-3,-2,-2,-1,0.0893555,0.612305,0.647461,-6.8125,-2.0625,1,0.753498,-0.0855979,-2.45511
26523,-1,1,9,-2,3,1,2,-1,0.0893555,0.612305,0.647461,-6.8125,-2.0625,1,0.753498,-0.0855979,-2.45511
26523,-2,6,3,2,1,1,-1,-1,0.0893555,0.612305,0.647461,-6.8125,-2.0625,1,0.753498,-0.0855979,-2.45511
26536,0,-14,0,-1,-3,-2,-2,-1,0.108887,0.619141,0.653809,-5.625,-1.8125,0.5,0.751607,-0.0868409,-2.4554
26536,0,5,2,-2,-3,-2,-2,1,0.108887,0.619141,0.653809,-5.625,-1.8125,0.5,0.751607,-0.0868409,-2.4554
26544,0,6,21,0,0,-2,-2,-3,0.108887,0.619141,0.653809,-5.625,-1.8125,0.5,0.751607,-0.0868409,-2.4554
26544,-1,16,-2,2,0,-1,-1,-2,0.108887,0.619141,0.653809,-5.625,-1.8125,0.5,0.751607,-0.0868409,-2.4554
26559,-3,6,9,-3,-2,-2,-1,-1,0.0883789,0.62793,0.664551,-5.3125,-1.3125,1.375,0.749908,-0.087746,-2.45538
26559,-5,-50,-36,-4,-2,-1,-1,0,0.0883789,0.62793,0.664551,-5.3125,-1.3125,1.375,0.749908,-0.087746,-2.45538
26560,0,-1,6,-2,-4,0,1,2,0.0883789,0.62793,0.664551,-5.3125,-1.3125,1.375,0.749908,-0.087746,-2.45538
26560,1,23,7,2,3,2,1,0,0.0883789,0.62793,0.664551,-5.3125,-1.3125,1.375,0.749908,-0.087746,-2.45538
26598,-1,-14,3,-2,2,-1,1,-1,0.0620117,0.623535,0.679688,-9,-1.375,-0.6875,0.746729,-0.0874739,-2.45587
26598,-1,34,12,-3,-2,-3,-4,-3,0.0620117,0.623535,0.679688,-9,-1.375,-0.6875,0.746729,-0.0874739,-2.45587
26599,-6,-30,-11,-2,-2,-3,-3,-3,0.0620117,0.623535,0.679688,-9,-1.375,-0.6875,0.746729,-0.0874739,-2.45587
26599,0,7,17,-2,-6,-3,-1,-4,0.0620117,0.623535,0.679688,-9,-1.375,-0.6875,0.746729,-0.0874739,-2.45587
26601,1,-1,-6,-1,-2,0,-2,-2,0.074707,0.615234,0.695801,-9.5625,-1,-2.125,0.743016,-0.087086,-2.4565
26601,1,13,24,4,2,2,1,0,0.074707,0.615234,0.695801,-9.5625,-1,-2.125,0.743016,-0.087086,-2.4565
26605,-2,-11,-60,-3,-4,1,0,-2,0.074707,0.615234,0.695801,-9.5625,-1,-2.125,0.743016,-0.087086,-2.4565
26605,2,-3,-2,-2,-3,-2,-1,0,0.074707,0.615234,0.695801,-9.5625,-1,-2.125,0.743016,-0.087086,-2.4565
26619,-1,2,0,-2,-1,0,-3,-2,0.101074,0.618652,0.700684,-8.375,1.5,-4.9375,0.739813,-0.0859666,-2.45735
26619,-2,-2,13,-2,-2,-1,0,0,0.101074,0.618652,0.700684,-8.375,1.5,-4.9375,0.739813,-0.0859666,-2.45735
26620,0,3,-4,0,5,1,-1,0,0.101074,0.618652,0.700684,-8.375,1.5,-4.9375,0.739813,-0.0859666,-2.45735
26620,-1,-9,-7,-1,1,1,-1,0,0.101074,0.618652,0.700684,-8.375,1.5,-4.9375,0.739813,-0.0859666,-2.45735
26642,0,3,2,-1,-1,-2,-3,-2,0.124023,0.616211,0.691895,-5.875,5.75,-8.25,0.737722,-0.0837549,-2.45823
26642,-2,3,-9,-2,1,-3,0,-2,0.124023,0.616211,0.691895,-5.875,5.75,-8.25,0.737722,-0.0837549,-2.45823
26642,1,0,7,-1,-4,-1,0,-1,0.124023,0.616211,0.691895,-5.875,5.75,-8.25,0.737722,-0.0837549,-2.45823
26642,3,27,39,1,-1,0,-1,1,0.124023,0.616211,0.691895,-5.875,5.75,-8.25,0.737722,-0.0837549,-2.45823
26657,-4,-43,-67,-6,-2,-2,-1,-2,0.0981445,0.630371,0.67627,-5.6875,9.4375,-9.5,0.735977,-0.079688,-2.45844
26657,-2,22,5,0,0,-3,-1,-1,0.0981445,0.630371,0.67627,-5.6875,9.4375,-9.5,0.735977,-0.079688,-2.45844
26664,-2,8,8,-1,1,-2,1,1,0.0981445,0.630371,0.67627,-5.6875,9.4375,-9.5,0.735977,-0.079688,-2.45844
26664,-1,-9,-3,-2,-2,-2,-1,-1,0.0981445,0.630371,0.67627,-5.6875,9.4375,-9.5,0.735977,-0.079688,-2.45844
26680,-1,9,12,2,1,-2,0,-1,0.0625,0.640625,0.665527,-9.75,12,-9.875,0.733307,-0.0741148,-2.45817
26680,1,-2,-12,-2,-2,-2,-1,-3,0.0625,0.640625,0.665527,-9.75,12,-9.875,0.733307,-0.0741148,-2.45817
26680,1,-5,4,0,1,0,-2,-1,0.0625,0.640625,0.665527,-9.75,12,-9.875,0.733307,-0.0741148,-2.45817
26680,-2,0,-7,0,2,0,-2,0,0.0625,0.640625,0.665527,-9.75,12,-9.875,0.733307,-0.0741148,-2.45817
26702,0,5,4,1,-1,-1,0,1,0.0366211,0.633789,0.674316,-16.375,13.3125,-9.8125,0.728185,-0.0677029,-2.45778
26702,-2,-6,-6,-1,-3,-2,0,1,0.0366211,0.633789,0.674316,-16.375,13.3125,-9.8125,0.728185,-0.0677029,-2.45778
26703,1,13,23,4,-2,-2,-1,1,0.0366211,0.633789,0.674316,-16.375,13.3125,-9.8125,0.728185,-0.0677029,-2.45778
26703,-1,-27,-21,-2,-2,-1,-2,-2,0.0366211,0.633789,0.674316,-16.375,13.3125,-9.8125,0.728185,-0.0677029,-2.45778
26724,-4,-12,-35,-3,1,-2,-1,-3,0.0234375,0.609375,0.671387,-18.125,12.6875,-10.125,0.722218,-0.0612562,-2.45734
26724,-1,1,8,-1,1,0,-2,1,0.0234375,0.609375,0.671387,-18.125,12.6875,-10.125,0.722218,-0.0612562,-2.45734
26725,0,-3,2,0,-3,-1,0,-2,0.0234375,0.609375,0.671387,-18.125,12.6875,-10.125,0.722218,-0.0612562,-2.45734
26725,-1,6,3,0,-2,-2,-3,0,0.0234375,0.609375,0.671387,-18.125,12.6875,-10.125,0.722218,-0.0612562,-2.45734
26739,-1,5,14,0,-2,0,-3,-2,0.0234375,0.59082,0.668457,-17.9375,10.875,-10.875,0.716176,-0.0553055,-2.45775
26739,-1,-12,-17,-1,1,-2,1,-1,0.0234375,0.59082,0.668457,-17.9375,10.875,-10.875,0.716176,-0.0553055,-2.45775
26739,1,9,-2,-4,-1,-3,-1,0,0.0234375,0.59082,0.668457,-17.9375,10.875,-10.875,0.716176,-0.0553055,-2.45775
26739,-3,-10,-6,-1,-1,-1,0,0,0.0234375,0.59082,0.668457,-17.9375,10.875,-10.875,0.716176,-0.0553055,-2.45775
26761,1,18,33,2,1,-1,1,1,0.0292969,0.583008,0.662109,-18.625,8.375,-11.6875,0.70996,-0.0500724,-2.45905
26761,1,-9,7,-2,-3,1,-3,0,0.0292969,0.583008,0.662109,-18.625,8.375,-11.6875,0.70996,-0.0500724,-2.45905
26762,-4,-19,-43,-5,-5,-2,-2,-3,0.0292969,0.583008,0.662109,-18.625,8.375,-11.6875,0.70996,-0.0500724,-2.45905
26762,-1,-9,-8,1,0,1,-1,0,0.0292969,0.583008,0.662109,-18.625,8.375,-11.6875,0.70996,-0.0500724,-2.45905
26784,-1,-1,10,1,2,0,0,-2,0.0126953,0.567383,0.668945,-19.875,4.25,-9.0625,0.703083,-0.0462361,-2.46039
26784,1,17,6,-1,-2,0,-1,-1,0.0126953,0.567383,0.668945,-19.875,4.25,-9.0625,0.703083,-0.0462361,-2.46039
26785,-1,-17,5,-2,3,-2,-1,-2,0.0126953,0.567383,0.668945,-19.875,4.25,-9.0625,0.703083,-0.0462361,-2.46039
26785,1,6,-1,0,-2,-1,-1,0,0.0126953,0.567383,0.668945,-19.875,4.25,-9.0625,0.703083,-0.0462361,-2.46039
26799,-2,0,-5,0,-4,0,0,0,0.0166016,0.56543,0.674316,-22,0.5625,-8.125,0.695598,-0.0437411,-2.46246
26799,-2,-6,-11,-4,-3,-3,0,-1,0.0166016,0.56543,0.674316,-22,0.5625,-8.125,0.695598,-0.0437411,-2.46246
26800,0,3,-2,2,1,3,-1,0,0.0166016,0.56543,0.674316,-22,0.5625,-8.125,0.695598,-0.0437411,-2.46246
26800,0,7,7,0,0,-4,0,-2,0.0166016,0.56543,0.674316,-22,0.5625,-8.125,0.695598,-0.0437411,-2.46246
26838,0,-5,8,0,1,-1,0,0,0.0302734,0.560059,0.678711,-22.8125,-1.0625,-6.5625,0.687694,-0.042378,-2.46438
26838,-1,1,-6,0,-1,0,-2,0,0.0302734,0.560059,0.678711,-22.8125,-1.0625,-6.5625,0.687694,-0.042378,-2.46438
26839,1,15,14,2,0,2,-1,0,0.0302734,0.560059,0.678711,-22.8125,-1.0625,-6.5625,0.687694,-0.042378,-2.46438
26839,-3,-24,-2,-6,-2,-1,-3,0,0.0302734,0.560059,0.678711,-22.8125,-1.0625,-6.5625,0.687694,-0.042378,-2.46438
26845,-3,-12,-21,-2,-2,-2,-2,-1,0.0458984,0.557129,0.690918,-22.6875,-0.5,-4.4375,0.679811,-0.0416931,-2.46566
26845,-1,-5,1,-3,-1,-1,-1,-2,0.0458984,0.557129,0.690918,-22.6875,-0.5,-4.4375,0.679811,-0.0416931,-2.46566
26845,-2,-1,1,0,-1,-4,1,0,0.0458984,0.557129,0.690918,-22.6875,-0.5,-4.4375,0.679811,-0.0416931,-2.46566
26845,1,13,12,2,0,0,1,-2,0.0458984,0.557129,0.690918,-22.6875,-0.5,-4.4375,0.679811,-0.0416931,-2.46566
26859,1,2,3,-1,-1,-3,0,-1,0.0449219,0.554199,0.700195,-20.625,0.0625,-2.375,0.67258,-0.0413443,-2.4663
26859,-1,-5,-5,-1,-1,-2,-3,0,0.0449219,0.554199,0.700195,-20.625,0.0625,-2.375,0.67258,-0.0413443,-2.4663
26860,0,9,15,2,2,1,-2,-1,0.0449219,0.554199,0.700195,-20.625,0.0625,-2.375,0.67258,-0.0413443,-2.4663
26860,-1,-4,-37,-3,-1,-2,-1,1,0.0449219,0.554199,0.700195,-20.625,0.0625,-2.375,0.67258,-0.0413443,-2.4663
26890,-3,-1,21,-5,-5,-1,-2,-3,0.0253906,0.547363,0.73877,-19.25,1.625,-0.4375,0.665179,-0.0405932,-2.46596
26890,-3,-8,-16,1,0,1,0,1,0.0253906,0.547363,0.73877,-19.25,1.625,-0.4375,0.665179,-0.0405932,-2.46596
26890,1,-1,-4,-2,-3,-2,0,0,0.0253906,0.547363,0.73877,-19.25,1.625,-0.4375,0.665179,-0.0405932,-2.46596
26890,-1,8,8,-2,1,-1,-1,-1,0.0253906,0.547363,0.73877,-19.25,1.625,-0.4375,0.665179,-0.0405932,-2.46596
26913,1,8,6,-1,0,0,0,1,0.0439453,0.533691,0.728516,-19.5625,-0.0625,-1.6875,0.657915,-0.0404099,-2.46647
26913,-1,1,0,-1,-1,-1,2,0,0.0439453,0.533691,0.728516,-19.5625,-0.0625,-1.6875,0.657915,-0.0404099,-2.46647
26913,0,-1,3,-1,-2,-3,-2,-1,0.0439453,0.533691,0.728516,-19.5625,-0.0625,-1.6875,0.657915,-0.0404099,-2.46647
26913,-2,1,0,-1,-1,-1,0,-2,0.0439453,0.533691,0.728516,-19.5625,-0.0625,-1.6875,0.657915,-0.0404099,-2.46647
26920,-1,-4,-4,3,4,1,0,-1,0.0693359,0.564453,0.737793,-21,4.9375,-7.625,0.650631,-0.0382761,-2.46753
26920,1,2,5,0,-1,1,0,-3,0.0693359,0.564453,0.737793,-21,4.9375,-7.625,0.650631,-0.0382761,-2.46753
26920,-1,8,4,-3,-1,-1,-1,0,0.0693359,0.564453,0.737793,-21,4.9375,-7.625,0.650631,-0.0382761,-2.46753
26920,-3,-20,-16,-3,-1,-2,-3,-1,0.0693359,0.564453,0.737793,-21,4.9375,-7.625,0.650631,-0.0382761,-2.46753
26942,1,2,-5,-1,-1,-2,0,0,0.100586,0.57666,0.773926,-13.9375,8.1875,-5.25,0.645655,-0.0364655,-2.46722
26942,-1,-2,1,0,-2,-2,-1,-1,0.100586,0.57666,0.773926,-13.9375,8.1875,-5.25,0.645655,-0.0364655,-2.46722
26943,1,0,8,2,-2,3,-1,0,0.100586,0.57666,0.773926,-13.9375,8.1875,-5.25,0.645655,-0.0364655,-2.46722
26943,0,7,-5,-1,-3,-2,0,-1,0.100586,0.57666,0.773926,-13.9375,8.1875,-5.25,0.645655,-0.0364655,-2.46722
26965,0,4,4,1,-1,0,0,-2,0.160645,0.569336,0.755859,-8.5625,12.25,-5.125,0.642687,-0.0351009,-2.46613
26965,-1,-2,-5,1,1,0,-1,-1,0.160645,0.569336,0.755859,-8.5625,12.25,-5.125,0.642687,-0.0351009,-2.46613
26965,-1,6,2,-3,-3,-3,-1,0,0.160645,0.569336,0.755859,-8.5625,12.25,-5.125,0.642687,-0.0351009,-2.46613
26965,-2,-7,9,0,0,3,1,0,0.160645,0.569336,0.755859,-8.5625,12.25,-5.125,0.642687,-0.0351009,-2.46613
26980,1,12,0,1,0,0,0,0,0.090332,0.559082,0.783691,-8,17.625,-11.125,0.639401,-0.0293694,-2.46552
26980,0,-14,0,-1,-1,1,0,-1,0.090332,0.559082,0.783691,-8,17.625,-11.125,0.639401,-0.0293694,-2.46552
26980,-4,-8,-31,-2,-2,1,-2,-2,0.090332,0.559082,0.783691,-8,17.625,-11.125,0.639401,-0.0293694,-2.46552
26980,0,5,5,0,-1,-1,-1,0,0.090332,0.559082,0.783691,-8,17.625,-11.125,0.639401,-0.0293694,-2.46552
27002,-1,7,19,-2,-3,-2,1,0,0.0239258,0.544922,0.795898,-13.1875,19.25,-44.0625,0.634258,-0.0150015,-2.47385
27002,-1,-9,-13,-1,0,-1,0,0,0.0239258,0.544922,0.795898,-13.1875,19.25,-44.0625,0.634258,-0.0150015,-2.47385
27002,-1,-1,8,2,1,-1,0,0,0.0239258,0.544922,0.795898,-13.1875,19.25,-44.0625,0.634258,-0.0150015,-2.47385
27002,-1,-1,-2,-2,-1,-2,-2,-2,0.0239258,0.544922,0.795898,-13.1875,19.25,-44.0625,0.634258,-0.0150015,-2.47385
27033,-1,-6,-7,-4,-1,-2,-4,-1,0.208984,0.5625,0.793945,-19.6875,4.75,-46.875,0.627264,-0.00898466,-2.48606
27033,1,10,14,3,3,0,-1,1,0.208984,0.5625,0.793945,-19.6875,4.75,-46.875,0.627264,-0.00898466,-2.48606
27033,-2,-7,-7,-3,-1,2,0,0,0.208984,0.5625,0.793945,-19.6875,4.75,-46.875,0.627264,-0.00898466,-2.48606
27033,-2,4,3,2,-1,-2,-8,-11,0.208984,0.5625,0.793945,-19.6875,4.75,-46.875,0.627264,-0.00898466,-2.48606
27039,-1,-7,-4,-1,-3,-2,-4,-4,-0.0546875,0.453125,0.766602,-18.875,4.5625,-48.3125,0.618827,0.00338525,-2.49883
27039,-1,2,-4,-3,-6,0,-1,0,-0.0546875,0.453125,0.766602,-18.875,4.5625,-48.3125,0.618827,0.00338525,-2.49883
27040,0,-3,2,1,3,1,-1,-3,-0.0546875,0.453125,0.766602,-18.875,4.5625,-48.3125,0.618827,0.00338525,-2.49883
27040,0,2,1,0,-1,0,3,1,-0.0546875,0.453125,0.766602,-18.875,4.5625,-48.3125,0.618827,0.00338525,-2.49883
27062,-1,-6,-7,-1,0,-2,0,0,0.311523,0.664062,0.745605,-38.5625,-16.8125,-59.9375,0.608179,0.0029361,-2.51921
27062,-2,-2,-2,-2,-3,-4,-2,-3,0.311523,0.664062,0.745605,-38.5625,-16.8125,-59.9375,0.608179,0.0029361,-2.51921
27063,0,-3,-1,-4,0,-2,2,1,0.311523,0.664062,0.745605,-38.5625,-16.8125,-59.9375,0.608179,0.0029361,-2.51921
27063,-2,6,7,2,0,2,1,0,0.311523,0.664062,0.745605,-38.5625,-16.8125,-59.9375,0.608179,0.0029361,-2.51921
27092,-1,-2,-12,-4,-4,-1,-2,-1,0.425293,0.59082,0.834961,-18.1875,-27.125,-84.25,0.60196,0.00139944,-2.54888
27092,0,4,0,-2,-5,-4,-2,0,0.425293,0.59082,0.834961,-18.1875,-27.125,-84.25,0.60196,0.00139944,-2.54888
27093,-3,-1,5,3,1,0,1,-3,0.425293,0.59082,0.834961,-18.1875,-27.125,-84.25,0.60196,0.00139944,-2.54888
27093,-1,-2,-4,-4,-2,-1,0,1,0.425293,0.59082,0.834961,-18.1875,-27.125,-84.25,0.60196,0.00139944,-2.54888
27099,1,-2,-2,1,1,1,1,0,0.244629,0.817871,0.811035,-14.25,-38.1875,-55.1875,0.602264,-0.00465681,-2.57217
27099,-2,2,-1,-3,-2,-2,-1,-1,0.244629,0.817871,0.811035,-14.25,-38.1875,-55.1875,0.602264,-0.00465681,-2.57217
27100,0,-3,-2,-1,-2,-1,-3,-1,0.244629,0.817871,0.811035,-14.25,-38.1875,-55.1875,0.602264,-0.00465681,-2.57217
27100,-1,-2,0,0,0,-1,2,-1,0.244629,0.817871,0.811035,-14.25,-38.1875,-55.1875,0.602264,-0.00465681,-2.57217
27130,0,-6,-3,0,1,1,0,0,0.403809,0.635742,0.880371,-21.3125,-74.4375,-39.6875,0.595956,-0.0275116,-2.59832
27130,0,0,3,3,-1,0,-1,-3,0.403809,0.635742,0.880371,-21.3125,-74.4375,-39.6875,0.595956,-0.0275116,-2.59832
27131,-1,-2,4,-6,-7,-4,-4,-1,0.403809,0.635742,0.880371,-21.3125,-74.4375,-39.6875,0.595956,-0.0275116,-2.59832
27131,0,1,-9,6,3,-1,0,0,0.403809,0.635742,0.880371,-21.3125,-74.4375,-39.6875,0.595956,-0.0275116,-2.59832
27152,-1,-1,-3,-3,-2,-4,-4,0,0.272461,0.413086,0.901367,-7.3125,-60.125,-66.5625,0.59042,-0.0376959,-2.6292
27152,-1,2,-1,0,5,2,1,-1,0.272461,0.413086,0.901367,-7.3125,-60.125,-66.5625,0.59042,-0.0376959,-2.6292
27153,-1,0,0,3,1,3,1,-1,0.272461,0.413086,0.901367,-7.3125,-60.125,-66.5625,0.59042,-0.0376959,-2.6292
27153,0,2,10,-6,-10,-2,-3,-1,0.272461,0.413086,0.901367,-7.3125,-60.125,-66.5625,0.59042,-0.0376959,-2.6292
27159,-5,-2,-19,10,2,0,0,-2,0.200684,0.349609,0.921387,3.4375,-67.1875,-80,0.587663,-0.0454541,-2.66522
27159,-2,0,3,-5,1,-1,-1,-1,0.200684,0.349609,0.921387,3.4375,-67.1875,-80,0.587663,-0.0454541,-2.66522
27160,-1,-4,-4,-2,-4,-5,-1,-1,0.200684,0.349609,0.921387,3.4375,-67.1875,-80,0.587663,-0.0454541,-2.66522
27160,1,-1,3,2,3,1,0,0,0.200684,0.349609,0.921387,3.4375,-67.1875,-80,0.587663,-0.0454541,-2.66522
27190,-4,-2,0,-1,-2,2,1,-2,0.30957,0.328613,0.879883,5.875,-82,-88.5,0.586488,-0.0583546,-2.7065
27190,1,-3,-1,-2,-2,-1,-2,-1,0.30957,0.328613,0.879883,5.875,-82,-88.5,0.586488,-0.0583546,-2.7065
27191,-5,-14,-6,0,-5,-4,-3,-3,0.30957,0.328613,0.879883,5.875,-82,-88.5,0.586488,-0.0583546,-2.7065
27191,5,15,5,-5,1,1,1,2,0.30957,0.328613,0.879883,5.875,-82,-88.5,0.586488,-0.0583546,-2.7065
27212,1,6,1,-3,1,2,-1,0,0.29541,0.255371,0.87793,-11.6875,-90.875,-102.438,0.583646,-0.0663439,-2.75384
27212,-1,1,-2,0,-4,-3,-2,1,0.29541,0.255371,0.87793,-11.6875,-90.875,-102.438,0.583646,-0.0663439,-2.75384
27213,-1,2,13,-12,-6,-3,0,-3,0.29541,0.255371,0.87793,-11.6875,-90.875,-102.438,0.583646,-0.0663439,-2.75384
27213,-4,-9,-10,10,4,3,-1,-3,0.29541,0.255371,0.87793,-11.6875,-90.875,-102.438,0.583646,-0.0663439,-2.75384
27219,-6,-3,14,-1,-2,-2,-1,-3,0.32373,0.15625,0.867188,-25.8125,-96.5625,-117.375,0.576286,-0.0737311,-2.80653
27219,1,3,-20,-2,2,0,-2,-1,0.32373,0.15625,0.867188,-25.8125,-96.5625,-117.375,0.576286,-0.0737311,-2.80653
27234,1,1,4,-4,-3,-1,-1,3,0.32373,0.15625,0.867188,-25.8125,-96.5625,-117.375,0.576286,-0.0737311,-2.80653
27234,0,5,-1,-4,-7,-5,-2,1,0.32373,0.15625,0.867188,-25.8125,-96.5625,-117.375,0.576286,-0.0737311,-2.80653
27242,12,-10,1,-6,-3,0,-1,1,0.34375,0.09375,0.854492,-31.5,-98.125,-136.75,0.567472,-0.0782865,-2.86509
27242,-16,-7,-2,9,-1,0,0,-3,0.34375,0.09375,0.854492,-31.5,-98.125,-136.75,0.567472,-0.0782865,-2.86509
27242,7,16,-5,-3,-1,-2,-4,-3,0.34375,0.09375,0.854492,-31.5,-98.125,-136.75,0.567472,-0.0782865,-2.86509
27242,-8,0,-4,-2,-2,-2,1,-1,0.34375,0.09375,0.854492,-31.5,-98.125,-136.75,0.567472,-0.0782865,-2.86509
27264,-1,-1,1,0,0,-1,-1,1,0.307617,0.078125,0.866211,-31.4375,-97.3125,-157.188,0.559157,-0.079089,-2.92956
27264,6,8,6,0,1,1,0,2,0.307617,0.078125,0.866211,-31.4375,-97.3125,-157.188,0.559157,-0.079089,-2.92956
27265,5,6,-7,-1,2,2,1,0,0.307617,0.078125,0.866211,-31.4375,-97.3125,-157.188,0.559157,-0.079089,-2.92956
27265,2,-4,5,1,-2,-4,0,0,0.307617,0.078125,0.866211,-31.4375,-97.3125,-157.188,0.559157,-0.079089,-2.92956
27279,-6,-4,-1,-10,-7,-4,-2,-3,0.268555,0.0610352,0.847656,-35.4375,-102.062,-173.125,0.549837,-0.0787491,-2.99966
27279,-13,-10,-9,-3,5,2,2,-1,0.268555,0.0610352,0.847656,-35.4375,-102.062,-173.125,0.549837,-0.0787491,-2.99966
27279,-1,8,-7,-3,1,0,1,1,0.268555,0.0610352,0.847656,-35.4375,-102.062,-173.125,0.549837,-0.0787491,-2.99966
27279,1,-14,5,4,1,-1,-1,-1,0.268555,0.0610352,0.847656,-35.4375,-102.062,-173.125,0.549837,-0.0787491,-2.99966
27301,-11,5,7,1,1,1,1,3,0.243652,0.0400391,0.850586,-34.4375,-105.5,-189.125,0.541325,-0.0769912,-3.07522
27301,18,-13,1,-3,-6,-3,-1,0,0.243652,0.0400391,0.850586,-34.4375,-105.5,-189.125,0.541325,-0.0769912,-3.07522
27302,-9,-18,-7,1,1,0,0,-2,0.243652,0.0400391,0.850586,-34.4375,-105.5,-189.125,0.541325,-0.0769912,-3.07522
27302,-5,-1,-1,-4,-3,0,-2,0,0.243652,0.0400391,0.850586,-34.4375,-105.5,-189.125,0.541325,-0.0769912,-3.07522
27324,2,9,1,1,0,-2,-1,1,0.182617,0.0488281,0.869629,-32.5,-108.75,-202.938,0.533562,-0.0740484,3.12768
27324,2,-8,-9,-2,-2,-2,-2,-3,0.182617,0.0488281,0.869629,-32.5,-108.75,-202.938,0.533562,-0.0740484,3.12768
27324,3,17,2,-2,-1,0,-5,-1,0.182617,0.0488281,0.869629,-32.5,-108.75,-202.938,0.533562,-0.0740484,3.12768
27324,7,-17,-4,-2,-1,-1,1,-3,0.182617,0.0488281,0.869629,-32.5,-108.75,-202.938,0.533562,-0.0740484,3.12768
27339,1,24,-1,5,0,1,-1,1,0.126465,0.0708008,0.908691,-27.5,-112.688,-216.188,0.527753,-0.0700161,3.0427
27339,-12,-11,1,-7,-4,-4,-2,-2,0.126465,0.0708008,0.908691,-27.5,-112.688,-216.188,0.527753,-0.0700161,3.0427
27339,-2,-14,2,4,1,-2,1,1,0.126465,0.0708008,0.908691,-27.5,-112.688,-216.188,0.527753,-0.0700161,3.0427
27339,6,36,1,1,1,0,1,3,0.126465,0.0708008,0.908691,-27.5,-112.688,-216.188,0.527753,-0.0700161,3.0427
27361,0,1,-12,-5,-4,-5,-12,-17,0.0532227,0.065918,0.90918,-23.5,-118,-228.875,0.523179,-0.0655259,2.95294
27361,12,-7,15,1,1,0,-2,-3,0.0532227,0.065918,0.90918,-23.5,-118,-228.875,0.523179,-0.0655259,2.95294
27362,0,12,-6,1,-1,0,-1,0,0.0532227,0.065918,0.90918,-23.5,-118,-228.875,0.523179,-0.0655259,2.95294
27362,-15,-13,-10,-4,-3,-2,-4,-3,0.0532227,0.065918,0.90918,-23.5,-118,-228.875,0.523179,-0.0655259,2.95294
27384,7,11,25,2,-1,2,2,4,-0.00195312,0.0751953,0.917969,-14.6875,-123.812,-238.125,0.521634,-0.0610454,2.85948
27384,0,-16,-6,4,2,1,2,3,-0.00195312,0.0751953,0.917969,-14.6875,-123.812,-238.125,0.521634,-0.0610454,2.85948
27384,-11,22,31,-2,-2,-5,-4,-2,-0.00195312,0.0751953,0.917969,-14.6875,-123.812,-238.125,0.521634,-0.0610454,2.85948
27384,12,-78,-62,-11,-4,-1,0,-3,-0.00195312,0.0751953,0.917969,-14.6875,-123.812,-238.125,0.521634,-0.0610454,2.85948
27400,-37,-21,15,0,-4,-3,1,-2,-0.0708008,0.125488,0.929688,-5.625,-132.25,-244.75,0.523379,-0.0575884,2.76241
27400,-12,-11,-28,-2,2,2,-2,-4,-0.0708008,0.125488,0.929688,-5.625,-132.25,-244.75,0.523379,-0.0575884,2.76241
27400,22,-18,10,4,1,1,-1,-2,-0.0708008,0.125488,0.929688,-5.625,-132.25,-244.75,0.523379,-0.0575884,2.76241
27400,-3,100,28,0,0,-3,9,7,-0.0708008,0.125488,0.929688,-5.625,-132.25,-244.75,0.523379,-0.0575884,2.76241
27421,2,-91,-30,-2,-1,-3,1,1,-0.131348,0.128418,0.887207,-9.5,-144.875,-245.688,0.52382,-0.0573449,2.66293
27421,16,69,-14,-4,-4,-2,-7,-8,-0.131348,0.128418,0.887207,-9.5,-144.875,-245.688,0.52382,-0.0573449,2.66293
27422,-11,-31,29,-2,1,-1,0,-1,-0.131348,0.128418,0.887207,-9.5,-144.875,-245.688,0.52382,-0.0573449,2.66293
27422,-10,-27,-23,-2,-2,0,-3,-6,-0.131348,0.128418,0.887207,-9.5,-144.875,-245.688,0.52382,-0.0573449,2.66293
27444,18,56,13,6,3,-1,-3,-2,-0.14502,0.0888672,0.917969,-8.375,-150.875,-243.875,0.524518,-0.0590378,2.56296
27444,25,37,19,-6,-5,-6,4,8,-0.14502,0.0888672,0.917969,-8.375,-150.875,-243.875,0.524518,-0.0590378,2.56296
27444,-21,34,10,7,4,2,2,-2,-0.14502,0.0888672,0.917969,-8.375,-150.875,-243.875,0.524518,-0.0590378,2.56296
27444,-18,-52,-19,-8,-4,-4,-8,-10,-0.14502,0.0888672,0.917969,-8.375,-150.875,-243.875,0.524518,-0.0590378,2.56296
27467,26,61,7,2,2,2,2,7,-0.133789,0.111328,0.953125,5,-145.688,-242.625,0.529884,-0.0591938,2.46432
27467,-27,-25,-9,0,2,1,0,-2,-0.133789,0.111328,0.953125,5,-145.688,-242.625,0.529884,-0.0591938,2.46432
27468,-4,9,-1,-5,-4,-1,-1,-3,-0.133789,0.111328,0.953125,5,-145.688,-242.625,0.529884,-0.0591938,2.46432
27468,10,-16,16,7,1,1,1,4,-0.133789,0.111328,0.953125,5,-145.688,-242.625,0.529884,-0.0591938,2.46432
27489,0,6,-19,-7,-1,0,0,-1,-0.17334,0.202148,0.993164,21.5625,-134.438,-228.562,0.540751,-0.0573258,2.3717
27489,5,-1,39,3,-1,0,-1,1,-0.17334,0.202148,0.993164,21.5625,-134.438,-228.562,0.540751,-0.0573258,2.3717
27490,2,-24,-36,-5,-5,-2,-3,1,-0.17334,0.202148,0.993164,21.5625,-134.438,-228.562,0.540751,-0.0573258,2.3717
27490,-10,45,78,3,-1,1,-1,-5,-0.17334,0.202148,0.993164,21.5625,-134.438,-228.562,0.540751,-0.0573258,2.3717
27504,1,-84,-55,-7,-6,-3,-1,0,-0.263184,0.241211,0.975098,32.5625,-123.5,-208.312,0.555094,-0.054227,2.28726
27504,3,-53,-26,3,0,2,0,-1,-0.263184,0.241211,0.975098,32.5625,-123.5,-208.312,0.555094,-0.054227,2.28726
27505,-15,-3,17,1,2,0,0,-1,-0.263184,0.241211,0.975098,32.5625,-123.5,-208.312,0.555094,-0.054227,2.28726
27505,22,-25,-27,1,1,-2,-2,1,-0.263184,0.241211,0.975098,32.5625,-123.5,-208.312,0.555094,-0.054227,2.28726
27518,-14,-40,42,3,1,1,-1,-7,-0.347168,0.268066,0.888184,21,-124.5,-191.812,0.565283,-0.0531314,2.20744
27518,9,35,-17,-2,0,3,1,8,-0.347168,0.268066,0.888184,21,-124.5,-191.812,0.565283,-0.0531314,2.20744
27527,-22,-54,28,-8,-8,-6,-10,-12,-0.347168,0.268066,0.888184,21,-124.5,-191.812,0.565283,-0.0531314,2.20744
27527,-8,17,-30,-6,-7,-2,-2,-1,-0.347168,0.268066,0.888184,21,-124.5,-191.812,0.565283,-0.0531314,2.20744
27541,-15,-7,-29,5,3,2,-1,-4,-0.384766,0.308105,0.781738,1.4375,-126.5,-175.375,0.568987,-0.0548087,2.13218
27541,-10,-1,20,5,3,0,1,-4,-0.384766,0.308105,0.781738,1.4375,-126.5,-175.375,0.568987,-0.0548087,2.13218
27543,1,10,-11,0,1,0,1,9,-0.384766,0.308105,0.781738,1.4375,-126.5,-175.375,0.568987,-0.0548087,2.13218
27543,-11,43,-4,-8,-3,-2,4,12,-0.384766,0.308105,0.781738,1.4375,-126.5,-175.375,0.568987,-0.0548087,2.13218
27565,-10,-21,5,-5,-4,-3,-8,-3,-0.277344,0.216309,0.776855,-34.875,-134.688,-160,0.559785,-0.0626024,2.05973
27565,-8,36,11,-1,-3,-2,-5,-10,-0.277344,0.216309,0.776855,-34.875,-134.688,-160,0.559785,-0.0626024,2.05973
27565,2,37,0,6,-6,2,3,2,-0.277344,0.216309,0.776855,-34.875,-134.688,-160,0.559785,-0.0626024,2.05973
27565,-12,-60,-45,-5,16,-2,-4,-3,-0.277344,0.216309,0.776855,-34.875,-134.688,-160,0.559785,-0.0626024,2.05973
27579,-10,-12,4,0,-3,1,0,-3,-0.145996,0.0878906,0.785156,-34.125,-129.812,-145,0.550489,-0.0732188,1.99297
27579,-1,-51,-9,-2,-3,-2,2,2,-0.145996,0.0878906,0.785156,-34.125,-129.812,-145,0.550489,-0.0732188,1.99297
27587,11,-7,9,-4,-6,-3,0,-1,-0.145996,0.0878906,0.785156,-34.125,-129.812,-145,0.550489,-0.0732188,1.99297
27587,11,6,17,7,-1,2,-1,1,-0.145996,0.0878906,0.785156,-34.125,-129.812,-145,0.550489,-0.0732188,1.99297
27602,8,31,0,-3,1,-1,1,0,-0.13916,0.0610352,0.86377,-8.0625,-111.5,-130.625,0.54986,-0.081267,1.93379
27602,-9,2,-5,-6,-5,-5,-1,-3,-0.13916,0.0610352,0.86377,-8.0625,-111.5,-130.625,0.54986,-0.081267,1.93379
27603,9,-10,-28,-5,0,-2,-3,-5,-0.13916,0.0610352,0.86377,-8.0625,-111.5,-130.625,0.54986,-0.081267,1.93379
27603,34,20,10,-1,-1,0,0,1,-0.13916,0.0610352,0.86377,-8.0625,-111.5,-130.625,0.54986,-0.081267,1.93379
27624,19,62,30,4,1,-1,2,3,-0.217285,0.185547,0.90918,12.375,-100.188,-114.375,0.556735,-0.0883002,1.88136
27624,-35,43,51,6,4,2,-2,-4,-0.217285,0.185547,0.90918,12.375,-100.188,-114.375,0.556735,-0.0883002,1.88136
27625,-15,-102,-111,-10,-1,-4,-2,-3,-0.217285,0.185547,0.90918,12.375,-100.188,-114.375,0.556735,-0.0883002,1.88136
27625,-5,-2,0,-4,-6,-4,-1,-4,-0.217285,0.185547,0.90918,12.375,-100.188,-114.375,0.556735,-0.0883002,1.88136
27638,2,9,41,3,0,3,3,4,-0.226074,0.271484,0.92041,6.5,-91.5625,-100.188,0.561729,-0.0948418,1.83486
27638,16,33,14,2,-2,-1,-2,2,-0.226074,0.271484,0.92041,6.5,-91.5625,-100.188,0.561729,-0.0948418,1.83486
27647,8,41,28,9,6,2,1,1,-0.226074,0.271484,0.92041,6.5,-91.5625,-100.188,0.561729,-0.0948418,1.83486
27647,-24,-16,5,-1,-5,-1,-2,-5,-0.226074,0.271484,0.92041,6.5,-91.5625,-100.188,0.561729,-0.0948418,1.83486
27661,7,8,-21,-4,-5,-5,-1,-1,-0.143066,0.223633,0.90332,-26.5625,-82.9375,-82.5625,0.549492,-0.0985587,1.79545
27661,-1,-16,-3,-4,-3,2,0,1,-0.143066,0.223633,0.90332,-26.5625,-82.9375,-82.5625,0.549492,-0.0985587,1.79545
27662,6,36,55,2,3,1,2,1,-0.143066,0.223633,0.90332,-26.5625,-82.9375,-82.5625,0.549492,-0.0985587,1.79545
27662,-13,-79,-63,-11,-3,-5,-5,-8,-0.143066,0.223633,0.90332,-26.5625,-82.9375,-82.5625,0.549492,-0.0985587,1.79545
27684,-3,-30,6,-7,0,-2,-1,-2,-0.100098,0.150879,0.920898,-36.6875,-66.5625,-57.0625,0.53152,-0.103467,1.76724
27684,-6,-18,-19,0,0,-3,-1,-1,-0.100098,0.150879,0.920898,-36.6875,-66.5625,-57.0625,0.53152,-0.103467,1.76724
27685,-9,-23,35,8,0,1,4,6,-0.100098,0.150879,0.920898,-36.6875,-66.5625,-57.0625,0.53152,-0.103467,1.76724
27685,19,78,41,4,-1,0,-2,-1,-0.100098,0.150879,0.920898,-36.6875,-66.5625,-57.0625,0.53152,-0.103467,1.76724
27699,-4,-9,-64,-2,0,1,11,6,-0.126465,0.129395,0.904297,-31.8125,-55,-39.4375,0.514464,-0.107818,1.74636
27699,-4,-31,3,-9,-4,-4,-5,0,-0.126465,0.129395,0.904297,-31.8125,-55,-39.4375,0.514464,-0.107818,1.74636
27707,13,74,18,-1,-2,-1,-2,0,-0.126465,0.129395,0.904297,-31.8125,-55,-39.4375,0.514464,-0.107818,1.74636
27707,-6,-27,-26,3,1,1,-1,0,-0.126465,0.129395,0.904297,-31.8125,-55,-39.4375,0.514464,-0.107818,1.74636
27722,-10,-3,0,0,-1,-1,-2,-4,-0.162109,0.155273,0.904785,-25.6875,-46.8125,-33.5625,0.500163,-0.110068,1.72893
27722,11,51,7,1,1,0,1,1,-0.162109,0.155273,0.904785,-25.6875,-46.8125,-33.5625,0.500163,-0.110068,1.72893
27723,3,-78,-25,-1,2,0,1,1,-0.162109,0.155273,0.904785,-25.6875,-46.8125,-33.5625,0.500163,-0.110068,1.72893
27723,-1,-10,-41,0,2,1,0,0,-0.162109,0.155273,0.904785,-25.6875,-46.8125,-33.5625,0.500163,-0.110068,1.72893
27744,0,75,88,-3,-14,-7,-6,-3,-0.152344,0.191406,0.897461,-14.5625,-39,-30.6875,0.490762,-0.110748,1.71371
27744,11,47,-17,5,1,-2,-1,-1,-0.152344,0.191406,0.897461,-14.5625,-39,-30.6875,0.490762,-0.110748,1.71371
27745,-10,2,28,3,6,-1,-1,-6,-0.152344,0.191406,0.897461,-14.5625,-39,-30.6875,0.490762,-0.110748,1.71371
27745,-5,6,34,3,-2,-3,0,0,-0.152344,0.191406,0.897461,-14.5625,-39,-30.6875,0.490762,-0.110748,1.71371
27767,11,-40,-23,-1,2,2,0,2,-0.120605,0.274902,0.9375,-11,-31.4375,-27,0.483655,-0.110546,1.70063
27767,-1,17,1,0,-4,-2,-1,2,-0.120605,0.274902,0.9375,-11,-31.4375,-27,0.483655,-0.110546,1.70063
27768,12,24,-15,-6,-4,-1,-1,-1,-0.120605,0.274902,0.9375,-11,-31.4375,-27,0.483655,-0.110546,1.70063
27768,-33,10,19,15,5,3,3,4,-0.120605,0.274902,0.9375,-11,-31.4375,-27,0.483655,-0.110546,1.70063
27782,-2,-52,-55,-18,-5,-6,-7,-4,-0.0439453,0.383301,0.93457,-21.0625,-24.5625,-24.375,0.475469,-0.110418,1.68934
27782,-8,-34,-25,-8,0,1,-2,-5,-0.0439453,0.383301,0.93457,-21.0625,-24.5625,-24.375,0.475469,-0.110418,1.68934
27783,-3,2,-3,4,1,0,0,-3,-0.0439453,0.383301,0.93457,-21.0625,-24.5625,-24.375,0.475469,-0.110418,1.68934
27783,11,6,19,2,-1,-2,-1,-1,-0.0439453,0.383301,0.93457,-21.0625,-24.5625,-24.375,0.475469,-0.110418,1.68934
27804,5,59,20,5,1,1,-4,1,0.0952148,0.265625,1.02783,-28.4375,-11,-7.3125,0.460552,-0.11208,1.68585
27804,-7,-8,-24,-4,-3,-3,-4,-4,0.0952148,0.265625,1.02783,-28.4375,-11,-7.3125,0.460552,-0.11208,1.68585
27805,7,-43,-24,1,3,1,2,0,0.0952148,0.265625,1.02783,-28.4375,-11,-7.3125,0.460552,-0.11208,1.68585
27805,9,-9,15,-3,-3,0,-3,-6,0.0952148,0.265625,1.02783,-28.4375,-11,-7.3125,0.460552,-0.11208,1.68585
27828,-15,8,11,3,1,-1,2,2,0.149902,0.587891,1.16992,-20.5,-5.125,-29.3125,0.454872,-0.109321,1.67579
27828,3,-39,-36,-11,-8,-6,2,-1,0.149902,0.587891,1.16992,-20.5,-5.125,-29.3125,0.454872,-0.109321,1.67579
27828,4,36,-5,-9,-10,-9,-9,-2,0.149902,0.587891,1.16992,-20.5,-5.125,-29.3125,0.454872,-0.109321,1.67579
27828,11,59,56,9,0,3,2,2,0.149902,0.587891,1.16992,-20.5,-5.125,-29.3125,0.454872,-0.109321,1.67579
27842,-10,-57,-51,2,6,1,-4,-5,0.0449219,0.700684,0.980957,6.875,16.625,-2.5625,0.461792,-0.10181,1.67705
27842,2,-12,16,1,5,2,2,2,0.0449219,0.700684,0.980957,6.875,16.625,-2.5625,0.461792,-0.10181,1.67705
27842,-4,1,-21,-4,-2,-3,2,-1,0.0449219,0.700684,0.980957,6.875,16.625,-2.5625,0.461792,-0.10181,1.67705
27842,2,4,10,-6,-2,-3,4,5,0.0449219,0.700684,0.980957,6.875,16.625,-2.5625,0.461792,-0.10181,1.67705
27864,2,23,18,2,0,1,-4,-2,-0.109863,0.594238,0.986816,-9,16.875,11.8125,0.46036,-0.0930537,1.68328
27864,-6,-25,-7,-1,-2,-2,-2,-4,-0.109863,0.594238,0.986816,-9,16.875,11.8125,0.46036,-0.0930537,1.68328
27865,0,3,-11,-1,-1,1,1,1,-0.109863,0.594238,0.986816,-9,16.875,11.8125,0.46036,-0.0930537,1.68328
27865,-3,-11,1,-4,-3,-4,-15,-4,-0.109863,0.594238,0.986816,-9,16.875,11.8125,0.46036,-0.0930537,1.68328
27889,4,28,16,7,3,4,3,1,-0.103516,0.422852,0.962402,-13.375,13.625,17.625,0.453923,-0.0867178,1.69106
27889,-3,-15,7,0,0,2,-2,0,-0.103516,0.422852,0.962402,-13.375,13.625,17.625,0.453923,-0.0867178,1.69106
27889,-3,8,27,-4,-2,1,1,-6,-0.103516,0.422852,0.962402,-13.375,13.625,17.625,0.453923,-0.0867178,1.69106
27889,4,-8,-49,0,-2,1,6,0,-0.103516,0.422852,0.962402,-13.375,13.625,17.625,0.453923,-0.0867178,1.69106
27910,12,-38,-26,-11,-7,-4,-2,4,-0.0327148,0.342773,0.973633,14.875,16.875,25.125,0.455269,-0.0823974,1.70176
27910,23,58,28,6,1,-1,-5,1,-0.0327148,0.342773,0.973633,14.875,16.875,25.125,0.455269,-0.0823974,1.70176
27910,-18,-15,-29,-5,0,-1,-4,-6,-0.0327148,0.342773,0.973633,14.875,16.875,25.125,0.455269,-0.0823974,1.70176
27910,-7,2,35,4,4,2,6,2,-0.0327148,0.342773,0.973633,14.875,16.875,25.125,0.455269,-0.0823974,1.70176
27924,-1,-3,29,-2,-1,1,2,0,0.0478516,0.328125,0.999023,41.625,26.75,33.75,0.46485,-0.0784611,1.71688
27924,-8,-52,-77,-6,-2,-1,0,-2,0.0478516,0.328125,0.999023,41.625,26.75,33.75,0.46485,-0.0784611,1.71688
27925,6,25,13,1,1,0,-3,3,0.0478516,0.328125,0.999023,41.625,26.75,33.75,0.46485,-0.0784611,1.71688
27925,-3,-22,17,-2,-3,-5,-6,-2,0.0478516,0.328125,0.999023,41.625,26.75,33.75,0.46485,-0.0784611,1.71688
27948,-9,21,21,3,1,-2,3,0,0.00830078,0.244141,0.964355,48.1875,16.4375,30.125,0.475246,-0.0764935,1.72935
27948,-11,-4,28,0,2,1,-2,3,0.00830078,0.244141,0.964355,48.1875,16.4375,30.125,0.475246,-0.0764935,1.72935
27948,-2,0,-39,-3,-3,-2,1,-1,0.00830078,0.244141,0.964355,48.1875,16.4375,30.125,0.475246,-0.0764935,1.72935
27948,-2,-15,-12,-5,-1,0,-1,-3,0.00830078,0.244141,0.964355,48.1875,16.4375,30.125,0.475246,-0.0764935,1.72935
27962,1,0,-43,-5,1,1,-1,-3,0.0234375,0.484375,0.80957,50.5625,11.0625,40.25,0.492813,-0.0783514,1.7435
27962,0,44,59,11,1,1,2,-1,0.0234375,0.484375,0.80957,50.5625,11.0625,40.25,0.492813,-0.0783514,1.7435
27963,-3,-70,-89,-8,-4,-3,-2,-3,0.0234375,0.484375,0.80957,50.5625,11.0625,40.25,0.492813,-0.0783514,1.7435
27963,7,37,32,-2,-1,-3,4,1,0.0234375,0.484375,0.80957,50.5625,11.0625,40.25,0.492813,-0.0783514,1.7435
27985,-4,-4,2,5,0,-1,-11,-9,0.015625,0.499512,0.774414,23.5625,11.25,45.1875,0.501483,-0.0809326,1.75922
27985,6,0,39,0,0,-1,2,12,0.015625,0.499512,0.774414,23.5625,11.25,45.1875,0.501483,-0.0809326,1.75922
27985,11,53,22,1,-2,0,0,6,0.015625,0.499512,0.774414,23.5625,11.25,45.1875,0.501483,-0.0809326,1.75922
27985,-7,-6,4,-2,0,-1,-4,-1,0.015625,0.499512,0.774414,23.5625,11.25,45.1875,0.501483,-0.0809326,1.75922
28007,-6,-7,-30,-5,-1,-3,4,-2,0.0527344,0.422363,0.735352,5.375,7.1875,31.9375,0.502771,-0.0836743,1.77026
28007,7,-61,10,-5,-2,-2,-1,-9,0.0527344,0.422363,0.735352,5.375,7.1875,31.9375,0.502771,-0.0836743,1.77026
28009,-10,-1,4,1,-2,-7,-3,5,0.0527344,0.422363,0.735352,5.375,7.1875,31.9375,0.502771,-0.0836743,1.77026
28009,5,19,-21,1,-1,1,11,5,0.0527344,0.422363,0.735352,5.375,7.1875,31.9375,0.502771,-0.0836743,1.77026
28021,1,-8,-2,0,1,0,1,-1,0.0400391,0.379883,0.72998,10.25,2.5,24.625,0.505187,-0.0863079,1.77827
28021,4,-11,20,2,-1,1,-2,-3,0.0400391,0.379883,0.72998,10.25,2.5,24.625,0.505187,-0.0863079,1.77827
28022,12,2,-39,-1,3,3,1,3,0.0400391,0.379883,0.72998,10.25,2.5,24.625,0.505187,-0.0863079,1.77827
28022,-19,-17,-19,-12,-6,-6,-8,-9,0.0400391,0.379883,0.72998,10.25,2.5,24.625,0.505187,-0.0863079,1.77827
28044,1,2,22,2,0,-4,1,1,0.108887,0.387695,0.666504,18.1875,-7.8125,31.0625,0.511145,-0.0948117,1.78636
28044,-3,2,-28,-2,-1,0,3,0,0.108887,0.387695,0.666504,18.1875,-7.8125,31.0625,0.511145,-0.0948117,1.78636
28045,7,101,30,12,6,3,-7,-9,0.108887,0.387695,0.666504,18.1875,-7.8125,31.0625,0.511145,-0.0948117,1.78636
28045,-15,-79,18,-5,-4,-3,-10,-9,0.108887,0.387695,0.666504,18.1875,-7.8125,31.0625,0.511145,-0.0948117,1.78636
28067,2,-1,-13,2,-3,0,-1,-2,0.228516,0.38623,0.628906,32.5,-9.5,30.1875,0.522182,-0.106552,1.79388
28067,-7,3,2,-2,-3,-1,-3,-3,0.228516,0.38623,0.628906,32.5,-9.5,30.1875,0.522182,-0.106552,1.79388
28069,4,5,60,5,0,1,3,2,0.228516,0.38623,0.628906,32.5,-9.5,30.1875,0.522182,-0.106552,1.79388
28069,9,11,-68,-6,1,2,0,1,0.228516,0.38623,0.628906,32.5,-9.5,30.1875,0.522182,-0.106552,1.79388
28082,-6,2,1,-8,-3,-4,-3,-5,0.25293,0.481445,0.611816,19.75,-6.75,16.8125,0.531244,-0.115461,1.79755
28082,4,-1,15,2,0,1,2,0,0.25293,0.481445,0.611816,19.75,-6.75,16.8125,0.531244,-0.115461,1.79755
28083,-8,-31,-39,-3,-1,1,-2,-3,0.25293,0.481445,0.611816,19.75,-6.75,16.8125,0.531244,-0.115461,1.79755
28083,0,12,7,0,-4,-2,-6,-3,0.25293,0.481445,0.611816,19.75,-6.75,16.8125,0.531244,-0.115461,1.79755
28105,2,1,21,3,0,0,7,5,0.23291,0.514648,0.628906,6.0625,-10,12.3125,0.536156,-0.123927,1.79914
28105,-7,-8,-37,-1,0,0,-4,-3,0.23291,0.514648,0.628906,6.0625,-10,12.3125,0.536156,-0.123927,1.79914
28105,-3,-16,44,6,1,1,-2,-1,0.23291,0.514648,0.628906,6.0625,-10,12.3125,0.536156,-0.123927,1.79914
28105,7,33,18,-6,1,1,-2,-1,0.23291,0.514648,0.628906,6.0625,-10,12.3125,0.536156,-0.123927,1.79914
28128,-10,-25,-43,-2,1,-1,-1,0,0.256836,0.458984,0.644531,-0.4375,-12.5,10.1875,0.537494,-0.133205,1.79977
28128,0,-22,10,-1,-1,-4,0,-2,0.256836,0.458984,0.644531,-0.4375,-12.5,10.1875,0.537494,-0.133205,1.79977
28129,-34,18,5,-5,-4,-4,-1,-5,0.256836,0.458984,0.644531,-0.4375,-12.5,10.1875,0.537494,-0.133205,1.79977
28129,-3,-48,-9,-2,-3,-1,17,9,0.256836,0.458984,0.644531,-0.4375,-12.5,10.1875,0.537494,-0.133205,1.79977
28142,11,46,8,4,1,0,-2,5,0.274902,0.40918,0.671387,8.8125,-10.4375,3.8125,0.540856,-0.140923,1.79902
28142,-11,-8,41,2,-2,-4,-2,-5,0.274902,0.40918,0.671387,8.8125,-10.4375,3.8125,0.540856,-0.140923,1.79902
28143,1,-50,-58,-5,-4,-2,0,-1,0.274902,0.40918,0.671387,8.8125,-10.4375,3.8125,0.540856,-0.140923,1.79902
28143,5,9,-1,4,2,4,-2,-9,0.274902,0.40918,0.671387,8.8125,-10.4375,3.8125,0.540856,-0.140923,1.79902
28164,-1,24,21,0,-1,1,-1,2,0.270508,0.365234,0.71582,13.3125,-10.75,0.75,0.54433,-0.147934,1.79762
28164,11,7,6,-2,1,-3,-3,-2,0.270508,0.365234,0.71582,13.3125,-10.75,0.75,0.54433,-0.147934,1.79762
28165,5,27,-15,-5,-1,-3,7,5,0.270508,0.365234,0.71582,13.3125,-10.75,0.75,0.54433,-0.147934,1.79762
28165,5,67,82,7,1,-3,-17,-9,0.270508,0.365234,0.71582,13.3125,-10.75,0.75,0.54433,-0.147934,1.79762
28188,-5,-118,-106,-12,-1,4,12,-1,0.27832,0.393555,0.741699,18.3125,-11.8125,0.4375,0.549736,-0.155144,1.79568
28188,-7,81,15,0,-4,-2,-13,13,0.27832,0.393555,0.741699,18.3125,-11.8125,0.4375,0.549736,-0.155144,1.79568
28188,8,-52,34,0,-1,2,0,-16,0.27832,0.393555,0.741699,18.3125,-11.8125,0.4375,0.549736,-0.155144,1.79568
28188,5,-13,-21,4,6,3,4,18,0.27832,0.393555,0.741699,18.3125,-11.8125,0.4375,0.549736,-0.155144,1.79568
28201,0,38,38,4,0,-2,1,-3,0.296875,0.401855,0.791992,23.4375,-13.25,3,0.556246,-0.163181,1.79453
28201,3,-14,-40,-8,-5,-1,10,4,0.296875,0.401855,0.791992,23.4375,-13.25,3,0.556246,-0.163181,1.79453
28202,-2,3,4,1,1,-1,2,4,0.296875,0.401855,0.791992,23.4375,-13.25,3,0.556246,-0.163181,1.79453
28202,-11,-3,-3,2,-2,1,0,2,0.296875,0.401855,0.791992,23.4375,-13.25,3,0.556246,-0.163181,1.79453
28224,-3,0,26,0,-3,-4,-6,-10,0.270996,0.419922,0.808594,15.625,-12.8125,1.1875,0.56026,-0.170077,1.79272
28224,-1,-11,-19,-4,-1,1,1,-6,0.270996,0.419922,0.808594,15.625,-12.8125,1.1875,0.56026,-0.170077,1.79272
28225,2,-4,10,0,-2,1,5,3,0.270996,0.419922,0.808594,15.625,-12.8125,1.1875,0.56026,-0.170077,1.79272
28225,-4,1,38,2,-1,-8,8,8,0.270996,0.419922,0.808594,15.625,-12.8125,1.1875,0.56026,-0.170077,1.79272
28248,-10,16,-46,-10,-3,4,-19,-7,0.289551,0.440918,0.792969,9.25,-13.4375,-8.25,0.563078,-0.175637,1.78802
28248,5,2,-51,-1,-1,-4,-8,1,0.289551,0.440918,0.792969,9.25,-13.4375,-8.25,0.563078,-0.175637,1.78802
28248,25,52,60,1,-3,-5,-2,3,0.289551,0.440918,0.792969,9.25,-13.4375,-8.25,0.563078,-0.175637,1.78802
28248,8,31,-22,-5,-3,4,2,12,0.289551,0.440918,0.792969,9.25,-13.4375,-8.25,0.563078,-0.175637,1.78802
28262,7,-81,11,-4,-2,-1,12,-6,0.319336,0.4375,0.81543,-5.25,-12.625,-10.25,0.560653,-0.181094,1.78278
28262,6,-19,6,2,-1,0,-5,5,0.319336,0.4375,0.81543,-5.25,-12.625,-10.25,0.560653,-0.181094,1.78278
28263,-2,1,-10,3,-1,-3,-10,-8,0.319336,0.4375,0.81543,-5.25,-12.625,-10.25,0.560653,-0.181094,1.78278
28263,-4,-24,-24,-1,-1,-3,1,18,0.319336,0.4375,0.81543,-5.25,-12.625,-10.25,0.560653,-0.181094,1.78278
28284,4,10,16,1,-3,-5,-5,-20,0.345703,0.439941,0.85498,4.6875,-5.3125,-6.6875,0.560732,-0.185321,1.78018
28284,-1,23,7,-2,0,-1,4,-4,0.345703,0.439941,0.85498,4.6875,-5.3125,-6.6875,0.560732,-0.185321,1.78018
28285,-9,-32,14,2,1,2,-2,2,0.345703,0.439941,0.85498,4.6875,-5.3125,-6.6875,0.560732,-0.185321,1.78018
28285,12,13,20,7,0,1,-4,-6,0.345703,0.439941,0.85498,4.6875,-5.3125,-6.6875,0.560732,-0.185321,1.78018
28324,-6,21,-68,-19,-3,-1,0,6,0.266602,0.47168,0.849609,3.375,1.125,-7.5625,0.560995,-0.185709,1.77831
28324,-12,-22,27,2,0,1,0,-7,0.266602,0.47168,0.849609,3.375,1.125,-7.5625,0.560995,-0.185709,1.77831
28325,-6,2,-18,-2,-4,-1,-1,0,0.266602,0.47168,0.849609,3.375,1.125,-7.5625,0.560995,-0.185709,1.77831
28325,-4,-3,24,8,5,1,-2,-8,0.266602,0.47168,0.849609,3.375,1.125,-7.5625,0.560995,-0.185709,1.77831
28326,2,19,29,14,7,1,-3,7,0.220703,0.572266,0.830566,0.75,9.125,-10.125,0.562582,-0.181944,1.77688
28326,-10,-1,-79,-24,-11,-4,-1,-8,0.220703,0.572266,0.830566,0.75,9.125,-10.125,0.562582,-0.181944,1.77688
28329,5,-5,0,-5,-4,-1,-2,3,0.220703,0.572266,0.830566,0.75,9.125,-10.125,0.562582,-0.181944,1.77688
28329,9,-19,-28,-12,-11,-2,-5,-10,0.220703,0.572266,0.830566,0.75,9.125,-10.125,0.562582,-0.181944,1.77688
28344,-13,13,13,8,1,-4,-2,3,0.252441,0.598145,0.726562,-18.5,12.625,-8.4375,0.559137,-0.17867,1.77614
28344,15,59,28,3,1,2,2,3,0.252441,0.598145,0.726562,-18.5,12.625,-8.4375,0.559137,-0.17867,1.77614
28345,-13,0,17,-1,0,-2,-14,-14,0.252441,0.598145,0.726562,-18.5,12.625,-8.4375,0.559137,-0.17867,1.77614
28345,5,17,-27,-3,3,-1,8,-8,0.252441,0.598145,0.726562,-18.5,12.625,-8.4375,0.559137,-0.17867,1.77614
28368,1,-3,37,2,-1,-2,4,9,0.290039,0.450195,0.675293,-48.0625,4.0625,-3.375,0.543344,-0.180243,1.77581
28368,7,-9,9,3,4,1,-3,-1,0.290039,0.450195,0.675293,-48.0625,4.0625,-3.375,0.543344,-0.180243,1.77581
28368,-10,-22,-32,-8,-1,0,-1,-1,0.290039,0.450195,0.675293,-48.0625,4.0625,-3.375,0.543344,-0.180243,1.77581
28368,-6,0,6,3,3,-1,-3,-8,0.290039,0.450195,0.675293,-48.0625,4.0625,-3.375,0.543344,-0.180243,1.77581
28390,7,45,39,0,-4,-2,-3,0,0.353027,0.329102,0.636719,-53.3125,-2.0625,-8.5625,0.524333,-0.184622,1.77301
28390,-21,-83,-31,-3,-2,0,3,-5,0.353027,0.329102,0.636719,-53.3125,-2.0625,-8.5625,0.524333,-0.184622,1.77301
28390,0,29,-5,-2,1,0,7,4,0.353027,0.329102,0.636719,-53.3125,-2.0625,-8.5625,0.524333,-0.184622,1.77301
28390,-2,-14,10,0,-3,-1,-9,-1,0.353027,0.329102,0.636719,-53.3125,-2.0625,-8.5625,0.524333,-0.184622,1.77301
28404,-3,0,5,-1,-3,1,-1,3,0.428711,0.390625,0.627441,-30.75,4.1875,-22.125,0.515592,-0.186506,1.76687
28404,3,-11,3,2,-2,1,-1,-4,0.428711,0.390625,0.627441,-30.75,4.1875,-22.125,0.515592,-0.186506,1.76687
28404,14,5,17,3,0,2,3,4,0.428711,0.390625,0.627441,-30.75,4.1875,-22.125,0.515592,-0.186506,1.76687
28404,-30,-63,-47,-7,-3,1,-3,-7,0.428711,0.390625,0.627441,-30.75,4.1875,-22.125,0.515592,-0.186506,1.76687
28428,6,-8,4,-5,-2,-1,-4,-2,0.39209,0.450684,0.651855,-18,13.4375,-30.875,0.512351,-0.183009,1.7593
28428,-11,28,24,-2,-3,-4,-2,-4,0.39209,0.450684,0.651855,-18,13.4375,-30.875,0.512351,-0.183009,1.7593
28428,5,12,1,4,4,2,0,3,0.39209,0.450684,0.651855,-18,13.4375,-30.875,0.512351,-0.183009,1.7593
28428,6,21,-7,1,3,2,1,-2,0.39209,0.450684,0.651855,-18,13.4375,-30.875,0.512351,-0.183009,1.7593
28441,-1,1,9,-2,0,1,-3,0,0.328125,0.438477,0.682617,-14.6875,14.5625,-32.5625,0.509829,-0.177415,1.75163
28441,5,-25,-8,-3,1,-1,1,1,0.328125,0.438477,0.682617,-14.6875,14.5625,-32.5625,0.509829,-0.177415,1.75163
28449,-20,-5,4,0,-2,-1,0,0,0.328125,0.438477,0.682617,-14.6875,14.5625,-32.5625,0.509829,-0.177415,1.75163
28449,-3,-34,1,-7,-5,-3,-4,-5,0.328125,0.438477,0.682617,-14.6875,14.5625,-32.5625,0.509829,-0.177415,1.75163
28465,-27,19,-8,3,1,-1,-1,-3,0.316406,0.443359,0.688965,-20.125,12.6875,-33.3125,0.505603,-0.172088,1.74319
28465,3,14,10,2,2,-1,-2,-1,0.316406,0.443359,0.688965,-20.125,12.6875,-33.3125,0.505603,-0.172088,1.74319
28465,7,-26,14,-4,-4,-4,-4,-2,0.316406,0.443359,0.688965,-20.125,12.6875,-33.3125,0.505603,-0.172088,1.74319
28465,-4,-17,-22,-5,-5,-3,-1,-2,0.316406,0.443359,0.688965,-20.125,12.6875,-33.3125,0.505603,-0.172088,1.74319
28487,10,-27,-10,1,1,0,9,9,0.268555,0.443359,0.728027,-26.5,9.125,-32.8125,0.498856,-0.166827,1.73446
28487,2,22,-8,-1,3,-2,-3,-4,0.268555,0.443359,0.728027,-26.5,9.125,-32.8125,0.498856,-0.166827,1.73446
28488,-26,-25,9,-2,1,-1,-1,0,0.268555,0.443359,0.728027,-26.5,9.125,-32.8125,0.498856,-0.166827,1.73446
28488,2,28,14,1,-1,-2,-3,-1,0.268555,0.443359,0.728027,-26.5,9.125,-32.8125,0.498856,-0.166827,1.73446
28501,6,8,12,-1,-5,-3,-4,-1,0.180176,0.42041,0.763184,-22.4375,2.6875,-29.5625,0.492583,-0.162048,1.72567
28501,-8,14,2,5,3,2,1,1,0.180176,0.42041,0.763184,-22.4375,2.6875,-29.5625,0.492583,-0.162048,1.72567
28510,6,31,-15,2,2,-1,-1,-1,0.180176,0.42041,0.763184,-22.4375,2.6875,-29.5625,0.492583,-0.162048,1.72567
28510,19,-28,-4,0,1,2,4,1,0.180176,0.42041,0.763184,-22.4375,2.6875,-29.5625,0.492583,-0.162048,1.72567
28525,-9,-1,22,-5,-3,-4,-6,-8,0.0761719,0.339355,0.812012,-18.1875,-1.875,-29.375,0.485838,-0.156286,1.71644
28525,-8,19,4,4,-1,1,3,0,0.0761719,0.339355,0.812012,-18.1875,-1.875,-29.375,0.485838,-0.156286,1.71644
28525,3,-1,-19,1,-6,-3,-1,1,0.0761719,0.339355,0.812012,-18.1875,-1.875,-29.375,0.485838,-0.156286,1.71644
28525,8,40,38,-12,-11,-7,-3,2,0.0761719,0.339355,0.812012,-18.1875,-1.875,-29.375,0.485838,-0.156286,1.71644
28548,-8,-64,-84,0,2,4,-2,-3,0.0576172,0.306152,0.825684,-13.4375,-6.625,-34.5625,0.48025,-0.150861,1.70495
28548,6,-2,15,1,13,3,0,1,0.0576172,0.306152,0.825684,-13.4375,-6.625,-34.5625,0.48025,-0.150861,1.70495
28548,1,-12,9,2,0,1,0,1,0.0576172,0.306152,0.825684,-13.4375,-6.625,-34.5625,0.48025,-0.150861,1.70495
28548,5,32,3,3,-1,-1,-2,0,0.0576172,0.306152,0.825684,-13.4375,-6.625,-34.5625,0.48025,-0.150861,1.70495
28561,-8,11,6,-5,-7,0,0,-6,0.0395508,0.345703,0.797363,-7.5625,-10.875,-31.25,0.477892,-0.147146,1.69374
28561,12,23,11,0,-5,-1,-5,12,0.0395508,0.345703,0.797363,-7.5625,-10.875,-31.25,0.477892,-0.147146,1.69374
28577,6,-16,-31,-10,-5,-7,-5,-6,0.0395508,0.345703,0.797363,-7.5625,-10.875,-31.25,0.477892,-0.147146,1.69374
28577,-4,14,-8,2,-3,1,-3,-2,0.0395508,0.345703,0.797363,-7.5625,-10.875,-31.25,0.477892,-0.147146,1.69374
28584,21,109,38,7,5,0,-1,1,-0.0141602,0.416992,0.794434,-17.4375,-14.6875,-25.9375,0.473528,-0.143952,1.68314
28584,9,-25,-17,-2,-1,-1,4,3,-0.0141602,0.416992,0.794434,-17.4375,-14.6875,-25.9375,0.473528,-0.143952,1.68314
28585,4,-6,14,-3,-2,-1,0,-1,-0.0141602,0.416992,0.794434,-17.4375,-14.6875,-25.9375,0.473528,-0.143952,1.68314
28585,-5,8,-6,-2,-1,0,1,2,-0.0141602,0.416992,0.794434,-17.4375,-14.6875,-25.9375,0.473528,-0.143952,1.68314
28622,4,-25,0,-3,-1,-3,-2,-2,-0.0327148,0.341797,0.828125,-19.375,-19.25,-20.6875,0.466568,-0.142698,1.67387
28622,2,35,12,8,3,0,0,-1,-0.0327148,0.341797,0.828125,-19.375,-19.25,-20.6875,0.466568,-0.142698,1.67387
28623,-22,-18,-7,0,-4,-1,-4,-2,-0.0327148,0.341797,0.828125,-19.375,-19.25,-20.6875,0.466568,-0.142698,1.67387
28623,22,-50,-7,-2,4,-1,4,-3,-0.0327148,0.341797,0.828125,-19.375,-19.25,-20.6875,0.466568,-0.142698,1.67387
28629,-3,23,4,-1,0,-3,-7,1,0.00439453,0.291992,0.850098,-4.125,-19.1875,-25.0625,0.463744,-0.141858,1.66336
28629,-17,-40,6,-4,-9,-3,-3,-6,0.00439453,0.291992,0.850098,-4.125,-19.1875,-25.0625,0.463744,-0.141858,1.66336
28631,2,25,-39,-7,-7,-7,-3,2,0.00439453,0.291992,0.850098,-4.125,-19.1875,-25.0625,0.463744,-0.141858,1.66336
28631,-4,23,85,9,10,10,6,3,0.00439453,0.291992,0.850098,-4.125,-19.1875,-25.0625,0.463744,-0.141858,1.66336
28644,-13,-84,-47,-12,-3,-3,-4,-7,0.00634766,0.304688,0.84082,10,-15.1875,-29.125,0.466267,-0.139149,1.65215
28644,-6,-27,2,-2,-3,-2,0,-4,0.00634766,0.304688,0.84082,10,-15.1875,-29.125,0.466267,-0.139149,1.65215
28645,7,19,11,2,0,-1,-1,-1,0.00634766,0.304688,0.84082,10,-15.1875,-29.125,0.466267,-0.139149,1.65215
28645,-8,13,-11,-3,-5,-4,-3,-1,0.00634766,0.304688,0.84082,10,-15.1875,-29.125,0.466267,-0.139149,1.65215
28669,8,10,11,-11,-24,-8,-2,3,-0.00732422,0.328125,0.833496,5.125,-15.0625,-27.4375,0.467493,-0.136284,1.64138
28669,-12,-25,-44,-2,-6,-5,-6,-7,-0.00732422,0.328125,0.833496,5.125,-15.0625,-27.4375,0.467493,-0.136284,1.64138
28669,3,19,27,22,29,10,6,1,-0.00732422,0.328125,0.833496,5.125,-15.0625,-27.4375,0.467493,-0.136284,1.64138
28669,-3,4,-30,2,4,2,-2,-1,-0.00732422,0.328125,0.833496,5.125,-15.0625,-27.4375,0.467493,-0.136284,1.64138
28690,0,1,10,10,15,8,2,-1,-0.00292969,0.43457,0.839355,2.5625,-12.8125,-21.75,0.469853,-0.133728,1.63252
28690,-2,-20,-41,-16,-15,-6,-1,-5,-0.00292969,0.43457,0.839355,2.5625,-12.8125,-21.75,0.469853,-0.133728,1.63252
28691,1,0,25,-7,-15,-4,-3,-1,-0.00292969,0.43457,0.839355,2.5625,-12.8125,-21.75,0.469853,-0.133728,1.63252
28691,-8,-10,-7,1,-6,-3,-2,-1,-0.00292969,0.43457,0.839355,2.5625,-12.8125,-21.75,0.469853,-0.133728,1.63252
28704,-1,-5,-4,7,7,-4,-3,-3,0.0205078,0.403809,0.814941,-22.5625,-17.6875,-12.75,0.462871,-0.134733,1.62582
28704,-1,33,35,-14,-16,-5,-4,-1,0.0205078,0.403809,0.814941,-22.5625,-17.6875,-12.75,0.462871,-0.134733,1.62582
28705,-5,-40,-8,9,1,5,3,-3,0.0205078,0.403809,0.814941,-22.5625,-17.6875,-12.75,0.462871,-0.134733,1.62582
28705,-5,6,-26,6,11,1,0,-1,0.0205078,0.403809,0.814941,-22.5625,-17.6875,-12.75,0.462871,-0.134733,1.62582
28727,2,6,23,3,8,2,0,2,0.0537109,0.290527,0.846191,-37.8125,-17.4375,-9.0625,0.447774,-0.137056,1.62052
28727,4,51,15,13,13,7,2,1,0.0537109,0.290527,0.846191,-37.8125,-17.4375,-9.0625,0.447774,-0.137056,1.62052
28729,-8,-89,-78,-19,-12,-9,-7,-7,0.0537109,0.290527,0.846191,-37.8125,-17.4375,-9.0625,0.447774,-0.137056,1.62052
28729,-6,-5,-22,-15,-21,-7,-6,-4,0.0537109,0.290527,0.846191,-37.8125,-17.4375,-9.0625,0.447774,-0.137056,1.62052
28749,6,7,6,10,-16,-5,-1,1,0.0566406,0.166016,0.80957,-10.25,-9.9375,0.3125,0.439555,-0.138942,1.61975
28749,1,-15,52,11,47,12,5,5,0.0566406,0.166016,0.80957,-10.25,-9.9375,0.3125,0.439555,-0.138942,1.61975
28751,1,25,28,2,-1,1,-1,-2,0.0566406,0.166016,0.80957,-10.25,-9.9375,0.3125,0.439555,-0.138942,1.61975
28751,1,11,-9,4,7,1,2,-1,0.0566406,0.166016,0.80957,-10.25,-9.9375,0.3125,0.439555,-0.138942,1.61975
28764,2,-8,7,-13,-11,-5,-1,0,0.0854492,0.437988,0.972656,-0.25,3.625,0.125,0.439113,-0.136318,1.62044
28764,-3,-8,-25,-10,-9,-4,-3,-4,0.0854492,0.437988,0.972656,-0.25,3.625,0.125,0.439113,-0.136318,1.62044
28772,-6,16,3,-3,-4,-1,-1,1,0.0854492,0.437988,0.972656,-0.25,3.625,0.125,0.439113,-0.136318,1.62044
28772,1,-24,0,-8,0,-3,-2,0,0.0854492,0.437988,0.972656,-0.25,3.625,0.125,0.439113,-0.136318,1.62044
28788,-6,9,36,-1,0,0,-5,-2,0.114746,0.393555,0.87207,-10.0625,5.4375,24.25,0.434116,-0.137678,1.62903
28788,-2,-9,-28,1,-11,2,20,-1,0.114746,0.393555,0.87207,-10.0625,5.4375,24.25,0.434116,-0.137678,1.62903
28789,3,-2,-14,-8,2,-1,-5,0,0.0493164,0.22168,0.983887,-8.125,17.75,28.5,0.42464,-0.134227,1.64153
28789,0,18,-1,2,-2,-1,5,0,0.0493164,0.22168,0.983887,-8.125,17.75,28.5,0.42464,-0.134227,1.64153
28810,-3,-10,-16,-7,-2,0,3,1,0.0493164,0.22168,0.983887,-8.125,17.75,28.5,0.42464,-0.134227,1.64153
28810,1,10,4,9,-3,-6,-5,1,0.0493164,0.22168,0.983887,-8.125,17.75,28.5,0.42464,-0.134227,1.64153
28810,12,2,20,-2,1,-2,-5,-7,0.0493164,0.22168,0.983887,-8.125,17.75,28.5,0.42464,-0.134227,1.64153
28810,-8,-29,0,-2,-1,-1,-10,-13,0.0493164,0.22168,0.983887,-8.125,17.75,28.5,0.42464,-0.134227,1.64153
28825,-8,42,16,9,6,2,-14,-1,0.0405273,0.241211,0.988281,16.5625,28,26.4375,0.424147,-0.127065,1.65466
28825,4,-17,-22,-6,-2,-3,3,1,0.0405273,0.241211,0.988281,16.5625,28,26.4375,0.424147,-0.127065,1.65466
28832,-4,-32,-9,-3,-6,-4,11,-3,0.0405273,0.241211,0.988281,16.5625,28,26.4375,0.424147,-0.127065,1.65466
28832,-3,8,4,0,-1,0,-1,0,0.0405273,0.241211,0.988281,16.5625,28,26.4375,0.424147,-0.127065,1.65466
28855,8,-5,-6,-3,4,3,1,-2,0.0488281,0.287598,0.87793,35.5625,31.5,34.5,0.431946,-0.120507,1.67063
28855,11,30,2,-4,-5,-4,-5,7,0.0488281,0.287598,0.87793,35.5625,31.5,34.5,0.431946,-0.120507,1.67063
28856,-15,59,16,-2,-2,0,5,7,0.0488281,0.287598,0.87793,35.5625,31.5,34.5,0.431946,-0.120507,1.67063
28856,-7,-56,-28,-13,-21,-6,-5,-1,0.0488281,0.287598,0.87793,35.5625,31.5,34.5,0.431946,-0.120507,1.67063
28878,-2,56,52,16,13,1,6,-3,-0.0200195,0.294922,0.748535,9.6875,30.0625,52.1875,0.431765,-0.115915,1.69187
28878,-8,-63,-78,-4,15,2,-1,1,-0.0200195,0.294922,0.748535,9.6875,30.0625,52.1875,0.431765,-0.115915,1.69187
28878,8,3,-4,13,7,4,-1,2,-0.0200195,0.294922,0.748535,9.6875,30.0625,52.1875,0.431765,-0.115915,1.69187
28878,2,30,3,12,16,10,5,7,-0.0200195,0.294922,0.748535,9.6875,30.0625,52.1875,0.431765,-0.115915,1.69187
28884,1,-21,-19,-16,-13,-8,-10,-1,-0.015625,0.383301,0.699219,-5.5625,19.875,53.8125,0.428913,-0.114708,1.71174
28884,3,21,41,-5,-19,-7,-1,-3,-0.015625,0.383301,0.699219,-5.5625,19.875,53.8125,0.428913,-0.114708,1.71174
28885,-2,1,-12,-5,-12,-7,-5,-5,-0.015625,0.383301,0.699219,-5.5625,19.875,53.8125,0.428913,-0.114708,1.71174
28885,-2,8,-13,-6,5,-3,-6,-4,-0.015625,0.383301,0.699219,-5.5625,19.875,53.8125,0.428913,-0.114708,1.71174
28907,-1,-13,-1,4,15,4,1,-1,0.108887,0.450195,0.716309,-54.125,1.4375,35.1875,0.411741,-0.119459,1.72288
28907,0,-8,-17,3,6,4,-1,-6,0.108887,0.450195,0.716309,-54.125,1.4375,35.1875,0.411741,-0.119459,1.72288
28908,1,4,28,-8,-7,-3,-8,-7,0.108887,0.450195,0.716309,-54.125,1.4375,35.1875,0.411741,-0.119459,1.72288
28908,-2,1,-10,-1,-9,-6,8,-9,0.108887,0.450195,0.716309,-54.125,1.4375,35.1875,0.411741,-0.119459,1.72288
28930,-2,-21,-21,-3,-6,-5,-9,-13,0.317383,0.396973,0.778809,-59.625,-10.375,43.25,0.391068,-0.133591,1.73532
28930,-18,26,28,3,-3,-4,-2,-16,0.317383,0.396973,0.778809,-59.625,-10.375,43.25,0.391068,-0.133591,1.73532
28930,-3,6,-19,1,-3,-1,8,-9,0.317383,0.396973,0.778809,-59.625,-10.375,43.25,0.391068,-0.133591,1.73532
28930,2,11,21,4,2,0,7,-6,0.317383,0.396973,0.778809,-59.625,-10.375,43.25,0.391068,-0.133591,1.73532
28944,13,-33,-19,-4,3,2,11,-5,0.396973,0.390137,0.895996,-2.8125,-2.75,26.5,0.38962,-0.144211,1.74346
28944,-3,-15,-22,-4,-10,-4,9,-8,0.396973,0.390137,0.895996,-2.8125,-2.75,26.5,0.38962,-0.144211,1.74346
28945,5,-6,6,-2,2,4,15,3,0.396973,0.390137,0.895996,-2.8125,-2.75,26.5,0.38962,-0.144211,1.74346
28945,1,51,37,-4,-4,-3,22,4,0.396973,0.390137,0.895996,-2.8125,-2.75,26.5,0.38962,-0.144211,1.74346
28968,-6,-70,-68,-9,-1,1,28,2,0.229004,0.662109,0.816406,11.1875,7.3125,8.375,0.400232,-0.144965,1.74616
28968,2,19,59,6,4,3,21,4,0.229004,0.662109,0.816406,11.1875,7.3125,8.375,0.400232,-0.144965,1.74616
28969,1,-23,-94,-1,7,0,17,2,0.0771484,0.623047,0.859863,-11.5625,3.25,7.6875,0.401594,-0.143166,1.74837
28969,3,-27,6,-1,-2,0,12,4,0.0771484,0.623047,0.859863,-11.5625,3.25,7.6875,0.401594,-0.143166,1.74837
28989,-10,92,47,-3,-10,-3,-1,2,0.0771484,0.623047,0.859863,-11.5625,3.25,7.6875,0.401594,-0.143166,1.74837
28989,-5,-96,-31,-1,-2,-3,-6,1,0.0771484,0.623047,0.859863,-11.5625,3.25,7.6875,0.401594,-0.143166,1.74837
28992,3,10,13,4,4,-1,-17,-1,0.13916,0.415039,0.883789,-38.625,-8.1875,11.5,0.388995,-0.147216,1.75073
28992,5,15,-13,0,3,2,-23,4,0.13916,0.415039,0.883789,-38.625,-8.1875,11.5,0.388995,-0.147216,1.75073
29003,-8,-12,-12,-1,-1,-3,-11,3,0.13916,0.415039,0.883789,-38.625,-8.1875,11.5,0.388995,-0.147216,1.75073
29003,3,24,32,-3,0,6,-45,0,0.13916,0.415039,0.883789,-38.625,-8.1875,11.5,0.388995,-0.147216,1.75073
29012,-1,0,2,-8,-4,0,-26,3,0.143066,0.333984,0.834961,-30.5625,-6.875,10.1875,0.378024,-0.15088,1.75314
29012,-10,-14,-8,1,-5,1,-30,-2,0.143066,0.333984,0.834961,-30.5625,-6.875,10.1875,0.378024,-0.15088,1.75314
29028,3,10,26,0,-2,2,-16,4,0.143066,0.333984,0.834961,-30.5625,-6.875,10.1875,0.378024,-0.15088,1.75314
29028,8,8,-23,-4,8,-2,-17,2,0.143066,0.333984,0.834961,-30.5625,-6.875,10.1875,0.378024,-0.15088,1.75314
29029,1,-3,23,9,9,1,-7,8,0.143066,0.300293,0.87793,-18,-2.0625,6.3125,0.370623,-0.15235,1.7552
29029,6,-3,-30,-11,-6,-2,-9,3,0.143066,0.300293,0.87793,-18,-2.0625,6.3125,0.370623,-0.15235,1.7552
29050,1,-22,-17,0,-3,-3,-13,4,0.143066,0.300293,0.87793,-18,-2.0625,6.3125,0.370623,-0.15235,1.7552
29050,-4,24,-5,-3,-13,-4,5,0,0.143066,0.300293,0.87793,-18,-2.0625,6.3125,0.370623,-0.15235,1.7552
29052,-3,0,13,-4,-4,-9,-5,2,0.144043,0.21875,0.851074,-28.6875,-4.6875,4.625,0.358149,-0.154625,1.75652
29052,-2,-21,21,1,2,-7,-14,2,0.144043,0.21875,0.851074,-28.6875,-4.6875,4.625,0.358149,-0.154625,1.75652
29064,-5,21,-14,6,8,14,27,5,0.144043,0.21875,0.851074,-28.6875,-4.6875,4.625,0.358149,-0.154625,1.75652
29064,-5,12,-2,4,-2,-25,-58,-2,0.144043,0.21875,0.851074,-28.6875,-4.6875,4.625,0.358149,-0.154625,1.75652
29073,-6,26,35,8,10,35,90,7,0.174805,0.163086,0.878418,-21.625,-3.1875,-2.0625,0.347076,-0.156351,1.75602
29073,4,-12,36,5,5,11,3,-2,0.174805,0.163086,0.878418,-21.625,-3.1875,-2.0625,0.347076,-0.156351,1.75602
29087,4,-50,-57,-10,-11,-13,1,11,0.174805,0.163086,0.878418,-21.625,-3.1875,-2.0625,0.347076,-0.156351,1.75602
29087,-10,-44,-19,-2,-1,6,1,5,0.174805,0.163086,0.878418,-21.625,-3.1875,-2.0625,0.347076,-0.156351,1.75602
29089,-7,3,10,0,2,-8,-18,-7,0.168945,0.154297,0.915527,-5.75,2.875,-3.375,0.341223,-0.155617,1.75589
29089,-5,19,12,4,-3,-10,-9,-6,0.168945,0.154297,0.915527,-5.75,2.875,-3.375,0.341223,-0.155617,1.75589
29117,18,17,6,-2,4,5,2,-3,0.168945,0.154297,0.915527,-5.75,2.875,-3.375,0.341223,-0.155617,1.75589
29117,-2,7,3,-3,1,4,19,-1,0.168945,0.154297,0.915527,-5.75,2.875,-3.375,0.341223,-0.155617,1.75589
29119,0,-7,0,-3,-9,-11,-21,-1,0.104492,0.175781,0.862793,7.3125,4.1875,1.25,0.340578,-0.153669,1.75717
29119,-3,7,-6,-5,-2,6,17,3,0.104492,0.175781,0.862793,7.3125,4.1875,1.25,0.340578,-0.153669,1.75717
29132,-3,-16,-22,3,3,-9,-13,0,0.104492,0.175781,0.862793,7.3125,4.1875,1.25,0.340578,-0.153669,1.75717
29132,3,13,35,-2,-2,-4,10,1,0.104492,0.175781,0.862793,7.3125,4.1875,1.25,0.340578,-0.153669,1.75717
29133,-2,-3,-8,0,-1,1,-7,0,0.11377,0.3125,0.879883,15.125,1.6875,0.375,0.345798,-0.152352,1.75757
29133,3,21,36,8,1,-6,-1,3,0.11377,0.3125,0.879883,15.125,1.6875,0.375,0.345798,-0.152352,1.75757
29155,-7,-10,-12,-8,-6,-5,0,-4,0.11377,0.3125,0.879883,15.125,1.6875,0.375,0.345798,-0.152352,1.75757
29155,3,11,-1,0,3,5,9,1,0.11377,0.3125,0.879883,15.125,1.6875,0.375,0.345798,-0.152352,1.75757
29156,-3,-28,7,-2,-5,-1,-5,-4,0.154785,0.389648,0.832031,12.25,-2,2.6875,0.351939,-0.153694,1.75791
29156,-6,-23,-17,0,1,-6,-9,-2,0.154785,0.389648,0.832031,12.25,-2,2.6875,0.351939,-0.153694,1.75791
29177,-6,0,5,-2,3,3,4,-2,0.154785,0.389648,0.832031,12.25,-2,2.6875,0.351939,-0.153694,1.75791
29177,0,3,6,-4,0,4,9,1,0.154785,0.389648,0.832031,12.25,-2,2.6875,0.351939,-0.153694,1.75791
29179,5,3,-13,-2,-6,-11,-15,2,0.162109,0.327148,0.864746,3.875,-4.5625,5,0.353258,-0.156171,1.75908
29179,-2,-5,-21,-3,-5,-1,-3,-5,0.162109,0.327148,0.864746,3.875,-4.5625,5,0.353258,-0.156171,1.75908
29184,7,14,39,3,6,6,-1,0,0.162109,0.327148,0.864746,3.875,-4.5625,5,0.353258,-0.156171,1.75908
29184,-1,10,56,2,-1,1,2,-2,0.162109,0.327148,0.864746,3.875,-4.5625,5,0.353258,-0.156171,1.75908
29199,-8,-23,-66,-6,-4,-5,-9,-9,0.166992,0.299316,0.867676,1.4375,-5.9375,-1.6875,0.353512,-0.158447,1.75792
29199,0,-4,-3,-1,-5,0,2,2,0.166992,0.299316,0.867676,1.4375,-5.9375,-1.6875,0.353512,-0.158447,1.75792
29207,-4,8,-12,-3,-2,-1,3,-2,0.166992,0.299316,0.867676,1.4375,-5.9375,-1.6875,0.353512,-0.158447,1.75792
29207,11,25,5,8,4,1,1,-3,0.166992,0.299316,0.867676,1.4375,-5.9375,-1.6875,0.353512,-0.158447,1.75792
29209,-6,-5,-4,-1,1,-1,-4,-2,0.15918,-0.0249023,0.961914,-3.5,-9.75,-5.25,0.3441,-0.161278,1.75623
29209,-3,-20,6,1,3,3,5,0,0.15918,-0.0249023,0.961914,-3.5,-9.75,-5.25,0.3441,-0.161278,1.75623
29229,0,15,50,5,-1,-3,-4,1,0.15918,-0.0249023,0.961914,-3.5,-9.75,-5.25,0.3441,-0.161278,1.75623
29229,-4,4,-50,-18,-9,-5,-2,3,0.15918,-0.0249023,0.961914,-3.5,-9.75,-5.25,0.3441,-0.161278,1.75623
29232,3,-23,6,-4,-2,-1,-2,3,0.241211,0.334961,0.875,44.625,-7.6875,-1.4375,0.360031,-0.165644,1.75486
29232,0,-5,-1,-4,2,-1,6,3,0.241211,0.334961,0.875,44.625,-7.6875,-1.4375,0.360031,-0.165644,1.75486
29244,5,13,13,4,0,-1,-10,-2,0.241211,0.334961,0.875,44.625,-7.6875,-1.4375,0.360031,-0.165644,1.75486
29244,-3,7,-6,2,0,2,2,-3,0.241211,0.334961,0.875,44.625,-7.6875,-1.4375,0.360031,-0.165644,1.75486
29252,-1,20,39,-4,0,1,-2,-4,0.0673828,0.463379,0.848633,41.9375,-5.3125,7.8125,0.377362,-0.166115,1.75632
29252,-1,0,-21,-5,-5,-2,3,6,0.0673828,0.463379,0.848633,41.9375,-5.3125,7.8125,0.377362,-0.166115,1.75632
29268,-14,-52,-37,-1,-6,-2,11,-4,0.0673828,0.463379,0.848633,41.9375,-5.3125,7.8125,0.377362,-0.166115,1.75632
29268,31,34,4,5,-1,-2,-23,14,0.0673828,0.463379,0.848633,41.9375,-5.3125,7.8125,0.377362,-0.166115,1.75632
29269,-41,0,35,1,1,-3,-7,-9,0.144043,0.351074,0.927734,19.125,-14.5625,12.3125,0.383079,-0.171718,1.75865
29269,47,50,28,3,-2,-4,-10,-3,0.144043,0.351074,0.927734,19.125,-14.5625,12.3125,0.383079,-0.171718,1.75865
29290,-24,-26,-50,-11,-3,-2,-6,2,0.144043,0.351074,0.927734,19.125,-14.5625,12.3125,0.383079,-0.171718,1.75865
29290,17,-59,-10,3,0,2,6,-37,0.144043,0.351074,0.927734,19.125,-14.5625,12.3125,0.383079,-0.171718,1.75865
29292,10,11,-11,-2,-3,-4,3,27,0.0610352,0.308594,0.928223,36.1875,-9.4375,2.1875,0.394152,-0.17243,1.7583
29292,-1,-7,7,-2,3,4,-4,-11,0.0610352,0.308594,0.928223,36.1875,-9.4375,2.1875,0.394152,-0.17243,1.7583
29304,8,33,22,0,0,-1,6,17,0.0610352,0.308594,0.928223,36.1875,-9.4375,2.1875,0.394152,-0.17243,1.7583
29304,-1,-8,-14,-5,-2,1,5,0,0.0610352,0.308594,0.928223,36.1875,-9.4375,2.1875,0.394152,-0.17243,1.7583
29313,-6,-22,-11,0,-1,3,14,8,0.00292969,0.263184,0.959473,18.75,-15.6875,9.0625,0.397262,-0.174511,1.75979
29313,-22,-12,-79,-4,0,-1,-2,-7,0.00292969,0.263184,0.959473,18.75,-15.6875,9.0625,0.397262,-0.174511,1.75979
29327,28,42,16,1,-3,-1,-4,8,0.00292969,0.263184,0.959473,18.75,-15.6875,9.0625,0.397262,-0.174511,1.75979
29327,-31,-47,-11,-2,-4,-4,5,11,0.00292969,0.263184,0.959473,18.75,-15.6875,9.0625,0.397262,-0.174511,1.75979
29329,14,-4,20,0,1,3,5,0,0.0839844,0.164062,0.932617,41.375,-9,0.5,0.406539,-0.175595,1.75958
29329,-6,-36,-43,-1,-1,0,4,17,0.0839844,0.164062,0.932617,41.375,-9,0.5,0.406539,-0.175595,1.75958
29351,-30,-14,28,-2,-5,-4,-9,-11,0.0839844,0.164062,0.932617,41.375,-9,0.5,0.406539,-0.175595,1.75958
29351,20,34,-8,0,-1,-1,-2,0,0.0839844,0.164062,0.932617,41.375,-9,0.5,0.406539,-0.175595,1.75958
29352,-12,-49,-87,-7,0,-2,-3,-16,-0.115723,0.257812,0.887695,66.125,18.5,-32.875,0.42762,-0.158629,1.75217
29352,5,6,78,-1,-3,-4,-1,3,-0.115723,0.257812,0.887695,66.125,18.5,-32.875,0.42762,-0.158629,1.75217
29363,-5,5,0,0,-3,1,-1,-6,-0.115723,0.257812,0.887695,66.125,18.5,-32.875,0.42762,-0.158629,1.75217
29363,-8,29,34,4,1,2,16,-15,-0.115723,0.257812,0.887695,66.125,18.5,-32.875,0.42762,-0.158629,1.75217
29373,2,-5,-19,6,3,-1,-22,10,-0.103516,0.282227,0.816895,48.4375,16.3125,-36.25,0.443529,-0.142662,1.74341
29373,-11,52,-13,3,4,4,3,-6,-0.103516,0.282227,0.816895,48.4375,16.3125,-36.25,0.443529,-0.142662,1.74341
29388,1,-73,-12,-13,-8,-3,-3,-19,-0.103516,0.282227,0.816895,48.4375,16.3125,-36.25,0.443529,-0.142662,1.74341
29388,-10,23,3,-3,3,0,4,10,-0.103516,0.282227,0.816895,48.4375,16.3125,-36.25,0.443529,-0.142662,1.74341
29389,-3,32,-6,-3,0,-1,0,-11,-0.0517578,0.546875,0.81543,15.5625,2.125,-36.5625,0.453925,-0.132061,1.73169
29389,-1,-7,18,3,1,-2,-5,-7,-0.0517578,0.546875,0.81543,15.5625,2.125,-36.5625,0.453925,-0.132061,1.73169
29410,5,36,-6,3,1,1,5,5,-0.0517578,0.546875,0.81543,15.5625,2.125,-36.5625,0.453925,-0.132061,1.73169
29410,-41,-77,-11,-3,-3,-4,-4,-4,-0.0517578,0.546875,0.81543,15.5625,2.125,-36.5625,0.453925,-0.132061,1.73169
29412,18,16,30,-2,-3,-2,-1,-4,-0.0244141,0.52002,0.70459,-6.5625,-11.125,-14.9375,0.456357,-0.129916,1.72466
29412,1,19,32,10,1,-3,-7,-4,-0.0244141,0.52002,0.70459,-6.5625,-11.125,-14.9375,0.456357,-0.129916,1.72466
29432,1,-17,-69,-22,-8,-4,-2,3,-0.0244141,0.52002,0.70459,-6.5625,-11.125,-14.9375,0.456357,-0.129916,1.72466
29432,-1,-14,40,-2,-5,-2,0,5,-0.0244141,0.52002,0.70459,-6.5625,-11.125,-14.9375,0.456357,-0.129916,1.72466
29433,15,25,-27,6,5,3,4,-8,0.148926,0.289062,0.74707,-25.8125,-18.25,-4.5,0.44639,-0.135901,1.72071
29433,-42,-20,38,3,3,2,-2,-4,0.148926,0.289062,0.74707,-25.8125,-18.25,-4.5,0.44639,-0.135901,1.72071
29448,30,18,-37,4,3,0,3,6,0.148926,0.289062,0.74707,-25.8125,-18.25,-4.5,0.44639,-0.135901,1.72071
29448,-32,-49,-2,-5,-5,-4,-9,-8,0.148926,0.289062,0.74707,-25.8125,-18.25,-4.5,0.44639,-0.135901,1.72071
29454,13,86,37,-3,-3,-7,-5,4,0.283203,0.163574,0.777832,-7.5,-20.3125,-8.4375,0.440063,-0.145178,1.71559
29454,0,-81,-20,-5,-3,-2,4,-9,0.283203,0.163574,0.777832,-7.5,-20.3125,-8.4375,0.440063,-0.145178,1.71559
29470,-2,-3,48,9,3,0,1,1,0.283203,0.163574,0.777832,-7.5,-20.3125,-8.4375,0.440063,-0.145178,1.71559
29470,41,36,-77,0,-4,1,1,7,0.283203,0.163574,0.777832,-7.5,-20.3125,-8.4375,0.440063,-0.145178,1.71559
29472,-63,-22,-5,2,0,4,29,13,0.360352,0.224609,0.723633,19.6875,-13.0625,-13.25,0.445128,-0.153172,1.70975
29472,17,22,-11,-7,-5,-6,-16,-2,0.360352,0.224609,0.723633,19.6875,-13.0625,-13.25,0.445128,-0.153172,1.70975
29484,0,10,54,5,1,1,-5,-7,0.360352,0.224609,0.723633,19.6875,-13.0625,-13.25,0.445128,-0.153172,1.70975
29484,11,19,-37,1,3,-3,-3,3,0.360352,0.224609,0.723633,19.6875,-13.0625,-13.25,0.445128,-0.153172,1.70975
29492,9,-21,42,-1,-1,0,-1,0,0.334473,0.370605,0.692871,33.8125,-5,-3.0625,0.457858,-0.15945,1.70794
29492,1,-3,-58,-10,-3,1,7,-2,0.334473,0.370605,0.692871,33.8125,-5,-3.0625,0.457858,-0.15945,1.70794
29507,-12,7,-3,-5,-7,-8,-2,-5,0.334473,0.370605,0.692871,33.8125,-5,-3.0625,0.457858,-0.15945,1.70794
29507,5,41,62,2,0,1,6,5,0.334473,0.370605,0.692871,33.8125,-5,-3.0625,0.457858,-0.15945,1.70794
29514,10,-10,26,9,3,8,-3,-11,0.246582,0.474609,0.699707,29.5625,-5.4375,7.875,0.470557,-0.16496,1.7092
29514,2,21,-13,-9,-3,0,-7,3,0.246582,0.474609,0.699707,29.5625,-5.4375,7.875,0.470557,-0.16496,1.7092
29530,-20,-70,-23,13,6,2,-9,-19,0.246582,0.474609,0.699707,29.5625,-5.4375,7.875,0.470557,-0.16496,1.7092
29530,-5,21,-1,-21,-13,-13,-3,8,0.246582,0.474609,0.699707,29.5625,-5.4375,7.875,0.470557,-0.16496,1.7092
29532,7,-44,-51,-7,-3,-1,-8,9,0.228516,0.479004,0.694336,11.4375,-11,2,0.477433,-0.17063,1.70758
29532,13,3,24,3,1,3,6,-1,0.228516,0.479004,0.694336,11.4375,-11,2,0.477433,-0.17063,1.70758
29544,6,37,-13,4,2,-1,5,12,0.228516,0.479004,0.694336,11.4375,-11,2,0.477433,-0.17063,1.70758
29544,-8,-2,-8,4,0,-5,-11,-8,0.228516,0.479004,0.694336,11.4375,-11,2,0.477433,-0.17063,1.70758
29559,3,1,52,11,-2,-3,-13,-13,0.237305,0.392578,0.71875,6.375,-15.625,-1.8125,0.480575,-0.177435,1.70443
29559,4,7,-88,-31,-8,0,17,36,0.237305,0.392578,0.71875,6.375,-15.625,-1.8125,0.480575,-0.177435,1.70443
29567,-19,-2,20,-2,-1,0,-16,-59,0.237305,0.392578,0.71875,6.375,-15.625,-1.8125,0.480575,-0.177435,1.70443
29567,-12,-12,28,3,1,1,-1,-18,0.237305,0.392578,0.71875,6.375,-15.625,-1.8125,0.480575,-0.177435,1.70443
29573,22,18,-11,-2,-2,-4,-2,-5,0.210449,0.418945,0.788086,16.1875,-14.5625,-3.625,0.48689,-0.182477,1.70098
29573,12,-19,10,11,-6,-3,-2,4,0.210449,0.418945,0.788086,16.1875,-14.5625,-3.625,0.48689,-0.182477,1.70098
29589,2,-18,12,-9,-1,-3,1,10,0.210449,0.418945,0.788086,16.1875,-14.5625,-3.625,0.48689,-0.182477,1.70098
29589,-3,5,-23,3,6,2,-9,0,0.210449,0.418945,0.788086,16.1875,-14.5625,-3.625,0.48689,-0.182477,1.70098
29592,1,-18,30,5,0,0,21,-7,0.223145,0.472168,0.855469,29.375,-13.625,-8.25,0.498225,-0.186134,1.69602
29592,22,22,5,12,6,-2,1,-3,0.223145,0.472168,0.855469,29.375,-13.625,-8.25,0.498225,-0.186134,1.69602
29603,7,26,4,-9,-6,3,4,6,0.223145,0.472168,0.855469,29.375,-13.625,-8.25,0.498225,-0.186134,1.69602
29603,-12,12,10,1,-2,-1,1,-2,0.223145,0.472168,0.855469,29.375,-13.625,-8.25,0.498225,-0.186134,1.69602
29612,10,34,12,-2,-3,-5,-7,13,0.359375,0.538086,0.786621,13.6875,-8.875,-19,0.50662,-0.189993,1.68826
29612,-1,31,-11,-2,-1,2,1,-7,0.359375,0.538086,0.786621,13.6875,-8.875,-19,0.50662,-0.189993,1.68826
29627,-13,-24,8,3,0,-4,-1,1,0.359375,0.538086,0.786621,13.6875,-8.875,-19,0.50662,-0.189993,1.68826
29627,-4,-11,29,0,3,2,-3,4,0.359375,0.538086,0.786621,13.6875,-8.875,-19,0.50662,-0.189993,1.68826
29633,3,-39,-80,-12,-5,-2,-6,-6,0.320801,0.469238,0.715332,-10.6875,-4.0625,-7.875,0.505065,-0.193542,1.68486
29633,-14,11,29,7,-1,-2,0,-7,0.320801,0.469238,0.715332,-10.6875,-4.0625,-7.875,0.505065,-0.193542,1.68486
29650,0,32,31,1,4,0,-4,-1,0.320801,0.469238,0.715332,-10.6875,-4.0625,-7.875,0.505065,-0.193542,1.68486
29650,-3,-18,-31,-5,4,4,7,1,0.320801,0.469238,0.715332,-10.6875,-4.0625,-7.875,0.505065,-0.193542,1.68486
29652,-6,1,56,11,4,-1,-4,0,0.163574,0.48877,0.731445,-11.5,-9.4375,7.1875,0.502851,-0.197439,1.68502
29652,-2,7,0,1,-1,-16,21,-8,0.163574,0.48877,0.731445,-11.5,-9.4375,7.1875,0.502851,-0.197439,1.68502
29663,3,-14,-46,-13,-5,25,-12,16,0.163574,0.48877,0.731445,-11.5,-9.4375,7.1875,0.502851,-0.197439,1.68502
29663,11,-12,15,-5,-7,0,8,7,0.163574,0.48877,0.731445,-11.5,-9.4375,7.1875,0.502851,-0.197439,1.68502
29672,-8,13,0,2,-2,-10,-44,-8,0.145996,0.447754,0.764648,-8.125,-9.375,-0.3125,0.500977,-0.199313,1.6832
29672,-23,-21,9,-4,-2,0,32,-27,0.145996,0.447754,0.764648,-8.125,-9.375,-0.3125,0.500977,-0.199313,1.6832
29687,16,15,-9,6,2,-15,2,-4,0.145996,0.447754,0.764648,-8.125,-9.375,-0.3125,0.500977,-0.199313,1.6832
29687,1,-3,38,2,-3,-2,-1,-3,0.145996,0.447754,0.764648,-8.125,-9.375,-0.3125,0.500977,-0.199313,1.6832
29711,4,-18,-68,-11,2,14,-7,-4,0.225586,0.341797,0.847168,25.4375,-2,-13.75,0.507897,-0.198721,1.67915
29711,-3,-9,13,0,-2,-11,-16,9,0.225586,0.341797,0.847168,25.4375,-2,-13.75,0.507897,-0.198721,1.67915
29712,-14,-38,10,-3,-1,4,-6,-8,0.225586,0.341797,0.847168,25.4375,-2,-13.75,0.507897,-0.198721,1.67915
29712,-1,69,37,12,6,7,-3,-16,0.225586,0.341797,0.847168,25.4375,-2,-13.75,0.507897,-0.198721,1.67915
29713,5,40,46,5,-2,-11,5,24,0.203613,0.442871,0.813477,54.625,4.1875,-11.9375,0.526929,-0.195899,1.67639
29713,-9,-61,-64,-12,-4,-3,-3,-5,0.203613,0.442871,0.813477,54.625,4.1875,-11.9375,0.526929,-0.195899,1.67639
29732,14,0,-15,-1,1,0,13,-5,0.203613,0.442871,0.813477,54.625,4.1875,-11.9375,0.526929,-0.195899,1.67639
29732,-1,27,22,10,6,20,25,-11,0.203613,0.442871,0.813477,54.625,4.1875,-11.9375,0.526929,-0.195899,1.67639
29734,-8,-7,14,-10,-14,-39,12,5,0.149414,0.567383,0.750977,42.6875,1.6875,-7.0625,0.544591,-0.193294,1.67396
29734,8,-3,-20,-3,11,72,-4,49,0.149414,0.567383,0.750977,42.6875,1.6875,-7.0625,0.544591,-0.193294,1.67396
29746,-29,11,8,2,0,-14,3,25,0.149414,0.567383,0.750977,42.6875,1.6875,-7.0625,0.544591,-0.193294,1.67396
29746,20,-48,-17,-1,1,3,8,-13,0.149414,0.567383,0.750977,42.6875,1.6875,-7.0625,0.544591,-0.193294,1.67396
29755,-24,82,-16,-13,-4,-2,-15,-16,0.129883,0.54834,0.737793,19.125,-2.9375,0.75,0.553342,-0.193077,1.67337
29755,-3,-69,0,0,-8,-33,2,-1,0.129883,0.54834,0.737793,19.125,-2.9375,0.75,0.553342,-0.193077,1.67337
29772,2,70,44,8,1,4,-7,-15,0.129883,0.54834,0.737793,19.125,-2.9375,0.75,0.553342,-0.193077,1.67337
29772,-9,-75,-81,-4,2,4,1,47,0.129883,0.54834,0.737793,19.125,-2.9375,0.75,0.553342,-0.193077,1.67337
29773,-29,-32,27,1,2,2,10,-3,0.214844,0.332031,0.671387,10.3125,-9.625,3.5,0.555324,-0.198075,1.67292
29773,4,30,13,-5,1,-7,-11,-5,0.214844,0.332031,0.671387,10.3125,-9.625,3.5,0.555324,-0.198075,1.67292
29793,11,15,22,4,-1,9,5,-19,0.214844,0.332031,0.671387,10.3125,-9.625,3.5,0.555324,-0.198075,1.67292
29793,-2,32,8,-2,-5,-13,-8,15,0.214844,0.332031,0.671387,10.3125,-9.625,3.5,0.555324,-0.198075,1.67292
29795,13,-37,-16,0,0,3,7,0,0.345703,0.518555,0.713867,16.5,-4.8125,-10.6875,0.563327,-0.201494,1.66859
29795,-12,26,9,5,4,4,-8,-19,0.345703,0.518555,0.713867,16.5,-4.8125,-10.6875,0.563327,-0.201494,1.66859
29807,0,-27,-14,-3,-6,-14,-2,12,0.345703,0.518555,0.713867,16.5,-4.8125,-10.6875,0.563327,-0.201494,1.66859
29807,1,-12,4,-4,-4,-2,-6,4,0.345703,0.518555,0.713867,16.5,-4.8125,-10.6875,0.563327,-0.201494,1.66859
29815,4,-4,-38,-7,-3,8,1,-8,0.305664,0.608398,0.778809,8.6875,8.9375,-26.4375,0.569895,-0.196676,1.66195
29815,4,3,1,14,8,0,-11,-16,0.305664,0.608398,0.778809,8.6875,8.9375,-26.4375,0.569895,-0.196676,1.66195
29830,0,25,22,4,4,-1,2,5,0.305664,0.608398,0.778809,8.6875,8.9375,-26.4375,0.569895,-0.196676,1.66195
29830,-2,-82,-90,-17,-16,-11,-6,-6,0.305664,0.608398,0.778809,8.6875,8.9375,-26.4375,0.569895,-0.196676,1.66195
29832,3,13,30,6,3,9,0,-9,0.226562,0.630859,0.723633,-0.5625,14.25,-20.5,0.573786,-0.189627,1.65796
29832,-5,14,11,-8,-4,-7,-4,-1,0.226562,0.630859,0.723633,-0.5625,14.25,-20.5,0.573786,-0.189627,1.65796
29853,9,21,-16,-9,-4,-3,2,5,0.226562,0.630859,0.723633,-0.5625,14.25,-20.5,0.573786,-0.189627,1.65796
29853,-5,-18,77,15,5,-1,-5,-12,0.226562,0.630859,0.723633,-0.5625,14.25,-20.5,0.573786,-0.189627,1.65796
29854,9,-6,-58,-8,2,3,5,9,0.282227,0.575684,0.660156,-29.25,14.5625,-10.1875,0.566911,-0.186269,1.65704
29854,-15,5,38,3,-2,-3,-9,-5,0.282227,0.575684,0.660156,-29.25,14.5625,-10.1875,0.566911,-0.186269,1.65704
29866,-21,-88,-31,1,0,3,2,0,0.282227,0.575684,0.660156,-29.25,14.5625,-10.1875,0.566911,-0.186269,1.65704
29866,8,67,46,-1,-4,-3,-3,-6,0.282227,0.575684,0.660156,-29.25,14.5625,-10.1875,0.566911,-0.186269,1.65704
29881,-6,-72,-56,-5,-4,-3,5,-6,0.296387,0.399414,0.603516,-74.1875,11.625,-9.1875,0.541905,-0.185035,1.65633
29881,-11,23,33,5,2,-1,-3,-3,0.296387,0.399414,0.603516,-74.1875,11.625,-9.1875,0.541905,-0.185035,1.65633
29890,9,-2,-20,-8,-3,4,10,4,0.296387,0.399414,0.603516,-74.1875,11.625,-9.1875,0.541905,-0.185035,1.65633
29890,-11,28,-35,0,-1,-4,-11,0,0.296387,0.399414,0.603516,-74.1875,11.625,-9.1875,0.541905,-0.185035,1.65633
29892,-3,17,25,3,0,2,-2,-2,0.350098,0.281738,0.609375,-71.1875,9.875,-12.5,0.516032,-0.185242,1.65459
29892,22,24,-13,-1,2,1,8,1,0.350098,0.281738,0.609375,-71.1875,9.875,-12.5,0.516032,-0.185242,1.65459
29920,-40,-10,6,-4,-5,-5,-10,0,0.350098,0.281738,0.609375,-71.1875,9.875,-12.5,0.516032,-0.185242,1.65459
29920,19,46,-12,-2,5,2,16,1,0.350098,0.281738,0.609375,-71.1875,9.875,-12.5,0.516032,-0.185242,1.65459
29922,-14,-36,5,-1,3,3,-2,2,0.429688,0.313477,0.643066,-32.5625,14.875,-19,0.504353,-0.184643,1.65146
29922,11,1,-3,-9,-6,-8,-10,-5,0.429688,0.313477,0.643066,-32.5625,14.875,-19,0.504353,-0.184643,1.65146
29926,42,39,21,7,2,-1,5,7,0.429688,0.313477,0.643066,-32.5625,14.875,-19,0.504353,-0.184643,1.65146
29926,-34,34,0,-1,-1,-5,-12,-28,0.429688,0.313477,0.643066,-32.5625,14.875,-19,0.504353,-0.184643,1.65146
29935,7,69,16,1,2,3,1,20,0.391602,0.414062,0.682617,-10.0625,20.0625,-22.125,0.502285,-0.180631,1.64788
29935,-15,-20,-18,-1,-1,-2,-6,-7,0.391602,0.414062,0.682617,-10.0625,20.0625,-22.125,0.502285,-0.180631,1.64788
29950,-24,-80,-41,-12,-1,-2,-2,-3,0.391602,0.414062,0.682617,-10.0625,20.0625,-22.125,0.502285,-0.180631,1.64788
29950,-8,-31,53,1,-7,-4,-6,-16,0.391602,0.414062,0.682617,-10.0625,20.0625,-22.125,0.502285,-0.180631,1.64788
29951,12,-12,-3,2,-4,-2,-7,1,0.293945,0.483398,0.760742,-3.5,21.625,-16.5625,0.502775,-0.174573,1.64612
29951,-19,-4,14,-3,-4,-3,-6,3,0.293945,0.483398,0.760742,-3.5,21.625,-16.5625,0.502775,-0.174573,1.64612
29988,26,45,10,10,8,8,5,4,0.293945,0.483398,0.760742,-3.5,21.625,-16.5625,0.502775,-0.174573,1.64612
29988,-3,-21,-42,1,3,6,-1,5,0.293945,0.483398,0.760742,-3.5,21.625,-16.5625,0.502775,-0.174573,1.64612
29990,10,10,19,4,-1,1,-3,-11,0.212402,0.440918,0.758789,-23.3125,14.5,-6.8125,0.495306,-0.170421,1.64632
29990,21,13,40,-5,-6,-3,4,8,0.212402,0.440918,0.758789,-23.3125,14.5,-6.8125,0.495306,-0.170421,1.64632
29990,-7,-9,-34,-2,0,-1,-3,-4,0.212402,0.440918,0.758789,-23.3125,14.5,-6.8125,0.495306,-0.170421,1.64632
29990,4,-21,-16,-2,-3,-5,-3,2,0.212402,0.440918,0.758789,-23.3125,14.5,-6.8125,0.495306,-0.170421,1.64632
29995,6,17,19,-4,-6,1,3,-2,0.134766,0.522461,0.739258,-32.125,5.375,-10.4375,0.487268,-0.166645,1.6435
29995,-7,-4,30,6,-5,-1,-2,-7,0.134766,0.522461,0.739258,-32.125,5.375,-10.4375,0.487268,-0.166645,1.6435
30010,-6,-1,-63,-7,13,1,2,-2,0.134766,0.522461,0.739258,-32.125,5.375,-10.4375,0.487268,-0.166645,1.6435
30010,1,-1,-7,-4,4,2,-2,2,0.134766,0.522461,0.739258,-32.125,5.375,-10.4375,0.487268,-0.166645,1.6435
30011,-1,-6,12,9,1,1,0,-1,0.00146484,0.684082,0.814453,-33.5,-6.25,-14.625,0.482279,-0.162081,1.63707
30011,-4,-3,1,-8,-13,-2,-2,1,0.00146484,0.684082,0.814453,-33.5,-6.25,-14.625,0.482279,-0.162081,1.63707
30033,4,-8,29,-4,-7,-6,-6,-3,0.00146484,0.684082,0.814453,-33.5,-6.25,-14.625,0.482279,-0.162081,1.63707
30033,10,-1,-27,9,13,-3,3,9,0.00146484,0.684082,0.814453,-33.5,-6.25,-14.625,0.482279,-0.162081,1.63707
30034,-2,-5,-1,-6,-11,-10,-3,-4,-0.0283203,0.446777,0.879883,-33.6875,-21.1875,-13.0625,0.471763,-0.162017,1.62954
30034,0,-9,84,1,-20,3,-3,-4,-0.0283203,0.446777,0.879883,-33.6875,-21.1875,-13.0625,0.471763,-0.162017,1.62954
30046,6,43,-21,12,-10,-1,4,5,-0.0283203,0.446777,0.879883,-33.6875,-21.1875,-13.0625,0.471763,-0.162017,1.62954
30046,-1,39,-48,-23,8,5,3,-3,-0.0283203,0.446777,0.879883,-33.6875,-21.1875,-13.0625,0.471763,-0.162017,1.62954
30063,-5,-24,-60,-8,45,11,5,-1,-0.0214844,0.323242,0.837891,18.1875,-26.5,-4.0625,0.476588,-0.165414,1.62424
30063,6,22,-4,39,38,15,0,2,-0.0214844,0.323242,0.837891,18.1875,-26.5,-4.0625,0.476588,-0.165414,1.62424
30070,6,4,68,8,-4,-3,2,3,-0.0214844,0.323242,0.837891,18.1875,-26.5,-4.0625,0.476588,-0.165414,1.62424
30070,-4,2,-17,-6,-34,-50,-9,1,-0.0214844,0.323242,0.837891,18.1875,-26.5,-4.0625,0.476588,-0.165414,1.62424
30071,9,21,61,4,-22,4,-9,-1,0.0117188,0.333008,0.718262,-7.25,-45.625,7.8125,0.474136,-0.177777,1.61947
30071,-2,-46,-85,-42,-2,25,15,-6,0.0117188,0.333008,0.718262,-7.25,-45.625,7.8125,0.474136,-0.177777,1.61947
30100,-19,-6,27,10,10,23,9,-4,0.0117188,0.333008,0.718262,-7.25,-45.625,7.8125,0.474136,-0.177777,1.61947
30100,5,-9,-5,3,-8,-8,-8,-2,0.0117188,0.333008,0.718262,-7.25,-45.625,7.8125,0.474136,-0.177777,1.61947
30102,-3,-7,36,-2,-4,-1,1,-5,0.0273438,0.380859,0.913086,-14.5625,-42.4375,-0.0625,0.468445,-0.187018,1.61306
30102,-1,-11,-49,-4,-8,-39,-20,-6,0.0273438,0.380859,0.913086,-14.5625,-42.4375,-0.0625,0.468445,-0.187018,1.61306
30106,2,14,20,-6,-10,-67,-27,-2,0.0273438,0.380859,0.913086,-14.5625,-42.4375,-0.0625,0.468445,-0.187018,1.61306
30106,14,-20,-31,-1,6,67,33,7,0.0273438,0.380859,0.913086,-14.5625,-42.4375,-0.0625,0.468445,-0.187018,1.61306
30115,-7,-4,-52,-1,-4,-15,-13,-8,0.0214844,0.0429688,1.07812,48.125,-21.625,-7.4375,0.475029,-0.188517,1.60924
30115,-2,1,15,6,6,19,-2,0,0.0214844,0.0429688,1.07812,48.125,-21.625,-7.4375,0.475029,-0.188517,1.60924
30130,2,-15,-35,-19,-10,-21,-3,-3,0.0214844,0.0429688,1.07812,48.125,-21.625,-7.4375,0.475029,-0.188517,1.60924
30130,8,4,53,9,-2,-24,-8,1,0.0214844,0.0429688,1.07812,48.125,-21.625,-7.4375,0.475029,-0.188517,1.60924
30131,-16,15,37,9,-3,-42,-6,-1,-0.0175781,0.0961914,0.945801,95.9375,-2.375,3.625,0.499215,-0.185443,1.61173
30131,-4,1,-57,-3,1,21,17,0,-0.0175781,0.0961914,0.945801,95.9375,-2.375,3.625,0.499215,-0.185443,1.61173
30152,6,20,10,-5,7,45,20,0,-0.0175781,0.0961914,0.945801,95.9375,-2.375,3.625,0.499215,-0.185443,1.61173
30152,-20,-98,-19,7,10,0,-3,2,-0.0175781,0.0961914,0.945801,95.9375,-2.375,3.625,0.499215,-0.185443,1.61173
30154,-15,8,45,-1,-5,6,3,-6,-0.0405273,0.444824,0.900391,90.875,9.8125,18.9375,0.527857,-0.180358,1.61967
30154,-6,-20,-21,-9,-7,-32,0,4,-0.0405273,0.444824,0.900391,90.875,9.8125,18.9375,0.527857,-0.180358,1.61967
30167,8,10,-5,1,-2,-5,-23,17,-0.0405273,0.444824,0.900391,90.875,9.8125,18.9375,0.527857,-0.180358,1.61967
30167,-17,23,2,3,1,26,-7,-12,-0.0405273,0.444824,0.900391,90.875,9.8125,18.9375,0.527857,-0.180358,1.61967
30182,14,68,9,-2,6,6,19,11,-0.078125,0.424805,0.804199,34.875,16.3125,28.75,0.536795,-0.174761,1.63162
30182,4,-84,26,3,4,2,0,-10,-0.078125,0.424805,0.804199,34.875,16.3125,28.75,0.536795,-0.174761,1.63162
30197,4,-9,-33,-6,-5,8,-1,16,-0.078125,0.424805,0.804199,34.875,16.3125,28.75,0.536795,-0.174761,1.63162
30197,-6,-22,7,-11,-10,-50,-8,1,-0.078125,0.424805,0.804199,34.875,16.3125,28.75,0.536795,-0.174761,1.63162
30199,1,3,-15,-1,4,27,2,-19,0.019043,0.294922,0.746582,-0.25,14.75,39.9375,0.531002,-0.174642,1.64703
30199,19,54,22,4,-5,-40,-22,-14,0.019043,0.294922,0.746582,-0.25,14.75,39.9375,0.531002,-0.174642,1.64703
30212,-3,7,-39,-7,-4,19,9,-19,0.019043,0.294922,0.746582,-0.25,14.75,39.9375,0.531002,-0.174642,1.64703
30212,12,30,90,5,-6,2,-24,36,0.019043,0.294922,0.746582,-0.25,14.75,39.9375,0.531002,-0.174642,1.64703
30214,3,-68,-56,-13,-12,-49,-6,-27,0.0263672,0.341309,0.567383,-11.75,8.125,14.1875,0.526099,-0.172486,1.65273
30214,-10,13,-18,-1,15,63,19,-15,0.0263672,0.341309,0.567383,-11.75,8.125,14.1875,0.526099,-0.172486,1.65273
30226,21,1,26,2,-6,-30,-4,-4,0.0263672,0.341309,0.567383,-11.75,8.125,14.1875,0.526099,-0.172486,1.65273
30226,-1,14,-4,3,10,28,12,-23,0.0263672,0.341309,0.567383,-11.75,8.125,14.1875,0.526099,-0.172486,1.65273
30242,13,-11,-1,-5,-4,18,-5,10,0.059082,0.649414,0.687012,-32.8125,7.125,-3.9375,0.520216,-0.167317,1.65186
30242,-11,22,1,-10,-11,-34,-2,29,0.059082,0.649414,0.687012,-32.8125,7.125,-3.9375,0.520216,-0.167317,1.65186
30249,-7,-7,4,3,4,-1,-4,3,0.059082,0.649414,0.687012,-32.8125,7.125,-3.9375,0.520216,-0.167317,1.65186
30249,9,5,-8,-3,-2,-5,3,7,0.059082,0.649414,0.687012,-32.8125,7.125,-3.9375,0.520216,-0.167317,1.65186
30252,11,38,26,7,1,17,12,17,0.371582,0.487793,0.904785,1.8125,22.5,-7.25,0.519872,-0.164119,1.6537
30252,-4,-32,-63,-7,-6,-20,-7,-2,0.371582,0.487793,0.904785,1.8125,22.5,-7.25,0.519872,-0.164119,1.6537
30273,-13,2,65,14,5,4,-2,-8,0.371582,0.487793,0.904785,1.8125,22.5,-7.25,0.519872,-0.164119,1.6537
30273,-1,27,-37,-9,-1,2,3,-1,0.371582,0.487793,0.904785,1.8125,22.5,-7.25,0.519872,-0.164119,1.6537
30274,-3,-26,12,3,-2,-8,-12,0,0.189453,0.726562,0.875,-25.75,29.5,-16.3125,0.515858,-0.152782,1.65318
30274,-3,3,28,-3,-2,4,-6,-2,0.189453,0.726562,0.875,-25.75,29.5,-16.3125,0.515858,-0.152782,1.65318
30286,-1,26,-28,2,2,4,5,1,0.189453,0.726562,0.875,-25.75,29.5,-16.3125,0.515858,-0.152782,1.65318
30286,-3,-29,8,-1,-6,-8,-3,-10,0.189453,0.726562,0.875,-25.75,29.5,-16.3125,0.515858,-0.152782,1.65318
30295,-14,-7,-17,-5,-1,1,-2,-5,0.0507812,0.536621,0.790527,-6.25,17.4375,9,0.514837,-0.146751,1.65867
30295,4,4,25,-4,3,1,2,5,0.0507812,0.536621,0.790527,-6.25,17.4375,9,0.514837,-0.146751,1.65867
30309,-3,0,-25,-8,0,5,5,-2,0.0507812,0.536621,0.790527,-6.25,17.4375,9,0.514837,-0.146751,1.65867
30309,5,40,97,8,-6,-13,-1,-5,0.0507812,0.536621,0.790527,-6.25,17.4375,9,0.514837,-0.146751,1.65867
30317,-12,-62,-109,-13,-6,2,-8,-4,0.10498,0.559082,0.762207,-15.25,8.125,26.75,0.510993,-0.148073,1.66795
30317,-2,9,-18,-3,-1,1,1,1,0.10498,0.559082,0.762207,-15.25,8.125,26.75,0.510993,-0.148073,1.66795
30333,-6,-4,60,11,5,-6,-6,-6,0.10498,0.559082,0.762207,-15.25,8.125,26.75,0.510993,-0.148073,1.66795
30333,2,24,20,13,6,7,3,0,0.10498,0.559082,0.762207,-15.25,8.125,26.75,0.510993,-0.148073,1.66795
30334,-4,-33,-34,-12,-2,0,-5,2,0.125,0.503418,0.759766,-37.75,3.3125,28.1875,0.49833,-0.151498,1.67694
30334,1,26,51,-6,-7,-1,-10,-4,0.125,0.503418,0.759766,-37.75,3.3125,28.1875,0.49833,-0.151498,1.67694
30355,1,-16,-9,-2,2,-2,7,-3,0.125,0.503418,0.759766,-37.75,3.3125,28.1875,0.49833,-0.151498,1.67694
30355,-9,8,4,4,5,-3,-11,-6,0.125,0.503418,0.759766,-37.75,3.3125,28.1875,0.49833,-0.151498,1.67694
30356,1,-3,20,6,-4,4,2,7,0.130371,0.446289,0.771973,-45.8125,-1.125,26.375,0.482102,-0.155874,1.68484
30356,0,18,18,7,-2,-4,-2,1,0.130371,0.446289,0.771973,-45.8125,-1.125,26.375,0.482102,-0.155874,1.68484
30370,2,-27,-78,0,-4,2,10,6,0.130371,0.446289,0.771973,-45.8125,-1.125,26.375,0.482102,-0.155874,1.68484
30370,0,-18,-64,-30,-7,-1,12,2,0.130371,0.446289,0.771973,-45.8125,-1.125,26.375,0.482102,-0.155874,1.68484
30371,0,-9,18,12,3,-3,-17,-10,0.114746,0.425781,0.805664,-48.9375,-3.1875,22.625,0.464449,-0.159746,1.69125
30371,11,23,-21,-6,-1,-1,-4,-3,0.114746,0.425781,0.805664,-48.9375,-3.1875,22.625,0.464449,-0.159746,1.69125
30393,-27,23,58,12,1,1,-4,-8,0.114746,0.425781,0.805664,-48.9375,-3.1875,22.625,0.464449,-0.159746,1.69125
30393,-16,-41,-80,-13,-3,0,17,15,0.114746,0.425781,0.805664,-48.9375,-3.1875,22.625,0.464449,-0.159746,1.69125
30394,5,-29,-17,-10,-3,-1,16,-2,0.13623,0.365723,0.863281,-43.125,-1.9375,18.9375,0.447341,-0.162789,1.69714
30394,14,15,18,11,5,1,-1,12,0.13623,0.365723,0.863281,-43.125,-1.9375,18.9375,0.447341,-0.162789,1.69714
30406,-3,-25,13,0,-1,-2,-7,7,0.13623,0.365723,0.863281,-43.125,-1.9375,18.9375,0.447341,-0.162789,1.69714
30406,20,26,15,0,-3,-4,-9,-6,0.13623,0.365723,0.863281,-43.125,-1.9375,18.9375,0.447341,-0.162789,1.69714
30415,-27,5,61,-1,-1,0,9,20,0.174805,0.281738,0.89209,-36.6875,-3.9375,14.6875,0.431096,-0.166698,1.70192
30415,-2,-35,-59,2,1,1,-3,-16,0.174805,0.281738,0.89209,-36.6875,-3.9375,14.6875,0.431096,-0.166698,1.70192
30429,2,17,29,-5,-6,-5,-1,-6,0.174805,0.281738,0.89209,-36.6875,-3.9375,14.6875,0.431096,-0.166698,1.70192
30429,-3,-45,-12,1,1,0,-6,-9,0.174805,0.281738,0.89209,-36.6875,-3.9375,14.6875,0.431096,-0.166698,1.70192
30436,0,29,37,4,-1,1,-2,-1,0.145996,0.341797,0.867188,-13.5,-2.75,14.1875,0.424526,-0.169306,1.70615
30436,-3,-5,13,3,1,-2,0,3,0.145996,0.341797,0.867188,-13.5,-2.75,14.1875,0.424526,-0.169306,1.70615
30453,13,31,-16,-12,-6,-2,8,14,0.145996,0.341797,0.867188,-13.5,-2.75,14.1875,0.424526,-0.169306,1.70615
30453,6,-20,-3,6,2,-1,-7,-6,0.145996,0.341797,0.867188,-13.5,-2.75,14.1875,0.424526,-0.169306,1.70615
30454,-7,16,-15,-4,-1,1,-5,-5,0.0991211,0.359375,0.919434,-2.3125,-0.5,9.875,0.421891,-0.169187,1.70944
30454,-14,-20,-17,4,-1,-1,-3,0,0.0991211,0.359375,0.919434,-2.3125,-0.5,9.875,0.421891,-0.169187,1.70944
30466,4,0,-27,-8,-3,-3,-8,-9,0.0991211,0.359375,0.919434,-2.3125,-0.5,9.875,0.421891,-0.169187,1.70944
30466,-11,38,63,6,-2,-1,5,0,0.0991211,0.359375,0.919434,-2.3125,-0.5,9.875,0.421891,-0.169187,1.70944
30475,51,65,15,2,4,3,-1,4,0.0429688,0.307129,0.881836,6.6875,5.375,-3.1875,0.422322,-0.164303,1.70969
30475,-36,-66,-69,-13,-7,-5,-5,-15,0.0429688,0.307129,0.881836,6.6875,5.375,-3.1875,0.422322,-0.164303,1.70969
30489,7,-26,-7,-3,-1,-1,0,5,0.0429688,0.307129,0.881836,6.6875,5.375,-3.1875,0.422322,-0.164303,1.70969
30489,5,4,6,6,4,0,-3,3,0.0429688,0.307129,0.881836,6.6875,5.375,-3.1875,0.422322,-0.164303,1.70969
30496,-17,-11,-12,-6,-1,-3,-4,-7,-0.0307617,0.338867,0.83252,26.3125,7.625,-5.875,0.430654,-0.156804,1.70897
30496,3,0,37,5,2,0,15,10,-0.0307617,0.338867,0.83252,26.3125,7.625,-5.875,0.430654,-0.156804,1.70897
30520,6,0,21,3,1,1,-3,-3,-0.0307617,0.338867,0.83252,26.3125,7.625,-5.875,0.430654,-0.156804,1.70897
30520,-8,15,-21,-4,-2,0,-2,0,-0.0307617,0.338867,0.83252,26.3125,7.625,-5.875,0.430654,-0.156804,1.70897
30522,18,38,12,4,-1,0,-3,-1,-0.0395508,0.289551,0.770508,37.875,2.125,-7.875,0.442563,-0.151072,1.70703
30522,6,25,13,3,3,2,9,9,-0.0395508,0.289551,0.770508,37.875,2.125,-7.875,0.442563,-0.151072,1.70703
30526,-38,-27,-28,-12,-7,-4,-3,-12,-0.0395508,0.289551,0.770508,37.875,2.125,-7.875,0.442563,-0.151072,1.70703
30526,1,-2,-2,1,-1,-2,5,2,-0.0395508,0.289551,0.770508,37.875,2.125,-7.875,0.442563,-0.151072,1.70703
30542,-7,-11,-3,0,-1,0,-10,-4,0.108398,0.317871,0.794434,39.25,-5.9375,-6,0.455078,-0.151452,1.70448
30542,13,45,86,17,3,0,4,-1,0.108398,0.317871,0.794434,39.25,-5.9375,-6,0.455078,-0.151452,1.70448
30549,13,-48,-79,-20,-7,-2,-3,2,0.108398,0.317871,0.794434,39.25,-5.9375,-6,0.455078,-0.151452,1.70448
30549,-6,14,31,-1,-5,-6,-13,-24,0.108398,0.317871,0.794434,39.25,-5.9375,-6,0.455078,-0.151452,1.70448
30557,-18,-44,-22,0,2,0,-3,-4,0.168945,0.432617,0.808105,30.6875,-0.625,-5.375,0.466707,-0.151537,1.70264
30557,16,12,-1,-2,-2,-4,-3,7,0.168945,0.432617,0.808105,30.6875,-0.625,-5.375,0.466707,-0.151537,1.70264
30573,-4,35,39,15,7,6,-1,-9,0.168945,0.432617,0.808105,30.6875,-0.625,-5.375,0.466707,-0.151537,1.70264
30573,2,-26,-21,-7,-2,1,1,4,0.168945,0.432617,0.808105,30.6875,-0.625,-5.375,0.466707,-0.151537,1.70264
30574,-3,-7,8,-2,-6,-3,-5,-3,0.120605,0.433594,0.820312,13.1875,0,-1.3125,0.471666,-0.150871,1.70219
30574,5,24,-4,-2,-2,-5,-4,-5,0.120605,0.433594,0.820312,13.1875,0,-1.3125,0.471666,-0.150871,1.70219
30586,4,44,53,4,-2,-3,2,3,0.120605,0.433594,0.820312,13.1875,0,-1.3125,0.471666,-0.150871,1.70219
30586,-17,-51,-29,-7,2,0,-5,-4,0.120605,0.433594,0.820312,13.1875,0,-1.3125,0.471666,-0.150871,1.70219
30595,2,-18,-55,-2,0,2,4,0,0.14209,0.420898,0.799805,8.375,-2.4375,3.5,0.474691,-0.152288,1.70296
30595,-6,1,-8,-1,1,2,-1,1,0.14209,0.420898,0.799805,8.375,-2.4375,3.5,0.474691,-0.152288,1.70296
30609,11,-22,-16,-9,-5,-4,-3,1,0.14209,0.420898,0.799805,8.375,-2.4375,3.5,0.474691,-0.152288,1.70296
30609,-4,27,14,6,-2,-1,0,1,0.14209,0.420898,0.799805,8.375,-2.4375,3.5,0.474691,-0.152288,1.70296
30617,5,9,20,-3,-3,-4,2,-6,0.185059,0.401855,0.753906,4.5,-3.9375,6.0625,0.47634,-0.155657,1.70413
30617,-17,-43,-35,-8,-2,-1,6,8,0.185059,0.401855,0.753906,4.5,-3.9375,6.0625,0.47634,-0.155657,1.70413
30633,-2,-15,-11,-4,0,-1,-7,-10,0.185059,0.401855,0.753906,4.5,-3.9375,6.0625,0.47634,-0.155657,1.70413
30633,-5,-26,7,4,1,-2,-13,-1,0.185059,0.401855,0.753906,4.5,-3.9375,6.0625,0.47634,-0.155657,1.70413
30634,-8,47,15,4,2,5,12,-12,0.223633,0.367188,0.76416,-2.9375,-2.9375,4.5,0.474651,-0.15935,1.70519
30634,-5,-7,15,0,-2,-1,0,7,0.223633,0.367188,0.76416,-2.9375,-2.9375,4.5,0.474651,-0.15935,1.70519
30655,-3,-24,-18,0,-2,-2,-4,0,0.223633,0.367188,0.76416,-2.9375,-2.9375,4.5,0.474651,-0.15935,1.70519
30655,10,25,6,2,3,-1,4,7,0.223633,0.367188,0.76416,-2.9375,-2.9375,4.5,0.474651,-0.15935,1.70519
30656,0,-12,-43,-7,-3,-3,12,12,0.243164,0.330078,0.783691,4.0625,0.875,1.375,0.474307,-0.161854,1.7061
30656,3,18,9,-3,-2,2,-18,-10,0.243164,0.330078,0.783691,4.0625,0.875,1.375,0.474307,-0.161854,1.7061
30670,-1,4,16,5,3,1,-3,3,0.243164,0.330078,0.783691,4.0625,0.875,1.375,0.474307,-0.161854,1.7061
30670,6,5,-10,-4,-4,-1,-4,4,0.243164,0.330078,0.783691,4.0625,0.875,1.375,0.474307,-0.161854,1.7061
30677,7,34,65,15,7,2,2,9,0.209961,0.372559,0.756836,11.5,2.375,-1.5,0.47792,-0.162597,1.70595
30677,-18,47,-38,-17,-6,-5,-4,-24,0.209961,0.372559,0.756836,11.5,2.375,-1.5,0.47792,-0.162597,1.70595
30692,-15,-70,-31,-5,-5,-3,1,0,0.209961,0.372559,0.756836,11.5,2.375,-1.5,0.47792,-0.162597,1.70595
30692,-1,-5,1,1,-5,3,5,-1,0.209961,0.372559,0.756836,11.5,2.375,-1.5,0.47792,-0.162597,1.70595
30700,10,2,30,2,-1,-5,-5,3,0.23291,0.428223,0.770508,10.0625,3.9375,-4,0.482186,-0.162889,1.70537
30700,48,20,23,9,3,3,-1,7,0.23291,0.428223,0.770508,10.0625,3.9375,-4,0.482186,-0.162889,1.70537
30714,-58,45,39,2,1,3,7,-36,0.23291,0.428223,0.770508,10.0625,3.9375,-4,0.482186,-0.162889,1.70537
30714,28,-16,-30,-2,-1,-8,-21,25,0.23291,0.428223,0.770508,10.0625,3.9375,-4,0.482186,-0.162889,1.70537
30721,-13,24,8,2,3,3,9,-8,0.272461,0.414062,0.775879,-2.0625,2.375,-1.375,0.481638,-0.164894,1.70534
30721,-21,-82,-91,-16,-8,-4,16,-9,0.272461,0.414062,0.775879,-2.0625,2.375,-1.375,0.481638,-0.164894,1.70534
30729,41,6,24,2,1,-16,-53,18,0.272461,0.414062,0.775879,-2.0625,2.375,-1.375,0.481638,-0.164894,1.70534
30729,0,2,7,5,4,7,95,33,0.272461,0.414062,0.775879,-2.0625,2.375,-1.375,0.481638,-0.164894,1.70534
30738,3,14,7,-2,3,19,3,-9,0.303223,0.365234,0.76123,-5.125,4.875,2.625,0.478884,-0.167764,1.70709
30738,-12,45,0,2,-1,-15,2,-45,0.303223,0.365234,0.76123,-5.125,4.875,2.625,0.478884,-0.167764,1.70709
30753,7,-34,-29,-5,-1,19,0,1,0.303223,0.365234,0.76123,-5.125,4.875,2.625,0.478884,-0.167764,1.70709
30753,5,-22,-4,0,-2,-10,-50,-4,0.303223,0.365234,0.76123,-5.125,4.875,2.625,0.478884,-0.167764,1.70709
30754,-39,-10,-25,-5,0,-1,22,-18,0.290039,0.401367,0.782227,1,16.5,-0.3125,0.478778,-0.166091,1.70969
30754,-25,8,33,1,0,-10,-66,-45,0.290039,0.401367,0.782227,1,16.5,-0.3125,0.478778,-0.166091,1.70969
30774,60,110,80,20,9,12,67,25,0.290039,0.401367,0.782227,1,16.5,-0.3125,0.478778,-0.166091,1.70969
30774,-44,32,14,-11,-9,-30,7,-38,0.290039,0.401367,0.782227,1,16.5,-0.3125,0.478778,-0.166091,1.70969
30776,3,-4,49,0,-4,16,5,30,0.250977,0.373535,0.789551,18.125,16.4375,-1.25,0.483851,-0.16333,1.71215
30776,-17,-60,-94,-9,-3,4,22,-22,0.250977,0.373535,0.789551,18.125,16.4375,-1.25,0.483851,-0.16333,1.71215
30798,0,9,5,-5,-4,-2,-18,-17,0.250977,0.373535,0.789551,18.125,16.4375,-1.25,0.483851,-0.16333,1.71215
30798,27,-58,-26,-4,-1,5,-1,-9,0.250977,0.373535,0.789551,18.125,16.4375,-1.25,0.483851,-0.16333,1.71215
30799,5,-34,-17,-3,-4,-15,-12,71,0.334473,0.38916,0.711914,-3,9.125,-8.625,0.483291,-0.163944,1.71093
30799,-4,22,47,2,-5,-11,-15,-57,0.334473,0.38916,0.711914,-3,9.125,-8.625,0.483291,-0.163944,1.71093
30820,7,23,8,2,-1,-7,2,4,0.334473,0.38916,0.711914,-3,9.125,-8.625,0.483291,-0.163944,1.71093
30820,-9,-1,11,3,5,1,-10,-11,0.334473,0.38916,0.711914,-3,9.125,-8.625,0.483291,-0.163944,1.71093
30822,6,-25,12,-5,-5,0,2,21,0.341309,0.52002,0.839844,14.1875,19.0625,-7.5625,0.489733,-0.161171,1.71137
30822,19,10,-20,1,1,3,-13,11,0.341309,0.52002,0.839844,14.1875,19.0625,-7.5625,0.489733,-0.161171,1.71137
30835,-15,-44,-41,-3,0,-4,4,0,0.341309,0.52002,0.839844,14.1875,19.0625,-7.5625,0.489733,-0.161171,1.71137
30835,-7,9,43,7,0,5,-14,-2,0.341309,0.52002,0.839844,14.1875,19.0625,-7.5625,0.489733,-0.161171,1.71137
30837,1,4,-25,-15,-7,-11,-10,-21,0.15332,0.580078,0.878906,7.8125,26.3125,-3.1875,0.494313,-0.152384,1.71457
30837,14,22,13,9,6,11,26,46,0.15332,0.580078,0.878906,7.8125,26.3125,-3.1875,0.494313,-0.152384,1.71457
30848,-20,-37,62,17,0,-9,-8,-2,0.15332,0.580078,0.878906,7.8125,26.3125,-3.1875,0.494313,-0.152384,1.71457
30848,6,54,-95,-26,-5,3,-5,-5,0.15332,0.580078,0.878906,7.8125,26.3125,-3.1875,0.494313,-0.152384,1.71457
30863,6,4,26,6,1,-3,-9,-15,0.0283203,0.55957,0.869629,8.75,28,-0.5,0.498561,-0.140879,1.71869
30863,-1,-32,26,7,6,4,11,24,0.0283203,0.55957,0.869629,8.75,28,-0.5,0.498561,-0.140879,1.71869
30873,-5,26,-34,-18,-3,0,-9,3,0.0283203,0.55957,0.869629,8.75,28,-0.5,0.498561,-0.140879,1.71869
30873,-3,9,0,11,2,7,2,-2,0.0283203,0.55957,0.869629,8.75,28,-0.5,0.498561,-0.140879,1.71869
30874,7,22,-8,-2,-2,-4,-7,-11,0.046875,0.569336,0.765137,-2.75,22.0625,10.9375,0.499985,-0.133899,1.72541
30874,-15,-25,-8,-5,-5,-5,-16,4,0.046875,0.569336,0.765137,-2.75,22.0625,10.9375,0.499985,-0.133899,1.72541
30896,-6,-27,-26,4,-6,-3,-1,-4,0.046875,0.569336,0.765137,-2.75,22.0625,10.9375,0.499985,-0.133899,1.72541
30896,12,34,100,5,6,7,-9,-6,0.046875,0.569336,0.765137,-2.75,22.0625,10.9375,0.499985,-0.133899,1.72541
30898,-22,11,-54,-8,-5,-5,-4,-16,0.111328,0.478027,0.739258,-47.125,9.9375,1.75,0.485193,-0.131053,1.72743
30898,25,30,57,17,5,1,-4,13,0.111328,0.478027,0.739258,-47.125,9.9375,1.75,0.485193,-0.131053,1.72743
30909,8,12,-5,-8,-1,2,6,7,0.111328,0.478027,0.739258,-47.125,9.9375,1.75,0.485193,-0.131053,1.72743
30909,-20,-56,-37,-3,-3,-1,-6,-4,0.111328,0.478027,0.739258,-47.125,9.9375,1.75,0.485193,-0.131053,1.72743
30918,1,-17,-6,3,2,-2,-8,-16,0.192383,0.298828,0.730957,-39.125,4.125,1.4375,0.469761,-0.132157,1.72875
30918,8,-5,40,2,-3,4,4,17,0.192383,0.298828,0.730957,-39.125,4.125,1.4375,0.469761,-0.132157,1.72875
30933,-3,58,30,-5,-7,-5,-12,-21,0.192383,0.298828,0.730957,-39.125,4.125,1.4375,0.469761,-0.132157,1.72875
30933,-2,-25,-38,-5,-3,-1,5,3,0.192383,0.298828,0.730957,-39.125,4.125,1.4375,0.469761,-0.132157,1.72875
30934,7,-3,13,7,3,-2,-5,-7,0.280762,0.285645,0.726074,-10.5625,5.4375,-0.5625,0.464298,-0.134628,1.72972
30934,-5,1,-7,-9,-3,0,9,15,0.280762,0.285645,0.726074,-10.5625,5.4375,-0.5625,0.464298,-0.134628,1.72972
30955,-10,-34,-38,-7,-3,-4,3,0,0.280762,0.285645,0.726074,-10.5625,5.4375,-0.5625,0.464298,-0.134628,1.72972
30955,-4,19,9,1,-4,0,-1,-2,0.280762,0.285645,0.726074,-10.5625,5.4375,-0.5625,0.464298,-0.134628,1.72972
30957,0,-20,1,1,1,-2,-8,-5,0.324219,0.388672,0.742676,9.5625,10.25,-8.25,0.468055,-0.135266,1.72865
30957,5,1,-14,-9,-1,1,6,12,0.324219,0.388672,0.742676,9.5625,10.25,-8.25,0.468055,-0.135266,1.72865
30969,5,-9,-8,-1,5,4,5,1,0.324219,0.388672,0.742676,9.5625,10.25,-8.25,0.468055,-0.135266,1.72865
30969,-25,7,32,5,0,1,-6,-1,0.324219,0.388672,0.742676,9.5625,10.25,-8.25,0.468055,-0.135266,1.72865
30977,-3,28,-43,-9,-4,-6,-4,-5,0.287109,0.438477,0.719238,8.125,12.625,-9.6875,0.472565,-0.134066,1.72746
30977,-10,12,5,-2,-1,2,12,8,0.287109,0.438477,0.719238,8.125,12.625,-9.6875,0.472565,-0.134066,1.72746
30992,-3,-31,-13,-1,-2,-5,-9,-9,0.287109,0.438477,0.719238,8.125,12.625,-9.6875,0.472565,-0.134066,1.72746
30992,-1,-36,-27,-1,-4,-2,1,3,0.287109,0.438477,0.719238,8.125,12.625,-9.6875,0.472565,-0.134066,1.72746
30994,10,13,22,5,4,1,4,3,0.224609,0.445312,0.771973,-4.5625,11.875,-5,0.472144,-0.132117,1.72769
30994,0,14,-30,2,3,2,6,8,0.224609,0.445312,0.771973,-4.5625,11.875,-5,0.472144,-0.132117,1.72769
31014,13,27,15,1,-1,0,1,3,0.224609,0.445312,0.771973,-4.5625,11.875,-5,0.472144,-0.132117,1.72769
31014,16,-41,-23,-6,-3,0,-1,-2,0.224609,0.445312,0.771973,-4.5625,11.875,-5,0.472144,-0.132117,1.72769
31016,-11,14,12,-4,-4,-1,5,-4,0.216309,0.398438,0.774414,-13.5,9.75,-5.1875,0.467504,-0.130662,1.72751
31016,4,5,8,-2,0,0,-10,10,0.216309,0.398438,0.774414,-13.5,9.75,-5.1875,0.467504,-0.130662,1.72751
31029,14,6,-10,2,1,0,2,11,0.216309,0.398438,0.774414,-13.5,9.75,-5.1875,0.467504,-0.130662,1.72751
31029,-7,46,12,4,1,2,4,-11,0.216309,0.398438,0.774414,-13.5,9.75,-5.1875,0.467504,-0.130662,1.72751
31037,17,-1,-21,-1,-1,2,0,0,0.19043,0.367188,0.756836,-20.4375,8.5,-7.1875,0.460337,-0.128893,1.72665
31037,-10,-56,6,-5,-1,-4,-5,-12,0.19043,0.367188,0.756836,-20.4375,8.5,-7.1875,0.460337,-0.128893,1.72665
31052,-31,-8,-6,-7,-3,-2,1,0,0.19043,0.367188,0.756836,-20.4375,8.5,-7.1875,0.460337,-0.128893,1.72665
31052,4,48,24,-1,-5,-4,-3,8,0.19043,0.367188,0.756836,-20.4375,8.5,-7.1875,0.460337,-0.128893,1.72665
31054,-4,12,-12,-2,-3,-1,-5,-6,0.187988,0.382324,0.790527,-15.0625,10.875,-15.125,0.455365,-0.125054,1.72366
31054,9,20,21,7,1,3,3,3,0.187988,0.382324,0.790527,-15.0625,10.875,-15.125,0.455365,-0.125054,1.72366
31075,-42,-84,-35,-6,-4,-2,-6,-6,0.187988,0.382324,0.790527,-15.0625,10.875,-15.125,0.455365,-0.125054,1.72366
31075,2,-7,0,-2,-1,-1,4,-1,0.187988,0.382324,0.790527,-15.0625,10.875,-15.125,0.455365,-0.125054,1.72366
31077,19,19,6,-1,0,-3,6,1,0.097168,0.380371,0.806152,-8.6875,8.375,-21.125,0.452775,-0.118919,1.71824
31077,28,69,-3,-2,-6,-7,-19,-3,0.097168,0.380371,0.806152,-8.6875,8.375,-21.125,0.452775,-0.118919,1.71824
31097,-31,-36,24,5,2,0,-3,-8,0.097168,0.380371,0.806152,-8.6875,8.375,-21.125,0.452775,-0.118919,1.71824
31097,3,11,-31,4,3,0,-1,5,0.097168,0.380371,0.806152,-8.6875,8.375,-21.125,0.452775,-0.118919,1.71824
31099,-10,-32,26,-7,-7,-2,-7,-5,0.0327148,0.367676,0.800781,-4.6875,4.5625,-21,0.45142,-0.11264,1.71238
31099,6,-58,-39,-5,0,0,10,5,0.0327148,0.367676,0.800781,-4.6875,4.5625,-21,0.45142,-0.11264,1.71238
31112,13,38,-13,7,2,4,3,-1,0.0327148,0.367676,0.800781,-4.6875,4.5625,-21,0.45142,-0.11264,1.71238
31112,-2,14,19,-4,-1,1,-2,-1,0.0327148,0.367676,0.800781,-4.6875,4.5625,-21,0.45142,-0.11264,1.71238
31119,-7,-21,37,7,5,2,-1,-3,0.0209961,0.376953,0.780762,-11.9375,-1.0625,-25.1875,0.44821,-0.107383,1.70425
31119,-19,-29,-34,-3,-3,0,1,-2,0.0209961,0.376953,0.780762,-11.9375,-1.0625,-25.1875,0.44821,-0.107383,1.70425
31135,20,5,12,-2,-4,1,-5,3,0.0209961,0.376953,0.780762,-11.9375,-1.0625,-25.1875,0.44821,-0.107383,1.70425
31135,-1,-8,-3,-2,-3,-2,-6,-7,0.0209961,0.376953,0.780762,-11.9375,-1.0625,-25.1875,0.44821,-0.107383,1.70425
31136,-19,2,1,-3,-2,-3,5,-1,-0.0219727,0.437988,0.743652,-26.25,-13.125,-23.875,0.441942,-0.105197,1.69448
31136,4,29,26,2,-1,-3,-6,-2,-0.0219727,0.437988,0.743652,-26.25,-13.125,-23.875,0.441942,-0.105197,1.69448
31148,12,-32,-28,-10,-2,-5,-4,-5,-0.0219727,0.437988,0.743652,-26.25,-13.125,-23.875,0.441942,-0.105197,1.69448
31148,9,45,13,4,0,1,6,4,-0.0219727,0.437988,0.743652,-26.25,-13.125,-23.875,0.441942,-0.105197,1.69448
31158,-2,-23,-30,-3,0,-1,-5,-4,-0.046875,0.382812,0.797363,-36.875,-18.6875,-24.875,0.43061,-0.104039,1.68381
31158,-31,51,3,-2,0,-2,4,-1,-0.046875,0.382812,0.797363,-36.875,-18.6875,-24.875,0.43061,-0.104039,1.68381
31172,21,39,25,11,4,2,0,-3,-0.046875,0.382812,0.797363,-36.875,-18.6875,-24.875,0.43061,-0.104039,1.68381
31172,-37,-45,9,-8,-3,-4,-5,-13,-0.046875,0.382812,0.797363,-36.875,-18.6875,-24.875,0.43061,-0.104039,1.68381
31174,10,-14,-33,-8,-8,-7,-11,2,-0.0581055,0.211914,0.86084,-21.25,-18,-36.5,0.420756,-0.100982,1.66991
31174,7,-18,9,4,3,4,3,3,-0.0581055,0.211914,0.86084,-21.25,-18,-36.5,0.420756,-0.100982,1.66991
31195,-1,-28,3,-3,-1,1,4,3,-0.0581055,0.211914,0.86084,-21.25,-18,-36.5,0.420756,-0.100982,1.66991
31195,-4,33,45,7,3,2,0,-5,-0.0581055,0.211914,0.86084,-21.25,-18,-36.5,0.420756,-0.100982,1.66991
31196,-16,-83,-58,-8,-8,-7,-11,-13,-0.00830078,0.30957,0.883789,-24.9375,-20.4375,-45.9375,0.412071,-0.0984548,1.65243
31196,7,-2,9,-4,-1,0,3,0,-0.00830078,0.30957,0.883789,-24.9375,-20.4375,-45.9375,0.412071,-0.0984548,1.65243
31210,1,4,4,0,1,-3,-2,1,-0.00830078,0.30957,0.883789,-24.9375,-20.4375,-45.9375,0.412071,-0.0984548,1.65243
31210,2,-13,-10,0,-1,-1,8,0,-0.00830078,0.30957,0.883789,-24.9375,-20.4375,-45.9375,0.412071,-0.0984548,1.65243
31218,-21,-19,0,0,1,1,-3,6,0.0361328,0.314941,0.902344,-38.0625,-12.5,-38.875,0.398791,-0.0957909,1.63845
31218,7,23,15,0,0,-1,-3,3,0.0361328,0.314941,0.902344,-38.0625,-12.5,-38.875,0.398791,-0.0957909,1.63845
31232,-35,-56,-41,-12,-6,-6,-1,-11,0.0361328,0.314941,0.902344,-38.0625,-12.5,-38.875,0.398791,-0.0957909,1.63845
31232,-1,-12,6,-1,-1,0,1,5,0.0361328,0.314941,0.902344,-38.0625,-12.5,-38.875,0.398791,-0.0957909,1.63845
31234,19,59,39,7,5,3,5,3,-0.0205078,0.314941,0.933105,-49.8125,-9.3125,-36.3125,0.38125,-0.0913019,1.62558
31234,-10,-57,-33,-9,-6,-3,-1,-5,-0.0205078,0.314941,0.933105,-49.8125,-9.3125,-36.3125,0.38125,-0.0913019,1.62558
31255,1,20,19,4,-1,2,-2,5,-0.0205078,0.314941,0.933105,-49.8125,-9.3125,-36.3125,0.38125,-0.0913019,1.62558
31255,18,14,-12,-1,-2,-2,-3,-1,-0.0205078,0.314941,0.933105,-49.8125,-9.3125,-36.3125,0.38125,-0.0913019,1.62558
31256,6,18,12,2,1,0,0,-1,0.0112305,0.310547,0.894043,-47.5,-7,-32.6875,0.364956,-0.0876307,1.61413
31256,-1,6,10,-1,-4,-3,0,-2,0.0112305,0.310547,0.894043,-47.5,-7,-32.6875,0.364956,-0.0876307,1.61413
31269,4,3,-4,-3,-3,-3,2,-2,0.0112305,0.310547,0.894043,-47.5,-7,-32.6875,0.364956,-0.0876307,1.61413
31269,1,-20,-17,1,1,-1,-6,-7,0.0112305,0.310547,0.894043,-47.5,-7,-32.6875,0.364956,-0.0876307,1.61413
31277,9,9,6,1,2,1,2,0,-0.0288086,0.274414,0.87793,-44.75,-3.875,-30.625,0.349258,-0.0825146,1.6037
31277,-30,-20,-2,-3,-1,0,1,-3,-0.0288086,0.274414,0.87793,-44.75,-3.875,-30.625,0.349258,-0.0825146,1.6037
31293,0,8,-18,-2,-2,1,0,-3,-0.0288086,0.274414,0.87793,-44.75,-3.875,-30.625,0.349258,-0.0825146,1.6037
31293,-11,23,9,5,1,-1,0,4,-0.0288086,0.274414,0.87793,-44.75,-3.875,-30.625,0.349258,-0.0825146,1.6037
31294,7,-1,12,1,0,-2,-2,3,-0.0209961,0.26709,0.882812,-41.0625,-4.8125,-26.5,0.334731,-0.0786827,1.59449
31294,30,-2,-41,-4,-3,-1,2,0,-0.0209961,0.26709,0.882812,-41.0625,-4.8125,-26.5,0.334731,-0.0786827,1.59449
31315,-7,38,5,-5,1,1,0,-2,-0.0209961,0.26709,0.882812,-41.0625,-4.8125,-26.5,0.334731,-0.0786827,1.59449
31315,0,-21,15,-2,-2,-1,-3,3,-0.0209961,0.26709,0.882812,-41.0625,-4.8125,-26.5,0.334731,-0.0786827,1.59449
31317,-2,6,-6,3,1,1,3,-1,-0.0454102,0.307617,0.922363,-29.9375,-4.125,-13.1875,0.324684,-0.0756804,1.58963
31317,-5,-22,11,-3,-1,-2,4,1,-0.0454102,0.307617,0.922363,-29.9375,-4.125,-13.1875,0.324684,-0.0756804,1.58963
31329,8,28,26,4,1,-1,2,4,-0.0454102,0.307617,0.922363,-29.9375,-4.125,-13.1875,0.324684,-0.0756804,1.58963
31329,5,-17,-34,-8,-5,-1,-1,3,-0.0454102,0.307617,0.922363,-29.9375,-4.125,-13.1875,0.324684,-0.0756804,1.58963
31338,-2,-33,-3,-2,-1,0,-2,-2,-0.0834961,0.244629,0.904297,-29.125,-10.875,2.6875,0.313302,-0.0758306,1.58941
31338,-20,9,11,4,1,3,-1,0,-0.0834961,0.244629,0.904297,-29.125,-10.875,2.6875,0.313302,-0.0758306,1.58941
31353,3,-19,1,-1,-2,0,-6,-1,-0.0834961,0.244629,0.904297,-29.125,-10.875,2.6875,0.313302,-0.0758306,1.58941
31353,1,-8,6,0,-3,-5,-5,-4,-0.0834961,0.244629,0.904297,-29.125,-10.875,2.6875,0.313302,-0.0758306,1.58941
31355,-1,3,-30,0,0,5,23,11,0.0112305,0.112793,0.89209,-33.75,-20.9375,7.875,0.297778,-0.0820741,1.59006
31355,1,8,11,0,-4,-2,-9,4,0.0112305,0.112793,0.89209,-33.75,-20.9375,7.875,0.297778,-0.0820741,1.59006
31375,6,17,6,0,0,-2,1,-4,0.0112305,0.112793,0.89209,-33.75,-20.9375,7.875,0.297778,-0.0820741,1.59006
31375,6,36,25,3,3,3,-5,2,0.0112305,0.112793,0.89209,-33.75,-20.9375,7.875,0.297778,-0.0820741,1.59006
31377,7,-21,-37,-6,-4,-5,0,-3,0.0458984,0.152832,0.856934,-16.125,-14.125,11.625,0.289447,-0.0872342,1.59287
31377,-9,6,9,-3,-5,-5,5,1,0.0458984,0.152832,0.856934,-16.125,-14.125,11.625,0.289447,-0.0872342,1.59287
31389,19,29,-4,2,1,-1,3,-4,0.0458984,0.152832,0.856934,-16.125,-14.125,11.625,0.289447,-0.0872342,1.59287
31389,9,-13,-40,-1,-1,-1,-10,-14,0.0458984,0.152832,0.856934,-16.125,-14.125,11.625,0.289447,-0.0872342,1.59287
31398,-2,33,23,2,2,0,-9,-4,0.0214844,0.210938,0.911133,-10.1875,-7.6875,8.5,0.284533,-0.0891224,1.59501
31398,-1,7,9,1,8,4,-3,-22,0.0214844,0.210938,0.911133,-10.1875,-7.6875,8.5,0.284533,-0.0891224,1.59501
31412,-6,-5,-11,-3,-7,-6,3,14,0.0214844,0.210938,0.911133,-10.1875,-7.6875,8.5,0.284533,-0.0891224,1.59501
31412,-1,38,6,2,-1,-2,2,8,0.0214844,0.210938,0.911133,-10.1875,-7.6875,8.5,0.284533,-0.0891224,1.59501
31419,1,-26,-17,-6,-5,-3,-11,-9,0.0263672,0.276855,0.942383,-5.6875,-2.875,7.75,0.282438,-0.0893331,1.59744
31419,-1,-6,-4,-6,-3,-2,-3,9,0.0263672,0.276855,0.942383,-5.6875,-2.875,7.75,0.282438,-0.0893331,1.59744
31435,3,2,-1,4,11,13,-3,-6,0.0263672,0.276855,0.942383,-5.6875,-2.875,7.75,0.282438,-0.0893331,1.59744
31435,-3,-7,-9,-1,-1,-5,4,-1,0.0263672,0.276855,0.942383,-5.6875,-2.875,7.75,0.282438,-0.0893331,1.59744
31437,-2,6,7,-2,-11,-14,-2,4,0.065918,0.292969,0.939453,-8.8125,-1.5,9.3125,0.27958,-0.090129,1.60029
31437,-4,-15,4,-3,-4,-2,15,-6,0.065918,0.292969,0.939453,-8.8125,-1.5,9.3125,0.27958,-0.090129,1.60029
31449,5,12,-5,-4,-8,-6,-12,17,0.065918,0.292969,0.939453,-8.8125,-1.5,9.3125,0.27958,-0.090129,1.60029
31449,-3,-18,3,0,2,7,6,0,0.065918,0.292969,0.939453,-8.8125,-1.5,9.3125,0.27958,-0.090129,1.60029
31458,-6,-29,-11,1,4,3,-9,-3,0.0854492,0.29541,0.931641,-11.8125,5.75,4.75,0.276013,-0.0886035,1.6024
31458,9,50,7,3,0,0,3,-3,0.0854492,0.29541,0.931641,-11.8125,5.75,4.75,0.276013,-0.0886035,1.6024
31473,-14,-15,18,-3,-1,-2,5,-4,0.0854492,0.29541,0.931641,-11.8125,5.75,4.75,0.276013,-0.0886035,1.6024
31473,-1,-42,-28,-3,-2,-1,5,13,0.0854492,0.29541,0.931641,-11.8125,5.75,4.75,0.276013,-0.0886035,1.6024
31474,-1,6,3,-2,-1,0,5,6,0.105957,0.265625,0.894043,-8.1875,9.75,0.1875,0.273478,-0.0859837,1.60346
31474,-9,-14,5,5,-3,0,-6,-8,0.105957,0.265625,0.894043,-8.1875,9.75,0.1875,0.273478,-0.0859837,1.60346
31495,-24,18,10,11,8,5,0,-9,0.105957,0.265625,0.894043,-8.1875,9.75,0.1875,0.273478,-0.0859837,1.60346
31495,18,22,14,-4,-4,-4,-2,3,0.105957,0.265625,0.894043,-8.1875,9.75,0.1875,0.273478,-0.0859837,1.60346
31496,-13,0,42,2,-1,-6,-7,-3,0.106934,0.164551,0.899414,-1.6875,16.9375,-4,0.270818,-0.0806603,1.60387
31496,-7,-2,-30,-2,3,-1,-8,2,0.106934,0.164551,0.899414,-1.6875,16.9375,-4,0.270818,-0.0806603,1.60387
31509,0,-26,-16,-7,-4,-2,0,-2,0.106934,0.164551,0.899414,-1.6875,16.9375,-4,0.270818,-0.0806603,1.60387
31509,-4,-30,-5,1,1,1,-3,-4,0.106934,0.164551,0.899414,-1.6875,16.9375,-4,0.270818,-0.0806603,1.60387
31518,2,9,-1,0,-2,1,-1,-2,0.0332031,0.194824,0.848145,3.75,12.625,0.25,0.271091,-0.0757094,1.60526
31518,-2,-35,-38,-7,0,4,-1,7,0.0332031,0.194824,0.848145,3.75,12.625,0.25,0.271091,-0.0757094,1.60526
31533,1,38,69,2,-7,-8,-13,-7,0.0332031,0.194824,0.848145,3.75,12.625,0.25,0.271091,-0.0757094,1.60526
31533,-2,-3,-23,-6,-2,-1,-2,-2,0.0332031,0.194824,0.848145,3.75,12.625,0.25,0.271091,-0.0757094,1.60526
31534,11,40,14,0,-3,-1,-5,0,0.0268555,0.182617,0.811035,1.9375,4.1875,1.875,0.270638,-0.0736661,1.60631
31534,2,1,29,7,2,-2,-4,0,0.0268555,0.182617,0.811035,1.9375,4.1875,1.875,0.270638,-0.0736661,1.60631
31555,5,-1,-82,-6,3,4,7,-2,0.0268555,0.182617,0.811035,1.9375,4.1875,1.875,0.270638,-0.0736661,1.60631
31555,7,-25,19,-5,-4,-3,-2,-8,0.0268555,0.182617,0.811035,1.9375,4.1875,1.875,0.270638,-0.0736661,1.60631
31557,-23,-22,-10,-3,2,1,-7,-7,0.0820312,0.178223,0.890137,0,4.9375,7.625,0.268867,-0.0730973,1.6094
31557,5,16,4,0,2,-2,0,2,0.0820312,0.178223,0.890137,0,4.9375,7.625,0.268867,-0.0730973,1.6094
31569,1,-30,-35,-3,-3,-1,4,1,0.0820312,0.178223,0.890137,0,4.9375,7.625,0.268867,-0.0730973,1.6094
31569,-6,-3,-4,-3,0,0,0,1,0.0820312,0.178223,0.890137,0,4.9375,7.625,0.268867,-0.0730973,1.6094
31584,6,-16,4,6,0,5,2,2,0.0585938,0.21582,0.86084,-9.125,-1.9375,6.375,0.265125,-0.074146,1.61142
31584,-11,-39,1,-3,0,-2,-5,-5,0.0585938,0.21582,0.86084,-9.125,-1.9375,6.375,0.265125,-0.074146,1.61142
31592,-5,0,6,-3,-6,-2,-4,-6,0.0585938,0.21582,0.86084,-9.125,-1.9375,6.375,0.265125,-0.074146,1.61142
31592,-7,-11,7,-1,-2,-4,-1,0,0.0585938,0.21582,0.86084,-9.125,-1.9375,6.375,0.265125,-0.074146,1.61142
31607,-4,16,-1,-3,2,1,2,1,0.0654297,0.201172,0.878906,-4.6875,-3.125,6.6875,0.262504,-0.0756627,1.61351
31607,7,23,23,-1,-2,-1,0,-1,0.0654297,0.201172,0.878906,-4.6875,-3.125,6.6875,0.262504,-0.0756627,1.61351
31615,3,-15,-12,1,0,2,3,-1,0.0654297,0.201172,0.878906,-4.6875,-3.125,6.6875,0.262504,-0.0756627,1.61351
31615,-26,-33,-10,-4,-1,-2,5,6,0.0654297,0.201172,0.878906,-4.6875,-3.125,6.6875,0.262504,-0.0756627,1.61351
31617,21,4,9,2,-1,1,10,5,0.0610352,0.23291,0.891602,-6.0625,-4.0625,7.6875,0.260126,-0.0774696,1.6158
31617,-29,-25,-19,-9,-5,-5,-10,-12,0.0610352,0.23291,0.891602,-6.0625,-4.0625,7.6875,0.260126,-0.0774696,1.6158
31637,8,45,26,4,0,0,4,12,0.0610352,0.23291,0.891602,-6.0625,-4.0625,7.6875,0.260126,-0.0774696,1.6158
31637,4,-14,-7,-3,-1,0,-6,-6,0.0610352,0.23291,0.891602,-6.0625,-4.0625,7.6875,0.260126,-0.0774696,1.6158
31639,1,-8,-15,0,1,1,1,1,0.0625,0.230957,0.903809,-3.6875,-3.125,7.1875,0.258464,-0.0789258,1.61801
31639,9,34,54,3,-2,1,1,-1,0.0625,0.230957,0.903809,-3.6875,-3.125,7.1875,0.258464,-0.0789258,1.61801
31653,10,-11,-33,-5,-2,-2,2,0,0.0625,0.230957,0.903809,-3.6875,-3.125,7.1875,0.258464,-0.0789258,1.61801
31653,-3,29,9,4,1,0,2,3,0.0625,0.230957,0.903809,-3.6875,-3.125,7.1875,0.258464,-0.0789258,1.61801
31654,-12,-84,-21,-5,-2,-2,-7,-5,0.0698242,0.25293,0.890625,-3.875,-3.25,6.125,0.257409,-0.0804315,1.61975
31654,11,12,7,5,1,0,2,7,0.0698242,0.25293,0.890625,-3.875,-3.25,6.125,0.257409,-0.0804315,1.61975
31675,5,7,28,0,-2,-2,-4,-3,0.0698242,0.25293,0.890625,-3.875,-3.25,6.125,0.257409,-0.0804315,1.61975
31675,1,-13,-34,-3,-1,0,-2,-2,0.0698242,0.25293,0.890625,-3.875,-3.25,6.125,0.257409,-0.0804315,1.61975
31676,6,37,-17,1,3,-1,2,-3,0.0483398,0.274414,0.880371,-6.1875,-4.75,5.125,0.256284,-0.0817802,1.62096
31676,5,4,-8,-4,-2,-4,-2,1,0.0483398,0.274414,0.880371,-6.1875,-4.75,5.125,0.256284,-0.0817802,1.62096
31698,-2,-26,22,2,1,-1,-1,2,0.0483398,0.274414,0.880371,-6.1875,-4.75,5.125,0.256284,-0.0817802,1.62096
31698,7,17,-63,-9,-5,-1,0,0,0.0483398,0.274414,0.880371,-6.1875,-4.75,5.125,0.256284,-0.0817802,1.62096
31699,-7,41,54,7,1,0,-1,0,0.0493164,0.206543,0.905762,-12.5,-9.75,3,0.251254,-0.0846988,1.62115
31699,1,-11,17,-2,-3,0,-1,0,0.0493164,0.206543,0.905762,-12.5,-9.75,3,0.251254,-0.0846988,1.62115
31711,-6,-19,-15,-4,-2,-2,-1,-4,0.0493164,0.206543,0.905762,-12.5,-9.75,3,0.251254,-0.0846988,1.62115
31711,-10,32,42,7,2,2,3,-1,0.0493164,0.206543,0.905762,-12.5,-9.75,3,0.251254,-0.0846988,1.62115
31719,-3,5,-3,-6,-1,1,-1,0,0.046875,0.230957,0.825195,-8.5625,-10.875,2.1875,0.248847,-0.0878331,1.62104
31719,-11,-68,-26,-2,-3,-3,-2,-4,0.046875,0.230957,0.825195,-8.5625,-10.875,2.1875,0.248847,-0.0878331,1.62104
31736,2,14,-11,0,-1,-3,-1,-3,0.046875,0.230957,0.825195,-8.5625,-10.875,2.1875,0.248847,-0.0878331,1.62104
31736,5,20,4,-6,-8,-7,-3,-1,0.046875,0.230957,0.825195,-8.5625,-10.875,2.1875,0.248847,-0.0878331,1.62104
31737,3,6,2,3,3,4,1,2,0.0444336,0.213867,0.849121,-23,-15.5,4.5625,0.240911,-0.0924921,1.62127
31737,5,15,2,3,3,2,1,-1,0.0444336,0.213867,0.849121,-23,-15.5,4.5625,0.240911,-0.0924921,1.62127
31758,-8,-25,-40,-2,2,2,2,-1,0.0444336,0.213867,0.849121,-23,-15.5,4.5625,0.240911,-0.0924921,1.62127
31758,2,0,22,1,-2,-1,1,-2,0.0444336,0.213867,0.849121,-23,-15.5,4.5625,0.240911,-0.0924921,1.62127
31759,-9,2,-10,-6,-7,-8,-9,0,0.0854492,0.157715,0.880371,-24.5625,-19.875,4.0625,0.2312,-0.0994884,1.62112
31759,11,-11,-8,-1,-3,0,0,0,0.0854492,0.157715,0.880371,-24.5625,-19.875,4.0625,0.2312,-0.0994884,1.62112
31772,-15,3,15,-3,-1,-2,-2,-3,0.0854492,0.157715,0.880371,-24.5625,-19.875,4.0625,0.2312,-0.0994884,1.62112
31772,9,5,6,4,0,2,-1,-1,0.0854492,0.157715,0.880371,-24.5625,-19.875,4.0625,0.2312,-0.0994884,1.62112
31780,-11,2,-4,-3,-4,-2,-1,-7,0.119629,0.190918,0.912598,-17.875,-16.5,1.9375,0.224583,-0.105735,1.62046
31780,-1,54,0,0,2,-1,2,1,0.119629,0.190918,0.912598,-17.875,-16.5,1.9375,0.224583,-0.105735,1.62046
31795,-2,-50,5,-4,-1,-1,-2,-2,0.119629,0.190918,0.912598,-17.875,-16.5,1.9375,0.224583,-0.105735,1.62046
31795,-1,6,9,1,3,0,0,-2,0.119629,0.190918,0.912598,-17.875,-16.5,1.9375,0.224583,-0.105735,1.62046
31796,-12,-50,-9,1,3,2,1,-3,0.161133,0.202637,0.95166,-12.875,-8.75,-0.75,0.220018,-0.110022,1.61958
31796,10,28,-16,-6,-2,-1,-2,-1,0.161133,0.202637,0.95166,-12.875,-8.75,-0.75,0.220018,-0.110022,1.61958
31818,-3,-5,-3,-3,-3,-1,0,-3,0.161133,0.202637,0.95166,-12.875,-8.75,-0.75,0.220018,-0.110022,1.61958
31818,1,6,60,6,1,-1,2,1,0.161133,0.202637,0.95166,-12.875,-8.75,-0.75,0.220018,-0.110022,1.61958
31819,4,-23,-41,-4,-2,1,1,4,0.149902,0.124023,0.932617,-12.4375,-3.375,2.75,0.213659,-0.112367,1.62052
31819,-25,-40,28,-7,-5,-3,-4,-7,0.149902,0.124023,0.932617,-12.4375,-3.375,2.75,0.213659,-0.112367,1.62052
31831,2,5,-55,3,2,-1,-1,-1,0.149902,0.124023,0.932617,-12.4375,-3.375,2.75,0.213659,-0.112367,1.62052
31831,-8,10,31,2,-2,0,-3,-1,0.149902,0.124023,0.932617,-12.4375,-3.375,2.75,0.213659,-0.112367,1.62052
31847,-2,38,59,2,-4,-6,-4,-1,0.112305,0.125977,0.908691,5.4375,3.4375,0.6875,0.213819,-0.11158,1.62128
31847,4,-37,-35,-1,0,-1,0,1,0.112305,0.125977,0.908691,5.4375,3.4375,0.6875,0.213819,-0.11158,1.62128
31856,2,25,9,-1,-5,1,-2,0,0.112305,0.125977,0.908691,5.4375,3.4375,0.6875,0.213819,-0.11158,1.62128
31856,-5,-9,-47,-6,1,1,1,1,0.112305,0.125977,0.908691,5.4375,3.4375,0.6875,0.213819,-0.11158,1.62128
31857,8,17,2,-3,0,-1,1,-1,0.0766602,0.14502,0.88623,8.75,5.5,-0.5625,0.215678,-0.109142,1.62151
31857,1,7,-22,0,0,-2,-1,2,0.0766602,0.14502,0.88623,8.75,5.5,-0.5625,0.215678,-0.109142,1.62151
31878,-2,-17,36,1,-2,-1,0,0,0.0766602,0.14502,0.88623,8.75,5.5,-0.5625,0.215678,-0.109142,1.62151
31878,7,-8,-16,4,2,0,0,1,0.0766602,0.14502,0.88623,8.75,5.5,-0.5625,0.215678,-0.109142,1.62151
31879,2,43,-9,-2,2,-1,-1,0,0.074707,0.209473,0.867188,7.875,0.25,1.8125,0.21878,-0.108628,1.62227
31879,6,4,9,3,-2,-3,-2,-1,0.074707,0.209473,0.867188,7.875,0.25,1.8125,0.21878,-0.108628,1.62227
31892,-4,-27,12,-12,-10,-3,0,1,0.074707,0.209473,0.867188,7.875,0.25,1.8125,0.21878,-0.108628,1.62227
31892,0,-23,-38,7,5,0,-3,-3,0.074707,0.209473,0.867188,7.875,0.25,1.8125,0.21878,-0.108628,1.62227
31907,2,16,47,4,-2,0,0,0,0.102539,0.206055,0.877441,1.3125,-2,2.375,0.219425,-0.109579,1.6228
31907,-14,-21,-63,-9,0,0,-2,-3,0.102539,0.206055,0.877441,1.3125,-2,2.375,0.219425,-0.109579,1.6228
31915,11,20,16,3,2,2,3,4,0.102539,0.206055,0.877441,1.3125,-2,2.375,0.219425,-0.109579,1.6228
31915,-1,-6,-9,-5,-3,0,-1,0,0.102539,0.206055,0.877441,1.3125,-2,2.375,0.219425,-0.109579,1.6228
31917,-3,-9,7,-3,0,-1,-1,-2,0.124512,0.15625,0.884766,-1,-3.8125,2.5625,0.21804,-0.111615,1.62351
31917,9,16,11,2,0,0,0,0,0.124512,0.15625,0.884766,-1,-3.8125,2.5625,0.21804,-0.111615,1.62351
31938,-1,21,7,0,0,-1,-3,-3,0.124512,0.15625,0.884766,-1,-3.8125,2.5625,0.21804,-0.111615,1.62351
31938,-7,-38,-5,-2,-1,0,-3,-2,0.124512,0.15625,0.884766,-1,-3.8125,2.5625,0.21804,-0.111615,1.62351
31939,0,20,-12,2,2,-3,-2,-2,0.114258,0.184082,0.878906,2.3125,-2.9375,1.75,0.218605,-0.11299,1.62401
31939,6,22,34,2,-2,0,1,2,0.114258,0.184082,0.878906,2.3125,-2.9375,1.75,0.218605,-0.11299,1.62401
31951,-1,13,6,-1,0,-2,-1,-1,0.114258,0.184082,0.878906,2.3125,-2.9375,1.75,0.218605,-0.11299,1.62401
31951,2,12,14,1,1,-2,2,2,0.114258,0.184082,0.878906,2.3125,-2.9375,1.75,0.218605,-0.11299,1.62401
31961,-12,-55,-38,-6,-5,-1,-2,-2,0.0864258,0.203613,0.883789,2.625,-2.125,1.375,0.219625,-0.113397,1.62423
31961,1,36,18,2,-2,-3,-3,0,0.0864258,0.203613,0.883789,2.625,-2.125,1.375,0.219625,-0.113397,1.62423
31975,-4,-23,6,2,2,1,-1,-2,0.0864258,0.203613,0.883789,2.625,-2.125,1.375,0.219625,-0.113397,1.62423
31975,2,15,7,-4,-3,-1,-2,-2,0.0864258,0.203613,0.883789,2.625,-2.125,1.375,0.219625,-0.113397,1.62423
31976,3,6,-11,-2,-2,0,1,-8,0.0800781,0.199707,0.889648,-0.9375,-3.125,0.875,0.219346,-0.114011,1.62436
31976,-4,-29,-15,0,-1,0,0,7,0.0800781,0.199707,0.889648,-0.9375,-3.125,0.875,0.219346,-0.114011,1.62436
31998,1,16,25,1,-3,-3,5,0,0.0800781,0.199707,0.889648,-0.9375,-3.125,0.875,0.219346,-0.114011,1.62436
31998,1,-5,-38,-2,-2,-1,-6,-2,0.0800781,0.199707,0.889648,-0.9375,-3.125,0.875,0.219346,-0.114011,1.62436
31999,-1,-1,18,-3,-2,0,-1,1,0.097168,0.165039,0.883301,-2.25,-5.1875,2,0.217803,-0.115658,1.62473
31999,1,-15,8,1,1,0,-1,-2,0.097168,0.165039,0.883301,-2.25,-5.1875,2,0.217803,-0.115658,1.62473
32012,-1,14,-7,1,1,1,2,-3,0.097168,0.165039,0.883301,-2.25,-5.1875,2,0.217803,-0.115658,1.62473
32012,1,10,73,1,0,-2,2,3,0.097168,0.165039,0.883301,-2.25,-5.1875,2,0.217803,-0.115658,1.62473
32020,0,-10,-104,-10,-2,-1,2,-1,0.125,0.195312,0.879883,-1.875,-3.5625,2.5625,0.217132,-0.117524,1.62532
32020,6,-7,7,2,2,-1,5,2,0.125,0.195312,0.879883,-1.875,-3.5625,2.5625,0.217132,-0.117524,1.62532
32035,-4,-18,-15,-1,0,-2,-10,-14,0.125,0.195312,0.879883,-1.875,-3.5625,2.5625,0.217132,-0.117524,1.62532
32035,-3,12,1,-3,-3,-2,-3,1,0.125,0.195312,0.879883,-1.875,-3.5625,2.5625,0.217132,-0.117524,1.62532
32036,4,0,24,4,-2,1,-1,5,0.118652,0.201172,0.881836,-3.375,-3.6875,4.5625,0.215967,-0.11937,1.62661
32036,-1,14,-8,-3,-3,-1,0,2,0.118652,0.201172,0.881836,-3.375,-3.6875,4.5625,0.215967,-0.11937,1.62661
32058,-5,-15,-7,0,1,0,1,2,0.118652,0.201172,0.881836,-3.375,-3.6875,4.5625,0.215967,-0.11937,1.62661
32058,1,5,-28,-2,0,1,1,-2,0.118652,0.201172,0.881836,-3.375,-3.6875,4.5625,0.215967,-0.11937,1.62661
32059,3,-5,16,1,-1,-3,3,-3,0.125,0.199219,0.887207,-5.5,-3.9375,5.0625,0.214021,-0.121457,1.62804
32059,-18,-25,-14,-3,1,0,-2,-3,0.125,0.199219,0.887207,-5.5,-3.9375,5.0625,0.214021,-0.121457,1.62804
32071,-3,34,41,2,-2,-3,-10,-1,0.125,0.199219,0.887207,-5.5,-3.9375,5.0625,0.214021,-0.121457,1.62804
32071,-1,-21,-45,-4,-2,-2,-3,-6,0.125,0.199219,0.887207,-5.5,-3.9375,5.0625,0.214021,-0.121457,1.62804
32080,-5,-37,12,-2,-3,0,-2,-3,0.131836,0.234375,0.890625,-5.25,-2.6875,3.875,0.213143,-0.123027,1.62918
32080,-12,12,-24,-6,-5,-3,4,1,0.131836,0.234375,0.890625,-5.25,-2.6875,3.875,0.213143,-0.123027,1.62918
32095,3,3,20,4,2,0,0,1,0.131836,0.234375,0.890625,-5.25,-2.6875,3.875,0.213143,-0.123027,1.62918
32095,-12,-9,8,-3,-1,-2,-3,3,0.131836,0.234375,0.890625,-5.25,-2.6875,3.875,0.213143,-0.123027,1.62918
32097,6,19,-23,-1,1,0,-6,-7,0.120117,0.196289,0.900879,-9.1875,-1.4375,3,0.209939,-0.123878,1.63007
32097,3,6,8,-2,-1,-2,-5,-11,0.120117,0.196289,0.900879,-9.1875,-1.4375,3,0.209939,-0.123878,1.63007
32118,-3,-9,-14,-4,-1,-3,-4,-11,0.120117,0.196289,0.900879,-9.1875,-1.4375,3,0.209939,-0.123878,1.63007
32118,2,19,33,0,-3,-2,0,7,0.120117,0.196289,0.900879,-9.1875,-1.4375,3,0.209939,-0.123878,1.63007
32119,0,9,6,2,0,0,0,0,0.132324,0.176758,0.883789,-9.25,-1.625,3.125,0.206369,-0.125077,1.63111
32119,3,-4,8,2,-1,2,-2,2,0.132324,0.176758,0.883789,-9.25,-1.625,3.125,0.206369,-0.125077,1.63111
32131,3,39,-17,-1,-2,0,2,4,0.132324,0.176758,0.883789,-9.25,-1.625,3.125,0.206369,-0.125077,1.63111
32131,7,-20,19,0,-1,0,-3,-6,0.132324,0.176758,0.883789,-9.25,-1.625,3.125,0.206369,-0.125077,1.63111
32140,-12,-5,-22,-3,0,-1,-1,1,0.123047,0.16748,0.894043,-7.375,0.625,4.5625,0.20322,-0.125393,1.63276
32140,0,-7,5,1,1,0,-2,-5,0.123047,0.16748,0.894043,-7.375,0.625,4.5625,0.20322,-0.125393,1.63276
32155,0,-3,-7,-1,0,0,3,8,0.123047,0.16748,0.894043,-7.375,0.625,4.5625,0.20322,-0.125393,1.63276
32155,4,17,-19,0,-2,1,1,0,0.123047,0.16748,0.894043,-7.375,0.625,4.5625,0.20322,-0.125393,1.63276
32156,-3,13,28,2,-1,0,-4,4,0.108887,0.177246,0.902832,-8.5625,1.5625,3.375,0.199925,-0.124972,1.63407
32156,1,27,18,-5,-6,-5,-4,-5,0.108887,0.177246,0.902832,-8.5625,1.5625,3.375,0.199925,-0.124972,1.63407
32177,-4,-29,-43,0,-1,-2,-5,1,0.108887,0.177246,0.902832,-8.5625,1.5625,3.375,0.199925,-0.124972,1.63407
32177,-12,-14,14,-6,0,-2,0,-10,0.108887,0.177246,0.902832,-8.5625,1.5625,3.375,0.199925,-0.124972,1.63407
32185,1,-5,-9,2,0,0,0,5,0.107422,0.182129,0.891113,-10.3125,0.1875,3.0625,0.196381,-0.124935,1.63501
32185,4,-2,12,0,0,2,1,2,0.107422,0.182129,0.891113,-10.3125,0.1875,3.0625,0.196381,-0.124935,1.63501
32191,13,5,5,0,-4,-1,1,4,0.107422,0.182129,0.891113,-10.3125,0.1875,3.0625,0.196381,-0.124935,1.63501
32191,-5,-16,-9,-7,-4,-2,1,-2,0.107422,0.182129,0.891113,-10.3125,0.1875,3.0625,0.196381,-0.124935,1.63501
32208,-7,1,-2,1,-1,-2,-2,-8,0.133301,0.180176,0.886719,-9.1875,1.125,3.9375,0.193156,-0.125305,1.63649
32208,3,8,0,-1,0,-3,-11,-12,0.133301,0.180176,0.886719,-9.1875,1.125,3.9375,0.193156,-0.125305,1.63649
32215,-3,-15,-5,1,-2,1,-3,-1,0.133301,0.180176,0.886719,-9.1875,1.125,3.9375,0.193156,-0.125305,1.63649
32215,-1,-2,-10,1,0,-1,-6,0,0.133301,0.180176,0.886719,-9.1875,1.125,3.9375,0.193156,-0.125305,1.63649
32217,4,-6,7,-6,-4,-1,0,-2,0.112305,0.153809,0.896973,-8.75,0.875,5.375,0.189481,-0.125269,1.63851
32217,-2,-4,-4,2,3,0,1,2,0.112305,0.153809,0.896973,-8.75,0.875,5.375,0.189481,-0.125269,1.63851
32238,3,19,-11,-2,1,-1,13,10,0.112305,0.153809,0.896973,-8.75,0.875,5.375,0.189481,-0.125269,1.63851
32238,-6,10,-16,-5,-6,-3,-3,-3,0.112305,0.153809,0.896973,-8.75,0.875,5.375,0.189481,-0.125269,1.63851
32239,0,-19,10,2,0,0,-1,-1,0.13916,0.17627,0.885254,-8.5625,0.125,4.25,0.1865,-0.126076,1.64
32239,-4,-8,6,0,1,1,2,-2,0.13916,0.17627,0.885254,-8.5625,0.125,4.25,0.1865,-0.126076,1.64
32251,2,-5,15,4,2,0,-2,0,0.13916,0.17627,0.885254,-8.5625,0.125,4.25,0.1865,-0.126076,1.64
32251,-17,28,10,3,2,1,6,-5,0.13916,0.17627,0.885254,-8.5625,0.125,4.25,0.1865,-0.126076,1.64
32260,-1,-21,-21,-2,0,-1,-9,9,0.104004,0.154785,0.905762,-10.375,2,4.875,0.182319,-0.125473,1.64186
32260,7,13,-19,0,-4,-2,-3,0,0.104004,0.154785,0.905762,-10.375,2,4.875,0.182319,-0.125473,1.64186
32275,-7,-30,22,-3,-5,-2,3,5,0.104004,0.154785,0.905762,-10.375,2,4.875,0.182319,-0.125473,1.64186
32275,10,-5,-29,1,1,0,0,5,0.104004,0.154785,0.905762,-10.375,2,4.875,0.182319,-0.125473,1.64186
32276,-13,-1,11,-1,-1,-1,1,-9,0.103027,0.166992,0.896973,-10.5,0.0625,6.75,0.178522,-0.125524,1.64409
32276,1,-1,-3,1,1,0,-2,4,0.103027,0.166992,0.896973,-10.5,0.0625,6.75,0.178522,-0.125524,1.64409
32298,-2,5,8,-2,-1,-1,0,4,0.103027,0.166992,0.896973,-10.5,0.0625,6.75,0.178522,-0.125524,1.64409
32298,5,8,-11,2,2,0,-2,-1,0.103027,0.166992,0.896973,-10.5,0.0625,6.75,0.178522,-0.125524,1.64409
32299,4,1,14,-1,-1,0,6,1,0.121094,0.162598,0.891602,-10.6875,-1,6.625,0.174625,-0.126355,1.64649
32299,-2,-39,-21,-4,-2,-1,-1,2,0.121094,0.162598,0.891602,-10.6875,-1,6.625,0.174625,-0.126355,1.64649
32311,-1,4,-14,-2,-4,-2,-3,-7,0.121094,0.162598,0.891602,-10.6875,-1,6.625,0.174625,-0.126355,1.64649
32311,7,25,40,2,-2,0,0,2,0.121094,0.162598,0.891602,-10.6875,-1,6.625,0.174625,-0.126355,1.64649
32320,22,69,26,-5,-1,-1,-3,-3,0.142578,0.155273,0.893066,-11.5625,-0.6875,4.375,0.170505,-0.127522,1.64797
32320,-18,-57,-24,-5,-5,-3,-1,-2,0.142578,0.155273,0.893066,-11.5625,-0.6875,4.375,0.170505,-0.127522,1.64797
32334,-4,-11,0,0,0,0,-6,-1,0.142578,0.155273,0.893066,-11.5625,-0.6875,4.375,0.170505,-0.127522,1.64797
32334,-3,-23,-6,-1,-3,-2,0,3,0.142578,0.155273,0.893066,-11.5625,-0.6875,4.375,0.170505,-0.127522,1.64797
32337,11,32,17,-1,-2,-2,-1,1,0.128906,0.158203,0.896973,-8.75,1.25,4.375,0.167363,-0.127606,1.64952
32337,-1,7,7,1,2,1,-1,-6,0.128906,0.158203,0.896973,-8.75,1.25,4.375,0.167363,-0.127606,1.64952
32358,3,40,11,0,2,-2,-6,-2,0.128906,0.158203,0.896973,-8.75,1.25,4.375,0.167363,-0.127606,1.64952
32358,0,-41,-51,0,3,1,0,1,0.128906,0.158203,0.896973,-8.75,1.25,4.375,0.167363,-0.127606,1.64952
32359,-5,-8,9,-3,-4,-4,1,4,0.118164,0.115234,0.90332,-9.25,0.9375,3.25,0.163203,-0.127606,1.65069
32359,-1,15,2,-2,-1,0,-1,-9,0.118164,0.115234,0.90332,-9.25,0.9375,3.25,0.163203,-0.127606,1.65069
32371,-10,-9,-8,-1,-1,0,-3,-7,0.118164,0.115234,0.90332,-9.25,0.9375,3.25,0.163203,-0.127606,1.65069
32371,0,22,14,1,1,-1,-2,0,0.118164,0.115234,0.90332,-9.25,0.9375,3.25,0.163203,-0.127606,1.65069
32380,-3,-18,-18,-1,-2,-2,-2,-2,0.121582,0.137695,0.893555,-9,0.3125,2.3125,0.159842,-0.127711,1.6517
32380,2,15,1,3,1,3,11,7,0.121582,0.137695,0.893555,-9,0.3125,2.3125,0.159842,-0.127711,1.6517
32395,-1,1,51,2,2,0,-7,-2,0.121582,0.137695,0.893555,-9,0.3125,2.3125,0.159842,-0.127711,1.6517
32395,-6,-55,-77,-11,-4,-3,-3,-4,0.121582,0.137695,0.893555,-9,0.3125,2.3125,0.159842,-0.127711,1.6517
32396,0,-2,18,2,0,-2,0,-5,0.10791,0.116699,0.910156,-10.5,0.875,2.4375,0.155456,-0.127245,1.6527
32396,-8,23,29,2,-2,-2,1,0,0.10791,0.116699,0.910156,-10.5,0.875,2.4375,0.155456,-0.127245,1.6527
32417,4,-3,-25,-2,0,2,2,-3,0.10791,0.116699,0.910156,-10.5,0.875,2.4375,0.155456,-0.127245,1.6527
32417,0,15,24,1,1,0,2,1,0.10791,0.116699,0.910156,-10.5,0.875,2.4375,0.155456,-0.127245,1.6527
32419,3,-15,-18,-1,0,0,2,-3,0.106934,0.102051,0.906738,-11.3125,0,2.75,0.150447,-0.12718,1.6537
32419,2,-3,-14,-1,-1,-2,-7,10,0.106934,0.102051,0.906738,-11.3125,0,2.75,0.150447,-0.12718,1.6537
32431,6,19,-21,-2,1,0,-2,2,0.106934,0.102051,0.906738,-11.3125,0,2.75,0.150447,-0.12718,1.6537
32431,-3,-11,72,2,-1,-3,-4,-4,0.106934,0.102051,0.906738,-11.3125,0,2.75,0.150447,-0.12718,1.6537
32440,-6,-64,-91,-10,-4,-1,-1,-2,0.117676,0.0952148,0.90918,-7,0,2.0625,0.147009,-0.127345,1.65454
32440,5,23,45,3,-2,-2,-1,-6,0.117676,0.0952148,0.90918,-7,0,2.0625,0.147009,-0.127345,1.65454
32462,-4,-16,-19,-2,-1,-3,0,-3,0.117676,0.0952148,0.90918,-7,0,2.0625,0.147009,-0.127345,1.65454
32462,3,23,18,0,-1,-2,0,3,0.117676,0.0952148,0.90918,-7,0,2.0625,0.147009,-0.127345,1.65454
32463,-4,13,7,7,6,4,6,1,0.120117,0.0917969,0.911133,-4.25,0.3125,1.1875,0.144449,-0.127353,1.65505
32463,-3,-42,-19,-3,0,0,1,-1,0.120117,0.0917969,0.911133,-4.25,0.3125,1.1875,0.144449,-0.127353,1.65505
32485,-1,0,-5,-3,-3,-1,0,1,0.120117,0.0917969,0.911133,-4.25,0.3125,1.1875,0.144449,-0.127353,1.65505
32485,1,14,-15,-1,-2,1,-1,-7,0.120117,0.0917969,0.911133,-4.25,0.3125,1.1875,0.144449,-0.127353,1.65505
32487,-7,-2,17,-1,-3,-1,-3,0,0.116699,0.0966797,0.907715,-1.1875,0.3125,0.25,0.143227,-0.12732,1.65539
32487,-1,3,-20,-3,-1,-1,-1,-2,0.116699,0.0966797,0.907715,-1.1875,0.3125,0.25,0.143227,-0.12732,1.65539
32491,1,-9,19,2,1,2,2,-1,0.116699,0.0966797,0.907715,-1.1875,0.3125,0.25,0.143227,-0.12732,1.65539
32491,3,36,-10,3,2,3,2,-2,0.116699,0.0966797,0.907715,-1.1875,0.3125,0.25,0.143227,-0.12732,1.65539
32499,-11,0,42,-2,1,-1,-2,-1,0.119141,0.106445,0.902344,0.3125,0.5,0.5625,0.143142,-0.127229,1.65539
32499,0,-27,-46,-3,-3,-2,-5,-6,0.119141,0.106445,0.902344,0.3125,0.5,0.5625,0.143142,-0.127229,1.65539
32515,0,-3,-8,-4,-2,-2,0,2,0.119141,0.106445,0.902344,0.3125,0.5,0.5625,0.143142,-0.127229,1.65539
32515,-1,-6,5,0,-2,-2,-1,2,0.119141,0.106445,0.902344,0.3125,0.5,0.5625,0.143142,-0.127229,1.65539
32517,4,37,20,3,0,0,1,2,0.11377,0.129883,0.902344,1.875,0.8125,0.4375,0.143655,-0.126921,1.65559
32517,-4,-6,9,-1,-2,0,2,-3,0.11377,0.129883,0.902344,1.875,0.8125,0.4375,0.143655,-0.126921,1.65559
32538,-3,-26,-6,3,2,0,2,-1,0.11377,0.129883,0.902344,1.875,0.8125,0.4375,0.143655,-0.126921,1.65559
32538,-5,-47,25,-4,-5,-3,-5,-2,0.11377,0.129883,0.902344,1.875,0.8125,0.4375,0.143655,-0.126921,1.65559
32539,1,5,-13,-1,-2,0,-2,-6,0.118164,0.137695,0.902832,1.125,0.5625,0.25,0.144185,-0.126773,1.65559
32539,5,7,4,-2,-1,-1,0,2,0.118164,0.137695,0.902832,1.125,0.5625,0.25,0.144185,-0.126773,1.65559
32560,2,21,-12,0,0,0,0,-2,0.118164,0.137695,0.902832,1.125,0.5625,0.25,0.144185,-0.126773,1.65559
32560,5,22,16,0,-1,-1,1,3,0.118164,0.137695,0.902832,1.125,0.5625,0.25,0.144185,-0.126773,1.65559
32561,3,5,11,4,3,-2,-4,1,0.110352,0.12793,0.906738,0.3125,0.875,0.5,0.144275,-0.12669,1.6556
32561,-10,-32,-50,-6,-1,-4,-2,-1,0.110352,0.12793,0.906738,0.3125,0.875,0.5,0.144275,-0.12669,1.6556
32575,-2,-10,5,-2,-1,0,-3,-2,0.110352,0.12793,0.906738,0.3125,0.875,0.5,0.144275,-0.12669,1.6556
32575,-4,2,9,-3,0,-2,-2,-4,0.110352,0.12793,0.906738,0.3125,0.875,0.5,0.144275,-0.12669,1.6556
32576,-9,-23,-2,-4,-3,-4,-3,-1,0.108398,0.114746,0.898438,-0.5625,0.3125,1,0.143561,-0.126522,1.65613
32576,6,20,14,2,0,0,0,0,0.108398,0.114746,0.898438,-0.5625,0.3125,1,0.143561,-0.126522,1.65613
32598,-3,-14,1,2,-2,-4,-1,-3,0.108398,0.114746,0.898438,-0.5625,0.3125,1,0.143561,-0.126522,1.65613
32598,2,11,-14,0,2,2,-1,1,0.108398,0.114746,0.898438,-0.5625,0.3125,1,0.143561,-0.126522,1.65613
32599,4,1,-63,-4,1,2,-1,-2,0.118164,0.125488,0.896484,-0.75,0.75,-0.125,0.143561,-0.126522,1.65613
32599,4,24,49,4,3,1,1,2,0.118164,0.125488,0.896484,-0.75,0.75,-0.125,0.143561,-0.126522,1.65613
32620,-9,-21,-30,-3,-1,0,-2,-4,0.118164,0.125488,0.896484,-0.75,0.75,-0.125,0.143561,-0.126522,1.65613
32620,-4,-19,6,0,-3,-5,-1,-2,0.118164,0.125488,0.896484,-0.75,0.75,-0.125,0.143561,-0.126522,1.65613
32621,9,14,20,3,0,0,1,3,0.111328,0.12793,0.906738,-1.8125,0.6875,0.5625,0.142861,-0.126156,1.65631
32621,4,3,-7,-4,-3,-1,0,-1,0.111328,0.12793,0.906738,-1.8125,0.6875,0.5625,0.142861,-0.126156,1.65631
32635,-6,-18,-24,-6,-5,-5,-4,-4,0.111328,0.12793,0.906738,-1.8125,0.6875,0.5625,0.142861,-0.126156,1.65631
32635,1,0,27,2,-3,-2,2,-1,0.111328,0.12793,0.906738,-1.8125,0.6875,0.5625,0.142861,-0.126156,1.65631
32637,-2,-6,-6,-2,-2,-2,-7,-3,0.118164,0.119629,0.899902,-3.0625,0.0625,0.6875,0.141622,-0.126296,1.65665
32637,2,39,7,0,-1,0,5,4,0.118164,0.119629,0.899902,-3.0625,0.0625,0.6875,0.141622,-0.126296,1.65665
32657,-2,0,20,0,-1,-2,-5,1,0.118164,0.119629,0.899902,-3.0625,0.0625,0.6875,0.141622,-0.126296,1.65665
32657,3,10,3,-1,1,0,-3,0,0.118164,0.119629,0.899902,-3.0625,0.0625,0.6875,0.141622,-0.126296,1.65665
32659,-14,-1,-16,-4,-1,-2,0,-3,0.111816,0.109375,0.895996,-3.8125,-0.375,1.125,0.139858,-0.126412,1.65699
32659,2,-8,-7,-2,0,-1,-2,-3,0.111816,0.109375,0.895996,-3.8125,-0.375,1.125,0.139858,-0.126412,1.65699
32680,0,8,17,1,0,-1,-1,-1,0.111816,0.109375,0.895996,-3.8125,-0.375,1.125,0.139858,-0.126412,1.65699
32680,-3,12,-22,-1,-2,-1,4,-1,0.111816,0.109375,0.895996,-3.8125,-0.375,1.125,0.139858,-0.126412,1.65699
32682,1,3,15,0,-1,-2,-2,1,0.121094,0.100586,0.90625,-2.25,0.125,0.6875,0.13836,-0.126452,1.65734
32682,4,-8,-11,-1,1,0,-1,4,0.121094,0.100586,0.90625,-2.25,0.125,0.6875,0.13836,-0.126452,1.65734
32702,-4,10,5,2,0,0,4,-2,0.121094,0.100586,0.90625,-2.25,0.125,0.6875,0.13836,-0.126452,1.65734
32702,4,14,-11,2,0,0,-3,1,0.121094,0.100586,0.90625,-2.25,0.125,0.6875,0.13836,-0.126452,1.65734
32704,-4,-11,-1,-1,-1,0,1,-4,0.10791,0.0878906,0.911133,-1.8125,0.0625,1,0.136868,-0.126331,1.65786
32704,-4,-4,22,1,-1,-3,-2,-2,0.10791,0.0878906,0.911133,-1.8125,0.0625,1,0.136868,-0.126331,1.65786
32717,0,-21,-2,-5,-3,0,3,-1,0.10791,0.0878906,0.911133,-1.8125,0.0625,1,0.136868,-0.126331,1.65786
32717,0,16,-17,-1,-3,-1,-2,-2,0.10791,0.0878906,0.911133,-1.8125,0.0625,1,0.136868,-0.126331,1.65786
32718,1,-1,26,4,1,-2,-1,1,0.102539,0.081543,0.916016,0.1875,-0.0625,-0.625,0.136609,-0.126232,1.65786
32718,4,34,-14,-2,0,0,1,-1,0.102539,0.081543,0.916016,0.1875,-0.0625,-0.625,0.136609,-0.126232,1.65786
32740,-1,39,-10,1,0,2,1,0,0.102539,0.081543,0.916016,0.1875,-0.0625,-0.625,0.136609,-0.126232,1.65786
32740,-2,-29,7,-3,0,0,0,-1,0.102539,0.081543,0.916016,0.1875,-0.0625,-0.625,0.136609,-0.126232,1.65786
32742,2,14,-11,-4,-3,-2,0,0,0.113281,0.0991211,0.912109,3.625,0,-0.6875,0.137222,-0.126163,1.65769
32742,-4,-32,13,3,-4,-2,-3,-2,0.113281,0.0991211,0.912109,3.625,0,-0.6875,0.137222,-0.126163,1.65769
32762,-7,-10,23,1,-2,1,-2,-1,0.113281,0.0991211,0.912109,3.625,0,-0.6875,0.137222,-0.126163,1.65769
32762,1,12,-11,0,0,0,-2,-1,0.113281,0.0991211,0.912109,3.625,0,-0.6875,0.137222,-0.126163,1.65769
32764,2,16,15,0,-1,-1,-2,-1,0.108398,0.125,0.906738,5.3125,-0.5,-0.875,0.139075,-0.125966,1.65735
32764,0,29,-2,0,0,0,1,0,0.108398,0.125,0.906738,5.3125,-0.5,-0.875,0.139075,-0.125966,1.65735
32777,6,-7,14,-4,-1,-1,0,2,0.108398,0.125,0.906738,5.3125,-0.5,-0.875,0.139075,-0.125966,1.65735
32777,-7,-10,0,-2,-2,-4,-3,-2,0.108398,0.125,0.906738,5.3125,-0.5,-0.875,0.139075,-0.125966,1.65735
32779,-4,-34,-21,-4,-2,-2,-4,-3,0.117676,0.125,0.905762,5.125,-0.4375,-1.0625,0.140817,-0.126198,1.65701
32779,4,7,-23,3,2,0,0,0,0.117676,0.125,0.905762,5.125,-0.4375,-1.0625,0.140817,-0.126198,1.65701
32800,0,19,21,1,0,-4,-1,-3,0.117676,0.125,0.905762,5.125,-0.4375,-1.0625,0.140817,-0.126198,1.65701
32800,-16,0,-19,-4,-1,-1,0,3,0.117676,0.125,0.905762,5.125,-0.4375,-1.0625,0.140817,-0.126198,1.65701
32802,-1,0,20,0,-1,0,0,-1,0.115234,0.122559,0.910156,4.9375,-1.1875,-0.75,0.142468,-0.126513,1.65667
32802,-2,-9,-3,-2,-2,-1,3,2,0.115234,0.122559,0.910156,4.9375,-1.1875,-0.75,0.142468,-0.126513,1.65667
32814,4,-3,-15,0,-2,0,-6,-4,0.115234,0.122559,0.910156,4.9375,-1.1875,-0.75,0.142468,-0.126513,1.65667
32814,1,-4,11,-1,1,0,-1,-3,0.115234,0.122559,0.910156,4.9375,-1.1875,-0.75,0.142468,-0.126513,1.65667
32821,0,-12,-19,-2,-2,0,-2,0,0.115723,0.11084,0.90332,5.3125,-1.125,-0.8125,0.143783,-0.126821,1.6565
32821,-6,-9,9,-3,-3,-2,-2,-5,0.115723,0.11084,0.90332,5.3125,-1.125,-0.8125,0.143783,-0.126821,1.6565
32837,-2,-33,-5,2,0,-2,1,0,0.115723,0.11084,0.90332,5.3125,-1.125,-0.8125,0.143783,-0.126821,1.6565
32837,-1,-21,-8,-1,2,1,1,0,0.115723,0.11084,0.90332,5.3125,-1.125,-0.8125,0.143783,-0.126821,1.6565
32839,-2,1,10,-5,-3,0,0,-3,0.119141,0.104492,0.906738,7.1875,-0.5625,-1.4375,0.145711,-0.127048,1.65598
32839,4,13,33,2,0,-1,-4,-1,0.119141,0.104492,0.906738,7.1875,-0.5625,-1.4375,0.145711,-0.127048,1.65598
32868,-1,-4,-28,-4,-2,-1,-1,-3,0.119141,0.104492,0.906738,7.1875,-0.5625,-1.4375,0.145711,-0.127048,1.65598
32868,6,18,-4,1,1,1,2,2,0.119141,0.104492,0.906738,7.1875,-0.5625,-1.4375,0.145711,-0.127048,1.65598
32869,4,-2,24,2,0,-2,0,-1,0.116211,0.100098,0.904785,10.375,-0.4375,-1.4375,0.148599,-0.127072,1.65566
32869,-18,-14,-22,-5,-2,-2,-3,-3,0.116211,0.100098,0.904785,10.375,-0.4375,-1.4375,0.148599,-0.127072,1.65566
32874,-1,4,8,2,-2,-1,-3,0,0.116211,0.100098,0.904785,10.375,-0.4375,-1.4375,0.148599,-0.127072,1.65566
32874,3,37,10,-4,-3,-2,-2,-3,0.116211,0.100098,0.904785,10.375,-0.4375,-1.4375,0.148599,-0.127072,1.65566
32883,2,36,43,6,3,4,2,1,0.112305,0.116699,0.891602,13.375,0.5625,-1.9375,0.15281,-0.126701,1.65502
32883,1,-28,-11,-5,-2,1,1,-3,0.112305,0.116699,0.891602,13.375,0.5625,-1.9375,0.15281,-0.126701,1.65502
32897,-10,-51,-21,-2,1,-1,0,-1,0.112305,0.116699,0.891602,13.375,0.5625,-1.9375,0.15281,-0.126701,1.65502
32897,-7,-26,-6,-1,1,1,-1,-4,0.112305,0.116699,0.891602,13.375,0.5625,-1.9375,0.15281,-0.126701,1.65502
32899,0,4,-1,0,-2,-2,0,1,0.119629,0.146973,0.896484,13.4375,-0.375,-1.75,0.157709,-0.126879,1.65439
32899,3,9,0,1,0,-1,-1,1,0.119629,0.146973,0.896484,13.4375,-0.375,-1.75,0.157709,-0.126879,1.65439
32919,1,16,-7,-1,-1,-1,1,-2,0.119629,0.146973,0.896484,13.4375,-0.375,-1.75,0.157709,-0.126879,1.65439
32919,1,-9,-4,-2,-1,-2,-2,-1,0.119629,0.146973,0.896484,13.4375,-0.375,-1.75,0.157709,-0.126879,1.65439
32927,-3,0,-4,-2,-2,-3,-3,-2,0.116699,0.165527,0.891602,13.1875,0.25,-2.125,0.162882,-0.126623,1.65361
32927,0,-23,-1,2,1,0,0,-1,0.116699,0.165527,0.891602,13.1875,0.25,-2.125,0.162882,-0.126623,1.65361
32935,1,20,6,-1,-1,-1,0,1,0.116699,0.165527,0.891602,13.1875,0.25,-2.125,0.162882,-0.126623,1.65361
32935,-6,-20,-6,-3,-3,-2,-2,-1,0.116699,0.165527,0.891602,13.1875,0.25,-2.125,0.162882,-0.126623,1.65361
32941,-2,-17,-19,-4,1,-1,1,1,0.109375,0.178711,0.898926,10,0.25,-1.4375,0.167197,-0.126348,1.65317
32941,-2,-12,-3,-2,-2,-3,-3,-1,0.109375,0.178711,0.898926,10,0.25,-1.4375,0.167197,-0.126348,1.65317
32958,5,37,16,0,0,-1,-3,-1,0.109375,0.178711,0.898926,10,0.25,-1.4375,0.167197,-0.126348,1.65317
32958,1,-5,28,3,0,0,0,1,0.109375,0.178711,0.898926,10,0.25,-1.4375,0.167197,-0.126348,1.65317
32959,-10,-94,-74,-12,-4,-2,-3,-4,0.112305,0.169434,0.888672,5.9375,-0.625,-0.6875,0.169636,-0.126437,1.65288
32959,1,-8,5,1,0,-1,-1,0,0.112305,0.169434,0.888672,5.9375,-0.625,-0.6875,0.169636,-0.126437,1.65288
32980,-1,23,9,0,-2,-2,-2,1,0.112305,0.169434,0.888672,5.9375,-0.625,-0.6875,0.169636,-0.126437,1.65288
32980,13,34,44,2,1,-1,-1,2,0.112305,0.169434,0.888672,5.9375,-0.625,-0.6875,0.169636,-0.126437,1.65288
32982,-9,-28,-8,1,-2,-1,0,-2,0.11377,0.164062,0.884766,3.9375,-0.625,-0.5,0.171297,-0.126574,1.65257
32982,-4,3,-6,-1,1,-1,-1,-2,0.11377,0.164062,0.884766,3.9375,-0.625,-0.5,0.171297,-0.126574,1.65257
32994,-5,-36,-3,0,1,1,1,-2,0.11377,0.164062,0.884766,3.9375,-0.625,-0.5,0.171297,-0.126574,1.65257
32994,7,27,17,5,4,0,1,1,0.11377,0.164062,0.884766,3.9375,-0.625,-0.5,0.171297,-0.126574,1.65257
33002,-1,-1,-59,-5,-4,-4,-3,-5,0.109863,0.160156,0.895996,2.6875,-0.3125,-0.4375,0.172438,-0.126527,1.65242
33002,-11,-3,10,-2,-3,1,-1,-4,0.109863,0.160156,0.895996,2.6875,-0.3125,-0.4375,0.172438,-0.126527,1.65242
33018,4,-6,2,-1,1,0,-1,-1,0.109863,0.160156,0.895996,2.6875,-0.3125,-0.4375,0.172438,-0.126527,1.65242
33018,-7,-43,-29,-3,-2,-1,-2,-2,0.109863,0.160156,0.895996,2.6875,-0.3125,-0.4375,0.172438,-0.126527,1.65242
33019,4,15,15,-1,-3,-1,0,3,0.125977,0.15918,0.891602,3,-0.25,0.5,0.17355,-0.126857,1.65263
33019,3,5,11,2,0,-1,-1,1,0.125977,0.15918,0.891602,3,-0.25,0.5,0.17355,-0.126857,1.65263
33041,-3,44,-27,-3,-3,-2,0,-10,0.125977,0.15918,0.891602,3,-0.25,0.5,0.17355,-0.126857,1.65263
33041,-5,-32,-8,-2,-1,0,0,7,0.125977,0.15918,0.891602,3,-0.25,0.5,0.17355,-0.126857,1.65263
33042,2,17,20,0,0,-2,-2,0,0.121582,0.166992,0.895508,1.5625,-0.25,0,0.174318,-0.127142,1.65247
33042,2,0,-3,0,0,-1,-2,1,0.121582,0.166992,0.895508,1.5625,-0.25,0,0.174318,-0.127142,1.65247
33054,4,14,16,0,-1,-1,0,0,0.121582,0.166992,0.895508,1.5625,-0.25,0,0.174318,-0.127142,1.65247
33054,-20,-29,-24,-4,-3,-2,-4,-11,0.121582,0.166992,0.895508,1.5625,-0.25,0,0.174318,-0.127142,1.65247
33063,8,17,-10,2,2,1,3,4,0.112793,0.17041,0.897949,-0.25,-0.125,0.5,0.174408,-0.127059,1.65248
33063,0,12,43,6,-4,-1,-2,-5,0.112793,0.17041,0.897949,-0.25,-0.125,0.5,0.174408,-0.127059,1.65248
33078,-5,2,16,-4,-3,-1,-3,-2,0.112793,0.17041,0.897949,-0.25,-0.125,0.5,0.174408,-0.127059,1.65248
33078,1,4,7,0,-1,-2,-1,-2,0.112793,0.17041,0.897949,-0.25,-0.125,0.5,0.174408,-0.127059,1.65248
33079,5,-15,-12,-4,0,3,0,0,0.106934,0.164062,0.904297,-1.9375,0.375,0.875,0.173792,-0.1268,1.65282
33079,-2,37,-16,-5,-4,-5,-7,-6,0.106934,0.164062,0.904297,-1.9375,0.375,0.875,0.173792,-0.1268,1.65282
33100,2,-11,-8,1,4,4,8,-5,0.106934,0.164062,0.904297,-1.9375,0.375,0.875,0.173792,-0.1268,1.65282
33100,-1,9,-1,-1,-1,-1,-9,2,0.106934,0.164062,0.904297,-1.9375,0.375,0.875,0.173792,-0.1268,1.65282
33102,-3,20,21,1,-2,-4,4,-1,0.103027,0.150879,0.900879,-2.75,-0.0625,1.1875,0.172652,-0.12653,1.65333
33102,5,-26,-11,-1,1,1,-3,18,0.103027,0.150879,0.900879,-2.75,-0.0625,1.1875,0.172652,-0.12653,1.65333
33113,5,6,11,3,-1,-5,-17,11,0.103027,0.150879,0.900879,-2.75,-0.0625,1.1875,0.172652,-0.12653,1.65333
33113,-6,-18,-13,-3,-4,0,33,-3,0.103027,0.150879,0.900879,-2.75,-0.0625,1.1875,0.172652,-0.12653,1.65333
33124,-1,13,7,-1,-5,-5,-9,-1,0.115723,0.158203,0.914062,-1.875,-0.625,0.125,0.172031,-0.126761,1.65331
33124,2,-3,-3,-2,2,-1,-1,18,0.115723,0.158203,0.914062,-1.875,-0.625,0.125,0.172031,-0.126761,1.65331
33138,-5,-9,-4,-3,-4,-2,-4,-8,0.115723,0.158203,0.914062,-1.875,-0.625,0.125,0.172031,-0.126761,1.65331
33138,4,15,-2,0,1,2,-9,-2,0.115723,0.158203,0.914062,-1.875,-0.625,0.125,0.172031,-0.126761,1.65331
33139,0,-11,3,1,0,3,6,-4,0.129883,0.155273,0.926758,2.5,0.9375,-2.625,0.172879,-0.126461,1.65243
33139,-1,-3,-3,-4,-4,-1,0,-4,0.129883,0.155273,0.926758,2.5,0.9375,-2.625,0.172879,-0.126461,1.65243
33160,0,-9,-1,0,2,1,-1,3,0.129883,0.155273,0.926758,2.5,0.9375,-2.625,0.172879,-0.126461,1.65243
33160,0,14,2,-2,-3,-3,-5,-5,0.129883,0.155273,0.926758,2.5,0.9375,-2.625,0.172879,-0.126461,1.65243
33161,-3,6,6,1,1,1,0,1,0.0996094,0.183105,0.886719,0.4375,0.8125,-1.8125,0.173716,-0.12566,1.65175
33161,0,-4,0,-3,2,1,2,-5,0.0996094,0.183105,0.886719,0.4375,0.8125,-1.8125,0.173716,-0.12566,1.65175
33174,-5,-29,-26,-4,-5,-3,2,-2,0.0996094,0.183105,0.886719,0.4375,0.8125,-1.8125,0.173716,-0.12566,1.65175
33174,2,-1,-30,-2,-1,-1,-6,4,0.0996094,0.183105,0.886719,0.4375,0.8125,-1.8125,0.173716,-0.12566,1.65175
33183,-2,6,6,-1,-1,-1,-3,0,0.108887,0.152832,0.907715,1.1875,1.4375,-1.9375,0.174127,-0.124935,1.65123
33183,5,29,64,6,0,-3,-3,-14,0.108887,0.152832,0.907715,1.1875,1.4375,-1.9375,0.174127,-0.124935,1.65123
33198,-16,-14,-15,-2,-1,-1,3,-2,0.108887,0.152832,0.907715,1.1875,1.4375,-1.9375,0.174127,-0.124935,1.65123
33198,5,18,-20,-2,0,-1,0,5,0.108887,0.152832,0.907715,1.1875,1.4375,-1.9375,0.174127,-0.124935,1.65123
33199,2,19,4,-2,0,0,-3,-2,0.108398,0.11084,0.884766,-4.3125,0.25,-2.3125,0.171742,-0.124598,1.65061
33199,-2,-39,-74,0,4,3,6,-1,0.108398,0.11084,0.884766,-4.3125,0.25,-2.3125,0.171742,-0.124598,1.65061
33220,3,59,99,5,-4,-3,-2,-3,0.108398,0.11084,0.884766,-4.3125,0.25,-2.3125,0.171742,-0.124598,1.65061
33220,-2,-13,-5,-3,-3,-2,-4,-4,0.108398,0.11084,0.884766,-4.3125,0.25,-2.3125,0.171742,-0.124598,1.65061
33221,2,-15,-97,-5,7,6,5,6,0.133789,0.107422,0.875488,2.3125,1.625,-0.0625,0.171381,-0.124598,1.65079
33221,-5,15,62,3,-10,-12,-9,-13,0.133789,0.107422,0.875488,2.3125,1.625,-0.0625,0.171381,-0.124598,1.65079
33233,0,-29,-68,-3,3,3,-4,-1,0.133789,0.107422,0.875488,2.3125,1.625,-0.0625,0.171381,-0.124598,1.65079
33233,-1,0,21,2,-2,-4,-5,-2,0.133789,0.107422,0.875488,2.3125,1.625,-0.0625,0.171381,-0.124598,1.65079
33243,0,4,17,2,-1,-3,11,4,0.114258,0.145508,0.88916,0.375,3.4375,3.0625,0.171251,-0.123577,1.65208
33243,-2,-20,-40,-6,1,-1,1,8,0.114258,0.145508,0.88916,0.375,3.4375,3.0625,0.171251,-0.123577,1.65208
33257,-4,-14,1,1,0,-1,0,-2,0.114258,0.145508,0.88916,0.375,3.4375,3.0625,0.171251,-0.123577,1.65208
33257,-1,14,-7,-3,0,-1,-2,-3,0.114258,0.145508,0.88916,0.375,3.4375,3.0625,0.171251,-0.123577,1.65208
33258,7,3,18,1,-3,-2,-3,-6,0.104004,0.17627,0.90332,-1.75,0.8125,2.0625,0.170972,-0.123192,1.6528
33258,-1,21,-4,-2,-1,2,4,-1,0.104004,0.17627,0.90332,-1.75,0.8125,2.0625,0.170972,-0.123192,1.6528
33280,2,-3,0,-2,-1,-1,-1,2,0.104004,0.17627,0.90332,-1.75,0.8125,2.0625,0.170972,-0.123192,1.6528
33280,-3,-9,-2,0,-1,0,-2,-3,0.104004,0.17627,0.90332,-1.75,0.8125,2.0625,0.170972,-0.123192,1.6528
33282,-1,6,38,2,-1,-1,-5,0,0.124512,0.179199,0.918457,-2.75,-0.625,1.6875,0.170577,-0.12374,1.65332
33282,1,-11,-13,-1,-1,0,2,-1,0.124512,0.179199,0.918457,-2.75,-0.625,1.6875,0.170577,-0.12374,1.65332
33294,5,18,2,-3,-4,-2,-4,1,0.124512,0.179199,0.918457,-2.75,-0.625,1.6875,0.170577,-0.12374,1.65332
33294,1,13,28,3,0,1,-2,-1,0.124512,0.179199,0.918457,-2.75,-0.625,1.6875,0.170577,-0.12374,1.65332
33302,-9,-72,-49,-3,-1,-1,-5,-5,0.101074,0.174316,0.894043,-6.4375,-0.6875,1.5,0.168805,-0.123702,1.65382
33302,-3,-38,0,0,1,0,0,-3,0.101074,0.174316,0.894043,-6.4375,-0.6875,1.5,0.168805,-0.123702,1.65382
33318,0,5,-4,-1,-1,1,3,1,0.101074,0.174316,0.894043,-6.4375,-0.6875,1.5,0.168805,-0.123702,1.65382
33318,5,11,5,-1,-3,-4,-3,0,0.101074,0.174316,0.894043,-6.4375,-0.6875,1.5,0.168805,-0.123702,1.65382
33320,-19,9,19,0,-1,1,-3,0,0.104004,0.148926,0.89502,-4.8125,-1.5625,1.0625,0.167042,-0.124165,1.65412
33320,1,36,1,0,-2,-3,-1,-2,0.104004,0.148926,0.89502,-4.8125,-1.5625,1.0625,0.167042,-0.124165,1.65412
33340,2,-11,-12,-1,1,-1,1,2,0.104004,0.148926,0.89502,-4.8125,-1.5625,1.0625,0.167042,-0.124165,1.65412
33340,0,8,9,1,-1,0,0,1,0.104004,0.148926,0.89502,-4.8125,-1.5625,1.0625,0.167042,-0.124165,1.65412
33342,6,15,6,0,-3,-3,-5,-5,0.117188,0.126953,0.907715,-4.25,-2.5,0.625,0.165002,-0.125035,1.65423
33342,0,-8,-7,0,-1,-1,-2,-1,0.117188,0.126953,0.907715,-4.25,-2.5,0.625,0.165002,-0.125035,1.65423
33362,0,27,14,0,-2,-3,2,2,0.117188,0.126953,0.907715,-4.25,-2.5,0.625,0.165002,-0.125035,1.65423
33362,-4,-24,-27,-3,-2,-3,-3,-3,0.117188,0.126953,0.907715,-4.25,-2.5,0.625,0.165002,-0.125035,1.65423
33364,-3,10,20,3,3,0,-1,0,0.116699,0.141602,0.900879,-2.4375,-2.6875,1.1875,0.163902,-0.126053,1.65455
33364,4,45,3,2,-1,-1,0,0,0.116699,0.141602,0.900879,-2.4375,-2.6875,1.1875,0.163902,-0.126053,1.65455
33378,5,-6,-17,-7,-1,-1,0,1,0.116699,0.141602,0.900879,-2.4375,-2.6875,1.1875,0.163902,-0.126053,1.65455
33378,-2,-48,-35,-4,-2,-2,-1,0,0.116699,0.141602,0.900879,-2.4375,-2.6875,1.1875,0.163902,-0.126053,1.65455
33379,-6,-5,9,-4,-6,-4,-3,-4,0.105957,0.158203,0.90625,1.3125,-1.5,0.75,0.164576,-0.126276,1.65475
33379,-1,-2,18,-1,0,3,-1,0,0.105957,0.158203,0.90625,1.3125,-1.5,0.75,0.164576,-0.126276,1.65475
33400,1,14,-32,0,-6,-8,-5,0,0.105957,0.158203,0.90625,1.3125,-1.5,0.75,0.164576,-0.126276,1.65475
33400,-4,-17,-7,-5,2,6,2,0,0.105957,0.158203,0.90625,1.3125,-1.5,0.75,0.164576,-0.126276,1.65475
33402,3,28,34,3,0,0,-3,-3,0.102539,0.179688,0.908203,1.8125,-1.5625,1.25,0.165849,-0.126615,1.65496
33402,8,-19,-14,-5,1,-1,-1,0,0.102539,0.179688,0.908203,1.8125,-1.5625,1.25,0.165849,-0.126615,1.65496
33414,-4,-4,4,3,-2,-2,-2,0,0.102539,0.179688,0.908203,1.8125,-1.5625,1.25,0.165849,-0.126615,1.65496
33414,1,-8,-11,-6,-5,-3,-1,-2,0.102539,0.179688,0.908203,1.8125,-1.5625,1.25,0.165849,-0.126615,1.65496
33422,4,20,41,-1,-2,-2,-1,2,0.112305,0.205078,0.900391,10.4375,-2.9375,4.5625,0.170518,-0.127725,1.65617
33422,-6,-33,-55,-12,-15,-6,-5,-3,0.112305,0.205078,0.900391,10.4375,-2.9375,4.5625,0.170518,-0.127725,1.65617
33438,-3,-27,1,7,9,8,5,-2,0.112305,0.205078,0.900391,10.4375,-2.9375,4.5625,0.170518,-0.127725,1.65617
33438,0,14,17,-6,-2,-3,-2,1,0.112305,0.205078,0.900391,10.4375,-2.9375,4.5625,0.170518,-0.127725,1.65617
33439,1,2,12,-6,4,4,-1,0,0.128418,0.141113,0.910156,-0.0625,-3.625,5.8125,0.169907,-0.129516,1.65813
33439,-4,5,3,2,0,1,1,1,0.128418,0.141113,0.910156,-0.0625,-3.625,5.8125,0.169907,-0.129516,1.65813
33460,0,2,22,-2,-2,0,-1,0,0.128418,0.141113,0.910156,-0.0625,-3.625,5.8125,0.169907,-0.129516,1.65813
33460,-3,9,2,0,-4,-4,-1,-2,0.128418,0.141113,0.910156,-0.0625,-3.625,5.8125,0.169907,-0.129516,1.65813
33461,6,22,22,3,-6,-1,-1,-2,0.173828,0.13623,0.905273,16.875,2.375,4.9375,0.17497,-0.130278,1.65992
33461,-9,-25,-23,7,8,-2,-2,-2,0.173828,0.13623,0.905273,16.875,2.375,4.9375,0.17497,-0.130278,1.65992
33474,2,-6,4,-2,12,2,2,1,0.173828,0.13623,0.905273,16.875,2.375,4.9375,0.17497,-0.130278,1.65992
33474,2,9,12,12,13,6,-1,0,0.173828,0.13623,0.905273,16.875,2.375,4.9375,0.17497,-0.130278,1.65992
33483,0,-1,1,-12,-9,-5,-1,0,0.15332,0.166016,0.921875,18.8125,5.3125,4.4375,0.181226,-0.129481,1.66198
33483,-3,9,19,2,-13,-2,-7,-2,0.15332,0.166016,0.921875,18.8125,5.3125,4.4375,0.181226,-0.129481,1.66198
33505,-1,-14,-36,4,3,1,3,1,0.15332,0.166016,0.921875,18.8125,5.3125,4.4375,0.181226,-0.129481,1.66198
33505,-2,12,27,-6,-2,-4,-2,-2,0.15332,0.166016,0.921875,18.8125,5.3125,4.4375,0.181226,-0.129481,1.66198
33506,-4,-10,-37,-7,-1,-4,-3,-3,0.191406,0.108887,1.00732,2.125,7.375,-0.0625,0.180184,-0.128437,1.66252
33506,0,5,20,7,-2,-4,-28,-3,0.191406,0.108887,1.00732,2.125,7.375,-0.0625,0.180184,-0.128437,1.66252
33520,-2,0,-3,-11,-8,-3,10,0,0.191406,0.108887,1.00732,2.125,7.375,-0.0625,0.180184,-0.128437,1.66252
33520,-3,-21,-18,3,0,-2,0,0,0.191406,0.108887,1.00732,2.125,7.375,-0.0625,0.180184,-0.128437,1.66252
33521,-4,-14,-16,1,2,0,-3,0,0.106934,0.0375977,0.907227,12.375,17.5,1.9375,0.18118,-0.122432,1.66469
33521,-3,6,8,-1,-1,-2,0,0,0.106934,0.0375977,0.907227,12.375,17.5,1.9375,0.18118,-0.122432,1.66469
33550,-1,7,12,0,-4,-3,-16,0,0.106934,0.0375977,0.907227,12.375,17.5,1.9375,0.18118,-0.122432,1.66469
33550,-2,3,-18,-6,-3,-2,-2,-2,0.106934,0.0375977,0.907227,12.375,17.5,1.9375,0.18118,-0.122432,1.66469
33551,0,12,35,6,0,0,20,3,0.0961914,0.0991211,0.906738,15.6875,20.3125,3.9375,0.184612,-0.115417,1.6676
33551,-3,-22,-76,-6,4,-1,16,11,0.0961914,0.0991211,0.906738,15.6875,20.3125,3.9375,0.184612,-0.115417,1.6676
33556,-7,-6,23,-1,-3,-2,-14,-13,0.0961914,0.0991211,0.906738,15.6875,20.3125,3.9375,0.184612,-0.115417,1.6676
33556,0,7,30,0,-4,-3,-9,-2,0.0961914,0.0991211,0.906738,15.6875,20.3125,3.9375,0.184612,-0.115417,1.6676
33571,-12,-5,-11,-4,1,0,-7,-8,0.0678711,0.104004,0.9375,13.1875,22.5625,7.5625,0.187011,-0.10745,1.672
33571,2,7,20,0,0,1,-28,4,0.0678711,0.104004,0.9375,13.1875,22.5625,7.5625,0.187011,-0.10745,1.672
33580,2,11,-11,5,-2,4,26,5,0.0678711,0.104004,0.9375,13.1875,22.5625,7.5625,0.187011,-0.10745,1.672
33580,1,-27,-14,-7,-3,-4,-5,-1,0.0678711,0.104004,0.9375,13.1875,22.5625,7.5625,0.187011,-0.10745,1.672
33581,3,-5,-2,5,1,-2,0,-3,0.12207,0.0566406,0.893066,12.5625,22.125,10.6875,0.188084,-0.10126,1.67745
33581,-5,9,9,-3,-2,-2,1,-8,0.12207,0.0566406,0.893066,12.5625,22.125,10.6875,0.188084,-0.10126,1.67745
33603,-3,-15,-17,-2,-3,-2,-16,-2,0.12207,0.0566406,0.893066,12.5625,22.125,10.6875,0.188084,-0.10126,1.67745
33603,-1,32,14,-2,1,3,8,2,0.12207,0.0566406,0.893066,12.5625,22.125,10.6875,0.188084,-0.10126,1.67745
33604,5,-12,-42,-6,-2,-3,3,2,0.081543,0.0512695,0.857422,18.875,21.1875,22.25,0.191017,-0.0954765,1.68674
33604,-9,-16,30,2,1,-2,5,-7,0.081543,0.0512695,0.857422,18.875,21.1875,22.25,0.191017,-0.0954765,1.68674
33616,-6,9,7,-2,-3,0,6,2,0.081543,0.0512695,0.857422,18.875,21.1875,22.25,0.191017,-0.0954765,1.68674
33616,-2,6,-13,3,-2,-2,-3,7,0.081543,0.0512695,0.857422,18.875,21.1875,22.25,0.191017,-0.0954765,1.68674
33632,3,-1,-9,4,1,-2,-16,-9,-0.222656,0.0429688,0.953613,54.1875,25,58.5,0.204178,-0.0835878,1.70894
33632,9,30,32,4,3,6,25,3,-0.222656,0.0429688,0.953613,54.1875,25,58.5,0.204178,-0.0835878,1.70894
33639,5,-4,4,-4,-5,-7,-3,-3,-0.222656,0.0429688,0.953613,54.1875,25,58.5,0.204178,-0.0835878,1.70894
33639,6,4,3,-1,0,-4,-49,4,-0.222656,0.0429688,0.953613,54.1875,25,58.5,0.204178,-0.0835878,1.70894
33642,9,40,27,2,1,7,59,12,-0.0449219,0.353516,0.773438,6.4375,3.3125,42.25,0.209766,-0.0826703,1.72321
33642,-1,-14,-29,-6,-2,-2,10,-4,-0.0449219,0.353516,0.773438,6.4375,3.3125,42.25,0.209766,-0.0826703,1.72321
33663,-4,-23,-7,1,1,-2,0,-1,-0.0449219,0.353516,0.773438,6.4375,3.3125,42.25,0.209766,-0.0826703,1.72321
33663,11,27,-11,1,-1,-1,-7,-11,-0.0449219,0.353516,0.773438,6.4375,3.3125,42.25,0.209766,-0.0826703,1.72321
33664,-22,-17,-30,-5,-5,-12,-25,0,0.0649414,0.261719,0.827148,-12,-13,50.875,0.20634,-0.0904241,1.73967
33664,0,36,52,3,9,25,5,-3,0.0649414,0.261719,0.827148,-12,-13,50.875,0.20634,-0.0904241,1.73967
33685,-2,1,-29,1,1,-3,6,2,0.0649414,0.261719,0.827148,-12,-13,50.875,0.20634,-0.0904241,1.73967
33685,-1,-13,26,-1,-5,-16,-7,-7,0.0649414,0.261719,0.827148,-12,-13,50.875,0.20634,-0.0904241,1.73967
33687,1,-13,-24,-1,3,26,24,1,0.0327148,0.355957,0.917969,-5.5,-5.5625,37.125,0.207211,-0.0935262,1.75151
33687,7,-1,17,-3,-1,-9,-16,-3,0.0327148,0.355957,0.917969,-5.5,-5.5625,37.125,0.207211,-0.0935262,1.75151
33700,2,-24,-17,0,0,0,-1,14,0.0327148,0.355957,0.917969,-5.5,-5.5625,37.125,0.207211,-0.0935262,1.75151
33700,-3,4,7,2,-2,-4,18,1,0.0327148,0.355957,0.917969,-5.5,-5.5625,37.125,0.207211,-0.0935262,1.75151
33702,6,16,-20,-4,-3,-15,-17,-4,0.0483398,0.30957,0.883301,-16.5,-8.125,23.6875,0.203842,-0.0969483,1.75882
33702,-8,-87,-59,-7,-5,-4,0,0,0.0483398,0.30957,0.883301,-16.5,-8.125,23.6875,0.203842,-0.0969483,1.75882
33723,1,19,56,0,-2,-3,-3,-6,0.0483398,0.30957,0.883301,-16.5,-8.125,23.6875,0.203842,-0.0969483,1.75882
33723,-5,-5,-51,2,-2,-4,10,2,0.0483398,0.30957,0.883301,-16.5,-8.125,23.6875,0.203842,-0.0969483,1.75882
33724,1,-32,73,0,0,0,-4,0,0.10498,0.226074,0.858398,-6.9375,-8.1875,12.375,0.202285,-0.101013,1.76241
33724,2,9,-20,-4,-3,-4,-2,-5,0.10498,0.226074,0.858398,-6.9375,-8.1875,12.375,0.202285,-0.101013,1.76241
33736,5,16,2,-4,-6,-6,-8,-2,0.10498,0.226074,0.858398,-6.9375,-8.1875,12.375,0.202285,-0.101013,1.76241
33736,-11,-37,-15,0,-7,2,11,-7,0.10498,0.226074,0.858398,-6.9375,-8.1875,12.375,0.202285,-0.101013,1.76241
33746,-1,7,-13,-2,6,0,-14,-3,0.0888672,0.283203,0.86377,-11.25,-7.5,0.75,0.20094,-0.103523,1.76184
33746,-2,-9,11,6,6,-3,5,-4,0.0888672,0.283203,0.86377,-11.25,-7.5,0.75,0.20094,-0.103523,1.76184
33760,2,4,16,-2,-3,0,-1,-7,0.0888672,0.283203,0.86377,-11.25,-7.5,0.75,0.20094,-0.103523,1.76184
33760,8,4,23,5,-2,6,3,0,0.0888672,0.283203,0.86377,-11.25,-7.5,0.75,0.20094,-0.103523,1.76184
33762,5,28,-5,-3,-3,-4,-7,-4,0.147949,0.283691,0.842773,-1.6875,-17.1875,4.875,0.202894,-0.110895,1.76208
33762,-7,3,8,-3,-5,-8,0,-3,0.147949,0.283691,0.842773,-1.6875,-17.1875,4.875,0.202894,-0.110895,1.76208
33790,-5,-15,-15,1,-2,1,0,-2,0.147949,0.283691,0.842773,-1.6875,-17.1875,4.875,0.202894,-0.110895,1.76208
33790,4,-13,-20,-9,3,2,2,-4,0.147949,0.283691,0.842773,-1.6875,-17.1875,4.875,0.202894,-0.110895,1.76208
33791,-8,2,-46,-2,-7,-7,-6,0,0.257324,0.208496,0.897461,-19.9375,-18.3125,0.875,0.196802,-0.120814,1.76102
33791,1,-22,34,-5,1,1,4,-2,0.257324,0.208496,0.897461,-19.9375,-18.3125,0.875,0.196802,-0.120814,1.76102
33796,-1,-8,0,0,-2,0,-3,-7,0.257324,0.208496,0.897461,-19.9375,-18.3125,0.875,0.196802,-0.120814,1.76102
33796,-6,2,7,6,-2,1,3,-2,0.257324,0.208496,0.897461,-19.9375,-18.3125,0.875,0.196802,-0.120814,1.76102
33805,-1,12,16,3,-3,-5,-6,-3,0.404785,0.155273,0.870117,-17.9375,-17.375,-0.4375,0.190496,-0.133659,1.75982
33805,-1,7,-47,-4,4,1,-3,1,0.404785,0.155273,0.870117,-17.9375,-17.375,-0.4375,0.190496,-0.133659,1.75982
33820,2,7,7,-1,-1,1,-1,1,0.404785,0.155273,0.870117,-17.9375,-17.375,-0.4375,0.190496,-0.133659,1.75982
33820,-2,-19,-27,6,-4,0,-1,0,0.404785,0.155273,0.870117,-17.9375,-17.375,-0.4375,0.190496,-0.133659,1.75982
33821,4,-7,17,5,3,0,-2,1,0.252441,-0.00488281,0.916016,-12.9375,-6.5625,7.4375,0.181435,-0.139457,1.76246
33821,-5,7,17,-2,-11,-7,-3,0,0.252441,-0.00488281,0.916016,-12.9375,-6.5625,7.4375,0.181435,-0.139457,1.76246
33850,-6,-2,-23,9,14,2,-2,-3,0.252441,-0.00488281,0.916016,-12.9375,-6.5625,7.4375,0.181435,-0.139457,1.76246
33850,0,13,13,2,2,1,4,0,0.252441,-0.00488281,0.916016,-12.9375,-6.5625,7.4375,0.181435,-0.139457,1.76246
33852,-7,-25,-12,-1,-4,-1,-4,0,0.117676,0.0375977,0.877441,4.6875,0.8125,6.375,0.179778,-0.139461,1.76514
33852,2,19,8,-8,-7,-4,-9,1,0.117676,0.0375977,0.877441,4.6875,0.8125,6.375,0.179778,-0.139461,1.76514
33856,-4,-3,17,2,-2,-1,2,-2,0.117676,0.0375977,0.877441,4.6875,0.8125,6.375,0.179778,-0.139461,1.76514
33856,3,20,-5,-5,0,3,-1,-1,0.117676,0.0375977,0.877441,4.6875,0.8125,6.375,0.179778,-0.139461,1.76514
33872,-16,-43,-15,-4,-2,-1,-1,-5,0.105469,0.115234,0.884766,6.5625,-1.75,7.3125,0.180615,-0.139975,1.76771
33872,-1,-56,-52,-14,-7,-1,-2,-1,0.105469,0.115234,0.884766,6.5625,-1.75,7.3125,0.180615,-0.139975,1.76771
33880,-4,39,-3,2,-5,-2,-3,2,0.105469,0.115234,0.884766,6.5625,-1.75,7.3125,0.180615,-0.139975,1.76771
33880,11,33,20,-6,-1,-3,-3,-3,0.105469,0.115234,0.884766,6.5625,-1.75,7.3125,0.180615,-0.139975,1.76771
33881,0,-33,-14,1,10,2,-1,1,0.143555,0.200684,0.916992,7.625,-2.25,5.1875,0.183891,-0.141355,1.76939
33881,-11,24,15,3,3,1,3,-2,0.143555,0.200684,0.916992,7.625,-2.25,5.1875,0.183891,-0.141355,1.76939
33902,-4,-5,15,-4,-5,-4,-11,1,0.143555,0.200684,0.916992,7.625,-2.25,5.1875,0.183891,-0.141355,1.76939
33902,29,15,-10,4,1,2,8,8,0.143555,0.200684,0.916992,7.625,-2.25,5.1875,0.183891,-0.141355,1.76939
33904,-30,41,-48,-12,-8,-5,-10,-17,0.129395,0.212891,0.912598,10.6875,-0.75,6.875,0.188163,-0.141937,1.77152
33904,-4,-51,-21,-2,-2,-2,0,-2,0.129395,0.212891,0.912598,10.6875,-0.75,6.875,0.188163,-0.141937,1.77152
33917,-16,-23,-13,-4,-1,-1,-21,-4,0.129395,0.212891,0.912598,10.6875,-0.75,6.875,0.188163,-0.141937,1.77152
33917,2,27,53,7,4,-1,8,6,0.129395,0.212891,0.912598,10.6875,-0.75,6.875,0.188163,-0.141937,1.77152
33924,27,1,-19,-6,-1,0,-1,6,0.102051,0.146973,0.931152,-1.5,-1,4.25,0.18677,-0.141683,1.77305
33924,8,12,2,6,5,3,-1,5,0.102051,0.146973,0.931152,-1.5,-1,4.25,0.18677,-0.141683,1.77305
33940,20,-8,10,3,-6,-3,7,4,0.102051,0.146973,0.931152,-1.5,-1,4.25,0.18677,-0.141683,1.77305
33940,9,7,-13,-10,-1,2,-2,0,0.102051,0.146973,0.931152,-1.5,-1,4.25,0.18677,-0.141683,1.77305
33942,-55,14,19,-8,-1,-1,-3,-11,0.152832,0.124512,0.894043,7.0625,-3.1875,3.6875,0.188008,-0.143596,1.77425
33942,-32,20,12,1,7,3,-1,0,0.152832,0.124512,0.894043,7.0625,-3.1875,3.6875,0.188008,-0.143596,1.77425
33962,3,-13,-15,8,-3,1,6,5,0.152832,0.124512,0.894043,7.0625,-3.1875,3.6875,0.188008,-0.143596,1.77425
33962,11,36,-57,6,-2,0,-1,-6,0.152832,0.124512,0.894043,7.0625,-3.1875,3.6875,0.188008,-0.143596,1.77425
33964,25,-21,23,-2,-6,-2,2,4,0.144043,0.173828,0.883789,14.25,-0.625,2.25,0.192882,-0.144295,1.77505
33964,23,1,-32,-7,-3,-2,-1,-1,0.144043,0.173828,0.883789,14.25,-0.625,2.25,0.192882,-0.144295,1.77505
33977,-12,6,-1,-17,-6,-2,2,-3,0.144043,0.173828,0.883789,14.25,-0.625,2.25,0.192882,-0.144295,1.77505
33977,-15,-18,37,7,9,3,7,6,0.144043,0.173828,0.883789,14.25,-0.625,2.25,0.192882,-0.144295,1.77505
33984,4,22,2,2,-3,-3,-5,-1,0.119141,0.142578,0.880371,12.9375,-3.125,2.125,0.196588,-0.145289,1.77563
33984,13,12,-30,-3,-5,-1,1,4,0.119141,0.142578,0.880371,12.9375,-3.125,2.125,0.196588,-0.145289,1.77563
34000,-8,-40,12,-15,-3,-5,-11,-10,0.119141,0.142578,0.880371,12.9375,-3.125,2.125,0.196588,-0.145289,1.77563
34000,-29,-47,-57,6,1,-1,3,-9,0.119141,0.142578,0.880371,12.9375,-3.125,2.125,0.196588,-0.145289,1.77563
34001,13,37,65,9,7,3,2,3,0.148926,0.203125,0.882324,13.125,-4.3125,-0.8125,0.201807,-0.146938,1.77508
34001,-2,-25,-27,-4,-3,-5,-7,-3,0.148926,0.203125,0.882324,13.125,-4.3125,-0.8125,0.201807,-0.146938,1.77508
34022,10,1,-37,-4,1,4,8,-1,0.148926,0.203125,0.882324,13.125,-4.3125,-0.8125,0.201807,-0.146938,1.77508
34022,-16,10,56,-6,-1,0,-8,-4,0.148926,0.203125,0.882324,13.125,-4.3125,-0.8125,0.201807,-0.146938,1.77508
34023,19,-60,1,2,-3,-2,-8,1,0.146484,0.242676,0.88623,16.1875,-1.5,2.75,0.208675,-0.147949,1.77582
34023,-2,38,29,5,-4,0,14,-3,0.146484,0.242676,0.88623,16.1875,-1.5,2.75,0.208675,-0.147949,1.77582
34036,-8,11,-17,3,3,-1,-3,1,0.146484,0.242676,0.88623,16.1875,-1.5,2.75,0.208675,-0.147949,1.77582
34036,-30,-69,8,-10,-4,-3,2,-6,0.146484,0.242676,0.88623,16.1875,-1.5,2.75,0.208675,-0.147949,1.77582
34045,26,77,-45,6,1,1,5,19,0.131348,0.181152,0.899414,3.6875,-0.5625,0.75,0.209708,-0.148087,1.77606
34045,-19,22,47,2,-3,-7,-11,-7,0.131348,0.181152,0.899414,3.6875,-0.5625,0.75,0.209708,-0.148087,1.77606
34061,-6,-83,-44,-4,0,1,-1,0,0.131348,0.181152,0.899414,3.6875,-0.5625,0.75,0.209708,-0.148087,1.77606
34061,12,24,22,1,-1,1,-2,2,0.131348,0.181152,0.899414,3.6875,-0.5625,0.75,0.209708,-0.148087,1.77606
34062,5,-12,41,2,-1,-1,-1,2,0.126953,0.164062,0.902344,3.5,0.5625,1.8125,0.210108,-0.147776,1.77671
34062,21,25,-17,0,2,3,-1,-4,0.126953,0.164062,0.902344,3.5,0.5625,1.8125,0.210108,-0.147776,1.77671
34082,-8,19,-36,-3,-3,-1,6,-5,0.126953,0.164062,0.902344,3.5,0.5625,1.8125,0.210108,-0.147776,1.77671
34082,2,-19,29,-4,-4,-3,-2,-5,0.126953,0.164062,0.902344,3.5,0.5625,1.8125,0.210108,-0.147776,1.77671
34083,5,-6,-7,2,-3,0,6,-3,0.147949,0.182617,0.890137,1.375,1.25,-0.625,0.21049,-0.147638,1.77671
34083,6,-30,-21,1,3,-1,-5,5,0.147949,0.182617,0.890137,1.375,1.25,-0.625,0.21049,-0.147638,1.77671
34096,6,49,47,-3,-3,0,-4,-10,0.147949,0.182617,0.890137,1.375,1.25,-0.625,0.21049,-0.147638,1.77671
34096,-17,1,-1,-2,-2,-7,-12,2,0.147949,0.182617,0.890137,1.375,1.25,-0.625,0.21049,-0.147638,1.77671
34105,31,64,43,8,1,8,1,3,0.14502,0.201172,0.871094,-0.9375,2.3125,-2.25,0.210603,-0.146867,1.77595
34105,8,-30,-23,0,3,2,32,8,0.14502,0.201172,0.871094,-0.9375,2.3125,-2.25,0.210603,-0.146867,1.77595
34128,-9,46,20,-5,-3,-5,-10,-1,0.14502,0.201172,0.871094,-0.9375,2.3125,-2.25,0.210603,-0.146867,1.77595
34128,-5,-22,-24,-4,-4,3,11,6,0.14502,0.201172,0.871094,-0.9375,2.3125,-2.25,0.210603,-0.146867,1.77595
34129,-12,7,58,2,-3,-14,-31,-16,0.135742,0.208984,0.894531,-1.6875,1.9375,-2.1875,0.210545,-0.146093,1.77536
34129,14,20,-53,0,-3,-10,-3,4,0.135742,0.208984,0.894531,-1.6875,1.9375,-2.1875,0.210545,-0.146093,1.77536
34150,-2,-15,9,1,0,4,6,-2,0.135742,0.208984,0.894531,-1.6875,1.9375,-2.1875,0.210545,-0.146093,1.77536
34150,8,3,-7,-4,-1,1,-19,-3,0.135742,0.208984,0.894531,-1.6875,1.9375,-2.1875,0.210545,-0.146093,1.77536
34151,-19,-31,-16,-8,-7,-12,4,0,0.149902,0.181152,0.877441,-2.4375,3.125,-3.5625,0.209801,-0.145204,1.77437
34151,-16,30,41,6,-5,-18,-1,-4,0.149902,0.181152,0.877441,-2.4375,3.125,-3.5625,0.209801,-0.145204,1.77437
34156,3,-5,-10,5,7,-10,-7,-5,0.149902,0.181152,0.877441,-2.4375,3.125,-3.5625,0.209801,-0.145204,1.77437
34156,-5,-18,-18,-8,-2,3,36,-3,0.149902,0.181152,0.877441,-2.4375,3.125,-3.5625,0.209801,-0.145204,1.77437
34165,5,-28,-33,5,17,47,26,24,0.157227,0.194824,0.89209,3.8125,9.1875,-4,0.211249,-0.142402,1.77371
34165,-16,4,36,-2,-8,-19,-4,9,0.157227,0.194824,0.89209,3.8125,9.1875,-4,0.211249,-0.142402,1.77371
34180,-4,17,0,-6,-7,12,-37,-45,0.157227,0.194824,0.89209,3.8125,9.1875,-4,0.211249,-0.142402,1.77371
34180,12,-7,18,-2,0,10,21,12,0.157227,0.194824,0.89209,3.8125,9.1875,-4,0.211249,-0.142402,1.77371
34181,-15,12,6,0,-3,-42,-33,-34,0.130371,0.21582,0.872559,7.9375,14.625,-4.9375,0.214761,-0.137284,1.77303
34181,30,18,33,4,3,17,30,20,0.130371,0.21582,0.872559,7.9375,14.625,-4.9375,0.214761,-0.137284,1.77303
34202,-9,30,-51,-1,2,-2,2,4,0.130371,0.21582,0.872559,7.9375,14.625,-4.9375,0.214761,-0.137284,1.77303
34202,-20,-36,-15,-4,-2,13,-17,-29,0.130371,0.21582,0.872559,7.9375,14.625,-4.9375,0.214761,-0.137284,1.77303
34204,3,-44,-17,1,3,35,19,16,0.170898,0.224121,0.922852,24.125,16.3125,-5.3125,0.223574,-0.132312,1.7724
34204,-8,13,24,1,-3,-10,-18,-26,0.170898,0.224121,0.922852,24.125,16.3125,-5.3125,0.223574,-0.132312,1.7724
34216,18,4,-38,-2,-4,-9,8,27,0.170898,0.224121,0.922852,24.125,16.3125,-5.3125,0.223574,-0.132312,1.7724
34216,2,40,16,-1,-4,-13,-7,5,0.170898,0.224121,0.922852,24.125,16.3125,-5.3125,0.223574,-0.132312,1.7724
34225,-7,-1,-24,-2,-2,-12,7,3,-0.0541992,0.0380859,0.935547,19.5625,19.4375,1.25,0.225919,-0.121769,1.77493
34225,-6,-5,9,1,-3,-1,-16,2,-0.0541992,0.0380859,0.935547,19.5625,19.4375,1.25,0.225919,-0.121769,1.77493
34239,-2,-16,11,1,1,7,14,11,-0.0541992,0.0380859,0.935547,19.5625,19.4375,1.25,0.225919,-0.121769,1.77493
34239,2,23,-12,1,0,0,-7,1,-0.0541992,0.0380859,0.935547,19.5625,19.4375,1.25,0.225919,-0.121769,1.77493
34247,3,-23,13,-4,-9,-12,-13,-5,0.155273,0.248535,0.851562,17.0625,9.5625,-10.4375,0.233352,-0.118901,1.77209
34247,-9,-24,-36,0,6,13,-4,-2,0.155273,0.248535,0.851562,17.0625,9.5625,-10.4375,0.233352,-0.118901,1.77209
34263,10,9,71,6,-1,-2,1,2,0.155273,0.248535,0.851562,17.0625,9.5625,-10.4375,0.233352,-0.118901,1.77209
34263,1,-13,-24,-3,-3,-8,-12,-4,0.155273,0.248535,0.851562,17.0625,9.5625,-10.4375,0.233352,-0.118901,1.77209
34264,-15,-58,-26,5,6,1,-1,0,0.104492,0.219727,0.854004,8.625,7.1875,-1.0625,0.236642,-0.116396,1.7723
34264,-1,-28,18,-12,-8,3,-3,-2,0.104492,0.219727,0.854004,8.625,7.1875,-1.0625,0.236642,-0.116396,1.7723
34277,-3,15,-6,11,2,-6,-1,-1,0.104492,0.219727,0.854004,8.625,7.1875,-1.0625,0.236642,-0.116396,1.7723
34277,4,24,37,-7,-1,-7,-7,5,0.104492,0.219727,0.854004,8.625,7.1875,-1.0625,0.236642,-0.116396,1.7723
34285,-2,-12,-24,-3,-5,2,4,-3,0.0571289,0.27002,0.863281,13.6875,3.4375,-1.625,0.24285,-0.11386,1.77182
34285,1,10,19,20,13,11,1,2,0.0571289,0.27002,0.863281,13.6875,3.4375,-1.625,0.24285,-0.11386,1.77182
34299,5,6,-19,-13,-5,-5,3,2,0.0571289,0.27002,0.863281,13.6875,3.4375,-1.625,0.24285,-0.11386,1.77182
34299,2,13,51,12,0,1,-1,0,0.0571289,0.27002,0.863281,13.6875,3.4375,-1.625,0.24285,-0.11386,1.77182
34306,-5,-9,-45,-12,-1,-4,0,-8,0.0791016,0.306152,0.873535,15.3125,-5.5,10.125,0.249796,-0.115934,1.77455
34306,2,20,32,-1,-4,-5,-6,-8,0.0791016,0.306152,0.873535,15.3125,-5.5,10.125,0.249796,-0.115934,1.77455
34323,-5,-39,-35,-12,-1,2,4,-2,0.0791016,0.306152,0.873535,15.3125,-5.5,10.125,0.249796,-0.115934,1.77455
34323,1,-2,-27,12,-3,-6,-5,-5,0.0791016,0.306152,0.873535,15.3125,-5.5,10.125,0.249796,-0.115934,1.77455
34324,-4,22,11,-9,-2,3,3,-2,0.0683594,0.268555,0.847656,5.625,-14,13.3125,0.25261,-0.120776,1.77771
34324,-4,-26,-32,0,-2,0,-4,-4,0.0683594,0.268555,0.847656,5.625,-14,13.3125,0.25261,-0.120776,1.77771
34337,2,5,28,4,4,4,7,0,0.0683594,0.268555,0.847656,5.625,-14,13.3125,0.25261,-0.120776,1.77771
34337,0,-27,-12,-4,6,0,-2,2,0.0683594,0.268555,0.847656,5.625,-14,13.3125,0.25261,-0.120776,1.77771
34345,1,31,18,0,-1,-5,-14,-2,0.0844727,0.235352,0.810547,-10,-19.375,10.4375,0.249579,-0.127692,1.77963
34345,-8,-13,28,0,-5,1,9,-3,0.0844727,0.235352,0.810547,-10,-19.375,10.4375,0.249579,-0.127692,1.77963
34360,-1,-13,-28,-11,-5,-4,-6,-7,0.0844727,0.235352,0.810547,-10,-19.375,10.4375,0.249579,-0.127692,1.77963
34360,-1,-4,2,-4,-5,-4,-6,-1,0.0844727,0.235352,0.810547,-10,-19.375,10.4375,0.249579,-0.127692,1.77963
34367,1,26,1,16,3,-3,1,1,0.0981445,0.234863,0.847656,-23.5625,-23.75,7.5,0.241922,-0.135813,1.78001
34367,0,5,16,2,2,1,-7,-5,0.0981445,0.234863,0.847656,-23.5625,-23.75,7.5,0.241922,-0.135813,1.78001
34383,1,-13,-8,1,-2,-2,3,3,0.0981445,0.234863,0.847656,-23.5625,-23.75,7.5,0.241922,-0.135813,1.78001
34383,0,-4,1,0,0,-1,-10,-3,0.0981445,0.234863,0.847656,-23.5625,-23.75,7.5,0.241922,-0.135813,1.78001
34384,0,13,-5,-7,-5,1,2,-11,0.16748,0.227539,0.935059,-28.375,-21.375,6.375,0.232215,-0.144304,1.78038
34384,0,-14,-19,-6,-5,2,9,3,0.16748,0.227539,0.935059,-28.375,-21.375,6.375,0.232215,-0.144304,1.78038
34405,-1,-17,4,-4,-4,-5,-3,-5,0.16748,0.227539,0.935059,-28.375,-21.375,6.375,0.232215,-0.144304,1.78038
34405,3,-2,-19,1,2,2,-8,-1,0.16748,0.227539,0.935059,-28.375,-21.375,6.375,0.232215,-0.144304,1.78038
34406,1,-9,17,-4,-2,1,6,-2,0.22168,0.179688,0.960938,-27.625,-12.375,5.0625,0.22155,-0.150725,1.78127
34406,0,1,-35,-5,-1,-3,-8,-3,0.22168,0.179688,0.960938,-27.625,-12.375,5.0625,0.22155,-0.150725,1.78127
34428,-1,16,48,5,1,1,0,2,0.22168,0.179688,0.960938,-27.625,-12.375,5.0625,0.22155,-0.150725,1.78127
34428,-4,-22,-20,-6,-4,-3,0,0,0.22168,0.179688,0.960938,-27.625,-12.375,5.0625,0.22155,-0.150725,1.78127
34429,-2,13,15,1,-4,-6,-4,4,0.193359,0.0717773,0.887695,-18.5,-2.0625,0.375,0.212204,-0.152857,1.78168
34429,-4,10,-3,-6,0,2,-4,0,0.193359,0.0717773,0.887695,-18.5,-2.0625,0.375,0.212204,-0.152857,1.78168
34442,-5,-16,-22,7,3,1,-4,5,0.193359,0.0717773,0.887695,-18.5,-2.0625,0.375,0.212204,-0.152857,1.78168
34442,-7,-1,20,-6,-7,-5,2,2,0.193359,0.0717773,0.887695,-18.5,-2.0625,0.375,0.212204,-0.152857,1.78168
34444,-1,-22,-38,0,3,-1,3,6,0.158691,0.0771484,0.853027,-7.125,2.3125,-1.25,0.207221,-0.15257,1.78182
34444,3,-1,8,1,2,3,-3,3,0.158691,0.0771484,0.853027,-7.125,2.3125,-1.25,0.207221,-0.15257,1.78182
34465,-4,11,12,-1,0,-2,0,2,0.158691,0.0771484,0.853027,-7.125,2.3125,-1.25,0.207221,-0.15257,1.78182
34465,4,15,-19,0,0,0,5,4,0.158691,0.0771484,0.853027,-7.125,2.3125,-1.25,0.207221,-0.15257,1.78182
34465,-6,-2,45,-4,-9,-8,0,-3,0.146973,0.195312,0.890137,1.5625,3.5625,-2.5,0.208076,-0.151382,1.78128
34465,-7,-23,-64,-8,2,-1,-5,-5,0.146973,0.195312,0.890137,1.5625,3.5625,-2.5,0.208076,-0.151382,1.78128
34480,3,12,38,2,-2,3,1,1,0.146973,0.195312,0.890137,1.5625,3.5625,-2.5,0.208076,-0.151382,1.78128
34480,-8,4,-34,0,6,0,7,0,0.146973,0.195312,0.890137,1.5625,3.5625,-2.5,0.208076,-0.151382,1.78128
34486,2,-14,6,4,0,1,-5,1,0.144043,0.214844,0.905762,1.625,1,3.625,0.209053,-0.151284,1.78252
34486,0,25,5,-8,-5,-2,-4,0,0.144043,0.214844,0.905762,1.625,1,3.625,0.209053,-0.151284,1.78252
34503,2,2,16,6,-3,-1,2,-3,0.144043,0.214844,0.905762,1.625,1,3.625,0.209053,-0.151284,1.78252
34503,-1,-7,-6,0,-3,0,2,-1,0.144043,0.214844,0.905762,1.625,1,3.625,0.209053,-0.151284,1.78252
34504,-5,-23,-53,-6,-3,0,5,-1,0.120117,0.23291,0.871094,4.4375,-0.375,4.875,0.211402,-0.151374,1.78403
34504,-4,0,-9,2,4,-3,1,-2,0.120117,0.23291,0.871094,4.4375,-0.375,4.875,0.211402,-0.151374,1.78403
34525,14,-4,-13,-6,-4,-2,-1,4,0.120117,0.23291,0.871094,4.4375,-0.375,4.875,0.211402,-0.151374,1.78403
34525,-13,40,48,-4,-5,-6,-2,-7,0.120117,0.23291,0.871094,4.4375,-0.375,4.875,0.211402,-0.151374,1.78403
34526,15,-6,14,-4,-7,-2,0,3,0.124023,0.231934,0.861328,-6.375,-2.125,0.875,0.210395,-0.151863,1.78397
34526,-8,-48,-39,-3,-1,-2,-3,-2,0.124023,0.231934,0.861328,-6.375,-2.125,0.875,0.210395,-0.151863,1.78397
34540,4,5,1,0,3,0,2,1,0.124023,0.231934,0.861328,-6.375,-2.125,0.875,0.210395,-0.151863,1.78397
34540,3,-1,0,-1,-4,0,-4,0,0.124023,0.231934,0.861328,-6.375,-2.125,0.875,0.210395,-0.151863,1.78397
34541,-9,-5,-18,-5,12,1,-1,-3,0.18457,0.228516,0.933105,5.25,3.5625,-1.4375,0.212916,-0.151421,1.78371
34541,5,21,22,0,-2,1,0,1,0.18457,0.228516,0.933105,5.25,3.5625,-1.4375,0.212916,-0.151421,1.78371
34563,-3,-2,17,4,-1,-7,-19,-1,0.18457,0.228516,0.933105,5.25,3.5625,-1.4375,0.212916,-0.151421,1.78371
34563,5,-17,-28,-8,-4,3,15,2,0.18457,0.228516,0.933105,5.25,3.5625,-1.4375,0.212916,-0.151421,1.78371
34564,-2,13,-20,-3,-3,-3,-1,-2,0.0957031,0.285156,0.883789,-16.1875,-1.875,0,0.20966,-0.150985,1.78314
34564,4,7,51,4,-2,-1,-1,-2,0.0957031,0.285156,0.883789,-16.1875,-1.875,0,0.20966,-0.150985,1.78314
34585,-8,-14,-21,3,-2,0,0,-3,0.0957031,0.285156,0.883789,-16.1875,-1.875,0,0.20966,-0.150985,1.78314
34585,-3,-27,-23,0,0,-1,-21,-3,0.0957031,0.285156,0.883789,-16.1875,-1.875,0,0.20966,-0.150985,1.78314
34587,-1,-4,2,-2,-2,-1,-13,0,0.124023,0.138184,0.886719,-11.125,-2.25,-1.25,0.204735,-0.151423,1.78269
34587,3,20,22,-3,-1,0,5,2,0.124023,0.138184,0.886719,-11.125,-2.25,-1.25,0.204735,-0.151423,1.78269
34599,-9,-22,-16,-2,0,1,5,-3,0.124023,0.138184,0.886719,-11.125,-2.25,-1.25,0.204735,-0.151423,1.78269
34599,9,0,6,1,3,-1,13,-1,0.124023,0.138184,0.886719,-11.125,-2.25,-1.25,0.204735,-0.151423,1.78269
34606,-16,23,17,8,0,1,13,0,0.215332,0.229492,0.896484,-9.75,-0.5,-6.6875,0.202842,-0.152854,1.78019
34606,-4,-10,72,-3,-1,-2,0,-1,0.215332,0.229492,0.896484,-9.75,-0.5,-6.6875,0.202842,-0.152854,1.78019
34623,-6,-18,-84,-9,-3,-2,2,-5,0.215332,0.229492,0.896484,-9.75,-0.5,-6.6875,0.202842,-0.152854,1.78019
34623,-3,-28,17,3,1,-1,-1,-3,0.215332,0.229492,0.896484,-9.75,-0.5,-6.6875,0.202842,-0.152854,1.78019
34625,4,-4,14,-1,-1,-2,-6,-2,0.128906,0.151855,0.885742,-11.9375,2.375,0.125,0.198007,-0.151827,1.78057
34625,-4,17,-21,-6,-3,-2,2,-1,0.128906,0.151855,0.885742,-11.9375,2.375,0.125,0.198007,-0.151827,1.78057
34644,9,44,47,3,5,6,2,8,0.128906,0.151855,0.885742,-11.9375,2.375,0.125,0.198007,-0.151827,1.78057
34644,-10,-50,-42,-7,-5,-4,-8,-7,0.128906,0.151855,0.885742,-11.9375,2.375,0.125,0.198007,-0.151827,1.78057
34646,-8,-11,0,-3,-3,-1,-6,-9,0.107422,0.107422,0.866699,-11.125,0,2.9375,0.192453,-0.151425,1.78189
34646,-1,2,-4,6,-1,-2,2,2,0.107422,0.107422,0.866699,-11.125,0,2.9375,0.192453,-0.151425,1.78189
34659,5,11,12,-3,0,2,3,3,0.107422,0.107422,0.866699,-11.125,0,2.9375,0.192453,-0.151425,1.78189
34659,6,23,10,4,1,-1,2,4,0.107422,0.107422,0.866699,-11.125,0,2.9375,0.192453,-0.151425,1.78189
34666,4,-17,-13,-3,-1,-2,-2,4,0.151855,0.119141,0.89209,-9.125,0.5625,1.25,0.188008,-0.151684,1.78249
34666,-4,6,-25,4,-1,-2,-1,-6,0.151855,0.119141,0.89209,-9.125,0.5625,1.25,0.188008,-0.151684,1.78249
34683,4,4,26,-2,0,-2,-1,1,0.151855,0.119141,0.89209,-9.125,0.5625,1.25,0.188008,-0.151684,1.78249
34683,-3,3,12,0,-1,-1,-2,-2,0.151855,0.119141,0.89209,-9.125,0.5625,1.25,0.188008,-0.151684,1.78249
34685,-8,-15,-34,-1,-1,0,5,0,0.146973,0.144043,0.891602,-6.25,1.25,0.8125,0.185205,-0.151415,1.78297
34685,4,8,-11,2,-2,-2,-5,-2,0.146973,0.144043,0.891602,-6.25,1.25,0.8125,0.185205,-0.151415,1.78297
34705,-1,-5,19,-3,-3,-2,-3,-1,0.146973,0.144043,0.891602,-6.25,1.25,0.8125,0.185205,-0.151415,1.78297
34705,-2,10,-1,-1,1,0,-1,1,0.146973,0.144043,0.891602,-6.25,1.25,0.8125,0.185205,-0.151415,1.78297
34706,5,-1,11,3,1,0,3,2,0.118652,0.143066,0.885254,-5.0625,-0.375,-0.9375,0.182974,-0.151134,1.78269
34706,-6,-12,-20,1,0,1,-5,-1,0.118652,0.143066,0.885254,-5.0625,-0.375,-0.9375,0.182974,-0.151134,1.78269
34719,-1,36,58,4,1,3,7,-4,0.118652,0.143066,0.885254,-5.0625,-0.375,-0.9375,0.182974,-0.151134,1.78269
34719,11,25,-42,-7,-2,-4,-8,3,0.118652,0.143066,0.885254,-5.0625,-0.375,-0.9375,0.182974,-0.151134,1.78269
34726,-6,-37,1,0,-1,-2,-1,-2,0.12793,0.174316,0.902344,-1.6875,-0.3125,-1.3125,0.182688,-0.150883,1.78226
34726,0,1,0,0,-1,1,-1,0,0.12793,0.174316,0.902344,-1.6875,-0.3125,-1.3125,0.182688,-0.150883,1.78226
34742,-5,-14,2,-1,0,0,0,-2,0.12793,0.174316,0.902344,-1.6875,-0.3125,-1.3125,0.182688,-0.150883,1.78226
34742,4,38,33,13,1,2,2,3,0.12793,0.174316,0.902344,-1.6875,-0.3125,-1.3125,0.182688,-0.150883,1.78226
34748,0,-1,-26,-3,1,0,0,0,0.113281,0.178223,0.891602,-1.125,-0.4375,-0.875,0.18266,-0.150408,1.78189
34748,-6,-1,9,-5,-3,-2,-4,-2,0.113281,0.178223,0.891602,-1.125,-0.4375,-0.875,0.18266,-0.150408,1.78189
34764,-2,-21,-32,1,1,-1,2,-2,0.113281,0.178223,0.891602,-1.125,-0.4375,-0.875,0.18266,-0.150408,1.78189
34764,-1,9,30,-3,-2,0,0,-2,0.113281,0.178223,0.891602,-1.125,-0.4375,-0.875,0.18266,-0.150408,1.78189
34767,8,60,9,2,-3,1,0,3,0.133789,0.192383,0.890137,0,-3.125,1.375,0.183262,-0.151367,1.78209
34767,-6,-86,-81,-10,1,1,0,-3,0.133789,0.192383,0.890137,0,-3.125,1.375,0.183262,-0.151367,1.78209
34779,-1,2,-1,0,-5,-3,-3,-4,0.133789,0.192383,0.890137,0,-3.125,1.375,0.183262,-0.151367,1.78209
34779,-13,-39,-14,-7,-1,-3,-1,-4,0.133789,0.192383,0.890137,0,-3.125,1.375,0.183262,-0.151367,1.78209
34786,0,-8,19,-3,-5,-5,-7,-1,0.148926,0.165527,0.887695,-5.6875,-4.0625,1.3125,0.181315,-0.153088,1.78225
34786,3,34,27,4,0,1,-1,2,0.148926,0.165527,0.887695,-5.6875,-4.0625,1.3125,0.181315,-0.153088,1.78225
34802,6,5,-24,2,0,1,-9,2,0.148926,0.165527,0.887695,-5.6875,-4.0625,1.3125,0.181315,-0.153088,1.78225
34802,-6,-29,-30,-8,-2,0,-6,-4,0.148926,0.165527,0.887695,-5.6875,-4.0625,1.3125,0.181315,-0.153088,1.78225
34804,1,-12,29,1,0,-1,1,-2,0.16748,0.134277,0.891113,-4.1875,-2.875,1.625,0.179197,-0.154818,1.78275
34804,1,13,11,2,-1,-2,9,0,0.16748,0.134277,0.891113,-4.1875,-2.875,1.625,0.179197,-0.154818,1.78275
34824,-1,-9,9,0,1,-1,12,1,0.16748,0.134277,0.891113,-4.1875,-2.875,1.625,0.179197,-0.154818,1.78275
34824,1,16,7,1,0,-1,8,-1,0.16748,0.134277,0.891113,-4.1875,-2.875,1.625,0.179197,-0.154818,1.78275
34827,-1,4,-7,-1,0,2,-1,0,0.160156,0.12793,0.893555,-0.625,-0.8125,0.4375,0.179006,-0.154971,1.78275
34827,2,11,15,1,-1,0,-2,0,0.160156,0.12793,0.893555,-0.625,-0.8125,0.4375,0.179006,-0.154971,1.78275
34839,-4,13,0,-2,-3,-2,-3,-2,0.160156,0.12793,0.893555,-0.625,-0.8125,0.4375,0.179006,-0.154971,1.78275
34839,-3,-5,4,-1,-3,0,-14,-1,0.160156,0.12793,0.893555,-0.625,-0.8125,0.4375,0.179006,-0.154971,1.78275
34846,-3,0,-4,-4,-3,-3,-9,-4,0.133789,0.166016,0.89209,0.125,1.1875,-0.5,0.179256,-0.154298,1.78274
34846,-1,-20,-18,0,1,0,-7,-1,0.133789,0.166016,0.89209,0.125,1.1875,-0.5,0.179256,-0.154298,1.78274
34862,-3,4,0,-5,-2,-1,-1,-1,0.133789,0.166016,0.89209,0.125,1.1875,-0.5,0.179256,-0.154298,1.78274
34862,2,2,9,3,2,1,4,1,0.133789,0.166016,0.89209,0.125,1.1875,-0.5,0.179256,-0.154298,1.78274
34863,1,4,6,2,-1,1,3,0,0.128906,0.165527,0.896484,-1.25,0.0625,-0.3125,0.178851,-0.153974,1.78255
34863,6,40,12,-1,-2,-1,-1,0,0.128906,0.165527,0.896484,-1.25,0.0625,-0.3125,0.178851,-0.153974,1.78255
34885,-1,-57,-44,-2,-3,-2,2,2,0.128906,0.165527,0.896484,-1.25,0.0625,-0.3125,0.178851,-0.153974,1.78255
34885,-3,14,38,-1,2,-2,3,-1,0.128906,0.165527,0.896484,-1.25,0.0625,-0.3125,0.178851,-0.153974,1.78255
34887,0,-11,-17,3,2,0,2,0,0.147949,0.151855,0.897461,-2.4375,-0.3125,-0.5625,0.177793,-0.154182,1.78232
34887,1,-22,-45,-7,-5,-2,-1,-3,0.147949,0.151855,0.897461,-2.4375,-0.3125,-0.5625,0.177793,-0.154182,1.78232
34899,-11,2,14,0,-1,-1,-2,-3,0.140625,0.131348,0.883301,1.5625,-1.25,-0.375,0.177762,-0.154527,1.78232
34899,0,0,-12,-1,-2,-1,-1,0,0.140625,0.131348,0.883301,1.5625,-1.25,-0.375,0.177762,-0.154527,1.78232
34907,-3,8,14,0,0,-1,0,1,0.140625,0.131348,0.883301,1.5625,-1.25,-0.375,0.177762,-0.154527,1.78232
34907,6,20,23,2,0,-2,0,0,0.140625,0.131348,0.883301,1.5625,-1.25,-0.375,0.177762,-0.154527,1.78232
