0,-1,15,-5,-11,-2,-2,-1,-3,0.916016,0.101562,0.250977,1.9375,2.1875,-2.6875,0.317146,-1.34011,2.96628
0,0,-14,0,0,-1,-1,0,-1,0.916016,0.101562,0.250977,1.9375,2.1875,-2.6875,0.317146,-1.34011,2.96628
1,2,-21,3,7,1,-1,0,-1,0.916016,0.101562,0.250977,1.9375,2.1875,-2.6875,0.317146,-1.34011,2.96628
1,0,1,1,3,-2,-1,-2,0,0.916016,0.101562,0.250977,1.9375,2.1875,-2.6875,0.317146,-1.34011,2.96628
3,-4,13,-5,-6,1,-1,0,0,0.916016,0.101562,0.250977,1.9375,2.1875,-2.6875,0.317146,-1.34011,2.96628
3,-2,-4,-3,-2,-1,0,-1,-2,0.916016,0.101562,0.250977,1.9375,2.1875,-2.6875,0.317146,-1.34011,2.96628
4,1,-19,0,4,0,-1,-2,-1,0.916016,0.101562,0.250977,1.9375,2.1875,-2.6875,0.317146,-1.34011,2.96628
4,1,-3,-1,-1,0,-2,0,-1,0.916016,0.101562,0.250977,1.9375,2.1875,-2.6875,0.317146,-1.34011,2.96628
14,0,11,-4,-7,-3,1,0,-2,0.899414,0.105469,0.255859,1.375,2.875,-2.25,0.321378,-1.33741,2.96262
14,-1,-4,-1,-5,-1,-1,1,-1,0.899414,0.105469,0.255859,1.375,2.875,-2.25,0.321378,-1.33741,2.96262
20,0,-16,2,4,-1,-2,-1,0,0.899414,0.105469,0.255859,1.375,2.875,-2.25,0.321378,-1.33741,2.96262
20,0,-1,-2,0,-2,0,-1,0,0.899414,0.105469,0.255859,1.375,2.875,-2.25,0.321378,-1.33741,2.96262
32,-2,10,-4,-5,-4,-1,0,2,0.899414,0.0932617,0.26416,1,2.8125,-1.8125,0.323268,-1.33474,2.96107
32,-1,-4,-2,-1,1,-1,-2,-3,0.899414,0.0932617,0.26416,1,2.8125,-1.8125,0.323268,-1.33474,2.96107
35,0,-11,3,6,0,-1,-1,-1,0.899414,0.0932617,0.26416,1,2.8125,-1.8125,0.323268,-1.33474,2.96107
35,-1,1,2,-2,-1,-2,-2,-1,0.899414,0.0932617,0.26416,1,2.8125,-1.8125,0.323268,-1.33474,2.96107
50,-2,5,-2,-6,-3,0,-1,-1,0.929199,0.0683594,0.285156,4.125,2.75,-1,0.322157,-1.33198,2.96347
50,-2,3,0,1,-1,0,-1,0,0.929199,0.0683594,0.285156,4.125,2.75,-1,0.322157,-1.33198,2.96347
66,-2,-5,1,3,0,-2,-1,0,0.929199,0.0683594,0.285156,4.125,2.75,-1,0.322157,-1.33198,2.96347
66,-1,5,0,-3,-2,-1,-1,-2,0.929199,0.0683594,0.285156,4.125,2.75,-1,0.322157,-1.33198,2.96347
68,-1,8,-2,-3,0,-1,0,-2,0.956055,0.0561523,0.285645,9.375,2,-0.625,0.321571,-1.33007,2.96731
68,-1,3,-2,-3,0,-2,0,-2,0.956055,0.0561523,0.285645,9.375,2,-0.625,0.321571,-1.33007,2.96731
113,1,10,-2,-6,-1,-2,-2,-2,0.976074,0.0908203,0.272461,9.625,3.3125,1.0625,0.323609,-1.32603,2.97254
113,-4,12,-5,-11,0,0,-3,-3,0.976074,0.0908203,0.272461,9.625,3.3125,1.0625,0.323609,-1.32603,2.97254
113,-1,-14,1,1,1,-2,0,0,0.976074,0.0908203,0.272461,9.625,3.3125,1.0625,0.323609,-1.32603,2.97254
113,2,-15,1,7,0,-1,-2,-2,0.976074,0.0908203,0.272461,9.625,3.3125,1.0625,0.323609,-1.32603,2.97254
115,0,4,-1,0,-3,-1,-2,-1,0.976074,0.0908203,0.272461,9.625,3.3125,1.0625,0.323609,-1.32603,2.97254
115,-2,9,-4,-9,-3,0,0,0,0.976074,0.0908203,0.272461,9.625,3.3125,1.0625,0.323609,-1.32603,2.97254
117,0,-14,-2,-3,0,-1,-1,-2,0.976074,0.0908203,0.272461,9.625,3.3125,1.0625,0.323609,-1.32603,2.97254
117,-1,-18,4,5,0,0,-2,0,0.976074,0.0908203,0.272461,9.625,3.3125,1.0625,0.323609,-1.32603,2.97254
133,-2,-2,-3,-1,0,-1,-1,-1,0.976074,0.0908203,0.272461,9.625,3.3125,1.0625,0.323609,-1.32603,2.97254
133,-2,8,-4,-5,-3,-2,-2,0,0.976074,0.0908203,0.272461,9.625,3.3125,1.0625,0.323609,-1.32603,2.97254
134,-1,-17,-1,1,-2,0,-1,-2,0.974121,0.0981445,0.25293,6.3125,4.75,1.875,0.322686,-1.32368,2.97578
134,0,-18,4,5,1,-1,0,0,0.974121,0.0981445,0.25293,6.3125,4.75,1.875,0.322686,-1.32368,2.97578
140,0,-2,-1,1,-1,-2,-2,-1,0.974121,0.0981445,0.25293,6.3125,4.75,1.875,0.322686,-1.32368,2.97578
140,-1,8,-4,-5,-2,0,1,-2,0.974121,0.0981445,0.25293,6.3125,4.75,1.875,0.322686,-1.32368,2.97578
155,-2,-13,1,0,-2,-2,1,-1,0.950684,0.102539,0.259766,4.1875,7.0625,3.625,0.317613,-1.32108,2.98262
155,-1,-12,1,6,0,-2,0,0,0.950684,0.102539,0.259766,4.1875,7.0625,3.625,0.317613,-1.32108,2.98262
162,-1,0,-1,-1,-2,1,1,0,0.950684,0.102539,0.259766,4.1875,7.0625,3.625,0.317613,-1.32108,2.98262
162,-1,6,-3,-3,-4,-1,0,-1,0.950684,0.102539,0.259766,4.1875,7.0625,3.625,0.317613,-1.32108,2.98262
185,1,-7,0,1,0,-1,-1,0,0.938477,0.0883789,0.25,5.0625,8.9375,4.4375,0.310821,-1.31814,2.99161
185,-1,-10,0,3,0,-2,-2,-1,0.938477,0.0883789,0.25,5.0625,8.9375,4.4375,0.310821,-1.31814,2.99161
186,-2,7,-3,-2,-2,0,0,0,0.938477,0.0883789,0.25,5.0625,8.9375,4.4375,0.310821,-1.31814,2.99161
186,-1,10,0,-5,0,0,0,-1,0.938477,0.0883789,0.25,5.0625,8.9375,4.4375,0.310821,-1.31814,2.99161
200,-4,0,-2,1,1,-1,-1,-2,0.930176,0.0883789,0.248047,7.8125,11.1875,5.375,0.302792,-1.31426,3.00273
200,-1,6,2,0,-1,-1,-1,-1,0.930176,0.0883789,0.248047,7.8125,11.1875,5.375,0.302792,-1.31426,3.00273
201,1,11,-2,-3,-1,-2,-1,0,0.930176,0.0883789,0.248047,7.8125,11.1875,5.375,0.302792,-1.31426,3.00273
201,-2,11,-2,-1,0,-3,-1,0,0.930176,0.0883789,0.248047,7.8125,11.1875,5.375,0.302792,-1.31426,3.00273
223,-1,11,-1,-1,-1,0,-1,0,0.930176,0.0898438,0.248047,8.875,12.5625,6.125,0.294752,-1.31041,3.01446
223,1,3,0,1,-1,0,-1,-2,0.930176,0.0898438,0.248047,8.875,12.5625,6.125,0.294752,-1.31041,3.01446
224,-1,3,-1,-2,-1,0,0,1,0.930176,0.0898438,0.248047,8.875,12.5625,6.125,0.294752,-1.31041,3.01446
224,-1,10,0,-2,0,-1,0,-1,0.930176,0.0898438,0.248047,8.875,12.5625,6.125,0.294752,-1.31041,3.01446
246,0,11,-2,1,-1,-3,0,-1,0.931641,0.09375,0.257324,7.625,13.0625,6.3125,0.286198,-1.30601,3.02615
246,-2,-3,-1,1,-3,-1,0,-2,0.931641,0.09375,0.257324,7.625,13.0625,6.3125,0.286198,-1.30601,3.02615
247,-2,3,-2,-3,-3,-2,0,-1,0.931641,0.09375,0.257324,7.625,13.0625,6.3125,0.286198,-1.30601,3.02615
247,-1,6,-3,-1,-1,-1,1,-1,0.931641,0.09375,0.257324,7.625,13.0625,6.3125,0.286198,-1.30601,3.02615
260,-1,8,-1,-1,-1,0,1,1,0.92627,0.0791016,0.26123,7,12.4375,6.25,0.276774,-1.3023,3.03855
260,-1,0,-2,0,1,0,2,-1,0.92627,0.0791016,0.26123,7,12.4375,6.25,0.276774,-1.3023,3.03855
261,-1,3,-1,-1,-1,-1,-1,-1,0.92627,0.0791016,0.26123,7,12.4375,6.25,0.276774,-1.3023,3.03855
261,-1,6,0,-2,0,0,0,-1,0.92627,0.0791016,0.26123,7,12.4375,6.25,0.276774,-1.3023,3.03855
283,0,9,-2,-2,-1,-1,-1,-1,0.920898,0.0673828,0.277832,7.4375,10.4375,5.5625,0.26856,-1.29855,3.04976
283,0,5,-1,-2,-2,-1,-1,-1,0.920898,0.0673828,0.277832,7.4375,10.4375,5.5625,0.26856,-1.29855,3.04976
283,-3,4,-1,-2,-1,-1,-1,-1,0.920898,0.0673828,0.277832,7.4375,10.4375,5.5625,0.26856,-1.29855,3.04976
283,0,7,-3,0,-1,0,0,-2,0.920898,0.0673828,0.277832,7.4375,10.4375,5.5625,0.26856,-1.29855,3.04976
322,-1,2,1,0,-2,-2,-1,-2,0.910156,0.0712891,0.265625,8.3125,8.25,4.5,0.26314,-1.29562,3.05834
322,0,9,0,0,0,-1,-1,-1,0.910156,0.0712891,0.265625,8.3125,8.25,4.5,0.26314,-1.29562,3.05834
323,-1,5,-1,-4,0,1,-1,-1,0.910156,0.0712891,0.265625,8.3125,8.25,4.5,0.26314,-1.29562,3.05834
323,-1,-5,-3,-3,-1,-1,-1,-1,0.910156,0.0712891,0.265625,8.3125,8.25,4.5,0.26314,-1.29562,3.05834
324,-1,-2,-1,0,0,-1,0,-1,0.900879,0.0742188,0.271484,10.5,5.9375,4.125,0.260206,-1.29329,3.06522
324,-3,1,-1,-1,0,0,-1,-1,0.900879,0.0742188,0.271484,10.5,5.9375,4.125,0.260206,-1.29329,3.06522
334,-1,3,0,1,-1,-1,-1,-3,0.900879,0.0742188,0.271484,10.5,5.9375,4.125,0.260206,-1.29329,3.06522
334,-1,3,-2,-3,-2,0,2,0,0.900879,0.0742188,0.271484,10.5,5.9375,4.125,0.260206,-1.29329,3.06522
342,1,3,-1,-1,-1,-1,-2,-1,0.904297,0.0756836,0.269043,11.25,4.0625,4.0625,0.258254,-1.29177,3.07138
342,-1,-1,-2,1,-1,-1,-1,0,0.904297,0.0756836,0.269043,11.25,4.0625,4.0625,0.258254,-1.29177,3.07138
343,1,11,-2,-2,-3,0,-2,-1,0.904297,0.0756836,0.269043,11.25,4.0625,4.0625,0.258254,-1.29177,3.07138
343,0,2,0,-3,-2,-2,-2,-2,0.904297,0.0756836,0.269043,11.25,4.0625,4.0625,0.258254,-1.29177,3.07138
366,-3,0,0,0,0,-1,-1,-2,0.898926,0.0673828,0.26709,12.0625,2.25,4.375,0.256656,-1.29133,3.07756
366,0,4,-2,1,-1,-2,-1,-1,0.898926,0.0673828,0.26709,12.0625,2.25,4.375,0.256656,-1.29133,3.07756
367,-2,0,-2,0,1,-1,-3,-1,0.898926,0.0673828,0.26709,12.0625,2.25,4.375,0.256656,-1.29133,3.07756
367,-2,-1,-1,0,-1,-1,-3,-1,0.898926,0.0673828,0.26709,12.0625,2.25,4.375,0.256656,-1.29133,3.07756
380,-1,6,-4,-3,-2,-1,-2,0,0.90625,0.0634766,0.252441,13.0625,1.125,4.4375,0.255198,-1.29111,3.08369
380,-1,-5,-1,-3,1,-1,-2,-2,0.90625,0.0634766,0.252441,13.0625,1.125,4.4375,0.255198,-1.29111,3.08369
381,0,0,-2,0,0,-1,0,-1,0.90625,0.0634766,0.252441,13.0625,1.125,4.4375,0.255198,-1.29111,3.08369
381,-2,-3,0,-2,-2,0,-1,-1,0.90625,0.0634766,0.252441,13.0625,1.125,4.4375,0.255198,-1.29111,3.08369
403,-2,-7,1,1,-1,0,-3,-2,0.904297,0.059082,0.252441,14.125,0.375,5,0.253264,-1.29153,3.09083
403,-2,3,-2,0,-3,-1,0,0,0.904297,0.059082,0.252441,14.125,0.375,5,0.253264,-1.29153,3.09083
404,2,-2,0,0,-2,-1,-2,0,0.904297,0.059082,0.252441,14.125,0.375,5,0.253264,-1.29153,3.09083
404,-1,1,-3,-3,1,-1,-2,0,0.904297,0.059082,0.252441,14.125,0.375,5,0.253264,-1.29153,3.09083
426,1,-7,-1,-2,-1,-1,-2,0,0.900391,0.0595703,0.253418,13.875,-0.375,5.6875,0.251005,-1.2918,3.09809
426,0,-2,-1,-1,-3,-1,-2,-2,0.900391,0.0595703,0.253418,13.875,-0.375,5.6875,0.251005,-1.2918,3.09809
427,-1,-2,0,-3,-2,-2,0,1,0.900391,0.0595703,0.253418,13.875,-0.375,5.6875,0.251005,-1.2918,3.09809
427,-1,-3,0,0,-2,-1,-1,-1,0.900391,0.0595703,0.253418,13.875,-0.375,5.6875,0.251005,-1.2918,3.09809
440,-2,1,-2,-1,-1,1,-1,-1,0.891113,0.0454102,0.26123,14.3125,-1.9375,6.5,0.24726,-1.293,3.10715
440,0,1,-1,-1,-1,0,-1,0,0.891113,0.0454102,0.26123,14.3125,-1.9375,6.5,0.24726,-1.293,3.10715
441,-2,0,-4,0,0,-4,0,-3,0.891113,0.0454102,0.26123,14.3125,-1.9375,6.5,0.24726,-1.293,3.10715
441,-2,-8,0,1,-1,-1,-2,0,0.891113,0.0454102,0.26123,14.3125,-1.9375,6.5,0.24726,-1.293,3.10715
471,-2,-2,0,-1,-2,-1,0,-2,0.886719,0.0375977,0.266602,15.5,-3,7.1875,0.242364,-1.29388,3.11757
471,1,-2,1,0,0,-1,0,1,0.886719,0.0375977,0.266602,15.5,-3,7.1875,0.242364,-1.29388,3.11757
472,-3,-1,0,-2,-1,-1,-1,-1,0.886719,0.0375977,0.266602,15.5,-3,7.1875,0.242364,-1.29388,3.11757
472,-2,3,-1,-1,1,-2,0,-2,0.886719,0.0375977,0.266602,15.5,-3,7.1875,0.242364,-1.29388,3.11757
493,-1,-7,-3,-2,0,-2,-1,-3,0.87207,0.0361328,0.271973,17.5,-4.6875,7.6875,0.237787,-1.29565,3.12857
493,-5,-1,-1,-2,-2,-1,-1,-2,0.87207,0.0361328,0.271973,17.5,-4.6875,7.6875,0.237787,-1.29565,3.12857
494,-1,7,-1,-1,-1,-1,0,-1,0.87207,0.0361328,0.271973,17.5,-4.6875,7.6875,0.237787,-1.29565,3.12857
494,1,3,-2,-2,0,-1,-2,-1,0.87207,0.0361328,0.271973,17.5,-4.6875,7.6875,0.237787,-1.29565,3.12857
499,-2,-1,-1,1,-1,-1,0,-2,0.856445,0.0341797,0.276367,18.3125,-6.5625,8.4375,0.233044,-1.29751,3.13992
499,0,-3,1,0,-1,-4,-2,-1,0.856445,0.0341797,0.276367,18.3125,-6.5625,8.4375,0.233044,-1.29751,3.13992
508,-1,0,-2,-3,-1,0,-1,-1,0.856445,0.0341797,0.276367,18.3125,-6.5625,8.4375,0.233044,-1.29751,3.13992
508,-3,-2,-1,-3,-1,-2,0,0,0.856445,0.0341797,0.276367,18.3125,-6.5625,8.4375,0.233044,-1.29751,3.13992
523,-1,-3,1,0,0,-1,-1,-1,0.848145,0.0268555,0.274414,21.0625,-8.1875,9.4375,0.227968,-1.30014,-3.13057
523,-1,4,-2,-2,0,-1,-3,-1,0.848145,0.0268555,0.274414,21.0625,-8.1875,9.4375,0.227968,-1.30014,-3.13057
523,-1,-3,-2,-3,0,-2,-1,-1,0.848145,0.0268555,0.274414,21.0625,-8.1875,9.4375,0.227968,-1.30014,-3.13057
523,2,4,-1,0,0,-2,0,-1,0.848145,0.0268555,0.274414,21.0625,-8.1875,9.4375,0.227968,-1.30014,-3.13057
545,0,-8,0,4,-1,-1,0,-1,0.84668,0.0214844,0.27002,24.1875,-9.3125,10.375,0.222549,-1.30339,-3.11641
545,-1,3,-2,-1,0,0,-2,-1,0.84668,0.0214844,0.27002,24.1875,-9.3125,10.375,0.222549,-1.30339,-3.11641
553,-1,2,-1,-1,-2,-1,-1,-1,0.84668,0.0214844,0.27002,24.1875,-9.3125,10.375,0.222549,-1.30339,-3.11641
553,-1,-5,2,-1,-2,1,-1,0,0.84668,0.0214844,0.27002,24.1875,-9.3125,10.375,0.222549,-1.30339,-3.11641
559,-1,-11,0,-1,-1,0,0,1,0.842773,0.0258789,0.272949,27,-10.1875,12,0.216814,-1.30674,-3.10089
559,-1,0,-1,-2,-1,-1,1,0,0.842773,0.0258789,0.272949,27,-10.1875,12,0.216814,-1.30674,-3.10089
567,1,3,-1,-3,-1,-1,0,0,0.842773,0.0258789,0.272949,27,-10.1875,12,0.216814,-1.30674,-3.10089
567,-2,1,-4,1,-2,-1,-1,0,0.842773,0.0258789,0.272949,27,-10.1875,12,0.216814,-1.30674,-3.10089
583,2,-2,-1,1,-1,-1,-2,1,0.828613,0.0234375,0.276855,28.1875,-11.1875,13.125,0.209689,-1.31019,-3.08362
583,2,3,-1,-2,-2,0,0,-2,0.828613,0.0234375,0.276855,28.1875,-11.1875,13.125,0.209689,-1.31019,-3.08362
583,-4,4,-1,0,1,0,-2,-2,0.828613,0.0234375,0.276855,28.1875,-11.1875,13.125,0.209689,-1.31019,-3.08362
583,-1,4,0,0,-1,-1,-1,0,0.828613,0.0234375,0.276855,28.1875,-11.1875,13.125,0.209689,-1.31019,-3.08362
605,-1,-4,1,0,0,0,-1,-2,0.822266,0.0161133,0.272949,29.375,-11.4375,14.375,0.200947,-1.31397,-3.06412
605,0,5,0,-2,0,0,-1,-1,0.822266,0.0161133,0.272949,29.375,-11.4375,14.375,0.200947,-1.31397,-3.06412
613,1,4,0,-2,-3,-1,-1,-2,0.822266,0.0161133,0.272949,29.375,-11.4375,14.375,0.200947,-1.31397,-3.06412
613,-2,6,-6,-3,-1,-3,-3,0,0.822266,0.0161133,0.272949,29.375,-11.4375,14.375,0.200947,-1.31397,-3.06412
619,-2,-1,-2,-2,1,-2,-1,-2,0.824707,0.0136719,0.279297,31.5,-12.0625,15.75,0.190052,-1.31741,-3.04178
619,-1,7,-1,1,0,-1,-1,-1,0.824707,0.0136719,0.279297,31.5,-12.0625,15.75,0.190052,-1.31741,-3.04178
627,-1,13,0,-3,1,-1,-1,-1,0.824707,0.0136719,0.279297,31.5,-12.0625,15.75,0.190052,-1.31741,-3.04178
627,-3,3,-1,1,-2,-2,0,-2,0.824707,0.0136719,0.279297,31.5,-12.0625,15.75,0.190052,-1.31741,-3.04178
642,1,9,0,-2,-1,-2,0,-1,0.830566,0.0117188,0.26709,32.3125,-12.1875,16.625,0.178652,-1.32154,-3.01847
642,-2,7,-1,-2,-2,-1,0,-1,0.830566,0.0117188,0.26709,32.3125,-12.1875,16.625,0.178652,-1.32154,-3.01847
643,0,7,-4,-2,1,1,0,-1,0.830566,0.0117188,0.26709,32.3125,-12.1875,16.625,0.178652,-1.32154,-3.01847
643,0,-5,-1,0,-1,0,-3,-2,0.830566,0.0117188,0.26709,32.3125,-12.1875,16.625,0.178652,-1.32154,-3.01847
666,1,16,2,1,-1,-1,-1,0,0.835938,0.00878906,0.253906,29.5625,-11.5625,17.25,0.164711,-1.32529,-2.99367
666,0,2,-2,-1,-2,-2,-1,-2,0.835938,0.00878906,0.253906,29.5625,-11.5625,17.25,0.164711,-1.32529,-2.99367
667,-2,8,1,-4,-1,0,-1,-1,0.835938,0.00878906,0.253906,29.5625,-11.5625,17.25,0.164711,-1.32529,-2.99367
667,0,7,0,-3,0,-1,0,0,0.835938,0.00878906,0.253906,29.5625,-11.5625,17.25,0.164711,-1.32529,-2.99367
680,-2,12,-2,1,-4,-1,-1,-2,0.82373,0.00292969,0.240234,28.75,-10.8125,18.6875,0.147572,-1.32948,-2.96595
680,-1,4,-2,1,-2,-1,-2,0,0.82373,0.00292969,0.240234,28.75,-10.8125,18.6875,0.147572,-1.32948,-2.96595
687,-2,1,0,-2,-3,-1,0,0,0.82373,0.00292969,0.240234,28.75,-10.8125,18.6875,0.147572,-1.32948,-2.96595
687,1,2,-2,-1,-1,-1,0,0,0.82373,0.00292969,0.240234,28.75,-10.8125,18.6875,0.147572,-1.32948,-2.96595
702,-1,6,-3,0,-2,0,0,0,0.834961,-0.00341797,0.240234,28.875,-10.25,19,0.129075,-1.3332,-2.93669
702,-1,1,-1,0,-1,0,0,-1,0.834961,-0.00341797,0.240234,28.875,-10.25,19,0.129075,-1.3332,-2.93669
703,-3,4,-3,-4,-1,-2,0,-3,0.834961,-0.00341797,0.240234,28.875,-10.25,19,0.129075,-1.3332,-2.93669
703,-2,-2,3,-2,-2,0,-2,0,0.834961,-0.00341797,0.240234,28.875,-10.25,19,0.129075,-1.3332,-2.93669
725,4,2,1,-1,1,-1,-1,0,0.86377,-0.0180664,0.243164,28.5625,-9.75,19,0.109052,-1.33658,-2.90606
725,-4,5,0,0,-1,-1,-2,-3,0.86377,-0.0180664,0.243164,28.5625,-9.75,19,0.109052,-1.33658,-2.90606
726,0,-1,2,-1,-3,-1,-1,2,0.86377,-0.0180664,0.243164,28.5625,-9.75,19,0.109052,-1.33658,-2.90606
726,0,1,1,0,0,0,0,-2,0.86377,-0.0180664,0.243164,28.5625,-9.75,19,0.109052,-1.33658,-2.90606
740,-1,-1,-1,-1,-3,-3,-2,0,0.88623,-0.0234375,0.227051,28.75,-9.0625,18.5625,0.0882173,-1.3395,-2.87452
740,1,0,-1,-5,1,-1,0,0,0.88623,-0.0234375,0.227051,28.75,-9.0625,18.5625,0.0882173,-1.3395,-2.87452
748,0,5,-2,1,0,-2,-1,-1,0.88623,-0.0234375,0.227051,28.75,-9.0625,18.5625,0.0882173,-1.3395,-2.87452
748,0,-6,1,0,1,0,-1,-1,0.88623,-0.0234375,0.227051,28.75,-9.0625,18.5625,0.0882173,-1.3395,-2.87452
762,-3,-3,-10,-2,-3,0,-1,-1,0.89502,0.00732422,0.204102,24.5625,-6.625,17.5625,0.0707186,-1.34246,-2.8478
762,-2,2,2,-1,-1,-2,0,-1,0.89502,0.00732422,0.204102,24.5625,-6.625,17.5625,0.0707186,-1.34246,-2.8478
763,-6,0,-5,0,-1,-2,0,-3,0.89502,0.00732422,0.204102,24.5625,-6.625,17.5625,0.0707186,-1.34246,-2.8478
763,-1,-3,-4,0,-3,1,1,0,0.89502,0.00732422,0.204102,24.5625,-6.625,17.5625,0.0707186,-1.34246,-2.8478
786,1,3,0,-1,2,0,0,0,0.870117,0.00927734,0.200684,16.125,-5.0625,16.4375,0.0519984,-1.3444,-2.8227
786,-6,5,-3,0,-1,-2,-2,-2,0.870117,0.00927734,0.200684,16.125,-5.0625,16.4375,0.0519984,-1.3444,-2.8227
787,2,0,0,-7,0,-3,-2,1,0.870117,0.00927734,0.200684,16.125,-5.0625,16.4375,0.0519984,-1.3444,-2.8227
787,0,0,-3,0,-1,0,0,-2,0.870117,0.00927734,0.200684,16.125,-5.0625,16.4375,0.0519984,-1.3444,-2.8227
799,-6,-13,0,0,-3,-1,-3,-3,0.87207,-0.0327148,0.220703,16.25,-6,16,0.0290547,-1.34651,-2.79369
799,-5,2,-3,-4,-3,-3,-2,-2,0.87207,-0.0327148,0.220703,16.25,-6,16,0.0290547,-1.34651,-2.79369
807,-1,6,-7,-1,-1,1,-1,1,0.87207,-0.0327148,0.220703,16.25,-6,16,0.0290547,-1.34651,-2.79369
807,-2,0,6,0,-1,-1,-2,-2,0.87207,-0.0327148,0.220703,16.25,-6,16,0.0290547,-1.34651,-2.79369
823,0,1,2,0,-1,-1,0,0,0.939941,-0.0463867,0.226562,23.3125,-7.8125,14.0625,0.0101992,-1.34884,-2.76616
823,-2,13,3,0,1,0,-1,-2,0.939941,-0.0463867,0.226562,23.3125,-7.8125,14.0625,0.0101992,-1.34884,-2.76616
823,-1,-9,-12,-3,-2,-1,-2,-2,0.939941,-0.0463867,0.226562,23.3125,-7.8125,14.0625,0.0101992,-1.34884,-2.76616
823,-4,7,-7,-3,0,-2,0,-2,0.939941,-0.0463867,0.226562,23.3125,-7.8125,14.0625,0.0101992,-1.34884,-2.76616
846,1,11,11,3,3,-1,0,1,0.983887,-0.019043,0.208496,24.625,-6.5625,11.8125,-0.0015128,-1.35141,-2.74537
846,-4,-52,-22,-10,-4,-3,-2,-4,0.983887,-0.019043,0.208496,24.625,-6.5625,11.8125,-0.0015128,-1.35141,-2.74537
846,-2,12,4,0,0,-3,-1,-2,0.983887,-0.019043,0.208496,24.625,-6.5625,11.8125,-0.0015128,-1.35141,-2.74537
846,-3,-1,-1,-3,0,1,-1,-1,0.983887,-0.019043,0.208496,24.625,-6.5625,11.8125,-0.0015128,-1.35141,-2.74537
859,-1,11,-1,3,0,-1,-2,-2,0.96875,-0.012207,0.194336,23.75,-6.6875,11.5,-0.0128155,-1.35387,-2.7253
859,1,15,-1,3,1,2,-1,1,0.96875,-0.012207,0.194336,23.75,-6.6875,11.5,-0.0128155,-1.35387,-2.7253
876,-1,-2,4,-2,-1,-1,-3,-2,0.96875,-0.012207,0.194336,23.75,-6.6875,11.5,-0.0128155,-1.35387,-2.7253
876,0,-12,0,-1,-3,-3,0,-1,0.96875,-0.012207,0.194336,23.75,-6.6875,11.5,-0.0128155,-1.35387,-2.7253
882,3,-7,-20,1,1,1,1,2,0.96582,0.00390625,0.133301,17.375,-3.375,11.125,-0.0237645,-1.3571,-2.70789
882,0,-7,31,-3,-1,-1,-3,-1,0.96582,0.00390625,0.133301,17.375,-3.375,11.125,-0.0237645,-1.3571,-2.70789
890,-2,-7,-6,-1,-1,0,1,-1,0.96582,0.00390625,0.133301,17.375,-3.375,11.125,-0.0237645,-1.3571,-2.70789
890,0,10,0,-1,0,0,-1,1,0.96582,0.00390625,0.133301,17.375,-3.375,11.125,-0.0237645,-1.3571,-2.70789
913,-6,-2,1,2,0,1,-1,-3,0.93457,-0.0136719,0.141602,18.375,0,11.625,-0.0363776,-1.35816,-2.68837
913,5,5,-15,-3,1,0,1,1,0.93457,-0.0136719,0.141602,18.375,0,11.625,-0.0363776,-1.35816,-2.68837
913,1,17,7,-1,-2,-2,-1,-2,0.93457,-0.0136719,0.141602,18.375,0,11.625,-0.0363776,-1.35816,-2.68837
913,-2,-11,-5,-2,-1,-2,-1,-2,0.93457,-0.0136719,0.141602,18.375,0,11.625,-0.0363776,-1.35816,-2.68837
928,0,-21,3,-2,-2,-1,-1,-1,0.96875,-0.043457,0.149902,20.125,1.375,10.3125,-0.050849,-1.35879,-2.66649
928,3,3,0,3,0,1,-1,0,0.96875,-0.043457,0.149902,20.125,1.375,10.3125,-0.050849,-1.35879,-2.66649
929,2,3,8,-1,0,0,0,1,0.96875,-0.043457,0.149902,20.125,1.375,10.3125,-0.050849,-1.35879,-2.66649
929,-2,3,-5,-4,-2,-1,6,4,0.96875,-0.043457,0.149902,20.125,1.375,10.3125,-0.050849,-1.35879,-2.66649
943,-3,4,-2,1,0,0,-8,-6,1.02393,-0.0688477,0.144043,30.125,2.875,10.0625,-0.0631886,-1.3595,-2.64361
943,2,17,3,1,1,-1,-6,-2,1.02393,-0.0688477,0.144043,30.125,2.875,10.0625,-0.0631886,-1.3595,-2.64361
943,-7,7,-18,-4,-3,-1,2,1,1.02393,-0.0688477,0.144043,30.125,2.875,10.0625,-0.0631886,-1.3595,-2.64361
943,3,12,2,0,-1,0,-1,2,1.02393,-0.0688477,0.144043,30.125,2.875,10.0625,-0.0631886,-1.3595,-2.64361
966,6,-17,0,1,0,1,1,3,1.04883,-0.0454102,0.126465,32.875,6.5625,9.25,-0.0703067,-1.35972,-2.62489
966,-1,11,16,0,-4,-1,1,0,1.04883,-0.0454102,0.126465,32.875,6.5625,9.25,-0.0703067,-1.35972,-2.62489
967,-5,8,-21,-7,-1,-2,-4,-4,1.04883,-0.0454102,0.126465,32.875,6.5625,9.25,-0.0703067,-1.35972,-2.62489
967,-11,-23,-13,-2,-4,-4,-4,-6,1.04883,-0.0454102,0.126465,32.875,6.5625,9.25,-0.0703067,-1.35972,-2.62489
988,-3,8,7,2,-1,-1,-2,-5,1.05469,-0.0175781,0.133789,31.125,9.1875,8.5625,-0.0728421,-1.35824,-2.61099
988,1,2,-10,1,0,-1,5,7,1.05469,-0.0175781,0.133789,31.125,9.1875,8.5625,-0.0728421,-1.35824,-2.61099
989,5,25,6,-5,1,0,-2,-2,1.05469,-0.0175781,0.133789,31.125,9.1875,8.5625,-0.0728421,-1.35824,-2.61099
989,-2,14,5,-2,2,-1,-3,1,1.05469,-0.0175781,0.133789,31.125,9.1875,8.5625,-0.0728421,-1.35824,-2.61099
1003,2,-8,-12,-1,-3,-1,0,1,1.08691,-0.0078125,0.143066,19.8125,10.9375,8.4375,-0.077565,-1.35605,-2.59886
1003,-5,18,7,-1,-2,-3,-2,-3,1.08691,-0.0078125,0.143066,19.8125,10.9375,8.4375,-0.077565,-1.35605,-2.59886
1004,-3,-3,-2,-2,-2,1,2,1,1.08691,-0.0078125,0.143066,19.8125,10.9375,8.4375,-0.077565,-1.35605,-2.59886
1004,6,7,6,2,0,-1,3,4,1.08691,-0.0078125,0.143066,19.8125,10.9375,8.4375,-0.077565,-1.35605,-2.59886
1026,-12,8,-8,-1,1,-1,-15,-16,1.11914,-0.0405273,0.15918,12.5,11.1875,7.5,-0.0869206,-1.35428,-2.5851
1026,3,30,-9,3,2,3,7,5,1.11914,-0.0405273,0.15918,12.5,11.1875,7.5,-0.0869206,-1.35428,-2.5851
1027,13,5,36,-2,0,-1,0,3,1.11914,-0.0405273,0.15918,12.5,11.1875,7.5,-0.0869206,-1.35428,-2.5851
1027,-12,-22,8,-4,-6,-3,-6,-7,1.11914,-0.0405273,0.15918,12.5,11.1875,7.5,-0.0869206,-1.35428,-2.5851
1049,0,-21,-26,-2,-3,-3,5,5,1.12158,-0.0249023,0.15918,9.25,11.375,8.625,-0.0969663,-1.35209,-2.57157
1049,-1,5,7,-2,-3,-1,-3,-5,1.12158,-0.0249023,0.15918,9.25,11.375,8.625,-0.0969663,-1.35209,-2.57157
1050,-7,20,-16,0,0,-1,-3,-1,1.12158,-0.0249023,0.15918,9.25,11.375,8.625,-0.0969663,-1.35209,-2.57157
1050,6,20,10,3,3,3,3,1,1.12158,-0.0249023,0.15918,9.25,11.375,8.625,-0.0969663,-1.35209,-2.57157
1063,1,-2,-13,-3,-3,-2,1,3,1.09033,0.00146484,0.133301,6.9375,12.5625,8.5625,-0.104101,-1.3504,-2.56194
1063,-2,14,11,2,1,1,-3,-1,1.09033,0.00146484,0.133301,6.9375,12.5625,8.5625,-0.104101,-1.3504,-2.56194
1063,10,-13,8,-1,-2,0,0,2,1.09033,0.00146484,0.133301,6.9375,12.5625,8.5625,-0.104101,-1.3504,-2.56194
1063,0,-4,-8,-2,0,0,-3,-4,1.09033,0.00146484,0.133301,6.9375,12.5625,8.5625,-0.104101,-1.3504,-2.56194
1085,-2,5,4,1,0,-1,1,-1,1.03369,0.0244141,0.130371,-8,15.5,9.3125,-0.113904,-1.34714,-2.55435
1085,-3,3,-16,-3,0,1,0,-2,1.03369,0.0244141,0.130371,-8,15.5,9.3125,-0.113904,-1.34714,-2.55435
1093,5,16,7,-4,-2,0,-1,0,1.00781,-0.0297852,0.119629,-12.0625,14.9375,10.9375,-0.133385,-1.34419,-2.53888
1093,-1,-9,-4,1,0,-1,-2,-5,1.00781,-0.0297852,0.119629,-12.0625,14.9375,10.9375,-0.133385,-1.34419,-2.53888
1108,0,1,6,1,-2,-2,-2,1,1.00781,-0.0297852,0.119629,-12.0625,14.9375,10.9375,-0.133385,-1.34419,-2.53888
1108,0,-4,-2,-4,-4,-1,-2,-1,1.00781,-0.0297852,0.119629,-12.0625,14.9375,10.9375,-0.133385,-1.34419,-2.53888
1110,-7,6,-5,-3,-4,-3,-3,-5,1.02051,-0.0361328,0.125488,-6.5625,13.1875,9.125,-0.148077,-1.34122,-2.52586
1110,0,-7,-5,0,0,-1,-2,-1,1.02051,-0.0361328,0.125488,-6.5625,13.1875,9.125,-0.148077,-1.34122,-2.52586
1130,0,-20,8,3,2,0,2,-1,1.02051,-0.0361328,0.125488,-6.5625,13.1875,9.125,-0.148077,-1.34122,-2.52586
1130,4,2,-4,-3,1,0,-1,-2,1.02051,-0.0361328,0.125488,-6.5625,13.1875,9.125,-0.148077,-1.34122,-2.52586
1132,1,6,-8,-3,0,0,0,0,1.05127,0.0307617,0.100098,-8.6875,13.75,1.375,-0.145464,-1.34031,-2.53163
1132,2,-21,12,-6,-1,-2,-2,-4,1.05127,0.0307617,0.100098,-8.6875,13.75,1.375,-0.145464,-1.34031,-2.53163
1145,11,-11,12,10,4,-1,1,4,1.05127,0.0307617,0.100098,-8.6875,13.75,1.375,-0.145464,-1.34031,-2.53163
1145,-12,1,-5,-1,0,-2,-3,-4,1.05127,0.0307617,0.100098,-8.6875,13.75,1.375,-0.145464,-1.34031,-2.53163
1153,-10,-23,-1,-2,-2,0,-1,-2,1.06348,0.0942383,0.123047,-16.1875,11.9375,-2.875,-0.132731,-1.33946,-2.54967
1153,2,-9,-5,0,-2,0,0,-1,1.06348,0.0942383,0.123047,-16.1875,11.9375,-2.875,-0.132731,-1.33946,-2.54967
1167,0,-11,15,-3,-5,-1,0,-1,1.06348,0.0942383,0.123047,-16.1875,11.9375,-2.875,-0.132731,-1.33946,-2.54967
1167,4,-10,5,-5,-3,-1,-2,0,1.06348,0.0942383,0.123047,-16.1875,11.9375,-2.875,-0.132731,-1.33946,-2.54967
1170,3,-3,-9,0,-3,-2,-1,-1,1.02393,0.015625,0.0683594,-26.1875,10.9375,-1.875,-0.133957,-1.34017,-2.5578
1170,-4,-15,10,-1,-4,-1,-1,0,1.02393,0.015625,0.0683594,-26.1875,10.9375,-1.875,-0.133957,-1.34017,-2.5578
1191,-6,-8,-14,1,0,0,-2,-5,1.02393,0.015625,0.0683594,-26.1875,10.9375,-1.875,-0.133957,-1.34017,-2.5578
1191,4,-1,-7,-1,-1,1,0,1,1.02393,0.015625,0.0683594,-26.1875,10.9375,-1.875,-0.133957,-1.34017,-2.5578
1193,-3,11,-3,-6,0,0,-2,-1,1.02686,-0.0078125,0.0942383,-28.1875,7.875,3.875,-0.147468,-1.34062,-2.55387
1193,2,-9,-11,9,1,-1,1,1,1.02686,-0.0078125,0.0942383,-28.1875,7.875,3.875,-0.147468,-1.34062,-2.55387
1205,-2,-11,10,-2,-2,0,-1,1,1.02686,-0.0078125,0.0942383,-28.1875,7.875,3.875,-0.147468,-1.34062,-2.55387
1205,-5,-17,-2,-3,-5,-4,-4,-3,1.02686,-0.0078125,0.0942383,-28.1875,7.875,3.875,-0.147468,-1.34062,-2.55387
1214,-5,3,6,-1,0,0,-1,-3,1.07422,0.0141602,0.0888672,-15.6875,9.0625,-2.3125,-0.144497,-1.34188,-2.56267
1214,0,0,3,-2,0,-2,-1,-2,1.07422,0.0141602,0.0888672,-15.6875,9.0625,-2.3125,-0.144497,-1.34188,-2.56267
1228,-1,-4,-5,-3,-1,0,1,2,1.07422,0.0141602,0.0888672,-15.6875,9.0625,-2.3125,-0.144497,-1.34188,-2.56267
1228,1,-6,4,-2,-1,-4,-1,1,1.07422,0.0141602,0.0888672,-15.6875,9.0625,-2.3125,-0.144497,-1.34188,-2.56267
1235,-5,3,1,-12,-4,-3,-2,-5,1.06201,-0.00683594,0.10791,-16.6875,17.8125,3.4375,-0.150646,-1.3388,-2.56217
1235,-4,-1,-26,10,3,1,-1,0,1.06201,-0.00683594,0.10791,-16.6875,17.8125,3.4375,-0.150646,-1.3388,-2.56217
1259,0,-7,27,3,1,1,1,-1,1.06201,-0.00683594,0.10791,-16.6875,17.8125,3.4375,-0.150646,-1.3388,-2.56217
1259,-1,-3,-25,-1,0,-2,-1,-1,1.06201,-0.00683594,0.10791,-16.6875,17.8125,3.4375,-0.150646,-1.3388,-2.56217
1261,1,-10,11,6,-1,-2,2,1,1.06055,-0.00292969,0.175293,-4.625,23.9375,8,-0.155707,-1.33195,-2.55837
1261,0,-13,9,-8,-1,-2,-1,3,1.06055,-0.00292969,0.175293,-4.625,23.9375,8,-0.155707,-1.33195,-2.55837
1265,-1,-3,-3,0,-2,-1,-2,-1,1.06055,-0.00292969,0.175293,-4.625,23.9375,8,-0.155707,-1.33195,-2.55837
1265,-3,-3,2,-3,-3,-2,-2,-4,1.06055,-0.00292969,0.175293,-4.625,23.9375,8,-0.155707,-1.33195,-2.55837
1273,0,0,-4,2,0,-1,0,-2,1.04395,-0.0332031,0.179199,-2.25,27.3125,17,-0.173961,-1.32355,-2.54032
1273,0,-1,0,4,-1,-1,-2,0,1.04395,-0.0332031,0.179199,-2.25,27.3125,17,-0.173961,-1.32355,-2.54032
1289,0,-11,-1,-2,0,-1,-1,3,1.04395,-0.0332031,0.179199,-2.25,27.3125,17,-0.173961,-1.32355,-2.54032
1289,-1,-1,0,-6,-2,-2,-3,-2,1.04395,-0.0332031,0.179199,-2.25,27.3125,17,-0.173961,-1.32355,-2.54032
1294,-3,9,-8,0,-1,-1,-3,-1,1.06348,-0.0224609,0.199707,0.375,29.125,16.5,-0.187433,-1.31418,-2.52615
1294,-11,-31,-10,-4,-4,-3,-3,-4,1.06348,-0.0224609,0.199707,0.375,29.125,16.5,-0.187433,-1.31418,-2.52615
1311,-2,1,2,0,-1,0,-1,-1,1.06348,-0.0224609,0.199707,0.375,29.125,16.5,-0.187433,-1.31418,-2.52615
1311,-4,-4,-3,-3,-3,-1,-1,-1,1.06348,-0.0224609,0.199707,0.375,29.125,16.5,-0.187433,-1.31418,-2.52615
1313,-2,6,-4,0,-1,0,-1,-1,1.0625,-0.0205078,0.257812,0.9375,26.9375,14.1875,-0.195834,-1.30511,-2.51714
1313,-1,6,5,0,0,-1,-2,1,1.0625,-0.0205078,0.257812,0.9375,26.9375,14.1875,-0.195834,-1.30511,-2.51714
1325,0,-5,-3,-5,-4,-2,-2,-2,1.0625,-0.0205078,0.257812,0.9375,26.9375,14.1875,-0.195834,-1.30511,-2.51714
1325,4,12,4,1,-1,-2,-1,3,1.0625,-0.0205078,0.257812,0.9375,26.9375,14.1875,-0.195834,-1.30511,-2.51714
1334,2,6,-17,-3,0,-2,-1,9,1.00879,-0.0678711,0.28125,2.875,22.8125,15.375,-0.208685,-1.29583,-2.50268
1334,-3,11,14,-1,-3,-1,-1,-6,1.00879,-0.0678711,0.28125,2.875,22.8125,15.375,-0.208685,-1.29583,-2.50268
1348,2,-3,-12,3,2,0,1,1,1.00879,-0.0678711,0.28125,2.875,22.8125,15.375,-0.208685,-1.29583,-2.50268
1348,1,7,0,-2,-1,0,0,-4,1.00879,-0.0678711,0.28125,2.875,22.8125,15.375,-0.208685,-1.29583,-2.50268
1355,-6,-2,3,-2,-3,-2,-2,0,1.01074,-0.074707,0.290527,11.3125,14.125,14.0625,-0.2189,-1.29002,-2.48807
1355,9,3,-4,-2,-2,-2,0,0,1.01074,-0.074707,0.290527,11.3125,14.125,14.0625,-0.2189,-1.29002,-2.48807
1371,-5,6,2,-2,-2,-1,-3,-6,1.01074,-0.074707,0.290527,11.3125,14.125,14.0625,-0.2189,-1.29002,-2.48807
1371,-8,17,-4,-1,-3,-1,0,-2,1.01074,-0.074707,0.290527,11.3125,14.125,14.0625,-0.2189,-1.29002,-2.48807
1372,-3,-2,-9,-4,-3,-1,-1,-4,1.03271,-0.0844727,0.279297,3.4375,9.9375,14.625,-0.233575,-1.2857,-2.47174
1372,1,-4,-2,-6,-4,0,-1,-2,1.03271,-0.0844727,0.279297,3.4375,9.9375,14.625,-0.233575,-1.2857,-2.47174
1385,-2,1,-1,-3,2,0,-3,-2,1.03271,-0.0844727,0.279297,3.4375,9.9375,14.625,-0.233575,-1.2857,-2.47174
1385,2,5,4,15,6,1,1,1,1.03271,-0.0844727,0.279297,3.4375,9.9375,14.625,-0.233575,-1.2857,-2.47174
1393,-2,11,0,2,-1,-2,-2,-3,1.0127,-0.0810547,0.276367,10.625,6.125,13.4375,-0.244655,-1.2827,-2.45615
1393,-3,8,-10,3,-1,0,-1,-2,1.0127,-0.0810547,0.276367,10.625,6.125,13.4375,-0.244655,-1.2827,-2.45615
1408,3,-3,-1,-6,-3,-1,1,6,1.0127,-0.0810547,0.276367,10.625,6.125,13.4375,-0.244655,-1.2827,-2.45615
1408,-1,3,-5,-8,-2,0,0,-2,1.0127,-0.0810547,0.276367,10.625,6.125,13.4375,-0.244655,-1.2827,-2.45615
1415,-3,4,0,-2,0,0,-2,-3,1.00439,-0.0957031,0.259277,5.9375,4.8125,13.125,-0.258617,-1.28042,-2.43967
1415,-2,7,2,0,-1,-2,-2,-2,1.00439,-0.0957031,0.259277,5.9375,4.8125,13.125,-0.258617,-1.28042,-2.43967
1430,-3,1,-3,-3,-3,-2,-1,-2,1.00439,-0.0957031,0.259277,5.9375,4.8125,13.125,-0.258617,-1.28042,-2.43967
1430,0,-2,-1,-1,-2,0,-2,-2,1.00439,-0.0957031,0.259277,5.9375,4.8125,13.125,-0.258617,-1.28042,-2.43967
1432,1,4,-2,-3,-2,0,1,-2,1.02539,-0.0678711,0.268555,-9.625,5.8125,5.625,-0.265801,-1.27865,-2.43563
1432,0,-2,-4,-7,-3,0,-1,2,1.02539,-0.0678711,0.268555,-9.625,5.8125,5.625,-0.265801,-1.27865,-2.43563
1454,-3,-4,-1,5,-1,-1,-3,-4,1.02539,-0.0678711,0.268555,-9.625,5.8125,5.625,-0.265801,-1.27865,-2.43563
1454,1,5,-1,-1,2,1,-2,1,1.02539,-0.0678711,0.268555,-9.625,5.8125,5.625,-0.265801,-1.27865,-2.43563
1455,2,-2,-1,0,0,1,0,-1,1.00098,-0.0610352,0.297363,-19.875,5.9375,-0.9375,-0.268088,-1.27665,-2.44032
1455,-1,2,-3,-2,-3,-2,-3,-3,1.00098,-0.0610352,0.297363,-19.875,5.9375,-0.9375,-0.268088,-1.27665,-2.44032
1468,0,6,-2,-5,-2,-2,-1,1,1.00098,-0.0610352,0.297363,-19.875,5.9375,-0.9375,-0.268088,-1.27665,-2.44032
1468,-1,-3,0,-5,-3,1,-2,-1,1.00098,-0.0610352,0.297363,-19.875,5.9375,-0.9375,-0.268088,-1.27665,-2.44032
1475,-3,11,-1,8,2,-1,9,2,0.963867,-0.0834961,0.296875,-24.75,4.1875,0.8125,-0.276195,-1.27487,-2.44081
1475,0,8,0,3,3,-1,-24,-12,0.963867,-0.0834961,0.296875,-24.75,4.1875,0.8125,-0.276195,-1.27487,-2.44081
1491,5,1,1,3,-2,-1,0,0,0.963867,-0.0834961,0.296875,-24.75,4.1875,0.8125,-0.276195,-1.27487,-2.44081
1491,-1,9,-6,-10,-4,-2,2,-2,0.963867,-0.0834961,0.296875,-24.75,4.1875,0.8125,-0.276195,-1.27487,-2.44081
1492,-4,5,0,-6,-2,0,-4,-3,0.963867,-0.0917969,0.304199,-23.375,2.125,-1.6875,-0.282359,-1.27373,-2.44297
1492,1,-5,0,3,1,-2,8,3,0.963867,-0.0917969,0.304199,-23.375,2.125,-1.6875,-0.282359,-1.27373,-2.44297
1514,3,-8,-4,0,-1,-2,-2,-1,0.963867,-0.0917969,0.304199,-23.375,2.125,-1.6875,-0.282359,-1.27373,-2.44297
1514,1,-2,-3,-2,-1,-1,-3,-4,0.963867,-0.0917969,0.304199,-23.375,2.125,-1.6875,-0.282359,-1.27373,-2.44297
1515,-4,-7,-1,-6,-2,0,-1,1,0.965332,-0.108398,0.298828,-19.625,0.9375,-3.1875,-0.287168,-1.27328,-2.44534
1515,-2,-14,0,4,1,2,-2,3,0.965332,-0.108398,0.298828,-19.625,0.9375,-3.1875,-0.287168,-1.27328,-2.44534
1528,-5,-4,1,-4,-2,-6,-3,-1,0.965332,-0.108398,0.298828,-19.625,0.9375,-3.1875,-0.287168,-1.27328,-2.44534
1528,-11,-5,-2,-4,-3,-2,2,-5,0.965332,-0.108398,0.298828,-19.625,0.9375,-3.1875,-0.287168,-1.27328,-2.44534
1535,2,-8,-13,-5,-4,-4,-2,-3,0.980957,-0.0942383,0.312012,-14.8125,2.75,-3.4375,-0.287828,-1.27232,-2.45018
1535,6,-8,1,2,0,1,2,2,0.980957,-0.0942383,0.312012,-14.8125,2.75,-3.4375,-0.287828,-1.27232,-2.45018
1551,7,-13,2,2,0,0,-1,-1,0.980957,-0.0942383,0.312012,-14.8125,2.75,-3.4375,-0.287828,-1.27232,-2.45018
1551,-6,-8,-1,0,-1,0,0,3,0.980957,-0.0942383,0.312012,-14.8125,2.75,-3.4375,-0.287828,-1.27232,-2.45018
1553,0,0,3,-1,-2,-1,-20,-4,0.961426,-0.0791016,0.319824,-12.1875,4.1875,-3.75,-0.285164,-1.27018,-2.457
1553,-1,-14,0,-2,-2,-1,2,1,0.961426,-0.0791016,0.319824,-12.1875,4.1875,-3.75,-0.285164,-1.27018,-2.457
1574,3,-12,-1,3,0,0,2,0,0.961426,-0.0791016,0.319824,-12.1875,4.1875,-3.75,-0.285164,-1.27018,-2.457
1574,0,4,-1,-10,-3,-2,-4,-2,0.961426,-0.0791016,0.319824,-12.1875,4.1875,-3.75,-0.285164,-1.27018,-2.457
1575,2,-8,1,3,1,0,2,1,0.942383,-0.0683594,0.314453,-13,5.375,-2.8125,-0.283388,-1.26805,-2.4635
1575,-3,-9,-1,5,0,-1,4,0,0.942383,-0.0683594,0.314453,-13,5.375,-2.8125,-0.283388,-1.26805,-2.4635
1587,-6,-3,-3,-1,-2,-1,-3,-3,0.942383,-0.0683594,0.314453,-13,5.375,-2.8125,-0.283388,-1.26805,-2.4635
1587,-2,-4,-1,-2,1,-1,0,1,0.942383,-0.0683594,0.314453,-13,5.375,-2.8125,-0.283388,-1.26805,-2.4635
1595,-3,-1,-3,-4,1,-1,0,-2,0.926758,-0.0698242,0.32373,-14.625,5.1875,-1.4375,-0.283365,-1.26575,-2.46892
1595,1,-12,1,0,0,0,2,-1,0.926758,-0.0698242,0.32373,-14.625,5.1875,-1.4375,-0.283365,-1.26575,-2.46892
1611,-3,-2,-1,0,-1,-1,-1,-1,0.926758,-0.0698242,0.32373,-14.625,5.1875,-1.4375,-0.283365,-1.26575,-2.46892
1611,2,1,-3,-3,-1,-1,-3,0,0.926758,-0.0698242,0.32373,-14.625,5.1875,-1.4375,-0.283365,-1.26575,-2.46892
1612,4,-6,0,-8,-3,-1,3,-1,0.921875,-0.0869141,0.322754,-9.9375,4.25,0,-0.284828,-1.26319,-2.47081
1612,-1,-6,4,5,-1,-1,-2,-1,0.921875,-0.0869141,0.322754,-9.9375,4.25,0,-0.284828,-1.26319,-2.47081
1634,-2,-6,-1,2,2,0,-1,1,0.921875,-0.0869141,0.322754,-9.9375,4.25,0,-0.284828,-1.26319,-2.47081
1634,3,1,2,7,1,0,1,1,0.921875,-0.0869141,0.322754,-9.9375,4.25,0,-0.284828,-1.26319,-2.47081
1635,-1,-5,-5,-5,-2,-1,1,0,0.910645,-0.0927734,0.310059,-1.75,2.8125,1.5,-0.286272,-1.26139,-2.46989
1635,-5,-11,-1,-6,-3,-2,0,-3,0.910645,-0.0927734,0.310059,-1.75,2.8125,1.5,-0.286272,-1.26139,-2.46989
1647,-5,8,-2,-9,-6,-2,-3,-3,0.910645,-0.0927734,0.310059,-1.75,2.8125,1.5,-0.286272,-1.26139,-2.46989
1647,1,2,-1,5,0,-2,-2,0,0.910645,-0.0927734,0.310059,-1.75,2.8125,1.5,-0.286272,-1.26139,-2.46989
1662,-5,-9,1,4,-2,-1,1,-1,0.912598,-0.102051,0.302246,0.6875,1.25,2.8125,-0.289685,-1.25999,-2.46624
1662,0,-9,-3,-3,-1,-2,0,2,0.912598,-0.102051,0.302246,0.6875,1.25,2.8125,-0.289685,-1.25999,-2.46624
1671,1,-6,-1,-2,-1,0,-1,-1,0.912598,-0.102051,0.302246,0.6875,1.25,2.8125,-0.289685,-1.25999,-2.46624
1671,4,1,-1,-5,0,-1,-1,0,0.912598,-0.102051,0.302246,0.6875,1.25,2.8125,-0.289685,-1.25999,-2.46624
1673,-7,0,-2,2,0,1,1,1,0.915527,-0.11084,0.306152,3.1875,0.5,2.375,-0.292086,-1.25882,-2.46248
1673,7,-2,0,3,2,-1,0,-3,0.915527,-0.11084,0.306152,3.1875,0.5,2.375,-0.292086,-1.25882,-2.46248
1693,-4,-7,-1,0,-1,-1,-3,-6,0.915527,-0.11084,0.306152,3.1875,0.5,2.375,-0.292086,-1.25882,-2.46248
1693,-1,-2,-1,-3,-3,0,-1,2,0.915527,-0.11084,0.306152,3.1875,0.5,2.375,-0.292086,-1.25882,-2.46248
1696,-1,1,0,-11,-3,-1,-3,0,0.93457,-0.0883789,0.289551,7.625,1.6875,0.0625,-0.289366,-1.25814,-2.46257
1696,1,0,3,11,3,1,0,2,0.93457,-0.0883789,0.289551,7.625,1.6875,0.0625,-0.289366,-1.25814,-2.46257
1708,7,8,0,11,3,1,0,3,0.93457,-0.0883789,0.289551,7.625,1.6875,0.0625,-0.289366,-1.25814,-2.46257
1708,-1,7,-5,-5,-4,-2,-1,0,0.93457,-0.0883789,0.289551,7.625,1.6875,0.0625,-0.289366,-1.25814,-2.46257
1715,-3,2,-3,-2,-4,-2,-2,-3,0.931152,-0.0688477,0.292969,7.75,4.25,-0.4375,-0.283487,-1.25692,-2.46584
1715,-2,4,-3,-7,-3,-3,-2,-2,0.931152,-0.0688477,0.292969,7.75,4.25,-0.4375,-0.283487,-1.25692,-2.46584
1731,-4,2,-2,-3,-2,-1,-2,-3,0.931152,-0.0688477,0.292969,7.75,4.25,-0.4375,-0.283487,-1.25692,-2.46584
1731,-7,4,-1,-1,0,-3,-6,-1,0.931152,-0.0688477,0.292969,7.75,4.25,-0.4375,-0.283487,-1.25692,-2.46584
1732,-2,6,-2,-5,0,0,3,1,0.927734,-0.059082,0.305176,-0.5625,6.25,-0.625,-0.278796,-1.25455,-2.47062
1732,-2,-1,-1,-2,-1,-1,-2,-2,0.927734,-0.059082,0.305176,-0.5625,6.25,-0.625,-0.278796,-1.25455,-2.47062
1753,-5,11,0,3,1,1,0,-3,0.927734,-0.059082,0.305176,-0.5625,6.25,-0.625,-0.278796,-1.25455,-2.47062
1753,1,17,-4,-6,-3,-2,-1,3,0.927734,-0.059082,0.305176,-0.5625,6.25,-0.625,-0.278796,-1.25455,-2.47062
1755,0,2,-1,1,1,0,-1,-3,0.910645,-0.0883789,0.321777,-7.5,6.9375,0.1875,-0.279717,-1.25159,-2.47257
1755,3,-1,1,1,0,0,1,3,0.910645,-0.0883789,0.321777,-7.5,6.9375,0.1875,-0.279717,-1.25159,-2.47257
1768,4,3,-1,-2,-1,1,-2,4,0.910645,-0.0883789,0.321777,-7.5,6.9375,0.1875,-0.279717,-1.25159,-2.47257
1768,5,8,-2,-4,0,-1,0,-4,0.910645,-0.0883789,0.321777,-7.5,6.9375,0.1875,-0.279717,-1.25159,-2.47257
1775,-24,3,-1,2,-1,0,0,-4,0.904785,-0.111328,0.327148,-4.4375,7.0625,0.625,-0.280991,-1.24827,-2.47313
1775,6,-4,-3,-3,-4,-1,-1,-1,0.904785,-0.111328,0.327148,-4.4375,7.0625,0.625,-0.280991,-1.24827,-2.47313
1791,-13,4,-2,0,0,0,0,-1,0.904785,-0.111328,0.327148,-4.4375,7.0625,0.625,-0.280991,-1.24827,-2.47313
1791,9,0,-1,-2,2,0,-2,4,0.904785,-0.111328,0.327148,-4.4375,7.0625,0.625,-0.280991,-1.24827,-2.47313
1793,0,-3,1,9,2,-1,8,-4,0.891602,-0.10498,0.329102,0.8125,5.625,0.6875,-0.28032,-1.24505,-2.47329
1793,-3,-5,-2,0,0,0,1,-5,0.891602,-0.10498,0.329102,0.8125,5.625,0.6875,-0.28032,-1.24505,-2.47329
1813,-7,7,-5,-9,-5,-4,-1,4,0.891602,-0.10498,0.329102,0.8125,5.625,0.6875,-0.28032,-1.24505,-2.47329
1813,1,7,-2,-5,-2,-1,-1,-5,0.891602,-0.10498,0.329102,0.8125,5.625,0.6875,-0.28032,-1.24505,-2.47329
1815,-2,0,0,0,-2,0,-5,-1,0.899902,-0.0883789,0.331055,3.875,6.5625,-0.0625,-0.277035,-1.24209,-2.47544
1815,-2,-2,-2,-1,0,0,-2,2,0.899902,-0.0883789,0.331055,3.875,6.5625,-0.0625,-0.277035,-1.24209,-2.47544
1828,11,-5,1,2,-2,-1,5,-7,0.899902,-0.0883789,0.331055,3.875,6.5625,-0.0625,-0.277035,-1.24209,-2.47544
1828,-12,-4,2,3,-1,3,5,17,0.899902,-0.0883789,0.331055,3.875,6.5625,-0.0625,-0.277035,-1.24209,-2.47544
1835,3,11,-5,-8,-1,-1,-10,-21,0.887695,-0.0766602,0.34375,4.875,5.8125,-2.6875,-0.269518,-1.23915,-2.48138
1835,1,2,-1,4,-1,-1,4,8,0.887695,-0.0766602,0.34375,4.875,5.8125,-2.6875,-0.269518,-1.23915,-2.48138
1851,6,-1,2,0,2,-2,-9,2,0.887695,-0.0766602,0.34375,4.875,5.8125,-2.6875,-0.269518,-1.23915,-2.48138
1851,-2,-2,-2,0,1,1,1,-1,0.887695,-0.0766602,0.34375,4.875,5.8125,-2.6875,-0.269518,-1.23915,-2.48138
1853,-11,-1,2,-2,-3,-3,-3,-9,0.909668,-0.0610352,0.331055,2.5,6.6875,-3.4375,-0.261473,-1.2368,-2.48872
1853,-3,2,-4,-3,-2,-2,-1,2,0.909668,-0.0610352,0.331055,2.5,6.6875,-3.4375,-0.261473,-1.2368,-2.48872
1873,2,3,-4,-3,-1,1,2,-1,0.909668,-0.0610352,0.331055,2.5,6.6875,-3.4375,-0.261473,-1.2368,-2.48872
1873,2,3,0,-2,1,-1,-1,-5,0.909668,-0.0610352,0.331055,2.5,6.6875,-3.4375,-0.261473,-1.2368,-2.48872
1876,11,-2,2,1,0,1,0,21,0.914062,-0.0375977,0.329102,-0.75,7.9375,-5.0625,-0.251331,-1.23429,-2.49921
1876,-10,8,-7,-4,-3,-5,-4,-14,0.914062,-0.0375977,0.329102,-0.75,7.9375,-5.0625,-0.251331,-1.23429,-2.49921
1887,-17,-6,-4,-3,-2,1,-4,-5,0.914062,-0.0375977,0.329102,-0.75,7.9375,-5.0625,-0.251331,-1.23429,-2.49921
1887,-3,-4,-3,-2,-2,-6,-5,-18,0.914062,-0.0375977,0.329102,-0.75,7.9375,-5.0625,-0.251331,-1.23429,-2.49921
1895,9,-14,2,8,1,0,-2,20,0.905273,-0.0546875,0.333496,-7.5,6.25,-6.6875,-0.244128,-1.23232,-2.50948
1895,8,-23,4,6,2,3,35,17,0.905273,-0.0546875,0.333496,-7.5,6.25,-6.6875,-0.244128,-1.23232,-2.50948
1910,0,8,0,-6,1,6,1,8,0.905273,-0.0546875,0.333496,-7.5,6.25,-6.6875,-0.244128,-1.23232,-2.50948
1910,-10,1,-5,-9,-4,-13,-8,-6,0.905273,-0.0546875,0.333496,-7.5,6.25,-6.6875,-0.244128,-1.23232,-2.50948
1912,5,2,-2,-3,-1,4,12,9,0.915039,-0.0878906,0.336914,-5.875,5.5,-6.1875,-0.239356,-1.23048,-2.51677
1912,14,-4,4,2,-2,-5,-28,-5,0.915039,-0.0878906,0.336914,-5.875,5.5,-6.1875,-0.239356,-1.23048,-2.51677
1933,-4,-12,0,3,-1,0,19,-23,0.915039,-0.0878906,0.336914,-5.875,5.5,-6.1875,-0.239356,-1.23048,-2.51677
1933,-7,2,-3,-6,-2,4,-26,-7,0.915039,-0.0878906,0.336914,-5.875,5.5,-6.1875,-0.239356,-1.23048,-2.51677
1935,9,-8,0,0,0,-4,12,-9,0.925293,-0.0810547,0.366211,1.875,6.75,-10.625,-0.226585,-1.22787,-2.52957
1935,-13,-1,-2,0,-4,1,-8,-12,0.925293,-0.0810547,0.366211,1.875,6.75,-10.625,-0.226585,-1.22787,-2.52957
1947,-6,-9,-1,-4,-1,-5,-7,1,0.925293,-0.0810547,0.366211,1.875,6.75,-10.625,-0.226585,-1.22787,-2.52957
1947,-4,-12,-2,0,-2,5,12,9,0.925293,-0.0810547,0.366211,1.875,6.75,-10.625,-0.226585,-1.22787,-2.52957
1956,-3,-6,-3,-3,-3,-7,-10,-26,0.929199,-0.0742188,0.37793,5.3125,9.6875,-10.6875,-0.212073,-1.22417,-2.54283
1956,-4,-5,-1,0,-1,-3,-5,-3,0.929199,-0.0742188,0.37793,5.3125,9.6875,-10.6875,-0.212073,-1.22417,-2.54283
1971,18,-15,0,1,-2,-4,-4,10,0.929199,-0.0742188,0.37793,5.3125,9.6875,-10.6875,-0.212073,-1.22417,-2.54283
1971,12,-7,0,4,1,2,10,2,0.929199,-0.0742188,0.37793,5.3125,9.6875,-10.6875,-0.212073,-1.22417,-2.54283
1972,-40,-1,-4,-4,-4,-4,-5,-4,0.924316,-0.0678711,0.367676,-0.4375,13.0625,-6.3125,-0.203026,-1.21935,-2.55257
1972,7,-8,1,0,1,0,-3,-2,0.924316,-0.0678711,0.367676,-0.4375,13.0625,-6.3125,-0.203026,-1.21935,-2.55257
1993,-9,-10,0,1,-2,-12,1,0,0.924316,-0.0678711,0.367676,-0.4375,13.0625,-6.3125,-0.203026,-1.21935,-2.55257
1993,16,3,-2,-1,-1,9,1,16,0.924316,-0.0678711,0.367676,-0.4375,13.0625,-6.3125,-0.203026,-1.21935,-2.55257
1995,8,1,-2,-4,-2,8,6,-9,0.929199,-0.0419922,0.348145,-4.75,14.3125,-2.1875,-0.198079,-1.21442,-2.55932
1995,-13,-6,-3,-3,-2,-6,-17,-7,0.929199,-0.0419922,0.348145,-4.75,14.3125,-2.1875,-0.198079,-1.21442,-2.55932
2007,5,6,-2,-3,-1,-1,2,1,0.929199,-0.0419922,0.348145,-4.75,14.3125,-2.1875,-0.198079,-1.21442,-2.55932
2007,-11,4,0,1,-1,-4,3,-2,0.929199,-0.0419922,0.348145,-4.75,14.3125,-2.1875,-0.198079,-1.21442,-2.55932
2016,4,-15,-2,3,-1,6,-12,11,0.901367,-0.109375,0.363281,-6.875,13.4375,0.3125,-0.200592,-1.20926,-2.55974
2016,5,-2,-1,-6,-1,-4,14,0,0.901367,-0.109375,0.363281,-6.875,13.4375,0.3125,-0.200592,-1.20926,-2.55974
2031,9,-3,2,6,2,4,-4,5,0.901367,-0.109375,0.363281,-6.875,13.4375,0.3125,-0.200592,-1.20926,-2.55974
2031,2,-2,-1,0,2,-3,4,4,0.901367,-0.109375,0.363281,-6.875,13.4375,0.3125,-0.200592,-1.20926,-2.55974
2033,-29,-1,-5,-5,-1,-1,-7,-15,0.913086,-0.183594,0.357422,0.5,11.0625,8.75,-0.213391,-1.2038,-2.54664
2033,2,-5,1,1,-1,1,1,1,0.913086,-0.183594,0.357422,0.5,11.0625,8.75,-0.213391,-1.2038,-2.54664
2053,-1,-4,0,-3,-2,0,-3,-1,0.913086,-0.183594,0.357422,0.5,11.0625,8.75,-0.213391,-1.2038,-2.54664
2053,8,14,0,-3,-1,-1,-2,1,0.913086,-0.183594,0.357422,0.5,11.0625,8.75,-0.213391,-1.2038,-2.54664
2055,4,5,0,1,0,-5,14,-6,0.929688,-0.189453,0.34082,26.5,8.75,15.3125,-0.223344,-1.1994,-2.52713
2055,-15,-3,-4,-6,-4,-3,-20,-19,0.929688,-0.189453,0.34082,26.5,8.75,15.3125,-0.223344,-1.1994,-2.52713
2067,-5,4,-3,-5,-3,-2,-5,-3,0.929688,-0.189453,0.34082,26.5,8.75,15.3125,-0.223344,-1.1994,-2.52713
2067,0,1,-2,-2,1,2,0,-2,0.929688,-0.189453,0.34082,26.5,8.75,15.3125,-0.223344,-1.1994,-2.52713
2077,14,-4,-1,0,2,-3,1,8,0.927734,-0.0942383,0.308105,41.8125,5.875,16.125,-0.223373,-1.19702,-2.51159
2077,3,-4,3,3,0,1,4,4,0.927734,-0.0942383,0.308105,41.8125,5.875,16.125,-0.223373,-1.19702,-2.51159
2090,1,6,-1,-1,-2,2,2,1,0.927734,-0.0942383,0.308105,41.8125,5.875,16.125,-0.223373,-1.19702,-2.51159
2090,-8,1,0,-1,-2,-4,0,-6,0.927734,-0.0942383,0.308105,41.8125,5.875,16.125,-0.223373,-1.19702,-2.51159
2097,17,2,-1,0,-2,-2,-5,8,0.950195,-0.0249023,0.283691,32.625,3.125,14.5625,-0.221419,-1.19701,-2.50112
2097,-2,5,0,-3,1,1,0,2,0.950195,-0.0249023,0.283691,32.625,3.125,14.5625,-0.221419,-1.19701,-2.50112
2114,-2,4,3,6,2,1,-1,-1,0.950195,-0.0249023,0.283691,32.625,3.125,14.5625,-0.221419,-1.19701,-2.50112
2114,-6,7,-2,-1,-1,-1,-3,-2,0.950195,-0.0249023,0.283691,32.625,3.125,14.5625,-0.221419,-1.19701,-2.50112
2115,7,16,-4,-2,-2,-1,-2,0,0.930176,-0.0112305,0.276855,12.8125,1.1875,12.375,-0.224004,-1.1976,-2.49297
2115,-16,1,-1,2,-1,2,3,-1,0.930176,-0.0112305,0.276855,12.8125,1.1875,12.375,-0.224004,-1.1976,-2.49297
2127,13,1,-2,-4,0,0,1,3,0.930176,-0.0112305,0.276855,12.8125,1.1875,12.375,-0.224004,-1.1976,-2.49297
2127,-6,10,-3,-8,-3,-2,5,-4,0.930176,-0.0112305,0.276855,12.8125,1.1875,12.375,-0.224004,-1.1976,-2.49297
2136,-8,-9,3,2,-2,-1,-13,-2,0.895508,-0.0239258,0.297852,-3.125,-1,5.3125,-0.22707,-1.19908,-2.49068
2136,13,-4,3,6,2,-2,0,3,0.895508,-0.0239258,0.297852,-3.125,-1,5.3125,-0.22707,-1.19908,-2.49068
2150,-8,15,-1,1,-1,0,-3,4,0.895508,-0.0239258,0.297852,-3.125,-1,5.3125,-0.22707,-1.19908,-2.49068
2150,5,15,-4,-6,1,1,-1,-2,0.895508,-0.0239258,0.297852,-3.125,-1,5.3125,-0.22707,-1.19908,-2.49068
2159,2,12,-3,-10,-4,-5,-4,-3,0.905273,-0.0297852,0.307129,-6.375,-4.4375,-3.6875,-0.224366,-1.20158,-2.49539
2159,-8,2,1,8,2,1,3,3,0.905273,-0.0297852,0.307129,-6.375,-4.4375,-3.6875,-0.224366,-1.20158,-2.49539
2174,4,4,-1,-5,-1,-2,-3,-4,0.905273,-0.0297852,0.307129,-6.375,-4.4375,-3.6875,-0.224366,-1.20158,-2.49539
2174,-5,0,2,4,-1,-1,1,-5,0.905273,-0.0297852,0.307129,-6.375,-4.4375,-3.6875,-0.224366,-1.20158,-2.49539
2175,0,2,0,0,-1,-2,2,3,0.931641,-0.00537109,0.30957,-4.875,-4.875,-7.625,-0.215747,-1.20491,-2.50575
2175,-11,0,-6,-4,-3,1,-1,-1,0.931641,-0.00537109,0.30957,-4.875,-4.875,-7.625,-0.215747,-1.20491,-2.50575
2187,3,6,-5,-3,-1,1,0,-1,0.931641,-0.00537109,0.30957,-4.875,-4.875,-7.625,-0.215747,-1.20491,-2.50575
2187,-5,-3,-5,0,-2,0,-1,0,0.931641,-0.00537109,0.30957,-4.875,-4.875,-7.625,-0.215747,-1.20491,-2.50575
2196,-1,-3,2,0,-1,-2,-3,-1,0.917969,-0.0131836,0.317383,-14.375,-3.625,-5.9375,-0.212719,-1.20763,-2.51402
2196,-7,-2,-3,-3,-4,-4,-2,-2,0.917969,-0.0131836,0.317383,-14.375,-3.625,-5.9375,-0.212719,-1.20763,-2.51402
2210,0,5,-3,-6,-2,-1,-3,1,0.917969,-0.0131836,0.317383,-14.375,-3.625,-5.9375,-0.212719,-1.20763,-2.51402
2210,3,2,-1,-3,1,-1,1,-1,0.917969,-0.0131836,0.317383,-14.375,-3.625,-5.9375,-0.212719,-1.20763,-2.51402
2217,11,6,1,8,3,1,1,5,0.929199,-0.0219727,0.333008,-23,-1.1875,-7.5625,-0.21068,-1.20899,-2.52434
2217,8,1,3,4,3,1,1,-5,0.929199,-0.0219727,0.333008,-23,-1.1875,-7.5625,-0.21068,-1.20899,-2.52434
2233,3,-5,-6,0,-4,-2,5,3,0.929199,-0.0219727,0.333008,-23,-1.1875,-7.5625,-0.21068,-1.20899,-2.52434
2233,-27,-6,1,-14,-6,-3,-3,-8,0.929199,-0.0219727,0.333008,-23,-1.1875,-7.5625,-0.21068,-1.20899,-2.52434
2236,10,-11,4,-1,-1,4,-5,1,0.906738,-0.0473633,0.348633,-24.125,2.5625,-5.1875,-0.212049,-1.20828,-2.53152
2236,2,6,0,3,-2,-15,7,-1,0.906738,-0.0473633,0.348633,-24.125,2.5625,-5.1875,-0.212049,-1.20828,-2.53152
2247,10,5,-2,1,-1,-2,-1,-1,0.906738,-0.0473633,0.348633,-24.125,2.5625,-5.1875,-0.212049,-1.20828,-2.53152
2247,-20,-2,-3,2,0,-1,-4,-12,0.906738,-0.0473633,0.348633,-24.125,2.5625,-5.1875,-0.212049,-1.20828,-2.53152
2256,3,-13,-1,-2,-3,-5,0,3,0.889648,-0.0678711,0.343262,-18,5.875,-4.6875,-0.212595,-1.20633,-2.5377
2256,-7,-4,2,-1,-1,5,3,2,0.889648,-0.0678711,0.343262,-18,5.875,-4.6875,-0.212595,-1.20633,-2.5377
2270,7,-8,1,1,1,-1,5,8,0.889648,-0.0678711,0.343262,-18,5.875,-4.6875,-0.212595,-1.20633,-2.5377
2270,1,2,-4,-5,-3,-5,-7,-13,0.889648,-0.0678711,0.343262,-18,5.875,-4.6875,-0.212595,-1.20633,-2.5377
2277,-20,-3,0,0,0,-1,-6,-3,0.871582,-0.0585938,0.378418,-10.5625,11.4375,-6.1875,-0.207121,-1.20172,-2.54709
2277,11,-3,-4,-1,-2,-2,-18,-13,0.871582,-0.0585938,0.378418,-10.5625,11.4375,-6.1875,-0.207121,-1.20172,-2.54709
2293,16,-10,-1,2,-2,-1,12,13,0.871582,-0.0585938,0.378418,-10.5625,11.4375,-6.1875,-0.207121,-1.20172,-2.54709
2293,16,-8,1,2,1,2,8,2,0.871582,-0.0585938,0.378418,-10.5625,11.4375,-6.1875,-0.207121,-1.20172,-2.54709
2295,-3,-13,-3,-2,0,6,22,3,0.875977,-0.0571289,0.380859,-4.9375,15.8125,-3.1875,-0.201922,-1.1957,-2.55443
2295,2,-7,-3,-3,-2,-5,-26,-3,0.875977,-0.0571289,0.380859,-4.9375,15.8125,-3.1875,-0.201922,-1.1957,-2.55443
2307,-35,-4,-5,-9,-2,-7,-31,-21,0.875977,-0.0571289,0.380859,-4.9375,15.8125,-3.1875,-0.201922,-1.1957,-2.55443
2307,-3,-9,-2,2,-1,-2,-3,4,0.875977,-0.0571289,0.380859,-4.9375,15.8125,-3.1875,-0.201922,-1.1957,-2.55443
2316,-1,-17,-5,1,0,-1,13,15,0.848145,-0.0478516,0.379883,-1.5,19.625,1.0625,-0.19801,-1.18803,-2.55896
2316,10,-7,-2,-4,-2,4,20,17,0.848145,-0.0478516,0.379883,-1.5,19.625,1.0625,-0.19801,-1.18803,-2.55896
2330,-14,-20,-1,-4,-1,5,31,17,0.848145,-0.0478516,0.379883,-1.5,19.625,1.0625,-0.19801,-1.18803,-2.55896
2330,-1,5,-2,0,-3,-2,-20,-17,0.848145,-0.0478516,0.379883,-1.5,19.625,1.0625,-0.19801,-1.18803,-2.55896
2337,7,-8,-3,2,0,-2,-4,-6,0.85791,-0.0166016,0.367676,-8.5625,20.5,4.0625,-0.197277,-1.18038,-2.56238
2337,8,-17,5,8,2,5,13,-2,0.85791,-0.0166016,0.367676,-8.5625,20.5,4.0625,-0.197277,-1.18038,-2.56238
2354,-1,10,-1,-2,1,-3,-13,17,0.85791,-0.0166016,0.367676,-8.5625,20.5,4.0625,-0.197277,-1.18038,-2.56238
2354,-5,3,-7,-14,-4,-4,5,-6,0.85791,-0.0166016,0.367676,-8.5625,20.5,4.0625,-0.197277,-1.18038,-2.56238
2355,20,-9,1,4,-1,-1,-13,1,0.862793,-0.0449219,0.352051,-12.75,19.3125,5.625,-0.201627,-1.17362,-2.56222
2355,-28,3,-4,-6,-3,1,-2,-24,0.862793,-0.0449219,0.352051,-12.75,19.3125,5.625,-0.201627,-1.17362,-2.56222
2376,-21,-8,1,3,-2,0,1,-8,0.862793,-0.0449219,0.352051,-12.75,19.3125,5.625,-0.201627,-1.17362,-2.56222
2376,1,-13,1,-1,-2,-2,1,4,0.862793,-0.0449219,0.352051,-12.75,19.3125,5.625,-0.201627,-1.17362,-2.56222
2377,1,15,-1,-1,2,-1,-9,-4,0.873535,-0.0581055,0.360352,-7.875,17.1875,4.875,-0.204272,-1.16738,-2.56205
2377,-2,-17,-1,3,2,2,14,5,0.873535,-0.0581055,0.360352,-7.875,17.1875,4.875,-0.204272,-1.16738,-2.56205
2390,7,-2,7,11,5,8,20,0,0.873535,-0.0581055,0.360352,-7.875,17.1875,4.875,-0.204272,-1.16738,-2.56205
2390,10,12,-5,-5,-1,-3,-7,13,0.873535,-0.0581055,0.360352,-7.875,17.1875,4.875,-0.204272,-1.16738,-2.56205
2397,2,12,-3,-7,-5,-8,-15,-1,0.859863,-0.0893555,0.342773,0.4375,13.25,-1.625,-0.201693,-1.16348,-2.565
2397,2,-6,-5,-6,-4,-12,-57,-18,0.859863,-0.0893555,0.342773,0.4375,13.25,-1.625,-0.201693,-1.16348,-2.565
2414,-40,6,-4,-9,-1,0,-12,-24,0.859863,-0.0893555,0.342773,0.4375,13.25,-1.625,-0.201693,-1.16348,-2.565
2414,11,-5,5,2,2,-1,3,8,0.859863,-0.0893555,0.342773,0.4375,13.25,-1.625,-0.201693,-1.16348,-2.565
2415,-1,9,3,-4,-1,-2,8,10,0.912109,-0.065918,0.358398,4.5625,10.5,-3.875,-0.19535,-1.1608,-2.57007
2415,-2,-3,-3,2,1,4,8,11,0.912109,-0.065918,0.358398,4.5625,10.5,-3.875,-0.19535,-1.1608,-2.57007
2443,9,-9,2,3,1,1,11,12,0.912109,-0.065918,0.358398,4.5625,10.5,-3.875,-0.19535,-1.1608,-2.57007
2443,8,12,-5,-4,-1,-3,-22,1,0.912109,-0.065918,0.358398,4.5625,10.5,-3.875,-0.19535,-1.1608,-2.57007
2445,-1,-7,-2,-4,-2,-5,-10,-11,0.925293,-0.0751953,0.35791,8.6875,9.0625,-5.625,-0.186795,-1.15908,-2.5762
2445,3,-2,1,-4,-2,0,1,-1,0.925293,-0.0751953,0.35791,8.6875,9.0625,-5.625,-0.186795,-1.15908,-2.5762
2451,4,10,-7,0,0,1,2,0,0.925293,-0.0751953,0.35791,8.6875,9.0625,-5.625,-0.186795,-1.15908,-2.5762
2451,-5,-13,4,2,2,5,27,10,0.925293,-0.0751953,0.35791,8.6875,9.0625,-5.625,-0.186795,-1.15908,-2.5762
2453,-8,5,3,5,0,2,-1,-37,0.923828,-0.10791,0.359375,2.875,7.8125,0.0625,-0.187289,-1.15707,-2.57509
2453,-1,-7,1,2,-2,-1,22,39,0.923828,-0.10791,0.359375,2.875,7.8125,0.0625,-0.187289,-1.15707,-2.57509
2473,7,19,1,-5,-5,-7,-25,-41,0.923828,-0.10791,0.359375,2.875,7.8125,0.0625,-0.187289,-1.15707,-2.57509
2473,-4,13,-16,-5,-5,-4,-11,4,0.923828,-0.10791,0.359375,2.875,7.8125,0.0625,-0.187289,-1.15707,-2.57509
2475,-9,-3,4,-8,-3,-1,-2,8,0.899902,-0.0874023,0.368652,-4.375,8.4375,4.4375,-0.19191,-1.1542,-2.57179
2475,-11,-8,3,3,2,5,10,-21,0.899902,-0.0874023,0.368652,-4.375,8.4375,4.4375,-0.19191,-1.1542,-2.57179
2496,13,15,1,-4,0,2,10,-6,0.899902,-0.0874023,0.368652,-4.375,8.4375,4.4375,-0.19191,-1.1542,-2.57179
2496,-13,-4,0,9,1,9,25,4,0.899902,-0.0874023,0.368652,-4.375,8.4375,4.4375,-0.19191,-1.1542,-2.57179
2497,-3,30,-10,-11,-8,-14,-52,8,0.876953,-0.100098,0.396973,-4.25,9.625,3.125,-0.195641,-1.15031,-2.56955
2497,2,-8,-5,-7,-4,-2,5,-6,0.876953,-0.100098,0.396973,-4.25,9.625,3.125,-0.195641,-1.15031,-2.56955
2511,8,15,3,-4,0,-7,-32,5,0.876953,-0.100098,0.396973,-4.25,9.625,3.125,-0.195641,-1.15031,-2.56955
2511,-2,-5,5,11,5,5,17,-20,0.876953,-0.100098,0.396973,-4.25,9.625,3.125,-0.195641,-1.15031,-2.56955
2518,-6,-7,-4,13,7,7,18,-23,0.885742,-0.119629,0.418457,-1.0625,9.875,-0.1875,-0.196596,-1.14626,-2.56937
2518,9,20,4,1,-1,-3,-12,-5,0.885742,-0.119629,0.418457,-1.0625,9.875,-0.1875,-0.196596,-1.14626,-2.56937
2533,-8,-21,-3,-3,-2,5,22,22,0.885742,-0.119629,0.418457,-1.0625,9.875,-0.1875,-0.196596,-1.14626,-2.56937
2533,3,17,-3,-14,-3,-3,3,5,0.885742,-0.119629,0.418457,-1.0625,9.875,-0.1875,-0.196596,-1.14626,-2.56937
2535,-11,11,-1,-4,-5,1,-1,-15,0.913574,-0.119629,0.40332,3.125,9.875,0.1875,-0.196289,-1.1428,-2.56889
2535,3,-17,-2,-1,-3,0,11,22,0.913574,-0.119629,0.40332,3.125,9.875,0.1875,-0.196289,-1.1428,-2.56889
2555,9,12,0,3,3,-6,-33,-15,0.913574,-0.119629,0.40332,3.125,9.875,0.1875,-0.196289,-1.1428,-2.56889
2555,7,3,0,9,3,-3,-7,49,0.913574,-0.119629,0.40332,3.125,9.875,0.1875,-0.196289,-1.1428,-2.56889
2563,-12,-9,-6,-5,-2,4,13,23,0.95752,-0.09375,0.421875,4,12.375,0.5,-0.194085,-1.13882,-2.56995
2563,-9,0,-2,-7,-7,-9,22,-24,0.95752,-0.09375,0.421875,4,12.375,0.5,-0.194085,-1.13882,-2.56995
2571,-14,-2,4,-8,1,6,-13,1,0.95752,-0.09375,0.421875,4,12.375,0.5,-0.194085,-1.13882,-2.56995
2571,11,1,-6,-3,-9,-12,-1,4,0.95752,-0.09375,0.421875,4,12.375,0.5,-0.194085,-1.13882,-2.56995
2577,18,8,-9,2,1,-9,-27,-17,0.958496,-0.118164,0.432617,-1.125,17.8125,4.375,-0.19687,-1.13215,-2.56746
2577,-10,2,6,6,4,2,4,16,0.958496,-0.118164,0.432617,-1.125,17.8125,4.375,-0.19687,-1.13215,-2.56746
2593,11,-27,-1,3,3,5,24,6,0.958496,-0.118164,0.432617,-1.125,17.8125,4.375,-0.19687,-1.13215,-2.56746
2593,-7,32,4,-8,-1,-1,-22,-32,0.958496,-0.118164,0.432617,-1.125,17.8125,4.375,-0.19687,-1.13215,-2.56746
2594,9,13,-1,7,-8,-5,18,19,0.93457,-0.0976562,0.4375,2.5,19.75,8.4375,-0.199737,-1.12476,-2.56339
2594,-32,-55,-10,-22,-7,-4,-23,-24,0.93457,-0.0976562,0.4375,2.5,19.75,8.4375,-0.199737,-1.12476,-2.56339
2616,-17,26,-30,-9,-14,-11,-6,-8,0.93457,-0.0976562,0.4375,2.5,19.75,8.4375,-0.199737,-1.12476,-2.56339
2616,-9,-29,28,-7,0,5,10,-14,0.93457,-0.0976562,0.4375,2.5,19.75,8.4375,-0.199737,-1.12476,-2.56339
2617,-16,9,16,1,2,2,-1,6,0.902832,-0.145996,0.469238,8.6875,24.5625,12.5,-0.204635,-1.1145,-2.55522
2617,17,41,-3,18,7,4,-5,16,0.902832,-0.145996,0.469238,8.6875,24.5625,12.5,-0.204635,-1.1145,-2.55522
2630,-7,-34,-24,-6,-4,-4,1,-7,0.902832,-0.145996,0.469238,8.6875,24.5625,12.5,-0.204635,-1.1145,-2.55522
2630,20,17,-3,-1,2,5,3,6,0.902832,-0.145996,0.469238,8.6875,24.5625,12.5,-0.204635,-1.1145,-2.55522
2639,2,-49,-18,-2,-5,-5,8,-2,0.894531,-0.145996,0.453125,8.125,27.1875,22.125,-0.215643,-1.10331,-2.54049
2639,-1,-9,30,7,3,2,-7,2,0.894531,-0.145996,0.453125,8.125,27.1875,22.125,-0.215643,-1.10331,-2.54049
2653,11,-2,-2,-4,-1,0,-4,-6,0.894531,-0.145996,0.453125,8.125,27.1875,22.125,-0.215643,-1.10331,-2.54049
2653,5,46,-6,8,2,3,-1,-18,0.894531,-0.145996,0.453125,8.125,27.1875,22.125,-0.215643,-1.10331,-2.54049
2655,-3,21,13,2,5,3,4,-4,0.900879,-0.0297852,0.47168,4.125,32.125,20.5625,-0.219109,-1.09081,-2.53396
2655,10,-40,-25,4,3,0,-11,-4,0.900879,-0.0297852,0.47168,4.125,32.125,20.5625,-0.219109,-1.09081,-2.53396
2676,10,-73,20,-9,-11,-6,3,6,0.900879,-0.0297852,0.47168,4.125,32.125,20.5625,-0.219109,-1.09081,-2.53396
2676,-8,-42,15,-12,-8,-8,-7,0,0.900879,-0.0297852,0.47168,4.125,32.125,20.5625,-0.219109,-1.09081,-2.53396
2678,-53,11,20,-5,-2,-3,2,-11,0.812012,-0.0678711,0.466309,4.5625,31,21.875,-0.225266,-1.07765,-2.52465
2678,17,8,-6,9,0,0,3,2,0.812012,-0.0678711,0.466309,4.5625,31,21.875,-0.225266,-1.07765,-2.52465
2689,3,22,13,13,4,3,3,7,0.812012,-0.0678711,0.466309,4.5625,31,21.875,-0.225266,-1.07765,-2.52465
2689,2,43,-23,-15,-10,-10,-10,-10,0.812012,-0.0678711,0.466309,4.5625,31,21.875,-0.225266,-1.07765,-2.52465
2698,23,-41,-16,5,0,3,4,3,0.825684,-0.11377,0.455078,-8.3125,27.8125,24.75,-0.239554,-1.066,-2.51162
2698,-5,43,-23,1,7,0,-1,6,0.825684,-0.11377,0.455078,-8.3125,27.8125,24.75,-0.239554,-1.066,-2.51162
2713,-1,-86,70,-7,3,3,-2,-3,0.825684,-0.11377,0.455078,-8.3125,27.8125,24.75,-0.239554,-1.066,-2.51162
2713,-5,23,14,12,0,-2,3,1,0.825684,-0.11377,0.455078,-8.3125,27.8125,24.75,-0.239554,-1.066,-2.51162
2721,14,58,-23,3,2,2,2,13,0.827148,-0.126465,0.443848,9.3125,23.0625,30.625,-0.251939,-1.05573,-2.49393
2721,-13,50,-5,-8,-8,-4,-1,-4,0.827148,-0.126465,0.443848,9.3125,23.0625,30.625,-0.251939,-1.05573,-2.49393
2736,17,4,-62,-1,3,4,3,14,0.827148,-0.126465,0.443848,9.3125,23.0625,30.625,-0.251939,-1.05573,-2.49393
2736,-49,-48,60,-19,-14,-10,-11,-12,0.827148,-0.126465,0.443848,9.3125,23.0625,30.625,-0.251939,-1.05573,-2.49393
2737,28,-2,-34,7,2,0,3,-1,0.813477,-0.0380859,0.424316,3.625,18.6875,33.0625,-0.263553,-1.04755,-2.47812
2737,1,-38,36,-1,-3,-1,-3,-1,0.813477,-0.0380859,0.424316,3.625,18.6875,33.0625,-0.263553,-1.04755,-2.47812
2749,4,95,-48,14,12,9,4,5,0.813477,-0.0380859,0.424316,3.625,18.6875,33.0625,-0.263553,-1.04755,-2.47812
2749,-37,-24,18,-5,-3,-1,-3,-4,0.813477,-0.0380859,0.424316,3.625,18.6875,33.0625,-0.263553,-1.04755,-2.47812
2759,27,26,-50,-1,2,3,2,-7,0.81543,-0.0869141,0.419434,-7.8125,17.5,28.125,-0.27825,-1.04001,-2.46362
2759,2,-56,3,-6,-2,0,-7,-7,0.81543,-0.0869141,0.419434,-7.8125,17.5,28.125,-0.27825,-1.04001,-2.46362
2773,-15,10,10,-7,-14,-14,2,1,0.81543,-0.0869141,0.419434,-7.8125,17.5,28.125,-0.27825,-1.04001,-2.46362
2773,16,12,-23,11,5,1,-14,-12,0.81543,-0.0869141,0.419434,-7.8125,17.5,28.125,-0.27825,-1.04001,-2.46362
2775,9,23,18,4,2,3,2,5,0.812988,-0.197754,0.443359,1.1875,16.625,28.3125,-0.293926,-1.03165,-2.44576
2775,2,29,-38,-1,0,1,2,8,0.812988,-0.197754,0.443359,1.1875,16.625,28.3125,-0.293926,-1.03165,-2.44576
2796,-20,48,28,-2,0,-2,-3,-19,0.812988,-0.197754,0.443359,1.1875,16.625,28.3125,-0.293926,-1.03165,-2.44576
2796,34,-25,-17,10,7,6,7,-12,0.812988,-0.197754,0.443359,1.1875,16.625,28.3125,-0.293926,-1.03165,-2.44576
2798,-41,-93,0,-7,-6,-1,0,6,0.844727,-0.214844,0.458008,11.0625,14.4375,26.9375,-0.305678,-1.02446,-2.42857
2798,23,21,9,-4,-4,-3,-3,0,0.844727,-0.214844,0.458008,11.0625,14.4375,26.9375,-0.305678,-1.02446,-2.42857
2809,-12,-10,11,-7,-8,-2,0,7,0.844727,-0.214844,0.458008,11.0625,14.4375,26.9375,-0.305678,-1.02446,-2.42857
2809,8,21,-31,-5,1,1,-1,-19,0.844727,-0.214844,0.458008,11.0625,14.4375,26.9375,-0.305678,-1.02446,-2.42857
2819,-17,-15,23,5,5,4,4,-7,0.850586,-0.149902,0.477051,22.5625,15.375,25.0625,-0.308752,-1.01709,-2.41571
2819,-17,-20,12,5,1,-2,-4,-4,0.850586,-0.149902,0.477051,22.5625,15.375,25.0625,-0.308752,-1.01709,-2.41571
2833,3,3,-4,-1,-1,0,1,19,0.850586,-0.149902,0.477051,22.5625,15.375,25.0625,-0.308752,-1.01709,-2.41571
2833,25,13,-19,-2,5,0,6,27,0.850586,-0.149902,0.477051,22.5625,15.375,25.0625,-0.308752,-1.01709,-2.41571
2840,23,-22,28,0,-3,1,3,7,0.84375,-0.120605,0.494141,11.6875,16.375,22.6875,-0.312128,-1.00969,-2.40634
2840,-28,44,2,-5,-4,-2,5,16,0.84375,-0.120605,0.494141,11.6875,16.375,22.6875,-0.312128,-1.00969,-2.40634
2856,-12,20,-12,-3,-4,-6,-13,-21,0.84375,-0.120605,0.494141,11.6875,16.375,22.6875,-0.312128,-1.00969,-2.40634
2856,7,-42,-44,0,2,2,-4,14,0.84375,-0.120605,0.494141,11.6875,16.375,22.6875,-0.312128,-1.00969,-2.40634
2858,-7,21,35,-4,-1,-2,1,-10,0.829102,-0.135254,0.528809,1.1875,16.75,19.125,-0.317295,-1.00186,-2.3993
2858,14,7,4,-6,-7,-3,-6,-8,0.829102,-0.135254,0.528809,1.1875,16.75,19.125,-0.317295,-1.00186,-2.3993
2870,39,-6,-22,-2,-1,1,6,35,0.829102,-0.135254,0.528809,1.1875,16.75,19.125,-0.317295,-1.00186,-2.3993
2870,-69,9,2,-4,1,1,-1,-17,0.829102,-0.135254,0.528809,1.1875,16.75,19.125,-0.317295,-1.00186,-2.3993
2878,25,6,-7,1,-2,-3,-3,16,0.828613,-0.20752,0.568359,-4.875,15.5625,13.875,-0.324195,-0.993715,-2.3933
2878,21,6,-1,1,-1,-1,0,-11,0.828613,-0.20752,0.568359,-4.875,15.5625,13.875,-0.324195,-0.993715,-2.3933
2893,-7,-1,20,-1,-1,0,-2,-1,0.828613,-0.20752,0.568359,-4.875,15.5625,13.875,-0.324195,-0.993715,-2.3933
2893,-5,35,-26,-3,-3,-3,-7,-14,0.828613,-0.20752,0.568359,-4.875,15.5625,13.875,-0.324195,-0.993715,-2.3933
2895,-33,2,3,-16,-10,-7,-4,1,0.835938,-0.215332,0.583008,-7.25,14.375,12.0625,-0.330957,-0.986178,-2.38844
2895,-36,-8,-64,-1,2,0,-3,-4,0.835938,-0.215332,0.583008,-7.25,14.375,12.0625,-0.330957,-0.986178,-2.38844
2916,37,-17,15,2,2,2,-9,-2,0.835938,-0.215332,0.583008,-7.25,14.375,12.0625,-0.330957,-0.986178,-2.38844
2916,66,-37,22,5,9,11,21,44,0.835938,-0.215332,0.583008,-7.25,14.375,12.0625,-0.330957,-0.986178,-2.38844
2918,-66,13,8,9,1,-6,-10,-48,0.845703,-0.172852,0.649414,5.75,10.8125,5.4375,-0.327845,-0.979979,-2.3891
2918,-50,-25,18,10,6,-2,-1,-17,0.845703,-0.172852,0.649414,5.75,10.8125,5.4375,-0.327845,-0.979979,-2.3891
2930,16,40,-10,-9,-1,1,0,-6,0.845703,-0.172852,0.649414,5.75,10.8125,5.4375,-0.327845,-0.979979,-2.3891
2930,-16,-32,15,-3,-9,0,2,29,0.845703,-0.172852,0.649414,5.75,10.8125,5.4375,-0.327845,-0.979979,-2.3891
2939,7,-10,47,-7,-12,-6,9,-21,0.844238,-0.12207,0.698242,23.75,7.1875,1.75,-0.314812,-0.974705,-2.39303
2939,71,14,-17,-12,1,2,4,-11,0.844238,-0.12207,0.698242,23.75,7.1875,1.75,-0.314812,-0.974705,-2.39303
2953,-68,51,16,0,-6,-16,-36,-20,0.844238,-0.12207,0.698242,23.75,7.1875,1.75,-0.314812,-0.974705,-2.39303
2953,52,-6,9,-22,-7,-2,-5,-5,0.844238,-0.12207,0.698242,23.75,7.1875,1.75,-0.314812,-0.974705,-2.39303
2956,15,-19,38,16,4,15,30,28,0.902344,-0.0859375,0.724121,7.9375,4.5,0.9375,-0.30579,-0.971102,-2.39829
2956,-73,27,-46,-7,2,-8,-13,-38,0.902344,-0.0859375,0.724121,7.9375,4.5,0.9375,-0.30579,-0.971102,-2.39829
2976,25,7,9,16,11,-1,17,-6,0.902344,-0.0859375,0.724121,7.9375,4.5,0.9375,-0.30579,-0.971102,-2.39829
2976,43,18,11,6,-14,-6,5,14,0.902344,-0.0859375,0.724121,7.9375,4.5,0.9375,-0.30579,-0.971102,-2.39829
2977,-22,19,-60,-45,-34,-3,-2,0,0.965332,-0.120117,0.771484,-10.875,1.4375,1.875,-0.305133,-0.968207,-2.40173
2977,27,18,-47,-34,18,8,8,31,0.965332,-0.120117,0.771484,-10.875,1.4375,1.875,-0.305133,-0.968207,-2.40173
2989,-1,-11,72,64,43,18,20,18,0.965332,-0.120117,0.771484,-10.875,1.4375,1.875,-0.305133,-0.968207,-2.40173
2989,4,-21,-35,22,14,1,-16,-2,0.965332,-0.120117,0.771484,-10.875,1.4375,1.875,-0.305133,-0.968207,-2.40173
2998,5,-74,5,9,-14,3,45,17,1.06641,-0.178711,0.719727,-23.375,-4.75,-0.8125,-0.311279,-0.969509,-2.40311
2998,9,32,29,-30,-22,-18,-46,-13,1.06641,-0.178711,0.719727,-23.375,-4.75,-0.8125,-0.311279,-0.969509,-2.40311
3013,17,44,8,-29,-17,-18,-31,-7,1.06641,-0.178711,0.719727,-23.375,-4.75,-0.8125,-0.311279,-0.969509,-2.40311
3013,-124,-21,2,4,-4,9,24,-50,1.06641,-0.178711,0.719727,-23.375,-4.75,-0.8125,-0.311279,-0.969509,-2.40311
3015,33,18,26,-30,-28,-25,-18,2,1.04053,-0.29834,0.706055,-26.5625,-10.3125,14.25,-0.331558,-0.970452,-2.39085
3015,90,-26,-34,-4,6,-6,-38,58,1.04053,-0.29834,0.706055,-26.5625,-10.3125,14.25,-0.331558,-0.970452,-2.39085
3036,-124,-18,-20,5,12,4,5,-59,1.04053,-0.29834,0.706055,-26.5625,-10.3125,14.25,-0.331558,-0.970452,-2.39085
3036,110,-27,-3,44,31,19,63,54,1.04053,-0.29834,0.706055,-26.5625,-10.3125,14.25,-0.331558,-0.970452,-2.39085
3038,-29,45,1,-12,-19,-11,-37,-9,1.03711,-0.219238,0.694336,7.0625,-18.375,13.3125,-0.337488,-0.974402,-2.38014
3038,15,-25,87,-53,-55,-38,-11,-28,1.03711,-0.219238,0.694336,7.0625,-18.375,13.3125,-0.337488,-0.974402,-2.38014
3049,67,13,-47,-25,-10,0,-26,44,1.03711,-0.219238,0.694336,7.0625,-18.375,13.3125,-0.337488,-0.974402,-2.38014
3049,61,-7,-27,-25,17,18,-2,46,1.03711,-0.219238,0.694336,7.0625,-18.375,13.3125,-0.337488,-0.974402,-2.38014
3058,127,-50,6,8,56,19,35,25,1.09082,-0.157227,0.597168,18.25,-16.4375,5.6875,-0.334481,-0.98135,-2.37511
3058,-14,-6,66,86,-8,11,27,-16,1.09082,-0.157227,0.597168,18.25,-16.4375,5.6875,-0.334481,-0.98135,-2.37511
3073,39,-75,-92,-97,31,8,32,-10,1.09082,-0.157227,0.597168,18.25,-16.4375,5.6875,-0.334481,-0.98135,-2.37511
3073,12,48,77,118,38,29,48,41,1.09082,-0.157227,0.597168,18.25,-16.4375,5.6875,-0.334481,-0.98135,-2.37511
3080,59,10,8,-72,-38,-16,-32,51,1.11768,-0.223633,0.429688,7.0625,-14.5625,12.5625,-0.343789,-0.99007,-2.3622
3080,-55,-12,-58,15,82,15,-7,-11,1.11768,-0.223633,0.429688,7.0625,-14.5625,12.5625,-0.343789,-0.99007,-2.3622
3096,64,-52,91,97,3,9,42,-19,1.11768,-0.223633,0.429688,7.0625,-14.5625,12.5625,-0.343789,-0.99007,-2.3622
3096,82,37,-32,-91,-23,-12,-19,55,1.11768,-0.223633,0.429688,7.0625,-14.5625,12.5625,-0.343789,-0.99007,-2.3622
3097,-90,26,-32,-29,-57,-45,-85,-94,1.34814,-0.280762,0.328613,9,-4.5625,25.625,-0.360749,-0.998039,-2.34043
3097,-25,-26,21,-78,-68,-5,26,-5,1.34814,-0.280762,0.328613,9,-4.5625,25.625,-0.360749,-0.998039,-2.34043
3119,71,-40,22,23,-31,-1,75,58,1.34814,-0.280762,0.328613,9,-4.5625,25.625,-0.360749,-0.998039,-2.34043
3119,-34,16,-27,44,47,2,-53,-23,1.34814,-0.280762,0.328613,9,-4.5625,25.625,-0.360749,-0.998039,-2.34043
3121,71,-51,18,0,53,21,22,45,1.23047,-0.0424805,0.294922,31.5625,12.0625,34.3125,-0.361889,-1.00031,-2.32499
3121,24,-47,-64,-48,-40,-2,22,-21,1.23047,-0.0424805,0.294922,31.5625,12.0625,34.3125,-0.361889,-1.00031,-2.32499
3141,58,-12,44,6,-45,-8,-2,22,1.23047,-0.0424805,0.294922,31.5625,12.0625,34.3125,-0.361889,-1.00031,-2.32499
3141,-41,-2,101,14,7,-24,-24,-5,1.23047,-0.0424805,0.294922,31.5625,12.0625,34.3125,-0.361889,-1.00031,-2.32499
3143,12,-15,-40,28,59,71,60,11,1.18115,0.215332,0.421875,5.8125,30.875,11.8125,-0.344331,-0.997913,-2.33803
3143,67,21,14,56,115,15,26,-2,1.18115,0.215332,0.421875,5.8125,30.875,11.8125,-0.344331,-0.997913,-2.33803
3156,38,-3,-6,16,-6,-3,-6,16,1.18115,0.215332,0.421875,5.8125,30.875,11.8125,-0.344331,-0.997913,-2.33803
3156,-108,55,-11,14,-82,-70,-45,-70,1.18115,0.215332,0.421875,5.8125,30.875,11.8125,-0.344331,-0.997913,-2.33803
3157,25,-8,-43,-19,-35,-8,-10,19,1.22363,0.0844727,0.591797,-23,43.6875,16.375,-0.340265,-0.987227,-2.34784
3157,118,-83,93,-16,-29,4,28,17,1.22363,0.0844727,0.591797,-23,43.6875,16.375,-0.340265,-0.987227,-2.34784
3169,-118,61,-101,-106,-33,-19,-18,23,1.22363,0.0844727,0.591797,-23,43.6875,16.375,-0.340265,-0.987227,-2.34784
3169,16,7,-28,-62,-53,-16,-40,-49,1.22363,0.0844727,0.591797,-23,43.6875,16.375,-0.340265,-0.987227,-2.34784
3186,17,-83,39,80,92,21,25,5,1.10645,-0.00732422,0.64209,8.9375,52.375,23.75,-0.330984,-0.970215,-2.35196
3186,36,32,0,54,7,6,-23,38,1.10645,-0.00732422,0.64209,8.9375,52.375,23.75,-0.330984,-0.970215,-2.35196
3201,-35,30,49,-28,3,-26,-59,-93,1.10645,-0.00732422,0.64209,8.9375,52.375,23.75,-0.330984,-0.970215,-2.35196
3201,-23,-62,-54,-41,-34,3,16,1,1.10645,-0.00732422,0.64209,8.9375,52.375,23.75,-0.330984,-0.970215,-2.35196
3202,-46,85,4,-42,-61,-25,9,-67,0.963867,-0.0952148,0.655273,33.375,54.5625,20.0625,-0.315347,-0.950733,-2.355
3202,-71,52,102,74,71,12,-19,-12,0.963867,-0.0952148,0.655273,33.375,54.5625,20.0625,-0.315347,-0.950733,-2.355
3216,-33,-18,-42,73,58,14,-15,3,0.963867,-0.0952148,0.655273,33.375,54.5625,20.0625,-0.315347,-0.950733,-2.355
3216,22,9,56,-10,-16,3,27,15,0.963867,-0.0952148,0.655273,33.375,54.5625,20.0625,-0.315347,-0.950733,-2.355
3217,-34,-21,-42,-20,-35,-13,-19,-56,0.777344,-0.262695,0.625977,27.625,49.5625,27.75,-0.313271,-0.92939,-2.3465
3217,-7,20,-16,-41,-38,-10,-5,33,0.777344,-0.262695,0.625977,27.625,49.5625,27.75,-0.313271,-0.92939,-2.3465
3230,1,12,21,-21,8,6,-2,-1,0.777344,-0.262695,0.625977,27.625,49.5625,27.75,-0.313271,-0.92939,-2.3465
3230,-19,-37,8,41,6,11,17,-7,0.777344,-0.262695,0.625977,27.625,49.5625,27.75,-0.313271,-0.92939,-2.3465
3239,-40,28,-28,-30,-4,-14,-18,-17,0.744141,-0.335449,0.552734,14.6875,43,26.25,-0.319309,-0.911252,-2.33522
3239,-16,13,-2,3,-11,10,8,-31,0.744141,-0.335449,0.552734,14.6875,43,26.25,-0.319309,-0.911252,-2.33522
3253,-42,8,-5,14,6,-15,-15,15,0.744141,-0.335449,0.552734,14.6875,43,26.25,-0.319309,-0.911252,-2.33522
3253,46,-46,3,-52,0,9,13,-22,0.744141,-0.335449,0.552734,14.6875,43,26.25,-0.319309,-0.911252,-2.33522
3267,-13,20,92,55,62,12,32,71,0.750977,-0.282227,0.514648,11.3125,35.875,11.375,-0.319423,-0.898518,-2.33201
3267,9,50,-62,-17,-27,-19,-57,-9,0.750977,-0.282227,0.514648,11.3125,35.875,11.375,-0.319423,-0.898518,-2.33201
3276,39,-2,86,-12,-27,7,2,-6,0.750977,-0.282227,0.514648,11.3125,35.875,11.375,-0.319423,-0.898518,-2.33201
3276,74,-17,21,23,2,-2,-23,-38,0.750977,-0.282227,0.514648,11.3125,35.875,11.375,-0.319423,-0.898518,-2.33201
3277,-91,-6,65,-34,-1,-1,-10,-9,0.699219,-0.160645,0.440918,8.4375,29.8125,-3.1875,-0.311779,-0.890631,-2.33832
3277,-13,12,-11,10,12,7,37,10,0.699219,-0.160645,0.440918,8.4375,29.8125,-3.1875,-0.311779,-0.890631,-2.33832
3290,57,25,-2,5,-6,7,2,22,0.699219,-0.160645,0.440918,8.4375,29.8125,-3.1875,-0.311779,-0.890631,-2.33832
3290,-12,2,-4,-13,-8,-13,-1,-19,0.699219,-0.160645,0.440918,8.4375,29.8125,-3.1875,-0.311779,-0.890631,-2.33832
3299,55,-21,11,36,-3,9,7,25,0.679688,-0.257324,0.44873,-10,20.875,-7.8125,-0.313431,-0.88553,-2.34282
3299,-7,14,21,-24,-27,-10,-6,0,0.679688,-0.257324,0.44873,-10,20.875,-7.8125,-0.313431,-0.88553,-2.34282
3313,-38,-18,-81,-20,7,-8,-16,-33,0.679688,-0.257324,0.44873,-10,20.875,-7.8125,-0.313431,-0.88553,-2.34282
3313,17,-3,18,3,17,-1,35,28,0.679688,-0.257324,0.44873,-10,20.875,-7.8125,-0.313431,-0.88553,-2.34282
3320,48,4,104,-9,1,5,-61,-20,0.679199,-0.236328,0.471191,-5.6875,15.75,-11.1875,-0.311982,-0.882132,-2.34881
3320,-92,1,-107,56,42,17,21,-39,0.679199,-0.236328,0.471191,-5.6875,15.75,-11.1875,-0.311982,-0.882132,-2.34881
3336,-27,27,62,31,13,4,-4,-4,0.679199,-0.236328,0.471191,-5.6875,15.75,-11.1875,-0.311982,-0.882132,-2.34881
3336,-3,20,82,-11,14,9,-9,12,0.679199,-0.236328,0.471191,-5.6875,15.75,-11.1875,-0.311982,-0.882132,-2.34881
3337,22,-36,-90,11,-35,-8,13,-16,0.608887,-0.14502,0.496094,-12.4375,15.6875,-25.1875,-0.303704,-0.879376,-2.36503
3337,64,16,47,-87,-103,-32,22,43,0.608887,-0.14502,0.496094,-12.4375,15.6875,-25.1875,-0.303704,-0.879376,-2.36503
3359,6,-35,-74,31,73,11,-33,-5,0.608887,-0.14502,0.496094,-12.4375,15.6875,-25.1875,-0.303704,-0.879376,-2.36503
3359,-14,44,-124,41,58,21,-20,15,0.608887,-0.14502,0.496094,-12.4375,15.6875,-25.1875,-0.303704,-0.879376,-2.36503
3361,-44,14,-7,9,-21,-17,-14,-20,0.614746,-0.197754,0.520996,-25.3125,14.125,-21.0625,-0.303676,-0.876026,-2.3773
3361,55,-2,20,-32,-53,-11,12,4,0.614746,-0.197754,0.520996,-25.3125,14.125,-21.0625,-0.303676,-0.876026,-2.3773
3373,22,-14,-1,-77,-55,-4,5,-26,0.614746,-0.197754,0.520996,-25.3125,14.125,-21.0625,-0.303676,-0.876026,-2.3773
3373,14,-4,-3,-40,-38,-16,-9,12,0.614746,-0.197754,0.520996,-25.3125,14.125,-21.0625,-0.303676,-0.876026,-2.3773
3388,-47,20,-49,30,68,4,0,3,0.647949,-0.257324,0.600098,-26.625,17.75,-19.25,-0.305418,-0.870051,-2.38827
3388,-19,1,55,79,72,35,15,14,0.647949,-0.257324,0.600098,-26.625,17.75,-19.25,-0.305418,-0.870051,-2.38827
3396,-62,6,65,60,-6,9,22,-10,0.647949,-0.257324,0.600098,-26.625,17.75,-19.25,-0.305418,-0.870051,-2.38827
3396,-5,-1,-13,-25,-15,-12,-39,5,0.647949,-0.257324,0.600098,-26.625,17.75,-19.25,-0.305418,-0.870051,-2.38827
3397,18,3,-91,-100,-97,-30,-14,-12,0.541504,-0.283203,0.619629,-31.3125,23.9375,-20.375,-0.308419,-0.860345,-2.40037
3397,21,-45,61,42,52,-1,-2,8,0.541504,-0.283203,0.619629,-31.3125,23.9375,-20.375,-0.308419,-0.860345,-2.40037
3418,-12,18,56,80,49,44,45,-10,0.541504,-0.283203,0.619629,-31.3125,23.9375,-20.375,-0.308419,-0.860345,-2.40037
3418,-18,28,-5,-7,-29,-9,-14,1,0.541504,-0.283203,0.619629,-31.3125,23.9375,-20.375,-0.308419,-0.860345,-2.40037
3420,7,-9,-62,-62,-34,-10,10,10,0.539062,-0.23584,0.625488,-36.5625,29.9375,-19.875,-0.311226,-0.849051,-2.41449
3420,40,-38,27,-17,13,-2,22,45,0.539062,-0.23584,0.625488,-36.5625,29.9375,-19.875,-0.311226,-0.849051,-2.41449
3432,-9,-2,45,31,41,-6,-37,-51,0.539062,-0.23584,0.625488,-36.5625,29.9375,-19.875,-0.311226,-0.849051,-2.41449
3432,0,43,-28,-19,-5,-28,-39,-16,0.539062,-0.23584,0.625488,-36.5625,29.9375,-19.875,-0.311226,-0.849051,-2.41449
3441,-6,-11,1,34,-5,9,21,10,0.623047,-0.217285,0.644531,-37.125,36.75,-11.625,-0.315559,-0.835953,-2.42609
3441,-35,-13,-21,-92,-59,-17,-1,3,0.623047,-0.217285,0.644531,-37.125,36.75,-11.625,-0.315559,-0.835953,-2.42609
3456,53,-7,-30,-37,-58,-7,-10,-1,0.623047,-0.217285,0.644531,-37.125,36.75,-11.625,-0.315559,-0.835953,-2.42609
3456,23,-28,67,-13,55,24,34,14,0.623047,-0.217285,0.644531,-37.125,36.75,-11.625,-0.315559,-0.835953,-2.42609
3458,-40,15,97,118,93,12,21,27,0.620605,-0.166504,0.681641,-31.625,45.6875,-7.0625,-0.316633,-0.819282,-2.43828
3458,-3,20,-7,29,15,0,-42,-30,0.620605,-0.166504,0.681641,-31.625,45.6875,-7.0625,-0.316633,-0.819282,-2.43828
3486,15,-7,41,-98,-92,-37,-4,21,0.620605,-0.166504,0.681641,-31.625,45.6875,-7.0625,-0.316633,-0.819282,-2.43828
3486,-39,-22,-81,-74,-47,-3,-9,-9,0.620605,-0.166504,0.681641,-31.625,45.6875,-7.0625,-0.316633,-0.819282,-2.43828
3488,10,-9,59,56,17,4,10,-8,0.561523,-0.14502,0.670898,-28.625,53.9375,-4.1875,-0.316522,-0.799427,-2.45062
3488,-32,9,-12,66,81,23,21,-29,0.561523,-0.14502,0.670898,-28.625,53.9375,-4.1875,-0.316522,-0.799427,-2.45062
3492,39,41,-14,25,-13,-3,0,31,0.561523,-0.14502,0.670898,-28.625,53.9375,-4.1875,-0.316522,-0.799427,-2.45062
3492,-13,-48,-8,-53,-27,2,50,0,0.561523,-0.14502,0.670898,-28.625,53.9375,-4.1875,-0.316522,-0.799427,-2.45062
3501,-38,10,-11,5,35,11,-39,3,0.549316,-0.167969,0.688477,-27.375,59.25,-0.5625,-0.317428,-0.777321,-2.46137
3501,-92,29,-20,12,-40,-11,-8,1,0.549316,-0.167969,0.688477,-27.375,59.25,-0.5625,-0.317428,-0.777321,-2.46137
3516,9,-11,-5,-58,-23,-34,-49,-20,0.549316,-0.167969,0.688477,-27.375,59.25,-0.5625,-0.317428,-0.777321,-2.46137
3516,62,-29,52,33,-1,10,27,-8,0.549316,-0.167969,0.688477,-27.375,59.25,-0.5625,-0.317428,-0.777321,-2.46137
3517,11,-22,-75,-9,-8,10,45,24,0.569824,-0.246094,0.708496,-24.0625,62.6875,4.375,-0.320886,-0.753566,-2.46867
3517,52,38,8,-74,-44,-28,-38,-5,0.569824,-0.246094,0.708496,-24.0625,62.6875,4.375,-0.320886,-0.753566,-2.46867
3539,4,-15,-43,-35,4,8,20,13,0.569824,-0.246094,0.708496,-24.0625,62.6875,4.375,-0.320886,-0.753566,-2.46867
3539,-19,-10,77,126,114,25,-9,-4,0.569824,-0.246094,0.708496,-24.0625,62.6875,4.375,-0.320886,-0.753566,-2.46867
3541,75,19,32,49,11,21,12,20,0.503418,-0.214355,0.714844,-15.375,65.5,8.5,-0.321598,-0.728027,-2.47511
3541,-40,-13,-12,-81,-79,-18,1,-63,0.503418,-0.214355,0.714844,-15.375,65.5,8.5,-0.321598,-0.728027,-2.47511
3552,-14,-11,87,1,4,-18,-15,41,0.503418,-0.214355,0.714844,-15.375,65.5,8.5,-0.321598,-0.728027,-2.47511
3552,-41,-10,-43,-21,-33,-11,-20,-73,0.503418,-0.214355,0.714844,-15.375,65.5,8.5,-0.321598,-0.728027,-2.47511
3561,11,-27,50,-33,22,4,-7,13,0.409668,-0.20166,0.665039,-10.1875,67.5,11.3125,-0.321229,-0.701066,-2.48044
3561,-20,23,10,76,23,6,-7,-34,0.409668,-0.20166,0.665039,-10.1875,67.5,11.3125,-0.321229,-0.701066,-2.48044
3576,35,20,-36,-3,20,15,9,9,0.409668,-0.20166,0.665039,-10.1875,67.5,11.3125,-0.321229,-0.701066,-2.48044
3576,24,9,37,-4,-28,-5,7,7,0.409668,-0.20166,0.665039,-10.1875,67.5,11.3125,-0.321229,-0.701066,-2.48044
3577,-45,3,-113,-65,-71,-23,-27,-19,0.455078,-0.236816,0.662109,-8.75,69.3125,10.4375,-0.321295,-0.674885,-2.48546
3577,22,-31,113,-13,1,-18,-2,7,0.455078,-0.236816,0.662109,-8.75,69.3125,10.4375,-0.321295,-0.674885,-2.48546
3598,1,4,-61,65,74,32,22,1,0.455078,-0.236816,0.662109,-8.75,69.3125,10.4375,-0.321295,-0.674885,-2.48546
3598,-43,10,7,-14,11,-4,-9,18,0.455078,-0.236816,0.662109,-8.75,69.3125,10.4375,-0.321295,-0.674885,-2.48546
3600,62,-8,52,72,40,37,51,2,0.447754,-0.270508,0.634277,-8.125,69.375,10.75,-0.322649,-0.649384,-2.4897
3600,-7,15,-46,-29,-26,-22,-38,29,0.447754,-0.270508,0.634277,-8.125,69.375,10.75,-0.322649,-0.649384,-2.4897
3612,-38,1,-10,-35,-16,-23,-34,-47,0.447754,-0.270508,0.634277,-8.125,69.375,10.75,-0.322649,-0.649384,-2.4897
3612,31,8,41,-2,2,-2,8,31,0.447754,-0.270508,0.634277,-8.125,69.375,10.75,-0.322649,-0.649384,-2.4897
3621,-26,-4,-59,43,19,-2,-12,20,0.354492,-0.246094,0.631348,-8.875,68,12.0625,-0.324094,-0.622845,-2.49354
3621,-23,1,31,11,22,26,32,19,0.354492,-0.246094,0.631348,-8.875,68,12.0625,-0.324094,-0.622845,-2.49354
3636,4,-6,-9,-50,-60,-24,8,-15,0.354492,-0.246094,0.631348,-8.875,68,12.0625,-0.324094,-0.622845,-2.49354
3636,23,-29,-1,-37,-29,-9,-2,23,0.354492,-0.246094,0.631348,-8.875,68,12.0625,-0.324094,-0.622845,-2.49354
3638,-16,8,3,21,23,-3,-28,-29,0.350098,-0.226562,0.645508,-3.1875,67.125,10.0625,-0.322554,-0.597163,-2.49839
3638,66,12,25,32,23,14,20,34,0.350098,-0.226562,0.645508,-3.1875,67.125,10.0625,-0.322554,-0.597163,-2.49839
3660,-43,-5,-94,12,13,1,-13,-28,0.350098,-0.226562,0.645508,-3.1875,67.125,10.0625,-0.322554,-0.597163,-2.49839
3660,-7,-12,44,-3,-15,-10,5,-2,0.350098,-0.226562,0.645508,-3.1875,67.125,10.0625,-0.322554,-0.597163,-2.49839
3661,28,-3,-14,-76,-63,-33,-18,13,0.388672,-0.204102,0.669434,-5.5625,62.875,6.625,-0.320856,-0.574242,-2.50438
3661,-6,-21,-18,-49,-29,4,12,-19,0.388672,-0.204102,0.669434,-5.5625,62.875,6.625,-0.320856,-0.574242,-2.50438
3672,-17,4,-27,69,77,35,24,12,0.388672,-0.204102,0.669434,-5.5625,62.875,6.625,-0.320856,-0.574242,-2.50438
3672,5,31,-65,19,24,10,-3,-37,0.388672,-0.204102,0.669434,-5.5625,62.875,6.625,-0.320856,-0.574242,-2.50438
3681,19,18,79,-2,17,-5,-7,28,0.395996,-0.238281,0.713867,-9.5,58.9375,8.1875,-0.321779,-0.552356,-2.50879
3681,1,6,-71,-60,-93,-6,-3,-5,0.395996,-0.238281,0.713867,-9.5,58.9375,8.1875,-0.321779,-0.552356,-2.50879
3696,-13,-16,38,-30,15,-5,4,-2,0.395996,-0.238281,0.713867,-9.5,58.9375,8.1875,-0.321779,-0.552356,-2.50879
3696,-2,7,8,67,31,14,9,30,0.395996,-0.238281,0.713867,-9.5,58.9375,8.1875,-0.321779,-0.552356,-2.50879
3697,-42,9,6,-66,-74,-24,-37,-75,0.347168,-0.257324,0.726074,-10.5625,54.5,6.5,-0.323482,-0.531403,-2.51321
3697,69,0,36,88,90,17,11,44,0.347168,-0.257324,0.726074,-10.5625,54.5,6.5,-0.323482,-0.531403,-2.51321
3719,-7,11,-1,-4,-61,-3,1,1,0.347168,-0.257324,0.726074,-10.5625,54.5,6.5,-0.323482,-0.531403,-2.51321
3719,-29,-18,-32,-13,16,3,18,8,0.347168,-0.257324,0.726074,-10.5625,54.5,6.5,-0.323482,-0.531403,-2.51321
3720,27,12,71,-27,-33,-6,-3,-6,0.364746,-0.261719,0.75,-9.875,48.875,2.3125,-0.324412,-0.513247,-2.51842
3720,-26,-12,-51,-31,-17,-12,-13,-12,0.364746,-0.261719,0.75,-9.875,48.875,2.3125,-0.324412,-0.513247,-2.51842
3732,32,-11,49,-49,-16,-3,-1,9,0.364746,-0.261719,0.75,-9.875,48.875,2.3125,-0.324412,-0.513247,-2.51842
3732,-33,13,56,96,69,20,12,-1,0.364746,-0.261719,0.75,-9.875,48.875,2.3125,-0.324412,-0.513247,-2.51842
3741,12,6,-39,-67,-77,-12,14,-4,0.420898,-0.270508,0.765137,-9.75,45.4375,4,-0.326041,-0.49735,-2.52259
3741,-33,-14,-43,-7,35,-15,-53,-35,0.420898,-0.270508,0.765137,-9.75,45.4375,4,-0.326041,-0.49735,-2.52259
3756,8,16,66,76,49,27,16,23,0.420898,-0.270508,0.765137,-9.75,45.4375,4,-0.326041,-0.49735,-2.52259
3756,-20,2,2,-115,-80,-23,-7,-6,0.420898,-0.270508,0.765137,-9.75,45.4375,4,-0.326041,-0.49735,-2.52259
3757,50,1,39,60,59,34,6,27,0.379883,-0.265137,0.786133,-10.625,45.3125,4.875,-0.327929,-0.480633,-2.52652
3757,-52,7,-8,28,4,-10,-7,-6,0.379883,-0.265137,0.786133,-10.625,45.3125,4.875,-0.327929,-0.480633,-2.52652
3779,-2,-4,21,-48,-82,-12,12,-1,0.379883,-0.265137,0.786133,-10.625,45.3125,4.875,-0.327929,-0.480633,-2.52652
3779,37,-6,62,22,51,7,-19,-17,0.379883,-0.265137,0.786133,-10.625,45.3125,4.875,-0.327929,-0.480633,-2.52652
3780,-42,21,64,60,30,-14,1,4,0.332031,-0.26123,0.788574,-10.25,46.25,4.25,-0.329264,-0.462905,-2.53077
3780,9,8,0,-10,-44,15,15,14,0.332031,-0.26123,0.788574,-10.25,46.25,4.25,-0.329264,-0.462905,-2.53077
3791,14,-6,15,-5,35,-8,-3,-3,0.332031,-0.26123,0.788574,-10.25,46.25,4.25,-0.329264,-0.462905,-2.53077
3791,-3,9,13,-23,-23,2,14,6,0.332031,-0.26123,0.788574,-10.25,46.25,4.25,-0.329264,-0.462905,-2.53077
3802,-10,-29,-68,-45,-60,-11,8,-15,0.342285,-0.308594,0.826172,-10.6875,46.375,4.5,-0.331761,-0.445337,-2.53474
3802,49,2,78,62,74,8,-15,-12,0.342285,-0.308594,0.826172,-10.6875,46.375,4.5,-0.331761,-0.445337,-2.53474
3816,-24,3,-30,-26,-22,-1,8,16,0.342285,-0.308594,0.826172,-10.6875,46.375,4.5,-0.331761,-0.445337,-2.53474
3816,-38,-4,5,7,-21,-12,-16,-5,0.342285,-0.308594,0.826172,-10.6875,46.375,4.5,-0.331761,-0.445337,-2.53474
3817,-1,-6,11,5,54,3,-5,-27,0.350586,-0.302246,0.817383,-9.4375,47.0625,7.125,-0.334109,-0.42793,-2.53782
3817,22,-7,-58,9,-22,17,9,2,0.350586,-0.302246,0.817383,-9.4375,47.0625,7.125,-0.334109,-0.42793,-2.53782
3846,-5,12,-17,32,37,-4,-10,10,0.350586,-0.302246,0.817383,-9.4375,47.0625,7.125,-0.334109,-0.42793,-2.53782
3846,-5,-1,-37,-63,-48,-18,-4,-10,0.350586,-0.302246,0.817383,-9.4375,47.0625,7.125,-0.334109,-0.42793,-2.53782
3848,-4,-7,40,-19,-37,-22,-24,-6,0.299805,-0.272461,0.824707,-9.4375,48.6875,8.0625,-0.335725,-0.409231,-2.5413
3848,19,-27,-77,-42,-10,16,43,15,0.299805,-0.272461,0.824707,-9.4375,48.6875,8.0625,-0.335725,-0.409231,-2.5413
3852,15,10,107,25,61,9,-17,-9,0.299805,-0.272461,0.824707,-9.4375,48.6875,8.0625,-0.335725,-0.409231,-2.5413
3852,-10,10,-6,39,35,16,5,1,0.299805,-0.272461,0.824707,-9.4375,48.6875,8.0625,-0.335725,-0.409231,-2.5413
3861,-18,9,-29,41,-31,-15,-2,14,0.285645,-0.282715,0.865723,-8,49.5625,8.5,-0.336697,-0.389949,-2.54468
3861,8,2,12,9,57,-1,3,1,0.285645,-0.282715,0.865723,-8,49.5625,8.5,-0.336697,-0.389949,-2.54468
3876,-11,-18,-58,-66,-81,-6,9,-4,0.285645,-0.282715,0.865723,-8,49.5625,8.5,-0.336697,-0.389949,-2.54468
3876,18,-7,31,5,33,-7,-23,-11,0.285645,-0.282715,0.865723,-8,49.5625,8.5,-0.336697,-0.389949,-2.54468
3882,33,3,83,1,34,20,21,24,0.27832,-0.274902,0.885742,-8.875,48.4375,8.3125,-0.337774,-0.371105,-2.54803
3882,21,8,79,34,-24,-6,-7,4,0.27832,-0.274902,0.885742,-8.875,48.4375,8.3125,-0.337774,-0.371105,-2.54803
3898,-98,-3,-56,-86,-57,-29,-24,17,0.27832,-0.274902,0.885742,-8.875,48.4375,8.3125,-0.337774,-0.371105,-2.54803
3898,2,-10,16,43,0,9,8,-19,0.27832,-0.274902,0.885742,-8.875,48.4375,8.3125,-0.337774,-0.371105,-2.54803
3900,28,-9,23,20,32,9,6,-5,0.260742,-0.247559,0.872559,-4.25,48.0625,9.875,-0.336983,-0.352385,-2.55092
3900,6,6,39,35,75,11,-13,10,0.260742,-0.247559,0.872559,-4.25,48.0625,9.875,-0.336983,-0.352385,-2.55092
3912,-40,15,-24,16,-15,-10,11,-13,0.260742,-0.247559,0.872559,-4.25,48.0625,9.875,-0.336983,-0.352385,-2.55092
3912,18,-6,-14,-69,-68,-20,-14,19,0.260742,-0.247559,0.872559,-4.25,48.0625,9.875,-0.336983,-0.352385,-2.55092
3921,-27,-11,-34,49,43,17,-2,-16,0.242188,-0.281738,0.875488,-5.6875,43.5625,10.6875,-0.337749,-0.335052,-2.55285
3921,-80,5,32,7,4,-5,-4,-32,0.242188,-0.281738,0.875488,-5.6875,43.5625,10.6875,-0.337749,-0.335052,-2.55285
3936,26,-18,-88,-20,-16,10,43,-3,0.242188,-0.281738,0.875488,-5.6875,43.5625,10.6875,-0.337749,-0.335052,-2.55285
3936,-33,-7,-34,-18,-28,-19,-46,-12,0.242188,-0.281738,0.875488,-5.6875,43.5625,10.6875,-0.337749,-0.335052,-2.55285
3937,36,-9,-56,4,12,-2,7,7,0.239258,-0.299805,0.871582,-0.5625,42.25,10.9375,-0.337313,-0.318394,-2.55416
3937,-5,0,-45,-62,-46,-11,-22,-20,0.239258,-0.299805,0.871582,-0.5625,42.25,10.9375,-0.337313,-0.318394,-2.55416
3959,27,3,123,96,86,25,-1,15,0.239258,-0.299805,0.871582,-0.5625,42.25,10.9375,-0.337313,-0.318394,-2.55416
3959,21,2,3,-9,-24,-3,25,17,0.239258,-0.299805,0.871582,-0.5625,42.25,10.9375,-0.337313,-0.318394,-2.55416
3960,-22,-1,106,-15,0,-11,-10,-37,0.225586,-0.283203,0.859375,2.6875,39.4375,9.5625,-0.335553,-0.302863,-2.55584
3960,21,-3,-30,-24,-35,-2,-9,-6,0.225586,-0.283203,0.859375,2.6875,39.4375,9.5625,-0.335553,-0.302863,-2.55584
3972,-25,-7,7,-62,-113,-20,14,5,0.225586,-0.283203,0.859375,2.6875,39.4375,9.5625,-0.335553,-0.302863,-2.55584
3972,11,3,-74,92,116,24,-4,3,0.225586,-0.283203,0.859375,2.6875,39.4375,9.5625,-0.335553,-0.302863,-2.55584
3981,2,15,-16,65,42,24,-3,20,0.229492,-0.279297,0.855469,1.9375,36.625,7.5625,-0.333841,-0.289084,-2.55769
3981,21,11,9,-56,-36,-20,-1,19,0.229492,-0.279297,0.855469,1.9375,36.625,7.5625,-0.333841,-0.289084,-2.55769
3996,-4,-17,2,-56,-91,-18,-6,-15,0.229492,-0.279297,0.855469,1.9375,36.625,7.5625,-0.333841,-0.289084,-2.55769
3996,-28,-17,26,46,49,14,10,-30,0.229492,-0.279297,0.855469,1.9375,36.625,7.5625,-0.333841,-0.289084,-2.55769
3997,8,12,-33,-15,-9,-3,12,36,0.220703,-0.324707,0.862305,0.1875,33.25,7.3125,-0.333978,-0.276171,-2.55888
3997,-40,4,46,-73,-85,-35,-25,-20,0.220703,-0.324707,0.862305,0.1875,33.25,7.3125,-0.333978,-0.276171,-2.55888
4018,51,-9,-4,64,95,8,-14,3,0.220703,-0.324707,0.862305,0.1875,33.25,7.3125,-0.333978,-0.276171,-2.55888
4018,-6,14,38,68,47,43,21,3,0.220703,-0.324707,0.862305,0.1875,33.25,7.3125,-0.333978,-0.276171,-2.55888
4020,60,11,-10,3,-19,0,24,8,0.203125,-0.290039,0.856445,2.5625,31.6875,5.1875,-0.332474,-0.264121,-2.56092
4020,-50,-8,-65,-54,-58,-17,-11,22,0.203125,-0.290039,0.856445,2.5625,31.6875,5.1875,-0.332474,-0.264121,-2.56092
4032,27,-3,7,-50,-83,-32,-15,-16,0.203125,-0.290039,0.856445,2.5625,31.6875,5.1875,-0.332474,-0.264121,-2.56092
4032,-7,-19,-34,-77,-2,-16,-15,-11,0.203125,-0.290039,0.856445,2.5625,31.6875,5.1875,-0.332474,-0.264121,-2.56092
4041,-8,-1,29,77,110,41,1,-24,0.219238,-0.278809,0.864746,0.375,29,3.4375,-0.33127,-0.25389,-2.5633
4041,23,20,48,29,-29,11,22,8,0.219238,-0.278809,0.864746,0.375,29,3.4375,-0.33127,-0.25389,-2.5633
4064,-13,-5,-11,-50,18,-12,8,5,0.219238,-0.278809,0.864746,0.375,29,3.4375,-0.33127,-0.25389,-2.5633
4064,12,0,-128,8,-14,3,3,-2,0.219238,-0.278809,0.864746,0.375,29,3.4375,-0.33127,-0.25389,-2.5633
4065,-44,3,35,-13,-18,-10,-15,23,0.209961,-0.307129,0.901367,-0.6875,26.25,2,-0.330779,-0.244257,-2.5657
4065,34,-2,-43,-47,-31,-8,-21,-8,0.209961,-0.307129,0.901367,-0.6875,26.25,2,-0.330779,-0.244257,-2.5657
4078,17,-2,65,43,11,3,-9,-15,0.209961,-0.307129,0.901367,-0.6875,26.25,2,-0.330779,-0.244257,-2.5657
4078,13,-1,28,-46,-34,-9,6,6,0.209961,-0.307129,0.901367,-0.6875,26.25,2,-0.330779,-0.244257,-2.5657
4080,-51,-13,-21,9,-10,-6,4,-18,0.20166,-0.290039,0.90918,-1.375,23.5,1.9375,-0.330296,-0.235662,-2.56792
4080,38,3,7,-24,-9,-7,-2,6,0.20166,-0.290039,0.90918,-1.375,23.5,1.9375,-0.330296,-0.235662,-2.56792
4093,5,0,-3,98,98,32,24,1,0.20166,-0.290039,0.90918,-1.375,23.5,1.9375,-0.330296,-0.235662,-2.56792
4093,33,14,66,-51,-80,-26,-39,-7,0.20166,-0.290039,0.90918,-1.375,23.5,1.9375,-0.330296,-0.235662,-2.56792
4102,-90,-29,-115,-108,-66,-33,-14,-21,0.206055,-0.257812,0.895996,-0.8125,21.625,3.25,-0.329127,-0.227825,-2.56947
4102,23,-4,51,127,114,44,20,-2,0.206055,-0.257812,0.895996,-0.8125,21.625,3.25,-0.329127,-0.227825,-2.56947
4116,61,29,-22,33,23,-1,-16,40,0.206055,-0.257812,0.895996,-0.8125,21.625,3.25,-0.329127,-0.227825,-2.56947
4116,-87,-15,-69,-48,-20,-8,15,-7,0.206055,-0.257812,0.895996,-0.8125,21.625,3.25,-0.329127,-0.227825,-2.56947
4124,0,-6,-83,-13,-15,2,-15,-31,0.225098,-0.289062,0.900391,-1.3125,18.3125,2.6875,-0.328803,-0.221699,-2.57083
4124,-20,-4,74,-26,-35,-22,0,-13,0.225098,-0.289062,0.900391,-1.3125,18.3125,2.6875,-0.328803,-0.221699,-2.57083
4138,9,-12,11,-46,5,10,-10,-6,0.225098,-0.289062,0.900391,-1.3125,18.3125,2.6875,-0.328803,-0.221699,-2.57083
4138,36,17,61,24,1,-8,14,17,0.225098,-0.289062,0.900391,-1.3125,18.3125,2.6875,-0.328803,-0.221699,-2.57083
4141,-14,-13,-87,-30,-24,-18,-16,14,0.219727,-0.312012,0.91748,2,17.5625,2.5625,-0.327856,-0.215876,-2.57208
4141,3,-21,-33,53,24,10,16,3,0.219727,-0.312012,0.91748,2,17.5625,2.5625,-0.327856,-0.215876,-2.57208
4152,-21,12,2,-3,13,4,1,-14,0.219727,-0.312012,0.91748,2,17.5625,2.5625,-0.327856,-0.215876,-2.57208
4152,38,-9,-79,-67,-126,-29,-17,2,0.219727,-0.312012,0.91748,2,17.5625,2.5625,-0.327856,-0.215876,-2.57208
4161,-12,-5,19,3,69,4,-2,-12,0.223145,-0.268066,0.891113,4.1875,16.125,5.75,-0.325641,-0.210369,-2.5721
4161,20,0,-37,56,64,26,5,6,0.223145,-0.268066,0.891113,4.1875,16.125,5.75,-0.325641,-0.210369,-2.5721
4183,-31,7,5,-47,-83,-17,16,10,0.223145,-0.268066,0.891113,4.1875,16.125,5.75,-0.325641,-0.210369,-2.5721
4183,-17,-11,32,23,29,12,0,-19,0.223145,-0.268066,0.891113,4.1875,16.125,5.75,-0.325641,-0.210369,-2.5721
4185,50,8,-20,-11,-9,-2,-12,14,0.226562,-0.300781,0.902344,2.1875,16.5625,5.5625,-0.324759,-0.205008,-2.57209
4185,-7,1,54,-58,-26,-14,12,1,0.226562,-0.300781,0.902344,2.1875,16.5625,5.5625,-0.324759,-0.205008,-2.57209
4199,38,-8,-85,47,46,6,-5,5,0.226562,-0.300781,0.902344,2.1875,16.5625,5.5625,-0.324759,-0.205008,-2.57209
4199,-11,3,39,46,17,9,-13,-1,0.226562,-0.300781,0.902344,2.1875,16.5625,5.5625,-0.324759,-0.205008,-2.57209
4200,3,8,21,56,17,11,14,10,0.191406,-0.30127,0.915527,3.9375,17.8125,5.1875,-0.323209,-0.198454,-2.57242
4200,14,-4,43,-35,-13,-15,6,16,0.191406,-0.30127,0.915527,3.9375,17.8125,5.1875,-0.323209,-0.198454,-2.57242
4212,-56,-20,-71,-35,-36,0,-5,-11,0.191406,-0.30127,0.915527,3.9375,17.8125,5.1875,-0.323209,-0.198454,-2.57242
4212,14,-4,8,-35,-20,-15,-16,1,0.191406,-0.30127,0.915527,3.9375,17.8125,5.1875,-0.323209,-0.198454,-2.57242
4222,38,2,123,87,80,26,14,3,0.152344,-0.286621,0.89209,5.125,19.375,3.875,-0.321011,-0.190855,-2.57327
4222,-12,18,32,53,18,11,1,11,0.152344,-0.286621,0.89209,5.125,19.375,3.875,-0.321011,-0.190855,-2.57327
4236,-57,0,45,-47,-70,-23,-5,-12,0.152344,-0.286621,0.89209,5.125,19.375,3.875,-0.321011,-0.190855,-2.57327
4236,4,-3,52,-14,-11,-4,-2,-18,0.152344,-0.286621,0.89209,5.125,19.375,3.875,-0.321011,-0.190855,-2.57327
4242,33,-11,-64,-38,14,-13,-16,-3,0.145996,-0.305664,0.88916,0.75,18.125,7.625,-0.320979,-0.183373,-2.57269
4242,-21,-1,-2,40,40,16,31,4,0.145996,-0.305664,0.88916,0.75,18.125,7.625,-0.320979,-0.183373,-2.57269
4258,-15,12,72,-18,-26,-21,-25,-29,0.145996,-0.305664,0.88916,0.75,18.125,7.625,-0.320979,-0.183373,-2.57269
4258,-37,-8,-29,-45,-18,-1,4,-3,0.145996,-0.305664,0.88916,0.75,18.125,7.625,-0.320979,-0.183373,-2.57269
4260,-3,-1,62,22,16,7,-8,-10,0.161133,-0.317871,0.894531,3.8125,19.125,6.625,-0.320181,-0.176038,-2.57252
4260,52,-2,-57,53,51,20,36,33,0.161133,-0.317871,0.894531,3.8125,19.125,6.625,-0.320181,-0.176038,-2.57252
4281,-60,6,24,-11,-16,-6,-38,-25,0.161133,-0.317871,0.894531,3.8125,19.125,6.625,-0.320181,-0.176038,-2.57252
4281,-2,0,-9,-59,-65,-19,5,13,0.161133,-0.317871,0.894531,3.8125,19.125,6.625,-0.320181,-0.176038,-2.57252
4289,10,-2,59,-77,-57,-26,-11,-11,0.15625,-0.296875,0.881348,1.75,18.3125,5.625,-0.319658,-0.169326,-2.57268
4289,5,-15,-83,6,4,4,-9,-5,0.15625,-0.296875,0.881348,1.75,18.3125,5.625,-0.319658,-0.169326,-2.57268
4294,-11,-11,23,22,22,8,8,10,0.15625,-0.296875,0.881348,1.75,18.3125,5.625,-0.319658,-0.169326,-2.57268
4294,-18,10,-10,25,12,6,11,-10,0.15625,-0.296875,0.881348,1.75,18.3125,5.625,-0.319658,-0.169326,-2.57268
4302,8,13,54,0,-8,6,5,-9,0.154297,-0.304688,0.884766,-1,16.875,7.875,-0.320382,-0.162904,-2.57182
4302,-41,-5,-60,-30,-73,-22,-24,-13,0.154297,-0.304688,0.884766,-1,16.875,7.875,-0.320382,-0.162904,-2.57182
4318,57,-10,51,-24,43,-7,8,-3,0.154297,-0.304688,0.884766,-1,16.875,7.875,-0.320382,-0.162904,-2.57182
4318,-12,-9,11,20,14,18,-20,19,0.154297,-0.304688,0.884766,-1,16.875,7.875,-0.320382,-0.162904,-2.57182
4320,24,6,13,-30,-33,-12,8,4,0.148926,-0.291504,0.892578,1.0625,16.3125,6.875,-0.319977,-0.156723,-2.57134
4320,-87,9,51,-5,-4,3,-14,-21,0.148926,-0.291504,0.892578,1.0625,16.3125,6.875,-0.319977,-0.156723,-2.57134
4341,55,8,-42,67,42,24,22,11,0.148926,-0.291504,0.892578,1.0625,16.3125,6.875,-0.319977,-0.156723,-2.57134
4341,53,6,1,10,-18,-7,18,25,0.148926,-0.291504,0.892578,1.0625,16.3125,6.875,-0.319977,-0.156723,-2.57134
4346,-70,-10,19,-63,-74,-20,-15,-19,0.171875,-0.273438,0.889648,0,14,2.3125,-0.31936,-0.152486,-2.57224
4346,-3,-3,-27,-31,45,-1,0,-6,0.171875,-0.273438,0.889648,0,14,2.3125,-0.31936,-0.152486,-2.57224
4355,21,3,7,52,42,21,7,14,0.171875,-0.273438,0.889648,0,14,2.3125,-0.31936,-0.152486,-2.57224
4355,-28,-1,4,4,34,7,7,-13,0.171875,-0.273438,0.889648,0,14,2.3125,-0.31936,-0.152486,-2.57224
4358,-39,0,-67,-38,-66,-11,-4,-1,0.153809,-0.291992,0.902832,-1.25,10.75,4.375,-0.319682,-0.148718,-2.5719
4358,29,-1,54,-38,-33,-13,-13,-18,0.153809,-0.291992,0.902832,-1.25,10.75,4.375,-0.319682,-0.148718,-2.5719
4386,-36,-21,-110,25,31,11,3,-3,0.153809,-0.291992,0.902832,-1.25,10.75,4.375,-0.319682,-0.148718,-2.5719
4386,29,11,83,-28,-24,-9,-5,3,0.153809,-0.291992,0.902832,-1.25,10.75,4.375,-0.319682,-0.148718,-2.5719
4388,15,-13,-31,41,45,11,6,3,0.106934,-0.28125,0.895508,-1.3125,8.625,5,-0.319895,-0.144554,-2.5713
4388,-20,8,33,47,61,16,-19,1,0.106934,-0.28125,0.895508,-1.3125,8.625,5,-0.319895,-0.144554,-2.5713
4408,-27,1,2,-65,-99,-24,0,1,0.106934,-0.28125,0.895508,-1.3125,8.625,5,-0.319895,-0.144554,-2.5713
4408,-12,-20,-50,-8,30,-10,-10,-19,0.106934,-0.28125,0.895508,-1.3125,8.625,5,-0.319895,-0.144554,-2.5713
4409,33,21,31,63,28,24,19,22,0.132324,-0.28125,0.893555,-0.75,6.75,4.5625,-0.319901,-0.141724,-2.57055
4409,32,-2,10,25,22,-6,-2,9,0.132324,-0.28125,0.893555,-0.75,6.75,4.5625,-0.319901,-0.141724,-2.57055
4416,9,2,37,-29,-1,12,13,-2,0.132324,-0.28125,0.893555,-0.75,6.75,4.5625,-0.319901,-0.141724,-2.57055
4416,4,4,14,18,16,-2,27,0,0.132324,-0.28125,0.893555,-0.75,6.75,4.5625,-0.319901,-0.141724,-2.57055
4422,-18,-5,23,-45,-27,-18,-58,-6,0.12793,-0.276367,0.890137,-0.8125,5.6875,3.8125,-0.319758,-0.139344,-2.56993
4422,-10,-8,-10,16,-12,-6,1,-6,0.12793,-0.276367,0.890137,-0.8125,5.6875,3.8125,-0.319758,-0.139344,-2.56993
4438,30,5,93,3,25,1,2,8,0.12793,-0.276367,0.890137,-0.8125,5.6875,3.8125,-0.319758,-0.139344,-2.56993
4438,12,3,-37,21,57,30,14,11,0.12793,-0.276367,0.890137,-0.8125,5.6875,3.8125,-0.319758,-0.139344,-2.56993
4440,-11,2,37,43,26,2,2,-5,0.0805664,-0.296875,0.897949,-0.3125,5.75,3.5625,-0.319914,-0.135848,-2.56937
4440,11,9,-10,-79,-85,-8,17,21,0.0805664,-0.296875,0.897949,-0.3125,5.75,3.5625,-0.319914,-0.135848,-2.56937
4461,-6,-8,-62,-10,-10,-12,-23,-17,0.0805664,-0.296875,0.897949,-0.3125,5.75,3.5625,-0.319914,-0.135848,-2.56937
4461,-10,-7,-36,40,-31,6,17,-5,0.0805664,-0.296875,0.897949,-0.3125,5.75,3.5625,-0.319914,-0.135848,-2.56937
4462,-6,4,18,-25,45,-18,-24,-22,0.115234,-0.291992,0.892578,-1.5625,5.3125,3,-0.32043,-0.133571,-2.56896
4462,-6,-5,-68,-8,-23,-1,0,3,0.115234,-0.291992,0.892578,-1.5625,5.3125,3,-0.32043,-0.133571,-2.56896
4484,1,2,-26,-37,-11,-3,2,-8,0.115234,-0.291992,0.892578,-1.5625,5.3125,3,-0.32043,-0.133571,-2.56896
4484,32,1,3,33,44,6,2,21,0.115234,-0.291992,0.892578,-1.5625,5.3125,3,-0.32043,-0.133571,-2.56896
4486,8,8,15,-4,-21,4,11,-9,0.136719,-0.29834,0.881836,-3,6.4375,4.25,-0.32164,-0.131315,-2.56827
4486,-13,-2,53,40,30,-4,-4,-16,0.136719,-0.29834,0.881836,-3,6.4375,4.25,-0.32164,-0.131315,-2.56827
4498,22,11,-22,-15,7,16,25,7,0.136719,-0.29834,0.881836,-3,6.4375,4.25,-0.32164,-0.131315,-2.56827
4498,-31,-11,-96,5,3,-16,-33,-11,0.136719,-0.29834,0.881836,-3,6.4375,4.25,-0.32164,-0.131315,-2.56827
4500,-7,-17,-56,-49,-40,-13,5,6,0.12793,-0.300293,0.910156,-2.1875,7.375,2.5,-0.322363,-0.128639,-2.56823
4500,-1,-6,64,-86,-58,-12,1,-6,0.12793,-0.300293,0.910156,-2.1875,7.375,2.5,-0.322363,-0.128639,-2.56823
4537,28,4,-1,123,101,30,-13,10,0.12793,-0.300293,0.910156,-2.1875,7.375,2.5,-0.322363,-0.128639,-2.56823
4537,-14,9,59,-61,-47,-15,-12,-9,0.12793,-0.300293,0.910156,-2.1875,7.375,2.5,-0.322363,-0.128639,-2.56823
4538,-79,-11,-34,-23,-85,-6,15,-20,0.136719,-0.288086,0.929688,-2.75,7.625,1.6875,-0.32273,-0.126121,-2.56856
4538,50,-4,-106,77,80,9,1,21,0.136719,-0.288086,0.929688,-2.75,7.625,1.6875,-0.32273,-0.126121,-2.56856
4539,-28,-2,94,-31,-13,-2,-1,-10,0.136719,-0.288086,0.929688,-2.75,7.625,1.6875,-0.32273,-0.126121,-2.56856
4539,-37,-2,72,-16,13,-5,-5,-20,0.136719,-0.288086,0.929688,-2.75,7.625,1.6875,-0.32273,-0.126121,-2.56856
4544,93,16,69,64,18,11,8,41,0.100098,-0.294922,0.935059,-4.25,8.5,3.1875,-0.323675,-0.122481,-2.56855
4544,-36,10,51,-40,-61,-15,10,6,0.100098,-0.294922,0.935059,-4.25,8.5,3.1875,-0.323675,-0.122481,-2.56855
4559,-34,-26,-47,-38,-3,-14,-31,-24,0.100098,-0.294922,0.935059,-4.25,8.5,3.1875,-0.323675,-0.122481,-2.56855
4559,37,8,-38,77,90,28,9,14,0.100098,-0.294922,0.935059,-4.25,8.5,3.1875,-0.323675,-0.122481,-2.56855
4560,7,10,-2,-18,-32,-5,7,6,0.0722656,-0.30127,0.934082,-5.125,7.8125,4.75,-0.32531,-0.118283,-2.56785
4560,-10,-4,38,-72,-43,-5,-9,-12,0.0722656,-0.30127,0.934082,-5.125,7.8125,4.75,-0.32531,-0.118283,-2.56785
4581,58,7,9,54,7,-12,4,27,0.0722656,-0.30127,0.934082,-5.125,7.8125,4.75,-0.32531,-0.118283,-2.56785
4581,-16,-2,62,-25,-54,-1,7,-3,0.0722656,-0.30127,0.934082,-5.125,7.8125,4.75,-0.32531,-0.118283,-2.56785
4583,-17,-8,-37,-11,-11,-6,0,1,0.120605,-0.315918,0.929199,-1.5,7.25,5.9375,-0.325961,-0.11533,-2.56666
4583,27,-13,5,-15,75,1,-27,-7,0.120605,-0.315918,0.929199,-1.5,7.25,5.9375,-0.325961,-0.11533,-2.56666
4595,-45,15,54,32,-18,18,13,-10,0.120605,-0.315918,0.929199,-1.5,7.25,5.9375,-0.325961,-0.11533,-2.56666
4595,-29,-23,-55,-18,8,-8,1,1,0.120605,-0.315918,0.929199,-1.5,7.25,5.9375,-0.325961,-0.11533,-2.56666
4602,21,6,72,3,-15,2,13,6,0.0913086,-0.27832,0.920898,2.75,8.4375,6.625,-0.324386,-0.111453,-2.56542
4602,16,-4,19,7,-21,2,2,22,0.0913086,-0.27832,0.920898,2.75,8.4375,6.625,-0.324386,-0.111453,-2.56542
4618,-42,5,12,12,-12,-15,-15,-38,0.0913086,-0.27832,0.920898,2.75,8.4375,6.625,-0.324386,-0.111453,-2.56542
4618,-8,-2,20,26,31,8,-8,-1,0.0913086,-0.27832,0.920898,2.75,8.4375,6.625,-0.324386,-0.111453,-2.56542
4620,2,4,73,26,24,12,5,2,0.059082,-0.276367,0.897949,-0.5,8.1875,5.0625,-0.324059,-0.107164,-2.56469
4620,-28,-12,-44,-22,-36,-10,-14,-18,0.059082,-0.276367,0.897949,-0.5,8.1875,5.0625,-0.324059,-0.107164,-2.56469
4642,17,-6,24,-33,-23,-5,2,10,0.059082,-0.276367,0.897949,-0.5,8.1875,5.0625,-0.324059,-0.107164,-2.56469
4642,14,4,22,-24,11,-7,2,7,0.059082,-0.276367,0.897949,-0.5,8.1875,5.0625,-0.324059,-0.107164,-2.56469
4643,25,2,-46,11,3,-2,-5,-7,0.101074,-0.310059,0.915039,-1.75,7.0625,5.9375,-0.324775,-0.10408,-2.56363
4643,16,15,24,-23,8,6,11,7,0.101074,-0.310059,0.915039,-1.75,7.0625,5.9375,-0.324775,-0.10408,-2.56363
4663,-12,-9,27,73,55,17,9,20,0.101074,-0.310059,0.915039,-1.75,7.0625,5.9375,-0.324775,-0.10408,-2.56363
4663,-24,11,-5,-4,-43,-7,15,11,0.101074,-0.310059,0.915039,-1.75,7.0625,5.9375,-0.324775,-0.10408,-2.56363
4665,10,-14,-34,-73,-55,-21,-16,-7,0.081543,-0.302246,0.911133,0.5,6.875,4.9375,-0.32454,-0.100893,-2.56266
4665,-44,8,99,27,6,-3,-14,-37,0.081543,-0.302246,0.911133,0.5,6.875,4.9375,-0.32454,-0.100893,-2.56266
4686,25,1,-3,-5,11,-11,-2,10,0.081543,-0.302246,0.911133,0.5,6.875,4.9375,-0.32454,-0.100893,-2.56266
4686,2,4,90,-16,-6,2,-4,-5,0.081543,-0.302246,0.911133,0.5,6.875,4.9375,-0.32454,-0.100893,-2.56266
4688,20,-5,-2,46,34,20,12,5,0.0976562,-0.288574,0.898926,-1.9375,6.5,4.375,-0.32499,-0.0983221,-2.56193
4688,-22,5,-9,86,6,22,20,8,0.0976562,-0.288574,0.898926,-1.9375,6.5,4.375,-0.32499,-0.0983221,-2.56193
4700,8,-6,-100,-87,4,-17,1,3,0.0976562,-0.288574,0.898926,-1.9375,6.5,4.375,-0.32499,-0.0983221,-2.56193
4700,-6,-17,2,7,-44,-5,-6,-15,0.0976562,-0.288574,0.898926,-1.9375,6.5,4.375,-0.32499,-0.0983221,-2.56193
4703,-22,-5,-8,-25,6,-6,-2,0,0.0922852,-0.275391,0.897461,-2.1875,5.9375,3.125,-0.325089,-0.0960484,-2.56165
4703,7,8,40,27,49,9,-5,8,0.0922852,-0.275391,0.897461,-2.1875,5.9375,3.125,-0.325089,-0.0960484,-2.56165
4715,6,-15,-100,-16,-18,6,9,-13,0.0922852,-0.275391,0.897461,-2.1875,5.9375,3.125,-0.325089,-0.0960484,-2.56165
4715,-9,9,-42,-28,-17,-5,-8,10,0.0922852,-0.275391,0.897461,-2.1875,5.9375,3.125,-0.325089,-0.0960484,-2.56165
4722,-44,-21,-65,-3,-30,-14,-5,-31,0.11377,-0.307617,0.904785,-2.5625,4.5,3.9375,-0.326173,-0.0947102,-2.56088
4722,24,0,32,-12,18,-5,-1,5,0.11377,-0.307617,0.904785,-2.5625,4.5,3.9375,-0.326173,-0.0947102,-2.56088
4739,-14,-2,-33,-6,-2,3,3,7,0.11377,-0.307617,0.904785,-2.5625,4.5,3.9375,-0.326173,-0.0947102,-2.56088
4739,26,1,9,-30,-4,-15,-10,-12,0.11377,-0.307617,0.904785,-2.5625,4.5,3.9375,-0.326173,-0.0947102,-2.56088
4740,25,14,53,76,29,24,9,23,0.0878906,-0.321777,0.922852,-1.3125,4.0625,3.25,-0.326835,-0.0928698,-2.56026
4740,61,1,-29,-16,20,2,5,10,0.0878906,-0.321777,0.922852,-1.3125,4.0625,3.25,-0.326835,-0.0928698,-2.56026
4777,-78,-2,-12,23,-25,-2,-9,-9,0.0878906,-0.321777,0.922852,-1.3125,4.0625,3.25,-0.326835,-0.0928698,-2.56026
4777,10,-8,-17,-17,0,-5,-1,-22,0.0878906,-0.321777,0.922852,-1.3125,4.0625,3.25,-0.326835,-0.0928698,-2.56026
4778,9,-10,10,-5,3,5,1,0,0.0839844,-0.318359,0.918945,-0.625,4.3125,1.625,-0.327229,-0.0911778,-2.56012
4778,2,-10,-30,-15,-32,-11,2,-12,0.0839844,-0.318359,0.918945,-0.625,4.3125,1.625,-0.327229,-0.0911778,-2.56012
4778,39,16,14,-56,-78,-20,-16,10,0.0839844,-0.318359,0.918945,-0.625,4.3125,1.625,-0.327229,-0.0911778,-2.56012
4778,-6,-10,-24,8,51,5,-15,-2,0.0839844,-0.318359,0.918945,-0.625,4.3125,1.625,-0.327229,-0.0911778,-2.56012
4783,3,6,-26,-11,32,6,8,-12,0.0942383,-0.278809,0.897461,-0.5625,3.25,0.625,-0.326773,-0.0901785,-2.56034
4783,-59,-1,-17,26,-27,7,-6,-12,0.0942383,-0.278809,0.897461,-0.5625,3.25,0.625,-0.326773,-0.0901785,-2.56034
4797,-15,-7,62,-23,-25,-13,4,-3,0.0942383,-0.278809,0.897461,-0.5625,3.25,0.625,-0.326773,-0.0901785,-2.56034
4797,18,6,-3,14,6,-4,-1,4,0.0942383,-0.278809,0.897461,-0.5625,3.25,0.625,-0.326773,-0.0901785,-2.56034
4822,18,0,73,-38,-7,-3,1,24,0.0537109,-0.310547,0.914551,-1.375,1.875,1.1875,-0.327245,-0.0887188,-2.56017
4822,-15,-8,-63,32,39,10,1,-8,0.0537109,-0.310547,0.914551,-1.375,1.875,1.1875,-0.327245,-0.0887188,-2.56017
4823,-15,12,99,9,-36,10,12,-3,0.0537109,-0.310547,0.914551,-1.375,1.875,1.1875,-0.327245,-0.0887188,-2.56017
4823,14,1,-17,-4,3,-12,-9,1,0.0537109,-0.310547,0.914551,-1.375,1.875,1.1875,-0.327245,-0.0887188,-2.56017
4824,12,4,46,-11,52,7,-10,20,0.0766602,-0.325684,0.931152,-1.125,0.5625,2.0625,-0.327883,-0.0880409,-2.55949
4824,5,-6,-14,29,-4,-2,-7,-26,0.0766602,-0.325684,0.931152,-1.125,0.5625,2.0625,-0.327883,-0.0880409,-2.55949
4835,7,16,48,6,12,5,23,10,0.0766602,-0.325684,0.931152,-1.125,0.5625,2.0625,-0.327883,-0.0880409,-2.55949
4835,-32,-20,-35,14,-45,-2,-8,-9,0.0766602,-0.325684,0.931152,-1.125,0.5625,2.0625,-0.327883,-0.0880409,-2.55949
4843,-7,-4,-33,-59,-34,-26,-17,-3,0.0717773,-0.29541,0.904785,-2.1875,0.5625,1.6875,-0.328341,-0.0873158,-2.55902
4843,6,-12,-16,-5,29,-2,6,11,0.0717773,-0.29541,0.904785,-2.1875,0.5625,1.6875,-0.328341,-0.0873158,-2.55902
4859,-13,5,-29,24,40,3,1,10,0.0717773,-0.29541,0.904785,-2.1875,0.5625,1.6875,-0.328341,-0.0873158,-2.55902
4859,18,19,64,19,22,22,21,10,0.0717773,-0.29541,0.904785,-2.1875,0.5625,1.6875,-0.328341,-0.0873158,-2.55902
4860,-33,-18,-65,2,-30,-19,-17,-16,0.0908203,-0.299316,0.897461,-1.9375,1.5,1.9375,-0.329014,-0.0867993,-2.55862
4860,7,-4,42,-20,-17,5,-6,-14,0.0908203,-0.299316,0.897461,-1.9375,1.5,1.9375,-0.329014,-0.0867993,-2.55862
4881,47,6,38,21,33,5,12,15,0.0908203,-0.299316,0.897461,-1.9375,1.5,1.9375,-0.329014,-0.0867993,-2.55862
4881,-11,-1,23,-15,-21,-15,-29,-4,0.0908203,-0.299316,0.897461,-1.9375,1.5,1.9375,-0.329014,-0.0867993,-2.55862
4882,15,1,-1,-42,-29,-8,8,9,0.0766602,-0.317383,0.919434,-1.3125,1.875,1.3125,-0.329503,-0.0858259,-2.55829
4882,-7,-2,-61,43,26,8,3,2,0.0766602,-0.317383,0.919434,-1.3125,1.875,1.3125,-0.329503,-0.0858259,-2.55829
4895,48,0,5,-29,-20,-3,-1,6,0.0766602,-0.317383,0.919434,-1.3125,1.875,1.3125,-0.329503,-0.0858259,-2.55829
4895,-59,-6,37,9,15,-5,-2,-29,0.0766602,-0.317383,0.919434,-1.3125,1.875,1.3125,-0.329503,-0.0858259,-2.55829
4904,5,12,7,17,23,22,25,19,0.0595703,-0.293945,0.909668,-0.75,2.3125,1.375,-0.329308,-0.0843142,-2.55819
4904,-13,16,52,-12,-55,-19,-15,-7,0.0595703,-0.293945,0.909668,-0.75,2.3125,1.375,-0.329308,-0.0843142,-2.55819
4919,-19,-17,-9,-44,46,-8,-15,-8,0.0595703,-0.293945,0.909668,-0.75,2.3125,1.375,-0.329308,-0.0843142,-2.55819
4919,54,11,38,114,69,32,24,17,0.0595703,-0.293945,0.909668,-0.75,2.3125,1.375,-0.329308,-0.0843142,-2.55819
4920,-21,-3,-30,-34,-56,-19,-20,-17,0.0844727,-0.287598,0.916016,-2.1875,2.75,1.25,-0.32954,-0.0833319,-2.55815
4920,4,-9,-32,-87,-48,-18,-1,15,0.0844727,-0.287598,0.916016,-2.1875,2.75,1.25,-0.32954,-0.0833319,-2.55815
4948,40,-7,-44,43,-21,6,-1,-2,0.0844727,-0.287598,0.916016,-2.1875,2.75,1.25,-0.32954,-0.0833319,-2.55815
4948,-39,-3,-23,-52,12,-4,4,1,0.0844727,-0.287598,0.916016,-2.1875,2.75,1.25,-0.32954,-0.0833319,-2.55815
4950,-18,5,43,79,83,25,5,-26,0.078125,-0.319336,0.928711,-1.5625,2.625,0.3125,-0.330023,-0.082451,-2.5584
4950,18,9,-35,-28,-38,1,13,22,0.078125,-0.319336,0.928711,-1.5625,2.625,0.3125,-0.330023,-0.082451,-2.5584
4954,1,-3,90,4,-29,-19,-23,-27,0.078125,-0.319336,0.928711,-1.5625,2.625,0.3125,-0.330023,-0.082451,-2.5584
4954,11,-6,-67,-84,-67,-13,11,19,0.078125,-0.319336,0.928711,-1.5625,2.625,0.3125,-0.330023,-0.082451,-2.5584
4964,21,-22,-73,17,1,10,10,-4,0.0805664,-0.322754,0.935547,-1.0625,3.0625,0.0625,-0.330429,-0.0813386,-2.55868
4964,-32,4,17,30,53,7,2,-23,0.0805664,-0.322754,0.935547,-1.0625,3.0625,0.0625,-0.330429,-0.0813386,-2.55868
4986,5,1,-118,13,2,-1,-17,19,0.0805664,-0.322754,0.935547,-1.0625,3.0625,0.0625,-0.330429,-0.0813386,-2.55868
4986,5,-4,30,3,-40,-10,-5,-2,0.0805664,-0.322754,0.935547,-1.0625,3.0625,0.0625,-0.330429,-0.0813386,-2.55868
4988,2,-1,64,-50,-11,-8,-8,0,0.0737305,-0.298828,0.931641,-3.1875,3.4375,-0.125,-0.331029,-0.0800606,-2.5591
4988,44,6,-6,-27,-55,-4,14,10,0.0737305,-0.298828,0.931641,-3.1875,3.4375,-0.125,-0.331029,-0.0800606,-2.5591
5000,-2,-12,-74,23,33,9,-4,-5,0.0737305,-0.298828,0.931641,-3.1875,3.4375,-0.125,-0.331029,-0.0800606,-2.5591
5000,-36,-4,48,0,29,4,-9,-6,0.0737305,-0.298828,0.931641,-3.1875,3.4375,-0.125,-0.331029,-0.0800606,-2.5591
5003,-6,10,-30,60,37,8,10,6,0.0864258,-0.306641,0.919434,-2.1875,3.1875,0.875,-0.331507,-0.0791519,-2.55915
5003,-12,-16,-17,-24,-12,0,-10,12,0.0864258,-0.306641,0.919434,-2.1875,3.1875,0.875,-0.331507,-0.0791519,-2.55915
5015,9,4,34,-9,-26,-2,5,-21,0.0864258,-0.306641,0.919434,-2.1875,3.1875,0.875,-0.331507,-0.0791519,-2.55915
5015,27,6,56,2,-25,3,37,11,0.0864258,-0.306641,0.919434,-2.1875,3.1875,0.875,-0.331507,-0.0791519,-2.55915
5023,-61,-7,-35,-36,-27,-17,-44,-15,0.0537109,-0.308105,0.920898,-1.9375,1.75,1.6875,-0.331946,-0.0779398,-2.55885
5023,23,-2,7,34,78,8,-4,3,0.0537109,-0.308105,0.920898,-1.9375,1.75,1.6875,-0.331946,-0.0779398,-2.55885
5039,-27,4,24,53,33,9,-6,-4,0.0537109,-0.308105,0.920898,-1.9375,1.75,1.6875,-0.331946,-0.0779398,-2.55885
5039,49,11,54,-28,-76,-12,8,11,0.0537109,-0.308105,0.920898,-1.9375,1.75,1.6875,-0.331946,-0.0779398,-2.55885
5040,-51,-12,-6,-18,10,-17,-3,-12,0.078125,-0.313965,0.92041,0,2.25,1.8125,-0.331939,-0.076979,-2.5585
5040,1,1,47,50,30,6,-11,-9,0.078125,-0.313965,0.92041,0,2.25,1.8125,-0.331939,-0.076979,-2.5585
5061,-19,2,16,30,12,12,6,-8,0.078125,-0.313965,0.92041,0,2.25,1.8125,-0.331939,-0.076979,-2.5585
5061,21,-4,-5,-28,-29,-8,-8,-4,0.078125,-0.313965,0.92041,0,2.25,1.8125,-0.331939,-0.076979,-2.5585
5063,-2,-10,46,-3,-22,-21,-4,-5,0.0615234,-0.294922,0.910645,-0.6875,1.625,0.625,-0.331687,-0.0761324,-2.55841
5063,-2,1,127,-49,-13,-11,-10,-1,0.0615234,-0.294922,0.910645,-0.6875,1.625,0.625,-0.331687,-0.0761324,-2.55841
5075,-15,1,14,-7,3,-4,2,0,0.0615234,-0.294922,0.910645,-0.6875,1.625,0.625,-0.331687,-0.0761324,-2.55841
5075,21,12,23,50,33,8,-9,-12,0.0615234,-0.294922,0.910645,-0.6875,1.625,0.625,-0.331687,-0.0761324,-2.55841
5084,-22,-3,58,-18,-5,5,12,7,0.0512695,-0.304199,0.904297,-0.1875,0.4375,-0.3125,-0.331609,-0.0759009,-2.55844
5084,44,1,30,-35,-48,-2,-4,12,0.0512695,-0.304199,0.904297,-0.1875,0.4375,-0.3125,-0.331609,-0.0759009,-2.55844
5098,-53,0,26,44,41,14,-2,-9,0.0512695,-0.304199,0.904297,-0.1875,0.4375,-0.3125,-0.331609,-0.0759009,-2.55844
5098,10,-2,-26,-3,2,-13,-18,-3,0.0512695,-0.304199,0.904297,-0.1875,0.4375,-0.3125,-0.331609,-0.0759009,-2.55844
5100,65,5,-25,-29,-82,-10,-6,31,0.0424805,-0.307129,0.902832,-0.4375,-1.1875,-0.125,-0.331663,-0.0756173,-2.55838
5100,-42,-2,30,44,68,16,25,-15,0.0424805,-0.307129,0.902832,-0.4375,-1.1875,-0.125,-0.331663,-0.0756173,-2.55838
5121,30,9,42,-19,39,9,3,14,0.0424805,-0.307129,0.902832,-0.4375,-1.1875,-0.125,-0.331663,-0.0756173,-2.55838
5121,-32,-14,-70,-16,-40,-9,-8,-8,0.0424805,-0.307129,0.902832,-0.4375,-1.1875,-0.125,-0.331663,-0.0756173,-2.55838
5123,62,10,61,31,33,8,4,5,0.0649414,-0.292969,0.904785,-1.8125,-2.4375,-1.5,-0.331883,-0.0763763,-2.55868
5123,-42,3,13,38,-3,8,1,-6,0.0649414,-0.292969,0.904785,-1.8125,-2.4375,-1.5,-0.331883,-0.0763763,-2.55868
5135,5,-14,-33,-99,-78,-13,-1,-10,0.0649414,-0.292969,0.904785,-1.8125,-2.4375,-1.5,-0.331883,-0.0763763,-2.55868
5135,-50,-11,20,23,78,-4,-11,4,0.0649414,-0.292969,0.904785,-1.8125,-2.4375,-1.5,-0.331883,-0.0763763,-2.55868
5144,38,22,57,60,57,23,15,4,0.0571289,-0.285645,0.906738,-1.6875,-3.9375,-2.25,-0.331808,-0.0774868,-2.55901
5144,11,1,-68,-23,-59,-12,-9,11,0.0571289,-0.285645,0.906738,-1.6875,-3.9375,-2.25,-0.331808,-0.0774868,-2.55901
5159,29,-6,21,-15,11,4,26,6,0.0571289,-0.285645,0.906738,-1.6875,-3.9375,-2.25,-0.331808,-0.0774868,-2.55901
5159,-19,0,-23,17,2,2,-32,6,0.0571289,-0.285645,0.906738,-1.6875,-3.9375,-2.25,-0.331808,-0.0774868,-2.55901
5160,-55,-11,-96,-119,-103,-33,-20,-12,0.0761719,-0.310547,0.924805,-3.25,-5.6875,-2.9375,-0.332673,-0.0796015,-2.55925
5160,3,-19,-70,75,107,13,-6,-18,0.0761719,-0.310547,0.924805,-3.25,-5.6875,-2.9375,-0.332673,-0.0796015,-2.55925
5181,37,18,127,19,-42,-1,10,10,0.0761719,-0.310547,0.924805,-3.25,-5.6875,-2.9375,-0.332673,-0.0796015,-2.55925
5181,17,-1,48,-7,-11,0,8,8,0.0761719,-0.310547,0.924805,-3.25,-5.6875,-2.9375,-0.332673,-0.0796015,-2.55925
5182,34,1,15,65,99,24,12,-4,0.0859375,-0.302734,0.92334,-1.75,-5.625,-1.8125,-0.332847,-0.0818939,-2.55932
5182,-54,12,-72,13,-18,-11,-12,9,0.0859375,-0.302734,0.92334,-1.75,-5.625,-1.8125,-0.332847,-0.0818939,-2.55932
5203,-17,-3,27,-80,-73,-23,-17,-16,0.0859375,-0.302734,0.92334,-1.75,-5.625,-1.8125,-0.332847,-0.0818939,-2.55932
5203,15,-5,-21,-39,-45,-13,19,9,0.0859375,-0.302734,0.92334,-1.75,-5.625,-1.8125,-0.332847,-0.0818939,-2.55932
5210,-2,3,33,40,41,24,-22,-16,0.101074,-0.293945,0.91748,-1.6875,-5.9375,-1.25,-0.332888,-0.0844321,-2.55905
5210,24,13,117,3,29,9,16,20,0.101074,-0.293945,0.91748,-1.6875,-5.9375,-1.25,-0.332888,-0.0844321,-2.55905
5218,-13,-18,-98,5,-6,0,-17,-25,0.101074,-0.293945,0.91748,-1.6875,-5.9375,-1.25,-0.332888,-0.0844321,-2.55905
5218,-52,7,62,18,20,6,4,15,0.101074,-0.293945,0.91748,-1.6875,-5.9375,-1.25,-0.332888,-0.0844321,-2.55905
5220,-7,-8,-2,-4,-27,-9,2,-18,0.0976562,-0.30957,0.925293,-1.25,-4.9375,-0.3125,-0.333132,-0.0863768,-2.55868
5220,-5,-6,64,-63,-47,-22,-13,-11,0.0976562,-0.30957,0.925293,-1.25,-4.9375,-0.3125,-0.333132,-0.0863768,-2.55868
5242,24,2,-82,11,25,-10,-7,10,0.0976562,-0.30957,0.925293,-1.25,-4.9375,-0.3125,-0.333132,-0.0863768,-2.55868
5242,1,3,65,29,29,13,10,-10,0.0976562,-0.30957,0.925293,-1.25,-4.9375,-0.3125,-0.333132,-0.0863768,-2.55868
5243,24,14,65,73,18,14,-4,4,0.0834961,-0.314941,0.92334,0.0625,-3.75,0.375,-0.333013,-0.0874905,-2.55811
5243,-24,6,22,15,21,7,5,14,0.0834961,-0.314941,0.92334,0.0625,-3.75,0.375,-0.333013,-0.0874905,-2.55811
5262,-19,-9,-55,-45,-65,-17,-1,-20,0.0834961,-0.314941,0.92334,0.0625,-3.75,0.375,-0.333013,-0.0874905,-2.55811
5262,-19,2,21,-77,-39,-5,-6,-15,0.0834961,-0.314941,0.92334,0.0625,-3.75,0.375,-0.333013,-0.0874905,-2.55811
5279,40,1,11,85,48,6,4,4,0.0751953,-0.297852,0.90918,-0.3125,-1.625,0,-0.332738,-0.087806,-2.55795
5279,-18,7,23,0,14,-3,5,6,0.0751953,-0.297852,0.90918,-0.3125,-1.625,0,-0.332738,-0.087806,-2.55795
5280,4,10,127,-10,17,6,2,-1,0.0751953,-0.297852,0.90918,-0.3125,-1.625,0,-0.332738,-0.087806,-2.55795
5280,-27,3,-39,74,24,18,8,-2,0.0751953,-0.297852,0.90918,-0.3125,-1.625,0,-0.332738,-0.087806,-2.55795
5282,7,-7,-22,-75,-61,-20,6,10,0.0512695,-0.3125,0.922363,-1.6875,-1.9375,1.3125,-0.333201,-0.0874432,-2.55733
5282,-48,-17,-55,-80,-60,-27,-31,-41,0.0512695,-0.3125,0.922363,-1.6875,-1.9375,1.3125,-0.333201,-0.0874432,-2.55733
5309,-10,-1,64,14,3,2,4,-6,0.0512695,-0.3125,0.922363,-1.6875,-1.9375,1.3125,-0.333201,-0.0874432,-2.55733
5309,10,2,-54,32,56,11,-7,4,0.0512695,-0.3125,0.922363,-1.6875,-1.9375,1.3125,-0.333201,-0.0874432,-2.55733
5310,-5,-7,-79,30,19,13,10,13,0.0483398,-0.312012,0.916992,-1.5,-1.375,1.3125,-0.333747,-0.0869303,-2.55673
5310,10,-4,-109,1,-11,4,15,-9,0.0483398,-0.312012,0.916992,-1.5,-1.375,1.3125,-0.333747,-0.0869303,-2.55673
5331,13,4,57,22,35,3,7,2,0.0483398,-0.312012,0.916992,-1.5,-1.375,1.3125,-0.333747,-0.0869303,-2.55673
5331,11,10,18,-11,-4,-7,-24,-20,0.0483398,-0.312012,0.916992,-1.5,-1.375,1.3125,-0.333747,-0.0869303,-2.55673
5332,-14,1,79,35,2,-7,-7,10,0.0473633,-0.28125,0.90332,-1.8125,-1.4375,0.25,-0.333593,-0.0864202,-2.5565
5332,21,14,80,7,-19,2,17,6,0.0473633,-0.28125,0.90332,-1.8125,-1.4375,0.25,-0.333593,-0.0864202,-2.5565
5338,3,-15,-64,-74,-32,-23,-13,-8,0.0473633,-0.28125,0.90332,-1.8125,-1.4375,0.25,-0.333593,-0.0864202,-2.5565
5338,24,-3,27,4,18,6,4,12,0.0473633,-0.28125,0.90332,-1.8125,-1.4375,0.25,-0.333593,-0.0864202,-2.5565
5345,-9,9,61,57,47,13,5,-24,0.0649414,-0.293457,0.903809,-0.375,-2.375,0.375,-0.333218,-0.0867339,-2.55613
5345,-22,0,2,4,-17,-3,-2,-8,0.0649414,-0.293457,0.903809,-0.375,-2.375,0.375,-0.333218,-0.0867339,-2.55613
5361,2,1,32,-13,4,0,-1,11,0.0649414,-0.293457,0.903809,-0.375,-2.375,0.375,-0.333218,-0.0867339,-2.55613
5361,25,-4,5,17,-5,-16,1,-2,0.0649414,-0.293457,0.903809,-0.375,-2.375,0.375,-0.333218,-0.0867339,-2.55613
5363,-27,-17,-116,-101,-39,-3,-5,12,0.0649414,-0.313477,0.904785,-1.6875,-3.375,0.9375,-0.333985,-0.0873152,-2.55549
5363,52,-5,17,84,93,27,9,-4,0.0649414,-0.313477,0.904785,-1.6875,-3.375,0.9375,-0.333985,-0.0873152,-2.55549
5383,-61,13,10,53,-14,8,7,7,0.0649414,-0.313477,0.904785,-1.6875,-3.375,0.9375,-0.333985,-0.0873152,-2.55549
5383,-30,0,12,-62,-26,-16,-12,-15,0.0649414,-0.313477,0.904785,-1.6875,-3.375,0.9375,-0.333985,-0.0873152,-2.55549
5386,6,-18,-113,-86,-96,-25,-1,0,0.0942383,-0.31543,0.910645,-1.375,-3.375,-0.3125,-0.334384,-0.0885673,-2.55512
5386,41,2,56,10,4,-4,-1,5,0.0942383,-0.31543,0.910645,-1.375,-3.375,-0.3125,-0.334384,-0.0885673,-2.55512
5398,8,-17,-95,35,98,14,-12,29,0.0942383,-0.31543,0.910645,-1.375,-3.375,-0.3125,-0.334384,-0.0885673,-2.55512
5398,-3,8,103,17,-34,-13,7,-10,0.0942383,-0.31543,0.910645,-1.375,-3.375,-0.3125,-0.334384,-0.0885673,-2.55512
5404,-23,-5,-7,-8,1,10,-1,-3,0.0932617,-0.282227,0.911621,-1.625,-2.75,-0.4375,-0.334139,-0.089809,-2.55513
5404,30,-5,-2,-58,-43,-11,-2,11,0.0932617,-0.282227,0.911621,-1.625,-2.75,-0.4375,-0.334139,-0.089809,-2.55513
5421,-68,7,93,-18,-49,-19,-6,-1,0.0932617,-0.282227,0.911621,-1.625,-2.75,-0.4375,-0.334139,-0.089809,-2.55513
5421,14,-15,-87,31,51,28,15,6,0.0932617,-0.282227,0.911621,-1.625,-2.75,-0.4375,-0.334139,-0.089809,-2.55513
5423,-8,2,-11,-12,32,-7,4,-11,0.0761719,-0.28125,0.927734,-3.5625,-2.0625,-0.4375,-0.334401,-0.0902272,-2.55498
5423,-5,-13,-66,30,-63,-18,-7,1,0.0761719,-0.28125,0.927734,-3.5625,-2.0625,-0.4375,-0.334401,-0.0902272,-2.55498
5443,31,4,-16,-38,66,9,-13,-5,0.0761719,-0.28125,0.927734,-3.5625,-2.0625,-0.4375,-0.334401,-0.0902272,-2.55498
5443,-47,5,20,46,-3,10,-2,7,0.0761719,-0.28125,0.927734,-3.5625,-2.0625,-0.4375,-0.334401,-0.0902272,-2.55498
5446,3,8,27,-9,3,-3,-4,-10,0.0791016,-0.314453,0.93457,-2.625,-2,1,-0.335162,-0.0904443,-2.55448
5446,-36,-14,-15,7,11,13,5,-9,0.0791016,-0.314453,0.93457,-2.625,-2,1,-0.335162,-0.0904443,-2.55448
5458,62,-1,4,-7,-36,-18,0,6,0.0791016,-0.314453,0.93457,-2.625,-2,1,-0.335162,-0.0904443,-2.55448
5458,-29,-4,19,-57,-75,-20,-1,12,0.0791016,-0.314453,0.93457,-2.625,-2,1,-0.335162,-0.0904443,-2.55448
5465,19,-6,16,-28,38,-2,-6,-26,0.090332,-0.305664,0.919922,1.5625,0.0625,1.375,-0.334277,-0.0903793,-2.55405
5465,-4,10,24,32,87,21,-3,19,0.090332,-0.305664,0.919922,1.5625,0.0625,1.375,-0.334277,-0.0903793,-2.55405
5480,11,10,23,56,-14,14,14,5,0.090332,-0.305664,0.919922,1.5625,0.0625,1.375,-0.334277,-0.0903793,-2.55405
5480,15,-12,-30,0,21,-2,4,2,0.090332,-0.305664,0.919922,1.5625,0.0625,1.375,-0.334277,-0.0903793,-2.55405
5505,13,1,53,-47,-62,-20,10,13,0.0859375,-0.300781,0.925293,-0.3125,0.375,1.75,-0.333912,-0.0898835,-2.55351
5505,-13,3,95,-43,-85,-19,-22,-26,0.0859375,-0.300781,0.925293,-0.3125,0.375,1.75,-0.333912,-0.0898835,-2.55351
5507,-13,-12,-70,29,71,7,-4,-3,0.0742188,-0.313965,0.92627,-1.75,1.5,1.6875,-0.334427,-0.0889012,-2.55318
5507,33,4,65,54,20,11,11,2,0.0742188,-0.313965,0.92627,-1.75,1.5,1.6875,-0.334427,-0.0889012,-2.55318
5510,-24,2,38,-6,-16,-2,-12,0,0.0742188,-0.313965,0.92627,-1.75,1.5,1.6875,-0.334427,-0.0889012,-2.55318
5510,-5,0,-46,-39,-8,-5,-1,-3,0.0742188,-0.313965,0.92627,-1.75,1.5,1.6875,-0.334427,-0.0889012,-2.55318
5517,42,5,-13,1,4,4,15,24,0.078125,-0.3125,0.919922,-2,1.25,2.875,-0.334978,-0.0879584,-2.55234
5517,0,-6,-86,2,-19,-5,5,-2,0.078125,-0.3125,0.919922,-2,1.25,2.875,-0.334978,-0.0879584,-2.55234
5525,-39,1,10,8,1,-2,-24,-24,0.078125,-0.3125,0.919922,-2,1.25,2.875,-0.334978,-0.0879584,-2.55234
5525,6,8,37,-30,-22,-6,7,11,0.078125,-0.3125,0.919922,-2,1.25,2.875,-0.334978,-0.0879584,-2.55234
5541,-7,-10,-29,-13,7,2,-8,-6,0.0825195,-0.295898,0.932129,-0.5,2.4375,1.875,-0.334543,-0.0868788,-2.55208
5541,-14,13,26,44,39,6,2,4,0.0825195,-0.295898,0.932129,-0.5,2.4375,1.875,-0.334543,-0.0868788,-2.55208
5542,25,-1,34,-17,-9,1,1,11,0.0825195,-0.295898,0.932129,-0.5,2.4375,1.875,-0.334543,-0.0868788,-2.55208
5542,-5,-4,-14,31,49,23,2,0,0.0825195,-0.295898,0.932129,-0.5,2.4375,1.875,-0.334543,-0.0868788,-2.55208
5562,-17,18,31,26,-34,-7,3,-5,0.0673828,-0.302246,0.940918,0.25,2.5625,1.75,-0.333839,-0.0853527,-2.55177
5562,12,-29,-91,-28,26,-2,-11,-12,0.0673828,-0.302246,0.940918,0.25,2.5625,1.75,-0.333839,-0.0853527,-2.55177
5563,-1,4,-19,10,4,3,16,13,0.0673828,-0.302246,0.940918,0.25,2.5625,1.75,-0.333839,-0.0853527,-2.55177
5563,7,2,26,-86,-98,-32,-12,-18,0.0673828,-0.302246,0.940918,0.25,2.5625,1.75,-0.333839,-0.0853527,-2.55177
5577,31,-19,-33,28,52,9,-4,1,0.0717773,-0.30127,0.918457,1.4375,2.125,2.0625,-0.333011,-0.0842427,-2.5514
5577,-25,10,18,-5,4,8,-4,-9,0.0717773,-0.30127,0.918457,1.4375,2.125,2.0625,-0.333011,-0.0842427,-2.5514
5592,22,11,0,37,-25,-11,-1,30,0.0717773,-0.30127,0.918457,1.4375,2.125,2.0625,-0.333011,-0.0842427,-2.5514
5592,-19,1,-12,-8,35,5,4,-18,0.0717773,-0.30127,0.918457,1.4375,2.125,2.0625,-0.333011,-0.0842427,-2.5514
5616,8,19,81,63,27,18,12,5,0.0678711,-0.297363,0.918457,-0.9375,1.5,0.6875,-0.332837,-0.0832467,-2.55134
5616,-28,-7,-18,-59,-96,-32,-4,-2,0.0678711,-0.297363,0.918457,-0.9375,1.5,0.6875,-0.332837,-0.0832467,-2.55134
5617,2,-13,-80,-22,79,11,-5,-19,0.0678711,-0.297363,0.918457,-0.9375,1.5,0.6875,-0.332837,-0.0832467,-2.55134
5617,26,18,88,59,29,11,1,15,0.0678711,-0.297363,0.918457,-0.9375,1.5,0.6875,-0.332837,-0.0832467,-2.55134
5623,-52,-20,-93,-62,-77,-27,-7,-14,0.078125,-0.321777,0.911133,-0.125,0.3125,0.6875,-0.332837,-0.0832467,-2.55134
5623,28,-23,-109,-31,-14,6,-2,-10,0.078125,-0.321777,0.911133,-0.125,0.3125,0.6875,-0.332837,-0.0832467,-2.55134
5624,20,10,60,31,21,13,6,13,0.078125,-0.321777,0.911133,-0.125,0.3125,0.6875,-0.332837,-0.0832467,-2.55134
5624,-41,-6,-15,5,-36,-15,-6,1,0.078125,-0.321777,0.911133,-0.125,0.3125,0.6875,-0.332837,-0.0832467,-2.55134
5639,-9,1,50,33,61,6,-21,-10,0.0698242,-0.313477,0.909668,1.0625,0.4375,0.25,-0.332464,-0.0828452,-2.55138
5639,24,9,-47,-8,-13,8,2,4,0.0698242,-0.313477,0.909668,1.0625,0.4375,0.25,-0.332464,-0.0828452,-2.55138
5646,-13,-32,-77,-54,-90,-32,1,1,0.0698242,-0.313477,0.909668,1.0625,0.4375,0.25,-0.332464,-0.0828452,-2.55138
5646,27,-7,-10,41,98,23,15,1,0.0698242,-0.313477,0.909668,1.0625,0.4375,0.25,-0.332464,-0.0828452,-2.55138
5660,-57,0,30,29,-18,1,-9,-20,0.0854492,-0.316406,0.922852,-0.875,0.4375,0.625,-0.332464,-0.0828452,-2.55138
5660,14,5,67,-10,-19,-2,-3,0,0.0854492,-0.316406,0.922852,-0.875,0.4375,0.625,-0.332464,-0.0828452,-2.55138
5661,7,7,38,-28,-31,-8,-3,-2,0.0854492,-0.316406,0.922852,-0.875,0.4375,0.625,-0.332464,-0.0828452,-2.55138
5661,2,1,30,0,-14,-23,-5,8,0.0854492,-0.316406,0.922852,-0.875,0.4375,0.625,-0.332464,-0.0828452,-2.55138
5682,26,-10,-63,-41,-34,9,12,-8,0.0878906,-0.296387,0.927246,1.375,2.3125,1.875,-0.331463,-0.0820537,-2.55105
5682,-5,2,92,32,70,3,-6,3,0.0878906,-0.296387,0.927246,1.375,2.3125,1.875,-0.331463,-0.0820537,-2.55105
5683,-10,5,19,39,6,11,13,1,0.0878906,-0.296387,0.927246,1.375,2.3125,1.875,-0.331463,-0.0820537,-2.55105
5683,-18,0,5,-54,-57,-16,-17,-13,0.0878906,-0.296387,0.927246,1.375,2.3125,1.875,-0.331463,-0.0820537,-2.55105
5697,27,-7,-63,-55,15,-2,7,20,0.081543,-0.3125,0.930176,0.375,3.3125,1.3125,-0.3311,-0.080843,-2.55091
5697,-11,5,69,69,42,22,3,-3,0.081543,-0.3125,0.930176,0.375,3.3125,1.3125,-0.3311,-0.080843,-2.55091
5706,-19,-8,-77,-4,-18,-12,0,3,0.081543,-0.3125,0.930176,0.375,3.3125,1.3125,-0.3311,-0.080843,-2.55091
5706,20,-3,5,-43,-31,-3,-5,3,0.081543,-0.3125,0.930176,0.375,3.3125,1.3125,-0.3311,-0.080843,-2.55091
5720,0,-1,0,10,26,-2,-1,-13,0.0761719,-0.30957,0.924316,1.3125,3.9375,2,-0.330507,-0.0793018,-2.5507
5720,15,6,49,23,-14,10,19,12,0.0761719,-0.30957,0.924316,1.3125,3.9375,2,-0.330507,-0.0793018,-2.5507
5721,-25,4,113,51,56,10,-12,-2,0.0761719,-0.30957,0.924316,1.3125,3.9375,2,-0.330507,-0.0793018,-2.5507
5721,15,0,-86,-20,2,-1,2,14,0.0761719,-0.30957,0.924316,1.3125,3.9375,2,-0.330507,-0.0793018,-2.5507
5742,-10,14,92,-94,-112,-40,-10,-4,0.0869141,-0.29248,0.905762,2.0625,3.25,2.8125,-0.329447,-0.0782442,-2.55021
5742,13,-34,-128,23,102,8,-3,-3,0.0869141,-0.29248,0.905762,2.0625,3.25,2.8125,-0.329447,-0.0782442,-2.55021
5743,5,20,65,59,23,28,18,0,0.0869141,-0.29248,0.905762,2.0625,3.25,2.8125,-0.329447,-0.0782442,-2.55021
5743,5,1,-14,11,-30,-1,2,2,0.0869141,-0.29248,0.905762,2.0625,3.25,2.8125,-0.329447,-0.0782442,-2.55021
5766,-25,-2,21,29,35,-3,0,-7,0.0805664,-0.300781,0.910645,1.125,2.3125,2.875,-0.328822,-0.0772872,-2.54952
5766,-2,7,5,-14,-36,-5,-8,-3,0.0805664,-0.300781,0.910645,1.125,2.3125,2.875,-0.328822,-0.0772872,-2.54952
5767,43,-7,-65,-36,-23,-19,-2,15,0.0805664,-0.300781,0.910645,1.125,2.3125,2.875,-0.328822,-0.0772872,-2.54952
5767,-50,-4,34,-33,-24,-14,-7,-20,0.0805664,-0.300781,0.910645,1.125,2.3125,2.875,-0.328822,-0.0772872,-2.54952
5780,-4,-20,-89,-32,-25,-4,4,6,0.0722656,-0.306641,0.904785,1.5625,2.125,1.625,-0.328265,-0.0762441,-2.54925
5780,-17,-21,-28,8,21,-5,-12,-14,0.0722656,-0.306641,0.904785,1.5625,2.125,1.625,-0.328265,-0.0762441,-2.54925
5788,-21,0,8,36,23,7,-4,-12,0.0722656,-0.306641,0.904785,1.5625,2.125,1.625,-0.328265,-0.0762441,-2.54925
5788,15,1,25,-6,36,8,1,13,0.0722656,-0.306641,0.904785,1.5625,2.125,1.625,-0.328265,-0.0762441,-2.54925
5803,4,6,-33,4,-43,-1,10,2,0.0600586,-0.291016,0.904297,0.8125,0.625,1.25,-0.327585,-0.0756171,-2.5489
5803,2,8,99,-30,9,-14,-6,-3,0.0600586,-0.291016,0.904297,0.8125,0.625,1.25,-0.327585,-0.0756171,-2.5489
5803,8,-5,-86,59,49,23,-5,-4,0.0600586,-0.291016,0.904297,0.8125,0.625,1.25,-0.327585,-0.0756171,-2.5489
5803,-12,-5,-58,-8,-1,3,5,1,0.0600586,-0.291016,0.904297,0.8125,0.625,1.25,-0.327585,-0.0756171,-2.5489
5826,-21,-3,0,-38,-41,-20,-11,-18,0.0756836,-0.309082,0.905273,0.125,-1.25,0.6875,-0.327624,-0.0760686,-2.54854
5826,-26,6,14,-33,-38,-10,2,-4,0.0756836,-0.309082,0.905273,0.125,-1.25,0.6875,-0.327624,-0.0760686,-2.54854
5827,21,-4,-22,8,-27,-9,-4,3,0.0756836,-0.309082,0.905273,0.125,-1.25,0.6875,-0.327624,-0.0760686,-2.54854
5827,-21,-12,-50,-37,28,3,-5,-15,0.0756836,-0.309082,0.905273,0.125,-1.25,0.6875,-0.327624,-0.0760686,-2.54854
5841,-25,12,110,114,68,26,4,12,0.0629883,-0.304688,0.910156,0.625,-2.0625,0.75,-0.327378,-0.0763326,-2.54809
5841,56,-3,-126,3,-9,9,14,14,0.0629883,-0.304688,0.910156,0.625,-2.0625,0.75,-0.327378,-0.0763326,-2.54809
5841,-39,10,127,-34,-60,-17,-6,-25,0.0629883,-0.304688,0.910156,0.625,-2.0625,0.75,-0.327378,-0.0763326,-2.54809
5841,32,-3,-48,55,44,3,-7,13,0.0629883,-0.304688,0.910156,0.625,-2.0625,0.75,-0.327378,-0.0763326,-2.54809
5863,-52,-4,-17,-100,-78,-19,-5,-6,0.0625,-0.296387,0.902832,-1.3125,-2.4375,-0.375,-0.327558,-0.0769006,-2.54792
5863,-7,9,70,24,15,-4,-9,-18,0.0625,-0.296387,0.902832,-1.3125,-2.4375,-0.375,-0.327558,-0.0769006,-2.54792
5863,1,-6,-33,68,73,28,8,3,0.0625,-0.296387,0.902832,-1.3125,-2.4375,-0.375,-0.327558,-0.0769006,-2.54792
5863,16,-3,-6,-28,-61,-7,1,8,0.0625,-0.296387,0.902832,-1.3125,-2.4375,-0.375,-0.327558,-0.0769006,-2.54792
5877,24,4,54,-8,17,0,2,-12,0.0878906,-0.313965,0.904785,-1.75,-2,0,-0.328298,-0.0779431,-2.54771
5877,-13,8,4,9,13,-6,-14,-1,0.0878906,-0.313965,0.904785,-1.75,-2,0,-0.328298,-0.0779431,-2.54771
5886,-32,-22,-88,-91,-58,-15,-9,-9,0.0878906,-0.313965,0.904785,-1.75,-2,0,-0.328298,-0.0779431,-2.54771
5886,5,9,70,9,-21,-3,2,-1,0.0878906,-0.313965,0.904785,-1.75,-2,0,-0.328298,-0.0779431,-2.54771
5900,9,2,-5,56,69,17,7,9,0.065918,-0.306641,0.923828,-0.6875,-1.0625,0.125,-0.32833,-0.0780306,-2.5475
5900,12,8,2,16,10,17,11,10,0.065918,-0.306641,0.923828,-0.6875,-1.0625,0.125,-0.32833,-0.0780306,-2.5475
5901,-1,-6,-19,-70,-26,-15,-4,-11,0.065918,-0.306641,0.923828,-0.6875,-1.0625,0.125,-0.32833,-0.0780306,-2.5475
5901,5,4,50,31,-8,-12,-9,-18,0.065918,-0.306641,0.923828,-0.6875,-1.0625,0.125,-0.32833,-0.0780306,-2.5475
5923,18,5,1,101,84,35,4,1,0.074707,-0.301758,0.919922,-1.75,-0.125,-0.5625,-0.328609,-0.078123,-2.5478
5923,29,2,-76,-38,-50,-7,1,7,0.074707,-0.301758,0.919922,-1.75,-0.125,-0.5625,-0.328609,-0.078123,-2.5478
5924,-51,-9,22,-30,-8,-19,-13,-12,0.074707,-0.301758,0.919922,-1.75,-0.125,-0.5625,-0.328609,-0.078123,-2.5478
5924,34,-6,5,2,22,-5,14,5,0.074707,-0.301758,0.919922,-1.75,-0.125,-0.5625,-0.328609,-0.078123,-2.5478
5937,5,10,91,-26,-38,-8,-14,5,0.0668945,-0.291016,0.918457,-2.5,0.5,-0.3125,-0.328964,-0.0776556,-2.54798
5937,-3,-18,-61,-1,-31,-12,-3,-2,0.0668945,-0.291016,0.918457,-2.5,0.5,-0.3125,-0.328964,-0.0776556,-2.54798
5946,28,7,-59,-55,9,13,4,1,0.0668945,-0.291016,0.918457,-2.5,0.5,-0.3125,-0.328964,-0.0776556,-2.54798
5946,-18,-1,-5,-5,-65,-14,1,-1,0.0668945,-0.291016,0.918457,-2.5,0.5,-0.3125,-0.328964,-0.0776556,-2.54798
5960,27,-5,3,62,86,13,-7,-3,0.0717773,-0.309082,0.927734,-0.4375,1.3125,1.1875,-0.32894,-0.0770947,-2.54766
5960,0,-5,-56,12,18,18,13,18,0.0717773,-0.309082,0.927734,-0.4375,1.3125,1.1875,-0.32894,-0.0770947,-2.54766
5961,-6,12,56,-34,-51,-19,-2,6,0.0717773,-0.309082,0.927734,-0.4375,1.3125,1.1875,-0.32894,-0.0770947,-2.54766
5961,-7,-4,25,26,46,18,4,-14,0.0717773,-0.309082,0.927734,-0.4375,1.3125,1.1875,-0.32894,-0.0770947,-2.54766
5983,-25,-5,7,-50,-73,-22,-6,1,0.0688477,-0.291992,0.932617,0.625,1.4375,1.0625,-0.328187,-0.076265,-2.54755
5983,-5,7,95,-33,-35,-13,-13,-14,0.0688477,-0.291992,0.932617,0.625,1.4375,1.0625,-0.328187,-0.076265,-2.54755
5983,-3,-2,-39,29,22,2,-1,-3,0.0688477,-0.291992,0.932617,0.625,1.4375,1.0625,-0.328187,-0.076265,-2.54755
5983,4,-15,-103,-18,4,2,-3,-5,0.0688477,-0.291992,0.932617,0.625,1.4375,1.0625,-0.328187,-0.076265,-2.54755
5997,10,-7,21,12,40,9,26,13,0.050293,-0.289551,0.926758,0.1875,1,1.625,-0.327502,-0.0752292,-2.54707
5997,13,-6,19,-7,-18,-4,-27,-6,0.050293,-0.289551,0.926758,0.1875,1,1.625,-0.327502,-0.0752292,-2.54707
6005,-44,6,49,22,11,-13,-5,4,0.050293,-0.289551,0.926758,0.1875,1,1.625,-0.327502,-0.0752292,-2.54707
6005,-1,-4,36,-5,5,9,-1,-4,0.050293,-0.289551,0.926758,0.1875,1,1.625,-0.327502,-0.0752292,-2.54707
6021,0,3,4,-39,-72,-25,5,1,0.0625,-0.301758,0.922852,-1.3125,0.25,1.0625,-0.327628,-0.0747674,-2.54684
6021,-15,-19,-73,-8,13,6,5,-4,0.0625,-0.301758,0.922852,-1.3125,0.25,1.0625,-0.327628,-0.0747674,-2.54684
6021,32,6,-21,-14,-2,-6,-2,4,0.0625,-0.301758,0.922852,-1.3125,0.25,1.0625,-0.327628,-0.0747674,-2.54684
6021,-5,-2,44,93,95,30,-1,-5,0.0625,-0.301758,0.922852,-1.3125,0.25,1.0625,-0.327628,-0.0747674,-2.54684
6043,3,3,-26,-22,0,11,1,9,0.0717773,-0.302246,0.915527,1.1875,-0.25,1.0625,-0.327105,-0.0746039,-2.54644
6043,-3,15,104,-22,-20,-12,3,-8,0.0717773,-0.302246,0.915527,1.1875,-0.25,1.0625,-0.327105,-0.0746039,-2.54644
6046,18,-6,-4,-47,-63,-10,-4,5,0.0717773,-0.302246,0.915527,1.1875,-0.25,1.0625,-0.327105,-0.0746039,-2.54644
6046,-26,-11,-40,4,6,-4,-1,7,0.0717773,-0.302246,0.915527,1.1875,-0.25,1.0625,-0.327105,-0.0746039,-2.54644
6057,37,4,40,-8,-1,-8,-8,2,0.0693359,-0.305176,0.90625,1.5625,-0.3125,1.125,-0.32649,-0.0746086,-2.54611
6057,-14,4,43,5,11,-8,-6,-6,0.0693359,-0.305176,0.90625,1.5625,-0.3125,1.125,-0.32649,-0.0746086,-2.54611
6065,24,2,30,51,42,21,10,5,0.0693359,-0.305176,0.90625,1.5625,-0.3125,1.125,-0.32649,-0.0746086,-2.54611
6065,1,8,6,-40,-95,-15,-6,2,0.0693359,-0.305176,0.90625,1.5625,-0.3125,1.125,-0.32649,-0.0746086,-2.54611
6088,18,-1,17,-9,58,-2,-2,-6,0.0712891,-0.315918,0.917969,0.0625,0.3125,0.0625,-0.326611,-0.0745739,-2.54612
6088,-29,-9,-98,13,28,7,0,0,0.0712891,-0.315918,0.917969,0.0625,0.3125,0.0625,-0.326611,-0.0745739,-2.54612
6089,4,10,89,32,-10,5,-2,-9,0.0712891,-0.315918,0.917969,0.0625,0.3125,0.0625,-0.326611,-0.0745739,-2.54612
6089,-6,8,79,18,3,-2,1,-8,0.0712891,-0.315918,0.917969,0.0625,0.3125,0.0625,-0.326611,-0.0745739,-2.54612
6103,-29,-14,-128,-69,-44,-17,-12,-7,0.0668945,-0.297852,0.916016,-1.25,0,0.125,-0.326702,-0.0744059,-2.54605
6103,26,-9,-28,9,-2,-7,-1,3,0.0668945,-0.297852,0.916016,-1.25,0,0.125,-0.326702,-0.0744059,-2.54605
6103,-1,8,89,76,64,32,14,7,0.0668945,-0.297852,0.916016,-1.25,0,0.125,-0.326702,-0.0744059,-2.54605
6103,-17,0,-45,-95,-81,-28,-2,8,0.0668945,-0.297852,0.916016,-1.25,0,0.125,-0.326702,-0.0744059,-2.54605
6117,7,-12,22,-39,9,-5,-13,-16,0.0629883,-0.29248,0.92334,-0.6875,0.125,0.3125,-0.326542,-0.074325,-2.54606
6117,10,10,50,77,53,17,13,-1,0.0629883,-0.29248,0.92334,-0.6875,0.125,0.3125,-0.326542,-0.074325,-2.54606
6126,-10,-3,-65,23,40,18,6,5,0.0629883,-0.29248,0.92334,-0.6875,0.125,0.3125,-0.326542,-0.074325,-2.54606
6126,11,-2,26,-1,-23,-13,9,10,0.0629883,-0.29248,0.92334,-0.6875,0.125,0.3125,-0.326542,-0.074325,-2.54606
6149,-14,-2,-25,-46,-80,-24,-12,-2,0.0541992,-0.286133,0.924805,0.75,0.1875,0.9375,-0.326381,-0.0742441,-2.54606
6149,-1,-3,85,-20,30,1,-9,-10,0.0541992,-0.286133,0.924805,0.75,0.1875,0.9375,-0.326381,-0.0742441,-2.54606
6149,-2,-11,-98,38,20,15,1,-10,0.0541992,-0.286133,0.924805,0.75,0.1875,0.9375,-0.326381,-0.0742441,-2.54606
6149,-7,8,-10,-21,-16,-6,-5,-4,0.0541992,-0.286133,0.924805,0.75,0.1875,0.9375,-0.326381,-0.0742441,-2.54606
6163,24,-7,1,46,55,6,7,5,0.0693359,-0.302734,0.92627,0.3125,0.1875,1.5625,-0.326043,-0.073886,-2.5456
6163,-23,10,68,21,13,4,-4,3,0.0693359,-0.302734,0.92627,0.3125,0.1875,1.5625,-0.326043,-0.073886,-2.5456
6164,31,-2,-22,-5,-31,-17,-2,15,0.0693359,-0.302734,0.92627,0.3125,0.1875,1.5625,-0.326043,-0.073886,-2.5456
6164,-15,-12,-38,-80,-14,-4,-3,-6,0.0693359,-0.302734,0.92627,0.3125,0.1875,1.5625,-0.326043,-0.073886,-2.5456
6193,-9,-2,59,12,-44,5,0,1,0.0673828,-0.299805,0.919922,0.9375,0.6875,1.4375,-0.325561,-0.0734572,-2.54524
6193,21,3,11,21,24,-4,-2,-4,0.0673828,-0.299805,0.919922,0.9375,0.6875,1.4375,-0.325561,-0.0734572,-2.54524
6193,-1,-4,2,5,10,3,-3,1,0.0673828,-0.299805,0.919922,0.9375,0.6875,1.4375,-0.325561,-0.0734572,-2.54524
6193,-5,2,-2,74,70,13,3,-1,0.0673828,-0.299805,0.919922,0.9375,0.6875,1.4375,-0.325561,-0.0734572,-2.54524
6200,-22,1,-41,-36,-42,-7,-2,2,0.0458984,-0.297852,0.905273,0.375,0.0625,1.875,-0.325245,-0.0726826,-2.54464
6200,-10,-11,-28,-19,-5,8,8,-7,0.0458984,-0.297852,0.905273,0.375,0.0625,1.875,-0.325245,-0.0726826,-2.54464
6200,-7,4,63,-28,-87,-27,-15,-8,0.0458984,-0.297852,0.905273,0.375,0.0625,1.875,-0.325245,-0.0726826,-2.54464
6200,14,-2,-37,-44,38,3,-1,3,0.0458984,-0.297852,0.905273,0.375,0.0625,1.875,-0.325245,-0.0726826,-2.54464
6239,3,-10,4,60,25,13,7,7,0.0703125,-0.297852,0.900879,0.125,0.375,1.5625,-0.325066,-0.0724058,-2.54417
6239,6,11,-32,4,-12,11,2,11,0.0703125,-0.297852,0.900879,0.125,0.375,1.5625,-0.325066,-0.0724058,-2.54417
6239,25,4,27,-27,-20,-12,-2,11,0.0703125,-0.297852,0.900879,0.125,0.375,1.5625,-0.325066,-0.0724058,-2.54417
6239,-51,-1,50,47,46,3,4,-18,0.0703125,-0.297852,0.900879,0.125,0.375,1.5625,-0.325066,-0.0724058,-2.54417
6254,-18,-1,8,-41,-22,-7,-17,-14,0.0556641,-0.300293,0.907227,0,0.3125,1.5,-0.325021,-0.071695,-2.54368
6254,-1,-8,22,3,-22,-4,-2,-1,0.0556641,-0.300293,0.907227,0,0.3125,1.5,-0.325021,-0.071695,-2.54368
6254,29,11,38,-8,27,-1,-1,6,0.0556641,-0.300293,0.907227,0,0.3125,1.5,-0.325021,-0.071695,-2.54368
6254,6,13,48,42,36,18,3,-24,0.0556641,-0.300293,0.907227,0,0.3125,1.5,-0.325021,-0.071695,-2.54368
6260,-26,3,-1,19,-16,1,7,21,0.0585938,-0.303223,0.917969,-0.4375,0.8125,0.75,-0.3249,-0.0717299,-2.54367
6260,-6,-8,-38,-78,-63,-26,-13,-18,0.0585938,-0.303223,0.917969,-0.4375,0.8125,0.75,-0.3249,-0.0717299,-2.54367
6261,6,7,-11,20,13,13,6,-9,0.0585938,-0.303223,0.917969,-0.4375,0.8125,0.75,-0.3249,-0.0717299,-2.54367
6261,4,-13,-109,-12,25,1,0,12,0.0585938,-0.303223,0.917969,-0.4375,0.8125,0.75,-0.3249,-0.0717299,-2.54367
6283,15,8,20,40,13,13,3,-7,0.081543,-0.297852,0.922363,1,0.875,1.6875,-0.324336,-0.0714523,-2.54328
6283,5,2,55,-15,-31,-15,-1,4,0.081543,-0.297852,0.922363,1,0.875,1.6875,-0.324336,-0.0714523,-2.54328
6284,-1,-13,-60,-64,-12,-24,-13,-2,0.081543,-0.297852,0.922363,1,0.875,1.6875,-0.324336,-0.0714523,-2.54328
6284,-19,6,35,45,25,9,0,-3,0.081543,-0.297852,0.922363,1,0.875,1.6875,-0.324336,-0.0714523,-2.54328
6306,-4,2,-8,24,18,5,2,1,0.0683594,-0.297363,0.924805,0.8125,1.125,2.25,-0.323817,-0.0708639,-2.54265
6306,-3,-4,-54,-34,-31,-9,2,6,0.0683594,-0.297363,0.924805,0.8125,1.125,2.25,-0.323817,-0.0708639,-2.54265
6307,3,12,80,57,51,14,6,-4,0.0683594,-0.297363,0.924805,0.8125,1.125,2.25,-0.323817,-0.0708639,-2.54265
6307,8,0,-1,-28,-56,-7,1,3,0.0683594,-0.297363,0.924805,0.8125,1.125,2.25,-0.323817,-0.0708639,-2.54265
6321,21,2,-5,-40,-7,-8,-13,2,0.0615234,-0.29834,0.922363,0.1875,1.1875,1.5,-0.323481,-0.0701255,-2.54224
6321,16,0,66,35,13,-1,-7,-1,0.0615234,-0.29834,0.922363,0.1875,1.1875,1.5,-0.323481,-0.0701255,-2.54224
6321,-34,-9,-15,-28,-21,-7,6,11,0.0615234,-0.29834,0.922363,0.1875,1.1875,1.5,-0.323481,-0.0701255,-2.54224
6321,11,-4,6,4,9,-4,-6,-23,0.0615234,-0.29834,0.922363,0.1875,1.1875,1.5,-0.323481,-0.0701255,-2.54224
6343,1,2,23,22,25,12,10,1,0.0668945,-0.285156,0.903809,0.375,0.875,0.8125,-0.32336,-0.0701605,-2.54223
6343,6,5,-9,-50,-39,-10,-6,-7,0.0668945,-0.285156,0.903809,0.375,0.875,0.8125,-0.32336,-0.0701605,-2.54223
6343,-9,-7,-33,28,24,2,-4,-7,0.0668945,-0.285156,0.903809,0.375,0.875,0.8125,-0.32336,-0.0701605,-2.54223
6343,18,6,24,20,-3,-3,-5,16,0.0668945,-0.285156,0.903809,0.375,0.875,0.8125,-0.32336,-0.0701605,-2.54223
6366,-2,2,78,0,-3,-2,-1,-6,0.0581055,-0.303711,0.90625,-2.5,-0.9375,1.1875,-0.324278,-0.0700742,-2.54179
6366,-28,-13,-128,-12,-13,-5,-1,-4,0.0581055,-0.303711,0.90625,-2.5,-0.9375,1.1875,-0.324278,-0.0700742,-2.54179
6367,-5,-15,27,-11,-5,5,-6,-12,0.0581055,-0.303711,0.90625,-2.5,-0.9375,1.1875,-0.324278,-0.0700742,-2.54179
6367,8,-1,17,-39,-21,-11,4,18,0.0581055,-0.303711,0.90625,-2.5,-0.9375,1.1875,-0.324278,-0.0700742,-2.54179
6380,17,0,-33,13,21,-6,-11,-4,0.0546875,-0.313477,0.911621,-1.25,-1.125,0.6875,-0.324795,-0.069977,-2.54133
6380,-30,10,32,7,15,8,3,2,0.0546875,-0.313477,0.911621,-1.25,-1.125,0.6875,-0.324795,-0.069977,-2.54133
6381,20,10,55,32,40,8,9,7,0.0546875,-0.313477,0.911621,-1.25,-1.125,0.6875,-0.324795,-0.069977,-2.54133
6381,-14,-13,-87,-14,-68,-3,-9,1,0.0546875,-0.313477,0.911621,-1.25,-1.125,0.6875,-0.324795,-0.069977,-2.54133
6403,-13,-15,-31,-5,14,-5,6,2,0.0654297,-0.29834,0.912598,-1.375,-1.0625,0.0625,-0.325035,-0.0702885,-2.5413
6403,12,-5,-77,-34,-4,1,-9,-12,0.0654297,-0.29834,0.912598,-1.375,-1.0625,0.0625,-0.325035,-0.0702885,-2.5413
6403,-13,-13,57,27,23,-1,-3,-13,0.0654297,-0.29834,0.912598,-1.375,-1.0625,0.0625,-0.325035,-0.0702885,-2.5413
6403,-2,12,17,49,28,4,-4,4,0.0654297,-0.29834,0.912598,-1.375,-1.0625,0.0625,-0.325035,-0.0702885,-2.5413
6433,-6,-9,-65,-47,-74,-7,6,6,0.0712891,-0.288086,0.910156,-0.75,-0.4375,0.4375,-0.325035,-0.0702885,-2.5413
6433,18,-3,66,-58,-40,-20,-3,5,0.0712891,-0.288086,0.910156,-0.75,-0.4375,0.4375,-0.325035,-0.0702885,-2.5413
6434,-15,10,30,69,88,29,7,-6,0.0712891,-0.288086,0.910156,-0.75,-0.4375,0.4375,-0.325035,-0.0702885,-2.5413
6434,30,10,36,64,24,6,7,23,0.0712891,-0.288086,0.910156,-0.75,-0.4375,0.4375,-0.325035,-0.0702885,-2.5413
6443,-2,6,3,-43,3,-2,-10,-17,0.0688477,-0.301758,0.929688,-0.875,-0.375,1.5625,-0.325095,-0.0703235,-2.54081
6443,-21,4,-24,57,8,11,13,7,0.0688477,-0.301758,0.929688,-0.875,-0.375,1.5625,-0.325095,-0.0703235,-2.54081
6444,-1,0,1,-20,-4,-11,-8,6,0.0688477,-0.301758,0.929688,-0.875,-0.375,1.5625,-0.325095,-0.0703235,-2.54081
6444,6,-15,-44,-84,-64,-14,-2,-2,0.0688477,-0.301758,0.929688,-0.875,-0.375,1.5625,-0.325095,-0.0703235,-2.54081
6463,2,7,41,19,6,4,0,-3,0.0712891,-0.301758,0.923828,-0.875,0.25,1.1875,-0.325067,-0.0701451,-2.54043
6463,-23,-16,-52,-29,2,-8,-6,-22,0.0712891,-0.301758,0.923828,-0.875,0.25,1.1875,-0.325067,-0.0701451,-2.54043
6463,-1,-2,-17,5,-27,-14,-8,-14,0.0712891,-0.301758,0.923828,-0.875,0.25,1.1875,-0.325067,-0.0701451,-2.54043
6463,18,10,54,19,31,22,6,13,0.0712891,-0.301758,0.923828,-0.875,0.25,1.1875,-0.325067,-0.0701451,-2.54043
6485,-39,-8,19,15,-1,-9,5,-9,0.0473633,-0.29834,0.929199,-2.6875,1.5,0.75,-0.325637,-0.0690461,-2.54033
6485,2,-2,49,17,14,3,-10,3,0.0473633,-0.29834,0.929199,-2.6875,1.5,0.75,-0.325637,-0.0690461,-2.54033
6486,-10,-17,-94,-59,-58,-17,-3,-2,0.0473633,-0.29834,0.929199,-2.6875,1.5,0.75,-0.325637,-0.0690461,-2.54033
6486,1,-2,14,28,83,19,7,-8,0.0473633,-0.29834,0.929199,-2.6875,1.5,0.75,-0.325637,-0.0690461,-2.54033
6501,0,7,5,-9,-37,-4,-9,0,0.059082,-0.314941,0.944336,-1.625,1.6875,1.625,-0.326128,-0.0680523,-2.5399
6501,16,2,-34,-2,0,4,3,8,0.059082,-0.314941,0.944336,-1.625,1.6875,1.625,-0.326128,-0.0680523,-2.5399
6501,-22,-4,11,2,-56,-14,2,-8,0.059082,-0.314941,0.944336,-1.625,1.6875,1.625,-0.326128,-0.0680523,-2.5399
6501,-6,-4,30,-38,-37,-13,-12,-4,0.059082,-0.314941,0.944336,-1.625,1.6875,1.625,-0.326128,-0.0680523,-2.5399
6523,5,-4,-48,46,83,12,-6,-1,0.0556641,-0.290527,0.94043,0.375,2.5625,3.125,-0.325469,-0.0665858,-2.53919
6523,1,10,70,-21,-37,-4,9,16,0.0556641,-0.290527,0.94043,0.375,2.5625,3.125,-0.325469,-0.0665858,-2.53919
6523,13,-2,-7,21,-28,-5,-3,2,0.0556641,-0.290527,0.94043,0.375,2.5625,3.125,-0.325469,-0.0665858,-2.53919
6523,-15,-2,31,-62,-26,-13,-4,-9,0.0556641,-0.290527,0.94043,0.375,2.5625,3.125,-0.325469,-0.0665858,-2.53919
6546,-21,-6,-29,87,73,21,11,6,0.0571289,-0.29834,0.924805,-0.1875,3.1875,3.0625,-0.325163,-0.0650319,-2.53861
6546,8,-1,-11,-18,-23,4,7,-4,0.0571289,-0.29834,0.924805,-0.1875,3.1875,3.0625,-0.325163,-0.0650319,-2.53861
6547,-15,8,74,1,46,8,-5,-1,0.0571289,-0.29834,0.924805,-0.1875,3.1875,3.0625,-0.325163,-0.0650319,-2.53861
6547,-33,-8,-39,-50,-82,-27,-8,-2,0.0571289,-0.29834,0.924805,-0.1875,3.1875,3.0625,-0.325163,-0.0650319,-2.53861
6560,10,0,13,-17,-19,-2,-1,-14,0.0512695,-0.300293,0.92627,-0.5625,3,3.1875,-0.325081,-0.0633982,-2.53795
6560,17,5,59,49,49,5,-4,7,0.0512695,-0.300293,0.92627,-0.5625,3,3.1875,-0.325081,-0.0633982,-2.53795
6561,19,-6,-96,-61,-29,-5,9,11,0.0512695,-0.300293,0.92627,-0.5625,3,3.1875,-0.325081,-0.0633982,-2.53795
6561,-27,-7,-22,16,52,5,-4,-4,0.0512695,-0.300293,0.92627,-0.5625,3,3.1875,-0.325081,-0.0633982,-2.53795
6583,-1,0,7,-1,-35,-5,-6,7,0.050293,-0.293457,0.919922,1.0625,1.8125,3.875,-0.324509,-0.062101,-2.53682
6583,-8,1,-25,23,-11,-2,5,-6,0.050293,-0.293457,0.919922,1.0625,1.8125,3.875,-0.324509,-0.062101,-2.53682
6583,8,2,23,24,43,13,-2,0,0.050293,-0.293457,0.919922,1.0625,1.8125,3.875,-0.324509,-0.062101,-2.53682
6583,18,19,39,9,-27,-12,-1,2,0.050293,-0.293457,0.919922,1.0625,1.8125,3.875,-0.324509,-0.062101,-2.53682
6606,-7,-15,-90,-83,-69,-14,-5,3,0.0585938,-0.284668,0.914062,0.9375,0.375,3.5,-0.323635,-0.0615582,-2.53577
6606,-9,-5,27,25,73,3,-2,-8,0.0585938,-0.284668,0.914062,0.9375,0.375,3.5,-0.323635,-0.0615582,-2.53577
6607,7,21,55,2,17,11,10,3,0.0585938,-0.284668,0.914062,0.9375,0.375,3.5,-0.323635,-0.0615582,-2.53577
6607,28,-7,-30,20,-5,2,-5,5,0.0585938,-0.284668,0.914062,0.9375,0.375,3.5,-0.323635,-0.0615582,-2.53577
6620,-8,-5,30,39,10,-3,4,6,0.0625,-0.309082,0.915527,0.6875,-0.0625,2.25,-0.32356,-0.0614604,-2.53499
6620,16,3,-9,-8,-31,-10,-2,4,0.0625,-0.309082,0.915527,0.6875,-0.0625,2.25,-0.32356,-0.0614604,-2.53499
6621,-12,-3,-9,-50,-24,-6,-2,2,0.0625,-0.309082,0.915527,0.6875,-0.0625,2.25,-0.32356,-0.0614604,-2.53499
6621,-25,-6,1,-20,-19,-2,-1,-13,0.0625,-0.309082,0.915527,0.6875,-0.0625,2.25,-0.32356,-0.0614604,-2.53499
6642,33,13,39,23,43,14,3,1,0.0463867,-0.307617,0.90332,0.3125,-0.5,1.4375,-0.323483,-0.0611403,-2.53443
6642,4,-7,-28,10,0,-7,-7,4,0.0463867,-0.307617,0.90332,0.3125,-0.5,1.4375,-0.323483,-0.0611403,-2.53443
6643,-8,-6,-44,-31,-26,-9,3,6,0.0463867,-0.307617,0.90332,0.3125,-0.5,1.4375,-0.323483,-0.0611403,-2.53443
6643,-2,-4,74,31,14,10,-4,-18,0.0463867,-0.307617,0.90332,0.3125,-0.5,1.4375,-0.323483,-0.0611403,-2.53443
6666,1,-16,-81,-36,-21,-14,0,7,0.0654297,-0.292969,0.898926,1.125,-0.875,1.625,-0.323004,-0.0614601,-2.53387
6666,0,4,43,14,33,14,8,6,0.0654297,-0.292969,0.898926,1.125,-0.875,1.625,-0.323004,-0.0614601,-2.53387
6667,-18,-1,-2,-37,-63,-19,-16,-1,0.0654297,-0.292969,0.898926,1.125,-0.875,1.625,-0.323004,-0.0614601,-2.53387
6667,-4,-2,-20,49,59,6,0,-8,0.0654297,-0.292969,0.898926,1.125,-0.875,1.625,-0.323004,-0.0614601,-2.53387
6680,19,8,25,-2,-5,3,3,5,0.0649414,-0.285156,0.914551,-1.0625,-1.875,0.25,-0.322833,-0.0621161,-2.53356
6680,-9,11,64,-2,-22,3,0,-18,0.0649414,-0.285156,0.914551,-1.0625,-1.875,0.25,-0.322833,-0.0621161,-2.53356
6681,14,-5,-19,12,-12,-9,2,5,0.0649414,-0.285156,0.914551,-1.0625,-1.875,0.25,-0.322833,-0.0621161,-2.53356
6681,-22,-8,-24,-9,21,1,-4,-4,0.0649414,-0.285156,0.914551,-1.0625,-1.875,0.25,-0.322833,-0.0621161,-2.53356
6703,14,-4,31,-13,-23,0,4,-1,0.0610352,-0.302246,0.913574,-1.4375,-2.3125,-0.0625,-0.323345,-0.062825,-2.53329
6703,-23,4,18,46,44,8,-8,-7,0.0610352,-0.302246,0.913574,-1.4375,-2.3125,-0.0625,-0.323345,-0.062825,-2.53329
6718,-1,11,59,25,-2,5,-2,0,0.0610352,-0.302246,0.913574,-1.4375,-2.3125,-0.0625,-0.323345,-0.062825,-2.53329
6718,11,-4,-107,-53,-10,-18,-2,4,0.0610352,-0.302246,0.913574,-1.4375,-2.3125,-0.0625,-0.323345,-0.062825,-2.53329
6726,13,-2,-1,41,9,6,6,-3,0.0512695,-0.293945,0.896973,-1.0625,-1.5625,0.375,-0.323465,-0.0631261,-2.53295
6726,3,-7,-38,-26,-53,-11,-6,-9,0.0512695,-0.293945,0.896973,-1.0625,-1.5625,0.375,-0.323465,-0.0631261,-2.53295
6727,-8,-11,9,-43,12,-6,-10,-17,0.0512695,-0.293945,0.896973,-1.0625,-1.5625,0.375,-0.323465,-0.0631261,-2.53295
6727,8,23,57,125,100,40,11,10,0.0512695,-0.293945,0.896973,-1.0625,-1.5625,0.375,-0.323465,-0.0631261,-2.53295
6749,-18,3,20,-49,-59,-21,-3,4,0.0712891,-0.317871,0.911621,-2.25,0,-1.125,-0.324592,-0.063489,-2.53336
6749,35,-3,0,-24,-27,4,-2,15,0.0712891,-0.317871,0.911621,-2.25,0,-1.125,-0.324592,-0.063489,-2.53336
6750,-26,-6,5,-30,6,-10,-3,-3,0.0712891,-0.317871,0.911621,-2.25,0,-1.125,-0.324592,-0.063489,-2.53336
6750,15,10,34,-38,-35,1,3,-6,0.0712891,-0.317871,0.911621,-2.25,0,-1.125,-0.324592,-0.063489,-2.53336
6763,4,6,35,61,31,15,5,5,0.0732422,-0.313965,0.916992,-2.875,1.3125,-1,-0.325551,-0.0634088,-2.53391
6763,-11,-5,-12,-27,10,-13,-8,-10,0.0732422,-0.313965,0.916992,-2.875,1.3125,-1,-0.325551,-0.0634088,-2.53391
6764,-7,-2,28,1,-15,-3,0,-6,0.0732422,-0.313965,0.916992,-2.875,1.3125,-1,-0.325551,-0.0634088,-2.53391
6764,11,-7,-18,-10,-18,-6,-3,23,0.0732422,-0.313965,0.916992,-2.875,1.3125,-1,-0.325551,-0.0634088,-2.53391
6787,-3,2,43,17,13,-2,-7,-33,0.0683594,-0.313477,0.927734,-3.375,1.5,0.1875,-0.326732,-0.0630622,-2.53403
6787,-19,2,-28,31,16,2,13,6,0.0683594,-0.313477,0.927734,-3.375,1.5,0.1875,-0.326732,-0.0630622,-2.53403
6788,26,2,-3,-11,22,2,-2,-6,0.0683594,-0.313477,0.927734,-3.375,1.5,0.1875,-0.326732,-0.0630622,-2.53403
6788,23,-5,-26,-31,-29,-10,-12,3,0.0683594,-0.313477,0.927734,-3.375,1.5,0.1875,-0.326732,-0.0630622,-2.53403
6799,-44,3,3,27,9,1,1,4,0.0581055,-0.29248,0.943359,-1.375,2.125,-1,-0.326483,-0.0624335,-2.53451
6799,-1,-9,-61,-63,-42,-16,-11,-4,0.0581055,-0.29248,0.943359,-1.375,2.125,-1,-0.326483,-0.0624335,-2.53451
6808,13,2,-30,42,18,1,4,-1,0.0581055,-0.29248,0.943359,-1.375,2.125,-1,-0.326483,-0.0624335,-2.53451
6808,-2,-4,20,29,19,12,9,-3,0.0581055,-0.29248,0.943359,-1.375,2.125,-1,-0.326483,-0.0624335,-2.53451
6823,14,-4,-33,-22,11,-7,-4,6,0.0507812,-0.273926,0.942383,-1.375,0.25,-0.3125,-0.32597,-0.062106,-2.53472
6823,3,-2,-18,11,5,8,6,-13,0.0507812,-0.273926,0.942383,-1.375,0.25,-0.3125,-0.32597,-0.062106,-2.53472
6823,-22,6,-37,-21,-5,1,0,8,0.0507812,-0.273926,0.942383,-1.375,0.25,-0.3125,-0.32597,-0.062106,-2.53472
6823,-5,-5,56,15,23,-10,-12,-24,0.0507812,-0.273926,0.942383,-1.375,0.25,-0.3125,-0.32597,-0.062106,-2.53472
6846,-16,4,29,-38,-43,-6,-1,3,0.0566406,-0.269043,0.937988,-0.8125,-2.375,0,-0.32515,-0.0627273,-2.53459
6846,1,-10,-49,3,-4,-3,4,16,0.0566406,-0.269043,0.937988,-0.8125,-2.375,0,-0.32515,-0.0627273,-2.53459
6847,5,0,28,40,23,14,-1,-22,0.0566406,-0.269043,0.937988,-0.8125,-2.375,0,-0.32515,-0.0627273,-2.53459
6847,-4,2,-35,-20,16,1,7,12,0.0566406,-0.269043,0.937988,-0.8125,-2.375,0,-0.32515,-0.0627273,-2.53459
6859,0,-4,20,-72,-75,-14,-12,-26,0.0415039,-0.284668,0.905762,-0.6875,-4.1875,0,-0.324836,-0.0636491,-2.53404
6859,7,3,70,39,42,-1,-3,3,0.0415039,-0.284668,0.905762,-0.6875,-4.1875,0,-0.324836,-0.0636491,-2.53404
6868,7,-1,-32,2,-38,2,-3,11,0.0415039,-0.284668,0.905762,-0.6875,-4.1875,0,-0.324836,-0.0636491,-2.53404
6868,-15,-4,-13,-41,-31,-9,2,-13,0.0415039,-0.284668,0.905762,-0.6875,-4.1875,0,-0.324836,-0.0636491,-2.53404
6883,26,-3,-10,59,97,4,2,4,0.0561523,-0.296387,0.890137,0,-5,-0.375,-0.32484,-0.0651571,-2.53372
6883,20,17,84,18,6,20,2,7,0.0561523,-0.296387,0.890137,0,-5,-0.375,-0.32484,-0.0651571,-2.53372
6883,-27,2,2,29,-24,2,3,-8,0.0561523,-0.296387,0.890137,0,-5,-0.375,-0.32484,-0.0651571,-2.53372
6883,-15,-7,13,-35,-36,-22,-6,-7,0.0561523,-0.296387,0.890137,0,-5,-0.375,-0.32484,-0.0651571,-2.53372
6907,17,1,-19,-15,-20,-2,-4,4,0.0556641,-0.310547,0.883301,-3.4375,-4.5625,-1.875,-0.326211,-0.0666899,-2.53376
6907,-26,-10,-32,55,69,10,-5,-3,0.0556641,-0.310547,0.883301,-3.4375,-4.5625,-1.875,-0.326211,-0.0666899,-2.53376
6907,19,15,76,-11,-12,6,12,13,0.0556641,-0.310547,0.883301,-3.4375,-4.5625,-1.875,-0.326211,-0.0666899,-2.53376
6907,-3,-16,-86,-43,-43,-13,-5,-2,0.0556641,-0.310547,0.883301,-3.4375,-4.5625,-1.875,-0.326211,-0.0666899,-2.53376
6920,10,3,5,-3,22,-1,0,9,0.0625,-0.347656,0.905273,-3.5625,-3.625,-2.4375,-0.328314,-0.0680379,-2.53407
6920,10,-8,17,-1,-9,-6,3,-3,0.0625,-0.347656,0.905273,-3.5625,-3.625,-2.4375,-0.328314,-0.0680379,-2.53407
6930,-20,-3,-45,-73,-39,-22,-15,-8,0.0625,-0.347656,0.905273,-3.5625,-3.625,-2.4375,-0.328314,-0.0680379,-2.53407
6930,-26,-19,-44,70,53,10,-4,-15,0.0625,-0.347656,0.905273,-3.5625,-3.625,-2.4375,-0.328314,-0.0680379,-2.53407
6943,15,19,86,65,45,32,15,19,0.0688477,-0.306152,0.903809,-2.875,-2.6875,-2.1875,-0.32918,-0.0692719,-2.53453
6943,-3,0,40,-43,-14,-10,-3,0,0.0688477,-0.306152,0.903809,-2.875,-2.6875,-2.1875,-0.32918,-0.0692719,-2.53453
6943,-6,-2,13,23,5,3,4,5,0.0688477,-0.306152,0.903809,-2.875,-2.6875,-2.1875,-0.32918,-0.0692719,-2.53453
6943,37,-8,32,-66,-95,-26,-9,1,0.0688477,-0.306152,0.903809,-2.875,-2.6875,-2.1875,-0.32918,-0.0692719,-2.53453
6966,-45,-1,-65,19,79,8,1,-11,0.0732422,-0.28125,0.920898,-5.25,-1.875,-2.375,-0.330197,-0.070223,-2.53513
6966,-3,2,49,30,-31,10,6,2,0.0732422,-0.28125,0.920898,-5.25,-1.875,-2.375,-0.330197,-0.070223,-2.53513
6967,-15,-2,-5,-44,-34,-17,-11,-24,0.0732422,-0.28125,0.920898,-5.25,-1.875,-2.375,-0.330197,-0.070223,-2.53513
6967,21,-6,-40,-7,37,11,2,5,0.0732422,-0.28125,0.920898,-5.25,-1.875,-2.375,-0.330197,-0.070223,-2.53513
6980,-17,-1,53,18,-28,-4,2,-3,0.0717773,-0.311523,0.947266,-4,-1.8125,-2.3125,-0.331241,-0.0711669,-2.53574
6980,-5,-4,-58,-27,-40,-15,-7,8,0.0717773,-0.311523,0.947266,-4,-1.8125,-2.3125,-0.331241,-0.0711669,-2.53574
6988,2,-2,20,28,82,14,0,-13,0.0717773,-0.311523,0.947266,-4,-1.8125,-2.3125,-0.331241,-0.0711669,-2.53574
6988,-11,12,6,8,-51,9,7,6,0.0717773,-0.311523,0.947266,-4,-1.8125,-2.3125,-0.331241,-0.0711669,-2.53574
7003,-15,-13,-30,-99,-23,-17,-10,-7,0.0541992,-0.297852,0.934082,-2.6875,-1.9375,-2.3125,-0.331612,-0.0716577,-2.53628
7003,-4,7,103,33,21,-1,-5,-2,0.0541992,-0.297852,0.934082,-2.6875,-1.9375,-2.3125,-0.331612,-0.0716577,-2.53628
7004,7,-11,-73,24,-19,-2,5,10,0.0541992,-0.297852,0.934082,-2.6875,-1.9375,-2.3125,-0.331612,-0.0716577,-2.53628
7004,-6,9,38,20,28,13,8,-1,0.0541992,-0.297852,0.934082,-2.6875,-1.9375,-2.3125,-0.331612,-0.0716577,-2.53628
7026,24,-4,8,5,0,-1,1,-5,0.0610352,-0.298828,0.92627,-3.25,-3.0625,-0.0625,-0.332229,-0.0723211,-2.53592
7026,-42,3,-25,-60,-37,-5,-7,-5,0.0610352,-0.298828,0.92627,-3.25,-3.0625,-0.0625,-0.332229,-0.0723211,-2.53592
7027,16,-3,-42,14,51,7,0,5,0.0610352,-0.298828,0.92627,-3.25,-3.0625,-0.0625,-0.332229,-0.0723211,-2.53592
7027,-31,3,52,-5,-44,-28,-5,-8,0.0610352,-0.298828,0.92627,-3.25,-3.0625,-0.0625,-0.332229,-0.0723211,-2.53592
7049,10,-8,-17,14,3,12,-7,4,0.0712891,-0.305664,0.935059,-1.25,-3.3125,-1.3125,-0.332255,-0.0736447,-2.53612
7049,3,2,-34,19,-4,2,8,-3,0.0712891,-0.305664,0.935059,-1.25,-3.3125,-1.3125,-0.332255,-0.0736447,-2.53612
7049,6,-11,-47,-16,24,2,-8,3,0.0712891,-0.305664,0.935059,-1.25,-3.3125,-1.3125,-0.332255,-0.0736447,-2.53612
7049,-10,-10,-67,-15,-2,-10,-2,-4,0.0712891,-0.305664,0.935059,-1.25,-3.3125,-1.3125,-0.332255,-0.0736447,-2.53612
7063,-1,-1,89,-46,-102,-20,-12,-9,0.0488281,-0.307617,0.916016,-0.9375,-3.3125,-0.4375,-0.332287,-0.0741132,-2.53585
7063,3,-12,0,2,33,-1,-2,1,0.0488281,-0.307617,0.916016,-0.9375,-3.3125,-0.4375,-0.332287,-0.0741132,-2.53585
7063,3,2,23,48,45,14,0,-2,0.0488281,-0.307617,0.916016,-0.9375,-3.3125,-0.4375,-0.332287,-0.0741132,-2.53585
7063,2,7,10,36,-13,-1,-1,10,0.0488281,-0.307617,0.916016,-0.9375,-3.3125,-0.4375,-0.332287,-0.0741132,-2.53585
7086,11,1,-51,17,24,8,4,-2,0.0615234,-0.305176,0.918457,-2.375,-3.375,-0.9375,-0.332863,-0.0750886,-2.53574
7086,-26,6,90,-18,-40,-14,-3,-12,0.0615234,-0.305176,0.918457,-2.375,-3.375,-0.9375,-0.332863,-0.0750886,-2.53574
7087,15,-17,-63,-50,-56,-23,0,0,0.0615234,-0.305176,0.918457,-2.375,-3.375,-0.9375,-0.332863,-0.0750886,-2.53574
7087,-3,0,49,6,86,19,0,6,0.0615234,-0.305176,0.918457,-2.375,-3.375,-0.9375,-0.332863,-0.0750886,-2.53574
7108,-4,6,-11,74,24,17,5,1,0.0717773,-0.318359,0.915039,-0.625,-3.0625,-1,-0.333093,-0.0761802,-2.53568
7108,35,3,-1,-28,9,-2,2,6,0.0717773,-0.318359,0.915039,-0.625,-3.0625,-1,-0.333093,-0.0761802,-2.53568
7109,-29,-5,1,-1,-18,-13,-4,3,0.0717773,-0.318359,0.915039,-0.625,-3.0625,-1,-0.333093,-0.0761802,-2.53568
7109,16,7,-5,5,-35,-4,3,3,0.0717773,-0.318359,0.915039,-0.625,-3.0625,-1,-0.333093,-0.0761802,-2.53568
7123,11,-3,49,-9,-3,-10,-4,2,0.0541992,-0.303711,0.919434,-0.6875,-3.1875,-1.25,-0.332992,-0.0767482,-2.53579
7123,4,-13,-83,-55,-63,-13,-6,-1,0.0541992,-0.303711,0.919434,-0.6875,-3.1875,-1.25,-0.332992,-0.0767482,-2.53579
7123,7,2,68,19,86,22,-2,-8,0.0541992,-0.303711,0.919434,-0.6875,-3.1875,-1.25,-0.332992,-0.0767482,-2.53579
7123,0,16,75,56,23,12,8,20,0.0541992,-0.303711,0.919434,-0.6875,-3.1875,-1.25,-0.332992,-0.0767482,-2.53579
7147,-5,2,4,-40,-12,-3,1,-7,0.0664062,-0.310059,0.925293,-1.3125,-2.0625,-1,-0.333173,-0.0773611,-2.53591
7147,-2,-2,20,20,-17,1,3,-6,0.0664062,-0.310059,0.925293,-1.3125,-2.0625,-1,-0.333173,-0.0773611,-2.53591
7148,-7,-2,53,-60,-51,-18,-5,-3,0.0664062,-0.310059,0.925293,-1.3125,-2.0625,-1,-0.333173,-0.0773611,-2.53591
7148,4,3,28,42,83,27,5,-3,0.0664062,-0.310059,0.925293,-1.3125,-2.0625,-1,-0.333173,-0.0773611,-2.53591
7176,12,9,13,33,-6,0,2,10,0.0693359,-0.311035,0.918945,-2.125,-1.75,-1.6875,-0.333714,-0.0779149,-2.53635
7176,-13,-5,-44,-54,-80,-24,-9,-6,0.0693359,-0.311035,0.918945,-2.125,-1.75,-1.6875,-0.333714,-0.0779149,-2.53635
7178,35,1,10,-35,72,2,5,7,0.0693359,-0.311035,0.918945,-2.125,-1.75,-1.6875,-0.333714,-0.0779149,-2.53635
7178,-42,3,74,27,42,20,-8,-2,0.0693359,-0.311035,0.918945,-2.125,-1.75,-1.6875,-0.333714,-0.0779149,-2.53635
7183,-23,-1,-102,-8,-31,-12,5,6,0.0698242,-0.306641,0.915527,-1.0625,-1.625,-0.875,-0.333865,-0.0783945,-2.53639
7183,13,1,-34,-12,-33,3,0,4,0.0698242,-0.306641,0.915527,-1.0625,-1.625,-0.875,-0.333865,-0.0783945,-2.53639
7184,-25,5,38,40,-4,-2,-1,-19,0.0698242,-0.306641,0.915527,-1.0625,-1.625,-0.875,-0.333865,-0.0783945,-2.53639
7184,11,-1,-30,-23,-29,-12,-4,-1,0.0698242,-0.306641,0.915527,-1.0625,-1.625,-0.875,-0.333865,-0.0783945,-2.53639
7206,14,-5,22,-52,-8,-16,-15,-4,0.0639648,-0.302246,0.905273,-1.6875,-1.375,-0.75,-0.334086,-0.0787415,-2.53654
7206,-25,-11,-81,13,53,13,4,-21,0.0639648,-0.302246,0.905273,-1.6875,-1.375,-0.75,-0.334086,-0.0787415,-2.53654
7207,17,9,15,10,-51,-4,-2,21,0.0639648,-0.302246,0.905273,-1.6875,-1.375,-0.75,-0.334086,-0.0787415,-2.53654
7207,-11,-15,-37,-99,-38,-25,-7,-11,0.0639648,-0.302246,0.905273,-1.6875,-1.375,-0.75,-0.334086,-0.0787415,-2.53654
7229,-5,0,35,110,90,24,-3,-6,0.0761719,-0.309082,0.916016,-1.1875,-0.8125,-1.125,-0.334307,-0.0790886,-2.5367
7229,17,1,-70,9,6,4,2,16,0.0761719,-0.309082,0.916016,-1.1875,-0.8125,-1.125,-0.334307,-0.0790886,-2.5367
7230,3,-5,43,36,25,8,3,3,0.0761719,-0.309082,0.916016,-1.1875,-0.8125,-1.125,-0.334307,-0.0790886,-2.5367
7230,-23,-9,-58,-54,-57,-12,-1,-12,0.0761719,-0.309082,0.916016,-1.1875,-0.8125,-1.125,-0.334307,-0.0790886,-2.5367
7242,11,-5,0,-68,-30,-15,-2,-3,0.078125,-0.307129,0.91748,-1.3125,-0.3125,-0.625,-0.334465,-0.0792155,-2.53699
7242,22,1,81,37,82,5,-12,-2,0.078125,-0.307129,0.91748,-1.3125,-0.3125,-0.625,-0.334465,-0.0792155,-2.53699
7244,4,8,-3,82,17,24,11,-8,0.078125,-0.307129,0.91748,-1.3125,-0.3125,-0.625,-0.334465,-0.0792155,-2.53699
7244,-10,7,19,-28,-45,-14,-3,-5,0.078125,-0.307129,0.91748,-1.3125,-0.3125,-0.625,-0.334465,-0.0792155,-2.53699
7266,-11,-17,-61,-34,-37,-15,3,-7,0.0634766,-0.303223,0.923828,-1.6875,-0.25,-0.1875,-0.334667,-0.0790298,-2.53703
7266,1,-2,57,19,32,1,-1,-4,0.0634766,-0.303223,0.923828,-1.6875,-0.25,-0.1875,-0.334667,-0.0790298,-2.53703
7266,12,5,11,-2,30,9,1,5,0.0634766,-0.303223,0.923828,-1.6875,-0.25,-0.1875,-0.334667,-0.0790298,-2.53703
7266,32,5,29,9,-15,0,2,15,0.0634766,-0.303223,0.923828,-1.6875,-0.25,-0.1875,-0.334667,-0.0790298,-2.53703
7288,-39,-9,-43,-45,-36,-10,-9,-12,0.0703125,-0.309082,0.920898,-0.875,-0.6875,0.5625,-0.334506,-0.0789495,-2.53703
7288,2,0,24,-42,-34,-20,-6,7,0.0703125,-0.309082,0.920898,-0.875,-0.6875,0.5625,-0.334506,-0.0789495,-2.53703
7289,3,0,51,77,57,33,7,-4,0.0703125,-0.309082,0.920898,-0.875,-0.6875,0.5625,-0.334506,-0.0789495,-2.53703
7289,1,-1,-74,45,1,12,9,13,0.0703125,-0.309082,0.920898,-0.875,-0.6875,0.5625,-0.334506,-0.0789495,-2.53703
7303,11,2,55,-71,-33,-15,-7,-14,0.0766602,-0.289551,0.902344,0.1875,-0.25,-0.6875,-0.334385,-0.0789847,-2.53702
7303,-26,-15,-29,-11,-6,-7,-1,1,0.0766602,-0.289551,0.902344,0.1875,-0.25,-0.6875,-0.334385,-0.0789847,-2.53702
7303,-13,-4,-2,-30,-28,-15,-13,0,0.0766602,-0.289551,0.902344,0.1875,-0.25,-0.6875,-0.334385,-0.0789847,-2.53702
7303,2,14,84,64,72,16,2,-7,0.0766602,-0.289551,0.902344,0.1875,-0.25,-0.6875,-0.334385,-0.0789847,-2.53702
7326,20,4,24,15,-19,9,4,11,0.0678711,-0.310547,0.905273,-1.5,-0.9375,-0.25,-0.334801,-0.0791175,-2.53702
7326,-5,-6,-81,-15,-21,2,8,-13,0.0678711,-0.310547,0.905273,-1.5,-0.9375,-0.25,-0.334801,-0.0791175,-2.53702
7327,3,-7,-36,-76,-76,-21,-2,2,0.0678711,-0.310547,0.905273,-1.5,-0.9375,-0.25,-0.334801,-0.0791175,-2.53702
7327,-21,-9,6,9,-15,-22,-18,-6,0.0678711,-0.310547,0.905273,-1.5,-0.9375,-0.25,-0.334801,-0.0791175,-2.53702
7349,0,-5,-76,-5,73,8,-4,-5,0.0644531,-0.308105,0.902832,-1.0625,-1.5,0.5625,-0.335015,-0.0792484,-2.53661
7349,15,13,62,116,101,38,12,21,0.0644531,-0.308105,0.902832,-1.0625,-1.5,0.5625,-0.335015,-0.0792484,-2.53661
7349,-20,5,-31,-30,-74,-15,7,8,0.0644531,-0.308105,0.902832,-1.0625,-1.5,0.5625,-0.335015,-0.0792484,-2.53661
7349,24,-13,-91,-18,-2,3,-4,-14,0.0644531,-0.308105,0.902832,-1.0625,-1.5,0.5625,-0.335015,-0.0792484,-2.53661
7362,-29,-2,1,-23,-46,-7,1,-1,0.0791016,-0.303223,0.896973,-2.8125,-1.6875,-0.375,-0.335753,-0.079923,-2.53655
7362,16,4,30,-13,-4,-7,-3,8,0.0791016,-0.303223,0.896973,-2.8125,-1.6875,-0.375,-0.335753,-0.079923,-2.53655
7363,-13,-3,1,-54,-43,-20,-7,-6,0.0791016,-0.303223,0.896973,-2.8125,-1.6875,-0.375,-0.335753,-0.079923,-2.53655
7363,4,-18,-23,45,53,17,8,-9,0.0791016,-0.303223,0.896973,-2.8125,-1.6875,-0.375,-0.335753,-0.079923,-2.53655
7388,15,6,105,-14,-41,-7,-11,-4,0.0854492,-0.303223,0.90332,-1.75,-1.6875,-0.8125,-0.336135,-0.0807319,-2.53665
7388,-5,5,5,61,43,15,-1,-12,0.0854492,-0.303223,0.90332,-1.75,-1.6875,-0.8125,-0.336135,-0.0807319,-2.53665
7388,15,7,44,-34,28,0,1,11,0.0854492,-0.303223,0.90332,-1.75,-1.6875,-0.8125,-0.336135,-0.0807319,-2.53665
7388,-26,-9,-26,9,-8,3,-5,-6,0.0854492,-0.303223,0.90332,-1.75,-1.6875,-0.8125,-0.336135,-0.0807319,-2.53665
7409,-6,-1,-27,21,-34,-8,10,2,0.0527344,-0.314941,0.906738,-2.8125,-2.5,-1.75,-0.337022,-0.0811706,-2.53702
7409,17,-3,15,-42,8,-3,-5,7,0.0527344,-0.314941,0.906738,-2.8125,-2.5,-1.75,-0.337022,-0.0811706,-2.53702
7411,-40,5,28,43,0,0,-2,-9,0.0527344,-0.314941,0.906738,-2.8125,-2.5,-1.75,-0.337022,-0.0811706,-2.53702
7411,36,5,27,-14,-4,-3,3,8,0.0527344,-0.314941,0.906738,-2.8125,-2.5,-1.75,-0.337022,-0.0811706,-2.53702
7422,-33,-4,2,64,50,12,-1,-5,0.0756836,-0.327637,0.913086,-3.25,-3.9375,-1.25,-0.338217,-0.082475,-2.53688
7422,3,-1,-27,-42,-34,-16,-5,2,0.0756836,-0.327637,0.913086,-3.25,-3.9375,-1.25,-0.338217,-0.082475,-2.53688
7423,15,-3,-44,-56,-45,-21,-2,-2,0.0756836,-0.327637,0.913086,-3.25,-3.9375,-1.25,-0.338217,-0.082475,-2.53688
7423,-4,2,19,-6,4,14,1,4,0.0756836,-0.327637,0.913086,-3.25,-3.9375,-1.25,-0.338217,-0.082475,-2.53688
7446,0,-7,-37,48,53,6,-4,-3,0.0742188,-0.29834,0.923828,-1.5625,-4.1875,-1.4375,-0.338133,-0.0838169,-2.53698
7446,2,17,48,-32,-39,3,7,-6,0.0742188,-0.29834,0.923828,-1.5625,-4.1875,-1.4375,-0.338133,-0.0838169,-2.53698
7447,-20,-29,-114,35,55,12,-2,-13,0.0742188,-0.29834,0.923828,-1.5625,-4.1875,-1.4375,-0.338133,-0.0838169,-2.53698
7447,5,10,26,2,-38,-8,3,13,0.0742188,-0.29834,0.923828,-1.5625,-4.1875,-1.4375,-0.338133,-0.0838169,-2.53698
7469,14,11,83,-18,-11,5,5,-9,0.0654297,-0.298828,0.922852,-3.1875,-4.25,-1.4375,-0.33862,-0.0849615,-2.53693
7469,-19,-16,-110,-30,-5,-13,-4,-3,0.0654297,-0.298828,0.922852,-3.1875,-4.25,-1.4375,-0.33862,-0.0849615,-2.53693
7469,23,5,-35,-10,-16,-13,-7,16,0.0654297,-0.298828,0.922852,-3.1875,-4.25,-1.4375,-0.33862,-0.0849615,-2.53693
7469,11,-3,48,-39,-15,-12,-5,3,0.0654297,-0.298828,0.922852,-3.1875,-4.25,-1.4375,-0.33862,-0.0849615,-2.53693
7483,-13,11,11,88,66,34,7,-8,0.0766602,-0.320312,0.923828,-1.5625,-4.6875,-0.8125,-0.339078,-0.0863538,-2.53674
7483,-22,-9,-12,52,30,4,-1,2,0.0766602,-0.320312,0.923828,-1.5625,-4.6875,-0.8125,-0.339078,-0.0863538,-2.53674
7484,-10,0,14,-42,-82,-11,-4,-10,0.0766602,-0.320312,0.923828,-1.5625,-4.6875,-0.8125,-0.339078,-0.0863538,-2.53674
7484,3,2,-37,7,-6,-11,-5,2,0.0766602,-0.320312,0.923828,-1.5625,-4.6875,-0.8125,-0.339078,-0.0863538,-2.53674
7506,14,-3,17,-56,14,-10,-2,11,0.0883789,-0.303711,0.917969,-0.1875,-4.3125,-0.375,-0.338687,-0.0878513,-2.5364
7506,-2,-1,49,49,9,21,8,-19,0.0883789,-0.303711,0.917969,-0.1875,-4.3125,-0.375,-0.338687,-0.0878513,-2.5364
7506,1,2,67,22,-5,-3,-2,2,0.0883789,-0.303711,0.917969,-0.1875,-4.3125,-0.375,-0.338687,-0.0878513,-2.5364
7506,-7,1,-11,-30,8,0,4,-6,0.0883789,-0.303711,0.917969,-0.1875,-4.3125,-0.375,-0.338687,-0.0878513,-2.5364
7536,2,-4,-4,2,-37,-9,-7,7,0.0869141,-0.321777,0.921387,-1.5625,-4.1875,-0.875,-0.339187,-0.0893592,-2.5362
7536,5,-1,-15,-52,-29,-17,-8,4,0.0869141,-0.321777,0.921387,-1.5625,-4.1875,-0.875,-0.339187,-0.0893592,-2.5362
7537,14,5,99,54,53,12,-5,-4,0.0869141,-0.321777,0.921387,-1.5625,-4.1875,-0.875,-0.339187,-0.0893592,-2.5362
7537,-10,2,-24,70,66,29,13,5,0.0869141,-0.321777,0.921387,-1.5625,-4.1875,-0.875,-0.339187,-0.0893592,-2.5362
7543,-10,-3,-2,-32,-58,-11,6,-3,0.0771484,-0.327148,0.928223,-1.4375,-4.1875,-0.5625,-0.339708,-0.0904493,-2.53587
7543,13,-3,19,-84,-67,-18,-7,4,0.0771484,-0.327148,0.928223,-1.4375,-4.1875,-0.5625,-0.339708,-0.0904493,-2.53587
7550,-25,2,-49,27,31,1,1,-4,0.0771484,-0.327148,0.928223,-1.4375,-4.1875,-0.5625,-0.339708,-0.0904493,-2.53587
7550,-6,-5,6,-35,-20,-6,-9,-15,0.0771484,-0.327148,0.928223,-1.4375,-4.1875,-0.5625,-0.339708,-0.0904493,-2.53587
7566,1,-2,21,-5,10,-7,-1,2,0.0766602,-0.29541,0.918457,-0.75,-4.25,-1,-0.339217,-0.0917524,-2.53575
7566,2,6,31,53,26,11,5,13,0.0766602,-0.29541,0.918457,-0.75,-4.25,-1,-0.339217,-0.0917524,-2.53575
7567,10,0,-11,9,31,1,3,-3,0.0766602,-0.29541,0.918457,-0.75,-4.25,-1,-0.339217,-0.0917524,-2.53575
7567,6,-6,1,-73,-116,-17,-8,-16,0.0766602,-0.29541,0.918457,-0.75,-4.25,-1,-0.339217,-0.0917524,-2.53575
7588,-22,-4,-43,18,78,-1,-5,-7,0.0810547,-0.299805,0.916016,-1.25,-4.5625,-0.5625,-0.339135,-0.0930182,-2.53536
7588,-18,9,34,32,27,12,7,-2,0.0810547,-0.299805,0.916016,-1.25,-4.5625,-0.5625,-0.339135,-0.0930182,-2.53536
7589,10,-3,-45,-20,-23,-2,-8,6,0.0810547,-0.299805,0.916016,-1.25,-4.5625,-0.5625,-0.339135,-0.0930182,-2.53536
7589,-11,-3,35,-3,16,-4,-5,-4,0.0810547,-0.299805,0.916016,-1.25,-4.5625,-0.5625,-0.339135,-0.0930182,-2.53536
7603,27,6,0,-18,-41,-3,3,24,0.0712891,-0.312988,0.907715,0.5625,-5.25,-1.0625,-0.338818,-0.0943838,-2.53514
7603,13,-4,49,-30,4,-8,-4,-20,0.0712891,-0.312988,0.907715,0.5625,-5.25,-1.0625,-0.338818,-0.0943838,-2.53514
7603,-35,-6,22,55,30,13,0,-10,0.0712891,-0.312988,0.907715,0.5625,-5.25,-1.0625,-0.338818,-0.0943838,-2.53514
7603,12,8,3,2,-16,-10,2,15,0.0712891,-0.312988,0.907715,0.5625,-5.25,-1.0625,-0.338818,-0.0943838,-2.53514
7626,-25,-17,-112,-102,-99,-24,-8,-12,0.0727539,-0.312988,0.903809,0.25,-6.5,-0.8125,-0.338658,-0.0961821,-2.53467
7626,9,-4,51,0,65,-5,-8,-2,0.0727539,-0.312988,0.903809,0.25,-6.5,-0.8125,-0.338658,-0.0961821,-2.53467
7627,5,3,-22,86,78,35,3,-1,0.0727539,-0.312988,0.903809,0.25,-6.5,-0.8125,-0.338658,-0.0961821,-2.53467
7627,0,9,0,-14,-24,5,9,-3,0.0727539,-0.312988,0.903809,0.25,-6.5,-0.8125,-0.338658,-0.0961821,-2.53467
7649,15,2,66,20,-4,-5,-2,15,0.0732422,-0.319336,0.902832,-0.4375,-7.1875,-1.625,-0.33883,-0.0981711,-2.53439
7649,-18,-12,-116,-31,-43,-9,-4,-17,0.0732422,-0.319336,0.902832,-0.4375,-7.1875,-1.625,-0.33883,-0.0981711,-2.53439
7649,-3,-11,-63,-24,-8,-5,0,1,0.0732422,-0.319336,0.902832,-0.4375,-7.1875,-1.625,-0.33883,-0.0981711,-2.53439
7649,-1,-4,3,-5,21,0,3,0,0.0732422,-0.319336,0.902832,-0.4375,-7.1875,-1.625,-0.33883,-0.0981711,-2.53439
7662,2,1,-26,-16,-1,-3,-14,-10,0.0708008,-0.318359,0.891602,-0.4375,-8.75,-1.6875,-0.339134,-0.100599,-2.53385
7662,-2,5,7,29,-41,-6,-2,6,0.0708008,-0.318359,0.891602,-0.4375,-8.75,-1.6875,-0.339134,-0.100599,-2.53385
7664,18,-8,47,0,9,-3,-1,4,0.0708008,-0.318359,0.891602,-0.4375,-8.75,-1.6875,-0.339134,-0.100599,-2.53385
7664,-31,-5,-70,-18,3,-4,-1,-8,0.0708008,-0.318359,0.891602,-0.4375,-8.75,-1.6875,-0.339134,-0.100599,-2.53385
7686,1,-8,28,-1,-11,3,-1,3,0.0810547,-0.31543,0.885742,0.6875,-10.4375,-2.125,-0.338927,-0.103845,-2.53337
7686,-3,15,40,11,36,1,-2,-7,0.0810547,-0.31543,0.885742,0.6875,-10.4375,-2.125,-0.338927,-0.103845,-2.53337
7686,-1,-18,-81,6,17,5,-3,-3,0.0810547,-0.31543,0.885742,0.6875,-10.4375,-2.125,-0.338927,-0.103845,-2.53337
7686,-3,2,6,27,-3,-3,4,8,0.0810547,-0.31543,0.885742,0.6875,-10.4375,-2.125,-0.338927,-0.103845,-2.53337
7709,3,0,-13,-31,-20,1,2,-5,0.0742188,-0.295898,0.88916,-0.0625,-12.8125,-2.6875,-0.338688,-0.107741,-2.5328
7709,3,-11,9,-29,-41,-22,-6,0,0.0742188,-0.295898,0.88916,-0.0625,-12.8125,-2.6875,-0.338688,-0.107741,-2.5328
7710,9,10,28,9,-14,11,4,-2,0.0742188,-0.295898,0.88916,-0.0625,-12.8125,-2.6875,-0.338688,-0.107741,-2.5328
7710,-16,4,34,35,58,4,-3,-7,0.0742188,-0.295898,0.88916,-0.0625,-12.8125,-2.6875,-0.338688,-0.107741,-2.5328
7722,9,4,-4,15,7,10,5,14,0.0756836,-0.300781,0.878418,-1.375,-15.5,-3.75,-0.339004,-0.112528,-2.53233
7722,2,2,13,-13,-25,-7,-5,2,0.0756836,-0.300781,0.878418,-1.375,-15.5,-3.75,-0.339004,-0.112528,-2.53233
7738,15,-13,-36,-95,-46,-25,-3,9,0.0756836,-0.300781,0.878418,-1.375,-15.5,-3.75,-0.339004,-0.112528,-2.53233
7738,-14,1,82,52,29,11,-5,-8,0.0756836,-0.300781,0.878418,-1.375,-15.5,-3.75,-0.339004,-0.112528,-2.53233
7745,-4,7,3,40,29,5,4,-10,0.0854492,-0.299316,0.875,-0.0625,-18.625,-5,-0.338816,-0.118626,-2.53175
7745,14,-2,-5,-15,-11,5,0,15,0.0854492,-0.299316,0.875,-0.0625,-18.625,-5,-0.338816,-0.118626,-2.53175
7746,-16,9,38,22,29,12,6,-1,0.0854492,-0.299316,0.875,-0.0625,-18.625,-5,-0.338816,-0.118626,-2.53175
7746,12,9,-10,11,11,7,3,2,0.0854492,-0.299316,0.875,-0.0625,-18.625,-5,-0.338816,-0.118626,-2.53175
7768,5,-9,2,-49,-60,-15,-4,3,0.0922852,-0.301758,0.87793,-1.125,-22.4375,-5.75,-0.3391,-0.126,-2.53103
7768,-15,-6,-27,8,-18,-13,-3,-11,0.0922852,-0.301758,0.87793,-1.125,-22.4375,-5.75,-0.3391,-0.126,-2.53103
7770,-12,5,10,-38,-30,-8,-10,-4,0.0922852,-0.301758,0.87793,-1.125,-22.4375,-5.75,-0.3391,-0.126,-2.53103
7770,15,3,19,50,66,9,4,4,0.0922852,-0.301758,0.87793,-1.125,-22.4375,-5.75,-0.3391,-0.126,-2.53103
7782,-8,-2,11,49,53,14,2,-6,0.0996094,-0.300781,0.873535,-2.1875,-26.5625,-5.625,-0.339752,-0.134745,-2.52973
7782,8,1,-31,-10,-28,4,4,14,0.0996094,-0.300781,0.873535,-2.1875,-26.5625,-5.625,-0.339752,-0.134745,-2.52973
7790,-11,5,40,-39,-56,-18,-2,-17,0.0996094,-0.300781,0.873535,-2.1875,-26.5625,-5.625,-0.339752,-0.134745,-2.52973
7790,-6,-7,-10,-45,-31,-15,-9,-9,0.0996094,-0.300781,0.873535,-2.1875,-26.5625,-5.625,-0.339752,-0.134745,-2.52973
7804,14,-1,-15,-15,17,-6,-5,-2,0.117676,-0.276367,0.82959,-2.125,-29.125,-9.25,-0.340207,-0.145163,-2.52952
7804,-5,-7,38,54,36,16,1,-4,0.117676,-0.276367,0.82959,-2.125,-29.125,-9.25,-0.340207,-0.145163,-2.52952
7806,8,12,8,41,28,14,10,14,0.117676,-0.276367,0.82959,-2.125,-29.125,-9.25,-0.340207,-0.145163,-2.52952
7806,-1,3,-22,-38,-22,-7,2,2,0.117676,-0.276367,0.82959,-2.125,-29.125,-9.25,-0.340207,-0.145163,-2.52952
7829,0,-1,-36,21,-3,-3,-1,1,0.11377,-0.290527,0.824707,-2.3125,-30.625,-11.25,-0.340876,-0.155971,-2.52968
7829,-11,-4,-14,-36,-46,-6,-3,-5,0.11377,-0.290527,0.824707,-2.3125,-30.625,-11.25,-0.340876,-0.155971,-2.52968
7829,-12,-4,-12,22,45,2,-3,-5,0.11377,-0.290527,0.824707,-2.3125,-30.625,-11.25,-0.340876,-0.155971,-2.52968
7829,-17,-6,-7,1,-11,-1,-5,2,0.11377,-0.290527,0.824707,-2.3125,-30.625,-11.25,-0.340876,-0.155971,-2.52968
7842,-5,2,-20,-8,-13,-3,4,-5,0.140137,-0.378906,0.835449,-2.5625,-34.1875,-13,-0.343652,-0.168336,-2.52958
7842,2,-1,33,4,25,4,-1,-1,0.140137,-0.378906,0.835449,-2.5625,-34.1875,-13,-0.343652,-0.168336,-2.52958
7851,5,-2,5,-59,-97,-17,-1,8,0.140137,-0.378906,0.835449,-2.5625,-34.1875,-13,-0.343652,-0.168336,-2.52958
7851,14,-11,-70,-30,41,1,-3,-7,0.140137,-0.378906,0.835449,-2.5625,-34.1875,-13,-0.343652,-0.168336,-2.52958
7866,-29,6,81,102,36,18,5,-3,0.16748,-0.333984,0.841309,0.25,-39.5,-12.125,-0.344346,-0.182697,-2.52883
7866,1,12,3,-13,-16,-3,1,3,0.16748,-0.333984,0.841309,0.25,-39.5,-12.125,-0.344346,-0.182697,-2.52883
7866,-8,-19,-37,-51,-43,-13,-9,-12,0.16748,-0.333984,0.841309,0.25,-39.5,-12.125,-0.344346,-0.182697,-2.52883
7866,25,6,89,14,-5,-1,-1,12,0.16748,-0.333984,0.841309,0.25,-39.5,-12.125,-0.344346,-0.182697,-2.52883
7889,-8,-9,-25,-18,-48,-15,2,-5,0.148926,-0.256836,0.84082,-5.5625,-43.8125,-12.375,-0.345522,-0.197961,-2.5279
7889,-23,3,5,21,68,17,2,-2,0.148926,-0.256836,0.84082,-5.5625,-43.8125,-12.375,-0.345522,-0.197961,-2.5279
7889,-2,0,-7,33,31,11,0,4,0.148926,-0.256836,0.84082,-5.5625,-43.8125,-12.375,-0.345522,-0.197961,-2.5279
7889,5,3,-15,-20,-53,-8,-1,7,0.148926,-0.256836,0.84082,-5.5625,-43.8125,-12.375,-0.345522,-0.197961,-2.5279
7902,11,-4,-13,-53,-7,-12,-5,-8,0.150391,-0.275391,0.852051,-11,-48.625,-15.1875,-0.348544,-0.214582,-2.52732
7902,-1,2,38,50,30,17,7,0,0.150391,-0.275391,0.852051,-11,-48.625,-15.1875,-0.348544,-0.214582,-2.52732
7911,0,-2,-35,-36,-29,-14,-5,-6,0.150391,-0.275391,0.852051,-11,-48.625,-15.1875,-0.348544,-0.214582,-2.52732
7911,-13,-1,38,43,46,6,-3,-5,0.150391,-0.275391,0.852051,-11,-48.625,-15.1875,-0.348544,-0.214582,-2.52732
7925,11,1,-11,-7,-7,0,-1,11,0.178711,-0.297363,0.851074,-5.375,-53.9375,-15,-0.350509,-0.233259,-2.52575
7925,11,-3,29,-18,11,-8,-7,-1,0.178711,-0.297363,0.851074,-5.375,-53.9375,-15,-0.350509,-0.233259,-2.52575
7926,-14,4,23,41,55,13,8,-2,0.178711,-0.297363,0.851074,-5.375,-53.9375,-15,-0.350509,-0.233259,-2.52575
7926,0,1,-26,-33,-66,-10,0,1,0.178711,-0.297363,0.851074,-5.375,-53.9375,-15,-0.350509,-0.233259,-2.52575
7948,2,4,47,44,51,12,-2,-9,0.217773,-0.319824,0.849121,2.625,-59.875,-14.4375,-0.350379,-0.254192,-2.52315
7948,5,-5,-6,-12,-16,-8,-2,11,0.217773,-0.319824,0.849121,2.625,-59.875,-14.4375,-0.350379,-0.254192,-2.52315
7949,5,9,66,-2,-28,-9,-4,0,0.217773,-0.319824,0.849121,2.625,-59.875,-14.4375,-0.350379,-0.254192,-2.52315
7949,12,-13,-98,-58,-42,-14,-6,-9,0.217773,-0.319824,0.849121,2.625,-59.875,-14.4375,-0.350379,-0.254192,-2.52315
7962,-22,-1,64,-5,31,6,9,-7,0.201172,-0.228516,0.82666,3.75,-64.5625,-13.125,-0.348289,-0.275826,-2.52006
7962,-7,2,-17,60,39,8,-5,2,0.201172,-0.228516,0.82666,3.75,-64.5625,-13.125,-0.348289,-0.275826,-2.52006
7970,-5,0,-7,6,-15,-5,-3,11,0.201172,-0.228516,0.82666,3.75,-64.5625,-13.125,-0.348289,-0.275826,-2.52006
7970,0,1,31,-26,-43,-9,-4,-5,0.201172,-0.228516,0.82666,3.75,-64.5625,-13.125,-0.348289,-0.275826,-2.52006
7986,15,0,-15,-19,-21,-14,-9,1,0.166504,-0.233887,0.829102,-1.375,-65.6875,-14.375,-0.348132,-0.296867,-2.51729
7986,-4,-2,-27,-1,44,18,9,-8,0.166504,-0.233887,0.829102,-1.375,-65.6875,-14.375,-0.348132,-0.296867,-2.51729
7986,4,1,7,28,20,6,4,2,0.166504,-0.233887,0.829102,-1.375,-65.6875,-14.375,-0.348132,-0.296867,-2.51729
7986,10,-2,-1,44,26,4,0,8,0.166504,-0.233887,0.829102,-1.375,-65.6875,-14.375,-0.348132,-0.296867,-2.51729
8008,-35,-6,-28,-33,-54,-14,-5,0,0.183105,-0.310547,0.816406,-6.625,-70.625,-16,-0.351626,-0.319457,-2.51382
8008,7,-8,9,-14,-7,-9,-5,-7,0.183105,-0.310547,0.816406,-6.625,-70.625,-16,-0.351626,-0.319457,-2.51382
8009,-2,-1,2,-54,-8,2,0,0,0.183105,-0.310547,0.816406,-6.625,-70.625,-16,-0.351626,-0.319457,-2.51382
8009,4,3,11,22,5,4,2,2,0.183105,-0.310547,0.816406,-6.625,-70.625,-16,-0.351626,-0.319457,-2.51382
8022,9,-8,-28,15,33,-4,-5,6,0.234863,-0.36377,0.812988,1.375,-75.125,-14.8125,-0.354148,-0.34387,-2.50889
8022,-11,-16,-44,-11,-54,-15,-13,-10,0.234863,-0.36377,0.812988,1.375,-75.125,-14.8125,-0.354148,-0.34387,-2.50889
8031,25,9,63,11,30,8,8,-5,0.234863,-0.36377,0.812988,1.375,-75.125,-14.8125,-0.354148,-0.34387,-2.50889
8031,-33,2,25,61,64,12,-5,2,0.234863,-0.36377,0.812988,1.375,-75.125,-14.8125,-0.354148,-0.34387,-2.50889
8045,12,-1,-55,-17,-30,2,2,1,0.27832,-0.338379,0.808594,14.3125,-79.4375,-13.1875,-0.352219,-0.370131,-2.50287
8045,-3,-2,-25,-14,2,-6,7,3,0.27832,-0.338379,0.808594,14.3125,-79.4375,-13.1875,-0.352219,-0.370131,-2.50287
8046,6,-2,-10,-2,-5,-7,-8,9,0.27832,-0.338379,0.808594,14.3125,-79.4375,-13.1875,-0.352219,-0.370131,-2.50287
8046,-6,-6,-35,-28,-36,-16,4,-15,0.27832,-0.338379,0.808594,14.3125,-79.4375,-13.1875,-0.352219,-0.370131,-2.50287
8068,-16,-4,5,-4,-1,14,-18,-16,0.296875,-0.243652,0.766113,10.875,-77.9375,-11.875,-0.349576,-0.396127,-2.49737
8068,6,1,16,-34,-17,-11,-2,10,0.296875,-0.243652,0.766113,10.875,-77.9375,-11.875,-0.349576,-0.396127,-2.49737
8069,-3,4,-14,45,22,11,3,-6,0.296875,-0.243652,0.766113,10.875,-77.9375,-11.875,-0.349576,-0.396127,-2.49737
8069,-8,11,13,38,-5,4,3,3,0.296875,-0.243652,0.766113,10.875,-77.9375,-11.875,-0.349576,-0.396127,-2.49737
8098,3,-7,-38,-6,14,5,4,-1,0.266113,-0.300293,0.762695,-5.875,-78.4375,-12.9375,-0.354376,-0.421095,-2.49154
8098,33,2,3,-17,-27,-10,4,3,0.266113,-0.300293,0.762695,-5.875,-78.4375,-12.9375,-0.354376,-0.421095,-2.49154
8100,-11,-2,10,-23,-9,-5,-3,-2,0.266113,-0.300293,0.762695,-5.875,-78.4375,-12.9375,-0.354376,-0.421095,-2.49154
8100,13,1,-23,1,8,-3,-9,5,0.266113,-0.300293,0.762695,-5.875,-78.4375,-12.9375,-0.354376,-0.421095,-2.49154
8106,-11,0,23,16,17,4,-2,3,0.326172,-0.382324,0.790527,-1.0625,-80.875,-19.375,-0.358561,-0.447852,-2.48668
8106,-6,3,-22,-94,-99,-18,-6,-1,0.326172,-0.382324,0.790527,-1.0625,-80.875,-19.375,-0.358561,-0.447852,-2.48668
8106,16,-2,39,78,88,11,12,1,0.326172,-0.382324,0.790527,-1.0625,-80.875,-19.375,-0.358561,-0.447852,-2.48668
8106,-18,-1,84,7,49,14,-5,-18,0.326172,-0.382324,0.790527,-1.0625,-80.875,-19.375,-0.358561,-0.447852,-2.48668
8129,24,10,-11,16,-10,7,12,18,0.420898,-0.32959,0.807617,22.0625,-82.3125,-17.75,-0.353797,-0.476254,-2.48164
8129,-11,3,25,36,-16,-6,-2,4,0.420898,-0.32959,0.807617,22.0625,-82.3125,-17.75,-0.353797,-0.476254,-2.48164
8129,-15,-9,-17,-71,-51,-17,-6,-9,0.420898,-0.32959,0.807617,22.0625,-82.3125,-17.75,-0.353797,-0.476254,-2.48164
8129,5,-5,-13,18,10,7,1,4,0.420898,-0.32959,0.807617,22.0625,-82.3125,-17.75,-0.353797,-0.476254,-2.48164
8151,9,-5,8,-25,9,2,-2,0,0.37793,-0.228027,0.750488,12.8125,-84.9375,-12.5625,-0.351338,-0.504404,-2.47529
8151,-3,-3,-6,21,-13,-11,-5,-8,0.37793,-0.228027,0.750488,12.8125,-84.9375,-12.5625,-0.351338,-0.504404,-2.47529
8152,16,1,-47,-43,-49,-7,-4,-10,0.37793,-0.228027,0.750488,12.8125,-84.9375,-12.5625,-0.351338,-0.504404,-2.47529
8152,-6,-13,-22,-35,33,3,2,-8,0.37793,-0.228027,0.750488,12.8125,-84.9375,-12.5625,-0.351338,-0.504404,-2.47529
8166,2,7,89,5,33,4,-1,7,0.377441,-0.265625,0.751953,3.8125,-85.0625,-16.5625,-0.352406,-0.532297,-2.46985
8166,3,1,-77,61,45,27,10,3,0.377441,-0.265625,0.751953,3.8125,-85.0625,-16.5625,-0.352406,-0.532297,-2.46985
8167,-4,2,-14,-9,-42,-13,-1,4,0.377441,-0.265625,0.751953,3.8125,-85.0625,-16.5625,-0.352406,-0.532297,-2.46985
8167,11,-3,-63,-75,-66,-14,-7,-4,0.377441,-0.265625,0.751953,3.8125,-85.0625,-16.5625,-0.352406,-0.532297,-2.46985
8196,-36,2,50,33,7,3,1,-19,0.499023,-0.317383,0.751465,5.25,-86.5,-21.0625,-0.353846,-0.562872,-2.4651
8196,21,1,-2,17,54,14,7,4,0.499023,-0.317383,0.751465,5.25,-86.5,-21.0625,-0.353846,-0.562872,-2.4651
8197,-4,-3,-22,28,9,-2,-9,-6,0.499023,-0.317383,0.751465,5.25,-86.5,-21.0625,-0.353846,-0.562872,-2.4651
8197,-19,-10,-29,-51,-59,-15,1,1,0.499023,-0.317383,0.751465,5.25,-86.5,-21.0625,-0.353846,-0.562872,-2.4651
8211,6,-5,9,7,14,-16,-5,1,0.585449,-0.254395,0.703125,17.125,-85.8125,-18.875,-0.350547,-0.594869,-2.46031
8211,-10,-3,-41,-30,0,7,-5,-1,0.585449,-0.254395,0.703125,17.125,-85.8125,-18.875,-0.350547,-0.594869,-2.46031
8213,2,13,27,25,30,6,11,9,0.499023,-0.23584,0.697754,17.8125,-87.5,-14.0625,-0.347877,-0.624503,-2.45342
8213,3,-15,-17,21,-44,-15,-9,1,0.499023,-0.23584,0.697754,17.8125,-87.5,-14.0625,-0.347877,-0.624503,-2.45342
8225,-1,-2,-53,-69,-21,-5,-5,-9,0.499023,-0.23584,0.697754,17.8125,-87.5,-14.0625,-0.347877,-0.624503,-2.45342
8225,2,8,52,70,86,22,4,1,0.499023,-0.23584,0.697754,17.8125,-87.5,-14.0625,-0.347877,-0.624503,-2.45342
8234,-6,4,44,-40,-28,-3,-5,7,0.531738,-0.276367,0.696289,6.625,-88.9375,-25.625,-0.347785,-0.655923,-2.45028
8234,-1,19,111,55,36,13,9,8,0.531738,-0.276367,0.696289,6.625,-88.9375,-25.625,-0.347785,-0.655923,-2.45028
8248,8,-4,-46,32,-14,-2,2,-7,0.531738,-0.276367,0.696289,6.625,-88.9375,-25.625,-0.347785,-0.655923,-2.45028
8248,-7,-9,-38,-90,-99,-28,-9,-6,0.531738,-0.276367,0.696289,6.625,-88.9375,-25.625,-0.347785,-0.655923,-2.45028
8250,-5,-4,35,35,24,0,-6,-1,0.657715,-0.312012,0.659668,9.5,-86.9375,-29.3125,-0.347189,-0.688982,-2.44807
8250,0,-4,-6,-16,30,0,-3,-1,0.657715,-0.312012,0.659668,9.5,-86.9375,-29.3125,-0.347189,-0.688982,-2.44807
8271,6,-3,12,-14,-23,-7,-5,-3,0.657715,-0.312012,0.659668,9.5,-86.9375,-29.3125,-0.347189,-0.688982,-2.44807
8271,2,7,33,-23,34,5,-3,-6,0.657715,-0.312012,0.659668,9.5,-86.9375,-29.3125,-0.347189,-0.688982,-2.44807
8273,7,-4,-7,50,9,9,7,9,0.675781,-0.278809,0.672852,18.375,-85.625,-15.125,-0.346302,-0.719575,-2.44046
8273,2,1,-41,-15,-13,2,4,-7,0.675781,-0.278809,0.672852,18.375,-85.625,-15.125,-0.346302,-0.719575,-2.44046
8285,8,6,29,-5,-6,-6,1,2,0.675781,-0.278809,0.672852,18.375,-85.625,-15.125,-0.346302,-0.719575,-2.44046
8285,-46,-8,6,-40,-61,-16,-7,-28,0.675781,-0.278809,0.672852,18.375,-85.625,-15.125,-0.346302,-0.719575,-2.44046
8294,19,-5,-26,-24,33,2,-7,5,0.582031,-0.200684,0.638672,13.8125,-84.75,-16.0625,-0.344854,-0.748662,-2.4347
8294,55,15,100,70,40,18,14,1,0.582031,-0.200684,0.638672,13.8125,-84.75,-16.0625,-0.344854,-0.748662,-2.4347
8309,39,-4,-102,15,30,1,-17,14,0.582031,-0.200684,0.638672,13.8125,-84.75,-16.0625,-0.344854,-0.748662,-2.4347
8309,22,5,62,4,-46,-8,-3,-3,0.582031,-0.200684,0.638672,13.8125,-84.75,-16.0625,-0.344854,-0.748662,-2.4347
8310,-47,-13,-49,-30,-11,-10,-8,2,0.572754,-0.210938,0.612305,-2.625,-90,-28.4375,-0.346698,-0.78035,-2.43303
8310,-39,2,5,-38,-30,-9,1,-3,0.572754,-0.210938,0.612305,-2.625,-90,-28.4375,-0.346698,-0.78035,-2.43303
8331,-14,-5,9,-42,-39,-11,-1,-3,0.572754,-0.210938,0.612305,-2.625,-90,-28.4375,-0.346698,-0.78035,-2.43303
8331,-10,-1,49,70,83,14,1,5,0.572754,-0.210938,0.612305,-2.625,-90,-28.4375,-0.346698,-0.78035,-2.43303
8333,-9,-2,-62,42,38,17,5,-2,0.697754,-0.314941,0.625977,0.0625,-94.125,-28.875,-0.351271,-0.813998,-2.42857
8333,7,-2,-67,-50,-22,-7,-3,14,0.697754,-0.314941,0.625977,0.0625,-94.125,-28.875,-0.351271,-0.813998,-2.42857
8345,-19,10,81,30,-1,3,5,-17,0.697754,-0.314941,0.625977,0.0625,-94.125,-28.875,-0.351271,-0.813998,-2.42857
8345,-52,-8,8,4,-29,-4,-4,-16,0.697754,-0.314941,0.625977,0.0625,-94.125,-28.875,-0.351271,-0.813998,-2.42857
8354,1,-6,-18,-75,-4,-3,4,-8,0.779785,-0.244141,0.556152,11.1875,-92.1875,-25.75,-0.351688,-0.848615,-2.42341
8354,8,7,28,84,20,6,3,-6,0.779785,-0.244141,0.556152,11.1875,-92.1875,-25.75,-0.351688,-0.848615,-2.42341
8383,-4,-18,-15,-21,-4,-5,-3,11,0.779785,-0.244141,0.556152,11.1875,-92.1875,-25.75,-0.351688,-0.848615,-2.42341
8383,-2,7,87,29,3,-1,-4,1,0.779785,-0.244141,0.556152,11.1875,-92.1875,-25.75,-0.351688,-0.848615,-2.42341
8385,-6,-3,-58,-10,-70,-22,-11,-9,0.724609,-0.165527,0.495117,9.75,-93.75,-25.9375,-0.350973,-0.883945,-2.41961
8385,-19,-1,31,-113,-14,-13,-14,-12,0.724609,-0.165527,0.495117,9.75,-93.75,-25.9375,-0.350973,-0.883945,-2.41961
8391,27,-1,-5,74,78,22,3,8,0.724609,-0.165527,0.495117,9.75,-93.75,-25.9375,-0.350973,-0.883945,-2.41961
8391,-10,27,-13,29,2,0,-2,1,0.724609,-0.165527,0.495117,9.75,-93.75,-25.9375,-0.350973,-0.883945,-2.41961
8392,18,-6,56,-10,-7,-1,3,11,0.727539,-0.195801,0.480469,-2.6875,-94.5625,-26.625,-0.35588,-0.918675,-2.41482
8392,-58,-26,-54,-10,-4,2,3,-21,0.727539,-0.195801,0.480469,-2.6875,-94.5625,-26.625,-0.35588,-0.918675,-2.41482
8405,11,-22,30,3,-31,-11,0,7,0.727539,-0.195801,0.480469,-2.6875,-94.5625,-26.625,-0.35588,-0.918675,-2.41482
8405,8,-45,-53,-32,23,4,3,3,0.727539,-0.195801,0.480469,-2.6875,-94.5625,-26.625,-0.35588,-0.918675,-2.41482
8413,15,7,44,19,-17,3,-3,-7,0.835449,-0.22998,0.482422,0.5625,-92.0625,-28.0625,-0.360413,-0.953517,-2.40979
8413,49,60,-73,-2,-3,-8,-7,20,0.835449,-0.22998,0.482422,0.5625,-92.0625,-28.0625,-0.360413,-0.953517,-2.40979
8429,-52,-9,-6,6,36,11,5,-11,0.835449,-0.22998,0.482422,0.5625,-92.0625,-28.0625,-0.360413,-0.953517,-2.40979
8429,18,-22,1,33,-21,-3,-1,6,0.835449,-0.22998,0.482422,0.5625,-92.0625,-28.0625,-0.360413,-0.953517,-2.40979
8430,7,13,13,-52,-33,-9,1,-10,0.79541,-0.151855,0.414551,2.625,-91.625,-26,-0.363384,-0.988286,-2.40491
8430,9,19,60,-42,-78,-16,0,3,0.79541,-0.151855,0.414551,2.625,-91.625,-26,-0.363384,-0.988286,-2.40491
8451,-12,-19,-98,23,81,7,-8,2,0.79541,-0.151855,0.414551,2.625,-91.625,-26,-0.363384,-0.988286,-2.40491
8451,36,49,9,62,81,24,11,7,0.79541,-0.151855,0.414551,2.625,-91.625,-26,-0.363384,-0.988286,-2.40491
8459,-27,27,-3,13,-14,3,4,-10,0.956055,-0.160156,0.379883,-1.8125,-88.5,-25.375,-0.369065,-1.02384,-2.39928
8459,-29,-2,69,-6,-35,-6,0,-7,0.956055,-0.160156,0.379883,-1.8125,-88.5,-25.375,-0.369065,-1.02384,-2.39928
8465,8,3,-38,-71,-68,-19,2,3,0.956055,-0.160156,0.379883,-1.8125,-88.5,-25.375,-0.369065,-1.02384,-2.39928
8465,-8,-34,96,7,3,-3,-5,-14,0.956055,-0.160156,0.379883,-1.8125,-88.5,-25.375,-0.369065,-1.02384,-2.39928
8473,12,44,44,-13,-1,-7,-12,-1,0.962891,-0.0678711,0.336426,-2.5,-80.125,-20.8125,-0.372665,-1.05684,-2.39502
8473,-22,0,-11,-24,11,-6,-8,-9,0.962891,-0.0678711,0.336426,-2.5,-80.125,-20.8125,-0.372665,-1.05684,-2.39502
8488,2,-10,-11,51,13,10,-1,-6,0.962891,-0.0678711,0.336426,-2.5,-80.125,-20.8125,-0.372665,-1.05684,-2.39502
8488,29,-17,-13,24,25,15,11,14,0.962891,-0.0678711,0.336426,-2.5,-80.125,-20.8125,-0.372665,-1.05684,-2.39502
8490,-10,29,-26,-17,-11,-2,1,5,0.914062,-0.0947266,0.331055,-11.0625,-76.75,-17.6875,-0.382264,-1.08698,-2.38797
8490,21,12,6,8,-8,0,4,5,0.914062,-0.0947266,0.331055,-11.0625,-76.75,-17.6875,-0.382264,-1.08698,-2.38797
8511,8,-3,52,-8,-13,-7,-11,7,0.914062,-0.0947266,0.331055,-11.0625,-76.75,-17.6875,-0.382264,-1.08698,-2.38797
8511,-7,-1,-99,-29,-22,-12,-8,-5,0.914062,-0.0947266,0.331055,-11.0625,-76.75,-17.6875,-0.382264,-1.08698,-2.38797
8513,-3,12,-16,-27,-11,-3,-3,-1,0.964844,-0.0810547,0.351074,-3.5625,-71.3125,-20.125,-0.385859,-1.11536,-2.38472
8513,-3,-3,-1,19,42,10,-1,-2,0.964844,-0.0810547,0.351074,-3.5625,-71.3125,-20.125,-0.385859,-1.11536,-2.38472
8525,26,10,30,67,16,14,15,8,0.964844,-0.0810547,0.351074,-3.5625,-71.3125,-20.125,-0.385859,-1.11536,-2.38472
8525,9,7,29,-37,-63,-16,3,16,0.964844,-0.0810547,0.351074,-3.5625,-71.3125,-20.125,-0.385859,-1.11536,-2.38472
8540,-42,24,-73,-57,4,-11,-23,-20,0.974609,-0.0644531,0.328125,-3.0625,-66.625,-17.9375,-0.389687,-1.1418,-2.38088
8540,-16,1,-14,35,53,17,3,1,0.974609,-0.0644531,0.328125,-3.0625,-66.625,-17.9375,-0.389687,-1.1418,-2.38088
8548,3,11,36,46,13,6,5,0,0.974609,-0.0644531,0.328125,-3.0625,-66.625,-17.9375,-0.389687,-1.1418,-2.38088
8548,-5,17,18,-48,-49,-14,-7,0,0.974609,-0.0644531,0.328125,-3.0625,-66.625,-17.9375,-0.389687,-1.1418,-2.38088
8550,15,-2,-34,18,18,3,7,10,1.02197,-0.065918,0.277832,-8.875,-62.375,-18.8125,-0.394883,-1.1678,-2.378
8550,12,-14,27,17,12,2,-3,-6,1.02197,-0.065918,0.277832,-8.875,-62.375,-18.8125,-0.394883,-1.1678,-2.378
8571,-14,-6,29,-16,-24,-6,-8,-6,1.02197,-0.065918,0.277832,-8.875,-62.375,-18.8125,-0.394883,-1.1678,-2.378
8571,-4,-7,-5,-11,-3,2,9,2,1.02197,-0.065918,0.277832,-8.875,-62.375,-18.8125,-0.394883,-1.1678,-2.378
8573,29,1,23,-1,-11,-3,-8,-5,0.970215,-0.121094,0.259766,-7.6875,-58.125,-14.3125,-0.406203,-1.19073,-2.36869
8573,-32,-1,0,2,8,-4,-10,-6,0.970215,-0.121094,0.259766,-7.6875,-58.125,-14.3125,-0.406203,-1.19073,-2.36869
8585,2,-17,2,-10,-12,0,3,-4,0.970215,-0.121094,0.259766,-7.6875,-58.125,-14.3125,-0.406203,-1.19073,-2.36869
8585,7,-10,13,-5,15,4,1,-3,0.970215,-0.121094,0.259766,-7.6875,-58.125,-14.3125,-0.406203,-1.19073,-2.36869
8594,22,19,27,25,-1,2,4,7,0.972656,-0.0869141,0.220703,1.4375,-54.75,-11.375,-0.415086,-1.21269,-2.35838
8594,-64,13,-73,-25,-10,-8,-8,-34,0.972656,-0.0869141,0.220703,1.4375,-54.75,-11.375,-0.415086,-1.21269,-2.35838
8609,5,-15,62,-10,-11,-6,-1,-1,0.972656,-0.0869141,0.220703,1.4375,-54.75,-11.375,-0.415086,-1.21269,-2.35838
8609,2,-13,-39,24,20,4,2,2,0.972656,-0.0869141,0.220703,1.4375,-54.75,-11.375,-0.415086,-1.21269,-2.35838
8610,9,-4,49,24,9,3,4,9,0.969727,-0.0351562,0.166504,-0.3125,-52.5625,-13.625,-0.421173,-1.23524,-2.35163
8610,11,0,-29,5,-6,-3,-2,5,0.969727,-0.0351562,0.166504,-0.3125,-52.5625,-13.625,-0.421173,-1.23524,-2.35163
8631,-4,-2,-12,-29,-15,-2,3,-9,0.969727,-0.0351562,0.166504,-0.3125,-52.5625,-13.625,-0.421173,-1.23524,-2.35163
8631,-7,17,-59,-8,5,-2,-5,-1,0.969727,-0.0351562,0.166504,-0.3125,-52.5625,-13.625,-0.421173,-1.23524,-2.35163
8632,-11,14,56,6,-6,-4,-3,-7,1.01953,-0.0566406,0.171875,-12.875,-51.75,-13.0625,-0.433941,-1.257,-2.34262
8632,17,-10,-38,-20,-1,0,2,9,1.01953,-0.0566406,0.171875,-12.875,-51.75,-13.0625,-0.433941,-1.257,-2.34262
8645,-6,6,2,10,-6,-2,-3,-5,1.01953,-0.0566406,0.171875,-12.875,-51.75,-13.0625,-0.433941,-1.257,-2.34262
8645,-4,1,-6,-1,2,-3,-2,2,1.01953,-0.0566406,0.171875,-12.875,-51.75,-13.0625,-0.433941,-1.257,-2.34262
8653,-5,-22,45,8,1,4,6,-3,1.02686,-0.115723,0.163086,-14.0625,-49.6875,-11.375,-0.453857,-1.27708,-2.32724
8653,13,-16,-11,-7,-1,-1,1,0,1.02686,-0.115723,0.163086,-14.0625,-49.6875,-11.375,-0.453857,-1.27708,-2.32724
8668,-6,-2,-47,-16,-10,-6,0,3,1.02686,-0.115723,0.163086,-14.0625,-49.6875,-11.375,-0.453857,-1.27708,-2.32724
8668,-9,-4,26,-2,-5,-8,-13,-7,1.02686,-0.115723,0.163086,-14.0625,-49.6875,-11.375,-0.453857,-1.27708,-2.32724
8670,-6,-16,-10,-4,1,-5,-1,1,1.22949,0.0136719,0.0107422,-5.25,-47.875,-10.875,-0.468039,-1.30178,-2.31432
8670,24,-10,61,21,9,3,3,11,1.22949,0.0136719,0.0107422,-5.25,-47.875,-10.875,-0.468039,-1.30178,-2.31432
8691,7,-16,4,3,2,3,3,-2,1.22949,0.0136719,0.0107422,-5.25,-47.875,-10.875,-0.468039,-1.30178,-2.31432
8691,-5,18,-61,-10,-4,-5,1,4,1.22949,0.0136719,0.0107422,-5.25,-47.875,-10.875,-0.468039,-1.30178,-2.31432
8693,-8,-3,9,2,0,-4,-8,-3,1.49365,0.192871,0.0263672,-3.125,-27.75,-12.1875,-0.453235,-1.32295,-2.32957
8693,13,-22,7,0,-3,2,0,7,1.49365,0.192871,0.0263672,-3.125,-27.75,-12.1875,-0.453235,-1.32295,-2.32957
8705,-6,-8,0,-9,-5,-3,0,-3,1.49365,0.192871,0.0263672,-3.125,-27.75,-12.1875,-0.453235,-1.32295,-2.32957
8705,-2,-1,22,-3,1,-1,0,-5,1.49365,0.192871,0.0263672,-3.125,-27.75,-12.1875,-0.453235,-1.32295,-2.32957
8714,-4,-9,-22,-1,3,2,3,0,1.38623,0.207031,0.155273,-7.1875,-0.1875,1.25,-0.431424,-1.32978,-2.35309
8714,8,-9,10,6,-3,-3,-2,2,1.38623,0.207031,0.155273,-7.1875,-0.1875,1.25,-0.431424,-1.32978,-2.35309
8728,-1,11,3,-6,-4,-1,-2,-2,1.38623,0.207031,0.155273,-7.1875,-0.1875,1.25,-0.431424,-1.32978,-2.35309
8728,2,-10,1,-1,2,2,-2,-2,1.38623,0.207031,0.155273,-7.1875,-0.1875,1.25,-0.431424,-1.32978,-2.35309
8730,2,-18,-18,2,3,2,2,-2,1.19385,0.140137,0.235352,-11.375,6.0625,13.375,-0.426193,-1.3288,-2.36078
8730,6,35,17,7,0,-2,4,3,1.19385,0.140137,0.235352,-11.375,6.0625,13.375,-0.426193,-1.3288,-2.36078
8751,-24,-46,-65,-21,-11,-10,-4,-5,1.19385,0.140137,0.235352,-11.375,6.0625,13.375,-0.426193,-1.3288,-2.36078
8751,-1,4,0,0,2,5,3,0,1.19385,0.140137,0.235352,-11.375,6.0625,13.375,-0.426193,-1.3288,-2.36078
8753,-3,12,-1,1,-3,-7,3,6,1.13477,-0.106445,0.390137,5.6875,7.125,4.75,-0.419733,-1.32331,-2.36516
8753,11,-38,27,3,1,0,3,-9,1.13477,-0.106445,0.390137,5.6875,7.125,4.75,-0.419733,-1.32331,-2.36516
8765,6,0,17,0,2,3,-9,-2,1.13477,-0.106445,0.390137,5.6875,7.125,4.75,-0.419733,-1.32331,-2.36516
8765,-5,-7,-14,-2,-1,0,-1,1,1.13477,-0.106445,0.390137,5.6875,7.125,4.75,-0.419733,-1.32331,-2.36516
8773,-6,40,-6,1,-2,-3,-5,-4,1.03223,-0.195312,0.484375,47.5,8.25,-2.75,-0.394617,-1.31495,-2.37399
8773,6,30,17,3,-1,-4,-5,0,1.03223,-0.195312,0.484375,47.5,8.25,-2.75,-0.394617,-1.31495,-2.37399
8788,-3,-55,-41,-8,-1,-2,7,10,1.03223,-0.195312,0.484375,47.5,8.25,-2.75,-0.394617,-1.31495,-2.37399
8788,-18,74,-12,-8,-5,-10,-5,-15,1.03223,-0.195312,0.484375,47.5,8.25,-2.75,-0.394617,-1.31495,-2.37399
8795,-2,-6,3,2,1,17,2,-1,0.95752,-0.174316,0.453613,55.5625,3.75,2,-0.37537,-1.30822,-2.37401
8795,11,-5,18,6,2,-1,2,10,0.95752,-0.174316,0.453613,55.5625,3.75,2,-0.37537,-1.30822,-2.37401
8811,11,-31,-4,6,10,-7,6,-1,0.95752,-0.174316,0.453613,55.5625,3.75,2,-0.37537,-1.30822,-2.37401
8811,-11,-24,15,-12,-10,13,-20,-4,0.95752,-0.174316,0.453613,55.5625,3.75,2,-0.37537,-1.30822,-2.37401
8813,-3,-16,-21,-8,-9,-21,2,2,0.939453,-0.302246,0.426758,39.9375,-2.625,6.0625,-0.381811,-1.30253,-2.35382
8813,-4,1,8,-3,-3,-1,-3,-9,0.939453,-0.302246,0.426758,39.9375,-2.625,6.0625,-0.381811,-1.30253,-2.35382
8825,4,-19,28,0,-1,1,1,3,0.939453,-0.302246,0.426758,39.9375,-2.625,6.0625,-0.381811,-1.30253,-2.35382
8825,9,-16,-18,7,8,-1,6,4,0.939453,-0.302246,0.426758,39.9375,-2.625,6.0625,-0.381811,-1.30253,-2.35382
8834,-12,27,31,-3,0,1,3,3,0.983887,-0.335938,0.355469,53,-4.625,4.5,-0.387068,-1.29887,-2.33007
8834,5,-21,9,4,1,2,-10,-10,0.983887,-0.335938,0.355469,53,-4.625,4.5,-0.387068,-1.29887,-2.33007
8847,7,-2,-9,3,2,4,1,-2,0.983887,-0.335938,0.355469,53,-4.625,4.5,-0.387068,-1.29887,-2.33007
8847,-9,49,-5,-1,-2,-4,-4,-6,0.983887,-0.335938,0.355469,53,-4.625,4.5,-0.387068,-1.29887,-2.33007
8862,1,-51,-10,-3,0,5,-1,-1,1.06689,-0.196289,0.301758,58.5,1,-2.375,-0.370029,-1.29772,-2.32727
8862,-5,-13,2,-3,-4,-4,2,9,1.06689,-0.196289,0.301758,58.5,1,-2.375,-0.370029,-1.29772,-2.32727
8871,0,32,-1,1,-5,3,-3,-2,1.06689,-0.196289,0.301758,58.5,1,-2.375,-0.370029,-1.29772,-2.32727
8871,13,-11,27,7,6,1,6,4,1.06689,-0.196289,0.301758,58.5,1,-2.375,-0.370029,-1.29772,-2.32727
8872,-7,-40,-68,-7,-2,0,-1,-3,1.06738,-0.0473633,0.241211,16.8125,5.6875,-7.625,-0.349596,-1.29832,-2.34233
8872,-8,-11,-10,-8,-6,-2,-2,-3,1.06738,-0.0473633,0.241211,16.8125,5.6875,-7.625,-0.349596,-1.29832,-2.34233
8884,-5,26,17,-3,-5,0,-6,-5,1.06738,-0.0473633,0.241211,16.8125,5.6875,-7.625,-0.349596,-1.29832,-2.34233
8884,12,-18,0,5,3,0,3,5,1.06738,-0.0473633,0.241211,16.8125,5.6875,-7.625,-0.349596,-1.29832,-2.34233
8893,14,20,30,7,8,5,3,3,1.10938,-0.0151367,0.120117,-29.25,7.875,-5.0625,-0.34807,-1.30037,-2.35388
8893,-8,-20,29,-10,-7,-3,-7,-2,1.10938,-0.0151367,0.120117,-29.25,7.875,-5.0625,-0.34807,-1.30037,-2.35388
8908,-20,16,-34,-9,-12,-5,-7,-13,1.10938,-0.0151367,0.120117,-29.25,7.875,-5.0625,-0.34807,-1.30037,-2.35388
8908,5,13,17,7,4,3,4,4,1.10938,-0.0151367,0.120117,-29.25,7.875,-5.0625,-0.34807,-1.30037,-2.35388
8915,-5,-13,-7,-2,2,2,-1,-5,1.11084,-0.0708008,0.0605469,-57.9375,9.5625,-3.0625,-0.364562,-1.30275,-2.35798
8915,0,4,6,-1,2,1,2,3,1.11084,-0.0708008,0.0605469,-57.9375,9.5625,-3.0625,-0.364562,-1.30275,-2.35798
8938,10,33,41,5,2,-1,0,3,1.11084,-0.0708008,0.0605469,-57.9375,9.5625,-3.0625,-0.364562,-1.30275,-2.35798
8938,3,14,-47,-3,2,-3,1,3,1.11084,-0.0708008,0.0605469,-57.9375,9.5625,-3.0625,-0.364562,-1.30275,-2.35798
8940,-27,27,-93,-20,-10,-6,-8,-16,1.06787,0.0107422,0.139648,-75.3125,7.625,-2.25,-0.379059,-1.30465,-2.37003
8940,-10,-16,4,-5,-4,-3,-3,-5,1.06787,0.0107422,0.139648,-75.3125,7.625,-2.25,-0.379059,-1.30465,-2.37003
8945,3,31,29,2,0,-1,-1,0,1.06787,0.0107422,0.139648,-75.3125,7.625,-2.25,-0.379059,-1.30465,-2.37003
8945,7,7,-20,8,4,1,1,2,1.06787,0.0107422,0.139648,-75.3125,7.625,-2.25,-0.379059,-1.30465,-2.37003
8954,0,-38,15,-5,-3,-1,-1,-1,1.12598,-0.175293,0.0717773,-61.5625,7.3125,2.5625,-0.411893,-1.30579,-2.35879
8954,1,6,-5,2,0,0,1,3,1.12598,-0.175293,0.0717773,-61.5625,7.3125,2.5625,-0.411893,-1.30579,-2.35879
8968,0,-27,-25,-4,1,1,0,0,1.12598,-0.175293,0.0717773,-61.5625,7.3125,2.5625,-0.411893,-1.30579,-2.35879
8968,-12,-18,-6,-11,-6,-6,-3,-7,1.12598,-0.175293,0.0717773,-61.5625,7.3125,2.5625,-0.411893,-1.30579,-2.35879
8975,3,7,28,5,1,-1,-1,0,1.09961,-0.0576172,0.0742188,-44.5625,14.25,0.75,-0.423303,-1.30629,-2.36355
8975,0,18,7,1,2,0,0,2,1.09961,-0.0576172,0.0742188,-44.5625,14.25,0.75,-0.423303,-1.30629,-2.36355
8991,5,36,-11,4,-1,0,-1,0,1.09961,-0.0576172,0.0742188,-44.5625,14.25,0.75,-0.423303,-1.30629,-2.36355
8991,-3,10,16,-6,-2,-1,-2,-3,1.09961,-0.0576172,0.0742188,-44.5625,14.25,0.75,-0.423303,-1.30629,-2.36355
8993,0,46,5,2,0,-4,-2,-2,1.10254,0.0639648,0.0708008,-34.25,17.4375,5.625,-0.42448,-1.30639,-2.37445
8993,12,84,-32,8,4,4,3,4,1.10254,0.0639648,0.0708008,-34.25,17.4375,5.625,-0.42448,-1.30639,-2.37445
9013,-14,-28,-24,-8,-5,-4,-2,-3,1.10254,0.0639648,0.0708008,-34.25,17.4375,5.625,-0.42448,-1.30639,-2.37445
9013,-6,-39,44,-4,-7,-8,-8,-7,1.10254,0.0639648,0.0708008,-34.25,17.4375,5.625,-0.42448,-1.30639,-2.37445
9015,-1,-55,-26,3,4,7,2,-2,1.09717,0.0654297,0.0693359,-46.0625,18.625,7.8125,-0.431226,-1.30524,-2.38316
9015,3,-30,34,3,2,-1,-1,1,1.09717,0.0654297,0.0693359,-46.0625,18.625,7.8125,-0.431226,-1.30524,-2.38316
9027,5,-24,3,5,2,0,2,3,1.09717,0.0654297,0.0693359,-46.0625,18.625,7.8125,-0.431226,-1.30524,-2.38316
9027,-8,3,1,-7,-4,-7,-3,-4,1.09717,0.0654297,0.0693359,-46.0625,18.625,7.8125,-0.431226,-1.30524,-2.38316
9036,4,2,20,1,-1,-2,0,-2,1.0708,-0.0170898,0.0463867,-64.3125,21.875,8.3125,-0.45139,-1.30285,-2.3855
9036,3,21,-25,2,3,1,1,2,1.0708,-0.0170898,0.0463867,-64.3125,21.875,8.3125,-0.45139,-1.30285,-2.3855
9051,-4,-6,0,-5,-1,0,-1,-2,1.0708,-0.0170898,0.0463867,-64.3125,21.875,8.3125,-0.45139,-1.30285,-2.3855
9051,2,1,6,-6,-3,-1,-1,-1,1.0708,-0.0170898,0.0463867,-64.3125,21.875,8.3125,-0.45139,-1.30285,-2.3855
9052,3,21,2,2,2,0,0,1,1.05908,-0.125,0.0791016,-60,23.9375,12.0625,-0.478846,-1.29772,-2.37947
9052,-2,-8,-34,0,-1,-1,-1,-1,1.05908,-0.125,0.0791016,-60,23.9375,12.0625,-0.478846,-1.29772,-2.37947
9074,-2,-33,31,-1,-3,-2,-4,-3,1.05908,-0.125,0.0791016,-60,23.9375,12.0625,-0.478846,-1.29772,-2.37947
9074,0,11,-17,1,-1,1,-1,-1,1.05908,-0.125,0.0791016,-60,23.9375,12.0625,-0.478846,-1.29772,-2.37947
9075,5,40,39,5,0,0,-2,2,1.06006,-0.138184,0.115234,-49.5625,27.3125,10.0625,-0.497404,-1.29058,-2.37829
9075,-9,-60,-13,-7,-5,-3,-2,-4,1.06006,-0.138184,0.115234,-49.5625,27.3125,10.0625,-0.497404,-1.29058,-2.37829
9088,2,-2,8,-3,-1,0,-2,0,1.06006,-0.138184,0.115234,-49.5625,27.3125,10.0625,-0.497404,-1.29058,-2.37829
9088,-3,-13,-15,3,1,0,2,1,1.06006,-0.138184,0.115234,-49.5625,27.3125,10.0625,-0.497404,-1.29058,-2.37829
9095,0,15,11,-1,-3,-6,-2,-3,1.02441,-0.120117,0.154297,-44.25,28.75,5.875,-0.505098,-1.28351,-2.38655
9095,-2,-30,9,1,-3,2,1,-2,1.02441,-0.120117,0.154297,-44.25,28.75,5.875,-0.505098,-1.28351,-2.38655
9118,-3,-33,9,-2,-2,1,-2,-3,1.02441,-0.120117,0.154297,-44.25,28.75,5.875,-0.505098,-1.28351,-2.38655
9118,-2,10,-6,-3,1,-2,0,-1,1.02441,-0.120117,0.154297,-44.25,28.75,5.875,-0.505098,-1.28351,-2.38655
9119,0,2,-7,-3,-1,-1,-1,-1,0.996094,-0.105469,0.185059,-39.25,29.0625,1.25,-0.503986,-1.2764,-2.402
9119,2,-2,-19,1,-1,-4,-1,1,0.996094,-0.105469,0.185059,-39.25,29.0625,1.25,-0.503986,-1.2764,-2.402
9134,0,-3,-6,-1,-1,-3,0,0,0.996094,-0.105469,0.185059,-39.25,29.0625,1.25,-0.503986,-1.2764,-2.402
9134,3,-16,18,1,6,5,-2,-1,0.996094,-0.105469,0.185059,-39.25,29.0625,1.25,-0.503986,-1.2764,-2.402
9135,-10,-15,-30,-3,1,-1,0,-4,0.976562,-0.113281,0.222656,-45.625,27.375,1.625,-0.505631,-1.26905,-2.41697
9135,0,22,-3,1,-1,-1,-3,-1,0.976562,-0.113281,0.222656,-45.625,27.375,1.625,-0.505631,-1.26905,-2.41697
9147,0,3,-22,-2,-4,-1,-1,-1,0.976562,-0.113281,0.222656,-45.625,27.375,1.625,-0.505631,-1.26905,-2.41697
9147,-2,-5,-1,-5,-5,-6,0,-2,0.976562,-0.113281,0.222656,-45.625,27.375,1.625,-0.505631,-1.26905,-2.41697
9156,3,-12,8,1,-2,-2,-1,2,0.97168,-0.122559,0.237793,-46.6875,27.375,0.125,-0.506788,-1.26182,-2.43298
9156,-2,-5,-6,-3,-1,2,0,-1,0.97168,-0.122559,0.237793,-46.6875,27.375,0.125,-0.506788,-1.26182,-2.43298
9171,-1,13,6,-1,-1,-3,-1,-1,0.97168,-0.122559,0.237793,-46.6875,27.375,0.125,-0.506788,-1.26182,-2.43298
9171,-1,-6,-3,-3,-1,1,-1,1,0.97168,-0.122559,0.237793,-46.6875,27.375,0.125,-0.506788,-1.26182,-2.43298
9173,0,5,3,-2,-1,2,-1,0,0.933594,-0.114258,0.261719,-58.9375,29.1875,-2.5625,-0.507538,-1.25389,-2.45353
9173,-5,-33,-29,-5,-3,-4,-3,-2,0.933594,-0.114258,0.261719,-58.9375,29.1875,-2.5625,-0.507538,-1.25389,-2.45353
9195,1,24,24,7,4,1,-2,0,0.933594,-0.114258,0.261719,-58.9375,29.1875,-2.5625,-0.507538,-1.25389,-2.45353
9195,-5,-28,-27,-5,1,0,-1,-3,0.933594,-0.114258,0.261719,-58.9375,29.1875,-2.5625,-0.507538,-1.25389,-2.45353
9196,-1,0,4,3,0,-1,-1,-3,0.894531,-0.152344,0.313965,-62.25,26.3125,-7.875,-0.506848,-1.24592,-2.47685
9196,0,-12,0,-3,-3,-2,-2,-2,0.894531,-0.152344,0.313965,-62.25,26.3125,-7.875,-0.506848,-1.24592,-2.47685
9216,0,-19,14,1,-1,-1,-2,-3,0.894531,-0.152344,0.313965,-62.25,26.3125,-7.875,-0.506848,-1.24592,-2.47685
9216,-2,6,3,0,-2,-2,-2,-3,0.894531,-0.152344,0.313965,-62.25,26.3125,-7.875,-0.506848,-1.24592,-2.47685
9218,0,7,2,-2,-5,0,0,1,0.890625,-0.199219,0.30957,-63.75,26.8125,-13.875,-0.505277,-1.2386,-2.50228
9218,1,4,-3,3,3,2,2,2,0.890625,-0.199219,0.30957,-63.75,26.8125,-13.875,-0.505277,-1.2386,-2.50228
9231,-2,-16,-7,1,3,-7,-6,-2,0.890625,-0.199219,0.30957,-63.75,26.8125,-13.875,-0.505277,-1.2386,-2.50228
9231,1,16,12,2,2,5,1,-2,0.890625,-0.199219,0.30957,-63.75,26.8125,-13.875,-0.505277,-1.2386,-2.50228
9233,-4,6,-24,-5,1,2,-1,-2,0.883301,-0.222168,0.351074,-55.1875,23.75,-17,-0.499996,-1.23193,-2.5285
9233,0,18,19,1,-7,-8,-1,1,0.883301,-0.222168,0.351074,-55.1875,23.75,-17,-0.499996,-1.23193,-2.5285
9253,-1,-2,6,-7,-7,0,-1,-1,0.883301,-0.222168,0.351074,-55.1875,23.75,-17,-0.499996,-1.23193,-2.5285
9253,-2,-1,-2,-3,-1,-1,1,0,0.883301,-0.222168,0.351074,-55.1875,23.75,-17,-0.499996,-1.23193,-2.5285
9255,2,-5,9,7,5,0,0,-1,0.891113,-0.231934,0.328613,-51,22.6875,-20.1875,-0.493195,-1.22621,-2.55496
9255,-1,2,-14,2,1,2,-1,-2,0.891113,-0.231934,0.328613,-51,22.6875,-20.1875,-0.493195,-1.22621,-2.55496
9267,0,17,-4,2,-1,-2,0,-1,0.891113,-0.231934,0.328613,-51,22.6875,-20.1875,-0.493195,-1.22621,-2.55496
9267,-3,-1,-6,-6,-8,-4,-1,-2,0.891113,-0.231934,0.328613,-51,22.6875,-20.1875,-0.493195,-1.22621,-2.55496
9276,-2,8,1,-4,-5,-3,-2,-1,0.881836,-0.205078,0.348633,-51.75,22.75,-20.6875,-0.484514,-1.22059,-2.58336
9276,2,-20,7,0,-2,-6,-2,-2,0.881836,-0.205078,0.348633,-51.75,22.75,-20.6875,-0.484514,-1.22059,-2.58336
9291,-4,37,-10,-1,2,4,2,0,0.881836,-0.205078,0.348633,-51.75,22.75,-20.6875,-0.484514,-1.22059,-2.58336
9291,-3,-4,-12,-4,0,0,-1,0,0.881836,-0.205078,0.348633,-51.75,22.75,-20.6875,-0.484514,-1.22059,-2.58336
9292,0,6,6,-1,-2,-2,1,0,0.869141,-0.217773,0.39502,-53.0625,23.375,-23.9375,-0.473441,-1.21442,-2.61512
9292,0,12,-2,1,0,2,-2,-1,0.869141,-0.217773,0.39502,-53.0625,23.375,-23.9375,-0.473441,-1.21442,-2.61512
9313,0,-5,-2,-1,0,-1,1,1,0.869141,-0.217773,0.39502,-53.0625,23.375,-23.9375,-0.473441,-1.21442,-2.61512
9313,-1,12,2,-4,2,2,-1,-1,0.869141,-0.217773,0.39502,-53.0625,23.375,-23.9375,-0.473441,-1.21442,-2.61512
9315,-1,6,4,-2,1,-4,-3,-1,0.849609,-0.225098,0.416016,-52.4375,26.375,-27.6875,-0.458752,-1.20707,-2.65062
9315,1,-13,-11,1,1,0,1,1,0.849609,-0.225098,0.416016,-52.4375,26.375,-27.6875,-0.458752,-1.20707,-2.65062
9327,-2,11,10,-3,0,2,0,-1,0.849609,-0.225098,0.416016,-52.4375,26.375,-27.6875,-0.458752,-1.20707,-2.65062
9327,-3,-7,-11,-4,-7,-7,-1,-2,0.849609,-0.225098,0.416016,-52.4375,26.375,-27.6875,-0.458752,-1.20707,-2.65062
9336,1,-14,-7,1,-4,-3,-3,0,0.813477,-0.198242,0.431152,-48.5625,28.25,-30.0625,-0.43961,-1.19898,-2.68902
9336,-3,3,-3,-3,2,6,2,-2,0.813477,-0.198242,0.431152,-48.5625,28.25,-30.0625,-0.43961,-1.19898,-2.68902
9351,1,-1,-3,2,-2,0,0,-1,0.813477,-0.198242,0.431152,-48.5625,28.25,-30.0625,-0.43961,-1.19898,-2.68902
9351,-1,8,-8,-6,-1,-2,-2,0,0.813477,-0.198242,0.431152,-48.5625,28.25,-30.0625,-0.43961,-1.19898,-2.68902
9352,-1,0,0,0,0,1,-1,0,0.788574,-0.179688,0.413086,-55.125,29.625,-31.4375,-0.422184,-1.19125,-2.72863
9352,1,-14,10,1,1,-2,-1,1,0.788574,-0.179688,0.413086,-55.125,29.625,-31.4375,-0.422184,-1.19125,-2.72863
9373,-8,60,-29,-3,-3,-3,-1,-2,0.788574,-0.179688,0.413086,-55.125,29.625,-31.4375,-0.422184,-1.19125,-2.72863
9373,2,-1,12,-1,-2,-1,-2,-1,0.788574,-0.179688,0.413086,-55.125,29.625,-31.4375,-0.422184,-1.19125,-2.72863
9375,-1,-7,0,-2,-2,-5,0,-2,0.772949,-0.19043,0.439453,-59.5625,29.3125,-31.0625,-0.40788,-1.18257,-2.76644
9375,-1,16,8,1,-2,6,1,-1,0.772949,-0.19043,0.439453,-59.5625,29.3125,-31.0625,-0.40788,-1.18257,-2.76644
9387,2,-4,10,-1,4,6,1,2,0.772949,-0.19043,0.439453,-59.5625,29.3125,-31.0625,-0.40788,-1.18257,-2.76644
9387,-2,7,-5,-1,4,-2,-3,0,0.772949,-0.19043,0.439453,-59.5625,29.3125,-31.0625,-0.40788,-1.18257,-2.76644
9395,0,8,3,0,-3,-2,1,-1,0.76709,-0.229492,0.400879,-61.625,27.8125,-29.375,-0.400876,-1.17439,-2.79768
9395,-1,2,-4,0,-4,-5,-3,-1,0.76709,-0.229492,0.400879,-61.625,27.8125,-29.375,-0.400876,-1.17439,-2.79768
9411,1,-15,4,2,-1,-3,-2,-1,0.76709,-0.229492,0.400879,-61.625,27.8125,-29.375,-0.400876,-1.17439,-2.79768
9411,0,-1,-2,-4,-1,1,-1,-1,0.76709,-0.229492,0.400879,-61.625,27.8125,-29.375,-0.400876,-1.17439,-2.79768
9413,-1,-13,0,-2,1,3,0,-1,0.76709,-0.261719,0.423828,-55.8125,27.25,-27.875,-0.395442,-1.16586,-2.82578
9413,-2,1,1,-1,-1,0,-1,-2,0.76709,-0.261719,0.423828,-55.8125,27.25,-27.875,-0.395442,-1.16586,-2.82578
9434,-1,-15,-4,1,-2,-2,-2,-1,0.76709,-0.261719,0.423828,-55.8125,27.25,-27.875,-0.395442,-1.16586,-2.82578
9434,-2,2,1,-3,-2,-3,-1,-1,0.76709,-0.261719,0.423828,-55.8125,27.25,-27.875,-0.395442,-1.16586,-2.82578
9435,-1,-12,0,-2,-2,-2,0,1,0.774902,-0.262207,0.434082,-47.3125,25.25,-26.6875,-0.388791,-1.15744,-2.85163
9435,0,-1,1,-1,-1,-3,-4,-1,0.774902,-0.262207,0.434082,-47.3125,25.25,-26.6875,-0.388791,-1.15744,-2.85163
9447,0,4,3,-1,2,-1,0,-1,0.774902,-0.262207,0.434082,-47.3125,25.25,-26.6875,-0.388791,-1.15744,-2.85163
9447,0,-9,-1,2,0,1,1,0,0.774902,-0.262207,0.434082,-47.3125,25.25,-26.6875,-0.388791,-1.15744,-2.85163
9456,-1,3,1,-1,-2,-2,-2,-1,0.780273,-0.235352,0.441406,-41.25,23.8125,-25.9375,-0.380308,-1.14972,-2.87725
9456,-2,4,-11,-1,-4,-2,-1,-2,0.780273,-0.235352,0.441406,-41.25,23.8125,-25.9375,-0.380308,-1.14972,-2.87725
9471,1,-7,2,-2,-2,-1,0,-1,0.780273,-0.235352,0.441406,-41.25,23.8125,-25.9375,-0.380308,-1.14972,-2.87725
9471,-2,-4,-9,2,0,0,-2,0,0.780273,-0.235352,0.441406,-41.25,23.8125,-25.9375,-0.380308,-1.14972,-2.87725
9473,-3,-1,5,-2,-3,1,0,-1,0.793457,-0.218262,0.432129,-40.75,21.375,-24.75,-0.373448,-1.14335,-2.90091
9473,1,-17,2,0,-2,-6,-1,-1,0.793457,-0.218262,0.432129,-40.75,21.375,-24.75,-0.373448,-1.14335,-2.90091
9494,-1,24,-3,0,1,3,0,-2,0.793457,-0.218262,0.432129,-40.75,21.375,-24.75,-0.373448,-1.14335,-2.90091
9494,-2,9,3,-1,-2,0,-1,0,0.793457,-0.218262,0.432129,-40.75,21.375,-24.75,-0.373448,-1.14335,-2.90091
9495,-1,-2,-6,-2,0,-3,-3,-3,0.807617,-0.208496,0.422852,-45.5,19.625,-23,-0.36988,-1.13765,-2.92267
9495,-2,-2,0,1,4,2,-1,-1,0.807617,-0.208496,0.422852,-45.5,19.625,-23,-0.36988,-1.13765,-2.92267
9507,0,-3,-6,-4,-4,-4,-1,-1,0.807617,-0.208496,0.422852,-45.5,19.625,-23,-0.36988,-1.13765,-2.92267
9507,-1,-3,6,0,-1,-2,-1,-1,0.807617,-0.208496,0.422852,-45.5,19.625,-23,-0.36988,-1.13765,-2.92267
9516,-1,-3,8,1,-4,1,-1,-1,0.81543,-0.20459,0.410645,-51.875,18.9375,-20.625,-0.370897,-1.13234,-2.94203
9516,-1,-2,-22,-2,3,-3,-1,0,0.81543,-0.20459,0.410645,-51.875,18.9375,-20.625,-0.370897,-1.13234,-2.94203
9531,-2,-10,-5,0,0,-1,-1,0,0.81543,-0.20459,0.410645,-51.875,18.9375,-20.625,-0.370897,-1.13234,-2.94203
9531,-1,5,-3,-5,-3,-4,0,-2,0.81543,-0.20459,0.410645,-51.875,18.9375,-20.625,-0.370897,-1.13234,-2.94203
9537,-1,-4,0,-2,-1,3,0,-2,0.805176,-0.224609,0.402344,-53.3125,17.8125,-18,-0.375859,-1.12722,-2.95782
9537,-1,-3,6,3,2,2,-1,-4,0.805176,-0.224609,0.402344,-53.3125,17.8125,-18,-0.375859,-1.12722,-2.95782
9554,0,5,1,1,1,-1,0,0,0.805176,-0.224609,0.402344,-53.3125,17.8125,-18,-0.375859,-1.12722,-2.95782
9554,-1,0,-3,-1,2,-2,-2,-1,0.805176,-0.224609,0.402344,-53.3125,17.8125,-18,-0.375859,-1.12722,-2.95782
9555,1,-16,-1,-3,-1,-5,-2,1,0.798828,-0.227539,0.407227,-54.1875,14.75,-14.5625,-0.384058,-1.12246,-2.97034
9555,-1,7,2,0,-4,-2,-2,-2,0.798828,-0.227539,0.407227,-54.1875,14.75,-14.5625,-0.384058,-1.12246,-2.97034
9567,-1,-2,-1,-3,-1,-1,-1,0,0.798828,-0.227539,0.407227,-54.1875,14.75,-14.5625,-0.384058,-1.12246,-2.97034
9567,-3,-4,5,-2,-1,1,0,-2,0.798828,-0.227539,0.407227,-54.1875,14.75,-14.5625,-0.384058,-1.12246,-2.97034
9576,1,-13,-7,1,0,-1,-2,0,0.801758,-0.244629,0.40918,-49.4375,11.8125,-11.9375,-0.394087,-1.11864,-2.97932
9576,-1,5,4,2,0,2,2,1,0.801758,-0.244629,0.40918,-49.4375,11.8125,-11.9375,-0.394087,-1.11864,-2.97932
9591,0,-2,1,-2,-2,-1,-1,0,0.801758,-0.244629,0.40918,-49.4375,11.8125,-11.9375,-0.394087,-1.11864,-2.97932
9591,-2,-1,0,-2,-2,0,-1,-1,0.801758,-0.244629,0.40918,-49.4375,11.8125,-11.9375,-0.394087,-1.11864,-2.97932
9597,-1,12,-1,1,-1,0,0,-1,0.804688,-0.232422,0.408691,-45.8125,9.9375,-10.3125,-0.403396,-1.11508,-2.98738
9597,1,2,3,-3,-2,-3,-2,-1,0.804688,-0.232422,0.408691,-45.8125,9.9375,-10.3125,-0.403396,-1.11508,-2.98738
9613,-1,-1,0,-1,0,0,-1,0,0.804688,-0.232422,0.408691,-45.8125,9.9375,-10.3125,-0.403396,-1.11508,-2.98738
9613,1,4,1,-2,-2,-2,-1,0,0.804688,-0.232422,0.408691,-45.8125,9.9375,-10.3125,-0.403396,-1.11508,-2.98738
9615,-2,2,-12,-1,-2,1,-1,-2,0.799316,-0.220215,0.419434,-42.625,7.1875,-7.8125,-0.41307,-1.11221,-2.99359
9615,0,2,6,2,6,5,0,0,0.799316,-0.220215,0.419434,-42.625,7.1875,-7.8125,-0.41307,-1.11221,-2.99359
9628,0,1,-2,-1,0,1,0,-1,0.799316,-0.220215,0.419434,-42.625,7.1875,-7.8125,-0.41307,-1.11221,-2.99359
9628,0,7,-2,-4,-2,-3,-2,-2,0.799316,-0.220215,0.419434,-42.625,7.1875,-7.8125,-0.41307,-1.11221,-2.99359
9636,0,3,1,-1,-2,-4,-1,-2,0.800293,-0.222168,0.420898,-42.875,3.3125,-5.1875,-0.425223,-1.11,-2.99692
9636,-3,-6,6,-5,-4,-5,-3,-1,0.800293,-0.222168,0.420898,-42.875,3.3125,-5.1875,-0.425223,-1.11,-2.99692
9650,-3,9,-4,-7,-3,-2,-1,0,0.800293,-0.222168,0.420898,-42.875,3.3125,-5.1875,-0.425223,-1.11,-2.99692
9650,-1,7,-8,0,-1,-2,-1,-2,0.800293,-0.222168,0.420898,-42.875,3.3125,-5.1875,-0.425223,-1.11,-2.99692
9657,0,4,10,4,4,5,2,0,0.798828,-0.213867,0.433105,-42.4375,-0.9375,-3.6875,-0.438414,-1.10898,-2.99883
9657,0,1,-13,0,0,-1,0,2,0.798828,-0.213867,0.433105,-42.4375,-0.9375,-3.6875,-0.438414,-1.10898,-2.99883
9681,-3,29,5,3,1,1,-2,-2,0.798828,-0.213867,0.433105,-42.4375,-0.9375,-3.6875,-0.438414,-1.10898,-2.99883
9681,-4,1,-3,-4,-7,-1,-1,-1,0.798828,-0.213867,0.433105,-42.4375,-0.9375,-3.6875,-0.438414,-1.10898,-2.99883
9682,0,6,-3,-5,-1,-2,-1,-1,0.803223,-0.23877,0.432617,-43.75,-4.125,-2.6875,-0.454549,-1.10852,-2.99804
9682,1,-5,0,0,-2,0,-3,0,0.803223,-0.23877,0.432617,-43.75,-4.125,-2.6875,-0.454549,-1.10852,-2.99804
9687,0,-6,-1,-3,-1,-4,-2,1,0.803223,-0.23877,0.432617,-43.75,-4.125,-2.6875,-0.454549,-1.10852,-2.99804
9687,-1,8,-2,0,-1,-3,-3,-2,0.803223,-0.23877,0.432617,-43.75,-4.125,-2.6875,-0.454549,-1.10852,-2.99804
9696,-5,2,1,-2,0,3,-1,-1,0.81543,-0.263672,0.441895,-42.125,-7.0625,-1.8125,-0.472186,-1.10884,-2.99534
9696,-2,2,-13,-2,-2,-1,0,-1,0.81543,-0.263672,0.441895,-42.125,-7.0625,-1.8125,-0.472186,-1.10884,-2.99534
9711,0,1,-6,-1,-5,-1,-2,-1,0.81543,-0.263672,0.441895,-42.125,-7.0625,-1.8125,-0.472186,-1.10884,-2.99534
9711,-2,1,-8,-5,0,1,0,-1,0.81543,-0.263672,0.441895,-42.125,-7.0625,-1.8125,-0.472186,-1.10884,-2.99534
9713,-1,-1,1,0,1,-2,-1,-1,0.822266,-0.273926,0.44873,-35.625,-9.4375,-1.1875,-0.488746,-1.10925,-2.99106
9713,0,10,11,4,-1,-4,0,-1,0.822266,-0.273926,0.44873,-35.625,-9.4375,-1.1875,-0.488746,-1.10925,-2.99106
9733,-1,-14,-7,-4,-2,-1,-1,-1,0.822266,-0.273926,0.44873,-35.625,-9.4375,-1.1875,-0.488746,-1.10925,-2.99106
9733,-1,4,4,0,1,2,3,0,0.822266,-0.273926,0.44873,-35.625,-9.4375,-1.1875,-0.488746,-1.10925,-2.99106
9735,-1,7,-4,0,0,-2,-1,-1,0.82666,-0.259766,0.453125,-30.375,-12.4375,-1.375,-0.503271,-1.11098,-2.98687
9735,1,-2,-1,1,-3,-5,-2,1,0.82666,-0.259766,0.453125,-30.375,-12.4375,-1.375,-0.503271,-1.11098,-2.98687
9747,0,1,-4,-2,-4,-2,-2,-2,0.82666,-0.259766,0.453125,-30.375,-12.4375,-1.375,-0.503271,-1.11098,-2.98687
9747,-2,0,4,-1,4,2,-1,-1,0.82666,-0.259766,0.453125,-30.375,-12.4375,-1.375,-0.503271,-1.11098,-2.98687
9757,0,11,-5,-4,-2,0,0,0,0.833984,-0.242676,0.450684,-30,-14.875,-0.375,-0.517907,-1.11321,-2.98197
9757,-1,3,1,-1,-4,0,1,-1,0.833984,-0.242676,0.450684,-30,-14.875,-0.375,-0.517907,-1.11321,-2.98197
9770,-1,-3,9,0,-5,-7,-4,-1,0.833984,-0.242676,0.450684,-30,-14.875,-0.375,-0.517907,-1.11321,-2.98197
9770,-1,1,-2,-3,-4,-5,-2,-1,0.833984,-0.242676,0.450684,-30,-14.875,-0.375,-0.517907,-1.11321,-2.98197
9777,-3,-7,-12,-1,5,5,0,0,0.849121,-0.246582,0.459473,-32.5625,-15.9375,0.6875,-0.534106,-1.11547,-2.97636
9777,-1,-2,-11,0,-2,-1,-3,-2,0.849121,-0.246582,0.459473,-32.5625,-15.9375,0.6875,-0.534106,-1.11547,-2.97636
9793,-2,-16,-5,-8,-4,-1,0,-1,0.849121,-0.246582,0.459473,-32.5625,-15.9375,0.6875,-0.534106,-1.11547,-2.97636
9793,-3,25,-9,-2,-2,0,0,-1,0.849121,-0.246582,0.459473,-32.5625,-15.9375,0.6875,-0.534106,-1.11547,-2.97636
9796,0,-5,6,3,-2,-1,0,-2,0.849609,-0.259766,0.466309,-34.125,-15.8125,1.4375,-0.551252,-1.11733,-2.97018
9796,-2,0,1,1,-3,-2,-2,-3,0.849609,-0.259766,0.466309,-34.125,-15.8125,1.4375,-0.551252,-1.11733,-2.97018
9808,0,-8,1,4,4,2,-2,-1,0.849609,-0.259766,0.466309,-34.125,-15.8125,1.4375,-0.551252,-1.11733,-2.97018
9808,0,-11,1,0,3,1,-1,0,0.849609,-0.259766,0.466309,-34.125,-15.8125,1.4375,-0.551252,-1.11733,-2.97018
9816,1,-7,-3,-5,-6,-6,-1,0,0.850586,-0.267578,0.468262,-32.3125,-16.375,3.4375,-0.56943,-1.11862,-2.96217
9816,-1,0,1,-7,0,-1,0,-1,0.850586,-0.267578,0.468262,-32.3125,-16.375,3.4375,-0.56943,-1.11862,-2.96217
9830,0,-7,8,7,-3,-6,-1,0,0.850586,-0.267578,0.468262,-32.3125,-16.375,3.4375,-0.56943,-1.11862,-2.96217
9830,-2,-3,-13,1,3,7,0,-2,0.850586,-0.267578,0.468262,-32.3125,-16.375,3.4375,-0.56943,-1.11862,-2.96217
9838,-1,1,-4,-1,3,1,-3,-2,0.864746,-0.282715,0.479004,-27.875,-15.75,5.5,-0.587016,-1.11921,-2.9531
9838,-1,-15,14,0,-4,-4,-2,0,0.864746,-0.282715,0.479004,-27.875,-15.75,5.5,-0.587016,-1.11921,-2.9531
9854,0,-6,-13,-8,-3,0,0,0,0.864746,-0.282715,0.479004,-27.875,-15.75,5.5,-0.587016,-1.11921,-2.9531
9854,0,1,7,4,0,1,-3,-1,0.864746,-0.282715,0.479004,-27.875,-15.75,5.5,-0.587016,-1.11921,-2.9531
9855,2,-11,13,3,-1,-5,-3,0,0.875488,-0.287109,0.477051,-20.125,-13.375,8.5,-0.602552,-1.11845,-2.9431
9855,-5,5,-13,0,2,3,0,-2,0.875488,-0.287109,0.477051,-20.125,-13.375,8.5,-0.602552,-1.11845,-2.9431
9867,0,2,1,0,0,-2,-2,1,0.875488,-0.287109,0.477051,-20.125,-13.375,8.5,-0.602552,-1.11845,-2.9431
9867,2,-8,-8,-3,-5,5,1,0,0.875488,-0.287109,0.477051,-20.125,-13.375,8.5,-0.602552,-1.11845,-2.9431
9876,0,-5,6,-1,-9,-10,-3,-2,0.870117,-0.279785,0.479004,-10.625,-10.4375,11.75,-0.614818,-1.11635,-2.93309
9876,0,-2,-14,-5,7,5,1,1,0.870117,-0.279785,0.479004,-10.625,-10.4375,11.75,-0.614818,-1.11635,-2.93309
9890,-3,-5,-13,-10,-6,-3,-2,-2,0.870117,-0.279785,0.479004,-10.625,-10.4375,11.75,-0.614818,-1.11635,-2.93309
9890,-2,-9,10,8,3,-3,-4,-3,0.870117,-0.279785,0.479004,-10.625,-10.4375,11.75,-0.614818,-1.11635,-2.93309
9897,-2,-2,-4,0,2,1,0,-1,0.89502,-0.285156,0.477051,-8.6875,-7,16.5625,-0.627435,-1.11247,-2.92186
9897,0,0,14,0,-1,0,-2,0,0.89502,-0.285156,0.477051,-8.6875,-7,16.5625,-0.627435,-1.11247,-2.92186
9914,-1,4,-19,-6,-3,-1,-2,0,0.89502,-0.285156,0.477051,-8.6875,-7,16.5625,-0.627435,-1.11247,-2.92186
9914,1,-6,6,-6,-7,-8,-1,0,0.89502,-0.285156,0.477051,-8.6875,-7,16.5625,-0.627435,-1.11247,-2.92186
9915,1,-7,13,11,7,4,2,1,0.893555,-0.336914,0.48584,-3,-2.625,19.625,-0.639759,-1.10596,-2.90896
9915,-3,-12,-12,2,1,-4,-5,-3,0.893555,-0.336914,0.48584,-3,-2.625,19.625,-0.639759,-1.10596,-2.90896
9927,0,16,-24,-8,3,5,2,0,0.893555,-0.336914,0.48584,-3,-2.625,19.625,-0.639759,-1.10596,-2.90896
9927,-3,-9,-11,-6,-3,0,1,-1,0.893555,-0.336914,0.48584,-3,-2.625,19.625,-0.639759,-1.10596,-2.90896
9936,0,-5,15,0,-4,-5,-5,0,0.884277,-0.336426,0.489746,6.1875,2,24.4375,-0.648641,-1.09721,-2.89637
9936,-1,-4,-17,-6,-9,-17,-4,0,0.884277,-0.336426,0.489746,6.1875,2,24.4375,-0.648641,-1.09721,-2.89637
9950,-1,-1,19,4,4,12,0,-2,0.884277,-0.336426,0.489746,6.1875,2,24.4375,-0.648641,-1.09721,-2.89637
9950,2,-2,7,1,-2,1,1,1,0.884277,-0.336426,0.489746,6.1875,2,24.4375,-0.648641,-1.09721,-2.89637
9957,-4,-6,-13,-2,-6,-2,-3,-2,0.876953,-0.311035,0.507812,16.875,12.6875,28.25,-0.649623,-1.0848,-2.88774
9957,2,-2,-28,-1,7,-2,2,1,0.876953,-0.311035,0.507812,16.875,12.6875,28.25,-0.649623,-1.0848,-2.88774
9974,1,1,17,9,5,0,0,0,0.876953,-0.311035,0.507812,16.875,12.6875,28.25,-0.649623,-1.0848,-2.88774
9974,-2,7,-9,-6,-1,5,1,-2,0.876953,-0.311035,0.507812,16.875,12.6875,28.25,-0.649623,-1.0848,-2.88774
9975,1,-9,-3,-10,-9,-11,-8,-3,0.86377,-0.287109,0.528809,25.0625,20.5625,33.0625,-0.645358,-1.06957,-2.88162
9975,0,1,26,2,-10,-2,-6,-2,0.86377,-0.287109,0.528809,25.0625,20.5625,33.0625,-0.645358,-1.06957,-2.88162
9996,-3,-4,-19,-8,-10,-9,-2,-3,0.86377,-0.287109,0.528809,25.0625,20.5625,33.0625,-0.645358,-1.06957,-2.88162
9996,5,2,24,5,16,7,5,1,0.86377,-0.287109,0.528809,25.0625,20.5625,33.0625,-0.645358,-1.06957,-2.88162
9997,11,4,10,25,16,13,4,3,0.855469,-0.288086,0.542969,25.0625,29.1875,36.5625,-0.639197,-1.05117,-2.87728
9997,-18,7,-18,-11,-2,1,1,-1,0.855469,-0.288086,0.542969,25.0625,29.1875,36.5625,-0.639197,-1.05117,-2.87728
10010,4,5,-25,-4,1,0,0,1,0.855469,-0.288086,0.542969,25.0625,29.1875,36.5625,-0.639197,-1.05117,-2.87728
10010,-2,0,24,-7,-17,-9,-2,0,0.855469,-0.288086,0.542969,25.0625,29.1875,36.5625,-0.639197,-1.05117,-2.87728
10017,-13,9,-6,-5,-6,-3,-3,-6,0.834961,-0.328613,0.54248,21.5,36.25,38.6875,-0.634538,-1.03024,-2.87315
10017,9,6,18,0,-6,-12,-1,-2,0.834961,-0.328613,0.54248,21.5,36.25,38.6875,-0.634538,-1.03024,-2.87315
10033,-10,2,19,5,1,8,1,-3,0.834961,-0.328613,0.54248,21.5,36.25,38.6875,-0.634538,-1.03024,-2.87315
10033,3,6,-33,-5,9,8,-4,1,0.834961,-0.328613,0.54248,21.5,36.25,38.6875,-0.634538,-1.03024,-2.87315
10035,3,10,4,-1,1,-2,4,3,0.834961,-0.363281,0.569336,26.8125,48.25,43.3125,-0.62712,-1.00468,-2.87032
10035,2,4,4,-5,-5,9,3,1,0.834961,-0.363281,0.569336,26.8125,48.25,43.3125,-0.62712,-1.00468,-2.87032
10056,1,-12,16,4,-3,-12,-11,-3,0.834961,-0.363281,0.569336,26.8125,48.25,43.3125,-0.62712,-1.00468,-2.87032
10056,-1,-2,-7,2,-2,-13,-4,-1,0.834961,-0.363281,0.569336,26.8125,48.25,43.3125,-0.62712,-1.00468,-2.87032
10057,-4,-6,-35,-13,1,18,7,0,0.814453,-0.341309,0.631348,48.8125,62.3125,44.75,-0.6065,-0.974506,-2.87315
10057,0,3,1,6,2,-2,-4,-3,0.814453,-0.341309,0.631348,48.8125,62.3125,44.75,-0.6065,-0.974506,-2.87315
10070,0,-6,33,3,-1,-3,1,-1,0.814453,-0.341309,0.631348,48.8125,62.3125,44.75,-0.6065,-0.974506,-2.87315
10070,-4,-15,-13,-8,-5,-7,-2,-3,0.814453,-0.341309,0.631348,48.8125,62.3125,44.75,-0.6065,-0.974506,-2.87315
10077,-4,3,-15,-5,-5,-2,-2,-1,0.767578,-0.296387,0.627441,55.8125,72.5,44.375,-0.581134,-0.942313,-2.87878
10077,-1,3,1,-5,-6,-4,0,0,0.767578,-0.296387,0.627441,55.8125,72.5,44.375,-0.581134,-0.942313,-2.87878
10094,-1,24,-12,2,3,-1,-2,0,0.767578,-0.296387,0.627441,55.8125,72.5,44.375,-0.581134,-0.942313,-2.87878
10094,-1,25,0,9,10,13,2,-2,0.767578,-0.296387,0.627441,55.8125,72.5,44.375,-0.581134,-0.942313,-2.87878
10095,-9,-35,-8,-22,-10,-11,-4,-4,0.709961,-0.24707,0.622559,45.9375,78.0625,45.8125,-0.558401,-0.90869,-2.8848
10095,-2,-12,-1,0,-3,4,-4,-3,0.709961,-0.24707,0.622559,45.9375,78.0625,45.8125,-0.558401,-0.90869,-2.8848
10116,-1,-2,10,8,1,-5,1,-4,0.709961,-0.24707,0.622559,45.9375,78.0625,45.8125,-0.558401,-0.90869,-2.8848
10116,1,-1,-17,-3,-1,-1,0,4,0.709961,-0.24707,0.622559,45.9375,78.0625,45.8125,-0.558401,-0.90869,-2.8848
10117,-1,31,11,1,0,-2,-2,-3,0.681152,-0.280762,0.634766,30.5625,82.3125,44.5,-0.542053,-0.873937,-2.89035
10117,8,12,53,4,-3,0,-1,2,0.681152,-0.280762,0.634766,30.5625,82.3125,44.5,-0.542053,-0.873937,-2.89035
10129,-7,0,-87,-20,-3,-6,-2,0,0.681152,-0.280762,0.634766,30.5625,82.3125,44.5,-0.542053,-0.873937,-2.89035
10129,7,-6,18,2,-6,-6,-2,-8,0.681152,-0.280762,0.634766,30.5625,82.3125,44.5,-0.542053,-0.873937,-2.89035
10138,-8,20,-3,3,4,3,0,1,0.65918,-0.328613,0.615234,26.0625,83.5625,39.25,-0.528389,-0.839807,-2.8958
10138,11,-2,21,4,2,0,0,-1,0.65918,-0.328613,0.615234,26.0625,83.5625,39.25,-0.528389,-0.839807,-2.8958
10153,0,-32,4,-1,-3,1,-1,-1,0.65918,-0.328613,0.615234,26.0625,83.5625,39.25,-0.528389,-0.839807,-2.8958
10153,-13,6,-8,2,-1,-4,-2,2,0.65918,-0.328613,0.615234,26.0625,83.5625,39.25,-0.528389,-0.839807,-2.8958
10156,-3,-9,14,8,-2,-4,-2,-3,0.621582,-0.393066,0.651367,36.75,85.1875,36.6875,-0.512478,-0.804694,-2.90047
10156,28,18,-13,-3,5,3,28,26,0.621582,-0.393066,0.651367,36.75,85.1875,36.6875,-0.512478,-0.804694,-2.90047
10176,29,24,5,3,4,18,-3,0,0.621582,-0.393066,0.651367,36.75,85.1875,36.6875,-0.512478,-0.804694,-2.90047
10176,-11,-5,6,-8,-6,-16,-44,-44,0.621582,-0.393066,0.651367,36.75,85.1875,36.6875,-0.512478,-0.804694,-2.90047
10178,-56,1,12,2,-3,-5,-13,-12,0.549805,-0.316895,0.69873,38.75,88.1875,29.5625,-0.49136,-0.769407,-2.91002
10178,-10,-13,-25,6,1,2,-3,1,0.549805,-0.316895,0.69873,38.75,88.1875,29.5625,-0.49136,-0.769407,-2.91002
10190,14,16,43,6,3,0,14,13,0.549805,-0.316895,0.69873,38.75,88.1875,29.5625,-0.49136,-0.769407,-2.91002
10190,39,-21,16,-5,-3,1,17,20,0.549805,-0.316895,0.69873,38.75,88.1875,29.5625,-0.49136,-0.769407,-2.91002
10199,4,-36,-1,-8,-3,-2,-4,-9,0.539062,-0.251465,0.729492,45.6875,89.8125,18,-0.463792,-0.735938,-2.92438
10199,0,27,47,11,2,5,-2,-3,0.539062,-0.251465,0.729492,45.6875,89.8125,18,-0.463792,-0.735938,-2.92438
10214,-1,-48,-89,0,1,-2,5,6,0.539062,-0.251465,0.729492,45.6875,89.8125,18,-0.463792,-0.735938,-2.92438
10214,-31,-27,-10,-12,-13,-6,-8,-13,0.539062,-0.251465,0.729492,45.6875,89.8125,18,-0.463792,-0.735938,-2.92438
10215,22,3,33,2,2,-1,3,4,0.505371,-0.241699,0.707031,28.125,86.0625,7,-0.441417,-0.705382,-2.94084
10215,-11,36,-15,0,1,4,-4,-3,0.505371,-0.241699,0.707031,28.125,86.0625,7,-0.441417,-0.705382,-2.94084
