0,1,1,1,-1,1,0,0,-1,0.793457,0.0551758,0.349121,-151.75,-123.625,-97,2.67096,-1.47717,-3.11409
0,3,0,0,-2,-2,0,0,0,0.793457,0.0551758,0.349121,-151.75,-123.625,-97,2.67096,-1.47717,-3.11409
1,7,0,-2,-3,-1,0,-2,0,0.793457,0.0551758,0.349121,-151.75,-123.625,-97,2.67096,-1.47717,-3.11409
1,5,0,-2,-3,-1,-2,0,1,0.793457,0.0551758,0.349121,-151.75,-123.625,-97,2.67096,-1.47717,-3.11409
2,3,0,-2,-3,-2,-1,0,-1,0.793457,0.0551758,0.349121,-151.75,-123.625,-97,2.67096,-1.47717,-3.11409
2,-2,1,1,0,-1,-2,-1,-1,0.793457,0.0551758,0.349121,-151.75,-123.625,-97,2.67096,-1.47717,-3.11409
5,-2,1,1,0,1,-1,-1,-1,0.793457,0.0551758,0.349121,-151.75,-123.625,-97,2.67096,-1.47717,-3.11409
5,0,-1,0,0,0,1,0,0,0.793457,0.0551758,0.349121,-151.75,-123.625,-97,2.67096,-1.47717,-3.11409
12,2,-1,-1,1,0,0,0,0,0.852051,0.0078125,0.223145,-139.438,-125.562,-102.125,2.54697,-1.4223,-3.03867
12,3,-1,0,0,1,-1,0,-3,0.852051,0.0078125,0.223145,-139.438,-125.562,-102.125,2.54697,-1.4223,-3.03867
20,0,-1,-1,0,-2,0,-1,-1,0.852051,0.0078125,0.223145,-139.438,-125.562,-102.125,2.54697,-1.4223,-3.03867
20,1,-1,-4,1,-1,-1,-2,-2,0.852051,0.0078125,0.223145,-139.438,-125.562,-102.125,2.54697,-1.4223,-3.03867
27,-1,-2,-1,0,0,0,0,0,0.943359,-0.0795898,0.133789,-109.062,-121.438,-103.438,2.48356,-1.36953,-3.0127
27,0,-2,-3,-1,-1,-1,0,-1,0.943359,-0.0795898,0.133789,-109.062,-121.438,-103.438,2.48356,-1.36953,-3.0127
41,-1,-2,-1,-1,1,-1,0,0,0.943359,-0.0795898,0.133789,-109.062,-121.438,-103.438,2.48356,-1.36953,-3.0127
41,-1,-3,-1,-4,0,0,0,-2,0.943359,-0.0795898,0.133789,-109.062,-121.438,-103.438,2.48356,-1.36953,-3.0127
53,0,0,-1,-2,-1,-2,-2,-2,0.987793,-0.112793,0.0976562,-53.25,-109.312,-96.4375,2.45478,-1.32098,-3.00224
53,-1,0,-2,-3,-1,-2,-3,-1,0.987793,-0.112793,0.0976562,-53.25,-109.312,-96.4375,2.45478,-1.32098,-3.00224
64,0,0,0,-3,1,-1,-1,-2,0.987793,-0.112793,0.0976562,-53.25,-109.312,-96.4375,2.45478,-1.32098,-3.00224
64,-1,-1,-1,-5,0,-2,-1,-1,0.987793,-0.112793,0.0976562,-53.25,-109.312,-96.4375,2.45478,-1.32098,-3.00224
81,-3,-2,-2,-7,0,-2,-1,0,1.00488,-0.019043,0.0527344,11.75,-93,-76.625,2.45649,-1.287,-2.99994
81,-3,-2,-1,-5,-1,-2,-1,-1,1.00488,-0.019043,0.0527344,11.75,-93,-76.625,2.45649,-1.287,-2.99994
119,0,-1,0,2,-2,-1,-3,-2,1.07422,0.208496,-0.0341797,65,-51.75,-18.25,2.50601,-1.24879,-3.0095
119,0,-1,-1,1,0,0,1,-2,1.07422,0.208496,-0.0341797,65,-51.75,-18.25,2.50601,-1.24879,-3.0095
120,0,-3,-2,2,2,1,-1,-2,1.07422,0.208496,-0.0341797,65,-51.75,-18.25,2.50601,-1.24879,-3.0095
120,1,-1,0,0,-1,-2,0,-1,1.07422,0.208496,-0.0341797,65,-51.75,-18.25,2.50601,-1.24879,-3.0095
120,0,-3,1,1,1,0,1,-2,1.07422,0.208496,-0.0341797,65,-51.75,-18.25,2.50601,-1.24879,-3.0095
120,1,-1,2,0,-3,0,-1,-2,1.07422,0.208496,-0.0341797,65,-51.75,-18.25,2.50601,-1.24879,-3.0095
124,0,0,-1,1,-3,-1,1,-1,1.07422,0.208496,-0.0341797,65,-51.75,-18.25,2.50601,-1.24879,-3.0095
124,0,1,-1,3,-2,-2,-1,-2,1.07422,0.208496,-0.0341797,65,-51.75,-18.25,2.50601,-1.24879,-3.0095
131,-1,0,-3,2,-2,-1,0,-1,1.07129,0.191895,-0.0205078,55.375,-26.25,5.5,2.5344,-1.24796,-3.02022
131,-1,-1,-2,2,-3,-1,1,0,1.07129,0.191895,-0.0205078,55.375,-26.25,5.5,2.5344,-1.24796,-3.02022
138,0,0,-1,1,-3,-1,0,-2,1.07129,0.191895,-0.0205078,55.375,-26.25,5.5,2.5344,-1.24796,-3.02022
138,-1,0,-2,0,-2,-1,-2,-1,1.07129,0.191895,-0.0205078,55.375,-26.25,5.5,2.5344,-1.24796,-3.02022
147,0,2,-3,0,-3,-3,-1,0,1.03613,0.105469,0.034668,50.9375,-3.1875,19.875,2.56289,-1.25778,-3.03257
147,-2,0,-2,0,0,-2,0,-2,1.03613,0.105469,0.034668,50.9375,-3.1875,19.875,2.56289,-1.25778,-3.03257
161,-1,-1,-1,1,-3,-1,-1,-2,1.03613,0.105469,0.034668,50.9375,-3.1875,19.875,2.56289,-1.25778,-3.03257
161,-1,-1,-1,-1,-2,0,2,1,1.03613,0.105469,0.034668,50.9375,-3.1875,19.875,2.56289,-1.25778,-3.03257
169,0,-3,-2,-4,-3,-1,-1,1,0.97998,0.0375977,0.0751953,51.875,14.6875,24.3125,2.58892,-1.275,-3.04125
169,-1,0,-2,-2,-3,-2,0,-2,0.97998,0.0375977,0.0751953,51.875,14.6875,24.3125,2.58892,-1.275,-3.04125
183,-2,0,-2,-4,-2,-2,-1,-1,0.97998,0.0375977,0.0751953,51.875,14.6875,24.3125,2.58892,-1.275,-3.04125
183,0,0,-3,-5,0,0,0,-2,0.97998,0.0375977,0.0751953,51.875,14.6875,24.3125,2.58892,-1.275,-3.04125
192,2,0,-2,-3,0,0,0,-2,0.911133,0.0107422,0.0776367,45.625,26.1875,18.1875,2.60291,-1.29351,-3.03972
192,0,-3,-2,-4,-2,-1,-1,-1,0.911133,0.0107422,0.0776367,45.625,26.1875,18.1875,2.60291,-1.29351,-3.03972
207,1,-1,-2,-5,-2,-2,0,-1,0.911133,0.0107422,0.0776367,45.625,26.1875,18.1875,2.60291,-1.29351,-3.03972
207,0,-2,-2,-3,-1,-1,-1,-1,0.911133,0.0107422,0.0776367,45.625,26.1875,18.1875,2.60291,-1.29351,-3.03972
209,-1,-3,-1,-4,-2,0,-1,0,0.845215,0.0146484,0.065918,20.375,35.9375,9.375,2.59248,-1.31235,-3.02176
209,-2,-2,-3,-3,0,-1,-1,-1,0.845215,0.0146484,0.065918,20.375,35.9375,9.375,2.59248,-1.31235,-3.02176
230,-1,0,-2,-3,1,0,0,-1,0.845215,0.0146484,0.065918,20.375,35.9375,9.375,2.59248,-1.31235,-3.02176
230,-3,0,-2,-4,0,-2,-1,-2,0.845215,0.0146484,0.065918,20.375,35.9375,9.375,2.59248,-1.31235,-3.02176
232,-2,0,-2,-3,0,0,0,-3,0.769531,-0.0117188,0.102539,-11.3125,44.4375,4.625,2.55706,-1.3333,-2.98938
232,-1,1,-1,-3,0,-1,-2,0,0.769531,-0.0117188,0.102539,-11.3125,44.4375,4.625,2.55706,-1.3333,-2.98938
243,-2,-2,-2,0,-1,-1,-2,-1,0.769531,-0.0117188,0.102539,-11.3125,44.4375,4.625,2.55706,-1.3333,-2.98938
243,0,-3,0,1,-2,-1,-1,-1,0.769531,-0.0117188,0.102539,-11.3125,44.4375,4.625,2.55706,-1.3333,-2.98938
252,1,-3,-2,-1,0,-1,0,0,0.739746,-0.0683594,0.142578,-39.5625,52.875,6.0625,2.50169,-1.35682,-2.94711
252,0,-2,-1,0,-1,-1,-3,0,0.739746,-0.0683594,0.142578,-39.5625,52.875,6.0625,2.50169,-1.35682,-2.94711
266,0,-3,1,1,0,0,-1,-2,0.739746,-0.0683594,0.142578,-39.5625,52.875,6.0625,2.50169,-1.35682,-2.94711
266,1,-2,-1,1,-1,1,-2,-2,0.739746,-0.0683594,0.142578,-39.5625,52.875,6.0625,2.50169,-1.35682,-2.94711
274,-2,-1,0,-1,-1,-1,-3,0,0.763672,-0.140625,0.169922,-53.5625,59.875,9.9375,2.43274,-1.38414,-2.89582
274,1,-1,-1,1,1,1,-2,-1,0.763672,-0.140625,0.169922,-53.5625,59.875,9.9375,2.43274,-1.38414,-2.89582
289,-1,0,-2,0,-2,-1,-1,0,0.763672,-0.140625,0.169922,-53.5625,59.875,9.9375,2.43274,-1.38414,-2.89582
289,-2,-3,-2,0,-1,-2,-2,0,0.763672,-0.140625,0.169922,-53.5625,59.875,9.9375,2.43274,-1.38414,-2.89582
291,-1,0,0,4,-1,-1,0,0,0.789551,-0.165039,0.194336,-60.125,64.625,14.625,2.34307,-1.41361,-2.82591
291,0,-2,0,1,-1,-1,-2,-1,0.789551,-0.165039,0.194336,-60.125,64.625,14.625,2.34307,-1.41361,-2.82591
303,0,0,-1,2,0,-1,-2,1,0.789551,-0.165039,0.194336,-60.125,64.625,14.625,2.34307,-1.41361,-2.82591
303,0,-1,-1,1,0,-1,-1,-1,0.789551,-0.165039,0.194336,-60.125,64.625,14.625,2.34307,-1.41361,-2.82591
312,-1,0,-1,1,-1,-2,-1,-1,0.77002,-0.147949,0.171875,-64.0625,66.75,18.5625,2.22262,-1.44189,-2.72691
312,-1,0,-1,-1,-1,0,-1,0,0.77002,-0.147949,0.171875,-64.0625,66.75,18.5625,2.22262,-1.44189,-2.72691
326,-1,1,0,0,0,-1,1,-1,0.77002,-0.147949,0.171875,-64.0625,66.75,18.5625,2.22262,-1.44189,-2.72691
326,-1,-1,1,0,-2,-1,-2,0,0.77002,-0.147949,0.171875,-64.0625,66.75,18.5625,2.22262,-1.44189,-2.72691
333,-2,0,0,-1,0,1,-1,0,0.76123,-0.136719,0.186523,-60.5625,65.125,22.375,2.05593,-1.46795,-2.58056
333,-2,-2,2,0,-2,-2,-1,-1,0.76123,-0.136719,0.186523,-60.5625,65.125,22.375,2.05593,-1.46795,-2.58056
350,0,-1,2,-1,-1,0,-2,0,0.76123,-0.136719,0.186523,-60.5625,65.125,22.375,2.05593,-1.46795,-2.58056
350,-2,2,1,-2,0,0,0,1,0.76123,-0.136719,0.186523,-60.5625,65.125,22.375,2.05593,-1.46795,-2.58056
352,-2,-1,1,-2,0,-1,-2,0,0.785156,-0.183105,0.184082,-37.0625,58.375,23.8125,1.84494,-1.49066,-2.38199
352,0,0,-2,-1,-1,0,-1,0,0.785156,-0.183105,0.184082,-37.0625,58.375,23.8125,1.84494,-1.49066,-2.38199
372,-1,-2,-2,-1,-1,-1,-2,0,0.785156,-0.183105,0.184082,-37.0625,58.375,23.8125,1.84494,-1.49066,-2.38199
372,-2,-2,-3,0,-2,-1,0,0,0.785156,-0.183105,0.184082,-37.0625,58.375,23.8125,1.84494,-1.49066,-2.38199
374,0,-1,-2,2,0,0,0,0,0.858887,-0.179199,0.147461,-4.5,51.125,26.1875,1.57487,-1.50849,-2.11298
374,-1,0,-3,0,-1,-1,1,-1,0.858887,-0.179199,0.147461,-4.5,51.125,26.1875,1.57487,-1.50849,-2.11298
387,-3,-1,-3,-1,-1,0,-1,-2,0.858887,-0.179199,0.147461,-4.5,51.125,26.1875,1.57487,-1.50849,-2.11298
387,1,-1,0,0,0,-2,-1,0,0.858887,-0.179199,0.147461,-4.5,51.125,26.1875,1.57487,-1.50849,-2.11298
394,0,-1,-1,0,-2,1,1,-2,0.928711,-0.133789,0.131348,30.5,44.5,31.25,1.22021,-1.52006,-1.74738
394,1,-1,-1,-1,-1,-1,-2,0,0.928711,-0.133789,0.131348,30.5,44.5,31.25,1.22021,-1.52006,-1.74738
410,-1,-1,0,0,0,0,0,-2,0.928711,-0.133789,0.131348,30.5,44.5,31.25,1.22021,-1.52006,-1.74738
410,0,-2,0,0,-1,1,-1,-1,0.928711,-0.133789,0.131348,30.5,44.5,31.25,1.22021,-1.52006,-1.74738
411,-1,-2,-2,0,-2,-1,0,-1,1.02441,-0.0825195,0.0810547,52.75,39.1875,32.75,0.818848,-1.52466,-1.32727
411,-1,-2,-1,0,0,-1,0,0,1.02441,-0.0825195,0.0810547,52.75,39.1875,32.75,0.818848,-1.52466,-1.32727
432,2,-2,-2,0,-2,-1,0,0,1.02441,-0.0825195,0.0810547,52.75,39.1875,32.75,0.818848,-1.52466,-1.32727
432,-1,0,0,-2,1,0,0,1,1.02441,-0.0825195,0.0810547,52.75,39.1875,32.75,0.818848,-1.52466,-1.32727
434,1,-3,-1,0,-1,-2,-3,-2,1.08252,-0.0292969,0.0605469,54.875,36.4375,32.625,0.45782,-1.52186,-0.946801
434,-2,-1,-1,1,-1,-1,0,0,1.08252,-0.0292969,0.0605469,54.875,36.4375,32.625,0.45782,-1.52186,-0.946801
446,-1,-1,-2,0,-2,-2,-4,1,1.08252,-0.0292969,0.0605469,54.875,36.4375,32.625,0.45782,-1.52186,-0.946801
446,-2,-2,0,0,-1,-2,-2,-1,1.08252,-0.0292969,0.0605469,54.875,36.4375,32.625,0.45782,-1.52186,-0.946801
453,-2,-2,0,-1,-3,-1,0,-2,1.10107,-0.046875,0.0512695,46.0625,34.3125,31.4375,0.182296,-1.5141,-0.654621
453,0,-2,-3,-1,-2,-2,0,-2,1.10107,-0.046875,0.0512695,46.0625,34.3125,31.4375,0.182296,-1.5141,-0.654621
469,-1,-1,-2,-1,-1,-1,0,-1,1.10107,-0.046875,0.0512695,46.0625,34.3125,31.4375,0.182296,-1.5141,-0.654621
469,0,-2,-1,-2,-2,0,-1,0,1.10107,-0.046875,0.0512695,46.0625,34.3125,31.4375,0.182296,-1.5141,-0.654621
471,-3,1,0,-2,-1,-2,-1,-1,1.14551,-0.133789,0.0566406,42.5,33.4375,30.625,-0.0412162,-1.50456,-0.416373
471,-2,1,-2,-1,-3,-1,0,-1,1.14551,-0.133789,0.0566406,42.5,33.4375,30.625,-0.0412162,-1.50456,-0.416373
493,0,0,-1,0,0,0,0,-2,1.14551,-0.133789,0.0566406,42.5,33.4375,30.625,-0.0412162,-1.50456,-0.416373
493,-1,0,-1,-1,0,-2,-1,-3,1.14551,-0.133789,0.0566406,42.5,33.4375,30.625,-0.0412162,-1.50456,-0.416373
494,0,-2,0,-1,0,-3,-2,-1,1.24365,-0.185547,0.0439453,53.125,35.3125,29.4375,-0.200913,-1.49174,-0.237879
494,1,-1,1,-1,-2,-1,-1,-1,1.24365,-0.185547,0.0439453,53.125,35.3125,29.4375,-0.200913,-1.49174,-0.237879
507,-1,1,-2,-3,-1,-1,0,-2,1.24365,-0.185547,0.0439453,53.125,35.3125,29.4375,-0.200913,-1.49174,-0.237879
507,-1,0,-1,0,-2,0,0,-2,1.24365,-0.185547,0.0439453,53.125,35.3125,29.4375,-0.200913,-1.49174,-0.237879
514,-1,-1,-1,-2,0,0,1,-1,1.23682,-0.162598,0.0234375,61.9375,38.75,26.5,-0.286374,-1.47816,-0.130865
514,-1,0,-1,0,-1,-1,-1,-1,1.23682,-0.162598,0.0234375,61.9375,38.75,26.5,-0.286374,-1.47816,-0.130865
530,0,-1,-1,-2,-1,-2,-1,0,1.23682,-0.162598,0.0234375,61.9375,38.75,26.5,-0.286374,-1.47816,-0.130865
530,0,0,-4,-2,-1,-1,1,-1,1.23682,-0.162598,0.0234375,61.9375,38.75,26.5,-0.286374,-1.47816,-0.130865
531,0,0,-3,-2,-2,-3,-3,0,1.16553,-0.105957,0.0224609,61.6875,41.125,25,-0.32668,-1.46257,-0.0685084
531,-2,-1,0,-3,-1,-1,-2,-2,1.16553,-0.105957,0.0224609,61.6875,41.125,25,-0.32668,-1.46257,-0.0685084
552,-3,-1,-1,-2,-2,-1,-2,-1,1.16553,-0.105957,0.0224609,61.6875,41.125,25,-0.32668,-1.46257,-0.0685084
552,0,-2,-2,1,-2,-3,-1,-1,1.16553,-0.105957,0.0224609,61.6875,41.125,25,-0.32668,-1.46257,-0.0685084
554,-1,-1,0,0,-1,-1,0,-1,1.15869,-0.0551758,-0.0112305,55.6875,44.875,24.5625,-0.344692,-1.44897,-0.0311876
554,0,-1,-1,-2,-2,-1,-1,0,1.15869,-0.0551758,-0.0112305,55.6875,44.875,24.5625,-0.344692,-1.44897,-0.0311876
567,0,1,0,-3,-1,-2,0,0,1.15869,-0.0551758,-0.0112305,55.6875,44.875,24.5625,-0.344692,-1.44897,-0.0311876
567,-1,-1,-3,-2,0,0,-1,0,1.15869,-0.0551758,-0.0112305,55.6875,44.875,24.5625,-0.344692,-1.44897,-0.0311876
574,1,0,-2,0,0,-2,-1,0,1.12793,0.0205078,-0.0117188,34.5625,50.75,24.6875,-0.345582,-1.43316,-0.0179352
574,0,0,-1,-1,-1,-1,-1,-2,1.12793,0.0205078,-0.0117188,34.5625,50.75,24.6875,-0.345582,-1.43316,-0.0179352
589,0,0,-2,0,-1,-1,-1,-1,1.12793,0.0205078,-0.0117188,34.5625,50.75,24.6875,-0.345582,-1.43316,-0.0179352
589,0,0,-1,-1,-2,0,-1,-1,1.12793,0.0205078,-0.0117188,34.5625,50.75,24.6875,-0.345582,-1.43316,-0.0179352
597,-2,-1,-1,-2,0,-1,0,0,1.05078,0.0292969,0.00488281,5.5625,51.25,23.8125,-0.349975,-1.41728,-0.0112464
597,-1,0,-2,1,0,0,-2,-1,1.05078,0.0292969,0.00488281,5.5625,51.25,23.8125,-0.349975,-1.41728,-0.0112464
612,0,-2,-1,-1,-1,-2,1,0,1.05078,0.0292969,0.00488281,5.5625,51.25,23.8125,-0.349975,-1.41728,-0.0112464
612,-1,0,-1,-3,-4,-2,-2,-1,1.05078,0.0292969,0.00488281,5.5625,51.25,23.8125,-0.349975,-1.41728,-0.0112464
614,0,0,-1,-2,-1,0,1,-2,1.00586,0.000976562,0.0493164,-19.125,49.3125,24.9375,-0.366487,-1.40133,-0.00131507
614,-1,1,-1,-1,-1,-1,-1,0,1.00586,0.000976562,0.0493164,-19.125,49.3125,24.9375,-0.366487,-1.40133,-0.00131507
634,0,0,1,-1,0,0,-2,0,1.00586,0.000976562,0.0493164,-19.125,49.3125,24.9375,-0.366487,-1.40133,-0.00131507
634,0,1,0,0,0,1,-1,-1,1.00586,0.000976562,0.0493164,-19.125,49.3125,24.9375,-0.366487,-1.40133,-0.00131507
637,0,0,1,-2,-1,-1,-1,1,0.985352,-0.0771484,0.0966797,-24.75,45.875,25.0625,-0.392476,-1.38529,0.0159689
637,0,-3,0,-1,-1,-2,0,1,0.985352,-0.0771484,0.0966797,-24.75,45.875,25.0625,-0.392476,-1.38529,0.0159689
650,0,-1,-1,0,-1,-1,-1,-3,0.985352,-0.0771484,0.0966797,-24.75,45.875,25.0625,-0.392476,-1.38529,0.0159689
650,-2,-1,-2,-1,-1,1,1,-2,0.985352,-0.0771484,0.0966797,-24.75,45.875,25.0625,-0.392476,-1.38529,0.0159689
652,-1,-1,-1,-1,-1,0,-2,-1,0.985352,-0.121582,0.128906,-17.375,41.25,21.8125,-0.413349,-1.36945,0.0309594
652,0,0,-1,0,-1,-1,-1,0,0.985352,-0.121582,0.128906,-17.375,41.25,21.8125,-0.413349,-1.36945,0.0309594
672,0,-1,0,1,-2,-2,-1,-2,0.985352,-0.121582,0.128906,-17.375,41.25,21.8125,-0.413349,-1.36945,0.0309594
672,1,0,-2,-1,0,-1,0,0,0.985352,-0.121582,0.128906,-17.375,41.25,21.8125,-0.413349,-1.36945,0.0309594
674,0,-1,0,-2,-3,0,0,-1,0.960449,-0.147461,0.171875,-5.8125,34.4375,16.875,-0.424499,-1.35576,0.0400126
674,0,-1,0,0,0,-2,0,-2,0.960449,-0.147461,0.171875,-5.8125,34.4375,16.875,-0.424499,-1.35576,0.0400126
686,0,1,0,-2,-1,1,0,-1,0.960449,-0.147461,0.171875,-5.8125,34.4375,16.875,-0.424499,-1.35576,0.0400126
686,-1,0,0,0,-1,-2,-1,0,0.960449,-0.147461,0.171875,-5.8125,34.4375,16.875,-0.424499,-1.35576,0.0400126
701,-1,-3,-3,0,0,-1,-2,-2,0.950684,-0.158203,0.178223,5.4375,27,11.4375,-0.429228,-1.34537,0.0464069
701,-1,0,-1,-2,-4,-2,0,0,0.950684,-0.158203,0.178223,5.4375,27,11.4375,-0.429228,-1.34537,0.0464069
710,-2,-2,-1,-1,-1,-2,-1,-1,0.950684,-0.158203,0.178223,5.4375,27,11.4375,-0.429228,-1.34537,0.0464069
710,-2,-2,-2,-1,-1,-2,0,-1,0.950684,-0.158203,0.178223,5.4375,27,11.4375,-0.429228,-1.34537,0.0464069
711,0,-2,0,0,-2,0,-2,-1,0.957031,-0.129883,0.187012,12.9375,21.1875,8.0625,-0.426979,-1.33747,0.0485365
711,-1,-1,-1,-1,-1,-1,0,-2,0.957031,-0.129883,0.187012,12.9375,21.1875,8.0625,-0.426979,-1.33747,0.0485365
732,-2,-1,-1,0,-1,-2,0,0,0.957031,-0.129883,0.187012,12.9375,21.1875,8.0625,-0.426979,-1.33747,0.0485365
732,-1,0,-2,-2,-1,-2,-2,-1,0.957031,-0.129883,0.187012,12.9375,21.1875,8.0625,-0.426979,-1.33747,0.0485365
738,0,-1,-1,-1,0,-1,0,-1,0.942383,-0.097168,0.188477,15.625,16.5625,6.5625,-0.421514,-1.3318,0.0484057
738,0,-2,-1,-1,0,0,-2,-1,0.942383,-0.097168,0.188477,15.625,16.5625,6.5625,-0.421514,-1.3318,0.0484057
745,0,-2,-3,-2,-1,1,-1,-1,0.942383,-0.097168,0.188477,15.625,16.5625,6.5625,-0.421514,-1.3318,0.0484057
745,-1,-3,1,-2,-1,-1,-1,0,0.942383,-0.097168,0.188477,15.625,16.5625,6.5625,-0.421514,-1.3318,0.0484057
755,-1,0,1,-1,-2,-1,0,-1,0.925781,-0.0732422,0.183594,11.4375,12.375,5.625,-0.41703,-1.32778,0.0478862
755,-1,-2,-1,0,0,-1,-2,0,0.925781,-0.0732422,0.183594,11.4375,12.375,5.625,-0.41703,-1.32778,0.0478862
769,-1,0,-1,0,1,-1,0,0,0.925781,-0.0732422,0.183594,11.4375,12.375,5.625,-0.41703,-1.32778,0.0478862
769,-1,-1,-1,0,-1,1,-1,-1,0.925781,-0.0732422,0.183594,11.4375,12.375,5.625,-0.41703,-1.32778,0.0478862
771,-1,-1,-1,-1,-1,-3,-2,-1,0.923828,-0.0727539,0.187012,5.375,7.75,4.6875,-0.415859,-1.32537,0.0487853
771,-1,-1,0,0,-1,0,0,0,0.923828,-0.0727539,0.187012,5.375,7.75,4.6875,-0.415859,-1.32537,0.0487853
792,-1,-1,0,-1,-2,-1,-1,-1,0.923828,-0.0727539,0.187012,5.375,7.75,4.6875,-0.415859,-1.32537,0.0487853
792,0,-1,-1,-1,-1,-1,-1,-3,0.923828,-0.0727539,0.187012,5.375,7.75,4.6875,-0.415859,-1.32537,0.0487853
793,1,1,-1,-1,1,0,-2,0,0.928223,-0.0986328,0.189941,0,5.3125,3.1875,-0.418314,-1.32387,0.0510359
793,-1,1,-2,0,-1,-2,0,-1,0.928223,-0.0986328,0.189941,0,5.3125,3.1875,-0.418314,-1.32387,0.0510359
806,0,0,1,0,-1,-2,-2,-1,0.928223,-0.0986328,0.189941,0,5.3125,3.1875,-0.418314,-1.32387,0.0510359
806,-2,1,0,0,-2,-1,-2,-1,0.928223,-0.0986328,0.189941,0,5.3125,3.1875,-0.418314,-1.32387,0.0510359
814,-2,0,-2,-2,-1,-2,-1,-1,0.915527,-0.119141,0.208984,0.125,2.9375,0.75,-0.419617,-1.32254,0.0524546
814,-1,-1,-1,-3,0,0,-2,-1,0.915527,-0.119141,0.208984,0.125,2.9375,0.75,-0.419617,-1.32254,0.0524546
830,-3,-2,-2,0,-1,0,-3,-1,0.915527,-0.119141,0.208984,0.125,2.9375,0.75,-0.419617,-1.32254,0.0524546
830,0,-2,-2,-1,-1,-1,-2,0,0.915527,-0.119141,0.208984,0.125,2.9375,0.75,-0.419617,-1.32254,0.0524546
831,0,-1,0,-1,-1,-1,1,-1,0.913574,-0.127441,0.210938,-0.1875,1,-2.1875,-0.419713,-1.32217,0.0522535
831,-1,0,0,0,-2,0,-2,0,0.913574,-0.127441,0.210938,-0.1875,1,-2.1875,-0.419713,-1.32217,0.0522535
853,-1,-1,-1,-1,-1,-2,0,-2,0.913574,-0.127441,0.210938,-0.1875,1,-2.1875,-0.419713,-1.32217,0.0522535
853,-1,-1,0,0,-1,-1,-1,-1,0.913574,-0.127441,0.210938,-0.1875,1,-2.1875,-0.419713,-1.32217,0.0522535
854,-2,0,-1,0,-2,-1,0,0,0.910156,-0.133301,0.234375,-0.375,-1.3125,-3.125,-0.419108,-1.32206,0.0513134
854,-1,-1,-1,-2,-1,-1,-2,0,0.910156,-0.133301,0.234375,-0.375,-1.3125,-3.125,-0.419108,-1.32206,0.0513134
866,-1,-3,-1,-2,-2,-1,-1,1,0.910156,-0.133301,0.234375,-0.375,-1.3125,-3.125,-0.419108,-1.32206,0.0513134
866,0,-2,-1,0,-1,-1,-1,-1,0.910156,-0.133301,0.234375,-0.375,-1.3125,-3.125,-0.419108,-1.32206,0.0513134
874,-1,-1,-1,-1,-1,-1,-2,0,0.921875,-0.13916,0.242676,1.875,-4.3125,-3.1875,-0.4196,-1.32278,0.0523929
874,0,0,0,-1,0,0,-1,-2,0.921875,-0.13916,0.242676,1.875,-4.3125,-3.1875,-0.4196,-1.32278,0.0523929
889,-2,2,-1,-1,-2,-1,-1,-2,0.921875,-0.13916,0.242676,1.875,-4.3125,-3.1875,-0.4196,-1.32278,0.0523929
889,0,-1,-1,-1,0,-2,-2,-1,0.921875,-0.13916,0.242676,1.875,-4.3125,-3.1875,-0.4196,-1.32278,0.0523929
891,-1,0,-1,-1,-1,-1,-1,-2,0.94043,-0.138672,0.266113,3.9375,-6.25,-3.625,-0.419321,-1.3241,0.0532692
891,-2,-1,-1,0,0,1,1,0,0.94043,-0.138672,0.266113,3.9375,-6.25,-3.625,-0.419321,-1.3241,0.0532692
912,0,-1,-1,0,-2,-2,-2,-1,0.94043,-0.138672,0.266113,3.9375,-6.25,-3.625,-0.419321,-1.3241,0.0532692
912,0,-3,-1,-2,0,1,0,0,0.94043,-0.138672,0.266113,3.9375,-6.25,-3.625,-0.419321,-1.3241,0.0532692
915,-2,-2,-1,0,0,0,-1,-1,0.94043,-0.137695,0.278809,6,-7.5,-3.25,-0.418359,-1.32478,0.0545413
915,0,-1,0,-1,1,-1,1,-1,0.94043,-0.137695,0.278809,6,-7.5,-3.25,-0.418359,-1.32478,0.0545413
925,-1,-1,-2,0,-1,-1,2,0,0.94043,-0.137695,0.278809,6,-7.5,-3.25,-0.418359,-1.32478,0.0545413
925,-2,-1,0,0,-1,0,1,-1,0.94043,-0.137695,0.278809,6,-7.5,-3.25,-0.418359,-1.32478,0.0545413
934,0,-1,-2,0,0,-1,-3,-1,0.944336,-0.132324,0.28418,7.6875,-8.625,-2.0625,-0.418497,-1.32586,0.0574984
934,-1,-1,-1,-1,-2,-2,-1,-2,0.944336,-0.132324,0.28418,7.6875,-8.625,-2.0625,-0.418497,-1.32586,0.0574984
950,1,0,0,-2,-1,0,-1,-1,0.944336,-0.132324,0.28418,7.6875,-8.625,-2.0625,-0.418497,-1.32586,0.0574984
950,-3,-2,-1,1,-2,-1,-1,0,0.944336,-0.132324,0.28418,7.6875,-8.625,-2.0625,-0.418497,-1.32586,0.0574984
952,-1,-1,-1,-2,-1,-1,-1,0,0.9375,-0.139648,0.299316,8.875,-9.375,-1.9375,-0.419015,-1.32691,0.061102
952,-1,0,-1,-1,-2,0,-1,-1,0.9375,-0.139648,0.299316,8.875,-9.375,-1.9375,-0.419015,-1.32691,0.061102
979,1,-1,-2,-1,-1,-3,-2,0,0.9375,-0.139648,0.299316,8.875,-9.375,-1.9375,-0.419015,-1.32691,0.061102
979,0,1,-1,-3,-1,-1,0,0,0.9375,-0.139648,0.299316,8.875,-9.375,-1.9375,-0.419015,-1.32691,0.061102
981,-2,-1,1,-2,0,0,-2,-1,0.942383,-0.141113,0.29541,8.9375,-9.5625,-2.875,-0.418575,-1.32803,0.0638872
981,-1,0,-1,-1,-2,-1,-1,-1,0.942383,-0.141113,0.29541,8.9375,-9.5625,-2.875,-0.418575,-1.32803,0.0638872
985,-1,0,-1,-1,0,1,-2,1,0.942383,-0.141113,0.29541,8.9375,-9.5625,-2.875,-0.418575,-1.32803,0.0638872
985,0,-1,-1,-2,0,-1,-1,0,0.942383,-0.141113,0.29541,8.9375,-9.5625,-2.875,-0.418575,-1.32803,0.0638872
994,1,0,-2,1,-1,-1,1,-2,0.950684,-0.140625,0.296387,8.4375,-8.5625,-3.1875,-0.417031,-1.32923,0.0651919
994,-2,-3,0,-2,0,0,-2,-1,0.950684,-0.140625,0.296387,8.4375,-8.5625,-3.1875,-0.417031,-1.32923,0.0651919
1017,-1,-1,-2,-1,0,1,0,-1,0.950684,-0.140625,0.296387,8.4375,-8.5625,-3.1875,-0.417031,-1.32923,0.0651919
1017,0,0,0,1,-1,-1,1,-2,0.950684,-0.140625,0.296387,8.4375,-8.5625,-3.1875,-0.417031,-1.32923,0.0651919
1019,0,-1,0,-1,-1,-1,-1,-1,0.941895,-0.134766,0.279297,7.5,-5.9375,-3.125,-0.415018,-1.32942,0.0658356
1019,-1,-2,-1,1,-1,0,-2,-1,0.941895,-0.134766,0.279297,7.5,-5.9375,-3.125,-0.415018,-1.32942,0.0658356
1032,-1,-2,-1,-1,1,-2,-2,1,0.941895,-0.134766,0.279297,7.5,-5.9375,-3.125,-0.415018,-1.32942,0.0658356
1032,-1,0,-1,-1,-1,-2,-1,0,0.941895,-0.134766,0.279297,7.5,-5.9375,-3.125,-0.415018,-1.32942,0.0658356
1034,0,-2,0,-1,0,-1,-1,0,0.9375,-0.116211,0.265625,1.8125,-1.5625,-3.0625,-0.411318,-1.3291,0.0625711
1034,-1,2,-2,1,-2,-1,0,0,0.9375,-0.116211,0.265625,1.8125,-1.5625,-3.0625,-0.411318,-1.3291,0.0625711
1045,-1,0,-1,-3,-1,-2,-1,-2,0.9375,-0.116211,0.265625,1.8125,-1.5625,-3.0625,-0.411318,-1.3291,0.0625711
1045,-1,0,-1,0,-1,-1,-2,-1,0.9375,-0.116211,0.265625,1.8125,-1.5625,-3.0625,-0.411318,-1.3291,0.0625711
1054,-1,-1,-2,-2,-1,0,1,-1,0.926758,-0.108398,0.270508,-7.25,2.375,-1.125,-0.41014,-1.32696,0.0590028
1054,1,-1,-1,-2,0,-1,-1,-1,0.926758,-0.108398,0.270508,-7.25,2.375,-1.125,-0.41014,-1.32696,0.0590028
1069,-2,-4,-1,-1,0,0,-2,-1,0.926758,-0.108398,0.270508,-7.25,2.375,-1.125,-0.41014,-1.32696,0.0590028
1069,-2,-1,-2,-2,-1,-1,-3,-2,0.926758,-0.108398,0.270508,-7.25,2.375,-1.125,-0.41014,-1.32696,0.0590028
1072,1,1,-1,-2,-2,-2,-1,0,0.935059,-0.141602,0.283691,-13.9375,4.6875,1.0625,-0.414956,-1.32342,0.0587675
1072,0,-1,-2,-1,1,-1,-1,-1,0.935059,-0.141602,0.283691,-13.9375,4.6875,1.0625,-0.414956,-1.32342,0.0587675
1092,0,0,-2,-1,-1,-1,-2,-1,0.935059,-0.141602,0.283691,-13.9375,4.6875,1.0625,-0.414956,-1.32342,0.0587675
1092,-2,1,0,0,-1,0,-2,-1,0.935059,-0.141602,0.283691,-13.9375,4.6875,1.0625,-0.414956,-1.32342,0.0587675
1098,0,0,0,-1,-1,-1,-1,-1,0.942871,-0.188477,0.290527,-13.25,5.8125,2.0625,-0.424634,-1.31866,0.0637419
1098,0,0,0,0,-1,0,1,-1,0.942871,-0.188477,0.290527,-13.25,5.8125,2.0625,-0.424634,-1.31866,0.0637419
1114,-1,-4,0,0,-2,-1,0,0,0.942871,-0.188477,0.290527,-13.25,5.8125,2.0625,-0.424634,-1.31866,0.0637419
1114,0,-1,2,-2,-1,-1,-1,-2,0.942871,-0.188477,0.290527,-13.25,5.8125,2.0625,-0.424634,-1.31866,0.0637419
1116,-1,-3,-1,1,-1,-1,-2,0,0.952148,-0.209473,0.294922,-7.9375,6.5625,1.1875,-0.431661,-1.31396,0.0677229
1116,-2,-2,-1,-1,-2,-2,-3,-1,0.952148,-0.209473,0.294922,-7.9375,6.5625,1.1875,-0.431661,-1.31396,0.0677229
1137,0,0,-1,-1,-1,0,-1,0,0.952148,-0.209473,0.294922,-7.9375,6.5625,1.1875,-0.431661,-1.31396,0.0677229
1137,-2,-2,-2,-1,0,0,-1,-1,0.952148,-0.209473,0.294922,-7.9375,6.5625,1.1875,-0.431661,-1.31396,0.0677229
1139,1,-2,-1,-3,-1,-1,0,-1,0.96582,-0.194824,0.291504,-4.6875,7.3125,0.25,-0.4349,-1.30971,0.0689301
1139,-1,-1,-1,0,0,0,-1,-1,0.96582,-0.194824,0.291504,-4.6875,7.3125,0.25,-0.4349,-1.30971,0.0689301
1152,-1,1,0,-2,-2,-1,1,0,0.96582,-0.194824,0.291504,-4.6875,7.3125,0.25,-0.4349,-1.30971,0.0689301
1152,-1,-2,1,-3,0,-1,0,-1,0.96582,-0.194824,0.291504,-4.6875,7.3125,0.25,-0.4349,-1.30971,0.0689301
1158,-1,1,-1,-1,-1,-1,-1,-1,0.965332,-0.166992,0.299316,-5.375,8.1875,0.4375,-0.434762,-1.30486,0.0668088
1158,-3,-2,-3,-3,-1,0,-1,-2,0.965332,-0.166992,0.299316,-5.375,8.1875,0.4375,-0.434762,-1.30486,0.0668088
1174,-2,-1,-2,-2,-1,-3,-1,-1,0.965332,-0.166992,0.299316,-5.375,8.1875,0.4375,-0.434762,-1.30486,0.0668088
1174,-1,-1,-1,1,-1,1,0,-1,0.965332,-0.166992,0.299316,-5.375,8.1875,0.4375,-0.434762,-1.30486,0.0668088
1176,-3,-2,-1,-1,-1,-1,0,0,0.94873,-0.15625,0.3125,-11.0625,8.0625,1.3125,-0.436998,-1.30032,0.0649514
1176,0,-1,-1,-1,-2,-2,-1,-1,0.94873,-0.15625,0.3125,-11.0625,8.0625,1.3125,-0.436998,-1.30032,0.0649514
1197,-1,0,0,0,0,0,0,-1,0.94873,-0.15625,0.3125,-11.0625,8.0625,1.3125,-0.436998,-1.30032,0.0649514
1197,1,-1,-3,-1,-1,-3,0,0,0.94873,-0.15625,0.3125,-11.0625,8.0625,1.3125,-0.436998,-1.30032,0.0649514
1199,-1,-2,-1,-1,-1,-1,-1,-3,0.933105,-0.15625,0.302734,-16.25,7.875,1.875,-0.441417,-1.29557,0.06362
1199,-1,-2,-3,-2,-2,0,0,0,0.933105,-0.15625,0.302734,-16.25,7.875,1.875,-0.441417,-1.29557,0.06362
1210,0,0,-2,0,-1,0,0,0,0.933105,-0.15625,0.302734,-16.25,7.875,1.875,-0.441417,-1.29557,0.06362
1210,0,-1,0,-1,-1,0,0,-2,0.933105,-0.15625,0.302734,-16.25,7.875,1.875,-0.441417,-1.29557,0.06362
1218,-2,1,-2,1,-2,-2,0,1,0.923828,-0.163574,0.307129,-17.25,7.3125,1.1875,-0.446222,-1.29123,0.0622358
1218,1,0,1,-2,-1,-2,-1,-1,0.923828,-0.163574,0.307129,-17.25,7.3125,1.1875,-0.446222,-1.29123,0.0622358
1234,-2,0,-1,0,1,-1,-1,-2,0.923828,-0.163574,0.307129,-17.25,7.3125,1.1875,-0.446222,-1.29123,0.0622358
1234,0,-3,-4,0,0,-2,-1,0,0.923828,-0.163574,0.307129,-17.25,7.3125,1.1875,-0.446222,-1.29123,0.0622358
1237,-3,0,-1,-3,-2,-1,-2,-1,0.919922,-0.151855,0.303223,-18.875,7.1875,-1.0625,-0.448368,-1.28744,0.0576165
1237,0,-2,0,-1,-1,-1,0,-2,0.919922,-0.151855,0.303223,-18.875,7.1875,-1.0625,-0.448368,-1.28744,0.0576165
1257,0,-1,0,-2,-2,0,-2,0,0.919922,-0.151855,0.303223,-18.875,7.1875,-1.0625,-0.448368,-1.28744,0.0576165
1257,-1,0,1,0,-1,0,-1,-1,0.919922,-0.151855,0.303223,-18.875,7.1875,-1.0625,-0.448368,-1.28744,0.0576165
1259,-1,-1,-1,-1,-1,0,-3,-1,0.911133,-0.166992,0.307617,-21.4375,6.125,-3.125,-0.450812,-1.28407,0.0522157
1259,-3,-1,-1,-1,-1,-2,-1,-1,0.911133,-0.166992,0.307617,-21.4375,6.125,-3.125,-0.450812,-1.28407,0.0522157
1271,-1,1,-1,2,-2,-1,-1,-1,0.911133,-0.166992,0.307617,-21.4375,6.125,-3.125,-0.450812,-1.28407,0.0522157
1271,0,1,-2,-1,-2,0,-1,-1,0.911133,-0.166992,0.307617,-21.4375,6.125,-3.125,-0.450812,-1.28407,0.0522157
1280,-2,-2,0,0,0,0,0,-2,0.908203,-0.174805,0.304688,-19.8125,4.1875,-3.3125,-0.454066,-1.28124,0.0483743
1280,-3,-2,-2,0,-1,0,0,-2,0.908203,-0.174805,0.304688,-19.8125,4.1875,-3.3125,-0.454066,-1.28124,0.0483743
1295,-3,-3,0,-1,0,-1,-1,0,0.908203,-0.174805,0.304688,-19.8125,4.1875,-3.3125,-0.454066,-1.28124,0.0483743
1295,-1,0,-1,-1,-2,-1,0,-1,0.908203,-0.174805,0.304688,-19.8125,4.1875,-3.3125,-0.454066,-1.28124,0.0483743
1296,-1,-1,-3,0,0,2,0,0,0.900391,-0.179199,0.304199,-11.3125,1.5,-3.6875,-0.455845,-1.27941,0.0458107
1296,1,-1,0,-2,-1,-1,-1,-1,0.900391,-0.179199,0.304199,-11.3125,1.5,-3.6875,-0.455845,-1.27941,0.0458107
1333,0,-1,-2,-2,-1,0,0,-2,0.900391,-0.179199,0.304199,-11.3125,1.5,-3.6875,-0.455845,-1.27941,0.0458107
1333,-1,0,0,-1,-1,-2,1,-1,0.900391,-0.179199,0.304199,-11.3125,1.5,-3.6875,-0.455845,-1.27941,0.0458107
1335,-1,-1,0,-1,-1,-1,-1,0,0.904297,-0.171875,0.291992,-2.25,-0.875,-4.8125,-0.454008,-1.2787,0.042942
1335,0,0,0,-2,-1,-1,-1,0,0.904297,-0.171875,0.291992,-2.25,-0.875,-4.8125,-0.454008,-1.2787,0.042942
1336,0,-2,-1,-1,-2,0,-1,-2,0.904297,-0.171875,0.291992,-2.25,-0.875,-4.8125,-0.454008,-1.2787,0.042942
1336,0,-1,-1,-2,-1,0,-2,-2,0.904297,-0.171875,0.291992,-2.25,-0.875,-4.8125,-0.454008,-1.2787,0.042942
1340,1,0,-2,1,-1,-2,0,-1,0.916504,-0.142578,0.288086,3.8125,-2.6875,-6.375,-0.447713,-1.27972,0.0377202
1340,-1,0,-1,1,-2,0,1,-1,0.916504,-0.142578,0.288086,3.8125,-2.6875,-6.375,-0.447713,-1.27972,0.0377202
1362,0,0,0,0,0,-1,0,0,0.916504,-0.142578,0.288086,3.8125,-2.6875,-6.375,-0.447713,-1.27972,0.0377202
1362,0,0,-2,1,-1,0,-2,1,0.916504,-0.142578,0.288086,3.8125,-2.6875,-6.375,-0.447713,-1.27972,0.0377202
1364,-2,-1,-2,0,-1,-2,-2,-1,0.928223,-0.138184,0.280273,4.75,-4.5,-8.375,-0.43988,-1.28126,0.0312957
1364,-3,-2,0,-1,-2,-2,1,-1,0.928223,-0.138184,0.280273,4.75,-4.5,-8.375,-0.43988,-1.28126,0.0312957
1376,0,0,-2,0,-1,-3,1,0,0.928223,-0.138184,0.280273,4.75,-4.5,-8.375,-0.43988,-1.28126,0.0312957
1376,-2,-3,0,-1,-1,0,-1,-2,0.928223,-0.138184,0.280273,4.75,-4.5,-8.375,-0.43988,-1.28126,0.0312957
1385,-1,0,1,-2,0,-1,-1,0,0.945312,-0.136719,0.26709,2.9375,-5.625,-10.625,-0.431459,-1.28436,0.0233945
1385,-1,-1,-4,0,0,-1,-1,-2,0.945312,-0.136719,0.26709,2.9375,-5.625,-10.625,-0.431459,-1.28436,0.0233945
1400,-2,0,-1,-1,-1,-1,-1,-3,0.945312,-0.136719,0.26709,2.9375,-5.625,-10.625,-0.431459,-1.28436,0.0233945
1400,-1,-1,-2,-1,1,-1,0,-1,0.945312,-0.136719,0.26709,2.9375,-5.625,-10.625,-0.431459,-1.28436,0.0233945
1401,-1,1,1,0,-1,0,-1,0,0.963379,-0.126465,0.259766,2.1875,-6.125,-11.875,-0.421806,-1.28769,0.0141566
1401,0,-1,1,-2,-1,-1,-2,-2,0.963379,-0.126465,0.259766,2.1875,-6.125,-11.875,-0.421806,-1.28769,0.0141566
1415,0,-2,0,0,-2,-2,-3,0,0.963379,-0.126465,0.259766,2.1875,-6.125,-11.875,-0.421806,-1.28769,0.0141566
1415,-1,1,0,-1,-1,-2,-1,0,0.963379,-0.126465,0.259766,2.1875,-6.125,-11.875,-0.421806,-1.28769,0.0141566
1416,1,1,-1,-2,0,0,0,0,0.972168,-0.100586,0.236816,-2.1875,-5.6875,-14.5625,-0.408607,-1.29175,-0.00025544
1416,-3,-3,-1,-2,1,-2,-1,-1,0.972168,-0.100586,0.236816,-2.1875,-5.6875,-14.5625,-0.408607,-1.29175,-0.00025544
1437,0,-1,-1,-1,1,0,0,-2,0.972168,-0.100586,0.236816,-2.1875,-5.6875,-14.5625,-0.408607,-1.29175,-0.00025544
1437,-3,-3,-1,-1,-2,-1,-1,-1,0.972168,-0.100586,0.236816,-2.1875,-5.6875,-14.5625,-0.408607,-1.29175,-0.00025544
1439,2,2,-1,-2,0,0,0,0,0.979004,-0.0825195,0.248535,-6.375,-6.5625,-15.375,-0.395236,-1.29675,-0.0165818
1439,-1,0,-1,-2,-2,-1,-2,0,0.979004,-0.0825195,0.248535,-6.375,-6.5625,-15.375,-0.395236,-1.29675,-0.0165818
1451,-1,-1,-1,-2,-1,0,-2,0,0.979004,-0.0825195,0.248535,-6.375,-6.5625,-15.375,-0.395236,-1.29675,-0.0165818
1451,-1,-2,-1,-1,-1,0,0,2,0.979004,-0.0825195,0.248535,-6.375,-6.5625,-15.375,-0.395236,-1.29675,-0.0165818
1467,-1,1,3,1,-2,-1,0,-2,1.02197,-0.0913086,0.257324,-8.875,-8.5,-16.4375,-0.38227,-1.30173,-0.033106
1467,-9,-16,-7,-1,-1,2,0,-3,1.02197,-0.0913086,0.257324,-8.875,-8.5,-16.4375,-0.38227,-1.30173,-0.033106
1474,-2,-3,-2,-1,0,-1,-1,-2,1.02197,-0.0913086,0.257324,-8.875,-8.5,-16.4375,-0.38227,-1.30173,-0.033106
1474,-2,0,-1,-2,-1,-1,-1,-2,1.02197,-0.0913086,0.257324,-8.875,-8.5,-16.4375,-0.38227,-1.30173,-0.033106
1476,-2,-3,-3,0,-2,-3,0,-1,1.01367,-0.0839844,0.250977,-13.625,-10.4375,-20.4375,-0.366425,-1.30807,-0.0543411
1476,0,6,2,1,-2,-1,0,0,1.01367,-0.0839844,0.250977,-13.625,-10.4375,-20.4375,-0.366425,-1.30807,-0.0543411
1496,-5,-5,-3,-1,-2,-1,1,-2,1.01367,-0.0839844,0.250977,-13.625,-10.4375,-20.4375,-0.366425,-1.30807,-0.0543411
1496,-1,-3,-3,-1,-1,0,-2,-2,1.01367,-0.0839844,0.250977,-13.625,-10.4375,-20.4375,-0.366425,-1.30807,-0.0543411
1504,0,-2,-2,-1,-1,0,-1,1,0.911133,-0.0380859,0.225586,-21.0625,-10.5625,-21.75,-0.347901,-1.31408,-0.0806483
1504,1,0,0,-2,-2,-1,0,0,0.911133,-0.0380859,0.225586,-21.0625,-10.5625,-21.75,-0.347901,-1.31408,-0.0806483
1510,-3,-3,0,-1,0,-2,-1,-2,0.911133,-0.0380859,0.225586,-21.0625,-10.5625,-21.75,-0.347901,-1.31408,-0.0806483
1510,-1,3,1,-2,-1,-1,-1,-1,0.911133,-0.0380859,0.225586,-21.0625,-10.5625,-21.75,-0.347901,-1.31408,-0.0806483
1519,-2,-4,-3,-2,-2,-1,-1,-2,0.825684,-0.0078125,0.188477,-26.125,-11.1875,-24.5,-0.3257,-1.32167,-0.112848
1519,2,6,2,-1,-1,-1,4,8,0.825684,-0.0078125,0.188477,-26.125,-11.1875,-24.5,-0.3257,-1.32167,-0.112848
1534,-2,-7,-2,-1,-1,-1,-1,-4,0.825684,-0.0078125,0.188477,-26.125,-11.1875,-24.5,-0.3257,-1.32167,-0.112848
1534,1,5,1,0,0,-1,0,0,0.825684,-0.0078125,0.188477,-26.125,-11.1875,-24.5,-0.3257,-1.32167,-0.112848
1536,-4,-5,-3,-3,0,0,0,-2,0.751953,0.0405273,0.172363,-32.75,-8.125,-25.4375,-0.297949,-1.3276,-0.152608
1536,-1,0,-3,-1,0,-1,-6,-4,0.751953,0.0405273,0.172363,-32.75,-8.125,-25.4375,-0.297949,-1.3276,-0.152608
1557,3,5,-2,-1,-2,-1,0,1,0.751953,0.0405273,0.172363,-32.75,-8.125,-25.4375,-0.297949,-1.3276,-0.152608
1557,-1,-1,-1,0,-1,-1,-1,-2,0.751953,0.0405273,0.172363,-32.75,-8.125,-25.4375,-0.297949,-1.3276,-0.152608
1558,1,-1,-2,0,-2,1,3,2,0.675293,0.0444336,0.163574,-35.6875,-4.5625,-26.375,-0.267873,-1.33258,-0.196014
1558,-3,-6,-1,0,-1,0,-4,-4,0.675293,0.0444336,0.163574,-35.6875,-4.5625,-26.375,-0.267873,-1.33258,-0.196014
1570,-1,1,-1,0,-2,-1,-3,0,0.675293,0.0444336,0.163574,-35.6875,-4.5625,-26.375,-0.267873,-1.33258,-0.196014
1570,0,-3,-3,-2,-1,-1,-3,-3,0.675293,0.0444336,0.163574,-35.6875,-4.5625,-26.375,-0.267873,-1.33258,-0.196014
1580,-1,2,0,-1,1,-1,-2,-2,0.648438,0.00976562,0.183105,-31.875,-3.75,-24.5,-0.240459,-1.33549,-0.235316
1580,0,0,0,-1,-1,-1,-1,-2,0.648438,0.00976562,0.183105,-31.875,-3.75,-24.5,-0.240459,-1.33549,-0.235316
1602,0,0,2,0,0,-1,-1,-1,0.648438,0.00976562,0.183105,-31.875,-3.75,-24.5,-0.240459,-1.33549,-0.235316
1602,-1,-3,-1,0,0,-2,0,2,0.648438,0.00976562,0.183105,-31.875,-3.75,-24.5,-0.240459,-1.33549,-0.235316
1604,0,-2,-1,0,-1,-2,-1,-2,0.712402,0.00683594,0.173828,-15.375,-4.625,-21.625,-0.211818,-1.33852,-0.269925
1604,1,4,0,0,-1,0,0,-2,0.712402,0.00683594,0.173828,-15.375,-4.625,-21.625,-0.211818,-1.33852,-0.269925
1617,-6,-5,-2,-2,-2,-1,0,0,0.712402,0.00683594,0.173828,-15.375,-4.625,-21.625,-0.211818,-1.33852,-0.269925
1617,0,1,0,0,-1,-2,-1,0,0.712402,0.00683594,0.173828,-15.375,-4.625,-21.625,-0.211818,-1.33852,-0.269925
1618,-2,0,-1,-1,-1,1,-2,-2,0.784668,0.046875,0.168457,-5.625,-3.4375,-21.25,-0.175679,-1.34169,-0.308669
1618,0,-2,-2,-1,0,-2,-2,-4,0.784668,0.046875,0.168457,-5.625,-3.4375,-21.25,-0.175679,-1.34169,-0.308669
1639,1,2,1,-1,-1,0,-1,0,0.784668,0.046875,0.168457,-5.625,-3.4375,-21.25,-0.175679,-1.34169,-0.308669
1639,-5,-8,-2,-2,-1,-1,-1,-3,0.784668,0.046875,0.168457,-5.625,-3.4375,-21.25,-0.175679,-1.34169,-0.308669
1641,0,0,-1,3,0,-3,-1,-3,0.821777,0.065918,0.194336,-11.9375,-3.5625,-20.125,-0.140833,-1.34415,-0.34813
1641,-2,-1,-3,-2,-1,-2,0,4,0.821777,0.065918,0.194336,-11.9375,-3.5625,-20.125,-0.140833,-1.34415,-0.34813
1679,-3,-4,-7,-2,-1,-1,-1,-3,0.821777,0.065918,0.194336,-11.9375,-3.5625,-20.125,-0.140833,-1.34415,-0.34813
1679,-1,2,7,-1,-1,-1,-2,-2,0.821777,0.065918,0.194336,-11.9375,-3.5625,-20.125,-0.140833,-1.34415,-0.34813
1680,0,0,-7,-2,-2,0,-1,-1,0.842773,0.0629883,0.212891,-16.5,-7.0625,-16.1875,-0.113758,-1.34705,-0.381271
1680,-1,-1,-1,0,-2,0,3,6,0.842773,0.0629883,0.212891,-16.5,-7.0625,-16.1875,-0.113758,-1.34705,-0.381271
1681,-1,-3,-2,0,0,-2,-2,-3,0.842773,0.0629883,0.212891,-16.5,-7.0625,-16.1875,-0.113758,-1.34705,-0.381271
1681,0,-1,-2,0,-1,0,-1,1,0.842773,0.0629883,0.212891,-16.5,-7.0625,-16.1875,-0.113758,-1.34705,-0.381271
1684,-1,-3,1,-1,-1,0,-3,-4,0.870117,0.0571289,0.200684,-18,-8.3125,-14.75,-0.0903811,-1.35083,-0.411475
1684,2,0,0,0,-1,0,0,2,0.870117,0.0571289,0.200684,-18,-8.3125,-14.75,-0.0903811,-1.35083,-0.411475
1691,1,1,-2,0,-1,1,1,2,0.870117,0.0571289,0.200684,-18,-8.3125,-14.75,-0.0903811,-1.35083,-0.411475
1691,-4,-2,-5,-2,1,-1,-1,-3,0.870117,0.0571289,0.200684,-18,-8.3125,-14.75,-0.0903811,-1.35083,-0.411475
1700,0,0,0,-2,-1,1,1,4,0.857422,0.0639648,0.205078,-19.625,-6.625,-13.6875,-0.0680023,-1.35302,-0.440894
1700,0,-1,-1,-1,0,-2,-1,-1,0.857422,0.0639648,0.205078,-19.625,-6.625,-13.6875,-0.0680023,-1.35302,-0.440894
1715,6,9,4,0,-2,-2,0,3,0.857422,0.0639648,0.205078,-19.625,-6.625,-13.6875,-0.0680023,-1.35302,-0.440894
1715,-1,-1,-1,-1,-1,1,-3,-3,0.857422,0.0639648,0.205078,-19.625,-6.625,-13.6875,-0.0680023,-1.35302,-0.440894
1716,-3,-4,-2,-2,-2,-1,-3,-1,0.836914,0.0576172,0.205566,-16.9375,-7.625,-11.1875,-0.0491713,-1.35535,-0.465681
1716,1,2,3,0,-1,1,-2,-4,0.836914,0.0576172,0.205566,-16.9375,-7.625,-11.1875,-0.0491713,-1.35535,-0.465681
1744,-1,-3,4,1,0,-1,-1,-1,0.836914,0.0576172,0.205566,-16.9375,-7.625,-11.1875,-0.0491713,-1.35535,-0.465681
1744,-2,3,1,0,-2,-1,1,1,0.836914,0.0576172,0.205566,-16.9375,-7.625,-11.1875,-0.0491713,-1.35535,-0.465681
1746,-1,-1,3,0,0,-1,-1,-1,0.806152,0.0546875,0.190918,-12.5625,-10.1875,-6.375,-0.0368506,-1.35876,-0.48253
1746,-2,-4,1,-1,-1,-1,-3,-4,0.806152,0.0546875,0.190918,-12.5625,-10.1875,-6.375,-0.0368506,-1.35876,-0.48253
1751,-1,-2,-11,-3,-1,0,-1,1,0.806152,0.0546875,0.190918,-12.5625,-10.1875,-6.375,-0.0368506,-1.35876,-0.48253
1751,-1,-5,4,-1,0,1,1,-5,0.806152,0.0546875,0.190918,-12.5625,-10.1875,-6.375,-0.0368506,-1.35876,-0.48253
1760,-2,-1,11,0,-1,-1,-2,-1,0.800293,0.050293,0.184082,-8.25,-12,-4.3125,-0.0268023,-1.36261,-0.495416
1760,-3,-4,-6,-1,-1,-2,-2,-2,0.800293,0.050293,0.184082,-8.25,-12,-4.3125,-0.0268023,-1.36261,-0.495416
1782,-2,-3,1,0,0,1,2,-1,0.800293,0.050293,0.184082,-8.25,-12,-4.3125,-0.0268023,-1.36261,-0.495416
1782,2,2,-7,-2,0,1,0,9,0.800293,0.050293,0.184082,-8.25,-12,-4.3125,-0.0268023,-1.36261,-0.495416
1783,-6,-6,-1,-4,-1,-3,-7,-9,0.773926,0.0546875,0.186523,-8.5,-11.125,-2.8125,-0.0188927,-1.36576,-0.506183
1783,2,4,0,-1,-1,1,-1,-1,0.773926,0.0546875,0.186523,-8.5,-11.125,-2.8125,-0.0188927,-1.36576,-0.506183
1797,-4,0,-6,-3,-2,-1,-2,-1,0.773926,0.0546875,0.186523,-8.5,-11.125,-2.8125,-0.0188927,-1.36576,-0.506183
1797,1,1,-16,6,5,0,0,-1,0.773926,0.0546875,0.186523,-8.5,-11.125,-2.8125,-0.0188927,-1.36576,-0.506183
1798,-1,0,13,-5,-4,-4,-1,0,0.741211,0.0566406,0.170898,-5,-10.375,-0.3125,-0.0132209,-1.36914,-0.513666
1798,-2,1,2,-6,-4,-3,-1,-2,0.741211,0.0566406,0.170898,-5,-10.375,-0.3125,-0.0132209,-1.36914,-0.513666
1820,0,2,5,-1,-1,-1,-3,-2,0.741211,0.0566406,0.170898,-5,-10.375,-0.3125,-0.0132209,-1.36914,-0.513666
1820,1,-1,1,1,-1,0,2,-2,0.741211,0.0566406,0.170898,-5,-10.375,-0.3125,-0.0132209,-1.36914,-0.513666
1821,1,-4,-7,3,0,1,4,2,0.753906,0.0444336,0.164551,1.8125,-12.3125,2.625,-0.0117061,-1.37304,-0.514232
1821,-3,-8,9,1,0,-1,0,9,0.753906,0.0444336,0.164551,1.8125,-12.3125,2.625,-0.0117061,-1.37304,-0.514232
1834,0,1,-23,-1,0,-1,-5,-10,0.753906,0.0444336,0.164551,1.8125,-12.3125,2.625,-0.0117061,-1.37304,-0.514232
1834,-6,-20,-5,0,0,0,-1,-3,0.753906,0.0444336,0.164551,1.8125,-12.3125,2.625,-0.0117061,-1.37304,-0.514232
1836,-1,-4,12,-1,0,-2,-1,0,0.78418,0.0522461,0.15625,-1.625,-10.5,3.0625,-0.0107515,-1.37659,-0.515418
1836,0,0,0,-1,-2,-1,1,6,0.78418,0.0522461,0.15625,-1.625,-10.5,3.0625,-0.0107515,-1.37659,-0.515418
1857,-6,-12,0,0,-1,0,8,20,0.78418,0.0522461,0.15625,-1.625,-10.5,3.0625,-0.0107515,-1.37659,-0.515418
1857,1,12,6,-3,-4,-4,-16,-38,0.78418,0.0522461,0.15625,-1.625,-10.5,3.0625,-0.0107515,-1.37659,-0.515418
1858,-2,-19,-40,0,1,0,1,-2,0.80127,0.00732422,0.154297,2.625,-11.875,4.1875,-0.0163334,-1.38042,-0.508596
1858,0,25,-6,-2,0,1,1,-7,0.80127,0.00732422,0.154297,2.625,-11.875,4.1875,-0.0163334,-1.38042,-0.508596
1880,6,13,99,10,2,0,0,4,0.80127,0.00732422,0.154297,2.625,-11.875,4.1875,-0.0163334,-1.38042,-0.508596
1880,-10,-23,-60,-17,-9,-7,-1,1,0.80127,0.00732422,0.154297,2.625,-11.875,4.1875,-0.0163334,-1.38042,-0.508596
1881,-1,-1,-3,1,0,-1,-1,3,0.84082,0.0595703,0.178223,0.9375,-8.875,1.9375,-0.0121434,-1.38332,-0.512417
1881,1,-15,-31,0,1,1,2,7,0.84082,0.0595703,0.178223,0.9375,-8.875,1.9375,-0.0121434,-1.38332,-0.512417
1894,-2,7,-9,1,1,0,-2,-4,0.84082,0.0595703,0.178223,0.9375,-8.875,1.9375,-0.0121434,-1.38332,-0.512417
1894,6,45,72,4,0,1,2,10,0.84082,0.0595703,0.178223,0.9375,-8.875,1.9375,-0.0121434,-1.38332,-0.512417
1896,-6,-42,-35,-8,1,0,0,-9,0.916504,0.0517578,0.151367,-13.0625,-5.3125,-1.0625,-0.00765088,-1.38578,-0.521432
1896,-2,2,-15,-1,-2,-1,-3,-3,0.916504,0.0517578,0.151367,-13.0625,-5.3125,-1.0625,-0.00765088,-1.38578,-0.521432
1917,0,0,-4,-4,0,-1,2,0,0.916504,0.0517578,0.151367,-13.0625,-5.3125,-1.0625,-0.00765088,-1.38578,-0.521432
1917,8,14,18,7,1,1,-2,0,0.916504,0.0517578,0.151367,-13.0625,-5.3125,-1.0625,-0.00765088,-1.38578,-0.521432
1918,-1,10,1,-5,-2,0,0,0,0.972656,-0.0209961,0.176758,-12.375,-5.125,1.5,-0.0175192,-1.38745,-0.51572
1918,0,-3,3,5,2,0,-1,-5,0.972656,-0.0209961,0.176758,-12.375,-5.125,1.5,-0.0175192,-1.38745,-0.51572
1940,1,3,-2,0,-3,-1,0,1,0.972656,-0.0209961,0.176758,-12.375,-5.125,1.5,-0.0175192,-1.38745,-0.51572
1940,-16,-13,-8,-8,-4,-3,-2,0,0.972656,-0.0209961,0.176758,-12.375,-5.125,1.5,-0.0175192,-1.38745,-0.51572
1941,-6,-2,6,0,-1,0,0,-6,1.08887,-0.00683594,0.165527,-12.5625,-4.625,0.125,-0.0226467,-1.39025,-0.515096
1941,-3,-8,4,-3,-3,-3,1,8,1.08887,-0.00683594,0.165527,-12.5625,-4.625,0.125,-0.0226467,-1.39025,-0.515096
1954,1,-3,-6,-2,0,-1,-11,-27,1.08887,-0.00683594,0.165527,-12.5625,-4.625,0.125,-0.0226467,-1.39025,-0.515096
1954,-5,-22,-18,-3,-2,0,1,9,1.08887,-0.00683594,0.165527,-12.5625,-4.625,0.125,-0.0226467,-1.39025,-0.515096
1961,-2,-5,-6,1,-1,-1,-3,2,1.19629,0.0302734,0.103027,-18.8125,4.5625,-5.875,-0.0138623,-1.39123,-0.530483
1961,-5,3,11,-4,-4,0,-4,-9,1.19629,0.0302734,0.103027,-18.8125,4.5625,-5.875,-0.0138623,-1.39123,-0.530483
1976,4,4,-17,-2,-2,0,-1,6,1.19629,0.0302734,0.103027,-18.8125,4.5625,-5.875,-0.0138623,-1.39123,-0.530483
1976,0,4,-3,0,0,-1,1,1,1.19629,0.0302734,0.103027,-18.8125,4.5625,-5.875,-0.0138623,-1.39123,-0.530483
1978,3,8,3,-1,0,-1,0,0,1.20605,0.0810547,0.0844727,-27.75,15.4375,-11.125,0.0084149,-1.38918,-0.562601
1978,-1,-9,10,2,-1,-2,-3,-6,1.20605,0.0810547,0.0844727,-27.75,15.4375,-11.125,0.0084149,-1.38918,-0.562601
1999,-2,-13,-12,-1,-2,-2,0,1,1.20605,0.0810547,0.0844727,-27.75,15.4375,-11.125,0.0084149,-1.38918,-0.562601
1999,-1,-14,-4,-5,-2,-2,-1,-4,1.20605,0.0810547,0.0844727,-27.75,15.4375,-11.125,0.0084149,-1.38918,-0.562601
2001,2,1,14,0,-1,-1,-1,2,1.25635,0.0581055,0.034668,-31.125,15.875,-3.75,0.0125986,-1.38854,-0.577704
2001,4,-6,-6,0,1,0,-1,1,1.25635,0.0581055,0.034668,-31.125,15.875,-3.75,0.0125986,-1.38854,-0.577704
2022,-1,-5,-12,-6,-3,-2,0,0,1.25635,0.0581055,0.034668,-31.125,15.875,-3.75,0.0125986,-1.38854,-0.577704
2022,-1,-2,0,1,1,-1,2,-1,1.25635,0.0581055,0.034668,-31.125,15.875,-3.75,0.0125986,-1.38854,-0.577704
2024,4,16,3,0,-1,0,0,3,1.34131,0.0878906,0.0249023,-29.0625,19.6875,2.6875,0.00860869,-1.38685,-0.583511
2024,-4,-9,0,-1,1,-1,-1,-4,1.34131,0.0878906,0.0249023,-29.0625,19.6875,2.6875,0.00860869,-1.38685,-0.583511
2037,-3,9,11,14,-2,-2,-2,-2,1.34131,0.0878906,0.0249023,-29.0625,19.6875,2.6875,0.00860869,-1.38685,-0.583511
2037,1,3,-31,-11,1,0,-2,0,1.34131,0.0878906,0.0249023,-29.0625,19.6875,2.6875,0.00860869,-1.38685,-0.583511
2039,5,13,5,-1,1,-1,1,2,1.29541,0.138672,0.0390625,-32.375,24.0625,2.8125,0.00977469,-1.38361,-0.595604
2039,-6,-11,-4,-7,-2,0,-2,-7,1.29541,0.138672,0.0390625,-32.375,24.0625,2.8125,0.00977469,-1.38361,-0.595604
2060,-5,-8,-7,-11,-3,-2,-1,-2,1.29541,0.138672,0.0390625,-32.375,24.0625,2.8125,0.00977469,-1.38361,-0.595604
2060,8,12,38,30,-4,-1,1,10,1.29541,0.138672,0.0390625,-32.375,24.0625,2.8125,0.00977469,-1.38361,-0.595604
2062,-4,3,-61,-25,2,0,-2,-2,1.25146,0.157715,0.0874023,-31.4375,19.1875,0.5625,0.0177165,-1.38094,-0.614302
2062,3,12,-20,-4,2,-1,0,0,1.25146,0.157715,0.0874023,-31.4375,19.1875,0.5625,0.0177165,-1.38094,-0.614302
2073,-2,-3,-6,-5,-1,-1,3,0,1.25146,0.157715,0.0874023,-31.4375,19.1875,0.5625,0.0177165,-1.38094,-0.614302
2073,2,1,0,-3,-2,3,-5,10,1.25146,0.157715,0.0874023,-31.4375,19.1875,0.5625,0.0177165,-1.38094,-0.614302
2082,5,3,20,12,-3,-7,-13,-10,1.26367,0.19873,0.0566406,-25,13.5625,3.25,0.0279991,-1.38017,-0.632426
2082,4,7,14,7,0,0,15,-9,1.26367,0.19873,0.0566406,-25,13.5625,3.25,0.0279991,-1.38017,-0.632426
2097,-1,-15,-15,-4,1,-2,-1,-4,1.26367,0.19873,0.0566406,-25,13.5625,3.25,0.0279991,-1.38017,-0.632426
2097,0,-6,4,0,-1,-1,-1,3,1.26367,0.19873,0.0566406,-25,13.5625,3.25,0.0279991,-1.38017,-0.632426
2099,-7,-4,11,7,-1,2,-4,-4,1.26611,0.0878906,0.0556641,-34.9375,22.0625,11.875,0.00558058,-1.37722,-0.621605
2099,3,-6,-5,-3,0,0,-4,7,1.26611,0.0878906,0.0556641,-34.9375,22.0625,11.875,0.00558058,-1.37722,-0.621605
2119,12,2,4,3,-2,1,3,20,1.26611,0.0878906,0.0556641,-34.9375,22.0625,11.875,0.00558058,-1.37722,-0.621605
2119,-6,-13,-8,-6,-3,-5,-3,-8,1.26611,0.0878906,0.0556641,-34.9375,22.0625,11.875,0.00558058,-1.37722,-0.621605
2127,3,-1,7,1,-2,-2,0,0,1.30273,0.0703125,0.150391,-29.3125,33.3125,20.9375,-0.0310397,-1.36825,-0.594315
2127,2,13,21,1,-2,-1,-1,-6,1.30273,0.0703125,0.150391,-29.3125,33.3125,20.9375,-0.0310397,-1.36825,-0.594315
2133,-4,-6,-24,-7,-1,-1,1,3,1.30273,0.0703125,0.150391,-29.3125,33.3125,20.9375,-0.0310397,-1.36825,-0.594315
2133,2,0,9,3,0,1,5,6,1.30273,0.0703125,0.150391,-29.3125,33.3125,20.9375,-0.0310397,-1.36825,-0.594315
2142,2,-1,-8,-5,-2,0,1,1,1.23047,0.0361328,0.222656,-7.9375,42.125,23.1875,-0.0624271,-1.35456,-0.564883
2142,6,-5,10,9,-3,-4,-6,3,1.23047,0.0361328,0.222656,-7.9375,42.125,23.1875,-0.0624271,-1.35456,-0.564883
2157,-7,-11,1,0,0,-3,-8,-8,1.23047,0.0361328,0.222656,-7.9375,42.125,23.1875,-0.0624271,-1.35456,-0.564883
2157,0,-3,-9,0,2,1,2,-3,1.23047,0.0361328,0.222656,-7.9375,42.125,23.1875,-0.0624271,-1.35456,-0.564883
2159,1,-3,16,6,2,3,5,1,1.22412,0.0449219,0.23291,-1.5,42.625,30.375,-0.0970848,-1.34021,-0.529437
2159,-6,-3,-3,-3,-2,-2,-3,-2,1.22412,0.0449219,0.23291,-1.5,42.625,30.375,-0.0970848,-1.34021,-0.529437
2180,0,2,-1,-3,-3,-3,-5,-3,1.22412,0.0449219,0.23291,-1.5,42.625,30.375,-0.0970848,-1.34021,-0.529437
2180,1,-5,-4,-2,1,1,1,-2,1.22412,0.0449219,0.23291,-1.5,42.625,30.375,-0.0970848,-1.34021,-0.529437
2181,0,4,6,-1,-2,-3,-1,12,1.21582,-0.00683594,0.199219,0.375,45.5,38.3125,-0.140945,-1.32532,-0.483871
2181,-3,3,-3,-5,0,0,0,-11,1.21582,-0.00683594,0.199219,0.375,45.5,38.3125,-0.140945,-1.32532,-0.483871
2193,0,3,10,-1,1,2,-3,-12,1.21582,-0.00683594,0.199219,0.375,45.5,38.3125,-0.140945,-1.32532,-0.483871
2193,6,11,13,-4,2,4,6,2,1.21582,-0.00683594,0.199219,0.375,45.5,38.3125,-0.140945,-1.32532,-0.483871
2202,-14,-9,-6,-6,-10,-10,-4,-2,1.16748,-0.0498047,0.178711,-11.625,45.8125,45.5625,-0.196579,-1.30996,-0.430726
2202,-6,-5,-5,-6,-4,-5,-1,7,1.16748,-0.0498047,0.178711,-11.625,45.8125,45.5625,-0.196579,-1.30996,-0.430726
2217,-6,-33,-19,1,0,-2,-3,-27,1.16748,-0.0498047,0.178711,-11.625,45.8125,45.5625,-0.196579,-1.30996,-0.430726
2217,-4,-8,21,-3,0,0,0,31,1.16748,-0.0498047,0.178711,-11.625,45.8125,45.5625,-0.196579,-1.30996,-0.430726
2219,14,26,4,8,8,8,6,-14,1.13721,-0.0776367,0.216797,-10.4375,43.8125,41.8125,-0.241852,-1.29419,-0.387792
2219,-31,8,-12,-11,-5,-5,-10,-17,1.13721,-0.0776367,0.216797,-10.4375,43.8125,41.8125,-0.241852,-1.29419,-0.387792
2240,-6,50,-1,-2,-3,-3,-2,1,1.13721,-0.0776367,0.216797,-10.4375,43.8125,41.8125,-0.241852,-1.29419,-0.387792
2240,24,46,3,9,2,1,1,0,1.13721,-0.0776367,0.216797,-10.4375,43.8125,41.8125,-0.241852,-1.29419,-0.387792
2241,28,3,-13,-7,-3,-1,-4,23,1.11279,-0.0791016,0.245605,-6.125,39.6875,25.3125,-0.262469,-1.28026,-0.36862
2241,-26,8,-6,-2,2,6,13,-13,1.11279,-0.0791016,0.245605,-6.125,39.6875,25.3125,-0.262469,-1.28026,-0.36862
2254,16,-24,-1,-4,1,3,2,7,1.11279,-0.0791016,0.245605,-6.125,39.6875,25.3125,-0.262469,-1.28026,-0.36862
2254,-102,-35,-19,-10,-1,-3,10,-69,1.11279,-0.0791016,0.245605,-6.125,39.6875,25.3125,-0.262469,-1.28026,-0.36862
2262,-5,15,16,7,4,0,-4,-3,1.06152,-0.101562,0.277832,-8,46.9375,16.1875,-0.271123,-1.26397,-0.362625
2262,26,1,-8,-3,0,0,12,65,1.06152,-0.101562,0.277832,-8,46.9375,16.1875,-0.271123,-1.26397,-0.362625
2277,27,0,7,5,6,4,10,17,1.06152,-0.101562,0.277832,-8,46.9375,16.1875,-0.271123,-1.26397,-0.362625
2277,46,10,-4,-5,-2,-2,3,-18,1.06152,-0.101562,0.277832,-8,46.9375,16.1875,-0.271123,-1.26397,-0.362625
2278,-16,-2,0,-1,-1,-1,-4,-40,1.01611,-0.133789,0.32666,-16,51.25,22.75,-0.287607,-1.24437,-0.351353
2278,-20,-6,2,-4,-3,-2,-16,-33,1.01611,-0.133789,0.32666,-16,51.25,22.75,-0.287607,-1.24437,-0.351353
2300,-13,8,6,4,0,-2,1,37,1.01611,-0.133789,0.32666,-16,51.25,22.75,-0.287607,-1.24437,-0.351353
2300,18,-1,-10,1,-2,-2,-10,-3,1.01611,-0.133789,0.32666,-16,51.25,22.75,-0.287607,-1.24437,-0.351353
2301,-14,-9,-3,-1,-4,-1,8,4,1.05078,-0.125488,0.308105,-11.4375,52.625,32,-0.308515,-1.22449,-0.333564
2301,3,-16,-4,-1,-6,-8,8,-17,1.05078,-0.125488,0.308105,-11.4375,52.625,32,-0.308515,-1.22449,-0.333564
2313,-9,3,3,2,1,5,25,8,1.05078,-0.125488,0.308105,-11.4375,52.625,32,-0.308515,-1.22449,-0.333564
2313,3,0,-3,-1,4,5,-51,-69,1.05078,-0.125488,0.308105,-11.4375,52.625,32,-0.308515,-1.22449,-0.333564
2322,-34,-12,-1,-8,-7,-7,-52,-6,1.03369,-0.143555,0.413086,-28.5,57.3125,37.875,-0.33514,-1.20061,-0.315913
2322,-7,-9,5,-2,0,-8,-24,14,1.03369,-0.143555,0.413086,-28.5,57.3125,37.875,-0.33514,-1.20061,-0.315913
2337,18,9,4,1,4,3,-4,2,1.03369,-0.143555,0.413086,-28.5,57.3125,37.875,-0.33514,-1.20061,-0.315913
2337,-51,-17,-8,-5,0,-3,6,-4,1.03369,-0.143555,0.413086,-28.5,57.3125,37.875,-0.33514,-1.20061,-0.315913
2338,36,-2,0,1,1,3,46,43,0.957031,-0.253418,0.458496,-43.4375,61.6875,31.875,-0.362716,-1.17375,-0.303187
2338,-15,-20,-9,-3,-2,-4,-42,-40,0.957031,-0.253418,0.458496,-43.4375,61.6875,31.875,-0.362716,-1.17375,-0.303187
2360,0,-9,-6,-8,-11,-10,7,-5,0.957031,-0.253418,0.458496,-43.4375,61.6875,31.875,-0.362716,-1.17375,-0.303187
2360,27,0,-1,2,-2,0,15,63,0.957031,-0.253418,0.458496,-43.4375,61.6875,31.875,-0.362716,-1.17375,-0.303187
2361,9,-2,2,0,1,1,-5,-9,0.833984,-0.414062,0.425293,-17.9375,58.6875,39.375,-0.394661,-1.14581,-0.277536
2361,25,18,8,13,15,13,20,9,0.833984,-0.414062,0.425293,-17.9375,58.6875,39.375,-0.394661,-1.14581,-0.277536
2374,9,8,1,6,7,-1,-13,-9,0.833984,-0.414062,0.425293,-17.9375,58.6875,39.375,-0.394661,-1.14581,-0.277536
2374,2,-5,-9,-10,-10,-10,10,15,0.833984,-0.414062,0.425293,-17.9375,58.6875,39.375,-0.394661,-1.14581,-0.277536
2382,-13,0,-2,-5,-7,-4,-13,10,0.974121,-0.474121,0.494141,18.25,52.0625,53.9375,-0.42327,-1.1179,-0.241563
2382,20,-1,-1,-18,-13,-4,-7,24,0.974121,-0.474121,0.494141,18.25,52.0625,53.9375,-0.42327,-1.1179,-0.241563
2397,-34,-12,-7,-17,-11,-6,-18,-27,0.974121,-0.474121,0.494141,18.25,52.0625,53.9375,-0.42327,-1.1179,-0.241563
2397,5,6,5,-4,-4,-4,-34,4,0.974121,-0.474121,0.494141,18.25,52.0625,53.9375,-0.42327,-1.1179,-0.241563
2399,-11,-7,-5,3,9,4,38,1,1.11865,-0.497559,0.52832,35.3125,59.625,75.5,-0.452359,-1.0859,-0.197872
2399,33,1,5,33,19,10,13,-9,1.11865,-0.497559,0.52832,35.3125,59.625,75.5,-0.452359,-1.0859,-0.197872
2420,12,-3,1,5,6,2,1,-2,1.11865,-0.497559,0.52832,35.3125,59.625,75.5,-0.452359,-1.0859,-0.197872
2420,0,7,6,13,6,-2,2,4,1.11865,-0.497559,0.52832,35.3125,59.625,75.5,-0.452359,-1.0859,-0.197872
2421,-22,-14,-4,-15,-15,-8,-13,-16,0.947754,-0.425781,0.586914,49.4375,68.0625,84.1875,-0.469657,-1.04779,-0.159933
2421,-11,19,5,-28,-23,-11,-5,-13,0.947754,-0.425781,0.586914,49.4375,68.0625,84.1875,-0.469657,-1.04779,-0.159933
2434,30,-10,17,5,7,2,-5,22,0.947754,-0.425781,0.586914,49.4375,68.0625,84.1875,-0.469657,-1.04779,-0.159933
2434,9,-1,-37,-2,10,6,27,40,0.947754,-0.425781,0.586914,49.4375,68.0625,84.1875,-0.469657,-1.04779,-0.159933
2442,-24,17,24,28,7,1,-4,2,0.967285,-0.505371,0.6875,36.8125,74.375,89.375,-0.488934,-1.0057,-0.124406
2442,-8,-72,-25,1,-2,-4,-2,-2,0.967285,-0.505371,0.6875,36.8125,74.375,89.375,-0.488934,-1.0057,-0.124406
2457,-40,16,-1,-15,-18,-7,-17,-23,0.967285,-0.505371,0.6875,36.8125,74.375,89.375,-0.488934,-1.0057,-0.124406
2457,4,3,1,-16,-11,-3,5,-5,0.967285,-0.505371,0.6875,36.8125,74.375,89.375,-0.488934,-1.0057,-0.124406
2459,19,23,25,-13,4,0,11,11,0.923828,-0.739746,0.761719,36.6875,77.375,90.5625,-0.510604,-0.959149,-0.0874608
2459,-2,-7,-17,13,7,6,1,1,0.923828,-0.739746,0.761719,36.6875,77.375,90.5625,-0.510604,-0.959149,-0.0874608
2480,22,75,18,18,5,4,-16,7,0.923828,-0.739746,0.761719,36.6875,77.375,90.5625,-0.510604,-0.959149,-0.0874608
2480,22,-35,-24,-3,-6,-6,-2,18,0.923828,-0.739746,0.761719,36.6875,77.375,90.5625,-0.510604,-0.959149,-0.0874608
2482,15,9,-6,-14,-10,2,4,11,0.867676,-0.618652,0.78418,41,71.25,81.625,-0.519909,-0.917177,-0.0609402
2482,-59,5,22,-9,2,2,31,-16,0.867676,-0.618652,0.78418,41,71.25,81.625,-0.519909,-0.917177,-0.0609402
2494,11,24,0,15,14,5,-1,-8,0.867676,-0.618652,0.78418,41,71.25,81.625,-0.519909,-0.917177,-0.0609402
2494,-53,0,7,11,-17,-11,-60,-20,0.867676,-0.618652,0.78418,41,71.25,81.625,-0.519909,-0.917177,-0.0609402
2503,97,26,-2,-7,-13,-12,31,1,0.726562,-0.622559,0.770996,11.375,64.375,90.75,-0.54133,-0.874707,-0.0311703
2503,-12,49,19,-2,19,24,96,50,0.726562,-0.622559,0.770996,11.375,64.375,90.75,-0.54133,-0.874707,-0.0311703
2517,12,-17,-22,0,9,37,-38,27,0.726562,-0.622559,0.770996,11.375,64.375,90.75,-0.54133,-0.874707,-0.0311703
2517,-24,-48,-9,0,-16,-44,-41,-72,0.726562,-0.622559,0.770996,11.375,64.375,90.75,-0.54133,-0.874707,-0.0311703
2519,-19,3,-3,11,11,36,61,32,0.324707,-0.817871,0.676758,-20.3125,42.1875,119.188,-0.582952,-0.836866,0.0128402
2519,10,-9,-7,-57,-71,-49,-98,-10,0.324707,-0.817871,0.676758,-20.3125,42.1875,119.188,-0.582952,-0.836866,0.0128402
2539,-94,-50,-46,-44,-48,-33,-67,-70,0.324707,-0.817871,0.676758,-20.3125,42.1875,119.188,-0.582952,-0.836866,0.0128402
2539,-23,-35,-67,-13,6,-20,-42,-22,0.324707,-0.817871,0.676758,-20.3125,42.1875,119.188,-0.582952,-0.836866,0.0128402
2541,104,8,5,45,-53,-128,-51,34,-0.012207,-0.556641,0.607422,27.6875,-22.375,125.062,-0.618146,-0.814984,0.0732688
2541,6,-2,-29,-75,45,73,57,33,-0.012207,-0.556641,0.607422,27.6875,-22.375,125.062,-0.618146,-0.814984,0.0732688
2554,-22,-17,-21,12,-27,-95,-40,-24,-0.012207,-0.556641,0.607422,27.6875,-22.375,125.062,-0.618146,-0.814984,0.0732688
2554,-28,5,25,-126,-36,123,104,-35,-0.012207,-0.556641,0.607422,27.6875,-22.375,125.062,-0.618146,-0.814984,0.0732688
2562,-74,-12,3,51,46,-62,-8,-14,0.316895,-0.766113,0.724609,76.25,-98.1875,72.5,-0.641575,-0.81468,0.137511
2562,46,44,83,127,123,-11,74,42,0.316895,-0.766113,0.724609,76.25,-98.1875,72.5,-0.641575,-0.81468,0.137511
2578,41,38,101,113,112,108,46,108,0.316895,-0.766113,0.724609,76.25,-98.1875,72.5,-0.641575,-0.81468,0.137511
2578,36,22,10,127,6,-92,-83,-33,0.316895,-0.766113,0.724609,76.25,-98.1875,72.5,-0.641575,-0.81468,0.137511
2580,2,-4,-28,-76,-75,-31,-15,-23,2.12109,-0.822266,0.779297,13.875,-102.688,65.25,-0.68113,-0.832502,0.19731
2580,44,-15,-49,-103,-128,-40,39,11,2.12109,-0.822266,0.779297,13.875,-102.688,65.25,-0.68113,-0.832502,0.19731
2599,120,12,-58,-128,-127,-38,-24,27,2.12109,-0.822266,0.779297,13.875,-102.688,65.25,-0.68113,-0.832502,0.19731
2599,-17,-15,-26,4,37,66,127,96,2.12109,-0.822266,0.779297,13.875,-102.688,65.25,-0.68113,-0.832502,0.19731
2601,-60,-39,0,98,118,74,-19,-100,2.31104,0.416504,0.0610352,99.75,-53.125,40.4375,-0.671317,-0.838312,0.231026
2601,110,-31,-27,-47,-78,-108,-127,-23,2.31104,0.416504,0.0610352,99.75,-53.125,40.4375,-0.671317,-0.838312,0.231026
2613,-74,-27,10,-105,28,-28,-4,-51,2.31104,0.416504,0.0610352,99.75,-53.125,40.4375,-0.671317,-0.838312,0.231026
2613,65,30,67,90,89,13,12,24,2.31104,0.416504,0.0610352,99.75,-53.125,40.4375,-0.671317,-0.838312,0.231026
2622,-5,-4,15,-80,-8,75,-36,23,0.260742,0.97998,0.12793,76.5625,-51.375,-18.9375,-0.619205,-0.86911,0.215553
2622,-115,-30,-45,-34,25,-2,5,-24,0.260742,0.97998,0.12793,76.5625,-51.375,-18.9375,-0.619205,-0.86911,0.215553
2628,46,-31,-1,9,17,-51,-45,-53,0.260742,0.97998,0.12793,76.5625,-51.375,-18.9375,-0.619205,-0.86911,0.215553
2628,45,40,95,22,46,11,-68,16,0.260742,0.97998,0.12793,76.5625,-51.375,-18.9375,-0.619205,-0.86911,0.215553
2636,22,24,61,121,103,91,68,1,1.37305,0.36084,0.583008,-91.625,-3.8125,-112.5,-0.607197,-0.896877,0.16169
2636,23,47,52,-18,-57,-19,-57,2,1.37305,0.36084,0.583008,-91.625,-3.8125,-112.5,-0.607197,-0.896877,0.16169
2652,19,4,-20,-128,-128,-40,13,30,1.37305,0.36084,0.583008,-91.625,-3.8125,-112.5,-0.607197,-0.896877,0.16169
2652,-48,-11,-64,-112,-127,-107,-21,-16,1.37305,0.36084,0.583008,-91.625,-3.8125,-112.5,-0.607197,-0.896877,0.16169
2654,-25,-30,-39,-75,18,-69,-1,-26,1.74512,-0.779297,0.665527,-132,11.3125,-20.75,-0.645188,-0.89974,0.150256
2654,-15,2,9,70,96,122,-3,-3,1.74512,-0.779297,0.665527,-132,11.3125,-20.75,-0.645188,-0.89974,0.150256
2666,32,1,-3,39,-14,1,60,52,1.74512,-0.779297,0.665527,-132,11.3125,-20.75,-0.645188,-0.89974,0.150256
2666,-53,-23,-9,-44,18,1,-37,-24,1.74512,-0.779297,0.665527,-132,11.3125,-20.75,-0.645188,-0.89974,0.150256
2675,-12,16,-12,-23,-45,-2,-8,40,1.18311,-0.806641,0.801758,25.875,31.6875,19.9375,-0.641417,-0.88357,0.153685
2675,18,-9,3,50,81,-24,-17,-14,1.18311,-0.806641,0.801758,25.875,31.6875,19.9375,-0.641417,-0.88357,0.153685
2689,-23,1,-8,95,86,59,20,-45,1.18311,-0.806641,0.801758,25.875,31.6875,19.9375,-0.641417,-0.88357,0.153685
2689,19,2,14,-54,-60,10,69,12,1.18311,-0.806641,0.801758,25.875,31.6875,19.9375,-0.641417,-0.88357,0.153685
2704,-13,-6,-33,-106,-108,-27,-54,-1,1.39355,0.0239258,0.625,77,68.6875,9.9375,-0.587283,-0.874717,0.125725
2704,-14,-11,-10,5,18,-39,-33,-9,1.39355,0.0239258,0.625,77,68.6875,9.9375,-0.587283,-0.874717,0.125725
2712,-36,-14,3,51,23,11,7,-29,1.39355,0.0239258,0.625,77,68.6875,9.9375,-0.587283,-0.874717,0.125725
2712,21,11,-28,-97,-101,-36,-9,26,1.39355,0.0239258,0.625,77,68.6875,9.9375,-0.587283,-0.874717,0.125725
2714,-1,-11,-28,-23,36,-21,39,-18,1.1582,0.114746,0.575195,-19.8125,91.75,-8.3125,-0.555901,-0.860124,0.0836494
2714,19,16,18,100,76,97,51,-7,1.1582,0.114746,0.575195,-19.8125,91.75,-8.3125,-0.555901,-0.860124,0.0836494
2726,-22,2,28,-50,-34,-12,-5,17,1.1582,0.114746,0.575195,-19.8125,91.75,-8.3125,-0.555901,-0.860124,0.0836494
2726,40,9,62,35,-12,-22,17,-8,1.1582,0.114746,0.575195,-19.8125,91.75,-8.3125,-0.555901,-0.860124,0.0836494
2734,-62,-28,-6,71,34,24,-50,22,1.05029,-0.419434,0.592285,-58.9375,98.4375,4.625,-0.559096,-0.834374,0.0595716
2734,-23,6,31,58,42,-31,-42,-17,1.05029,-0.419434,0.592285,-58.9375,98.4375,4.625,-0.559096,-0.834374,0.0595716
2757,-15,-9,-12,65,-10,-17,29,11,1.05029,-0.419434,0.592285,-58.9375,98.4375,4.625,-0.559096,-0.834374,0.0595716
2757,21,-6,-50,-98,-43,-18,-10,-9,1.05029,-0.419434,0.592285,-58.9375,98.4375,4.625,-0.559096,-0.834374,0.0595716
2764,60,9,25,-19,-50,11,-3,27,0.833984,-0.623047,0.504395,-9.1875,96.25,10.9375,-0.556126,-0.804543,0.0451601
2764,44,-15,-16,-48,-128,-72,23,45,0.833984,-0.623047,0.504395,-9.1875,96.25,10.9375,-0.556126,-0.804543,0.0451601
2780,-41,-11,15,-82,-55,-35,-94,-67,0.833984,-0.623047,0.504395,-9.1875,96.25,10.9375,-0.556126,-0.804543,0.0451601
2780,-76,5,-11,127,109,83,-15,-24,0.833984,-0.623047,0.504395,-9.1875,96.25,10.9375,-0.556126,-0.804543,0.0451601
2782,29,20,15,75,42,66,38,11,0.525391,-0.42334,0.395508,21.625,102.25,11.625,-0.534827,-0.771777,0.0248023
2782,5,3,0,-95,-91,30,31,6,0.525391,-0.42334,0.395508,21.625,102.25,11.625,-0.534827,-0.771777,0.0248023
2802,24,-8,-20,-107,-43,-45,-6,5,0.525391,-0.42334,0.395508,21.625,102.25,11.625,-0.534827,-0.771777,0.0248023
2802,-4,31,-14,-66,-32,-45,-16,10,0.525391,-0.42334,0.395508,21.625,102.25,11.625,-0.534827,-0.771777,0.0248023
2804,3,-10,43,35,30,32,-3,-5,0.316895,-0.394531,0.357422,-4.4375,110.312,1.25,-0.519937,-0.737646,-0.00020768
2804,-30,-11,-20,51,-16,-49,-18,-10,0.316895,-0.394531,0.357422,-4.4375,110.312,1.25,-0.519937,-0.737646,-0.00020768
2816,-4,3,2,43,-19,79,40,2,0.316895,-0.394531,0.357422,-4.4375,110.312,1.25,-0.519937,-0.737646,-0.00020768
2816,13,7,1,39,14,35,12,-2,0.316895,-0.394531,0.357422,-4.4375,110.312,1.25,-0.519937,-0.737646,-0.00020768
2824,-10,-10,-46,-108,-8,-57,-2,17,0.245605,-0.50293,0.349609,-14.6875,118.75,5.875,-0.510862,-0.699575,-0.0237113
2824,-24,10,50,77,64,57,-71,-39,0.245605,-0.50293,0.349609,-14.6875,118.75,5.875,-0.510862,-0.699575,-0.0237113
2839,14,8,-25,-9,25,-47,-6,3,0.311035,-0.487793,0.288086,-13.1875,120.25,6.75,-0.502817,-0.661402,-0.0458362
2839,41,10,25,79,6,34,91,4,0.311035,-0.487793,0.288086,-13.1875,120.25,6.75,-0.502817,-0.661402,-0.0458362
2840,18,-2,-5,-111,-127,39,74,-4,0.311035,-0.487793,0.288086,-13.1875,120.25,6.75,-0.502817,-0.661402,-0.0458362
2840,-20,-4,-18,-35,60,28,-1,-4,0.311035,-0.487793,0.288086,-13.1875,120.25,6.75,-0.502817,-0.661402,-0.0458362
2862,8,2,38,116,127,42,17,10,0.28418,-0.431641,0.322266,-15.25,128.375,4.6875,-0.49488,-0.620867,-0.0698314
2862,-18,-3,9,8,-53,-58,-57,-6,0.28418,-0.431641,0.322266,-15.25,128.375,4.6875,-0.49488,-0.620867,-0.0698314
2862,-6,1,-34,-103,-66,-63,-32,-12,0.28418,-0.431641,0.322266,-15.25,128.375,4.6875,-0.49488,-0.620867,-0.0698314
2862,14,5,25,57,6,1,19,6,0.28418,-0.431641,0.322266,-15.25,128.375,4.6875,-0.49488,-0.620867,-0.0698314
2876,3,1,-27,-19,-17,-4,29,12,0.176758,-0.34668,0.316406,-6.75,139.938,2.5625,-0.483233,-0.576779,-0.0959385
2876,14,5,2,1,46,-3,-2,12,0.176758,-0.34668,0.316406,-6.75,139.938,2.5625,-0.483233,-0.576779,-0.0959385
2883,-15,-10,29,2,11,-19,-55,-16,0.176758,-0.34668,0.316406,-6.75,139.938,2.5625,-0.483233,-0.576779,-0.0959385
2883,0,10,4,-5,34,17,-21,4,0.176758,-0.34668,0.316406,-6.75,139.938,2.5625,-0.483233,-0.576779,-0.0959385
2899,-5,-16,-76,6,13,-2,-4,1,0.0908203,-0.204102,0.40625,3.4375,140.938,10.75,-0.47022,-0.530433,-0.11848
2899,-10,-15,-54,-63,-106,-103,-55,-1,0.0908203,-0.204102,0.40625,3.4375,140.938,10.75,-0.47022,-0.530433,-0.11848
2899,9,13,16,80,107,95,56,-2,0.0908203,-0.204102,0.40625,3.4375,140.938,10.75,-0.47022,-0.530433,-0.11848
2899,6,22,45,74,75,16,-3,-10,0.0908203,-0.204102,0.40625,3.4375,140.938,10.75,-0.47022,-0.530433,-0.11848
2921,-4,6,24,57,-3,28,15,0,0.0864258,-0.172852,0.465332,-9.875,137.188,17.25,-0.464183,-0.483966,-0.1372
2921,29,-16,3,-51,-38,-4,-4,8,0.0864258,-0.172852,0.465332,-9.875,137.188,17.25,-0.464183,-0.483966,-0.1372
2922,-36,-2,-24,-34,-46,-68,-53,-15,0.0864258,-0.172852,0.465332,-9.875,137.188,17.25,-0.464183,-0.483966,-0.1372
2922,-6,-2,-16,-108,-113,-37,7,9,0.0864258,-0.172852,0.465332,-9.875,137.188,17.25,-0.464183,-0.483966,-0.1372
2936,4,-5,-19,3,34,20,17,13,0.0585938,-0.23584,0.602539,-6.875,138.188,17.875,-0.458253,-0.436641,-0.155165
2936,7,7,24,98,127,55,-11,8,0.0585938,-0.23584,0.602539,-6.875,138.188,17.875,-0.458253,-0.436641,-0.155165
2944,23,8,25,93,48,4,3,-2,0.0585938,-0.23584,0.602539,-6.875,138.188,17.875,-0.458253,-0.436641,-0.155165
2944,24,1,21,-88,-110,-34,11,10,0.0585938,-0.23584,0.602539,-6.875,138.188,17.875,-0.458253,-0.436641,-0.155165
2959,-7,1,55,-54,-17,-7,-18,-5,-0.0693359,-0.257324,0.682617,6.9375,135.625,23,-0.44956,-0.38854,-0.170013
2959,-1,-22,-63,18,28,2,-32,-7,-0.0693359,-0.257324,0.682617,6.9375,135.625,23,-0.44956,-0.38854,-0.170013
2960,-50,-14,-59,-2,24,-4,-40,-19,-0.0693359,-0.257324,0.682617,6.9375,135.625,23,-0.44956,-0.38854,-0.170013
2960,0,-5,1,-35,-74,-19,42,-2,-0.0693359,-0.257324,0.682617,6.9375,135.625,23,-0.44956,-0.38854,-0.170013
2990,16,-1,-43,-4,13,-14,-8,5,-0.00439453,-0.276367,0.740234,23.125,129.938,29.5625,-0.437224,-0.341483,-0.181024
2990,2,0,61,-26,30,2,1,6,-0.00439453,-0.276367,0.740234,23.125,129.938,29.5625,-0.437224,-0.341483,-0.181024
2990,3,-8,-14,60,34,46,12,-3,-0.00439453,-0.276367,0.740234,23.125,129.938,29.5625,-0.437224,-0.341483,-0.181024
2990,-3,5,26,33,77,4,-2,-3,-0.00439453,-0.276367,0.740234,23.125,129.938,29.5625,-0.437224,-0.341483,-0.181024
2996,-27,-9,-2,68,5,12,17,-19,0.131348,-0.300293,0.783203,16.0625,114.562,34.1875,-0.429294,-0.299504,-0.187358
2996,0,-13,45,-23,-37,-3,22,6,0.131348,-0.300293,0.783203,16.0625,114.562,34.1875,-0.429294,-0.299504,-0.187358
3005,8,-18,-77,-64,-91,-40,55,16,0.131348,-0.300293,0.783203,16.0625,114.562,34.1875,-0.429294,-0.299504,-0.187358
3005,0,-15,-31,-31,32,-6,-60,-8,0.131348,-0.300293,0.783203,16.0625,114.562,34.1875,-0.429294,-0.299504,-0.187358
3027,-43,3,22,-56,-51,-5,13,-17,0.222656,-0.362793,0.76709,18.625,104.5,39.1875,-0.422047,-0.26055,-0.190036
3027,-8,2,28,82,112,10,30,11,0.222656,-0.362793,0.76709,18.625,104.5,39.1875,-0.422047,-0.26055,-0.190036
3028,-15,-6,22,-33,-65,3,-30,-8,0.222656,-0.362793,0.76709,18.625,104.5,39.1875,-0.422047,-0.26055,-0.190036
3028,-13,2,-1,-17,-37,-25,16,-12,0.222656,-0.362793,0.76709,18.625,104.5,39.1875,-0.422047,-0.26055,-0.190036
3042,-3,-10,-34,17,21,40,49,10,0.160156,-0.337402,0.713867,13.8125,96.375,39.5,-0.417431,-0.223698,-0.191115
3042,30,15,20,-69,-48,-12,-7,5,0.160156,-0.337402,0.713867,13.8125,96.375,39.5,-0.417431,-0.223698,-0.191115
3042,22,5,6,-40,-21,-19,-28,16,0.160156,-0.337402,0.713867,13.8125,96.375,39.5,-0.417431,-0.223698,-0.191115
3042,-19,0,5,9,44,-47,21,-2,0.160156,-0.337402,0.713867,13.8125,96.375,39.5,-0.417431,-0.223698,-0.191115
3066,21,-16,-8,33,-23,50,-44,-3,0.152344,-0.332031,0.716797,14.4375,90.875,33.375,-0.412316,-0.189996,-0.193261
3066,-22,-1,-47,12,-54,-7,-15,-27,0.152344,-0.332031,0.716797,14.4375,90.875,33.375,-0.412316,-0.189996,-0.193261
3067,-10,6,49,-13,41,-93,-94,-20,0.152344,-0.332031,0.716797,14.4375,90.875,33.375,-0.412316,-0.189996,-0.193261
3067,15,-1,-47,34,29,82,100,18,0.152344,-0.332031,0.716797,14.4375,90.875,33.375,-0.412316,-0.189996,-0.193261
3095,19,22,75,49,71,46,70,14,0.112793,-0.428223,0.743652,8.1875,78.8125,21.1875,-0.411089,-0.161186,-0.197116
3095,-17,-1,-6,59,41,19,49,16,0.112793,-0.428223,0.743652,8.1875,78.8125,21.1875,-0.411089,-0.161186,-0.197116
3096,20,-6,24,-63,-80,-12,-18,7,0.112793,-0.428223,0.743652,8.1875,78.8125,21.1875,-0.411089,-0.161186,-0.197116
3096,-44,-9,-58,-1,-7,-32,-82,-26,0.112793,-0.428223,0.743652,8.1875,78.8125,21.1875,-0.411089,-0.161186,-0.197116
3102,3,0,-46,-116,-80,-86,-39,2,0.0556641,-0.391602,0.692871,18.0625,71.125,19.4375,-0.406367,-0.134513,-0.200441
3102,6,14,25,21,82,42,-11,1,0.0556641,-0.391602,0.692871,18.0625,71.125,19.4375,-0.406367,-0.134513,-0.200441
3102,40,12,15,101,92,64,53,27,0.0556641,-0.391602,0.692871,18.0625,71.125,19.4375,-0.406367,-0.134513,-0.200441
3102,-18,2,-8,-110,-60,-20,-42,-9,0.0556641,-0.391602,0.692871,18.0625,71.125,19.4375,-0.406367,-0.134513,-0.200441
3116,19,-9,-21,-52,-74,-74,18,-2,0.0668945,-0.378418,0.692871,11.625,72.25,25.3125,-0.403928,-0.107382,-0.202053
3116,-57,-3,-51,-22,20,36,-41,-26,0.0668945,-0.378418,0.692871,11.625,72.25,25.3125,-0.403928,-0.107382,-0.202053
3131,-9,9,94,88,103,13,36,3,0.0668945,-0.378418,0.692871,11.625,72.25,25.3125,-0.403928,-0.107382,-0.202053
3131,33,31,96,25,15,106,33,10,0.0668945,-0.378418,0.692871,11.625,72.25,25.3125,-0.403928,-0.107382,-0.202053
3139,15,-18,-35,-63,-62,-9,-15,12,-0.0654297,-0.270996,0.676758,-1.0625,42.5,24.9375,-0.404074,-0.0871661,-0.199947
3139,3,-24,-42,-67,-128,-61,9,-7,-0.0654297,-0.270996,0.676758,-1.0625,42.5,24.9375,-0.404074,-0.0871661,-0.199947
3139,-11,-31,-54,-52,-48,-36,-38,-18,-0.0654297,-0.270996,0.676758,-1.0625,42.5,24.9375,-0.404074,-0.0871661,-0.199947
3139,27,-7,-15,127,84,18,-22,7,-0.0654297,-0.270996,0.676758,-1.0625,42.5,24.9375,-0.404074,-0.0871661,-0.199947
3170,-5,33,69,-14,-18,-34,19,5,-0.0874023,-0.411621,0.628906,9.0625,43.5,28.75,-0.404316,-0.0659262,-0.196435
3170,-8,6,90,-80,-42,-29,-51,-24,-0.0874023,-0.411621,0.628906,9.0625,43.5,28.75,-0.404316,-0.0659262,-0.196435
3170,-3,-13,-76,-82,-19,-31,4,8,-0.0874023,-0.411621,0.628906,9.0625,43.5,28.75,-0.404316,-0.0659262,-0.196435
3170,20,-43,-103,-27,15,-16,-111,-44,-0.0874023,-0.411621,0.628906,9.0625,43.5,28.75,-0.404316,-0.0659262,-0.196435
3175,55,7,52,127,127,17,63,68,-0.17334,-0.353516,0.709961,-6.0625,37.3125,23.9375,-0.407603,-0.0455555,-0.193786
3175,4,-6,3,-30,-41,24,-28,-1,-0.17334,-0.353516,0.709961,-6.0625,37.3125,23.9375,-0.407603,-0.0455555,-0.193786
3186,-4,17,32,34,-33,17,-10,-9,-0.17334,-0.353516,0.709961,-6.0625,37.3125,23.9375,-0.407603,-0.0455555,-0.193786
3186,1,-1,-15,-71,17,-60,-29,0,-0.17334,-0.353516,0.709961,-6.0625,37.3125,23.9375,-0.407603,-0.0455555,-0.193786
3201,-8,-8,-32,-53,12,53,16,4,-0.0864258,-0.412598,0.743164,-8.625,36.3125,16.9375,-0.412672,-0.0288197,-0.193361
3201,12,-17,-27,8,-33,8,21,-7,-0.0864258,-0.412598,0.743164,-8.625,36.3125,16.9375,-0.412672,-0.0288197,-0.193361
3202,15,-5,-39,-17,23,-43,-7,20,-0.0864258,-0.412598,0.743164,-8.625,36.3125,16.9375,-0.412672,-0.0288197,-0.193361
3202,-37,-4,60,-68,-20,-30,33,-4,-0.0864258,-0.412598,0.743164,-8.625,36.3125,16.9375,-0.412672,-0.0288197,-0.193361
3245,-23,-11,78,89,44,17,-39,-38,-0.195312,-0.352539,0.799316,4.125,33.5,9.0625,-0.411178,-0.0117573,-0.195137
3245,20,-1,-22,47,21,-4,37,35,-0.195312,-0.352539,0.799316,4.125,33.5,9.0625,-0.411178,-0.0117573,-0.195137
3246,-21,-10,-32,-86,-94,-16,-17,-18,-0.195312,-0.352539,0.799316,4.125,33.5,9.0625,-0.411178,-0.0117573,-0.195137
3246,-52,-31,-74,114,80,27,24,-18,-0.195312,-0.352539,0.799316,4.125,33.5,9.0625,-0.411178,-0.0117573,-0.195137
3268,15,18,11,2,-38,-10,-21,3,-0.240723,-0.287109,0.868652,3.5,33.0625,9.5625,-0.40792,0.00591819,-0.196611
3268,-43,-17,-49,-63,-17,-16,-31,-23,-0.240723,-0.287109,0.868652,3.5,33.0625,9.5625,-0.40792,0.00591819,-0.196611
3269,10,23,75,91,85,43,40,6,-0.240723,-0.287109,0.868652,3.5,33.0625,9.5625,-0.40792,0.00591819,-0.196611
3269,26,24,-31,-96,-128,-14,6,19,-0.240723,-0.287109,0.868652,3.5,33.0625,9.5625,-0.40792,0.00591819,-0.196611
3285,-5,-16,-67,-128,-108,-84,-22,-15,-0.0893555,-0.346191,0.879883,-2.0625,34.0625,15.3125,-0.407884,0.0206221,-0.196406
3285,-14,-11,-5,77,48,-28,36,-5,-0.0893555,-0.346191,0.879883,-2.0625,34.0625,15.3125,-0.407884,0.0206221,-0.196406
3286,0,-10,10,66,60,14,-74,-11,-0.0893555,-0.346191,0.879883,-2.0625,34.0625,15.3125,-0.407884,0.0206221,-0.196406
3286,6,12,2,-94,-115,-7,-54,17,-0.0893555,-0.346191,0.879883,-2.0625,34.0625,15.3125,-0.407884,0.0206221,-0.196406
3306,-26,-9,2,127,127,107,40,-38,-0.0571289,-0.40332,0.919922,-13,33.9375,16.25,-0.412394,0.0343301,-0.195925
3306,39,10,31,83,-15,-8,32,39,-0.0571289,-0.40332,0.919922,-13,33.9375,16.25,-0.412394,0.0343301,-0.195925
3307,-25,-8,7,-88,-111,-52,-2,-36,-0.0571289,-0.40332,0.919922,-13,33.9375,16.25,-0.412394,0.0343301,-0.195925
3307,-13,14,36,97,64,-2,20,18,-0.0571289,-0.40332,0.919922,-13,33.9375,16.25,-0.412394,0.0343301,-0.195925
3308,13,3,19,31,25,-12,-15,2,-0.0942383,-0.402832,0.919434,-8.875,34.625,7.3125,-0.415508,0.0476716,-0.198506
3308,-18,-1,13,-83,7,3,-54,-24,-0.0942383,-0.402832,0.919434,-8.875,34.625,7.3125,-0.415508,0.0476716,-0.198506
3312,19,14,-36,92,17,20,36,19,-0.0942383,-0.402832,0.919434,-8.875,34.625,7.3125,-0.415508,0.0476716,-0.198506
3312,6,-10,-66,-93,-109,-52,-19,-19,-0.0942383,-0.402832,0.919434,-8.875,34.625,7.3125,-0.415508,0.0476716,-0.198506
3335,-16,5,40,-69,5,-4,-12,-10,-0.114746,-0.38916,0.925781,-1.8125,33.125,8.6875,-0.415832,0.0606914,-0.200294
3335,4,-1,-41,91,91,13,8,7,-0.114746,-0.38916,0.925781,-1.8125,33.125,8.6875,-0.415832,0.0606914,-0.200294
3336,11,-5,-9,-33,-23,-56,-24,12,-0.114746,-0.38916,0.925781,-1.8125,33.125,8.6875,-0.415832,0.0606914,-0.200294
3336,-4,-2,39,-12,19,62,54,2,-0.114746,-0.38916,0.925781,-1.8125,33.125,8.6875,-0.415832,0.0606914,-0.200294
3350,6,16,18,19,11,-8,-10,12,-0.120117,-0.359863,0.946289,-8.3125,29.4375,15.8125,-0.417287,0.0735535,-0.199373
3350,-1,5,26,-21,-68,-13,-23,5,-0.120117,-0.359863,0.946289,-8.3125,29.4375,15.8125,-0.417287,0.0735535,-0.199373
3366,-15,3,-19,-72,15,-31,-19,-1,-0.120117,-0.359863,0.946289,-8.3125,29.4375,15.8125,-0.417287,0.0735535,-0.199373
3366,20,-4,-19,127,88,41,54,-1,-0.120117,-0.359863,0.946289,-8.3125,29.4375,15.8125,-0.417287,0.0735535,-0.199373
3368,-11,-15,-14,-22,-11,-34,-15,-10,-0.103516,-0.382812,0.95166,-13.3125,28.4375,12.4375,-0.42103,0.0847716,-0.199402
3368,10,5,-4,-94,-30,28,-18,-6,-0.103516,-0.382812,0.95166,-13.3125,28.4375,12.4375,-0.42103,0.0847716,-0.199402
3369,7,1,10,4,34,56,86,5,-0.103516,-0.382812,0.95166,-13.3125,28.4375,12.4375,-0.42103,0.0847716,-0.199402
3369,40,12,74,57,75,10,46,36,-0.103516,-0.382812,0.95166,-13.3125,28.4375,12.4375,-0.42103,0.0847716,-0.199402
3381,-20,-9,-107,72,20,10,-49,2,-0.0693359,-0.388184,0.930664,-6.5,24.875,8.9375,-0.422624,0.0932997,-0.199986
3381,18,13,26,5,40,-35,-10,-20,-0.0693359,-0.388184,0.930664,-6.5,24.875,8.9375,-0.422624,0.0932997,-0.199986
3382,-17,4,19,-108,-128,-49,-4,-5,-0.0693359,-0.388184,0.930664,-6.5,24.875,8.9375,-0.422624,0.0932997,-0.199986
3382,-28,-39,-86,-58,30,-14,-37,-31,-0.0693359,-0.388184,0.930664,-6.5,24.875,8.9375,-0.422624,0.0932997,-0.199986
3403,1,10,48,45,15,-7,3,-3,-0.0849609,-0.361328,0.920898,0.375,15.25,10.5,-0.421194,0.0993551,-0.198702
3403,-24,-8,-38,-54,-37,-6,20,15,-0.0849609,-0.361328,0.920898,0.375,15.25,10.5,-0.421194,0.0993551,-0.198702
3404,6,-7,35,115,71,41,-23,-2,-0.0849609,-0.361328,0.920898,0.375,15.25,10.5,-0.421194,0.0993551,-0.198702
3404,19,9,6,-64,-21,-20,4,0,-0.0849609,-0.361328,0.920898,0.375,15.25,10.5,-0.421194,0.0993551,-0.198702
3432,-32,1,44,-7,-34,-43,-30,-3,-0.0458984,-0.377441,0.912109,0.625,11.25,11.0625,-0.420078,0.103139,-0.196685
3432,-22,-19,-31,-74,-28,1,10,-9,-0.0458984,-0.377441,0.912109,0.625,11.25,11.0625,-0.420078,0.103139,-0.196685
3433,8,11,19,-16,46,-11,8,-6,-0.0458984,-0.377441,0.912109,0.625,11.25,11.0625,-0.420078,0.103139,-0.196685
3433,5,-8,-6,-23,-45,48,9,19,-0.0458984,-0.377441,0.912109,0.625,11.25,11.0625,-0.420078,0.103139,-0.196685
3455,-4,-7,8,61,79,64,20,1,-0.0927734,-0.375488,0.862793,-4.1875,10.125,5.0625,-0.421231,0.106976,-0.196477
3455,27,15,100,78,17,-7,35,14,-0.0927734,-0.375488,0.862793,-4.1875,10.125,5.0625,-0.421231,0.106976,-0.196477
3455,-11,-4,-49,-40,-64,-33,-60,-9,-0.0927734,-0.375488,0.862793,-4.1875,10.125,5.0625,-0.421231,0.106976,-0.196477
3455,-44,-2,59,-64,-2,-45,-24,-13,-0.0927734,-0.375488,0.862793,-4.1875,10.125,5.0625,-0.421231,0.106976,-0.196477
3469,-8,-19,-69,13,-1,8,0,3,-0.0415039,-0.415039,0.849121,-2.5625,1.0625,4.5625,-0.422725,0.106484,-0.195229
3469,26,22,32,16,73,14,-3,3,-0.0415039,-0.415039,0.849121,-2.5625,1.0625,4.5625,-0.422725,0.106484,-0.195229
3470,3,-13,-6,66,17,24,-5,-2,-0.0415039,-0.415039,0.849121,-2.5625,1.0625,4.5625,-0.422725,0.106484,-0.195229
3470,-35,-5,-29,-9,11,-24,13,-16,-0.0415039,-0.415039,0.849121,-2.5625,1.0625,4.5625,-0.422725,0.106484,-0.195229
3485,-10,-9,-54,-124,-88,-19,-30,-11,-0.046875,-0.421387,0.854492,0.4375,-5.625,4.9375,-0.423048,0.104155,-0.192981
3485,18,2,8,41,29,-43,-12,12,-0.046875,-0.421387,0.854492,0.4375,-5.625,4.9375,-0.423048,0.104155,-0.192981
3485,-11,19,27,-16,-51,36,31,-5,-0.046875,-0.421387,0.854492,0.4375,-5.625,4.9375,-0.423048,0.104155,-0.192981
3485,-3,-22,-23,-22,16,7,24,-7,-0.046875,-0.421387,0.854492,0.4375,-5.625,4.9375,-0.423048,0.104155,-0.192981
3499,4,1,10,32,10,-4,9,0,-0.065918,-0.38916,0.848633,-2.625,-7.75,1.875,-0.423999,0.101173,-0.191269
3499,22,2,-69,-25,42,-4,-4,16,-0.065918,-0.38916,0.848633,-2.625,-7.75,1.875,-0.423999,0.101173,-0.191269
3500,7,6,69,88,5,38,5,-4,-0.065918,-0.38916,0.848633,-2.625,-7.75,1.875,-0.423999,0.101173,-0.191269
3500,11,6,20,7,-91,-11,24,19,-0.065918,-0.38916,0.848633,-2.625,-7.75,1.875,-0.423999,0.101173,-0.191269
3521,2,-2,61,-11,40,-80,-45,-29,-0.034668,-0.411133,0.833984,-7.1875,-9.125,-3.625,-0.427135,0.0965421,-0.191096
3521,-41,-10,-36,-59,-115,62,3,-1,-0.034668,-0.411133,0.833984,-7.1875,-9.125,-3.625,-0.427135,0.0965421,-0.191096
3522,-1,-24,-39,-85,81,-28,-36,-6,-0.034668,-0.411133,0.833984,-7.1875,-9.125,-3.625,-0.427135,0.0965421,-0.191096
3522,10,30,111,127,27,20,26,15,-0.034668,-0.411133,0.833984,-7.1875,-9.125,-3.625,-0.427135,0.0965421,-0.191096
3537,-25,-3,-20,-114,-73,7,-17,-7,-0.065918,-0.417969,0.853516,-4.5625,-11.5,-6,-0.429381,0.0915081,-0.191387
3537,31,-2,18,80,68,-25,-25,-4,-0.065918,-0.417969,0.853516,-4.5625,-11.5,-6,-0.429381,0.0915081,-0.191387
3544,-52,13,20,106,41,38,22,-13,-0.065918,-0.417969,0.853516,-4.5625,-11.5,-6,-0.429381,0.0915081,-0.191387
3544,14,-13,-41,-83,-40,-35,-47,1,-0.065918,-0.417969,0.853516,-4.5625,-11.5,-6,-0.429381,0.0915081,-0.191387
3559,38,4,51,-102,-89,-91,4,14,-0.0761719,-0.438965,0.86377,-7.0625,-14.6875,-5.5,-0.432645,0.0858738,-0.191093
3559,-42,-22,-98,-48,86,49,-52,-22,-0.0761719,-0.438965,0.86377,-7.0625,-14.6875,-5.5,-0.432645,0.0858738,-0.191093
3560,27,-3,-7,68,43,74,25,5,-0.0761719,-0.438965,0.86377,-7.0625,-14.6875,-5.5,-0.432645,0.0858738,-0.191093
3560,11,24,68,-42,25,-74,-31,2,-0.0761719,-0.438965,0.86377,-7.0625,-14.6875,-5.5,-0.432645,0.0858738,-0.191093
3581,-1,-2,-10,36,0,14,-11,6,-0.0795898,-0.443848,0.891602,-10.875,-16.1875,-1.9375,-0.436861,0.0803525,-0.189364
3581,0,7,33,-16,-63,69,6,-5,-0.0795898,-0.443848,0.891602,-10.875,-16.1875,-1.9375,-0.436861,0.0803525,-0.189364
3589,37,8,-20,-23,-2,-11,125,30,-0.0795898,-0.443848,0.891602,-10.875,-16.1875,-1.9375,-0.436861,0.0803525,-0.189364
3589,-16,4,25,36,2,27,-9,-8,-0.0795898,-0.443848,0.891602,-10.875,-16.1875,-1.9375,-0.436861,0.0803525,-0.189364
3596,17,-12,-47,-40,-74,-42,-17,14,-0.0610352,-0.437012,0.905762,-8.8125,-14.5625,-5.875,-0.440156,0.0746148,-0.189021
3596,-35,-8,-61,-74,48,-15,-26,-42,-0.0610352,-0.437012,0.905762,-8.8125,-14.5625,-5.875,-0.440156,0.0746148,-0.189021
3604,33,17,63,64,32,14,5,17,-0.0610352,-0.437012,0.905762,-8.8125,-14.5625,-5.875,-0.440156,0.0746148,-0.189021
3604,-18,1,-19,102,10,2,6,-14,-0.0610352,-0.437012,0.905762,-8.8125,-14.5625,-5.875,-0.440156,0.0746148,-0.189021
3619,17,-1,-66,-33,-2,33,40,-4,-0.105957,-0.385254,0.865234,-5.5,-14.5,-9.875,-0.441556,0.0695016,-0.189946
3619,-13,-4,40,8,-34,-37,-15,11,-0.105957,-0.385254,0.865234,-5.5,-14.5,-9.875,-0.441556,0.0695016,-0.189946
3619,31,-14,-38,-94,-76,-36,-48,-14,-0.105957,-0.385254,0.865234,-5.5,-14.5,-9.875,-0.441556,0.0695016,-0.189946
3619,-52,-28,-43,23,74,23,-38,-17,-0.105957,-0.385254,0.865234,-5.5,-14.5,-9.875,-0.441556,0.0695016,-0.189946
3643,44,24,48,51,10,7,14,20,-0.0458984,-0.399902,0.88916,-2.8125,-19.1875,-8.125,-0.442153,0.0619672,-0.189647
3643,-27,-7,-4,-43,-53,-2,-5,-27,-0.0458984,-0.399902,0.88916,-2.8125,-19.1875,-8.125,-0.442153,0.0619672,-0.189647
3643,-21,-7,2,-54,-12,-40,80,2,-0.0458984,-0.399902,0.88916,-2.8125,-19.1875,-8.125,-0.442153,0.0619672,-0.189647
3643,22,13,46,88,24,38,76,11,-0.0458984,-0.399902,0.88916,-2.8125,-19.1875,-8.125,-0.442153,0.0619672,-0.189647
3680,-25,-9,-3,-6,40,9,-1,-12,-0.00439453,-0.423828,0.911133,-7.4375,-18.8125,-8.9375,-0.444417,0.0534719,-0.189579
3680,24,12,27,-21,-87,-62,-45,18,-0.00439453,-0.423828,0.911133,-7.4375,-18.8125,-8.9375,-0.444417,0.0534719,-0.189579
3680,-14,-19,-54,-128,-66,-45,-50,-12,-0.00439453,-0.423828,0.911133,-7.4375,-18.8125,-8.9375,-0.444417,0.0534719,-0.189579
3680,-4,-9,-62,67,109,-15,-44,-7,-0.00439453,-0.423828,0.911133,-7.4375,-18.8125,-8.9375,-0.444417,0.0534719,-0.189579
3693,18,21,18,20,0,124,126,14,-0.0732422,-0.447754,0.895996,-8.8125,-15.75,-12.125,-0.447887,0.0472847,-0.19109
3693,13,-1,32,-59,-81,-43,7,1,-0.0732422,-0.447754,0.895996,-8.8125,-15.75,-12.125,-0.447887,0.0472847,-0.19109
3710,-67,-18,-22,85,112,-10,-50,-19,-0.0732422,-0.447754,0.895996,-8.8125,-15.75,-12.125,-0.447887,0.0472847,-0.19109
3710,19,22,92,-5,-9,-21,-12,3,-0.0732422,-0.447754,0.895996,-8.8125,-15.75,-12.125,-0.447887,0.0472847,-0.19109
3726,5,4,-5,-25,-30,-17,39,2,-0.10498,-0.429688,0.839355,-3.5625,-15.5625,-11.375,-0.449834,0.0423063,-0.192296
3726,25,3,-13,-60,3,-10,-38,15,-0.10498,-0.429688,0.839355,-3.5625,-15.5625,-11.375,-0.449834,0.0423063,-0.192296
3727,-9,-9,-72,38,-47,0,-20,-8,-0.10498,-0.429688,0.839355,-3.5625,-15.5625,-11.375,-0.449834,0.0423063,-0.192296
3727,-3,-26,-23,-111,-115,-24,12,-12,-0.10498,-0.429688,0.839355,-3.5625,-15.5625,-11.375,-0.449834,0.0423063,-0.192296
3728,-13,21,22,39,48,-40,-46,-3,-0.126465,-0.438477,0.850098,-2.0625,-17.875,-3.25,-0.451005,0.0384363,-0.190571
3728,20,-3,31,127,109,70,115,-3,-0.126465,-0.438477,0.850098,-2.0625,-17.875,-3.25,-0.451005,0.0384363,-0.190571
3732,-2,3,8,-3,46,6,24,29,-0.126465,-0.438477,0.850098,-2.0625,-17.875,-3.25,-0.451005,0.0384363,-0.190571
3732,30,17,-5,50,12,81,9,8,-0.126465,-0.438477,0.850098,-2.0625,-17.875,-3.25,-0.451005,0.0384363,-0.190571
3739,-11,-9,-11,-84,-66,-39,-41,-7,-0.09375,-0.436523,0.847168,-7.4375,-16.125,-1.375,-0.453939,0.0346044,-0.188542
3739,-16,1,17,-76,-24,-36,-15,-8,-0.09375,-0.436523,0.847168,-7.4375,-16.125,-1.375,-0.453939,0.0346044,-0.188542
3740,3,-13,-33,66,60,12,68,-5,-0.09375,-0.436523,0.847168,-7.4375,-16.125,-1.375,-0.453939,0.0346044,-0.188542
3740,18,-4,-44,-107,-25,-33,-72,-5,-0.09375,-0.436523,0.847168,-7.4375,-16.125,-1.375,-0.453939,0.0346044,-0.188542
3762,-17,-19,14,70,6,60,75,-2,-0.0585938,-0.438477,0.857422,-7,-9.1875,-5.75,-0.456797,0.031602,-0.188956
3762,-14,29,52,67,63,13,7,24,-0.0585938,-0.438477,0.857422,-7,-9.1875,-5.75,-0.456797,0.031602,-0.188956
3763,0,-6,-46,-23,-39,1,-51,-5,-0.0585938,-0.438477,0.857422,-7,-9.1875,-5.75,-0.456797,0.031602,-0.188956
3763,-8,8,50,-47,-128,-61,-15,3,-0.0585938,-0.438477,0.857422,-7,-9.1875,-5.75,-0.456797,0.031602,-0.188956
3793,-35,-22,-56,-34,88,1,-10,-24,-0.0737305,-0.425781,0.878418,-4.4375,-3.75,-6.375,-0.458273,0.0305103,-0.190398
3793,16,2,18,95,9,6,-9,9,-0.0737305,-0.425781,0.878418,-4.4375,-3.75,-6.375,-0.458273,0.0305103,-0.190398
3793,-12,4,13,-88,-108,-30,-31,-14,-0.0737305,-0.425781,0.878418,-4.4375,-3.75,-6.375,-0.458273,0.0305103,-0.190398
3793,14,6,-1,-24,87,-31,-24,6,-0.0737305,-0.425781,0.878418,-4.4375,-3.75,-6.375,-0.458273,0.0305103,-0.190398
3799,3,-11,0,102,68,46,-5,-9,-0.0571289,-0.433594,0.912598,-4.5625,-2.5625,-1.75,-0.459354,0.0301072,-0.190589
3799,-20,-8,8,19,-15,1,30,-8,-0.0571289,-0.433594,0.912598,-4.5625,-2.5625,-1.75,-0.459354,0.0301072,-0.190589
3799,5,16,49,-101,-76,-74,-68,-5,-0.0571289,-0.433594,0.912598,-4.5625,-2.5625,-1.75,-0.459354,0.0301072,-0.190589
3799,-36,-38,-86,71,56,84,17,-10,-0.0571289,-0.433594,0.912598,-4.5625,-2.5625,-1.75,-0.459354,0.0301072,-0.190589
3830,24,17,42,-27,-96,-27,37,9,-0.0307617,-0.457031,0.934082,-6.625,1.0625,-0.8125,-0.461537,0.0303225,-0.190976
3830,-15,-21,-52,-37,-9,11,-46,-20,-0.0307617,-0.457031,0.934082,-6.625,1.0625,-0.8125,-0.461537,0.0303225,-0.190976
3830,23,20,108,103,76,56,36,15,-0.0307617,-0.457031,0.934082,-6.625,1.0625,-0.8125,-0.461537,0.0303225,-0.190976
3830,-14,-5,-42,-125,-94,-65,-24,-1,-0.0307617,-0.457031,0.934082,-6.625,1.0625,-0.8125,-0.461537,0.0303225,-0.190976
3845,-5,1,-12,-47,-1,9,-2,6,-0.0634766,-0.415039,0.906738,-3,6,-2.8125,-0.461844,0.0325274,-0.192775
3845,7,-12,-90,90,55,-12,-15,-1,-0.0634766,-0.415039,0.906738,-3,6,-2.8125,-0.461844,0.0325274,-0.192775
3846,-3,-10,19,-65,-102,-36,5,-1,-0.0634766,-0.415039,0.906738,-3,6,-2.8125,-0.461844,0.0325274,-0.192775
3846,-13,-10,-27,-49,51,13,0,-23,-0.0634766,-0.415039,0.906738,-3,6,-2.8125,-0.461844,0.0325274,-0.192775
3859,-8,5,33,102,46,-8,-44,4,-0.0629883,-0.415527,0.907227,3.875,5.6875,1.6875,-0.459723,0.0352914,-0.193085
3859,8,4,-8,-56,-46,-13,12,13,-0.0629883,-0.415527,0.907227,3.875,5.6875,1.6875,-0.459723,0.0352914,-0.193085
3860,-10,2,1,-67,48,21,-1,-3,-0.0629883,-0.415527,0.907227,3.875,5.6875,1.6875,-0.459723,0.0352914,-0.193085
3860,3,-8,-8,96,46,-13,25,0,-0.0629883,-0.415527,0.907227,3.875,5.6875,1.6875,-0.459723,0.0352914,-0.193085
3890,15,9,6,-35,13,26,-6,6,-0.0405273,-0.42041,0.90332,2.5625,1.3125,6.5625,-0.458175,0.0367528,-0.191232
3890,-2,4,60,-30,32,1,-13,-4,-0.0405273,-0.42041,0.90332,2.5625,1.3125,6.5625,-0.458175,0.0367528,-0.191232
3891,12,9,-14,49,-10,-12,-31,-16,-0.0405273,-0.42041,0.90332,2.5625,1.3125,6.5625,-0.458175,0.0367528,-0.191232
3891,5,-9,-1,-52,-82,-14,60,15,-0.0405273,-0.42041,0.90332,2.5625,1.3125,6.5625,-0.458175,0.0367528,-0.191232
3905,-10,-7,-54,-67,-32,-19,3,-5,-0.0297852,-0.427246,0.892578,-0.9375,1,6.4375,-0.45821,0.0379341,-0.189368
3905,13,1,6,-50,-66,-30,-36,-10,-0.0297852,-0.427246,0.892578,-0.9375,1,6.4375,-0.45821,0.0379341,-0.189368
3906,12,0,-16,65,102,94,88,16,-0.0297852,-0.427246,0.892578,-0.9375,1,6.4375,-0.45821,0.0379341,-0.189368
3906,9,18,34,0,-12,-31,-5,7,-0.0297852,-0.427246,0.892578,-0.9375,1,6.4375,-0.45821,0.0379341,-0.189368
3935,2,14,97,97,40,24,10,3,-0.0341797,-0.432617,0.856445,-0.875,3.1875,0.875,-0.458698,0.0389906,-0.18951
3935,6,5,-79,-24,-34,-13,2,2,-0.0341797,-0.432617,0.856445,-0.875,3.1875,0.875,-0.458698,0.0389906,-0.18951
3936,6,-19,17,-48,-116,-82,-58,1,-0.0341797,-0.432617,0.856445,-0.875,3.1875,0.875,-0.458698,0.0389906,-0.18951
3936,-33,-3,-21,-83,-90,-5,-4,-1,-0.0341797,-0.432617,0.856445,-0.875,3.1875,0.875,-0.458698,0.0389906,-0.18951
3950,-26,-16,-69,66,95,14,-31,-19,-0.0517578,-0.431152,0.838379,3,3,-1.0625,-0.457971,0.0401184,-0.190377
3950,23,14,3,39,-8,0,41,17,-0.0517578,-0.431152,0.838379,3,3,-1.0625,-0.457971,0.0401184,-0.190377
3950,-10,4,-8,-62,-47,-4,-24,-5,-0.0517578,-0.431152,0.838379,3,3,-1.0625,-0.457971,0.0401184,-0.190377
3950,14,-8,-5,27,65,16,-24,-2,-0.0517578,-0.431152,0.838379,3,3,-1.0625,-0.457971,0.0401184,-0.190377
3966,10,2,-1,-55,-57,-33,-21,4,-0.0600586,-0.459473,0.854004,0.3125,0.3125,3,-0.458671,0.041254,-0.189538
3966,-16,-15,-5,-63,-48,-54,13,-8,-0.0600586,-0.459473,0.854004,0.3125,0.3125,3,-0.458671,0.041254,-0.189538
3966,2,3,-7,0,34,67,16,0,-0.0600586,-0.459473,0.854004,0.3125,0.3125,3,-0.458671,0.041254,-0.189538
3966,8,5,2,78,64,51,23,-4,-0.0600586,-0.459473,0.854004,0.3125,0.3125,3,-0.458671,0.041254,-0.189538
3987,7,-3,3,23,-17,-38,-67,-2,-0.0615234,-0.464355,0.865723,-2.5,2.4375,1.8125,-0.460324,0.0427879,-0.18934
3987,10,20,54,37,24,65,-22,14,-0.0615234,-0.464355,0.865723,-2.5,2.4375,1.8125,-0.460324,0.0427879,-0.18934
3987,-23,-24,-24,-11,-12,6,28,-19,-0.0615234,-0.464355,0.865723,-2.5,2.4375,1.8125,-0.460324,0.0427879,-0.18934
3987,18,14,18,-33,-55,-19,-4,6,-0.0615234,-0.464355,0.865723,-2.5,2.4375,1.8125,-0.460324,0.0427879,-0.18934
4002,-10,-6,43,42,21,-23,-20,-5,-0.0751953,-0.444824,0.837891,-2.25,5.0625,-1.4375,-0.461733,0.0449075,-0.190538
4002,7,-7,-35,-12,43,21,38,1,-0.0751953,-0.444824,0.837891,-2.25,5.0625,-1.4375,-0.461733,0.0449075,-0.190538
4002,-22,0,50,-18,-12,-40,-44,-11,-0.0751953,-0.444824,0.837891,-2.25,5.0625,-1.4375,-0.461733,0.0449075,-0.190538
4002,4,-9,-4,-80,-77,-21,-14,4,-0.0751953,-0.444824,0.837891,-2.25,5.0625,-1.4375,-0.461733,0.0449075,-0.190538
4024,-5,5,50,74,87,36,5,-4,-0.0688477,-0.42627,0.844727,-0.75,3.0625,1.5,-0.462171,0.0467401,-0.190613
4024,8,5,17,2,-48,-32,7,7,-0.0688477,-0.42627,0.844727,-0.75,3.0625,1.5,-0.462171,0.0467401,-0.190613
4025,-4,-4,-9,-68,-5,-9,-13,-1,-0.0688477,-0.42627,0.844727,-0.75,3.0625,1.5,-0.462171,0.0467401,-0.190613
4025,1,6,41,127,116,31,26,1,-0.0688477,-0.42627,0.844727,-0.75,3.0625,1.5,-0.462171,0.0467401,-0.190613
4040,2,9,-18,-19,-25,-20,18,5,-0.0537109,-0.430664,0.875,-3.875,3.125,2.9375,-0.463319,0.0483771,-0.190173
4040,-15,-36,-56,-83,-40,-40,-51,-15,-0.0537109,-0.430664,0.875,-3.875,3.125,2.9375,-0.463319,0.0483771,-0.190173
4040,7,26,47,127,127,29,39,0,-0.0537109,-0.430664,0.875,-3.875,3.125,2.9375,-0.463319,0.0483771,-0.190173
4040,9,2,-10,-69,-128,-27,-90,1,-0.0537109,-0.430664,0.875,-3.875,3.125,2.9375,-0.463319,0.0483771,-0.190173
4062,-10,-22,-64,-89,93,47,65,7,-0.0292969,-0.441406,0.904785,-5.375,6.125,0.125,-0.464881,0.0497851,-0.191083
4062,2,14,75,127,111,29,36,10,-0.0292969,-0.441406,0.904785,-5.375,6.125,0.125,-0.464881,0.0497851,-0.191083
4062,7,-3,-16,-99,-115,-29,-47,-11,-0.0292969,-0.441406,0.904785,-5.375,6.125,0.125,-0.464881,0.0497851,-0.191083
4062,-17,-6,11,-17,28,5,-37,-15,-0.0292969,-0.441406,0.904785,-5.375,6.125,0.125,-0.464881,0.0497851,-0.191083
4084,9,8,-27,42,-8,-2,6,11,-0.0292969,-0.42041,0.894043,-4.5,6.625,-1.6875,-0.465842,0.0511119,-0.192579
4084,-17,-9,17,-65,-56,-43,-82,-23,-0.0292969,-0.42041,0.894043,-4.5,6.625,-1.6875,-0.465842,0.0511119,-0.192579
4085,0,-6,-32,113,95,35,62,19,-0.0292969,-0.42041,0.894043,-4.5,6.625,-1.6875,-0.465842,0.0511119,-0.192579
4085,7,-3,12,-31,-46,-22,43,7,-0.0292969,-0.42041,0.894043,-4.5,6.625,-1.6875,-0.465842,0.0511119,-0.192579
4099,-26,11,-2,-128,-115,-25,-35,-29,-0.102539,-0.434082,0.893555,-0.875,5.6875,2.4375,-0.465808,0.0543616,-0.192728
4099,-11,-46,-58,66,120,50,3,-3,-0.102539,-0.434082,0.893555,-0.875,5.6875,2.4375,-0.465808,0.0543616,-0.192728
4099,20,18,8,24,-34,-36,-54,13,-0.102539,-0.434082,0.893555,-0.875,5.6875,2.4375,-0.465808,0.0543616,-0.192728
4099,-10,0,-1,-63,-46,-2,-1,-4,-0.102539,-0.434082,0.893555,-0.875,5.6875,2.4375,-0.465808,0.0543616,-0.192728
4122,-15,-15,-34,44,-50,-55,-59,-12,-0.0615234,-0.435547,0.919922,1.125,7.3125,4.875,-0.46486,0.0575722,-0.192315
4122,3,25,33,-9,39,70,64,8,-0.0615234,-0.435547,0.919922,1.125,7.3125,4.875,-0.46486,0.0575722,-0.192315
4122,-4,-20,-12,8,-24,7,-19,-22,-0.0615234,-0.435547,0.919922,1.125,7.3125,4.875,-0.46486,0.0575722,-0.192315
4122,17,8,-1,108,127,18,2,19,-0.0615234,-0.435547,0.919922,1.125,7.3125,4.875,-0.46486,0.0575722,-0.192315
4145,15,3,37,41,2,2,-68,2,-0.0541992,-0.459473,0.910156,-1.4375,6.8125,4.75,-0.465362,0.060282,-0.191854
4145,-11,10,-2,-92,-89,-77,6,-15,-0.0541992,-0.459473,0.910156,-1.4375,6.8125,4.75,-0.465362,0.060282,-0.191854
4146,-2,-7,34,68,98,12,-4,7,-0.0541992,-0.459473,0.910156,-1.4375,6.8125,4.75,-0.465362,0.060282,-0.191854
4146,7,20,-45,43,48,29,31,-3,-0.0541992,-0.459473,0.910156,-1.4375,6.8125,4.75,-0.465362,0.060282,-0.191854
4159,9,-9,-28,-97,-88,-42,-21,0,-0.0654297,-0.39502,0.847656,1.375,1.3125,2.5625,-0.464185,0.0612831,-0.191279
4159,5,7,61,52,37,10,3,2,-0.0654297,-0.39502,0.847656,1.375,1.3125,2.5625,-0.464185,0.0612831,-0.191279
4159,-3,-24,-110,-128,-128,-36,-6,4,-0.0654297,-0.39502,0.847656,1.375,1.3125,2.5625,-0.464185,0.0612831,-0.191279
4159,-15,-9,7,-55,-18,-96,-30,-13,-0.0654297,-0.39502,0.847656,1.375,1.3125,2.5625,-0.464185,0.0612831,-0.191279
4182,8,8,39,112,88,65,-16,1,-0.0644531,-0.414551,0.856445,2.5,-1.6875,2.375,-0.462993,0.0612616,-0.190203
4182,-4,-6,-33,-40,-39,76,108,7,-0.0644531,-0.414551,0.856445,2.5,-1.6875,2.375,-0.462993,0.0612616,-0.190203
4182,-2,13,54,98,78,15,-54,-9,-0.0644531,-0.414551,0.856445,2.5,-1.6875,2.375,-0.462993,0.0612616,-0.190203
4182,-2,0,9,-17,-17,2,-2,-5,-0.0644531,-0.414551,0.856445,2.5,-1.6875,2.375,-0.462993,0.0612616,-0.190203
4205,3,-12,-51,-107,-81,-62,7,2,-0.0273438,-0.426758,0.862793,-0.625,-2.4375,-1.8125,-0.463073,0.0594435,-0.190405
4205,-7,3,26,6,51,12,-63,-9,-0.0273438,-0.426758,0.862793,-0.625,-2.4375,-1.8125,-0.463073,0.0594435,-0.190405
4205,11,8,-28,87,96,-4,30,11,-0.0273438,-0.426758,0.862793,-0.625,-2.4375,-1.8125,-0.463073,0.0594435,-0.190405
4205,5,2,12,5,-36,74,47,9,-0.0273438,-0.426758,0.862793,-0.625,-2.4375,-1.8125,-0.463073,0.0594435,-0.190405
4244,-8,-4,-30,-115,-31,-7,9,-7,-0.0341797,-0.470215,0.859375,-2.875,-4.125,-4.6875,-0.465003,0.0569218,-0.191288
4244,2,0,21,6,-117,-78,-36,-1,-0.0341797,-0.470215,0.859375,-2.875,-4.125,-4.6875,-0.465003,0.0569218,-0.191288
4244,-12,-8,-39,-87,-56,-14,20,-11,-0.0341797,-0.470215,0.859375,-2.875,-4.125,-4.6875,-0.465003,0.0569218,-0.191288
4244,14,-7,25,121,115,55,0,11,-0.0341797,-0.470215,0.859375,-2.875,-4.125,-4.6875,-0.465003,0.0569218,-0.191288
4246,-10,-1,1,-23,-58,-7,40,0,-0.050293,-0.447266,0.848145,0.875,-2.1875,-2.5,-0.465148,0.0558084,-0.191655
4246,10,-1,21,-78,-2,32,33,10,-0.050293,-0.447266,0.848145,0.875,-2.1875,-2.5,-0.465148,0.0558084,-0.191655
4249,0,19,25,21,-76,-79,-51,1,-0.050293,-0.447266,0.848145,0.875,-2.1875,-2.5,-0.465148,0.0558084,-0.191655
4249,-9,-25,-46,-6,-10,37,57,-4,-0.050293,-0.447266,0.848145,0.875,-2.1875,-2.5,-0.465148,0.0558084,-0.191655
4264,-11,-5,21,56,10,13,-68,-11,-0.0693359,-0.441406,0.838867,-2.5,-3.4375,-2,-0.466464,0.0548859,-0.191883
4264,4,9,32,58,94,33,63,13,-0.0693359,-0.441406,0.838867,-2.5,-3.4375,-2,-0.466464,0.0548859,-0.191883
4265,-6,-7,-28,-107,-100,-4,-7,-11,-0.0693359,-0.441406,0.838867,-2.5,-3.4375,-2,-0.466464,0.0548859,-0.191883
4265,2,17,17,-40,26,-26,-14,-3,-0.0693359,-0.441406,0.838867,-2.5,-3.4375,-2,-0.466464,0.0548859,-0.191883
4280,5,2,56,74,108,25,35,11,-0.0205078,-0.46582,0.853027,-2.9375,-5.1875,-3.75,-0.468189,0.0519827,-0.192274
4280,2,6,-8,23,-61,-46,-9,-5,-0.0205078,-0.46582,0.853027,-2.9375,-5.1875,-3.75,-0.468189,0.0519827,-0.192274
4280,-3,-13,-51,-128,-57,0,8,6,-0.0205078,-0.46582,0.853027,-2.9375,-5.1875,-3.75,-0.468189,0.0519827,-0.192274
4280,-9,-8,-10,77,71,20,-11,-5,-0.0205078,-0.46582,0.853027,-2.9375,-5.1875,-3.75,-0.468189,0.0519827,-0.192274
4302,15,6,17,68,2,-7,56,4,-0.0507812,-0.436523,0.868652,-2.75,-3.625,-5,-0.469181,0.0500286,-0.193242
4302,9,6,-33,-77,-80,-48,-61,-1,-0.0507812,-0.436523,0.868652,-2.75,-3.625,-5,-0.469181,0.0500286,-0.193242
4302,-36,-7,20,-13,86,26,87,-2,-0.0507812,-0.436523,0.868652,-2.75,-3.625,-5,-0.469181,0.0500286,-0.193242
4302,14,17,24,43,22,62,-34,4,-0.0507812,-0.436523,0.868652,-2.75,-3.625,-5,-0.469181,0.0500286,-0.193242
4332,-5,-8,-37,-103,-71,-41,13,3,-0.0385742,-0.426758,0.872559,-4.4375,-2,-6,-0.470318,0.0482942,-0.194762
4332,-10,1,-12,42,82,10,-6,-15,-0.0385742,-0.426758,0.872559,-4.4375,-2,-6,-0.470318,0.0482942,-0.194762
4333,27,2,30,-34,-36,8,-2,20,-0.0385742,-0.426758,0.872559,-4.4375,-2,-6,-0.470318,0.0482942,-0.194762
4333,-9,3,-22,-77,-15,-75,-27,-9,-0.0385742,-0.426758,0.872559,-4.4375,-2,-6,-0.470318,0.0482942,-0.194762
4339,-5,10,36,40,47,65,0,-5,-0.0449219,-0.431641,0.866211,-2,-2.75,-6.3125,-0.470965,0.0464951,-0.196251
4339,10,-11,-24,19,-19,11,52,11,-0.0449219,-0.431641,0.866211,-2,-2.75,-6.3125,-0.470965,0.0464951,-0.196251
4355,-3,2,32,-18,-24,-43,-71,-16,-0.0449219,-0.431641,0.866211,-2,-2.75,-6.3125,-0.470965,0.0464951,-0.196251
4355,-1,-10,-36,-8,-4,38,5,-3,-0.0449219,-0.431641,0.866211,-2,-2.75,-6.3125,-0.470965,0.0464951,-0.196251
4371,7,-2,-14,-86,-126,-110,-120,8,-0.0576172,-0.449707,0.871582,-2.3125,-3.8125,-4.3125,-0.471853,0.0449882,-0.196938
4371,-5,-5,6,44,101,79,56,4,-0.0576172,-0.449707,0.871582,-2.3125,-3.8125,-4.3125,-0.471853,0.0449882,-0.196938
4373,16,18,22,76,66,27,42,16,-0.0576172,-0.449707,0.871582,-2.3125,-3.8125,-4.3125,-0.471853,0.0449882,-0.196938
4373,-14,-5,-6,-48,-98,-66,-17,-23,-0.0576172,-0.449707,0.871582,-2.3125,-3.8125,-4.3125,-0.471853,0.0449882,-0.196938
4385,-16,-2,22,0,49,28,-9,-15,-0.0537109,-0.450195,0.880371,-3.4375,-2.8125,-5.875,-0.473153,0.043391,-0.19838
4385,10,-5,-29,12,-65,-28,-44,7,-0.0537109,-0.450195,0.880371,-3.4375,-2.8125,-5.875,-0.473153,0.043391,-0.19838
4385,-5,2,-29,3,5,6,5,0,-0.0537109,-0.450195,0.880371,-3.4375,-2.8125,-5.875,-0.473153,0.043391,-0.19838
4385,-5,-11,-53,-42,-15,-43,18,0,-0.0537109,-0.450195,0.880371,-3.4375,-2.8125,-5.875,-0.473153,0.043391,-0.19838
4399,3,-4,-14,-54,5,21,8,0,-0.0332031,-0.433594,0.868652,2.8125,-1.25,-5.0625,-0.471928,0.0420664,-0.19964
4399,2,4,-16,91,-57,-36,-27,1,-0.0332031,-0.433594,0.868652,2.8125,-1.25,-5.0625,-0.471928,0.0420664,-0.19964
4407,6,6,-9,39,127,45,11,-1,-0.0332031,-0.433594,0.868652,2.8125,-1.25,-5.0625,-0.471928,0.0420664,-0.19964
4407,-4,-2,13,-81,-79,-27,0,-3,-0.0332031,-0.433594,0.868652,2.8125,-1.25,-5.0625,-0.471928,0.0420664,-0.19964
4422,4,17,4,49,30,-76,-8,6,-0.0512695,-0.427734,0.879883,4.0625,-2.5625,-0.375,-0.470107,0.0415354,-0.199433
4422,-5,-8,3,-19,54,89,-59,-4,-0.0512695,-0.427734,0.879883,4.0625,-2.5625,-0.375,-0.470107,0.0415354,-0.199433
4422,3,-5,-16,13,-62,29,37,11,-0.0512695,-0.427734,0.879883,4.0625,-2.5625,-0.375,-0.470107,0.0415354,-0.199433
4422,11,16,20,13,17,-45,-76,8,-0.0512695,-0.427734,0.879883,4.0625,-2.5625,-0.375,-0.470107,0.0415354,-0.199433
4445,3,3,13,30,39,36,57,6,-0.0561523,-0.460449,0.882324,-3.0625,-1.625,0.125,-0.471312,0.0413734,-0.199061
4445,-1,-9,16,-86,-94,-89,-8,-5,-0.0561523,-0.460449,0.882324,-3.0625,-1.625,0.125,-0.471312,0.0413734,-0.199061
4446,-18,-8,-25,-65,81,44,-51,-20,-0.0561523,-0.460449,0.882324,-3.0625,-1.625,0.125,-0.471312,0.0413734,-0.199061
4446,23,12,80,101,115,52,8,21,-0.0561523,-0.460449,0.882324,-3.0625,-1.625,0.125,-0.471312,0.0413734,-0.199061
4459,0,-11,-18,49,-13,3,5,-1,-0.0610352,-0.444824,0.875977,-0.8125,1.9375,-3.9375,-0.471704,0.0418636,-0.200592
4459,-19,4,14,24,43,13,21,-3,-0.0610352,-0.444824,0.875977,-0.8125,1.9375,-3.9375,-0.471704,0.0418636,-0.200592
4474,0,-1,-5,-71,-107,-29,0,-4,-0.0610352,-0.444824,0.875977,-0.8125,1.9375,-3.9375,-0.471704,0.0418636,-0.200592
4474,-15,4,-26,-21,7,-9,27,-6,-0.0610352,-0.444824,0.875977,-0.8125,1.9375,-3.9375,-0.471704,0.0418636,-0.200592
4481,13,-10,-64,28,13,-5,-11,6,-0.0507812,-0.433105,0.879883,2.4375,3.9375,-2.75,-0.470487,0.042895,-0.202046
4481,-8,-12,-36,-48,26,0,1,-13,-0.0507812,-0.433105,0.879883,2.4375,3.9375,-2.75,-0.470487,0.042895,-0.202046
4482,2,10,9,61,41,18,12,4,-0.0507812,-0.433105,0.879883,2.4375,3.9375,-2.75,-0.470487,0.042895,-0.202046
4482,5,2,-2,42,18,-12,11,8,-0.0507812,-0.433105,0.879883,2.4375,3.9375,-2.75,-0.470487,0.042895,-0.202046
4504,-10,0,26,-87,-71,35,5,-12,-0.0522461,-0.472168,0.870117,-1,1.75,0.0625,-0.471464,0.043604,-0.20239
4504,9,-1,-20,24,25,-13,-44,11,-0.0522461,-0.472168,0.870117,-1,1.75,0.0625,-0.471464,0.043604,-0.20239
4511,2,4,9,16,-12,-22,89,10,-0.0522461,-0.472168,0.870117,-1,1.75,0.0625,-0.471464,0.043604,-0.20239
4511,-11,-15,-22,-43,-98,-23,4,-18,-0.0522461,-0.472168,0.870117,-1,1.75,0.0625,-0.471464,0.043604,-0.20239
4519,5,4,24,37,118,32,-68,0,-0.0810547,-0.478027,0.867188,-1.5,1.4375,0.25,-0.472753,0.0450784,-0.202551
4519,8,-3,2,1,-12,-5,51,15,-0.0810547,-0.478027,0.867188,-1.5,1.4375,0.25,-0.472753,0.0450784,-0.202551
4543,1,-5,-1,47,21,49,-17,-10,-0.0810547,-0.478027,0.867188,-1.5,1.4375,0.25,-0.472753,0.0450784,-0.202551
4543,8,0,26,-5,-11,-1,4,8,-0.0810547,-0.478027,0.867188,-1.5,1.4375,0.25,-0.472753,0.0450784,-0.202551
4544,-16,-19,-31,-128,-128,-88,-15,-15,-0.065918,-0.431641,0.865234,0.125,2.25,-0.5,-0.472523,0.0462384,-0.203074
4544,-23,-3,-3,78,116,13,-15,-19,-0.065918,-0.431641,0.865234,0.125,2.25,-0.5,-0.472523,0.0462384,-0.203074
4545,14,17,54,127,68,13,-21,13,-0.065918,-0.431641,0.865234,0.125,2.25,-0.5,-0.472523,0.0462384,-0.203074
4545,-14,-17,-21,-89,-98,-31,-11,-11,-0.065918,-0.431641,0.865234,0.125,2.25,-0.5,-0.472523,0.0462384,-0.203074
4565,-4,0,1,20,20,19,-1,-4,-0.0800781,-0.421875,0.855957,0.8125,3.5625,-0.6875,-0.471871,0.048041,-0.203735
4565,8,8,11,10,87,29,8,2,-0.0800781,-0.421875,0.855957,0.8125,3.5625,-0.6875,-0.471871,0.048041,-0.203735
4565,1,-12,-8,-109,-102,-58,-26,-2,-0.0800781,-0.421875,0.855957,0.8125,3.5625,-0.6875,-0.471871,0.048041,-0.203735
4565,-10,-5,5,61,86,11,41,0,-0.0800781,-0.421875,0.855957,0.8125,3.5625,-0.6875,-0.471871,0.048041,-0.203735
4579,-2,9,17,33,-24,-29,15,-8,-0.0610352,-0.436523,0.874023,1.3125,2,1.1875,-0.47124,0.0492356,-0.20374
4579,-1,-2,5,-84,-76,41,6,-14,-0.0610352,-0.436523,0.874023,1.3125,2,1.1875,-0.47124,0.0492356,-0.20374
4587,-2,-1,28,33,59,-17,-6,-4,-0.0610352,-0.436523,0.874023,1.3125,2,1.1875,-0.47124,0.0492356,-0.20374
4587,20,-3,-18,14,4,37,12,11,-0.0610352,-0.436523,0.874023,1.3125,2,1.1875,-0.47124,0.0492356,-0.20374
4610,-2,3,11,-50,11,-66,-56,-1,-0.0473633,-0.470215,0.88916,-2.25,3.3125,1.5,-0.472381,0.0503717,-0.203822
4610,-13,-10,-21,86,-24,50,51,-11,-0.0473633,-0.470215,0.88916,-2.25,3.3125,1.5,-0.472381,0.0503717,-0.203822
4610,1,-11,-74,-115,-23,-9,-30,-6,-0.0473633,-0.470215,0.88916,-2.25,3.3125,1.5,-0.472381,0.0503717,-0.203822
4610,2,14,51,112,68,0,7,4,-0.0473633,-0.470215,0.88916,-2.25,3.3125,1.5,-0.472381,0.0503717,-0.203822
4625,15,4,41,41,-15,26,26,9,-0.0595703,-0.443848,0.874023,0.0625,3.3125,0.8125,-0.472284,0.0517233,-0.204019
4625,-4,4,32,-86,-9,-51,-42,-3,-0.0595703,-0.443848,0.874023,0.0625,3.3125,0.8125,-0.472284,0.0517233,-0.204019
4625,-4,-6,13,84,35,27,4,1,-0.0595703,-0.443848,0.874023,0.0625,3.3125,0.8125,-0.472284,0.0517233,-0.204019
4625,-8,-12,-67,-75,0,1,5,3,-0.0595703,-0.443848,0.874023,0.0625,3.3125,0.8125,-0.472284,0.0517233,-0.204019
4648,-1,2,-2,15,35,21,23,-2,-0.0517578,-0.418945,0.86377,4.25,1.4375,2.125,-0.470347,0.0526325,-0.203638
4648,5,6,-8,-22,-72,-33,-31,0,-0.0517578,-0.418945,0.86377,4.25,1.4375,2.125,-0.470347,0.0526325,-0.203638
4649,-9,-17,7,-71,-98,-43,26,-1,-0.0517578,-0.418945,0.86377,4.25,1.4375,2.125,-0.470347,0.0526325,-0.203638
4649,-17,1,-6,-16,53,-75,-20,-17,-0.0517578,-0.418945,0.86377,4.25,1.4375,2.125,-0.470347,0.0526325,-0.203638
4662,7,-2,-15,90,57,122,1,6,-0.0649414,-0.422363,0.871094,1.0625,1.8125,1.5,-0.469453,0.0537934,-0.20337
4662,-6,-10,-9,-56,-65,-69,69,2,-0.0649414,-0.422363,0.871094,1.0625,1.8125,1.5,-0.469453,0.0537934,-0.20337
4662,-2,9,26,34,5,5,-30,-11,-0.0649414,-0.422363,0.871094,1.0625,1.8125,1.5,-0.469453,0.0537934,-0.20337
4662,-8,-17,-37,-86,-90,-46,-31,2,-0.0649414,-0.422363,0.871094,1.0625,1.8125,1.5,-0.469453,0.0537934,-0.20337
4692,11,5,-20,-76,-3,30,53,4,-0.0698242,-0.450195,0.879395,-2.25,2.0625,0,-0.470334,0.0547502,-0.203773
4692,10,26,35,127,114,33,19,7,-0.0698242,-0.450195,0.879395,-2.25,2.0625,0,-0.470334,0.0547502,-0.203773
4693,-9,-8,-17,-96,-63,-40,-36,-10,-0.0698242,-0.450195,0.879395,-2.25,2.0625,0,-0.470334,0.0547502,-0.203773
4693,-3,9,74,35,30,34,-10,-1,-0.0698242,-0.450195,0.879395,-2.25,2.0625,0,-0.470334,0.0547502,-0.203773
4709,-2,-5,-80,127,109,-6,11,1,-0.059082,-0.45752,0.860352,3,3.3125,-1.75,-0.46986,0.0556758,-0.204855
4709,10,9,19,-47,-40,4,-13,0,-0.059082,-0.45752,0.860352,3,3.3125,-1.75,-0.46986,0.0556758,-0.204855
4709,-2,-3,10,-23,-40,-41,-4,0,-0.059082,-0.45752,0.860352,3,3.3125,-1.75,-0.46986,0.0556758,-0.204855
4709,-8,-12,11,-56,-51,25,-30,-12,-0.059082,-0.45752,0.860352,3,3.3125,-1.75,-0.46986,0.0556758,-0.204855
4722,-17,-4,20,-43,-35,-7,-6,-1,-0.0668945,-0.435547,0.852539,3.875,-1.25,2.75,-0.468446,0.0560704,-0.203737
4722,-10,-8,-19,-18,-13,-17,-26,-9,-0.0668945,-0.435547,0.852539,3.875,-1.25,2.75,-0.468446,0.0560704,-0.203737
4722,6,-1,-27,-51,-11,-24,-10,4,-0.0668945,-0.435547,0.852539,3.875,-1.25,2.75,-0.468446,0.0560704,-0.203737
4722,3,4,25,43,27,63,0,6,-0.0668945,-0.435547,0.852539,3.875,-1.25,2.75,-0.468446,0.0560704,-0.203737
4744,-9,-5,15,13,-16,-48,69,-5,-0.0576172,-0.445312,0.858887,1.5625,1.625,3.5,-0.468013,0.057173,-0.202969
4744,-2,-7,-21,-89,-28,2,-46,-11,-0.0576172,-0.445312,0.858887,1.5625,1.625,3.5,-0.468013,0.057173,-0.202969
4745,13,7,50,127,120,39,59,20,-0.0576172,-0.445312,0.858887,1.5625,1.625,3.5,-0.468013,0.057173,-0.202969
4745,14,15,3,40,40,50,21,13,-0.0576172,-0.445312,0.858887,1.5625,1.625,3.5,-0.468013,0.057173,-0.202969
4768,-6,-2,-4,-103,-80,-49,-45,-6,-0.0703125,-0.441895,0.871094,-1.1875,3.5625,0.375,-0.468585,0.0586716,-0.203364
4768,2,-6,-8,91,18,3,2,6,-0.0703125,-0.441895,0.871094,-1.1875,3.5625,0.375,-0.468585,0.0586716,-0.203364
4768,16,13,9,-50,-31,-18,-19,-2,-0.0703125,-0.441895,0.871094,-1.1875,3.5625,0.375,-0.468585,0.0586716,-0.203364
4768,-17,-16,15,70,12,-4,18,-3,-0.0703125,-0.441895,0.871094,-1.1875,3.5625,0.375,-0.468585,0.0586716,-0.203364
4782,-1,-6,-13,15,-21,-8,-9,2,-0.0512695,-0.447266,0.853027,2.75,4.25,-1.875,-0.467994,0.0595537,-0.20468
4782,-2,-7,-36,-118,-52,-36,-21,-9,-0.0512695,-0.447266,0.853027,2.75,4.25,-1.875,-0.467994,0.0595537,-0.20468
4782,-11,-5,-16,95,29,56,-2,-5,-0.0512695,-0.447266,0.853027,2.75,4.25,-1.875,-0.467994,0.0595537,-0.20468
4782,2,2,-17,-127,-94,-49,1,-4,-0.0512695,-0.447266,0.853027,2.75,4.25,-1.875,-0.467994,0.0595537,-0.20468
4805,1,-5,10,60,90,-16,-42,-8,-0.0571289,-0.446777,0.864746,1.375,0.75,1,-0.467647,0.0598865,-0.204491
4805,-1,6,14,27,12,27,49,6,-0.0571289,-0.446777,0.864746,1.375,0.75,1,-0.467647,0.0598865,-0.204491
4805,-5,-4,0,6,39,-18,-23,-9,-0.0571289,-0.446777,0.864746,1.375,0.75,1,-0.467647,0.0598865,-0.204491
4805,1,-5,-23,5,-54,-42,-16,-7,-0.0571289,-0.446777,0.864746,1.375,0.75,1,-0.467647,0.0598865,-0.204491
4828,3,6,13,-64,-24,-46,-39,3,-0.0546875,-0.462402,0.87793,-1.9375,0.125,1.125,-0.468773,0.0599739,-0.204194
4828,0,15,37,33,66,74,33,-5,-0.0546875,-0.462402,0.87793,-1.9375,0.125,1.125,-0.468773,0.0599739,-0.204194
4828,-2,-14,-27,-32,16,-7,36,2,-0.0546875,-0.462402,0.87793,-1.9375,0.125,1.125,-0.468773,0.0599739,-0.204194
4828,-5,0,33,77,62,51,15,-5,-0.0546875,-0.462402,0.87793,-1.9375,0.125,1.125,-0.468773,0.0599739,-0.204194
4850,10,6,30,-47,-101,-18,-1,13,-0.0512695,-0.444336,0.883789,-1.375,1.5625,-2.375,-0.469212,0.0599751,-0.205105
4850,0,-3,-39,-1,50,-41,-11,1,-0.0512695,-0.444336,0.883789,-1.375,1.5625,-2.375,-0.469212,0.0599751,-0.205105
4850,-2,6,17,68,61,55,-11,-1,-0.0512695,-0.444336,0.883789,-1.375,1.5625,-2.375,-0.469212,0.0599751,-0.205105
4850,14,15,5,-13,-58,-24,6,9,-0.0512695,-0.444336,0.883789,-1.375,1.5625,-2.375,-0.469212,0.0599751,-0.205105
4865,-2,4,-7,-36,-26,25,20,-8,-0.0488281,-0.429688,0.881348,0.1875,-0.75,-1.1875,-0.468763,0.0593058,-0.205418
4865,-15,-20,-28,-128,-128,-37,-17,-1,-0.0488281,-0.429688,0.881348,0.1875,-0.75,-1.1875,-0.468763,0.0593058,-0.205418
4865,-6,-3,-7,43,41,-20,-15,-10,-0.0488281,-0.429688,0.881348,0.1875,-0.75,-1.1875,-0.468763,0.0593058,-0.205418
4865,17,10,48,6,-12,3,-5,11,-0.0488281,-0.429688,0.881348,0.1875,-0.75,-1.1875,-0.468763,0.0593058,-0.205418
4888,-16,-12,-67,-87,-64,15,13,-9,-0.0302734,-0.429688,0.871094,4.4375,-1.8125,2.6875,-0.466858,0.0585074,-0.204244
4888,11,12,29,91,56,-51,-77,5,-0.0302734,-0.429688,0.871094,4.4375,-1.8125,2.6875,-0.466858,0.0585074,-0.204244
4888,-11,-23,-32,-47,-10,58,74,-1,-0.0302734,-0.429688,0.871094,4.4375,-1.8125,2.6875,-0.466858,0.0585074,-0.204244
4888,14,12,7,24,35,-19,-21,2,-0.0302734,-0.429688,0.871094,4.4375,-1.8125,2.6875,-0.466858,0.0585074,-0.204244
4902,17,20,35,97,96,95,28,18,-0.0727539,-0.467773,0.885254,-3.1875,-0.9375,2.9375,-0.468368,0.0589929,-0.203181
4902,-27,-20,1,-100,-86,-56,-22,-13,-0.0727539,-0.467773,0.885254,-3.1875,-0.9375,2.9375,-0.468368,0.0589929,-0.203181
4902,-5,4,5,0,-26,-40,-36,-8,-0.0727539,-0.467773,0.885254,-3.1875,-0.9375,2.9375,-0.468368,0.0589929,-0.203181
4902,-6,3,-3,-61,33,27,-18,-3,-0.0727539,-0.467773,0.885254,-3.1875,-0.9375,2.9375,-0.468368,0.0589929,-0.203181
4925,2,-21,1,62,-19,-72,36,6,-0.0405273,-0.464355,0.870605,2.375,0.3125,-0.5,-0.468076,0.0585767,-0.203441
4925,0,9,18,62,47,45,6,-3,-0.0405273,-0.464355,0.870605,2.375,0.3125,-0.5,-0.468076,0.0585767,-0.203441
4925,12,16,-31,-42,-64,-6,-4,10,-0.0405273,-0.464355,0.870605,2.375,0.3125,-0.5,-0.468076,0.0585767,-0.203441
4925,-18,-29,-30,-128,-78,-31,-20,-16,-0.0405273,-0.464355,0.870605,2.375,0.3125,-0.5,-0.468076,0.0585767,-0.203441
4946,-6,0,-47,80,114,13,-15,-3,-0.0600586,-0.414062,0.844238,4.9375,-0.8125,1.1875,-0.46603,0.0586561,-0.202844
4946,-1,19,93,83,12,2,7,9,-0.0600586,-0.414062,0.844238,4.9375,-0.8125,1.1875,-0.46603,0.0586561,-0.202844
4954,-7,-20,-17,-123,-110,-20,-15,-10,-0.0600586,-0.414062,0.844238,4.9375,-0.8125,1.1875,-0.46603,0.0586561,-0.202844
4954,-9,6,-18,76,80,-24,-7,-2,-0.0600586,-0.414062,0.844238,4.9375,-0.8125,1.1875,-0.46603,0.0586561,-0.202844
4961,1,-8,-7,29,34,91,51,-11,-0.0830078,-0.441895,0.867188,0,-1.3125,3.625,-0.46605,0.0594688,-0.201528
4961,14,-2,-10,-47,-89,-87,13,3,-0.0830078,-0.441895,0.867188,0,-1.3125,3.625,-0.46605,0.0594688,-0.201528
4962,-33,-19,-45,-107,-38,3,39,-13,-0.0830078,-0.441895,0.867188,0,-1.3125,3.625,-0.46605,0.0594688,-0.201528
4962,-1,-2,-28,-64,44,74,-11,-1,-0.0830078,-0.441895,0.867188,0,-1.3125,3.625,-0.46605,0.0594688,-0.201528
5008,0,9,72,76,38,14,0,-4,-0.0546875,-0.454102,0.875,2.8125,2,2.125,-0.465386,0.0603696,-0.201209
5008,10,1,-18,27,34,-35,-29,11,-0.0546875,-0.454102,0.875,2.8125,2,2.125,-0.465386,0.0603696,-0.201209
5009,10,13,43,-51,-14,53,-14,-7,-0.0546875,-0.454102,0.875,2.8125,2,2.125,-0.465386,0.0603696,-0.201209
5009,-14,-14,-2,9,-70,-39,12,-5,-0.0546875,-0.454102,0.875,2.8125,2,2.125,-0.465386,0.0603696,-0.201209
5010,-7,-10,-71,-28,-120,-36,-17,-6,-0.101562,-0.429199,0.873047,1.8125,1.375,-1.625,-0.464652,0.061521,-0.201943
5010,17,3,-30,34,100,42,0,7,-0.101562,-0.429199,0.873047,1.8125,1.375,-1.625,-0.464652,0.061521,-0.201943
5014,6,13,58,18,-24,-41,-40,1,-0.101562,-0.429199,0.873047,1.8125,1.375,-1.625,-0.464652,0.061521,-0.201943
5014,5,8,-6,70,76,56,39,10,-0.101562,-0.429199,0.873047,1.8125,1.375,-1.625,-0.464652,0.061521,-0.201943
5037,18,0,-2,-21,-52,-8,8,10,-0.0947266,-0.416504,0.861816,2.5625,-0.875,0.75,-0.463459,0.0622359,-0.201549
5037,-13,-7,-27,-59,-83,-80,-11,-7,-0.0947266,-0.416504,0.861816,2.5625,-0.875,0.75,-0.463459,0.0622359,-0.201549
5038,-6,-6,-8,69,38,-58,-80,-1,-0.0947266,-0.416504,0.861816,2.5625,-0.875,0.75,-0.463459,0.0622359,-0.201549
5038,-15,-18,-28,-19,-21,70,31,-11,-0.0947266,-0.416504,0.861816,2.5625,-0.875,0.75,-0.463459,0.0622359,-0.201549
5045,-6,-5,15,-37,27,-72,11,5,-0.0551758,-0.432129,0.864746,3.5625,-2.875,4.8125,-0.462061,0.0619283,-0.199635
5045,7,6,8,73,121,77,44,4,-0.0551758,-0.432129,0.864746,3.5625,-2.875,4.8125,-0.462061,0.0619283,-0.199635
5045,15,19,39,75,20,49,58,19,-0.0551758,-0.432129,0.864746,3.5625,-2.875,4.8125,-0.462061,0.0619283,-0.199635
5045,5,12,13,-45,-69,-57,-40,-3,-0.0551758,-0.432129,0.864746,3.5625,-2.875,4.8125,-0.462061,0.0619283,-0.199635
5075,-2,3,1,-39,-24,-9,-12,0,-0.0791016,-0.448242,0.875488,1.75,-0.0625,1.6875,-0.461591,0.0626174,-0.199015
5075,-20,-23,-39,-122,-50,-42,-32,-15,-0.0791016,-0.448242,0.875488,1.75,-0.0625,1.6875,-0.461591,0.0626174,-0.199015
5075,1,3,29,79,45,51,44,0,-0.0791016,-0.448242,0.875488,1.75,-0.0625,1.6875,-0.461591,0.0626174,-0.199015
5075,-10,-16,23,-19,-87,-52,9,-7,-0.0791016,-0.448242,0.875488,1.75,-0.0625,1.6875,-0.461591,0.0626174,-0.199015
5081,-16,-12,-63,-84,36,10,-36,-15,-0.0688477,-0.418945,0.849121,5.5625,3.875,-1,-0.459783,0.0639519,-0.199992
5081,14,7,-9,44,65,58,13,8,-0.0688477,-0.418945,0.849121,5.5625,3.875,-1,-0.459783,0.0639519,-0.199992
5082,3,-2,-12,62,30,-34,-26,-2,-0.0688477,-0.418945,0.849121,5.5625,3.875,-1,-0.459783,0.0639519,-0.199992
5082,27,26,15,104,107,10,19,20,-0.0688477,-0.418945,0.849121,5.5625,3.875,-1,-0.459783,0.0639519,-0.199992
5112,-3,-5,35,-24,-21,32,2,-5,-0.0693359,-0.445801,0.855469,-0.375,-2.3125,1.1875,-0.460189,0.0635641,-0.199287
5112,-5,-24,-72,-66,-80,-41,-20,-6,-0.0693359,-0.445801,0.855469,-0.375,-2.3125,1.1875,-0.460189,0.0635641,-0.199287
5113,-18,-9,-18,59,-13,-46,-28,-14,-0.0693359,-0.445801,0.855469,-0.375,-2.3125,1.1875,-0.460189,0.0635641,-0.199287
5113,1,-10,-31,-31,-37,33,-28,-3,-0.0693359,-0.445801,0.855469,-0.375,-2.3125,1.1875,-0.460189,0.0635641,-0.199287
5127,-3,11,22,-26,12,43,-17,-5,-0.0234375,-0.453125,0.856445,1.4375,-2.1875,2.6875,-0.460262,0.0624366,-0.198143
5127,4,1,4,45,79,44,44,12,-0.0234375,-0.453125,0.856445,1.4375,-2.1875,2.6875,-0.460262,0.0624366,-0.198143
5128,2,-8,-19,-42,-55,-91,-10,-2,-0.0234375,-0.453125,0.856445,1.4375,-2.1875,2.6875,-0.460262,0.0624366,-0.198143
5128,-7,6,1,-29,14,-29,-29,-8,-0.0234375,-0.453125,0.856445,1.4375,-2.1875,2.6875,-0.460262,0.0624366,-0.198143
5142,15,11,45,127,90,33,34,16,-0.0678711,-0.437988,0.871094,-2.125,-1.4375,1.9375,-0.461095,0.0624273,-0.197304
5142,1,2,-4,-59,-119,6,11,0,-0.0678711,-0.437988,0.871094,-2.125,-1.4375,1.9375,-0.461095,0.0624273,-0.197304
5142,7,3,3,-79,59,33,-26,-3,-0.0678711,-0.437988,0.871094,-2.125,-1.4375,1.9375,-0.461095,0.0624273,-0.197304
5142,-7,-10,-39,52,69,-19,10,3,-0.0678711,-0.437988,0.871094,-2.125,-1.4375,1.9375,-0.461095,0.0624273,-0.197304
5165,-9,-4,-30,-24,-86,-58,-15,-7,-0.0439453,-0.418457,0.865234,1.0625,1.1875,-2.6875,-0.460488,0.0620044,-0.198309
5165,-11,-3,-13,-16,0,16,-1,-9,-0.0439453,-0.418457,0.865234,1.0625,1.1875,-2.6875,-0.460488,0.0620044,-0.198309
5165,3,-9,20,57,24,-12,-4,5,-0.0439453,-0.418457,0.865234,1.0625,1.1875,-2.6875,-0.460488,0.0620044,-0.198309
5165,1,-7,8,24,1,26,18,-3,-0.0439453,-0.418457,0.865234,1.0625,1.1875,-2.6875,-0.460488,0.0620044,-0.198309
5188,8,3,-5,-76,-44,-18,2,7,-0.0683594,-0.421875,0.86377,-0.125,-2.5625,-1,-0.460395,0.0612933,-0.198132
5188,-16,6,43,-44,-26,-40,-26,-16,-0.0683594,-0.421875,0.86377,-0.125,-2.5625,-1,-0.460395,0.0612933,-0.198132
5189,4,-2,-22,-19,2,-9,-23,9,-0.0683594,-0.421875,0.86377,-0.125,-2.5625,-1,-0.460395,0.0612933,-0.198132
5189,-2,5,16,6,-44,-51,-23,3,-0.0683594,-0.421875,0.86377,-0.125,-2.5625,-1,-0.460395,0.0612933,-0.198132
5218,3,0,22,-32,-13,56,-20,-4,-0.0341797,-0.443359,0.878418,-0.25,-1.5,1.25,-0.460646,0.0603947,-0.197555
5218,-14,-17,12,19,61,58,91,1,-0.0341797,-0.443359,0.878418,-0.25,-1.5,1.25,-0.460646,0.0603947,-0.197555
5218,17,18,27,47,2,21,30,11,-0.0341797,-0.443359,0.878418,-0.25,-1.5,1.25,-0.460646,0.0603947,-0.197555
5218,5,3,15,91,113,-22,30,-1,-0.0341797,-0.443359,0.878418,-0.25,-1.5,1.25,-0.460646,0.0603947,-0.197555
5225,5,11,6,43,33,37,-8,1,-0.0541992,-0.442871,0.899902,-1.8125,0.5625,2.25,-0.46105,0.0608822,-0.196938
5225,8,3,-11,-34,-55,-37,-44,0,-0.0541992,-0.442871,0.899902,-1.8125,0.5625,2.25,-0.46105,0.0608822,-0.196938
5226,-1,5,61,-52,-86,-19,5,-9,-0.0541992,-0.442871,0.899902,-1.8125,0.5625,2.25,-0.46105,0.0608822,-0.196938
5226,-8,-4,-109,-104,-91,-27,-7,-7,-0.0541992,-0.442871,0.899902,-1.8125,0.5625,2.25,-0.46105,0.0608822,-0.196938
5247,-8,-11,44,-73,-105,-62,-28,-10,-0.0205078,-0.397461,0.878906,4.1875,4.6875,-0.6875,-0.458861,0.0612611,-0.19779
5247,-24,-34,-75,-51,-23,7,-10,-16,-0.0205078,-0.397461,0.878906,4.1875,4.6875,-0.6875,-0.458861,0.0612611,-0.19779
5248,4,0,-14,85,98,36,11,7,-0.0205078,-0.397461,0.878906,4.1875,4.6875,-0.6875,-0.458861,0.0612611,-0.19779
5248,9,18,81,70,61,50,14,6,-0.0205078,-0.397461,0.878906,4.1875,4.6875,-0.6875,-0.458861,0.0612611,-0.19779
5270,-11,-1,-32,8,20,-17,6,-5,-0.112305,-0.444336,0.874023,-0.9375,2.875,1.125,-0.459368,0.0635944,-0.197867
5270,10,5,-4,-42,-73,-51,-50,6,-0.112305,-0.444336,0.874023,-0.9375,2.875,1.125,-0.459368,0.0635944,-0.197867
5271,-12,-2,-18,-32,49,-31,-15,-11,-0.112305,-0.444336,0.874023,-0.9375,2.875,1.125,-0.459368,0.0635944,-0.197867
5271,3,-10,-41,-127,-44,48,15,0,-0.112305,-0.444336,0.874023,-0.9375,2.875,1.125,-0.459368,0.0635944,-0.197867
5285,6,-3,22,127,118,35,9,2,-0.0371094,-0.448242,0.868652,-1.375,1.625,0.5625,-0.460254,0.0635964,-0.19804
5285,-8,0,26,127,18,48,12,-5,-0.0371094,-0.448242,0.868652,-1.375,1.625,0.5625,-0.460254,0.0635964,-0.19804
5285,1,-6,-55,-128,-125,-86,-86,2,-0.0371094,-0.448242,0.868652,-1.375,1.625,0.5625,-0.460254,0.0635964,-0.19804
5285,-7,-4,11,59,5,-19,53,-6,-0.0371094,-0.448242,0.868652,-1.375,1.625,0.5625,-0.460254,0.0635964,-0.19804
5308,10,31,72,49,80,84,106,13,-0.065918,-0.449219,0.866211,-1.6875,0.375,1.4375,-0.461297,0.0639681,-0.197687
5308,-3,-13,19,-82,-75,-62,-47,-12,-0.065918,-0.449219,0.866211,-1.6875,0.375,1.4375,-0.461297,0.0639681,-0.197687
5308,-6,-2,-15,68,62,53,-2,-6,-0.065918,-0.449219,0.866211,-1.6875,0.375,1.4375,-0.461297,0.0639681,-0.197687
5308,-9,0,29,39,-1,-14,-15,-3,-0.065918,-0.449219,0.866211,-1.6875,0.375,1.4375,-0.461297,0.0639681,-0.197687
5322,-17,-14,-69,-101,-128,-103,-67,-3,-0.0512695,-0.466309,0.848145,0.5625,0.6875,0.5,-0.461403,0.0639507,-0.197683
5322,6,-2,15,6,45,8,18,-4,-0.0512695,-0.466309,0.848145,0.5625,0.6875,0.5,-0.461403,0.0639507,-0.197683
5337,-4,11,84,51,77,35,34,-1,-0.0512695,-0.466309,0.848145,0.5625,0.6875,0.5,-0.461403,0.0639507,-0.197683
5337,17,11,22,-95,-102,-10,-17,15,-0.0512695,-0.466309,0.848145,0.5625,0.6875,0.5,-0.461403,0.0639507,-0.197683
5353,-8,-14,-36,-81,-46,-33,-1,-10,-0.0859375,-0.428711,0.844238,-0.125,-1.5,3.125,-0.461671,0.0645932,-0.196469
5353,-3,-5,27,127,127,59,14,1,-0.0859375,-0.428711,0.844238,-0.125,-1.5,3.125,-0.461671,0.0645932,-0.196469
5353,13,4,-23,-52,-93,-58,0,10,-0.0859375,-0.428711,0.844238,-0.125,-1.5,3.125,-0.461671,0.0645932,-0.196469
5353,-12,-10,0,-60,-24,26,29,-14,-0.0859375,-0.428711,0.844238,-0.125,-1.5,3.125,-0.461671,0.0645932,-0.196469
5366,10,-4,-19,-31,1,-6,-10,2,-0.078125,-0.428223,0.845215,-4.3125,-1.0625,2.3125,-0.463188,0.0650267,-0.195651
5366,3,5,-32,-99,-40,40,9,4,-0.078125,-0.428223,0.845215,-4.3125,-1.0625,2.3125,-0.463188,0.0650267,-0.195651
5374,9,5,36,122,107,41,-5,-1,-0.078125,-0.428223,0.845215,-4.3125,-1.0625,2.3125,-0.463188,0.0650267,-0.195651
5374,5,12,4,-27,-61,7,26,13,-0.078125,-0.428223,0.845215,-4.3125,-1.0625,2.3125,-0.463188,0.0650267,-0.195651
5381,-15,-14,-2,-109,30,-66,-29,-13,-0.0532227,-0.446289,0.866699,-4.6875,1.5625,-2.125,-0.465091,0.0649041,-0.196477
5381,-2,9,-68,65,110,5,-9,13,-0.0532227,-0.446289,0.866699,-4.6875,1.5625,-2.125,-0.465091,0.0649041,-0.196477
5389,-2,-15,-60,-83,-93,-29,25,-4,-0.0532227,-0.446289,0.866699,-4.6875,1.5625,-2.125,-0.465091,0.0649041,-0.196477
5389,-3,-17,-16,83,21,42,-2,-6,-0.0532227,-0.446289,0.866699,-4.6875,1.5625,-2.125,-0.465091,0.0649041,-0.196477
5405,6,14,45,16,-35,-24,-25,5,-0.0654297,-0.447266,0.881348,-0.5625,3,-1.125,-0.465482,0.0656854,-0.197319
5405,18,30,126,74,101,45,56,6,-0.0654297,-0.447266,0.881348,-0.5625,3,-1.125,-0.465482,0.0656854,-0.197319
5405,-12,-18,-80,-85,-5,-27,-41,1,-0.0654297,-0.447266,0.881348,-0.5625,3,-1.125,-0.465482,0.0656854,-0.197319
5405,-8,-5,-31,-2,-44,20,-8,-12,-0.0654297,-0.447266,0.881348,-0.5625,3,-1.125,-0.465482,0.0656854,-0.197319
5435,14,10,6,44,3,-9,19,14,-0.0830078,-0.416992,0.86377,-2.6875,2,1.25,-0.465989,0.0669142,-0.197265
5435,-1,-10,10,-34,-99,-89,-39,-6,-0.0830078,-0.416992,0.86377,-2.6875,2,1.25,-0.465989,0.0669142,-0.197265
5436,-17,-3,-2,21,71,80,30,-12,-0.0830078,-0.416992,0.86377,-2.6875,2,1.25,-0.465989,0.0669142,-0.197265
5436,3,-11,-21,-38,55,-23,-38,-1,-0.0830078,-0.416992,0.86377,-2.6875,2,1.25,-0.465989,0.0669142,-0.197265
5441,-9,6,-16,-25,-44,-46,4,-3,-0.0776367,-0.429688,0.882812,0.125,1.4375,2.5625,-0.465573,0.0681057,-0.196645
5441,11,-11,16,59,99,50,-54,-1,-0.0776367,-0.429688,0.882812,0.125,1.4375,2.5625,-0.465573,0.0681057,-0.196645
5449,7,21,67,32,27,58,79,19,-0.0776367,-0.429688,0.882812,0.125,1.4375,2.5625,-0.465573,0.0681057,-0.196645
5449,-17,1,17,-42,-55,-30,-7,-3,-0.0776367,-0.429688,0.882812,0.125,1.4375,2.5625,-0.465573,0.0681057,-0.196645
5465,3,-7,-26,-21,-50,2,31,0,-0.0654297,-0.432617,0.878906,-3.4375,-1.625,1.3125,-0.466517,0.0677963,-0.195996
5465,-3,16,-28,-58,-128,-81,-13,-1,-0.0654297,-0.432617,0.878906,-3.4375,-1.625,1.3125,-0.466517,0.0677963,-0.195996
5466,-11,-28,-22,38,-24,1,6,-15,-0.0654297,-0.432617,0.878906,-3.4375,-1.625,1.3125,-0.466517,0.0677963,-0.195996
5466,2,10,11,127,127,35,-53,1,-0.0654297,-0.432617,0.878906,-3.4375,-1.625,1.3125,-0.466517,0.0677963,-0.195996
5495,9,5,-7,-43,-69,-1,12,12,-0.0786133,-0.432617,0.85498,-1.1875,-0.0625,-0.4375,-0.466916,0.0679945,-0.196065
5495,-11,-17,-34,-115,-49,-10,10,-7,-0.0786133,-0.432617,0.85498,-1.1875,-0.0625,-0.4375,-0.466916,0.0679945,-0.196065
5495,0,8,56,42,80,32,-5,0,-0.0786133,-0.432617,0.85498,-1.1875,-0.0625,-0.4375,-0.466916,0.0679945,-0.196065
5495,14,-3,-44,-20,-55,-52,3,5,-0.0786133,-0.432617,0.85498,-1.1875,-0.0625,-0.4375,-0.466916,0.0679945,-0.196065
5501,-2,7,5,-72,-7,-20,-28,-11,-0.0795898,-0.433594,0.871094,0.3125,0.0625,1.4375,-0.466712,0.0686353,-0.19558
5501,5,4,27,103,40,53,10,0,-0.0795898,-0.433594,0.871094,0.3125,0.0625,1.4375,-0.466712,0.0686353,-0.19558
5509,11,13,-4,-55,-82,-40,-12,1,-0.0795898,-0.433594,0.871094,0.3125,0.0625,1.4375,-0.466712,0.0686353,-0.19558
5509,-9,-20,-10,-128,-111,-66,-56,1,-0.0795898,-0.433594,0.871094,0.3125,0.0625,1.4375,-0.466712,0.0686353,-0.19558
5532,-5,-4,-4,118,127,113,83,-3,-0.081543,-0.440918,0.884766,-1.5625,2,1.4375,-0.467071,0.0697569,-0.195491
5532,24,15,33,21,-77,-67,56,14,-0.081543,-0.440918,0.884766,-1.5625,2,1.4375,-0.467071,0.0697569,-0.195491
5533,-5,-6,-31,-97,32,64,-36,-13,-0.081543,-0.440918,0.884766,-1.5625,2,1.4375,-0.467071,0.0697569,-0.195491
5533,9,27,49,90,90,0,68,18,-0.081543,-0.440918,0.884766,-1.5625,2,1.4375,-0.467071,0.0697569,-0.195491
5548,5,1,82,32,-37,1,-66,-27,-0.0810547,-0.450684,0.886719,0.5625,2.4375,1.625,-0.466942,0.0710742,-0.195295
5548,-9,11,-41,49,45,3,-6,5,-0.0810547,-0.450684,0.886719,0.5625,2.4375,1.625,-0.466942,0.0710742,-0.195295
5548,-9,-15,-49,-79,-101,-49,-11,-8,-0.0810547,-0.450684,0.886719,0.5625,2.4375,1.625,-0.466942,0.0710742,-0.195295
5548,-15,-14,-30,-101,-107,-44,-3,-14,-0.0810547,-0.450684,0.886719,0.5625,2.4375,1.625,-0.466942,0.0710742,-0.195295
5561,14,-3,25,-2,61,9,-13,4,-0.059082,-0.431152,0.855957,2.75,-0.25,0.8125,-0.465892,0.0708451,-0.195051
5561,8,10,10,80,40,41,6,10,-0.059082,-0.431152,0.855957,2.75,-0.25,0.8125,-0.465892,0.0708451,-0.195051
5570,-1,4,5,-102,-128,-96,-23,4,-0.059082,-0.431152,0.855957,2.75,-0.25,0.8125,-0.465892,0.0708451,-0.195051
5570,-9,-15,-20,-38,38,44,22,-15,-0.059082,-0.431152,0.855957,2.75,-0.25,0.8125,-0.465892,0.0708451,-0.195051
5585,0,2,19,107,109,96,12,-1,-0.0419922,-0.440918,0.869629,-0.5625,-1.1875,3.375,-0.466159,0.0703585,-0.193819
5585,6,-8,-6,-13,-19,0,-7,14,-0.0419922,-0.440918,0.869629,-0.5625,-1.1875,3.375,-0.466159,0.0703585,-0.193819
5586,0,-4,8,11,-75,-37,15,5,-0.0419922,-0.440918,0.869629,-0.5625,-1.1875,3.375,-0.466159,0.0703585,-0.193819
5586,0,-2,-26,-84,-49,-58,-26,-8,-0.0419922,-0.440918,0.869629,-0.5625,-1.1875,3.375,-0.466159,0.0703585,-0.193819
5615,-1,-11,-61,-65,-27,-31,-33,7,-0.0566406,-0.452148,0.869141,-1.3125,-0.5625,1.8125,-0.466857,0.0701902,-0.193188
5615,1,15,76,67,102,58,43,-7,-0.0566406,-0.452148,0.869141,-1.3125,-0.5625,1.8125,-0.466857,0.0701902,-0.193188
5616,-2,-9,-25,-19,47,57,8,7,-0.0566406,-0.452148,0.869141,-1.3125,-0.5625,1.8125,-0.466857,0.0701902,-0.193188
5616,2,4,54,68,7,-16,-24,-6,-0.0566406,-0.452148,0.869141,-1.3125,-0.5625,1.8125,-0.466857,0.0701902,-0.193188
5630,-5,-12,-47,-67,-34,-43,-9,6,-0.0844727,-0.435547,0.869141,-0.875,-1.8125,-0.625,-0.467082,0.0699599,-0.193022
5630,-16,-7,-27,-95,-16,13,1,-13,-0.0844727,-0.435547,0.869141,-0.875,-1.8125,-0.625,-0.467082,0.0699599,-0.193022
5631,12,6,-5,122,42,-8,2,10,-0.0844727,-0.435547,0.869141,-0.875,-1.8125,-0.625,-0.467082,0.0699599,-0.193022
5631,-2,-7,-5,-105,-97,-55,-20,-3,-0.0844727,-0.435547,0.869141,-0.875,-1.8125,-0.625,-0.467082,0.0699599,-0.193022
5653,0,-1,-3,27,105,45,4,-4,-0.0610352,-0.429688,0.861816,1.8125,-1.625,0.875,-0.466235,0.0694086,-0.192462
5653,-8,16,70,70,71,66,33,8,-0.0610352,-0.429688,0.861816,1.8125,-1.625,0.875,-0.466235,0.0694086,-0.192462
5653,1,1,-11,47,-53,-58,13,3,-0.0610352,-0.429688,0.861816,1.8125,-1.625,0.875,-0.466235,0.0694086,-0.192462
5653,-4,-3,5,0,-9,72,-4,-1,-0.0610352,-0.429688,0.861816,1.8125,-1.625,0.875,-0.466235,0.0694086,-0.192462
5667,-13,-3,-15,-54,-24,7,80,1,-0.0571289,-0.470703,0.868652,-4.125,-2.6875,1.1875,-0.468353,0.0685029,-0.19173
5667,2,-15,-34,-128,-128,-69,-7,-5,-0.0571289,-0.470703,0.868652,-4.125,-2.6875,1.1875,-0.468353,0.0685029,-0.19173
5675,-12,10,85,-16,108,42,-14,-17,-0.0732422,-0.439941,0.862305,1.1875,-1.5,-1.1875,-0.467935,0.0680113,-0.191841
5675,18,23,-38,127,97,31,26,18,-0.0732422,-0.439941,0.862305,1.1875,-1.5,-1.1875,-0.467935,0.0680113,-0.191841
5689,2,-10,-1,-16,-80,-60,-11,5,-0.0732422,-0.439941,0.862305,1.1875,-1.5,-1.1875,-0.467935,0.0680113,-0.191841
5689,-12,-8,-29,-81,-44,-61,-96,-20,-0.0732422,-0.439941,0.862305,1.1875,-1.5,-1.1875,-0.467935,0.0680113,-0.191841
5691,-19,-11,-31,-88,-75,8,48,-3,-0.0976562,-0.426758,0.860352,2.625,-1.875,0,-0.466941,0.0682823,-0.191598
5691,-1,-5,29,80,103,26,-6,1,-0.0976562,-0.426758,0.860352,2.625,-1.875,0,-0.466941,0.0682823,-0.191598
5704,-4,20,62,113,46,42,-7,-5,-0.0976562,-0.426758,0.860352,2.625,-1.875,0,-0.466941,0.0682823,-0.191598
5704,11,9,51,-25,-32,-39,9,10,-0.0976562,-0.426758,0.860352,2.625,-1.875,0,-0.466941,0.0682823,-0.191598
5719,6,1,-9,45,-39,-1,-43,-9,-0.0537109,-0.448242,0.861328,-1.6875,-2.75,0,-0.467688,0.0671639,-0.191245
5719,4,-12,-12,-40,-61,-53,-10,12,-0.0537109,-0.448242,0.861328,-1.6875,-2.75,0,-0.467688,0.0671639,-0.191245
5727,-19,-7,-11,18,64,40,-29,-24,-0.0537109,-0.448242,0.861328,-1.6875,-2.75,0,-0.467688,0.0671639,-0.191245
5727,-6,-3,10,9,-19,17,42,4,-0.0537109,-0.448242,0.861328,-1.6875,-2.75,0,-0.467688,0.0671639,-0.191245
5729,-9,-2,4,-39,7,33,-54,-15,-0.0541992,-0.455566,0.87793,-1.75,-3.3125,-0.375,-0.468536,0.0657986,-0.190838
5729,6,13,6,-9,114,39,57,16,-0.0541992,-0.455566,0.87793,-1.75,-3.3125,-0.375,-0.468536,0.0657986,-0.190838
5750,12,9,-8,19,-102,1,16,7,-0.0541992,-0.455566,0.87793,-1.75,-3.3125,-0.375,-0.468536,0.0657986,-0.190838
5750,-2,-16,-13,34,-16,-47,-1,-4,-0.0541992,-0.455566,0.87793,-1.75,-3.3125,-0.375,-0.468536,0.0657986,-0.190838
5751,-16,-7,0,-27,57,14,-47,-13,-0.0629883,-0.432617,0.869141,1.6875,-2.4375,-1.9375,-0.467793,0.0646795,-0.191029
5751,13,14,11,90,2,-4,14,5,-0.0629883,-0.432617,0.869141,1.6875,-2.4375,-1.9375,-0.467793,0.0646795,-0.191029
5763,-26,-23,-6,-128,-63,-57,-29,-7,-0.0629883,-0.432617,0.869141,1.6875,-2.4375,-1.9375,-0.467793,0.0646795,-0.191029
5763,1,6,34,95,45,22,-20,-2,-0.0629883,-0.432617,0.869141,1.6875,-2.4375,-1.9375,-0.467793,0.0646795,-0.191029
5787,20,9,-50,39,-30,4,48,19,-0.0771484,-0.433105,0.841797,-0.75,-4.625,-0.5625,-0.468163,0.0636552,-0.190425
5787,-16,-7,-2,-56,-72,-32,-9,-10,-0.0771484,-0.433105,0.841797,-0.75,-4.625,-0.5625,-0.468163,0.0636552,-0.190425
5788,1,-7,-6,-3,2,-17,-9,2,-0.0771484,-0.433105,0.841797,-0.75,-4.625,-0.5625,-0.468163,0.0636552,-0.190425
5788,-4,-6,22,-49,-5,11,12,-1,-0.0771484,-0.433105,0.841797,-0.75,-4.625,-0.5625,-0.468163,0.0636552,-0.190425
5790,13,6,-49,-54,-4,-52,-47,0,-0.0419922,-0.432129,0.870117,-0.0625,-3.125,-2.5,-0.467986,0.0618296,-0.19073
5790,-39,-30,-18,-24,-13,49,7,-22,-0.0419922,-0.432129,0.870117,-0.0625,-3.125,-2.5,-0.467986,0.0618296,-0.19073
5810,8,10,43,78,42,-25,-69,0,-0.0419922,-0.432129,0.870117,-0.0625,-3.125,-2.5,-0.467986,0.0618296,-0.19073
5810,4,-2,-34,-28,25,18,17,10,-0.0419922,-0.432129,0.870117,-0.0625,-3.125,-2.5,-0.467986,0.0618296,-0.19073
5812,-1,5,37,49,34,52,104,4,-0.0732422,-0.448242,0.887695,-3,-0.375,-3.3125,-0.469029,0.0615098,-0.191721
5812,15,7,-23,-58,-42,-4,-47,1,-0.0732422,-0.448242,0.887695,-3,-0.375,-3.3125,-0.469029,0.0615098,-0.191721
5823,-3,-7,15,-52,-70,-59,-16,-10,-0.0732422,-0.448242,0.887695,-3,-0.375,-3.3125,-0.469029,0.0615098,-0.191721
5823,-9,-10,-51,70,92,27,15,-4,-0.0732422,-0.448242,0.887695,-3,-0.375,-3.3125,-0.469029,0.0615098,-0.191721
5849,4,4,31,38,-6,-12,-12,2,-0.0581055,-0.441406,0.864746,0.5625,1.4375,-1.5625,-0.468932,0.0616112,-0.192366
5849,4,3,21,-39,45,5,14,-6,-0.0581055,-0.441406,0.864746,0.5625,1.4375,-1.5625,-0.468932,0.0616112,-0.192366
5850,-7,-15,-43,0,-18,9,37,-4,-0.0581055,-0.441406,0.864746,0.5625,1.4375,-1.5625,-0.468932,0.0616112,-0.192366
5850,6,10,-18,-26,-14,-5,-21,-4,-0.0581055,-0.441406,0.864746,0.5625,1.4375,-1.5625,-0.468932,0.0616112,-0.192366
5853,17,19,26,92,19,9,-23,12,-0.0776367,-0.425781,0.858398,0.1875,0.375,1.5,-0.468626,0.0624994,-0.191935
5853,-1,-5,20,-11,-44,2,-17,-5,-0.0776367,-0.425781,0.858398,0.1875,0.375,1.5,-0.468626,0.0624994,-0.191935
5870,-3,-13,-71,-101,-87,-52,-16,-2,-0.0776367,-0.425781,0.858398,0.1875,0.375,1.5,-0.468626,0.0624994,-0.191935
5870,-7,-12,9,-109,-21,-19,-49,-6,-0.0776367,-0.425781,0.858398,0.1875,0.375,1.5,-0.468626,0.0624994,-0.191935
5871,5,4,-17,75,93,53,53,1,-0.0791016,-0.435059,0.888672,-1,2.375,1.625,-0.468624,0.0638059,-0.191746
5871,6,8,4,16,-42,-64,-18,6,-0.0791016,-0.435059,0.888672,-1,2.375,1.625,-0.468624,0.0638059,-0.191746
5884,-3,2,7,7,90,102,43,-4,-0.0791016,-0.435059,0.888672,-1,2.375,1.625,-0.468624,0.0638059,-0.191746
5884,9,4,18,66,18,43,21,-1,-0.0791016,-0.435059,0.888672,-1,2.375,1.625,-0.468624,0.0638059,-0.191746
5891,1,-5,-23,-105,-86,-90,-36,-4,-0.0605469,-0.445801,0.896973,0.625,4.5,0.4375,-0.468296,0.0652136,-0.192319
5891,-21,-29,7,58,88,-11,4,-16,-0.0605469,-0.445801,0.896973,0.625,4.5,0.4375,-0.468296,0.0652136,-0.192319
5907,22,24,30,91,74,89,15,23,-0.0605469,-0.445801,0.896973,0.625,4.5,0.4375,-0.468296,0.0652136,-0.192319
5907,2,-1,-34,-18,-51,-37,-9,-2,-0.0605469,-0.445801,0.896973,0.625,4.5,0.4375,-0.468296,0.0652136,-0.192319
5908,-5,3,-2,-16,-26,-44,-33,-4,-0.0537109,-0.431152,0.883789,3.3125,2.8125,-0.1875,-0.4669,0.0658407,-0.192903
5908,4,1,-10,-65,-65,28,49,0,-0.0537109,-0.431152,0.883789,3.3125,2.8125,-0.1875,-0.4669,0.0658407,-0.192903
5945,-8,-14,-42,-7,-13,-24,21,4,-0.0537109,-0.431152,0.883789,3.3125,2.8125,-0.1875,-0.4669,0.0658407,-0.192903
5945,4,7,39,-44,-28,0,-16,-2,-0.0537109,-0.431152,0.883789,3.3125,2.8125,-0.1875,-0.4669,0.0658407,-0.192903
5947,-12,-17,-24,-83,-114,-48,2,-8,-0.0683594,-0.428711,0.885254,5.5,0.75,1.375,-0.464528,0.0663872,-0.192519
5947,-11,19,84,26,61,-19,-8,0,-0.0683594,-0.428711,0.885254,5.5,0.75,1.375,-0.464528,0.0663872,-0.192519
5952,14,9,37,115,77,88,14,9,-0.0683594,-0.428711,0.885254,5.5,0.75,1.375,-0.464528,0.0663872,-0.192519
5952,3,3,-25,-10,-38,-25,7,-1,-0.0683594,-0.428711,0.885254,5.5,0.75,1.375,-0.464528,0.0663872,-0.192519
5954,-2,-3,14,-35,-14,-53,-35,-2,-0.0537109,-0.459961,0.884766,4.1875,-0.5625,3.25,-0.463332,0.0663665,-0.191439
5954,-8,-4,17,20,22,6,13,-7,-0.0537109,-0.459961,0.884766,4.1875,-0.5625,3.25,-0.463332,0.0663665,-0.191439
5974,3,2,12,121,87,70,43,13,-0.0537109,-0.459961,0.884766,4.1875,-0.5625,3.25,-0.463332,0.0663665,-0.191439
5974,3,7,2,30,-13,-23,0,7,-0.0537109,-0.459961,0.884766,4.1875,-0.5625,3.25,-0.463332,0.0663665,-0.191439
5976,-20,-14,4,-101,-83,21,-19,-9,-0.065918,-0.460938,0.819336,0.875,-1.375,2.5625,-0.46416,0.0663892,-0.190482
5976,-3,-14,-85,-74,-10,-61,-69,-9,-0.065918,-0.460938,0.819336,0.875,-1.375,2.5625,-0.46416,0.0663892,-0.190482
5990,-4,9,20,37,46,-6,21,-5,-0.065918,-0.460938,0.819336,0.875,-1.375,2.5625,-0.46416,0.0663892,-0.190482
5990,-5,-17,-61,40,40,24,-5,0,-0.065918,-0.460938,0.819336,0.875,-1.375,2.5625,-0.46416,0.0663892,-0.190482
5992,4,5,53,18,-9,-23,26,12,-0.140137,-0.448242,0.79541,-1.875,-0.8125,-0.9375,-0.465856,0.0679595,-0.190705
5992,-17,-5,3,-61,-37,-15,-17,-11,-0.140137,-0.448242,0.79541,-1.875,-0.8125,-0.9375,-0.465856,0.0679595,-0.190705
6005,2,-6,-7,6,9,8,-29,-2,-0.140137,-0.448242,0.79541,-1.875,-0.8125,-0.9375,-0.465856,0.0679595,-0.190705
6005,-2,4,36,-19,-16,-9,-26,-8,-0.140137,-0.448242,0.79541,-1.875,-0.8125,-0.9375,-0.465856,0.0679595,-0.190705
6013,6,13,29,94,127,62,24,-3,-0.130859,-0.449707,0.818359,-3.125,-0.25,-2.9375,-0.467797,0.0690982,-0.191596
6013,-2,-9,30,33,-74,-40,-23,-1,-0.130859,-0.449707,0.818359,-3.125,-0.25,-2.9375,-0.467797,0.0690982,-0.191596
6028,-11,-9,-43,-112,-27,-20,-8,-1,-0.130859,-0.449707,0.818359,-3.125,-0.25,-2.9375,-0.467797,0.0690982,-0.191596
6028,-7,-1,33,55,-5,34,13,-10,-0.130859,-0.449707,0.818359,-3.125,-0.25,-2.9375,-0.467797,0.0690982,-0.191596
6033,7,2,-3,9,23,3,-6,2,-0.0844727,-0.441406,0.858398,-4.9375,-2.6875,-3.8125,-0.469627,0.068127,-0.192348
6033,12,13,10,-107,-103,-72,-18,7,-0.0844727,-0.441406,0.858398,-4.9375,-2.6875,-3.8125,-0.469627,0.068127,-0.192348
6050,-33,-24,-10,32,10,-26,-23,-30,-0.0844727,-0.441406,0.858398,-4.9375,-2.6875,-3.8125,-0.469627,0.068127,-0.192348
6050,-5,-15,-21,53,108,73,51,18,-0.0844727,-0.441406,0.858398,-4.9375,-2.6875,-3.8125,-0.469627,0.068127,-0.192348
6051,9,23,37,84,45,40,22,7,-0.0419922,-0.446289,0.883789,-4.75,-1.875,-2.3125,-0.471242,0.0666011,-0.19282
6051,26,-10,-30,-17,-44,19,-1,12,-0.0419922,-0.446289,0.883789,-4.75,-1.875,-2.3125,-0.471242,0.0666011,-0.19282
6065,-13,3,7,-116,-65,-72,-33,-19,-0.0419922,-0.446289,0.883789,-4.75,-1.875,-2.3125,-0.471242,0.0666011,-0.19282
6065,7,12,-7,31,7,-11,-7,14,-0.0419922,-0.446289,0.883789,-4.75,-1.875,-2.3125,-0.471242,0.0666011,-0.19282
6071,-5,-6,33,56,65,38,2,1,-0.019043,-0.424805,0.878906,-4.125,-2.8125,-2.75,-0.47216,0.0641718,-0.193169
6071,6,12,-23,-6,-13,22,2,-3,-0.019043,-0.424805,0.878906,-4.125,-2.8125,-2.75,-0.47216,0.0641718,-0.193169
6087,-2,-12,-10,-22,-1,-31,-12,-2,-0.019043,-0.424805,0.878906,-4.125,-2.8125,-2.75,-0.47216,0.0641718,-0.193169
6087,8,8,-43,5,25,-23,2,-2,-0.019043,-0.424805,0.878906,-4.125,-2.8125,-2.75,-0.47216,0.0641718,-0.193169
6088,-20,-31,-52,-67,-62,-11,-16,-11,-0.0737305,-0.42334,0.880371,-1.9375,-4.9375,-1.125,-0.472232,0.062758,-0.1927
6088,7,2,13,76,51,26,-5,1,-0.0737305,-0.42334,0.880371,-1.9375,-4.9375,-1.125,-0.472232,0.062758,-0.1927
6110,10,9,5,-58,-47,-95,-4,9,-0.0737305,-0.42334,0.880371,-1.9375,-4.9375,-1.125,-0.472232,0.062758,-0.1927
6110,-14,-7,-23,-34,2,61,0,-11,-0.0737305,-0.42334,0.880371,-1.9375,-4.9375,-1.125,-0.472232,0.062758,-0.1927
6112,25,-8,-5,52,12,33,54,8,-0.0927734,-0.42334,0.884766,-4.0625,-3.5,-3.3125,-0.472921,0.0619492,-0.193168
6112,-13,1,-45,-61,4,9,-4,-15,-0.0927734,-0.42334,0.884766,-4.0625,-3.5,-3.3125,-0.472921,0.0619492,-0.193168
6124,13,8,22,10,37,-21,-4,6,-0.0927734,-0.42334,0.884766,-4.0625,-3.5,-3.3125,-0.472921,0.0619492,-0.193168
6124,5,-4,27,45,15,26,4,2,-0.0927734,-0.42334,0.884766,-4.0625,-3.5,-3.3125,-0.472921,0.0619492,-0.193168
6139,-10,-6,-32,-87,-122,-32,-37,-3,-0.0380859,-0.467285,0.887207,-5.0625,-3.4375,-3.8125,-0.474996,0.0597319,-0.193749
6139,-2,1,-7,82,121,27,38,-1,-0.0380859,-0.467285,0.887207,-5.0625,-3.4375,-3.8125,-0.474996,0.0597319,-0.193749
6148,19,10,5,66,34,33,24,17,-0.0380859,-0.467285,0.887207,-5.0625,-3.4375,-3.8125,-0.474996,0.0597319,-0.193749
6148,-9,-4,-40,-88,-64,-31,-8,-13,-0.0380859,-0.467285,0.887207,-5.0625,-3.4375,-3.8125,-0.474996,0.0597319,-0.193749
6149,-1,1,9,-21,4,-9,-9,4,-0.00830078,-0.441406,0.880371,3.4375,-3.875,-2.875,-0.473587,0.0568991,-0.193994
6149,-1,14,102,-1,-68,0,9,0,-0.00830078,-0.441406,0.880371,3.4375,-3.875,-2.875,-0.473587,0.0568991,-0.193994
6170,4,-7,-71,29,31,-4,-13,0,-0.00830078,-0.441406,0.880371,3.4375,-3.875,-2.875,-0.473587,0.0568991,-0.193994
6170,-14,10,63,-24,-64,-35,6,-5,-0.00830078,-0.441406,0.880371,3.4375,-3.875,-2.875,-0.473587,0.0568991,-0.193994
6172,-2,-20,-61,22,-4,-14,-14,-4,-0.0996094,-0.422852,0.871582,1.125,-5.75,-0.125,-0.472572,0.0561803,-0.193132
6172,4,12,25,58,78,25,-14,8,-0.0996094,-0.422852,0.871582,1.125,-5.75,-0.125,-0.472572,0.0561803,-0.193132
6184,-9,-13,0,-43,-54,-19,-2,-4,-0.0996094,-0.422852,0.871582,1.125,-5.75,-0.125,-0.472572,0.0561803,-0.193132
6184,-1,-3,3,-40,20,-63,-17,-6,-0.0996094,-0.422852,0.871582,1.125,-5.75,-0.125,-0.472572,0.0561803,-0.193132
6199,-5,4,3,-41,13,53,30,1,-0.0551758,-0.442871,0.859863,-2.1875,-4.1875,-1,-0.473425,0.0548156,-0.192719
6199,4,-2,12,35,56,68,15,3,-0.0551758,-0.442871,0.859863,-2.1875,-4.1875,-1,-0.473425,0.0548156,-0.192719
6208,-5,3,29,-18,-57,-21,-45,0,-0.0551758,-0.442871,0.859863,-2.1875,-4.1875,-1,-0.473425,0.0548156,-0.192719
6208,-1,-2,0,-8,-67,-67,-10,-5,-0.0551758,-0.442871,0.859863,-2.1875,-4.1875,-1,-0.473425,0.0548156,-0.192719
6209,-5,0,38,105,127,-29,21,0,-0.050293,-0.481934,0.870605,-1.75,-2.25,-2.9375,-0.474724,0.0536543,-0.193383
6209,9,-3,-18,53,46,30,7,6,-0.050293,-0.481934,0.870605,-1.75,-2.25,-2.9375,-0.474724,0.0536543,-0.193383
6230,3,12,27,-33,-79,22,53,6,-0.050293,-0.481934,0.870605,-1.75,-2.25,-2.9375,-0.474724,0.0536543,-0.193383
6230,-7,1,-54,-95,-53,-53,-70,-10,-0.050293,-0.481934,0.870605,-1.75,-2.25,-2.9375,-0.474724,0.0536543,-0.193383
6231,14,5,57,-22,4,21,50,4,-0.0737305,-0.431152,0.84668,3.1875,-0.5625,-3.1875,-0.473632,0.053565,-0.194193
6231,-7,-13,-17,44,-1,-7,0,6,-0.0737305,-0.431152,0.84668,3.1875,-0.5625,-3.1875,-0.473632,0.053565,-0.194193
6243,-28,-2,-24,-95,-34,-41,7,-3,-0.0737305,-0.431152,0.84668,3.1875,-0.5625,-3.1875,-0.473632,0.053565,-0.194193
6243,12,-15,-29,75,127,44,-9,-2,-0.0737305,-0.431152,0.84668,3.1875,-0.5625,-3.1875,-0.473632,0.053565,-0.194193
6252,1,7,-15,41,9,-4,-3,-2,-0.100586,-0.441895,0.841309,-3.875,-3.875,1.125,-0.475112,0.0536506,-0.193281
6252,-1,-1,-6,-27,-44,-51,-18,-4,-0.100586,-0.441895,0.841309,-3.875,-3.875,1.125,-0.475112,0.0536506,-0.193281
6266,-2,1,-19,-19,-15,8,-11,-6,-0.100586,-0.441895,0.841309,-3.875,-3.875,1.125,-0.475112,0.0536506,-0.193281
6266,8,6,34,61,16,16,41,9,-0.100586,-0.441895,0.841309,-3.875,-3.875,1.125,-0.475112,0.0536506,-0.193281
6274,-17,-14,-39,-128,-84,18,-69,-12,-0.059082,-0.459961,0.864746,-2.75,-3.6875,0.4375,-0.476242,0.0528458,-0.192506
6274,-13,-6,-40,26,119,23,25,-18,-0.059082,-0.459961,0.864746,-2.75,-3.6875,0.4375,-0.476242,0.0528458,-0.192506
6290,11,-5,-16,-80,-76,-15,-2,5,-0.059082,-0.459961,0.864746,-2.75,-3.6875,0.4375,-0.476242,0.0528458,-0.192506
6290,-5,-10,-14,-16,33,-8,-3,-4,-0.059082,-0.459961,0.864746,-2.75,-3.6875,0.4375,-0.476242,0.0528458,-0.192506
6291,5,14,94,127,122,61,18,9,-0.0322266,-0.44873,0.872559,-2.9375,-3.8125,-5.375,-0.477292,0.0503415,-0.193582
6291,28,23,-1,-74,-111,-15,-12,15,-0.0322266,-0.44873,0.872559,-2.9375,-3.8125,-5.375,-0.477292,0.0503415,-0.193582
6304,-18,2,-7,-77,-28,-62,-22,-16,-0.0322266,-0.44873,0.872559,-2.9375,-3.8125,-5.375,-0.477292,0.0503415,-0.193582
6304,-22,-33,-102,-88,-10,-76,-42,-10,-0.0322266,-0.44873,0.872559,-2.9375,-3.8125,-5.375,-0.477292,0.0503415,-0.193582
6313,-5,-8,8,71,75,57,35,-1,-0.0673828,-0.475586,0.873047,-10.625,-7.5,-8.875,-0.481461,0.0471801,-0.19515
6313,25,18,27,28,22,53,25,24,-0.0673828,-0.475586,0.873047,-10.625,-7.5,-8.875,-0.481461,0.0471801,-0.19515
6327,9,12,45,87,27,16,8,2,-0.0673828,-0.475586,0.873047,-10.625,-7.5,-8.875,-0.481461,0.0471801,-0.19515
6327,8,-2,-1,-103,-116,-37,-10,3,-0.0673828,-0.475586,0.873047,-10.625,-7.5,-8.875,-0.481461,0.0471801,-0.19515
6329,-3,6,4,-90,-110,-73,-32,-10,-0.00732422,-0.469238,0.85498,-17.3125,-11.25,-5.5,-0.487871,0.0419431,-0.195029
6329,-23,-25,-56,-106,-68,-20,-6,-14,-0.00732422,-0.469238,0.85498,-17.3125,-11.25,-5.5,-0.487871,0.0419431,-0.195029
6350,-6,-19,-12,-65,-94,-15,-29,-6,-0.00732422,-0.469238,0.85498,-17.3125,-11.25,-5.5,-0.487871,0.0419431,-0.195029
6350,6,11,33,52,86,30,34,5,-0.00732422,-0.469238,0.85498,-17.3125,-11.25,-5.5,-0.487871,0.0419431,-0.195029
6351,7,-10,-57,24,-48,14,0,6,-0.00830078,-0.462402,0.864258,-6.4375,-6.9375,-0.875,-0.490041,0.0389299,-0.194114
6351,-10,1,61,39,97,48,2,-15,-0.00830078,-0.462402,0.864258,-6.4375,-6.9375,-0.875,-0.490041,0.0389299,-0.194114
6364,29,33,56,127,86,-8,-15,16,-0.00830078,-0.462402,0.864258,-6.4375,-6.9375,-0.875,-0.490041,0.0389299,-0.194114
6364,-10,-12,2,-52,-86,34,0,-12,-0.00830078,-0.462402,0.864258,-6.4375,-6.9375,-0.875,-0.490041,0.0389299,-0.194114
6380,-4,-9,-18,-12,42,-3,10,0,-0.0917969,-0.416016,0.856934,3,-2.125,-0.9375,-0.488209,0.0394974,-0.194052
6380,-10,6,-2,2,-58,-32,-8,-3,-0.0917969,-0.416016,0.856934,3,-2.125,-0.9375,-0.488209,0.0394974,-0.194052
6388,-21,-8,-41,-114,-57,-23,-13,-12,-0.0917969,-0.416016,0.856934,3,-2.125,-0.9375,-0.488209,0.0394974,-0.194052
6388,0,-17,-10,89,92,36,5,5,-0.0917969,-0.416016,0.856934,3,-2.125,-0.9375,-0.488209,0.0394974,-0.194052
6389,5,17,50,33,14,-15,-6,-1,-0.0888672,-0.428223,0.85791,7.375,-0.375,-3.5625,-0.485144,0.0400363,-0.195061
6389,-7,-26,-98,-34,-38,-32,-1,1,-0.0888672,-0.428223,0.85791,7.375,-0.375,-3.5625,-0.485144,0.0400363,-0.195061
6410,8,6,46,-20,35,22,0,-2,-0.0888672,-0.428223,0.85791,7.375,-0.375,-3.5625,-0.485144,0.0400363,-0.195061
6410,-3,-2,-21,-18,-27,-46,-1,2,-0.0888672,-0.428223,0.85791,7.375,-0.375,-3.5625,-0.485144,0.0400363,-0.195061
6411,-1,9,-14,-26,-35,75,14,1,0.00488281,-0.465332,0.876465,5.8125,-3,-3.25,-0.483132,0.0375841,-0.195496
6411,-8,-14,7,-24,-38,-49,-13,-10,0.00488281,-0.465332,0.876465,5.8125,-3,-3.25,-0.483132,0.0375841,-0.195496
6432,2,2,-10,110,71,33,0,-7,0.00488281,-0.465332,0.876465,5.8125,-3,-3.25,-0.483132,0.0375841,-0.195496
6432,-14,8,18,-93,-69,0,-11,8,0.00488281,-0.465332,0.876465,5.8125,-3,-3.25,-0.483132,0.0375841,-0.195496
6434,-22,-5,16,75,98,3,2,-8,0.0107422,-0.489746,0.891602,1.9375,-4.875,-2.75,-0.482948,0.0345375,-0.195615
6434,9,18,45,-23,-24,9,21,3,0.0107422,-0.489746,0.891602,1.9375,-4.875,-2.75,-0.482948,0.0345375,-0.195615
6447,0,-21,-97,-91,-93,-17,3,-7,0.0107422,-0.489746,0.891602,1.9375,-4.875,-2.75,-0.482948,0.0345375,-0.195615
6447,11,20,88,84,71,-45,-4,5,0.0107422,-0.489746,0.891602,1.9375,-4.875,-2.75,-0.482948,0.0345375,-0.195615
6448,-9,6,-3,-22,41,46,20,1,-0.0727539,-0.447266,0.861816,3.9375,-3.9375,-2.1875,-0.481503,0.033908,-0.195655
6448,-9,-25,-74,20,-38,-13,-37,-2,-0.0727539,-0.447266,0.861816,3.9375,-3.9375,-2.1875,-0.481503,0.033908,-0.195655
6470,-1,8,51,7,-1,-3,11,6,-0.0727539,-0.447266,0.861816,3.9375,-3.9375,-2.1875,-0.481503,0.033908,-0.195655
6470,3,2,55,-34,-52,-3,8,-5,-0.0727539,-0.447266,0.861816,3.9375,-3.9375,-2.1875,-0.481503,0.033908,-0.195655
6471,12,7,-11,-108,-38,-55,-12,4,-0.116699,-0.433594,0.837402,2.9375,-4.0625,-1.5625,-0.480421,0.0345473,-0.195514
6471,-4,-18,9,69,81,17,7,-6,-0.116699,-0.433594,0.837402,2.9375,-4.0625,-1.5625,-0.480421,0.0345473,-0.195514
6484,-2,9,26,40,71,-17,1,4,-0.116699,-0.433594,0.837402,2.9375,-4.0625,-1.5625,-0.480421,0.0345473,-0.195514
6484,6,-13,-65,9,4,35,-5,-1,-0.116699,-0.433594,0.837402,2.9375,-4.0625,-1.5625,-0.480421,0.0345473,-0.195514
6492,-7,-8,21,64,30,37,-13,-9,-0.0283203,-0.466797,0.854004,-0.5625,-6.8125,-0.5625,-0.481042,0.0321943,-0.194585
6492,-11,3,-5,-74,-93,-5,-7,0,-0.0283203,-0.466797,0.854004,-0.5625,-6.8125,-0.5625,-0.481042,0.0321943,-0.194585
6507,6,-3,10,8,11,4,-12,4,-0.0283203,-0.466797,0.854004,-0.5625,-6.8125,-0.5625,-0.481042,0.0321943,-0.194585
6507,3,7,4,-47,-81,-10,25,2,-0.0283203,-0.466797,0.854004,-0.5625,-6.8125,-0.5625,-0.481042,0.0321943,-0.194585
6508,-2,-6,-36,-98,18,-61,-3,-3,-0.00390625,-0.485352,0.870605,-0.8125,-8,-2.625,-0.481922,0.028682,-0.194128
6508,3,3,33,100,66,35,32,7,-0.00390625,-0.485352,0.870605,-0.8125,-8,-2.625,-0.481922,0.028682,-0.194128
6530,7,0,-35,96,36,42,-13,-4,-0.00390625,-0.485352,0.870605,-0.8125,-8,-2.625,-0.481922,0.028682,-0.194128
6530,1,8,-17,31,5,12,1,0,-0.00390625,-0.485352,0.870605,-0.8125,-8,-2.625,-0.481922,0.028682,-0.194128
6531,3,-9,-33,-126,-117,-83,-43,-1,-0.0180664,-0.460449,0.847656,-0.3125,-9.25,-3.875,-0.482297,0.0250722,-0.193753
6531,-1,11,7,-30,35,-3,15,3,-0.0180664,-0.460449,0.847656,-0.3125,-9.25,-3.875,-0.482297,0.0250722,-0.193753
6552,4,-10,29,54,26,18,22,2,-0.0180664,-0.460449,0.847656,-0.3125,-9.25,-3.875,-0.482297,0.0250722,-0.193753
6552,-6,-4,-5,-2,-22,9,-11,-10,-0.0180664,-0.460449,0.847656,-0.3125,-9.25,-3.875,-0.482297,0.0250722,-0.193753
6553,4,-5,-3,-19,-55,-36,4,-4,-0.0126953,-0.405273,0.836914,1.5625,-10.8125,-3.8125,-0.481133,0.0210224,-0.193224
6553,5,2,15,-69,0,-11,-20,0,-0.0126953,-0.405273,0.836914,1.5625,-10.8125,-3.8125,-0.481133,0.0210224,-0.193224
6568,-8,-5,27,58,46,40,7,1,-0.0126953,-0.405273,0.836914,1.5625,-10.8125,-3.8125,-0.481133,0.0210224,-0.193224
6568,17,11,-8,5,12,-39,22,11,-0.0126953,-0.405273,0.836914,1.5625,-10.8125,-3.8125,-0.481133,0.0210224,-0.193224
6569,-13,-8,-3,54,28,53,-27,-11,0.00537109,-0.435059,0.845703,-0.6875,-11.5,-6.5,-0.481262,0.0159237,-0.193361
6569,-1,-5,-3,-59,-67,-31,-17,-4,0.00537109,-0.435059,0.845703,-0.6875,-11.5,-6.5,-0.481262,0.0159237,-0.193361
6590,-3,-8,-45,-128,-81,-6,2,-6,0.00537109,-0.435059,0.845703,-0.6875,-11.5,-6.5,-0.481262,0.0159237,-0.193361
6590,-14,-3,16,37,118,-14,-9,-11,0.00537109,-0.435059,0.845703,-0.6875,-11.5,-6.5,-0.481262,0.0159237,-0.193361
6591,9,17,21,90,80,62,32,8,-0.0102539,-0.459961,0.844727,-2,-11.6875,-11.5,-0.482279,0.0103593,-0.195053
6591,16,12,30,90,16,-13,-8,11,-0.0102539,-0.459961,0.844727,-2,-11.6875,-11.5,-0.482279,0.0103593,-0.195053
6613,-7,3,24,5,0,26,6,-11,-0.0102539,-0.459961,0.844727,-2,-11.6875,-11.5,-0.482279,0.0103593,-0.195053
6613,-2,-16,-42,-3,-40,-2,-5,3,-0.0102539,-0.459961,0.844727,-2,-11.6875,-11.5,-0.482279,0.0103593,-0.195053
6614,-10,-20,-43,-103,-83,-61,-26,-3,0.0209961,-0.463379,0.806641,-1.4375,-13.75,-12.1875,-0.483678,0.00365322,-0.196596
6614,3,9,-5,-7,16,1,0,0,0.0209961,-0.463379,0.806641,-1.4375,-13.75,-12.1875,-0.483678,0.00365322,-0.196596
6627,-2,-9,-4,-12,-9,-19,8,1,0.0209961,-0.463379,0.806641,-1.4375,-13.75,-12.1875,-0.483678,0.00365322,-0.196596
6627,-1,2,18,-48,-36,23,6,-1,0.0209961,-0.463379,0.806641,-1.4375,-13.75,-12.1875,-0.483678,0.00365322,-0.196596
6635,-4,-5,-10,9,-40,-37,-9,-13,0.0175781,-0.439453,0.803223,-1.25,-17.5625,-9.8125,-0.484467,-0.00380138,-0.196797
6635,5,4,21,33,46,22,24,8,0.0175781,-0.439453,0.803223,-1.25,-17.5625,-9.8125,-0.484467,-0.00380138,-0.196797
6658,12,-12,-37,16,60,-10,-34,6,0.0175781,-0.439453,0.803223,-1.25,-17.5625,-9.8125,-0.484467,-0.00380138,-0.196797
6658,-3,7,10,37,3,16,-10,-8,0.0175781,-0.439453,0.803223,-1.25,-17.5625,-9.8125,-0.484467,-0.00380138,-0.196797
6659,-9,-12,-7,-72,15,-42,8,-2,-0.0214844,-0.468262,0.831543,-3.8125,-20.3125,-10.3125,-0.486272,-0.0108868,-0.196589
6659,-8,0,-16,86,71,50,-12,-13,-0.0214844,-0.468262,0.831543,-3.8125,-20.3125,-10.3125,-0.486272,-0.0108868,-0.196589
6672,10,16,13,50,35,17,27,14,-0.0214844,-0.468262,0.831543,-3.8125,-20.3125,-10.3125,-0.486272,-0.0108868,-0.196589
6672,5,1,13,-30,-50,-23,-22,3,-0.0214844,-0.468262,0.831543,-3.8125,-20.3125,-10.3125,-0.486272,-0.0108868,-0.196589
6674,-1,-8,-5,-47,-90,-5,0,-12,-0.0317383,-0.425781,0.824219,-7.5,-25.25,-13.3125,-0.488744,-0.0196044,-0.19663
6674,0,-1,-25,-67,-60,-37,-3,4,-0.0317383,-0.425781,0.824219,-7.5,-25.25,-13.3125,-0.488744,-0.0196044,-0.19663
6687,2,5,3,-14,58,20,3,2,-0.0317383,-0.425781,0.824219,-7.5,-25.25,-13.3125,-0.488744,-0.0196044,-0.19663
6687,4,-1,-20,51,19,17,-5,6,-0.0317383,-0.425781,0.824219,-7.5,-25.25,-13.3125,-0.488744,-0.0196044,-0.19663
6694,-3,7,10,-39,-57,-43,4,-6,-0.000488281,-0.419922,0.829102,-5.1875,-30.0625,-13.875,-0.489956,-0.0304373,-0.195966
6694,-12,-8,17,-46,-28,-4,2,-4,-0.000488281,-0.419922,0.829102,-5.1875,-30.0625,-13.875,-0.489956,-0.0304373,-0.195966
6709,-7,-6,-14,51,-3,-29,-27,-6,-0.000488281,-0.419922,0.829102,-5.1875,-30.0625,-13.875,-0.489956,-0.0304373,-0.195966
6709,4,2,18,11,7,41,29,1,-0.000488281,-0.419922,0.829102,-5.1875,-30.0625,-13.875,-0.489956,-0.0304373,-0.195966
6711,-1,-7,-2,54,53,27,6,5,-0.00585938,-0.426758,0.849121,-2.125,-35,-14.8125,-0.490224,-0.0425387,-0.194739
6711,-3,3,3,-57,32,12,10,-6,-0.00585938,-0.426758,0.849121,-2.125,-35,-14.8125,-0.490224,-0.0425387,-0.194739
6740,0,3,9,-54,-83,-31,12,1,-0.00585938,-0.426758,0.849121,-2.125,-35,-14.8125,-0.490224,-0.0425387,-0.194739
6740,-3,6,17,51,63,-5,-21,-11,-0.00585938,-0.426758,0.849121,-2.125,-35,-14.8125,-0.490224,-0.0425387,-0.194739
6741,11,1,1,60,24,35,3,15,0.00732422,-0.443359,0.842773,-3.1875,-42.25,-17.6875,-0.491142,-0.0573243,-0.193342
6741,3,8,-26,-36,-86,-29,6,1,0.00732422,-0.443359,0.842773,-3.1875,-42.25,-17.6875,-0.491142,-0.0573243,-0.193342
6746,-14,-16,-20,-127,-48,-54,-30,-13,0.00732422,-0.443359,0.842773,-3.1875,-42.25,-17.6875,-0.491142,-0.0573243,-0.193342
6746,6,-15,-31,-18,-79,-30,-18,8,0.00732422,-0.443359,0.842773,-3.1875,-42.25,-17.6875,-0.491142,-0.0573243,-0.193342
6762,-5,7,6,112,108,101,18,-19,0.0307617,-0.435547,0.84082,-2.4375,-49.1875,-19.375,-0.491934,-0.0745625,-0.191222
6762,0,13,23,85,75,19,16,7,0.0307617,-0.435547,0.84082,-2.4375,-49.1875,-19.375,-0.491934,-0.0745625,-0.191222
6770,4,2,3,-38,-73,-39,-13,-2,0.0307617,-0.435547,0.84082,-2.4375,-49.1875,-19.375,-0.491934,-0.0745625,-0.191222
6770,-11,-14,62,-33,16,25,29,-8,0.0307617,-0.435547,0.84082,-2.4375,-49.1875,-19.375,-0.491934,-0.0745625,-0.191222
6771,-3,5,-17,0,-28,-29,1,15,0.0703125,-0.432617,0.816895,-3.9375,-56.625,-23.8125,-0.493241,-0.0954242,-0.189198
6771,-8,-18,-53,-74,-69,-55,-33,-9,0.0703125,-0.432617,0.816895,-3.9375,-56.625,-23.8125,-0.493241,-0.0954242,-0.189198
6792,-14,-8,8,63,37,62,21,-9,0.0703125,-0.432617,0.816895,-3.9375,-56.625,-23.8125,-0.493241,-0.0954242,-0.189198
6792,6,9,34,48,57,22,3,3,0.0703125,-0.432617,0.816895,-3.9375,-56.625,-23.8125,-0.493241,-0.0954242,-0.189198
6799,-1,-8,-62,-67,-87,-54,-31,-3,0.0878906,-0.396484,0.786133,3.4375,-64.3125,-24.625,-0.491815,-0.118885,-0.186114
6799,-12,1,39,-4,11,-1,6,-4,0.0878906,-0.396484,0.786133,3.4375,-64.3125,-24.625,-0.491815,-0.118885,-0.186114
6806,6,13,-16,44,-1,15,1,5,0.0878906,-0.396484,0.786133,3.4375,-64.3125,-24.625,-0.491815,-0.118885,-0.186114
6806,-23,-14,-55,-31,-16,-8,15,-10,0.0878906,-0.396484,0.786133,3.4375,-64.3125,-24.625,-0.491815,-0.118885,-0.186114
6813,11,5,19,32,71,7,-15,7,0.0454102,-0.40625,0.791504,1.3125,-70,-23.4375,-0.491484,-0.142305,-0.181908
6813,12,-8,-6,-21,-43,-7,4,10,0.0454102,-0.40625,0.791504,1.3125,-70,-23.4375,-0.491484,-0.142305,-0.181908
6837,-18,-17,-26,-88,-51,-49,-6,-8,0.0454102,-0.40625,0.791504,1.3125,-70,-23.4375,-0.491484,-0.142305,-0.181908
6837,6,15,14,4,10,53,-3,-7,0.0454102,-0.40625,0.791504,1.3125,-70,-23.4375,-0.491484,-0.142305,-0.181908
6838,4,6,13,42,14,4,32,10,0.0610352,-0.38916,0.784668,-0.5,-70.125,-26.3125,-0.491498,-0.166101,-0.178504
6838,1,-16,-9,-71,-79,-36,-40,-11,0.0610352,-0.38916,0.784668,-0.5,-70.125,-26.3125,-0.491498,-0.166101,-0.178504
6852,-11,2,38,83,69,41,12,-7,0.0610352,-0.38916,0.784668,-0.5,-70.125,-26.3125,-0.491498,-0.166101,-0.178504
6852,-5,12,-5,77,71,16,-13,1,0.0610352,-0.38916,0.784668,-0.5,-70.125,-26.3125,-0.491498,-0.166101,-0.178504
6854,4,-1,-13,-63,-64,-56,-14,4,0.0668945,-0.46582,0.803711,-7.0625,-74.9375,-32.875,-0.495171,-0.19183,-0.17604
6854,5,-6,-19,22,47,18,-21,-13,0.0668945,-0.46582,0.803711,-7.0625,-74.9375,-32.875,-0.495171,-0.19183,-0.17604
6865,12,9,37,36,39,45,27,4,0.0668945,-0.46582,0.803711,-7.0625,-74.9375,-32.875,-0.495171,-0.19183,-0.17604
6865,4,-1,-34,-83,-96,-24,-8,5,0.0668945,-0.46582,0.803711,-7.0625,-74.9375,-32.875,-0.495171,-0.19183,-0.17604
6874,-12,-8,15,11,19,-18,-7,-7,0.103027,-0.45752,0.79541,7.4375,-77.75,-35.5,-0.493523,-0.219083,-0.173848
6874,-6,-3,-4,-66,-80,-11,-2,0,0.103027,-0.45752,0.79541,7.4375,-77.75,-35.5,-0.493523,-0.219083,-0.173848
6890,-5,-10,-33,-11,57,17,12,1,0.103027,-0.45752,0.79541,7.4375,-77.75,-35.5,-0.493523,-0.219083,-0.173848
6890,5,14,68,98,72,21,17,3,0.103027,-0.45752,0.79541,7.4375,-77.75,-35.5,-0.493523,-0.219083,-0.173848
6896,2,-6,-11,13,-3,4,-5,-1,0.157227,-0.395996,0.760254,14.4375,-87,-30.25,-0.489508,-0.249381,-0.168712
6896,7,13,-6,-30,16,-40,5,8,0.157227,-0.395996,0.760254,14.4375,-87,-30.25,-0.489508,-0.249381,-0.168712
6912,-3,-9,-19,-51,-60,18,-21,-10,0.157227,-0.395996,0.760254,14.4375,-87,-30.25,-0.489508,-0.249381,-0.168712
6912,-3,-7,-1,-37,-17,-56,-23,6,0.157227,-0.395996,0.760254,14.4375,-87,-30.25,-0.489508,-0.249381,-0.168712
6914,-3,1,14,-5,7,36,-4,-22,0.147461,-0.33252,0.759277,9.3125,-91,-23.75,-0.486705,-0.279259,-0.161268
6914,-2,-6,-6,23,39,63,47,7,0.147461,-0.33252,0.759277,9.3125,-91,-23.75,-0.486705,-0.279259,-0.161268
6926,56,7,17,30,1,-27,-21,-4,0.147461,-0.33252,0.759277,9.3125,-91,-23.75,-0.486705,-0.279259,-0.161268
6926,39,-10,-38,-128,-56,-20,2,1,0.147461,-0.33252,0.759277,9.3125,-91,-23.75,-0.486705,-0.279259,-0.161268
6941,28,6,24,98,89,8,-3,8,0.13916,-0.425781,0.77832,2.1875,-92,-31,-0.487954,-0.309321,-0.155499
6941,5,9,19,41,27,0,-5,1,0.13916,-0.425781,0.77832,2.1875,-92,-31,-0.487954,-0.309321,-0.155499
6949,-20,13,25,-33,-62,-9,13,6,0.13916,-0.425781,0.77832,2.1875,-92,-31,-0.487954,-0.309321,-0.155499
6949,-31,-13,33,-17,27,-9,-8,-10,0.13916,-0.425781,0.77832,2.1875,-92,-31,-0.487954,-0.309321,-0.155499
6951,-16,-3,-60,-21,-16,-4,26,12,0.20752,-0.449707,0.765137,12.3125,-100.062,-39.125,-0.485397,-0.34595,-0.150946
6951,-13,-1,-18,41,44,23,5,-2,0.20752,-0.449707,0.765137,12.3125,-100.062,-39.125,-0.485397,-0.34595,-0.150946
6972,-11,-2,-20,4,9,-21,-15,13,0.20752,-0.449707,0.765137,12.3125,-100.062,-39.125,-0.485397,-0.34595,-0.150946
6972,-14,5,7,-50,-110,-35,8,-7,0.20752,-0.449707,0.765137,12.3125,-100.062,-39.125,-0.485397,-0.34595,-0.150946
6974,-15,2,0,-87,-14,-15,-18,-11,0.287598,-0.325684,0.731934,40.0625,-100.938,-33.3125,-0.473277,-0.382342,-0.14465
6974,-28,-9,8,119,102,36,1,-5,0.287598,-0.325684,0.731934,40.0625,-100.938,-33.3125,-0.473277,-0.382342,-0.14465
6985,0,5,-26,0,-27,-47,9,7,0.287598,-0.325684,0.731934,40.0625,-100.938,-33.3125,-0.473277,-0.382342,-0.14465
6985,-1,8,-53,-69,-25,51,4,7,0.287598,-0.325684,0.731934,40.0625,-100.938,-33.3125,-0.473277,-0.382342,-0.14465
6994,-5,-10,30,69,8,-34,-17,-8,0.260742,-0.317383,0.734375,30.625,-96.3125,-25,-0.464556,-0.414215,-0.137156
6994,10,11,17,34,26,26,13,-4,0.260742,-0.317383,0.734375,30.625,-96.3125,-25,-0.464556,-0.414215,-0.137156
7010,1,8,11,-50,15,-2,16,13,0.260742,-0.317383,0.734375,30.625,-96.3125,-25,-0.464556,-0.414215,-0.137156
7010,8,1,4,61,10,13,9,-9,0.260742,-0.317383,0.734375,30.625,-96.3125,-25,-0.464556,-0.414215,-0.137156
7016,-8,7,11,-56,-40,15,-3,6,0.274902,-0.410645,0.686035,-1.5625,-101.188,-25.25,-0.469129,-0.449063,-0.128166
7016,14,-11,-21,-65,-64,-46,21,1,0.274902,-0.410645,0.686035,-1.5625,-101.188,-25.25,-0.469129,-0.449063,-0.128166
7032,-9,-13,16,-4,54,20,-34,-14,0.274902,-0.410645,0.686035,-1.5625,-101.188,-25.25,-0.469129,-0.449063,-0.128166
7032,6,-3,10,80,69,21,-2,7,0.274902,-0.410645,0.686035,-1.5625,-101.188,-25.25,-0.469129,-0.449063,-0.128166
7034,-11,7,39,-8,-50,-26,5,-6,0.337891,-0.549805,0.683105,4.625,-106,-27.5625,-0.472844,-0.485805,-0.118384
7034,13,5,-5,0,38,6,-18,4,0.337891,-0.549805,0.683105,4.625,-106,-27.5625,-0.472844,-0.485805,-0.118384
7046,5,-8,-13,66,-33,0,16,5,0.337891,-0.549805,0.683105,4.625,-106,-27.5625,-0.472844,-0.485805,-0.118384
7046,-32,-2,-19,-123,-82,-34,-13,-9,0.337891,-0.549805,0.683105,4.625,-106,-27.5625,-0.472844,-0.485805,-0.118384
7054,-5,-13,-2,23,36,7,-1,-6,0.452637,-0.356445,0.685059,50.5,-105.562,-28.25,-0.459546,-0.523141,-0.109525
7054,-5,6,-41,20,13,4,-1,0,0.452637,-0.356445,0.685059,50.5,-105.562,-28.25,-0.459546,-0.523141,-0.109525
7070,4,-12,20,-38,-25,-7,10,2,0.452637,-0.356445,0.685059,50.5,-105.562,-28.25,-0.459546,-0.523141,-0.109525
7070,0,-7,-22,-26,0,-21,-29,3,0.452637,-0.356445,0.685059,50.5,-105.562,-28.25,-0.459546,-0.523141,-0.109525
7071,2,2,24,68,76,31,30,6,0.490723,-0.289062,0.682129,40.875,-100.312,-19.0625,-0.450684,-0.557559,-0.0986035
7071,6,9,3,-3,-18,0,-32,-6,0.490723,-0.289062,0.682129,40.875,-100.312,-19.0625,-0.450684,-0.557559,-0.0986035
7093,15,8,-4,-10,1,-43,-16,-3,0.490723,-0.289062,0.682129,40.875,-100.312,-19.0625,-0.450684,-0.557559,-0.0986035
7093,14,5,23,32,26,81,31,19,0.490723,-0.289062,0.682129,40.875,-100.312,-19.0625,-0.450684,-0.557559,-0.0986035
7094,-30,-3,-42,-46,-83,-1,-14,-10,0.486816,-0.334473,0.60498,-4.375,-99,-16.25,-0.459622,-0.591662,-0.0861186
7094,22,-10,10,-38,21,-2,-13,-6,0.486816,-0.334473,0.60498,-4.375,-99,-16.25,-0.459622,-0.591662,-0.0861186
7106,-27,3,-15,31,-21,5,2,-3,0.486816,-0.334473,0.60498,-4.375,-99,-16.25,-0.459622,-0.591662,-0.0861186
7106,-1,-3,38,7,9,-39,-14,-8,0.486816,-0.334473,0.60498,-4.375,-99,-16.25,-0.459622,-0.591662,-0.0861186
7123,26,25,59,-2,-19,2,7,11,0.480957,-0.478516,0.648438,-2,-98,-25.5,-0.469456,-0.624361,-0.0748552
7123,-17,2,-43,32,43,18,28,8,0.480957,-0.478516,0.648438,-2,-98,-25.5,-0.469456,-0.624361,-0.0748552
7130,-3,-4,-48,-6,26,13,-26,-5,0.480957,-0.478516,0.648438,-2,-98,-25.5,-0.469456,-0.624361,-0.0748552
7130,-5,3,5,9,17,-8,2,-6,0.480957,-0.478516,0.648438,-2,-98,-25.5,-0.469456,-0.624361,-0.0748552
7131,3,-3,0,-10,-17,3,2,8,0.587891,-0.424805,0.615723,31.125,-97.5,-26.25,-0.467099,-0.659111,-0.0639848
7131,-7,-13,-7,-50,-77,-36,-6,0,0.587891,-0.424805,0.615723,31.125,-97.5,-26.25,-0.467099,-0.659111,-0.0639848
7153,1,8,66,-25,-1,15,27,-8,0.587891,-0.424805,0.615723,31.125,-97.5,-26.25,-0.467099,-0.659111,-0.0639848
7153,-4,-25,-108,114,84,10,-4,8,0.587891,-0.424805,0.615723,31.125,-97.5,-26.25,-0.467099,-0.659111,-0.0639848
7154,-3,8,25,-2,-7,-22,-13,0,0.651367,-0.284668,0.603516,46.9375,-95.375,-17.8125,-0.4578,-0.693609,-0.0523789
7154,-7,-12,1,-46,-100,-14,-15,-5,0.651367,-0.284668,0.603516,46.9375,-95.375,-17.8125,-0.4578,-0.693609,-0.0523789
7166,-11,-5,-6,-36,21,-24,1,-1,0.651367,-0.284668,0.603516,46.9375,-95.375,-17.8125,-0.4578,-0.693609,-0.0523789
7166,38,5,2,19,4,-4,-23,-5,0.651367,-0.284668,0.603516,46.9375,-95.375,-17.8125,-0.4578,-0.693609,-0.0523789
7175,-46,12,11,18,70,59,22,-4,0.628906,-0.262695,0.629883,15.125,-91.8125,-16.75,-0.458799,-0.72535,-0.0414924
7175,3,-3,17,43,5,28,7,2,0.628906,-0.262695,0.629883,15.125,-91.8125,-16.75,-0.458799,-0.72535,-0.0414924
7190,9,-3,5,15,-11,-1,33,8,0.628906,-0.262695,0.629883,15.125,-91.8125,-16.75,-0.458799,-0.72535,-0.0414924
7190,4,0,3,10,13,-9,-44,-9,0.628906,-0.262695,0.629883,15.125,-91.8125,-16.75,-0.458799,-0.72535,-0.0414924
7191,68,-8,-68,-49,-26,-39,-28,5,0.73877,-0.352051,0.569336,2.25,-84.6875,-21.1875,-0.46585,-0.756947,-0.0312692
7191,-57,-1,33,-21,12,-4,-4,-15,0.73877,-0.352051,0.569336,2.25,-84.6875,-21.1875,-0.46585,-0.756947,-0.0312692
7212,23,9,13,39,2,16,21,6,0.73877,-0.352051,0.569336,2.25,-84.6875,-21.1875,-0.46585,-0.756947,-0.0312692
7212,13,-6,-15,-36,-20,-22,-19,-5,0.73877,-0.352051,0.569336,2.25,-84.6875,-21.1875,-0.46585,-0.756947,-0.0312692
7214,-16,-10,-21,-24,-11,-6,-5,-8,0.73584,-0.36377,0.56543,12.3125,-85.4375,-17.875,-0.471544,-0.787511,-0.0185747
7214,-20,-16,-18,10,13,0,-2,-2,0.73584,-0.36377,0.56543,12.3125,-85.4375,-17.875,-0.471544,-0.787511,-0.0185747
7226,12,4,0,7,-7,-2,4,15,0.73584,-0.36377,0.56543,12.3125,-85.4375,-17.875,-0.471544,-0.787511,-0.0185747
7226,-46,-1,12,-17,-61,-8,11,-10,0.73584,-0.36377,0.56543,12.3125,-85.4375,-17.875,-0.471544,-0.787511,-0.0185747
7234,26,0,-28,-40,6,1,0,6,0.661133,-0.278809,0.57373,40.375,-85.375,-16.5625,-0.465744,-0.816376,-0.00686458
7234,-30,-5,3,3,-3,-8,-14,-15,0.661133,-0.278809,0.57373,40.375,-85.375,-16.5625,-0.465744,-0.816376,-0.00686458
7249,-33,-2,-6,-41,33,17,-19,-12,0.661133,-0.278809,0.57373,40.375,-85.375,-16.5625,-0.465744,-0.816376,-0.00686458
7249,4,19,81,36,-3,16,31,12,0.661133,-0.278809,0.57373,40.375,-85.375,-16.5625,-0.465744,-0.816376,-0.00686458
7256,-8,-16,-37,-39,-45,-28,-6,-2,0.754883,-0.230957,0.526855,20.5,-79.875,-20.875,-0.464191,-0.846235,0.00127748
7256,14,-4,4,37,52,31,17,10,0.754883,-0.230957,0.526855,20.5,-79.875,-20.875,-0.464191,-0.846235,0.00127748
7273,2,-4,-20,35,14,13,-3,6,0.754883,-0.230957,0.526855,20.5,-79.875,-20.875,-0.464191,-0.846235,0.00127748
7273,9,24,38,2,-32,-7,-15,-1,0.754883,-0.230957,0.526855,20.5,-79.875,-20.875,-0.464191,-0.846235,0.00127748
7274,-27,-17,-7,-33,-39,-2,15,-4,0.896973,-0.262695,0.493164,-4.1875,-76,-23.5,-0.471296,-0.877111,0.00865687
7274,27,6,-2,-60,-106,-12,-6,-1,0.896973,-0.262695,0.493164,-4.1875,-76,-23.5,-0.471296,-0.877111,0.00865687
7295,-20,-7,4,-2,35,-8,-25,-18,0.896973,-0.262695,0.493164,-4.1875,-76,-23.5,-0.471296,-0.877111,0.00865687
7295,45,-3,10,26,102,31,50,10,0.896973,-0.262695,0.493164,-4.1875,-76,-23.5,-0.471296,-0.877111,0.00865687
7297,33,11,11,108,39,4,5,13,0.817383,-0.359863,0.46875,-1.125,-72.875,-18.625,-0.482914,-0.903856,0.0210617
7297,35,9,11,-14,-13,-21,-13,3,0.817383,-0.359863,0.46875,-1.125,-72.875,-18.625,-0.482914,-0.903856,0.0210617
7309,-25,4,12,-29,-29,5,11,-11,0.817383,-0.359863,0.46875,-1.125,-72.875,-18.625,-0.482914,-0.903856,0.0210617
7309,-13,4,-14,-44,-63,-12,-7,3,0.817383,-0.359863,0.46875,-1.125,-72.875,-18.625,-0.482914,-0.903856,0.0210617
7316,-70,-12,-9,-32,13,-20,-61,-33,0.807129,-0.312988,0.541504,18.8125,-73.375,-18,-0.485589,-0.929127,0.032275
7316,23,-3,-9,21,42,17,13,11,0.807129,-0.312988,0.541504,18.8125,-73.375,-18,-0.485589,-0.929127,0.032275
7332,-4,18,46,55,31,11,-15,-6,0.807129,-0.312988,0.541504,18.8125,-73.375,-18,-0.485589,-0.929127,0.032275
7332,-2,-8,-38,11,20,-1,19,4,0.807129,-0.312988,0.541504,18.8125,-73.375,-18,-0.485589,-0.929127,0.032275
7334,-18,-13,-2,-34,-69,-5,13,-3,0.88916,-0.260254,0.453125,26.0625,-72,-14.3125,-0.487276,-0.955691,0.0453802
7334,-18,-1,4,-58,-49,-42,-22,-11,0.88916,-0.260254,0.453125,26.0625,-72,-14.3125,-0.487276,-0.955691,0.0453802
7346,10,-4,-33,-17,26,9,36,15,0.88916,-0.260254,0.453125,26.0625,-72,-14.3125,-0.487276,-0.955691,0.0453802
7346,-19,-15,-19,-13,22,6,-13,-11,0.88916,-0.260254,0.453125,26.0625,-72,-14.3125,-0.487276,-0.955691,0.0453802
7355,41,8,36,67,67,13,22,7,1.00781,-0.249023,0.381836,10.8125,-72.1875,-14.6875,-0.495832,-0.984833,0.0596913
7355,-9,7,28,84,59,66,-13,-15,1.00781,-0.249023,0.381836,10.8125,-72.1875,-14.6875,-0.495832,-0.984833,0.0596913
7370,37,8,15,9,-31,1,13,5,1.00781,-0.249023,0.381836,10.8125,-72.1875,-14.6875,-0.495832,-0.984833,0.0596913
7370,1,-4,-58,-60,-81,-36,-25,-8,1.00781,-0.249023,0.381836,10.8125,-72.1875,-14.6875,-0.495832,-0.984833,0.0596913
7372,-10,-16,-8,-96,-13,-33,-14,-5,0.937988,-0.26123,0.36084,1.5625,-69.6875,-10.3125,-0.510836,-1.01092,0.0773957
7372,-4,1,5,18,8,-13,10,6,0.937988,-0.26123,0.36084,1.5625,-69.6875,-10.3125,-0.510836,-1.01092,0.0773957
7392,-5,-2,20,48,47,13,-3,-3,0.937988,-0.26123,0.36084,1.5625,-69.6875,-10.3125,-0.510836,-1.01092,0.0773957
7392,4,-9,-27,-3,-3,13,14,5,0.937988,-0.26123,0.36084,1.5625,-69.6875,-10.3125,-0.510836,-1.01092,0.0773957
7393,3,8,53,33,-27,-6,23,7,0.930664,-0.330078,0.383789,1.9375,-65.8125,-16.4375,-0.525015,-1.03479,0.0933481
7393,19,-1,-37,-34,-31,-14,-4,9,0.930664,-0.330078,0.383789,1.9375,-65.8125,-16.4375,-0.525015,-1.03479,0.0933481
7406,12,-8,-20,1,2,-11,-24,-3,0.930664,-0.330078,0.383789,1.9375,-65.8125,-16.4375,-0.525015,-1.03479,0.0933481
7406,0,6,17,19,73,19,27,5,0.930664,-0.330078,0.383789,1.9375,-65.8125,-16.4375,-0.525015,-1.03479,0.0933481
7415,-15,5,30,9,-10,7,-33,-15,0.96875,-0.197266,0.366211,15.875,-58.0625,-17.875,-0.527112,-1.05836,0.102362
7415,23,8,-28,-35,-36,-19,15,10,0.96875,-0.197266,0.366211,15.875,-58.0625,-17.875,-0.527112,-1.05836,0.102362
7430,-16,-30,-39,-61,-121,-56,-48,-31,0.96875,-0.197266,0.366211,15.875,-58.0625,-17.875,-0.527112,-1.05836,0.102362
7430,22,4,1,-8,76,43,24,18,0.96875,-0.197266,0.366211,15.875,-58.0625,-17.875,-0.527112,-1.05836,0.102362
7432,16,12,9,126,127,55,17,10,1.08105,-0.122559,0.304199,-0.3125,-49.125,-14.8125,-0.532271,-1.08101,0.108832
7432,-11,6,42,62,23,-22,13,3,1.08105,-0.122559,0.304199,-0.3125,-49.125,-14.8125,-0.532271,-1.08101,0.108832
7453,-1,-5,-17,-24,-61,-22,14,6,1.08105,-0.122559,0.304199,-0.3125,-49.125,-14.8125,-0.532271,-1.08101,0.108832
7453,-12,-12,-37,-99,-126,-22,-39,-32,1.08105,-0.122559,0.304199,-0.3125,-49.125,-14.8125,-0.532271,-1.08101,0.108832
7454,-22,-10,2,46,39,-12,-6,-7,1.10205,-0.14502,0.269043,-18.875,-43.9375,-10.375,-0.547268,-1.10162,0.11854
7454,3,12,9,93,67,29,27,9,1.10205,-0.14502,0.269043,-18.875,-43.9375,-10.375,-0.547268,-1.10162,0.11854
7466,2,9,17,6,30,20,-4,1,1.10205,-0.14502,0.269043,-18.875,-43.9375,-10.375,-0.547268,-1.10162,0.11854
7466,-13,-5,38,49,28,-9,-3,-4,1.10205,-0.14502,0.269043,-18.875,-43.9375,-10.375,-0.547268,-1.10162,0.11854
7474,19,3,-39,-122,-95,-19,-4,6,1.10986,-0.188477,0.280273,-14.125,-39.1875,-6.3125,-0.563189,-1.11895,0.130688
7474,-13,-13,-23,-24,38,-16,-22,-16,1.10986,-0.188477,0.280273,-14.125,-39.1875,-6.3125,-0.563189,-1.11895,0.130688
7489,17,2,20,49,55,31,25,10,1.10986,-0.188477,0.280273,-14.125,-39.1875,-6.3125,-0.563189,-1.11895,0.130688
7489,-10,1,-11,44,3,-7,-3,5,1.10986,-0.188477,0.280273,-14.125,-39.1875,-6.3125,-0.563189,-1.11895,0.130688
7496,-5,-6,-37,-58,-58,-17,2,-4,1.06836,-0.137207,0.264648,-2.125,-32.8125,-7.4375,-0.570536,-1.13439,0.138498
7496,-4,-9,29,-39,-50,-21,-28,-8,1.06836,-0.137207,0.264648,-2.125,-32.8125,-7.4375,-0.570536,-1.13439,0.138498
7513,-11,-9,-55,-67,-46,-6,0,3,1.06836,-0.137207,0.264648,-2.125,-32.8125,-7.4375,-0.570536,-1.13439,0.138498
7513,8,11,7,-33,12,-2,10,-1,1.06836,-0.137207,0.264648,-2.125,-32.8125,-7.4375,-0.570536,-1.13439,0.138498
7514,-19,-10,4,82,46,1,-23,-2,1.02246,-0.117188,0.282227,-12.125,-30.0625,-8.8125,-0.578256,-1.14836,0.142978
7514,9,-2,15,77,61,32,-1,-1,1.02246,-0.117188,0.282227,-12.125,-30.0625,-8.8125,-0.578256,-1.14836,0.142978
7535,1,9,18,12,-7,-6,0,2,1.02246,-0.117188,0.282227,-12.125,-30.0625,-8.8125,-0.578256,-1.14836,0.142978
7535,-14,-2,14,-67,-53,-23,-9,-1,1.02246,-0.117188,0.282227,-12.125,-30.0625,-8.8125,-0.578256,-1.14836,0.142978
7536,11,-4,-17,7,-9,35,21,-1,1.03857,-0.175781,0.276367,-22.1875,-26.9375,-10.875,-0.590134,-1.16118,0.1476
7536,2,1,5,-51,-5,-2,6,0,1.03857,-0.175781,0.276367,-22.1875,-26.9375,-10.875,-0.590134,-1.16118,0.1476
7549,-5,-6,-4,23,4,1,-13,-5,1.03857,-0.175781,0.276367,-22.1875,-26.9375,-10.875,-0.590134,-1.16118,0.1476
7549,2,7,1,17,25,-6,11,7,1.03857,-0.175781,0.276367,-22.1875,-26.9375,-10.875,-0.590134,-1.16118,0.1476
7556,10,7,8,-4,-5,-8,0,1,1.18457,-0.221191,0.312988,-19.3125,-18.625,-8.375,-0.599952,-1.17069,0.150946
7556,-7,-5,-4,-22,-26,-5,-4,-1,1.18457,-0.221191,0.312988,-19.3125,-18.625,-8.375,-0.599952,-1.17069,0.150946
7580,-2,0,-3,-9,4,0,1,1,1.18457,-0.221191,0.312988,-19.3125,-18.625,-8.375,-0.599952,-1.17069,0.150946
7580,-14,-12,-6,11,-2,-7,-5,-8,1.18457,-0.221191,0.312988,-19.3125,-18.625,-8.375,-0.599952,-1.17069,0.150946
7581,6,4,7,-30,-10,1,5,3,1.19678,-0.187988,0.300781,-11.3125,-9.625,-3,-0.605544,-1.17743,0.152827
7581,-2,2,-2,-1,-3,-1,-4,2,1.19678,-0.187988,0.300781,-11.3125,-9.625,-3,-0.605544,-1.17743,0.152827
7594,-12,-8,-8,-10,4,-7,-13,-5,1.19678,-0.187988,0.300781,-11.3125,-9.625,-3,-0.605544,-1.17743,0.152827
7594,-1,-2,2,20,5,3,1,0,1.19678,-0.187988,0.300781,-11.3125,-9.625,-3,-0.605544,-1.17743,0.152827
7596,4,-3,-17,-15,-5,-6,-6,-3,1.11621,-0.17334,0.246582,-15,-5.9375,1.5,-0.614597,-1.18227,0.15695
7596,1,4,-1,-7,2,2,12,4,1.11621,-0.17334,0.246582,-15,-5.9375,1.5,-0.614597,-1.18227,0.15695
7609,-3,1,-2,3,5,4,0,-1,1.11621,-0.17334,0.246582,-15,-5.9375,1.5,-0.614597,-1.18227,0.15695
7609,-4,2,16,23,4,0,-5,-1,1.11621,-0.17334,0.246582,-15,-5.9375,1.5,-0.614597,-1.18227,0.15695
7616,7,7,3,-4,1,-1,8,1,1.11768,-0.203125,0.275391,-15.25,-1.9375,2.75,-0.623009,-1.18495,0.160299
7616,-9,-11,-19,-15,-10,-5,-3,-5,1.11768,-0.203125,0.275391,-15.25,-1.9375,2.75,-0.623009,-1.18495,0.160299
7632,-1,2,1,2,2,4,-3,1,1.11768,-0.203125,0.275391,-15.25,-1.9375,2.75,-0.623009,-1.18495,0.160299
7632,1,-1,4,17,2,-4,0,-2,1.11768,-0.203125,0.275391,-15.25,-1.9375,2.75,-0.623009,-1.18495,0.160299
7633,1,6,-5,-8,-1,-6,3,-1,1.03027,-0.249512,0.300293,-15.25,0.6875,3.75,-0.632195,-1.18474,0.164197
7633,0,5,12,1,-1,2,-6,-2,1.03027,-0.249512,0.300293,-15.25,0.6875,3.75,-0.632195,-1.18474,0.164197
7655,-4,-7,-9,-2,-3,-2,-4,-4,1.03027,-0.249512,0.300293,-15.25,0.6875,3.75,-0.632195,-1.18474,0.164197
7655,-2,-3,-1,6,3,0,1,1,1.03027,-0.249512,0.300293,-15.25,0.6875,3.75,-0.632195,-1.18474,0.164197
7657,1,-2,-3,-10,-5,-1,1,0,0.889648,-0.241211,0.321289,-19.625,-1.0625,5.625,-0.643445,-1.18279,0.169015
7657,-3,3,4,-1,-3,-1,-3,-2,0.889648,-0.241211,0.321289,-19.625,-1.0625,5.625,-0.643445,-1.18279,0.169015
7669,-2,2,-1,3,5,1,0,-1,0.889648,-0.241211,0.321289,-19.625,-1.0625,5.625,-0.643445,-1.18279,0.169015
7669,-2,-2,-2,2,1,0,-1,-1,0.889648,-0.241211,0.321289,-19.625,-1.0625,5.625,-0.643445,-1.18279,0.169015
7676,0,-2,0,-9,-4,-1,-2,3,0.880371,-0.287109,0.32666,-19.6875,-5.5625,4,-0.657461,-1.18199,0.17641
7676,-1,-2,-3,0,-4,-1,1,-3,0.880371,-0.287109,0.32666,-19.6875,-5.5625,4,-0.657461,-1.18199,0.17641
7693,-2,-1,-2,-2,0,1,0,0,0.880371,-0.287109,0.32666,-19.6875,-5.5625,4,-0.657461,-1.18199,0.17641
7693,-2,1,6,5,0,0,1,-2,0.880371,-0.287109,0.32666,-19.6875,-5.5625,4,-0.657461,-1.18199,0.17641
7694,0,-4,-3,-5,-4,-2,-3,-2,0.879395,-0.322754,0.331055,-10,-8.25,8.0625,-0.673783,-1.1802,0.189874
7694,-5,-5,-6,-8,-2,-1,-1,-1,0.879395,-0.322754,0.331055,-10,-8.25,8.0625,-0.673783,-1.1802,0.189874
7715,2,0,-3,-3,1,3,-2,0,0.879395,-0.322754,0.331055,-10,-8.25,8.0625,-0.673783,-1.1802,0.189874
7715,-1,-4,0,2,1,0,-2,-1,0.879395,-0.322754,0.331055,-10,-8.25,8.0625,-0.673783,-1.1802,0.189874
7716,-2,4,6,0,-2,-1,1,0,0.817383,-0.321777,0.330566,0.1875,-8.4375,9.0625,-0.686545,-1.17757,0.203476
7716,-2,-2,-13,-4,-3,-1,-1,-1,0.817383,-0.321777,0.330566,0.1875,-8.4375,9.0625,-0.686545,-1.17757,0.203476
7730,-1,0,4,-1,1,0,0,-1,0.817383,-0.321777,0.330566,0.1875,-8.4375,9.0625,-0.686545,-1.17757,0.203476
7730,-2,-3,-4,1,2,-2,-2,-1,0.817383,-0.321777,0.330566,0.1875,-8.4375,9.0625,-0.686545,-1.17757,0.203476
7737,3,0,-3,0,1,-2,-1,2,0.796875,-0.28418,0.329102,4.9375,-9.3125,5.625,-0.694118,-1.17664,0.213359
7737,-3,2,5,1,-1,0,0,-1,0.796875,-0.28418,0.329102,4.9375,-9.3125,5.625,-0.694118,-1.17664,0.213359
7752,-1,2,4,1,-1,1,1,0,0.796875,-0.28418,0.329102,4.9375,-9.3125,5.625,-0.694118,-1.17664,0.213359
7752,-5,-1,-2,2,-2,-3,-3,-2,0.796875,-0.28418,0.329102,4.9375,-9.3125,5.625,-0.694118,-1.17664,0.213359
7753,-4,-6,-4,-4,-2,-1,-1,0,0.82373,-0.289062,0.336426,0.0625,-10.25,1.5,-0.700618,-1.17666,0.220358
7753,-1,2,0,-1,-2,-1,-2,0,0.82373,-0.289062,0.336426,0.0625,-10.25,1.5,-0.700618,-1.17666,0.220358
7775,-4,-4,-5,0,-2,-2,-1,-1,0.82373,-0.289062,0.336426,0.0625,-10.25,1.5,-0.700618,-1.17666,0.220358
7775,0,1,3,3,0,0,-1,1,0.82373,-0.289062,0.336426,0.0625,-10.25,1.5,-0.700618,-1.17666,0.220358
7776,1,-1,0,-3,-2,-2,-1,-1,0.865723,-0.287598,0.314941,-7.375,-10.5,-5.25,-0.706602,-1.17911,0.224027
7776,-1,2,5,0,0,-1,-1,-1,0.865723,-0.287598,0.314941,-7.375,-10.5,-5.25,-0.706602,-1.17911,0.224027
7789,1,-1,-1,0,0,0,1,0,0.865723,-0.287598,0.314941,-7.375,-10.5,-5.25,-0.706602,-1.17911,0.224027
7789,1,2,1,1,1,0,-1,1,0.865723,-0.287598,0.314941,-7.375,-10.5,-5.25,-0.706602,-1.17911,0.224027
7796,2,2,0,-3,-2,0,-1,1,0.883789,-0.284668,0.308105,-11.6875,-9.4375,-8,-0.711435,-1.18204,0.224642
7796,-1,-3,-3,-2,1,-1,-1,-2,0.883789,-0.284668,0.308105,-11.6875,-9.4375,-8,-0.711435,-1.18204,0.224642
7812,1,1,1,1,-1,-1,-4,-2,0.883789,-0.284668,0.308105,-11.6875,-9.4375,-8,-0.711435,-1.18204,0.224642
7812,0,-1,3,0,-2,-1,-1,0,0.883789,-0.284668,0.308105,-11.6875,-9.4375,-8,-0.711435,-1.18204,0.224642
7814,-2,-3,-7,-4,-2,-2,0,-2,0.908203,-0.276367,0.297363,-12.875,-8.875,-8.75,-0.716247,-1.18555,0.224923
7814,0,1,1,-1,-1,1,1,-2,0.908203,-0.276367,0.297363,-12.875,-8.875,-8.75,-0.716247,-1.18555,0.224923
7834,-4,-2,-3,0,-1,-2,0,-2,0.908203,-0.276367,0.297363,-12.875,-8.875,-8.75,-0.716247,-1.18555,0.224923
7834,-3,-4,-3,-1,-1,-1,1,-5,0.908203,-0.276367,0.297363,-12.875,-8.875,-8.75,-0.716247,-1.18555,0.224923
7836,2,1,0,-2,0,1,0,-5,0.922852,-0.251953,0.285156,-15.25,-7.1875,-11.3125,-0.718362,-1.18964,0.221465
7836,5,-1,-1,-1,-1,-2,2,-3,0.922852,-0.251953,0.285156,-15.25,-7.1875,-11.3125,-0.718362,-1.18964,0.221465
7849,-2,-2,-2,1,0,0,-1,0,0.922852,-0.251953,0.285156,-15.25,-7.1875,-11.3125,-0.718362,-1.18964,0.221465
7849,-2,-1,-1,-1,-2,-1,1,0,0.922852,-0.251953,0.285156,-15.25,-7.1875,-11.3125,-0.718362,-1.18964,0.221465
7864,-4,-1,-2,-1,0,-1,0,2,0.904297,-0.229492,0.266113,-16.5625,-7.0625,-9.5,-0.721855,-1.19402,0.218919
7864,-2,-1,4,0,-2,0,0,1,0.904297,-0.229492,0.266113,-16.5625,-7.0625,-9.5,-0.721855,-1.19402,0.218919
7873,0,-2,-1,-2,-1,-1,0,-1,0.904297,-0.229492,0.266113,-16.5625,-7.0625,-9.5,-0.721855,-1.19402,0.218919
7873,-1,0,-15,-1,-1,0,1,1,0.904297,-0.229492,0.266113,-16.5625,-7.0625,-9.5,-0.721855,-1.19402,0.218919
7874,1,-4,-3,0,-1,-1,-1,1,0.865234,-0.213379,0.27832,-14.9375,-10.25,-7.375,-0.726433,-1.19804,0.218563
7874,0,1,1,-3,-2,-2,-2,0,0.865234,-0.213379,0.27832,-14.9375,-10.25,-7.375,-0.726433,-1.19804,0.218563
7895,-1,-1,3,3,2,-1,0,0,0.865234,-0.213379,0.27832,-14.9375,-10.25,-7.375,-0.726433,-1.19804,0.218563
7895,1,1,6,2,-2,-1,-2,-1,0.865234,-0.213379,0.27832,-14.9375,-10.25,-7.375,-0.726433,-1.19804,0.218563
7896,-3,-5,-3,-4,-2,-2,-1,-2,0.842285,-0.220703,0.277832,-6.9375,-17.25,-8.1875,-0.731937,-1.20364,0.222177
7896,2,1,-5,-2,0,0,-1,1,0.842285,-0.220703,0.277832,-6.9375,-17.25,-8.1875,-0.731937,-1.20364,0.222177
7909,-2,-2,0,-5,-2,0,-2,-3,0.842285,-0.220703,0.277832,-6.9375,-17.25,-8.1875,-0.731937,-1.20364,0.222177
7909,1,-4,0,-2,1,-1,-2,-1,0.842285,-0.220703,0.277832,-6.9375,-17.25,-8.1875,-0.731937,-1.20364,0.222177
7917,-1,0,-2,-2,-3,-1,-2,0,0.849121,-0.26709,0.25,-5.625,-26.4375,-8,-0.74657,-1.21137,0.235415
7917,-3,-3,1,-1,-1,-1,-2,0,0.849121,-0.26709,0.25,-5.625,-26.4375,-8,-0.74657,-1.21137,0.235415
7932,-5,-4,-1,-2,0,-1,0,0,0.849121,-0.26709,0.25,-5.625,-26.4375,-8,-0.74657,-1.21137,0.235415
7932,0,0,2,-1,-2,-1,-1,0,0.849121,-0.26709,0.25,-5.625,-26.4375,-8,-0.74657,-1.21137,0.235415
7934,5,9,1,1,-1,-2,0,2,0.866211,-0.271973,0.249512,0.375,-31.8125,-7.5625,-0.763497,-1.22005,0.253416
7934,-6,-6,-2,-1,-1,-3,-1,-5,0.866211,-0.271973,0.249512,0.375,-31.8125,-7.5625,-0.763497,-1.22005,0.253416
7955,2,0,-4,-1,1,1,1,1,0.866211,-0.271973,0.249512,0.375,-31.8125,-7.5625,-0.763497,-1.22005,0.253416
7955,0,-1,-2,-2,0,-1,0,-2,0.866211,-0.271973,0.249512,0.375,-31.8125,-7.5625,-0.763497,-1.22005,0.253416
7956,0,-2,1,-1,-1,-1,-2,-2,0.818848,-0.294434,0.273438,19.5,-38.875,-3.3125,-0.781853,-1.22801,0.279992
7956,1,-1,-4,-2,-2,-1,-1,1,0.818848,-0.294434,0.273438,19.5,-38.875,-3.3125,-0.781853,-1.22801,0.279992
7969,1,-1,0,-4,-1,-1,-3,-1,0.818848,-0.294434,0.273438,19.5,-38.875,-3.3125,-0.781853,-1.22801,0.279992
7969,-2,2,7,2,-2,-3,-2,-1,0.818848,-0.294434,0.273438,19.5,-38.875,-3.3125,-0.781853,-1.22801,0.279992
7977,-4,-6,1,2,0,0,-1,-3,0.797852,-0.310059,0.243652,42.125,-49.625,2.5625,-0.807157,-1.2367,0.322164
7977,0,0,-11,1,2,1,1,0,0.797852,-0.310059,0.243652,42.125,-49.625,2.5625,-0.807157,-1.2367,0.322164
7993,-2,-1,-2,0,1,-1,-2,-1,0.797852,-0.310059,0.243652,42.125,-49.625,2.5625,-0.807157,-1.2367,0.322164
7993,-1,-2,-2,0,0,-1,-1,-1,0.797852,-0.310059,0.243652,42.125,-49.625,2.5625,-0.807157,-1.2367,0.322164
7993,0,0,4,0,-3,-1,-2,1,0.890625,-0.248047,0.205078,63.875,-59.4375,1.1875,-0.831458,-1.25003,0.371274
7993,-3,-4,-3,-2,-3,-2,-1,-2,0.890625,-0.248047,0.205078,63.875,-59.4375,1.1875,-0.831458,-1.25003,0.371274
8015,-1,0,-1,4,0,-1,-1,-1,0.890625,-0.248047,0.205078,63.875,-59.4375,1.1875,-0.831458,-1.25003,0.371274
8015,0,2,-1,-2,-1,-1,-1,-1,0.890625,-0.248047,0.205078,63.875,-59.4375,1.1875,-0.831458,-1.25003,0.371274
8016,-3,-2,-2,2,0,1,-2,-1,1.09375,-0.241211,0.124023,50.5,-59.5,-11.3125,-0.858766,-1.26855,0.417989
8016,0,-1,4,2,1,-3,-1,-1,1.09375,-0.241211,0.124023,50.5,-59.5,-11.3125,-0.858766,-1.26855,0.417989
8029,0,-1,0,-3,-1,-1,-1,-1,1.09375,-0.241211,0.124023,50.5,-59.5,-11.3125,-0.858766,-1.26855,0.417989
8029,0,-3,-4,-2,2,1,-1,0,1.09375,-0.241211,0.124023,50.5,-59.5,-11.3125,-0.858766,-1.26855,0.417989
8037,-4,-5,-3,-1,-2,0,-1,-1,1.19238,-0.210938,0.100098,19.5,-50.25,-22.8125,-0.884477,-1.28888,0.451492
8037,-3,-3,0,-1,-6,-1,-1,-2,1.19238,-0.210938,0.100098,19.5,-50.25,-22.8125,-0.884477,-1.28888,0.451492
8052,-1,0,9,-2,0,0,2,0,1.19238,-0.210938,0.100098,19.5,-50.25,-22.8125,-0.884477,-1.28888,0.451492
8052,-2,-6,0,0,-1,0,-1,-2,1.19238,-0.210938,0.100098,19.5,-50.25,-22.8125,-0.884477,-1.28888,0.451492
8054,-4,-5,-15,-10,-2,-2,0,-2,1.13574,-0.230957,0.101074,4.6875,-39.625,-22.875,-0.909182,-1.30535,0.478354
8054,-3,2,2,-1,1,0,-1,0,1.13574,-0.230957,0.101074,4.6875,-39.625,-22.875,-0.909182,-1.30535,0.478354
8075,-3,1,-1,6,1,0,-1,-1,1.13574,-0.230957,0.101074,4.6875,-39.625,-22.875,-0.909182,-1.30535,0.478354
8075,2,3,-1,1,-2,0,0,0,1.13574,-0.230957,0.101074,4.6875,-39.625,-22.875,-0.909182,-1.30535,0.478354
8077,1,2,0,3,-1,-1,-2,-1,1.15137,-0.211426,0.0478516,2.3125,-30.125,-17.75,-0.934415,-1.31904,0.504758
8077,-1,-3,1,0,-2,-2,-1,0,1.15137,-0.211426,0.0478516,2.3125,-30.125,-17.75,-0.934415,-1.31904,0.504758
8089,-3,-6,-8,-4,-4,-2,-1,-2,1.15137,-0.211426,0.0478516,2.3125,-30.125,-17.75,-0.934415,-1.31904,0.504758
8089,1,-1,-5,0,-2,0,0,-1,1.15137,-0.211426,0.0478516,2.3125,-30.125,-17.75,-0.934415,-1.31904,0.504758
8097,-1,1,1,1,-1,-1,0,-1,1.19727,-0.134277,0.0615234,-9.125,-16.25,-16.3125,-0.944957,-1.33038,0.512262
8097,1,3,-1,-2,0,0,0,1,1.19727,-0.134277,0.0615234,-9.125,-16.25,-16.3125,-0.944957,-1.33038,0.512262
8112,-1,-2,-4,-4,-2,-1,-2,-3,1.19727,-0.134277,0.0615234,-9.125,-16.25,-16.3125,-0.944957,-1.33038,0.512262
8112,-1,-3,0,-3,-1,-1,0,-1,1.19727,-0.134277,0.0615234,-9.125,-16.25,-16.3125,-0.944957,-1.33038,0.512262
8114,-2,0,4,0,-1,-1,-1,-1,1.14648,-0.0942383,0.122559,-26.25,-2.1875,-9.5,-0.943758,-1.33644,0.501915
8114,-6,-5,0,-4,-3,-1,-3,-3,1.14648,-0.0942383,0.122559,-26.25,-2.1875,-9.5,-0.943758,-1.33644,0.501915
8134,-1,-4,-12,-4,1,1,0,0,1.14648,-0.0942383,0.122559,-26.25,-2.1875,-9.5,-0.943758,-1.33644,0.501915
8134,-3,-2,2,0,0,-1,0,0,1.14648,-0.0942383,0.122559,-26.25,-2.1875,-9.5,-0.943758,-1.33644,0.501915
8136,1,-1,-2,-1,-1,-2,0,1,1.05566,-0.09375,0.119629,-33,4.875,0.5,-0.945949,-1.33806,0.492483
8136,1,1,0,0,-1,-1,-1,-1,1.05566,-0.09375,0.119629,-33,4.875,0.5,-0.945949,-1.33806,0.492483
8148,1,5,6,1,-3,-1,0,-1,1.05566,-0.09375,0.119629,-33,4.875,0.5,-0.945949,-1.33806,0.492483
8148,-2,-1,-6,-4,-2,1,0,-1,1.05566,-0.09375,0.119629,-33,4.875,0.5,-0.945949,-1.33806,0.492483
8157,0,-2,-16,-3,0,-1,0,-1,1.0166,-0.0913086,0.154297,-38.4375,7.4375,9.375,-0.95022,-1.33561,0.483607
8157,1,1,1,2,0,-1,0,0,1.0166,-0.0913086,0.154297,-38.4375,7.4375,9.375,-0.95022,-1.33561,0.483607
8173,0,-4,0,0,-2,-1,-1,0,1.0166,-0.0913086,0.154297,-38.4375,7.4375,9.375,-0.95022,-1.33561,0.483607
8173,-2,-3,-5,-4,-1,-2,-1,-2,1.0166,-0.0913086,0.154297,-38.4375,7.4375,9.375,-0.95022,-1.33561,0.483607
8174,1,-1,2,-2,-1,-2,-1,-1,0.986328,-0.141602,0.185547,-39.4375,7.5625,12.4375,-0.958532,-1.33122,0.478291
8174,3,-1,-1,-1,1,1,0,-1,0.986328,-0.141602,0.185547,-39.4375,7.5625,12.4375,-0.958532,-1.33122,0.478291
8194,1,1,-2,-3,0,-1,0,0,0.986328,-0.141602,0.185547,-39.4375,7.5625,12.4375,-0.958532,-1.33122,0.478291
8194,-1,-1,4,2,-1,-1,-3,-1,0.986328,-0.141602,0.185547,-39.4375,7.5625,12.4375,-0.958532,-1.33122,0.478291
8196,-1,-1,2,0,-3,-1,-2,-2,0.95166,-0.223633,0.19873,-28.25,7.6875,14.4375,-0.967355,-1.32399,0.47747
8196,0,-2,-1,-4,0,-2,0,0,0.95166,-0.223633,0.19873,-28.25,7.6875,14.4375,-0.967355,-1.32399,0.47747
8218,0,-1,1,-3,-1,-2,-1,0,0.95166,-0.223633,0.19873,-28.25,7.6875,14.4375,-0.967355,-1.32399,0.47747
8218,-2,-1,3,1,-2,-2,-2,-1,0.95166,-0.223633,0.19873,-28.25,7.6875,14.4375,-0.967355,-1.32399,0.47747
8219,-3,-3,-2,-1,1,0,-1,-2,0.942871,-0.270996,0.212891,-9.25,8.1875,15.75,-0.970984,-1.31522,0.47821
8219,-2,-2,3,1,0,0,0,0,0.942871,-0.270996,0.212891,-9.25,8.1875,15.75,-0.970984,-1.31522,0.47821
8232,0,0,-2,2,-1,-1,-1,-1,0.942871,-0.270996,0.212891,-9.25,8.1875,15.75,-0.970984,-1.31522,0.47821
8232,-1,0,-1,-2,0,0,-2,-1,0.942871,-0.270996,0.212891,-9.25,8.1875,15.75,-0.970984,-1.31522,0.47821
8234,2,2,6,0,-2,-2,0,0,0.937988,-0.220703,0.217285,8.625,8.875,16,-0.96476,-1.30764,0.475251
8234,-2,-1,-3,7,-1,-1,0,-2,0.937988,-0.220703,0.217285,8.625,8.875,16,-0.96476,-1.30764,0.475251
8255,2,3,2,-2,0,0,1,1,0.937988,-0.220703,0.217285,8.625,8.875,16,-0.96476,-1.30764,0.475251
8255,-3,-4,-2,0,0,-2,0,-1,0.937988,-0.220703,0.217285,8.625,8.875,16,-0.96476,-1.30764,0.475251
8256,1,1,3,0,-1,-1,-1,-2,0.938477,-0.169922,0.192383,9.5,9.0625,13.375,-0.956602,-1.30254,0.470563
8256,-2,2,1,0,-2,-1,-2,0,0.938477,-0.169922,0.192383,9.5,9.0625,13.375,-0.956602,-1.30254,0.470563
8268,-5,-3,3,1,-2,-2,0,-1,0.938477,-0.169922,0.192383,9.5,9.0625,13.375,-0.956602,-1.30254,0.470563
8268,-1,-2,-2,0,-2,-2,-2,0,0.938477,-0.169922,0.192383,9.5,9.0625,13.375,-0.956602,-1.30254,0.470563
8277,-1,-2,10,2,-1,-1,0,0,0.952637,-0.15332,0.170898,-2.125,10.4375,7.5,-0.947308,-1.29902,0.460508
8277,-2,-1,-13,-3,0,-1,-1,-1,0.952637,-0.15332,0.170898,-2.125,10.4375,7.5,-0.947308,-1.29902,0.460508
8292,-3,-3,-1,-1,-1,-1,-2,0,0.952637,-0.15332,0.170898,-2.125,10.4375,7.5,-0.947308,-1.29902,0.460508
8292,-1,2,1,-3,-2,-1,0,-1,0.952637,-0.15332,0.170898,-2.125,10.4375,7.5,-0.947308,-1.29902,0.460508
8294,-3,-5,-2,1,1,1,1,-1,0.964844,-0.169922,0.176758,-7.75,11.375,2.1875,-0.936502,-1.29688,0.446801
8294,1,0,3,1,0,-1,0,-1,0.964844,-0.169922,0.176758,-7.75,11.375,2.1875,-0.936502,-1.29688,0.446801
8315,-2,0,-3,-2,-1,-2,0,0,0.964844,-0.169922,0.176758,-7.75,11.375,2.1875,-0.936502,-1.29688,0.446801
8315,0,-1,-3,-1,-1,-1,-1,1,0.964844,-0.169922,0.176758,-7.75,11.375,2.1875,-0.936502,-1.29688,0.446801
8317,-3,-1,1,-2,-3,-2,-2,-1,0.97168,-0.155273,0.173828,-9.8125,11.5,-2.9375,-0.922294,-1.29647,0.428766
8317,-2,-2,-4,-1,-1,-1,-2,0,0.97168,-0.155273,0.173828,-9.8125,11.5,-2.9375,-0.922294,-1.29647,0.428766
8329,-1,-1,-5,-2,-2,-1,-1,-3,0.97168,-0.155273,0.173828,-9.8125,11.5,-2.9375,-0.922294,-1.29647,0.428766
8329,-2,-2,-4,-4,0,0,-1,-2,0.97168,-0.155273,0.173828,-9.8125,11.5,-2.9375,-0.922294,-1.29647,0.428766
8337,0,2,-1,-2,0,-2,-1,-1,0.96582,-0.182617,0.188965,-10.25,10.8125,-3.6875,-0.909065,-1.29548,0.411456
8337,-1,-2,1,-3,0,-1,0,-1,0.96582,-0.182617,0.188965,-10.25,10.8125,-3.6875,-0.909065,-1.29548,0.411456
8353,1,-2,-1,-1,-1,-2,-2,0,0.96582,-0.182617,0.188965,-10.25,10.8125,-3.6875,-0.909065,-1.29548,0.411456
8353,0,0,1,0,-1,-1,-1,-1,0.96582,-0.182617,0.188965,-10.25,10.8125,-3.6875,-0.909065,-1.29548,0.411456
8354,-1,0,-5,-2,0,0,-2,1,0.978516,-0.192383,0.162109,-8.5,9.4375,-2.9375,-0.899735,-1.29468,0.398824
8354,-3,-4,1,-1,-3,0,-2,-1,0.978516,-0.192383,0.162109,-8.5,9.4375,-2.9375,-0.899735,-1.29468,0.398824
8375,1,2,0,3,2,2,1,1,0.978516,-0.192383,0.162109,-8.5,9.4375,-2.9375,-0.899735,-1.29468,0.398824
8375,-1,0,0,-1,-1,-2,-2,0,0.978516,-0.192383,0.162109,-8.5,9.4375,-2.9375,-0.899735,-1.29468,0.398824
8376,-2,1,-3,-1,0,0,-1,-1,0.986328,-0.185059,0.16748,-6.4375,8.8125,-2.8125,-0.890442,-1.29423,0.38701
8376,1,2,1,-3,-1,0,-4,-1,0.986328,-0.185059,0.16748,-6.4375,8.8125,-2.8125,-0.890442,-1.29423,0.38701
8389,-1,-2,4,-1,-2,0,-1,-1,0.986328,-0.185059,0.16748,-6.4375,8.8125,-2.8125,-0.890442,-1.29423,0.38701
8389,-1,-3,-10,-2,0,-1,-1,-2,0.986328,-0.185059,0.16748,-6.4375,8.8125,-2.8125,-0.890442,-1.29423,0.38701
8403,1,-2,7,-1,-1,-1,0,0,0.959961,-0.195312,0.170898,-8.3125,8.9375,-1.4375,-0.882754,-1.2931,0.376009
8403,0,-1,-3,-3,1,-2,-1,-1,0.959961,-0.195312,0.170898,-8.3125,8.9375,-1.4375,-0.882754,-1.2931,0.376009
8413,-1,-1,-3,-2,-2,-1,-1,-2,0.959961,-0.195312,0.170898,-8.3125,8.9375,-1.4375,-0.882754,-1.2931,0.376009
8413,-1,-1,-1,-7,-2,0,-1,0,0.959961,-0.195312,0.170898,-8.3125,8.9375,-1.4375,-0.882754,-1.2931,0.376009
8414,0,0,0,-10,-1,-2,0,-1,0.947266,-0.211914,0.172363,-6,7.3125,-0.8125,-0.877546,-1.29136,0.368476
8414,2,1,0,-7,-1,0,-1,-2,0.947266,-0.211914,0.172363,-6,7.3125,-0.8125,-0.877546,-1.29136,0.368476
8435,-1,-1,-3,-5,-1,0,-2,-1,0.947266,-0.211914,0.172363,-6,7.3125,-0.8125,-0.877546,-1.29136,0.368476
8435,-2,0,12,9,-2,0,-1,-1,0.947266,-0.211914,0.172363,-6,7.3125,-0.8125,-0.877546,-1.29136,0.368476
8436,-1,-1,-13,5,-1,1,-1,0,0.952148,-0.231445,0.181152,-1.375,6.1875,-1.3125,-0.871898,-1.29002,0.361984
8436,-1,-2,-1,7,-1,-1,-2,-2,0.952148,-0.231445,0.181152,-1.375,6.1875,-1.3125,-0.871898,-1.29002,0.361984
8457,0,1,-4,2,0,-1,0,-1,0.952148,-0.231445,0.181152,-1.375,6.1875,-1.3125,-0.871898,-1.29002,0.361984
8457,0,2,0,3,-1,0,-1,0,0.952148,-0.231445,0.181152,-1.375,6.1875,-1.3125,-0.871898,-1.29002,0.361984
8459,1,0,1,2,-1,-1,-1,-1,0.958008,-0.23584,0.174805,2.8125,4.5625,-2.3125,-0.866514,-1.28903,0.357379
8459,-2,-1,-3,-1,-2,-1,-2,-1,0.958008,-0.23584,0.174805,2.8125,4.5625,-2.3125,-0.866514,-1.28903,0.357379
8473,-2,0,2,4,-1,-2,-1,-1,0.958008,-0.23584,0.174805,2.8125,4.5625,-2.3125,-0.866514,-1.28903,0.357379
8473,-4,-3,-1,-1,-2,-1,-1,2,0.958008,-0.23584,0.174805,2.8125,4.5625,-2.3125,-0.866514,-1.28903,0.357379
8473,0,1,-1,2,-1,-1,1,0,0.949219,-0.213867,0.169434,3.9375,4.375,-3.0625,-0.860049,-1.28898,0.351853
8473,0,-2,-12,-4,-3,-2,-2,-1,0.949219,-0.213867,0.169434,3.9375,4.375,-3.0625,-0.860049,-1.28898,0.351853
8495,-1,0,0,-2,-2,-1,0,0,0.949219,-0.213867,0.169434,3.9375,4.375,-3.0625,-0.860049,-1.28898,0.351853
8495,2,0,-1,-2,-1,-1,-3,-1,0.949219,-0.213867,0.169434,3.9375,4.375,-3.0625,-0.860049,-1.28898,0.351853
8497,1,-1,-3,0,-1,0,-2,2,0.944336,-0.203125,0.172852,-0.375,4.5625,-2.4375,-0.85452,-1.28887,0.34591
8497,-2,0,6,2,-1,-1,0,-1,0.944336,-0.203125,0.172852,-0.375,4.5625,-2.4375,-0.85452,-1.28887,0.34591
8517,-1,-1,-4,-2,-2,-1,-1,-3,0.944336,-0.203125,0.172852,-0.375,4.5625,-2.4375,-0.85452,-1.28887,0.34591
8517,1,0,-1,3,1,0,0,0,0.944336,-0.203125,0.172852,-0.375,4.5625,-2.4375,-0.85452,-1.28887,0.34591
8519,-2,-4,0,1,1,-1,-2,-2,0.942383,-0.211426,0.178223,-0.9375,3.0625,-2.6875,-0.850145,-1.28857,0.341118
8519,0,-1,-1,-2,-1,-2,0,-1,0.942383,-0.211426,0.178223,-0.9375,3.0625,-2.6875,-0.850145,-1.28857,0.341118
8532,0,-2,-3,-2,-1,-2,0,-2,0.942383,-0.211426,0.178223,-0.9375,3.0625,-2.6875,-0.850145,-1.28857,0.341118
8532,-1,0,0,-4,0,0,-2,0,0.942383,-0.211426,0.178223,-0.9375,3.0625,-2.6875,-0.850145,-1.28857,0.341118
8538,-1,2,1,-2,-1,-2,-2,-2,0.950684,-0.217285,0.168945,-2.3125,2.1875,-2.75,-0.848453,-1.28903,0.338281
8538,-1,-3,-2,-2,-1,0,0,0,0.950684,-0.217285,0.168945,-2.3125,2.1875,-2.75,-0.848453,-1.28903,0.338281
8555,-1,-1,-2,-1,0,0,-1,0,0.950684,-0.217285,0.168945,-2.3125,2.1875,-2.75,-0.848453,-1.28903,0.338281
8555,-1,-2,0,0,-2,-1,0,-1,0.950684,-0.217285,0.168945,-2.3125,2.1875,-2.75,-0.848453,-1.28903,0.338281
8556,-1,-3,1,1,-2,0,-1,0,0.95752,-0.226562,0.17334,-4.375,2.75,-3.125,-0.846667,-1.28901,0.334783
8556,-1,-1,-5,-2,0,-2,-1,-2,0.95752,-0.226562,0.17334,-4.375,2.75,-3.125,-0.846667,-1.28901,0.334783
8577,-1,-2,2,-2,0,0,-1,-1,0.95752,-0.226562,0.17334,-4.375,2.75,-3.125,-0.846667,-1.28901,0.334783
8577,-1,-1,-3,-6,-3,0,-1,-2,0.95752,-0.226562,0.17334,-4.375,2.75,-3.125,-0.846667,-1.28901,0.334783
8578,-1,-3,9,2,0,-3,0,1,0.948242,-0.220703,0.170898,-2.75,3.875,-3.0625,-0.842991,-1.28853,0.329947
8578,-1,0,-3,-3,-2,0,-1,-2,0.948242,-0.220703,0.170898,-2.75,3.875,-3.0625,-0.842991,-1.28853,0.329947
8593,-2,-3,0,0,-1,1,-1,1,0.948242,-0.220703,0.170898,-2.75,3.875,-3.0625,-0.842991,-1.28853,0.329947
8593,0,0,0,1,1,-1,0,-1,0.948242,-0.220703,0.170898,-2.75,3.875,-3.0625,-0.842991,-1.28853,0.329947
8594,0,-1,-1,-2,-1,0,0,-2,0.944824,-0.223145,0.177734,0,3.5625,-2.375,-0.839602,-1.28823,0.326211
8594,-1,-1,1,0,-2,0,-1,-1,0.944824,-0.223145,0.177734,0,3.5625,-2.375,-0.839602,-1.28823,0.326211
8622,1,1,-2,0,-2,-2,-1,0,0.944824,-0.223145,0.177734,0,3.5625,-2.375,-0.839602,-1.28823,0.326211
8622,0,0,-1,-4,-1,-1,-1,-1,0.944824,-0.223145,0.177734,0,3.5625,-2.375,-0.839602,-1.28823,0.326211
8624,-6,-4,-5,-3,-2,-2,-1,-4,0.942383,-0.209473,0.180664,1.1875,3.375,-2.125,-0.834972,-1.28788,0.321732
8624,1,-2,0,1,1,0,-1,0,0.942383,-0.209473,0.180664,1.1875,3.375,-2.125,-0.834972,-1.28788,0.321732
8638,0,-2,-3,-2,-1,0,-2,-2,0.942383,-0.209473,0.180664,1.1875,3.375,-2.125,-0.834972,-1.28788,0.321732
8638,0,-1,-2,-2,-1,-2,0,-2,0.942383,-0.209473,0.180664,1.1875,3.375,-2.125,-0.834972,-1.28788,0.321732
8639,0,-1,-6,-2,-1,-1,-2,-3,0.947266,-0.208496,0.183105,2,2.625,-1.375,-0.831133,-1.28757,0.318434
8639,0,0,3,1,0,-1,0,0,0.947266,-0.208496,0.183105,2,2.625,-1.375,-0.831133,-1.28757,0.318434
8652,-2,0,0,1,1,-2,0,0,0.947266,-0.208496,0.183105,2,2.625,-1.375,-0.831133,-1.28757,0.318434
8652,-2,-2,1,0,-2,0,-2,-3,0.947266,-0.208496,0.183105,2,2.625,-1.375,-0.831133,-1.28757,0.318434
8658,-1,-2,-4,-4,-2,0,-2,-1,0.947754,-0.208496,0.184082,-0.25,2.5625,-1.125,-0.828507,-1.28731,0.315629
8658,-2,-2,10,1,-1,0,0,-2,0.947754,-0.208496,0.184082,-0.25,2.5625,-1.125,-0.828507,-1.28731,0.315629
8682,0,-1,-2,-1,-3,-1,-2,1,0.947754,-0.208496,0.184082,-0.25,2.5625,-1.125,-0.828507,-1.28731,0.315629
8682,-1,0,1,2,0,-2,-1,0,0.947754,-0.208496,0.184082,-0.25,2.5625,-1.125,-0.828507,-1.28731,0.315629
8684,0,2,-4,-1,-2,-1,-1,0,0.949707,-0.219238,0.197266,-0.75,1.5625,-1.1875,-0.826564,-1.28671,0.313287
8684,1,0,1,1,-1,-1,-1,0,0.949707,-0.219238,0.197266,-0.75,1.5625,-1.1875,-0.826564,-1.28671,0.313287
8697,-2,-3,0,-3,-3,-1,-1,-2,0.949707,-0.219238,0.197266,-0.75,1.5625,-1.1875,-0.826564,-1.28671,0.313287
8697,-2,-3,-2,-5,-2,-2,-2,-1,0.949707,-0.219238,0.197266,-0.75,1.5625,-1.1875,-0.826564,-1.28671,0.313287
8698,-1,-2,1,3,1,0,-1,0,0.956543,-0.225098,0.191895,1.5,0.875,-1.375,-0.825589,-1.28654,0.312758
8698,-3,-1,-4,1,-1,-1,1,-1,0.956543,-0.225098,0.191895,1.5,0.875,-1.375,-0.825589,-1.28654,0.312758
8712,1,0,-1,1,1,0,1,-1,0.956543,-0.225098,0.191895,1.5,0.875,-1.375,-0.825589,-1.28654,0.312758
8712,-1,-3,-3,-2,-2,-1,-3,0,0.956543,-0.225098,0.191895,1.5,0.875,-1.375,-0.825589,-1.28654,0.312758
8726,-3,0,-1,-3,-1,-2,0,-1,0.958984,-0.216309,0.186523,3.125,0.0625,-1.4375,-0.82361,-1.28665,0.311793
8726,-3,-1,-2,-3,-2,0,-2,-1,0.958984,-0.216309,0.186523,3.125,0.0625,-1.4375,-0.82361,-1.28665,0.311793
8735,-2,-2,-2,-1,0,-2,-3,-2,0.958984,-0.216309,0.186523,3.125,0.0625,-1.4375,-0.82361,-1.28665,0.311793
8735,-1,-3,-1,-1,-2,-1,-2,-1,0.958984,-0.216309,0.186523,3.125,0.0625,-1.4375,-0.82361,-1.28665,0.311793
8736,0,-1,-2,-2,0,0,-2,0,0.958984,-0.22168,0.192383,1.8125,0.5,-1.9375,-0.822057,-1.2868,0.310745
8736,-2,-3,-2,-3,-3,-3,0,0,0.958984,-0.22168,0.192383,1.8125,0.5,-1.9375,-0.822057,-1.2868,0.310745
8758,-2,-2,-2,-1,-1,-2,-2,-1,0.958984,-0.22168,0.192383,1.8125,0.5,-1.9375,-0.822057,-1.2868,0.310745
8758,-3,-1,1,0,0,0,0,1,0.958984,-0.22168,0.192383,1.8125,0.5,-1.9375,-0.822057,-1.2868,0.310745
8758,3,1,-1,-1,-1,0,-1,1,0.955566,-0.22168,0.191895,1.375,0.0625,-1.8125,-0.820633,-1.28684,0.30971
8758,-2,0,0,1,1,2,-1,-1,0.955566,-0.22168,0.191895,1.375,0.0625,-1.8125,-0.820633,-1.28684,0.30971
8771,0,-5,-7,-3,-1,-1,-2,-2,0.955566,-0.22168,0.191895,1.375,0.0625,-1.8125,-0.820633,-1.28684,0.30971
8771,1,-2,-3,1,-1,0,-1,0,0.955566,-0.22168,0.191895,1.375,0.0625,-1.8125,-0.820633,-1.28684,0.30971
8779,-2,0,-2,0,-1,-1,0,-1,0.960449,-0.219727,0.195312,2.125,-0.125,-1.875,-0.819156,-1.28691,0.309002
8779,-3,-3,0,-1,-2,-1,-2,-1,0.960449,-0.219727,0.195312,2.125,-0.125,-1.875,-0.819156,-1.28691,0.309002
8795,-1,0,1,-1,0,-1,-1,-1,0.960449,-0.219727,0.195312,2.125,-0.125,-1.875,-0.819156,-1.28691,0.309002
8795,1,2,2,3,0,1,0,-1,0.960449,-0.219727,0.195312,2.125,-0.125,-1.875,-0.819156,-1.28691,0.309002
8796,-3,-4,-4,-2,-1,-2,-2,-2,0.962402,-0.205078,0.188477,0.375,0.125,-2.0625,-0.817636,-1.28776,0.307385
8796,1,0,-3,-1,1,-1,-2,0,0.962402,-0.205078,0.188477,0.375,0.125,-2.0625,-0.817636,-1.28776,0.307385
8818,0,2,0,2,0,1,-1,0,0.962402,-0.205078,0.188477,0.375,0.125,-2.0625,-0.817636,-1.28776,0.307385
8818,-1,-1,-4,-4,-1,-2,-1,-3,0.962402,-0.205078,0.188477,0.375,0.125,-2.0625,-0.817636,-1.28776,0.307385
8818,0,-1,0,-1,-2,-1,0,-2,0.955566,-0.214355,0.192383,-1.0625,0.9375,-2.0625,-0.816068,-1.2876,0.305457
8818,-4,-3,-5,-2,-1,-2,0,-1,0.955566,-0.214355,0.192383,-1.0625,0.9375,-2.0625,-0.816068,-1.2876,0.305457
8832,-1,0,0,0,0,0,0,2,0.955566,-0.214355,0.192383,-1.0625,0.9375,-2.0625,-0.816068,-1.2876,0.305457
8832,-2,0,0,2,0,-1,-2,0,0.955566,-0.214355,0.192383,-1.0625,0.9375,-2.0625,-0.816068,-1.2876,0.305457
8839,-2,-2,-1,0,-1,0,-1,0,0.958984,-0.210938,0.19043,-0.5,0.9375,-2.125,-0.81382,-1.28758,0.302984
8839,1,0,-1,-1,-1,-1,-2,-3,0.958984,-0.210938,0.19043,-0.5,0.9375,-2.125,-0.81382,-1.28758,0.302984
8862,-2,-3,0,-2,-1,-2,0,-1,0.958984,-0.210938,0.19043,-0.5,0.9375,-2.125,-0.81382,-1.28758,0.302984
8862,0,-2,-1,0,0,-1,0,0,0.958984,-0.210938,0.19043,-0.5,0.9375,-2.125,-0.81382,-1.28758,0.302984
8864,-1,1,-2,-2,-3,-3,-1,0,0.959473,-0.207031,0.193359,0.8125,1.25,-1.625,-0.811247,-1.28752,0.300534
8864,-1,1,-2,-6,0,0,-1,0,0.959473,-0.207031,0.193359,0.8125,1.25,-1.625,-0.811247,-1.28752,0.300534
8877,0,1,1,2,0,-2,-3,-2,0.959473,-0.207031,0.193359,0.8125,1.25,-1.625,-0.811247,-1.28752,0.300534
8877,-1,-2,-2,-6,-2,-2,0,-2,0.959473,-0.207031,0.193359,0.8125,1.25,-1.625,-0.811247,-1.28752,0.300534
8879,1,-1,-1,-5,-1,-1,-2,1,0.958008,-0.201172,0.194336,1.1875,1.625,-1.125,-0.808796,-1.28772,0.298307
8879,0,1,2,-1,0,0,0,-2,0.958008,-0.201172,0.194336,1.1875,1.625,-1.125,-0.808796,-1.28772,0.298307
8892,-1,-1,0,-1,-1,-2,0,-1,0.958008,-0.201172,0.194336,1.1875,1.625,-1.125,-0.808796,-1.28772,0.298307
8892,-1,1,-1,-4,-4,-2,-1,-2,0.958008,-0.201172,0.194336,1.1875,1.625,-1.125,-0.808796,-1.28772,0.298307
8899,-2,-1,-3,-9,-1,-1,-1,0,0.959961,-0.192871,0.1875,0.3125,1.5625,-1.125,-0.805671,-1.2877,0.295324
8899,1,1,-2,4,3,0,0,1,0.959961,-0.192871,0.1875,0.3125,1.5625,-1.125,-0.805671,-1.2877,0.295324
8915,0,0,2,6,4,2,0,0,0.959961,-0.192871,0.1875,0.3125,1.5625,-1.125,-0.805671,-1.2877,0.295324
8915,1,1,-1,-1,-2,-2,0,1,0.959961,-0.192871,0.1875,0.3125,1.5625,-1.125,-0.805671,-1.2877,0.295324
8916,0,-1,-1,-3,-4,-2,-1,-2,0.958984,-0.19043,0.180176,-1.125,0.875,1.1875,-0.806923,-1.28776,0.29608
8916,-1,-6,-2,-6,-5,-4,-2,-3,0.958984,-0.19043,0.180176,-1.125,0.875,1.1875,-0.806923,-1.28776,0.29608
8938,3,-4,-4,-5,-2,-2,-2,0,0.958984,-0.19043,0.180176,-1.125,0.875,1.1875,-0.806923,-1.28776,0.29608
8938,-3,0,-2,-1,1,1,0,-2,0.958984,-0.19043,0.180176,-1.125,0.875,1.1875,-0.806923,-1.28776,0.29608
8939,1,2,1,6,2,2,1,0,0.976074,-0.217773,0.181641,-4.8125,2.625,1.3125,-0.808745,-1.28679,0.296095
8939,2,1,-1,1,-1,-2,-1,-1,0.976074,-0.217773,0.181641,-4.8125,2.625,1.3125,-0.808745,-1.28679,0.296095
8967,2,-1,-2,-2,-2,-2,0,-2,0.976074,-0.217773,0.181641,-4.8125,2.625,1.3125,-0.808745,-1.28679,0.296095
8967,-4,-4,-3,-1,-2,-3,-3,1,0.976074,-0.217773,0.181641,-4.8125,2.625,1.3125,-0.808745,-1.28679,0.296095
8968,2,0,0,-1,-3,-2,-2,-2,0.978027,-0.200195,0.194824,-2.375,5.4375,1,-0.805389,-1.28536,0.291769
8968,-3,2,0,2,2,0,-1,-5,0.978027,-0.200195,0.194824,-2.375,5.4375,1,-0.805389,-1.28536,0.291769
8975,3,0,-2,-5,-4,-3,0,3,0.978027,-0.200195,0.194824,-2.375,5.4375,1,-0.805389,-1.28536,0.291769
8975,-11,-4,-3,-2,-4,-2,-3,-4,0.978027,-0.200195,0.194824,-2.375,5.4375,1,-0.805389,-1.28536,0.291769
8976,-1,-2,1,3,8,3,1,1,0.961426,-0.1875,0.182617,-1.3125,7.9375,2.9375,-0.801309,-1.28292,0.287266
8976,2,-2,-2,4,1,1,-1,0,0.961426,-0.1875,0.182617,-1.3125,7.9375,2.9375,-0.801309,-1.28292,0.287266
8998,4,2,0,-4,-3,-1,0,-1,0.961426,-0.1875,0.182617,-1.3125,7.9375,2.9375,-0.801309,-1.28292,0.287266
8998,0,-2,0,-1,-1,-2,0,-2,0.961426,-0.1875,0.182617,-1.3125,7.9375,2.9375,-0.801309,-1.28292,0.287266
8998,-17,-2,0,-2,-6,-2,-2,4,0.958496,-0.174805,0.177246,-2.6875,11.4375,5,-0.796341,-1.27998,0.281048
8998,5,-2,2,-3,-4,-2,-4,-11,0.958496,-0.174805,0.177246,-2.6875,11.4375,5,-0.796341,-1.27998,0.281048
9011,2,-1,-7,-3,2,1,1,1,0.958496,-0.174805,0.177246,-2.6875,11.4375,5,-0.796341,-1.27998,0.281048
9011,-13,-2,0,2,1,-1,0,-2,0.958496,-0.174805,0.177246,-2.6875,11.4375,5,-0.796341,-1.27998,0.281048
9019,-1,-1,-3,-1,0,-1,-1,-6,0.963379,-0.152344,0.175293,-7,15.5625,5.9375,-0.789462,-1.27616,0.271326
9019,10,3,4,-1,-1,0,2,9,0.963379,-0.152344,0.175293,-7,15.5625,5.9375,-0.789462,-1.27616,0.271326
9035,-25,-5,0,-2,-6,-3,-5,-10,0.963379,-0.152344,0.175293,-7,15.5625,5.9375,-0.789462,-1.27616,0.271326
9035,5,4,1,1,1,0,-1,-2,0.963379,-0.152344,0.175293,-7,15.5625,5.9375,-0.789462,-1.27616,0.271326
9037,11,-4,1,1,0,-2,1,8,0.940918,-0.143066,0.162109,-12.25,20.8125,9.4375,-0.783361,-1.27043,0.26067
9037,-5,1,5,-3,-2,-2,-2,-8,0.940918,-0.143066,0.162109,-12.25,20.8125,9.4375,-0.783361,-1.27043,0.26067
9057,9,4,10,3,1,1,0,-5,0.940918,-0.143066,0.162109,-12.25,20.8125,9.4375,-0.783361,-1.27043,0.26067
9057,-21,-2,-5,-4,-5,-3,-8,-19,0.940918,-0.143066,0.162109,-12.25,20.8125,9.4375,-0.783361,-1.27043,0.26067
9065,-22,-13,-26,-2,-3,-3,-2,-9,0.884766,-0.185547,0.176758,-15.0625,27.25,12.3125,-0.777861,-1.26126,0.249398
9065,3,7,-23,-2,-1,-1,-2,4,0.884766,-0.185547,0.176758,-15.0625,27.25,12.3125,-0.777861,-1.26126,0.249398
9071,7,-10,15,2,4,1,0,-1,0.884766,-0.185547,0.176758,-15.0625,27.25,12.3125,-0.777861,-1.26126,0.249398
9071,20,6,7,-5,-1,-1,1,9,0.884766,-0.185547,0.176758,-15.0625,27.25,12.3125,-0.777861,-1.26126,0.249398
9079,32,4,-4,-2,-2,-2,-3,7,0.839844,-0.217773,0.205566,-6.9375,30.5625,12.5,-0.767984,-1.25009,0.236283
9079,-12,-2,-5,-1,-2,1,2,-3,0.839844,-0.217773,0.205566,-6.9375,30.5625,12.5,-0.767984,-1.25009,0.236283
9095,-54,24,26,9,2,-1,0,-1,0.839844,-0.217773,0.205566,-6.9375,30.5625,12.5,-0.767984,-1.25009,0.236283
9095,-10,-33,-37,-7,0,1,-1,-5,0.839844,-0.217773,0.205566,-6.9375,30.5625,12.5,-0.767984,-1.25009,0.236283
9097,31,0,-38,-11,-3,-4,0,6,0.810547,-0.240723,0.255859,6.3125,32.0625,11.375,-0.751646,-1.23747,0.221445
9097,21,21,13,2,4,1,1,29,0.810547,-0.240723,0.255859,6.3125,32.0625,11.375,-0.751646,-1.23747,0.221445
9117,-34,-37,-64,8,5,3,-3,-25,0.810547,-0.240723,0.255859,6.3125,32.0625,11.375,-0.751646,-1.23747,0.221445
9117,14,79,109,7,-2,-3,-1,3,0.810547,-0.240723,0.255859,6.3125,32.0625,11.375,-0.751646,-1.23747,0.221445
9118,-75,-70,-87,-31,-13,-9,-8,-6,0.771484,-0.292969,0.270508,23.9375,29.25,9.3125,-0.733178,-1.22515,0.210334
9118,109,8,-18,-9,-4,-1,5,23,0.771484,-0.292969,0.270508,23.9375,29.25,9.3125,-0.733178,-1.22515,0.210334
9131,-24,12,12,-2,-4,-1,5,13,0.771484,-0.292969,0.270508,23.9375,29.25,9.3125,-0.733178,-1.22515,0.210334
9131,-62,-15,-17,1,-3,-7,-18,-51,0.771484,-0.292969,0.270508,23.9375,29.25,9.3125,-0.733178,-1.22515,0.210334
9140,73,12,19,13,8,4,-2,-3,0.691895,-0.384766,0.318359,34.3125,23.0625,8.3125,-0.717969,-1.21169,0.206306
9140,54,16,30,5,7,8,16,46,0.691895,-0.384766,0.318359,34.3125,23.0625,8.3125,-0.717969,-1.21169,0.206306
9154,53,-4,-30,5,5,9,20,35,0.691895,-0.384766,0.318359,34.3125,23.0625,8.3125,-0.717969,-1.21169,0.206306
9154,-46,-6,-7,5,14,16,26,46,0.691895,-0.384766,0.318359,34.3125,23.0625,8.3125,-0.717969,-1.21169,0.206306
9156,-105,-22,21,-8,-27,-24,-44,-80,0.616699,-0.328613,0.545898,68.625,6.8125,2.8125,-0.685448,-1.20037,0.197999
9156,17,-21,-32,-37,-25,-13,-23,-32,0.616699,-0.328613,0.545898,68.625,6.8125,2.8125,-0.685448,-1.20037,0.197999
9177,127,67,58,-43,-18,2,30,89,0.616699,-0.328613,0.545898,68.625,6.8125,2.8125,-0.685448,-1.20037,0.197999
9177,-76,-45,-75,33,-2,-11,-28,-52,0.616699,-0.328613,0.545898,68.625,6.8125,2.8125,-0.685448,-1.20037,0.197999
9178,-9,25,22,-26,-47,-34,-30,3,0.969727,-0.204102,0.818359,132.25,-22.4375,-17.3125,-0.634014,-1.20802,0.193023
9178,-12,4,49,-90,42,23,74,63,0.969727,-0.204102,0.818359,132.25,-22.4375,-17.3125,-0.634014,-1.20802,0.193023
9190,76,1,43,83,85,35,-16,24,0.969727,-0.204102,0.818359,132.25,-22.4375,-17.3125,-0.634014,-1.20802,0.193023
9190,83,12,-54,41,108,43,34,27,0.969727,-0.204102,0.818359,132.25,-22.4375,-17.3125,-0.634014,-1.20802,0.193023
9200,-17,-5,15,-50,-42,-22,-94,65,1.99658,0.485352,0.349121,161.125,-12.6875,-5.75,-0.569615,-1.21661,0.185766
9200,10,-28,19,-6,-34,-14,89,10,1.99658,0.485352,0.349121,161.125,-12.6875,-5.75,-0.569615,-1.21661,0.185766
9215,-49,-82,-12,-67,-78,2,-100,-124,1.99658,0.485352,0.349121,161.125,-12.6875,-5.75,-0.569615,-1.21661,0.185766
9215,117,15,15,-26,-68,0,74,105,1.99658,0.485352,0.349121,161.125,-12.6875,-5.75,-0.569615,-1.21661,0.185766
9216,-66,-61,-64,24,8,-11,-58,-86,2.92432,-0.130371,0.363281,-138.75,75.875,27.375,-0.601131,-1.18936,0.16759
9216,56,-45,-91,-80,-118,-116,-128,-9,2.92432,-0.130371,0.363281,-138.75,75.875,27.375,-0.601131,-1.18936,0.16759
9238,-52,2,30,84,72,72,120,33,2.92432,-0.130371,0.363281,-138.75,75.875,27.375,-0.601131,-1.18936,0.16759
9238,21,14,76,127,109,89,-128,-16,2.92432,-0.130371,0.363281,-138.75,75.875,27.375,-0.601131,-1.18936,0.16759
9240,74,25,41,99,-50,-60,-10,20,2.88184,-0.153809,0.655762,-140.938,170.25,12.875,-0.582029,-1.13743,0.0931985
9240,-65,-14,-13,-55,-15,74,-65,-17,2.88184,-0.153809,0.655762,-140.938,170.25,12.875,-0.582029,-1.13743,0.0931985
9251,-19,9,-21,-75,-3,-72,-41,1,2.88184,-0.153809,0.655762,-140.938,170.25,12.875,-0.582029,-1.13743,0.0931985
9251,7,-66,6,4,-117,-42,-61,-81,2.88184,-0.153809,0.655762,-140.938,170.25,12.875,-0.582029,-1.13743,0.0931985
9259,105,50,104,106,127,55,127,65,1.16943,-0.954102,0.782227,-115.375,212.25,105.375,-0.605373,-1.05286,0.0732357
9259,-36,-70,-52,5,-78,-78,18,-42,1.16943,-0.954102,0.782227,-115.375,212.25,105.375,-0.605373,-1.05286,0.0732357
9274,15,-14,2,-128,-128,-88,117,33,1.16943,-0.954102,0.782227,-115.375,212.25,105.375,-0.605373,-1.05286,0.0732357
9274,-128,0,41,-128,-63,-120,-62,-59,1.16943,-0.954102,0.782227,-115.375,212.25,105.375,-0.605373,-1.05286,0.0732357
9276,-27,97,10,81,87,50,-29,-14,-2.70215,0.624512,-2.20703,39.4375,-15.6875,80.4375,-0.636668,-1.0409,0.125235
9276,-98,56,41,127,127,103,-23,-79,-2.70215,0.624512,-2.20703,39.4375,-15.6875,80.4375,-0.636668,-1.0409,0.125235
9289,57,76,-121,36,-70,107,-14,12,-2.70215,0.624512,-2.20703,39.4375,-15.6875,80.4375,-0.636668,-1.0409,0.125235
9289,125,89,59,-99,-122,-54,62,91,-2.70215,0.624512,-2.20703,39.4375,-15.6875,80.4375,-0.636668,-1.0409,0.125235
9292,-49,-120,-29,-128,-128,-121,54,31,3.4209,-2.06201,0.837891,208.688,-127.188,-125.188,-0.542473,-1.10195,0.101032
9292,31,-40,-32,-71,66,-48,-99,-20,3.4209,-2.06201,0.837891,208.688,-127.188,-125.188,-0.542473,-1.10195,0.101032
9304,-35,-72,8,117,121,96,92,-11,3.4209,-2.06201,0.837891,208.688,-127.188,-125.188,-0.542473,-1.10195,0.101032
9304,-3,-72,7,127,127,73,14,-37,3.4209,-2.06201,0.837891,208.688,-127.188,-125.188,-0.542473,-1.10195,0.101032
9312,7,25,6,-103,-72,-55,17,34,1.09131,0.433105,0.424316,117.5,105.062,3.1875,-0.462373,-1.07166,0.0585752
9312,-81,-8,-12,-86,-123,-44,10,13,1.09131,0.433105,0.424316,117.5,105.062,3.1875,-0.462373,-1.07166,0.0585752
9327,-58,5,8,69,-15,-87,-96,-47,1.09131,0.433105,0.424316,117.5,105.062,3.1875,-0.462373,-1.07166,0.0585752
9327,27,46,-43,93,109,51,38,15,1.09131,0.433105,0.424316,117.5,105.062,3.1875,-0.462373,-1.07166,0.0585752
9334,72,77,48,127,118,99,44,49,-0.633789,0.027832,0.868164,-174.5,99.875,-59,-0.457665,-1.0436,-0.0151177
9334,-31,72,77,43,-62,21,100,2,-0.633789,0.027832,0.868164,-174.5,99.875,-59,-0.457665,-1.0436,-0.0151177
9350,61,72,-60,-128,-128,-110,-128,-47,-0.633789,0.027832,0.868164,-174.5,99.875,-59,-0.457665,-1.0436,-0.0151177
9350,-62,32,-81,-128,-123,-59,14,-2,-0.633789,0.027832,0.868164,-174.5,99.875,-59,-0.457665,-1.0436,-0.0151177
9351,-33,22,1,84,103,38,-36,-13,1.83936,-0.703613,0.938965,-103.125,81.875,99.125,-0.523157,-1.00219,0.0189474
9351,125,59,-38,26,-14,11,-15,21,1.83936,-0.703613,0.938965,-103.125,81.875,99.125,-0.523157,-1.00219,0.0189474
9363,-58,8,32,14,93,10,35,58,1.83936,-0.703613,0.938965,-103.125,81.875,99.125,-0.523157,-1.00219,0.0189474
9363,10,-8,-14,88,79,23,8,-14,1.83936,-0.703613,0.938965,-103.125,81.875,99.125,-0.523157,-1.00219,0.0189474
9372,17,-8,-19,-127,-59,13,5,-32,1.77686,-0.161621,0.646484,57.125,110.375,44,-0.493517,-0.964088,0.0078263
9372,-13,-22,-5,-18,4,-11,9,11,1.77686,-0.161621,0.646484,57.125,110.375,44,-0.493517,-0.964088,0.0078263
9387,18,-83,-15,-69,-40,-55,17,-9,1.77686,-0.161621,0.646484,57.125,110.375,44,-0.493517,-0.964088,0.0078263
9387,20,-56,-13,-124,-128,42,-6,13,1.77686,-0.161621,0.646484,57.125,110.375,44,-0.493517,-0.964088,0.0078263
9394,32,-41,-31,-60,-94,-88,16,-32,1.16992,0.327637,0.492188,74.9375,102.438,0,-0.439707,-0.93484,-0.023969
9394,-95,-8,9,-80,103,93,-102,-38,1.16992,0.327637,0.492188,74.9375,102.438,0,-0.439707,-0.93484,-0.023969
9410,48,21,103,52,82,93,53,16,1.16992,0.327637,0.492188,74.9375,102.438,0,-0.439707,-0.93484,-0.023969
9410,38,39,25,22,-9,24,28,9,1.16992,0.327637,0.492188,74.9375,102.438,0,-0.439707,-0.93484,-0.023969
9411,18,34,-19,-80,-37,15,-15,-11,1.07471,-0.0180664,0.598145,-36.875,102,19.5,-0.438527,-0.901044,-0.0406225
9411,7,19,13,-80,-99,-60,12,22,1.07471,-0.0180664,0.598145,-36.875,102,19.5,-0.438527,-0.901044,-0.0406225
9424,-48,-2,-34,-128,-82,-65,-22,-52,1.07471,-0.0180664,0.598145,-36.875,102,19.5,-0.438527,-0.901044,-0.0406225
9424,86,27,-20,-43,-83,-53,6,86,1.07471,-0.0180664,0.598145,-36.875,102,19.5,-0.438527,-0.901044,-0.0406225
9432,-41,17,30,-32,-43,-19,-4,-21,0.71582,-0.648926,0.620117,-65,99,15.8125,-0.460738,-0.86308,-0.0472721
9432,2,-36,-74,-16,89,-16,15,-25,0.71582,-0.648926,0.620117,-65,99,15.8125,-0.460738,-0.86308,-0.0472721
9447,48,12,62,127,127,42,-4,33,0.71582,-0.648926,0.620117,-65,99,15.8125,-0.460738,-0.86308,-0.0472721
9447,-32,-26,47,97,32,-11,11,0,0.71582,-0.648926,0.620117,-65,99,15.8125,-0.460738,-0.86308,-0.0472721
9454,49,-4,-88,-39,70,-56,-58,19,0.414062,-0.793945,0.587891,-16,96.25,47.5625,-0.481807,-0.816806,-0.0361464
9454,-39,-31,36,127,15,103,19,-52,0.414062,-0.793945,0.587891,-16,96.25,47.5625,-0.481807,-0.816806,-0.0361464
9469,33,23,-22,-68,-66,-56,-51,24,0.414062,-0.793945,0.587891,-16,96.25,47.5625,-0.481807,-0.816806,-0.0361464
9469,-61,-44,-73,-78,-58,-41,-5,-50,0.414062,-0.793945,0.587891,-16,96.25,47.5625,-0.481807,-0.816806,-0.0361464
9476,0,-2,35,-34,-82,-8,22,8,0.38916,-0.564453,0.411133,22.25,106.188,48.375,-0.474627,-0.775219,-0.0370908
9476,13,53,20,0,107,1,-19,-2,0.38916,-0.564453,0.411133,22.25,106.188,48.375,-0.474627,-0.775219,-0.0370908
9484,-43,34,-9,102,9,26,29,-8,0.38916,-0.564453,0.411133,22.25,106.188,48.375,-0.474627,-0.775219,-0.0370908
9484,9,19,19,-24,43,-3,-13,11,0.38916,-0.564453,0.411133,22.25,106.188,48.375,-0.474627,-0.775219,-0.0370908
9493,-48,-7,-31,54,75,61,50,-21,0.269043,-0.371582,0.387207,21.1875,121.375,36.75,-0.46136,-0.730663,-0.0467302
9493,-5,12,47,-10,-79,-28,35,32,0.269043,-0.371582,0.387207,21.1875,121.375,36.75,-0.46136,-0.730663,-0.0467302
9531,-14,-18,-16,-76,-81,-4,-25,-24,0.269043,-0.371582,0.387207,21.1875,121.375,36.75,-0.46136,-0.730663,-0.0467302
9531,-23,-15,-29,-40,-8,-36,-55,-26,0.269043,-0.371582,0.387207,21.1875,121.375,36.75,-0.46136,-0.730663,-0.0467302
9539,-4,-26,54,5,-40,21,-31,-22,0.330566,-0.256836,0.348633,8.25,122.938,40.375,-0.45362,-0.685951,-0.0546055
9539,31,6,-13,-58,-74,-21,82,34,0.330566,-0.256836,0.348633,8.25,122.938,40.375,-0.45362,-0.685951,-0.0546055
9540,-21,-38,-50,-20,24,-41,-93,-13,0.330566,-0.256836,0.348633,8.25,122.938,40.375,-0.45362,-0.685951,-0.0546055
9540,-54,-6,49,91,110,41,7,-38,0.330566,-0.256836,0.348633,8.25,122.938,40.375,-0.45362,-0.685951,-0.0546055
9544,23,11,24,95,21,41,37,1,0.508301,-0.266602,0.398926,-20.3125,118.938,36.9375,-0.456,-0.643584,-0.0627853
9544,-21,-10,8,1,-27,-45,-29,12,0.508301,-0.266602,0.398926,-20.3125,118.938,36.9375,-0.456,-0.643584,-0.0627853
9545,39,-9,11,-75,-13,15,1,-9,0.508301,-0.266602,0.398926,-20.3125,118.938,36.9375,-0.456,-0.643584,-0.0627853
9545,20,-12,-14,24,5,84,41,18,0.508301,-0.266602,0.398926,-20.3125,118.938,36.9375,-0.456,-0.643584,-0.0627853
9552,-11,0,27,-35,6,9,-5,2,0.444824,-0.225098,0.263184,-34.9375,115.688,12.5625,-0.458767,-0.606563,-0.0795121
9552,-10,-9,13,-2,-60,-41,-16,-13,0.444824,-0.225098,0.263184,-34.9375,115.688,12.5625,-0.458767,-0.606563,-0.0795121
9567,-10,3,-47,-5,8,-13,13,27,0.444824,-0.225098,0.263184,-34.9375,115.688,12.5625,-0.458767,-0.606563,-0.0795121
9567,25,7,-1,-83,-99,-55,-38,-4,0.444824,-0.225098,0.263184,-34.9375,115.688,12.5625,-0.458767,-0.606563,-0.0795121
9575,5,-31,-29,52,118,35,35,6,0.668457,-0.0932617,0.885742,-8.1875,123.188,6.8125,-0.448304,-0.567416,-0.100686
9575,4,9,52,20,-84,-7,-28,3,0.668457,-0.0932617,0.885742,-8.1875,123.188,6.8125,-0.448304,-0.567416,-0.100686
9581,-2,0,53,1,68,2,-3,-13,0.668457,-0.0932617,0.885742,-8.1875,123.188,6.8125,-0.448304,-0.567416,-0.100686
9581,15,-17,-45,61,45,0,-17,3,0.668457,-0.0932617,0.885742,-8.1875,123.188,6.8125,-0.448304,-0.567416,-0.100686
9596,18,-1,-34,-110,-54,-8,15,16,0.176758,-0.477539,0.587402,-3.3125,107.375,8.0625,-0.442401,-0.531116,-0.116012
9596,44,-6,-5,36,15,-10,16,7,0.176758,-0.477539,0.587402,-3.3125,107.375,8.0625,-0.442401,-0.531116,-0.116012
9604,-117,-15,57,64,21,-35,-30,-36,0.176758,-0.477539,0.587402,-3.3125,107.375,8.0625,-0.442401,-0.531116,-0.116012
9604,22,13,24,17,10,62,78,19,0.176758,-0.477539,0.587402,-3.3125,107.375,8.0625,-0.442401,-0.531116,-0.116012
9613,-33,-9,-17,-67,-61,1,-3,23,-0.0151367,-0.315918,0.26123,-23.0625,96.375,8.625,-0.448632,-0.494775,-0.127203
9613,10,-7,-28,-56,-37,-16,-43,-7,-0.0151367,-0.315918,0.26123,-23.0625,96.375,8.625,-0.448632,-0.494775,-0.127203
9627,3,-3,24,-66,-38,-14,8,-7,-0.0151367,-0.315918,0.26123,-23.0625,96.375,8.625,-0.448632,-0.494775,-0.127203
9627,-10,6,38,58,89,-3,15,-9,-0.0151367,-0.315918,0.26123,-23.0625,96.375,8.625,-0.448632,-0.494775,-0.127203
9633,9,8,16,13,43,29,-25,2,0.279297,-0.469727,1.0459,-16.1875,89.3125,12.0625,-0.448371,-0.458529,-0.138597
9633,47,14,32,5,9,4,2,19,0.279297,-0.469727,1.0459,-16.1875,89.3125,12.0625,-0.448371,-0.458529,-0.138597
9641,-20,-19,-59,-14,-78,-8,38,10,0.279297,-0.469727,1.0459,-16.1875,89.3125,12.0625,-0.448371,-0.458529,-0.138597
9641,-22,-2,22,-101,-71,-49,-54,-32,0.279297,-0.469727,1.0459,-16.1875,89.3125,12.0625,-0.448371,-0.458529,-0.138597
9656,-42,1,-28,8,-2,-11,-19,-26,-0.0791016,-0.404297,0.0991211,-3.375,78.9375,14.5625,-0.454467,-0.427048,-0.143168
9656,19,-21,-80,63,96,32,25,25,-0.0791016,-0.404297,0.0991211,-3.375,78.9375,14.5625,-0.454467,-0.427048,-0.143168
9663,47,4,76,63,36,20,-1,13,-0.0791016,-0.404297,0.0991211,-3.375,78.9375,14.5625,-0.454467,-0.427048,-0.143168
9663,-5,4,7,-37,13,2,35,2,-0.0791016,-0.404297,0.0991211,-3.375,78.9375,14.5625,-0.454467,-0.427048,-0.143168
9672,20,-4,0,-53,-99,-38,-32,7,0.510742,-0.249512,1.22998,4.4375,68.375,23.9375,-0.443454,-0.401834,-0.149547
9672,9,-1,-15,-23,44,4,4,-8,0.510742,-0.249512,1.22998,4.4375,68.375,23.9375,-0.443454,-0.401834,-0.149547
9687,33,-2,-44,8,21,24,21,3,0.510742,-0.249512,1.22998,4.4375,68.375,23.9375,-0.443454,-0.401834,-0.149547
9687,-33,-10,-3,14,-35,-25,-18,0,0.510742,-0.249512,1.22998,4.4375,68.375,23.9375,-0.443454,-0.401834,-0.149547
9694,30,9,-5,-54,-45,-41,-21,-3,-0.279297,-0.474609,-0.101074,-11.3125,54.9375,24.6875,-0.459353,-0.373538,-0.14559
9694,-40,-12,-13,-39,-61,-31,-16,-20,-0.279297,-0.474609,-0.101074,-11.3125,54.9375,24.6875,-0.459353,-0.373538,-0.14559
9701,7,10,17,80,61,88,22,-6,-0.279297,-0.474609,-0.101074,-11.3125,54.9375,24.6875,-0.459353,-0.373538,-0.14559
9701,-8,1,-14,-32,25,-31,-33,-9,-0.279297,-0.474609,-0.101074,-11.3125,54.9375,24.6875,-0.459353,-0.373538,-0.14559
9724,-35,-7,-5,11,8,30,22,2,0.740723,-0.140625,1.48877,-19.8125,52.5,19.875,-0.451613,-0.359045,-0.15251
9724,-7,4,30,94,113,12,-10,0,0.740723,-0.140625,1.48877,-19.8125,52.5,19.875,-0.451613,-0.359045,-0.15251
9724,-21,6,-29,15,-85,-26,41,7,0.740723,-0.140625,1.48877,-19.8125,52.5,19.875,-0.451613,-0.359045,-0.15251
9724,33,-23,-46,18,47,11,-19,-21,0.740723,-0.140625,1.48877,-19.8125,52.5,19.875,-0.451613,-0.359045,-0.15251
9732,10,12,11,107,37,-7,5,3,-0.290527,-0.648438,-0.19873,-12.1875,43.9375,6.75,-0.471197,-0.33672,-0.1518
9732,-40,-24,-61,-119,-106,-35,-16,-18,-0.290527,-0.648438,-0.19873,-12.1875,43.9375,6.75,-0.471197,-0.33672,-0.1518
9755,44,30,72,-84,-87,-33,-38,17,-0.290527,-0.648438,-0.19873,-12.1875,43.9375,6.75,-0.471197,-0.33672,-0.1518
9755,-45,-11,-12,75,51,25,49,-6,-0.290527,-0.648438,-0.19873,-12.1875,43.9375,6.75,-0.471197,-0.33672,-0.1518
9757,17,-5,15,21,-38,3,-40,-4,0.814941,-0.0830078,1.66064,-7,32.375,12.25,-0.455887,-0.331554,-0.158716
9757,-23,-1,1,-9,24,-49,-2,-5,0.814941,-0.0830078,1.66064,-7,32.375,12.25,-0.455887,-0.331554,-0.158716
9761,0,-12,-1,-10,59,28,40,-6,0.814941,-0.0830078,1.66064,-7,32.375,12.25,-0.455887,-0.331554,-0.158716
9761,8,21,0,-16,-6,21,-59,0,0.814941,-0.0830078,1.66064,-7,32.375,12.25,-0.455887,-0.331554,-0.158716
9777,41,-15,1,-63,0,5,-6,17,-0.303711,-0.719727,-0.165527,-6.3125,18.5,16.1875,-0.476884,-0.314962,-0.150722
9777,9,10,6,53,3,19,-6,-3,-0.303711,-0.719727,-0.165527,-6.3125,18.5,16.1875,-0.476884,-0.314962,-0.150722
9792,-12,-7,-10,-70,-128,-48,-33,-21,-0.303711,-0.719727,-0.165527,-6.3125,18.5,16.1875,-0.476884,-0.314962,-0.150722
9792,0,-1,-23,-23,50,-22,1,6,-0.303711,-0.719727,-0.165527,-6.3125,18.5,16.1875,-0.476884,-0.314962,-0.150722
9794,4,6,46,65,35,24,32,0,0.73584,0.0253906,1.48682,-16.625,20,8.25,-0.464519,-0.314825,-0.156838
9794,-7,-4,-18,-118,-119,-15,5,6,0.73584,0.0253906,1.48682,-16.625,20,8.25,-0.464519,-0.314825,-0.156838
9807,1,-11,-20,106,125,10,-29,-16,0.73584,0.0253906,1.48682,-16.625,20,8.25,-0.464519,-0.314825,-0.156838
9807,33,-11,-68,55,6,18,5,41,0.73584,0.0253906,1.48682,-16.625,20,8.25,-0.464519,-0.314825,-0.156838
9813,-45,-11,51,-97,-99,-41,-32,-43,-0.0722656,-0.685059,0.317871,2.875,17.3125,0.5625,-0.474584,-0.303304,-0.155909
9813,-8,-4,37,92,127,31,22,5,-0.0722656,-0.685059,0.317871,2.875,17.3125,0.5625,-0.474584,-0.303304,-0.155909
9821,-19,-14,-21,69,77,35,-1,-9,-0.0722656,-0.685059,0.317871,2.875,17.3125,0.5625,-0.474584,-0.303304,-0.155909
9821,2,6,-29,-111,-128,-61,-23,-8,-0.0722656,-0.685059,0.317871,2.875,17.3125,0.5625,-0.474584,-0.303304,-0.155909
9843,-8,-12,-23,-52,127,2,33,1,0.273926,-0.0791016,0.849609,-4.0625,8.5625,1.125,-0.467551,-0.301075,-0.159388
9843,-8,-5,11,81,-10,-15,43,-3,0.273926,-0.0791016,0.849609,-4.0625,8.5625,1.125,-0.467551,-0.301075,-0.159388
9859,20,-8,11,-37,-28,26,-98,-17,0.273926,-0.0791016,0.849609,-4.0625,8.5625,1.125,-0.467551,-0.301075,-0.159388
9859,17,12,66,55,-24,-65,5,8,0.273926,-0.0791016,0.849609,-4.0625,8.5625,1.125,-0.467551,-0.301075,-0.159388
9861,-28,-29,-78,-66,-67,23,-23,-38,0.336914,-0.59668,1.04443,-9.375,4.0625,2.0625,-0.472337,-0.298726,-0.158925
9861,-6,8,38,-13,86,43,54,-5,0.336914,-0.59668,1.04443,-9.375,4.0625,2.0625,-0.472337,-0.298726,-0.158925
9889,-7,3,3,25,-27,7,-47,-6,0.336914,-0.59668,1.04443,-9.375,4.0625,2.0625,-0.472337,-0.298726,-0.158925
9889,13,7,20,-58,-89,-29,-37,10,0.336914,-0.59668,1.04443,-9.375,4.0625,2.0625,-0.472337,-0.298726,-0.158925
9897,25,5,-41,11,-17,5,94,10,0.674805,-0.349121,1.62939,-2.0625,10.9375,2.875,-0.476227,-0.294763,-0.160588
9897,-68,-15,-6,119,70,-9,-59,-2,0.674805,-0.349121,1.62939,-2.0625,10.9375,2.875,-0.476227,-0.294763,-0.160588
9912,23,-5,-52,-105,-108,-51,10,-1,0.674805,-0.349121,1.62939,-2.0625,10.9375,2.875,-0.476227,-0.294763,-0.160588
9912,-9,-19,-71,-41,21,3,-31,-8,0.674805,-0.349121,1.62939,-2.0625,10.9375,2.875,-0.476227,-0.294763,-0.160588
9913,-1,19,34,23,-53,-23,-16,1,0.674805,-0.349121,1.62939,-2.0625,10.9375,2.875,-0.476227,-0.294763,-0.160588
9913,37,10,33,28,74,35,25,12,0.674805,-0.349121,1.62939,-2.0625,10.9375,2.875,-0.476227,-0.294763,-0.160588
9919,-52,-7,-51,95,112,26,26,2,-0.385742,-0.639648,-0.0244141,7.5625,6.375,8.875,-0.488584,-0.280688,-0.154688
9919,-13,18,82,-27,-88,8,78,12,-0.385742,-0.639648,-0.0244141,7.5625,6.375,8.875,-0.488584,-0.280688,-0.154688
9920,2,-16,-65,-50,-39,-13,-56,-3,-0.385742,-0.639648,-0.0244141,7.5625,6.375,8.875,-0.488584,-0.280688,-0.154688
9920,13,-5,0,-15,-128,-110,-28,-8,-0.385742,-0.639648,-0.0244141,7.5625,6.375,8.875,-0.488584,-0.280688,-0.154688
9935,-44,-19,-21,-122,-26,50,0,-17,-0.385742,-0.639648,-0.0244141,7.5625,6.375,8.875,-0.488584,-0.280688,-0.154688
9935,18,13,24,107,127,75,11,-4,-0.385742,-0.639648,-0.0244141,7.5625,6.375,8.875,-0.488584,-0.280688,-0.154688
9936,-9,23,70,127,79,-6,17,1,0.871094,-0.0458984,1.83838,-11.0625,8.875,12.75,-0.472425,-0.285123,-0.157814
9936,15,-10,-55,-64,-37,0,23,-15,0.871094,-0.0458984,1.83838,-11.0625,8.875,12.75,-0.472425,-0.285123,-0.157814
9958,-7,-7,-15,-34,-41,56,33,-18,0.871094,-0.0458984,1.83838,-11.0625,8.875,12.75,-0.472425,-0.285123,-0.157814
9958,5,-2,3,-24,-39,-35,-24,-8,0.871094,-0.0458984,1.83838,-11.0625,8.875,12.75,-0.472425,-0.285123,-0.157814
9959,-6,-5,23,-61,-4,8,17,26,-0.182129,-0.791016,0.132324,-6.1875,14.25,7.6875,-0.490657,-0.272053,-0.153321
9959,-7,-20,-57,82,33,-21,-56,-32,-0.182129,-0.791016,0.132324,-6.1875,14.25,7.6875,-0.490657,-0.272053,-0.153321
9972,15,18,-8,73,50,-18,40,20,-0.182129,-0.791016,0.132324,-6.1875,14.25,7.6875,-0.490657,-0.272053,-0.153321
9972,11,-2,-28,-24,-12,-3,1,4,-0.182129,-0.791016,0.132324,-6.1875,14.25,7.6875,-0.490657,-0.272053,-0.153321
9980,45,18,15,3,-35,0,14,11,0.580566,-0.107422,1.31641,2.3125,19,3.375,-0.476236,-0.271394,-0.159004
9980,-29,10,-43,-23,16,31,-14,-5,0.580566,-0.107422,1.31641,2.3125,19,3.375,-0.476236,-0.271394,-0.159004
9994,26,1,-19,-40,-18,-20,15,26,0.580566,-0.107422,1.31641,2.3125,19,3.375,-0.476236,-0.271394,-0.159004
9994,-12,-2,78,58,20,-4,-27,-12,0.580566,-0.107422,1.31641,2.3125,19,3.375,-0.476236,-0.271394,-0.159004
9996,-54,-18,-36,-5,71,-10,-26,-10,0.161621,-0.692383,0.851074,11.6875,15.9375,12.4375,-0.478159,-0.261486,-0.156111
9996,17,18,57,61,-11,40,28,9,0.161621,-0.692383,0.851074,11.6875,15.9375,12.4375,-0.478159,-0.261486,-0.156111
10018,17,6,7,-67,-39,-79,-34,6,0.161621,-0.692383,0.851074,11.6875,15.9375,12.4375,-0.478159,-0.261486,-0.156111
10018,20,-5,12,17,23,32,-24,6,0.161621,-0.692383,0.851074,11.6875,15.9375,12.4375,-0.478159,-0.261486,-0.156111
10019,-46,-2,18,69,52,7,51,-4,0.198242,-0.358887,0.483887,-2.75,13.125,20.875,-0.482585,-0.25509,-0.151009
10019,-4,1,18,-95,-71,36,-53,-13,0.198242,-0.358887,0.483887,-2.75,13.125,20.875,-0.482585,-0.25509,-0.151009
10031,-4,-7,-43,-41,-44,-60,-5,-4,0.198242,-0.358887,0.483887,-2.75,13.125,20.875,-0.482585,-0.25509,-0.151009
10031,10,-9,-20,-49,-69,-55,15,1,0.198242,-0.358887,0.483887,-2.75,13.125,20.875,-0.482585,-0.25509,-0.151009
10040,16,8,88,37,59,68,-29,-3,0.704102,-0.422852,1.52295,4.375,19.8125,16.0625,-0.473334,-0.25365,-0.151217
10040,23,11,-71,-22,75,52,85,17,0.704102,-0.422852,1.52295,4.375,19.8125,16.0625,-0.473334,-0.25365,-0.151217
10054,33,-7,33,127,10,-8,22,38,0.704102,-0.422852,1.52295,4.375,19.8125,16.0625,-0.473334,-0.25365,-0.151217
10054,-69,-15,16,-51,1,-9,-21,-26,0.704102,-0.422852,1.52295,4.375,19.8125,16.0625,-0.473334,-0.25365,-0.151217
10056,9,11,10,-43,-48,-26,-29,-1,-0.012207,-0.583496,1.01367,-4.25,26.0625,8.9375,-0.475776,-0.237082,-0.15228
10056,5,-3,1,24,56,-1,-1,-2,-0.012207,-0.583496,1.01367,-4.25,26.0625,8.9375,-0.475776,-0.237082,-0.15228
10078,18,2,67,-39,-99,-48,-14,-5,-0.012207,-0.583496,1.01367,-4.25,26.0625,8.9375,-0.475776,-0.237082,-0.15228
10078,-20,2,-28,-62,24,22,6,2,-0.012207,-0.583496,1.01367,-4.25,26.0625,8.9375,-0.475776,-0.237082,-0.15228
10079,7,-7,12,71,87,35,53,7,0.400879,-0.451172,0.886719,2.1875,22.6875,12.375,-0.475013,-0.232031,-0.152138
10079,37,17,13,-60,-45,-16,-24,23,0.400879,-0.451172,0.886719,2.1875,22.6875,12.375,-0.475013,-0.232031,-0.152138
10091,-44,-29,-52,-49,30,28,-37,-24,0.400879,-0.451172,0.886719,2.1875,22.6875,12.375,-0.475013,-0.232031,-0.152138
10091,-12,3,39,126,4,14,-1,2,0.400879,-0.451172,0.886719,2.1875,22.6875,12.375,-0.475013,-0.232031,-0.152138
10100,2,-3,-70,-24,-78,-32,24,-4,0.325195,-0.467285,0.836426,0.375,17.5,11.75,-0.475853,-0.227157,-0.151031
10100,19,7,40,-58,-14,23,53,2,0.325195,-0.467285,0.836426,0.375,17.5,11.75,-0.475853,-0.227157,-0.151031
10122,-12,8,-10,43,36,-16,10,1,0.325195,-0.467285,0.836426,0.375,17.5,11.75,-0.475853,-0.227157,-0.151031
10122,17,11,0,-73,-59,-22,1,5,0.325195,-0.467285,0.836426,0.375,17.5,11.75,-0.475853,-0.227157,-0.151031
10124,25,-12,-65,23,33,17,21,16,0.282715,-0.426758,0.810059,2,16.5625,6.6875,-0.475269,-0.222818,-0.151608
10124,-30,-4,55,1,-11,-45,-79,-31,0.282715,-0.426758,0.810059,2,16.5625,6.6875,-0.475269,-0.222818,-0.151608
10138,5,-9,-66,-8,49,10,21,-2,0.282715,-0.426758,0.810059,2,16.5625,6.6875,-0.475269,-0.222818,-0.151608
10138,7,8,84,82,48,25,-3,-5,0.282715,-0.426758,0.810059,2,16.5625,6.6875,-0.475269,-0.222818,-0.151608
10139,-30,-13,-89,-104,-119,-67,-30,1,0.212891,-0.432617,0.798828,7.0625,15.6875,8.125,-0.473283,-0.216903,-0.151523
10139,21,-8,2,124,96,11,-3,-6,0.212891,-0.432617,0.798828,7.0625,15.6875,8.125,-0.473283,-0.216903,-0.151523
10160,-1,23,89,78,91,86,49,20,0.212891,-0.432617,0.798828,7.0625,15.6875,8.125,-0.473283,-0.216903,-0.151523
10160,13,6,10,-126,-93,-51,-21,7,0.212891,-0.432617,0.798828,7.0625,15.6875,8.125,-0.473283,-0.216903,-0.151523
10161,14,-7,11,33,6,75,5,-6,0.222656,-0.46582,0.828125,1.625,13.5625,9.125,-0.473757,-0.211652,-0.150549
10161,1,2,-3,-50,-68,-46,1,12,0.222656,-0.46582,0.828125,1.625,13.5625,9.125,-0.473757,-0.211652,-0.150549
10175,-24,-20,-41,-115,-101,-52,-44,-22,0.222656,-0.46582,0.828125,1.625,13.5625,9.125,-0.473757,-0.211652,-0.150549
10175,1,-8,-24,-39,-56,-67,36,10,0.222656,-0.46582,0.828125,1.625,13.5625,9.125,-0.473757,-0.211652,-0.150549
10176,-13,-3,3,32,61,56,-117,-15,0.178223,-0.438477,0.666504,3.6875,10.75,8.0625,-0.474706,-0.207271,-0.14933
10176,31,1,1,-48,-16,58,68,36,0.178223,-0.438477,0.666504,3.6875,10.75,8.0625,-0.474706,-0.207271,-0.14933
10198,-15,8,30,127,127,-42,-31,-8,0.178223,-0.438477,0.666504,3.6875,10.75,8.0625,-0.474706,-0.207271,-0.14933
10198,-5,10,3,-37,-31,35,13,-5,0.178223,-0.438477,0.666504,3.6875,10.75,8.0625,-0.474706,-0.207271,-0.14933
10199,-8,-4,-23,-101,-117,-83,-44,-18,0.701172,-0.422852,1.16211,-6,10.9375,10.625,-0.473231,-0.212744,-0.148556
10199,-5,3,0,80,90,40,10,4,0.701172,-0.422852,1.16211,-6,10.9375,10.625,-0.473231,-0.212744,-0.148556
10211,18,17,76,50,-2,19,20,3,0.701172,-0.422852,1.16211,-6,10.9375,10.625,-0.473231,-0.212744,-0.148556
10211,-6,-21,-40,-33,2,-23,4,-5,0.701172,-0.422852,1.16211,-6,10.9375,10.625,-0.473231,-0.212744,-0.148556
10219,-1,3,-31,3,32,11,38,2,0.953613,-0.383789,1.32568,-0.9375,10.6875,5.1875,-0.467102,-0.224244,-0.150019
10219,-11,4,23,-117,-97,-20,16,-11,0.953613,-0.383789,1.32568,-0.9375,10.6875,5.1875,-0.467102,-0.224244,-0.150019
10235,29,6,-11,-15,-107,-29,-27,8,0.953613,-0.383789,1.32568,-0.9375,10.6875,5.1875,-0.467102,-0.224244,-0.150019
10235,-18,-16,-32,3,106,-9,-15,-13,0.953613,-0.383789,1.32568,-0.9375,10.6875,5.1875,-0.467102,-0.224244,-0.150019
10241,5,9,45,30,10,26,-11,-2,-0.40332,-0.606934,0.391113,6.5,13.5625,9.125,-0.473913,-0.205837,-0.147445
10241,-3,-7,-12,-104,-61,-59,15,4,-0.40332,-0.606934,0.391113,6.5,13.5625,9.125,-0.473913,-0.205837,-0.147445
10257,4,14,71,63,85,91,3,-20,-0.40332,-0.606934,0.391113,6.5,13.5625,9.125,-0.473913,-0.205837,-0.147445
10257,-34,-16,-37,-28,-95,1,63,-1,-0.40332,-0.606934,0.391113,6.5,13.5625,9.125,-0.473913,-0.205837,-0.147445
10265,15,5,3,54,121,-12,5,-2,0.844238,-0.362793,1.46582,-2.875,13.375,7.3125,-0.466457,-0.213326,-0.149037
10265,17,15,-38,89,62,29,11,17,0.844238,-0.362793,1.46582,-2.875,13.375,7.3125,-0.466457,-0.213326,-0.149037
10271,5,-11,-6,-110,-95,-15,3,-1,0.844238,-0.362793,1.46582,-2.875,13.375,7.3125,-0.466457,-0.213326,-0.149037
10271,22,-1,-19,55,68,64,16,12,0.844238,-0.362793,1.46582,-2.875,13.375,7.3125,-0.466457,-0.213326,-0.149037
10280,-11,-6,8,-52,-78,-19,-38,-17,-0.00976562,-0.28125,0.521484,-4.25,14.0625,1.5,-0.467961,-0.205546,-0.150693
10280,-12,-5,13,6,-8,-45,-30,-11,-0.00976562,-0.28125,0.521484,-4.25,14.0625,1.5,-0.467961,-0.205546,-0.150693
10294,19,3,-81,-110,-55,-39,19,20,-0.00976562,-0.28125,0.521484,-4.25,14.0625,1.5,-0.467961,-0.205546,-0.150693
10294,6,6,45,70,37,12,-12,-5,-0.00976562,-0.28125,0.521484,-4.25,14.0625,1.5,-0.467961,-0.205546,-0.150693
10296,-12,8,-45,-31,-8,-49,17,1,-0.265625,-0.703125,0.505859,1.5,12.5625,1.625,-0.476837,-0.191407,-0.150229
10296,-14,-22,-30,-42,-105,-39,-40,-9,-0.265625,-0.703125,0.505859,1.5,12.5625,1.625,-0.476837,-0.191407,-0.150229
10317,-12,-11,27,93,127,85,11,4,-0.265625,-0.703125,0.505859,1.5,12.5625,1.625,-0.476837,-0.191407,-0.150229
10317,-8,15,21,-55,-105,-48,-3,-6,-0.265625,-0.703125,0.505859,1.5,12.5625,1.625,-0.476837,-0.191407,-0.150229
10318,-11,-18,-2,7,63,10,9,-1,0.825684,-0.412109,1.46484,3.4375,11.375,3.1875,-0.468074,-0.200083,-0.152573
10318,-26,6,39,126,82,82,-18,-19,0.825684,-0.412109,1.46484,3.4375,11.375,3.1875,-0.468074,-0.200083,-0.152573
10330,8,1,-52,-128,-128,-118,-39,6,0.825684,-0.412109,1.46484,3.4375,11.375,3.1875,-0.468074,-0.200083,-0.152573
10330,-22,-12,-11,-17,104,32,4,-21,0.825684,-0.412109,1.46484,3.4375,11.375,3.1875,-0.468074,-0.200083,-0.152573
10347,12,7,-2,124,48,41,30,12,0.164551,-0.233398,0.700195,0.375,12.3125,2.625,-0.464969,-0.196378,-0.154183
10347,-1,-7,-17,-89,-94,-53,-2,-7,0.164551,-0.233398,0.700195,0.375,12.3125,2.625,-0.464969,-0.196378,-0.154183
10362,-29,-32,-51,-32,33,-36,-39,-17,0.164551,-0.233398,0.700195,0.375,12.3125,2.625,-0.464969,-0.196378,-0.154183
10362,26,15,-7,37,-28,73,69,14,0.164551,-0.233398,0.700195,0.375,12.3125,2.625,-0.464969,-0.196378,-0.154183
10364,-19,-10,15,-25,-18,-44,-62,-13,-0.464355,-0.660156,0.354492,1.75,11.5,3.9375,-0.474797,-0.178338,-0.152822
10364,42,12,32,126,76,17,29,35,-0.464355,-0.660156,0.354492,1.75,11.5,3.9375,-0.474797,-0.178338,-0.152822
10377,-25,7,21,-111,-105,-12,28,-24,-0.464355,-0.660156,0.354492,1.75,11.5,3.9375,-0.474797,-0.178338,-0.152822
10377,-12,-17,-23,-44,11,-30,-65,1,-0.464355,-0.660156,0.354492,1.75,11.5,3.9375,-0.474797,-0.178338,-0.152822
10379,13,1,3,-34,-44,-1,18,5,0.623047,-0.534668,1.28564,1,8.125,5.0625,-0.47168,-0.183915,-0.153132
10379,-11,-4,19,-111,-123,-44,-27,-14,0.623047,-0.534668,1.28564,1,8.125,5.0625,-0.47168,-0.183915,-0.153132
10391,7,12,46,103,127,42,25,6,0.623047,-0.534668,1.28564,1,8.125,5.0625,-0.47168,-0.183915,-0.153132
10391,31,15,28,28,10,43,-2,13,0.623047,-0.534668,1.28564,1,8.125,5.0625,-0.47168,-0.183915,-0.153132
10408,-4,-5,60,40,-13,-7,2,-9,0.458496,-0.208496,0.933594,3.75,10,1.1875,-0.464367,-0.187529,-0.155386
10408,-1,10,63,17,41,-12,-25,-2,0.458496,-0.208496,0.933594,3.75,10,1.1875,-0.464367,-0.187529,-0.155386
10415,20,4,-11,-46,-106,-25,15,20,0.458496,-0.208496,0.933594,3.75,10,1.1875,-0.464367,-0.187529,-0.155386
10415,-24,-7,-4,20,69,-4,-28,-20,0.458496,-0.208496,0.933594,3.75,10,1.1875,-0.464367,-0.187529,-0.155386
10416,36,16,35,29,-32,54,38,37,-0.53418,-0.548828,0.314941,-0.125,9.9375,-1.625,-0.47256,-0.169671,-0.15591
10416,-16,-13,9,-40,42,-32,15,-21,-0.53418,-0.548828,0.314941,-0.125,9.9375,-1.625,-0.47256,-0.169671,-0.15591
10438,-20,-1,29,7,9,27,-18,-15,-0.53418,-0.548828,0.314941,-0.125,9.9375,-1.625,-0.47256,-0.169671,-0.15591
10438,13,6,-44,-63,-67,-43,-23,7,-0.53418,-0.548828,0.314941,-0.125,9.9375,-1.625,-0.47256,-0.169671,-0.15591
10439,-2,0,34,36,-19,-67,-11,7,0.318848,-0.635254,1.11328,-4.3125,9.625,2.9375,-0.475376,-0.168667,-0.156341
10439,-17,-24,-61,-59,-3,11,-71,-28,0.318848,-0.635254,1.11328,-4.3125,9.625,2.9375,-0.475376,-0.168667,-0.156341
10460,11,4,-9,94,94,78,46,8,0.318848,-0.635254,1.11328,-4.3125,9.625,2.9375,-0.475376,-0.168667,-0.156341
10460,6,4,-6,19,-19,-21,-22,-3,0.318848,-0.635254,1.11328,-4.3125,9.625,2.9375,-0.475376,-0.168667,-0.156341
10461,2,9,-35,-128,-106,-38,46,-7,0.689453,-0.217773,1.19092,-1.4375,8.0625,2.8125,-0.467134,-0.177408,-0.158273
10461,-6,-5,-52,53,71,-58,-50,15,0.689453,-0.217773,1.19092,-1.4375,8.0625,2.8125,-0.467134,-0.177408,-0.158273
10475,0,14,85,51,77,73,19,6,0.689453,-0.217773,1.19092,-1.4375,8.0625,2.8125,-0.467134,-0.177408,-0.158273
10475,7,0,29,-15,-62,-16,-10,4,0.689453,-0.217773,1.19092,-1.4375,8.0625,2.8125,-0.467134,-0.177408,-0.158273
10477,5,-6,-73,-53,-35,-29,-19,-15,-0.00439453,-0.60791,1.11182,-6.5,14.4375,0.75,-0.469997,-0.167429,-0.160139
10477,10,-10,-60,-30,6,-1,1,-4,-0.00439453,-0.60791,1.11182,-6.5,14.4375,0.75,-0.469997,-0.167429,-0.160139
10498,3,17,8,31,-11,-36,-35,3,-0.00439453,-0.60791,1.11182,-6.5,14.4375,0.75,-0.469997,-0.167429,-0.160139
10498,-17,8,16,-55,-12,5,31,0,-0.00439453,-0.60791,1.11182,-6.5,14.4375,0.75,-0.469997,-0.167429,-0.160139
10499,-10,-15,-16,8,-49,-13,-20,-11,0.198242,-0.419922,0.869629,3.0625,10.6875,2,-0.468328,-0.164761,-0.161254
10499,10,1,-24,-93,-24,1,16,1,0.198242,-0.419922,0.869629,3.0625,10.6875,2,-0.468328,-0.164761,-0.161254
10520,-32,-24,-71,-56,-2,-96,-11,2,0.198242,-0.419922,0.869629,3.0625,10.6875,2,-0.468328,-0.164761,-0.161254
10520,4,0,9,127,117,106,65,1,0.198242,-0.419922,0.869629,3.0625,10.6875,2,-0.468328,-0.164761,-0.161254
10521,10,7,21,26,49,21,-23,2,0.161133,-0.433105,0.859863,1.875,9.5625,4.875,-0.467664,-0.16104,-0.16127
10521,-17,6,12,30,9,-22,-36,-4,0.161133,-0.433105,0.859863,1.875,9.5625,4.875,-0.467664,-0.16104,-0.16127
10543,4,11,-49,-104,-128,40,96,-11,0.161133,-0.433105,0.859863,1.875,9.5625,4.875,-0.467664,-0.16104,-0.16127
10543,-12,-31,-48,-50,13,-17,9,-10,0.161133,-0.433105,0.859863,1.875,9.5625,4.875,-0.467664,-0.16104,-0.16127
10544,-13,-7,-13,-11,22,8,0,0,0.169434,-0.468262,0.859375,-5.0625,10.125,0.1875,-0.469778,-0.158194,-0.162689
10544,23,21,101,33,17,28,40,21,0.169434,-0.468262,0.859375,-5.0625,10.125,0.1875,-0.469778,-0.158194,-0.162689
10556,9,9,29,66,38,-10,-37,-7,0.169434,-0.468262,0.859375,-5.0625,10.125,0.1875,-0.469778,-0.158194,-0.162689
10556,8,9,58,-5,-56,-19,-30,-1,0.169434,-0.468262,0.859375,-5.0625,10.125,0.1875,-0.469778,-0.158194,-0.162689
10564,13,-7,-21,73,56,46,31,6,0.162598,-0.453125,0.848145,1.5625,10.9375,-3,-0.46942,-0.155534,-0.16536
10564,12,11,38,-9,-2,13,1,11,0.162598,-0.453125,0.848145,1.5625,10.9375,-3,-0.46942,-0.155534,-0.16536
10580,-43,-23,-65,-128,-113,-88,-38,-19,0.162598,-0.453125,0.848145,1.5625,10.9375,-3,-0.46942,-0.155534,-0.16536
10580,6,-2,-21,43,77,5,-20,7,0.162598,-0.453125,0.848145,1.5625,10.9375,-3,-0.46942,-0.155534,-0.16536
10582,1,14,88,83,66,29,17,6,0.119141,-0.440918,0.852539,0.8125,8.125,1.4375,-0.469075,-0.152043,-0.166183
10582,-8,-16,-57,-77,-113,-46,0,-12,0.119141,-0.440918,0.852539,0.8125,8.125,1.4375,-0.469075,-0.152043,-0.166183
10603,-7,-24,-76,-66,2,-50,-42,-10,0.119141,-0.440918,0.852539,0.8125,8.125,1.4375,-0.469075,-0.152043,-0.166183
10603,-11,-25,-36,22,61,24,2,-7,0.119141,-0.440918,0.852539,0.8125,8.125,1.4375,-0.469075,-0.152043,-0.166183
10604,5,9,68,32,57,57,55,4,0.130371,-0.466797,0.847656,0.125,8.8125,6.0625,-0.469877,-0.148059,-0.165551
10604,3,11,39,28,-47,3,-13,8,0.130371,-0.466797,0.847656,0.125,8.8125,6.0625,-0.469877,-0.148059,-0.165551
10625,-19,0,-2,49,31,30,34,-15,0.130371,-0.466797,0.847656,0.125,8.8125,6.0625,-0.469877,-0.148059,-0.165551
10625,17,-1,-6,43,-11,-36,-12,16,0.130371,-0.466797,0.847656,0.125,8.8125,6.0625,-0.469877,-0.148059,-0.165551
10627,-5,-13,-49,-97,-57,-45,-29,-10,0.153809,-0.447266,0.890625,-3.3125,10.9375,2.5,-0.470821,-0.144469,-0.166465
10627,-15,-2,31,-22,-19,24,-1,-8,0.153809,-0.447266,0.890625,-3.3125,10.9375,2.5,-0.470821,-0.144469,-0.166465
10647,13,6,57,63,-16,-7,9,9,0.153809,-0.447266,0.890625,-3.3125,10.9375,2.5,-0.470821,-0.144469,-0.166465
10647,-4,9,6,9,28,-19,-37,-4,0.153809,-0.447266,0.890625,-3.3125,10.9375,2.5,-0.470821,-0.144469,-0.166465
10648,-10,-12,-10,-42,-74,-46,-10,-8,-0.00830078,-0.461426,0.76709,5.125,4.0625,-1.4375,-0.470428,-0.140114,-0.167376
10648,-12,-14,-77,46,74,35,25,-3,-0.00830078,-0.461426,0.76709,5.125,4.0625,-1.4375,-0.470428,-0.140114,-0.167376
10662,18,11,49,79,73,17,-33,15,-0.00830078,-0.461426,0.76709,5.125,4.0625,-1.4375,-0.470428,-0.140114,-0.167376
10662,-5,-1,-45,-96,-88,-80,2,-5,-0.00830078,-0.461426,0.76709,5.125,4.0625,-1.4375,-0.470428,-0.140114,-0.167376
10663,1,11,52,26,73,11,-46,-14,0.0830078,-0.501953,0.883301,-1.75,10.9375,-0.25,-0.471956,-0.135384,-0.169057
10663,2,5,-4,65,56,89,19,25,0.0830078,-0.501953,0.883301,-1.75,10.9375,-0.25,-0.471956,-0.135384,-0.169057
10675,4,-4,-26,-37,-11,22,-14,-15,0.0830078,-0.501953,0.883301,-1.75,10.9375,-0.25,-0.471956,-0.135384,-0.169057
10675,-6,1,12,-39,-75,-6,14,-4,0.0830078,-0.501953,0.883301,-1.75,10.9375,-0.25,-0.471956,-0.135384,-0.169057
10684,-1,9,15,-93,-103,-78,-14,2,0.0292969,-0.534668,0.883789,-8.1875,9.375,1.125,-0.476338,-0.129734,-0.169929
10684,-6,-17,-31,-38,26,-30,-40,-10,0.0292969,-0.534668,0.883789,-8.1875,9.375,1.125,-0.476338,-0.129734,-0.169929
10700,14,-5,26,-39,-45,34,6,2,0.0292969,-0.534668,0.883789,-8.1875,9.375,1.125,-0.476338,-0.129734,-0.169929
10700,-4,3,20,29,51,19,22,1,0.0292969,-0.534668,0.883789,-8.1875,9.375,1.125,-0.476338,-0.129734,-0.169929
10701,3,-3,-47,-74,-32,-17,-29,5,-0.0297852,-0.475586,0.674805,2.5,6,-2.625,-0.478002,-0.125082,-0.171349
10701,-14,-1,-14,58,-18,1,-6,-15,-0.0297852,-0.475586,0.674805,2.5,6,-2.625,-0.478002,-0.125082,-0.171349
10729,0,4,62,-1,74,-2,-8,4,-0.0297852,-0.475586,0.674805,2.5,6,-2.625,-0.478002,-0.125082,-0.171349
10729,10,11,-3,-50,-76,-12,4,5,-0.0297852,-0.475586,0.674805,2.5,6,-2.625,-0.478002,-0.125082,-0.171349
10736,0,-3,12,-70,44,12,20,5,0.097168,-0.284668,0.533203,11.125,0.25,-0.375,-0.4743,-0.12551,-0.171531
10736,-2,18,16,127,70,9,8,-10,0.097168,-0.284668,0.533203,11.125,0.25,-0.375,-0.4743,-0.12551,-0.171531
10746,3,-21,-29,36,-43,6,12,8,0.097168,-0.284668,0.533203,11.125,0.25,-0.375,-0.4743,-0.12551,-0.171531
10746,-3,-4,-2,-69,25,-20,-16,-9,0.097168,-0.284668,0.533203,11.125,0.25,-0.375,-0.4743,-0.12551,-0.171531
10747,-10,-5,-14,70,43,-48,-11,-1,0.32373,-0.372559,0.897949,-7.125,-4.3125,4.3125,-0.475,-0.130932,-0.169705
10747,5,-9,-20,-128,-128,41,40,-7,0.32373,-0.372559,0.897949,-7.125,-4.3125,4.3125,-0.475,-0.130932,-0.169705
10784,-2,-6,-5,79,110,-80,-31,-1,0.32373,-0.372559,0.897949,-7.125,-4.3125,4.3125,-0.475,-0.130932,-0.169705
10784,-7,14,43,127,118,117,14,1,0.32373,-0.372559,0.897949,-7.125,-4.3125,4.3125,-0.475,-0.130932,-0.169705
10788,1,1,-13,71,29,-10,-37,6,-0.106445,-0.540039,0.897461,-6.625,11.3125,-6.8125,-0.482102,-0.122461,-0.17485
10788,-7,-16,-4,-96,-94,-8,-15,-16,-0.106445,-0.540039,0.897461,-6.625,11.3125,-6.8125,-0.482102,-0.122461,-0.17485
10822,5,5,-18,-119,-123,-61,6,0,-0.106445,-0.540039,0.897461,-6.625,11.3125,-6.8125,-0.482102,-0.122461,-0.17485
10822,-5,-9,-90,71,81,18,-3,-2,-0.106445,-0.540039,0.897461,-6.625,11.3125,-6.8125,-0.482102,-0.122461,-0.17485
10826,6,21,88,59,38,38,-19,0,0.344238,-0.373535,0.880859,0.8125,-7.3125,7.0625,-0.477471,-0.128341,-0.172493
10826,-6,-30,-107,-52,-45,-38,23,1,0.344238,-0.373535,0.880859,0.8125,-7.3125,7.0625,-0.477471,-0.128341,-0.172493
10850,14,6,68,30,-91,-1,-16,-2,0.344238,-0.373535,0.880859,0.8125,-7.3125,7.0625,-0.477471,-0.128341,-0.172493
10850,5,-8,-66,-38,-45,-21,-1,18,0.344238,-0.373535,0.880859,0.8125,-7.3125,7.0625,-0.477471,-0.128341,-0.172493
10852,-53,-3,-37,92,107,36,11,-24,0.00634766,-0.389648,0.496094,7.3125,-0.3125,-4.625,-0.481168,-0.122677,-0.175593
10852,12,2,14,76,51,17,2,16,0.00634766,-0.389648,0.496094,7.3125,-0.3125,-4.625,-0.481168,-0.122677,-0.175593
10864,2,-4,-25,-128,-68,-5,7,-1,0.00634766,-0.389648,0.496094,7.3125,-0.3125,-4.625,-0.481168,-0.122677,-0.175593
10864,-8,-12,34,-71,-52,-105,-30,-9,0.00634766,-0.389648,0.496094,7.3125,-0.3125,-4.625,-0.481168,-0.122677,-0.175593
10865,8,2,4,7,73,28,-27,11,0.00634766,-0.389648,0.496094,7.3125,-0.3125,-4.625,-0.481168,-0.122677,-0.175593
10865,1,-2,21,76,42,103,90,2,0.00634766,-0.389648,0.496094,7.3125,-0.3125,-4.625,-0.481168,-0.122677,-0.175593
10882,-6,7,-31,-32,-69,-58,51,-1,0.00634766,-0.389648,0.496094,7.3125,-0.3125,-4.625,-0.481168,-0.122677,-0.175593
10882,-7,1,29,9,62,28,12,-13,0.00634766,-0.389648,0.496094,7.3125,-0.3125,-4.625,-0.481168,-0.122677,-0.175593
10883,14,-6,-32,1,-32,44,11,4,0.345215,-0.500977,1.22949,-6.0625,-1.3125,2.5625,-0.480236,-0.126971,-0.174974
10883,3,8,49,8,29,-43,57,-10,0.345215,-0.500977,1.22949,-6.0625,-1.3125,2.5625,-0.480236,-0.126971,-0.174974
10894,-9,0,68,63,81,29,-11,-8,0.345215,-0.500977,1.22949,-6.0625,-1.3125,2.5625,-0.480236,-0.126971,-0.174974
10894,34,12,10,74,-63,2,29,13,0.345215,-0.500977,1.22949,-6.0625,-1.3125,2.5625,-0.480236,-0.126971,-0.174974
10902,-8,-11,-10,-112,-128,-64,-7,-11,-0.107422,-0.350098,0.419434,15,-1.4375,-0.125,-0.478016,-0.123206,-0.174457
10902,-13,-13,-35,-10,127,-22,-52,-4,-0.107422,-0.350098,0.419434,15,-1.4375,-0.125,-0.478016,-0.123206,-0.174457
10916,29,11,3,77,43,43,26,21,-0.107422,-0.350098,0.419434,15,-1.4375,-0.125,-0.478016,-0.123206,-0.174457
10916,-34,-10,7,-126,-79,-38,-29,-10,-0.107422,-0.350098,0.419434,15,-1.4375,-0.125,-0.478016,-0.123206,-0.174457
10925,1,-1,-23,23,-2,7,-8,2,0.0673828,-0.623047,1.29834,-16.0625,6.0625,1.5,-0.482255,-0.118484,-0.175041
10925,4,1,19,-54,-76,-36,-35,4,0.0673828,-0.623047,1.29834,-16.0625,6.0625,1.5,-0.482255,-0.118484,-0.175041
10933,-10,-10,-51,-21,-21,13,8,-1,0.0673828,-0.623047,1.29834,-16.0625,6.0625,1.5,-0.482255,-0.118484,-0.175041
10933,8,1,18,-87,17,-13,-25,1,0.0673828,-0.623047,1.29834,-16.0625,6.0625,1.5,-0.482255,-0.118484,-0.175041
10934,7,-1,-13,3,-80,15,43,0,0.612793,-0.29834,0.72998,6.1875,-4.5,-0.4375,-0.478366,-0.13226,-0.174687
10934,2,2,16,72,54,-3,-50,-2,0.612793,-0.29834,0.72998,6.1875,-4.5,-0.4375,-0.478366,-0.13226,-0.174687
10947,8,20,48,37,100,29,0,-2,0.612793,-0.29834,0.72998,6.1875,-4.5,-0.4375,-0.478366,-0.13226,-0.174687
10947,-5,8,10,47,-47,-29,-24,7,0.612793,-0.29834,0.72998,6.1875,-4.5,-0.4375,-0.478366,-0.13226,-0.174687
10954,-8,-13,-37,-25,50,68,114,6,-0.388672,-0.456055,0.394531,10.8125,1.8125,-7.4375,-0.479649,-0.121887,-0.176593
10954,8,18,8,-28,-1,15,55,2,-0.388672,-0.456055,0.394531,10.8125,1.8125,-7.4375,-0.479649,-0.121887,-0.176593
10969,-10,-6,37,95,9,0,-44,-6,-0.388672,-0.456055,0.394531,10.8125,1.8125,-7.4375,-0.479649,-0.121887,-0.176593
10969,1,2,15,28,47,21,6,1,-0.388672,-0.456055,0.394531,10.8125,1.8125,-7.4375,-0.479649,-0.121887,-0.176593
10970,27,14,16,15,30,-37,-8,19,-0.388672,-0.456055,0.394531,10.8125,1.8125,-7.4375,-0.479649,-0.121887,-0.176593
10970,-22,-21,11,-45,-102,-46,-40,-11,-0.388672,-0.456055,0.394531,10.8125,1.8125,-7.4375,-0.479649,-0.121887,-0.176593
10985,3,-6,-99,-76,-51,3,11,6,-0.388672,-0.456055,0.394531,10.8125,1.8125,-7.4375,-0.479649,-0.121887,-0.176593
10985,-3,1,3,19,-2,-4,14,-6,-0.388672,-0.456055,0.394531,10.8125,1.8125,-7.4375,-0.479649,-0.121887,-0.176593
10987,-11,-14,-17,-95,-24,-8,1,-11,-0.368652,-0.679688,1.05225,-9.3125,6.875,3.5625,-0.485597,-0.106783,-0.176359
10987,19,21,93,127,75,-70,-41,9,-0.368652,-0.679688,1.05225,-9.3125,6.875,3.5625,-0.485597,-0.106783,-0.176359
11000,-13,-16,-46,-45,-67,62,-87,-20,-0.368652,-0.679688,1.05225,-9.3125,6.875,3.5625,-0.485597,-0.106783,-0.176359
11000,-11,-14,-21,-89,-5,1,85,-14,-0.368652,-0.679688,1.05225,-9.3125,6.875,3.5625,-0.485597,-0.106783,-0.176359
11002,-17,-2,58,127,106,56,-14,-3,0.355957,-0.599121,1.38477,-11.5625,6.1875,5.25,-0.486724,-0.108846,-0.176077
11002,35,18,-2,-43,-93,12,12,14,0.355957,-0.599121,1.38477,-11.5625,6.1875,5.25,-0.486724,-0.108846,-0.176077
11014,-15,-8,-41,-73,20,-59,-50,-14,0.355957,-0.599121,1.38477,-11.5625,6.1875,5.25,-0.486724,-0.108846,-0.176077
11014,0,-7,3,100,35,26,-27,1,0.355957,-0.599121,1.38477,-11.5625,6.1875,5.25,-0.486724,-0.108846,-0.176077
11038,4,-5,-17,57,-40,1,38,4,0.740234,-0.444824,1.34961,-0.3125,2,1.125,-0.481158,-0.122051,-0.176622
11038,-15,4,44,-21,27,-18,13,-4,0.740234,-0.444824,1.34961,-0.3125,2,1.125,-0.481158,-0.122051,-0.176622
11039,-9,-2,-22,27,-6,-2,-15,-7,0.740234,-0.444824,1.34961,-0.3125,2,1.125,-0.481158,-0.122051,-0.176622
11039,3,-5,16,-106,-70,-12,-13,-1,0.740234,-0.444824,1.34961,-0.3125,2,1.125,-0.481158,-0.122051,-0.176622
11040,13,-8,-39,-45,30,-7,22,13,0.808594,-0.431641,1.36475,-1.875,-0.3125,4.9375,-0.47586,-0.136449,-0.175831
11040,-24,2,-11,83,11,1,-43,-19,0.808594,-0.431641,1.36475,-1.875,-0.3125,4.9375,-0.47586,-0.136449,-0.175831
11052,2,3,-7,-9,-1,1,47,11,0.808594,-0.431641,1.36475,-1.875,-0.3125,4.9375,-0.47586,-0.136449,-0.175831
11052,6,3,-17,-89,-109,-38,-35,-6,0.808594,-0.431641,1.36475,-1.875,-0.3125,4.9375,-0.47586,-0.136449,-0.175831
11054,-24,-3,55,66,72,-40,-10,-13,0.520508,-0.594238,1.37695,-9.8125,0.5625,7.9375,-0.477044,-0.142632,-0.173803
11054,11,10,-12,-60,42,74,15,13,0.520508,-0.594238,1.37695,-9.8125,0.5625,7.9375,-0.477044,-0.142632,-0.173803
11066,-8,-26,-32,-65,-70,-74,-8,1,0.520508,-0.594238,1.37695,-9.8125,0.5625,7.9375,-0.477044,-0.142632,-0.173803
11066,-12,-2,-22,58,119,98,35,-13,0.520508,-0.594238,1.37695,-9.8125,0.5625,7.9375,-0.477044,-0.142632,-0.173803
11068,19,7,26,23,-103,-56,-5,15,0.520508,-0.594238,1.37695,-9.8125,0.5625,7.9375,-0.477044,-0.142632,-0.173803
11068,-13,-1,-24,-67,14,-6,15,-14,0.520508,-0.594238,1.37695,-9.8125,0.5625,7.9375,-0.477044,-0.142632,-0.173803
11083,8,17,65,127,127,91,44,12,0.520508,-0.594238,1.37695,-9.8125,0.5625,7.9375,-0.477044,-0.142632,-0.173803
11083,15,-2,15,-74,-91,-59,-17,11,0.520508,-0.594238,1.37695,-9.8125,0.5625,7.9375,-0.477044,-0.142632,-0.173803
11084,-20,4,-43,39,34,42,13,-13,-0.321289,-0.694336,0.80957,-8.3125,1.0625,3.4375,-0.485811,-0.130487,-0.172116
11084,17,-20,-83,26,-22,-2,-24,2,-0.321289,-0.694336,0.80957,-8.3125,1.0625,3.4375,-0.485811,-0.130487,-0.172116
11105,-19,7,57,-71,-72,-58,-5,-1,-0.321289,-0.694336,0.80957,-8.3125,1.0625,3.4375,-0.485811,-0.130487,-0.172116
11105,-6,4,41,-39,-49,-17,-17,-16,-0.321289,-0.694336,0.80957,-8.3125,1.0625,3.4375,-0.485811,-0.130487,-0.172116
11106,11,6,-29,29,47,11,-22,2,-0.335449,-0.316406,0.34082,1.6875,-3.8125,-3.9375,-0.488101,-0.122943,-0.172331
11106,-6,-10,-33,-40,-72,-24,23,-4,-0.335449,-0.316406,0.34082,1.6875,-3.8125,-3.9375,-0.488101,-0.122943,-0.172331
11120,1,2,10,-44,-1,-29,-17,-3,-0.335449,-0.316406,0.34082,1.6875,-3.8125,-3.9375,-0.488101,-0.122943,-0.172331
11120,6,4,-11,118,96,41,17,4,-0.335449,-0.316406,0.34082,1.6875,-3.8125,-3.9375,-0.488101,-0.122943,-0.172331
11126,2,10,32,-16,-16,-47,-12,-2,0.789062,-0.318359,1.32617,-1.125,-2.4375,-1.1875,-0.480227,-0.138704,-0.17343
11126,5,1,27,57,34,67,21,7,0.789062,-0.318359,1.32617,-1.125,-2.4375,-1.1875,-0.480227,-0.138704,-0.17343
11143,10,-9,-32,-78,-62,-40,0,4,0.789062,-0.318359,1.32617,-1.125,-2.4375,-1.1875,-0.480227,-0.138704,-0.17343
11143,-6,-5,-31,81,64,8,-46,-1,0.789062,-0.318359,1.32617,-1.125,-2.4375,-1.1875,-0.480227,-0.138704,-0.17343
11144,15,19,53,-28,-20,61,39,7,-0.566895,-0.645508,0.461426,-5.875,2.875,-1.375,-0.490799,-0.12217,-0.173181
11144,-15,-6,22,3,-58,-38,-57,-9,-0.566895,-0.645508,0.461426,-5.875,2.875,-1.375,-0.490799,-0.12217,-0.173181
11173,8,2,-15,-101,-45,-56,52,10,-0.566895,-0.645508,0.461426,-5.875,2.875,-1.375,-0.490799,-0.12217,-0.173181
11173,-5,-10,34,7,44,30,-10,0,-0.566895,-0.645508,0.461426,-5.875,2.875,-1.375,-0.490799,-0.12217,-0.173181
11174,9,4,-24,51,104,39,-1,7,0.801758,-0.346191,1.32617,0.3125,1.875,-4.0625,-0.482734,-0.137527,-0.175747
11174,-5,-5,34,-77,-97,-24,-3,0,0.801758,-0.346191,1.32617,0.3125,1.875,-4.0625,-0.482734,-0.137527,-0.175747
11179,-10,-18,-83,-30,11,12,-30,-7,0.801758,-0.346191,1.32617,0.3125,1.875,-4.0625,-0.482734,-0.137527,-0.175747
11179,-10,-14,-54,-32,-84,-54,-28,-9,0.801758,-0.346191,1.32617,0.3125,1.875,-4.0625,-0.482734,-0.137527,-0.175747
11186,-4,-11,-76,-79,14,4,-8,-2,-0.551758,-0.51416,0.344727,5.25,0.625,-0.6875,-0.488044,-0.122505,-0.175112
11186,-1,7,15,80,29,11,19,2,-0.551758,-0.51416,0.344727,5.25,0.625,-0.6875,-0.488044,-0.122505,-0.175112
11202,7,6,4,68,62,-1,31,4,-0.551758,-0.51416,0.344727,5.25,0.625,-0.6875,-0.488044,-0.122505,-0.175112
11202,-3,-3,-19,-24,13,-21,-15,0,-0.551758,-0.51416,0.344727,5.25,0.625,-0.6875,-0.488044,-0.122505,-0.175112
11203,4,-10,-8,-93,-120,-57,-16,0,0.449707,-0.581543,1.21631,-0.25,-4.9375,3.875,-0.486923,-0.130141,-0.173291
11203,-1,4,9,4,22,38,17,-2,0.449707,-0.581543,1.21631,-0.25,-4.9375,3.875,-0.486923,-0.130141,-0.173291
11225,4,2,32,127,127,10,-7,3,0.449707,-0.581543,1.21631,-0.25,-4.9375,3.875,-0.486923,-0.130141,-0.173291
11225,4,8,34,-86,-58,51,-2,5,0.449707,-0.581543,1.21631,-0.25,-4.9375,3.875,-0.486923,-0.130141,-0.173291
11227,-20,-11,-13,-23,-50,-14,12,-16,0.52832,-0.205566,1.05078,-2.25,-3.0625,1.0625,-0.480251,-0.140226,-0.173447
11227,12,5,5,-62,-47,-26,12,13,0.52832,-0.205566,1.05078,-2.25,-3.0625,1.0625,-0.480251,-0.140226,-0.173447
11239,-23,0,20,105,61,51,41,-6,0.52832,-0.205566,1.05078,-2.25,-3.0625,1.0625,-0.480251,-0.140226,-0.173447
11239,5,-12,-19,-41,-86,-66,-13,0,0.52832,-0.205566,1.05078,-2.25,-3.0625,1.0625,-0.480251,-0.140226,-0.173447
11247,-10,0,74,-92,-25,-33,-68,-21,-0.44873,-0.477051,0.35791,-1.375,1.8125,-3.0625,-0.486837,-0.127636,-0.173912
11247,-22,-16,-35,90,127,40,20,-6,-0.44873,-0.477051,0.35791,-1.375,1.8125,-3.0625,-0.486837,-0.127636,-0.173912
11270,23,18,86,56,-10,28,-13,8,-0.44873,-0.477051,0.35791,-1.375,1.8125,-3.0625,-0.486837,-0.127636,-0.173912
11270,10,-3,-49,42,24,-13,10,1,-0.44873,-0.477051,0.35791,-1.375,1.8125,-3.0625,-0.486837,-0.127636,-0.173912
11271,-22,-2,21,57,-31,13,1,-2,-0.316406,-0.710449,0.501953,0.375,1.625,-3.0625,-0.496016,-0.117716,-0.173946
11271,-8,-3,6,-77,-26,-56,-13,-9,-0.316406,-0.710449,0.501953,0.375,1.625,-3.0625,-0.496016,-0.117716,-0.173946
11285,1,-3,6,21,29,26,-22,-7,-0.316406,-0.710449,0.501953,0.375,1.625,-3.0625,-0.496016,-0.117716,-0.173946
11285,4,-3,-3,-104,-95,-87,0,6,-0.316406,-0.710449,0.501953,0.375,1.625,-3.0625,-0.496016,-0.117716,-0.173946
11286,-2,-11,13,20,66,44,-8,-9,0.323242,-0.634277,1.07812,-2.4375,-4.8125,0.875,-0.497968,-0.123176,-0.172774
11286,7,18,21,114,127,55,25,1,0.323242,-0.634277,1.07812,-2.4375,-4.8125,0.875,-0.497968,-0.123176,-0.172774
11307,0,-2,-32,-84,-61,42,14,6,0.323242,-0.634277,1.07812,-2.4375,-4.8125,0.875,-0.497968,-0.123176,-0.172774
11307,-14,-2,-20,3,-37,15,55,-4,0.323242,-0.634277,1.07812,-2.4375,-4.8125,0.875,-0.497968,-0.123176,-0.172774
11308,23,15,42,1,-37,-30,15,14,0.72168,-0.459473,1.47363,-0.25,-2.5,1.4375,-0.490943,-0.136384,-0.172855
11308,-13,-22,-22,-12,-1,-39,-16,-6,0.72168,-0.459473,1.47363,-0.25,-2.5,1.4375,-0.490943,-0.136384,-0.172855
11322,11,22,96,1,42,47,16,4,0.72168,-0.459473,1.47363,-0.25,-2.5,1.4375,-0.490943,-0.136384,-0.172855
11322,-15,-2,-14,67,68,26,36,3,0.72168,-0.459473,1.47363,-0.25,-2.5,1.4375,-0.490943,-0.136384,-0.172855
11324,29,-10,-62,-55,-101,-53,-52,3,0.72168,-0.318359,1.56543,0.375,0.375,-1.25,-0.479595,-0.148604,-0.174902
11324,-13,3,33,-76,-25,-14,-16,-11,0.72168,-0.318359,1.56543,0.375,0.375,-1.25,-0.479595,-0.148604,-0.174902
11345,-18,-12,-9,83,48,-26,-42,-21,0.72168,-0.318359,1.56543,0.375,0.375,-1.25,-0.479595,-0.148604,-0.174902
11345,14,5,-9,39,-6,10,8,9,0.72168,-0.318359,1.56543,0.375,0.375,-1.25,-0.479595,-0.148604,-0.174902
11351,-6,-1,19,-66,-8,-12,-5,-6,0.68457,-0.223633,1.54395,3,-1.1875,-1.3125,-0.466145,-0.160184,-0.177001
11351,10,8,-23,-63,16,-4,-12,2,0.68457,-0.223633,1.54395,3,-1.1875,-1.3125,-0.466145,-0.160184,-0.177001
11375,-2,-9,-49,-10,-47,-28,-7,-2,0.68457,-0.223633,1.54395,3,-1.1875,-1.3125,-0.466145,-0.160184,-0.177001
11375,-7,-7,9,0,9,36,-17,-6,0.68457,-0.223633,1.54395,3,-1.1875,-1.3125,-0.466145,-0.160184,-0.177001
11377,0,1,44,117,93,11,52,8,0.699707,-0.297363,1.59375,-0.75,-3.375,1.3125,-0.455551,-0.171598,-0.177846
11377,8,21,33,-3,-35,39,-1,11,0.699707,-0.297363,1.59375,-0.75,-3.375,1.3125,-0.455551,-0.171598,-0.177846
11382,-25,-32,-69,-74,-34,-38,19,-5,0.699707,-0.297363,1.59375,-0.75,-3.375,1.3125,-0.455551,-0.171598,-0.177846
11382,13,17,37,51,51,-14,-96,-8,0.699707,-0.297363,1.59375,-0.75,-3.375,1.3125,-0.455551,-0.171598,-0.177846
11384,-9,2,21,-4,-18,-21,25,0,0.719727,-0.410156,1.56689,-2.25,-4.75,-1.625,-0.448437,-0.183708,-0.179059
11384,19,-1,5,20,-31,-10,7,2,0.719727,-0.410156,1.56689,-2.25,-4.75,-1.625,-0.448437,-0.183708,-0.179059
11405,5,-7,-92,-68,-2,-2,10,1,0.719727,-0.410156,1.56689,-2.25,-4.75,-1.625,-0.448437,-0.183708,-0.179059
11405,-27,3,47,-74,-75,-19,-7,7,0.719727,-0.410156,1.56689,-2.25,-4.75,-1.625,-0.448437,-0.183708,-0.179059
11406,8,-5,-12,41,48,27,-24,-3,0.499023,-0.550781,1.21533,2.875,-4.3125,0,-0.44684,-0.190983,-0.178594
11406,-2,7,13,-20,-36,-25,-9,-6,0.499023,-0.550781,1.21533,2.875,-4.3125,0,-0.44684,-0.190983,-0.178594
11418,19,6,16,-56,-54,1,-6,6,0.499023,-0.550781,1.21533,2.875,-4.3125,0,-0.44684,-0.190983,-0.178594
11418,-1,-8,-10,21,107,7,11,2,0.499023,-0.550781,1.21533,2.875,-4.3125,0,-0.44684,-0.190983,-0.178594
11428,7,10,-24,37,-13,46,-17,10,-0.0678711,-0.729492,0.620605,0.75,-8.9375,0.75,-0.456391,-0.188052,-0.1751
11428,-9,-8,22,-61,-8,-29,20,-1,-0.0678711,-0.729492,0.620605,0.75,-8.9375,0.75,-0.456391,-0.188052,-0.1751
11443,11,5,9,102,21,-35,-27,6,-0.0678711,-0.729492,0.620605,0.75,-8.9375,0.75,-0.456391,-0.188052,-0.1751
11443,8,-1,-5,10,-34,60,29,-5,-0.0678711,-0.729492,0.620605,0.75,-8.9375,0.75,-0.456391,-0.188052,-0.1751
11444,8,0,-14,-9,39,-10,-46,2,-0.454102,-0.728027,0.0493164,-2.25,-8.3125,-2.5,-0.472572,-0.178651,-0.17179
11444,-19,-9,-18,-23,-41,-7,-5,10,-0.454102,-0.728027,0.0493164,-2.25,-8.3125,-2.5,-0.472572,-0.178651,-0.17179
11465,-22,-10,-44,-124,-110,-39,-40,-17,-0.454102,-0.728027,0.0493164,-2.25,-8.3125,-2.5,-0.472572,-0.178651,-0.17179
11465,14,9,31,114,127,76,79,9,-0.454102,-0.728027,0.0493164,-2.25,-8.3125,-2.5,-0.472572,-0.178651,-0.17179
11466,11,8,30,55,-15,-33,-4,6,-0.150879,-0.371582,0.459961,-4,-9.1875,-6.125,-0.476928,-0.176311,-0.171668
11466,-19,-13,-80,-41,10,38,-22,-24,-0.150879,-0.371582,0.459961,-4,-9.1875,-6.125,-0.476928,-0.176311,-0.171668
11479,9,7,43,54,25,31,21,13,-0.150879,-0.371582,0.459961,-4,-9.1875,-6.125,-0.476928,-0.176311,-0.171668
11479,17,16,11,63,-45,-30,22,6,-0.150879,-0.371582,0.459961,-4,-9.1875,-6.125,-0.476928,-0.176311,-0.171668
11488,-26,-25,-75,-128,-96,-40,-56,-26,0.619141,-0.148438,1.61084,-1.1875,-8.5,-4.625,-0.462396,-0.187916,-0.174431
11488,-21,-28,-56,-67,-80,-70,-12,-4,0.619141,-0.148438,1.61084,-1.1875,-8.5,-4.625,-0.462396,-0.187916,-0.174431
11502,1,26,97,113,127,60,-13,2,0.619141,-0.148438,1.61084,-1.1875,-8.5,-4.625,-0.462396,-0.187916,-0.174431
11502,10,-3,23,86,86,32,5,3,0.619141,-0.148438,1.61084,-1.1875,-8.5,-4.625,-0.462396,-0.187916,-0.174431
11504,-8,-2,-10,-74,10,-4,19,-2,0.312988,-0.536133,1.21338,5.5625,-9.5625,-0.5,-0.459279,-0.192254,-0.173429
11504,10,0,-6,-65,-68,-24,-12,8,0.312988,-0.536133,1.21338,5.5625,-9.5625,-0.5,-0.459279,-0.192254,-0.173429
11525,0,-6,-36,-47,-24,-16,11,-7,0.312988,-0.536133,1.21338,5.5625,-9.5625,-0.5,-0.459279,-0.192254,-0.173429
11525,-7,-2,0,5,13,16,16,-9,0.312988,-0.536133,1.21338,5.5625,-9.5625,-0.5,-0.459279,-0.192254,-0.173429
11526,-8,8,23,12,-29,6,2,12,-0.445312,-0.755371,-0.0415039,2.125,-12.875,-2.25,-0.47569,-0.184705,-0.168884
11526,1,-8,-8,-1,-14,-41,-38,-7,-0.445312,-0.755371,-0.0415039,2.125,-12.875,-2.25,-0.47569,-0.184705,-0.168884
11538,-8,4,17,-15,13,81,37,-2,-0.445312,-0.755371,-0.0415039,2.125,-12.875,-2.25,-0.47569,-0.184705,-0.168884
11538,-7,9,29,-5,-14,-57,-21,0,-0.445312,-0.755371,-0.0415039,2.125,-12.875,-2.25,-0.47569,-0.184705,-0.168884
11547,0,-16,-72,-111,-105,-19,29,-8,0.37793,-0.153809,1.20068,-1.875,-8.5,-3.625,-0.466265,-0.191671,-0.170503
11547,-2,4,42,127,124,43,-6,9,0.37793,-0.153809,1.20068,-1.875,-8.5,-3.625,-0.466265,-0.191671,-0.170503
11562,6,8,-57,90,79,82,35,6,0.37793,-0.153809,1.20068,-1.875,-8.5,-3.625,-0.466265,-0.191671,-0.170503
11562,4,-10,-51,-128,-98,-62,-18,1,0.37793,-0.153809,1.20068,-1.875,-8.5,-3.625,-0.466265,-0.191671,-0.170503
11564,-3,5,69,-21,-10,-4,-7,-15,0.350098,-0.570312,1.24951,1.3125,-7,-5.4375,-0.464355,-0.19661,-0.171415
11564,16,3,-14,11,-46,-10,6,10,0.350098,-0.570312,1.24951,1.3125,-7,-5.4375,-0.464355,-0.19661,-0.171415
11584,-3,-13,-12,-62,-36,-59,-18,-11,0.350098,-0.570312,1.24951,1.3125,-7,-5.4375,-0.464355,-0.19661,-0.171415
11584,7,1,-16,59,88,36,25,12,0.350098,-0.570312,1.24951,1.3125,-7,-5.4375,-0.464355,-0.19661,-0.171415
11586,-10,1,33,1,-27,-7,-9,-3,-0.377441,-0.615723,0.0322266,0.375,-11.3125,-4.25,-0.477538,-0.190473,-0.168412
11586,10,3,-19,-36,-10,-3,0,1,-0.377441,-0.615723,0.0322266,0.375,-11.3125,-4.25,-0.477538,-0.190473,-0.168412
11608,-1,-5,30,54,52,-24,14,-5,0.71875,-0.184082,1.83154,-2,-12.4375,-1.375,-0.461766,-0.20345,-0.170072
11608,-14,-24,-52,-29,-45,8,-9,-3,0.71875,-0.184082,1.83154,-2,-12.4375,-1.375,-0.461766,-0.20345,-0.170072
11608,-14,0,-1,-73,-2,14,9,3,0.71875,-0.184082,1.83154,-2,-12.4375,-1.375,-0.461766,-0.20345,-0.170072
11608,3,8,29,127,80,46,7,-1,0.71875,-0.184082,1.83154,-2,-12.4375,-1.375,-0.461766,-0.20345,-0.170072
11622,8,0,-1,-75,-128,-39,-12,6,-0.391602,-0.788574,-0.0546875,3.125,-12.375,-4.9375,-0.478693,-0.197338,-0.166063
11622,-9,9,39,-99,12,-46,-39,-20,-0.391602,-0.788574,-0.0546875,3.125,-12.375,-4.9375,-0.478693,-0.197338,-0.166063
11622,12,5,3,127,127,59,26,10,-0.391602,-0.788574,-0.0546875,3.125,-12.375,-4.9375,-0.478693,-0.197338,-0.166063
11622,17,22,17,47,25,25,14,11,-0.391602,-0.788574,-0.0546875,3.125,-12.375,-4.9375,-0.478693,-0.197338,-0.166063
11644,-6,-10,-69,-44,-25,-19,1,-3,0.499512,-0.0620117,1.37646,-3.6875,-11.6875,-6.0625,-0.465656,-0.207631,-0.168916
11644,0,-2,-30,-58,-70,-18,-11,0,0.499512,-0.0620117,1.37646,-3.6875,-11.6875,-6.0625,-0.465656,-0.207631,-0.168916
11645,-14,-29,-54,-118,-128,-44,-13,-12,0.499512,-0.0620117,1.37646,-3.6875,-11.6875,-6.0625,-0.465656,-0.207631,-0.168916
11645,-13,-11,-1,-39,55,-6,-8,-17,0.499512,-0.0620117,1.37646,-3.6875,-11.6875,-6.0625,-0.465656,-0.207631,-0.168916
11674,12,17,100,115,109,47,28,18,0.0390625,-0.671387,0.70752,6.0625,-14.3125,-7.75,-0.470475,-0.209501,-0.1677
11674,-7,2,4,28,-16,-15,-5,1,0.0390625,-0.671387,0.70752,6.0625,-14.3125,-7.75,-0.470475,-0.209501,-0.1677
11675,2,8,-17,-12,-34,9,-10,-1,0.0390625,-0.671387,0.70752,6.0625,-14.3125,-7.75,-0.470475,-0.209501,-0.1677
11675,0,-3,0,-64,-83,3,-14,-2,0.0390625,-0.671387,0.70752,6.0625,-14.3125,-7.75,-0.470475,-0.209501,-0.1677
11682,-10,-4,24,-26,-19,-39,-32,-14,-0.271973,-0.449219,0.290039,-0.25,-18.5625,-7.3125,-0.477224,-0.207696,-0.165641
11682,7,-1,-11,-10,1,-18,10,6,-0.271973,-0.449219,0.290039,-0.25,-18.5625,-7.3125,-0.477224,-0.207696,-0.165641
11682,1,-1,45,104,87,59,19,1,-0.271973,-0.449219,0.290039,-0.25,-18.5625,-7.3125,-0.477224,-0.207696,-0.165641
11682,4,6,-23,52,46,40,48,8,-0.271973,-0.449219,0.290039,-0.25,-18.5625,-7.3125,-0.477224,-0.207696,-0.165641
11704,-14,-8,-3,-62,-73,-19,-60,-10,0.662598,-0.505371,1.26562,-7.4375,-24.125,-7,-0.476879,-0.224854,-0.164581
11704,-7,-7,-8,-37,-36,14,27,2,0.662598,-0.505371,1.26562,-7.4375,-24.125,-7,-0.476879,-0.224854,-0.164581
11704,6,3,6,45,33,-25,-5,0,0.662598,-0.505371,1.26562,-7.4375,-24.125,-7,-0.476879,-0.224854,-0.164581
11704,7,-4,16,-10,4,3,24,-5,0.662598,-0.505371,1.26562,-7.4375,-24.125,-7,-0.476879,-0.224854,-0.164581
11735,-17,-9,-5,19,47,5,-34,-4,0.729492,-0.433594,1.21826,-4.9375,-30.875,-8,-0.47478,-0.245501,-0.163022
11735,-7,2,34,12,-61,-14,-24,-9,0.729492,-0.433594,1.21826,-4.9375,-30.875,-8,-0.47478,-0.245501,-0.163022
11735,-2,-10,-25,-50,15,-14,0,-1,0.729492,-0.433594,1.21826,-4.9375,-30.875,-8,-0.47478,-0.245501,-0.163022
11735,3,-2,-41,45,28,-3,-1,2,0.729492,-0.433594,1.21826,-4.9375,-30.875,-8,-0.47478,-0.245501,-0.163022
11751,-2,-2,-19,-73,-81,-23,12,-6,0.358398,-0.250488,0.449219,12.625,-43,-13.125,-0.471517,-0.266081,-0.160147
11751,-4,-5,16,8,18,-6,-10,-7,0.358398,-0.250488,0.449219,12.625,-43,-13.125,-0.471517,-0.266081,-0.160147
11752,0,0,-3,31,19,6,0,0,0.358398,-0.250488,0.449219,12.625,-43,-13.125,-0.471517,-0.266081,-0.160147
11752,-15,-7,-4,-26,-50,-29,-20,-11,0.358398,-0.250488,0.449219,12.625,-43,-13.125,-0.471517,-0.266081,-0.160147
11772,12,11,-10,-13,16,6,10,3,-0.247559,-0.618652,0.897461,1.1875,-33.1875,-12.6875,-0.475108,-0.265512,-0.157817
11772,-5,-9,0,34,23,11,-8,-8,-0.247559,-0.618652,0.897461,1.1875,-33.1875,-12.6875,-0.475108,-0.265512,-0.157817
11773,6,9,21,10,-5,17,0,4,-0.247559,-0.618652,0.897461,1.1875,-33.1875,-12.6875,-0.475108,-0.265512,-0.157817
11773,6,1,41,10,41,-45,15,8,-0.247559,-0.618652,0.897461,1.1875,-33.1875,-12.6875,-0.475108,-0.265512,-0.157817
11811,-6,-3,-8,1,-30,78,11,3,0.620605,-0.256348,0.852539,-3.8125,-51.5625,-12,-0.473498,-0.291835,-0.154229
11811,8,-1,-23,-19,25,7,6,-8,0.620605,-0.256348,0.852539,-3.8125,-51.5625,-12,-0.473498,-0.291835,-0.154229
11814,22,3,-54,-59,-96,-30,-22,7,-0.341797,-0.509766,0.399902,-4.8125,-45.375,-28.1875,-0.481472,-0.298203,-0.153752
11814,-31,-10,56,48,49,-17,-14,-18,-0.341797,-0.509766,0.399902,-4.8125,-45.375,-28.1875,-0.481472,-0.298203,-0.153752
11826,5,2,19,29,27,-9,15,6,-0.341797,-0.509766,0.399902,-4.8125,-45.375,-28.1875,-0.481472,-0.298203,-0.153752
11826,-6,-1,-13,-4,-2,21,3,-2,-0.341797,-0.509766,0.399902,-4.8125,-45.375,-28.1875,-0.481472,-0.298203,-0.153752
11827,6,-1,-12,25,-3,-16,-1,-1,-0.341797,-0.509766,0.399902,-4.8125,-45.375,-28.1875,-0.481472,-0.298203,-0.153752
11827,-9,0,-13,-74,-49,-6,-11,-5,-0.341797,-0.509766,0.399902,-4.8125,-45.375,-28.1875,-0.481472,-0.298203,-0.153752
11829,9,-2,-16,15,32,0,12,1,0.307129,-0.57373,1.23096,-10.3125,-53.625,-19.0625,-0.484221,-0.314706,-0.151415
11829,-3,-3,11,-43,-28,-15,-7,2,0.307129,-0.57373,1.23096,-10.3125,-53.625,-19.0625,-0.484221,-0.314706,-0.151415
11840,-9,-5,-20,-65,0,-1,38,-7,0.307129,-0.57373,1.23096,-10.3125,-53.625,-19.0625,-0.484221,-0.314706,-0.151415
11840,12,12,64,91,98,37,6,18,0.307129,-0.57373,1.23096,-10.3125,-53.625,-19.0625,-0.484221,-0.314706,-0.151415
11842,-8,1,5,58,20,26,8,-6,0.847168,-0.20166,0.76123,2.6875,-67.3125,-19.3125,-0.480458,-0.351667,-0.147686
11842,11,18,16,-37,-35,-16,2,12,0.847168,-0.20166,0.76123,2.6875,-67.3125,-19.3125,-0.480458,-0.351667,-0.147686
11842,-21,-5,-8,-72,-68,-29,-17,-19,0.847168,-0.20166,0.76123,2.6875,-67.3125,-19.3125,-0.480458,-0.351667,-0.147686
11842,-5,-10,-23,-72,-67,2,-4,-6,0.847168,-0.20166,0.76123,2.6875,-67.3125,-19.3125,-0.480458,-0.351667,-0.147686
11854,-8,-15,-5,-7,51,-19,-26,-13,-0.0839844,-0.298828,0.245117,4.8125,-63.4375,-28.125,-0.483253,-0.370849,-0.144548
11854,-9,4,2,127,71,14,23,4,-0.0839844,-0.298828,0.245117,4.8125,-63.4375,-28.125,-0.483253,-0.370849,-0.144548
11861,14,17,68,25,16,30,27,11,-0.0839844,-0.298828,0.245117,4.8125,-63.4375,-28.125,-0.483253,-0.370849,-0.144548
11861,21,-5,56,-29,-90,-26,-16,-7,-0.0839844,-0.298828,0.245117,4.8125,-63.4375,-28.125,-0.483253,-0.370849,-0.144548
11877,28,-1,-58,-25,38,-8,11,-1,-0.615234,-0.598145,0.38916,2.25,-69.3125,-30.625,-0.492226,-0.37782,-0.13929
11877,10,1,13,44,78,27,4,0,-0.615234,-0.598145,0.38916,2.25,-69.3125,-30.625,-0.492226,-0.37782,-0.13929
11878,-10,-5,11,25,22,1,-3,6,-0.615234,-0.598145,0.38916,2.25,-69.3125,-30.625,-0.492226,-0.37782,-0.13929
11878,-10,-5,-39,-59,-104,-32,-46,-3,-0.615234,-0.598145,0.38916,2.25,-69.3125,-30.625,-0.492226,-0.37782,-0.13929
11892,-25,-12,-32,-92,-41,-42,-12,-5,-0.456543,-0.604492,0.538086,24.5,-71.5,-30.3125,-0.491965,-0.387528,-0.133936
11892,-5,3,16,53,52,31,1,-3,-0.456543,-0.604492,0.538086,24.5,-71.5,-30.3125,-0.491965,-0.387528,-0.133936
11907,-16,6,34,29,30,-4,27,6,-0.456543,-0.604492,0.538086,24.5,-71.5,-30.3125,-0.491965,-0.387528,-0.133936
11907,-5,16,67,-25,-44,-2,10,7,-0.456543,-0.604492,0.538086,24.5,-71.5,-30.3125,-0.491965,-0.387528,-0.133936
11914,-3,-19,2,13,-34,3,29,-3,-0.193359,-0.510254,0.718262,19.75,-73.5,-22.875,-0.490131,-0.401313,-0.127233
11914,-19,-7,-12,-66,-11,-22,-43,-2,-0.193359,-0.510254,0.718262,19.75,-73.5,-22.875,-0.490131,-0.401313,-0.127233
11920,4,-1,-4,47,23,55,9,-10,-0.193359,-0.510254,0.718262,19.75,-73.5,-22.875,-0.490131,-0.401313,-0.127233
11920,17,10,-11,16,37,-11,52,13,-0.193359,-0.510254,0.718262,19.75,-73.5,-22.875,-0.490131,-0.401313,-0.127233
11937,-16,5,45,-35,-6,14,-45,-19,-0.329102,-0.581543,0.5,-8.6875,-81.4375,-22.9375,-0.50317,-0.41568,-0.117246
11937,14,-2,-7,94,24,4,16,9,-0.329102,-0.581543,0.5,-8.6875,-81.4375,-22.9375,-0.50317,-0.41568,-0.117246
11937,5,5,15,6,5,-9,-9,3,-0.329102,-0.581543,0.5,-8.6875,-81.4375,-22.9375,-0.50317,-0.41568,-0.117246
11937,-30,-11,-77,-25,-45,-15,-11,-17,-0.329102,-0.581543,0.5,-8.6875,-81.4375,-22.9375,-0.50317,-0.41568,-0.117246
11953,7,10,58,35,13,-14,2,2,-0.225098,-0.532227,0.263184,15.4375,-90.3125,-33.4375,-0.509067,-0.438953,-0.107962
11953,9,-13,-72,-93,-35,4,-1,-3,-0.225098,-0.532227,0.263184,15.4375,-90.3125,-33.4375,-0.509067,-0.438953,-0.107962
11959,-9,-8,5,-86,-74,-39,-29,-10,-0.225098,-0.532227,0.263184,15.4375,-90.3125,-33.4375,-0.509067,-0.438953,-0.107962
11959,4,-5,-21,67,68,23,2,-2,-0.225098,-0.532227,0.263184,15.4375,-90.3125,-33.4375,-0.509067,-0.438953,-0.107962
11982,-1,3,-60,27,43,12,10,10,0.944824,-0.171387,0.871094,46.875,-95.25,-32.3125,-0.488567,-0.484404,-0.104458
11982,-4,-12,-7,-64,-120,-27,-26,-6,0.944824,-0.171387,0.871094,46.875,-95.25,-32.3125,-0.488567,-0.484404,-0.104458
11982,0,2,-5,25,114,-2,-9,-1,0.944824,-0.171387,0.871094,46.875,-95.25,-32.3125,-0.488567,-0.484404,-0.104458
11982,4,-3,4,0,49,4,14,4,0.944824,-0.171387,0.871094,46.875,-95.25,-32.3125,-0.488567,-0.484404,-0.104458
11997,3,5,18,43,-73,-28,-44,-9,0.388672,-0.458984,0.820801,13.5,-91.25,-25.8125,-0.488216,-0.513729,-0.0962971
11997,13,17,40,-65,29,66,59,3,0.388672,-0.458984,0.820801,13.5,-91.25,-25.8125,-0.488216,-0.513729,-0.0962971
11998,11,-3,-21,107,59,45,41,11,0.388672,-0.458984,0.820801,13.5,-91.25,-25.8125,-0.488216,-0.513729,-0.0962971
11998,45,-5,-61,-81,-49,21,-14,18,0.388672,-0.458984,0.820801,13.5,-91.25,-25.8125,-0.488216,-0.513729,-0.0962971
12013,-36,6,21,30,-2,-56,-45,-22,0.191895,-0.366699,0.416992,-19.1875,-93.875,-24.625,-0.503094,-0.543864,-0.0851682
12013,-31,-11,-17,-29,-27,-16,-31,-11,0.191895,-0.366699,0.416992,-19.1875,-93.875,-24.625,-0.503094,-0.543864,-0.0851682
12018,-11,-5,-30,-28,-37,-1,33,-5,0.191895,-0.366699,0.416992,-19.1875,-93.875,-24.625,-0.503094,-0.543864,-0.0851682
12018,-13,-1,0,5,48,-7,-52,-12,0.191895,-0.366699,0.416992,-19.1875,-93.875,-24.625,-0.503094,-0.543864,-0.0851682
12033,9,-3,31,-39,-35,4,13,13,0.532227,-0.687988,0.790527,5.3125,-96.3125,-25.0625,-0.512785,-0.574837,-0.071718
12033,-33,7,-18,-24,-27,-29,-11,-11,0.532227,-0.687988,0.790527,5.3125,-96.3125,-25.0625,-0.512785,-0.574837,-0.071718
12049,3,4,108,76,5,0,-8,5,0.532227,-0.687988,0.790527,5.3125,-96.3125,-25.0625,-0.512785,-0.574837,-0.071718
12049,-6,-14,-105,-51,27,21,29,-2,0.532227,-0.687988,0.790527,5.3125,-96.3125,-25.0625,-0.512785,-0.574837,-0.071718
12057,10,0,-5,36,-6,4,25,6,0.780762,-0.237305,0.83252,60.125,-100.062,-23.3125,-0.497085,-0.610223,-0.0605808
12057,6,-4,25,-4,-20,-5,-28,-5,0.780762,-0.237305,0.83252,60.125,-100.062,-23.3125,-0.497085,-0.610223,-0.0605808
12058,-2,-10,-52,-87,-75,-35,-13,-2,0.780762,-0.237305,0.83252,60.125,-100.062,-23.3125,-0.497085,-0.610223,-0.0605808
12058,0,4,22,21,55,7,1,0,0.780762,-0.237305,0.83252,60.125,-100.062,-23.3125,-0.497085,-0.610223,-0.0605808
12072,3,1,20,16,11,15,7,3,-0.0527344,-0.375977,0.201172,51.4375,-95.625,-20.625,-0.492947,-0.636822,-0.0447728
12072,18,1,-4,5,13,-23,38,11,-0.0527344,-0.375977,0.201172,51.4375,-95.625,-20.625,-0.492947,-0.636822,-0.0447728
12078,-3,-13,6,39,51,7,-48,-5,-0.0527344,-0.375977,0.201172,51.4375,-95.625,-20.625,-0.492947,-0.636822,-0.0447728
12078,-1,3,10,51,-4,-29,-20,-3,-0.0527344,-0.375977,0.201172,51.4375,-95.625,-20.625,-0.492947,-0.636822,-0.0447728
12094,-1,4,-20,-39,-25,70,28,-4,0.814453,-0.36084,0.779785,-10.8125,-90.25,-28.0625,-0.499824,-0.671753,-0.0378584
12094,24,5,47,7,-30,-25,25,9,0.814453,-0.36084,0.779785,-10.8125,-90.25,-28.0625,-0.499824,-0.671753,-0.0378584
12101,1,3,-13,-49,-55,-6,-48,-5,0.814453,-0.36084,0.779785,-10.8125,-90.25,-28.0625,-0.499824,-0.671753,-0.0378584
12101,-30,-19,-7,-51,-35,-9,-8,-14,0.814453,-0.36084,0.779785,-10.8125,-90.25,-28.0625,-0.499824,-0.671753,-0.0378584
12117,2,8,-17,102,123,12,5,7,1.26611,-0.243164,1.26758,-5.6875,-91.1875,-29.0625,-0.494306,-0.70852,-0.0378041
12117,-13,2,12,59,-3,-6,13,6,1.26611,-0.243164,1.26758,-5.6875,-91.1875,-29.0625,-0.494306,-0.70852,-0.0378041
12117,-9,-2,-79,-72,-20,-4,12,-12,1.26611,-0.243164,1.26758,-5.6875,-91.1875,-29.0625,-0.494306,-0.70852,-0.0378041
12117,15,24,74,65,15,5,-1,13,1.26611,-0.243164,1.26758,-5.6875,-91.1875,-29.0625,-0.494306,-0.70852,-0.0378041
12140,-14,-19,25,-83,-111,-44,2,-12,0.749023,-0.316406,0.696289,34.1875,-93.6875,-27.1875,-0.487304,-0.742833,-0.0292645
12140,-9,-18,-27,-35,33,14,-36,-17,0.749023,-0.316406,0.696289,34.1875,-93.6875,-27.1875,-0.487304,-0.742833,-0.0292645
12140,7,5,-35,20,47,8,11,5,0.749023,-0.316406,0.696289,34.1875,-93.6875,-27.1875,-0.487304,-0.742833,-0.0292645
12140,-24,-3,-8,17,13,23,8,-4,0.749023,-0.316406,0.696289,34.1875,-93.6875,-27.1875,-0.487304,-0.742833,-0.0292645
12153,20,8,13,-67,-61,-15,2,4,0.258301,-0.354004,0.172363,58.125,-96.125,-23.1875,-0.482817,-0.775381,-0.0122571
12153,38,-19,-47,15,15,3,19,13,0.258301,-0.354004,0.172363,58.125,-96.125,-23.1875,-0.482817,-0.775381,-0.0122571
12161,-14,6,20,11,34,8,-6,-2,0.258301,-0.354004,0.172363,58.125,-96.125,-23.1875,-0.482817,-0.775381,-0.0122571
12161,34,0,2,81,34,-8,-10,7,0.258301,-0.354004,0.172363,58.125,-96.125,-23.1875,-0.482817,-0.775381,-0.0122571
12177,-18,-3,33,-11,-27,-12,5,-1,0.0932617,-0.400391,-0.129395,24.9375,-96.0625,-29.1875,-0.495058,-0.810032,0.0075103
12177,-3,16,28,-16,-39,2,-4,-9,0.0932617,-0.400391,-0.129395,24.9375,-96.0625,-29.1875,-0.495058,-0.810032,0.0075103
12177,57,-8,-34,-65,12,8,48,22,0.0932617,-0.400391,-0.129395,24.9375,-96.0625,-29.1875,-0.495058,-0.810032,0.0075103
12177,-87,-22,-15,3,33,5,-46,-37,0.0932617,-0.400391,-0.129395,24.9375,-96.0625,-29.1875,-0.495058,-0.810032,0.0075103
12192,13,16,69,103,70,31,-12,2,0.240723,-0.612305,-0.226074,-5.1875,-93.5,-36.5,-0.52507,-0.846781,0.0314512
12192,-3,2,-29,30,44,-4,-21,-6,0.240723,-0.612305,-0.226074,-5.1875,-93.5,-36.5,-0.52507,-0.846781,0.0314512
12198,4,7,2,-74,-116,-20,24,12,0.240723,-0.612305,-0.226074,-5.1875,-93.5,-36.5,-0.52507,-0.846781,0.0314512
12198,25,-13,0,-88,-78,-17,13,-3,0.240723,-0.612305,-0.226074,-5.1875,-93.5,-36.5,-0.52507,-0.846781,0.0314512
12214,-40,-3,-25,-67,-14,-14,-19,-5,0.283203,-0.663574,-0.26416,5.75,-95.1875,-29.6875,-0.558858,-0.882766,0.0641052
12214,4,10,51,53,19,0,5,10,0.283203,-0.663574,-0.26416,5.75,-95.1875,-29.6875,-0.558858,-0.882766,0.0641052
12221,17,-18,-82,57,19,4,-11,-8,0.283203,-0.663574,-0.26416,5.75,-95.1875,-29.6875,-0.558858,-0.882766,0.0641052
12221,-2,11,-36,9,27,12,5,13,0.283203,-0.663574,-0.26416,5.75,-95.1875,-29.6875,-0.558858,-0.882766,0.0641052
12237,-55,-24,-42,-50,-95,-34,-22,-24,0.193848,-0.599121,-0.301758,27.6875,-101.75,-32.6875,-0.567447,-0.919404,0.0841371
12237,47,2,2,-74,28,-5,16,8,0.193848,-0.599121,-0.301758,27.6875,-101.75,-32.6875,-0.567447,-0.919404,0.0841371
12237,-19,1,30,62,55,18,1,-9,0.193848,-0.599121,-0.301758,27.6875,-101.75,-32.6875,-0.567447,-0.919404,0.0841371
12237,-12,2,5,34,41,5,-24,-5,0.193848,-0.599121,-0.301758,27.6875,-101.75,-32.6875,-0.567447,-0.919404,0.0841371
12266,37,-10,-49,-3,56,10,-2,8,0.268066,-0.464844,-0.433594,16.875,-96.0625,-32.75,-0.599155,-0.959471,0.119839
12266,-20,7,16,79,6,3,-15,-5,0.268066,-0.464844,-0.433594,16.875,-96.0625,-32.75,-0.599155,-0.959471,0.119839
12267,-1,4,57,60,-20,-23,-7,1,0.268066,-0.464844,-0.433594,16.875,-96.0625,-32.75,-0.599155,-0.959471,0.119839
12267,17,-5,-33,-80,-105,-14,23,8,0.268066,-0.464844,-0.433594,16.875,-96.0625,-32.75,-0.599155,-0.959471,0.119839
12282,-5,7,0,-88,-38,-21,24,2,0.35791,-0.40625,-0.47168,-12.25,-85.0625,-29.3125,-0.642592,-0.997216,0.157288
12282,-3,-17,-51,-31,24,32,-5,-4,0.35791,-0.40625,-0.47168,-12.25,-85.0625,-29.3125,-0.642592,-0.997216,0.157288
12282,-8,13,37,97,81,6,-11,3,0.35791,-0.40625,-0.47168,-12.25,-85.0625,-29.3125,-0.642592,-0.997216,0.157288
12282,8,16,89,21,-47,-8,9,3,0.35791,-0.40625,-0.47168,-12.25,-85.0625,-29.3125,-0.642592,-0.997216,0.157288
12304,2,-26,-81,-62,-31,-33,-11,-6,0.535645,-0.361816,-0.211426,-14.0625,-78.1875,-22.8125,-0.683203,-1.02915,0.193142
12304,1,7,-11,-50,12,14,4,1,0.535645,-0.361816,-0.211426,-14.0625,-78.1875,-22.8125,-0.683203,-1.02915,0.193142
12305,5,11,33,67,78,29,17,7,0.535645,-0.361816,-0.211426,-14.0625,-78.1875,-22.8125,-0.683203,-1.02915,0.193142
12305,-18,-5,-39,36,50,12,6,-9,0.535645,-0.361816,-0.211426,-14.0625,-78.1875,-22.8125,-0.683203,-1.02915,0.193142
12327,34,16,45,17,-14,-4,-6,6,1.10205,-0.0976562,0.237793,5.3125,-65.1875,-13.6875,-0.696203,-1.05787,0.211426
12327,-16,-8,-7,-50,-75,-29,-8,-11,1.10205,-0.0976562,0.237793,5.3125,-65.1875,-13.6875,-0.696203,-1.05787,0.211426
12328,-33,-4,-9,-117,-74,-21,7,-4,1.10205,-0.0976562,0.237793,5.3125,-65.1875,-13.6875,-0.696203,-1.05787,0.211426
12328,16,14,71,-76,-44,-6,-19,0,1.10205,-0.0976562,0.237793,5.3125,-65.1875,-13.6875,-0.696203,-1.05787,0.211426
12342,19,9,-18,111,109,21,12,17,1.48389,0.25,1.05273,6.6875,-54.875,-11.4375,-0.666052,-1.07809,0.191407
12342,-74,-12,29,125,41,15,-10,-24,1.48389,0.25,1.05273,6.6875,-54.875,-11.4375,-0.666052,-1.07809,0.191407
12342,9,-4,-6,-18,5,-3,-15,-16,1.48389,0.25,1.05273,6.6875,-54.875,-11.4375,-0.666052,-1.07809,0.191407
12342,17,8,2,-38,-11,7,41,13,1.48389,0.25,1.05273,6.6875,-54.875,-11.4375,-0.666052,-1.07809,0.191407
12364,23,6,28,-10,-26,-4,-19,-2,1.56592,0.101074,1.15674,-14.25,-55.5625,-18.3125,-0.642149,-1.09621,0.168909
12364,8,-4,19,-57,-84,-32,-15,-1,1.56592,0.101074,1.15674,-14.25,-55.5625,-18.3125,-0.642149,-1.09621,0.168909
12364,-17,-15,-80,-102,-24,-17,-16,-5,1.56592,0.101074,1.15674,-14.25,-55.5625,-18.3125,-0.642149,-1.09621,0.168909
12364,16,-3,-48,19,58,18,16,14,1.56592,0.101074,1.15674,-14.25,-55.5625,-18.3125,-0.642149,-1.09621,0.168909
12386,-12,6,32,66,39,19,13,-3,0.856445,-0.283691,0.0332031,-8.5625,-52.875,-23.6875,-0.665365,-1.12064,0.189151
12386,18,12,63,84,63,14,3,8,0.856445,-0.283691,0.0332031,-8.5625,-52.875,-23.6875,-0.665365,-1.12064,0.189151
12387,7,-7,-3,64,-6,-5,-12,-6,0.856445,-0.283691,0.0332031,-8.5625,-52.875,-23.6875,-0.665365,-1.12064,0.189151
12387,17,2,-3,-57,-69,-18,-4,-3,0.856445,-0.283691,0.0332031,-8.5625,-52.875,-23.6875,-0.665365,-1.12064,0.189151
12402,-10,4,9,-77,6,-2,10,2,0.605469,-0.401367,-0.553223,-7.4375,-48.4375,-18.875,-0.717977,-1.14768,0.236944
12402,3,-3,-40,29,14,13,7,-3,0.605469,-0.401367,-0.553223,-7.4375,-48.4375,-18.875,-0.717977,-1.14768,0.236944
12402,2,1,34,14,-17,-4,-4,6,0.605469,-0.401367,-0.553223,-7.4375,-48.4375,-18.875,-0.717977,-1.14768,0.236944
12402,-31,-8,88,14,-18,-12,12,-10,0.605469,-0.401367,-0.553223,-7.4375,-48.4375,-18.875,-0.717977,-1.14768,0.236944
12425,5,-16,-79,-87,-82,-18,-13,-3,1.54688,-0.0161133,0.93457,-2.5,-41.9375,-11.9375,-0.69679,-1.16037,0.219338
12425,-15,-11,-70,-108,39,-10,-27,-21,1.54688,-0.0161133,0.93457,-2.5,-41.9375,-11.9375,-0.69679,-1.16037,0.219338
12425,14,17,78,99,106,39,18,14,1.54688,-0.0161133,0.93457,-2.5,-41.9375,-11.9375,-0.69679,-1.16037,0.219338
12425,-7,-2,19,64,60,25,5,-9,1.54688,-0.0161133,0.93457,-2.5,-41.9375,-11.9375,-0.69679,-1.16037,0.219338
12447,-18,-6,-10,-64,-70,-18,-10,-5,0.987305,-0.320312,0.33252,4.1875,-40.75,-9.8125,-0.712439,-1.17251,0.237622
12447,20,-3,-15,-46,-28,-20,0,2,0.987305,-0.320312,0.33252,4.1875,-40.75,-9.8125,-0.712439,-1.17251,0.237622
12448,-4,-6,-47,-81,-57,-18,-13,3,0.987305,-0.320312,0.33252,4.1875,-40.75,-9.8125,-0.712439,-1.17251,0.237622
12448,14,10,2,61,24,9,12,3,0.987305,-0.320312,0.33252,4.1875,-40.75,-9.8125,-0.712439,-1.17251,0.237622
12463,5,5,14,57,53,21,25,7,0.668945,-0.381348,-0.55957,1.625,-40.25,-9.1875,-0.771111,-1.19429,0.295312
12463,3,-4,-22,-34,-45,-15,-15,3,0.668945,-0.381348,-0.55957,1.625,-40.25,-9.1875,-0.771111,-1.19429,0.295312
12464,-7,2,37,-24,-25,0,0,-6,0.668945,-0.381348,-0.55957,1.625,-40.25,-9.1875,-0.771111,-1.19429,0.295312
12464,6,-5,-34,15,17,1,-7,2,0.668945,-0.381348,-0.55957,1.625,-40.25,-9.1875,-0.771111,-1.19429,0.295312
12484,5,4,11,14,1,8,2,-4,1.5332,0.0756836,1.11377,-6.5625,-38.4375,-11.0625,-0.734552,-1.20281,0.261372
12484,-5,-3,64,-34,-94,-24,6,1,1.5332,0.0756836,1.11377,-6.5625,-38.4375,-11.0625,-0.734552,-1.20281,0.261372
12485,-17,-21,-84,-74,7,-10,-11,-6,1.5332,0.0756836,1.11377,-6.5625,-38.4375,-11.0625,-0.734552,-1.20281,0.261372
12485,0,2,25,43,95,29,5,4,1.5332,0.0756836,1.11377,-6.5625,-38.4375,-11.0625,-0.734552,-1.20281,0.261372
12506,34,16,35,127,109,28,3,11,0.450684,-0.434082,-0.638184,-8.375,-38.625,-11.4375,-0.806634,-1.22254,0.328472
12506,-1,11,35,31,-13,4,3,1,0.450684,-0.434082,-0.638184,-8.375,-38.625,-11.4375,-0.806634,-1.22254,0.328472
12507,-2,-1,9,-64,-83,-24,5,0,0.450684,-0.434082,-0.638184,-8.375,-38.625,-11.4375,-0.806634,-1.22254,0.328472
12507,-9,-24,-59,-79,-64,-33,-39,-9,0.450684,-0.434082,-0.638184,-8.375,-38.625,-11.4375,-0.806634,-1.22254,0.328472
12522,-9,-10,-20,-36,-4,-3,2,-14,1.45898,0.00683594,0.761719,-18.4375,-37.0625,-9.5625,-0.79185,-1.23348,0.310852
12522,-1,9,75,24,6,7,12,1,1.45898,0.00683594,0.761719,-18.4375,-37.0625,-9.5625,-0.79185,-1.23348,0.310852
12522,13,-5,-38,-57,-52,-13,10,8,1.45898,0.00683594,0.761719,-18.4375,-37.0625,-9.5625,-0.79185,-1.23348,0.310852
12522,24,15,55,20,36,10,-2,15,1.45898,0.00683594,0.761719,-18.4375,-37.0625,-9.5625,-0.79185,-1.23348,0.310852
12544,-13,1,-38,50,39,7,-19,-17,0.773438,-0.310547,0.183105,-9.25,-38.875,-10.3125,-0.822191,-1.24366,0.33872
12544,-54,-5,-5,45,47,18,-3,-11,0.773438,-0.310547,0.183105,-9.25,-38.875,-10.3125,-0.822191,-1.24366,0.33872
12545,-25,5,43,59,18,3,-7,-10,0.773438,-0.310547,0.183105,-9.25,-38.875,-10.3125,-0.822191,-1.24366,0.33872
12545,2,-1,-9,-73,-83,-15,13,4,0.773438,-0.310547,0.183105,-9.25,-38.875,-10.3125,-0.822191,-1.24366,0.33872
12567,18,3,18,-87,-61,-25,-6,4,0.869141,-0.257812,-0.132324,-13.1875,-38.6875,-13.5625,-0.868433,-1.25987,0.380588
12567,12,-15,-82,-88,-74,-18,4,6,0.869141,-0.257812,-0.132324,-13.1875,-38.6875,-13.5625,-0.868433,-1.25987,0.380588
12568,-21,-7,11,63,97,13,-15,-14,0.869141,-0.257812,-0.132324,-13.1875,-38.6875,-13.5625,-0.868433,-1.25987,0.380588
12568,17,12,1,111,103,53,34,17,0.869141,-0.257812,-0.132324,-13.1875,-38.6875,-13.5625,-0.868433,-1.25987,0.380588
12582,44,12,37,69,45,24,30,27,1.33203,-0.0571289,0.943359,-8.6875,-33.8125,-12.75,-0.835323,-1.26532,0.347911
12582,5,6,-5,-26,-5,-5,-32,-12,1.33203,-0.0571289,0.943359,-8.6875,-33.8125,-12.75,-0.835323,-1.26532,0.347911
12582,-34,-12,22,-54,-73,-26,-20,-16,1.33203,-0.0571289,0.943359,-8.6875,-33.8125,-12.75,-0.835323,-1.26532,0.347911
12582,5,-9,-39,-71,-56,-31,-26,-11,1.33203,-0.0571289,0.943359,-8.6875,-33.8125,-12.75,-0.835323,-1.26532,0.347911
12604,-22,-11,-15,-43,-26,-5,10,1,0.70166,-0.339355,-0.51709,-5.8125,-22.25,-7.3125,-0.901958,-1.27903,0.410894
12604,26,4,11,3,10,8,19,13,0.70166,-0.339355,-0.51709,-5.8125,-22.25,-7.3125,-0.901958,-1.27903,0.410894
12604,6,4,38,5,-18,-7,-9,1,0.70166,-0.339355,-0.51709,-5.8125,-22.25,-7.3125,-0.901958,-1.27903,0.410894
12604,-12,-7,-31,-9,4,-1,0,-5,0.70166,-0.339355,-0.51709,-5.8125,-22.25,-7.3125,-0.901958,-1.27903,0.410894
12627,-2,-5,2,-36,-40,-6,7,5,1.71582,0.131836,1.23389,-10.125,-12.3125,-0.8125,-0.828219,-1.27745,0.33787
12627,-1,-9,-52,10,10,2,-1,1,1.71582,0.131836,1.23389,-10.125,-12.3125,-0.8125,-0.828219,-1.27745,0.33787
12628,1,10,62,53,66,17,13,2,1.71582,0.131836,1.23389,-10.125,-12.3125,-0.8125,-0.828219,-1.27745,0.33787
12628,-5,-3,-30,51,6,-1,-3,4,1.71582,0.131836,1.23389,-10.125,-12.3125,-0.8125,-0.828219,-1.27745,0.33787
12641,-5,0,13,6,14,-1,-26,-18,0.60791,-0.356445,-0.549316,0.0625,-6.9375,2.3125,-0.890816,-1.28488,0.398537
12641,-10,7,21,37,34,12,-5,-2,0.60791,-0.356445,-0.549316,0.0625,-6.9375,2.3125,-0.890816,-1.28488,0.398537
12649,23,8,-12,-14,-21,0,5,0,0.60791,-0.356445,-0.549316,0.0625,-6.9375,2.3125,-0.890816,-1.28488,0.398537
12649,-6,-10,-17,-53,-37,-14,4,-2,0.60791,-0.356445,-0.549316,0.0625,-6.9375,2.3125,-0.890816,-1.28488,0.398537
12664,-5,-7,-5,0,-10,-9,-2,3,1.59277,0.102539,0.77832,-2.75,0.75,5.0625,-0.837846,-1.2845,0.346999
12664,-1,0,5,-1,2,0,4,2,1.59277,0.102539,0.77832,-2.75,0.75,5.0625,-0.837846,-1.2845,0.346999
12672,13,3,12,1,-11,-2,0,3,1.59277,0.102539,0.77832,-2.75,0.75,5.0625,-0.837846,-1.2845,0.346999
12672,-12,-4,-2,-19,-11,-5,-3,-7,1.59277,0.102539,0.77832,-2.75,0.75,5.0625,-0.837846,-1.2845,0.346999
12688,-6,-1,0,-5,2,0,-3,-2,1.08447,-0.157227,0.409668,1.375,1.5625,3.0625,-0.821487,-1.28139,0.331965
12688,1,-2,3,1,13,6,7,0,1.08447,-0.157227,0.409668,1.375,1.5625,3.0625,-0.821487,-1.28139,0.331965
12688,4,4,12,-4,-10,-1,3,5,1.08447,-0.157227,0.409668,1.375,1.5625,3.0625,-0.821487,-1.28139,0.331965
12688,-3,-2,37,19,-13,-9,-12,-5,1.08447,-0.157227,0.409668,1.375,1.5625,3.0625,-0.821487,-1.28139,0.331965
12702,-19,-15,-60,-29,1,-1,-1,-21,0.922852,-0.212891,0.379883,-10.0625,2,3.625,-0.815151,-1.27682,0.322594
12702,12,6,-9,-22,16,10,12,17,0.922852,-0.212891,0.379883,-10.0625,2,3.625,-0.815151,-1.27682,0.322594
12703,4,-1,-21,48,13,1,-1,7,0.922852,-0.212891,0.379883,-10.0625,2,3.625,-0.815151,-1.27682,0.322594
12703,-2,4,15,22,6,-2,-13,-8,0.922852,-0.212891,0.379883,-10.0625,2,3.625,-0.815151,-1.27682,0.322594
12724,6,5,27,12,1,0,9,2,0.899902,-0.251953,0.222656,7.4375,-4.125,1.6875,-0.817813,-1.27575,0.328124
12724,4,0,16,4,-12,-1,18,-5,0.899902,-0.251953,0.222656,7.4375,-4.125,1.6875,-0.817813,-1.27575,0.328124
12725,4,-28,-91,-92,-75,-23,-32,2,0.899902,-0.251953,0.222656,7.4375,-4.125,1.6875,-0.817813,-1.27575,0.328124
12725,-46,-10,7,-45,15,-6,-13,-20,0.899902,-0.251953,0.222656,7.4375,-4.125,1.6875,-0.817813,-1.27575,0.328124
12748,19,9,39,57,33,18,13,14,0.842285,-0.266113,0.218262,14,-5.8125,1,-0.820514,-1.27505,0.335769
12748,-11,-5,2,51,46,13,-6,-6,0.842285,-0.266113,0.218262,14,-5.8125,1,-0.820514,-1.27505,0.335769
12748,14,9,41,18,-3,10,23,10,0.842285,-0.266113,0.218262,14,-5.8125,1,-0.820514,-1.27505,0.335769
12748,8,-1,-21,-24,-26,-8,-3,2,0.842285,-0.266113,0.218262,14,-5.8125,1,-0.820514,-1.27505,0.335769
12761,-15,-8,-15,-28,-17,-11,-12,-4,0.875,-0.273926,0.234375,9.3125,-5.125,0.3125,-0.823155,-1.27406,0.341854
12761,0,4,6,-14,-11,-5,2,2,0.875,-0.273926,0.234375,9.3125,-5.125,0.3125,-0.823155,-1.27406,0.341854
12769,-7,1,3,16,8,-2,0,-7,0.875,-0.273926,0.234375,9.3125,-5.125,0.3125,-0.823155,-1.27406,0.341854
12769,4,5,21,-7,-15,-3,1,2,0.875,-0.273926,0.234375,9.3125,-5.125,0.3125,-0.823155,-1.27406,0.341854
12784,1,4,-13,2,10,3,0,1,0.895996,-0.303711,0.241211,4.6875,-5.1875,-0.9375,-0.827147,-1.27264,0.34767
12784,-7,-12,-60,-12,-4,-1,-1,3,0.895996,-0.303711,0.241211,4.6875,-5.1875,-0.9375,-0.827147,-1.27264,0.34767
12784,-8,-2,-4,5,10,0,-5,-8,0.895996,-0.303711,0.241211,4.6875,-5.1875,-0.9375,-0.827147,-1.27264,0.34767
12784,8,5,1,0,5,3,5,2,0.895996,-0.303711,0.241211,4.6875,-5.1875,-0.9375,-0.827147,-1.27264,0.34767
12808,-2,0,-5,7,0,-2,1,4,0.907715,-0.280762,0.234863,7.625,-7.25,1.625,-0.83323,-1.27204,0.356551
12808,12,7,12,0,-5,-4,-3,2,0.907715,-0.280762,0.234863,7.625,-7.25,1.625,-0.83323,-1.27204,0.356551
12808,-9,2,-9,-29,-16,0,1,-11,0.907715,-0.280762,0.234863,7.625,-7.25,1.625,-0.83323,-1.27204,0.356551
12808,2,-10,-19,-8,8,-1,6,1,0.907715,-0.280762,0.234863,7.625,-7.25,1.625,-0.83323,-1.27204,0.356551
12821,0,-2,20,30,12,-2,-9,2,1.34717,-0.152344,0.533203,2.5,-12.3125,4.1875,-0.821419,-1.27253,0.347342
12821,-6,-2,7,21,5,-2,-5,-7,1.34717,-0.152344,0.533203,2.5,-12.3125,4.1875,-0.821419,-1.27253,0.347342
12829,1,5,0,11,20,8,8,4,1.34717,-0.152344,0.533203,2.5,-12.3125,4.1875,-0.821419,-1.27253,0.347342
12829,0,3,10,0,-14,3,7,-1,1.34717,-0.152344,0.533203,2.5,-12.3125,4.1875,-0.821419,-1.27253,0.347342
12844,0,-3,-9,-31,-17,-6,-1,-6,0.457031,-0.429688,-0.53125,9.875,-9.8125,-1.125,-0.882076,-1.2788,0.409416
12844,-2,-1,4,-10,-2,-2,5,-1,0.457031,-0.429688,-0.53125,9.875,-9.8125,-1.125,-0.882076,-1.2788,0.409416
12845,4,-4,7,10,3,-3,-9,3,0.457031,-0.429688,-0.53125,9.875,-9.8125,-1.125,-0.882076,-1.2788,0.409416
12845,3,-2,-26,-9,-7,-8,-10,-7,0.457031,-0.429688,-0.53125,9.875,-9.8125,-1.125,-0.882076,-1.2788,0.409416
12867,-12,-5,5,-4,-5,-3,-3,0,0.676758,-0.267578,-0.45459,7.75,-8.875,-3.875,-0.929509,-1.28807,0.457976
12867,-5,2,1,1,-4,-2,-6,-7,0.676758,-0.267578,-0.45459,7.75,-8.875,-3.875,-0.929509,-1.28807,0.457976
12868,5,0,0,4,6,2,9,2,0.676758,-0.267578,-0.45459,7.75,-8.875,-3.875,-0.929509,-1.28807,0.457976
12868,5,-5,-43,-13,0,1,-1,-1,0.676758,-0.267578,-0.45459,7.75,-8.875,-3.875,-0.929509,-1.28807,0.457976
12881,-4,0,-4,-5,1,1,1,-1,1.51025,0.0864258,1.00879,2.125,-10.1875,-5.5625,-0.859859,-1.28862,0.392242
12881,1,-2,19,6,-3,0,2,2,1.51025,0.0864258,1.00879,2.125,-10.1875,-5.5625,-0.859859,-1.28862,0.392242
12889,-9,-6,-4,3,3,-4,-4,-7,1.51025,0.0864258,1.00879,2.125,-10.1875,-5.5625,-0.859859,-1.28862,0.392242
12889,1,2,2,3,-5,-5,-2,3,1.51025,0.0864258,1.00879,2.125,-10.1875,-5.5625,-0.859859,-1.28862,0.392242
12904,-1,0,10,-11,-13,-5,-6,-5,0.419922,-0.398926,-0.689941,10.6875,-13.5,-7.6875,-0.932775,-1.29918,0.466487
12904,2,0,-4,1,4,-1,0,2,0.419922,-0.398926,-0.689941,10.6875,-13.5,-7.6875,-0.932775,-1.29918,0.466487
12904,-11,-3,-11,7,8,-1,-8,-8,0.419922,-0.398926,-0.689941,10.6875,-13.5,-7.6875,-0.932775,-1.29918,0.466487
12904,-5,0,6,6,2,1,0,1,0.419922,-0.398926,-0.689941,10.6875,-13.5,-7.6875,-0.932775,-1.29918,0.466487
12927,3,-3,-3,-11,-8,-3,3,0,1.49561,0.0839844,0.749512,5.6875,-15.0625,-8.5625,-0.879687,-1.30489,0.417832
12927,3,-3,-2,-15,-7,-5,-9,0,1.49561,0.0839844,0.749512,5.6875,-15.0625,-8.5625,-0.879687,-1.30489,0.417832
12928,-3,5,-4,6,5,0,6,1,1.49561,0.0839844,0.749512,5.6875,-15.0625,-8.5625,-0.879687,-1.30489,0.417832
12928,-3,0,8,3,-3,1,1,-2,1.49561,0.0839844,0.749512,5.6875,-15.0625,-8.5625,-0.879687,-1.30489,0.417832
12950,-7,-3,5,4,-5,-4,-7,-6,0.612305,-0.285645,-0.290527,14.8125,-15.5625,-8.1875,-0.921844,-1.3134,0.464219
12950,-2,-7,0,-4,-5,-2,-3,-3,0.612305,-0.285645,-0.290527,14.8125,-15.5625,-8.1875,-0.921844,-1.3134,0.464219
12951,-8,-2,1,-6,0,-1,-3,-5,0.612305,-0.285645,-0.290527,14.8125,-15.5625,-8.1875,-0.921844,-1.3134,0.464219
12951,-1,-2,-13,7,2,0,0,-2,0.612305,-0.285645,-0.290527,14.8125,-15.5625,-8.1875,-0.921844,-1.3134,0.464219
12964,6,1,3,1,0,3,6,4,1.21436,-0.0224609,0.11377,3.0625,-14.375,-7.75,-0.922008,-1.32385,0.466056
12964,4,8,24,16,2,-1,-5,2,1.21436,-0.0224609,0.11377,3.0625,-14.375,-7.75,-0.922008,-1.32385,0.466056
12965,3,-1,-38,-13,-2,-4,-3,2,1.21436,-0.0224609,0.11377,3.0625,-14.375,-7.75,-0.922008,-1.32385,0.466056
12965,-11,-10,5,-3,-3,-3,-7,-3,1.21436,-0.0224609,0.11377,3.0625,-14.375,-7.75,-0.922008,-1.32385,0.466056
12986,1,0,-6,-3,-3,-2,-2,2,0.945312,-0.129883,0.308105,0.75,-12.5,-7.6875,-0.912882,-1.32749,0.457841
12986,3,-1,9,1,-3,0,-2,-2,0.945312,-0.129883,0.308105,0.75,-12.5,-7.6875,-0.912882,-1.32749,0.457841
12987,9,5,8,0,-3,1,3,4,0.945312,-0.129883,0.308105,0.75,-12.5,-7.6875,-0.912882,-1.32749,0.457841
12987,0,1,-9,2,0,0,1,0,0.945312,-0.129883,0.308105,0.75,-12.5,-7.6875,-0.912882,-1.32749,0.457841
13000,-3,-2,-14,0,6,1,4,2,0.828125,-0.235352,-0.397461,-2.25,-10.4375,-5.1875,-0.96812,-1.33657,0.511254
13000,0,-2,-9,2,1,0,2,2,0.828125,-0.235352,-0.397461,-2.25,-10.4375,-5.1875,-0.96812,-1.33657,0.511254
13009,-7,-5,-1,-3,-2,-1,-3,-5,0.828125,-0.235352,-0.397461,-2.25,-10.4375,-5.1875,-0.96812,-1.33657,0.511254
13009,0,2,2,-1,-3,-1,2,-2,0.828125,-0.235352,-0.397461,-2.25,-10.4375,-5.1875,-0.96812,-1.33657,0.511254
13024,-3,-5,9,-4,-5,-4,-3,-2,0.617676,-0.277832,0.0551758,0.125,-6.75,-3.3125,-0.984335,-1.33612,0.527398
13024,-2,-2,-8,-1,1,-1,-2,-3,0.617676,-0.277832,0.0551758,0.125,-6.75,-3.3125,-0.984335,-1.33612,0.527398
13025,-1,-1,-1,3,-1,-1,-2,-3,0.617676,-0.277832,0.0551758,0.125,-6.75,-3.3125,-0.984335,-1.33612,0.527398
13025,1,5,35,13,-1,-1,1,1,0.617676,-0.277832,0.0551758,0.125,-6.75,-3.3125,-0.984335,-1.33612,0.527398
13048,-4,-2,-24,-15,3,3,0,-5,0.981445,-0.164062,0.110352,10.8125,-5.375,-3.375,-0.984987,-1.33897,0.531942
13048,-4,-2,-11,-2,-1,-2,-1,0,0.981445,-0.164062,0.110352,10.8125,-5.375,-3.375,-0.984987,-1.33897,0.531942
13048,-3,-8,-6,-4,-3,-1,1,-2,0.981445,-0.164062,0.110352,10.8125,-5.375,-3.375,-0.984987,-1.33897,0.531942
13048,0,-2,-2,-8,-2,2,-1,-3,0.981445,-0.164062,0.110352,10.8125,-5.375,-3.375,-0.984987,-1.33897,0.531942
13070,4,3,5,13,0,-1,-11,2,0.963379,-0.144043,0.129883,8.5,-8.0625,-1.5625,-0.987302,-1.3417,0.537539
13070,-2,0,-5,-2,-5,-3,-1,-1,0.963379,-0.144043,0.129883,8.5,-8.0625,-1.5625,-0.987302,-1.3417,0.537539
13071,4,3,14,8,2,2,-1,1,0.963379,-0.144043,0.129883,8.5,-8.0625,-1.5625,-0.987302,-1.3417,0.537539
13071,-5,-4,-4,-2,-2,-1,5,-2,0.963379,-0.144043,0.129883,8.5,-8.0625,-1.5625,-0.987302,-1.3417,0.537539
13084,1,-2,-3,-3,-1,1,5,4,0.958008,-0.159668,0.126465,2.75,-6,-2.6875,-0.989701,-1.34415,0.54108
13084,1,-1,3,-3,-1,0,-3,-6,0.958008,-0.159668,0.126465,2.75,-6,-2.6875,-0.989701,-1.34415,0.54108
13084,-6,-4,5,-4,-2,-1,5,2,0.958008,-0.159668,0.126465,2.75,-6,-2.6875,-0.989701,-1.34415,0.54108
13084,0,0,1,-1,-2,-2,-4,1,0.958008,-0.159668,0.126465,2.75,-6,-2.6875,-0.989701,-1.34415,0.54108
13108,-2,-1,-7,5,0,-1,-1,-2,0.962402,-0.192871,0.131836,-1.125,-5,-5.0625,-0.991523,-1.34617,0.542692
13108,-2,0,-10,-5,0,1,1,1,0.962402,-0.192871,0.131836,-1.125,-5,-5.0625,-0.991523,-1.34617,0.542692
13108,-3,-2,-1,-1,-2,-2,-3,-4,0.962402,-0.192871,0.131836,-1.125,-5,-5.0625,-0.991523,-1.34617,0.542692
13108,4,0,-6,-1,-1,-1,0,1,0.962402,-0.192871,0.131836,-1.125,-5,-5.0625,-0.991523,-1.34617,0.542692
13129,1,2,13,1,-2,-2,-2,-3,0.967773,-0.172852,0.127441,1.8125,-2.375,-3.1875,-0.98981,-1.34784,0.541603
13129,4,4,4,2,-1,-1,0,-1,0.967773,-0.172852,0.127441,1.8125,-2.375,-3.1875,-0.98981,-1.34784,0.541603
13130,1,-3,-13,-6,-1,-3,-3,-2,0.967773,-0.172852,0.127441,1.8125,-2.375,-3.1875,-0.98981,-1.34784,0.541603
13130,-1,0,1,0,0,-1,-1,-2,0.967773,-0.172852,0.127441,1.8125,-2.375,-3.1875,-0.98981,-1.34784,0.541603
13144,-2,0,6,1,0,-2,-2,0,0.975098,-0.148438,0.131836,3.125,0.1875,-1.375,-0.984286,-1.34873,0.537153
13144,0,-1,4,-2,-1,-1,-2,-1,0.975098,-0.148438,0.131836,3.125,0.1875,-1.375,-0.984286,-1.34873,0.537153
13145,-1,0,2,-3,-1,-1,-3,-4,0.975098,-0.148438,0.131836,3.125,0.1875,-1.375,-0.984286,-1.34873,0.537153
13145,3,-1,-6,0,-2,0,-1,-1,0.975098,-0.148438,0.131836,3.125,0.1875,-1.375,-0.984286,-1.34873,0.537153
13167,-3,0,3,2,0,1,1,-1,0.980957,-0.137695,0.133301,-1.25,2.4375,0.5,-0.978378,-1.34889,0.530818
13167,-3,-1,0,3,1,0,0,3,0.980957,-0.137695,0.133301,-1.25,2.4375,0.5,-0.978378,-1.34889,0.530818
13168,-5,-4,-6,-2,-1,-3,-4,-5,0.980957,-0.137695,0.133301,-1.25,2.4375,0.5,-0.978378,-1.34889,0.530818
13168,-2,-1,-3,-1,1,2,5,1,0.980957,-0.137695,0.133301,-1.25,2.4375,0.5,-0.978378,-1.34889,0.530818
13190,0,0,-4,-6,-3,-2,0,0,0.969238,-0.128906,0.12207,-4.6875,4.5,3.1875,-0.973181,-1.34807,0.524096
13190,-5,0,5,3,0,1,-4,-4,0.969238,-0.128906,0.12207,-4.6875,4.5,3.1875,-0.973181,-1.34807,0.524096
13190,0,-3,0,-4,-3,-2,0,0,0.969238,-0.128906,0.12207,-4.6875,4.5,3.1875,-0.973181,-1.34807,0.524096
13190,-2,-1,-6,-3,-2,0,-5,-2,0.969238,-0.128906,0.12207,-4.6875,4.5,3.1875,-0.973181,-1.34807,0.524096
13204,-1,-4,-4,-4,-5,-3,-2,-4,0.952148,-0.133789,0.125,-10.4375,6.8125,5.3125,-0.969824,-1.346,0.517139
13204,0,-2,0,1,0,-1,3,4,0.952148,-0.133789,0.125,-10.4375,6.8125,5.3125,-0.969824,-1.346,0.517139
13205,0,3,3,3,0,0,-1,3,0.952148,-0.133789,0.125,-10.4375,6.8125,5.3125,-0.969824,-1.346,0.517139
13205,1,0,-2,-1,1,0,0,1,0.952148,-0.133789,0.125,-10.4375,6.8125,5.3125,-0.969824,-1.346,0.517139
13228,-2,-1,6,-2,-1,-1,0,0,0.941895,-0.171875,0.149414,-7.125,7.875,5.1875,-0.964383,-1.34271,0.509141
13228,0,-2,-6,-5,-2,-1,-2,-2,0.941895,-0.171875,0.149414,-7.125,7.875,5.1875,-0.964383,-1.34271,0.509141
13228,-3,-2,-1,1,1,0,-1,-1,0.941895,-0.171875,0.149414,-7.125,7.875,5.1875,-0.964383,-1.34271,0.509141
13228,0,-3,2,1,0,-2,-2,1,0.941895,-0.171875,0.149414,-7.125,7.875,5.1875,-0.964383,-1.34271,0.509141
13250,0,1,-6,0,-2,-1,1,0,0.961914,-0.18457,0.166016,1.3125,7.875,5.625,-0.955896,-1.33924,0.501018
13250,-2,-2,-3,-2,-3,-2,-2,-3,0.961914,-0.18457,0.166016,1.3125,7.875,5.625,-0.955896,-1.33924,0.501018
13251,2,3,-2,0,-1,-1,-2,1,0.961914,-0.18457,0.166016,1.3125,7.875,5.625,-0.955896,-1.33924,0.501018
13251,1,-4,-21,-8,-1,-1,-1,0,0.961914,-0.18457,0.166016,1.3125,7.875,5.625,-0.955896,-1.33924,0.501018
13264,-6,-3,-1,-1,1,-1,0,0,0.962402,-0.161133,0.146973,4.875,8.4375,6.1875,-0.946702,-1.33608,0.493438
13264,0,-2,2,-1,-3,0,-2,0,0.962402,-0.161133,0.146973,4.875,8.4375,6.1875,-0.946702,-1.33608,0.493438
13265,0,-1,5,2,0,0,-2,-2,0.962402,-0.161133,0.146973,4.875,8.4375,6.1875,-0.946702,-1.33608,0.493438
13265,-2,-1,3,1,-2,-3,-3,-3,0.962402,-0.161133,0.146973,4.875,8.4375,6.1875,-0.946702,-1.33608,0.493438
13287,0,-1,0,-1,-3,-2,0,-5,0.946289,-0.141602,0.150391,1.4375,8.9375,6.5,-0.937226,-1.33299,0.484425
13287,-2,-6,-11,1,1,-3,0,-4,0.946289,-0.141602,0.150391,1.4375,8.9375,6.5,-0.937226,-1.33299,0.484425
13287,-3,-2,0,1,1,-1,-1,-3,0.946289,-0.141602,0.150391,1.4375,8.9375,6.5,-0.937226,-1.33299,0.484425
13287,-1,2,1,-1,0,0,0,1,0.946289,-0.141602,0.150391,1.4375,8.9375,6.5,-0.937226,-1.33299,0.484425
13310,-1,-4,-1,-3,-1,0,-2,0,0.942871,-0.15332,0.167969,-4.1875,7.5,6.75,-0.931191,-1.32971,0.477074
13310,0,-3,0,-2,-2,-1,-2,2,0.942871,-0.15332,0.167969,-4.1875,7.5,6.75,-0.931191,-1.32971,0.477074
13311,1,0,0,-2,-1,-1,-1,0,0.942871,-0.15332,0.167969,-4.1875,7.5,6.75,-0.931191,-1.32971,0.477074
13311,-2,-1,4,0,0,0,-1,-2,0.942871,-0.15332,0.167969,-4.1875,7.5,6.75,-0.931191,-1.32971,0.477074
13324,0,-2,1,-1,-1,-1,-2,2,0.953613,-0.188965,0.163574,-6.25,5.9375,5.875,-0.929847,-1.3266,0.473492
13324,-1,2,1,-1,-1,0,-2,-5,0.953613,-0.188965,0.163574,-6.25,5.9375,5.875,-0.929847,-1.3266,0.473492
13325,3,0,8,-3,-3,-2,-2,1,0.953613,-0.188965,0.163574,-6.25,5.9375,5.875,-0.929847,-1.3266,0.473492
13325,-6,-2,-3,-1,-1,-3,-2,-8,0.953613,-0.188965,0.163574,-6.25,5.9375,5.875,-0.929847,-1.3266,0.473492
13347,-1,1,-1,-2,1,1,1,1,0.964844,-0.194336,0.181641,-2.5,4.25,4.125,-0.926601,-1.32384,0.46948
13347,-1,0,-1,0,-2,-1,-1,0,0.964844,-0.194336,0.181641,-2.5,4.25,4.125,-0.926601,-1.32384,0.46948
13348,-1,-1,-1,-3,-2,-1,1,2,0.964844,-0.194336,0.181641,-2.5,4.25,4.125,-0.926601,-1.32384,0.46948
13348,0,-1,5,3,-1,-2,-2,3,0.964844,-0.194336,0.181641,-2.5,4.25,4.125,-0.926601,-1.32384,0.46948
13369,-1,-3,-2,-4,-2,-1,1,-3,0.970703,-0.193359,0.179199,2.875,3,1.75,-0.921061,-1.32246,0.464921
13369,-1,-4,0,-2,1,-2,0,0,0.970703,-0.193359,0.179199,2.875,3,1.75,-0.921061,-1.32246,0.464921
13370,-2,1,-2,1,-1,0,-1,-2,0.970703,-0.193359,0.179199,2.875,3,1.75,-0.921061,-1.32246,0.464921
13370,-1,-4,-2,0,-1,-1,0,-1,0.970703,-0.193359,0.179199,2.875,3,1.75,-0.921061,-1.32246,0.464921
13384,0,-1,-7,-5,-1,-2,-1,0,0.974609,-0.179199,0.175781,4.1875,1,-0.25,-0.914716,-1.32208,0.460165
13384,0,0,0,-2,0,-1,0,0,0.974609,-0.179199,0.175781,4.1875,1,-0.25,-0.914716,-1.32208,0.460165
13385,-2,-3,-4,-2,-2,-1,-1,-3,0.974609,-0.179199,0.175781,4.1875,1,-0.25,-0.914716,-1.32208,0.460165
13385,0,-1,-3,-4,-1,-1,-2,-2,0.974609,-0.179199,0.175781,4.1875,1,-0.25,-0.914716,-1.32208,0.460165
13407,0,-2,1,1,0,0,1,1,0.990234,-0.17627,0.16748,1.75,-0.5,-0.4375,-0.912133,-1.32266,0.458247
13407,2,0,5,2,-1,1,0,0,0.990234,-0.17627,0.16748,1.75,-0.5,-0.4375,-0.912133,-1.32266,0.458247
13407,0,-3,-16,-9,-1,0,0,0,0.990234,-0.17627,0.16748,1.75,-0.5,-0.4375,-0.912133,-1.32266,0.458247
13407,-3,-3,1,1,1,-1,0,-2,0.990234,-0.17627,0.16748,1.75,-0.5,-0.4375,-0.912133,-1.32266,0.458247
13430,0,-2,-2,-3,-1,0,-2,-2,0.98291,-0.175781,0.158203,-1.8125,-0.8125,-0.5,-0.911784,-1.32343,0.457329
13430,-2,2,0,-2,-1,-1,0,0,0.98291,-0.175781,0.158203,-1.8125,-0.8125,-0.5,-0.911784,-1.32343,0.457329
13430,1,0,6,3,0,-1,-1,1,0.98291,-0.175781,0.158203,-1.8125,-0.8125,-0.5,-0.911784,-1.32343,0.457329
13430,0,-2,0,-1,-1,-1,1,0,0.98291,-0.175781,0.158203,-1.8125,-0.8125,-0.5,-0.911784,-1.32343,0.457329
13444,1,0,-2,0,-1,0,1,-1,0.990234,-0.178711,0.156738,-3.375,-1.3125,-1.25,-0.91149,-1.32397,0.45592
13444,-3,-3,-1,0,-2,-2,-1,-3,0.990234,-0.178711,0.156738,-3.375,-1.3125,-1.25,-0.91149,-1.32397,0.45592
13445,-2,-4,1,1,-1,-2,-1,1,0.990234,-0.178711,0.156738,-3.375,-1.3125,-1.25,-0.91149,-1.32397,0.45592
13445,-1,0,-6,-1,-3,-1,-1,-1,0.990234,-0.178711,0.156738,-3.375,-1.3125,-1.25,-0.91149,-1.32397,0.45592
13467,-7,1,-2,-1,0,-2,-3,0,1.00098,-0.178223,0.162109,-4.6875,-0.4375,-1.5625,-0.910699,-1.32512,0.453447
13467,-4,-2,-4,-3,-1,-2,-2,-3,1.00098,-0.178223,0.162109,-4.6875,-0.4375,-1.5625,-0.910699,-1.32512,0.453447
13468,-3,2,2,1,1,-1,-2,-5,1.00098,-0.178223,0.162109,-4.6875,-0.4375,-1.5625,-0.910699,-1.32512,0.453447
13468,0,-1,-1,0,-3,-1,-1,2,1.00098,-0.178223,0.162109,-4.6875,-0.4375,-1.5625,-0.910699,-1.32512,0.453447
13490,2,-1,-5,0,-2,1,0,-2,0.998535,-0.191406,0.161621,-4,0.875,-1.875,-0.908256,-1.32544,0.449664
13490,4,1,0,-1,-3,2,-2,0,0.998535,-0.191406,0.161621,-4,0.875,-1.875,-0.908256,-1.32544,0.449664
13491,-2,-3,-12,-4,-3,0,-1,0,0.998535,-0.191406,0.161621,-4,0.875,-1.875,-0.908256,-1.32544,0.449664
13491,0,3,1,0,2,1,1,0,0.998535,-0.191406,0.161621,-4,0.875,-1.875,-0.908256,-1.32544,0.449664
13504,2,-3,3,6,-1,1,1,2,1.00439,-0.179688,0.149414,-2.125,0.75,-1.9375,-0.905621,-1.32595,0.446242
13504,-2,-4,-4,2,-1,-2,1,-2,1.00439,-0.179688,0.149414,-2.125,0.75,-1.9375,-0.905621,-1.32595,0.446242
13505,-1,0,5,4,-2,0,-1,0,1.00439,-0.179688,0.149414,-2.125,0.75,-1.9375,-0.905621,-1.32595,0.446242
13505,1,0,0,-3,-4,0,-2,0,1.00439,-0.179688,0.149414,-2.125,0.75,-1.9375,-0.905621,-1.32595,0.446242
13527,2,2,1,-4,-1,0,-1,-3,1.00977,-0.168457,0.161621,-1.375,1.5625,-2.125,-0.900307,-1.32668,0.440477
13527,-1,-3,0,0,-1,0,1,0,1.00977,-0.168457,0.161621,-1.375,1.5625,-2.125,-0.900307,-1.32668,0.440477
13528,-2,0,1,-3,-1,-1,-1,0,1.00977,-0.168457,0.161621,-1.375,1.5625,-2.125,-0.900307,-1.32668,0.440477
13528,1,1,1,-1,-1,-2,-1,-2,1.00977,-0.168457,0.161621,-1.375,1.5625,-2.125,-0.900307,-1.32668,0.440477
13550,-2,-1,3,0,-1,-2,0,-1,1.00244,-0.181152,0.151367,-2.875,1.9375,-0.875,-0.897888,-1.32704,0.43693
13550,2,4,-3,0,-1,0,0,0,1.00244,-0.181152,0.151367,-2.875,1.9375,-0.875,-0.897888,-1.32704,0.43693
13551,0,-3,0,-1,-1,-2,-1,-1,1.00244,-0.181152,0.151367,-2.875,1.9375,-0.875,-0.897888,-1.32704,0.43693
13551,-1,-3,-2,-3,0,0,-1,-2,1.00244,-0.181152,0.151367,-2.875,1.9375,-0.875,-0.897888,-1.32704,0.43693
13564,1,-2,1,0,1,-1,-1,0,1.01172,-0.17041,0.162109,-0.8125,2.5,-0.1875,-0.893322,-1.32698,0.431998
13564,1,1,-1,0,2,0,1,2,1.01172,-0.17041,0.162109,-0.8125,2.5,-0.1875,-0.893322,-1.32698,0.431998
13565,-5,-6,-2,0,-2,-1,-2,-2,1.01172,-0.17041,0.162109,-0.8125,2.5,-0.1875,-0.893322,-1.32698,0.431998
13565,3,2,3,3,0,0,0,2,1.01172,-0.17041,0.162109,-0.8125,2.5,-0.1875,-0.893322,-1.32698,0.431998
13587,-6,-6,3,-5,-2,-2,-2,-5,1.00293,-0.163086,0.158203,-2.375,3.125,0.0625,-0.888693,-1.32653,0.426608
13587,-1,-1,-3,-1,-1,-1,-1,-1,1.00293,-0.163086,0.158203,-2.375,3.125,0.0625,-0.888693,-1.32653,0.426608
13588,4,2,-8,-2,0,1,1,0,1.00293,-0.163086,0.158203,-2.375,3.125,0.0625,-0.888693,-1.32653,0.426608
13588,0,-1,-1,1,-2,-2,-2,-1,1.00293,-0.163086,0.158203,-2.375,3.125,0.0625,-0.888693,-1.32653,0.426608
13610,0,0,-1,-3,-2,0,-2,0,0.982422,-0.171875,0.156738,-3.5625,2.625,0.75,-0.885975,-1.32574,0.422744
13610,-6,-4,-3,-4,-2,-1,-1,-3,0.982422,-0.171875,0.156738,-3.5625,2.625,0.75,-0.885975,-1.32574,0.422744
13611,0,0,1,1,1,0,0,0,0.982422,-0.171875,0.156738,-3.5625,2.625,0.75,-0.885975,-1.32574,0.422744
13611,-2,-2,0,-3,-3,-2,-1,0,0.982422,-0.171875,0.156738,-3.5625,2.625,0.75,-0.885975,-1.32574,0.422744
13624,1,2,-5,-2,-2,-1,-1,1,0.97168,-0.182617,0.157227,-2.1875,2.375,1.5,-0.885432,-1.32536,0.421228
13624,-2,-3,-2,-1,-2,-3,-1,-2,0.97168,-0.182617,0.157227,-2.1875,2.375,1.5,-0.885432,-1.32536,0.421228
13624,1,1,0,-1,-3,0,0,-1,0.97168,-0.182617,0.157227,-2.1875,2.375,1.5,-0.885432,-1.32536,0.421228
13624,-5,-6,0,-1,-1,-1,-3,-2,0.97168,-0.182617,0.157227,-2.1875,2.375,1.5,-0.885432,-1.32536,0.421228
13647,-1,-1,2,-1,-3,-1,-2,-1,0.96582,-0.176758,0.158203,-0.3125,2.25,1.9375,-0.883281,-1.32421,0.419118
13647,0,-2,-13,-5,1,-1,1,0,0.96582,-0.176758,0.158203,-0.3125,2.25,1.9375,-0.883281,-1.32421,0.419118
13648,-2,2,3,1,0,0,0,-2,0.96582,-0.176758,0.158203,-0.3125,2.25,1.9375,-0.883281,-1.32421,0.419118
13648,-3,-4,-4,-1,-1,-1,-2,1,0.96582,-0.176758,0.158203,-0.3125,2.25,1.9375,-0.883281,-1.32421,0.419118
13670,-2,0,1,2,-1,-1,0,-2,0.957031,-0.171875,0.147949,0.8125,1.6875,1.6875,-0.882347,-1.32363,0.418545
13670,-3,-1,3,-2,-3,0,-1,1,0.957031,-0.171875,0.147949,0.8125,1.6875,1.6875,-0.882347,-1.32363,0.418545
13671,-3,0,-1,-1,0,0,0,-2,0.957031,-0.171875,0.147949,0.8125,1.6875,1.6875,-0.882347,-1.32363,0.418545
13671,0,0,-1,2,1,1,1,0,0.957031,-0.171875,0.147949,0.8125,1.6875,1.6875,-0.882347,-1.32363,0.418545
13684,-2,-1,-1,-2,-4,-2,-1,1,0.958984,-0.172852,0.149902,-0.0625,1,1.625,-0.882204,-1.32344,0.418332
13684,-3,-6,-3,-3,1,-3,-3,-2,0.958984,-0.172852,0.149902,-0.0625,1,1.625,-0.882204,-1.32344,0.418332
13685,1,-1,3,3,0,-1,-1,0,0.958984,-0.172852,0.149902,-0.0625,1,1.625,-0.882204,-1.32344,0.418332
13685,0,0,-15,-4,0,-1,-1,-1,0.958984,-0.172852,0.149902,-0.0625,1,1.625,-0.882204,-1.32344,0.418332
13707,1,0,-2,1,0,1,-1,1,0.949219,-0.17334,0.162109,-0.4375,-0.1875,1.25,-0.882238,-1.32342,0.418216
13707,2,2,6,-2,-2,-1,-1,1,0.949219,-0.17334,0.162109,-0.4375,-0.1875,1.25,-0.882238,-1.32342,0.418216
13708,-2,-2,0,-3,0,-2,-3,-3,0.949219,-0.17334,0.162109,-0.4375,-0.1875,1.25,-0.882238,-1.32342,0.418216
13708,-2,-4,-1,-2,-2,-1,0,-4,0.949219,-0.17334,0.162109,-0.4375,-0.1875,1.25,-0.882238,-1.32342,0.418216
13730,-1,-4,-7,-2,-1,0,-1,-1,0.959473,-0.177246,0.155273,-0.4375,-0.8125,0.125,-0.882238,-1.32342,0.418216
13730,-3,2,-3,-1,-1,-1,-2,0,0.959473,-0.177246,0.155273,-0.4375,-0.8125,0.125,-0.882238,-1.32342,0.418216
13730,1,1,2,-3,-2,-2,-1,0,0.959473,-0.177246,0.155273,-0.4375,-0.8125,0.125,-0.882238,-1.32342,0.418216
13730,-1,2,4,0,-3,-1,1,0,0.959473,-0.177246,0.155273,-0.4375,-0.8125,0.125,-0.882238,-1.32342,0.418216
13743,1,-1,-3,0,1,-1,1,1,0.958984,-0.174316,0.15332,1,-1.5625,-1,-0.881171,-1.32379,0.417771
13743,2,0,0,-3,0,1,2,-2,0.958984,-0.174316,0.15332,1,-1.5625,-1,-0.881171,-1.32379,0.417771
13752,-6,-6,0,0,-1,-4,-2,-1,0.958984,-0.174316,0.15332,1,-1.5625,-1,-0.881171,-1.32379,0.417771
13752,0,-2,8,1,-2,-1,-1,-3,0.958984,-0.174316,0.15332,1,-1.5625,-1,-0.881171,-1.32379,0.417771
13768,-1,-3,-24,-9,-1,0,-1,-2,0.966309,-0.179199,0.162109,-1.1875,-0.75,-1.1875,-0.880599,-1.32471,0.416734
13768,2,2,3,3,0,0,1,0,0.966309,-0.179199,0.162109,-1.1875,-0.75,-1.1875,-0.880599,-1.32471,0.416734
13768,-1,-1,-2,-1,-2,1,2,0,0.966309,-0.179199,0.162109,-1.1875,-0.75,-1.1875,-0.880599,-1.32471,0.416734
13768,1,1,3,3,-1,0,0,-2,0.966309,-0.179199,0.162109,-1.1875,-0.75,-1.1875,-0.880599,-1.32471,0.416734
13790,-2,-1,4,1,0,-2,1,-1,0.963379,-0.182617,0.170898,-1.125,-0.0625,-1.3125,-0.878209,-1.32485,0.413906
13790,0,0,2,0,0,-1,0,-1,0.963379,-0.182617,0.170898,-1.125,-0.0625,-1.3125,-0.878209,-1.32485,0.413906
13790,4,3,-3,-3,0,0,0,3,0.963379,-0.182617,0.170898,-1.125,-0.0625,-1.3125,-0.878209,-1.32485,0.413906
13790,-4,-1,-4,0,-1,-3,0,-4,0.963379,-0.182617,0.170898,-1.125,-0.0625,-1.3125,-0.878209,-1.32485,0.413906
13803,-1,2,8,5,0,1,-1,-2,0.963379,-0.161133,0.174316,-1.375,0.125,-1,-0.874609,-1.3251,0.409907
13803,-3,-4,-6,-3,-2,-1,-2,-1,0.963379,-0.161133,0.174316,-1.375,0.125,-1,-0.874609,-1.3251,0.409907
13812,-1,-1,1,0,-3,0,-1,-2,0.963379,-0.161133,0.174316,-1.375,0.125,-1,-0.874609,-1.3251,0.409907
13812,1,0,-4,-9,-2,-2,-2,3,0.963379,-0.161133,0.174316,-1.375,0.125,-1,-0.874609,-1.3251,0.409907
13828,-5,-1,14,7,1,-2,-4,-5,0.959473,-0.165039,0.174316,-2.125,-0.375,-0.625,-0.872788,-1.32547,0.407444
13828,0,-1,-5,2,-1,-1,-1,0,0.959473,-0.165039,0.174316,-2.125,-0.375,-0.625,-0.872788,-1.32547,0.407444
13828,-5,-7,-2,-2,-3,-1,-2,-3,0.959473,-0.165039,0.174316,-2.125,-0.375,-0.625,-0.872788,-1.32547,0.407444
13828,0,1,1,1,1,0,-3,1,0.959473,-0.165039,0.174316,-2.125,-0.375,-0.625,-0.872788,-1.32547,0.407444
13851,-2,-1,0,-1,-4,-1,0,-1,0.958008,-0.164551,0.166016,-0.6875,-1,0.1875,-0.871814,-1.32545,0.406465
13851,0,0,4,0,-2,-1,-2,-1,0.958008,-0.164551,0.166016,-0.6875,-1,0.1875,-0.871814,-1.32545,0.406465
13851,3,-1,-2,-1,1,1,-1,0,0.958008,-0.164551,0.166016,-0.6875,-1,0.1875,-0.871814,-1.32545,0.406465
13851,2,0,-3,1,1,1,1,1,0.958008,-0.164551,0.166016,-0.6875,-1,0.1875,-0.871814,-1.32545,0.406465
13864,0,-3,-3,-3,-2,-2,-2,0,0.970703,-0.171387,0.158691,-2.875,0.1875,1,-0.872355,-1.32558,0.406072
13864,-3,-3,-3,-2,-3,-1,-3,0,0.970703,-0.171387,0.158691,-2.875,0.1875,1,-0.872355,-1.32558,0.406072
13872,1,0,-1,-1,-1,-2,0,0,0.970703,-0.171387,0.158691,-2.875,0.1875,1,-0.872355,-1.32558,0.406072
13872,-1,0,0,-2,1,1,0,1,0.970703,-0.171387,0.158691,-2.875,0.1875,1,-0.872355,-1.32558,0.406072
13886,3,0,0,-1,-1,1,-1,0,0.963867,-0.179688,0.181641,-2.4375,1.3125,0.8125,-0.86999,-1.32444,0.40306
13886,0,0,0,-2,-1,0,1,-2,0.963867,-0.179688,0.181641,-2.4375,1.3125,0.8125,-0.86999,-1.32444,0.40306
13894,0,0,-1,-1,-2,-1,-2,0,0.963867,-0.179688,0.181641,-2.4375,1.3125,0.8125,-0.86999,-1.32444,0.40306
13894,-2,-3,-3,0,0,-1,-2,-2,0.963867,-0.179688,0.181641,-2.4375,1.3125,0.8125,-0.86999,-1.32444,0.40306
13910,-2,-2,-3,-2,0,-2,0,-1,0.955078,-0.182617,0.165527,0.125,1.8125,0.125,-0.867571,-1.32414,0.40053
13910,-2,-3,5,1,-1,0,-3,1,0.955078,-0.182617,0.165527,0.125,1.8125,0.125,-0.867571,-1.32414,0.40053
13910,-6,-4,-8,-5,-3,-4,-3,-6,0.955078,-0.182617,0.165527,0.125,1.8125,0.125,-0.867571,-1.32414,0.40053
13910,-2,-2,3,-5,-2,-2,-1,-2,0.955078,-0.182617,0.165527,0.125,1.8125,0.125,-0.867571,-1.32414,0.40053
13923,1,-1,-9,-1,1,-2,0,0,0.963379,-0.168945,0.170898,-1,1.5,-0.125,-0.864232,-1.32366,0.396899
13923,1,-2,1,1,0,-1,-1,0,0.963379,-0.168945,0.170898,-1,1.5,-0.125,-0.864232,-1.32366,0.396899
13931,0,0,0,2,0,1,1,0,0.963379,-0.168945,0.170898,-1,1.5,-0.125,-0.864232,-1.32366,0.396899
13931,0,-1,2,1,-1,-1,-2,-2,0.963379,-0.168945,0.170898,-1,1.5,-0.125,-0.864232,-1.32366,0.396899
13955,-2,-3,-2,-2,0,-2,-1,0,0.964355,-0.178711,0.158691,-1.25,1.125,-0.1875,-0.86263,-1.32332,0.394912
13955,1,1,1,-2,0,-1,0,-1,0.964355,-0.178711,0.158691,-1.25,1.125,-0.1875,-0.86263,-1.32332,0.394912
13955,-3,-1,-1,0,0,0,-1,-2,0.964355,-0.178711,0.158691,-1.25,1.125,-0.1875,-0.86263,-1.32332,0.394912
13955,-1,0,-4,1,0,-1,-1,0,0.964355,-0.178711,0.158691,-1.25,1.125,-0.1875,-0.86263,-1.32332,0.394912
13970,0,-2,0,0,2,-1,0,1,0.966309,-0.179688,0.165039,-2.5625,1.8125,-0.375,-0.860534,-1.32327,0.391814
13970,-2,-1,-4,-1,-1,-1,-1,-3,0.966309,-0.179688,0.165039,-2.5625,1.8125,-0.375,-0.860534,-1.32327,0.391814
13971,-1,-1,-2,-4,-2,-2,0,0,0.966309,-0.179688,0.165039,-2.5625,1.8125,-0.375,-0.860534,-1.32327,0.391814
13971,-3,-2,0,0,-5,-3,-2,0,0.966309,-0.179688,0.165039,-2.5625,1.8125,-0.375,-0.860534,-1.32327,0.391814
13983,0,0,-2,-5,-2,-1,0,-1,0.963379,-0.16748,0.15918,-3.0625,2.3125,0.0625,-0.857979,-1.32313,0.388164
13983,0,0,0,-1,0,-1,0,0,0.963379,-0.16748,0.15918,-3.0625,2.3125,0.0625,-0.857979,-1.32313,0.388164
13992,-1,0,2,7,0,0,-2,-3,0.963379,-0.16748,0.15918,-3.0625,2.3125,0.0625,-0.857979,-1.32313,0.388164
13992,-2,-1,-4,0,1,-1,0,-1,0.963379,-0.16748,0.15918,-3.0625,2.3125,0.0625,-0.857979,-1.32313,0.388164
14007,-1,0,1,1,-3,-1,1,0,0.961426,-0.162598,0.157715,-2.8125,2.5625,0.5625,-0.855616,-1.32257,0.38478
14007,1,-1,-1,-2,-4,-2,-1,2,0.961426,-0.162598,0.157715,-2.8125,2.5625,0.5625,-0.855616,-1.32257,0.38478
14008,-1,-4,-6,-7,-2,-1,-2,-3,0.961426,-0.162598,0.157715,-2.8125,2.5625,0.5625,-0.855616,-1.32257,0.38478
14008,0,0,-3,-1,-1,2,1,0,0.961426,-0.162598,0.157715,-2.8125,2.5625,0.5625,-0.855616,-1.32257,0.38478
14030,-2,1,1,0,-3,-2,-3,-1,0.966309,-0.166504,0.156738,-5.625,3.375,0.8125,-0.854067,-1.32202,0.381225
14030,1,-1,-14,-2,1,1,0,0,0.966309,-0.166504,0.156738,-5.625,3.375,0.8125,-0.854067,-1.32202,0.381225
14031,1,2,3,1,0,-2,1,1,0.966309,-0.166504,0.156738,-5.625,3.375,0.8125,-0.854067,-1.32202,0.381225
14031,-2,-4,-3,-1,-3,-1,-2,-1,0.966309,-0.166504,0.156738,-5.625,3.375,0.8125,-0.854067,-1.32202,0.381225
14044,-2,-1,-1,-3,-1,1,-2,-1,0.961914,-0.175781,0.158203,-4.6875,4.3125,0.6875,-0.851232,-1.32112,0.376681
14044,-3,1,5,1,0,-1,-1,-2,0.961914,-0.175781,0.158203,-4.6875,4.3125,0.6875,-0.851232,-1.32112,0.376681
14052,-1,-3,-3,-4,-3,-4,-2,0,0.961914,-0.175781,0.158203,-4.6875,4.3125,0.6875,-0.851232,-1.32112,0.376681
14052,-3,-3,-6,-6,0,0,-1,-2,0.961914,-0.175781,0.158203,-4.6875,4.3125,0.6875,-0.851232,-1.32112,0.376681
14067,2,3,2,8,1,-1,1,1,0.962891,-0.158203,0.145996,-3.5,5,1.0625,-0.847894,-1.32063,0.371897
14067,-2,-3,0,1,-1,-1,0,-2,0.962891,-0.158203,0.145996,-3.5,5,1.0625,-0.847894,-1.32063,0.371897
14067,-2,0,-1,-1,-2,0,0,0,0.962891,-0.158203,0.145996,-3.5,5,1.0625,-0.847894,-1.32063,0.371897
14067,1,-1,1,-4,0,-1,-2,0,0.962891,-0.158203,0.145996,-3.5,5,1.0625,-0.847894,-1.32063,0.371897
14090,0,-3,-2,-2,-1,-2,0,-2,0.944824,-0.151367,0.155762,-3.625,4.6875,2.5,-0.84524,-1.31948,0.36793
14090,-2,0,0,-1,-1,-1,-1,1,0.944824,-0.151367,0.155762,-3.625,4.6875,2.5,-0.84524,-1.31948,0.36793
14091,2,0,-2,0,1,1,-1,-1,0.944824,-0.151367,0.155762,-3.625,4.6875,2.5,-0.84524,-1.31948,0.36793
14091,-1,2,2,-4,-4,-2,-1,-1,0.944824,-0.151367,0.155762,-3.625,4.6875,2.5,-0.84524,-1.31948,0.36793
14112,1,1,0,-4,-1,-1,-1,-1,0.945801,-0.154785,0.146973,-6.75,4.9375,2.125,-0.843577,-1.31813,0.364048
14112,0,-2,-3,-6,-2,0,-1,0,0.945801,-0.154785,0.146973,-6.75,4.9375,2.125,-0.843577,-1.31813,0.364048
14113,6,3,5,11,1,4,2,2,0.945801,-0.154785,0.146973,-6.75,4.9375,2.125,-0.843577,-1.31813,0.364048
14113,-4,-2,-2,-2,-1,0,-2,0,0.945801,-0.154785,0.146973,-6.75,4.9375,2.125,-0.843577,-1.31813,0.364048
14127,-2,-1,2,0,0,1,-3,-1,0.937988,-0.154297,0.14209,-7.5,6.3125,1.5625,-0.840897,-1.31713,0.358533
14127,-2,-3,1,-5,-3,-3,0,-3,0.937988,-0.154297,0.14209,-7.5,6.3125,1.5625,-0.840897,-1.31713,0.358533
14134,4,1,-3,-2,-1,-1,-2,2,0.937988,-0.154297,0.14209,-7.5,6.3125,1.5625,-0.840897,-1.31713,0.358533
14134,4,4,0,2,-1,-2,2,3,0.937988,-0.154297,0.14209,-7.5,6.3125,1.5625,-0.840897,-1.31713,0.358533
14150,-6,-3,-2,-1,-3,-2,0,-7,0.930176,-0.159668,0.145508,-7.4375,7.3125,3.125,-0.838876,-1.31531,0.353728
14150,-3,-3,-3,-1,-2,-1,-1,-1,0.930176,-0.159668,0.145508,-7.4375,7.3125,3.125,-0.838876,-1.31531,0.353728
14151,3,-3,4,-1,-1,-1,-1,-1,0.930176,-0.159668,0.145508,-7.4375,7.3125,3.125,-0.838876,-1.31531,0.353728
14151,-10,-1,-3,1,-2,0,0,-3,0.930176,-0.159668,0.145508,-7.4375,7.3125,3.125,-0.838876,-1.31531,0.353728
14172,2,-2,-3,-2,-2,0,-2,1,0.925293,-0.164551,0.145508,-6.75,9.4375,3,-0.834839,-1.31311,0.347035
14172,5,1,0,-2,1,1,0,-2,0.925293,-0.164551,0.145508,-6.75,9.4375,3,-0.834839,-1.31311,0.347035
14173,-3,2,2,0,0,-2,-2,-3,0.925293,-0.164551,0.145508,-6.75,9.4375,3,-0.834839,-1.31311,0.347035
14173,0,-4,-2,-1,-2,0,-3,-2,0.925293,-0.164551,0.145508,-6.75,9.4375,3,-0.834839,-1.31311,0.347035
14186,-4,1,-1,-1,-1,0,1,1,0.924805,-0.152344,0.144043,-6,11.6875,2.6875,-0.827227,-1.31027,0.33718
14186,2,-1,-13,-3,0,-2,-1,-3,0.924805,-0.152344,0.144043,-6,11.6875,2.6875,-0.827227,-1.31027,0.33718
14187,4,0,1,-1,0,-1,-1,2,0.924805,-0.152344,0.144043,-6,11.6875,2.6875,-0.827227,-1.31027,0.33718
14187,9,2,-2,-4,4,2,2,4,0.924805,-0.152344,0.144043,-6,11.6875,2.6875,-0.827227,-1.31027,0.33718
14209,-4,1,3,7,0,-2,-3,-7,0.901367,-0.121582,0.171875,-7.0625,14.1875,3.6875,-0.815598,-1.30669,0.322862
14209,-23,-4,3,7,-1,-1,-1,-5,0.901367,-0.121582,0.171875,-7.0625,14.1875,3.6875,-0.815598,-1.30669,0.322862
14210,4,1,-4,-7,2,2,1,3,0.901367,-0.121582,0.171875,-7.0625,14.1875,3.6875,-0.815598,-1.30669,0.322862
14210,-5,-6,-7,-5,-5,-4,-3,-3,0.901367,-0.121582,0.171875,-7.0625,14.1875,3.6875,-0.815598,-1.30669,0.322862
14240,4,4,-1,-2,-1,1,1,7,0.840332,-0.125,0.222168,-0.375,16.6875,7.75,-0.800303,-1.30043,0.307363
14240,-5,-4,2,-2,-5,-3,-3,-7,0.840332,-0.125,0.222168,-0.375,16.6875,7.75,-0.800303,-1.30043,0.307363
14240,4,-2,-4,-1,-3,-3,-2,-3,0.840332,-0.125,0.222168,-0.375,16.6875,7.75,-0.800303,-1.30043,0.307363
14240,-7,1,3,0,1,0,1,3,0.840332,-0.125,0.222168,-0.375,16.6875,7.75,-0.800303,-1.30043,0.307363
14246,-10,-4,-3,-2,-1,-1,-3,-8,0.824219,-0.145508,0.25293,11.5,17.9375,11.5625,-0.784052,-1.29221,0.295192
14246,1,1,3,5,0,2,1,5,0.824219,-0.145508,0.25293,11.5,17.9375,11.5625,-0.784052,-1.29221,0.295192
14247,-4,-2,-1,0,-2,1,-1,2,0.824219,-0.145508,0.25293,11.5,17.9375,11.5625,-0.784052,-1.29221,0.295192
14247,12,3,0,1,1,-1,-1,-1,0.824219,-0.145508,0.25293,11.5,17.9375,11.5625,-0.784052,-1.29221,0.295192
14270,-13,-8,-6,-1,-3,-5,-3,-4,0.899414,-0.19043,0.29248,25.1875,18.5625,7.75,-0.760396,-1.28394,0.280183
14270,3,-3,1,-4,-2,-2,-2,5,0.899414,-0.19043,0.29248,25.1875,18.5625,7.75,-0.760396,-1.28394,0.280183
14271,5,-2,-1,-13,2,2,0,-7,1.02588,-0.236328,0.338379,31,19.8125,4.8125,-0.733517,-1.27535,0.263817
14271,15,4,4,19,7,2,2,5,1.02588,-0.236328,0.338379,31,19.8125,4.8125,-0.733517,-1.27535,0.263817
14292,1,-2,0,-1,-1,-2,1,1,1.02588,-0.236328,0.338379,31,19.8125,4.8125,-0.733517,-1.27535,0.263817
14292,0,-4,5,-5,-7,-4,0,5,1.02588,-0.236328,0.338379,31,19.8125,4.8125,-0.733517,-1.27535,0.263817
14293,-17,0,-11,1,1,2,2,1,1.02588,-0.236328,0.338379,31,19.8125,4.8125,-0.733517,-1.27535,0.263817
14293,0,-10,-16,-5,-3,-3,-2,-1,1.02588,-0.236328,0.338379,31,19.8125,4.8125,-0.733517,-1.27535,0.263817
14307,10,3,6,-8,-5,1,6,-9,1.15674,-0.24707,0.374023,32.25,21.75,4.8125,-0.705692,-1.26655,0.246868
14307,-27,-2,-6,-14,-4,3,4,4,1.15674,-0.24707,0.374023,32.25,21.75,4.8125,-0.705692,-1.26655,0.246868
14307,-34,-8,1,1,3,-7,-19,-11,1.15674,-0.24707,0.374023,32.25,21.75,4.8125,-0.705692,-1.26655,0.246868
14307,31,4,14,30,-5,-3,-10,1,1.15674,-0.24707,0.374023,32.25,21.75,4.8125,-0.705692,-1.26655,0.246868
14330,-12,-9,-13,-20,-1,9,78,56,1.20801,-0.193848,0.40918,33,23.5625,10.25,-0.677688,-1.25687,0.230428
14330,-54,-8,-4,-27,-9,-5,-54,-68,1.20801,-0.193848,0.40918,33,23.5625,10.25,-0.677688,-1.25687,0.230428
14331,39,6,-3,-11,4,-12,-14,18,1.37354,-0.158203,0.425293,25.0625,30.125,17.75,-0.653469,-1.24517,0.215291
14331,9,5,11,28,7,-2,-22,-2,1.37354,-0.158203,0.425293,25.0625,30.125,17.75,-0.653469,-1.24517,0.215291
14353,-9,-5,-6,24,-7,3,41,-7,1.37354,-0.158203,0.425293,25.0625,30.125,17.75,-0.653469,-1.24517,0.215291
14353,-2,0,17,-19,-17,-4,-17,12,1.37354,-0.158203,0.425293,25.0625,30.125,17.75,-0.653469,-1.24517,0.215291
14354,17,7,-29,-53,-29,-14,-62,-4,1.6333,-0.137207,0.439941,30.875,41.6875,23.625,-0.625251,-1.23203,0.198072
14354,1,2,56,11,-11,0,48,9,1.6333,-0.137207,0.439941,30.875,41.6875,23.625,-0.625251,-1.23203,0.198072
14365,40,0,-43,34,49,19,61,43,1.6333,-0.137207,0.439941,30.875,41.6875,23.625,-0.625251,-1.23203,0.198072
14365,23,-3,-51,28,-16,-29,-54,-51,1.6333,-0.137207,0.439941,30.875,41.6875,23.625,-0.625251,-1.23203,0.198072
14375,-32,2,88,-77,-35,2,98,8,1.3335,-0.595703,0.0571289,-26.8125,26.125,44.4375,-0.684308,-1.21711,0.247214
14375,29,-33,-95,33,14,14,-18,6,1.3335,-0.595703,0.0571289,-26.8125,26.125,44.4375,-0.684308,-1.21711,0.247214
14390,-14,-11,-38,-59,9,-20,-18,-10,1.3335,-0.595703,0.0571289,-26.8125,26.125,44.4375,-0.684308,-1.21711,0.247214
14390,-38,-2,-39,114,89,5,-69,-30,1.3335,-0.595703,0.0571289,-26.8125,26.125,44.4375,-0.684308,-1.21711,0.247214
14391,110,46,54,47,61,6,35,68,1.25049,-0.574707,-0.322266,3,-28.3125,30.375,-0.768233,-1.22485,0.331994
14391,-111,-19,32,35,-33,-12,-107,-113,1.25049,-0.574707,-0.322266,3,-28.3125,30.375,-0.768233,-1.22485,0.331994
14413,-10,-4,29,-67,-31,-28,19,16,1.25049,-0.574707,-0.322266,3,-28.3125,30.375,-0.768233,-1.22485,0.331994
14413,0,-26,-8,-30,-117,-2,70,35,1.25049,-0.574707,-0.322266,3,-28.3125,30.375,-0.768233,-1.22485,0.331994
14414,10,2,-12,-13,84,-12,-128,-80,1.2832,-0.625,-0.310059,125.562,-25.875,-0.125,-0.754052,-1.23288,0.361981
14414,-65,33,64,63,81,62,85,36,1.2832,-0.625,-0.310059,125.562,-25.875,-0.125,-0.754052,-1.23288,0.361981
14426,8,0,-43,121,36,27,-50,-61,1.2832,-0.625,-0.310059,125.562,-25.875,-0.125,-0.754052,-1.23288,0.361981
14426,37,6,19,-128,-91,-44,42,46,1.2832,-0.625,-0.310059,125.562,-25.875,-0.125,-0.754052,-1.23288,0.361981
14434,-50,-32,-20,18,-45,1,53,2,1.15723,0.354004,-0.0102539,104.938,5.1875,0.0625,-0.709187,-1.23506,0.353812
14434,42,-20,-80,-125,-54,12,29,51,1.15723,0.354004,-0.0102539,104.938,5.1875,0.0625,-0.709187,-1.23506,0.353812
14450,-8,1,9,-50,-40,-43,-61,-22,1.15723,0.354004,-0.0102539,104.938,5.1875,0.0625,-0.709187,-1.23506,0.353812
14450,-1,10,63,86,119,59,21,13,1.15723,0.354004,-0.0102539,104.938,5.1875,0.0625,-0.709187,-1.23506,0.353812
14452,4,19,46,112,52,11,43,28,0.924805,0.196777,0.501953,-102.062,46.3125,-10.6875,-0.698738,-1.22552,0.306004
14452,7,14,-3,-88,-44,54,-5,-18,0.924805,0.196777,0.501953,-102.062,46.3125,-10.6875,-0.698738,-1.22552,0.306004
14480,-5,-5,-8,-96,-128,-68,50,22,0.924805,0.196777,0.501953,-102.062,46.3125,-10.6875,-0.698738,-1.22552,0.306004
14480,41,-1,-46,-88,-42,-10,10,5,0.924805,0.196777,0.501953,-102.062,46.3125,-10.6875,-0.698738,-1.22552,0.306004
14481,-79,-29,-29,85,98,0,-53,-35,1.16357,-0.550293,0.749512,-131.25,79,36.4375,-0.721015,-1.19394,0.280977
14481,40,5,46,112,74,-21,-39,-23,1.16357,-0.550293,0.749512,-131.25,79,36.4375,-0.721015,-1.19394,0.280977
14486,-6,11,42,3,11,16,-9,2,1.16357,-0.550293,0.749512,-131.25,79,36.4375,-0.721015,-1.19394,0.280977
14486,4,12,32,-50,-68,-19,53,29,1.16357,-0.550293,0.749512,-131.25,79,36.4375,-0.721015,-1.19394,0.280977
14495,-52,-2,-33,-128,-128,-42,-33,-40,1.59814,-0.165527,0.468262,12.625,96.1875,55,-0.688471,-1.16117,0.252326
14495,-22,-5,-66,-27,19,-57,5,9,1.59814,-0.165527,0.468262,12.625,96.1875,55,-0.688471,-1.16117,0.252326
14510,-5,11,23,100,110,77,-1,-10,1.59814,-0.165527,0.468262,12.625,96.1875,55,-0.688471,-1.16117,0.252326
14510,2,11,22,127,127,51,-1,-5,1.59814,-0.165527,0.468262,12.625,96.1875,55,-0.688471,-1.16117,0.252326
14511,17,0,12,0,-78,21,31,32,1.64697,0.325195,0.233398,65.9375,99.9375,24,-0.609564,-1.14546,0.19542
14511,7,-12,-15,-86,-128,-52,15,6,1.64697,0.325195,0.233398,65.9375,99.9375,24,-0.609564,-1.14546,0.19542
14533,7,-10,-8,-90,-50,-35,-30,-11,1.64697,0.325195,0.233398,65.9375,99.9375,24,-0.609564,-1.14546,0.19542
14533,-2,-9,-16,-86,-19,33,35,5,1.64697,0.325195,0.233398,65.9375,99.9375,24,-0.609564,-1.14546,0.19542
14534,13,-10,-8,76,-26,13,-41,-8,1.49512,0.285156,0.262207,1.5625,102.438,15.1875,-0.570951,-1.11631,0.154374
14534,22,23,36,2,106,-34,-41,0,1.49512,0.285156,0.262207,1.5625,102.438,15.1875,-0.570951,-1.11631,0.154374
14546,14,0,7,114,107,29,-11,-1,1.49512,0.285156,0.262207,1.5625,102.438,15.1875,-0.570951,-1.11631,0.154374
14546,-3,12,34,-97,-28,26,-12,-2,1.49512,0.285156,0.262207,1.5625,102.438,15.1875,-0.570951,-1.11631,0.154374
14554,18,-7,-29,-83,-81,-16,38,12,1.15332,-0.16748,0.376953,-66.0625,107.188,3.5,-0.555842,-1.08499,0.111877
14554,-15,-2,-32,-6,91,-2,-3,-8,1.15332,-0.16748,0.376953,-66.0625,107.188,3.5,-0.555842,-1.08499,0.111877
14569,3,-7,-8,46,-12,1,-15,8,1.15332,-0.16748,0.376953,-66.0625,107.188,3.5,-0.555842,-1.08499,0.111877
14569,6,-6,-7,45,-41,-58,4,-1,1.15332,-0.16748,0.376953,-66.0625,107.188,3.5,-0.555842,-1.08499,0.111877
14571,4,-8,-10,-118,-98,-13,12,-10,0.749512,-0.57666,0.429199,-66.75,112,5.0625,-0.547913,-1.0494,0.0753757
14571,-9,-14,-15,53,60,28,43,11,0.749512,-0.57666,0.429199,-66.75,112,5.0625,-0.547913,-1.0494,0.0753757
14592,11,4,23,-10,46,50,16,7,0.749512,-0.57666,0.429199,-66.75,112,5.0625,-0.547913,-1.0494,0.0753757
14592,9,5,-7,43,26,0,-65,-9,0.749512,-0.57666,0.429199,-66.75,112,5.0625,-0.547913,-1.0494,0.0753757
14600,-1,6,24,68,15,-4,1,-5,0.455078,-0.729004,0.491211,-32.4375,115.875,10.75,-0.534301,-1.0104,0.0449047
14600,-18,2,13,-128,-128,-36,-25,-3,0.455078,-0.729004,0.491211,-32.4375,115.875,10.75,-0.534301,-1.0104,0.0449047
14614,-21,-8,-11,18,24,-16,-9,-18,0.455078,-0.729004,0.491211,-32.4375,115.875,10.75,-0.534301,-1.0104,0.0449047
14614,7,-10,3,-30,68,24,26,5,0.455078,-0.729004,0.491211,-32.4375,115.875,10.75,-0.534301,-1.0104,0.0449047
14617,8,15,10,95,88,30,13,11,0.39209,-0.656738,0.52002,-4.5625,119.812,17.0625,-0.515143,-0.968576,0.0188471
14617,18,3,-16,10,-68,0,21,11,0.39209,-0.656738,0.52002,-4.5625,119.812,17.0625,-0.515143,-0.968576,0.0188471
14630,-11,1,-16,-103,-89,-32,-19,-12,0.39209,-0.656738,0.52002,-4.5625,119.812,17.0625,-0.515143,-0.968576,0.0188471
14630,-12,3,4,4,20,-14,-14,-8,0.39209,-0.656738,0.52002,-4.5625,119.812,17.0625,-0.515143,-0.968576,0.0188471
14632,-3,3,-7,-11,87,30,16,-3,0.388184,-0.415527,0.485352,9.8125,122.5,20.875,-0.493316,-0.925919,-0.00439101
14632,0,1,0,-17,-73,-3,20,1,0.388184,-0.415527,0.485352,9.8125,122.5,20.875,-0.493316,-0.925919,-0.00439101
14652,-2,-14,-47,-109,-81,-42,-21,-5,0.388184,-0.415527,0.485352,9.8125,122.5,20.875,-0.493316,-0.925919,-0.00439101
14652,6,-12,27,22,72,7,-13,5,0.388184,-0.415527,0.485352,9.8125,122.5,20.875,-0.493316,-0.925919,-0.00439101
14654,4,-2,33,104,127,33,-6,-7,0.466309,-0.328125,0.449219,-4.875,122.688,22.75,-0.479188,-0.883603,-0.0248425
14654,15,24,99,61,62,27,-12,6,0.466309,-0.328125,0.449219,-4.875,122.688,22.75,-0.479188,-0.883603,-0.0248425
14666,-5,-24,-70,-63,-68,-8,-26,-9,0.466309,-0.328125,0.449219,-4.875,122.688,22.75,-0.479188,-0.883603,-0.0248425
14666,10,-11,-8,-68,-115,-47,23,0,0.466309,-0.328125,0.449219,-4.875,122.688,22.75,-0.479188,-0.883603,-0.0248425
14674,-36,-17,-45,-93,-54,2,21,-7,0.609863,-0.232422,0.405273,-17,116.312,14.8125,-0.469109,-0.845484,-0.0460093
14674,6,-11,-8,33,28,-41,-36,8,0.609863,-0.232422,0.405273,-17,116.312,14.8125,-0.469109,-0.845484,-0.0460093
14689,20,27,76,127,125,59,23,8,0.609863,-0.232422,0.405273,-17,116.312,14.8125,-0.469109,-0.845484,-0.0460093
14689,8,7,-12,72,11,17,-4,6,0.609863,-0.232422,0.405273,-17,116.312,14.8125,-0.469109,-0.845484,-0.0460093
14691,-22,-11,-59,-62,-91,-36,2,-8,0.682617,-0.164062,0.435059,-8.8125,112,12.4375,-0.456989,-0.809307,-0.0663789
14691,-30,1,30,-101,-41,1,11,-17,0.682617,-0.164062,0.435059,-8.8125,112,12.4375,-0.456989,-0.809307,-0.0663789
14711,-5,-14,-70,-41,-20,-22,-36,-1,0.682617,-0.164062,0.435059,-8.8125,112,12.4375,-0.456989,-0.809307,-0.0663789
14711,6,10,6,31,56,15,-2,2,0.682617,-0.164062,0.435059,-8.8125,112,12.4375,-0.456989,-0.809307,-0.0663789
14720,-1,2,-33,12,-1,-2,-10,-1,0.578613,-0.145996,0.482422,0.9375,109.562,4.5,-0.440633,-0.774546,-0.0883659
14720,-8,4,62,-19,-39,-11,22,-3,0.578613,-0.145996,0.482422,0.9375,109.562,4.5,-0.440633,-0.774546,-0.0883659
14726,13,14,71,7,18,4,7,7,0.578613,-0.145996,0.482422,0.9375,109.562,4.5,-0.440633,-0.774546,-0.0883659
14726,-15,3,-16,46,-2,-5,-25,-6,0.578613,-0.145996,0.482422,0.9375,109.562,4.5,-0.440633,-0.774546,-0.0883659
14742,18,10,58,-18,-5,-5,1,6,0.31543,-0.248047,0.555664,0.9375,103.625,-8,-0.423587,-0.741886,-0.112822
14742,0,-17,-53,24,46,17,8,-4,0.31543,-0.248047,0.555664,0.9375,103.625,-8,-0.423587,-0.741886,-0.112822
14750,-3,-1,-16,-73,-78,-5,9,1,0.31543,-0.248047,0.555664,0.9375,103.625,-8,-0.423587,-0.741886,-0.112822
14750,-12,10,38,51,29,9,22,-6,0.31543,-0.248047,0.555664,0.9375,103.625,-8,-0.423587,-0.741886,-0.112822
14752,12,-25,-32,0,19,-6,8,0,0.299316,-0.257812,0.630371,8.0625,97.625,-11.8125,-0.404885,-0.707061,-0.136406
14752,28,4,25,-19,-37,-17,-15,12,0.299316,-0.257812,0.630371,8.0625,97.625,-11.8125,-0.404885,-0.707061,-0.136406
14772,-33,-12,-41,-36,-27,13,-21,-26,0.299316,-0.257812,0.630371,8.0625,97.625,-11.8125,-0.404885,-0.707061,-0.136406
14772,25,14,47,37,60,1,16,18,0.299316,-0.257812,0.630371,8.0625,97.625,-11.8125,-0.404885,-0.707061,-0.136406
14774,7,-2,-51,63,46,26,10,7,0.32373,-0.383789,0.658691,3.6875,93.5,-7.625,-0.394222,-0.672571,-0.154078
14774,0,10,-22,-17,-28,11,8,-3,0.32373,-0.383789,0.658691,3.6875,93.5,-7.625,-0.394222,-0.672571,-0.154078
14786,-2,4,26,46,59,1,6,1,0.32373,-0.383789,0.658691,3.6875,93.5,-7.625,-0.394222,-0.672571,-0.154078
14786,3,-9,-19,-27,-44,-10,0,-1,0.32373,-0.383789,0.658691,3.6875,93.5,-7.625,-0.394222,-0.672571,-0.154078
14795,-19,-9,-2,-110,-95,-33,-8,-16,0.283203,-0.557129,0.641602,14.0625,88.8125,6.5625,-0.390007,-0.636854,-0.161342
14795,-6,-10,-61,-42,0,-7,-17,-7,0.283203,-0.557129,0.641602,14.0625,88.8125,6.5625,-0.390007,-0.636854,-0.161342
14810,13,21,113,109,67,19,13,21,0.283203,-0.557129,0.641602,14.0625,88.8125,6.5625,-0.390007,-0.636854,-0.161342
14810,-27,-2,-40,-5,12,6,1,-7,0.283203,-0.557129,0.641602,14.0625,88.8125,6.5625,-0.390007,-0.636854,-0.161342
14811,6,-7,-23,43,40,8,1,12,0.289551,-0.405762,0.604004,28.5625,84.625,17,-0.380733,-0.603192,-0.165429
14811,-7,-7,-31,-67,-68,-21,-10,-4,0.289551,-0.405762,0.604004,28.5625,84.625,17,-0.380733,-0.603192,-0.165429
14832,12,3,65,2,-1,-5,-9,-10,0.289551,-0.405762,0.604004,28.5625,84.625,17,-0.380733,-0.603192,-0.165429
14832,1,4,-20,-38,-18,2,17,5,0.289551,-0.405762,0.604004,28.5625,84.625,17,-0.380733,-0.603192,-0.165429
14834,2,5,48,-20,13,-7,-29,-1,0.230957,-0.29248,0.611328,33.4375,88.125,18.125,-0.366987,-0.568123,-0.171087
14834,-23,6,62,89,22,21,5,-1,0.230957,-0.29248,0.611328,33.4375,88.125,18.125,-0.366987,-0.568123,-0.171087
14846,14,-3,-93,-36,2,-9,9,5,0.230957,-0.29248,0.611328,33.4375,88.125,18.125,-0.366987,-0.568123,-0.171087
14846,-6,-13,-13,-30,-39,-16,-12,-12,0.230957,-0.29248,0.611328,33.4375,88.125,18.125,-0.366987,-0.568123,-0.171087
14855,-1,5,34,10,9,-1,-9,-2,0.231934,-0.333008,0.633301,10.1875,77,21.3125,-0.364194,-0.536408,-0.172919
14855,-5,6,16,87,110,41,17,-17,0.231934,-0.333008,0.633301,10.1875,77,21.3125,-0.364194,-0.536408,-0.172919
14869,-14,0,26,34,-6,-7,5,7,0.231934,-0.333008,0.633301,10.1875,77,21.3125,-0.364194,-0.536408,-0.172919
14869,-7,-8,-18,-105,-82,-33,-28,-10,0.231934,-0.333008,0.633301,10.1875,77,21.3125,-0.364194,-0.536408,-0.172919
14877,1,4,-14,30,-8,17,-7,1,0.328613,-0.378906,0.608398,-7.6875,71.4375,23.125,-0.369976,-0.508878,-0.172597
14877,3,-10,-4,12,9,-31,21,9,0.328613,-0.378906,0.608398,-7.6875,71.4375,23.125,-0.369976,-0.508878,-0.172597
14893,1,-12,-43,-63,-91,-28,-22,-8,0.328613,-0.378906,0.608398,-7.6875,71.4375,23.125,-0.369976,-0.508878,-0.172597
14893,-30,-3,-20,-20,67,72,33,-5,0.328613,-0.378906,0.608398,-7.6875,71.4375,23.125,-0.369976,-0.508878,-0.172597
14893,-3,12,62,76,71,36,13,3,0.307617,-0.419434,0.599121,-15.375,72,22.3125,-0.378909,-0.481266,-0.172668
14893,13,-1,-36,-51,-35,16,23,9,0.307617,-0.419434,0.599121,-15.375,72,22.3125,-0.378909,-0.481266,-0.172668
14905,-7,0,-9,20,-4,-32,-3,-5,0.307617,-0.419434,0.599121,-15.375,72,22.3125,-0.378909,-0.481266,-0.172668
14905,14,1,35,10,-30,-26,-14,1,0.307617,-0.419434,0.599121,-15.375,72,22.3125,-0.378909,-0.481266,-0.172668
14914,-2,8,50,-49,-48,-15,-4,3,0.293457,-0.467285,0.598633,-6.5625,69.25,12.125,-0.384289,-0.455787,-0.175735
14914,0,-12,-42,38,33,12,6,2,0.293457,-0.467285,0.598633,-6.5625,69.25,12.125,-0.384289,-0.455787,-0.175735
14930,-19,-7,27,-48,-3,-16,-34,-17,0.293457,-0.467285,0.598633,-6.5625,69.25,12.125,-0.384289,-0.455787,-0.175735
14930,7,0,-30,22,44,17,-2,6,0.293457,-0.467285,0.598633,-6.5625,69.25,12.125,-0.384289,-0.455787,-0.175735
14931,2,-2,-41,-34,-6,1,10,1,0.307129,-0.405273,0.640137,-2.875,63.75,18.6875,-0.387825,-0.431859,-0.176761
14931,1,0,36,8,-3,-9,-20,-6,0.307129,-0.405273,0.640137,-2.875,63.75,18.6875,-0.387825,-0.431859,-0.176761
14960,-1,6,45,26,23,17,7,12,0.307129,-0.405273,0.640137,-2.875,63.75,18.6875,-0.387825,-0.431859,-0.176761
14960,-7,-11,-53,49,-38,-10,14,-4,0.307129,-0.405273,0.640137,-2.875,63.75,18.6875,-0.387825,-0.431859,-0.176761
14961,4,-9,-33,-23,-25,-28,-22,-10,0.273926,-0.250977,0.696289,-16.6875,53.375,25.0625,-0.393074,-0.410112,-0.176038
14961,7,10,10,-94,-57,-15,-16,0,0.273926,-0.250977,0.696289,-16.6875,53.375,25.0625,-0.393074,-0.410112,-0.176038
14965,2,3,54,64,98,41,21,4,0.273926,-0.250977,0.696289,-16.6875,53.375,25.0625,-0.393074,-0.410112,-0.176038
14965,18,12,49,95,43,15,-4,8,0.273926,-0.250977,0.696289,-16.6875,53.375,25.0625,-0.393074,-0.410112,-0.176038
14983,2,-10,-26,-49,-74,-57,-2,3,0.337891,-0.236816,0.738281,-35.6875,48.375,16.375,-0.403128,-0.392811,-0.178133
14983,-15,-3,-44,-2,90,-8,-15,-11,0.337891,-0.236816,0.738281,-35.6875,48.375,16.375,-0.403128,-0.392811,-0.178133
14997,2,-11,-32,-12,-39,41,-71,-9,0.337891,-0.236816,0.738281,-35.6875,48.375,16.375,-0.403128,-0.392811,-0.178133
14997,12,0,-12,-117,-86,-40,30,8,0.337891,-0.236816,0.738281,-35.6875,48.375,16.375,-0.403128,-0.392811,-0.178133
14999,6,8,26,89,91,58,52,5,0.27832,-0.237793,0.785156,-46.0625,40.5,9.4375,-0.415511,-0.377489,-0.181937
14999,3,-3,4,69,-9,8,-15,-3,0.27832,-0.237793,0.785156,-46.0625,40.5,9.4375,-0.415511,-0.377489,-0.181937
15012,-17,5,35,-6,-9,-23,-2,-15,0.27832,-0.237793,0.785156,-46.0625,40.5,9.4375,-0.415511,-0.377489,-0.181937
15012,11,4,-1,4,-8,-13,-23,4,0.27832,-0.237793,0.785156,-46.0625,40.5,9.4375,-0.415511,-0.377489,-0.181937
15026,13,-4,-63,-128,-116,-34,-8,8,0.242188,-0.302246,0.803711,-21.125,31.375,-3.1875,-0.419402,-0.365978,-0.188257
15026,-25,-10,68,51,33,-3,-13,-13,0.242188,-0.302246,0.803711,-21.125,31.375,-3.1875,-0.419402,-0.365978,-0.188257
15035,6,4,6,110,61,18,32,13,0.242188,-0.302246,0.803711,-21.125,31.375,-3.1875,-0.419402,-0.365978,-0.188257
15035,-4,-11,-12,-15,-46,-16,-25,-13,0.242188,-0.302246,0.803711,-21.125,31.375,-3.1875,-0.419402,-0.365978,-0.188257
15037,-15,-4,19,26,43,0,30,-5,0.302734,-0.275391,0.890137,-2.75,15.5,-2.1875,-0.41635,-0.360298,-0.19242
15037,6,-7,-8,-30,32,24,-11,1,0.302734,-0.275391,0.890137,-2.75,15.5,-2.1875,-0.41635,-0.360298,-0.19242
15050,6,5,-20,-59,-81,-26,-2,8,0.302734,-0.275391,0.890137,-2.75,15.5,-2.1875,-0.41635,-0.360298,-0.19242
15050,-6,-1,43,39,47,9,20,-1,0.302734,-0.275391,0.890137,-2.75,15.5,-2.1875,-0.41635,-0.360298,-0.19242
15064,1,-2,-31,-3,-8,-6,-27,-4,0.333984,-0.283203,0.878906,-3.9375,7.3125,7.1875,-0.415642,-0.35665,-0.191845
15064,-4,3,-13,-89,-80,-81,12,4,0.333984,-0.283203,0.878906,-3.9375,7.3125,7.1875,-0.415642,-0.35665,-0.191845
15073,0,-8,-14,1,-8,70,9,-14,0.333984,-0.283203,0.878906,-3.9375,7.3125,7.1875,-0.415642,-0.35665,-0.191845
15073,10,1,-4,29,21,-33,15,7,0.333984,-0.283203,0.878906,-3.9375,7.3125,7.1875,-0.415642,-0.35665,-0.191845
15078,9,5,0,-3,11,32,-69,7,0.213867,-0.271973,0.858887,-26.625,7.25,14.75,-0.42355,-0.34967,-0.188901
15078,-8,-11,-16,-70,-48,39,63,-13,0.213867,-0.271973,0.858887,-26.625,7.25,14.75,-0.42355,-0.34967,-0.188901
15095,28,3,-57,-10,-25,-54,-19,18,0.213867,-0.271973,0.858887,-26.625,7.25,14.75,-0.42355,-0.34967,-0.188901
15095,-33,-13,-14,41,84,82,22,-16,0.213867,-0.271973,0.858887,-26.625,7.25,14.75,-0.42355,-0.34967,-0.188901
15096,16,5,62,127,127,31,30,5,0.152832,-0.468262,0.852539,-30.4375,6.75,1.0625,-0.435681,-0.34293,-0.18903
15096,-3,-14,12,-7,-59,-8,-40,4,0.152832,-0.468262,0.852539,-30.4375,6.75,1.0625,-0.435681,-0.34293,-0.18903
15108,-3,-8,3,-49,-46,-52,-1,-8,0.152832,-0.468262,0.852539,-30.4375,6.75,1.0625,-0.435681,-0.34293,-0.18903
15108,15,5,2,-114,-45,-25,-15,0,0.152832,-0.468262,0.852539,-30.4375,6.75,1.0625,-0.435681,-0.34293,-0.18903
15125,-8,-31,-79,-10,-64,-30,-15,-14,0.217773,-0.42627,0.859863,9.4375,2.75,-2.625,-0.432632,-0.339582,-0.190036
15125,-21,7,-71,-47,5,11,-2,3,0.217773,-0.42627,0.859863,9.4375,2.75,-2.625,-0.432632,-0.339582,-0.190036
15132,-7,-5,-21,26,34,0,23,7,0.217773,-0.42627,0.859863,9.4375,2.75,-2.625,-0.432632,-0.339582,-0.190036
15132,-11,1,5,-126,-128,-46,-49,-8,0.217773,-0.42627,0.859863,9.4375,2.75,-2.625,-0.432632,-0.339582,-0.190036
15134,-1,19,93,81,127,19,-6,-7,0.277832,-0.37793,0.865723,11.8125,3.375,13,-0.429326,-0.335377,-0.186402
15134,17,10,-3,91,35,16,5,13,0.277832,-0.37793,0.865723,11.8125,3.375,13,-0.429326,-0.335377,-0.186402
15155,-5,15,13,-25,-4,19,16,-4,0.277832,-0.37793,0.865723,11.8125,3.375,13,-0.429326,-0.335377,-0.186402
15155,3,2,6,33,44,22,14,5,0.277832,-0.37793,0.865723,11.8125,3.375,13,-0.429326,-0.335377,-0.186402
15157,5,0,-33,-124,-128,-59,-26,6,0.290527,-0.330566,0.847168,-25.375,5.625,12.8125,-0.437665,-0.331204,-0.183473
15157,-5,-9,-21,-30,8,24,-1,-11,0.290527,-0.330566,0.847168,-25.375,5.625,12.8125,-0.437665,-0.331204,-0.183473
15168,11,-1,19,45,95,82,-18,0,0.290527,-0.330566,0.847168,-25.375,5.625,12.8125,-0.437665,-0.331204,-0.183473
15168,-9,15,20,97,66,21,-3,-8,0.290527,-0.330566,0.847168,-25.375,5.625,12.8125,-0.437665,-0.331204,-0.183473
15193,-2,1,64,-26,-46,-27,9,11,0.310059,-0.464355,0.898438,-24.625,11,7.125,-0.447302,-0.325883,-0.18256
15193,-8,-5,-9,2,-25,-31,-10,-3,0.310059,-0.464355,0.898438,-24.625,11,7.125,-0.447302,-0.325883,-0.18256
15193,-22,-9,-43,-110,-29,-35,-4,-22,0.310059,-0.464355,0.898438,-24.625,11,7.125,-0.447302,-0.325883,-0.18256
15193,9,1,-28,65,40,5,-46,7,0.310059,-0.464355,0.898438,-24.625,11,7.125,-0.447302,-0.325883,-0.18256
15195,-8,4,54,-28,-32,4,2,-5,0.289062,-0.445312,0.888672,8.4375,7.375,8.3125,-0.445229,-0.321402,-0.180869
15195,3,-4,-41,28,42,-4,-6,4,0.289062,-0.445312,0.888672,8.4375,7.375,8.3125,-0.445229,-0.321402,-0.180869
15231,7,-3,-13,41,-19,-16,21,4,0.289062,-0.445312,0.888672,8.4375,7.375,8.3125,-0.445229,-0.321402,-0.180869
15231,-6,4,37,-108,-80,-21,11,-4,0.289062,-0.445312,0.888672,8.4375,7.375,8.3125,-0.445229,-0.321402,-0.180869
15232,-7,1,-40,-39,5,-1,2,-3,0.29834,-0.29248,0.897949,11.5,3.25,15.6875,-0.439699,-0.317763,-0.17705
15232,8,-8,-3,4,-12,2,18,2,0.29834,-0.29248,0.897949,11.5,3.25,15.6875,-0.439699,-0.317763,-0.17705
15233,-9,-7,-32,-92,-60,-43,10,4,0.29834,-0.29248,0.897949,11.5,3.25,15.6875,-0.439699,-0.317763,-0.17705
15233,8,16,77,108,104,55,52,4,0.29834,-0.29248,0.897949,11.5,3.25,15.6875,-0.439699,-0.317763,-0.17705
15237,-3,0,-19,70,61,36,-44,-3,0.345703,-0.312012,0.88623,-11.125,6.375,12.625,-0.441967,-0.314814,-0.17467
15237,0,6,2,-82,-83,-55,-7,-2,0.345703,-0.312012,0.88623,-11.125,6.375,12.625,-0.441967,-0.314814,-0.17467
15253,-6,-3,-8,-41,-68,-20,16,0,0.345703,-0.312012,0.88623,-11.125,6.375,12.625,-0.441967,-0.314814,-0.17467
15253,12,14,35,43,20,50,8,9,0.345703,-0.312012,0.88623,-11.125,6.375,12.625,-0.441967,-0.314814,-0.17467
15259,4,-23,-33,2,-12,0,-4,-13,0.27002,-0.38623,0.870605,-13.9375,10.25,7.6875,-0.446439,-0.309603,-0.173894
15259,23,12,43,67,39,24,8,2,0.27002,-0.38623,0.870605,-13.9375,10.25,7.6875,-0.446439,-0.309603,-0.173894
15275,0,2,29,-79,-52,-27,-8,3,0.27002,-0.38623,0.870605,-13.9375,10.25,7.6875,-0.446439,-0.309603,-0.173894
15275,-10,-20,-41,20,-50,-34,-17,-8,0.27002,-0.38623,0.870605,-13.9375,10.25,7.6875,-0.446439,-0.309603,-0.173894
15276,0,4,-16,46,30,9,29,10,0.265137,-0.427734,0.853516,-0.8125,6.125,1.8125,-0.447072,-0.306466,-0.174229
15276,7,9,17,32,70,24,-23,-2,0.265137,-0.427734,0.853516,-0.8125,6.125,1.8125,-0.447072,-0.306466,-0.174229
15290,-2,6,53,5,-14,3,11,1,0.265137,-0.427734,0.853516,-0.8125,6.125,1.8125,-0.447072,-0.306466,-0.174229
15290,5,-2,27,-54,-45,-33,-30,3,0.265137,-0.427734,0.853516,-0.8125,6.125,1.8125,-0.447072,-0.306466,-0.174229
15296,4,-5,-43,0,56,24,24,7,0.371094,-0.39209,0.841309,5.0625,3.5,7.125,-0.445541,-0.306112,-0.17247
15296,-6,-10,2,13,-37,-34,-3,0,0.371094,-0.39209,0.841309,5.0625,3.5,7.125,-0.445541,-0.306112,-0.17247
15313,-7,2,14,-39,5,18,-6,-12,0.371094,-0.39209,0.841309,5.0625,3.5,7.125,-0.445541,-0.306112,-0.17247
15313,-3,-3,-19,71,69,-60,-9,9,0.371094,-0.39209,0.841309,5.0625,3.5,7.125,-0.445541,-0.306112,-0.17247
15315,-13,-2,10,-8,-21,62,-21,-7,0.341309,-0.394043,0.850098,-6.375,2.375,13.375,-0.448716,-0.304389,-0.168457
15315,-6,12,46,-3,66,67,34,-2,0.341309,-0.394043,0.850098,-6.375,2.375,13.375,-0.448716,-0.304389,-0.168457
15343,19,6,4,73,8,-15,0,14,0.341309,-0.394043,0.850098,-6.375,2.375,13.375,-0.448716,-0.304389,-0.168457
15343,-2,-22,-98,-128,-128,-75,-31,-12,0.341309,-0.394043,0.850098,-6.375,2.375,13.375,-0.448716,-0.304389,-0.168457
15350,-24,-10,29,32,91,-5,18,-10,0.219727,-0.40918,0.839355,-6.3125,8.5,7.625,-0.451311,-0.298993,-0.167382
15350,14,-16,36,100,65,19,-24,1,0.219727,-0.40918,0.839355,-6.3125,8.5,7.625,-0.451311,-0.298993,-0.167382
15351,-15,5,-4,-39,-46,-14,0,0,0.219727,-0.40918,0.839355,-6.3125,8.5,7.625,-0.451311,-0.298993,-0.167382
15351,-6,-14,-54,15,45,10,-20,-11,0.219727,-0.40918,0.839355,-6.3125,8.5,7.625,-0.451311,-0.298993,-0.167382
15355,1,14,-13,-128,-109,-46,18,4,0.207031,-0.386719,0.820312,1.375,10.0625,3.25,-0.450353,-0.2938,-0.167866
15355,-14,7,42,34,48,63,17,-5,0.207031,-0.386719,0.820312,1.375,10.0625,3.25,-0.450353,-0.2938,-0.167866
15373,17,13,19,124,79,15,-12,9,0.207031,-0.386719,0.820312,1.375,10.0625,3.25,-0.450353,-0.2938,-0.167866
15373,-2,-1,16,3,-41,-43,2,2,0.207031,-0.386719,0.820312,1.375,10.0625,3.25,-0.450353,-0.2938,-0.167866
15374,-5,-12,-61,-73,9,38,14,-12,0.333008,-0.430664,0.854492,-1.0625,6.25,7.125,-0.451504,-0.291821,-0.166479
15374,0,-3,-20,19,6,-59,-20,17,0.333008,-0.430664,0.854492,-1.0625,6.25,7.125,-0.451504,-0.291821,-0.166479
15403,2,-8,-6,-11,-18,5,-22,-16,0.333008,-0.430664,0.854492,-1.0625,6.25,7.125,-0.451504,-0.291821,-0.166479
15403,-10,-7,-24,-35,40,93,24,0,0.333008,-0.430664,0.854492,-1.0625,6.25,7.125,-0.451504,-0.291821,-0.166479
15403,2,4,8,-31,-128,-106,16,-5,0.341797,-0.40332,0.858887,-1.75,5.625,15,-0.452916,-0.289145,-0.162565
15403,-14,-10,-72,-128,-57,-66,12,-12,0.341797,-0.40332,0.858887,-1.75,5.625,15,-0.452916,-0.289145,-0.162565
15409,-5,-4,-8,100,127,106,30,-7,0.341797,-0.40332,0.858887,-1.75,5.625,15,-0.452916,-0.289145,-0.162565
15409,17,18,67,46,-31,-15,-1,9,0.341797,-0.40332,0.858887,-1.75,5.625,15,-0.452916,-0.289145,-0.162565
15416,-10,-12,-2,2,-86,-43,-6,-3,0.246094,-0.40332,0.820801,-4.9375,8.375,11.25,-0.455369,-0.284282,-0.160147
15416,-3,10,22,-59,45,-4,-28,-12,0.246094,-0.40332,0.820801,-4.9375,8.375,11.25,-0.455369,-0.284282,-0.160147
15432,2,-12,-45,39,-15,-17,28,14,0.246094,-0.40332,0.820801,-4.9375,8.375,11.25,-0.455369,-0.284282,-0.160147
15432,7,1,-44,-45,5,15,10,-7,0.246094,-0.40332,0.820801,-4.9375,8.375,11.25,-0.455369,-0.284282,-0.160147
15433,-4,4,22,46,47,13,-43,-11,0.29834,-0.402344,0.813477,2.25,7.75,4.125,-0.454593,-0.281995,-0.159974
15433,-21,-22,-31,-106,-128,-47,-8,-10,0.29834,-0.402344,0.813477,2.25,7.75,4.125,-0.454593,-0.281995,-0.159974
15454,5,-8,-75,2,-16,-5,4,-3,0.29834,-0.402344,0.813477,2.25,7.75,4.125,-0.454593,-0.281995,-0.159974
15454,5,10,48,28,3,-4,-18,9,0.29834,-0.402344,0.813477,2.25,7.75,4.125,-0.454593,-0.281995,-0.159974
15457,-8,5,26,118,88,18,22,3,0.333008,-0.402832,0.835449,-1.125,4.625,8.25,-0.455373,-0.280859,-0.158081
15457,13,5,-3,-91,-42,51,-14,7,0.333008,-0.402832,0.835449,-1.125,4.625,8.25,-0.455373,-0.280859,-0.158081
15469,4,1,19,53,79,-105,-28,0,0.333008,-0.402832,0.835449,-1.125,4.625,8.25,-0.455373,-0.280859,-0.158081
15469,-12,-8,-21,30,-18,87,102,-8,0.333008,-0.402832,0.835449,-1.125,4.625,8.25,-0.455373,-0.280859,-0.158081
15477,4,-3,4,-124,-57,-75,-62,-4,0.299316,-0.461426,0.835449,-9.375,6.9375,10.375,-0.46043,-0.277633,-0.155514
15477,-2,12,54,127,103,31,34,5,0.299316,-0.461426,0.835449,-9.375,6.9375,10.375,-0.46043,-0.277633,-0.155514
15494,21,13,44,-46,-23,48,-38,15,0.299316,-0.461426,0.835449,-9.375,6.9375,10.375,-0.46043,-0.277633,-0.155514
15494,-8,-1,11,-8,108,1,13,4,0.299316,-0.461426,0.835449,-9.375,6.9375,10.375,-0.46043,-0.277633,-0.155514
15495,16,19,43,25,32,36,12,11,0.26123,-0.45752,0.785645,-4.5625,8.625,7.8125,-0.463729,-0.273935,-0.153919
15495,-12,-11,-30,-4,-72,-12,0,0,0.26123,-0.45752,0.785645,-4.5625,8.625,7.8125,-0.463729,-0.273935,-0.153919
15515,-10,-13,-55,-118,-127,-79,-51,-18,0.26123,-0.45752,0.785645,-4.5625,8.625,7.8125,-0.463729,-0.273935,-0.153919
15515,-2,-12,-3,-48,49,-28,-10,-8,0.26123,-0.45752,0.785645,-4.5625,8.625,7.8125,-0.463729,-0.273935,-0.153919
15516,5,3,23,69,71,61,35,5,0.274902,-0.397461,0.8125,5.1875,8.25,7.8125,-0.462095,-0.270697,-0.152807
15516,17,5,48,52,-68,-22,18,13,0.274902,-0.397461,0.8125,5.1875,8.25,7.8125,-0.462095,-0.270697,-0.152807
15529,3,13,28,-77,11,3,-5,1,0.274902,-0.397461,0.8125,5.1875,8.25,7.8125,-0.462095,-0.270697,-0.152807
15529,-9,-4,-15,-45,-46,-5,-47,-5,0.274902,-0.397461,0.8125,5.1875,8.25,7.8125,-0.462095,-0.270697,-0.152807
15537,5,-12,7,73,57,0,54,10,0.273926,-0.413086,0.862305,-4.3125,10.25,8.6875,-0.463419,-0.266387,-0.151706
15537,-16,4,-39,40,-16,-33,-39,-6,0.273926,-0.413086,0.862305,-4.3125,10.25,8.6875,-0.463419,-0.266387,-0.151706
15552,-17,-9,31,26,25,38,11,-8,0.273926,-0.413086,0.862305,-4.3125,10.25,8.6875,-0.463419,-0.266387,-0.151706
15552,20,13,29,41,-47,20,22,8,0.273926,-0.413086,0.862305,-4.3125,10.25,8.6875,-0.463419,-0.266387,-0.151706
15554,-26,-6,-3,6,-36,-28,-9,-2,0.220215,-0.389648,0.845703,-9.8125,12.5625,7.375,-0.466118,-0.26069,-0.151552
15554,9,3,-19,-44,35,-10,-15,-11,0.220215,-0.389648,0.845703,-9.8125,12.5625,7.375,-0.466118,-0.26069,-0.151552
15575,-18,-7,-41,-11,-60,8,18,0,0.220215,-0.389648,0.845703,-9.8125,12.5625,7.375,-0.466118,-0.26069,-0.151552
15575,-21,-18,-23,-98,12,-44,-41,-18,0.220215,-0.389648,0.845703,-9.8125,12.5625,7.375,-0.466118,-0.26069,-0.151552
15576,37,22,24,120,105,38,-13,20,0.240234,-0.431152,0.844238,-4,12.4375,5.5625,-0.467598,-0.255712,-0.151764
15576,-17,-20,-18,-110,-114,10,37,-4,0.240234,-0.431152,0.844238,-4,12.4375,5.5625,-0.467598,-0.255712,-0.151764
15588,-4,-9,54,-10,77,-29,-38,-15,0.240234,-0.431152,0.844238,-4,12.4375,5.5625,-0.467598,-0.255712,-0.151764
15588,-5,-1,-47,89,-25,-13,-7,8,0.240234,-0.431152,0.844238,-4,12.4375,5.5625,-0.467598,-0.255712,-0.151764
15597,-10,7,1,-83,-65,-8,1,-7,0.26709,-0.439941,0.849121,-1.8125,13.375,7.1875,-0.468471,-0.250959,-0.151616
15597,-7,-15,-57,-6,127,48,9,-7,0.26709,-0.439941,0.849121,-1.8125,13.375,7.1875,-0.468471,-0.250959,-0.151616
15613,46,16,42,103,35,50,56,22,0.26709,-0.439941,0.849121,-1.8125,13.375,7.1875,-0.468471,-0.250959,-0.151616
15613,7,-11,-8,-1,-74,-24,-42,8,0.26709,-0.439941,0.849121,-1.8125,13.375,7.1875,-0.468471,-0.250959,-0.151616
15614,16,-16,-58,-127,-96,-41,26,-9,0.191895,-0.432129,0.836914,-5.4375,12.125,9.3125,-0.470771,-0.244602,-0.150538
15614,3,5,-16,-24,-58,-61,-2,1,0.191895,-0.432129,0.836914,-5.4375,12.125,9.3125,-0.470771,-0.244602,-0.150538
15643,10,-2,1,83,12,33,-17,-6,0.191895,-0.432129,0.836914,-5.4375,12.125,9.3125,-0.470771,-0.244602,-0.150538
15643,-34,7,35,-55,40,32,25,-17,0.191895,-0.432129,0.836914,-5.4375,12.125,9.3125,-0.470771,-0.244602,-0.150538
15644,-12,-4,-54,66,-82,-49,-49,8,0.1875,-0.461914,0.816406,-5.3125,14.6875,8.8125,-0.473578,-0.237666,-0.149957
15644,29,15,56,-9,95,33,-10,2,0.1875,-0.461914,0.816406,-5.3125,14.6875,8.8125,-0.473578,-0.237666,-0.149957
15649,-26,-10,-3,49,53,30,40,3,0.1875,-0.461914,0.816406,-5.3125,14.6875,8.8125,-0.473578,-0.237666,-0.149957
15649,12,13,69,-16,-90,-101,-40,-9,0.1875,-0.461914,0.816406,-5.3125,14.6875,8.8125,-0.473578,-0.237666,-0.149957
15658,5,2,-82,-87,-13,43,33,-10,0.200684,-0.426758,0.84375,-6.1875,14.4375,7.125,-0.475624,-0.231565,-0.150026
15658,-52,-22,8,93,-63,65,8,0,0.200684,-0.426758,0.84375,-6.1875,14.4375,7.125,-0.475624,-0.231565,-0.150026
15672,-29,-17,-21,-85,35,-13,13,-12,0.200684,-0.426758,0.84375,-6.1875,14.4375,7.125,-0.475624,-0.231565,-0.150026
15672,27,6,21,-32,46,14,-45,12,0.200684,-0.426758,0.84375,-6.1875,14.4375,7.125,-0.475624,-0.231565,-0.150026
15674,-3,11,14,64,-6,-25,-15,-3,0.223633,-0.447754,0.872559,-2.5,15.3125,8.25,-0.47643,-0.22544,-0.14999
15674,18,12,5,46,37,-16,33,0,0.223633,-0.447754,0.872559,-2.5,15.3125,8.25,-0.47643,-0.22544,-0.14999
15695,-11,-6,-28,-128,-125,-16,38,-3,0.223633,-0.447754,0.872559,-2.5,15.3125,8.25,-0.47643,-0.22544,-0.14999
15695,24,1,16,-119,-53,-3,11,12,0.223633,-0.447754,0.872559,-2.5,15.3125,8.25,-0.47643,-0.22544,-0.14999
15696,-21,-15,-29,59,85,23,-12,-19,0.183105,-0.432129,0.891113,-0.75,17.0625,10.75,-0.476227,-0.217568,-0.149447
15696,13,0,-30,59,27,11,2,4,0.183105,-0.432129,0.891113,-0.75,17.0625,10.75,-0.476227,-0.217568,-0.149447
15709,2,10,61,-36,-94,-60,-32,-2,0.183105,-0.432129,0.891113,-0.75,17.0625,10.75,-0.476227,-0.217568,-0.149447
15709,-12,-6,-50,-49,62,-22,14,-7,0.183105,-0.432129,0.891113,-0.75,17.0625,10.75,-0.476227,-0.217568,-0.149447
15718,15,1,79,31,82,88,56,7,0.174805,-0.408691,0.894043,1.4375,18.375,11.3125,-0.474615,-0.209231,-0.149125
15718,13,3,-7,44,-100,-14,-32,7,0.174805,-0.408691,0.894043,1.4375,18.375,11.3125,-0.474615,-0.209231,-0.149125
15732,-22,-3,11,-12,78,-9,-21,-20,0.174805,-0.408691,0.894043,1.4375,18.375,11.3125,-0.474615,-0.209231,-0.149125
15732,38,21,37,127,81,34,32,33,0.174805,-0.408691,0.894043,1.4375,18.375,11.3125,-0.474615,-0.209231,-0.149125
15746,-28,-2,-24,-124,-86,-20,-24,-24,0.210938,-0.431641,0.874512,-0.375,16.3125,7.5625,-0.474275,-0.203212,-0.149436
15746,14,-11,-16,-38,55,9,48,10,0.210938,-0.431641,0.874512,-0.375,16.3125,7.5625,-0.474275,-0.203212,-0.149436
15762,6,5,-27,-94,-37,6,6,10,0.210938,-0.431641,0.874512,-0.375,16.3125,7.5625,-0.474275,-0.203212,-0.149436
15762,-38,-29,-36,-28,-111,-46,10,-24,0.210938,-0.431641,0.874512,-0.375,16.3125,7.5625,-0.474275,-0.203212,-0.149436
15764,-1,-5,-27,45,127,64,-22,-8,0.173828,-0.433594,0.884277,0.8125,15.625,6.375,-0.473543,-0.196711,-0.150005
15764,23,12,56,21,-51,-7,-26,12,0.173828,-0.433594,0.884277,0.8125,15.625,6.375,-0.473543,-0.196711,-0.150005
15778,-5,2,-53,29,4,-60,-34,2,0.173828,-0.433594,0.884277,0.8125,15.625,6.375,-0.473543,-0.196711,-0.150005
15778,3,1,26,65,1,2,-39,-12,0.173828,-0.433594,0.884277,0.8125,15.625,6.375,-0.473543,-0.196711,-0.150005
15779,-5,-21,-43,-109,-63,39,59,14,0.182617,-0.456055,0.870117,-2.1875,16.5625,7.75,-0.474369,-0.190149,-0.150209
15779,-19,1,-20,-15,36,20,-8,-18,0.182617,-0.456055,0.870117,-2.1875,16.5625,7.75,-0.474369,-0.190149,-0.150209
15793,18,11,15,60,28,8,-5,17,0.182617,-0.456055,0.870117,-2.1875,16.5625,7.75,-0.474369,-0.190149,-0.150209
15793,-11,-5,1,-87,-90,-44,-3,-4,0.182617,-0.456055,0.870117,-2.1875,16.5625,7.75,-0.474369,-0.190149,-0.150209
15794,-20,-7,-40,80,64,-28,-24,-10,0.194336,-0.458008,0.87793,2.4375,20.3125,9.375,-0.473604,-0.182696,-0.150499
15794,34,11,-20,67,54,21,21,17,0.194336,-0.458008,0.87793,2.4375,20.3125,9.375,-0.473604,-0.182696,-0.150499
15815,-17,-13,5,-22,-11,-6,-22,-14,0.194336,-0.458008,0.87793,2.4375,20.3125,9.375,-0.473604,-0.182696,-0.150499
15815,-21,-17,-106,23,32,26,15,-7,0.194336,-0.458008,0.87793,2.4375,20.3125,9.375,-0.473604,-0.182696,-0.150499
15816,33,20,28,-116,-113,-28,-2,25,0.152344,-0.416992,0.840332,5.5625,18.5625,10.125,-0.471507,-0.174879,-0.15033
15816,-34,-8,-3,-16,-13,-27,-21,-18,0.152344,-0.416992,0.840332,5.5625,18.5625,10.125,-0.471507,-0.174879,-0.15033
15828,10,1,11,84,68,28,5,11,0.152344,-0.416992,0.840332,5.5625,18.5625,10.125,-0.471507,-0.174879,-0.15033
15828,15,-4,-24,-69,-40,7,-11,-4,0.152344,-0.416992,0.840332,5.5625,18.5625,10.125,-0.471507,-0.174879,-0.15033
15837,-6,-8,21,-51,-73,-41,-16,-3,0.187988,-0.433105,0.871094,6.0625,17.1875,11.3125,-0.469249,-0.168304,-0.14961
15837,12,3,33,32,81,9,0,9,0.187988,-0.433105,0.871094,6.0625,17.1875,11.3125,-0.469249,-0.168304,-0.14961
15853,2,-5,3,34,-74,-26,-14,0,0.187988,-0.433105,0.871094,6.0625,17.1875,11.3125,-0.469249,-0.168304,-0.14961
15853,-13,3,19,26,55,43,29,-8,0.187988,-0.433105,0.871094,6.0625,17.1875,11.3125,-0.469249,-0.168304,-0.14961
15866,-3,1,11,-11,52,-28,-20,17,0.199219,-0.444336,0.881348,-0.8125,22,9.8125,-0.469377,-0.160832,-0.149948
15866,25,13,-5,-128,-108,41,-22,-3,0.199219,-0.444336,0.881348,-0.8125,22,9.8125,-0.469377,-0.160832,-0.149948
15875,2,-7,-20,99,79,14,21,-1,0.199219,-0.444336,0.881348,-0.8125,22,9.8125,-0.469377,-0.160832,-0.149948
15875,-9,4,74,114,80,99,26,10,0.199219,-0.444336,0.881348,-0.8125,22,9.8125,-0.469377,-0.160832,-0.149948
15876,11,-3,-21,-83,-95,-82,3,-6,0.152344,-0.469238,0.848145,-5.0625,24.5625,4.8125,-0.471625,-0.152537,-0.15227
15876,-16,-8,1,39,89,-6,-20,-1,0.152344,-0.469238,0.848145,-5.0625,24.5625,4.8125,-0.471625,-0.152537,-0.15227
15898,3,-13,-52,-76,-80,-11,5,-3,0.152344,-0.469238,0.848145,-5.0625,24.5625,4.8125,-0.471625,-0.152537,-0.15227
15898,-19,-7,9,-89,-73,-64,-11,-22,0.152344,-0.469238,0.848145,-5.0625,24.5625,4.8125,-0.471625,-0.152537,-0.15227
15899,10,27,127,123,30,31,12,13,0.135742,-0.461914,0.832031,8.6875,21.0625,6.4375,-0.469211,-0.144932,-0.153551
15899,18,1,18,76,50,-5,-8,11,0.135742,-0.461914,0.832031,8.6875,21.0625,6.4375,-0.469211,-0.144932,-0.153551
15912,-33,8,74,55,69,21,-4,-11,0.135742,-0.461914,0.832031,8.6875,21.0625,6.4375,-0.469211,-0.144932,-0.153551
15912,21,-3,-43,-68,-80,-30,0,12,0.135742,-0.461914,0.832031,8.6875,21.0625,6.4375,-0.469211,-0.144932,-0.153551
15918,-29,-1,66,67,28,7,-21,-16,0.116699,-0.438477,0.850586,8.125,15.4375,14.625,-0.466889,-0.137358,-0.151277
15918,-16,5,-1,-7,35,-12,6,-14,0.116699,-0.438477,0.850586,8.125,15.4375,14.625,-0.466889,-0.137358,-0.151277
15935,16,-1,-13,32,-24,9,14,6,0.116699,-0.438477,0.850586,8.125,15.4375,14.625,-0.466889,-0.137358,-0.151277
15935,17,8,3,-38,24,38,18,7,0.116699,-0.438477,0.850586,8.125,15.4375,14.625,-0.466889,-0.137358,-0.151277
15936,-16,-19,-72,-82,-49,-85,-3,-5,0.10498,-0.432129,0.848145,-1.8125,18.75,11.1875,-0.467644,-0.129233,-0.150731
15936,1,-5,1,-67,-59,75,9,9,0.10498,-0.432129,0.848145,-1.8125,18.75,11.1875,-0.467644,-0.129233,-0.150731
15957,0,12,-13,-9,28,7,0,0,0.10498,-0.432129,0.848145,-1.8125,18.75,11.1875,-0.467644,-0.129233,-0.150731
15957,11,11,21,-26,-64,-20,-2,10,0.10498,-0.432129,0.848145,-1.8125,18.75,11.1875,-0.467644,-0.129233,-0.150731
15959,10,2,4,52,100,34,9,-3,0.0898438,-0.448242,0.854004,0.125,23.375,6.75,-0.467731,-0.120302,-0.152305
15959,-9,-10,-27,46,-65,-22,6,4,0.0898438,-0.448242,0.854004,0.125,23.375,6.75,-0.467731,-0.120302,-0.152305
15971,24,14,94,-53,25,-3,-25,-11,0.0898438,-0.448242,0.854004,0.125,23.375,6.75,-0.467731,-0.120302,-0.152305
15971,-32,-17,-81,96,83,11,-5,-1,0.0898438,-0.448242,0.854004,0.125,23.375,6.75,-0.467731,-0.120302,-0.152305
15978,-2,-8,3,26,-71,-13,-20,-13,0.078125,-0.458008,0.80957,0.375,16.875,6.375,-0.468672,-0.113353,-0.152897
15978,-8,-2,-37,-128,-120,-65,-14,-10,0.078125,-0.458008,0.80957,0.375,16.875,6.375,-0.468672,-0.113353,-0.152897
15995,-14,3,24,29,64,29,28,0,0.078125,-0.458008,0.80957,0.375,16.875,6.375,-0.468672,-0.113353,-0.152897
15995,6,2,54,81,62,5,0,13,0.078125,-0.458008,0.80957,0.375,16.875,6.375,-0.468672,-0.113353,-0.152897
15996,9,1,13,-96,-51,-41,-15,10,0.139648,-0.444336,0.823242,0.9375,10.875,11.125,-0.469116,-0.109024,-0.150983
15996,-13,-7,25,32,51,-65,-5,-11,0.139648,-0.444336,0.823242,0.9375,10.875,11.125,-0.469116,-0.109024,-0.150983
16025,9,-2,-59,-21,-23,70,10,0,0.139648,-0.444336,0.823242,0.9375,10.875,11.125,-0.469116,-0.109024,-0.150983
16025,-19,17,71,103,70,1,-28,-18,0.139648,-0.444336,0.823242,0.9375,10.875,11.125,-0.469116,-0.109024,-0.150983
16026,6,-10,-21,54,42,58,18,3,0.111816,-0.427246,0.851074,-2.125,11.625,9.25,-0.469828,-0.104296,-0.149925
16026,1,-10,-38,-119,-121,-65,-41,5,0.111816,-0.427246,0.851074,-2.125,11.625,9.25,-0.469828,-0.104296,-0.149925
16031,1,5,-6,41,58,34,51,3,0.111816,-0.427246,0.851074,-2.125,11.625,9.25,-0.469828,-0.104296,-0.149925
16031,6,6,-32,64,71,42,12,5,0.111816,-0.427246,0.851074,-2.125,11.625,9.25,-0.469828,-0.104296,-0.149925
16039,-4,-9,13,0,-82,-4,-42,-8,0.0717773,-0.461426,0.876465,-2.25,14.9375,0.375,-0.470606,-0.0988709,-0.15219
16039,-7,5,-13,-18,20,-31,5,-3,0.0717773,-0.461426,0.876465,-2.25,14.9375,0.375,-0.470606,-0.0988709,-0.15219
16055,-1,-4,-8,-62,-42,-34,-28,1,0.0717773,-0.461426,0.876465,-2.25,14.9375,0.375,-0.470606,-0.0988709,-0.15219
16055,-22,-15,-52,-105,-109,-10,-25,-25,0.0717773,-0.461426,0.876465,-2.25,14.9375,0.375,-0.470606,-0.0988709,-0.15219
16056,28,8,32,60,-58,-58,-4,15,0.0175781,-0.392578,0.826172,7.625,16.875,-0.25,-0.467206,-0.0920818,-0.155033
16056,-32,9,-37,115,119,73,22,-8,0.0175781,-0.392578,0.826172,7.625,16.875,-0.25,-0.467206,-0.0920818,-0.155033
16078,13,15,28,69,46,53,12,11,0.0175781,-0.392578,0.826172,7.625,16.875,-0.25,-0.467206,-0.0920818,-0.155033
16078,21,7,8,38,-7,-3,50,21,0.0175781,-0.392578,0.826172,7.625,16.875,-0.25,-0.467206,-0.0920818,-0.155033
16079,-31,-13,-13,-100,-51,-37,-21,-15,0.0351562,-0.431641,0.87207,-2.3125,2.875,2.1875,-0.467751,-0.0895392,-0.154727
16079,4,13,56,77,60,33,0,-8,0.0351562,-0.431641,0.87207,-2.3125,2.875,2.1875,-0.467751,-0.0895392,-0.154727
16093,-2,1,-8,31,-27,-29,-18,4,0.0351562,-0.431641,0.87207,-2.3125,2.875,2.1875,-0.467751,-0.0895392,-0.154727
16093,-26,-16,-58,-85,-55,-65,-2,-9,0.0351562,-0.431641,0.87207,-2.3125,2.875,2.1875,-0.467751,-0.0895392,-0.154727
16094,0,-9,-27,-91,7,1,-24,-11,0.184082,-0.464355,0.887695,4.1875,5.9375,2.25,-0.466736,-0.0896376,-0.154987
16094,-19,-16,7,-32,-13,27,-2,-3,0.184082,-0.464355,0.887695,4.1875,5.9375,2.25,-0.466736,-0.0896376,-0.154987
16115,6,2,19,51,75,15,23,-9,0.184082,-0.464355,0.887695,4.1875,5.9375,2.25,-0.466736,-0.0896376,-0.154987
16115,-2,-22,-60,31,21,-13,-20,1,0.184082,-0.464355,0.887695,4.1875,5.9375,2.25,-0.466736,-0.0896376,-0.154987
16116,-15,-8,5,-17,-52,-11,17,-6,0.0175781,-0.422363,0.863281,0,7.9375,2.8125,-0.466388,-0.0850582,-0.155432
16116,-4,-13,-33,24,61,-6,4,-10,0.0175781,-0.422363,0.863281,0,7.9375,2.8125,-0.466388,-0.0850582,-0.155432
16137,8,15,86,28,12,-8,-4,15,0.0175781,-0.422363,0.863281,0,7.9375,2.8125,-0.466388,-0.0850582,-0.155432
16137,14,-5,25,-34,-71,-30,-14,-2,0.0175781,-0.422363,0.863281,0,7.9375,2.8125,-0.466388,-0.0850582,-0.155432
16139,-11,-17,-87,-58,89,39,-17,-2,0.0224609,-0.41748,0.824219,5.375,7.25,-1.375,-0.464433,-0.0817123,-0.156886
16139,9,5,70,64,-110,-21,12,0,0.0224609,-0.41748,0.824219,5.375,7.25,-1.375,-0.464433,-0.0817123,-0.156886
16152,2,-3,-59,17,45,-19,9,1,0.0224609,-0.41748,0.824219,5.375,7.25,-1.375,-0.464433,-0.0817123,-0.156886
16152,5,10,68,65,68,35,-16,1,0.0224609,-0.41748,0.824219,5.375,7.25,-1.375,-0.464433,-0.0817123,-0.156886
16159,-9,5,-4,-46,-50,-8,9,-1,0.0893555,-0.434082,0.875488,0.375,-0.3125,0.5,-0.464426,-0.0818309,-0.156859
16159,-3,-2,2,-118,-53,-6,1,-8,0.0893555,-0.434082,0.875488,0.375,-0.3125,0.5,-0.464426,-0.0818309,-0.156859
16183,-16,-12,-27,-128,-73,-94,-38,-9,0.0893555,-0.434082,0.875488,0.375,-0.3125,0.5,-0.464426,-0.0818309,-0.156859
16183,1,6,50,45,36,50,13,7,0.0893555,-0.434082,0.875488,0.375,-0.3125,0.5,-0.464426,-0.0818309,-0.156859
16184,6,15,-23,89,127,69,9,-1,0.110352,-0.463867,0.887207,-7.375,0.875,-1.6875,-0.467269,-0.0824937,-0.157525
16184,16,4,-33,28,10,18,12,17,0.110352,-0.463867,0.887207,-7.375,0.875,-1.6875,-0.467269,-0.0824937,-0.157525
16205,-12,-11,-31,-78,-128,-33,-6,-11,0.110352,-0.463867,0.887207,-7.375,0.875,-1.6875,-0.467269,-0.0824937,-0.157525
16205,19,15,4,38,104,11,-4,3,0.110352,-0.463867,0.887207,-7.375,0.875,-1.6875,-0.467269,-0.0824937,-0.157525
16206,-4,-5,22,22,-11,11,24,-1,0.0639648,-0.461426,0.855957,-6,5.25,-1.8125,-0.469891,-0.0806689,-0.158908
16206,9,13,16,46,74,6,14,8,0.0639648,-0.461426,0.855957,-6,5.25,-1.8125,-0.469891,-0.0806689,-0.158908
16212,9,11,70,-3,-82,-25,-30,6,0.0639648,-0.461426,0.855957,-6,5.25,-1.8125,-0.469891,-0.0806689,-0.158908
16212,-11,-13,-67,-106,-76,-22,9,-12,0.0639648,-0.461426,0.855957,-6,5.25,-1.8125,-0.469891,-0.0806689,-0.158908
16218,21,-6,-3,99,3,-19,-28,-3,0.0727539,-0.428223,0.815918,5.3125,5.0625,2,-0.468257,-0.0787849,-0.159009
16218,-23,-5,81,-53,-53,-25,-11,4,0.0727539,-0.428223,0.815918,5.3125,5.0625,2,-0.468257,-0.0787849,-0.159009
16235,-14,-21,-62,-21,-20,17,5,-17,0.0727539,-0.428223,0.815918,5.3125,5.0625,2,-0.468257,-0.0787849,-0.159009
16235,-6,3,-66,-79,-14,-10,-5,-9,0.0727539,-0.428223,0.815918,5.3125,5.0625,2,-0.468257,-0.0787849,-0.159009
16236,-12,14,38,105,124,40,15,-2,0.0507812,-0.437988,0.870605,8.5,4.6875,6.25,-0.465473,-0.07587,-0.157863
16236,18,-1,-6,7,-1,18,29,12,0.0507812,-0.437988,0.870605,8.5,4.6875,6.25,-0.465473,-0.07587,-0.157863
16257,-1,-6,-23,4,-18,-66,-47,2,0.0507812,-0.437988,0.870605,8.5,4.6875,6.25,-0.465473,-0.07587,-0.157863
16257,-14,-13,0,-52,-18,0,10,-3,0.0507812,-0.437988,0.870605,8.5,4.6875,6.25,-0.465473,-0.07587,-0.157863
16259,14,6,-13,-65,-40,18,-39,1,0.0795898,-0.449219,0.907715,5.3125,7.875,1.5,-0.463361,-0.0732288,-0.158639
16259,6,4,28,124,124,66,-2,-3,0.0795898,-0.449219,0.907715,5.3125,7.875,1.5,-0.463361,-0.0732288,-0.158639
16271,6,5,3,-37,-43,-33,15,9,0.0795898,-0.449219,0.907715,5.3125,7.875,1.5,-0.463361,-0.0732288,-0.158639
16271,-9,4,56,-74,-53,-1,-4,-19,0.0795898,-0.449219,0.907715,5.3125,7.875,1.5,-0.463361,-0.0732288,-0.158639
16280,3,-6,-34,10,57,1,-11,4,0.0883789,-0.413574,0.87207,0.6875,11.5625,-1.9375,-0.462515,-0.0703414,-0.161088
16280,-1,2,26,-122,-112,-45,-14,-5,0.0883789,-0.413574,0.87207,0.6875,11.5625,-1.9375,-0.462515,-0.0703414,-0.161088
16295,-16,-31,-98,14,16,5,-8,-16,0.0883789,-0.413574,0.87207,0.6875,11.5625,-1.9375,-0.462515,-0.0703414,-0.161088
16295,18,27,86,127,98,56,12,8,0.0883789,-0.413574,0.87207,0.6875,11.5625,-1.9375,-0.462515,-0.0703414,-0.161088
16296,14,17,39,-3,-17,11,35,23,-0.00732422,-0.409668,0.852539,2.1875,8.6875,-0.5,-0.461292,-0.0660644,-0.162605
16296,-20,-26,-81,-88,-91,-50,-24,-15,-0.00732422,-0.409668,0.852539,2.1875,8.6875,-0.5,-0.461292,-0.0660644,-0.162605
16318,6,-9,-86,-128,-83,-17,-9,0,-0.00732422,-0.409668,0.852539,2.1875,8.6875,-0.5,-0.461292,-0.0660644,-0.162605
16318,5,-13,-6,92,68,-8,-2,2,-0.00732422,-0.409668,0.852539,2.1875,8.6875,-0.5,-0.461292,-0.0660644,-0.162605
16319,-29,1,34,17,29,30,22,-9,0.0341797,-0.431641,0.866699,5.375,2.5,4.0625,-0.459578,-0.0639449,-0.161737
16319,15,9,20,45,19,-3,-4,-4,0.0341797,-0.431641,0.866699,5.375,2.5,4.0625,-0.459578,-0.0639449,-0.161737
16332,3,8,32,-77,-89,-61,-12,10,0.0341797,-0.431641,0.866699,5.375,2.5,4.0625,-0.459578,-0.0639449,-0.161737
16332,-32,-36,-71,-79,-65,4,-10,-22,0.0341797,-0.431641,0.866699,5.375,2.5,4.0625,-0.459578,-0.0639449,-0.161737
16339,-1,-1,56,100,62,-2,-24,-6,0.0483398,-0.436523,0.892578,-0.875,6.4375,1.5,-0.459652,-0.0612992,-0.162227
16339,23,10,-34,54,10,-4,47,16,0.0483398,-0.436523,0.892578,-0.875,6.4375,1.5,-0.459652,-0.0612992,-0.162227
16354,12,8,46,-36,2,42,-18,-4,0.0483398,-0.436523,0.892578,-0.875,6.4375,1.5,-0.459652,-0.0612992,-0.162227
16354,-38,-12,-30,91,101,32,5,-21,0.0483398,-0.436523,0.892578,-0.875,6.4375,1.5,-0.459652,-0.0612992,-0.162227
16356,26,17,10,-45,-88,-33,13,22,0.0771484,-0.46875,0.869629,-7.25,8.5625,-2.0625,-0.462784,-0.0593915,-0.164142
16356,0,-9,-16,-19,-38,-40,-16,-12,0.0771484,-0.46875,0.869629,-7.25,8.5625,-2.0625,-0.462784,-0.0593915,-0.164142
16377,-20,-20,-34,4,-4,12,4,-6,0.0771484,-0.46875,0.869629,-7.25,8.5625,-2.0625,-0.462784,-0.0593915,-0.164142
16377,23,9,16,-128,-100,-57,-11,14,0.0771484,-0.46875,0.869629,-7.25,8.5625,-2.0625,-0.462784,-0.0593915,-0.164142
16385,3,6,39,60,75,15,21,5,0.0693359,-0.436035,0.846191,8.25,4.6875,2.75,-0.460268,-0.0578789,-0.164022
16385,-5,5,-6,58,52,8,-6,-2,0.0693359,-0.436035,0.846191,8.25,4.6875,2.75,-0.460268,-0.0578789,-0.164022
16392,-16,-11,-18,-58,7,18,23,-4,0.0693359,-0.436035,0.846191,8.25,4.6875,2.75,-0.460268,-0.0578789,-0.164022
16392,17,5,14,73,-14,-14,-21,11,0.0693359,-0.436035,0.846191,8.25,4.6875,2.75,-0.460268,-0.0578789,-0.164022
16406,-7,-14,-20,-22,-59,-10,22,-1,0.0234375,-0.400391,0.890137,5.1875,-0.375,5.875,-0.457743,-0.0563318,-0.162131
16406,11,19,58,38,115,32,7,6,0.0234375,-0.400391,0.890137,5.1875,-0.375,5.875,-0.457743,-0.0563318,-0.162131
16414,10,11,8,17,-48,-14,-46,10,0.0234375,-0.400391,0.890137,5.1875,-0.375,5.875,-0.457743,-0.0563318,-0.162131
16414,-24,-9,-25,-31,-67,-27,-13,-21,0.0234375,-0.400391,0.890137,5.1875,-0.375,5.875,-0.457743,-0.0563318,-0.162131
16416,5,-8,-74,-128,-23,-18,-17,-1,0.0888672,-0.424316,0.893555,-7.4375,3.3125,-1.4375,-0.459897,-0.0562546,-0.163144
16416,-11,-2,17,44,13,56,-45,-5,0.0888672,-0.424316,0.893555,-7.4375,3.3125,-1.4375,-0.459897,-0.0562546,-0.163144
16437,16,12,36,127,82,77,107,1,0.0888672,-0.424316,0.893555,-7.4375,3.3125,-1.4375,-0.459897,-0.0562546,-0.163144
16437,23,0,-57,22,81,7,-1,16,0.0888672,-0.424316,0.893555,-7.4375,3.3125,-1.4375,-0.459897,-0.0562546,-0.163144
16438,-3,7,17,-61,-109,-37,-15,-3,0.0742188,-0.429688,0.875,-5.875,3.3125,-2.6875,-0.46177,-0.0561235,-0.164537
16438,-13,-21,-98,-128,-85,-69,-28,-18,0.0742188,-0.429688,0.875,-5.875,3.3125,-2.6875,-0.46177,-0.0561235,-0.164537
16452,0,12,77,45,95,28,-13,-1,0.0742188,-0.429688,0.875,-5.875,3.3125,-2.6875,-0.46177,-0.0561235,-0.164537
16452,18,-3,25,85,-8,8,16,9,0.0742188,-0.429688,0.875,-5.875,3.3125,-2.6875,-0.46177,-0.0561235,-0.164537
16459,1,8,51,-29,-47,-35,2,-3,0.0126953,-0.427246,0.846191,4.5625,-2.3125,-1.5,-0.460264,-0.0561184,-0.164553
16459,-30,-14,66,-73,-80,-12,-10,-23,0.0126953,-0.427246,0.846191,4.5625,-2.3125,-1.5,-0.460264,-0.0561184,-0.164553
16475,23,2,-21,79,93,15,0,22,0.0126953,-0.427246,0.846191,4.5625,-2.3125,-1.5,-0.460264,-0.0561184,-0.164553
16475,-22,-6,-2,-3,75,15,12,-6,0.0126953,-0.427246,0.846191,4.5625,-2.3125,-1.5,-0.460264,-0.0561184,-0.164553
16476,7,4,5,26,28,-32,2,4,0.0644531,-0.421387,0.892578,4.6875,-3.8125,5.125,-0.458354,-0.0567037,-0.162422
16476,1,-2,-16,-93,-103,-9,-17,2,0.0644531,-0.421387,0.892578,4.6875,-3.8125,5.125,-0.458354,-0.0567037,-0.162422
16498,-7,4,67,60,52,42,-14,-10,0.0644531,-0.421387,0.892578,4.6875,-3.8125,5.125,-0.458354,-0.0567037,-0.162422
16498,-6,0,3,69,10,-14,-12,-2,0.0644531,-0.421387,0.892578,4.6875,-3.8125,5.125,-0.458354,-0.0567037,-0.162422
16499,3,-2,15,-53,-41,21,-30,-11,0.0556641,-0.431641,0.916016,-1.6875,-0.625,1.8125,-0.458491,-0.0565464,-0.161699
16499,17,-4,-27,58,115,-10,11,3,0.0556641,-0.431641,0.916016,-1.6875,-0.625,1.8125,-0.458491,-0.0565464,-0.161699
16511,-4,1,-57,-93,-123,-80,-22,-2,0.0556641,-0.431641,0.916016,-1.6875,-0.625,1.8125,-0.458491,-0.0565464,-0.161699
16511,10,2,14,-115,53,2,-24,-4,0.0556641,-0.431641,0.916016,-1.6875,-0.625,1.8125,-0.458491,-0.0565464,-0.161699
16520,1,10,-69,35,94,66,30,-1,0.0151367,-0.42334,0.886719,6.25,3.5,-4.5,-0.455937,-0.0551523,-0.16368
16520,-5,2,51,91,16,-5,24,3,0.0151367,-0.42334,0.886719,6.25,3.5,-4.5,-0.455937,-0.0551523,-0.16368
16542,6,-2,58,60,-43,-18,-8,-5,0.0151367,-0.42334,0.886719,6.25,3.5,-4.5,-0.455937,-0.0551523,-0.16368
16542,9,14,-19,17,45,-3,11,15,0.0151367,-0.42334,0.886719,6.25,3.5,-4.5,-0.455937,-0.0551523,-0.16368
16544,-15,-21,2,-93,-59,-11,-3,-19,0.0102539,-0.416992,0.852539,4,-5.1875,-2.1875,-0.454477,-0.0560154,-0.163616
16544,10,18,21,76,95,17,10,11,0.0102539,-0.416992,0.852539,4,-5.1875,-2.1875,-0.454477,-0.0560154,-0.163616
16557,22,-4,0,64,80,53,14,9,0.0102539,-0.416992,0.852539,4,-5.1875,-2.1875,-0.454477,-0.0560154,-0.163616
16557,-36,-1,103,-36,-128,-90,15,-11,0.0102539,-0.416992,0.852539,4,-5.1875,-2.1875,-0.454477,-0.0560154,-0.163616
16558,13,-12,-41,-31,1,5,-10,10,0.0961914,-0.473633,0.852539,-0.875,-4.8125,2.9375,-0.45612,-0.0580168,-0.161889
16558,-18,-4,-70,-123,-76,9,9,-14,0.0961914,-0.473633,0.852539,-0.875,-4.8125,2.9375,-0.45612,-0.0580168,-0.161889
16571,2,-12,3,-46,1,33,-4,-3,0.0961914,-0.473633,0.852539,-0.875,-4.8125,2.9375,-0.45612,-0.0580168,-0.161889
16571,13,16,0,73,61,30,-5,9,0.0961914,-0.473633,0.852539,-0.875,-4.8125,2.9375,-0.45612,-0.0580168,-0.161889
16580,-3,14,79,73,21,54,29,0,0.0170898,-0.48584,0.859863,0.0625,-0.9375,6.0625,-0.457631,-0.0565049,-0.159703
16580,5,-6,3,51,-2,-25,-6,4,0.0170898,-0.48584,0.859863,0.0625,-0.9375,6.0625,-0.457631,-0.0565049,-0.159703
16594,-3,1,-61,-128,-86,-46,-11,1,0.0170898,-0.48584,0.859863,0.0625,-0.9375,6.0625,-0.457631,-0.0565049,-0.159703
16594,3,0,7,-97,-44,0,7,-4,0.0170898,-0.48584,0.859863,0.0625,-0.9375,6.0625,-0.457631,-0.0565049,-0.159703
16596,-11,-1,-64,127,111,24,4,-6,0.0336914,-0.434082,0.859375,17.0625,2.875,4.0625,-0.452009,-0.0544375,-0.158847
16596,15,-5,-23,52,-64,10,12,17,0.0336914,-0.434082,0.859375,17.0625,2.875,4.0625,-0.452009,-0.0544375,-0.158847
16618,-22,-10,10,-98,35,-25,1,-7,0.0336914,-0.434082,0.859375,17.0625,2.875,4.0625,-0.452009,-0.0544375,-0.158847
16618,-2,-22,-54,108,79,44,3,-4,0.0336914,-0.434082,0.859375,17.0625,2.875,4.0625,-0.452009,-0.0544375,-0.158847
16619,4,-6,-50,-9,-34,-24,1,2,-0.0146484,-0.360352,0.854492,16.25,-3.4375,7.5625,-0.445476,-0.0528497,-0.155991
16619,0,3,5,-94,-50,-20,-13,-5,-0.0146484,-0.360352,0.854492,16.25,-3.4375,7.5625,-0.445476,-0.0528497,-0.155991
16630,-19,-32,-120,-74,-103,-47,-10,-12,-0.0146484,-0.360352,0.854492,16.25,-3.4375,7.5625,-0.445476,-0.0528497,-0.155991
16630,-4,-1,41,-42,-11,0,-7,-8,-0.0146484,-0.360352,0.854492,16.25,-3.4375,7.5625,-0.445476,-0.0528497,-0.155991
16639,10,4,50,54,41,20,54,19,0.104004,-0.436523,0.904785,4.6875,-2.75,8.4375,-0.444081,-0.0536665,-0.152938
16639,-20,-8,-15,76,44,-38,-31,-3,0.104004,-0.436523,0.904785,4.6875,-2.75,8.4375,-0.444081,-0.0536665,-0.152938
16655,13,20,34,36,78,68,-17,-3,0.104004,-0.436523,0.904785,4.6875,-2.75,8.4375,-0.444081,-0.0536665,-0.152938
16655,11,-3,-11,-17,-34,-41,-19,-2,0.104004,-0.436523,0.904785,4.6875,-2.75,8.4375,-0.444081,-0.0536665,-0.152938
16657,9,-4,-23,-80,-55,8,41,5,0.0727539,-0.42627,0.902344,-3.875,-2.625,6.625,-0.445466,-0.0539702,-0.15047
16657,-14,-2,-33,36,25,17,-26,-7,0.0727539,-0.42627,0.902344,-3.875,-2.625,6.625,-0.445466,-0.0539702,-0.15047
16677,-12,5,69,93,19,25,12,-8,0.0727539,-0.42627,0.902344,-3.875,-2.625,6.625,-0.445466,-0.0539702,-0.15047
16677,8,3,7,-28,-27,4,5,9,0.0727539,-0.42627,0.902344,-3.875,-2.625,6.625,-0.445466,-0.0539702,-0.15047
16679,-4,0,5,-41,-11,-18,-21,-11,0.0141602,-0.413574,0.865234,-3.375,1,-0.3125,-0.446547,-0.0527388,-0.150734
16679,-4,-5,61,-128,-83,-37,-9,-10,0.0141602,-0.413574,0.865234,-3.375,1,-0.3125,-0.446547,-0.0527388,-0.150734
16690,-10,4,36,112,127,6,14,0,0.0141602,-0.413574,0.865234,-3.375,1,-0.3125,-0.446547,-0.0527388,-0.150734
16690,11,13,42,-26,-81,5,23,25,0.0141602,-0.413574,0.865234,-3.375,1,-0.3125,-0.446547,-0.0527388,-0.150734
16699,-2,-11,-56,62,63,7,-24,-2,0.0102539,-0.425781,0.822754,0.125,-3.75,-2.625,-0.447248,-0.0533515,-0.150963
16699,7,5,47,29,19,28,2,0,0.0102539,-0.425781,0.822754,0.125,-3.75,-2.625,-0.447248,-0.0533515,-0.150963
16716,-2,4,-57,-10,-29,-9,6,1,0.0102539,-0.425781,0.822754,0.125,-3.75,-2.625,-0.447248,-0.0533515,-0.150963
16716,-4,5,-25,-100,-68,-23,-5,-4,0.0102539,-0.425781,0.822754,0.125,-3.75,-2.625,-0.447248,-0.0533515,-0.150963
16717,-13,-26,-52,-66,-127,-49,-27,-5,0.0810547,-0.406738,0.86377,3.5,-9.0625,4.4375,-0.445943,-0.0562501,-0.148186
16717,12,-6,-8,-94,-23,-68,23,2,0.0810547,-0.406738,0.86377,3.5,-9.0625,4.4375,-0.445943,-0.0562501,-0.148186
16737,-57,-20,3,109,99,97,4,-13,0.0810547,-0.406738,0.86377,3.5,-9.0625,4.4375,-0.445943,-0.0562501,-0.148186
16737,6,2,-40,-14,-61,19,-7,-11,0.0810547,-0.406738,0.86377,3.5,-9.0625,4.4375,-0.445943,-0.0562501,-0.148186
16739,-6,11,25,1,34,-45,-18,-4,0.0839844,-0.42627,0.882812,-6.875,-4.125,3.25,-0.448507,-0.0576891,-0.146451
16739,5,-9,-13,-28,-63,22,-8,-4,0.0839844,-0.42627,0.882812,-6.875,-4.125,3.25,-0.448507,-0.0576891,-0.146451
16759,13,16,50,21,57,2,20,3,0.0839844,-0.42627,0.882812,-6.875,-4.125,3.25,-0.448507,-0.0576891,-0.146451
16759,9,2,-17,123,91,54,27,12,0.0839844,-0.42627,0.882812,-6.875,-4.125,3.25,-0.448507,-0.0576891,-0.146451
16761,-9,-5,12,-44,-16,-2,-25,-9,0.0322266,-0.43457,0.896484,-5.875,0.625,-3.0625,-0.450404,-0.0573331,-0.147515
16761,16,37,66,65,14,0,12,11,0.0322266,-0.43457,0.896484,-5.875,0.625,-3.0625,-0.450404,-0.0573331,-0.147515
16774,21,12,81,-83,-128,-56,-14,12,0.0322266,-0.43457,0.896484,-5.875,0.625,-3.0625,-0.450404,-0.0573331,-0.147515
16774,-47,-55,-105,9,56,-7,-22,-28,0.0322266,-0.43457,0.896484,-5.875,0.625,-3.0625,-0.450404,-0.0573331,-0.147515
16777,11,4,23,-103,-31,-28,-1,4,0.0576172,-0.391113,0.851562,3.0625,-0.5,-3.125,-0.448835,-0.0580614,-0.148499
16777,-2,-7,66,96,74,22,5,2,0.0576172,-0.391113,0.851562,3.0625,-0.5,-3.125,-0.448835,-0.0580614,-0.148499
16798,-8,-12,-77,-68,13,2,14,-4,0.0576172,-0.391113,0.851562,3.0625,-0.5,-3.125,-0.448835,-0.0580614,-0.148499
16798,17,21,109,91,5,-13,-10,4,0.0576172,-0.391113,0.851562,3.0625,-0.5,-3.125,-0.448835,-0.0580614,-0.148499
16799,11,18,33,-30,-39,-37,3,7,0.0751953,-0.385254,0.885254,-2.8125,-5.1875,4.8125,-0.449041,-0.0593067,-0.146208
16799,-20,-22,-80,-42,-46,1,-4,-13,0.0751953,-0.385254,0.885254,-2.8125,-5.1875,4.8125,-0.449041,-0.0593067,-0.146208
16820,1,-18,-56,-97,-41,40,-23,-10,0.0751953,-0.385254,0.885254,-2.8125,-5.1875,4.8125,-0.449041,-0.0593067,-0.146208
16820,-3,7,24,7,16,-77,-42,10,0.0751953,-0.385254,0.885254,-2.8125,-5.1875,4.8125,-0.449041,-0.0593067,-0.146208
16821,-20,-17,1,36,32,109,54,-7,0.090332,-0.4375,0.929688,-4.5,-2.375,2.9375,-0.450501,-0.0603855,-0.144941
16821,20,22,18,126,123,60,71,13,0.090332,-0.4375,0.929688,-4.5,-2.375,2.9375,-0.450501,-0.0603855,-0.144941
16834,8,-3,2,72,-15,-30,-16,-1,0.090332,-0.4375,0.929688,-4.5,-2.375,2.9375,-0.450501,-0.0603855,-0.144941
16834,12,1,-46,-128,-128,-34,-5,1,0.090332,-0.4375,0.929688,-4.5,-2.375,2.9375,-0.450501,-0.0603855,-0.144941
16836,-22,-14,-31,-26,-14,-57,-26,-19,0.0444336,-0.383789,0.918457,6,4,-4.625,-0.446882,-0.0593406,-0.147104
16836,7,9,18,28,97,17,-13,10,0.0444336,-0.383789,0.918457,6,4,-4.625,-0.446882,-0.0593406,-0.147104
16865,11,9,-24,21,-31,4,30,12,0.0444336,-0.383789,0.918457,6,4,-4.625,-0.446882,-0.0593406,-0.147104
16865,-8,6,32,-33,3,0,12,-13,0.0444336,-0.383789,0.918457,6,4,-4.625,-0.446882,-0.0593406,-0.147104
16866,-4,-18,-86,8,-10,-18,-29,-5,-0.00732422,-0.380859,0.844238,5.625,-0.5625,-1.625,-0.444441,-0.0583523,-0.147487
16866,-15,-43,-33,-128,-122,-46,-21,-8,-0.00732422,-0.380859,0.844238,5.625,-0.5625,-1.625,-0.444441,-0.0583523,-0.147487
16871,-17,-4,72,71,111,4,-5,-13,-0.00732422,-0.380859,0.844238,5.625,-0.5625,-1.625,-0.444441,-0.0583523,-0.147487
16871,5,24,80,93,27,62,45,20,-0.00732422,-0.380859,0.844238,5.625,-0.5625,-1.625,-0.444441,-0.0583523,-0.147487
16879,8,4,27,-33,-17,-35,-24,-2,0.0957031,-0.433105,0.857422,1,-5.625,3.3125,-0.444703,-0.0604593,-0.145631
16879,-8,-13,-64,-85,-97,-13,-55,-16,0.0957031,-0.433105,0.857422,1,-5.625,3.3125,-0.444703,-0.0604593,-0.145631
16894,5,2,-1,-51,-2,-105,-14,3,0.0957031,-0.433105,0.857422,1,-5.625,3.3125,-0.444703,-0.0604593,-0.145631
16894,-24,-18,-6,67,86,106,41,-9,0.0957031,-0.433105,0.857422,1,-5.625,3.3125,-0.444703,-0.0604593,-0.145631
16901,1,16,68,-6,-51,-25,-7,0,0.034668,-0.456055,0.889648,-2.5,-2.6875,1.1875,-0.44633,-0.0605331,-0.144833
16901,-2,-5,-52,16,92,-32,-48,-2,0.034668,-0.456055,0.889648,-2.5,-2.6875,1.1875,-0.44633,-0.0605331,-0.144833
16925,-2,-8,-33,-115,-22,12,46,2,0.034668,-0.456055,0.889648,-2.5,-2.6875,1.1875,-0.44633,-0.0605331,-0.144833
16925,-13,-9,17,42,30,9,-16,-17,0.034668,-0.456055,0.889648,-2.5,-2.6875,1.1875,-0.44633,-0.0605331,-0.144833
16927,23,30,9,124,127,66,36,28,0.00927734,-0.449219,0.853516,1.3125,0.625,-3.6875,-0.44662,-0.059699,-0.146022
16927,8,-6,-34,45,-3,-3,7,6,0.00927734,-0.449219,0.853516,1.3125,0.625,-3.6875,-0.44662,-0.059699,-0.146022
16940,-18,-11,-56,-81,-110,-63,-38,-18,0.00927734,-0.449219,0.853516,1.3125,0.625,-3.6875,-0.44662,-0.059699,-0.146022
16940,3,-21,-98,-117,-40,-28,-3,3,0.00927734,-0.449219,0.853516,1.3125,0.625,-3.6875,-0.44662,-0.059699,-0.146022
16942,-22,-38,24,57,-8,2,-9,-18,0.0258789,-0.40332,0.80957,3.9375,-5.0625,-0.4375,-0.445696,-0.0605963,-0.145332
16942,3,14,5,-3,-3,-1,12,9,0.0258789,-0.40332,0.80957,3.9375,-5.0625,-0.4375,-0.445696,-0.0605963,-0.145332
16955,10,11,36,117,127,63,20,5,0.0258789,-0.40332,0.80957,3.9375,-5.0625,-0.4375,-0.445696,-0.0605963,-0.145332
16955,11,16,25,-25,-84,-34,-13,0,0.0258789,-0.40332,0.80957,3.9375,-5.0625,-0.4375,-0.445696,-0.0605963,-0.145332
16957,-10,-12,-36,-111,-95,-32,-2,-2,0.0849609,-0.431641,0.85791,-3.75,-5.5625,2.5625,-0.447472,-0.0625991,-0.143599
16957,-7,-2,5,59,72,-27,1,-7,0.0849609,-0.431641,0.85791,-3.75,-5.5625,2.5625,-0.447472,-0.0625991,-0.143599
16977,4,6,34,62,-92,-28,-36,-1,0.0849609,-0.431641,0.85791,-3.75,-5.5625,2.5625,-0.447472,-0.0625991,-0.143599
16977,-8,10,30,-39,83,-8,5,-2,0.0849609,-0.431641,0.85791,-3.75,-5.5625,2.5625,-0.447472,-0.0625991,-0.143599
16979,20,17,7,127,107,115,15,18,0.0849609,-0.411133,0.892578,-9.125,-0.3125,-2.5,-0.450152,-0.0636366,-0.144453
16979,-11,13,84,-53,-119,-6,-2,-6,0.0849609,-0.411133,0.892578,-9.125,-0.3125,-2.5,-0.450152,-0.0636366,-0.144453
17008,-6,-10,-9,-80,16,-51,-27,-6,0.0849609,-0.411133,0.892578,-9.125,-0.3125,-2.5,-0.450152,-0.0636366,-0.144453
17008,-6,7,48,31,47,-13,-5,-4,0.0849609,-0.411133,0.892578,-9.125,-0.3125,-2.5,-0.450152,-0.0636366,-0.144453
17009,27,30,35,2,73,29,24,11,0.0776367,-0.413086,0.90918,-2.8125,1.4375,-7.5625,-0.450438,-0.064623,-0.146995
17009,-7,-21,-72,41,47,15,13,1,0.0776367,-0.413086,0.90918,-2.8125,1.4375,-7.5625,-0.450438,-0.064623,-0.146995
17014,-19,-9,79,23,-37,2,1,0,0.0776367,-0.413086,0.90918,-2.8125,1.4375,-7.5625,-0.450438,-0.064623,-0.146995
17014,0,0,-54,-128,-80,-31,-14,-9,0.0776367,-0.413086,0.90918,-2.8125,1.4375,-7.5625,-0.450438,-0.064623,-0.146995
17028,-11,-31,-95,-73,-54,-25,-15,-9,0.0234375,-0.368164,0.883301,3.5625,-4.6875,-0.5625,-0.447874,-0.0652147,-0.146644
17028,4,11,61,29,25,27,20,5,0.0234375,-0.368164,0.883301,3.5625,-4.6875,-0.5625,-0.447874,-0.0652147,-0.146644
17037,14,14,-14,-24,-60,-27,-2,12,0.0234375,-0.368164,0.883301,3.5625,-4.6875,-0.5625,-0.447874,-0.0652147,-0.146644
17037,-3,-22,-40,33,12,29,11,-4,0.0234375,-0.368164,0.883301,3.5625,-4.6875,-0.5625,-0.447874,-0.0652147,-0.146644
17039,-4,18,61,47,21,-17,-8,-4,0.12793,-0.419922,0.882324,-0.3125,-5.4375,3.6875,-0.447983,-0.0679035,-0.144653
17039,6,2,-5,-98,-82,-21,11,1,0.12793,-0.419922,0.882324,-0.3125,-5.4375,3.6875,-0.447983,-0.0679035,-0.144653
17060,-1,-11,-60,96,127,43,-1,-9,0.12793,-0.419922,0.882324,-0.3125,-5.4375,3.6875,-0.447983,-0.0679035,-0.144653
17060,14,3,29,97,30,-9,-35,11,0.12793,-0.419922,0.882324,-0.3125,-5.4375,3.6875,-0.447983,-0.0679035,-0.144653
17061,-6,5,5,-42,-52,10,43,-3,0.0795898,-0.430176,0.893066,-3.5625,-3.4375,1.0625,-0.449315,-0.0690552,-0.143744
17061,2,-6,77,2,-49,-11,-4,-1,0.0795898,-0.430176,0.893066,-3.5625,-3.4375,1.0625,-0.449315,-0.0690552,-0.143744
17075,3,10,14,-33,62,30,8,3,0.0795898,-0.430176,0.893066,-3.5625,-3.4375,1.0625,-0.449315,-0.0690552,-0.143744
17075,13,7,41,-46,-45,-16,7,-2,0.0795898,-0.430176,0.893066,-3.5625,-3.4375,1.0625,-0.449315,-0.0690552,-0.143744
17076,-19,-11,-10,-18,58,-31,-21,2,0.0410156,-0.365723,0.849121,2.3125,0.5625,-9.3125,-0.447321,-0.0697177,-0.146768
17076,-2,-6,4,90,106,33,1,-2,0.0410156,-0.365723,0.849121,2.3125,0.5625,-9.3125,-0.447321,-0.0697177,-0.146768
17097,2,14,16,-67,-18,5,24,3,0.0410156,-0.365723,0.849121,2.3125,0.5625,-9.3125,-0.447321,-0.0697177,-0.146768
17097,7,3,5,63,-10,-6,-3,5,0.0410156,-0.365723,0.849121,2.3125,0.5625,-9.3125,-0.447321,-0.0697177,-0.146768
17098,1,-6,11,-21,-117,-48,-24,-9,0.0498047,-0.394531,0.844238,1.1875,-5.5625,-5.5625,-0.446664,-0.0719086,-0.1478
17098,-29,5,20,-45,62,23,16,-13,0.0498047,-0.394531,0.844238,1.1875,-5.5625,-5.5625,-0.446664,-0.0719086,-0.1478
17120,17,7,11,125,101,56,7,5,0.0498047,-0.394531,0.844238,1.1875,-5.5625,-5.5625,-0.446664,-0.0719086,-0.1478
17120,2,-1,-32,-69,-88,-25,-19,-1,0.0498047,-0.394531,0.844238,1.1875,-5.5625,-5.5625,-0.446664,-0.0719086,-0.1478
17121,-1,-2,14,-89,27,-51,1,-4,0.116211,-0.497559,0.871582,-4.375,-7.4375,-2.9375,-0.449828,-0.0755942,-0.14741
17121,-6,-13,-29,94,68,64,3,-3,0.116211,-0.497559,0.871582,-4.375,-7.4375,-2.9375,-0.449828,-0.0755942,-0.14741
17134,11,14,8,-25,-14,8,33,7,0.116211,-0.497559,0.871582,-4.375,-7.4375,-2.9375,-0.449828,-0.0755942,-0.14741
17134,6,8,6,24,0,15,2,1,0.116211,-0.497559,0.871582,-4.375,-7.4375,-2.9375,-0.449828,-0.0755942,-0.14741
17140,-17,-34,-34,3,-33,-13,-15,-4,-0.00244141,-0.450195,0.871094,-3.6875,-6.625,-1.25,-0.451838,-0.0759895,-0.14678
17140,18,8,13,-39,50,30,17,5,-0.00244141,-0.450195,0.871094,-3.6875,-6.625,-1.25,-0.451838,-0.0759895,-0.14678
17157,2,18,32,90,-20,-3,7,4,-0.00244141,-0.450195,0.871094,-3.6875,-6.625,-1.25,-0.451838,-0.0759895,-0.14678
17157,0,-7,2,-94,-91,-33,0,-2,-0.00244141,-0.450195,0.871094,-3.6875,-6.625,-1.25,-0.451838,-0.0759895,-0.14678
17159,-34,-46,-7,62,81,-14,-30,-29,0.0429688,-0.387695,0.815918,2.5625,-6.625,-1.5625,-0.450719,-0.0776688,-0.146291
17159,23,28,22,74,68,30,13,20,0.0429688,-0.387695,0.815918,2.5625,-6.625,-1.5625,-0.450719,-0.0776688,-0.146291
17180,12,-11,18,20,-109,-9,7,13,0.0429688,-0.387695,0.815918,2.5625,-6.625,-1.5625,-0.450719,-0.0776688,-0.146291
17180,-1,4,24,-30,0,-24,-12,-5,0.0429688,-0.387695,0.815918,2.5625,-6.625,-1.5625,-0.450719,-0.0776688,-0.146291
17181,-18,-4,-66,-19,-33,11,-4,-6,0.0908203,-0.396973,0.859375,-0.875,-5.25,-1.3125,-0.450731,-0.0798457,-0.145931
17181,3,7,25,-128,-47,-32,14,-9,0.0908203,-0.396973,0.859375,-0.875,-5.25,-1.3125,-0.450731,-0.0798457,-0.145931
17194,-19,-20,-35,72,54,-23,-57,-18,0.0908203,-0.396973,0.859375,-0.875,-5.25,-1.3125,-0.450731,-0.0798457,-0.145931
17194,15,19,-8,-15,-78,15,13,18,0.0908203,-0.396973,0.859375,-0.875,-5.25,-1.3125,-0.450731,-0.0798457,-0.145931
17201,-4,-3,-3,-54,-40,-66,-9,-9,0.101074,-0.428223,0.895996,-6.4375,-0.25,-4,-0.452636,-0.0810344,-0.147124
17201,-5,3,0,85,59,83,2,-9,0.101074,-0.428223,0.895996,-6.4375,-0.25,-4,-0.452636,-0.0810344,-0.147124
17217,22,5,-7,-36,-30,-39,18,16,0.101074,-0.428223,0.895996,-6.4375,-0.25,-4,-0.452636,-0.0810344,-0.147124
17217,-24,-13,-10,-10,0,26,4,-10,0.101074,-0.428223,0.895996,-6.4375,-0.25,-4,-0.452636,-0.0810344,-0.147124
17219,13,14,11,-40,-69,-24,-2,4,0.059082,-0.446777,0.915527,-9.0625,2.25,-3.9375,-0.455644,-0.0803989,-0.148702
17219,-10,-19,55,42,-12,-5,1,-4,0.059082,-0.446777,0.915527,-9.0625,2.25,-3.9375,-0.455644,-0.0803989,-0.148702
17247,0,2,-1,-12,1,-19,-36,-4,0.059082,-0.446777,0.915527,-9.0625,2.25,-3.9375,-0.455644,-0.0803989,-0.148702
17247,0,-12,-36,-34,7,-2,5,0,0.059082,-0.446777,0.915527,-9.0625,2.25,-3.9375,-0.455644,-0.0803989,-0.148702
17249,8,-10,-49,75,83,26,5,13,0.09375,-0.40918,0.87793,4.5625,3.3125,-1.8125,-0.453521,-0.0799875,-0.149858
17249,5,30,90,18,20,-22,3,0,0.09375,-0.40918,0.87793,4.5625,3.3125,-1.8125,-0.453521,-0.0799875,-0.149858
17254,-11,-8,16,0,-28,18,11,-6,0.09375,-0.40918,0.87793,4.5625,3.3125,-1.8125,-0.453521,-0.0799875,-0.149858
17254,6,16,88,10,68,-6,7,5,0.09375,-0.40918,0.87793,4.5625,3.3125,-1.8125,-0.453521,-0.0799875,-0.149858
17261,9,5,-12,-106,-128,-7,0,3,0.0507812,-0.394043,0.911621,6.5625,-0.4375,3.375,-0.450209,-0.0789568,-0.14878
17261,-10,-20,-103,13,8,-28,-38,-15,0.0507812,-0.394043,0.911621,6.5625,-0.4375,3.375,-0.450209,-0.0789568,-0.14878
17276,4,9,13,47,67,30,16,3,0.0507812,-0.394043,0.911621,6.5625,-0.4375,3.375,-0.450209,-0.0789568,-0.14878
17276,6,-3,38,61,49,55,33,7,0.0507812,-0.394043,0.911621,6.5625,-0.4375,3.375,-0.450209,-0.0789568,-0.14878
17284,17,15,23,40,46,0,9,7,0.0673828,-0.45166,0.902832,-4.125,1.125,3.1875,-0.452075,-0.0777719,-0.147878
17284,-6,-1,-10,-126,-126,-52,-5,-3,0.0673828,-0.45166,0.902832,-4.125,1.125,3.1875,-0.452075,-0.0777719,-0.147878
17299,-15,-20,-27,-128,-116,-57,-19,-22,0.0673828,-0.45166,0.902832,-4.125,1.125,3.1875,-0.452075,-0.0777719,-0.147878
17299,9,7,61,100,116,43,26,13,0.0673828,-0.45166,0.902832,-4.125,1.125,3.1875,-0.452075,-0.0777719,-0.147878
17301,8,27,83,55,26,88,-7,8,0.0522461,-0.459961,0.871094,-0.1875,4.3125,-1.0625,-0.452776,-0.0760538,-0.148875
17301,8,22,67,-33,-65,-33,23,6,0.0522461,-0.459961,0.871094,-0.1875,4.3125,-1.0625,-0.452776,-0.0760538,-0.148875
17314,-14,-4,-53,-74,-7,8,-11,-1,0.0522461,-0.459961,0.871094,-0.1875,4.3125,-1.0625,-0.452776,-0.0760538,-0.148875
17314,29,-5,20,-18,-38,-47,-34,-8,0.0522461,-0.459961,0.871094,-0.1875,4.3125,-1.0625,-0.452776,-0.0760538,-0.148875
17321,-27,-2,35,46,43,18,-1,-10,0.0800781,-0.408203,0.841797,5.3125,1.375,-1.6875,-0.450871,-0.0760783,-0.149664
17321,2,-8,-32,-87,-77,-40,-29,-3,0.0800781,-0.408203,0.841797,5.3125,1.375,-1.6875,-0.450871,-0.0760783,-0.149664
17338,-6,-4,-26,-56,-107,-18,8,0,0.0800781,-0.408203,0.841797,5.3125,1.375,-1.6875,-0.450871,-0.0760783,-0.149664
17338,-6,10,14,91,127,28,-1,-6,0.0800781,-0.408203,0.841797,5.3125,1.375,-1.6875,-0.450871,-0.0760783,-0.149664
17339,21,22,31,107,57,52,16,13,0.0634766,-0.425781,0.861816,1.6875,-3.125,1.3125,-0.45061,-0.0765807,-0.148676
17339,-15,-25,-52,-73,-59,-29,4,-4,0.0634766,-0.425781,0.861816,1.6875,-3.125,1.3125,-0.45061,-0.0765807,-0.148676
17360,-19,-25,-60,-12,15,15,-8,-15,0.0634766,-0.425781,0.861816,1.6875,-3.125,1.3125,-0.45061,-0.0765807,-0.148676
17360,13,3,-45,21,10,-15,9,16,0.0634766,-0.425781,0.861816,1.6875,-3.125,1.3125,-0.45061,-0.0765807,-0.148676
17361,4,3,30,-27,-67,-25,-1,-4,0.0668945,-0.396973,0.853516,-1.875,-0.8125,-0.125,-0.450865,-0.0767193,-0.148645
17361,-2,-6,-22,-33,-25,-12,0,1,0.0668945,-0.396973,0.853516,-1.875,-0.8125,-0.125,-0.450865,-0.0767193,-0.148645
17381,-3,-1,50,12,-41,24,-29,-14,0.0668945,-0.396973,0.853516,-1.875,-0.8125,-0.125,-0.450865,-0.0767193,-0.148645
17381,-2,2,-79,-62,38,-5,2,2,0.0668945,-0.396973,0.853516,-1.875,-0.8125,-0.125,-0.450865,-0.0767193,-0.148645
17388,-6,6,36,127,127,60,19,-3,0.0483398,-0.424805,0.868652,-4.25,0.0625,-3.1875,-0.452241,-0.0765669,-0.149658
17388,6,13,21,-21,1,-1,8,11,0.0483398,-0.424805,0.868652,-4.25,0.0625,-3.1875,-0.452241,-0.0765669,-0.149658
17397,9,0,-22,-3,-45,-41,-21,3,0.0483398,-0.424805,0.868652,-4.25,0.0625,-3.1875,-0.452241,-0.0765669,-0.149658
17397,-22,-11,-17,-111,-127,-43,-19,-16,0.0483398,-0.424805,0.868652,-4.25,0.0625,-3.1875,-0.452241,-0.0765669,-0.149658
17398,-5,-1,85,-43,5,-9,-7,-10,0.0883789,-0.45459,0.837891,0.8125,-4.3125,-2,-0.452976,-0.0784943,-0.149572
17398,11,7,11,114,78,27,-7,3,0.0883789,-0.45459,0.837891,0.8125,-4.3125,-2,-0.452976,-0.0784943,-0.149572
17419,0,0,-31,24,-17,11,31,15,0.0883789,-0.45459,0.837891,0.8125,-4.3125,-2,-0.452976,-0.0784943,-0.149572
17419,-20,-13,14,-34,-59,-17,-15,-17,0.0883789,-0.45459,0.837891,0.8125,-4.3125,-2,-0.452976,-0.0784943,-0.149572
17421,-6,-24,-72,-110,-45,-52,-15,-6,0.10498,-0.390625,0.868164,-0.1875,-3.75,1.125,-0.45238,-0.0802473,-0.148685
17421,1,2,26,90,60,8,-9,-2,0.10498,-0.390625,0.868164,-0.1875,-3.75,1.125,-0.45238,-0.0802473,-0.148685
17433,11,18,46,-27,-11,26,46,18,0.10498,-0.390625,0.868164,-0.1875,-3.75,1.125,-0.45238,-0.0802473,-0.148685
17433,-8,-17,-5,82,60,22,-20,-12,0.10498,-0.390625,0.868164,-0.1875,-3.75,1.125,-0.45238,-0.0802473,-0.148685
17442,19,32,62,64,66,50,46,20,0.046875,-0.407715,0.869629,-6.875,-1.5625,0.5,-0.454437,-0.0798396,-0.148357
17442,13,2,-62,-38,-49,-13,-18,3,0.046875,-0.407715,0.869629,-6.875,-1.5625,0.5,-0.454437,-0.0798396,-0.148357
17465,-13,-11,-31,-76,15,-37,-11,-13,0.046875,-0.407715,0.869629,-6.875,-1.5625,0.5,-0.454437,-0.0798396,-0.148357
17465,-4,2,33,-11,-5,-7,0,1,0.046875,-0.407715,0.869629,-6.875,-1.5625,0.5,-0.454437,-0.0798396,-0.148357
17467,1,-8,-79,15,-6,-27,-5,-1,0.0966797,-0.446289,0.856445,-3,-1.125,-6.3125,-0.45591,-0.081618,-0.150053
17467,-8,-21,-20,127,76,48,8,-6,0.0966797,-0.446289,0.856445,-3,-1.125,-6.3125,-0.45591,-0.081618,-0.150053
17481,1,-2,-57,-96,-97,-24,-3,0,0.0966797,-0.446289,0.856445,-3,-1.125,-6.3125,-0.45591,-0.081618,-0.150053
17481,-13,4,85,-21,12,-9,4,2,0.0966797,-0.446289,0.856445,-3,-1.125,-6.3125,-0.45591,-0.081618,-0.150053
17483,3,-12,-29,74,38,0,-26,0,0.0917969,-0.400391,0.888184,3.0625,-2.5,-2.9375,-0.454051,-0.0831062,-0.150644
17483,-6,1,24,-42,-75,-23,-16,-9,0.0917969,-0.400391,0.888184,3.0625,-2.5,-2.9375,-0.454051,-0.0831062,-0.150644
17493,6,-1,1,33,79,-14,-8,-1,0.0917969,-0.400391,0.888184,3.0625,-2.5,-2.9375,-0.454051,-0.0831062,-0.150644
17493,8,4,2,94,50,71,21,13,0.0917969,-0.400391,0.888184,3.0625,-2.5,-2.9375,-0.454051,-0.0831062,-0.150644
17502,-11,-8,-36,-74,-65,12,-5,-15,0.101074,-0.414551,0.890137,-6.1875,-2.5,2.375,-0.455786,-0.0838752,-0.149544
17502,-2,-3,5,-108,-107,-74,-12,3,0.101074,-0.414551,0.890137,-6.1875,-2.5,2.375,-0.455786,-0.0838752,-0.149544
17517,-23,-9,43,29,96,15,-12,-18,0.101074,-0.414551,0.890137,-6.1875,-2.5,2.375,-0.455786,-0.0838752,-0.149544
17517,13,9,-48,54,50,57,-1,2,0.101074,-0.414551,0.890137,-6.1875,-2.5,2.375,-0.455786,-0.0838752,-0.149544
17518,4,-7,-17,-24,-50,-41,-2,8,0.109863,-0.474121,0.902344,-3.6875,-0.6875,0.625,-0.457757,-0.0845903,-0.149203
17518,-4,-6,-22,-6,-10,5,5,-3,0.109863,-0.474121,0.902344,-3.6875,-0.6875,0.625,-0.457757,-0.0845903,-0.149203
17548,-1,-11,15,-100,-96,-49,-18,-3,0.109863,-0.474121,0.902344,-3.6875,-0.6875,0.625,-0.457757,-0.0845903,-0.149203
17548,-16,3,-12,79,80,-34,-8,-15,0.109863,-0.474121,0.902344,-3.6875,-0.6875,0.625,-0.457757,-0.0845903,-0.149203
17549,12,15,-36,80,100,73,35,7,0.0410156,-0.364746,0.874512,5.25,1.375,-0.3125,-0.454552,-0.0832772,-0.149579
17549,2,-30,-117,-33,21,18,-8,7,0.0410156,-0.364746,0.874512,5.25,1.375,-0.3125,-0.454552,-0.0832772,-0.149579
17562,1,2,71,68,1,2,7,2,0.0410156,-0.364746,0.874512,5.25,1.375,-0.3125,-0.454552,-0.0832772,-0.149579
17562,17,20,7,-50,-65,-8,2,6,0.0410156,-0.364746,0.874512,5.25,1.375,-0.3125,-0.454552,-0.0832772,-0.149579
17564,-10,-19,20,-65,-120,-56,-17,-19,0.0703125,-0.370117,0.860352,-3.5,-3.875,-0.625,-0.454625,-0.0843567,-0.149336
17564,7,3,-52,-52,-4,12,-8,-4,0.0703125,-0.370117,0.860352,-3.5,-3.875,-0.625,-0.454625,-0.0843567,-0.149336
17577,0,1,17,44,80,-25,1,10,0.0703125,-0.370117,0.860352,-3.5,-3.875,-0.625,-0.454625,-0.0843567,-0.149336
17577,-23,-32,-53,-8,-68,6,-7,-13,0.0703125,-0.370117,0.860352,-3.5,-3.875,-0.625,-0.454625,-0.0843567,-0.149336
17579,3,20,59,-31,21,-5,26,6,0.121582,-0.495117,0.868164,-2.6875,-2.375,0.125,-0.457183,-0.0859506,-0.148782
17579,9,8,40,47,-13,24,12,8,0.121582,-0.495117,0.868164,-2.6875,-2.375,0.125,-0.457183,-0.0859506,-0.148782
17599,-6,1,-19,-17,17,47,-2,-10,0.121582,-0.495117,0.868164,-2.6875,-2.375,0.125,-0.457183,-0.0859506,-0.148782
17599,2,-8,-5,-125,-78,-39,-13,6,0.121582,-0.495117,0.868164,-2.6875,-2.375,0.125,-0.457183,-0.0859506,-0.148782
17606,-2,13,55,61,60,3,-5,-9,0.0302734,-0.449219,0.874023,-0.25,0.3125,-2.1875,-0.457608,-0.084874,-0.149393
17606,-22,-14,2,51,-15,-4,22,-11,0.0302734,-0.449219,0.874023,-0.25,0.3125,-2.1875,-0.457608,-0.084874,-0.149393
17622,16,6,67,-69,-39,-14,-14,17,0.0302734,-0.449219,0.874023,-0.25,0.3125,-2.1875,-0.457608,-0.084874,-0.149393
17622,-2,-5,-67,70,80,36,25,-1,0.0302734,-0.449219,0.874023,-0.25,0.3125,-2.1875,-0.457608,-0.084874,-0.149393
17623,-16,-12,8,65,48,13,-9,-4,0.0522461,-0.414062,0.849609,-0.25,-0.75,-0.75,-0.457489,-0.0846263,-0.14945
17623,-5,19,124,-62,-35,-26,-10,-10,0.0522461,-0.414062,0.849609,-0.25,-0.75,-0.75,-0.457489,-0.0846263,-0.14945
17637,5,7,-28,48,45,38,16,0,0.0522461,-0.414062,0.849609,-0.25,-0.75,-0.75,-0.457489,-0.0846263,-0.14945
17637,8,-1,23,-64,-105,-47,-5,11,0.0522461,-0.414062,0.849609,-0.25,-0.75,-0.75,-0.457489,-0.0846263,-0.14945
17651,-4,-11,-39,-113,-62,-27,-13,-9,0.043457,-0.422852,0.866699,-0.8125,-6.875,2.1875,-0.457852,-0.0855075,-0.147727
17651,-9,-2,-35,-21,-44,-26,-6,-5,0.043457,-0.422852,0.866699,-0.8125,-6.875,2.1875,-0.457852,-0.0855075,-0.147727
17661,3,0,36,75,84,21,-9,-6,0.043457,-0.422852,0.866699,-0.8125,-6.875,2.1875,-0.457852,-0.0855075,-0.147727
17661,6,-3,-36,46,99,48,16,7,0.043457,-0.422852,0.866699,-0.8125,-6.875,2.1875,-0.457852,-0.0855075,-0.147727
17662,3,10,27,103,-8,3,-19,0,0.0693359,-0.424316,0.879395,-2.1875,-6.0625,-0.4375,-0.458408,-0.087105,-0.146843
17662,8,8,0,-46,-38,15,-2,5,0.0693359,-0.424316,0.879395,-2.1875,-6.0625,-0.4375,-0.458408,-0.087105,-0.146843
17673,-13,-30,-101,-101,-36,-14,9,-14,0.0693359,-0.424316,0.879395,-2.1875,-6.0625,-0.4375,-0.458408,-0.087105,-0.146843
17673,-12,-5,28,-59,-73,-30,-2,-14,0.0693359,-0.424316,0.879395,-2.1875,-6.0625,-0.4375,-0.458408,-0.087105,-0.146843
17682,15,25,74,-23,22,-1,-22,7,0.059082,-0.406738,0.877441,-4.25,-5,-3.5625,-0.459331,-0.0885354,-0.147252
17682,5,-16,-87,74,89,8,1,5,0.059082,-0.406738,0.877441,-4.25,-5,-3.5625,-0.459331,-0.0885354,-0.147252
17696,3,-11,-86,4,-43,3,3,2,0.059082,-0.406738,0.877441,-4.25,-5,-3.5625,-0.459331,-0.0885354,-0.147252
17696,1,-8,10,-98,-53,-26,-2,-3,0.059082,-0.406738,0.877441,-4.25,-5,-3.5625,-0.459331,-0.0885354,-0.147252
17705,-8,-2,3,9,-24,-7,-7,-4,0.0795898,-0.431641,0.860352,0.0625,-8.5,-0.75,-0.459448,-0.0910532,-0.146161
17705,-11,-1,22,79,120,28,12,2,0.0795898,-0.431641,0.860352,0.0625,-8.5,-0.75,-0.459448,-0.0910532,-0.146161
17720,-3,5,-21,-26,-33,1,-6,-7,0.0795898,-0.431641,0.860352,0.0625,-8.5,-0.75,-0.459448,-0.0910532,-0.146161
17720,0,-1,11,-65,-52,-34,3,-1,0.0795898,-0.431641,0.860352,0.0625,-8.5,-0.75,-0.459448,-0.0910532,-0.146161
17721,3,-2,-62,-128,-95,-74,-15,6,0.0678711,-0.398438,0.881348,1.75,-11.25,2.0625,-0.458207,-0.0936664,-0.143827
17721,-8,-10,3,25,34,33,23,0,0.0678711,-0.398438,0.881348,1.75,-11.25,2.0625,-0.458207,-0.0936664,-0.143827
17734,8,9,66,127,92,80,15,-6,0.0678711,-0.398438,0.881348,1.75,-11.25,2.0625,-0.458207,-0.0936664,-0.143827
17734,0,4,-31,51,48,-24,-28,1,0.0678711,-0.398438,0.881348,1.75,-11.25,2.0625,-0.458207,-0.0936664,-0.143827
17742,4,-3,-12,-63,-52,20,9,7,0.154297,-0.424805,0.910156,-1.5625,-9.9375,1.8125,-0.458398,-0.0978657,-0.14185
17742,0,14,66,0,30,-12,-6,-6,0.154297,-0.424805,0.910156,-1.5625,-9.9375,1.8125,-0.458398,-0.0978657,-0.14185
17758,-2,-1,-52,25,-18,-13,39,2,0.154297,-0.424805,0.910156,-1.5625,-9.9375,1.8125,-0.458398,-0.0978657,-0.14185
17758,-7,-3,56,20,-7,-6,1,-12,0.154297,-0.424805,0.910156,-1.5625,-9.9375,1.8125,-0.458398,-0.0978657,-0.14185
17759,0,-14,-8,-1,-15,-15,-15,6,0.135254,-0.40625,0.884277,6.0625,-5,0.6875,-0.455765,-0.10019,-0.140897
17759,4,4,-22,-74,-27,-22,-14,0,0.135254,-0.40625,0.884277,6.0625,-5,0.6875,-0.455765,-0.10019,-0.140897
17780,-13,-7,12,78,56,19,3,-1,0.135254,-0.40625,0.884277,6.0625,-5,0.6875,-0.455765,-0.10019,-0.140897
17780,0,-7,-37,18,23,0,-5,-2,0.135254,-0.40625,0.884277,6.0625,-5,0.6875,-0.455765,-0.10019,-0.140897
17781,-12,-13,-6,-59,-53,-22,4,-7,0.0576172,-0.375,0.813965,9.9375,-5.0625,0.875,-0.452,-0.100896,-0.139865
17781,-1,2,13,-66,-11,-19,-17,-6,0.0576172,-0.375,0.813965,9.9375,-5.0625,0.875,-0.452,-0.100896,-0.139865
17794,-3,4,24,-11,41,7,-15,-3,0.0576172,-0.375,0.813965,9.9375,-5.0625,0.875,-0.452,-0.100896,-0.139865
17794,2,2,-18,-24,10,21,37,3,0.0576172,-0.375,0.813965,9.9375,-5.0625,0.875,-0.452,-0.100896,-0.139865
17810,-2,0,93,57,14,-16,-20,4,0.0625,-0.432129,0.862305,-1.6875,-6.625,0.125,-0.452972,-0.101989,-0.138825
17810,13,1,-53,79,59,-13,-13,6,0.0625,-0.432129,0.862305,-1.6875,-6.625,0.125,-0.452972,-0.101989,-0.138825
17817,23,25,83,52,22,69,40,22,0.0625,-0.432129,0.862305,-1.6875,-6.625,0.125,-0.452972,-0.101989,-0.138825
17817,-6,6,-23,25,-31,-18,-41,-6,0.0625,-0.432129,0.862305,-1.6875,-6.625,0.125,-0.452972,-0.101989,-0.138825
17824,-12,-15,-18,-96,-68,23,16,-10,0.0556641,-0.506348,0.871094,-8.75,-5.625,-2,-0.457723,-0.102886,-0.138328
17824,-13,-18,-15,-51,-80,-2,-17,-14,0.0556641,-0.506348,0.871094,-8.75,-5.625,-2,-0.457723,-0.102886,-0.138328
17840,-8,0,35,6,49,-28,-18,-2,0.0556641,-0.506348,0.871094,-8.75,-5.625,-2,-0.457723,-0.102886,-0.138328
17840,11,9,40,37,-25,7,12,12,0.0556641,-0.506348,0.871094,-8.75,-5.625,-2,-0.457723,-0.102886,-0.138328
17842,-2,9,15,2,34,3,5,-8,0.0400391,-0.467285,0.849121,-6.375,-6.25,-0.8125,-0.46099,-0.103474,-0.137572
17842,-13,-13,-33,37,6,-1,-1,6,0.0400391,-0.467285,0.849121,-6.375,-6.25,-0.8125,-0.46099,-0.103474,-0.137572
17854,-4,-5,10,-10,-34,-28,-11,-1,0.0400391,-0.467285,0.849121,-6.375,-6.25,-0.8125,-0.46099,-0.103474,-0.137572
17854,-9,-9,-49,-52,-37,1,-8,-13,0.0400391,-0.467285,0.849121,-6.375,-6.25,-0.8125,-0.46099,-0.103474,-0.137572
17862,-16,-13,-56,-68,-60,-55,-17,-10,0.114746,-0.433105,0.841309,0.5625,-9.4375,2.625,-0.461286,-0.106313,-0.135136
17862,-5,-4,-16,-35,83,27,5,-7,0.114746,-0.433105,0.841309,0.5625,-9.4375,2.625,-0.461286,-0.106313,-0.135136
17878,2,12,22,43,33,13,3,5,0.114746,-0.433105,0.841309,0.5625,-9.4375,2.625,-0.461286,-0.106313,-0.135136
17878,-2,-6,50,14,-62,-19,6,-3,0.114746,-0.433105,0.841309,0.5625,-9.4375,2.625,-0.461286,-0.106313,-0.135136
17879,8,2,-64,-7,92,15,-4,-1,0.125,-0.412598,0.849609,-2.8125,-10.25,4.1875,-0.462388,-0.109361,-0.132257
17879,2,-2,-20,79,43,18,16,6,0.125,-0.412598,0.849609,-2.8125,-10.25,4.1875,-0.462388,-0.109361,-0.132257
17899,2,-8,4,-128,-128,-78,-27,-8,0.125,-0.412598,0.849609,-2.8125,-10.25,4.1875,-0.462388,-0.109361,-0.132257
17899,-12,1,-14,105,127,37,7,-10,0.125,-0.412598,0.849609,-2.8125,-10.25,4.1875,-0.462388,-0.109361,-0.132257
17901,29,29,81,127,70,73,22,25,0.121582,-0.439453,0.848145,-16.75,-10.25,-1.3125,-0.46852,-0.113068,-0.131009
17901,-7,-13,-12,-128,-128,-73,-5,-7,0.121582,-0.439453,0.848145,-16.75,-10.25,-1.3125,-0.46852,-0.113068,-0.131009
17922,-6,-2,-18,46,127,28,-6,2,0.121582,-0.439453,0.848145,-16.75,-10.25,-1.3125,-0.46852,-0.113068,-0.131009
17922,19,23,82,55,57,82,34,17,0.121582,-0.439453,0.848145,-16.75,-10.25,-1.3125,-0.46852,-0.113068,-0.131009
17924,4,1,-33,-68,-79,8,24,3,0.180176,-0.547363,0.869629,-38.875,-20.75,-9.9375,-0.484108,-0.122409,-0.130637
17924,12,24,110,-23,-67,-12,-1,3,0.180176,-0.547363,0.869629,-38.875,-20.75,-9.9375,-0.484108,-0.122409,-0.130637
17945,-4,-4,-27,-128,-128,-79,-11,-6,0.180176,-0.547363,0.869629,-38.875,-20.75,-9.9375,-0.484108,-0.122409,-0.130637
17945,-18,-27,-100,-128,-80,-60,-26,-17,0.180176,-0.547363,0.869629,-38.875,-20.75,-9.9375,-0.484108,-0.122409,-0.130637
17946,-2,-2,32,66,59,20,6,0,0.249023,-0.396973,0.810059,-18.75,-15.1875,-6.875,-0.490006,-0.131385,-0.130315
17946,4,7,45,3,-27,0,-6,2,0.249023,-0.396973,0.810059,-18.75,-15.1875,-6.875,-0.490006,-0.131385,-0.130315
17960,-10,-4,6,-12,-11,-5,-10,-12,0.249023,-0.396973,0.810059,-18.75,-15.1875,-6.875,-0.490006,-0.131385,-0.130315
17960,1,-2,-11,-13,15,-4,-16,2,0.249023,-0.396973,0.810059,-18.75,-15.1875,-6.875,-0.490006,-0.131385,-0.130315
17961,17,0,-47,11,12,2,5,8,0.097168,-0.369141,0.822266,-12,-11.5,2.375,-0.492916,-0.13391,-0.1279
17961,-7,11,16,-61,-83,-19,0,-4,0.097168,-0.369141,0.822266,-12,-11.5,2.375,-0.492916,-0.13391,-0.1279
17982,1,-6,12,39,66,21,5,3,0.097168,-0.369141,0.822266,-12,-11.5,2.375,-0.492916,-0.13391,-0.1279
17982,5,12,53,111,92,47,36,8,0.097168,-0.369141,0.822266,-12,-11.5,2.375,-0.492916,-0.13391,-0.1279
17984,0,0,19,6,-75,-17,-23,-10,0.0732422,-0.379395,0.855957,-2.5625,-8.625,-1.125,-0.492123,-0.13552,-0.127036
17984,6,-15,-85,-57,31,-5,-5,11,0.0732422,-0.379395,0.855957,-2.5625,-8.625,-1.125,-0.492123,-0.13552,-0.127036
17997,-14,2,12,18,38,18,4,-3,0.0732422,-0.379395,0.855957,-2.5625,-8.625,-1.125,-0.492123,-0.13552,-0.127036
17997,2,-3,18,-1,-16,-19,-8,0,0.0732422,-0.379395,0.855957,-2.5625,-8.625,-1.125,-0.492123,-0.13552,-0.127036
18004,-5,3,17,-10,-17,-7,12,-7,0.158691,-0.415527,0.864746,3,-11.75,-2.8125,-0.490178,-0.140058,-0.126141
18004,-5,6,1,5,-6,-2,2,10,0.158691,-0.415527,0.864746,3,-11.75,-2.8125,-0.490178,-0.140058,-0.126141
18019,5,-1,17,41,-6,24,-26,-8,0.158691,-0.415527,0.864746,3,-11.75,-2.8125,-0.490178,-0.140058,-0.126141
18019,-21,-13,-8,-75,-72,-35,-9,-6,0.158691,-0.415527,0.864746,3,-11.75,-2.8125,-0.490178,-0.140058,-0.126141
18021,-6,-6,-14,-21,42,14,-7,-6,0.117676,-0.435059,0.819824,-1.0625,-15.9375,-3.75,-0.490788,-0.145144,-0.1246
18021,2,-3,22,78,37,37,7,-7,0.117676,-0.435059,0.819824,-1.0625,-15.9375,-3.75,-0.490788,-0.145144,-0.1246
18043,19,15,27,8,-25,-7,24,12,0.117676,-0.435059,0.819824,-1.0625,-15.9375,-3.75,-0.490788,-0.145144,-0.1246
18043,2,-1,16,-9,16,-5,-15,-2,0.117676,-0.435059,0.819824,-1.0625,-15.9375,-3.75,-0.490788,-0.145144,-0.1246
18043,-16,-23,-56,-27,-51,-23,-7,-6,0.115234,-0.495605,0.777832,-4.375,-22.3125,-7.375,-0.494108,-0.152568,-0.122949
18043,4,4,16,-84,-33,-17,10,0,0.115234,-0.495605,0.777832,-4.375,-22.3125,-7.375,-0.494108,-0.152568,-0.122949
18057,-15,-8,-50,32,36,5,-17,-19,0.115234,-0.495605,0.777832,-4.375,-22.3125,-7.375,-0.494108,-0.152568,-0.122949
18057,3,-1,41,-51,-51,-15,-17,4,0.115234,-0.495605,0.777832,-4.375,-22.3125,-7.375,-0.494108,-0.152568,-0.122949
18064,-12,7,-3,82,88,19,5,1,0.132324,-0.472656,0.771484,6.6875,-30.8125,-5.1875,-0.493563,-0.162535,-0.119121
18064,9,6,10,124,92,32,9,12,0.132324,-0.472656,0.771484,6.6875,-30.8125,-5.1875,-0.493563,-0.162535,-0.119121
18080,5,11,43,-23,-74,-23,3,1,0.132324,-0.472656,0.771484,6.6875,-30.8125,-5.1875,-0.493563,-0.162535,-0.119121
18080,-5,1,15,-89,-95,-42,-17,-8,0.132324,-0.472656,0.771484,6.6875,-30.8125,-5.1875,-0.493563,-0.162535,-0.119121
18081,-1,-7,-48,-62,-22,-14,6,-4,0.124512,-0.399902,0.766602,1.6875,-39.5,-2.625,-0.493648,-0.174464,-0.113376
18081,-8,-11,-31,75,82,33,-6,-10,0.124512,-0.399902,0.766602,1.6875,-39.5,-2.625,-0.493648,-0.174464,-0.113376
18103,8,-2,-13,0,16,19,12,8,0.124512,-0.399902,0.766602,1.6875,-39.5,-2.625,-0.493648,-0.174464,-0.113376
18103,2,-1,-14,14,2,-4,-4,-2,0.124512,-0.399902,0.766602,1.6875,-39.5,-2.625,-0.493648,-0.174464,-0.113376
18103,7,8,41,-6,11,14,14,5,0.0922852,-0.41748,0.790527,-11.3125,-42.6875,-5.875,-0.498357,-0.186625,-0.108096
18103,13,9,-5,-3,-38,-4,-8,2,0.0922852,-0.41748,0.790527,-11.3125,-42.6875,-5.875,-0.498357,-0.186625,-0.108096
18125,-19,-16,-40,-21,-30,-22,-20,-17,0.0922852,-0.41748,0.790527,-11.3125,-42.6875,-5.875,-0.498357,-0.186625,-0.108096
18125,7,-10,-69,-113,-80,-37,-10,6,0.0922852,-0.41748,0.790527,-11.3125,-42.6875,-5.875,-0.498357,-0.186625,-0.108096
18126,-15,0,24,58,52,30,8,-16,0.0737305,-0.405273,0.80957,-10.1875,-43.5625,-6.8125,-0.501998,-0.198468,-0.102915
18126,9,14,94,78,68,28,6,3,0.0737305,-0.405273,0.80957,-10.1875,-43.5625,-6.8125,-0.501998,-0.198468,-0.102915
18139,4,-10,-19,-17,7,-8,15,8,0.0737305,-0.405273,0.80957,-10.1875,-43.5625,-6.8125,-0.501998,-0.198468,-0.102915
18139,2,9,58,69,18,17,3,-2,0.0737305,-0.405273,0.80957,-10.1875,-43.5625,-6.8125,-0.501998,-0.198468,-0.102915
18148,21,7,-54,-25,25,-15,-5,21,0.133301,-0.443848,0.825195,-4.6875,-51.3125,-12.1875,-0.504368,-0.2146,-0.0980067
18148,-18,-17,-25,2,-9,3,0,-14,0.133301,-0.443848,0.825195,-4.6875,-51.3125,-12.1875,-0.504368,-0.2146,-0.0980067
18162,4,-1,-12,-42,-43,-17,-7,3,0.133301,-0.443848,0.825195,-4.6875,-51.3125,-12.1875,-0.504368,-0.2146,-0.0980067
18162,-5,-3,-19,-87,-88,-28,-7,-4,0.133301,-0.443848,0.825195,-4.6875,-51.3125,-12.1875,-0.504368,-0.2146,-0.0980067
18164,-7,-6,14,-54,20,-4,-12,-9,0.25,-0.42041,0.822754,-1.5,-63.3125,-13,-0.505655,-0.236762,-0.0912445
18164,11,-4,16,81,38,13,9,5,0.25,-0.42041,0.822754,-1.5,-63.3125,-13,-0.505655,-0.236762,-0.0912445
18176,-10,-14,-51,-51,-75,-17,-5,3,0.25,-0.42041,0.822754,-1.5,-63.3125,-13,-0.505655,-0.236762,-0.0912445
18176,1,7,-9,109,77,19,10,-1,0.25,-0.42041,0.822754,-1.5,-63.3125,-13,-0.505655,-0.236762,-0.0912445
18185,3,-2,15,27,-12,-2,-4,3,0.231445,-0.368652,0.810547,-0.4375,-69.125,-7.5625,-0.506352,-0.259014,-0.0819686
18185,-3,-2,-52,-101,-82,-63,-26,-9,0.231445,-0.368652,0.810547,-0.4375,-69.125,-7.5625,-0.506352,-0.259014,-0.0819686
18200,5,-3,0,-16,60,41,14,-2,0.231445,-0.368652,0.810547,-0.4375,-69.125,-7.5625,-0.506352,-0.259014,-0.0819686
18200,1,-8,-14,26,-2,-6,-2,-1,0.231445,-0.368652,0.810547,-0.4375,-69.125,-7.5625,-0.506352,-0.259014,-0.0819686
18202,6,-1,39,-24,-34,-6,-20,-7,0.146484,-0.378906,0.770508,-6.6875,-72.6875,-6.4375,-0.510377,-0.279821,-0.0715528
18202,-6,12,-4,8,25,5,-5,1,0.146484,-0.378906,0.770508,-6.6875,-72.6875,-6.4375,-0.510377,-0.279821,-0.0715528
18221,-4,-7,0,-11,-1,-7,-2,2,0.146484,-0.378906,0.770508,-6.6875,-72.6875,-6.4375,-0.510377,-0.279821,-0.0715528
18221,0,-5,-42,17,45,14,10,4,0.146484,-0.378906,0.770508,-6.6875,-72.6875,-6.4375,-0.510377,-0.279821,-0.0715528
18229,1,9,88,103,31,2,15,0,0.059082,-0.481445,0.740723,-14.25,-80.625,-15,-0.519437,-0.301849,-0.0614096
18229,-10,-8,-57,-28,-31,1,-1,-1,0.059082,-0.481445,0.740723,-14.25,-80.625,-15,-0.519437,-0.301849,-0.0614096
18236,-4,7,-8,-44,-55,-17,-10,-7,0.059082,-0.481445,0.740723,-14.25,-80.625,-15,-0.519437,-0.301849,-0.0614096
18236,-3,-2,-3,-104,-80,-30,0,-3,0.059082,-0.481445,0.740723,-14.25,-80.625,-15,-0.519437,-0.301849,-0.0614096
18251,-14,-17,-13,5,58,9,10,0,0.15332,-0.50293,0.702637,9.3125,-86,-22.25,-0.521084,-0.328469,-0.0521361
18251,-4,-2,3,92,91,37,-11,5,0.15332,-0.50293,0.702637,9.3125,-86,-22.25,-0.521084,-0.328469,-0.0521361
18260,7,18,65,44,35,12,7,-2,0.15332,-0.50293,0.702637,9.3125,-86,-22.25,-0.521084,-0.328469,-0.0521361
18260,4,-5,-47,-21,-28,-8,-8,0,0.15332,-0.50293,0.702637,9.3125,-86,-22.25,-0.521084,-0.328469,-0.0521361
18262,-2,-2,-6,-88,-116,-69,-4,-6,0.196777,-0.571289,0.722656,12.25,-91.875,-20.375,-0.523825,-0.356664,-0.0405373
18262,-12,-9,0,-128,-45,25,-16,-9,0.196777,-0.571289,0.722656,12.25,-91.875,-20.375,-0.523825,-0.356664,-0.0405373
18282,8,10,42,121,103,25,17,7,0.196777,-0.571289,0.722656,12.25,-91.875,-20.375,-0.523825,-0.356664,-0.0405373
18282,10,15,55,87,72,46,21,8,0.196777,-0.571289,0.722656,12.25,-91.875,-20.375,-0.523825,-0.356664,-0.0405373
18284,-5,-3,-25,-29,-34,-17,-22,-6,0.243164,-0.606445,0.638672,4.25,-92.4375,-19.3125,-0.531691,-0.385525,-0.0275197
18284,2,-17,-79,-83,-34,0,20,-2,0.243164,-0.606445,0.638672,4.25,-92.4375,-19.3125,-0.531691,-0.385525,-0.0275197
18295,1,1,10,-31,-89,-34,-25,-7,0.243164,-0.606445,0.638672,4.25,-92.4375,-19.3125,-0.531691,-0.385525,-0.0275197
18295,5,9,11,4,48,21,-1,6,0.243164,-0.606445,0.638672,4.25,-92.4375,-19.3125,-0.531691,-0.385525,-0.0275197
18305,-13,-4,16,42,21,-1,30,1,0.301758,-0.597656,0.593262,-1.8125,-97.875,-23.75,-0.54221,-0.41774,-0.0140236
18305,11,15,86,75,-22,-16,-15,12,0.301758,-0.597656,0.593262,-1.8125,-97.875,-23.75,-0.54221,-0.41774,-0.0140236
18320,-3,2,-35,-56,-20,13,8,-1,0.301758,-0.597656,0.593262,-1.8125,-97.875,-23.75,-0.54221,-0.41774,-0.0140236
18320,-5,-4,0,35,80,8,9,2,0.301758,-0.597656,0.593262,-1.8125,-97.875,-23.75,-0.54221,-0.41774,-0.0140236
18327,6,-4,-19,0,-42,11,-19,-5,0.318848,-0.592285,0.609375,13.4375,-101.125,-32.1875,-0.542654,-0.453262,-0.00407704
18327,-19,-4,45,-73,-88,-34,7,-11,0.318848,-0.592285,0.609375,13.4375,-101.125,-32.1875,-0.542654,-0.453262,-0.00407704
18342,10,4,-14,78,106,24,16,9,0.318848,-0.592285,0.609375,13.4375,-101.125,-32.1875,-0.542654,-0.453262,-0.00407704
18342,0,-2,3,89,73,21,1,-2,0.318848,-0.592285,0.609375,13.4375,-101.125,-32.1875,-0.542654,-0.453262,-0.00407704
18344,6,14,38,-92,-97,-38,-9,1,0.342773,-0.48877,0.62207,19.625,-98.1875,-40,-0.541507,-0.488293,0.00368616
18344,-6,-12,-19,12,74,2,4,-10,0.342773,-0.48877,0.62207,19.625,-98.1875,-40,-0.541507,-0.488293,0.00368616
18356,0,-5,-12,84,46,-5,7,7,0.342773,-0.48877,0.62207,19.625,-98.1875,-40,-0.541507,-0.488293,0.00368616
18356,2,0,-10,-28,-18,57,-12,-6,0.342773,-0.48877,0.62207,19.625,-98.1875,-40,-0.541507,-0.488293,0.00368616
18365,13,-3,-11,8,-22,-10,-21,-3,0.421387,-0.302734,0.505371,-4.3125,-97.4375,-39.9375,-0.546054,-0.52624,0.0101101
18365,-1,-9,-16,-108,-83,-35,-7,-11,0.421387,-0.302734,0.505371,-4.3125,-97.4375,-39.9375,-0.546054,-0.52624,0.0101101
18380,-5,-1,40,-54,-89,-18,10,3,0.421387,-0.302734,0.505371,-4.3125,-97.4375,-39.9375,-0.546054,-0.52624,0.0101101
18380,9,9,45,-115,-44,-43,-31,0,0.421387,-0.302734,0.505371,-4.3125,-97.4375,-39.9375,-0.546054,-0.52624,0.0101101
18382,-23,-19,-113,127,123,44,8,9,0.386719,-0.473633,0.57959,-11.875,-93.4375,-38.375,-0.556252,-0.55939,0.0180575
18382,-2,6,-2,121,58,16,-5,1,0.386719,-0.473633,0.57959,-11.875,-93.4375,-38.375,-0.556252,-0.55939,0.0180575
18403,-10,-3,15,-99,-57,-33,-8,-12,0.386719,-0.473633,0.57959,-11.875,-93.4375,-38.375,-0.556252,-0.55939,0.0180575
18403,-15,-11,17,-43,-31,-15,20,-2,0.386719,-0.473633,0.57959,-11.875,-93.4375,-38.375,-0.556252,-0.55939,0.0180575
18404,22,8,-25,33,92,29,-14,5,0.442871,-0.600098,0.592773,15.8125,-95.9375,-57.25,-0.55697,-0.59607,0.0221111
18404,4,18,68,35,5,-4,11,2,0.442871,-0.600098,0.592773,15.8125,-95.9375,-57.25,-0.55697,-0.59607,0.0221111
18416,-7,-8,-40,-22,-51,-10,-14,-9,0.442871,-0.600098,0.592773,15.8125,-95.9375,-57.25,-0.55697,-0.59607,0.0221111
18416,-9,-7,-71,-102,-106,-47,-8,-4,0.442871,-0.600098,0.592773,15.8125,-95.9375,-57.25,-0.55697,-0.59607,0.0221111
18424,12,9,15,-29,-31,0,3,0,0.630371,-0.355469,0.562988,46.0625,-93.875,-57.625,-0.541338,-0.637144,0.0222911
18424,4,-1,-7,32,127,52,23,5,0.630371,-0.355469,0.562988,46.0625,-93.875,-57.625,-0.541338,-0.637144,0.0222911
18440,13,19,51,107,24,8,0,5,0.630371,-0.355469,0.562988,46.0625,-93.875,-57.625,-0.541338,-0.637144,0.0222911
18440,-5,-7,-5,-64,-82,-51,-32,-10,0.630371,-0.355469,0.562988,46.0625,-93.875,-57.625,-0.541338,-0.637144,0.0222911
18442,-15,-3,-3,51,114,29,12,7,0.712891,-0.414062,0.570801,0.25,-97.0625,-48.75,-0.545235,-0.677867,0.0270863
18442,-9,-13,-44,28,6,14,13,-4,0.712891,-0.414062,0.570801,0.25,-97.0625,-48.75,-0.545235,-0.677867,0.0270863
18462,4,15,53,-98,-76,-20,-23,-12,0.712891,-0.414062,0.570801,0.25,-97.0625,-48.75,-0.545235,-0.677867,0.0270863
18462,-5,-6,-13,50,44,16,6,-5,0.712891,-0.414062,0.570801,0.25,-97.0625,-48.75,-0.545235,-0.677867,0.0270863
18464,23,2,-80,48,6,19,15,7,0.757812,-0.476562,0.586914,-19.875,-97.25,-55.75,-0.556161,-0.718794,0.0306205
18464,3,-6,-13,-42,-64,-22,-4,-2,0.757812,-0.476562,0.586914,-19.875,-97.25,-55.75,-0.556161,-0.718794,0.0306205
18476,-22,-38,-69,-63,-38,-26,-22,-16,0.757812,-0.476562,0.586914,-19.875,-97.25,-55.75,-0.556161,-0.718794,0.0306205
18476,5,9,18,-18,-57,-14,5,-5,0.757812,-0.476562,0.586914,-19.875,-97.25,-55.75,-0.556161,-0.718794,0.0306205
18484,-2,1,127,-2,48,4,-22,-20,0.692383,-0.370605,0.530273,7.375,-100.375,-50.25,-0.557149,-0.758113,0.0356824
18484,30,-1,-75,98,82,37,24,17,0.692383,-0.370605,0.530273,7.375,-100.375,-50.25,-0.557149,-0.758113,0.0356824
18500,26,2,-11,17,0,-6,6,9,0.692383,-0.370605,0.530273,7.375,-100.375,-50.25,-0.557149,-0.758113,0.0356824
18500,-26,-7,24,-91,-85,-29,-17,-4,0.692383,-0.370605,0.530273,7.375,-100.375,-50.25,-0.557149,-0.758113,0.0356824
18501,-12,-16,-47,-57,-44,-18,9,2,0.546875,-0.287598,0.588867,17.0625,-100.625,-49.625,-0.554434,-0.796651,0.0406077
18501,-21,-12,-29,17,50,24,8,-24,0.546875,-0.287598,0.588867,17.0625,-100.625,-49.625,-0.554434,-0.796651,0.0406077
18522,16,18,5,91,104,39,10,24,0.546875,-0.287598,0.588867,17.0625,-100.625,-49.625,-0.554434,-0.796651,0.0406077
18522,2,8,21,127,104,41,12,10,0.546875,-0.287598,0.588867,17.0625,-100.625,-49.625,-0.554434,-0.796651,0.0406077
18523,-11,-5,12,-47,-122,-31,-6,-5,0.753906,-0.286133,0.566406,-10.5,-89.5625,-61,-0.554404,-0.83525,0.0368416
18523,-11,-6,14,-106,-100,-59,-20,1,0.753906,-0.286133,0.566406,-10.5,-89.5625,-61,-0.554404,-0.83525,0.0368416
18536,-5,-3,-50,-61,10,4,1,-7,0.753906,-0.286133,0.566406,-10.5,-89.5625,-61,-0.554404,-0.83525,0.0368416
18536,-10,-3,27,43,33,15,-1,-8,0.753906,-0.286133,0.566406,-10.5,-89.5625,-61,-0.554404,-0.83525,0.0368416
18545,-1,-1,-18,-25,-20,3,23,3,0.803711,-0.281738,0.491211,-24.75,-85.25,-52,-0.562624,-0.87218,0.0367103
18545,7,-2,-54,10,18,0,-27,-8,0.803711,-0.281738,0.491211,-24.75,-85.25,-52,-0.562624,-0.87218,0.0367103
18560,-7,-7,-37,49,-2,9,11,9,0.803711,-0.281738,0.491211,-24.75,-85.25,-52,-0.562624,-0.87218,0.0367103
18560,-10,-6,-7,8,27,-15,-2,-9,0.803711,-0.281738,0.491211,-24.75,-85.25,-52,-0.562624,-0.87218,0.0367103
18561,-12,-2,51,-26,-57,-10,-2,-3,0.808105,-0.417969,0.492188,-12.3125,-89.4375,-40.125,-0.576328,-0.905858,0.0472858
18561,-8,1,61,-76,-128,-49,-18,-4,0.808105,-0.417969,0.492188,-12.3125,-89.4375,-40.125,-0.576328,-0.905858,0.0472858
18582,5,11,-7,-45,107,38,3,-7,0.808105,-0.417969,0.492188,-12.3125,-89.4375,-40.125,-0.576328,-0.905858,0.0472858
18582,36,14,50,127,127,69,22,19,0.808105,-0.417969,0.492188,-12.3125,-89.4375,-40.125,-0.576328,-0.905858,0.0472858
18584,-19,2,-11,-14,-32,-6,1,-3,0.864258,-0.298828,0.530762,8.1875,-81.5625,-46.6875,-0.574141,-0.939081,0.0488807
18584,-11,2,18,-93,-60,-11,-7,-3,0.864258,-0.298828,0.530762,8.1875,-81.5625,-46.6875,-0.574141,-0.939081,0.0488807
18596,-10,-3,15,14,-39,-15,-9,-5,0.864258,-0.298828,0.530762,8.1875,-81.5625,-46.6875,-0.574141,-0.939081,0.0488807
18596,3,-16,-31,-15,-12,-16,11,0,0.864258,-0.298828,0.530762,8.1875,-81.5625,-46.6875,-0.574141,-0.939081,0.0488807
18604,2,2,11,-80,31,5,-14,-6,0.921875,-0.147949,0.46582,-6,-70.5625,-46.0625,-0.57082,-0.971783,0.0443603
18604,10,15,19,108,44,12,2,15,0.921875,-0.147949,0.46582,-6,-70.5625,-46.0625,-0.57082,-0.971783,0.0443603
18620,-1,5,31,71,3,0,-1,2,0.921875,-0.147949,0.46582,-6,-70.5625,-46.0625,-0.57082,-0.971783,0.0443603
18620,2,-2,-23,-69,-86,-9,-1,-2,0.921875,-0.147949,0.46582,-6,-70.5625,-46.0625,-0.57082,-0.971783,0.0443603
18621,-11,-10,-36,36,29,-27,-12,-9,0.963379,-0.276367,0.422852,-32.1875,-67.9375,-39.5,-0.58396,-1.00151,0.0466782
18621,-8,-1,17,-53,25,0,-7,-8,0.963379,-0.276367,0.422852,-32.1875,-67.9375,-39.5,-0.58396,-1.00151,0.0466782
18643,14,13,6,12,21,3,12,11,0.963379,-0.276367,0.422852,-32.1875,-67.9375,-39.5,-0.58396,-1.00151,0.0466782
18643,2,0,24,42,47,20,15,6,0.963379,-0.276367,0.422852,-32.1875,-67.9375,-39.5,-0.58396,-1.00151,0.0466782
18644,-2,-5,-21,14,-12,5,-3,-4,0.932129,-0.312988,0.442383,-19.5625,-64.1875,-34.5,-0.595258,-1.02713,0.0518296
18644,14,17,15,-32,-31,-10,-5,3,0.932129,-0.312988,0.442383,-19.5625,-64.1875,-34.5,-0.595258,-1.02713,0.0518296
18673,-13,-13,-23,-65,-34,-12,-3,-17,0.932129,-0.312988,0.442383,-19.5625,-64.1875,-34.5,-0.595258,-1.02713,0.0518296
18673,-17,-5,14,-18,-60,-18,9,3,0.932129,-0.312988,0.442383,-19.5625,-64.1875,-34.5,-0.595258,-1.02713,0.0518296
18673,15,1,44,-106,-115,-33,-29,0,0.906738,-0.220215,0.448242,-2.25,-57.4375,-38.9375,-0.592555,-1.0518,0.0488015
18673,-5,-1,-59,5,124,3,4,-4,0.906738,-0.220215,0.448242,-2.25,-57.4375,-38.9375,-0.592555,-1.0518,0.0488015
18680,2,9,38,87,78,43,5,6,0.906738,-0.220215,0.448242,-2.25,-57.4375,-38.9375,-0.592555,-1.0518,0.0488015
18680,13,17,-1,88,89,34,12,2,0.906738,-0.220215,0.448242,-2.25,-57.4375,-38.9375,-0.592555,-1.0518,0.0488015
18681,5,5,18,-13,-14,2,15,3,1.01709,-0.117188,0.368164,-18.25,-51.3125,-45.0625,-0.587896,-1.07919,0.0376751
18681,10,7,60,36,-77,-3,6,5,1.01709,-0.117188,0.368164,-18.25,-51.3125,-45.0625,-0.587896,-1.07919,0.0376751
18703,-15,-15,-34,-128,-128,-35,-12,-13,1.01709,-0.117188,0.368164,-18.25,-51.3125,-45.0625,-0.587896,-1.07919,0.0376751
18703,-8,-15,-37,-21,16,-15,-8,0,1.01709,-0.117188,0.368164,-18.25,-51.3125,-45.0625,-0.587896,-1.07919,0.0376751
18703,8,-9,-23,60,11,5,-16,-10,1.04834,-0.176758,0.304199,-53.0625,-48.625,-39,-0.601662,-1.1047,0.0327276
18703,1,-4,1,-12,31,-15,-9,-3,1.04834,-0.176758,0.304199,-53.0625,-48.625,-39,-0.601662,-1.1047,0.0327276
18716,0,7,40,67,44,12,10,2,1.04834,-0.176758,0.304199,-53.0625,-48.625,-39,-0.601662,-1.1047,0.0327276
18716,12,5,-26,-85,-49,0,-1,3,1.04834,-0.176758,0.304199,-53.0625,-48.625,-39,-0.601662,-1.1047,0.0327276
18725,-7,4,48,43,45,-12,-5,-8,0.958008,-0.324219,0.311523,-44.0625,-48.4375,-33.625,-0.621713,-1.12569,0.0369061
18725,-13,-17,-35,-5,9,19,19,-7,0.958008,-0.324219,0.311523,-44.0625,-48.4375,-33.625,-0.621713,-1.12569,0.0369061
18739,23,9,26,55,65,11,1,30,0.958008,-0.324219,0.311523,-44.0625,-48.4375,-33.625,-0.621713,-1.12569,0.0369061
18739,8,0,-9,76,40,2,-13,-9,0.958008,-0.324219,0.311523,-44.0625,-48.4375,-33.625,-0.621713,-1.12569,0.0369061
18746,8,11,15,-53,-85,-21,-3,6,0.911621,-0.333496,0.326172,-7.4375,-47.6875,-31.875,-0.630541,-1.14462,0.0428256
18746,-8,-25,-37,-108,-61,-35,-10,-15,0.911621,-0.333496,0.326172,-7.4375,-47.6875,-31.875,-0.630541,-1.14462,0.0428256
18762,-20,-21,-43,36,53,17,29,0,0.911621,-0.333496,0.326172,-7.4375,-47.6875,-31.875,-0.630541,-1.14462,0.0428256
18762,26,10,17,71,81,23,-15,3,0.911621,-0.333496,0.326172,-7.4375,-47.6875,-31.875,-0.630541,-1.14462,0.0428256
18764,-20,14,31,108,111,39,11,5,0.943848,-0.148926,0.304688,8.375,-46.75,-26.6875,-0.628677,-1.16483,0.0447155
18764,0,-1,31,25,-50,-4,-7,2,0.943848,-0.148926,0.304688,8.375,-46.75,-26.6875,-0.628677,-1.16483,0.0447155
18777,-9,-10,-20,-127,-128,-48,-26,-14,0.943848,-0.148926,0.304688,8.375,-46.75,-26.6875,-0.628677,-1.16483,0.0447155
18777,-15,-6,10,-83,-64,-29,-10,-5,0.943848,-0.148926,0.304688,8.375,-46.75,-26.6875,-0.628677,-1.16483,0.0447155
18785,14,-6,-43,-11,21,19,16,2,0.997559,-0.097168,0.265137,-20.1875,-43.75,-22.6875,-0.636987,-1.18488,0.0469443
18785,14,1,14,8,-1,0,-2,11,0.997559,-0.097168,0.265137,-20.1875,-43.75,-22.6875,-0.636987,-1.18488,0.0469443
18799,-6,-3,16,-3,-13,-9,-7,-9,0.997559,-0.097168,0.265137,-20.1875,-43.75,-22.6875,-0.636987,-1.18488,0.0469443
18799,1,0,-8,-14,-3,-8,1,-4,0.997559,-0.097168,0.265137,-20.1875,-43.75,-22.6875,-0.636987,-1.18488,0.0469443
18806,1,0,8,19,26,22,8,4,0.888672,-0.238281,0.258301,-39.875,-46.5,-18.5625,-0.664549,-1.20163,0.0612734
18806,0,18,12,13,5,6,9,9,0.888672,-0.238281,0.258301,-39.875,-46.5,-18.5625,-0.664549,-1.20163,0.0612734
18822,-12,-12,39,-15,-26,-19,-11,-13,0.888672,-0.238281,0.258301,-39.875,-46.5,-18.5625,-0.664549,-1.20163,0.0612734
18822,-16,-18,-58,-24,-18,-8,-5,-5,0.888672,-0.238281,0.258301,-39.875,-46.5,-18.5625,-0.664549,-1.20163,0.0612734
18823,15,7,-15,-37,-21,-9,-7,11,1.04443,-0.30957,0.370117,-20.8125,-44.25,-19.6875,-0.683382,-1.21582,0.0735539
18823,3,-1,-5,32,47,14,3,5,1.04443,-0.30957,0.370117,-20.8125,-44.25,-19.6875,-0.683382,-1.21582,0.0735539
18845,9,11,26,58,30,16,3,-2,1.04443,-0.30957,0.370117,-20.8125,-44.25,-19.6875,-0.683382,-1.21582,0.0735539
18845,-5,4,5,-5,-27,-12,3,-2,1.04443,-0.30957,0.370117,-20.8125,-44.25,-19.6875,-0.683382,-1.21582,0.0735539
18846,-13,-8,-5,-37,-11,-5,-3,-9,1.20605,-0.204102,0.43457,6.625,-28.9375,-18.75,-0.676318,-1.22675,0.0697106
18846,7,6,3,29,18,7,0,3,1.20605,-0.204102,0.43457,6.625,-28.9375,-18.75,-0.676318,-1.22675,0.0697106
18859,1,8,9,36,41,10,3,2,1.20605,-0.204102,0.43457,6.625,-28.9375,-18.75,-0.676318,-1.22675,0.0697106
18859,0,5,18,37,17,5,1,-1,1.20605,-0.204102,0.43457,6.625,-28.9375,-18.75,-0.676318,-1.22675,0.0697106
18866,1,0,-14,10,7,5,8,0,1.12158,-0.0605469,0.370605,5.75,-17.625,-13.875,-0.660941,-1.23606,0.0570971
18866,-7,5,11,-28,-35,-6,-3,-2,1.12158,-0.0605469,0.370605,5.75,-17.625,-13.875,-0.660941,-1.23606,0.0570971
18882,-12,-10,-31,-50,-42,-17,-12,-6,1.12158,-0.0605469,0.370605,5.75,-17.625,-13.875,-0.660941,-1.23606,0.0570971
18882,-6,-1,-20,-40,-20,-18,-5,1,1.12158,-0.0605469,0.370605,5.75,-17.625,-13.875,-0.660941,-1.23606,0.0570971
18884,4,20,12,0,12,13,-2,-1,1.23975,-0.00927734,0.280273,-5.8125,-12.625,-13.4375,-0.647808,-1.24693,0.0424487
18884,1,5,9,10,5,3,0,-1,1.23975,-0.00927734,0.280273,-5.8125,-12.625,-13.4375,-0.647808,-1.24693,0.0424487
18905,3,-4,-26,-10,-12,-25,-1,18,1.23975,-0.00927734,0.280273,-5.8125,-12.625,-13.4375,-0.647808,-1.24693,0.0424487
18905,-4,-16,30,-2,1,-6,-1,-28,1.23975,-0.00927734,0.280273,-5.8125,-12.625,-13.4375,-0.647808,-1.24693,0.0424487
18907,-16,-78,-85,-2,12,52,7,-4,1.23096,-0.0942383,0.236328,-3.4375,-10.625,-2.8125,-0.648146,-1.2541,0.0420859
18907,1,3,4,9,0,2,3,-6,1.23096,-0.0942383,0.236328,-3.4375,-10.625,-2.8125,-0.648146,-1.2541,0.0420859
18919,5,17,3,-3,-4,-3,5,11,1.23096,-0.0942383,0.236328,-3.4375,-10.625,-2.8125,-0.648146,-1.2541,0.0420859
18919,9,43,21,8,5,-19,7,-8,1.23096,-0.0942383,0.236328,-3.4375,-10.625,-2.8125,-0.648146,-1.2541,0.0420859
18927,17,110,95,25,15,-29,-21,-18,1.17432,-0.155273,0.187012,33.875,-10.9375,2.4375,-0.646522,-1.25995,0.0526229
18927,-8,-47,-41,2,-1,-14,2,2,1.17432,-0.155273,0.187012,33.875,-10.9375,2.4375,-0.646522,-1.25995,0.0526229
18950,12,-12,-45,-9,-7,53,25,30,1.17432,-0.155273,0.187012,33.875,-10.9375,2.4375,-0.646522,-1.25995,0.0526229
18950,-17,-112,-38,-20,-7,-7,-8,23,1.17432,-0.155273,0.187012,33.875,-10.9375,2.4375,-0.646522,-1.25995,0.0526229
18951,-19,-38,-39,-1,1,34,14,-21,1.13232,-0.164062,0.295898,77.4375,-14.1875,8.25,-0.632146,-1.26263,0.0663416
18951,-4,-16,-33,-5,-4,-17,-16,-24,1.13232,-0.164062,0.295898,77.4375,-14.1875,8.25,-0.632146,-1.26263,0.0663416
18965,-1,31,9,-4,-5,-23,-11,-10,1.13232,-0.164062,0.295898,77.4375,-14.1875,8.25,-0.632146,-1.26263,0.0663416
18965,27,71,-7,14,9,19,21,80,1.13232,-0.164062,0.295898,77.4375,-14.1875,8.25,-0.632146,-1.26263,0.0663416
18966,-13,-21,4,2,5,-20,5,-25,1.05078,-0.186035,0.143555,104.875,-18.375,12.0625,-0.619667,-1.26591,0.0915981
18966,6,98,31,-11,-8,-1,-18,-50,1.05078,-0.186035,0.143555,104.875,-18.375,12.0625,-0.619667,-1.26591,0.0915981
18979,-12,-80,44,0,-3,-5,-2,3,1.05078,-0.186035,0.143555,104.875,-18.375,12.0625,-0.619667,-1.26591,0.0915981
18979,-17,-4,51,-21,-10,2,-24,-42,1.05078,-0.186035,0.143555,104.875,-18.375,12.0625,-0.619667,-1.26591,0.0915981
18986,0,-66,-64,-5,0,-18,-1,30,1.05664,-0.172363,0.188477,80.25,-17.25,9.75,-0.614345,-1.27061,0.115022
18986,-9,-36,44,8,2,7,4,-17,1.05664,-0.172363,0.188477,80.25,-17.25,9.75,-0.614345,-1.27061,0.115022
19002,19,127,68,28,9,3,-4,-26,1.05664,-0.172363,0.188477,80.25,-17.25,9.75,-0.614345,-1.27061,0.115022
19002,21,36,47,16,8,4,14,14,1.05664,-0.172363,0.188477,80.25,-17.25,9.75,-0.614345,-1.27061,0.115022
19004,-51,-88,-88,-55,-26,-24,-11,-17,1.03955,-0.129395,0.167969,39.25,-11.0625,6.5625,-0.614223,-1.27467,0.129328
19004,17,105,41,5,1,9,0,10,1.03955,-0.129395,0.167969,39.25,-11.0625,6.5625,-0.614223,-1.27467,0.129328
19025,-12,-35,-18,-6,-2,-6,-10,7,1.03955,-0.129395,0.167969,39.25,-11.0625,6.5625,-0.614223,-1.27467,0.129328
19025,-15,-114,-31,10,-2,0,0,-10,1.03955,-0.129395,0.167969,39.25,-11.0625,6.5625,-0.614223,-1.27467,0.129328
19027,2,42,-64,18,13,8,7,18,1.03418,-0.161133,0.220215,11.6875,-9.3125,6.6875,-0.622818,-1.27703,0.142523
19027,-25,-41,65,-8,-13,-5,-3,5,1.03418,-0.161133,0.220215,11.6875,-9.3125,6.6875,-0.622818,-1.27703,0.142523
19039,5,15,44,5,-1,-7,-6,-5,1.03418,-0.161133,0.220215,11.6875,-9.3125,6.6875,-0.622818,-1.27703,0.142523
19039,9,65,72,0,5,8,2,-7,1.03418,-0.161133,0.220215,11.6875,-9.3125,6.6875,-0.622818,-1.27703,0.142523
19046,14,32,-28,-2,-1,-2,-3,7,1.03467,-0.195312,0.276855,-1.3125,-2,-0.875,-0.623691,-1.27745,0.142846
19046,7,-14,-58,4,6,1,6,20,1.03467,-0.195312,0.276855,-1.3125,-2,-0.875,-0.623691,-1.27745,0.142846
19062,-4,-18,-64,-4,-7,-9,0,-5,1.03467,-0.195312,0.276855,-1.3125,-2,-0.875,-0.623691,-1.27745,0.142846
19062,-4,63,99,6,-30,-4,-9,-14,1.03467,-0.195312,0.276855,-1.3125,-2,-0.875,-0.623691,-1.27745,0.142846
19064,-5,-58,-51,-22,0,-26,-14,-6,1.00293,-0.134277,0.381348,-0.3125,0,3.6875,-0.617798,-1.27452,0.137467
19064,6,6,-48,-18,6,16,11,16,1.00293,-0.134277,0.381348,-0.3125,0,3.6875,-0.617798,-1.27452,0.137467
19085,-6,-12,24,8,35,1,-5,-12,1.00293,-0.134277,0.381348,-0.3125,0,3.6875,-0.617798,-1.27452,0.137467
19085,-3,-13,-60,3,16,19,1,1,1.00293,-0.134277,0.381348,-0.3125,0,3.6875,-0.617798,-1.27452,0.137467
19087,24,47,104,21,2,-6,3,14,0.944824,-0.15625,0.375,-13.75,8,1.5625,-0.611339,-1.26948,0.126411
19087,4,-3,55,36,-9,4,0,10,0.944824,-0.15625,0.375,-13.75,8,1.5625,-0.611339,-1.26948,0.126411
19099,-6,-38,-117,-85,-100,-27,-10,-6,0.944824,-0.15625,0.375,-13.75,8,1.5625,-0.611339,-1.26948,0.126411
19099,2,20,0,-17,37,-8,-4,-3,0.944824,-0.15625,0.375,-13.75,8,1.5625,-0.611339,-1.26948,0.126411
19106,10,33,28,56,51,33,12,5,0.924805,0.0268555,0.224609,6.875,8.5625,-1.875,-0.589563,-1.27004,0.107298
19106,1,-23,12,15,23,4,3,8,0.924805,0.0268555,0.224609,6.875,8.5625,-1.875,-0.589563,-1.27004,0.107298
19122,-1,9,8,-3,-14,0,2,-5,0.924805,0.0268555,0.224609,6.875,8.5625,-1.875,-0.589563,-1.27004,0.107298
19122,-3,2,-15,-13,-53,-29,-13,-7,0.924805,0.0268555,0.224609,6.875,8.5625,-1.875,-0.589563,-1.27004,0.107298
19124,0,5,54,1,-10,0,0,-5,1.00586,-0.150391,0.206543,-18,10.5625,8.9375,-0.59848,-1.26689,0.109867
19124,8,5,-70,-25,6,4,2,8,1.00586,-0.150391,0.206543,-18,10.5625,8.9375,-0.59848,-1.26689,0.109867
19145,2,-4,83,28,25,7,0,-4,1.00586,-0.150391,0.206543,-18,10.5625,8.9375,-0.59848,-1.26689,0.109867
19145,-10,-51,-128,-19,-25,-20,-10,-10,1.00586,-0.150391,0.206543,-18,10.5625,8.9375,-0.59848,-1.26689,0.109867
19146,5,2,7,-16,-3,2,2,2,1.05615,-0.298828,0.313965,-32.5625,18.6875,11.25,-0.61326,-1.25704,0.113082
19146,1,12,27,7,-8,-2,-1,-3,1.05615,-0.298828,0.313965,-32.5625,18.6875,11.25,-0.61326,-1.25704,0.113082
19159,4,5,28,26,13,4,2,0,1.05615,-0.298828,0.313965,-32.5625,18.6875,11.25,-0.61326,-1.25704,0.113082
19159,1,-4,-13,-18,4,9,2,0,1.05615,-0.298828,0.313965,-32.5625,18.6875,11.25,-0.61326,-1.25704,0.113082
19167,10,22,23,18,2,-1,-8,0,0.937988,-0.361816,0.379395,6.4375,27.3125,20.5,-0.617783,-1.24034,0.119608
19167,6,-14,-26,-7,-5,0,1,6,0.937988,-0.361816,0.379395,6.4375,27.3125,20.5,-0.617783,-1.24034,0.119608
19182,-6,3,-29,-7,8,1,-2,-7,0.937988,-0.361816,0.379395,6.4375,27.3125,20.5,-0.617783,-1.24034,0.119608
19182,-21,0,13,22,7,3,-2,-4,0.937988,-0.361816,0.379395,6.4375,27.3125,20.5,-0.617783,-1.24034,0.119608
19183,-7,11,27,-7,-14,-14,-3,0,0.852051,-0.302734,0.391602,50.1875,36.0625,33.8125,-0.608958,-1.21909,0.128614
19183,-5,-3,2,1,-6,-6,-2,0,0.852051,-0.302734,0.391602,50.1875,36.0625,33.8125,-0.608958,-1.21909,0.128614
19204,14,-4,-14,-6,10,7,2,4,0.852051,-0.302734,0.391602,50.1875,36.0625,33.8125,-0.608958,-1.21909,0.128614
19204,3,12,15,4,0,0,0,3,0.852051,-0.302734,0.391602,50.1875,36.0625,33.8125,-0.608958,-1.21909,0.128614
19207,-5,-2,-7,-26,-18,-16,-8,-6,0.819336,-0.228027,0.42627,48.125,45.0625,36.8125,-0.59311,-1.19529,0.130214
19207,7,-4,27,22,12,5,5,9,0.819336,-0.228027,0.42627,48.125,45.0625,36.8125,-0.59311,-1.19529,0.130214
19228,-2,-2,-13,-13,-4,-2,-1,-3,0.819336,-0.228027,0.42627,48.125,45.0625,36.8125,-0.59311,-1.19529,0.130214
19228,-12,3,-14,-6,3,7,5,-5,0.819336,-0.228027,0.42627,48.125,45.0625,36.8125,-0.59311,-1.19529,0.130214
19229,-2,0,-3,7,-15,-17,-8,-3,0.780273,-0.193848,0.430664,50.5,57.1875,40.3125,-0.572947,-1.16794,0.128055
19229,-20,-13,-24,-4,0,-3,-5,-10,0.780273,-0.193848,0.430664,50.5,57.1875,40.3125,-0.572947,-1.16794,0.128055
19243,9,11,4,4,13,10,3,6,0.780273,-0.193848,0.430664,50.5,57.1875,40.3125,-0.572947,-1.16794,0.128055
19243,8,44,63,-18,-5,-3,1,1,0.780273,-0.193848,0.430664,50.5,57.1875,40.3125,-0.572947,-1.16794,0.128055
19244,3,-49,-70,0,2,3,-1,3,0.726074,-0.250977,0.459961,43.4375,61.8125,44.4375,-0.559072,-1.13722,0.129858
19244,0,-6,-18,-23,-16,-18,-9,-1,0.726074,-0.250977,0.459961,43.4375,61.8125,44.4375,-0.559072,-1.13722,0.129858
19265,-7,-7,9,7,4,10,6,-1,0.726074,-0.250977,0.459961,43.4375,61.8125,44.4375,-0.559072,-1.13722,0.129858
19265,5,2,34,9,0,15,0,-2,0.726074,-0.250977,0.459961,43.4375,61.8125,44.4375,-0.559072,-1.13722,0.129858
19266,0,28,58,27,10,6,10,6,0.725586,-0.314453,0.494629,48.625,68.1875,43.9375,-0.544101,-1.104,0.131936
19266,3,-7,-49,-6,11,9,3,0,0.725586,-0.314453,0.494629,48.625,68.1875,43.9375,-0.544101,-1.104,0.131936
19287,-3,-5,-20,-15,-10,-14,-5,-2,0.725586,-0.314453,0.494629,48.625,68.1875,43.9375,-0.544101,-1.104,0.131936
19287,-3,2,0,30,5,-1,-3,-4,0.725586,-0.314453,0.494629,48.625,68.1875,43.9375,-0.544101,-1.104,0.131936
19289,-2,-3,-17,-16,-6,1,3,0,0.730957,-0.324707,0.452637,55,75.625,43.5,-0.526991,-1.07031,0.133608
19289,1,3,1,19,-4,-1,-1,0,0.730957,-0.324707,0.452637,55,75.625,43.5,-0.526991,-1.07031,0.133608
19302,2,9,-1,-4,4,-5,-3,-1,0.730957,-0.324707,0.452637,55,75.625,43.5,-0.526991,-1.07031,0.133608
19302,3,-7,-9,-16,-3,-6,-2,1,0.730957,-0.324707,0.452637,55,75.625,43.5,-0.526991,-1.07031,0.133608
19304,1,4,0,-7,0,4,-1,-2,0.678711,-0.332031,0.502441,76.25,77,51.0625,-0.506676,-1.03398,0.140163
19304,-4,-4,4,-21,-9,-7,-5,-6,0.678711,-0.332031,0.502441,76.25,77,51.0625,-0.506676,-1.03398,0.140163
19324,-8,5,2,3,-4,-9,-10,-5,0.678711,-0.332031,0.502441,76.25,77,51.0625,-0.506676,-1.03398,0.140163
19324,8,-16,-48,7,5,6,3,6,0.678711,-0.332031,0.502441,76.25,77,51.0625,-0.506676,-1.03398,0.140163
19333,4,-31,-38,-9,-2,-2,0,-3,0.661133,-0.310547,0.463867,81.375,73.3125,51.9375,-0.486941,-1.00006,0.149524
19333,-20,27,73,0,-1,4,1,-1,0.661133,-0.310547,0.463867,81.375,73.3125,51.9375,-0.486941,-1.00006,0.149524
19338,-4,10,3,-4,-11,-13,-3,-4,0.661133,-0.310547,0.463867,81.375,73.3125,51.9375,-0.486941,-1.00006,0.149524
19338,-6,-15,15,-25,-22,2,-3,-6,0.661133,-0.310547,0.463867,81.375,73.3125,51.9375,-0.486941,-1.00006,0.149524
19347,0,7,-40,48,33,13,9,-1,0.705078,-0.151367,0.591309,73,71.4375,43.875,-0.459132,-0.968575,0.148887
19347,26,-23,-10,34,25,7,7,9,0.705078,-0.151367,0.591309,73,71.4375,43.875,-0.459132,-0.968575,0.148887
19362,-40,-9,20,24,9,5,-9,-4,0.705078,-0.151367,0.591309,73,71.4375,43.875,-0.459132,-0.968575,0.148887
19362,-7,-9,-19,-9,10,-10,-10,-8,0.705078,-0.151367,0.591309,73,71.4375,43.875,-0.459132,-0.968575,0.148887
19364,8,17,4,-36,-32,-8,-5,-1,0.706055,-0.158691,0.48584,60.125,71.5625,38,-0.437136,-0.940405,0.148717
19364,8,2,24,-12,-16,-4,2,2,0.706055,-0.158691,0.48584,60.125,71.5625,38,-0.437136,-0.940405,0.148717
19384,17,32,37,14,2,2,6,7,0.706055,-0.158691,0.48584,60.125,71.5625,38,-0.437136,-0.940405,0.148717
19384,-4,-48,-82,-9,-10,-10,-3,0,0.706055,-0.158691,0.48584,60.125,71.5625,38,-0.437136,-0.940405,0.148717
19386,4,20,92,4,1,5,3,6,0.824219,-0.289062,0.570801,53.375,68.6875,41.125,-0.423748,-0.912613,0.15478
19386,-5,9,-21,-2,1,-2,-1,-1,0.824219,-0.289062,0.570801,53.375,68.6875,41.125,-0.423748,-0.912613,0.15478
19407,-3,-22,-44,-24,-12,-6,-6,-6,0.824219,-0.289062,0.570801,53.375,68.6875,41.125,-0.423748,-0.912613,0.15478
19407,-4,20,2,0,1,0,1,1,0.824219,-0.289062,0.570801,53.375,68.6875,41.125,-0.423748,-0.912613,0.15478
19409,-3,5,-1,-6,4,2,1,0,0.826172,-0.199707,0.512207,33.25,75.6875,28.4375,-0.409303,-0.886723,0.151601
19409,-6,9,17,12,1,0,0,1,0.826172,-0.199707,0.512207,33.25,75.6875,28.4375,-0.409303,-0.886723,0.151601
19422,-6,-12,-11,-3,-6,-2,1,-4,0.826172,-0.199707,0.512207,33.25,75.6875,28.4375,-0.409303,-0.886723,0.151601
19422,-4,0,5,8,7,4,5,-1,0.826172,-0.199707,0.512207,33.25,75.6875,28.4375,-0.409303,-0.886723,0.151601
19424,0,18,57,2,4,1,1,1,0.783691,-0.242188,0.55127,36.8125,74.5,37.5,-0.398932,-0.859088,0.154667
19424,-6,-2,-50,-10,-10,-3,-3,-2,0.783691,-0.242188,0.55127,36.8125,74.5,37.5,-0.398932,-0.859088,0.154667
19445,-9,-3,8,-9,-3,-1,-2,-3,0.783691,-0.242188,0.55127,36.8125,74.5,37.5,-0.398932,-0.859088,0.154667
19445,4,10,18,0,0,-4,0,2,0.783691,-0.242188,0.55127,36.8125,74.5,37.5,-0.398932,-0.859088,0.154667
19447,-2,4,-18,-6,-3,2,-2,-2,0.731934,-0.240723,0.589844,38.5,70.5625,41.5625,-0.389923,-0.831223,0.160592
19447,-8,-2,15,-5,-3,-2,-5,-3,0.731934,-0.240723,0.589844,38.5,70.5625,41.5625,-0.389923,-0.831223,0.160592
19459,4,-10,-5,3,5,4,2,1,0.731934,-0.240723,0.589844,38.5,70.5625,41.5625,-0.389923,-0.831223,0.160592
19459,1,20,36,10,3,-1,2,1,0.731934,-0.240723,0.589844,38.5,70.5625,41.5625,-0.389923,-0.831223,0.160592
19467,-4,-31,-54,-22,-9,-1,-2,-3,0.674316,-0.161621,0.600586,30,68.75,36,-0.37958,-0.804921,0.162511
19467,-7,16,65,0,-3,-2,-2,-4,0.674316,-0.161621,0.600586,30,68.75,36,-0.37958,-0.804921,0.162511
19484,4,-5,-31,11,5,3,2,2,0.674316,-0.161621,0.600586,30,68.75,36,-0.37958,-0.804921,0.162511
19484,1,1,6,-17,-4,-3,-2,-1,0.674316,-0.161621,0.600586,30,68.75,36,-0.37958,-0.804921,0.162511
19485,-3,3,-35,-1,-2,-4,-2,1,0.60791,-0.100098,0.641113,19.0625,62.6875,29.9375,-0.369821,-0.780317,0.161445
19485,-1,-16,9,-9,-6,-8,-2,0,0.60791,-0.100098,0.641113,19.0625,62.6875,29.9375,-0.369821,-0.780317,0.161445
19512,-1,-3,14,3,4,11,3,0,0.60791,-0.100098,0.641113,19.0625,62.6875,29.9375,-0.369821,-0.780317,0.161445
19512,-6,-5,-44,7,3,-2,-1,-3,0.60791,-0.100098,0.641113,19.0625,62.6875,29.9375,-0.369821,-0.780317,0.161445
19513,5,6,5,-14,-4,-3,-4,-2,0.530273,-0.097168,0.595215,17.375,54.75,25,-0.361006,-0.758782,0.160449
19513,1,-7,49,10,-5,-3,-2,0,0.530273,-0.097168,0.595215,17.375,54.75,25,-0.361006,-0.758782,0.160449
19518,5,25,32,14,12,1,1,2,0.530273,-0.097168,0.595215,17.375,54.75,25,-0.361006,-0.758782,0.160449
19518,-4,-13,-89,-18,-9,-2,-2,-4,0.530273,-0.097168,0.595215,17.375,54.75,25,-0.361006,-0.758782,0.160449
19527,-1,-16,28,9,2,1,1,-1,0.479492,-0.208984,0.589844,-0.8125,39.0625,16.75,-0.361415,-0.742243,0.161089
19527,3,8,2,-2,-6,-4,-1,1,0.479492,-0.208984,0.589844,-0.8125,39.0625,16.75,-0.361415,-0.742243,0.161089
19542,-9,15,13,3,0,-2,-3,-3,0.479492,-0.208984,0.589844,-0.8125,39.0625,16.75,-0.361415,-0.742243,0.161089
19542,1,-44,-43,-4,3,-1,0,-1,0.479492,-0.208984,0.589844,-0.8125,39.0625,16.75,-0.361415,-0.742243,0.161089
19544,4,30,67,15,-2,-3,-1,2,0.580566,-0.318359,0.613281,0.9375,22.25,4.125,-0.362508,-0.73376,0.161052
19544,-2,-1,-73,-13,-1,0,-4,-3,0.580566,-0.318359,0.613281,0.9375,22.25,4.125,-0.362508,-0.73376,0.161052
19565,8,13,82,-7,-5,-6,0,2,0.580566,-0.318359,0.613281,0.9375,22.25,4.125,-0.362508,-0.73376,0.161052
19565,-10,-34,-36,4,0,4,-3,-3,0.580566,-0.318359,0.613281,0.9375,22.25,4.125,-0.362508,-0.73376,0.161052
19567,-6,4,-26,-16,-2,-2,-2,-4,0.739258,-0.351074,0.666016,20.5625,16.5,-6.5625,-0.354836,-0.730536,0.157584
19567,5,5,32,12,7,0,-1,1,0.739258,-0.351074,0.666016,20.5625,16.5,-6.5625,-0.354836,-0.730536,0.157584
19579,-1,-25,-2,-6,-1,0,1,-2,0.739258,-0.351074,0.666016,20.5625,16.5,-6.5625,-0.354836,-0.730536,0.157584
19579,0,6,18,-3,-8,-5,-1,-3,0.739258,-0.351074,0.666016,20.5625,16.5,-6.5625,-0.354836,-0.730536,0.157584
19594,4,5,82,21,11,4,3,2,0.734863,-0.260254,0.660156,41.875,18.6875,-6.3125,-0.337199,-0.726898,0.15244
19594,-5,12,-74,-17,-4,1,-2,-4,0.734863,-0.260254,0.660156,41.875,18.6875,-6.3125,-0.337199,-0.726898,0.15244
19603,3,-3,6,-8,-20,-3,1,-1,0.734863,-0.260254,0.660156,41.875,18.6875,-6.3125,-0.337199,-0.726898,0.15244
19603,2,10,8,-4,9,-6,-1,0,0.734863,-0.260254,0.660156,41.875,18.6875,-6.3125,-0.337199,-0.726898,0.15244
19605,-2,29,30,11,-2,1,1,0,0.652344,-0.167969,0.657715,42,16.0625,-2.6875,-0.318588,-0.72301,0.147727
19605,-2,-48,-18,-1,0,0,3,1,0.652344,-0.167969,0.657715,42,16.0625,-2.6875,-0.318588,-0.72301,0.147727
19625,-1,-69,-120,-5,2,2,3,2,0.652344,-0.167969,0.657715,42,16.0625,-2.6875,-0.318588,-0.72301,0.147727
19625,1,74,127,6,-8,-9,-6,-5,0.652344,-0.167969,0.657715,42,16.0625,-2.6875,-0.318588,-0.72301,0.147727
19626,-7,-15,5,-4,1,-4,-1,0,0.629883,-0.157715,0.649414,13.3125,7.6875,-2.6875,-0.31094,-0.721545,0.144491
19626,-2,-20,-39,-5,0,3,1,0,0.629883,-0.157715,0.649414,13.3125,7.6875,-2.6875,-0.31094,-0.721545,0.144491
19647,10,39,63,11,4,7,1,3,0.629883,-0.157715,0.649414,13.3125,7.6875,-2.6875,-0.31094,-0.721545,0.144491
19647,-5,-22,-54,-6,-3,-1,-2,0,0.629883,-0.157715,0.649414,13.3125,7.6875,-2.6875,-0.31094,-0.721545,0.144491
19649,0,8,27,-2,-3,-1,-1,-1,0.633789,-0.26123,0.662598,-10.6875,0.4375,-5.9375,-0.314288,-0.722119,0.142731
19649,2,8,86,12,2,0,-2,-1,0.633789,-0.26123,0.662598,-10.6875,0.4375,-5.9375,-0.314288,-0.722119,0.142731
19662,-3,-30,-107,-15,-1,-5,-1,-2,0.633789,-0.26123,0.662598,-10.6875,0.4375,-5.9375,-0.314288,-0.722119,0.142731
19662,6,27,110,14,6,4,3,3,0.633789,-0.26123,0.662598,-10.6875,0.4375,-5.9375,-0.314288,-0.722119,0.142731
19669,-7,-28,-28,-10,-9,-3,-3,-5,0.65625,-0.414062,0.680176,2.25,-5.0625,-9.625,-0.317118,-0.724282,0.143177
19669,12,29,3,0,2,2,3,5,0.65625,-0.414062,0.680176,2.25,-5.0625,-9.625,-0.317118,-0.724282,0.143177
19685,-10,11,-2,1,1,-6,-6,-7,0.65625,-0.414062,0.680176,2.25,-5.0625,-9.625,-0.317118,-0.724282,0.143177
19685,4,33,26,2,-3,-1,2,1,0.65625,-0.414062,0.680176,2.25,-5.0625,-9.625,-0.317118,-0.724282,0.143177
19687,-7,-50,-95,-16,-7,-4,-1,-2,0.69043,-0.381836,0.669434,21.5625,-4.75,-14.125,-0.311067,-0.727708,0.141052
19687,5,56,97,19,7,3,0,2,0.69043,-0.381836,0.669434,21.5625,-4.75,-14.125,-0.311067,-0.727708,0.141052
19698,-4,-31,-1,-2,3,1,-1,0,0.69043,-0.381836,0.669434,21.5625,-4.75,-14.125,-0.311067,-0.727708,0.141052
19698,-2,11,82,-3,0,2,0,2,0.69043,-0.381836,0.669434,21.5625,-4.75,-14.125,-0.311067,-0.727708,0.141052
19708,2,17,32,-5,-5,-3,-3,-2,0.725098,-0.247559,0.665527,31.5,-2.5625,-22.125,-0.295045,-0.732396,0.132334
19708,-17,-48,-81,-13,-7,-5,-6,-7,0.725098,-0.247559,0.665527,31.5,-2.5625,-22.125,-0.295045,-0.732396,0.132334
19722,1,43,67,8,-5,-9,-2,0,0.725098,-0.247559,0.665527,31.5,-2.5625,-22.125,-0.295045,-0.732396,0.132334
19722,6,0,-62,-2,7,9,-1,2,0.725098,-0.247559,0.665527,31.5,-2.5625,-22.125,-0.295045,-0.732396,0.132334
19728,-2,-11,-5,7,2,0,0,0,0.697754,-0.189453,0.662109,26.1875,-6.625,-23.3125,-0.279401,-0.738189,0.122679
19728,-1,-3,1,0,-1,-1,-2,0,0.697754,-0.189453,0.662109,26.1875,-6.625,-23.3125,-0.279401,-0.738189,0.122679
19753,3,-12,-14,2,-3,-6,0,0,0.697754,-0.189453,0.662109,26.1875,-6.625,-23.3125,-0.279401,-0.738189,0.122679
19753,2,8,36,5,0,1,1,-2,0.697754,-0.189453,0.662109,26.1875,-6.625,-23.3125,-0.279401,-0.738189,0.122679
19754,-2,-84,-1,1,3,-1,1,0,0.696777,-0.177734,0.652344,15.6875,-12.25,-22.9375,-0.267866,-0.745664,0.113764
19754,-2,14,-17,-7,-6,-6,-5,-6,0.696777,-0.177734,0.652344,15.6875,-12.25,-22.9375,-0.267866,-0.745664,0.113764
19767,10,45,-12,2,6,3,3,4,0.696777,-0.177734,0.652344,15.6875,-12.25,-22.9375,-0.267866,-0.745664,0.113764
19767,-11,-113,-71,-7,-4,-3,-2,-2,0.696777,-0.177734,0.652344,15.6875,-12.25,-22.9375,-0.267866,-0.745664,0.113764
19769,6,76,86,13,-3,-3,-3,-2,0.77002,-0.222656,0.606934,10.8125,-17.3125,-27.5625,-0.258946,-0.756953,0.10465
19769,-3,-25,2,-5,-1,5,3,-1,0.77002,-0.222656,0.606934,10.8125,-17.3125,-27.5625,-0.258946,-0.756953,0.10465
19783,-4,-21,-8,4,0,4,-2,-2,0.77002,-0.222656,0.606934,10.8125,-17.3125,-27.5625,-0.258946,-0.756953,0.10465
19783,7,45,3,-6,-6,-3,-1,1,0.77002,-0.222656,0.606934,10.8125,-17.3125,-27.5625,-0.258946,-0.756953,0.10465
19789,16,33,-8,6,5,1,4,21,0.813477,-0.213379,0.589844,10.625,-20.3125,-27.125,-0.250349,-0.769902,0.0959069
19789,-1,-29,-20,-5,-2,-2,4,6,0.813477,-0.213379,0.589844,10.625,-20.3125,-27.125,-0.250349,-0.769902,0.0959069
