0,-3,0,-1,0,-1,-2,-1,-1,1.02783,-0.142578,0.137207,28.1875,2.375,12.0625,-0.61574,-1.35619,-2.59225
0,0,-1,0,-1,0,-2,-1,-2,1.02783,-0.142578,0.137207,28.1875,2.375,12.0625,-0.61574,-1.35619,-2.59225
0,1,-2,-1,-1,-2,-2,-2,-2,1.02783,-0.142578,0.137207,28.1875,2.375,12.0625,-0.61574,-1.35619,-2.59225
0,0,-1,-1,-2,-2,1,1,0,1.02783,-0.142578,0.137207,28.1875,2.375,12.0625,-0.61574,-1.35619,-2.59225
2,-1,0,-2,-2,-1,-1,-1,0,1.02783,-0.142578,0.137207,28.1875,2.375,12.0625,-0.61574,-1.35619,-2.59225
2,-2,-1,0,-2,-2,0,-1,-1,1.02783,-0.142578,0.137207,28.1875,2.375,12.0625,-0.61574,-1.35619,-2.59225
3,-2,0,-1,-1,-1,0,-1,-1,1.02783,-0.142578,0.137207,28.1875,2.375,12.0625,-0.61574,-1.35619,-2.59225
3,1,-4,0,2,0,-1,-3,-1,1.02783,-0.142578,0.137207,28.1875,2.375,12.0625,-0.61574,-1.35619,-2.59225
16,0,-2,-1,-1,-1,-1,0,-2,1.01953,-0.144043,0.139648,25.5625,2.375,11.5,-0.623879,-1.35413,-2.57531
16,-2,1,-1,-1,0,-1,-1,-2,1.01953,-0.144043,0.139648,25.5625,2.375,11.5,-0.623879,-1.35413,-2.57531
17,0,-1,0,-1,-1,-2,-1,3,1.01953,-0.144043,0.139648,25.5625,2.375,11.5,-0.623879,-1.35413,-2.57531
17,-3,-1,-1,-1,0,0,-1,-1,1.01953,-0.144043,0.139648,25.5625,2.375,11.5,-0.623879,-1.35413,-2.57531
31,-1,0,-1,-1,0,0,-2,-1,1.0083,-0.15625,0.151855,25.8125,2.3125,11,-0.630891,-1.35127,-2.55894
31,0,2,-1,-1,0,-1,-2,-1,1.0083,-0.15625,0.151855,25.8125,2.3125,11,-0.630891,-1.35127,-2.55894
40,1,-1,-1,-1,-1,-1,0,-2,1.0083,-0.15625,0.151855,25.8125,2.3125,11,-0.630891,-1.35127,-2.55894
40,0,-1,0,0,1,-3,0,0,1.0083,-0.15625,0.151855,25.8125,2.3125,11,-0.630891,-1.35127,-2.55894
52,-1,-1,-1,0,-1,-1,0,-1,0.995605,-0.152832,0.145996,27.4375,1.875,10.3125,-0.636311,-1.34922,-2.54399
52,-1,0,0,0,-2,-1,0,1,0.995605,-0.152832,0.145996,27.4375,1.875,10.3125,-0.636311,-1.34922,-2.54399
69,-1,1,0,0,-1,0,-2,0,0.995605,-0.152832,0.145996,27.4375,1.875,10.3125,-0.636311,-1.34922,-2.54399
69,-1,0,-3,0,-2,-2,1,-1,0.995605,-0.152832,0.145996,27.4375,1.875,10.3125,-0.636311,-1.34922,-2.54399
71,-1,1,-1,-2,-1,-2,-1,-1,0.980469,-0.145508,0.156738,26.8125,1.75,9.5,-0.639581,-1.34664,-2.53072
71,-3,-2,0,-1,0,0,0,-1,0.980469,-0.145508,0.156738,26.8125,1.75,9.5,-0.639581,-1.34664,-2.53072
116,-1,-2,-2,1,-1,0,-2,-3,0.952637,-0.145996,0.152832,22.6875,2.0625,7.4375,-0.644372,-1.34317,-2.50942
116,-1,-1,-1,-1,-1,-2,-1,-2,0.952637,-0.145996,0.152832,22.6875,2.0625,7.4375,-0.644372,-1.34317,-2.50942
118,-1,-2,-2,0,-4,-1,0,-1,0.952637,-0.145996,0.152832,22.6875,2.0625,7.4375,-0.644372,-1.34317,-2.50942
118,0,-2,-3,-1,-2,-1,0,-2,0.952637,-0.145996,0.152832,22.6875,2.0625,7.4375,-0.644372,-1.34317,-2.50942
122,-2,-1,-1,-1,0,-1,0,-1,0.952637,-0.145996,0.152832,22.6875,2.0625,7.4375,-0.644372,-1.34317,-2.50942
122,-1,-1,-2,-1,-1,-2,-1,0,0.952637,-0.145996,0.152832,22.6875,2.0625,7.4375,-0.644372,-1.34317,-2.50942
122,-1,0,1,-1,-1,1,-1,-2,0.952637,-0.145996,0.152832,22.6875,2.0625,7.4375,-0.644372,-1.34317,-2.50942
122,0,-1,-2,0,0,-1,-1,-1,0.952637,-0.145996,0.152832,22.6875,2.0625,7.4375,-0.644372,-1.34317,-2.50942
129,-1,-1,0,-3,-3,-2,0,0,0.94873,-0.148438,0.157227,20.4375,2.5,6.125,-0.644445,-1.34098,-2.50174
129,-1,0,1,1,2,0,-2,-3,0.94873,-0.148438,0.157227,20.4375,2.5,6.125,-0.644445,-1.34098,-2.50174
136,0,-1,0,-1,-1,-2,-1,0,0.94873,-0.148438,0.157227,20.4375,2.5,6.125,-0.644445,-1.34098,-2.50174
136,0,3,0,1,0,0,1,0,0.94873,-0.148438,0.157227,20.4375,2.5,6.125,-0.644445,-1.34098,-2.50174
144,-1,-5,3,1,1,0,-1,-2,0.944824,-0.153809,0.167969,19,2.875,4.5625,-0.643505,-1.33926,-2.49631
144,1,0,-6,-2,-1,0,0,0,0.944824,-0.153809,0.167969,19,2.875,4.5625,-0.643505,-1.33926,-2.49631
159,0,-4,-2,-2,-1,-1,-1,-2,0.944824,-0.153809,0.167969,19,2.875,4.5625,-0.643505,-1.33926,-2.49631
159,-2,-5,-2,-1,0,0,-3,-1,0.944824,-0.153809,0.167969,19,2.875,4.5625,-0.643505,-1.33926,-2.49631
165,-2,3,0,-1,0,0,-2,-2,0.947266,-0.153809,0.165527,16.1875,3.0625,2.625,-0.640656,-1.33793,-2.49347
165,2,3,1,-1,-2,-2,0,-1,0.947266,-0.153809,0.165527,16.1875,3.0625,2.625,-0.640656,-1.33793,-2.49347
189,-2,2,0,0,0,-1,-2,0,0.947266,-0.153809,0.165527,16.1875,3.0625,2.625,-0.640656,-1.33793,-2.49347
189,-1,1,-1,-4,-2,-1,1,-1,0.947266,-0.153809,0.165527,16.1875,3.0625,2.625,-0.640656,-1.33793,-2.49347
191,-1,-1,-2,0,0,0,0,-1,0.952637,-0.141113,0.172363,12.5,3.125,1.5,-0.636256,-1.33671,-2.49351
191,-3,-4,0,-2,0,-1,0,1,0.952637,-0.141113,0.172363,12.5,3.125,1.5,-0.636256,-1.33671,-2.49351
203,0,-2,-2,-1,-1,0,1,1,0.952637,-0.141113,0.172363,12.5,3.125,1.5,-0.636256,-1.33671,-2.49351
203,-2,-4,1,-1,-1,-2,-2,1,0.952637,-0.141113,0.172363,12.5,3.125,1.5,-0.636256,-1.33671,-2.49351
212,0,-4,-1,-2,-3,-3,-2,1,0.95459,-0.14209,0.166016,8.1875,3.375,0.375,-0.632496,-1.33604,-2.4946
212,-1,-2,1,-2,-2,0,-1,0,0.95459,-0.14209,0.166016,8.1875,3.375,0.375,-0.632496,-1.33604,-2.4946
227,1,0,2,-1,-1,-1,-2,-1,0.95459,-0.14209,0.166016,8.1875,3.375,0.375,-0.632496,-1.33604,-2.4946
227,1,2,-1,-1,-2,-2,1,-1,0.95459,-0.14209,0.166016,8.1875,3.375,0.375,-0.632496,-1.33604,-2.4946
228,0,5,-3,-1,-1,0,1,-1,0.946777,-0.137207,0.168457,4.75,3.6875,-0.375,-0.628662,-1.33496,-2.4966
228,0,7,0,-3,-4,-1,-2,-1,0.946777,-0.137207,0.168457,4.75,3.6875,-0.375,-0.628662,-1.33496,-2.4966
249,-1,-8,-2,-1,0,-1,0,-1,0.946777,-0.137207,0.168457,4.75,3.6875,-0.375,-0.628662,-1.33496,-2.4966
249,-1,-8,-2,-1,-1,-1,-3,-3,0.946777,-0.137207,0.168457,4.75,3.6875,-0.375,-0.628662,-1.33496,-2.4966
250,0,-2,-1,0,-2,-2,0,0,0.94043,-0.132812,0.158691,1.4375,4.25,-0.5625,-0.625145,-1.3343,-2.49963
250,-2,-2,-1,0,-1,-2,-2,-1,0.94043,-0.132812,0.158691,1.4375,4.25,-0.5625,-0.625145,-1.3343,-2.49963
263,-1,1,-1,-1,0,-1,0,-2,0.94043,-0.132812,0.158691,1.4375,4.25,-0.5625,-0.625145,-1.3343,-2.49963
263,-2,-3,-1,-1,-1,-1,-1,0,0.94043,-0.132812,0.158691,1.4375,4.25,-0.5625,-0.625145,-1.3343,-2.49963
270,-1,2,1,-2,-2,-1,0,1,0.919434,-0.124023,0.154297,-2.5625,5.4375,-0.5,-0.622294,-1.33383,-2.504
270,-4,-8,-8,-2,-2,0,-2,-2,0.919434,-0.124023,0.154297,-2.5625,5.4375,-0.5,-0.622294,-1.33383,-2.504
287,-2,2,-1,-2,-2,0,-1,0,0.919434,-0.124023,0.154297,-2.5625,5.4375,-0.5,-0.622294,-1.33383,-2.504
287,-1,-1,-1,1,-1,-1,-1,1,0.919434,-0.124023,0.154297,-2.5625,5.4375,-0.5,-0.622294,-1.33383,-2.504
288,-1,0,-1,-1,-2,-1,0,0,0.904297,-0.125977,0.148438,-5.9375,5.9375,0,-0.620869,-1.33248,-2.50738
288,-2,0,0,-1,-1,-2,-2,0,0.904297,-0.125977,0.148438,-5.9375,5.9375,0,-0.620869,-1.33248,-2.50738
308,0,-2,-3,1,-1,0,-1,-2,0.904297,-0.125977,0.148438,-5.9375,5.9375,0,-0.620869,-1.33248,-2.50738
308,0,2,0,-1,1,0,-1,-2,0.904297,-0.125977,0.148438,-5.9375,5.9375,0,-0.620869,-1.33248,-2.50738
310,-2,-3,-1,-3,-1,-1,-2,0,0.896973,-0.122559,0.136719,-8.625,6.6875,0.9375,-0.621615,-1.33143,-2.51013
310,1,-2,-3,-1,0,-2,0,0,0.896973,-0.122559,0.136719,-8.625,6.6875,0.9375,-0.621615,-1.33143,-2.51013
324,-1,-1,-3,0,-1,-1,-1,-2,0.896973,-0.122559,0.136719,-8.625,6.6875,0.9375,-0.621615,-1.33143,-2.51013
324,-1,1,0,-1,-2,0,1,-2,0.896973,-0.122559,0.136719,-8.625,6.6875,0.9375,-0.621615,-1.33143,-2.51013
331,0,-2,-3,1,0,-2,-3,-1,0.89502,-0.130371,0.149414,-9,7.1875,1.8125,-0.622314,-1.32934,-2.51242
331,1,-1,2,0,-1,-2,-1,-1,0.89502,-0.130371,0.149414,-9,7.1875,1.8125,-0.622314,-1.32934,-2.51242
347,1,3,0,-1,-1,-2,-2,0,0.89502,-0.130371,0.149414,-9,7.1875,1.8125,-0.622314,-1.32934,-2.51242
347,-1,-2,-1,0,-1,-1,-3,-2,0.89502,-0.130371,0.149414,-9,7.1875,1.8125,-0.622314,-1.32934,-2.51242
347,-1,-4,-2,-2,0,-2,-1,-1,0.902832,-0.150391,0.169434,-7,6.0625,2.5,-0.624861,-1.32711,-2.51251
347,-2,1,0,0,0,-1,-2,-2,0.902832,-0.150391,0.169434,-7,6.0625,2.5,-0.624861,-1.32711,-2.51251
369,-1,3,0,0,-1,-1,0,-1,0.902832,-0.150391,0.169434,-7,6.0625,2.5,-0.624861,-1.32711,-2.51251
369,0,-1,5,-1,0,-1,-1,-1,0.902832,-0.150391,0.169434,-7,6.0625,2.5,-0.624861,-1.32711,-2.51251
375,-3,-10,-10,-2,-2,-1,-1,-2,0.915039,-0.145996,0.172852,-5.4375,4.625,2.125,-0.627316,-1.32519,-2.51178
375,-1,-3,-6,-1,-2,-1,1,-3,0.915039,-0.145996,0.172852,-5.4375,4.625,2.125,-0.627316,-1.32519,-2.51178
383,1,-1,0,-1,-2,0,-1,-1,0.915039,-0.145996,0.172852,-5.4375,4.625,2.125,-0.627316,-1.32519,-2.51178
383,1,6,1,-1,-1,-1,-2,-2,0.915039,-0.145996,0.172852,-5.4375,4.625,2.125,-0.627316,-1.32519,-2.51178
390,1,10,4,-2,-1,-2,-1,1,0.897461,-0.133301,0.172852,-4,3.1875,2,-0.629119,-1.32426,-2.51162
390,-1,2,0,-1,-1,1,-1,-3,0.897461,-0.133301,0.172852,-4,3.1875,2,-0.629119,-1.32426,-2.51162
414,0,4,0,-2,-1,-3,-1,-2,0.897461,-0.133301,0.172852,-4,3.1875,2,-0.629119,-1.32426,-2.51162
414,1,4,-1,-1,-1,-2,0,1,0.897461,-0.133301,0.172852,-4,3.1875,2,-0.629119,-1.32426,-2.51162
415,-1,-5,-1,-1,-2,1,-1,-2,0.85791,-0.109863,0.186523,-6.875,1.8125,1.0625,-0.628718,-1.32357,-2.51436
415,0,-3,1,-2,0,-1,-1,1,0.85791,-0.109863,0.186523,-6.875,1.8125,1.0625,-0.628718,-1.32357,-2.51436
429,-1,-5,-4,0,-2,0,0,-1,0.85791,-0.109863,0.186523,-6.875,1.8125,1.0625,-0.628718,-1.32357,-2.51436
429,-2,-4,-3,0,-2,-1,-2,-1,0.85791,-0.109863,0.186523,-6.875,1.8125,1.0625,-0.628718,-1.32357,-2.51436
430,-1,-2,0,-1,-2,-1,-1,1,0.851074,-0.14502,0.208008,-8.375,-2.125,0.125,-0.633211,-1.32342,-2.51295
430,0,-1,0,1,-1,-1,0,-1,0.851074,-0.14502,0.208008,-8.375,-2.125,0.125,-0.633211,-1.32342,-2.51295
443,0,1,4,-1,0,-1,-1,-1,0.851074,-0.14502,0.208008,-8.375,-2.125,0.125,-0.633211,-1.32342,-2.51295
443,-3,-9,-4,-1,-2,0,1,-2,0.851074,-0.14502,0.208008,-8.375,-2.125,0.125,-0.633211,-1.32342,-2.51295
450,1,0,-1,-1,-1,-1,-1,-1,0.854492,-0.175781,0.204102,-3.9375,-5.6875,-1.3125,-0.639802,-1.32405,-2.50769
450,0,3,0,1,0,-2,-1,-1,0.854492,-0.175781,0.204102,-3.9375,-5.6875,-1.3125,-0.639802,-1.32405,-2.50769
466,-2,-3,2,-1,-3,-1,0,-1,0.854492,-0.175781,0.204102,-3.9375,-5.6875,-1.3125,-0.639802,-1.32405,-2.50769
466,0,1,-7,-2,-1,1,-1,0,0.854492,-0.175781,0.204102,-3.9375,-5.6875,-1.3125,-0.639802,-1.32405,-2.50769
468,-1,5,1,0,0,-2,0,0,0.879883,-0.172363,0.197754,4.6875,-9.125,-2.75,-0.644442,-1.32616,-2.50129
468,0,5,1,-2,-2,0,0,1,0.879883,-0.172363,0.197754,4.6875,-9.125,-2.75,-0.644442,-1.32616,-2.50129
489,1,5,-4,-1,-2,-3,0,0,0.879883,-0.172363,0.197754,4.6875,-9.125,-2.75,-0.644442,-1.32616,-2.50129
489,-3,-9,-7,-3,-1,-2,-1,-2,0.879883,-0.172363,0.197754,4.6875,-9.125,-2.75,-0.644442,-1.32616,-2.50129
490,-2,-1,0,1,0,-1,-1,-1,0.864258,-0.119141,0.179199,4.6875,-10.25,-3,-0.646965,-1.32964,-2.49712
490,-2,-1,0,-1,-2,-2,1,-1,0.864258,-0.119141,0.179199,4.6875,-10.25,-3,-0.646965,-1.32964,-2.49712
502,-1,-2,1,-3,1,0,-2,1,0.864258,-0.119141,0.179199,4.6875,-10.25,-3,-0.646965,-1.32964,-2.49712
502,-1,-4,5,1,-1,-1,-1,-1,0.864258,-0.119141,0.179199,4.6875,-10.25,-3,-0.646965,-1.32964,-2.49712
511,-2,-6,-7,-2,-1,0,-1,-1,0.813965,-0.0996094,0.175781,-5,-12.6875,-2.6875,-0.653781,-1.33346,-2.49148
511,0,-1,0,-2,-1,-1,0,1,0.813965,-0.0996094,0.175781,-5,-12.6875,-2.6875,-0.653781,-1.33346,-2.49148
526,-2,-4,-4,-2,-4,0,-1,-1,0.813965,-0.0996094,0.175781,-5,-12.6875,-2.6875,-0.653781,-1.33346,-2.49148
526,0,5,7,-1,0,-1,-1,0,0.813965,-0.0996094,0.175781,-5,-12.6875,-2.6875,-0.653781,-1.33346,-2.49148
528,-1,-2,1,-1,-2,-1,-1,-2,0.789062,-0.128418,0.183105,-15.0625,-15.625,-3.1875,-0.667746,-1.33742,-2.48218
528,-1,-5,-1,-1,-1,-1,0,0,0.789062,-0.128418,0.183105,-15.0625,-15.625,-3.1875,-0.667746,-1.33742,-2.48218
549,-2,-5,4,0,0,0,-2,-2,0.789062,-0.128418,0.183105,-15.0625,-15.625,-3.1875,-0.667746,-1.33742,-2.48218
549,-3,-6,-15,-2,-1,-1,-1,0,0.789062,-0.128418,0.183105,-15.0625,-15.625,-3.1875,-0.667746,-1.33742,-2.48218
550,1,6,3,0,-1,0,0,1,0.808105,-0.170898,0.180176,-14.3125,-17.375,-3.4375,-0.68668,-1.34182,-2.46843
550,0,-2,-1,-3,-1,-1,-3,-3,0.808105,-0.170898,0.180176,-14.3125,-17.375,-3.4375,-0.68668,-1.34182,-2.46843
562,1,1,3,0,1,0,1,-3,0.808105,-0.170898,0.180176,-14.3125,-17.375,-3.4375,-0.68668,-1.34182,-2.46843
562,-1,-5,1,-2,-3,-3,-5,-5,0.808105,-0.170898,0.180176,-14.3125,-17.375,-3.4375,-0.68668,-1.34182,-2.46843
571,3,6,6,-1,0,1,-1,0,0.837402,-0.186523,0.18457,-7.625,-19.875,-4.75,-0.705364,-1.34612,-2.45157
571,-3,-5,-4,1,1,1,-1,-1,0.837402,-0.186523,0.18457,-7.625,-19.875,-4.75,-0.705364,-1.34612,-2.45157
586,3,-7,-29,0,0,0,2,0,0.837402,-0.186523,0.18457,-7.625,-19.875,-4.75,-0.705364,-1.34612,-2.45157
586,1,13,9,-1,-1,-1,-2,0,0.837402,-0.186523,0.18457,-7.625,-19.875,-4.75,-0.705364,-1.34612,-2.45157
588,-3,-5,0,-3,-2,-2,-1,-3,0.883301,-0.170898,0.184082,-5.4375,-22.25,-5.5,-0.724198,-1.35181,-2.43415
588,-3,1,6,-2,-1,0,-1,-4,0.883301,-0.170898,0.184082,-5.4375,-22.25,-5.5,-0.724198,-1.35181,-2.43415
609,-1,-3,-4,-3,-1,0,-3,-2,0.883301,-0.170898,0.184082,-5.4375,-22.25,-5.5,-0.724198,-1.35181,-2.43415
609,3,4,-1,0,-1,0,1,4,0.883301,-0.170898,0.184082,-5.4375,-22.25,-5.5,-0.724198,-1.35181,-2.43415
610,-3,-3,-5,-3,-2,-3,-2,-2,0.912109,-0.187012,0.164062,-6.875,-24.4375,-6.5625,-0.74806,-1.35885,-2.41276
610,0,4,4,-1,-1,-3,0,1,0.912109,-0.187012,0.164062,-6.875,-24.4375,-6.5625,-0.74806,-1.35885,-2.41276
622,-4,-1,2,0,0,-1,0,1,0.912109,-0.187012,0.164062,-6.875,-24.4375,-6.5625,-0.74806,-1.35885,-2.41276
622,-2,-1,0,1,0,0,1,0,0.912109,-0.187012,0.164062,-6.875,-24.4375,-6.5625,-0.74806,-1.35885,-2.41276
631,-2,3,-2,0,-2,-1,1,-1,0.913086,-0.182129,0.144043,-8.75,-24.125,-7.1875,-0.773197,-1.36529,-2.3898
631,2,-3,-2,1,0,0,-2,-3,0.913086,-0.182129,0.144043,-8.75,-24.125,-7.1875,-0.773197,-1.36529,-2.3898
646,-3,-5,-12,-2,-2,-3,-1,-1,0.913086,-0.182129,0.144043,-8.75,-24.125,-7.1875,-0.773197,-1.36529,-2.3898
646,0,6,13,0,-1,-2,-1,-1,0.913086,-0.182129,0.144043,-8.75,-24.125,-7.1875,-0.773197,-1.36529,-2.3898
648,0,3,16,-1,0,2,-1,0,0.923828,-0.179688,0.142578,-9.75,-23.5,-5.75,-0.801024,-1.37201,-2.36568
648,-4,-13,-44,-1,-1,0,-2,-3,0.923828,-0.179688,0.142578,-9.75,-23.5,-5.75,-0.801024,-1.37201,-2.36568
669,-2,2,-7,-3,-3,-3,2,3,0.923828,-0.179688,0.142578,-9.75,-23.5,-5.75,-0.801024,-1.37201,-2.36568
669,-2,-10,12,-4,0,-2,-7,-11,0.923828,-0.179688,0.142578,-9.75,-23.5,-5.75,-0.801024,-1.37201,-2.36568
670,-2,-13,0,-1,-3,-3,-3,-7,0.961426,-0.149414,0.141113,-13.875,-22.25,-6.125,-0.826277,-1.37821,-2.34443
670,5,8,13,1,1,1,-2,12,0.961426,-0.149414,0.141113,-13.875,-22.25,-6.125,-0.826277,-1.37821,-2.34443
691,1,15,9,3,2,1,0,-16,0.961426,-0.149414,0.141113,-13.875,-22.25,-6.125,-0.826277,-1.37821,-2.34443
691,-8,-23,-46,-4,0,-1,2,0,0.961426,-0.149414,0.141113,-13.875,-22.25,-6.125,-0.826277,-1.37821,-2.34443
693,-2,10,-4,-4,-4,-2,-3,-4,0.991211,-0.152832,0.118164,-20,-18.875,-4.75,-0.854629,-1.38379,-2.32293
693,0,3,-12,-2,-3,-1,-1,-2,0.991211,-0.152832,0.118164,-20,-18.875,-4.75,-0.854629,-1.38379,-2.32293
705,1,20,33,-1,-3,-2,0,6,0.991211,-0.152832,0.118164,-20,-18.875,-4.75,-0.854629,-1.38379,-2.32293
705,-7,-3,-2,-2,-3,-2,-3,-5,0.991211,-0.152832,0.118164,-20,-18.875,-4.75,-0.854629,-1.38379,-2.32293
712,2,-4,21,3,2,1,1,2,1.01904,-0.183105,0.0976562,-13.25,-17.625,-2.625,-0.886522,-1.38822,-2.29557
712,0,11,-8,-1,1,0,0,-1,1.01904,-0.183105,0.0976562,-13.25,-17.625,-2.625,-0.886522,-1.38822,-2.29557
729,-1,-18,-18,0,-1,-2,1,9,1.01904,-0.183105,0.0976562,-13.25,-17.625,-2.625,-0.886522,-1.38822,-2.29557
729,3,-12,-18,-3,-1,-1,-1,0,1.01904,-0.183105,0.0976562,-13.25,-17.625,-2.625,-0.886522,-1.38822,-2.29557
731,0,4,55,2,0,2,-1,2,1.05469,-0.128418,0.0571289,-11.375,-9.8125,-0.6875,-0.908604,-1.39145,-2.27674
731,-1,-6,-25,-2,-1,-4,2,-1,1.05469,-0.128418,0.0571289,-11.375,-9.8125,-0.6875,-0.908604,-1.39145,-2.27674
743,-5,-12,47,-2,-3,-1,-4,-8,1.05469,-0.128418,0.0571289,-11.375,-9.8125,-0.6875,-0.908604,-1.39145,-2.27674
743,6,-21,-26,4,4,5,5,10,1.05469,-0.128418,0.0571289,-11.375,-9.8125,-0.6875,-0.908604,-1.39145,-2.27674
751,-15,5,14,-12,-10,-8,-10,-12,1.06006,-0.115723,0.0742188,-9.1875,-5.5625,0.875,-0.923016,-1.39389,-2.26579
751,4,-2,8,1,0,1,-6,-13,1.06006,-0.115723,0.0742188,-9.1875,-5.5625,0.875,-0.923016,-1.39389,-2.26579
765,5,11,-1,1,1,-1,-1,1,1.06006,-0.115723,0.0742188,-9.1875,-5.5625,0.875,-0.923016,-1.39389,-2.26579
765,1,-8,4,3,-1,1,0,2,1.06006,-0.115723,0.0742188,-9.1875,-5.5625,0.875,-0.923016,-1.39389,-2.26579
772,3,-39,-32,4,3,3,4,4,1.09424,-0.144531,0.034668,-14.5625,-3.5,2.5625,-0.943966,-1.39531,-2.24983
772,5,-5,34,-1,-1,0,1,4,1.09424,-0.144531,0.034668,-14.5625,-3.5,2.5625,-0.943966,-1.39531,-2.24983
788,-5,44,-11,-3,-2,-1,-4,-5,1.09424,-0.144531,0.034668,-14.5625,-3.5,2.5625,-0.943966,-1.39531,-2.24983
788,2,33,40,0,-1,-3,3,-1,1.09424,-0.144531,0.034668,-14.5625,-3.5,2.5625,-0.943966,-1.39531,-2.24983
791,-3,31,-61,1,3,1,0,-5,1.08691,-0.104004,0.0517578,-19.4375,-1.375,2.4375,-0.958642,-1.39711,-2.24245
791,0,-21,3,0,-3,1,1,1,1.08691,-0.104004,0.0517578,-19.4375,-1.375,2.4375,-0.958642,-1.39711,-2.24245
802,-2,-8,28,1,-1,0,-1,-16,1.08691,-0.104004,0.0517578,-19.4375,-1.375,2.4375,-0.958642,-1.39711,-2.24245
802,-8,-2,18,-7,-5,-2,-4,-4,1.08691,-0.104004,0.0517578,-19.4375,-1.375,2.4375,-0.958642,-1.39711,-2.24245
811,0,-56,-23,-2,-2,-3,0,1,1.0835,-0.110352,0.0561523,-20.75,-2.25,1.8125,-0.973566,-1.39868,-2.23473
811,0,-30,-46,3,2,-4,1,-1,1.0835,-0.110352,0.0561523,-20.75,-2.25,1.8125,-0.973566,-1.39868,-2.23473
825,4,-22,24,1,0,-6,0,7,1.0835,-0.110352,0.0561523,-20.75,-2.25,1.8125,-0.973566,-1.39868,-2.23473
825,3,43,9,2,-2,0,0,2,1.0835,-0.110352,0.0561523,-20.75,-2.25,1.8125,-0.973566,-1.39868,-2.23473
832,-1,70,12,-1,-1,0,-3,0,1.08447,-0.0693359,0.0195312,-29.9375,-1,-1.375,-0.986916,-1.40149,-2.23108
832,-2,127,-11,-2,-1,5,-2,-2,1.08447,-0.0693359,0.0195312,-29.9375,-1,-1.375,-0.986916,-1.40149,-2.23108
848,-5,101,-26,-1,-2,0,-1,3,1.08447,-0.0693359,0.0195312,-29.9375,-1,-1.375,-0.986916,-1.40149,-2.23108
848,-3,75,-3,-3,-1,-2,-1,-2,1.08447,-0.0693359,0.0195312,-29.9375,-1,-1.375,-0.986916,-1.40149,-2.23108
850,5,64,-5,1,1,2,1,2,1.08496,-0.0385742,0.043457,-33.5,-2.6875,-6,-0.994143,-1.40705,-2.23585
850,4,5,25,0,-2,-4,-2,1,1.08496,-0.0385742,0.043457,-33.5,-2.6875,-6,-0.994143,-1.40705,-2.23585
862,-8,-56,-12,-2,0,0,-3,-4,1.08496,-0.0385742,0.043457,-33.5,-2.6875,-6,-0.994143,-1.40705,-2.23585
862,-1,96,-4,0,-1,0,-1,-1,1.08496,-0.0385742,0.043457,-33.5,-2.6875,-6,-0.994143,-1.40705,-2.23585
871,3,63,-4,2,0,-1,2,2,1.12988,-0.000488281,0.0229492,-39.1875,-4.9375,-10.9375,-1.00083,-1.41513,-2.24285
871,-4,39,17,-1,1,-1,-5,1,1.12988,-0.000488281,0.0229492,-39.1875,-4.9375,-10.9375,-1.00083,-1.41513,-2.24285
885,2,-44,-18,-4,-2,-1,5,1,1.12988,-0.000488281,0.0229492,-39.1875,-4.9375,-10.9375,-1.00083,-1.41513,-2.24285
885,-2,-4,-11,-1,-1,-1,0,-2,1.12988,-0.000488281,0.0229492,-39.1875,-4.9375,-10.9375,-1.00083,-1.41513,-2.24285
892,-3,-16,-2,0,-1,-1,-1,-1,1.19189,0.0400391,-0.0195312,-45.625,-1.625,-15.8125,-0.999891,-1.42559,-2.26006
892,-4,-51,6,-2,-2,-1,0,0,1.19189,0.0400391,-0.0195312,-45.625,-1.625,-15.8125,-0.999891,-1.42559,-2.26006
909,-3,-52,-14,-2,-3,0,-5,1,1.19189,0.0400391,-0.0195312,-45.625,-1.625,-15.8125,-0.999891,-1.42559,-2.26006
909,-2,-72,-2,-1,2,1,1,-2,1.19189,0.0400391,-0.0195312,-45.625,-1.625,-15.8125,-0.999891,-1.42559,-2.26006
910,5,-57,2,0,1,-1,0,2,1.19678,0.104004,-0.0380859,-57.25,3.625,-21.1875,-0.980003,-1.43787,-2.30055
910,-4,-66,13,1,0,0,0,-2,1.19678,0.104004,-0.0380859,-57.25,3.625,-21.1875,-0.980003,-1.43787,-2.30055
932,4,-51,-3,0,-1,0,-2,2,1.19678,0.104004,-0.0380859,-57.25,3.625,-21.1875,-0.980003,-1.43787,-2.30055
932,-3,-59,-38,-12,-1,0,-1,-2,1.19678,0.104004,-0.0380859,-57.25,3.625,-21.1875,-0.980003,-1.43787,-2.30055
933,-5,-62,-12,-3,-1,-3,-1,-2,1.17236,0.0717773,-0.0200195,-63.375,2.625,-21.875,-0.958471,-1.449,-2.34479
933,-3,-50,-3,-1,-3,-1,0,-1,1.17236,0.0717773,-0.0200195,-63.375,2.625,-21.875,-0.958471,-1.449,-2.34479
946,4,-20,-1,4,2,1,-1,3,1.17236,0.0717773,-0.0200195,-63.375,2.625,-21.875,-0.958471,-1.449,-2.34479
946,-8,-48,10,1,-3,-3,-3,-7,1.17236,0.0717773,-0.0200195,-63.375,2.625,-21.875,-0.958471,-1.449,-2.34479
953,0,-32,3,0,0,0,-2,0,1.15967,0.0600586,-0.019043,-54.6875,-1.125,-27.125,-0.929009,-1.46133,-2.39327
953,-2,-19,-2,-2,-2,0,-1,-1,1.15967,0.0600586,-0.019043,-54.6875,-1.125,-27.125,-0.929009,-1.46133,-2.39327
969,0,-5,6,0,-1,1,1,2,1.15967,0.0600586,-0.019043,-54.6875,-1.125,-27.125,-0.929009,-1.46133,-2.39327
969,2,-26,0,1,-1,-1,-3,2,1.15967,0.0600586,-0.019043,-54.6875,-1.125,-27.125,-0.929009,-1.46133,-2.39327
971,-6,-17,-3,-2,-1,0,1,0,1.11914,-0.0507812,-0.0224609,-46.0625,-0.1875,-20.125,-0.917394,-1.46916,-2.42129
971,-7,9,-1,-1,-2,-2,-3,-3,1.11914,-0.0507812,-0.0224609,-46.0625,-0.1875,-20.125,-0.917394,-1.46916,-2.42129
991,-1,-19,-14,-2,-2,-2,-2,-1,1.11914,-0.0507812,-0.0224609,-46.0625,-0.1875,-20.125,-0.917394,-1.46916,-2.42129
991,4,-13,4,4,-1,-2,0,3,1.11914,-0.0507812,-0.0224609,-46.0625,-0.1875,-20.125,-0.917394,-1.46916,-2.42129
993,1,5,0,1,-1,-2,-1,2,1.11279,-0.113281,0.0678711,-28.0625,0.25,-13.3125,-0.902255,-1.472,-2.44592
993,-1,7,1,1,1,1,0,0,1.11279,-0.113281,0.0678711,-28.0625,0.25,-13.3125,-0.902255,-1.472,-2.44592
1007,-5,15,3,-2,-1,-3,-3,-2,1.11279,-0.113281,0.0678711,-28.0625,0.25,-13.3125,-0.902255,-1.472,-2.44592
1007,-4,-9,-9,-3,-3,-2,-1,-11,1.11279,-0.113281,0.0678711,-28.0625,0.25,-13.3125,-0.902255,-1.472,-2.44592
1014,-5,-15,-10,-4,-3,-2,-3,-6,1.11133,-0.125977,0.0478516,-8.25,1,-9,-0.892515,-1.47343,-2.45828
1014,2,-4,0,-3,-2,-3,0,-1,1.11133,-0.125977,0.0478516,-8.25,1,-9,-0.892515,-1.47343,-2.45828
1029,4,6,1,3,2,1,0,-1,1.11133,-0.125977,0.0478516,-8.25,1,-9,-0.892515,-1.47343,-2.45828
1029,-6,1,8,-2,-3,-3,-4,2,1.11133,-0.125977,0.0478516,-8.25,1,-9,-0.892515,-1.47343,-2.45828
1030,0,9,4,1,0,0,-1,2,1.03809,-0.165039,0.143066,6.0625,-1.8125,-3.9375,-0.88552,-1.47316,-2.46476
1030,2,-1,-1,0,0,1,1,7,1.03809,-0.165039,0.143066,6.0625,-1.8125,-3.9375,-0.88552,-1.47316,-2.46476
1052,-1,-3,-5,-1,0,1,2,-4,1.03809,-0.165039,0.143066,6.0625,-1.8125,-3.9375,-0.88552,-1.47316,-2.46476
1052,0,-5,4,1,0,-1,5,5,1.03809,-0.165039,0.143066,6.0625,-1.8125,-3.9375,-0.88552,-1.47316,-2.46476
1053,-7,-14,-8,-5,-7,-8,-11,-2,1.06592,-0.121582,0.0693359,1.875,-2.5625,-5.8125,-0.884832,-1.47408,-2.46425
1053,-4,-21,0,-1,-1,-3,-4,-5,1.06592,-0.121582,0.0693359,1.875,-2.5625,-5.8125,-0.884832,-1.47408,-2.46425
1065,-3,-16,-1,-2,-1,-2,-3,1,1.06592,-0.121582,0.0693359,1.875,-2.5625,-5.8125,-0.884832,-1.47408,-2.46425
1065,4,-6,11,1,-1,1,5,-1,1.06592,-0.121582,0.0693359,1.875,-2.5625,-5.8125,-0.884832,-1.47408,-2.46425
1074,13,25,-3,7,6,11,27,14,1.08447,0.00830078,0.112793,-1.125,0.9375,-18.875,-0.814236,-1.47924,-2.53482
1074,-7,-57,-25,-4,-3,-7,-9,-5,1.08447,0.00830078,0.112793,-1.125,0.9375,-18.875,-0.814236,-1.47924,-2.53482
1089,-2,44,0,0,0,1,-2,-2,1.08447,0.00830078,0.112793,-1.125,0.9375,-18.875,-0.814236,-1.47924,-2.53482
1089,18,67,98,13,6,4,-1,19,1.08447,0.00830078,0.112793,-1.125,0.9375,-18.875,-0.814236,-1.47924,-2.53482
1096,-28,48,-83,-20,-11,-7,-11,-32,1.0083,0.0151367,0.196289,-18,-0.8125,-16.9375,-0.736254,-1.4835,-2.62014
1096,5,79,12,5,5,6,9,16,1.0083,0.0151367,0.196289,-18,-0.8125,-16.9375,-0.736254,-1.4835,-2.62014
1111,7,107,-39,10,3,1,3,0,1.0083,0.0151367,0.196289,-18,-0.8125,-16.9375,-0.736254,-1.4835,-2.62014
1111,-43,41,-11,-45,-26,-17,-11,-33,1.0083,0.0151367,0.196289,-18,-0.8125,-16.9375,-0.736254,-1.4835,-2.62014
1113,-6,-89,-16,-9,-6,-6,-19,5,1.02783,-0.245117,0.0913086,-6.5625,-12.1875,-9.3125,-0.776069,-1.4853,-2.58279
1113,-5,-74,-61,-13,-6,-3,9,-3,1.02783,-0.245117,0.0913086,-6.5625,-12.1875,-9.3125,-0.776069,-1.4853,-2.58279
1134,1,-43,-30,4,-2,-3,-9,-7,1.02783,-0.245117,0.0913086,-6.5625,-12.1875,-9.3125,-0.776069,-1.4853,-2.58279
1134,24,-20,-16,10,11,9,10,11,1.02783,-0.245117,0.0913086,-6.5625,-12.1875,-9.3125,-0.776069,-1.4853,-2.58279
1135,4,14,68,6,0,-3,-5,3,0.953125,-0.233398,0.00927734,-20.125,-2.625,2.875,-0.84103,-1.48304,-2.52506
1135,-7,-2,-26,-4,-2,-1,-4,-5,0.953125,-0.233398,0.00927734,-20.125,-2.625,2.875,-0.84103,-1.48304,-2.52506
1147,1,-12,46,2,0,0,-1,-7,0.953125,-0.233398,0.00927734,-20.125,-2.625,2.875,-0.84103,-1.48304,-2.52506
1147,8,-8,-63,1,-1,-5,0,14,0.953125,-0.233398,0.00927734,-20.125,-2.625,2.875,-0.84103,-1.48304,-2.52506
1156,3,-24,-33,-3,0,6,3,-2,0.810547,-0.389648,0.165527,32.9375,-14.4375,17.5625,-0.941136,-1.47303,-2.41296
1156,8,25,94,12,4,-4,-7,-14,0.810547,-0.389648,0.165527,32.9375,-14.4375,17.5625,-0.941136,-1.47303,-2.41296
1171,-9,-48,-5,-10,-3,0,5,7,0.810547,-0.389648,0.165527,32.9375,-14.4375,17.5625,-0.941136,-1.47303,-2.41296
1171,5,8,-8,18,10,8,10,21,0.810547,-0.389648,0.165527,32.9375,-14.4375,17.5625,-0.941136,-1.47303,-2.41296
1173,-10,-93,6,-12,-6,-11,-17,-21,0.898438,-0.28125,0.0473633,56.75,-19.375,12.5,-1.02877,-1.46898,-2.30524
1173,-6,-28,51,-3,-7,1,6,14,0.898438,-0.28125,0.0473633,56.75,-19.375,12.5,-1.02877,-1.46898,-2.30524
1194,-1,-5,-3,-3,-2,-1,-7,-8,0.898438,-0.28125,0.0473633,56.75,-19.375,12.5,-1.02877,-1.46898,-2.30524
1194,-4,23,-31,-2,-2,-7,-6,-14,0.898438,-0.28125,0.0473633,56.75,-19.375,12.5,-1.02877,-1.46898,-2.30524
1195,13,95,14,6,3,3,8,19,0.967285,0.0844727,0.0810547,60.75,-19.9375,-9.6875,-1.01986,-1.47782,-2.29167
1195,3,49,-3,0,0,0,-2,-6,0.967285,0.0844727,0.0810547,60.75,-19.9375,-9.6875,-1.01986,-1.47782,-2.29167
1207,-5,13,-1,-9,-6,1,-2,4,0.967285,0.0844727,0.0810547,60.75,-19.9375,-9.6875,-1.01986,-1.47782,-2.29167
1207,4,15,16,4,1,7,-1,2,0.967285,0.0844727,0.0810547,60.75,-19.9375,-9.6875,-1.01986,-1.47782,-2.29167
1217,6,60,20,6,1,0,5,2,0.937012,0.271484,0.100586,38.625,-15.75,-22.25,-0.943759,-1.49379,-2.35467
1217,-3,6,-7,-4,1,1,-4,-9,0.937012,0.271484,0.100586,38.625,-15.75,-22.25,-0.943759,-1.49379,-2.35467
1231,-3,5,-12,-5,-3,-1,0,-6,0.937012,0.271484,0.100586,38.625,-15.75,-22.25,-0.943759,-1.49379,-2.35467
1231,-7,-7,8,-1,-1,-2,-5,-25,0.937012,0.271484,0.100586,38.625,-15.75,-22.25,-0.943759,-1.49379,-2.35467
1245,0,18,14,2,1,1,-1,-1,0.959961,0.165527,0.0571289,-16,-7.6875,-18.75,-0.873627,-1.5042,-2.42983
1245,4,60,-39,-4,-3,-3,-1,5,0.959961,0.165527,0.0571289,-16,-7.6875,-18.75,-0.873627,-1.5042,-2.42983
1254,-1,15,9,-2,2,1,3,-2,0.959961,0.165527,0.0571289,-16,-7.6875,-18.75,-0.873627,-1.5042,-2.42983
1254,-1,-5,-4,-3,-3,-2,-4,0,0.959961,0.165527,0.0571289,-16,-7.6875,-18.75,-0.873627,-1.5042,-2.42983
1256,0,112,-3,5,4,3,6,21,0.897461,-0.0629883,0.103027,-58.375,-2.8125,-8.25,-0.864151,-1.50646,-2.46073
1256,-1,77,18,1,1,-1,-1,-8,0.897461,-0.0629883,0.103027,-58.375,-2.8125,-8.25,-0.864151,-1.50646,-2.46073
1268,4,8,36,0,-2,-4,-1,2,0.897461,-0.0629883,0.103027,-58.375,-2.8125,-8.25,-0.864151,-1.50646,-2.46073
1268,-14,-59,-49,-9,-4,-4,-12,-17,0.897461,-0.0629883,0.103027,-58.375,-2.8125,-8.25,-0.864151,-1.50646,-2.46073
1276,2,-52,19,5,4,2,2,9,0.913086,-0.192871,0.0639648,-47.875,-3.625,-8.5625,-0.893489,-1.50701,-2.44917
1276,2,-52,-8,-3,-3,-3,-1,5,0.913086,-0.192871,0.0639648,-47.875,-3.625,-8.5625,-0.893489,-1.50701,-2.44917
1291,-1,-26,4,-1,-1,-1,0,15,0.913086,-0.192871,0.0639648,-47.875,-3.625,-8.5625,-0.893489,-1.50701,-2.44917
1291,-3,-12,0,-1,-1,-1,-7,5,0.913086,-0.192871,0.0639648,-47.875,-3.625,-8.5625,-0.893489,-1.50701,-2.44917
1298,3,-4,5,1,-1,1,-1,-8,0.908203,-0.249512,0.0512695,-13.6875,-5.5,-9.4375,-0.930573,-1.50501,-2.41472
1298,-3,-29,-15,-2,-1,-1,-4,1,0.908203,-0.249512,0.0512695,-13.6875,-5.5,-9.4375,-0.930573,-1.50501,-2.41472
1314,-1,-36,2,1,-2,-2,-2,-4,0.908203,-0.249512,0.0512695,-13.6875,-5.5,-9.4375,-0.930573,-1.50501,-2.41472
1314,-7,9,6,-4,-1,0,3,1,0.908203,-0.249512,0.0512695,-13.6875,-5.5,-9.4375,-0.930573,-1.50501,-2.41472
1315,0,-8,-19,-2,-3,0,2,-4,0.957031,-0.139648,0.0317383,13.4375,-4.5625,-12,-0.929684,-1.50844,-2.41207
1315,-2,-15,6,2,0,0,-10,-19,0.957031,-0.139648,0.0317383,13.4375,-4.5625,-12,-0.929684,-1.50844,-2.41207
1327,2,-30,-8,0,0,0,0,9,0.957031,-0.139648,0.0317383,13.4375,-4.5625,-12,-0.929684,-1.50844,-2.41207
1327,6,-19,18,3,1,0,0,5,0.957031,-0.139648,0.0317383,13.4375,-4.5625,-12,-0.929684,-1.50844,-2.41207
1336,-4,-6,6,-5,-2,-1,-1,-6,0.979004,-0.00292969,0.0268555,10.5,-1.75,-14.5625,-0.872436,-1.51395,-2.466
1336,-2,-36,-11,-3,-2,-1,2,1,0.979004,-0.00292969,0.0268555,10.5,-1.75,-14.5625,-0.872436,-1.51395,-2.466
1350,-7,-9,-5,-2,0,0,-2,-3,0.979004,-0.00292969,0.0268555,10.5,-1.75,-14.5625,-0.872436,-1.51395,-2.466
1350,5,-43,-5,0,2,1,2,0,0.979004,-0.00292969,0.0268555,10.5,-1.75,-14.5625,-0.872436,-1.51395,-2.466
1357,-4,-1,2,-5,-3,-4,-3,-7,1.01123,0.00292969,0.00830078,-9.4375,0.6875,-16.25,-0.803049,-1.51959,-2.53907
1357,2,-20,1,2,-1,0,-1,2,1.01123,0.00292969,0.00830078,-9.4375,0.6875,-16.25,-0.803049,-1.51959,-2.53907
1374,7,11,-1,1,-3,-2,0,-2,1.01123,0.00292969,0.00830078,-9.4375,0.6875,-16.25,-0.803049,-1.51959,-2.53907
1374,-3,19,23,7,2,1,1,0,1.01123,0.00292969,0.00830078,-9.4375,0.6875,-16.25,-0.803049,-1.51959,-2.53907
1376,4,9,-23,-7,1,1,0,-1,1.00732,-0.0395508,0.00292969,-26,2.6875,-16.0625,-0.735123,-1.52489,-2.61777
1376,1,20,-7,-3,0,0,1,-1,1.00732,-0.0395508,0.00292969,-26,2.6875,-16.0625,-0.735123,-1.52489,-2.61777
1396,-2,-35,-9,-4,-2,-1,-1,0,1.00732,-0.0395508,0.00292969,-26,2.6875,-16.0625,-0.735123,-1.52489,-2.61777
1396,-2,-18,9,-1,-2,-2,-2,-2,1.00732,-0.0395508,0.00292969,-26,2.6875,-16.0625,-0.735123,-1.52489,-2.61777
1398,5,14,0,5,1,-1,0,0,1.02979,-0.0644531,-0.0146484,-32.9375,0.1875,-16.5625,-0.684606,-1.52772,-2.67831
1398,-3,-43,-9,-3,-3,-3,-3,0,1.02979,-0.0644531,-0.0146484,-32.9375,0.1875,-16.5625,-0.684606,-1.52772,-2.67831
1411,-1,-14,8,0,1,1,-1,-2,1.02979,-0.0644531,-0.0146484,-32.9375,0.1875,-16.5625,-0.684606,-1.52772,-2.67831
1411,-4,-20,22,8,1,-1,-1,-4,1.02979,-0.0644531,-0.0146484,-32.9375,0.1875,-16.5625,-0.684606,-1.52772,-2.67831
1418,-3,-12,-27,-17,-3,-6,-4,-1,1.04834,-0.0546875,-0.0185547,-28.9375,-3.125,-12.5625,-0.661295,-1.53231,-2.71219
1418,4,-14,-44,-7,0,-1,2,5,1.04834,-0.0546875,-0.0185547,-28.9375,-3.125,-12.5625,-0.661295,-1.53231,-2.71219
1434,5,-38,3,-1,0,0,1,4,1.04834,-0.0546875,-0.0185547,-28.9375,-3.125,-12.5625,-0.661295,-1.53231,-2.71219
1434,-5,-6,10,-1,-1,2,2,-9,1.04834,-0.0546875,-0.0185547,-28.9375,-3.125,-12.5625,-0.661295,-1.53231,-2.71219
1436,-12,-32,22,7,-2,-5,-5,-24,1.07959,-0.0566406,-0.0444336,-25.8125,-6.375,-9.25,-0.684293,-1.53778,-2.69899
1436,1,-56,-30,3,1,-1,-2,2,1.07959,-0.0566406,-0.0444336,-25.8125,-6.375,-9.25,-0.684293,-1.53778,-2.69899
1456,-4,7,24,-6,-1,-3,-1,-1,1.07959,-0.0566406,-0.0444336,-25.8125,-6.375,-9.25,-0.684293,-1.53778,-2.69899
1456,1,-24,12,-4,-5,-6,-5,-3,1.07959,-0.0566406,-0.0444336,-25.8125,-6.375,-9.25,-0.684293,-1.53778,-2.69899
1458,-4,18,3,3,-1,0,0,1,1.07422,-0.0141602,0.0107422,-15.4375,-3.75,-1.625,-0.704204,-1.53716,-2.68199
1458,13,63,17,14,7,4,5,0,1.07422,-0.0141602,0.0107422,-15.4375,-3.75,-1.625,-0.704204,-1.53716,-2.68199
1471,-14,-72,-28,-13,-9,-9,-10,-12,1.07422,-0.0141602,0.0107422,-15.4375,-3.75,-1.625,-0.704204,-1.53716,-2.68199
1471,5,3,-5,-2,-1,0,2,8,1.07422,-0.0141602,0.0107422,-15.4375,-3.75,-1.625,-0.704204,-1.53716,-2.68199
1477,3,-24,23,2,-1,-1,-1,5,1.06348,-0.0410156,-0.0141602,-7.4375,-1.8125,7.5625,-0.800359,-1.53854,-2.59111
1477,-4,-7,33,4,1,-1,-1,-4,1.06348,-0.0410156,-0.0141602,-7.4375,-1.8125,7.5625,-0.800359,-1.53854,-2.59111
1494,2,12,-59,4,5,3,4,3,1.06348,-0.0410156,-0.0141602,-7.4375,-1.8125,7.5625,-0.800359,-1.53854,-2.59111
1494,0,0,19,-6,-6,-5,-2,-1,1.06348,-0.0410156,-0.0141602,-7.4375,-1.8125,7.5625,-0.800359,-1.53854,-2.59111
1496,-2,3,0,-1,-3,0,1,0,1.04395,-0.0239258,-0.0654297,-10.25,-4.0625,9,-0.936963,-1.5388,-2.45907
1496,-8,19,-1,-6,-4,-3,-1,1,1.04395,-0.0239258,-0.0654297,-10.25,-4.0625,9,-0.936963,-1.5388,-2.45907
1516,-8,14,-13,-2,-2,-3,-1,-4,1.04395,-0.0239258,-0.0654297,-10.25,-4.0625,9,-0.936963,-1.5388,-2.45907
1516,0,8,-26,-4,-1,-3,-4,2,1.04395,-0.0239258,-0.0654297,-10.25,-4.0625,9,-0.936963,-1.5388,-2.45907
1524,11,-20,-7,6,4,1,1,6,1.04492,0.03125,0.0297852,0.75,-10.25,7.4375,-1.02966,-1.53765,-2.36334
1524,1,4,22,-1,-3,0,-2,1,1.04492,0.03125,0.0297852,0.75,-10.25,7.4375,-1.02966,-1.53765,-2.36334
1532,-5,-1,9,1,0,0,1,-3,1.04492,0.03125,0.0297852,0.75,-10.25,7.4375,-1.02966,-1.53765,-2.36334
1532,1,27,-40,-2,1,0,0,-2,1.04492,0.03125,0.0297852,0.75,-10.25,7.4375,-1.02966,-1.53765,-2.36334
1533,3,-11,-28,3,2,2,1,2,1.0376,0.00537109,0.00683594,2,-13.125,6.625,-1.17249,-1.54049,-2.22306
1533,-8,-21,56,-7,-4,-5,-5,-3,1.0376,0.00537109,0.00683594,2,-13.125,6.625,-1.17249,-1.54049,-2.22306
1556,17,31,-32,15,6,2,3,5,1.0376,0.00537109,0.00683594,2,-13.125,6.625,-1.17249,-1.54049,-2.22306
1556,-4,3,-30,-11,-2,-2,-1,-1,1.0376,0.00537109,0.00683594,2,-13.125,6.625,-1.17249,-1.54049,-2.22306
1557,-21,-32,34,-9,-11,-10,-8,-12,1.06152,0.0678711,0.0385742,13.5625,-14.875,1,-1.27422,-1.54262,-2.11452
1557,-14,-12,-49,-16,-10,-5,-5,-12,1.06152,0.0678711,0.0385742,13.5625,-14.875,1,-1.27422,-1.54262,-2.11452
1577,-4,36,24,-3,-2,-4,-4,-3,1.06152,0.0678711,0.0385742,13.5625,-14.875,1,-1.27422,-1.54262,-2.11452
1577,6,13,32,5,3,2,3,5,1.06152,0.0678711,0.0385742,13.5625,-14.875,1,-1.27422,-1.54262,-2.11452
1578,1,-26,-72,-3,1,1,0,1,1.00537,0.0141602,0.0244141,11.8125,-16.75,2.625,-1.44894,-1.54722,-1.94148
1578,2,12,24,5,1,2,1,-1,1.00537,0.0141602,0.0244141,11.8125,-16.75,2.625,-1.44894,-1.54722,-1.94148
1590,-2,-6,23,-1,-2,0,-1,0,1.00537,0.0141602,0.0244141,11.8125,-16.75,2.625,-1.44894,-1.54722,-1.94148
1590,-2,9,-44,-2,-2,-1,-5,-3,1.00537,0.0141602,0.0244141,11.8125,-16.75,2.625,-1.44894,-1.54722,-1.94148
1598,2,14,5,-1,1,1,0,1,1.03516,0.0336914,-0.0146484,-0.6875,-10.75,5.75,-1.58951,-1.54453,-1.79702
1598,-1,-33,0,2,-1,-1,2,2,1.03516,0.0336914,-0.0146484,-0.6875,-10.75,5.75,-1.58951,-1.54453,-1.79702
1613,-4,-10,10,0,1,0,1,-2,1.03516,0.0336914,-0.0146484,-0.6875,-10.75,5.75,-1.58951,-1.54453,-1.79702
1613,3,1,-7,-1,-1,2,3,4,1.03516,0.0336914,-0.0146484,-0.6875,-10.75,5.75,-1.58951,-1.54453,-1.79702
1615,5,-60,20,1,1,0,2,1,1.03223,0.034668,0.000488281,0.1875,-11,0.3125,-1.7201,-1.54473,-1.66475
1615,1,-23,-16,1,0,-2,-1,-1,1.03223,0.034668,0.000488281,0.1875,-11,0.3125,-1.7201,-1.54473,-1.66475
1637,-4,7,33,-3,-5,-4,-3,-3,1.03223,0.034668,0.000488281,0.1875,-11,0.3125,-1.7201,-1.54473,-1.66475
1637,-4,5,15,-1,-2,-3,-5,-3,1.03223,0.034668,0.000488281,0.1875,-11,0.3125,-1.7201,-1.54473,-1.66475
1637,-3,39,3,1,2,3,-1,-6,1.05029,0.0463867,-0.0205078,-13.5625,-12.1875,-5,-1.92175,-1.54796,-1.46931
1637,-2,24,-15,1,1,1,1,4,1.05029,0.0463867,-0.0205078,-13.5625,-12.1875,-5,-1.92175,-1.54796,-1.46931
1650,-1,3,-16,-3,-1,0,-2,-3,1.05029,0.0463867,-0.0205078,-13.5625,-12.1875,-5,-1.92175,-1.54796,-1.46931
1650,0,6,13,0,0,1,3,4,1.05029,0.0463867,-0.0205078,-13.5625,-12.1875,-5,-1.92175,-1.54796,-1.46931
1667,-1,31,-4,-3,-3,-3,-3,-4,1.06494,0.0419922,-0.0605469,-10,-13.5625,-10.875,-2.23328,-1.55251,-1.16424
1667,-1,27,1,0,0,0,-1,-1,1.06494,0.0419922,-0.0605469,-10,-13.5625,-10.875,-2.23328,-1.55251,-1.16424
1673,-4,24,2,0,-1,-1,-1,-3,1.06494,0.0419922,-0.0605469,-10,-13.5625,-10.875,-2.23328,-1.55251,-1.16424
1673,1,15,7,-2,-1,1,0,0,1.06494,0.0419922,-0.0605469,-10,-13.5625,-10.875,-2.23328,-1.55251,-1.16424
1676,8,47,16,3,0,3,3,6,1.09863,0.0551758,-0.128906,-10.375,-10.5625,-13.125,-2.60283,-1.54851,-0.792397
1676,-4,22,-1,-2,0,0,-1,-1,1.09863,0.0551758,-0.128906,-10.375,-10.5625,-13.125,-2.60283,-1.54851,-0.792397
1696,-1,25,-9,-7,0,-3,0,0,1.09863,0.0551758,-0.128906,-10.375,-10.5625,-13.125,-2.60283,-1.54851,-0.792397
1696,0,-1,1,0,-2,-3,-2,-4,1.09863,0.0551758,-0.128906,-10.375,-10.5625,-13.125,-2.60283,-1.54851,-0.792397
1698,-5,9,1,0,0,-1,-3,-1,1.06689,0.0820312,-0.112793,-25.25,-4.875,-12.4375,-2.91366,-1.5519,-0.491824
1698,-5,25,-12,-6,-3,-2,-3,-3,1.06689,0.0820312,-0.112793,-25.25,-4.875,-12.4375,-2.91366,-1.5519,-0.491824
1719,1,-3,-11,-3,-2,2,-1,-1,1.06592,0.078125,-0.103516,-37.875,-5.6875,-16.875,3.06219,-1.54346,-0.193782
1719,7,5,5,2,7,8,8,5,1.06592,0.078125,-0.103516,-37.875,-5.6875,-16.875,3.06219,-1.54346,-0.193782
1719,-6,1,3,-5,-6,-7,-5,-10,1.06592,0.078125,-0.103516,-37.875,-5.6875,-16.875,3.06219,-1.54346,-0.193782
1719,-3,-18,0,1,-6,-9,-7,1,1.06592,0.078125,-0.103516,-37.875,-5.6875,-16.875,3.06219,-1.54346,-0.193782
1733,2,-12,8,-3,-2,-3,-2,0,1.07861,0.0810547,-0.0507812,-37.75,-4.8125,-27.5,2.71884,-1.54073,0.138578
1733,-9,31,-12,-8,-5,-6,-5,-5,1.07861,0.0810547,-0.0507812,-37.75,-4.8125,-27.5,2.71884,-1.54073,0.138578
1734,7,11,8,5,5,6,5,7,1.07861,0.0810547,-0.0507812,-37.75,-4.8125,-27.5,2.71884,-1.54073,0.138578
1734,7,-25,0,2,4,3,5,-4,1.07861,0.0810547,-0.0507812,-37.75,-4.8125,-27.5,2.71884,-1.54073,0.138578
1756,-9,-14,-6,0,-2,-2,-2,0,1.04883,0.0351562,-0.078125,-29.875,-4.0625,-31.25,2.48785,-1.53215,0.360129
1756,-5,-36,5,-1,-3,-4,-7,-6,1.04883,0.0351562,-0.078125,-29.875,-4.0625,-31.25,2.48785,-1.53215,0.360129
1757,11,-25,-2,1,1,1,3,11,1.04883,0.0351562,-0.078125,-29.875,-4.0625,-31.25,2.48785,-1.53215,0.360129
1757,-8,-13,-2,-1,-3,-3,-5,-16,1.04883,0.0351562,-0.078125,-29.875,-4.0625,-31.25,2.48785,-1.53215,0.360129
1779,9,-13,2,1,-2,-1,0,5,1.07666,0.115723,-0.108887,-35.25,-3.875,-27.0625,2.33807,-1.52126,0.497188
1779,0,-13,3,2,1,2,-2,-11,1.07666,0.115723,-0.108887,-35.25,-3.875,-27.0625,2.33807,-1.52126,0.497188
1780,0,-10,0,-3,-4,-5,-3,4,1.07666,0.115723,-0.108887,-35.25,-3.875,-27.0625,2.33807,-1.52126,0.497188
1780,9,-5,4,0,3,4,6,11,1.07666,0.115723,-0.108887,-35.25,-3.875,-27.0625,2.33807,-1.52126,0.497188
1794,1,0,-2,2,0,0,-2,-2,1.1084,0.151855,-0.108887,-55.9375,1.1875,-23.625,2.21319,-1.51135,0.60171
1794,-1,3,0,0,-4,-4,-1,3,1.1084,0.151855,-0.108887,-55.9375,1.1875,-23.625,2.21319,-1.51135,0.60171
1800,-4,0,-4,-3,-2,-2,-4,-5,1.1084,0.151855,-0.108887,-55.9375,1.1875,-23.625,2.21319,-1.51135,0.60171
1800,3,-3,0,2,2,5,15,-4,1.1084,0.151855,-0.108887,-55.9375,1.1875,-23.625,2.21319,-1.51135,0.60171
1815,9,3,-2,2,2,10,19,25,1.07666,0.0224609,-0.0859375,-58.625,6.3125,-14.3125,2.13979,-1.50911,0.65573
1815,0,-1,-5,-4,-6,-12,-16,-4,1.07666,0.0224609,-0.0859375,-58.625,6.3125,-14.3125,2.13979,-1.50911,0.65573
1816,-38,-6,-1,-7,-8,-18,-42,-47,1.07666,0.0224609,-0.0859375,-58.625,6.3125,-14.3125,2.13979,-1.50911,0.65573
1816,-19,-12,0,-4,-5,-6,-9,1,1.07666,0.0224609,-0.0859375,-58.625,6.3125,-14.3125,2.13979,-1.50911,0.65573
1838,6,10,0,1,0,0,-5,-8,1.08545,0.00390625,-0.102051,-43.4375,13.5625,-7.1875,2.07558,-1.51017,0.70583
1838,-3,-15,0,3,5,5,17,12,1.08545,0.00390625,-0.102051,-43.4375,13.5625,-7.1875,2.07558,-1.51017,0.70583
1838,17,4,-3,2,2,5,10,14,1.08545,0.00390625,-0.102051,-43.4375,13.5625,-7.1875,2.07558,-1.51017,0.70583
1838,-5,8,-4,-1,1,-2,-6,-4,1.08545,0.00390625,-0.102051,-43.4375,13.5625,-7.1875,2.07558,-1.51017,0.70583
1853,-2,-26,1,-1,1,-1,8,8,1.125,0.059082,-0.027832,-38.5,25,-5.625,1.92187,-1.5112,0.845235
1853,23,-87,1,1,0,2,3,-12,1.125,0.059082,-0.027832,-38.5,25,-5.625,1.92187,-1.5112,0.845235
1854,-14,-126,-5,-2,-3,-4,-4,2,1.125,0.059082,-0.027832,-38.5,25,-5.625,1.92187,-1.5112,0.845235
1854,3,-105,-2,-1,1,-1,-2,20,1.125,0.059082,-0.027832,-38.5,25,-5.625,1.92187,-1.5112,0.845235
1875,-10,-108,-8,-4,-1,-2,-3,-19,1.06445,0.0625,0.00634766,-34.5625,31.6875,-0.5,1.72247,-1.51511,1.03534
1875,-11,-9,-1,-1,0,-3,-10,-9,1.06445,0.0625,0.00634766,-34.5625,31.6875,-0.5,1.72247,-1.51511,1.03534
1876,-11,28,-2,-1,-4,-3,4,-1,1.06445,0.0625,0.00634766,-34.5625,31.6875,-0.5,1.72247,-1.51511,1.03534
1876,3,67,0,0,0,2,1,-10,1.06445,0.0625,0.00634766,-34.5625,31.6875,-0.5,1.72247,-1.51511,1.03534
1898,11,85,2,-2,-2,-4,-3,-8,1.04736,0.00927734,0.0332031,-31.75,37.25,6.9375,1.4654,-1.51792,1.2797
1898,-21,45,-2,-3,-1,0,-1,1,1.04736,0.00927734,0.0332031,-31.75,37.25,6.9375,1.4654,-1.51792,1.2797
1899,-3,48,-5,-5,-2,0,6,-8,1.04736,0.00927734,0.0332031,-31.75,37.25,6.9375,1.4654,-1.51792,1.2797
1899,13,52,0,0,1,2,5,5,1.04736,0.00927734,0.0332031,-31.75,37.25,6.9375,1.4654,-1.51792,1.2797
1912,-27,49,-2,-2,-2,-3,-19,-11,1.04688,0.019043,0.0581055,-34.1875,42.625,11.0625,1.14725,-1.51754,1.58498
1912,3,26,-1,-2,-1,-1,1,7,1.04688,0.019043,0.0581055,-34.1875,42.625,11.0625,1.14725,-1.51754,1.58498
1914,12,-52,4,2,6,8,13,22,1.04688,0.019043,0.0581055,-34.1875,42.625,11.0625,1.14725,-1.51754,1.58498
1914,11,-12,-1,-2,-3,0,2,-21,1.04688,0.019043,0.0581055,-34.1875,42.625,11.0625,1.14725,-1.51754,1.58498
1936,21,-51,3,1,2,1,5,8,1.02148,-0.0244141,0.0957031,-28.9375,42,13.625,0.831876,-1.51477,1.89175
1936,-18,-46,-1,-5,-4,-9,-22,-6,1.02148,-0.0244141,0.0957031,-28.9375,42,13.625,0.831876,-1.51477,1.89175
1936,-16,1,0,-2,-2,-2,-11,-13,1.02148,-0.0244141,0.0957031,-28.9375,42,13.625,0.831876,-1.51477,1.89175
1936,5,30,1,-3,-4,-5,-1,12,1.02148,-0.0244141,0.0957031,-28.9375,42,13.625,0.831876,-1.51477,1.89175
1958,-2,60,4,3,2,7,16,0,1.01123,-0.0795898,0.134766,-18.9375,42.0625,17.125,0.539611,-1.50681,2.1767
1958,62,-87,5,4,4,4,13,56,1.01123,-0.0795898,0.134766,-18.9375,42.0625,17.125,0.539611,-1.50681,2.1767
1959,-43,-23,-5,-2,-4,-3,-6,-26,1.01123,-0.0795898,0.134766,-18.9375,42.0625,17.125,0.539611,-1.50681,2.1767
1959,-40,-13,0,0,-2,-5,-11,-19,1.01123,-0.0795898,0.134766,-18.9375,42.0625,17.125,0.539611,-1.50681,2.1767
1973,-29,50,-9,-3,-7,-8,-12,-15,0.967773,-0.0888672,0.149902,-7.25,43,19.5,0.312994,-1.4952,2.40078
1973,-7,59,1,2,1,4,9,9,0.967773,-0.0888672,0.149902,-7.25,43,19.5,0.312994,-1.4952,2.40078
1974,44,35,2,4,2,5,12,5,0.967773,-0.0888672,0.149902,-7.25,43,19.5,0.312994,-1.4952,2.40078
1974,15,38,0,2,2,3,0,17,0.967773,-0.0888672,0.149902,-7.25,43,19.5,0.312994,-1.4952,2.40078
1996,-7,26,-5,-1,-2,-2,-3,-9,0.967773,-0.0888672,0.205078,2.375,44.8125,20.1875,0.152629,-1.47909,2.56192
1996,-6,40,-3,-5,-3,-1,-3,-24,0.967773,-0.0888672,0.205078,2.375,44.8125,20.1875,0.152629,-1.47909,2.56192
1996,11,19,1,-1,0,3,1,11,0.967773,-0.0888672,0.205078,2.375,44.8125,20.1875,0.152629,-1.47909,2.56192
1996,-9,25,-8,-4,-4,-4,-3,-9,0.967773,-0.0888672,0.205078,2.375,44.8125,20.1875,0.152629,-1.47909,2.56192
2018,11,7,6,2,2,-1,-5,0,0.943359,-0.0917969,0.189941,6.6875,43.75,21.875,0.0392811,-1.46306,2.67815
2018,1,14,1,3,2,3,-1,-13,0.943359,-0.0917969,0.189941,6.6875,43.75,21.875,0.0392811,-1.46306,2.67815
2019,-7,26,9,-5,-2,-3,-1,0,0.943359,-0.0917969,0.189941,6.6875,43.75,21.875,0.0392811,-1.46306,2.67815
2019,-7,2,-29,-7,-1,0,-7,10,0.943359,-0.0917969,0.189941,6.6875,43.75,21.875,0.0392811,-1.46306,2.67815
2033,11,-5,-7,1,0,0,13,20,0.878418,-0.130371,0.249512,16.125,39.25,30.375,-0.0688605,-1.44553,2.7921
2033,-24,17,-8,-9,-9,-7,-15,-29,0.878418,-0.130371,0.249512,16.125,39.25,30.375,-0.0688605,-1.44553,2.7921
2034,4,7,5,-1,2,0,4,5,0.878418,-0.130371,0.249512,16.125,39.25,30.375,-0.0688605,-1.44553,2.7921
2034,12,-3,10,4,-1,0,2,2,0.878418,-0.130371,0.249512,16.125,39.25,30.375,-0.0688605,-1.44553,2.7921
2056,2,-7,1,-1,-2,-2,-4,3,0.85791,-0.126953,0.183594,19.3125,30.875,37.125,-0.167339,-1.43141,2.89785
2056,-10,12,-2,1,1,1,3,-6,0.85791,-0.126953,0.183594,19.3125,30.875,37.125,-0.167339,-1.43141,2.89785
2057,7,2,6,7,3,2,3,8,0.85791,-0.126953,0.183594,19.3125,30.875,37.125,-0.167339,-1.43141,2.89785
2057,-2,-6,-6,3,3,0,-1,-6,0.85791,-0.126953,0.183594,19.3125,30.875,37.125,-0.167339,-1.43141,2.89785
2078,-5,3,1,2,0,-1,-5,-8,0.870117,-0.0375977,0.16748,29.125,25.1875,36.375,-0.22969,-1.41897,2.9711
2078,-3,4,3,-2,-1,0,6,22,0.870117,-0.0375977,0.16748,29.125,25.1875,36.375,-0.22969,-1.41897,2.9711
2079,5,57,-4,-6,-6,-4,-4,-13,0.870117,-0.0375977,0.16748,29.125,25.1875,36.375,-0.22969,-1.41897,2.9711
2079,1,94,4,-3,-2,-2,1,5,0.870117,-0.0375977,0.16748,29.125,25.1875,36.375,-0.22969,-1.41897,2.9711
2093,-1,90,-2,-8,0,1,-6,-8,0.87793,-0.0649414,0.191895,9.875,25.8125,36.1875,-0.290218,-1.40586,3.03578
2093,-4,98,0,-2,-3,-3,0,11,0.87793,-0.0649414,0.191895,9.875,25.8125,36.1875,-0.290218,-1.40586,3.03578
2094,1,41,-7,2,1,1,-2,-8,0.87793,-0.0649414,0.191895,9.875,25.8125,36.1875,-0.290218,-1.40586,3.03578
2094,5,20,6,3,2,0,-10,0,0.87793,-0.0649414,0.191895,9.875,25.8125,36.1875,-0.290218,-1.40586,3.03578
2116,5,-1,-10,-4,-3,-2,-5,-10,0.827637,-0.177246,0.180176,-2.625,24.9375,36.375,-0.359343,-1.3919,3.10443
2116,-16,-19,1,-3,-2,-3,-9,-19,0.827637,-0.177246,0.180176,-2.625,24.9375,36.375,-0.359343,-1.3919,3.10443
2123,-5,-2,3,2,0,0,2,15,0.827637,-0.177246,0.180176,-2.625,24.9375,36.375,-0.359343,-1.3919,3.10443
2123,13,-18,7,1,0,2,-1,-32,0.827637,-0.177246,0.180176,-2.625,24.9375,36.375,-0.359343,-1.3919,3.10443
2147,43,-13,3,1,2,3,17,44,0.808594,-0.243164,0.233398,8.625,23.4375,36.375,-0.419039,-1.37583,-3.1155
2147,-60,-19,-12,-2,-5,-7,-6,-55,0.808594,-0.243164,0.233398,8.625,23.4375,36.375,-0.419039,-1.37583,-3.1155
2147,-14,-12,1,-1,-2,-5,-8,-30,0.808594,-0.243164,0.233398,8.625,23.4375,36.375,-0.419039,-1.37583,-3.1155
2147,28,-32,2,1,1,0,-8,-14,0.808594,-0.243164,0.233398,8.625,23.4375,36.375,-0.419039,-1.37583,-3.1155
2153,-27,-30,-5,-2,-4,-4,-7,12,0.83252,-0.233887,0.307617,28.5,17.875,32.375,-0.455612,-1.36026,-3.06835
2153,55,-17,12,9,4,8,16,47,0.83252,-0.233887,0.307617,28.5,17.875,32.375,-0.455612,-1.36026,-3.06835
2154,-27,-70,-11,-5,-2,0,8,-16,0.83252,-0.233887,0.307617,28.5,17.875,32.375,-0.455612,-1.36026,-3.06835
2154,-41,-77,0,-3,-6,-3,17,-4,0.83252,-0.233887,0.307617,28.5,17.875,32.375,-0.455612,-1.36026,-3.06835
2176,-5,-103,-4,-2,-5,-8,-15,-37,0.873535,-0.239258,0.391602,43.875,8.6875,31.25,-0.482319,-1.34663,-3.02558
2176,32,-116,6,6,7,11,13,37,0.873535,-0.239258,0.391602,43.875,8.6875,31.25,-0.482319,-1.34663,-3.02558
2177,26,-50,9,-5,8,17,6,-23,0.873535,-0.239258,0.391602,43.875,8.6875,31.25,-0.482319,-1.34663,-3.02558
2177,6,24,-13,-19,-12,-9,-3,29,0.873535,-0.239258,0.391602,43.875,8.6875,31.25,-0.482319,-1.34663,-3.02558
2198,-9,82,0,-3,-10,-13,3,-19,1.00439,-0.23291,0.520508,62,-1.75,37.3125,-0.505848,-1.33345,-2.97912
2198,-37,94,-1,11,-9,-14,-20,-34,1.00439,-0.23291,0.520508,62,-1.75,37.3125,-0.505848,-1.33345,-2.97912
2199,25,100,-5,-4,-13,-9,-14,-9,1.00439,-0.23291,0.520508,62,-1.75,37.3125,-0.505848,-1.33345,-2.97912
2199,12,99,19,18,30,22,12,-1,1.00439,-0.23291,0.520508,62,-1.75,37.3125,-0.505848,-1.33345,-2.97912
2213,10,76,-7,18,17,3,10,43,1.37891,-0.349121,0.486328,84.375,-16.75,66.9375,-0.573176,-1.3201,-2.87938
2213,114,88,-10,0,8,7,30,18,1.37891,-0.349121,0.486328,84.375,-16.75,66.9375,-0.573176,-1.3201,-2.87938
2214,-32,59,-9,-44,-29,-11,0,-30,1.37891,-0.349121,0.486328,84.375,-16.75,66.9375,-0.573176,-1.3201,-2.87938
2214,-60,27,1,-42,-36,-28,-60,-9,1.37891,-0.349121,0.486328,84.375,-16.75,66.9375,-0.573176,-1.3201,-2.87938
2236,-55,25,-14,22,-38,-14,-15,6,2.12207,-0.243652,0.44043,69,3.9375,88.8125,-0.635189,-1.30326,-2.78985
2236,33,17,20,4,46,30,12,0,2.12207,-0.243652,0.44043,69,3.9375,88.8125,-0.635189,-1.30326,-2.78985
2237,80,5,0,45,69,36,56,39,2.12207,-0.243652,0.44043,69,3.9375,88.8125,-0.635189,-1.30326,-2.78985
2237,-67,-20,2,53,28,12,28,-16,2.12207,-0.243652,0.44043,69,3.9375,88.8125,-0.635189,-1.30326,-2.78985
2259,23,25,70,-12,-41,-16,-51,-1,2.52441,-0.235352,0.47168,100.875,62.4375,72.1875,-0.625989,-1.27103,-2.76299
2259,-75,4,-103,-86,-101,-64,-58,3,2.52441,-0.235352,0.47168,100.875,62.4375,72.1875,-0.625989,-1.27103,-2.76299
2259,69,41,-16,-36,4,30,-25,47,2.52441,-0.235352,0.47168,100.875,62.4375,72.1875,-0.625989,-1.27103,-2.76299
2259,83,34,63,76,61,38,105,22,2.52441,-0.235352,0.47168,100.875,62.4375,72.1875,-0.625989,-1.27103,-2.76299
2273,-3,-32,27,11,30,24,54,29,2.23535,-0.229492,0.95752,67.1875,138,101.25,-0.599272,-1.21047,-2.76531
2273,85,-75,-23,7,60,26,19,67,2.23535,-0.229492,0.95752,67.1875,138,101.25,-0.599272,-1.21047,-2.76531
2274,-128,-118,-10,23,-46,-77,-46,-97,2.23535,-0.229492,0.95752,67.1875,138,101.25,-0.599272,-1.21047,-2.76531
2274,53,-128,-51,-74,-12,13,-107,27,2.23535,-0.229492,0.95752,67.1875,138,101.25,-0.599272,-1.21047,-2.76531
2296,47,-28,43,121,57,57,69,36,1.25586,-0.392578,1.18213,-30.3125,185.5,109.5,-0.59338,-1.13214,-2.78229
2296,-100,-109,50,-55,-91,-46,-87,-54,1.25586,-0.392578,1.18213,-30.3125,185.5,109.5,-0.59338,-1.13214,-2.78229
2296,-64,-46,-101,-88,-4,-6,9,12,1.25586,-0.392578,1.18213,-30.3125,185.5,109.5,-0.59338,-1.13214,-2.78229
2296,76,62,-30,54,34,8,50,28,1.25586,-0.392578,1.18213,-30.3125,185.5,109.5,-0.59338,-1.13214,-2.78229
2319,-41,91,-35,-128,-109,-65,-39,-56,-1.32422,-0.705078,0.0678711,-113.062,51.875,141.75,-0.690763,-1.08803,-2.71763
2319,104,127,-2,11,52,112,96,70,-1.32422,-0.705078,0.0678711,-113.062,51.875,141.75,-0.690763,-1.08803,-2.71763
2319,31,57,-6,-62,-108,-96,-98,22,-1.32422,-0.705078,0.0678711,-113.062,51.875,141.75,-0.690763,-1.08803,-2.71763
2319,-41,32,-33,-120,-84,-72,-15,9,-1.32422,-0.705078,0.0678711,-113.062,51.875,141.75,-0.690763,-1.08803,-2.71763
2327,120,49,49,88,127,-20,-43,72,-2.57031,-0.214844,-1.34326,50,-94.75,39.3125,-0.735715,-1.10396,-2.64747
2327,-62,3,115,-35,2,-9,24,-128,-2.57031,-0.214844,-1.34326,50,-94.75,39.3125,-0.735715,-1.10396,-2.64747
2332,116,-34,14,125,127,70,79,24,-2.57031,-0.214844,-1.34326,50,-94.75,39.3125,-0.735715,-1.10396,-2.64747
2332,-19,-96,-18,-64,-90,35,-1,6,-2.57031,-0.214844,-1.34326,50,-94.75,39.3125,-0.735715,-1.10396,-2.64747
2355,56,-128,-65,-10,-61,38,-31,-26,3.8501,-0.562988,-0.489258,170.312,-78.5625,-91.375,-0.662008,-1.14559,-2.6634
2355,-46,-125,36,127,98,43,15,7,3.8501,-0.562988,-0.489258,170.312,-78.5625,-91.375,-0.662008,-1.14559,-2.6634
2356,127,-37,20,63,-42,52,52,81,3.8501,-0.562988,-0.489258,170.312,-78.5625,-91.375,-0.662008,-1.14559,-2.6634
2356,-121,-47,30,-22,-63,-27,23,-69,3.8501,-0.562988,-0.489258,170.312,-78.5625,-91.375,-0.662008,-1.14559,-2.6634
2370,79,70,-40,-96,-94,-51,-69,-57,2.06348,0.987305,-0.65918,168.062,66.25,102.75,-0.634136,-1.10553,-2.62919
2370,112,95,-30,-128,-113,-72,17,68,2.06348,0.987305,-0.65918,168.062,66.25,102.75,-0.634136,-1.10553,-2.62919
2371,-115,62,-15,66,3,11,-9,-26,2.06348,0.987305,-0.65918,168.062,66.25,102.75,-0.634136,-1.10553,-2.62919
2371,114,64,40,44,98,10,9,23,2.06348,0.987305,-0.65918,168.062,66.25,102.75,-0.634136,-1.10553,-2.62919
2388,-106,-17,43,44,39,32,63,7,0.655762,0.503418,0.174316,-81.125,41.875,-47.8125,-0.590781,-1.11363,-2.70335
2388,-43,9,3,125,72,-10,-63,-64,0.655762,0.503418,0.174316,-81.125,41.875,-47.8125,-0.590781,-1.11363,-2.70335
2392,60,5,34,-60,-36,-23,-28,45,0.655762,0.503418,0.174316,-81.125,41.875,-47.8125,-0.590781,-1.11363,-2.70335
2392,-19,-53,-35,-65,-103,-29,-38,-7,0.655762,0.503418,0.174316,-81.125,41.875,-47.8125,-0.590781,-1.11363,-2.70335
2409,-103,-85,-83,-128,-50,-40,-4,-73,1.7417,-0.0239258,0.450684,-101.062,59.125,14.875,-0.60816,-1.09643,-2.72254
2409,110,10,-8,68,81,3,-26,46,1.7417,-0.0239258,0.450684,-101.062,59.125,14.875,-0.60816,-1.09643,-2.72254
2415,-19,6,24,109,68,24,-3,-25,1.7417,-0.0239258,0.450684,-101.062,59.125,14.875,-0.60816,-1.09643,-2.72254
2415,-11,11,36,36,30,22,17,-2,1.7417,-0.0239258,0.450684,-101.062,59.125,14.875,-0.60816,-1.09643,-2.72254
2431,104,-25,-7,-35,-43,18,40,29,1.42432,-0.32959,0.488281,-41.25,75.75,1.75,-0.595069,-1.07804,-2.75348
2431,2,-128,-14,-32,-55,-8,-18,-11,1.42432,-0.32959,0.488281,-41.25,75.75,1.75,-0.595069,-1.07804,-2.75348
2431,-16,-45,32,-34,-26,-20,-3,32,1.42432,-0.32959,0.488281,-41.25,75.75,1.75,-0.595069,-1.07804,-2.75348
2431,107,57,-14,-5,44,0,13,34,1.42432,-0.32959,0.488281,-41.25,75.75,1.75,-0.595069,-1.07804,-2.75348
2446,-109,53,11,-2,11,9,22,1,1.12842,-0.274414,0.46582,11.8125,73.375,5.8125,-0.567447,-1.05749,-2.78006
2446,-4,75,-45,-51,-38,-3,-18,-49,1.12842,-0.274414,0.46582,11.8125,73.375,5.8125,-0.567447,-1.05749,-2.78006
2453,-3,27,48,4,-24,-14,16,13,1.12842,-0.274414,0.46582,11.8125,73.375,5.8125,-0.567447,-1.05749,-2.78006
2453,-7,5,-65,-23,43,6,-47,-25,1.12842,-0.274414,0.46582,11.8125,73.375,5.8125,-0.567447,-1.05749,-2.78006
2467,112,-4,21,112,58,31,66,47,0.811523,-0.246094,0.482422,5.0625,78.75,23.125,-0.550415,-1.0288,-2.79714
2467,93,30,22,-7,-14,-3,-10,32,0.811523,-0.246094,0.482422,5.0625,78.75,23.125,-0.550415,-1.0288,-2.79714
2475,-96,-26,2,-20,0,-36,-38,-88,0.811523,-0.246094,0.482422,5.0625,78.75,23.125,-0.550415,-1.0288,-2.79714
2475,121,5,-15,27,-70,-15,25,57,0.811523,-0.246094,0.482422,5.0625,78.75,23.125,-0.550415,-1.0288,-2.79714
2491,94,-21,-12,-52,14,-1,-25,-17,0.557129,-0.424316,0.473145,-9.75,85.875,32.8125,-0.54964,-0.992015,-2.80382
2491,-21,-5,-4,94,94,20,51,17,0.557129,-0.424316,0.473145,-9.75,85.875,32.8125,-0.54964,-0.992015,-2.80382
2491,63,1,22,-49,-51,11,-7,9,0.557129,-0.424316,0.473145,-9.75,85.875,32.8125,-0.54964,-0.992015,-2.80382
2491,43,20,11,-4,12,-17,-12,3,0.557129,-0.424316,0.473145,-9.75,85.875,32.8125,-0.54964,-0.992015,-2.80382
2513,-50,-7,-47,-47,-47,-19,-16,-38,0.430664,-0.489746,0.413574,-5.1875,102.75,30.3125,-0.53964,-0.954323,-2.81894
2513,37,-53,-22,-125,-77,4,22,5,0.430664,-0.489746,0.413574,-5.1875,102.75,30.3125,-0.53964,-0.954323,-2.81894
2514,7,-31,-16,91,91,16,23,21,0.430664,-0.489746,0.413574,-5.1875,102.75,30.3125,-0.53964,-0.954323,-2.81894
2514,-32,-1,57,54,56,19,-5,-6,0.430664,-0.489746,0.413574,-5.1875,102.75,30.3125,-0.53964,-0.954323,-2.81894
2536,-78,-13,13,46,20,-7,-95,-17,0.375977,-0.425293,0.371582,-5,109.438,22.5625,-0.526066,-0.91628,-2.8387
2536,-75,32,31,1,8,14,15,-71,0.375977,-0.425293,0.371582,-5,109.438,22.5625,-0.526066,-0.91628,-2.8387
2536,-28,10,-57,-128,-85,-27,-7,-23,0.375977,-0.425293,0.371582,-5,109.438,22.5625,-0.526066,-0.91628,-2.8387
2536,-31,-101,-46,16,-26,2,-19,8,0.375977,-0.425293,0.371582,-5,109.438,22.5625,-0.526066,-0.91628,-2.8387
2559,51,-38,-5,18,49,13,38,10,0.429688,-0.30957,0.398926,-2.1875,112.688,23.875,-0.512148,-0.877295,-2.85781
2559,-57,-29,-1,-76,-51,-21,-12,-28,0.429688,-0.30957,0.398926,-2.1875,112.688,23.875,-0.512148,-0.877295,-2.85781
2559,127,45,-28,84,72,29,-13,45,0.429688,-0.30957,0.398926,-2.1875,112.688,23.875,-0.512148,-0.877295,-2.85781
2559,-93,27,9,-52,-46,-21,31,-32,0.429688,-0.30957,0.398926,-2.1875,112.688,23.875,-0.512148,-0.877295,-2.85781
2573,-13,27,23,35,-5,-23,-29,-2,0.465332,-0.310547,0.383789,-9.375,109.312,31.75,-0.505929,-0.838132,-2.87079
2573,1,34,4,39,23,12,25,29,0.465332,-0.310547,0.383789,-9.375,109.312,31.75,-0.505929,-0.838132,-2.87079
2574,39,28,18,15,72,64,66,3,0.465332,-0.310547,0.383789,-9.375,109.312,31.75,-0.505929,-0.838132,-2.87079
2574,103,46,8,19,-38,-6,-24,-4,0.465332,-0.310547,0.383789,-9.375,109.312,31.75,-0.505929,-0.838132,-2.87079
2596,-73,5,-15,-50,7,-20,-5,15,0.451172,-0.350586,0.424316,-16.375,103.562,36.0625,-0.505529,-0.79998,-2.87974
2596,108,19,-27,17,72,38,-64,-28,0.451172,-0.350586,0.424316,-16.375,103.562,36.0625,-0.505529,-0.79998,-2.87974
2596,42,20,7,-68,-128,-110,39,11,0.451172,-0.350586,0.424316,-16.375,103.562,36.0625,-0.505529,-0.79998,-2.87974
2596,61,18,-23,-8,78,16,-19,-10,0.451172,-0.350586,0.424316,-16.375,103.562,36.0625,-0.505529,-0.79998,-2.87974
2618,-25,-6,64,75,69,15,51,-3,0.536133,-0.325195,0.45166,-2.5625,98.9375,32.875,-0.502122,-0.764307,-2.88746
2618,36,13,-42,-91,-13,-22,-16,82,0.536133,-0.325195,0.45166,-2.5625,98.9375,32.875,-0.502122,-0.764307,-2.88746
2619,-9,-17,85,93,-24,9,-35,-26,0.536133,-0.325195,0.45166,-2.5625,98.9375,32.875,-0.502122,-0.764307,-2.88746
2619,85,-24,-73,-68,-13,3,53,31,0.536133,-0.325195,0.45166,-2.5625,98.9375,32.875,-0.502122,-0.764307,-2.88746
2634,-35,-21,-104,-81,-72,-32,-6,6,0.53125,-0.260254,0.437988,2.625,93.125,26.0625,-0.494865,-0.732672,-2.89726
2634,-83,-6,91,127,98,39,26,14,0.53125,-0.260254,0.437988,2.625,93.125,26.0625,-0.494865,-0.732672,-2.89726
2635,27,-21,-72,-68,-73,-36,-31,7,0.53125,-0.260254,0.437988,2.625,93.125,26.0625,-0.494865,-0.732672,-2.89726
2635,-25,9,55,-67,60,35,56,23,0.53125,-0.260254,0.437988,2.625,93.125,26.0625,-0.494865,-0.732672,-2.89726
2656,44,3,7,99,78,2,-6,19,0.458008,-0.240234,0.521973,-7.5,82.3125,21.4375,-0.490313,-0.703378,-2.90717
2656,90,6,-15,-78,-93,31,26,26,0.458008,-0.240234,0.521973,-7.5,82.3125,21.4375,-0.490313,-0.703378,-2.90717
2656,-40,13,8,-16,22,-5,-5,12,0.458008,-0.240234,0.521973,-7.5,82.3125,21.4375,-0.490313,-0.703378,-2.90717
2656,-50,-8,21,13,-7,-13,-37,-21,0.458008,-0.240234,0.521973,-7.5,82.3125,21.4375,-0.490313,-0.703378,-2.90717
2678,42,-2,-8,-118,-94,-35,-37,-39,0.47998,-0.306641,0.57666,-14.1875,74.1875,23.625,-0.491095,-0.675706,-2.9136
2678,57,-19,7,-23,-11,-35,30,40,0.47998,-0.306641,0.57666,-14.1875,74.1875,23.625,-0.491095,-0.675706,-2.9136
2679,21,-4,-46,-13,101,75,26,2,0.47998,-0.306641,0.57666,-14.1875,74.1875,23.625,-0.491095,-0.675706,-2.9136
2679,-11,-4,40,105,85,84,97,52,0.47998,-0.306641,0.57666,-14.1875,74.1875,23.625,-0.491095,-0.675706,-2.9136
2695,-49,-3,23,-40,-48,-66,-81,-44,0.46582,-0.359863,0.635254,-10,69.8125,26.0625,-0.492407,-0.64831,-2.91773
2695,79,-13,-69,10,-40,-54,32,40,0.46582,-0.359863,0.635254,-10,69.8125,26.0625,-0.492407,-0.64831,-2.91773
2695,-80,-41,7,37,72,29,-3,-67,0.46582,-0.359863,0.635254,-10,69.8125,26.0625,-0.492407,-0.64831,-2.91773
2695,-9,12,35,58,39,7,4,-3,0.46582,-0.359863,0.635254,-10,69.8125,26.0625,-0.492407,-0.64831,-2.91773
2716,-20,7,22,-22,-8,46,-28,4,0.42041,-0.36377,0.646973,2.5,61.5,25.4375,-0.490321,-0.622944,-2.92026
2716,25,44,86,44,-48,-33,1,-8,0.42041,-0.36377,0.646973,2.5,61.5,25.4375,-0.490321,-0.622944,-2.92026
2716,-80,-27,-128,-128,-123,-41,40,44,0.42041,-0.36377,0.646973,2.5,61.5,25.4375,-0.490321,-0.622944,-2.92026
2716,-128,-18,30,127,31,-32,-87,-78,0.42041,-0.36377,0.646973,2.5,61.5,25.4375,-0.490321,-0.622944,-2.92026
2739,121,10,38,-88,-92,-24,15,19,0.379883,-0.285156,0.615723,3.125,52.3125,19.5,-0.486244,-0.601776,-2.92402
2739,-128,-29,-55,-48,-35,-28,-31,-55,0.379883,-0.285156,0.615723,3.125,52.3125,19.5,-0.486244,-0.601776,-2.92402
2739,94,1,42,95,127,29,33,21,0.379883,-0.285156,0.615723,3.125,52.3125,19.5,-0.486244,-0.601776,-2.92402
2739,57,-11,-36,-128,-123,10,-48,-26,0.379883,-0.285156,0.615723,3.125,52.3125,19.5,-0.486244,-0.601776,-2.92402
2754,16,-10,13,127,87,60,43,16,0.475098,-0.357422,0.647461,-15.125,52.875,25.0625,-0.491199,-0.581178,-2.92506
2754,88,39,53,38,93,0,83,67,0.475098,-0.357422,0.647461,-15.125,52.875,25.0625,-0.491199,-0.581178,-2.92506
2754,-87,-45,-43,-94,-91,11,-102,-87,0.475098,-0.357422,0.647461,-15.125,52.875,25.0625,-0.491199,-0.581178,-2.92506
2754,31,1,-11,76,-6,-71,6,-3,0.475098,-0.357422,0.647461,-15.125,52.875,25.0625,-0.491199,-0.581178,-2.92506
2776,50,-7,-71,-123,1,21,34,27,0.442383,-0.42627,0.650391,-16,58,21.4375,-0.496713,-0.558931,-2.92759
2776,31,22,90,127,114,28,-43,-37,0.442383,-0.42627,0.650391,-16,58,21.4375,-0.496713,-0.558931,-2.92759
2776,-74,27,40,28,54,30,44,3,0.442383,-0.42627,0.650391,-16,58,21.4375,-0.496713,-0.558931,-2.92759
2776,-8,-12,-11,-90,-102,-13,37,18,0.442383,-0.42627,0.650391,-16,58,21.4375,-0.496713,-0.558931,-2.92759
2799,83,13,41,-47,-16,7,-61,42,0.380859,-0.359375,0.67334,0.125,57.5625,13.6875,-0.493365,-0.5374,-2.93386
2799,-95,-23,-116,-101,-92,-18,26,-71,0.380859,-0.359375,0.67334,0.125,57.5625,13.6875,-0.493365,-0.5374,-2.93386
2799,-7,9,22,69,-64,-55,-78,-5,0.380859,-0.359375,0.67334,0.125,57.5625,13.6875,-0.493365,-0.5374,-2.93386
2799,-61,-39,43,102,111,35,-10,-42,0.380859,-0.359375,0.67334,0.125,57.5625,13.6875,-0.493365,-0.5374,-2.93386
2813,-17,19,-22,7,-22,-23,71,12,0.411133,-0.277832,0.715332,6.1875,53.625,18.0625,-0.486827,-0.51738,-2.93885
2813,78,-35,26,-29,-72,-2,51,61,0.411133,-0.277832,0.715332,6.1875,53.625,18.0625,-0.486827,-0.51738,-2.93885
2821,-18,16,14,82,100,-18,-39,-93,0.411133,-0.277832,0.715332,6.1875,53.625,18.0625,-0.486827,-0.51738,-2.93885
2821,8,6,-33,44,9,35,33,36,0.411133,-0.277832,0.715332,6.1875,53.625,18.0625,-0.486827,-0.51738,-2.93885
2845,94,6,-22,-51,-49,-70,-10,23,0.41748,-0.384277,0.760742,-0.125,51.8125,22.25,-0.485469,-0.496876,-2.94094
2845,-32,-18,-60,58,98,26,-72,-32,0.41748,-0.384277,0.760742,-0.125,51.8125,22.25,-0.485469,-0.496876,-2.94094
2845,104,-13,3,-128,-128,-21,100,37,0.41748,-0.384277,0.760742,-0.125,51.8125,22.25,-0.485469,-0.496876,-2.94094
2845,27,25,78,115,127,-7,-32,-26,0.41748,-0.384277,0.760742,-0.125,51.8125,22.25,-0.485469,-0.496876,-2.94094
2858,-25,-32,-2,124,127,74,-24,-50,0.411621,-0.459473,0.799316,4.5625,49.75,22.5,-0.484274,-0.476388,-2.94174
2858,-117,-9,-35,-120,-128,-30,-40,-35,0.411621,-0.459473,0.799316,4.5625,49.75,22.5,-0.484274,-0.476388,-2.94174
2858,65,-23,-56,-19,-34,-3,10,-1,0.411621,-0.459473,0.799316,4.5625,49.75,22.5,-0.484274,-0.476388,-2.94174
2858,-61,-13,32,-128,-127,-40,-27,-12,0.411621,-0.459473,0.799316,4.5625,49.75,22.5,-0.484274,-0.476388,-2.94174
2873,62,-12,3,64,-46,18,60,24,0.401855,-0.269531,0.723633,18.3125,47.875,16.375,-0.473974,-0.459452,-2.94585
2873,-3,26,61,66,59,-5,-27,5,0.401855,-0.269531,0.723633,18.3125,47.875,16.375,-0.473974,-0.459452,-2.94585
2873,33,-7,-49,-56,-55,14,-10,1,0.401855,-0.269531,0.723633,18.3125,47.875,16.375,-0.473974,-0.459452,-2.94585
2873,54,28,15,-84,-9,-33,17,35,0.401855,-0.269531,0.723633,18.3125,47.875,16.375,-0.473974,-0.459452,-2.94585
2895,-107,-31,-10,-44,-9,13,-34,-27,0.359863,-0.291016,0.739258,6.4375,46.125,15,-0.468333,-0.442281,-2.94964
2895,39,-8,-13,87,-7,25,15,60,0.359863,-0.291016,0.739258,6.4375,46.125,15,-0.468333,-0.442281,-2.94964
2896,35,16,41,51,63,41,3,24,0.359863,-0.291016,0.739258,6.4375,46.125,15,-0.468333,-0.442281,-2.94964
2896,45,10,-37,-95,-31,-24,2,23,0.359863,-0.291016,0.739258,6.4375,46.125,15,-0.468333,-0.442281,-2.94964
2919,-2,-5,34,68,51,34,-4,-15,0.371094,-0.398438,0.779297,2.375,46.4375,17.25,-0.466783,-0.424667,-2.95177
2919,63,-11,-56,-123,-80,-88,-15,-4,0.371094,-0.398438,0.779297,2.375,46.4375,17.25,-0.466783,-0.424667,-2.95177
2919,35,3,33,-83,34,89,20,44,0.371094,-0.398438,0.779297,2.375,46.4375,17.25,-0.466783,-0.424667,-2.95177
2919,19,19,47,127,114,58,-7,34,0.371094,-0.398438,0.779297,2.375,46.4375,17.25,-0.466783,-0.424667,-2.95177
2942,-92,11,22,-97,-72,-30,-62,-67,0.342285,-0.46875,0.815918,6.25,43.5625,13.5625,-0.464941,-0.407511,-2.95402
2942,-25,-16,-58,-82,-89,-14,0,-43,0.342285,-0.46875,0.815918,6.25,43.5625,13.5625,-0.464941,-0.407511,-2.95402
2942,-37,7,5,-50,-61,-55,-1,14,0.342285,-0.46875,0.815918,6.25,43.5625,13.5625,-0.464941,-0.407511,-2.95402
2942,54,-11,-50,-47,-33,-17,-24,-27,0.342285,-0.46875,0.815918,6.25,43.5625,13.5625,-0.464941,-0.407511,-2.95402
2956,58,-8,-57,76,44,38,62,52,0.328613,-0.322754,0.765137,12.375,42.25,10.625,-0.457963,-0.392318,-2.95803
2956,-10,7,57,17,1,7,34,4,0.328613,-0.322754,0.765137,12.375,42.25,10.625,-0.457963,-0.392318,-2.95803
2956,-30,-1,49,-17,55,-43,-88,6,0.328613,-0.322754,0.765137,12.375,42.25,10.625,-0.457963,-0.392318,-2.95803
2956,49,3,-41,-61,12,21,16,-3,0.328613,-0.322754,0.765137,12.375,42.25,10.625,-0.457963,-0.392318,-2.95803
2978,-1,9,-9,-57,-115,-64,0,6,0.32959,-0.336426,0.75,9.5,42.25,14.4375,-0.453005,-0.376831,-2.96047
2978,7,-17,-37,102,127,9,-32,0,0.32959,-0.336426,0.75,9.5,42.25,14.4375,-0.453005,-0.376831,-2.96047
2979,24,-1,48,35,22,91,13,70,0.32959,-0.336426,0.75,9.5,42.25,14.4375,-0.453005,-0.376831,-2.96047
2979,-56,5,-29,-53,-53,-67,8,-40,0.32959,-0.336426,0.75,9.5,42.25,14.4375,-0.453005,-0.376831,-2.96047
2992,113,33,116,127,127,56,-5,52,0.371094,-0.42627,0.773926,4.1875,36.375,14.8125,-0.452474,-0.363988,-2.96095
2992,-82,-17,-6,-106,-62,15,11,-62,0.371094,-0.42627,0.773926,4.1875,36.375,14.8125,-0.452474,-0.363988,-2.96095
3001,-36,3,-49,-2,-62,-97,-29,-9,0.371094,-0.42627,0.773926,4.1875,36.375,14.8125,-0.452474,-0.363988,-2.96095
3001,33,-22,-65,-58,6,5,-26,-2,0.371094,-0.42627,0.773926,4.1875,36.375,14.8125,-0.452474,-0.363988,-2.96095
3016,36,-3,45,45,63,-7,91,23,0.361328,-0.404297,0.781738,6.1875,34.8125,11.625,-0.450212,-0.352115,-2.96252
3016,6,-1,14,-66,-53,-6,-76,-13,0.361328,-0.404297,0.781738,6.1875,34.8125,11.625,-0.450212,-0.352115,-2.96252
3017,-52,-8,22,37,11,7,-8,-84,0.361328,-0.404297,0.781738,6.1875,34.8125,11.625,-0.450212,-0.352115,-2.96252
3017,-30,3,72,-52,-10,-16,-6,-4,0.361328,-0.404297,0.781738,6.1875,34.8125,11.625,-0.450212,-0.352115,-2.96252
3039,53,36,-20,77,94,28,66,17,0.348145,-0.390137,0.795898,1.6875,33.375,8.25,-0.448966,-0.341205,-2.96507
3039,34,-16,49,-40,-46,-6,0,9,0.348145,-0.390137,0.795898,1.6875,33.375,8.25,-0.448966,-0.341205,-2.96507
3039,-30,-11,-25,-64,-61,-21,-41,-42,0.348145,-0.390137,0.795898,1.6875,33.375,8.25,-0.448966,-0.341205,-2.96507
3039,-10,-14,-10,-128,-128,-43,3,4,0.348145,-0.390137,0.795898,1.6875,33.375,8.25,-0.448966,-0.341205,-2.96507
3053,22,-27,-63,38,74,22,9,-9,0.28418,-0.367676,0.796875,6.5,28.875,10.875,-0.445944,-0.330066,-2.96615
3053,-48,24,115,127,114,39,-50,-41,0.28418,-0.367676,0.796875,6.5,28.875,10.875,-0.445944,-0.330066,-2.96615
3061,79,4,-57,-124,-103,-33,11,48,0.28418,-0.367676,0.796875,6.5,28.875,10.875,-0.445944,-0.330066,-2.96615
3061,33,-11,-51,1,54,36,38,8,0.28418,-0.367676,0.796875,6.5,28.875,10.875,-0.445944,-0.330066,-2.96615
3076,4,30,97,18,-54,-19,-42,20,0.34668,-0.407227,0.836914,6.125,26.5,14.9375,-0.444237,-0.320292,-2.9654
3076,-39,-14,-111,-87,-83,-26,6,-50,0.34668,-0.407227,0.836914,6.125,26.5,14.9375,-0.444237,-0.320292,-2.9654
3076,21,4,8,91,127,-23,26,-14,0.34668,-0.407227,0.836914,6.125,26.5,14.9375,-0.444237,-0.320292,-2.9654
3076,1,-24,-32,63,-47,9,15,-18,0.34668,-0.407227,0.836914,6.125,26.5,14.9375,-0.444237,-0.320292,-2.9654
3098,78,22,12,3,45,27,3,17,0.286133,-0.392578,0.789551,6.375,24.9375,10.3125,-0.442375,-0.31087,-2.96567
3098,-69,-5,31,-67,-26,-17,-12,0,0.286133,-0.392578,0.789551,6.375,24.9375,10.3125,-0.442375,-0.31087,-2.96567
3099,23,14,17,108,72,14,26,29,0.286133,-0.392578,0.789551,6.375,24.9375,10.3125,-0.442375,-0.31087,-2.96567
3099,52,26,-43,-40,-56,17,-6,6,0.286133,-0.392578,0.789551,6.375,24.9375,10.3125,-0.442375,-0.31087,-2.96567
3113,-104,-31,-33,-128,-70,-21,18,-66,0.233398,-0.397461,0.795898,2.0625,19.9375,4.75,-0.441688,-0.302931,-2.96708
3113,56,14,-40,44,106,0,-8,28,0.233398,-0.397461,0.795898,2.0625,19.9375,4.75,-0.441688,-0.302931,-2.96708
3121,-13,-13,22,-76,-79,21,-24,-4,0.233398,-0.397461,0.795898,2.0625,19.9375,4.75,-0.441688,-0.302931,-2.96708
3121,46,4,47,69,-16,0,47,60,0.233398,-0.397461,0.795898,2.0625,19.9375,4.75,-0.441688,-0.302931,-2.96708
3136,75,8,29,12,3,8,34,34,0.299805,-0.446777,0.791992,3.4375,20.375,6.25,-0.441761,-0.296043,-2.96768
3136,-31,1,-38,-118,-109,-1,5,2,0.299805,-0.446777,0.791992,3.4375,20.375,6.25,-0.441761,-0.296043,-2.96768
3136,82,0,13,78,34,13,-64,-17,0.299805,-0.446777,0.791992,3.4375,20.375,6.25,-0.441761,-0.296043,-2.96768
3136,-69,2,-25,27,89,25,59,15,0.299805,-0.446777,0.791992,3.4375,20.375,6.25,-0.441761,-0.296043,-2.96768
3158,6,-17,-43,-128,-128,-58,-94,-16,0.26416,-0.45752,0.816406,1.4375,20.0625,9.9375,-0.442911,-0.28797,-2.96712
3158,-5,5,41,127,126,-2,23,-37,0.26416,-0.45752,0.816406,1.4375,20.0625,9.9375,-0.442911,-0.28797,-2.96712
3159,92,11,-9,-49,-2,0,45,27,0.26416,-0.45752,0.816406,1.4375,20.0625,9.9375,-0.442911,-0.28797,-2.96712
3159,-64,12,55,47,35,33,-50,-48,0.26416,-0.45752,0.816406,1.4375,20.0625,9.9375,-0.442911,-0.28797,-2.96712
3172,-54,-21,-89,-115,-87,49,59,-19,0.254883,-0.44873,0.787109,-5.3125,8.1875,9.9375,-0.446957,-0.283655,-2.96469
3172,11,12,65,69,-20,5,33,84,0.254883,-0.44873,0.787109,-5.3125,8.1875,9.9375,-0.446957,-0.283655,-2.96469
3189,-90,-22,-43,-20,-12,-47,-27,-72,0.254883,-0.44873,0.787109,-5.3125,8.1875,9.9375,-0.446957,-0.283655,-2.96469
3189,54,-1,66,121,92,-3,-9,39,0.254883,-0.44873,0.787109,-5.3125,8.1875,9.9375,-0.446957,-0.283655,-2.96469
3195,-79,-21,-83,21,28,19,-85,-19,0.461426,-0.46875,0.868164,8.5,11,8.375,-0.445477,-0.28307,-2.96332
3195,115,16,3,-91,-47,-29,7,20,0.461426,-0.46875,0.868164,8.5,11,8.375,-0.445477,-0.28307,-2.96332
3196,117,8,26,24,-29,14,69,66,0.461426,-0.46875,0.868164,8.5,11,8.375,-0.445477,-0.28307,-2.96332
3196,-102,-34,-23,-42,55,-19,-65,-67,0.461426,-0.46875,0.868164,8.5,11,8.375,-0.445477,-0.28307,-2.96332
3218,81,0,39,-29,-95,-67,0,32,0.37793,-0.265625,0.815918,3.8125,11.4375,4.9375,-0.441364,-0.281696,-2.96416
3218,108,-2,25,76,68,0,67,44,0.37793,-0.265625,0.815918,3.8125,11.4375,4.9375,-0.441364,-0.281696,-2.96416
3219,63,-1,-32,-121,22,50,4,42,0.37793,-0.265625,0.815918,3.8125,11.4375,4.9375,-0.441364,-0.281696,-2.96416
3219,-44,-39,-39,-19,-96,-52,-85,-91,0.37793,-0.265625,0.815918,3.8125,11.4375,4.9375,-0.441364,-0.281696,-2.96416
3232,81,32,44,12,39,4,17,20,0.26709,-0.358398,0.883301,-6.25,10.375,-3.6875,-0.441411,-0.278934,-2.96734
3232,32,-10,-51,60,-15,21,-62,4,0.26709,-0.358398,0.883301,-6.25,10.375,-3.6875,-0.441411,-0.278934,-2.96734
3241,2,48,119,76,79,45,103,4,0.26709,-0.358398,0.883301,-6.25,10.375,-3.6875,-0.441411,-0.278934,-2.96734
3241,121,42,51,-46,5,-49,50,127,0.26709,-0.358398,0.883301,-6.25,10.375,-3.6875,-0.441411,-0.278934,-2.96734
3256,-103,-38,-28,-93,-35,-76,-46,-75,0.289551,-0.466797,0.873535,-7.0625,8.375,-3.875,-0.444228,-0.276976,-2.96962
3256,-82,-34,-79,-118,-73,22,-36,-45,0.289551,-0.466797,0.873535,-7.0625,8.375,-3.875,-0.444228,-0.276976,-2.96962
3264,-16,-14,-56,6,-80,16,35,-5,0.289551,-0.466797,0.873535,-7.0625,8.375,-3.875,-0.444228,-0.276976,-2.96962
3264,101,24,-19,-34,20,11,26,22,0.289551,-0.466797,0.873535,-7.0625,8.375,-3.875,-0.444228,-0.276976,-2.96962
3279,-28,-1,55,108,122,31,-46,-13,0.247559,-0.444824,0.851562,0.125,6.4375,2.875,-0.445056,-0.273981,-2.96947
3279,17,26,6,-114,-25,-25,15,18,0.247559,-0.444824,0.851562,0.125,6.4375,2.875,-0.445056,-0.273981,-2.96947
3280,-37,-10,8,-15,-24,-36,-34,-21,0.247559,-0.444824,0.851562,0.125,6.4375,2.875,-0.445056,-0.273981,-2.96947
3280,-19,-24,-91,17,35,28,12,-30,0.247559,-0.444824,0.851562,0.125,6.4375,2.875,-0.445056,-0.273981,-2.96947
3302,46,-12,-46,-104,-128,-23,75,70,0.178711,-0.372559,0.830078,5.8125,6.4375,5.8125,-0.442842,-0.269361,-2.96873
3302,-120,-17,49,114,127,33,-48,-41,0.178711,-0.372559,0.830078,5.8125,6.4375,5.8125,-0.442842,-0.269361,-2.96873
3303,47,1,26,-42,-42,-4,-33,12,0.178711,-0.372559,0.830078,5.8125,6.4375,5.8125,-0.442842,-0.269361,-2.96873
3303,34,10,-21,28,-99,-11,-59,-16,0.178711,-0.372559,0.830078,5.8125,6.4375,5.8125,-0.442842,-0.269361,-2.96873
3316,39,16,98,120,127,74,69,-31,0.14209,-0.39502,0.84375,-1.0625,9.4375,2.5625,-0.442814,-0.26341,-2.96939
3316,18,27,-32,9,-47,-9,-26,28,0.14209,-0.39502,0.84375,-1.0625,9.4375,2.5625,-0.442814,-0.26341,-2.96939
3317,-14,0,53,-47,-47,-108,-16,-21,0.14209,-0.39502,0.84375,-1.0625,9.4375,2.5625,-0.442814,-0.26341,-2.96939
3317,-11,-8,7,33,-1,60,4,-17,0.14209,-0.39502,0.84375,-1.0625,9.4375,2.5625,-0.442814,-0.26341,-2.96939
3339,-37,-5,-9,0,23,-37,-39,-8,0.269531,-0.455566,0.864258,-3.0625,10.625,-0.1875,-0.444538,-0.260313,-2.97077
3339,77,8,-12,-45,19,71,122,43,0.269531,-0.455566,0.864258,-3.0625,10.625,-0.1875,-0.444538,-0.260313,-2.97077
3339,-41,0,20,62,32,-8,-41,1,0.269531,-0.455566,0.864258,-3.0625,10.625,-0.1875,-0.444538,-0.260313,-2.97077
3339,-3,-1,62,-128,-128,-45,-8,9,0.269531,-0.455566,0.864258,-3.0625,10.625,-0.1875,-0.444538,-0.260313,-2.97077
3362,59,9,-73,94,61,47,38,-43,0.308594,-0.441406,0.837402,0.1875,7.875,0.875,-0.44516,-0.259028,-2.97147
3362,53,-10,6,-15,-5,-4,33,23,0.308594,-0.441406,0.837402,0.1875,7.875,0.875,-0.44516,-0.259028,-2.97147
3362,-104,-22,-87,-38,-59,-40,-76,-37,0.308594,-0.441406,0.837402,0.1875,7.875,0.875,-0.44516,-0.259028,-2.97147
3362,-30,-10,93,-33,31,6,14,-15,0.308594,-0.441406,0.837402,0.1875,7.875,0.875,-0.44516,-0.259028,-2.97147
3375,-26,13,27,69,53,55,78,80,0.212891,-0.359375,0.817383,6.25,4.3125,1.0625,-0.442216,-0.256997,-2.97189
3375,-36,-11,-88,-95,-81,-46,-39,-10,0.212891,-0.359375,0.817383,6.25,4.3125,1.0625,-0.442216,-0.256997,-2.97189
3376,-66,-1,34,114,127,44,-5,-7,0.212891,-0.359375,0.817383,6.25,4.3125,1.0625,-0.442216,-0.256997,-2.97189
3376,40,13,7,61,34,-27,-34,-11,0.212891,-0.359375,0.817383,6.25,4.3125,1.0625,-0.442216,-0.256997,-2.97189
3399,-71,-2,29,14,30,-9,-7,4,0.246582,-0.413574,0.858398,-2.1875,2,-2,-0.442903,-0.256652,-2.97286
3399,1,5,37,-24,-47,-7,-21,-45,0.246582,-0.413574,0.858398,-2.1875,2,-2,-0.442903,-0.256652,-2.97286
3400,24,-15,-77,-110,-119,-21,35,29,0.246582,-0.413574,0.858398,-2.1875,2,-2,-0.442903,-0.256652,-2.97286
3400,-2,6,16,85,106,4,5,19,0.246582,-0.413574,0.858398,-2.1875,2,-2,-0.442903,-0.256652,-2.97286
3421,-77,8,22,17,1,22,-51,23,0.275879,-0.426758,0.843262,-6.625,-2.5625,-7.3125,-0.44518,-0.25909,-2.97473
3421,60,-2,25,-57,-59,-28,52,-13,0.275879,-0.426758,0.843262,-6.625,-2.5625,-7.3125,-0.44518,-0.25909,-2.97473
3422,-35,-12,-30,9,63,10,-29,-4,0.275879,-0.426758,0.843262,-6.625,-2.5625,-7.3125,-0.44518,-0.25909,-2.97473
3422,94,27,82,8,-54,8,25,46,0.275879,-0.426758,0.843262,-6.625,-2.5625,-7.3125,-0.44518,-0.25909,-2.97473
3436,-24,-28,-113,-2,4,-23,-45,-82,0.232422,-0.391113,0.811035,1.875,-5.875,-6.875,-0.444298,-0.261829,-2.976
3436,3,-15,48,-35,-73,-19,-14,18,0.232422,-0.391113,0.811035,1.875,-5.875,-6.875,-0.444298,-0.261829,-2.976
3436,85,10,-25,-26,43,38,34,29,0.232422,-0.391113,0.811035,1.875,-5.875,-6.875,-0.444298,-0.261829,-2.976
3436,86,16,53,60,44,6,-3,55,0.232422,-0.391113,0.811035,1.875,-5.875,-6.875,-0.444298,-0.261829,-2.976
3466,-67,-31,-42,-128,-105,-52,-35,-22,0.20459,-0.379395,0.812012,4.125,-8.1875,-6.9375,-0.442558,-0.264552,-2.97701
3466,24,-1,0,68,112,61,-35,13,0.20459,-0.379395,0.812012,4.125,-8.1875,-6.9375,-0.442558,-0.264552,-2.97701
3467,-25,3,67,61,22,-17,63,-34,0.20459,-0.379395,0.812012,4.125,-8.1875,-6.9375,-0.442558,-0.264552,-2.97701
3467,-2,-24,-61,-48,-77,-2,31,-17,0.20459,-0.379395,0.812012,4.125,-8.1875,-6.9375,-0.442558,-0.264552,-2.97701
3482,-6,29,74,37,27,-3,-16,1,0.226074,-0.439453,0.829102,-0.1875,-9.375,-7.0625,-0.443335,-0.267822,-2.97764
3482,32,-19,-10,60,90,41,-2,-1,0.226074,-0.439453,0.829102,-0.1875,-9.375,-7.0625,-0.443335,-0.267822,-2.97764
3483,50,15,-4,-35,-56,-27,27,53,0.226074,-0.439453,0.829102,-0.1875,-9.375,-7.0625,-0.443335,-0.267822,-2.97764
3483,-75,-15,4,-99,1,1,-40,-44,0.226074,-0.439453,0.829102,-0.1875,-9.375,-7.0625,-0.443335,-0.267822,-2.97764
3496,22,8,11,32,37,-30,37,-6,0.283203,-0.489258,0.776367,-2.375,-6.375,-10.875,-0.446212,-0.27211,-2.97935
3496,5,-10,2,8,4,1,16,27,0.283203,-0.489258,0.776367,-2.375,-6.375,-10.875,-0.446212,-0.27211,-2.97935
3496,9,-5,17,-25,5,19,-61,-51,0.283203,-0.489258,0.776367,-2.375,-6.375,-10.875,-0.446212,-0.27211,-2.97935
3496,26,-10,-28,45,48,3,-16,12,0.283203,-0.489258,0.776367,-2.375,-6.375,-10.875,-0.446212,-0.27211,-2.97935
3520,3,13,-10,-53,-118,-32,-26,-2,0.257324,-0.439453,0.768555,-18.375,-10.375,-12.1875,-0.453416,-0.27728,-2.98139
3520,-25,9,49,124,127,17,63,11,0.257324,-0.439453,0.768555,-18.375,-10.375,-12.1875,-0.453416,-0.27728,-2.98139
3521,-31,-4,14,-64,-13,-16,-36,-27,0.257324,-0.439453,0.768555,-18.375,-10.375,-12.1875,-0.453416,-0.27728,-2.98139
3521,5,-29,-128,-128,-128,-70,15,17,0.257324,-0.439453,0.768555,-18.375,-10.375,-12.1875,-0.453416,-0.27728,-2.98139
3542,41,-6,74,127,127,86,2,-25,0.217773,-0.413574,0.838867,-17.375,-16.5625,-11.3125,-0.459219,-0.282957,-2.98239
3542,63,33,44,80,36,43,81,39,0.217773,-0.413574,0.838867,-17.375,-16.5625,-11.3125,-0.459219,-0.282957,-2.98239
3542,-53,20,55,-99,-55,-22,-17,2,0.217773,-0.413574,0.838867,-17.375,-16.5625,-11.3125,-0.459219,-0.282957,-2.98239
3542,-19,4,-32,-37,-44,-1,26,-13,0.217773,-0.413574,0.838867,-17.375,-16.5625,-11.3125,-0.459219,-0.282957,-2.98239
3556,74,4,-8,-44,-44,-62,-81,39,0.299805,-0.321289,0.877441,-11.125,-16.75,-9.625,-0.460337,-0.290178,-2.98359
3556,-98,-9,-43,-87,-66,-16,59,-34,0.299805,-0.321289,0.877441,-11.125,-16.75,-9.625,-0.460337,-0.290178,-2.98359
3557,66,-9,-32,61,-16,-25,-29,-16,0.299805,-0.321289,0.877441,-11.125,-16.75,-9.625,-0.460337,-0.290178,-2.98359
3557,-27,-7,-24,108,107,59,60,42,0.299805,-0.321289,0.877441,-11.125,-16.75,-9.625,-0.460337,-0.290178,-2.98359
3578,13,-6,-25,-19,-39,7,9,-29,0.309082,-0.303223,0.883301,-11.1875,-16.5625,-8.0625,-0.461133,-0.297213,-2.98441
3578,16,-5,-1,-84,-47,-39,-55,7,0.309082,-0.303223,0.883301,-11.1875,-16.5625,-8.0625,-0.461133,-0.297213,-2.98441
3579,10,7,48,126,127,46,-3,-10,0.309082,-0.303223,0.883301,-11.1875,-16.5625,-8.0625,-0.461133,-0.297213,-2.98441
3579,18,-3,-67,-52,-67,-6,-7,15,0.309082,-0.303223,0.883301,-11.1875,-16.5625,-8.0625,-0.461133,-0.297213,-2.98441
3602,0,19,88,-38,14,-15,8,7,0.282227,-0.367188,0.888672,-8.6875,-18.625,-8.875,-0.46235,-0.304015,-2.98481
3602,-76,1,91,67,79,31,-119,-91,0.282227,-0.367188,0.888672,-8.6875,-18.625,-8.875,-0.46235,-0.304015,-2.98481
3602,53,4,-78,-86,-127,-20,124,38,0.282227,-0.367188,0.888672,-8.6875,-18.625,-8.875,-0.46235,-0.304015,-2.98481
3602,-45,18,125,127,127,25,-72,-30,0.282227,-0.367188,0.888672,-8.6875,-18.625,-8.875,-0.46235,-0.304015,-2.98481
3615,61,17,-51,-87,-1,-14,-62,8,0.333984,-0.398926,0.852051,-2.625,-21.4375,-12.5625,-0.462517,-0.313238,-2.98555
3615,-10,-29,-14,-68,-44,-31,-29,-13,0.333984,-0.398926,0.852051,-2.625,-21.4375,-12.5625,-0.462517,-0.313238,-2.98555
3616,97,18,-24,65,127,43,20,79,0.333984,-0.398926,0.852051,-2.625,-21.4375,-12.5625,-0.462517,-0.313238,-2.98555
3616,-121,-11,-47,-107,-87,-24,28,-12,0.333984,-0.398926,0.852051,-2.625,-21.4375,-12.5625,-0.462517,-0.313238,-2.98555
3638,-50,-27,6,100,98,31,49,2,0.353516,-0.408203,0.800293,2.0625,-22.6875,-11.4375,-0.46191,-0.323367,-2.98558
3638,59,26,-23,-48,-78,-24,30,27,0.353516,-0.408203,0.800293,2.0625,-22.6875,-11.4375,-0.46191,-0.323367,-2.98558
3639,17,-29,-10,38,-6,17,-14,-14,0.353516,-0.408203,0.800293,2.0625,-22.6875,-11.4375,-0.46191,-0.323367,-2.98558
3639,49,20,29,9,108,22,-9,-13,0.353516,-0.408203,0.800293,2.0625,-22.6875,-11.4375,-0.46191,-0.323367,-2.98558
3661,-33,-12,-22,-110,-124,-26,-26,-4,0.269531,-0.448242,0.815918,-4.375,-21.9375,-8.3125,-0.464725,-0.330381,-2.98432
3661,61,-2,-72,-65,-74,-21,-38,-9,0.269531,-0.448242,0.815918,-4.375,-21.9375,-8.3125,-0.464725,-0.330381,-2.98432
3662,1,-19,-14,81,-70,15,96,58,0.269531,-0.448242,0.815918,-4.375,-21.9375,-8.3125,-0.464725,-0.330381,-2.98432
3662,8,20,92,60,82,-1,-103,-44,0.269531,-0.448242,0.815918,-4.375,-21.9375,-8.3125,-0.464725,-0.330381,-2.98432
3676,48,-4,-72,33,71,34,98,37,0.267578,-0.445312,0.838379,-4.9375,-20.375,-8.5625,-0.467128,-0.336544,-2.98363
3676,-54,11,-5,-36,40,1,3,-24,0.267578,-0.445312,0.838379,-4.9375,-20.375,-8.5625,-0.467128,-0.336544,-2.98363
3683,49,38,38,-42,-87,-29,-31,19,0.267578,-0.445312,0.838379,-4.9375,-20.375,-8.5625,-0.467128,-0.336544,-2.98363
3683,-95,-67,-97,-125,-128,-31,19,-41,0.267578,-0.445312,0.838379,-4.9375,-20.375,-8.5625,-0.467128,-0.336544,-2.98363
3698,0,1,6,41,76,15,-36,7,0.302246,-0.354004,0.792969,1.5,-16.625,-11.5,-0.465094,-0.343339,-2.98508
3698,123,20,55,62,15,11,34,40,0.302246,-0.354004,0.792969,1.5,-16.625,-11.5,-0.465094,-0.343339,-2.98508
3699,-128,-21,-27,-29,0,-21,-54,-50,0.302246,-0.354004,0.792969,1.5,-16.625,-11.5,-0.465094,-0.343339,-2.98508
3699,43,0,1,-55,64,12,38,16,0.302246,-0.354004,0.792969,1.5,-16.625,-11.5,-0.465094,-0.343339,-2.98508
3721,24,11,27,23,-17,10,35,-11,0.342285,-0.390137,0.804199,-4.125,-16.9375,-11.9375,-0.465881,-0.350755,-2.98627
3721,-55,-20,-31,-18,-73,-55,-61,0,0.342285,-0.390137,0.804199,-4.125,-16.9375,-11.9375,-0.465881,-0.350755,-2.98627
3722,-10,0,14,-65,-2,-18,-64,-16,0.342285,-0.390137,0.804199,-4.125,-16.9375,-11.9375,-0.465881,-0.350755,-2.98627
3722,74,6,40,89,61,79,73,16,0.342285,-0.390137,0.804199,-4.125,-16.9375,-11.9375,-0.465881,-0.350755,-2.98627
3736,-70,-9,-27,-107,-52,4,97,-5,0.378418,-0.443359,0.847656,-9.4375,-15.5,-8.75,-0.469338,-0.357484,-2.98646
3736,-40,14,17,127,-30,-38,11,-15,0.378418,-0.443359,0.847656,-9.4375,-15.5,-8.75,-0.469338,-0.357484,-2.98646
3736,56,7,5,10,97,6,44,16,0.378418,-0.443359,0.847656,-9.4375,-15.5,-8.75,-0.469338,-0.357484,-2.98646
3736,22,19,-7,-36,8,-17,-62,-74,0.378418,-0.443359,0.847656,-9.4375,-15.5,-8.75,-0.469338,-0.357484,-2.98646
3758,34,-20,-48,-49,-96,-7,28,33,0.36084,-0.415039,0.836426,-1.125,-11.875,-6.5625,-0.469513,-0.362428,-2.98673
3758,-38,-3,59,-54,78,22,-6,16,0.36084,-0.415039,0.836426,-1.125,-11.875,-6.5625,-0.469513,-0.362428,-2.98673
3759,-5,13,9,50,23,9,2,-30,0.36084,-0.415039,0.836426,-1.125,-11.875,-6.5625,-0.469513,-0.362428,-2.98673
3759,119,5,71,7,-39,-17,-10,77,0.36084,-0.415039,0.836426,-1.125,-11.875,-6.5625,-0.469513,-0.362428,-2.98673
3782,-112,-36,-77,-21,2,15,-36,-81,0.363281,-0.339355,0.815918,4.3125,-9.4375,-5.8125,-0.466146,-0.366857,-2.98769
3782,-4,-11,-8,-50,-87,-38,-36,-13,0.363281,-0.339355,0.815918,4.3125,-9.4375,-5.8125,-0.466146,-0.366857,-2.98769
3782,-29,-15,-65,1,10,-52,-50,-6,0.363281,-0.339355,0.815918,4.3125,-9.4375,-5.8125,-0.466146,-0.366857,-2.98769
3782,0,18,16,93,13,62,114,35,0.363281,-0.339355,0.815918,4.3125,-9.4375,-5.8125,-0.466146,-0.366857,-2.98769
3796,-8,18,66,36,36,30,-21,15,0.319336,-0.403809,0.868164,-1.9375,-7.1875,-6.875,-0.465602,-0.368965,-2.98903
3796,99,7,-39,-17,-4,23,-59,43,0.319336,-0.403809,0.868164,-1.9375,-7.1875,-6.875,-0.465602,-0.368965,-2.98903
3797,-17,-5,-24,-7,-23,-23,3,-47,0.319336,-0.403809,0.868164,-1.9375,-7.1875,-6.875,-0.465602,-0.368965,-2.98903
3797,-89,-5,12,13,-45,-48,-44,-32,0.319336,-0.403809,0.868164,-1.9375,-7.1875,-6.875,-0.465602,-0.368965,-2.98903
3819,19,-20,-64,1,26,-9,-63,-32,0.358887,-0.442871,0.869141,-2.1875,-6.875,-3.5625,-0.466502,-0.371139,-2.98909
3819,-1,6,-60,-74,-4,-6,53,21,0.358887,-0.442871,0.869141,-2.1875,-6.875,-3.5625,-0.466502,-0.371139,-2.98909
3820,-12,-24,-21,-100,-9,42,-4,6,0.358887,-0.442871,0.869141,-2.1875,-6.875,-3.5625,-0.466502,-0.371139,-2.98909
3820,-24,-5,-15,28,-67,-35,-40,-21,0.358887,-0.442871,0.869141,-2.1875,-6.875,-3.5625,-0.466502,-0.371139,-2.98909
3842,52,9,70,74,-52,-32,21,17,0.373535,-0.362305,0.815918,8.125,-4,-0.3125,-0.46282,-0.373011,-2.98887
3842,17,-4,-38,85,127,61,36,25,0.373535,-0.362305,0.815918,8.125,-4,-0.3125,-0.46282,-0.373011,-2.98887
3842,-60,-11,38,-91,-56,-2,-46,-72,0.373535,-0.362305,0.815918,8.125,-4,-0.3125,-0.46282,-0.373011,-2.98887
3842,37,-2,-59,35,-48,-23,30,17,0.373535,-0.362305,0.815918,8.125,-4,-0.3125,-0.46282,-0.373011,-2.98887
3856,37,3,43,-30,52,9,17,35,0.353027,-0.350098,0.794922,3.875,-4.125,-0.5,-0.460587,-0.374591,-2.98878
3856,-105,-26,-71,-19,-78,-38,55,-46,0.353027,-0.350098,0.794922,3.875,-4.125,-0.5,-0.460587,-0.374591,-2.98878
3856,110,31,103,114,117,64,41,60,0.353027,-0.350098,0.794922,3.875,-4.125,-0.5,-0.460587,-0.374591,-2.98878
3856,-83,-20,-9,23,88,-12,-94,-72,0.353027,-0.350098,0.794922,3.875,-4.125,-0.5,-0.460587,-0.374591,-2.98878
3879,71,15,-41,-65,-88,-102,-4,7,0.374512,-0.422852,0.804688,1.5625,-0.3125,-2.8125,-0.460196,-0.375521,-2.98941
3879,76,-26,-6,14,-28,14,-22,44,0.374512,-0.422852,0.804688,1.5625,-0.3125,-2.8125,-0.460196,-0.375521,-2.98941
3880,42,8,58,94,59,31,13,8,0.374512,-0.422852,0.804688,1.5625,-0.3125,-2.8125,-0.460196,-0.375521,-2.98941
3880,40,17,32,-57,66,10,35,33,0.374512,-0.422852,0.804688,1.5625,-0.3125,-2.8125,-0.460196,-0.375521,-2.98941
3901,-39,12,24,-6,-54,34,-10,-9,0.359863,-0.433594,0.791504,0.5625,2.6875,-1.75,-0.460631,-0.375011,-2.99008
3901,-20,-5,-10,-71,-99,-32,-16,-36,0.359863,-0.433594,0.791504,0.5625,2.6875,-1.75,-0.460631,-0.375011,-2.99008
3902,-26,-23,-4,-31,19,-17,34,28,0.359863,-0.433594,0.791504,0.5625,2.6875,-1.75,-0.460631,-0.375011,-2.99008
3902,38,-10,-56,54,2,21,-30,8,0.359863,-0.433594,0.791504,0.5625,2.6875,-1.75,-0.460631,-0.375011,-2.99008
3915,-13,-7,30,-81,-52,-28,-10,6,0.365234,-0.392578,0.788086,8.25,5.125,-0.0625,-0.457524,-0.373871,-2.99088
3915,65,-1,21,-57,16,9,-49,-26,0.365234,-0.392578,0.788086,8.25,5.125,-0.0625,-0.457524,-0.373871,-2.99088
3923,-51,17,86,107,14,5,0,-15,0.365234,-0.392578,0.788086,8.25,5.125,-0.0625,-0.457524,-0.373871,-2.99088
3923,-92,-17,-100,-51,23,16,67,8,0.365234,-0.392578,0.788086,8.25,5.125,-0.0625,-0.457524,-0.373871,-2.99088
3939,25,6,39,67,10,4,-43,31,0.346191,-0.361816,0.810547,6.0625,5.25,-1.25,-0.454089,-0.372393,-2.99245
3939,11,8,-5,52,94,3,27,-12,0.346191,-0.361816,0.810547,6.0625,5.25,-1.25,-0.454089,-0.372393,-2.99245
3940,-42,-8,6,-46,-117,-37,-69,-3,0.346191,-0.361816,0.810547,6.0625,5.25,-1.25,-0.454089,-0.372393,-2.99245
3940,0,-13,-59,-128,-19,-69,-23,-15,0.346191,-0.361816,0.810547,6.0625,5.25,-1.25,-0.454089,-0.372393,-2.99245
3961,26,-5,-13,52,80,68,2,-11,0.362305,-0.376953,0.786621,-1.875,4.875,-2.0625,-0.454086,-0.371728,-2.99404
3961,0,21,50,95,57,64,15,15,0.362305,-0.376953,0.786621,-1.875,4.875,-2.0625,-0.454086,-0.371728,-2.99404
3962,-8,13,-39,-45,2,-5,31,7,0.362305,-0.376953,0.786621,-1.875,4.875,-2.0625,-0.454086,-0.371728,-2.99404
3962,-1,3,24,-44,-128,-5,2,5,0.362305,-0.376953,0.786621,-1.875,4.875,-2.0625,-0.454086,-0.371728,-2.99404
3976,-6,-13,-65,-47,100,-51,6,-5,0.361328,-0.403809,0.807129,-0.8125,3.9375,0.375,-0.454378,-0.370663,-2.99449
3976,51,-11,48,99,112,18,-61,-46,0.361328,-0.403809,0.807129,-0.8125,3.9375,0.375,-0.454378,-0.370663,-2.99449
3984,-61,3,-30,-20,13,14,-1,-1,0.361328,-0.403809,0.807129,-0.8125,3.9375,0.375,-0.454378,-0.370663,-2.99449
3984,116,28,14,64,-4,-31,16,51,0.361328,-0.403809,0.807129,-0.8125,3.9375,0.375,-0.454378,-0.370663,-2.99449
3998,-3,-13,-71,-125,-128,18,17,-32,0.379883,-0.380859,0.826172,4.25,4.375,0.125,-0.452086,-0.369874,-2.99528
3998,-89,-10,16,97,60,-16,-25,-26,0.379883,-0.380859,0.826172,4.25,4.375,0.125,-0.452086,-0.369874,-2.99528
3999,5,8,85,82,86,35,8,6,0.379883,-0.380859,0.826172,4.25,4.375,0.125,-0.452086,-0.369874,-2.99528
3999,-22,-4,-63,-41,8,9,13,0,0.379883,-0.380859,0.826172,4.25,4.375,0.125,-0.452086,-0.369874,-2.99528
4021,-22,-2,27,-74,-78,-29,-8,12,0.331543,-0.38623,0.806152,3.6875,2.9375,0.875,-0.450579,-0.368428,-2.99553
4021,-15,-10,-21,-108,-118,-15,4,18,0.331543,-0.38623,0.806152,3.6875,2.9375,0.875,-0.450579,-0.368428,-2.99553
4022,61,0,-16,-77,13,-20,-17,-1,0.331543,-0.38623,0.806152,3.6875,2.9375,0.875,-0.450579,-0.368428,-2.99553
4022,-55,-11,4,31,-69,39,33,11,0.331543,-0.38623,0.806152,3.6875,2.9375,0.875,-0.450579,-0.368428,-2.99553
4036,-52,2,13,13,22,-22,-28,18,0.299316,-0.389648,0.796875,-0.625,3.3125,3.6875,-0.451192,-0.365955,-2.99485
4036,26,5,-51,-61,64,85,56,11,0.299316,-0.389648,0.796875,-0.625,3.3125,3.6875,-0.451192,-0.365955,-2.99485
4044,50,3,45,71,-87,-37,-10,28,0.299316,-0.389648,0.796875,-0.625,3.3125,3.6875,-0.451192,-0.365955,-2.99485
4044,-12,2,77,1,65,42,-6,-57,0.299316,-0.389648,0.796875,-0.625,3.3125,3.6875,-0.451192,-0.365955,-2.99485
4067,-18,17,12,-5,-41,-1,17,20,0.300781,-0.432617,0.850586,-1,3.5,2.0625,-0.45209,-0.36305,-2.99452
4067,-48,4,-34,-29,-82,-36,-3,-8,0.300781,-0.432617,0.850586,-1,3.5,2.0625,-0.45209,-0.36305,-2.99452
4068,-28,-13,-14,9,101,37,65,-10,0.300781,-0.432617,0.850586,-1,3.5,2.0625,-0.45209,-0.36305,-2.99452
4068,56,10,114,69,67,3,2,16,0.300781,-0.432617,0.850586,-1,3.5,2.0625,-0.45209,-0.36305,-2.99452
4081,19,15,-26,79,28,5,-56,-3,0.369141,-0.339844,0.803223,8,4,1.6875,-0.448065,-0.362386,-2.99507
4081,5,-14,28,-30,-29,-29,27,-6,0.369141,-0.339844,0.803223,8,4,1.6875,-0.448065,-0.362386,-2.99507
4082,13,-16,-61,-115,-110,-61,-21,5,0.369141,-0.339844,0.803223,8,4,1.6875,-0.448065,-0.362386,-2.99507
4082,-39,-4,6,0,47,16,5,-32,0.369141,-0.339844,0.803223,8,4,1.6875,-0.448065,-0.362386,-2.99507
4095,30,-6,-15,69,-9,4,8,9,0.36377,-0.373535,0.806641,1,1.75,6.5,-0.448076,-0.36149,-2.99326
4095,-44,8,55,57,103,14,64,-2,0.36377,-0.373535,0.806641,1,1.75,6.5,-0.448076,-0.36149,-2.99326
4104,28,10,-7,62,11,15,-85,-12,0.36377,-0.373535,0.806641,1,1.75,6.5,-0.448076,-0.36149,-2.99326
4104,26,3,-42,-110,-53,-15,88,15,0.36377,-0.373535,0.806641,1,1.75,6.5,-0.448076,-0.36149,-2.99326
4118,-44,-11,30,-92,-62,12,-1,-58,0.327637,-0.398926,0.824707,-5.25,2.375,4.1875,-0.450241,-0.359779,-2.99221
4118,113,21,-8,127,80,23,-58,59,0.327637,-0.398926,0.824707,-5.25,2.375,4.1875,-0.450241,-0.359779,-2.99221
4118,-99,-18,27,-108,-76,19,30,-60,0.327637,-0.398926,0.824707,-5.25,2.375,4.1875,-0.450241,-0.359779,-2.99221
4118,61,13,42,61,18,-33,-107,-12,0.327637,-0.398926,0.824707,-5.25,2.375,4.1875,-0.450241,-0.359779,-2.99221
4141,48,-1,-70,17,-16,-1,11,8,0.338379,-0.391602,0.82666,0.6875,4.625,0.8125,-0.449712,-0.358135,-2.99275
4141,13,16,18,-49,-126,-40,6,20,0.338379,-0.391602,0.82666,0.6875,4.625,0.8125,-0.449712,-0.358135,-2.99275
4142,13,-17,-74,-48,49,-2,-5,3,0.338379,-0.391602,0.82666,0.6875,4.625,0.8125,-0.449712,-0.358135,-2.99275
4142,-18,-2,27,-22,-18,16,-1,20,0.338379,-0.391602,0.82666,0.6875,4.625,0.8125,-0.449712,-0.358135,-2.99275
4155,-28,-6,64,85,118,18,19,-3,0.362305,-0.354492,0.803223,5.8125,4.8125,3.25,-0.447043,-0.356928,-2.99267
4155,-48,-5,34,-86,-119,-40,-40,-32,0.362305,-0.354492,0.803223,5.8125,4.8125,3.25,-0.447043,-0.356928,-2.99267
4163,65,6,-67,127,119,18,40,46,0.362305,-0.354492,0.803223,5.8125,4.8125,3.25,-0.447043,-0.356928,-2.99267
4163,28,-25,-81,-111,-28,5,34,-31,0.362305,-0.354492,0.803223,5.8125,4.8125,3.25,-0.447043,-0.356928,-2.99267
4178,-22,6,37,99,49,-59,-95,27,0.331543,-0.37793,0.822266,2.4375,3.1875,5.1875,-0.446124,-0.354909,-2.99153
4178,-35,-4,42,56,31,41,29,-24,0.331543,-0.37793,0.822266,2.4375,3.1875,5.1875,-0.446124,-0.354909,-2.99153
4179,-67,2,13,33,-30,8,25,-34,0.331543,-0.37793,0.822266,2.4375,3.1875,5.1875,-0.446124,-0.354909,-2.99153
4179,28,-5,-22,-37,-67,-44,36,54,0.331543,-0.37793,0.822266,2.4375,3.1875,5.1875,-0.446124,-0.354909,-2.99153
4202,41,17,50,-6,127,78,18,4,0.348145,-0.399902,0.822754,-2.6875,3.375,3.4375,-0.447366,-0.353608,-2.99098
4202,51,-22,-113,-128,-121,-86,-42,12,0.348145,-0.399902,0.822754,-2.6875,3.375,3.4375,-0.447366,-0.353608,-2.99098
4202,-30,-1,42,87,50,14,-13,-16,0.348145,-0.399902,0.822754,-2.6875,3.375,3.4375,-0.447366,-0.353608,-2.99098
4202,29,3,-38,77,87,29,-17,13,0.348145,-0.399902,0.822754,-2.6875,3.375,3.4375,-0.447366,-0.353608,-2.99098
4215,24,0,73,-31,-87,-16,-63,-18,0.342285,-0.397461,0.834473,1.25,4.625,3.3125,-0.446971,-0.351754,-2.99062
4215,-13,3,-24,-49,84,28,15,-14,0.342285,-0.397461,0.834473,1.25,4.625,3.3125,-0.446971,-0.351754,-2.99062
4223,64,5,-51,8,-80,1,19,23,0.342285,-0.397461,0.834473,1.25,4.625,3.3125,-0.446971,-0.351754,-2.99062
4223,-36,6,-36,-27,-44,-28,-27,-8,0.342285,-0.397461,0.834473,1.25,4.625,3.3125,-0.446971,-0.351754,-2.99062
4239,-7,-29,-59,-37,-11,-4,32,-20,0.317871,-0.408691,0.830566,-1.1875,3.6875,2.8125,-0.447837,-0.349711,-2.99018
4239,-49,-3,16,-40,1,1,13,-9,0.317871,-0.408691,0.830566,-1.1875,3.6875,2.8125,-0.447837,-0.349711,-2.99018
4239,-17,-13,38,-13,41,-21,-116,-30,0.317871,-0.408691,0.830566,-1.1875,3.6875,2.8125,-0.447837,-0.349711,-2.99018
4239,-4,7,57,65,-39,36,3,-8,0.317871,-0.408691,0.830566,-1.1875,3.6875,2.8125,-0.447837,-0.349711,-2.99018
4262,83,21,23,56,-39,1,48,9,0.29541,-0.399414,0.831543,-2.5,2.4375,4.125,-0.448897,-0.347381,-2.9891
4262,-68,-20,-65,-41,-11,-52,-16,-31,0.29541,-0.399414,0.831543,-2.5,2.4375,4.125,-0.448897,-0.347381,-2.9891
4262,34,2,-37,-128,37,88,16,36,0.29541,-0.399414,0.831543,-2.5,2.4375,4.125,-0.448897,-0.347381,-2.9891
4262,-39,-10,7,74,47,-15,-72,-9,0.29541,-0.399414,0.831543,-2.5,2.4375,4.125,-0.448897,-0.347381,-2.9891
4283,60,30,58,27,0,36,45,14,0.300293,-0.382812,0.841797,-0.6875,2.1875,3.9375,-0.448947,-0.345312,-2.98835
4283,-3,5,-31,13,42,-11,-29,21,0.300293,-0.382812,0.841797,-0.6875,2.1875,3.9375,-0.448947,-0.345312,-2.98835
4285,22,-10,5,24,21,-3,23,12,0.300293,-0.382812,0.841797,-0.6875,2.1875,3.9375,-0.448947,-0.345312,-2.98835
4285,-6,2,40,-92,-53,-13,-27,-36,0.300293,-0.382812,0.841797,-0.6875,2.1875,3.9375,-0.448947,-0.345312,-2.98835
4298,-9,-8,-29,26,27,6,14,-25,0.34082,-0.371582,0.848145,1.8125,2.3125,2.5625,-0.447599,-0.344424,-2.98818
4298,12,-4,-3,-19,-103,-23,7,-20,0.34082,-0.371582,0.848145,1.8125,2.3125,2.5625,-0.447599,-0.344424,-2.98818
4299,-39,2,20,-112,-32,-40,-25,-20,0.34082,-0.371582,0.848145,1.8125,2.3125,2.5625,-0.447599,-0.344424,-2.98818
4299,0,-33,-97,36,-7,18,20,7,0.34082,-0.371582,0.848145,1.8125,2.3125,2.5625,-0.447599,-0.344424,-2.98818
4322,15,-15,-31,-66,32,-13,19,8,0.316406,-0.348633,0.852051,8.25,2.5625,4.625,-0.443843,-0.342608,-2.98741
4322,107,35,124,111,98,39,-17,34,0.316406,-0.348633,0.852051,8.25,2.5625,4.625,-0.443843,-0.342608,-2.98741
4323,-69,26,34,-67,-76,17,-2,-22,0.316406,-0.348633,0.852051,8.25,2.5625,4.625,-0.443843,-0.342608,-2.98741
4323,31,-1,-1,-83,6,-51,-31,34,0.316406,-0.348633,0.852051,8.25,2.5625,4.625,-0.443843,-0.342608,-2.98741
4352,-69,-17,-62,27,17,55,3,-13,0.328613,-0.379395,0.833496,0,0.6875,4.4375,-0.443868,-0.341848,-2.98621
4352,28,-6,-13,127,115,-22,73,50,0.328613,-0.379395,0.833496,0,0.6875,4.4375,-0.443868,-0.341848,-2.98621
4352,43,6,-35,19,-33,-3,7,-30,0.328613,-0.379395,0.833496,0,0.6875,4.4375,-0.443868,-0.341848,-2.98621
4352,-25,5,-46,-96,-16,-25,-12,-20,0.328613,-0.379395,0.833496,0,0.6875,4.4375,-0.443868,-0.341848,-2.98621
4359,23,2,52,49,-23,-6,34,8,0.378418,-0.398926,0.825684,2.3125,0.625,4.0625,-0.44353,-0.342232,-2.98492
4359,-61,0,9,39,27,56,10,-12,0.378418,-0.398926,0.825684,2.3125,0.625,4.0625,-0.44353,-0.342232,-2.98492
4359,80,-8,-20,-35,-29,1,85,63,0.378418,-0.398926,0.825684,2.3125,0.625,4.0625,-0.44353,-0.342232,-2.98492
4359,-84,6,87,63,24,-25,-81,-71,0.378418,-0.398926,0.825684,2.3125,0.625,4.0625,-0.44353,-0.342232,-2.98492
4382,12,-3,-4,-97,-78,-39,-30,29,0.334473,-0.376953,0.825684,4.75,0.1875,5.0625,-0.442068,-0.341576,-2.98342
4382,-10,-12,6,3,-26,-18,-5,-7,0.334473,-0.376953,0.825684,4.75,0.1875,5.0625,-0.442068,-0.341576,-2.98342
4383,4,-14,-34,-21,48,-10,24,10,0.334473,-0.376953,0.825684,4.75,0.1875,5.0625,-0.442068,-0.341576,-2.98342
4383,56,-1,-50,23,31,37,54,10,0.334473,-0.376953,0.825684,4.75,0.1875,5.0625,-0.442068,-0.341576,-2.98342
4404,-59,9,-7,-23,-1,-7,-53,-46,0.316406,-0.374512,0.80957,1.6875,0.9375,4.25,-0.441707,-0.340707,-2.9822
4404,-42,11,99,15,-82,-1,26,-11,0.316406,-0.374512,0.80957,1.6875,0.9375,4.25,-0.441707,-0.340707,-2.9822
4405,54,5,15,22,-32,-4,14,32,0.316406,-0.374512,0.80957,1.6875,0.9375,4.25,-0.441707,-0.340707,-2.9822
4405,-1,-20,-30,-42,-36,27,-24,-7,0.316406,-0.374512,0.80957,1.6875,0.9375,4.25,-0.441707,-0.340707,-2.9822
4419,-36,-12,-2,22,121,-48,-38,-26,0.324707,-0.383789,0.806641,2.6875,1.1875,3.0625,-0.441149,-0.340023,-2.98131
4419,60,23,-12,-51,-7,40,4,19,0.324707,-0.383789,0.806641,2.6875,1.1875,3.0625,-0.441149,-0.340023,-2.98131
4419,98,7,-10,68,-9,-14,9,27,0.324707,-0.383789,0.806641,2.6875,1.1875,3.0625,-0.441149,-0.340023,-2.98131
4419,-56,6,94,-9,15,-10,8,-16,0.324707,-0.383789,0.806641,2.6875,1.1875,3.0625,-0.441149,-0.340023,-2.98131
4442,80,-4,-54,-44,-86,-42,22,35,0.356934,-0.401367,0.818848,2.875,-0.25,2.4375,-0.440748,-0.340489,-2.9804
4442,-96,-49,-117,-128,-119,-57,-33,-67,0.356934,-0.401367,0.818848,2.875,-0.25,2.4375,-0.440748,-0.340489,-2.9804
4449,5,-2,6,75,127,59,-58,-7,0.330078,-0.417969,0.837891,1.0625,-3.3125,2.6875,-0.441405,-0.34114,-2.97874
4449,5,26,53,117,83,41,48,28,0.330078,-0.417969,0.837891,1.0625,-3.3125,2.6875,-0.441405,-0.34114,-2.97874
4464,17,12,-31,43,-47,29,77,16,0.330078,-0.417969,0.837891,1.0625,-3.3125,2.6875,-0.441405,-0.34114,-2.97874
4464,112,13,29,-65,-65,-100,-37,9,0.330078,-0.417969,0.837891,1.0625,-3.3125,2.6875,-0.441405,-0.34114,-2.97874
4465,-121,-20,11,39,-63,28,-36,-63,0.316895,-0.36377,0.816895,2.1875,-3.875,3.75,-0.440621,-0.341698,-2.97706
4465,24,-16,-93,41,69,39,21,23,0.316895,-0.36377,0.816895,2.1875,-3.875,3.75,-0.440621,-0.341698,-2.97706
4479,11,12,44,50,44,25,-20,4,0.316895,-0.36377,0.816895,2.1875,-3.875,3.75,-0.440621,-0.341698,-2.97706
4479,31,22,29,-4,27,-7,21,21,0.316895,-0.36377,0.816895,2.1875,-3.875,3.75,-0.440621,-0.341698,-2.97706
4479,3,-26,-36,-128,-128,-33,28,3,0.316895,-0.36377,0.816895,2.1875,-3.875,3.75,-0.440621,-0.341698,-2.97706
4479,-16,-1,14,-66,-60,-33,-43,-4,0.316895,-0.36377,0.816895,2.1875,-3.875,3.75,-0.440621,-0.341698,-2.97706
4502,-21,-13,-18,52,42,3,-6,-10,0.334473,-0.344727,0.786133,2.4375,-3.25,4.6875,-0.439873,-0.342733,-2.97508
4502,-46,-3,-11,59,85,43,-32,9,0.334473,-0.344727,0.786133,2.4375,-3.25,4.6875,-0.439873,-0.342733,-2.97508
4502,26,-5,-19,-112,-103,-56,3,5,0.334473,-0.344727,0.786133,2.4375,-3.25,4.6875,-0.439873,-0.342733,-2.97508
4502,-51,-1,8,116,30,9,15,-12,0.334473,-0.344727,0.786133,2.4375,-3.25,4.6875,-0.439873,-0.342733,-2.97508
4525,-2,-8,13,16,54,0,-13,35,0.339844,-0.368652,0.821777,0.5625,-0.6875,2.5,-0.439538,-0.342974,-2.97433
4525,-2,0,-9,-77,-41,-13,-1,-33,0.339844,-0.368652,0.821777,0.5625,-0.6875,2.5,-0.439538,-0.342974,-2.97433
4526,47,20,33,127,127,57,11,3,0.325195,-0.379883,0.831543,-0.5,1.875,-0.5,-0.439371,-0.342452,-2.97486
4526,69,20,12,-128,-128,-55,12,21,0.325195,-0.379883,0.831543,-0.5,1.875,-0.5,-0.439371,-0.342452,-2.97486
4538,55,-11,-39,-32,-55,-46,8,-7,0.325195,-0.379883,0.831543,-0.5,1.875,-0.5,-0.439371,-0.342452,-2.97486
4538,-101,-45,-10,127,124,79,-4,-42,0.325195,-0.379883,0.831543,-0.5,1.875,-0.5,-0.439371,-0.342452,-2.97486
4547,90,28,-20,10,19,-61,5,68,0.32373,-0.387695,0.814941,0.5625,0.5,1.6875,-0.439428,-0.342074,-2.9743
4547,-43,-3,-11,-112,3,51,55,-35,0.32373,-0.387695,0.814941,0.5625,0.5,1.6875,-0.439428,-0.342074,-2.9743
4561,-18,2,-20,94,73,15,-57,-24,0.32373,-0.387695,0.814941,0.5625,0.5,1.6875,-0.439428,-0.342074,-2.9743
4561,108,20,4,-79,-77,-32,8,62,0.32373,-0.387695,0.814941,0.5625,0.5,1.6875,-0.439428,-0.342074,-2.9743
4563,-116,-18,-22,-37,7,12,-26,-58,0.340332,-0.395508,0.828125,2.625,-0.1875,4.4375,-0.439168,-0.341759,-2.97276
4563,17,-1,-17,36,36,22,46,31,0.340332,-0.395508,0.828125,2.625,-0.1875,4.4375,-0.439168,-0.341759,-2.97276
4584,-44,-8,-50,-105,-56,-21,-68,-11,0.340332,-0.395508,0.828125,2.625,-0.1875,4.4375,-0.439168,-0.341759,-2.97276
4584,76,11,-1,116,46,21,21,37,0.340332,-0.395508,0.828125,2.625,-0.1875,4.4375,-0.439168,-0.341759,-2.97276
4586,-22,-10,5,-2,-83,-54,-47,-29,0.341309,-0.381836,0.826172,-2.75,-0.125,3.5625,-0.440288,-0.341713,-2.97155
4586,-10,0,17,-39,-60,8,-21,-7,0.341309,-0.381836,0.826172,-2.75,-0.125,3.5625,-0.440288,-0.341713,-2.97155
4598,-26,10,73,38,89,32,62,-21,0.341309,-0.381836,0.826172,-2.75,-0.125,3.5625,-0.440288,-0.341713,-2.97155
4598,35,6,-3,-30,-56,-5,-14,13,0.341309,-0.381836,0.826172,-2.75,-0.125,3.5625,-0.440288,-0.341713,-2.97155
4607,-16,6,51,-91,-68,-32,-10,-16,0.30127,-0.380371,0.851074,-0.6875,3.8125,0.6875,-0.439926,-0.339667,-2.97209
4607,-53,-20,7,91,30,-14,-16,2,0.30127,-0.380371,0.851074,-0.6875,3.8125,0.6875,-0.439926,-0.339667,-2.97209
4622,-20,-5,32,-27,-28,21,19,-22,0.30127,-0.380371,0.851074,-0.6875,3.8125,0.6875,-0.439926,-0.339667,-2.97209
4622,-17,-8,-25,17,-25,-10,-17,1,0.30127,-0.380371,0.851074,-0.6875,3.8125,0.6875,-0.439926,-0.339667,-2.97209
4623,36,18,58,127,127,67,32,12,0.299316,-0.362793,0.856934,-0.5,1.375,-0.5625,-0.439031,-0.338724,-2.97287
4623,24,6,-42,23,0,-19,-6,-13,0.299316,-0.362793,0.856934,-0.5,1.375,-0.5625,-0.439031,-0.338724,-2.97287
4644,-58,-6,30,-68,-126,-21,42,7,0.299316,-0.362793,0.856934,-0.5,1.375,-0.5625,-0.439031,-0.338724,-2.97287
4644,-21,-18,-13,-27,80,8,-59,-23,0.299316,-0.362793,0.856934,-0.5,1.375,-0.5625,-0.439031,-0.338724,-2.97287
4646,3,8,-11,-10,26,-10,8,25,0.338379,-0.380371,0.837402,1.0625,1.375,3.5,-0.438606,-0.33804,-2.97197
4646,47,1,5,13,-47,-13,9,37,0.338379,-0.380371,0.837402,1.0625,1.375,3.5,-0.438606,-0.33804,-2.97197
4658,-8,4,8,20,34,30,-3,-32,0.338379,-0.380371,0.837402,1.0625,1.375,3.5,-0.438606,-0.33804,-2.97197
4658,-42,6,115,3,-34,-9,44,-13,0.338379,-0.380371,0.837402,1.0625,1.375,3.5,-0.438606,-0.33804,-2.97197
4667,19,-46,-122,-100,-109,-100,-46,23,0.35791,-0.410156,0.860352,2.0625,2.625,4.1875,-0.438312,-0.337201,-2.97095
4667,17,6,111,127,127,114,31,-17,0.35791,-0.410156,0.860352,2.0625,2.625,4.1875,-0.438312,-0.337201,-2.97095
4682,38,19,6,-128,-128,-51,-3,6,0.35791,-0.410156,0.860352,2.0625,2.625,4.1875,-0.438312,-0.337201,-2.97095
4682,-12,3,68,102,79,30,40,-12,0.35791,-0.410156,0.860352,2.0625,2.625,4.1875,-0.438312,-0.337201,-2.97095
4683,-1,17,38,96,104,39,-39,39,0.316406,-0.364258,0.844727,1.9375,2.375,1.75,-0.437028,-0.336001,-2.97098
4683,81,7,-70,-87,-79,-54,69,60,0.316406,-0.364258,0.844727,1.9375,2.375,1.75,-0.437028,-0.336001,-2.97098
4704,-76,-28,-50,-95,-81,-69,-81,-16,0.316406,-0.364258,0.844727,1.9375,2.375,1.75,-0.437028,-0.336001,-2.97098
4704,4,-12,7,38,55,16,-45,-7,0.316406,-0.364258,0.844727,1.9375,2.375,1.75,-0.437028,-0.336001,-2.97098
4705,46,-5,-18,-22,-31,-12,53,8,0.324219,-0.363281,0.828613,4.875,3.125,0.9375,-0.4347,-0.335172,-2.97137
4705,-33,-1,89,52,24,18,8,-19,0.324219,-0.363281,0.828613,4.875,3.125,0.9375,-0.4347,-0.335172,-2.97137
4717,48,-2,-72,-35,40,48,15,23,0.324219,-0.363281,0.828613,4.875,3.125,0.9375,-0.4347,-0.335172,-2.97137
4717,-3,0,-45,37,-74,1,13,-14,0.324219,-0.363281,0.828613,4.875,3.125,0.9375,-0.4347,-0.335172,-2.97137
4726,-19,16,44,9,-2,7,-1,3,0.31543,-0.401855,0.835938,-0.5625,2.9375,1,-0.435187,-0.333871,-2.97134
4726,-9,2,19,-68,-20,-96,-71,-14,0.31543,-0.401855,0.835938,-0.5625,2.9375,1,-0.435187,-0.333871,-2.97134
4742,42,-7,14,15,44,92,23,-8,0.31543,-0.401855,0.835938,-0.5625,2.9375,1,-0.435187,-0.333871,-2.97134
4742,-92,-23,-127,-128,-45,2,23,3,0.31543,-0.401855,0.835938,-0.5625,2.9375,1,-0.435187,-0.333871,-2.97134
4743,-58,-11,-10,123,83,22,43,-39,0.310059,-0.416016,0.854004,2.1875,2.625,1.4375,-0.43493,-0.332427,-2.97109
4743,24,8,-9,-33,-23,-11,-70,-15,0.310059,-0.416016,0.854004,2.1875,2.625,1.4375,-0.43493,-0.332427,-2.97109
4764,23,17,61,-25,2,-33,13,29,0.310059,-0.416016,0.854004,2.1875,2.625,1.4375,-0.43493,-0.332427,-2.97109
4764,11,-6,-40,-28,-30,12,-14,10,0.310059,-0.416016,0.854004,2.1875,2.625,1.4375,-0.43493,-0.332427,-2.97109
4772,-21,-9,-15,-119,-103,-3,-7,-36,0.316895,-0.365723,0.817383,5.625,1.9375,2.875,-0.432889,-0.331516,-2.97054
4772,-13,-10,19,-1,-7,-12,-12,24,0.316895,-0.365723,0.817383,5.625,1.9375,2.875,-0.432889,-0.331516,-2.97054
4778,9,-10,-57,15,54,-29,36,-32,0.316895,-0.365723,0.817383,5.625,1.9375,2.875,-0.432889,-0.331516,-2.97054
4778,45,4,-40,49,92,40,-23,2,0.316895,-0.365723,0.817383,5.625,1.9375,2.875,-0.432889,-0.331516,-2.97054
4786,-77,9,79,62,-13,4,-13,6,0.304688,-0.370605,0.80957,3.1875,1.5625,2,-0.431838,-0.330713,-2.97014
4786,93,15,6,3,33,23,-2,-17,0.304688,-0.370605,0.80957,3.1875,1.5625,2,-0.431838,-0.330713,-2.97014
4802,-49,-2,32,2,-83,-48,-4,-6,0.304688,-0.370605,0.80957,3.1875,1.5625,2,-0.431838,-0.330713,-2.97014
4802,10,-12,-24,-93,78,26,50,8,0.304688,-0.370605,0.80957,3.1875,1.5625,2,-0.431838,-0.330713,-2.97014
4803,28,12,-16,75,28,30,-32,-20,0.339355,-0.40625,0.823242,-0.1875,0.9375,-0.8125,-0.431997,-0.330831,-2.9701
4803,-29,-2,29,-50,-2,-2,30,-30,0.339355,-0.40625,0.823242,-0.1875,0.9375,-0.8125,-0.431997,-0.330831,-2.9701
4824,25,0,-34,11,-41,24,-34,0,0.339355,-0.40625,0.823242,-0.1875,0.9375,-0.8125,-0.431997,-0.330831,-2.9701
4824,-30,-15,-11,-5,-61,-63,-35,-17,0.339355,-0.40625,0.823242,-0.1875,0.9375,-0.8125,-0.431997,-0.330831,-2.9701
4825,51,-16,-58,-128,-94,-50,15,40,0.310547,-0.385254,0.819336,2.0625,0.1875,-1.5625,-0.431153,-0.330967,-2.97058
4825,-66,-29,-6,107,9,16,-4,20,0.310547,-0.385254,0.819336,2.0625,0.1875,-1.5625,-0.431153,-0.330967,-2.97058
4837,1,31,92,94,110,53,28,-10,0.310547,-0.385254,0.819336,2.0625,0.1875,-1.5625,-0.431153,-0.330967,-2.97058
4837,-12,34,107,-39,3,-32,-26,11,0.310547,-0.385254,0.819336,2.0625,0.1875,-1.5625,-0.431153,-0.330967,-2.97058
4847,56,-16,-91,-25,99,29,41,31,0.31543,-0.38916,0.821777,-3.5,-2.1875,-1.8125,-0.432498,-0.331984,-2.97087
4847,-46,4,28,42,-82,-55,-42,-18,0.31543,-0.38916,0.821777,-3.5,-2.1875,-1.8125,-0.432498,-0.331984,-2.97087
4862,-21,-8,13,-18,78,-38,11,3,0.31543,-0.38916,0.821777,-3.5,-2.1875,-1.8125,-0.432498,-0.331984,-2.97087
4862,51,4,18,51,-25,74,15,5,0.31543,-0.38916,0.821777,-3.5,-2.1875,-1.8125,-0.432498,-0.331984,-2.97087
4864,14,26,64,-11,49,-35,-23,0,0.346191,-0.40918,0.826172,-2.375,0,-2.6875,-0.433802,-0.333053,-2.9714
4864,40,-8,-53,-107,-91,-20,-8,-13,0.346191,-0.40918,0.826172,-2.375,0,-2.6875,-0.433802,-0.333053,-2.9714
4884,-26,-33,-53,-66,-29,-48,-32,0,0.346191,-0.40918,0.826172,-2.375,0,-2.6875,-0.433802,-0.333053,-2.9714
4884,44,17,16,81,78,34,65,3,0.346191,-0.40918,0.826172,-2.375,0,-2.6875,-0.433802,-0.333053,-2.9714
4885,-47,-19,-62,20,-42,-5,-29,4,0.303711,-0.368164,0.830566,1.0625,0.5625,-1.1875,-0.432746,-0.33272,-2.97204
4885,-16,4,26,5,27,-42,-9,4,0.303711,-0.368164,0.830566,1.0625,0.5625,-1.1875,-0.432746,-0.33272,-2.97204
4898,28,12,42,31,19,84,8,-8,0.303711,-0.368164,0.830566,1.0625,0.5625,-1.1875,-0.432746,-0.33272,-2.97204
4898,11,-8,-51,-128,-122,-49,8,28,0.303711,-0.368164,0.830566,1.0625,0.5625,-1.1875,-0.432746,-0.33272,-2.97204
4907,-13,6,97,107,99,64,28,-9,0.319824,-0.358398,0.852051,-2.5625,-0.4375,-0.9375,-0.4328,-0.332966,-2.97261
4907,-12,2,35,-15,39,-21,23,-28,0.319824,-0.358398,0.852051,-2.5625,-0.4375,-0.9375,-0.4328,-0.332966,-2.97261
4921,13,6,-11,-61,-8,6,-45,5,0.319824,-0.358398,0.852051,-2.5625,-0.4375,-0.9375,-0.4328,-0.332966,-2.97261
4921,36,22,63,29,7,15,9,18,0.319824,-0.358398,0.852051,-2.5625,-0.4375,-0.9375,-0.4328,-0.332966,-2.97261
4923,-42,-13,-33,-72,-95,-46,-18,-40,0.342773,-0.328613,0.838379,-0.1875,-0.375,-0.4375,-0.432426,-0.333258,-2.97273
4923,-70,-7,-61,-77,89,10,-5,-30,0.342773,-0.328613,0.838379,-0.1875,-0.375,-0.4375,-0.432426,-0.333258,-2.97273
4944,37,-23,-25,87,8,60,-8,36,0.342773,-0.328613,0.838379,-0.1875,-0.375,-0.4375,-0.432426,-0.333258,-2.97273
4944,0,6,-30,-45,31,-27,-13,-14,0.342773,-0.328613,0.838379,-0.1875,-0.375,-0.4375,-0.432426,-0.333258,-2.97273
4946,62,34,92,121,80,46,5,7,0.324219,-0.346191,0.848145,-1.875,-0.6875,-2.1875,-0.431818,-0.333881,-2.97373
4946,61,8,-92,-61,-100,-16,13,44,0.324219,-0.346191,0.848145,-1.875,-0.6875,-2.1875,-0.431818,-0.333881,-2.97373
4966,-80,-23,-39,-94,-56,-51,-4,-42,0.324219,-0.346191,0.848145,-1.875,-0.6875,-2.1875,-0.431818,-0.333881,-2.97373
4966,-20,-10,50,127,-6,-10,-29,-20,0.324219,-0.346191,0.848145,-1.875,-0.6875,-2.1875,-0.431818,-0.333881,-2.97373
4968,-27,8,42,-53,-78,-4,41,-2,0.348145,-0.400391,0.847656,-1.3125,0.1875,-3.4375,-0.432114,-0.334867,-2.97485
4968,39,-15,-63,3,125,23,26,25,0.348145,-0.400391,0.847656,-1.3125,0.1875,-3.4375,-0.432114,-0.334867,-2.97485
4981,-12,2,-40,29,27,-12,-9,29,0.348145,-0.400391,0.847656,-1.3125,0.1875,-3.4375,-0.432114,-0.334867,-2.97485
4981,-12,5,13,-94,-120,-8,67,36,0.348145,-0.400391,0.847656,-1.3125,0.1875,-3.4375,-0.432114,-0.334867,-2.97485
4983,-6,-28,-58,-42,-9,-74,-79,-55,0.326172,-0.361816,0.818359,1.75,0.1875,-1.6875,-0.430893,-0.335293,-2.97545
4983,26,7,85,39,73,52,-21,15,0.326172,-0.361816,0.818359,1.75,0.1875,-1.6875,-0.430893,-0.335293,-2.97545
5005,23,27,29,78,-16,4,17,10,0.326172,-0.361816,0.818359,1.75,0.1875,-1.6875,-0.430893,-0.335293,-2.97545
5005,-63,-27,-122,4,87,1,19,-7,0.326172,-0.361816,0.818359,1.75,0.1875,-1.6875,-0.430893,-0.335293,-2.97545
5005,-40,2,59,64,26,17,21,-28,0.296875,-0.376465,0.844727,-1.1875,-0.6875,-1.25,-0.430938,-0.335138,-2.97589
5005,15,-3,-39,-94,-128,-27,-17,20,0.296875,-0.376465,0.844727,-1.1875,-0.6875,-1.25,-0.430938,-0.335138,-2.97589
5018,46,4,14,50,64,9,74,25,0.296875,-0.376465,0.844727,-1.1875,-0.6875,-1.25,-0.430938,-0.335138,-2.97589
5018,-84,-1,50,70,48,-7,-97,-87,0.296875,-0.376465,0.844727,-1.1875,-0.6875,-1.25,-0.430938,-0.335138,-2.97589
5026,-6,3,15,61,16,56,-17,14,0.295898,-0.37793,0.837402,0.5,0.9375,-1.8125,-0.430328,-0.334581,-2.97677
5026,9,15,7,59,32,24,3,7,0.295898,-0.37793,0.837402,0.5,0.9375,-1.8125,-0.430328,-0.334581,-2.97677
5042,60,-3,73,-128,-128,-83,6,1,0.295898,-0.37793,0.837402,0.5,0.9375,-1.8125,-0.430328,-0.334581,-2.97677
5042,14,-37,-113,-67,-14,51,-7,27,0.295898,-0.37793,0.837402,0.5,0.9375,-1.8125,-0.430328,-0.334581,-2.97677
5043,-55,-8,-22,-22,3,-21,-15,-38,0.301758,-0.371094,0.825684,3,2.8125,-1.5,-0.428771,-0.333562,-2.97767
5043,-104,7,31,59,81,33,-8,-52,0.301758,-0.371094,0.825684,3,2.8125,-1.5,-0.428771,-0.333562,-2.97767
5066,32,-2,17,-79,-34,-10,-11,5,0.301758,-0.371094,0.825684,3,2.8125,-1.5,-0.428771,-0.333562,-2.97767
5066,-38,0,4,-2,-11,-11,-10,-17,0.301758,-0.371094,0.825684,3,2.8125,-1.5,-0.428771,-0.333562,-2.97767
5067,99,22,29,46,-39,9,44,44,0.360352,-0.387695,0.833984,3.5625,3.8125,0.125,-0.427494,-0.333336,-2.9782
5067,41,-13,-35,0,28,55,48,-4,0.360352,-0.387695,0.833984,3.5625,3.8125,0.125,-0.427494,-0.333336,-2.9782
5077,31,11,-32,-25,-35,-41,-66,38,0.360352,-0.387695,0.833984,3.5625,3.8125,0.125,-0.427494,-0.333336,-2.9782
5077,-64,-28,-58,113,86,13,11,-51,0.360352,-0.387695,0.833984,3.5625,3.8125,0.125,-0.427494,-0.333336,-2.9782
5087,6,12,29,-31,4,20,-8,6,0.418457,-0.405273,0.810059,4.5,1.625,3,-0.42713,-0.334789,-2.97706
5087,-3,14,9,-69,-46,-10,-4,-17,0.418457,-0.405273,0.810059,4.5,1.625,3,-0.42713,-0.334789,-2.97706
5102,-32,-20,-22,-17,-89,-26,16,-6,0.418457,-0.405273,0.810059,4.5,1.625,3,-0.42713,-0.334789,-2.97706
5102,108,5,-2,-128,-128,-66,-43,20,0.418457,-0.405273,0.810059,4.5,1.625,3,-0.42713,-0.334789,-2.97706
5104,48,-19,-42,56,87,13,33,43,0.28125,-0.371582,0.844238,-2.1875,0.75,2.6875,-0.427814,-0.333209,-2.97639
5104,-48,-12,36,-6,84,19,-30,-2,0.28125,-0.371582,0.844238,-2.1875,0.75,2.6875,-0.427814,-0.333209,-2.97639
5124,-44,9,-24,127,108,53,18,-29,0.28125,-0.371582,0.844238,-2.1875,0.75,2.6875,-0.427814,-0.333209,-2.97639
5124,64,46,62,50,-45,-3,22,35,0.28125,-0.371582,0.844238,-2.1875,0.75,2.6875,-0.427814,-0.333209,-2.97639
5131,-21,-20,-68,-128,-128,-44,-26,-29,0.211914,-0.30127,0.839844,-11.625,3,-5.8125,-0.429013,-0.330984,-2.97948
5131,34,-4,-14,78,36,-8,-2,20,0.211914,-0.30127,0.839844,-11.625,3,-5.8125,-0.429013,-0.330984,-2.97948
5138,-27,-6,-89,-73,-60,12,15,-4,0.211914,-0.30127,0.839844,-11.625,3,-5.8125,-0.429013,-0.330984,-2.97948
5138,-15,4,39,112,126,-15,2,-10,0.211914,-0.30127,0.839844,-11.625,3,-5.8125,-0.429013,-0.330984,-2.97948
5147,10,0,-23,-26,47,37,-18,12,0.254395,-0.349121,0.863281,-14.5,2.75,-10.4375,-0.431665,-0.330086,-2.98375
5147,12,13,24,37,-33,9,23,18,0.254395,-0.349121,0.863281,-14.5,2.75,-10.4375,-0.431665,-0.330086,-2.98375
5162,-15,-1,-3,-66,-37,-28,-14,-23,0.254395,-0.349121,0.863281,-14.5,2.75,-10.4375,-0.431665,-0.330086,-2.98375
5162,-3,-29,-22,-31,-109,-44,-17,7,0.254395,-0.349121,0.863281,-14.5,2.75,-10.4375,-0.431665,-0.330086,-2.98375
5163,41,14,13,-75,-84,17,23,5,0.313477,-0.383301,0.848633,-5.125,1.625,-3.375,-0.432779,-0.329965,-2.98523
5163,-50,-13,34,81,66,15,0,13,0.313477,-0.383301,0.848633,-5.125,1.625,-3.375,-0.432779,-0.329965,-2.98523
5184,-38,6,9,-28,-37,-32,-23,-28,0.313477,-0.383301,0.848633,-5.125,1.625,-3.375,-0.432779,-0.329965,-2.98523
5184,7,-1,33,-87,1,-33,-20,1,0.313477,-0.383301,0.848633,-5.125,1.625,-3.375,-0.432779,-0.329965,-2.98523
5185,70,16,66,90,121,49,35,18,0.305664,-0.398438,0.818359,-0.0625,0.9375,-0.5625,-0.432913,-0.32996,-2.98521
5185,-87,-13,-7,-96,-128,-25,-22,-46,0.305664,-0.398438,0.818359,-0.0625,0.9375,-0.5625,-0.432913,-0.32996,-2.98521
5207,80,-10,-62,112,127,19,56,29,0.305664,-0.398438,0.818359,-0.0625,0.9375,-0.5625,-0.432913,-0.32996,-2.98521
5207,-24,6,69,69,46,79,2,5,0.305664,-0.398438,0.818359,-0.0625,0.9375,-0.5625,-0.432913,-0.32996,-2.98521
5208,-45,9,-70,-110,-33,-41,-10,-5,0.342285,-0.37793,0.803223,0.9375,-3.3125,0.875,-0.433015,-0.331664,-2.98427
5208,68,-2,-50,45,100,8,5,11,0.342285,-0.37793,0.803223,0.9375,-3.3125,0.875,-0.433015,-0.331664,-2.98427
5222,-102,9,72,82,37,17,-2,-5,0.342285,-0.37793,0.803223,0.9375,-3.3125,0.875,-0.433015,-0.331664,-2.98427
5222,54,6,-2,-79,-78,-32,-19,1,0.342285,-0.37793,0.803223,0.9375,-3.3125,0.875,-0.433015,-0.331664,-2.98427
5223,-72,-17,42,-69,-89,-20,-10,-30,0.391113,-0.380371,0.814941,-1.375,-4.3125,-0.625,-0.433709,-0.334875,-2.98391
5223,49,-13,-108,54,27,-28,3,15,0.391113,-0.380371,0.814941,-1.375,-4.3125,-0.625,-0.433709,-0.334875,-2.98391
5244,-24,-6,45,16,76,47,-6,-31,0.391113,-0.380371,0.814941,-1.375,-4.3125,-0.625,-0.433709,-0.334875,-2.98391
5244,-17,-6,-27,-44,-28,-1,11,12,0.391113,-0.380371,0.814941,-1.375,-4.3125,-0.625,-0.433709,-0.334875,-2.98391
5246,12,5,36,-94,-23,-42,-9,13,0.297363,-0.383789,0.823242,-4.6875,-2.125,-3.9375,-0.435009,-0.335654,-2.98487
5246,14,-7,-21,20,-9,-6,-9,10,0.297363,-0.383789,0.823242,-4.6875,-2.125,-3.9375,-0.435009,-0.335654,-2.98487
5266,37,20,29,-34,46,34,22,15,0.297363,-0.383789,0.823242,-4.6875,-2.125,-3.9375,-0.435009,-0.335654,-2.98487
5266,7,12,-1,127,71,-6,-12,-6,0.297363,-0.383789,0.823242,-4.6875,-2.125,-3.9375,-0.435009,-0.335654,-2.98487
5268,7,7,76,-48,-113,-25,-4,6,0.306641,-0.393066,0.841309,-5.625,-1,-4.625,-0.436491,-0.336277,-2.98625
5268,-29,-15,-80,-102,-76,-3,21,-8,0.306641,-0.393066,0.841309,-5.625,-1,-4.625,-0.436491,-0.336277,-2.98625
5281,-56,3,88,108,95,17,-7,-19,0.306641,-0.393066,0.841309,-5.625,-1,-4.625,-0.436491,-0.336277,-2.98625
5281,6,3,33,-93,-101,-5,-7,0,0.306641,-0.393066,0.841309,-5.625,-1,-4.625,-0.436491,-0.336277,-2.98625
5288,-21,-20,-49,16,41,-58,-32,-31,0.353027,-0.396973,0.829102,-1.25,-3.75,0.5,-0.437365,-0.338104,-2.9854
5288,0,16,127,122,89,56,-2,-9,0.353027,-0.396973,0.829102,-1.25,-3.75,0.5,-0.437365,-0.338104,-2.9854
5304,55,8,2,-49,-98,-5,-10,15,0.353027,-0.396973,0.829102,-1.25,-3.75,0.5,-0.437365,-0.338104,-2.9854
5304,-39,4,-33,-100,-38,-2,-17,-14,0.353027,-0.396973,0.829102,-1.25,-3.75,0.5,-0.437365,-0.338104,-2.9854
5305,-11,-14,-92,105,68,17,12,3,0.384766,-0.371094,0.819336,-3,-4.1875,2.875,-0.438563,-0.340522,-2.98382
5305,48,1,39,-3,-90,-42,-24,6,0.384766,-0.371094,0.819336,-3,-4.1875,2.875,-0.438563,-0.340522,-2.98382
5327,-24,-22,-29,-78,-40,18,8,-6,0.384766,-0.371094,0.819336,-3,-4.1875,2.875,-0.438563,-0.340522,-2.98382
5327,49,7,45,70,81,11,8,25,0.384766,-0.371094,0.819336,-3,-4.1875,2.875,-0.438563,-0.340522,-2.98382
5328,35,4,-54,26,-22,-32,-2,-10,0.30957,-0.371094,0.827148,-6.875,-1.875,-2.0625,-0.440444,-0.341083,-2.98437
5328,-21,10,24,-120,-27,12,10,-6,0.30957,-0.371094,0.827148,-6.875,-1.875,-2.0625,-0.440444,-0.341083,-2.98437
5341,21,-6,-32,11,-13,-5,-9,-2,0.30957,-0.371094,0.827148,-6.875,-1.875,-2.0625,-0.440444,-0.341083,-2.98437
5341,57,0,-19,1,30,6,13,3,0.30957,-0.371094,0.827148,-6.875,-1.875,-2.0625,-0.440444,-0.341083,-2.98437
5343,-24,-16,-12,-20,-34,-9,6,9,0.284668,-0.374512,0.853516,-2.5625,1.875,-2.875,-0.440275,-0.339861,-2.98583
5343,-25,7,64,-39,-55,-4,-21,-21,0.284668,-0.374512,0.853516,-2.5625,1.875,-2.875,-0.440275,-0.339861,-2.98583
5364,-12,-10,-35,21,39,-46,-11,11,0.284668,-0.374512,0.853516,-2.5625,1.875,-2.875,-0.440275,-0.339861,-2.98583
5364,-21,-2,5,43,115,56,40,1,0.284668,-0.374512,0.853516,-2.5625,1.875,-2.875,-0.440275,-0.339861,-2.98583
5365,50,13,-13,104,127,41,-14,4,0.275391,-0.395996,0.881836,-1.75,-0.75,-0.5,-0.440348,-0.338653,-2.98612
5365,-47,14,23,14,-37,-17,17,28,0.275391,-0.395996,0.881836,-1.75,-0.75,-0.5,-0.440348,-0.338653,-2.98612
5387,38,-4,25,-100,-109,-46,-25,-10,0.275391,-0.395996,0.881836,-1.75,-0.75,-0.5,-0.440348,-0.338653,-2.98612
5387,-88,-24,22,-128,-82,-54,-33,-24,0.275391,-0.395996,0.881836,-1.75,-0.75,-0.5,-0.440348,-0.338653,-2.98612
5388,-25,-13,18,47,-44,-4,10,5,0.30957,-0.375,0.851074,2.125,-3.5,2.5,-0.439465,-0.338908,-2.9848
5388,62,-12,-39,-47,49,21,14,-3,0.30957,-0.375,0.851074,2.125,-3.5,2.5,-0.439465,-0.338908,-2.9848
5401,-43,4,15,50,24,17,-35,-26,0.30957,-0.375,0.851074,2.125,-3.5,2.5,-0.439465,-0.338908,-2.9848
5401,0,5,-62,7,-14,-14,5,5,0.30957,-0.375,0.851074,2.125,-3.5,2.5,-0.439465,-0.338908,-2.9848
5416,-27,10,51,78,55,10,6,-4,0.305664,-0.399902,0.839844,-2.8125,-6,2.0625,-0.441045,-0.339904,-2.98314
5416,35,19,49,-97,-105,-6,-10,-3,0.305664,-0.399902,0.839844,-2.8125,-6,2.0625,-0.441045,-0.339904,-2.98314
5425,14,-14,-42,2,42,-17,0,9,0.305664,-0.399902,0.839844,-2.8125,-6,2.0625,-0.441045,-0.339904,-2.98314
5425,-26,-4,-49,-80,10,13,-3,-13,0.305664,-0.399902,0.839844,-2.8125,-6,2.0625,-0.441045,-0.339904,-2.98314
5426,-1,-1,31,40,22,11,-5,14,0.314941,-0.356445,0.827637,1.125,-3.75,-0.4375,-0.43994,-0.341049,-2.98293
5426,99,-2,-1,62,6,-11,-12,32,0.314941,-0.356445,0.827637,1.125,-3.75,-0.4375,-0.43994,-0.341049,-2.98293
5446,-103,10,89,84,35,17,8,-37,0.314941,-0.356445,0.827637,1.125,-3.75,-0.4375,-0.43994,-0.341049,-2.98293
5446,79,12,57,-14,-100,6,20,25,0.314941,-0.356445,0.827637,1.125,-3.75,-0.4375,-0.43994,-0.341049,-2.98293
5448,6,8,10,37,92,25,8,-13,0.311035,-0.371094,0.849121,1.5625,-4.625,-0.875,-0.438969,-0.342191,-2.98272
5448,30,-6,-52,-118,-82,-35,40,14,0.311035,-0.371094,0.849121,1.5625,-4.625,-0.875,-0.438969,-0.342191,-2.98272
5461,39,-8,4,5,10,-23,-44,20,0.311035,-0.371094,0.849121,1.5625,-4.625,-0.875,-0.438969,-0.342191,-2.98272
5461,-32,-12,-8,48,79,8,10,-26,0.311035,-0.371094,0.849121,1.5625,-4.625,-0.875,-0.438969,-0.342191,-2.98272
5468,-34,1,17,-128,-68,18,-34,-21,0.362793,-0.38623,0.84082,-0.8125,-4.6875,0.6875,-0.439254,-0.344316,-2.98192
5468,-16,4,38,127,44,-2,-5,-2,0.362793,-0.38623,0.84082,-0.8125,-4.6875,0.6875,-0.439254,-0.344316,-2.98192
5484,81,7,15,-48,2,35,37,24,0.362793,-0.38623,0.84082,-0.8125,-4.6875,0.6875,-0.439254,-0.344316,-2.98192
5484,-92,-18,-13,-53,-87,-72,20,-39,0.362793,-0.38623,0.84082,-0.8125,-4.6875,0.6875,-0.439254,-0.344316,-2.98192
5485,14,-8,-33,73,63,59,18,17,0.346191,-0.40625,0.838867,0.625,-5,1.3125,-0.439709,-0.345933,-2.98057
5485,-81,8,29,74,63,-7,-46,-36,0.346191,-0.40625,0.838867,0.625,-5,1.3125,-0.439709,-0.345933,-2.98057
5506,48,22,33,-7,-59,-6,-13,7,0.346191,-0.40625,0.838867,0.625,-5,1.3125,-0.439709,-0.345933,-2.98057
5506,96,10,3,-8,-4,6,24,27,0.346191,-0.40625,0.838867,0.625,-5,1.3125,-0.439709,-0.345933,-2.98057
5507,-54,-23,21,-110,-115,-23,12,-9,0.347656,-0.372559,0.818359,4.6875,-3.4375,-2.25,-0.437858,-0.347865,-2.98086
5507,39,-16,-31,-125,-109,-51,-24,4,0.347656,-0.372559,0.818359,4.6875,-3.4375,-2.25,-0.437858,-0.347865,-2.98086
5521,-63,-14,-36,93,117,29,4,-9,0.347656,-0.372559,0.818359,4.6875,-3.4375,-2.25,-0.437858,-0.347865,-2.98086
5521,29,8,-79,99,83,49,20,10,0.347656,-0.372559,0.818359,4.6875,-3.4375,-2.25,-0.437858,-0.347865,-2.98086
5528,-38,5,49,-114,-90,-50,-15,-13,0.302246,-0.366211,0.823242,2.25,-2.1875,-1,-0.43658,-0.348089,-2.98106
5528,28,-6,-65,-43,-13,-10,5,19,0.302246,-0.366211,0.823242,2.25,-2.1875,-1,-0.43658,-0.348089,-2.98106
5544,-3,-18,-15,38,41,43,6,27,0.302246,-0.366211,0.823242,2.25,-2.1875,-1,-0.43658,-0.348089,-2.98106
5544,12,32,111,72,89,-13,-16,-14,0.302246,-0.366211,0.823242,2.25,-2.1875,-1,-0.43658,-0.348089,-2.98106
5545,35,19,14,64,35,18,-11,35,0.359863,-0.416504,0.82666,-2,-1.9375,-0.6875,-0.437934,-0.349372,-2.98074
5545,-70,-5,-3,-107,-99,-13,-23,-58,0.359863,-0.416504,0.82666,-2,-1.9375,-0.6875,-0.437934,-0.349372,-2.98074
5566,6,-13,-63,-106,-52,-24,20,9,0.359863,-0.416504,0.82666,-2,-1.9375,-0.6875,-0.437934,-0.349372,-2.98074
5566,-35,-16,26,37,34,4,-11,0,0.359863,-0.416504,0.82666,-2,-1.9375,-0.6875,-0.437934,-0.349372,-2.98074
5568,-16,2,-18,10,-12,21,17,-4,0.357422,-0.379883,0.831055,6.0625,-0.4375,0.25,-0.43574,-0.349959,-2.98066
5568,-6,-5,35,38,83,24,41,-45,0.357422,-0.379883,0.831055,6.0625,-0.4375,0.25,-0.43574,-0.349959,-2.98066
5581,28,16,93,43,-36,-16,-26,12,0.357422,-0.379883,0.831055,6.0625,-0.4375,0.25,-0.43574,-0.349959,-2.98066
5581,5,-10,-52,-54,-32,15,36,35,0.357422,-0.379883,0.831055,6.0625,-0.4375,0.25,-0.43574,-0.349959,-2.98066
5587,29,-3,22,-57,-64,-56,-60,-4,0.307129,-0.332031,0.822266,8.1875,0.3125,-1.3125,-0.431594,-0.349664,-2.98152
5587,-18,-9,-52,-5,-29,6,2,-4,0.307129,-0.332031,0.822266,8.1875,0.3125,-1.3125,-0.431594,-0.349664,-2.98152
5605,-11,2,17,9,-8,-11,4,-25,0.307129,-0.332031,0.822266,8.1875,0.3125,-1.3125,-0.431594,-0.349664,-2.98152
5605,13,-10,-43,-24,23,3,-6,4,0.307129,-0.332031,0.822266,8.1875,0.3125,-1.3125,-0.431594,-0.349664,-2.98152
5606,19,0,27,82,29,39,34,16,0.278809,-0.367676,0.825684,4.4375,2,0.125,-0.429672,-0.347876,-2.98178
5606,0,9,-68,6,79,-20,-4,9,0.278809,-0.367676,0.825684,4.4375,2,0.125,-0.429672,-0.347876,-2.98178
5627,-5,-3,-2,-104,-79,-26,-2,-18,0.278809,-0.367676,0.825684,4.4375,2,0.125,-0.429672,-0.347876,-2.98178
5627,9,-2,35,70,-32,38,-4,4,0.278809,-0.367676,0.825684,4.4375,2,0.125,-0.429672,-0.347876,-2.98178
5627,20,-9,-54,-77,-19,-66,29,-5,0.334473,-0.422363,0.825195,5.9375,1.6875,-0.25,-0.428471,-0.347294,-2.98178
5627,-4,20,95,127,127,96,-18,23,0.334473,-0.422363,0.825195,5.9375,1.6875,-0.25,-0.428471,-0.347294,-2.98178
5649,17,26,4,62,41,23,17,-9,0.334473,-0.422363,0.825195,5.9375,1.6875,-0.25,-0.428471,-0.347294,-2.98178
5649,29,6,36,-69,-93,-6,-15,-12,0.334473,-0.422363,0.825195,5.9375,1.6875,-0.25,-0.428471,-0.347294,-2.98178
5650,-75,-7,18,-68,-56,-9,3,-30,0.371582,-0.396973,0.79834,3.6875,-0.25,-1.875,-0.427824,-0.348777,-2.98205
5650,55,-20,-38,-54,-120,-45,-2,36,0.371582,-0.396973,0.79834,3.6875,-0.25,-1.875,-0.427824,-0.348777,-2.98205
5664,-1,-11,18,55,76,10,-15,10,0.371582,-0.396973,0.79834,3.6875,-0.25,-1.875,-0.427824,-0.348777,-2.98205
5664,-16,-5,35,39,94,30,16,-5,0.371582,-0.396973,0.79834,3.6875,-0.25,-1.875,-0.427824,-0.348777,-2.98205
5665,67,12,39,98,6,25,13,-3,0.29834,-0.416504,0.806641,-1.75,-0.9375,-2.375,-0.429282,-0.348643,-2.98232
5665,-55,-12,-46,-98,-7,-37,-69,-5,0.29834,-0.416504,0.806641,-1.75,-0.9375,-2.375,-0.429282,-0.348643,-2.98232
5688,-29,1,87,79,19,29,9,10,0.29834,-0.416504,0.806641,-1.75,-0.9375,-2.375,-0.429282,-0.348643,-2.98232
5688,-46,-17,-90,-103,-94,-43,-13,-6,0.29834,-0.416504,0.806641,-1.75,-0.9375,-2.375,-0.429282,-0.348643,-2.98232
5689,-33,2,41,6,66,-4,-20,-31,0.285645,-0.405762,0.844238,-2.5,-3.375,-1.125,-0.430609,-0.348668,-2.98206
5689,28,-25,-43,56,112,-8,31,14,0.285645,-0.405762,0.844238,-2.5,-3.375,-1.125,-0.430609,-0.348668,-2.98206
5701,71,29,68,28,-51,21,1,36,0.285645,-0.405762,0.844238,-2.5,-3.375,-1.125,-0.430609,-0.348668,-2.98206
5701,-70,2,-44,-30,-19,11,3,-25,0.285645,-0.405762,0.844238,-2.5,-3.375,-1.125,-0.430609,-0.348668,-2.98206
5708,33,-6,-128,-128,-103,-47,-1,33,0.339355,-0.34668,0.845703,-2.4375,-5,0.0625,-0.430753,-0.350351,-2.98162
5708,-4,-8,36,41,69,17,-14,-11,0.339355,-0.34668,0.845703,-2.4375,-5,0.0625,-0.430753,-0.350351,-2.98162
5724,-36,1,45,56,100,31,16,-19,0.339355,-0.34668,0.845703,-2.4375,-5,0.0625,-0.430753,-0.350351,-2.98162
5724,55,16,-26,71,23,26,39,25,0.339355,-0.34668,0.845703,-2.4375,-5,0.0625,-0.430753,-0.350351,-2.98162
5725,-21,14,17,-32,-36,-15,-47,-4,0.313477,-0.361816,0.846191,-2.5,-7.8125,-2.5,-0.431067,-0.352605,-2.98144
5725,38,6,-17,-50,-76,7,-3,-6,0.313477,-0.361816,0.846191,-2.5,-7.8125,-2.5,-0.431067,-0.352605,-2.98144
5747,-24,-8,-52,-128,-128,-101,-9,0,0.313477,-0.361816,0.846191,-2.5,-7.8125,-2.5,-0.431067,-0.352605,-2.98144
5747,-16,-27,-34,61,127,37,14,-4,0.313477,-0.361816,0.846191,-2.5,-7.8125,-2.5,-0.431067,-0.352605,-2.98144
5748,-5,4,94,127,127,81,-17,-20,0.340332,-0.365723,0.850098,0.875,-10.5,-3.75,-0.430242,-0.356315,-2.98135
5748,-19,40,27,-54,-66,-10,-2,2,0.340332,-0.365723,0.850098,0.875,-10.5,-3.75,-0.430242,-0.356315,-2.98135
5760,5,-2,0,-111,-66,-47,-29,-22,0.340332,-0.365723,0.850098,0.875,-10.5,-3.75,-0.430242,-0.356315,-2.98135
5760,8,-6,-18,-86,-54,-59,-30,-18,0.340332,-0.365723,0.850098,0.875,-10.5,-3.75,-0.430242,-0.356315,-2.98135
5769,0,-24,-45,-20,-71,-3,14,8,0.392578,-0.375977,0.826172,-3.5,-12.9375,-1.9375,-0.43181,-0.361857,-2.98
5769,44,-16,-31,-15,-23,-3,32,8,0.392578,-0.375977,0.826172,-3.5,-12.9375,-1.9375,-0.43181,-0.361857,-2.98
5783,-38,-4,-18,94,107,28,7,7,0.392578,-0.375977,0.826172,-3.5,-12.9375,-1.9375,-0.43181,-0.361857,-2.98
5783,48,8,70,28,-8,12,4,8,0.392578,-0.375977,0.826172,-3.5,-12.9375,-1.9375,-0.43181,-0.361857,-2.98
5785,16,0,-73,-11,9,-24,15,13,0.317383,-0.380371,0.834961,-2.5,-10.375,-2.5,-0.432831,-0.364747,-2.97928
5785,26,17,114,-13,-38,14,-2,-15,0.317383,-0.380371,0.834961,-2.5,-10.375,-2.5,-0.432831,-0.364747,-2.97928
5805,90,6,-41,28,7,26,70,71,0.317383,-0.380371,0.834961,-2.5,-10.375,-2.5,-0.432831,-0.364747,-2.97928
5805,2,-9,38,17,-11,-41,-56,-15,0.317383,-0.380371,0.834961,-2.5,-10.375,-2.5,-0.432831,-0.364747,-2.97928
5814,24,-1,-101,-13,43,27,15,-20,0.246094,-0.341309,0.82666,-0.125,-7.4375,-4.375,-0.431785,-0.365568,-2.97994
5814,7,-6,27,28,-77,-35,0,-5,0.246094,-0.341309,0.82666,-0.125,-7.4375,-4.375,-0.431785,-0.365568,-2.97994
5820,-32,-11,-31,-61,-24,-15,22,-15,0.246094,-0.341309,0.82666,-0.125,-7.4375,-4.375,-0.431785,-0.365568,-2.97994
5820,3,11,127,101,113,47,5,11,0.246094,-0.341309,0.82666,-0.125,-7.4375,-4.375,-0.431785,-0.365568,-2.97994
5829,-22,-1,-35,-50,-54,-14,-10,-10,0.279297,-0.381348,0.821777,1.4375,-6.6875,-2.9375,-0.431401,-0.366442,-2.97979
5829,10,-15,-25,-1,40,-40,-24,10,0.279297,-0.381348,0.821777,1.4375,-6.6875,-2.9375,-0.431401,-0.366442,-2.97979
5844,-26,0,41,15,46,22,2,-23,0.279297,-0.381348,0.821777,1.4375,-6.6875,-2.9375,-0.431401,-0.366442,-2.97979
5844,38,24,11,5,19,-14,-17,5,0.279297,-0.381348,0.821777,1.4375,-6.6875,-2.9375,-0.431401,-0.366442,-2.97979
5845,-36,-12,7,-26,-32,32,5,-21,0.331055,-0.369141,0.822266,2.0625,-7.125,-4.0625,-0.430376,-0.369008,-2.98019
5845,32,8,58,103,54,39,42,45,0.331055,-0.369141,0.822266,2.0625,-7.125,-4.0625,-0.430376,-0.369008,-2.98019
5866,-24,-9,-27,-2,-28,-6,-11,-28,0.331055,-0.369141,0.822266,2.0625,-7.125,-4.0625,-0.430376,-0.369008,-2.98019
5866,-102,-22,-36,-80,-125,-74,-35,-59,0.331055,-0.369141,0.822266,2.0625,-7.125,-4.0625,-0.430376,-0.369008,-2.98019
5868,28,5,28,-24,91,-4,7,19,0.35498,-0.382812,0.84082,-0.625,-7.875,-5,-0.430264,-0.372042,-2.98064
5868,-54,-10,-70,19,-10,13,0,-13,0.35498,-0.382812,0.84082,-0.625,-7.875,-5,-0.430264,-0.372042,-2.98064
5880,15,8,31,-12,10,6,-16,-3,0.35498,-0.382812,0.84082,-0.625,-7.875,-5,-0.430264,-0.372042,-2.98064
5880,44,-10,-110,22,13,15,22,20,0.35498,-0.382812,0.84082,-0.625,-7.875,-5,-0.430264,-0.372042,-2.98064
5889,-1,-7,15,-60,-95,-46,-1,-2,0.341797,-0.347168,0.810547,1.125,-10.3125,-3.875,-0.429454,-0.375766,-2.98057
5889,-27,-3,72,36,30,3,-26,-24,0.341797,-0.347168,0.810547,1.125,-10.3125,-3.875,-0.429454,-0.375766,-2.98057
5904,-11,-19,-128,43,57,15,-10,-10,0.341797,-0.347168,0.810547,1.125,-10.3125,-3.875,-0.429454,-0.375766,-2.98057
5904,34,12,48,-29,-21,13,-12,31,0.341797,-0.347168,0.810547,1.125,-10.3125,-3.875,-0.429454,-0.375766,-2.98057
5905,57,5,29,20,-1,-2,13,38,0.336914,-0.358398,0.805176,-1.5625,-12.125,-4.4375,-0.429904,-0.379926,-2.98029
5905,-28,-8,29,-8,85,5,9,-40,0.336914,-0.358398,0.805176,-1.5625,-12.125,-4.4375,-0.429904,-0.379926,-2.98029
5927,14,10,62,4,-92,18,-19,8,0.336914,-0.358398,0.805176,-1.5625,-12.125,-4.4375,-0.429904,-0.379926,-2.98029
5927,-35,1,-33,-77,19,-17,-53,-43,0.336914,-0.358398,0.805176,-1.5625,-12.125,-4.4375,-0.429904,-0.379926,-2.98029
5928,23,2,18,113,14,42,15,23,0.36084,-0.384277,0.807617,-3.5,-12.5625,-7.375,-0.431183,-0.384812,-2.98064
5928,18,15,6,14,-8,-31,-10,12,0.36084,-0.384277,0.807617,-3.5,-12.5625,-7.375,-0.431183,-0.384812,-2.98064
5940,-15,-4,24,-18,-32,-9,-3,3,0.36084,-0.384277,0.807617,-3.5,-12.5625,-7.375,-0.431183,-0.384812,-2.98064
5940,14,5,28,6,36,15,24,2,0.36084,-0.384277,0.807617,-3.5,-12.5625,-7.375,-0.431183,-0.384812,-2.98064
5949,21,-1,-32,-38,-11,9,-2,-15,0.385742,-0.396484,0.821289,0.875,-15.4375,-5.75,-0.431411,-0.39084,-2.98007
5949,-67,-23,-80,-15,-28,4,6,10,0.385742,-0.396484,0.821289,0.875,-15.4375,-5.75,-0.431411,-0.39084,-2.98007
5965,56,-11,5,-107,-106,-51,-15,-5,0.385742,-0.396484,0.821289,0.875,-15.4375,-5.75,-0.431411,-0.39084,-2.98007
5965,-23,-20,-31,51,51,16,2,3,0.385742,-0.396484,0.821289,0.875,-15.4375,-5.75,-0.431411,-0.39084,-2.98007
5966,12,15,30,82,124,21,22,14,0.324219,-0.385254,0.797363,2.4375,-17.9375,-2.5625,-0.431725,-0.39579,-2.97796
5966,14,28,30,-55,-67,-15,-2,-16,0.324219,-0.385254,0.797363,2.4375,-17.9375,-2.5625,-0.431725,-0.39579,-2.97796
5986,-21,10,56,6,62,9,-2,-7,0.324219,-0.385254,0.797363,2.4375,-17.9375,-2.5625,-0.431725,-0.39579,-2.97796
5986,23,-12,-71,8,-32,-14,-19,-9,0.324219,-0.385254,0.797363,2.4375,-17.9375,-2.5625,-0.431725,-0.39579,-2.97796
5988,-38,4,127,27,9,-13,5,7,0.314453,-0.332031,0.785156,0.9375,-19.4375,-4.6875,-0.431335,-0.401583,-2.97669
5988,39,1,-58,63,69,49,12,26,0.314453,-0.332031,0.785156,0.9375,-19.4375,-4.6875,-0.431335,-0.401583,-2.97669
6000,-51,-3,-60,-34,-14,-19,10,-11,0.314453,-0.332031,0.785156,0.9375,-19.4375,-4.6875,-0.431335,-0.401583,-2.97669
6000,-84,0,40,-73,-82,-39,-11,-18,0.314453,-0.332031,0.785156,0.9375,-19.4375,-4.6875,-0.431335,-0.401583,-2.97669
6009,8,-22,-84,42,45,20,-6,-23,0.365723,-0.347168,0.791016,0.375,-20.25,-6.4375,-0.431128,-0.408745,-2.97591
6009,-22,-1,29,-114,-128,-17,-5,3,0.365723,-0.347168,0.791016,0.375,-20.25,-6.4375,-0.431128,-0.408745,-2.97591
6024,33,-27,-103,-51,-38,-43,-23,0,0.365723,-0.347168,0.791016,0.375,-20.25,-6.4375,-0.431128,-0.408745,-2.97591
6024,-23,-3,24,84,105,63,16,1,0.365723,-0.347168,0.791016,0.375,-20.25,-6.4375,-0.431128,-0.408745,-2.97591
6030,-8,16,43,16,-51,-14,9,-5,0.317383,-0.364746,0.809082,-1.75,-21,-8.625,-0.431614,-0.414971,-2.97562
6030,27,8,-4,8,74,-1,-3,24,0.317383,-0.364746,0.809082,-1.75,-21,-8.625,-0.431614,-0.414971,-2.97562
6046,4,7,-54,82,109,49,-2,-38,0.317383,-0.364746,0.809082,-1.75,-21,-8.625,-0.431614,-0.414971,-2.97562
6046,5,11,12,-87,-128,-65,6,25,0.317383,-0.364746,0.809082,-1.75,-21,-8.625,-0.431614,-0.414971,-2.97562
6048,-7,-7,10,58,68,28,-17,-15,0.282227,-0.361328,0.826172,-5.25,-24.5625,-10.0625,-0.433144,-0.421442,-2.97541
6048,-21,-5,28,34,70,17,8,-28,0.282227,-0.361328,0.826172,-5.25,-24.5625,-10.0625,-0.433144,-0.421442,-2.97541
6061,26,14,43,-3,-34,-5,9,28,0.282227,-0.361328,0.826172,-5.25,-24.5625,-10.0625,-0.433144,-0.421442,-2.97541
6061,3,-8,-44,-109,-113,-37,2,-16,0.282227,-0.361328,0.826172,-5.25,-24.5625,-10.0625,-0.433144,-0.421442,-2.97541
6069,-24,-32,-30,-88,2,-22,-25,-17,0.318848,-0.369141,0.79248,-0.5,-28.375,-6.625,-0.434234,-0.429562,-2.97309
6069,1,1,-2,86,81,26,37,11,0.318848,-0.369141,0.79248,-0.5,-28.375,-6.625,-0.434234,-0.429562,-2.97309
6083,54,17,79,67,56,10,-37,21,0.318848,-0.369141,0.79248,-0.5,-28.375,-6.625,-0.434234,-0.429562,-2.97309
6083,-49,12,0,18,-17,8,9,-9,0.318848,-0.369141,0.79248,-0.5,-28.375,-6.625,-0.434234,-0.429562,-2.97309
6090,1,5,-29,-73,-98,-43,-5,-5,0.313477,-0.338379,0.755859,1.3125,-31.1875,-5.875,-0.434699,-0.438648,-2.97029
6090,-5,-18,-34,-37,-65,4,-1,-7,0.313477,-0.338379,0.755859,1.3125,-31.1875,-5.875,-0.434699,-0.438648,-2.97029
6106,-18,-18,-14,-39,18,-6,5,3,0.313477,-0.338379,0.755859,1.3125,-31.1875,-5.875,-0.434699,-0.438648,-2.97029
6106,51,7,56,-11,40,18,5,-11,0.313477,-0.338379,0.755859,1.3125,-31.1875,-5.875,-0.434699,-0.438648,-2.97029
6108,-36,5,24,97,65,18,5,18,0.298828,-0.287598,0.757324,2,-31.8125,-8.875,-0.43339,-0.448113,-2.96889
6108,20,9,-30,35,66,10,-7,-17,0.298828,-0.287598,0.757324,2,-31.8125,-8.875,-0.43339,-0.448113,-2.96889
6120,-40,-2,11,-54,-90,-27,35,20,0.298828,-0.287598,0.757324,2,-31.8125,-8.875,-0.43339,-0.448113,-2.96889
6120,-16,-15,7,8,-3,-19,-64,-7,0.298828,-0.287598,0.757324,2,-31.8125,-8.875,-0.43339,-0.448113,-2.96889
6129,44,7,-12,0,55,14,-2,16,0.316895,-0.293945,0.751465,-4.25,-35.5,-13.25,-0.433926,-0.459485,-2.96833
6129,-22,4,84,-12,-68,19,10,-16,0.316895,-0.293945,0.751465,-4.25,-35.5,-13.25,-0.433926,-0.459485,-2.96833
6144,-24,-9,-77,9,53,16,-16,-7,0.316895,-0.293945,0.751465,-4.25,-35.5,-13.25,-0.433926,-0.459485,-2.96833
6144,32,1,-4,-4,-42,-1,9,32,0.316895,-0.293945,0.751465,-4.25,-35.5,-13.25,-0.433926,-0.459485,-2.96833
6150,-21,-4,-12,-71,-88,-36,-3,-37,0.357422,-0.322754,0.703613,-1.0625,-39,-15.1875,-0.434656,-0.4731,-2.96728
6150,19,-13,-1,-15,-47,-19,-20,22,0.357422,-0.322754,0.703613,-1.0625,-39,-15.1875,-0.434656,-0.4731,-2.96728
6166,14,-19,-90,-39,13,-2,9,-11,0.357422,-0.322754,0.703613,-1.0625,-39,-15.1875,-0.434656,-0.4731,-2.96728
6166,30,15,105,88,118,51,29,31,0.357422,-0.322754,0.703613,-1.0625,-39,-15.1875,-0.434656,-0.4731,-2.96728
6168,-9,-5,-115,18,-6,2,6,-15,0.404297,-0.386719,0.743652,7.4375,-42.9375,-13.875,-0.434122,-0.487931,-2.96466
6168,-48,3,25,74,30,-8,12,-2,0.404297,-0.386719,0.743652,7.4375,-42.9375,-13.875,-0.434122,-0.487931,-2.96466
6189,2,6,20,-38,-33,-9,-2,-13,0.404297,-0.386719,0.743652,7.4375,-42.9375,-13.875,-0.434122,-0.487931,-2.96466
6189,23,5,15,-19,-31,-16,-11,-1,0.404297,-0.386719,0.743652,7.4375,-42.9375,-13.875,-0.434122,-0.487931,-2.96466
6191,25,2,19,9,50,25,39,41,0.426758,-0.380371,0.705078,2.1875,-53.5,-13.8125,-0.43648,-0.506453,-2.96013
6191,33,0,9,-18,-4,-25,-16,-19,0.426758,-0.380371,0.705078,2.1875,-53.5,-13.8125,-0.43648,-0.506453,-2.96013
6203,-86,-1,33,-2,-22,-8,-26,-11,0.426758,-0.380371,0.705078,2.1875,-53.5,-13.8125,-0.43648,-0.506453,-2.96013
6203,13,-2,-15,-5,-29,-24,-1,-2,0.426758,-0.380371,0.705078,2.1875,-53.5,-13.8125,-0.43648,-0.506453,-2.96013
6210,3,-14,-4,-47,-40,0,-21,0,0.352051,-0.269043,0.655762,1.25,-56.25,-13,-0.437557,-0.525005,-2.95569
6210,-16,-17,-49,-83,-95,-16,6,11,0.352051,-0.269043,0.655762,1.25,-56.25,-13,-0.437557,-0.525005,-2.95569
6227,55,6,48,103,98,37,0,21,0.352051,-0.269043,0.655762,1.25,-56.25,-13,-0.437557,-0.525005,-2.95569
6227,17,13,28,94,39,14,31,2,0.352051,-0.269043,0.655762,1.25,-56.25,-13,-0.437557,-0.525005,-2.95569
6228,-58,-5,-14,-39,-36,-32,-31,-7,0.267578,-0.394043,0.708008,-4.9375,-62.8125,-18.625,-0.442794,-0.542999,-2.95087
6228,-19,0,-25,-18,-39,11,8,2,0.267578,-0.394043,0.708008,-4.9375,-62.8125,-18.625,-0.442794,-0.542999,-2.95087
6249,19,7,24,-66,0,-7,0,-5,0.267578,-0.394043,0.708008,-4.9375,-62.8125,-18.625,-0.442794,-0.542999,-2.95087
6249,7,5,65,38,11,14,3,11,0.267578,-0.394043,0.708008,-4.9375,-62.8125,-18.625,-0.442794,-0.542999,-2.95087
6250,-6,-13,-64,28,30,9,44,7,0.333008,-0.324707,0.695312,6.5,-70.1875,-24.125,-0.442183,-0.565524,-2.94762
6250,-13,9,-7,-6,-16,-11,-32,3,0.333008,-0.324707,0.695312,6.5,-70.1875,-24.125,-0.442183,-0.565524,-2.94762
6264,14,-6,43,-50,-82,-29,-17,-8,0.333008,-0.324707,0.695312,6.5,-70.1875,-24.125,-0.442183,-0.565524,-2.94762
6264,-35,-23,-37,24,-16,-7,-11,-8,0.333008,-0.324707,0.695312,6.5,-70.1875,-24.125,-0.442183,-0.565524,-2.94762
6271,16,1,-4,-25,-10,-12,-8,0,0.48584,-0.299316,0.634277,30.375,-72.25,-18.5625,-0.434874,-0.59142,-2.94177
6271,22,4,24,25,118,32,18,10,0.48584,-0.299316,0.634277,30.375,-72.25,-18.5625,-0.434874,-0.59142,-2.94177
6287,-36,-4,-25,27,-13,7,18,-2,0.48584,-0.299316,0.634277,30.375,-72.25,-18.5625,-0.434874,-0.59142,-2.94177
6287,9,-3,10,-49,-31,-23,7,-17,0.48584,-0.299316,0.634277,30.375,-72.25,-18.5625,-0.434874,-0.59142,-2.94177
6294,-13,-7,18,-44,-56,-22,-26,-16,0.491699,-0.238281,0.599121,7.9375,-76.5625,-12.375,-0.436006,-0.618063,-2.93353
6294,38,7,-20,26,37,29,44,35,0.491699,-0.238281,0.599121,7.9375,-76.5625,-12.375,-0.436006,-0.618063,-2.93353
6309,-8,-10,-16,32,-56,4,-65,-43,0.491699,-0.238281,0.599121,7.9375,-76.5625,-12.375,-0.436006,-0.618063,-2.93353
6309,-23,-3,-26,-55,22,2,0,-31,0.491699,-0.238281,0.599121,7.9375,-76.5625,-12.375,-0.436006,-0.618063,-2.93353
6310,66,16,68,85,95,17,-5,-5,0.422852,-0.401367,0.611328,-9.0625,-81.8125,-20.5625,-0.446337,-0.644534,-2.92456
6310,-42,3,33,-14,-46,-9,-8,-8,0.422852,-0.401367,0.611328,-9.0625,-81.8125,-20.5625,-0.446337,-0.644534,-2.92456
6323,54,2,46,-35,-29,-19,27,23,0.422852,-0.401367,0.611328,-9.0625,-81.8125,-20.5625,-0.446337,-0.644534,-2.92456
6323,-60,-25,-101,-38,-50,6,-10,-10,0.422852,-0.401367,0.611328,-9.0625,-81.8125,-20.5625,-0.446337,-0.644534,-2.92456
6332,2,9,94,3,-9,-8,-6,-15,0.478027,-0.330078,0.655273,25.1875,-92.625,-25.75,-0.44268,-0.675594,-2.9169
6332,6,-13,-50,57,82,11,4,2,0.478027,-0.330078,0.655273,25.1875,-92.625,-25.75,-0.44268,-0.675594,-2.9169
6347,-9,2,-22,48,6,-5,-7,14,0.478027,-0.330078,0.655273,25.1875,-92.625,-25.75,-0.44268,-0.675594,-2.9169
6347,18,3,2,-37,-97,-9,1,7,0.478027,-0.330078,0.655273,25.1875,-92.625,-25.75,-0.44268,-0.675594,-2.9169
6349,-17,-2,-28,-27,-13,7,17,-2,0.648926,-0.236328,0.571777,46.3125,-92.0625,-19.875,-0.4316,-0.709689,-2.90791
6349,-15,-3,9,-71,-69,-31,-46,-7,0.648926,-0.236328,0.571777,46.3125,-92.0625,-19.875,-0.4316,-0.709689,-2.90791
6369,53,5,12,72,103,11,37,22,0.648926,-0.236328,0.571777,46.3125,-92.0625,-19.875,-0.4316,-0.709689,-2.90791
6369,-47,-8,-44,0,69,39,-1,-51,0.648926,-0.236328,0.571777,46.3125,-92.0625,-19.875,-0.4316,-0.709689,-2.90791
6371,-75,-3,-10,-23,-84,-29,-34,-16,0.589844,-0.236816,0.506836,4.9375,-88.5,-18.0625,-0.436379,-0.741811,-2.8982
6371,-3,-1,9,-22,-37,-8,-15,-19,0.589844,-0.236816,0.506836,4.9375,-88.5,-18.0625,-0.436379,-0.741811,-2.8982
6383,27,3,-44,-28,-51,-18,-15,-1,0.589844,-0.236816,0.506836,4.9375,-88.5,-18.0625,-0.436379,-0.741811,-2.8982
6383,73,13,114,-16,79,4,16,39,0.589844,-0.236816,0.506836,4.9375,-88.5,-18.0625,-0.436379,-0.741811,-2.8982
6392,19,-11,-64,75,-13,10,25,0,0.526367,-0.345215,0.506348,-13.625,-88.1875,-28.3125,-0.448288,-0.77266,-2.89023
6392,-44,5,70,14,19,1,-23,-23,0.526367,-0.345215,0.506348,-13.625,-88.1875,-28.3125,-0.448288,-0.77266,-2.89023
6407,-21,1,-40,44,29,6,10,-5,0.526367,-0.345215,0.506348,-13.625,-88.1875,-28.3125,-0.448288,-0.77266,-2.89023
6407,15,4,9,29,-34,-4,9,16,0.526367,-0.345215,0.506348,-13.625,-88.1875,-28.3125,-0.448288,-0.77266,-2.89023
6408,-15,-3,2,-85,0,6,-13,7,0.534668,-0.38916,0.578125,11.6875,-88.5625,-33.625,-0.450406,-0.802576,-2.8838
6408,4,-17,-46,-10,3,-19,2,-7,0.534668,-0.38916,0.578125,11.6875,-88.5625,-33.625,-0.450406,-0.802576,-2.8838
6429,16,-11,1,-65,18,5,48,50,0.534668,-0.38916,0.578125,11.6875,-88.5625,-33.625,-0.450406,-0.802576,-2.8838
6429,-65,3,-12,88,102,18,-16,-53,0.534668,-0.38916,0.578125,11.6875,-88.5625,-33.625,-0.450406,-0.802576,-2.8838
6430,-15,9,33,10,-69,-18,-19,10,0.752441,-0.268555,0.586914,22.4375,-87.1875,-26.6875,-0.447321,-0.834714,-2.87711
6430,18,10,-6,-29,-3,11,-27,-26,0.752441,-0.268555,0.586914,22.4375,-87.1875,-26.6875,-0.447321,-0.834714,-2.87711
6443,-23,5,31,24,52,33,15,-20,0.752441,-0.268555,0.586914,22.4375,-87.1875,-26.6875,-0.447321,-0.834714,-2.87711
6443,30,-7,-31,-46,-105,-23,-1,30,0.752441,-0.268555,0.586914,22.4375,-87.1875,-26.6875,-0.447321,-0.834714,-2.87711
6452,45,6,47,33,96,21,-9,-3,0.832031,-0.225586,0.441406,-10.5625,-83.5625,-20.375,-0.458632,-0.867992,-2.86708
6452,-23,5,7,64,37,17,24,1,0.832031,-0.225586,0.441406,-10.5625,-83.5625,-20.375,-0.458632,-0.867992,-2.86708
6467,-1,1,10,-31,-65,-19,-20,-11,0.832031,-0.225586,0.441406,-10.5625,-83.5625,-20.375,-0.458632,-0.867992,-2.86708
6467,39,-4,-42,-58,-1,-15,-1,25,0.832031,-0.225586,0.441406,-10.5625,-83.5625,-20.375,-0.458632,-0.867992,-2.86708
6468,20,-7,9,-37,-37,-10,21,-10,0.806152,-0.403809,0.469727,-24.0625,-85.75,-13.5625,-0.483619,-0.89761,-2.84831
6468,-18,-24,3,-47,-10,6,-6,11,0.806152,-0.403809,0.469727,-24.0625,-85.75,-13.5625,-0.483619,-0.89761,-2.84831
6490,15,5,-11,75,95,26,-27,-11,0.806152,-0.403809,0.469727,-24.0625,-85.75,-13.5625,-0.483619,-0.89761,-2.84831
6490,-56,20,42,116,44,16,2,12,0.806152,-0.403809,0.469727,-24.0625,-85.75,-13.5625,-0.483619,-0.89761,-2.84831
6491,17,13,60,10,-2,-9,-4,7,1.01367,-0.253906,0.456543,3.9375,-85.5,-20.3125,-0.492497,-0.931773,-2.8355
6491,19,-6,-7,-53,-97,-27,-6,-25,1.01367,-0.253906,0.456543,3.9375,-85.5,-20.3125,-0.492497,-0.931773,-2.8355
6503,55,-10,19,-111,-55,-34,21,42,1.01367,-0.253906,0.456543,3.9375,-85.5,-20.3125,-0.492497,-0.931773,-2.8355
6503,-63,-22,-25,-29,8,-1,-27,-63,1.01367,-0.253906,0.456543,3.9375,-85.5,-20.3125,-0.492497,-0.931773,-2.8355
6518,70,29,84,104,110,62,19,29,0.881836,-0.0639648,0.421387,6.5625,-82.125,-21.75,-0.493794,-0.964829,-2.8286
6518,-10,15,-9,9,21,-2,7,20,0.881836,-0.0639648,0.421387,6.5625,-82.125,-21.75,-0.493794,-0.964829,-2.8286
6527,-43,-12,-48,-88,-106,-34,-22,-22,0.881836,-0.0639648,0.421387,6.5625,-82.125,-21.75,-0.493794,-0.964829,-2.8286
6527,34,0,10,-9,6,-19,-6,10,0.881836,-0.0639648,0.421387,6.5625,-82.125,-21.75,-0.493794,-0.964829,-2.8286
6528,-33,-24,-53,-4,3,1,-8,-2,0.845215,-0.110352,0.465332,-29.125,-75.9375,-24.125,-0.506091,-0.994049,-2.82381
6528,52,17,18,72,85,20,24,5,0.845215,-0.110352,0.465332,-29.125,-75.9375,-24.125,-0.506091,-0.994049,-2.82381
6549,-6,16,36,45,25,20,17,-9,0.845215,-0.110352,0.465332,-29.125,-75.9375,-24.125,-0.506091,-0.994049,-2.82381
6549,-3,1,-30,-36,-69,-25,1,8,0.845215,-0.110352,0.465332,-29.125,-75.9375,-24.125,-0.506091,-0.994049,-2.82381
6550,6,-2,-26,-59,-45,-16,15,11,0.854004,-0.292969,0.526367,-35.6875,-71.3125,-26.1875,-0.524816,-1.01846,-2.81613
6550,20,-18,-59,-86,-65,-21,2,19,0.854004,-0.292969,0.526367,-35.6875,-71.3125,-26.1875,-0.524816,-1.01846,-2.81613
6562,-59,-18,-41,72,71,9,-34,-61,0.854004,-0.292969,0.526367,-35.6875,-71.3125,-26.1875,-0.524816,-1.01846,-2.81613
6562,29,26,80,67,65,29,1,16,0.854004,-0.292969,0.526367,-35.6875,-71.3125,-26.1875,-0.524816,-1.01846,-2.81613
6572,40,22,29,22,-8,-8,-1,24,0.90332,-0.334473,0.532715,-6.25,-69.25,-20.3125,-0.538021,-1.04091,-2.80371
6572,-34,-11,-72,-107,-112,-29,-4,-18,0.90332,-0.334473,0.532715,-6.25,-69.25,-20.3125,-0.538021,-1.04091,-2.80371
6587,3,-2,21,-41,-3,-9,2,-5,0.90332,-0.334473,0.532715,-6.25,-69.25,-20.3125,-0.538021,-1.04091,-2.80371
6587,56,-6,-2,42,14,19,10,24,0.90332,-0.334473,0.532715,-6.25,-69.25,-20.3125,-0.538021,-1.04091,-2.80371
6588,-20,-5,12,41,10,-12,-2,9,0.908203,-0.165527,0.423828,17.8125,-65.75,-19.3125,-0.538486,-1.06508,-2.79489
6588,-37,10,-6,-10,58,-4,-17,-15,0.908203,-0.165527,0.423828,17.8125,-65.75,-19.3125,-0.538486,-1.06508,-2.79489
6609,3,-3,-11,45,40,19,8,4,0.908203,-0.165527,0.423828,17.8125,-65.75,-19.3125,-0.538486,-1.06508,-2.79489
6609,8,0,-2,-10,-14,2,14,15,0.908203,-0.165527,0.423828,17.8125,-65.75,-19.3125,-0.538486,-1.06508,-2.79489
6610,4,-1,-1,-58,-51,-12,9,-15,1.0752,-0.0776367,0.255859,-3.375,-61.3125,-24.1875,-0.54313,-1.09427,-2.78996
6610,22,-7,-21,-24,-14,11,-11,19,1.0752,-0.0776367,0.255859,-3.375,-61.3125,-24.1875,-0.54313,-1.09427,-2.78996
6623,46,5,18,20,-23,-18,-26,-5,1.0752,-0.0776367,0.255859,-3.375,-61.3125,-24.1875,-0.54313,-1.09427,-2.78996
6623,-33,-11,-10,-62,-105,-32,5,-11,1.0752,-0.0776367,0.255859,-3.375,-61.3125,-24.1875,-0.54313,-1.09427,-2.78996
6632,-33,-22,-84,-81,20,-9,-20,-22,1.06982,-0.210938,0.239258,-22.5625,-60.125,-18.1875,-0.565102,-1.12002,-2.77488
6632,5,3,32,119,122,38,16,-3,1.06982,-0.210938,0.239258,-22.5625,-60.125,-18.1875,-0.565102,-1.12002,-2.77488
6654,18,19,44,79,56,29,25,15,1.06982,-0.210938,0.239258,-22.5625,-60.125,-18.1875,-0.565102,-1.12002,-2.77488
6654,14,6,7,-37,-37,-10,4,20,1.06982,-0.210938,0.239258,-22.5625,-60.125,-18.1875,-0.565102,-1.12002,-2.77488
6655,-38,-15,-39,-87,-61,-30,-16,-27,1.07227,-0.234863,0.228516,-8.625,-57.625,-15.1875,-0.585728,-1.14335,-2.75598
6655,50,13,44,20,-9,2,19,14,1.07227,-0.234863,0.228516,-8.625,-57.625,-15.1875,-0.585728,-1.14335,-2.75598
6670,-104,-23,6,-30,-43,-1,-7,-13,1.07227,-0.234863,0.228516,-8.625,-57.625,-15.1875,-0.585728,-1.14335,-2.75598
6670,0,-3,12,30,38,-3,-13,6,1.07227,-0.234863,0.228516,-8.625,-57.625,-15.1875,-0.585728,-1.14335,-2.75598
6671,-17,4,-25,28,22,12,-3,4,1.01953,-0.165527,0.261719,4.125,-55,-13.25,-0.599184,-1.16488,-2.73973
6671,21,0,27,38,20,5,4,2,1.01953,-0.165527,0.261719,4.125,-55,-13.25,-0.599184,-1.16488,-2.73973
6682,36,1,-7,-17,-30,-11,27,30,1.01953,-0.165527,0.261719,4.125,-55,-13.25,-0.599184,-1.16488,-2.73973
6682,25,-6,-82,-115,-92,-26,-33,-29,1.01953,-0.165527,0.261719,4.125,-55,-13.25,-0.599184,-1.16488,-2.73973
6691,-34,-4,13,35,36,5,-7,-11,1.03564,-0.15332,0.233398,-7.6875,-51.375,-10.5625,-0.618328,-1.18487,-2.72167
6691,17,2,47,90,68,17,-9,-1,1.03564,-0.15332,0.233398,-7.6875,-51.375,-10.5625,-0.618328,-1.18487,-2.72167
6707,-40,12,0,33,22,19,18,-1,1.03564,-0.15332,0.233398,-7.6875,-51.375,-10.5625,-0.618328,-1.18487,-2.72167
6707,26,12,61,11,6,12,24,19,1.03564,-0.15332,0.233398,-7.6875,-51.375,-10.5625,-0.618328,-1.18487,-2.72167
6708,101,2,-98,-91,-51,-20,-4,35,0.957031,-0.223145,0.191895,-26.375,-48.8125,-11.5,-0.648896,-1.20298,-2.69949
6708,-47,-21,16,-39,-50,-27,-12,-27,0.957031,-0.223145,0.191895,-26.375,-48.8125,-11.5,-0.648896,-1.20298,-2.69949
6729,-23,-9,-48,10,35,4,-8,-4,0.957031,-0.223145,0.191895,-26.375,-48.8125,-11.5,-0.648896,-1.20298,-2.69949
6729,-49,-8,-48,65,78,21,-12,-18,0.957031,-0.223145,0.191895,-26.375,-48.8125,-11.5,-0.648896,-1.20298,-2.69949
6730,-1,15,43,38,1,9,2,0,0.986816,-0.299805,0.241699,-23.4375,-52.3125,-12.375,-0.683619,-1.21972,-2.67189
6730,11,2,1,-38,-53,-10,15,11,0.986816,-0.299805,0.241699,-23.4375,-52.3125,-12.375,-0.683619,-1.21972,-2.67189
6742,17,-2,-13,-98,-47,-16,-13,-8,0.986816,-0.299805,0.241699,-23.4375,-52.3125,-12.375,-0.683619,-1.21972,-2.67189
6742,-12,1,22,-19,20,4,0,2,0.986816,-0.299805,0.241699,-23.4375,-52.3125,-12.375,-0.683619,-1.21972,-2.67189
6752,-8,14,24,108,45,18,17,-5,1.17871,-0.213867,0.230957,-7.9375,-45.375,-8.875,-0.709161,-1.23599,-2.64772
6752,0,0,-80,-21,-16,-1,-1,14,1.17871,-0.213867,0.230957,-7.9375,-45.375,-8.875,-0.709161,-1.23599,-2.64772
6766,52,18,43,-27,-85,-28,-6,31,1.17871,-0.213867,0.230957,-7.9375,-45.375,-8.875,-0.709161,-1.23599,-2.64772
6766,-20,-18,-49,-106,1,-14,-15,-31,1.17871,-0.213867,0.230957,-7.9375,-45.375,-8.875,-0.709161,-1.23599,-2.64772
6768,-94,-22,-17,88,12,2,-12,-42,1.28857,-0.0458984,0.285156,-7.3125,-29.125,-5.5,-0.715191,-1.24934,-2.64291
6768,3,11,70,66,61,18,-7,1,1.28857,-0.0458984,0.285156,-7.3125,-29.125,-5.5,-0.715191,-1.24934,-2.64291
6788,-4,0,-31,55,57,27,5,3,1.28857,-0.0458984,0.285156,-7.3125,-29.125,-5.5,-0.715191,-1.24934,-2.64291
6788,29,11,33,26,2,12,21,8,1.28857,-0.0458984,0.285156,-7.3125,-29.125,-5.5,-0.715191,-1.24934,-2.64291
6796,24,-2,6,-68,-44,-16,-6,0,1.34424,-0.0234375,0.279297,-21.3125,-13.4375,-0.1875,-0.718485,-1.2577,-2.64567
6796,-30,-15,-12,-45,-42,-24,-10,-10,1.34424,-0.0234375,0.279297,-21.3125,-13.4375,-0.1875,-0.718485,-1.2577,-2.64567
6803,1,-7,5,-35,-29,-6,1,-3,1.34424,-0.0234375,0.279297,-21.3125,-13.4375,-0.1875,-0.718485,-1.2577,-2.64567
6803,17,-1,2,16,1,2,-1,8,1.34424,-0.0234375,0.279297,-21.3125,-13.4375,-0.1875,-0.718485,-1.2577,-2.64567
6811,-11,-8,-4,-11,14,-1,0,-1,1.26953,-0.0546875,0.181152,-17.3125,-7.25,4.3125,-0.726843,-1.26418,-2.64272
6811,4,0,-5,-4,-13,-2,1,2,1.26953,-0.0546875,0.181152,-17.3125,-7.25,4.3125,-0.726843,-1.26418,-2.64272
6826,1,-1,4,-15,-4,-3,-6,-7,1.26953,-0.0546875,0.181152,-17.3125,-7.25,4.3125,-0.726843,-1.26418,-2.64272
6826,-11,-8,-7,27,8,-1,0,-1,1.26953,-0.0546875,0.181152,-17.3125,-7.25,4.3125,-0.726843,-1.26418,-2.64272
6833,2,-1,12,3,9,5,0,5,1.22949,-0.0771484,0.0883789,-2.8125,-8.25,5.4375,-0.737939,-1.27132,-2.63212
6833,0,-3,2,-11,-6,0,2,-4,1.22949,-0.0771484,0.0883789,-2.8125,-8.25,5.4375,-0.737939,-1.27132,-2.63212
6849,-4,-4,-3,-2,-7,-7,-7,-9,1.22949,-0.0771484,0.0883789,-2.8125,-8.25,5.4375,-0.737939,-1.27132,-2.63212
6849,-7,1,-2,23,13,5,1,3,1.22949,-0.0771484,0.0883789,-2.8125,-8.25,5.4375,-0.737939,-1.27132,-2.63212
6851,5,0,7,-3,5,4,4,7,1.20557,-0.0742188,0.108398,12.875,-8.875,4.5,-0.742289,-1.27781,-2.62241
6851,14,6,3,-7,-8,-2,-5,3,1.20557,-0.0742188,0.108398,12.875,-8.875,4.5,-0.742289,-1.27781,-2.62241
6863,-14,-6,-10,-6,-3,-6,-5,-7,1.20557,-0.0742188,0.108398,12.875,-8.875,4.5,-0.742289,-1.27781,-2.62241
6863,-1,0,-5,14,2,2,2,-4,1.20557,-0.0742188,0.108398,12.875,-8.875,4.5,-0.742289,-1.27781,-2.62241
6871,7,3,9,-6,5,4,-1,7,1.07666,-0.117676,0.120605,15.5625,-14.25,5.9375,-0.753362,-1.28372,-2.60549
6871,-7,-1,-4,-5,-5,-3,-2,-3,1.07666,-0.117676,0.120605,15.5625,-14.25,5.9375,-0.753362,-1.28372,-2.60549
6887,-6,-2,2,-2,-3,-2,-3,-4,1.07666,-0.117676,0.120605,15.5625,-14.25,5.9375,-0.753362,-1.28372,-2.60549
6887,5,1,4,7,2,2,3,5,1.07666,-0.117676,0.120605,15.5625,-14.25,5.9375,-0.753362,-1.28372,-2.60549
6888,2,0,-4,-4,1,-2,-2,-3,0.973633,-0.213867,0.159668,11.1875,-22.5625,3.875,-0.775276,-1.28883,-2.57876
6888,-7,-5,-7,-4,1,-1,0,-3,0.973633,-0.213867,0.159668,11.1875,-22.5625,3.875,-0.775276,-1.28883,-2.57876
6911,-1,-2,-1,-4,-2,0,0,-9,0.973633,-0.213867,0.159668,11.1875,-22.5625,3.875,-0.775276,-1.28883,-2.57876
6911,9,3,3,6,1,1,1,11,0.973633,-0.213867,0.159668,11.1875,-22.5625,3.875,-0.775276,-1.28883,-2.57876
6912,-12,-4,1,-7,-5,-5,-2,-12,0.915039,-0.259277,0.1875,15.5625,-27.6875,0.5,-0.79835,-1.29452,-2.54983
6912,1,2,-13,1,-3,-2,-3,7,0.915039,-0.259277,0.1875,15.5625,-27.6875,0.5,-0.79835,-1.29452,-2.54983
6922,7,-1,-14,-5,-1,0,-3,0,0.915039,-0.259277,0.1875,15.5625,-27.6875,0.5,-0.79835,-1.29452,-2.54983
6922,-16,-8,-6,4,-1,-1,-2,-4,0.915039,-0.259277,0.1875,15.5625,-27.6875,0.5,-0.79835,-1.29452,-2.54983
6931,7,7,17,4,5,6,4,3,0.84668,-0.264648,0.202637,15.8125,-29.1875,-8.1875,-0.815136,-1.30139,-2.52701
6931,10,-4,-15,-9,-5,-3,2,1,0.84668,-0.264648,0.202637,15.8125,-29.1875,-8.1875,-0.815136,-1.30139,-2.52701
6945,-28,-13,-5,-7,-9,-8,-8,-8,0.84668,-0.264648,0.202637,15.8125,-29.1875,-8.1875,-0.815136,-1.30139,-2.52701
6945,8,3,3,4,2,2,1,3,0.84668,-0.264648,0.202637,15.8125,-29.1875,-8.1875,-0.815136,-1.30139,-2.52701
6960,-19,-8,2,0,1,0,-2,1,0.805664,-0.282715,0.237305,1.3125,-30.4375,-15.5,-0.830872,-1.30838,-2.50948
6960,8,-1,-38,-5,1,-1,-1,-6,0.805664,-0.282715,0.237305,1.3125,-30.4375,-15.5,-0.830872,-1.30838,-2.50948
6969,4,3,4,6,1,-1,0,4,0.805664,-0.282715,0.237305,1.3125,-30.4375,-15.5,-0.830872,-1.30838,-2.50948
6969,4,0,-4,1,-1,-1,-3,-1,0.805664,-0.282715,0.237305,1.3125,-30.4375,-15.5,-0.830872,-1.30838,-2.50948
6971,1,-3,4,-3,-2,1,1,0,0.838867,-0.313477,0.214844,-8.625,-32.1875,-19.4375,-0.853139,-1.31747,-2.49045
6971,-2,4,13,-4,-2,-3,-2,-1,0.838867,-0.313477,0.214844,-8.625,-32.1875,-19.4375,-0.853139,-1.31747,-2.49045
6983,1,-2,-3,-3,-2,-2,-1,0,0.838867,-0.313477,0.214844,-8.625,-32.1875,-19.4375,-0.853139,-1.31747,-2.49045
6983,-8,-5,1,1,-2,-1,1,-2,0.838867,-0.313477,0.214844,-8.625,-32.1875,-19.4375,-0.853139,-1.31747,-2.49045
6992,4,0,-3,-5,1,-1,-1,-1,0.950684,-0.282715,0.223633,-16.25,-27.375,-19.4375,-0.870966,-1.32566,-2.47766
6992,-11,-1,7,-2,-4,-5,-4,-6,0.950684,-0.282715,0.223633,-16.25,-27.375,-19.4375,-0.870966,-1.32566,-2.47766
7006,2,0,2,-2,-2,-2,-4,-2,0.950684,-0.282715,0.223633,-16.25,-27.375,-19.4375,-0.870966,-1.32566,-2.47766
7006,-1,-5,1,2,1,0,-1,0,0.950684,-0.282715,0.223633,-16.25,-27.375,-19.4375,-0.870966,-1.32566,-2.47766
7013,4,1,-7,-1,1,-1,0,-1,0.990723,-0.212891,0.222168,-12.375,-19.9375,-15.625,-0.879343,-1.33304,-2.47369
7013,-5,-3,4,-2,-3,-1,-1,-2,0.990723,-0.212891,0.222168,-12.375,-19.9375,-15.625,-0.879343,-1.33304,-2.47369
7029,5,3,19,0,-1,0,3,-10,0.990723,-0.212891,0.222168,-12.375,-19.9375,-15.625,-0.879343,-1.33304,-2.47369
7029,0,-2,-20,-6,-1,0,-1,3,0.990723,-0.212891,0.222168,-12.375,-19.9375,-15.625,-0.879343,-1.33304,-2.47369
7031,-2,-4,-19,-5,-1,-1,-6,0,0.941406,-0.198242,0.184082,-15.0625,-16.6875,-12.5625,-0.889437,-1.33907,-2.46859
7031,-4,1,15,1,-1,1,0,-3,0.941406,-0.198242,0.184082,-15.0625,-16.6875,-12.5625,-0.889437,-1.33907,-2.46859
7043,3,1,-3,1,2,2,1,0,0.941406,-0.198242,0.184082,-15.0625,-16.6875,-12.5625,-0.889437,-1.33907,-2.46859
7043,4,-1,13,4,1,-2,-3,-1,0.941406,-0.198242,0.184082,-15.0625,-16.6875,-12.5625,-0.889437,-1.33907,-2.46859
7052,4,-9,0,-3,0,1,0,0,0.983398,-0.198242,0.148438,-13.1875,-16.1875,-8.5,-0.906186,-1.34452,-2.4564
7052,-5,-11,8,1,-2,-3,1,0,0.983398,-0.198242,0.148438,-13.1875,-16.1875,-8.5,-0.906186,-1.34452,-2.4564
7074,2,-5,-9,-5,-2,-2,0,2,0.983398,-0.198242,0.148438,-13.1875,-16.1875,-8.5,-0.906186,-1.34452,-2.4564
7074,-3,-2,0,1,-1,-3,-1,-2,0.983398,-0.198242,0.148438,-13.1875,-16.1875,-8.5,-0.906186,-1.34452,-2.4564
7076,1,6,1,-1,-1,-1,0,2,1.01855,-0.169434,0.117676,-0.4375,-15.3125,-1.625,-0.923559,-1.34843,-2.43827
7076,0,3,1,0,0,0,-1,-1,1.01855,-0.169434,0.117676,-0.4375,-15.3125,-1.625,-0.923559,-1.34843,-2.43827
7089,-2,4,2,0,-1,-1,-1,3,1.01855,-0.169434,0.117676,-0.4375,-15.3125,-1.625,-0.923559,-1.34843,-2.43827
7089,-3,5,-4,-1,0,1,1,-2,1.01855,-0.169434,0.117676,-0.4375,-15.3125,-1.625,-0.923559,-1.34843,-2.43827
7091,0,2,1,2,0,-1,-3,-3,1.04102,-0.113281,0.074707,8.9375,-14.125,1.5,-0.940221,-1.3535,-2.41824
7091,-1,-1,-3,0,-3,-2,-4,0,1.04102,-0.113281,0.074707,8.9375,-14.125,1.5,-0.940221,-1.3535,-2.41824
7112,1,3,-5,-3,-1,0,3,1,1.04102,-0.113281,0.074707,8.9375,-14.125,1.5,-0.940221,-1.3535,-2.41824
7112,-1,1,-1,0,-2,-4,0,-2,1.04102,-0.113281,0.074707,8.9375,-14.125,1.5,-0.940221,-1.3535,-2.41824
7114,3,1,2,-2,0,-1,1,-2,1.00684,-0.0698242,0.0703125,5.125,-10.75,3,-0.952939,-1.35772,-2.40333
7114,-5,-2,-3,1,0,0,1,-3,1.00684,-0.0698242,0.0703125,5.125,-10.75,3,-0.952939,-1.35772,-2.40333
7126,-3,-2,-2,1,-2,-1,-2,0,1.00684,-0.0698242,0.0703125,5.125,-10.75,3,-0.952939,-1.35772,-2.40333
7126,1,1,3,2,1,-1,-1,-3,1.00684,-0.0698242,0.0703125,5.125,-10.75,3,-0.952939,-1.35772,-2.40333
7133,-2,1,-2,-1,-2,0,-3,-4,0.981445,-0.0698242,0.0605469,-1.75,-6.9375,0.1875,-0.962092,-1.36202,-2.39491
7133,0,-2,-6,-1,-1,-1,2,5,0.981445,-0.0698242,0.0605469,-1.75,-6.9375,0.1875,-0.962092,-1.36202,-2.39491
7150,-1,-1,6,-1,1,-1,-6,0,0.981445,-0.0698242,0.0605469,-1.75,-6.9375,0.1875,-0.962092,-1.36202,-2.39491
7150,1,-2,-8,-3,-2,0,-2,-2,0.981445,-0.0698242,0.0605469,-1.75,-6.9375,0.1875,-0.962092,-1.36202,-2.39491
7151,0,0,-1,1,-2,-1,-1,-1,0.969238,-0.0708008,0.0683594,-11.875,-4.5625,-0.8125,-0.969262,-1.36544,-2.39136
7151,0,1,3,0,-1,0,-1,-2,0.969238,-0.0708008,0.0683594,-11.875,-4.5625,-0.8125,-0.969262,-1.36544,-2.39136
7172,0,-1,-2,1,0,0,2,0,0.969238,-0.0708008,0.0683594,-11.875,-4.5625,-0.8125,-0.969262,-1.36544,-2.39136
7172,-2,-2,3,2,0,-1,-1,-1,0.969238,-0.0708008,0.0683594,-11.875,-4.5625,-0.8125,-0.969262,-1.36544,-2.39136
7173,-1,-1,1,0,-1,-3,-1,0,0.984375,-0.0996094,0.0688477,-15.625,-2.5625,-1.1875,-0.976834,-1.36811,-2.38904
7173,-3,1,1,-2,1,-1,1,-3,0.984375,-0.0996094,0.0688477,-15.625,-2.5625,-1.1875,-0.976834,-1.36811,-2.38904
7186,-2,-4,-4,-2,-1,1,2,-2,0.984375,-0.0996094,0.0688477,-15.625,-2.5625,-1.1875,-0.976834,-1.36811,-2.38904
7186,-2,-1,-4,0,-2,-1,0,-2,0.984375,-0.0996094,0.0688477,-15.625,-2.5625,-1.1875,-0.976834,-1.36811,-2.38904
7188,1,-1,-1,-2,0,0,2,-1,0.992188,-0.119141,0.0712891,-14,-1.8125,-2.3125,-0.982767,-1.37076,-2.38807
7188,-1,-1,4,-2,0,-2,-2,0,0.992188,-0.119141,0.0712891,-14,-1.8125,-2.3125,-0.982767,-1.37076,-2.38807
7209,2,1,0,1,-1,-1,0,-1,0.992188,-0.119141,0.0712891,-14,-1.8125,-2.3125,-0.982767,-1.37076,-2.38807
7209,-1,-2,-2,-2,-1,1,-1,-2,0.992188,-0.119141,0.0712891,-14,-1.8125,-2.3125,-0.982767,-1.37076,-2.38807
7211,-2,-6,-2,1,-1,0,-1,-1,0.997559,-0.119629,0.0795898,-11.0625,-1.125,-1.8125,-0.98653,-1.37283,-2.38821
7211,0,1,-1,1,-1,0,-1,-2,0.997559,-0.119629,0.0795898,-11.0625,-1.125,-1.8125,-0.98653,-1.37283,-2.38821
7232,-2,-1,-2,-1,-1,-1,0,0,0.997559,-0.119629,0.0795898,-11.0625,-1.125,-1.8125,-0.98653,-1.37283,-2.38821
7232,0,2,-1,0,-1,-1,-3,-1,0.997559,-0.119629,0.0795898,-11.0625,-1.125,-1.8125,-0.98653,-1.37283,-2.38821
7234,0,-1,-1,0,1,0,0,0,0.999512,-0.113281,0.0883789,-6.375,-1.625,-1.5625,-0.987947,-1.37469,-2.38845
7234,0,0,1,0,-1,-1,-1,0,0.999512,-0.113281,0.0883789,-6.375,-1.625,-1.5625,-0.987947,-1.37469,-2.38845
7246,-1,5,-1,-2,-3,-1,-2,-2,0.999512,-0.113281,0.0883789,-6.375,-1.625,-1.5625,-0.987947,-1.37469,-2.38845
7246,-4,-5,1,0,0,-2,-2,-1,0.999512,-0.113281,0.0883789,-6.375,-1.625,-1.5625,-0.987947,-1.37469,-2.38845
7253,2,1,1,0,0,-1,-1,0,0.992188,-0.125977,0.0966797,-3.75,-2,-0.875,-0.990265,-1.37664,-2.38816
7253,-1,-2,-2,0,-1,-2,-2,0,0.992188,-0.125977,0.0966797,-3.75,-2,-0.875,-0.990265,-1.37664,-2.38816
7268,0,1,4,0,0,-1,1,-1,0.992188,-0.125977,0.0966797,-3.75,-2,-0.875,-0.990265,-1.37664,-2.38816
7268,-1,-1,-2,0,-2,0,-1,0,0.992188,-0.125977,0.0966797,-3.75,-2,-0.875,-0.990265,-1.37664,-2.38816
7270,1,-1,1,0,-1,-1,-2,0,0.975098,-0.155273,0.101074,-0.375,-2.375,-0.8125,-0.992872,-1.37753,-2.38556
7270,-1,-3,5,-1,-2,1,-1,-2,0.975098,-0.155273,0.101074,-0.375,-2.375,-0.8125,-0.992872,-1.37753,-2.38556
7292,-2,-5,-3,-2,0,0,-1,-1,0.975098,-0.155273,0.101074,-0.375,-2.375,-0.8125,-0.992872,-1.37753,-2.38556
7292,1,2,0,-1,-1,-1,0,-2,0.975098,-0.155273,0.101074,-0.375,-2.375,-0.8125,-0.992872,-1.37753,-2.38556
7293,2,0,-1,1,-1,0,-1,0,0.97168,-0.176758,0.106934,1.1875,-4.25,-0.9375,-0.998549,-1.37803,-2.37924
7293,1,2,-1,1,0,-3,-1,-1,0.97168,-0.176758,0.106934,1.1875,-4.25,-0.9375,-0.998549,-1.37803,-2.37924
7305,-1,-2,-2,1,-1,-1,0,-1,0.97168,-0.176758,0.106934,1.1875,-4.25,-0.9375,-0.998549,-1.37803,-2.37924
7305,-2,0,1,-2,-2,-2,-1,1,0.97168,-0.176758,0.106934,1.1875,-4.25,-0.9375,-0.998549,-1.37803,-2.37924
7313,-2,1,-3,-1,-2,1,-1,0,0.957031,-0.16748,0.0844727,3.4375,-5.1875,-0.3125,-1.00674,-1.37911,-2.36976
7313,-3,-2,-2,-3,0,0,-1,-1,0.957031,-0.16748,0.0844727,3.4375,-5.1875,-0.3125,-1.00674,-1.37911,-2.36976
7329,-1,-3,-2,-2,-1,-1,2,1,0.957031,-0.16748,0.0844727,3.4375,-5.1875,-0.3125,-1.00674,-1.37911,-2.36976
7329,-2,-2,-2,-1,0,-2,-2,1,0.957031,-0.16748,0.0844727,3.4375,-5.1875,-0.3125,-1.00674,-1.37911,-2.36976
7330,-1,-3,-5,-2,-3,0,-1,-3,0.949219,-0.166504,0.0766602,4.0625,-6.0625,-1,-1.01646,-1.38023,-2.35798
7330,0,-3,-4,-1,-2,-1,-2,-1,0.949219,-0.166504,0.0766602,4.0625,-6.0625,-1,-1.01646,-1.38023,-2.35798
7352,-3,-4,1,-1,-2,-3,0,-3,0.949219,-0.166504,0.0766602,4.0625,-6.0625,-1,-1.01646,-1.38023,-2.35798
7352,-1,-2,-5,-3,0,0,0,-1,0.949219,-0.166504,0.0766602,4.0625,-6.0625,-1,-1.01646,-1.38023,-2.35798
7353,-2,0,1,-2,1,-3,-1,0,0.939453,-0.188965,0.0727539,0.0625,-6.4375,-1.125,-1.02996,-1.38158,-2.34493
7353,-2,2,-3,-2,-1,1,-1,-2,0.939453,-0.188965,0.0727539,0.0625,-6.4375,-1.125,-1.02996,-1.38158,-2.34493
7366,0,-5,-4,-1,-1,-1,-2,0,0.939453,-0.188965,0.0727539,0.0625,-6.4375,-1.125,-1.02996,-1.38158,-2.34493
7366,1,3,1,1,0,0,1,-2,0.939453,-0.188965,0.0727539,0.0625,-6.4375,-1.125,-1.02996,-1.38158,-2.34493
7372,1,-2,0,-2,-1,-1,-1,0,0.950684,-0.186035,0.0849609,0,-7,-2.875,-1.04092,-1.38285,-2.33341
7372,2,4,1,0,0,0,-1,0,0.950684,-0.186035,0.0849609,0,-7,-2.875,-1.04092,-1.38285,-2.33341
7390,1,8,2,1,0,-1,-2,1,0.950684,-0.186035,0.0849609,0,-7,-2.875,-1.04092,-1.38285,-2.33341
7390,-1,-11,-10,-4,0,0,0,0,0.950684,-0.186035,0.0849609,0,-7,-2.875,-1.04092,-1.38285,-2.33341
7391,-5,-1,-3,-1,-2,-1,-2,-1,0.955078,-0.194824,0.0952148,0.0625,-6.625,-3.9375,-1.04998,-1.38484,-2.32503
7391,-2,-9,0,-1,-1,-1,-2,-2,0.955078,-0.194824,0.0952148,0.0625,-6.625,-3.9375,-1.04998,-1.38484,-2.32503
7412,0,3,-1,0,-2,0,-1,-2,0.955078,-0.194824,0.0952148,0.0625,-6.625,-3.9375,-1.04998,-1.38484,-2.32503
7412,-1,5,4,1,-1,-1,0,-1,0.955078,-0.194824,0.0952148,0.0625,-6.625,-3.9375,-1.04998,-1.38484,-2.32503
7413,-3,2,0,-3,-1,0,0,-2,0.948242,-0.216797,0.0898438,-0.5,-7.8125,-2.8125,-1.06339,-1.38535,-2.31108
7413,2,1,-2,0,-1,-1,0,-2,0.948242,-0.216797,0.0898438,-0.5,-7.8125,-2.8125,-1.06339,-1.38535,-2.31108
7425,-2,-3,-5,-3,-1,0,-2,-2,0.948242,-0.216797,0.0898438,-0.5,-7.8125,-2.8125,-1.06339,-1.38535,-2.31108
7425,1,2,5,-1,-1,-1,0,-2,0.948242,-0.216797,0.0898438,-0.5,-7.8125,-2.8125,-1.06339,-1.38535,-2.31108
7432,3,-5,4,-1,-2,0,-1,-1,0.973633,-0.205566,0.0976562,1.625,-9.125,-2.5625,-1.07657,-1.38633,-2.2967
7432,-2,7,-15,-6,-3,-1,-1,-3,0.973633,-0.205566,0.0976562,1.625,-9.125,-2.5625,-1.07657,-1.38633,-2.2967
7448,-2,-6,-3,-3,-1,-2,-1,-1,0.973633,-0.205566,0.0976562,1.625,-9.125,-2.5625,-1.07657,-1.38633,-2.2967
7448,-3,0,-2,-1,-2,-1,-3,-1,0.973633,-0.205566,0.0976562,1.625,-9.125,-2.5625,-1.07657,-1.38633,-2.2967
7451,-2,-6,1,0,1,-2,0,-1,0.981934,-0.205078,0.0961914,3.8125,-9.625,-2,-1.09039,-1.38737,-2.28127
7451,0,-9,4,1,1,0,0,1,0.981934,-0.205078,0.0961914,3.8125,-9.625,-2,-1.09039,-1.38737,-2.28127
7472,0,8,0,0,0,0,-1,-1,0.981934,-0.205078,0.0961914,3.8125,-9.625,-2,-1.09039,-1.38737,-2.28127
7472,0,-4,-3,-1,-2,-2,-1,-1,0.981934,-0.205078,0.0961914,3.8125,-9.625,-2,-1.09039,-1.38737,-2.28127
7473,-1,11,-1,0,-2,-1,-1,-1,0.986328,-0.1875,0.0654297,0.125,-8.3125,-1.1875,-1.10714,-1.38881,-2.26443
7473,-5,-24,-14,-2,-3,-2,-2,-3,0.986328,-0.1875,0.0654297,0.125,-8.3125,-1.1875,-1.10714,-1.38881,-2.26443
7485,1,-4,-2,0,0,0,-2,1,0.986328,-0.1875,0.0654297,0.125,-8.3125,-1.1875,-1.10714,-1.38881,-2.26443
7485,-1,1,2,0,-1,-1,-2,-1,0.986328,-0.1875,0.0654297,0.125,-8.3125,-1.1875,-1.10714,-1.38881,-2.26443
7492,-1,-3,0,0,0,0,-2,-1,0.990723,-0.185059,0.0771484,0,-5.6875,-1.1875,-1.11742,-1.38968,-2.25427
7492,1,1,-1,1,0,0,0,-2,0.990723,-0.185059,0.0771484,0,-5.6875,-1.1875,-1.11742,-1.38968,-2.25427
7509,-1,-1,-1,0,-2,0,-1,-2,0.990723,-0.185059,0.0771484,0,-5.6875,-1.1875,-1.11742,-1.38968,-2.25427
7509,2,-1,0,-1,-2,-1,-2,-1,0.990723,-0.185059,0.0771484,0,-5.6875,-1.1875,-1.11742,-1.38968,-2.25427
7510,-2,4,-1,-2,0,-1,-1,-1,0.983398,-0.185547,0.100098,-1.25,-4.5,0.3125,-1.1241,-1.38974,-2.24829
7510,-4,4,10,0,-1,-2,-3,-2,0.983398,-0.185547,0.100098,-1.25,-4.5,0.3125,-1.1241,-1.38974,-2.24829
7531,-4,-7,0,-4,-1,-2,-1,-1,0.983398,-0.185547,0.100098,-1.25,-4.5,0.3125,-1.1241,-1.38974,-2.24829
7531,-2,-9,-12,-6,0,0,-1,-2,0.983398,-0.185547,0.100098,-1.25,-4.5,0.3125,-1.1241,-1.38974,-2.24829
7533,1,-6,0,-3,-1,0,-1,0,0.993164,-0.212891,0.0986328,3.6875,-2.875,1.5625,-1.12951,-1.38866,-2.24171
7533,4,6,6,1,2,1,3,1,0.993164,-0.212891,0.0986328,3.6875,-2.875,1.5625,-1.12951,-1.38866,-2.24171
7545,-4,1,6,1,-2,-2,-1,-1,0.993164,-0.212891,0.0986328,3.6875,-2.875,1.5625,-1.12951,-1.38866,-2.24171
7545,-1,11,4,-2,-2,1,-2,1,0.993164,-0.212891,0.0986328,3.6875,-2.875,1.5625,-1.12951,-1.38866,-2.24171
7554,-1,0,-2,0,-1,-1,-1,-2,1.00342,-0.169434,0.0932617,-0.1875,-2.125,3.625,-1.13356,-1.38716,-2.23678
7554,-1,6,-1,-2,-1,-2,-1,-2,1.00342,-0.169434,0.0932617,-0.1875,-2.125,3.625,-1.13356,-1.38716,-2.23678
7569,0,-1,-3,-1,-1,-1,0,-1,1.00342,-0.169434,0.0932617,-0.1875,-2.125,3.625,-1.13356,-1.38716,-2.23678
7569,0,2,1,2,-2,-2,1,-1,1.00342,-0.169434,0.0932617,-0.1875,-2.125,3.625,-1.13356,-1.38716,-2.23678
7570,0,-1,1,-2,-1,-2,-2,0,0.999023,-0.169922,0.11377,-0.75,-1.375,5.25,-1.13639,-1.38537,-2.23411
7570,0,-2,27,0,0,-1,-1,0,0.999023,-0.169922,0.11377,-0.75,-1.375,5.25,-1.13639,-1.38537,-2.23411
7591,0,-8,-21,-5,0,1,-1,1,0.999023,-0.169922,0.11377,-0.75,-1.375,5.25,-1.13639,-1.38537,-2.23411
7591,-2,-7,3,1,-1,0,0,-1,0.999023,-0.169922,0.11377,-0.75,-1.375,5.25,-1.13639,-1.38537,-2.23411
7593,-2,-8,-3,-2,-2,-1,-1,-1,0.996094,-0.15332,0.126953,-4.25,1,5.0625,-1.13314,-1.38334,-2.2383
7593,0,3,6,3,1,1,0,-1,0.996094,-0.15332,0.126953,-4.25,1,5.0625,-1.13314,-1.38334,-2.2383
7605,1,-1,5,1,1,-2,-1,-2,0.996094,-0.15332,0.126953,-4.25,1,5.0625,-1.13314,-1.38334,-2.2383
7605,5,4,-1,1,0,0,0,2,0.996094,-0.15332,0.126953,-4.25,1,5.0625,-1.13314,-1.38334,-2.2383
7614,0,11,-2,1,-1,0,-2,1,0.978027,-0.16748,0.126953,-8.625,4.6875,5.25,-1.12697,-1.38101,-2.24823
7614,-12,-28,-25,-8,-5,-3,-3,-5,0.978027,-0.16748,0.126953,-8.625,4.6875,5.25,-1.12697,-1.38101,-2.24823
7629,1,10,-1,-1,0,-1,-1,0,0.978027,-0.16748,0.126953,-8.625,4.6875,5.25,-1.12697,-1.38101,-2.24823
7629,-1,0,-4,-1,-1,1,-2,-2,0.978027,-0.16748,0.126953,-8.625,4.6875,5.25,-1.12697,-1.38101,-2.24823
7631,3,17,3,0,-3,-2,0,0,0.981445,-0.209961,0.15332,-7.4375,7.6875,9.3125,-1.11877,-1.37528,-2.25875
7631,3,21,-4,-1,1,1,0,1,0.981445,-0.209961,0.15332,-7.4375,7.6875,9.3125,-1.11877,-1.37528,-2.25875
7652,-2,1,-1,0,0,-2,1,0,0.981445,-0.209961,0.15332,-7.4375,7.6875,9.3125,-1.11877,-1.37528,-2.25875
7652,-3,2,4,1,1,-4,-1,-1,0.981445,-0.209961,0.15332,-7.4375,7.6875,9.3125,-1.11877,-1.37528,-2.25875
7653,-2,-9,-4,-3,-2,-1,-2,1,0.989746,-0.217285,0.151367,-5.1875,7.875,11.375,-1.11177,-1.3688,-2.26711
7653,0,-5,-4,-3,-3,1,-1,0,0.989746,-0.217285,0.151367,-5.1875,7.875,11.375,-1.11177,-1.3688,-2.26711
7665,-2,-7,-1,0,-1,0,-1,1,0.989746,-0.217285,0.151367,-5.1875,7.875,11.375,-1.11177,-1.3688,-2.26711
7665,1,0,1,1,-1,-1,0,1,0.989746,-0.217285,0.151367,-5.1875,7.875,11.375,-1.11177,-1.3688,-2.26711
7674,0,-19,-1,-1,-1,0,-1,-2,0.998047,-0.209473,0.146973,1.1875,7.8125,9.5625,-1.10255,-1.3638,-2.27619
7674,-6,-13,-6,-1,-3,0,-2,-1,0.998047,-0.209473,0.146973,1.1875,7.8125,9.5625,-1.10255,-1.3638,-2.27619
7689,0,9,-1,-2,-2,-1,-1,-3,0.998047,-0.209473,0.146973,1.1875,7.8125,9.5625,-1.10255,-1.3638,-2.27619
7689,1,-11,-1,0,0,-1,1,-1,0.998047,-0.209473,0.146973,1.1875,7.8125,9.5625,-1.10255,-1.3638,-2.27619
7691,-4,9,-9,-2,-2,-2,-2,-4,1.00049,-0.170898,0.141602,3.1875,8,8.1875,-1.09012,-1.35999,-2.28764
7691,0,-15,7,-1,-1,-1,-2,0,1.00049,-0.170898,0.141602,3.1875,8,8.1875,-1.09012,-1.35999,-2.28764
7712,1,-2,-4,-1,-2,-1,-1,0,1.00049,-0.170898,0.141602,3.1875,8,8.1875,-1.09012,-1.35999,-2.28764
7712,-6,-7,-7,-2,-1,-3,-1,-2,1.00049,-0.170898,0.141602,3.1875,8,8.1875,-1.09012,-1.35999,-2.28764
7713,2,3,4,-2,0,-1,1,1,1.00049,-0.17041,0.126953,4.1875,9.25,6.4375,-1.07674,-1.35673,-2.29983
7713,3,7,-1,-1,2,0,0,2,1.00049,-0.17041,0.126953,4.1875,9.25,6.4375,-1.07674,-1.35673,-2.29983
7725,-1,-13,3,-1,-4,-1,-1,-1,1.00049,-0.17041,0.126953,4.1875,9.25,6.4375,-1.07674,-1.35673,-2.29983
7725,-1,-4,0,-2,-1,-1,-2,0,1.00049,-0.17041,0.126953,4.1875,9.25,6.4375,-1.07674,-1.35673,-2.29983
7734,1,-1,7,3,0,0,-1,0,0.987793,-0.157227,0.0922852,-3.5,9.9375,6.5,-1.06819,-1.35376,-2.30931
7734,1,4,-2,-2,-1,-2,-1,-1,0.987793,-0.157227,0.0922852,-3.5,9.9375,6.5,-1.06819,-1.35376,-2.30931
7749,1,1,3,1,1,-2,0,-3,0.987793,-0.157227,0.0922852,-3.5,9.9375,6.5,-1.06819,-1.35376,-2.30931
7749,-3,7,-1,1,-1,0,-1,-1,0.987793,-0.157227,0.0922852,-3.5,9.9375,6.5,-1.06819,-1.35376,-2.30931
7751,-1,-2,-7,-3,-3,-3,-2,-2,0.98291,-0.181641,0.106934,-4.875,9.4375,6.75,-1.06145,-1.35026,-2.31786
7751,3,10,4,1,-2,0,1,1,0.98291,-0.181641,0.106934,-4.875,9.4375,6.75,-1.06145,-1.35026,-2.31786
7771,-2,3,0,1,-1,-1,-1,-2,0.98291,-0.181641,0.106934,-4.875,9.4375,6.75,-1.06145,-1.35026,-2.31786
7771,-1,-6,-1,-1,-1,1,0,-2,0.98291,-0.181641,0.106934,-4.875,9.4375,6.75,-1.06145,-1.35026,-2.31786
7773,-6,6,4,1,-1,1,-1,-1,0.981934,-0.180664,0.102539,-4.5,9.3125,5.125,-1.05428,-1.34745,-2.32685
7773,2,6,-3,-1,0,-1,1,0,0.981934,-0.180664,0.102539,-4.5,9.3125,5.125,-1.05428,-1.34745,-2.32685
7785,-3,-24,-6,-3,-1,-2,-2,-1,0.981934,-0.180664,0.102539,-4.5,9.3125,5.125,-1.05428,-1.34745,-2.32685
7785,-1,-10,1,1,-1,0,-1,1,0.981934,-0.180664,0.102539,-4.5,9.3125,5.125,-1.05428,-1.34745,-2.32685
7794,-1,-5,-4,-3,-1,0,-1,-1,0.981445,-0.174805,0.106934,0.3125,9.125,4.0625,-1.04462,-1.34514,-2.33678
7794,-1,4,-1,-1,-1,-1,0,-1,0.981445,-0.174805,0.106934,0.3125,9.125,4.0625,-1.04462,-1.34514,-2.33678
7809,0,7,-1,-2,0,0,-2,0,0.981445,-0.174805,0.106934,0.3125,9.125,4.0625,-1.04462,-1.34514,-2.33678
7809,5,1,9,0,1,0,1,0,0.981445,-0.174805,0.106934,0.3125,9.125,4.0625,-1.04462,-1.34514,-2.33678
7810,3,13,-7,1,0,1,2,1,0.978516,-0.168945,0.0981445,1.375,7.8125,3.9375,-1.03682,-1.34332,-2.34415
7810,-18,-44,-24,-8,-8,-8,-5,-7,0.978516,-0.168945,0.0981445,1.375,7.8125,3.9375,-1.03682,-1.34332,-2.34415
7832,0,3,3,0,0,0,0,1,0.978516,-0.168945,0.0981445,1.375,7.8125,3.9375,-1.03682,-1.34332,-2.34415
7832,-2,-1,-6,-1,-2,-2,-2,-2,0.978516,-0.168945,0.0981445,1.375,7.8125,3.9375,-1.03682,-1.34332,-2.34415
7833,2,-7,2,1,-2,-2,0,-1,0.976562,-0.193848,0.128906,3.8125,6.8125,3.5,-1.02885,-1.34109,-2.35126
7833,6,10,7,3,2,2,1,1,0.976562,-0.193848,0.128906,3.8125,6.8125,3.5,-1.02885,-1.34109,-2.35126
7854,-5,-3,-4,-3,-3,-2,-2,-3,0.976562,-0.193848,0.128906,3.8125,6.8125,3.5,-1.02885,-1.34109,-2.35126
7854,-2,30,2,0,-3,-4,-1,-2,0.976562,-0.193848,0.128906,3.8125,6.8125,3.5,-1.02885,-1.34109,-2.35126
7856,2,14,1,-1,0,1,-1,-1,0.969238,-0.179688,0.0981445,-1.25,4.875,4.6875,-1.0276,-1.33935,-2.35289
7856,1,1,0,0,1,-1,-2,0,0.969238,-0.179688,0.0981445,-1.25,4.875,4.6875,-1.0276,-1.33935,-2.35289
7869,-1,-13,-2,0,-2,0,-3,0,0.969238,-0.179688,0.0981445,-1.25,4.875,4.6875,-1.0276,-1.33935,-2.35289
7869,1,0,-2,-3,-1,-1,-1,3,0.969238,-0.179688,0.0981445,-1.25,4.875,4.6875,-1.0276,-1.33935,-2.35289
7871,-9,-12,-2,-1,-2,-3,-1,-2,0.974609,-0.197266,0.0952148,1.75,2.8125,2.9375,-1.02749,-1.33819,-2.35233
7871,0,6,3,-3,-2,-1,0,-1,0.974609,-0.197266,0.0952148,1.75,2.8125,2.9375,-1.02749,-1.33819,-2.35233
7892,0,-6,-4,-3,-1,-2,3,-1,0.974609,-0.197266,0.0952148,1.75,2.8125,2.9375,-1.02749,-1.33819,-2.35233
7892,0,-16,-2,0,-2,-1,-3,-2,0.974609,-0.197266,0.0952148,1.75,2.8125,2.9375,-1.02749,-1.33819,-2.35233
7893,-1,-13,-4,-2,1,-1,0,-1,0.963867,-0.172852,0.120117,2.875,2.1875,0.0625,-1.02267,-1.33807,-2.356
7893,2,2,3,2,1,0,-1,0,0.963867,-0.172852,0.120117,2.875,2.1875,0.0625,-1.02267,-1.33807,-2.356
7905,-3,-3,0,-1,-2,-1,1,1,0.963867,-0.172852,0.120117,2.875,2.1875,0.0625,-1.02267,-1.33807,-2.356
7905,-3,-5,0,-1,-1,-1,-1,-3,0.963867,-0.172852,0.120117,2.875,2.1875,0.0625,-1.02267,-1.33807,-2.356
7914,6,-12,-2,-1,-1,0,-2,-2,0.974609,-0.177734,0.0991211,2.8125,0.8125,-1.5625,-1.01991,-1.33883,-2.35763
7914,-1,14,1,0,-1,1,-1,-1,0.974609,-0.177734,0.0991211,2.8125,0.8125,-1.5625,-1.01991,-1.33883,-2.35763
7929,5,2,-3,0,-1,-3,0,-4,0.974609,-0.177734,0.0991211,2.8125,0.8125,-1.5625,-1.01991,-1.33883,-2.35763
7929,-20,-2,-4,-1,-1,-2,-1,-2,0.974609,-0.177734,0.0991211,2.8125,0.8125,-1.5625,-1.01991,-1.33883,-2.35763
7931,4,-1,-2,-2,-2,-2,-2,1,0.963379,-0.141113,0.0932617,1.3125,-1.0625,-3.6875,-1.01734,-1.34183,-2.3604
7931,-2,-7,-3,-3,-1,-1,1,0,0.963379,-0.141113,0.0932617,1.3125,-1.0625,-3.6875,-1.01734,-1.34183,-2.3604
7951,-1,3,1,-2,-1,1,-1,2,0.963379,-0.141113,0.0932617,1.3125,-1.0625,-3.6875,-1.01734,-1.34183,-2.3604
7951,5,0,-2,1,-1,0,-1,-2,0.963379,-0.141113,0.0932617,1.3125,-1.0625,-3.6875,-1.01734,-1.34183,-2.3604
7952,-2,6,3,0,0,0,1,0,0.952637,-0.171387,0.125977,-0.375,-2.25,-6.8125,-1.01315,-1.34436,-2.36438
7952,7,3,-1,3,2,1,0,4,0.952637,-0.171387,0.125977,-0.375,-2.25,-6.8125,-1.01315,-1.34436,-2.36438
7966,3,-2,1,1,0,1,-1,-8,0.952637,-0.171387,0.125977,-0.375,-2.25,-6.8125,-1.01315,-1.34436,-2.36438
7966,-17,-7,7,-4,-2,-3,-5,-7,0.952637,-0.171387,0.125977,-0.375,-2.25,-6.8125,-1.01315,-1.34436,-2.36438
7974,-1,-17,-8,1,1,1,0,2,0.969727,-0.180176,0.0942383,-5.8125,-2.8125,-7.0625,-1.01515,-1.34735,-2.36459
7974,2,-11,-16,-1,-3,-1,1,-1,0.969727,-0.180176,0.0942383,-5.8125,-2.8125,-7.0625,-1.01515,-1.34735,-2.36459
7989,16,-2,-2,-2,0,0,1,-4,0.969727,-0.180176,0.0942383,-5.8125,-2.8125,-7.0625,-1.01515,-1.34735,-2.36459
7989,-14,8,6,-2,-3,-2,-1,6,0.969727,-0.180176,0.0942383,-5.8125,-2.8125,-7.0625,-1.01515,-1.34735,-2.36459
7991,-2,18,-6,-1,-1,-2,-2,-12,0.952148,-0.219238,0.116699,4.3125,-5,-5.6875,-1.01657,-1.34904,-2.36141
7991,-10,16,0,-1,-2,-1,-3,-10,0.952148,-0.219238,0.116699,4.3125,-5,-5.6875,-1.01657,-1.34904,-2.36141
8011,-7,13,-4,-3,-5,-2,-1,8,0.952148,-0.219238,0.116699,4.3125,-5,-5.6875,-1.01657,-1.34904,-2.36141
8011,12,5,-5,-1,0,1,1,1,0.952148,-0.219238,0.116699,4.3125,-5,-5.6875,-1.01657,-1.34904,-2.36141
8013,-3,-6,-3,-12,-5,-2,-2,1,0.964844,-0.191406,0.0947266,7.5,-6.1875,-6.9375,-1.01906,-1.35242,-2.35664
8013,11,1,11,2,3,2,4,3,0.964844,-0.191406,0.0947266,7.5,-6.1875,-6.9375,-1.01906,-1.35242,-2.35664
8025,-8,-11,0,5,2,-1,-4,-5,0.964844,-0.191406,0.0947266,7.5,-6.1875,-6.9375,-1.01906,-1.35242,-2.35664
8025,7,-23,-6,12,4,-1,-1,-1,0.964844,-0.191406,0.0947266,7.5,-6.1875,-6.9375,-1.01906,-1.35242,-2.35664
8033,-3,-4,-3,-2,-2,-1,1,0,0.952148,-0.12207,0.0927734,9.875,-7.25,-7.1875,-1.01782,-1.35723,-2.35425
8033,1,-14,-3,-7,-3,-2,0,0,0.952148,-0.12207,0.0927734,9.875,-7.25,-7.1875,-1.01782,-1.35723,-2.35425
8049,-6,-12,2,-4,1,-2,-1,2,0.952148,-0.12207,0.0927734,9.875,-7.25,-7.1875,-1.01782,-1.35723,-2.35425
8049,5,-15,-2,-4,-2,1,0,0,0.952148,-0.12207,0.0927734,9.875,-7.25,-7.1875,-1.01782,-1.35723,-2.35425
8050,-7,-10,0,2,-3,-1,-2,-3,0.953613,-0.126953,0.043457,7.3125,-6.4375,-3.4375,-1.02403,-1.36112,-2.34555
8050,-5,15,6,-8,-3,-3,-1,-1,0.953613,-0.126953,0.043457,7.3125,-6.4375,-3.4375,-1.02403,-1.36112,-2.34555
8071,3,-4,2,3,3,1,0,2,0.953613,-0.126953,0.043457,7.3125,-6.4375,-3.4375,-1.02403,-1.36112,-2.34555
8071,7,33,-1,15,5,0,-1,-3,0.953613,-0.126953,0.043457,7.3125,-6.4375,-3.4375,-1.02403,-1.36112,-2.34555
8073,-1,29,0,0,5,1,5,6,0.959473,-0.0898438,0.0561523,-4.875,-6.1875,-1.5,-1.03317,-1.3651,-2.33805
8073,6,48,3,0,-2,1,-3,0,0.959473,-0.0898438,0.0561523,-4.875,-6.1875,-1.5,-1.03317,-1.3651,-2.33805
8094,-27,52,-6,-8,-7,-4,-5,-7,0.959473,-0.0898438,0.0561523,-4.875,-6.1875,-1.5,-1.03317,-1.3651,-2.33805
8094,28,72,4,-11,-6,0,0,-1,0.959473,-0.0898438,0.0561523,-4.875,-6.1875,-1.5,-1.03317,-1.3651,-2.33805
8095,-22,-58,-2,-4,-4,-1,-3,-7,0.934082,-0.126465,0.0424805,-17.8125,-1.25,0.25,-1.04432,-1.36644,-2.33264
8095,14,-33,9,2,4,-1,-2,4,0.934082,-0.126465,0.0424805,-17.8125,-1.25,0.25,-1.04432,-1.36644,-2.33264
8108,21,54,-24,7,3,0,-2,-4,0.934082,-0.126465,0.0424805,-17.8125,-1.25,0.25,-1.04432,-1.36644,-2.33264
8108,-6,5,4,5,3,0,0,-9,0.934082,-0.126465,0.0424805,-17.8125,-1.25,0.25,-1.04432,-1.36644,-2.33264
8115,32,36,-3,-2,-3,-2,-3,22,0.929199,-0.172363,0.0820312,-15.1875,2,-1.125,-1.04749,-1.36664,-2.33512
8115,3,-30,0,1,0,2,-2,-25,0.929199,-0.172363,0.0820312,-15.1875,2,-1.125,-1.04749,-1.36664,-2.33512
8132,-78,-66,8,0,-2,-3,-7,-24,0.929199,-0.172363,0.0820312,-15.1875,2,-1.125,-1.04749,-1.36664,-2.33512
8132,28,-41,-3,-4,0,4,13,11,0.929199,-0.172363,0.0820312,-15.1875,2,-1.125,-1.04749,-1.36664,-2.33512
8133,-28,-48,-2,-2,-3,-3,-7,-17,0.958008,-0.183105,0.0932617,-5.25,8,0.875,-1.03986,-1.36486,-2.3449
8133,32,-56,-11,-9,-8,-9,-4,44,0.958008,-0.183105,0.0932617,-5.25,8,0.875,-1.03986,-1.36486,-2.3449
8154,51,-12,14,4,6,10,8,-11,0.958008,-0.183105,0.0932617,-5.25,8,0.875,-1.03986,-1.36486,-2.3449
8154,-15,-41,-6,4,0,-5,-21,-26,0.958008,-0.183105,0.0932617,-5.25,8,0.875,-1.03986,-1.36486,-2.3449
8156,56,5,4,0,0,1,2,29,0.999512,-0.209961,0.0517578,4.4375,13.3125,5.3125,-1.03164,-1.36109,-2.352
8156,-71,7,-4,5,1,7,11,17,0.999512,-0.209961,0.0517578,4.4375,13.3125,5.3125,-1.03164,-1.36109,-2.352
8168,-81,-5,-6,-4,-4,-7,-6,-37,0.999512,-0.209961,0.0517578,4.4375,13.3125,5.3125,-1.03164,-1.36109,-2.352
8168,45,-2,0,-11,-9,-12,-13,-18,0.999512,-0.209961,0.0517578,4.4375,13.3125,5.3125,-1.03164,-1.36109,-2.352
8183,61,4,-11,-10,-10,-7,1,3,1.13916,-0.115723,0.100586,7,19.4375,9.6875,-1.00757,-1.35703,-2.37413
8183,107,22,-2,-14,-7,-3,4,48,1.13916,-0.115723,0.100586,7,19.4375,9.6875,-1.00757,-1.35703,-2.37413
8192,4,-22,0,2,-8,-8,-14,22,1.13916,-0.115723,0.100586,7,19.4375,9.6875,-1.00757,-1.35703,-2.37413
8192,-4,-12,-17,-5,7,8,14,-3,1.13916,-0.115723,0.100586,7,19.4375,9.6875,-1.00757,-1.35703,-2.37413
8193,-48,5,4,9,9,2,15,-54,1.49609,-0.0327148,0.185547,23.25,29.75,8.1875,-0.952682,-1.35352,-2.42109
8193,110,13,39,42,12,21,46,64,1.49609,-0.0327148,0.185547,23.25,29.75,8.1875,-0.952682,-1.35352,-2.42109
8214,-61,-44,-27,-33,0,-2,6,-53,1.49609,-0.0327148,0.185547,23.25,29.75,8.1875,-0.952682,-1.35352,-2.42109
8214,-35,-8,-18,20,-14,-18,-54,-49,1.49609,-0.0327148,0.185547,23.25,29.75,8.1875,-0.952682,-1.35352,-2.42109
8216,-6,11,12,-8,-4,3,12,-11,1.70947,0.288574,-0.0595703,21.9375,56.125,10.4375,-0.871008,-1.35403,-2.49591
8216,-61,6,-29,-17,-13,8,37,-18,1.70947,0.288574,-0.0595703,21.9375,56.125,10.4375,-0.871008,-1.35403,-2.49591
8228,127,36,56,5,-1,1,-4,86,1.70947,0.288574,-0.0595703,21.9375,56.125,10.4375,-0.871008,-1.35403,-2.49591
8228,2,15,19,-22,-13,-10,-48,-45,1.70947,0.288574,-0.0595703,21.9375,56.125,10.4375,-0.871008,-1.35403,-2.49591
8236,-81,-5,-2,-20,5,-6,4,25,1.27148,-0.20166,0.244141,-79.25,85.75,28.9375,-0.826744,-1.32695,-2.56964
8236,-19,5,-18,58,31,6,-18,-72,1.27148,-0.20166,0.244141,-79.25,85.75,28.9375,-0.826744,-1.32695,-2.56964
8252,-79,-28,-15,22,-54,-30,4,-51,1.27148,-0.20166,0.244141,-79.25,85.75,28.9375,-0.826744,-1.32695,-2.56964
8252,95,20,-4,-44,18,39,25,52,1.27148,-0.20166,0.244141,-79.25,85.75,28.9375,-0.826744,-1.32695,-2.56964
8253,113,22,42,47,69,37,65,43,0.875488,-0.371582,0.565918,-97.0625,78.6875,17.875,-0.787791,-1.29359,-2.64384
8253,-128,2,-10,-32,-32,-11,-66,-47,0.875488,-0.371582,0.565918,-97.0625,78.6875,17.875,-0.787791,-1.29359,-2.64384
8274,127,50,-50,-103,-18,-1,-43,50,0.875488,-0.371582,0.565918,-97.0625,78.6875,17.875,-0.787791,-1.29359,-2.64384
8274,-46,0,86,123,91,-4,-3,81,0.875488,-0.371582,0.565918,-97.0625,78.6875,17.875,-0.787791,-1.29359,-2.64384
8276,-49,26,33,-5,-15,-39,-97,-97,0.3125,-0.645508,0.277344,-69.625,31.75,5.9375,-0.810876,-1.27126,-2.64692
8276,56,-7,-78,-87,-46,-40,29,76,0.3125,-0.645508,0.277344,-69.625,31.75,5.9375,-0.810876,-1.27126,-2.64692
8296,38,-14,-13,-2,41,65,53,14,0.3125,-0.645508,0.277344,-69.625,31.75,5.9375,-0.810876,-1.27126,-2.64692
8296,86,-2,18,20,39,38,46,127,0.3125,-0.645508,0.277344,-69.625,31.75,5.9375,-0.810876,-1.27126,-2.64692
8297,-78,-25,-77,24,9,-8,16,-65,0.95752,-0.894531,0.132324,33.6875,-9.1875,-10.8125,-0.84042,-1.26579,-2.60749
8297,-32,-21,30,-41,-64,-18,-24,-56,0.95752,-0.894531,0.132324,33.6875,-9.1875,-10.8125,-0.84042,-1.26579,-2.60749
8312,46,-12,10,-12,22,17,53,48,0.95752,-0.894531,0.132324,33.6875,-9.1875,-10.8125,-0.84042,-1.26579,-2.60749
8312,104,-16,-26,40,-9,-13,10,26,0.95752,-0.894531,0.132324,33.6875,-9.1875,-10.8125,-0.84042,-1.26579,-2.60749
8313,-84,-33,1,40,-43,1,1,-40,1.36572,-0.304199,0.389648,123.312,25.1875,44.3125,-0.808339,-1.24835,-2.59603
8313,0,8,4,-103,-114,-97,-72,-42,1.36572,-0.304199,0.389648,123.312,25.1875,44.3125,-0.808339,-1.24835,-2.59603
8334,-41,-111,-16,-32,14,-23,-12,-30,1.36572,-0.304199,0.389648,123.312,25.1875,44.3125,-0.808339,-1.24835,-2.59603
8334,42,-66,62,60,109,61,45,12,1.36572,-0.304199,0.389648,123.312,25.1875,44.3125,-0.808339,-1.24835,-2.59603
8335,4,-34,-40,-89,-65,-3,-66,-29,0.726074,0.0419922,0.27832,56.5,47.875,30.625,-0.759545,-1.2308,-2.62463
8335,51,-1,-12,13,6,110,107,74,0.726074,0.0419922,0.27832,56.5,47.875,30.625,-0.759545,-1.2308,-2.62463
8347,28,75,21,-30,-35,-67,-61,-20,0.726074,0.0419922,0.27832,56.5,47.875,30.625,-0.759545,-1.2308,-2.62463
8347,-128,57,-18,59,-33,-53,2,-88,0.726074,0.0419922,0.27832,56.5,47.875,30.625,-0.759545,-1.2308,-2.62463
8356,126,47,55,30,83,11,64,126,1.08057,0.0244141,0.165527,-28.8125,46.4375,6.8125,-0.73487,-1.22422,-2.66071
8356,-107,-2,-60,21,54,3,-73,-103,1.08057,0.0244141,0.165527,-28.8125,46.4375,6.8125,-0.73487,-1.22422,-2.66071
8372,74,73,11,127,37,35,5,47,1.08057,0.0244141,0.165527,-28.8125,46.4375,6.8125,-0.73487,-1.22422,-2.66071
8372,61,77,-80,-128,-119,-35,-10,-13,1.08057,0.0244141,0.165527,-28.8125,46.4375,6.8125,-0.73487,-1.22422,-2.66071
8373,-54,93,55,-14,-40,-8,-61,16,1.6333,-0.13623,0.200195,-3.625,47.0625,22.25,-0.72028,-1.2153,-2.67728
8373,23,66,-8,14,82,33,24,5,1.6333,-0.13623,0.200195,-3.625,47.0625,22.25,-0.72028,-1.2153,-2.67728
8386,51,17,4,-83,-101,-53,-16,1,1.6333,-0.13623,0.200195,-3.625,47.0625,22.25,-0.72028,-1.2153,-2.67728
8386,-47,-30,-121,-94,-90,-30,-32,-42,1.6333,-0.13623,0.200195,-3.625,47.0625,22.25,-0.72028,-1.2153,-2.67728
8388,75,-50,51,66,81,67,41,60,1.49365,-0.0395508,0.172363,39.875,52.9375,25.9375,-0.687613,-1.20504,-2.69665
8388,115,22,127,84,127,35,25,42,1.49365,-0.0395508,0.172363,39.875,52.9375,25.9375,-0.687613,-1.20504,-2.69665
8400,-97,-31,42,100,127,33,-27,-75,1.49365,-0.0395508,0.172363,39.875,52.9375,25.9375,-0.687613,-1.20504,-2.69665
8400,-20,5,5,-128,-119,-54,54,79,1.49365,-0.0395508,0.172363,39.875,52.9375,25.9375,-0.687613,-1.20504,-2.69665
8409,82,-7,-70,-43,-54,-24,-32,30,1.40869,-0.0366211,0.177734,22.375,55.75,16.75,-0.655175,-1.19514,-2.72221
8409,-66,-89,62,107,-37,-57,-18,-75,1.40869,-0.0366211,0.177734,22.375,55.75,16.75,-0.655175,-1.19514,-2.72221
8423,-32,-9,-74,-100,-48,25,26,-82,1.40869,-0.0366211,0.177734,22.375,55.75,16.75,-0.655175,-1.19514,-2.72221
8423,23,11,30,118,127,17,-70,-17,1.40869,-0.0366211,0.177734,22.375,55.75,16.75,-0.655175,-1.19514,-2.72221
8429,114,-35,-6,-102,-51,-1,80,68,1.29541,-0.289551,0.240723,-4,63.625,22.5625,-0.644614,-1.17664,-2.73605
8429,124,-24,-30,90,81,4,10,80,1.29541,-0.289551,0.240723,-4,63.625,22.5625,-0.644614,-1.17664,-2.73605
8447,-65,40,64,-2,-97,-96,-44,-39,1.29541,-0.289551,0.240723,-4,63.625,22.5625,-0.644614,-1.17664,-2.73605
8447,-32,54,-66,-104,103,104,27,12,1.29541,-0.289551,0.240723,-4,63.625,22.5625,-0.644614,-1.17664,-2.73605
8453,106,95,34,127,127,36,11,-6,1.11377,-0.470703,0.293945,-18.875,69.375,24.75,-0.645603,-1.15134,-2.74396
8453,33,37,11,54,-34,11,25,31,1.11377,-0.470703,0.293945,-18.875,69.375,24.75,-0.645603,-1.15134,-2.74396
8460,-40,19,67,-46,-52,-4,-11,36,1.11377,-0.470703,0.293945,-18.875,69.375,24.75,-0.645603,-1.15134,-2.74396
8460,22,28,41,-10,-117,-48,-14,-5,1.11377,-0.470703,0.293945,-18.875,69.375,24.75,-0.645603,-1.15134,-2.74396
8469,-128,-32,-94,-128,-128,-92,-38,-92,0.921387,-0.510254,0.398926,-13.5625,77.6875,27.3125,-0.641852,-1.12003,-2.7554
8469,13,-28,-27,32,93,-7,-17,8,0.921387,-0.510254,0.398926,-13.5625,77.6875,27.3125,-0.641852,-1.12003,-2.7554
8492,59,15,38,127,127,94,43,46,0.921387,-0.510254,0.398926,-13.5625,77.6875,27.3125,-0.641852,-1.12003,-2.7554
8492,-85,11,15,-61,-96,-12,39,24,0.921387,-0.510254,0.398926,-13.5625,77.6875,27.3125,-0.641852,-1.12003,-2.7554
8493,7,27,-43,-119,-71,-56,-34,-14,0.802734,-0.40625,0.473145,-8.625,88.3125,28.75,-0.627465,-1.08495,-2.77546
8493,-104,-6,-37,-92,-86,-63,-56,13,0.802734,-0.40625,0.473145,-8.625,88.3125,28.75,-0.627465,-1.08495,-2.77546
8513,66,-19,36,54,107,79,10,73,0.802734,-0.40625,0.473145,-8.625,88.3125,28.75,-0.627465,-1.08495,-2.77546
8513,48,-25,-1,127,127,49,21,7,0.802734,-0.40625,0.473145,-8.625,88.3125,28.75,-0.627465,-1.08495,-2.77546
8515,80,30,112,-3,-39,9,36,74,0.79834,-0.295898,0.415039,-14.875,93.5,27.5625,-0.612316,-1.05157,-2.79861
8515,-117,12,-96,-128,-128,-6,-19,-77,0.79834,-0.295898,0.415039,-14.875,93.5,27.5625,-0.612316,-1.05157,-2.79861
8527,127,13,-40,-32,-128,-61,4,44,0.79834,-0.295898,0.415039,-14.875,93.5,27.5625,-0.612316,-1.05157,-2.79861
8527,-42,-41,26,-128,-52,-18,5,-13,0.79834,-0.295898,0.415039,-14.875,93.5,27.5625,-0.612316,-1.05157,-2.79861
8536,29,-34,-44,87,92,24,-50,-43,0.76709,-0.226562,0.42041,-10.4375,95.9375,26.375,-0.594589,-1.01884,-2.82285
8536,44,12,44,-1,-44,-7,13,-2,0.76709,-0.226562,0.42041,-10.4375,95.9375,26.375,-0.594589,-1.01884,-2.82285
8551,36,-10,-59,-128,-58,-76,27,59,0.76709,-0.226562,0.42041,-10.4375,95.9375,26.375,-0.594589,-1.01884,-2.82285
8551,-121,-105,-64,127,22,58,-8,-90,0.76709,-0.226562,0.42041,-10.4375,95.9375,26.375,-0.594589,-1.01884,-2.82285
8553,-8,16,50,112,90,73,39,-5,0.767578,-0.258789,0.489746,-4.4375,94.4375,26.625,-0.577363,-0.985212,-2.8443
8553,61,37,114,72,29,63,53,54,0.767578,-0.258789,0.489746,-4.4375,94.4375,26.625,-0.577363,-0.985212,-2.8443
8574,-58,12,-17,-77,-92,-57,-89,-94,0.767578,-0.258789,0.489746,-4.4375,94.4375,26.625,-0.577363,-0.985212,-2.8443
8574,74,-5,-56,-120,-22,-69,-19,27,0.767578,-0.258789,0.489746,-4.4375,94.4375,26.625,-0.577363,-0.985212,-2.8443
8576,4,-39,-5,70,91,1,-33,-10,0.763672,-0.313965,0.501953,-11.5,89.75,23.9375,-0.56666,-0.9534,-2.86209
8576,-62,-31,-40,-54,-28,8,61,-26,0.763672,-0.313965,0.501953,-11.5,89.75,23.9375,-0.56666,-0.9534,-2.86209
8587,45,8,-59,-45,50,14,-3,28,0.763672,-0.313965,0.501953,-11.5,89.75,23.9375,-0.56666,-0.9534,-2.86209
8587,-33,3,79,66,65,16,-26,15,0.763672,-0.313965,0.501953,-11.5,89.75,23.9375,-0.56666,-0.9534,-2.86209
8596,-116,-33,-29,-98,-84,-28,7,-50,0.663574,-0.288574,0.479492,-1.375,83.9375,26.5625,-0.55614,-0.9225,-2.87539
8596,124,32,10,80,121,33,-8,4,0.663574,-0.288574,0.479492,-1.375,83.9375,26.5625,-0.55614,-0.9225,-2.87539
8611,22,-9,30,-22,-109,26,103,53,0.663574,-0.288574,0.479492,-1.375,83.9375,26.5625,-0.55614,-0.9225,-2.87539
8611,104,2,-47,-99,-40,-66,3,-15,0.663574,-0.288574,0.479492,-1.375,83.9375,26.5625,-0.55614,-0.9225,-2.87539
8613,-32,-31,46,113,116,43,-107,-40,0.669434,-0.321777,0.425293,3.875,81.0625,30.4375,-0.549463,-0.892989,-2.88316
8613,104,21,32,1,3,15,10,55,0.669434,-0.321777,0.425293,3.875,81.0625,30.4375,-0.549463,-0.892989,-2.88316
8634,-104,-2,-22,-49,-18,31,27,-52,0.669434,-0.321777,0.425293,3.875,81.0625,30.4375,-0.549463,-0.892989,-2.88316
8634,-17,-13,-11,-11,-106,-35,14,14,0.669434,-0.321777,0.425293,3.875,81.0625,30.4375,-0.549463,-0.892989,-2.88316
8635,59,-17,-36,-128,-128,-106,-39,8,0.606934,-0.346191,0.437988,10.9375,80.125,29.9375,-0.541535,-0.863079,-2.88997
8635,-83,-44,-35,42,95,15,-56,-21,0.606934,-0.346191,0.437988,10.9375,80.125,29.9375,-0.541535,-0.863079,-2.88997
8647,12,7,86,127,127,59,23,-10,0.606934,-0.346191,0.437988,10.9375,80.125,29.9375,-0.541535,-0.863079,-2.88997
8647,67,19,21,-82,-71,-31,110,67,0.606934,-0.346191,0.437988,10.9375,80.125,29.9375,-0.541535,-0.863079,-2.88997
8656,64,4,-68,45,78,6,-48,-4,0.586914,-0.389648,0.440918,10.375,79.0625,28.5625,-0.53566,-0.83336,-2.89527
8656,105,9,18,-128,-115,-105,-57,4,0.586914,-0.389648,0.440918,10.375,79.0625,28.5625,-0.53566,-0.83336,-2.89527
8672,-109,-35,-7,-5,-56,-11,-22,0,0.586914,-0.389648,0.440918,10.375,79.0625,28.5625,-0.53566,-0.83336,-2.89527
8672,127,14,41,33,101,61,42,39,0.586914,-0.389648,0.440918,10.375,79.0625,28.5625,-0.53566,-0.83336,-2.89527
8673,-59,24,60,60,65,86,44,-48,0.583984,-0.398926,0.469727,6.5,81.75,24.5,-0.529566,-0.803537,-2.903
8673,106,48,25,-80,-87,7,4,37,0.583984,-0.398926,0.469727,6.5,81.75,24.5,-0.529566,-0.803537,-2.903
8694,-43,-1,-40,-49,-70,-67,-11,-15,0.583984,-0.398926,0.469727,6.5,81.75,24.5,-0.529566,-0.803537,-2.903
8694,7,-20,-12,-9,35,-21,-43,-57,0.583984,-0.398926,0.469727,6.5,81.75,24.5,-0.529566,-0.803537,-2.903
8696,15,-16,-6,78,56,28,38,29,0.583496,-0.35498,0.473633,9.8125,83.5625,23.125,-0.520884,-0.774412,-2.91198
8696,-93,-20,5,-69,-28,-17,-41,-5,0.583496,-0.35498,0.473633,9.8125,83.5625,23.125,-0.520884,-0.774412,-2.91198
8708,45,-5,32,100,117,53,-48,-35,0.583496,-0.35498,0.473633,9.8125,83.5625,23.125,-0.520884,-0.774412,-2.91198
8708,6,24,41,77,36,65,-15,17,0.583496,-0.35498,0.473633,9.8125,83.5625,23.125,-0.520884,-0.774412,-2.91198
8717,84,17,-38,-112,-94,-64,71,53,0.491699,-0.385742,0.554688,11.5625,82.5625,23.375,-0.512305,-0.742974,-2.92036
8717,-101,-49,-80,-79,-63,-78,-43,-84,0.491699,-0.385742,0.554688,11.5625,82.5625,23.375,-0.512305,-0.742974,-2.92036
8732,44,-3,3,26,58,73,59,26,0.491699,-0.385742,0.554688,11.5625,82.5625,23.375,-0.512305,-0.742974,-2.92036
8732,118,44,61,-57,-70,-16,-74,-23,0.491699,-0.385742,0.554688,11.5625,82.5625,23.375,-0.512305,-0.742974,-2.92036
8738,-30,6,7,-68,-107,15,77,25,0.45459,-0.378906,0.598633,-2.0625,83.25,21.4375,-0.507522,-0.711186,-2.92966
8738,63,12,22,31,-70,36,-1,-15,0.45459,-0.378906,0.598633,-2.0625,83.25,21.4375,-0.507522,-0.711186,-2.92966
8754,107,5,14,11,90,3,23,31,0.45459,-0.378906,0.598633,-2.0625,83.25,21.4375,-0.507522,-0.711186,-2.92966
8754,-128,-60,-91,-16,-36,-59,44,-66,0.45459,-0.378906,0.598633,-2.0625,83.25,21.4375,-0.507522,-0.711186,-2.92966
8755,52,31,40,57,42,-16,-59,19,0.472656,-0.333984,0.606445,1.25,86.5625,22,-0.500505,-0.679204,-2.93991
8755,-10,-26,-71,-128,-115,-63,22,45,0.472656,-0.333984,0.606445,1.25,86.5625,22,-0.500505,-0.679204,-2.93991
8768,-40,-29,-8,127,127,77,10,-23,0.472656,-0.333984,0.606445,1.25,86.5625,22,-0.500505,-0.679204,-2.93991
8768,8,22,60,127,-64,76,52,28,0.472656,-0.333984,0.606445,1.25,86.5625,22,-0.500505,-0.679204,-2.93991
8783,-59,-2,-40,-128,-67,-66,-52,20,0.438477,-0.319824,0.641113,10.9375,86.875,20.75,-0.489846,-0.647148,-2.95047
8783,119,43,31,13,109,87,88,91,0.438477,-0.319824,0.641113,10.9375,86.875,20.75,-0.489846,-0.647148,-2.95047
8791,-70,-45,-1,74,-128,-80,-83,-69,0.438477,-0.319824,0.641113,10.9375,86.875,20.75,-0.489846,-0.647148,-2.95047
8791,75,-24,-61,-128,-128,-111,-21,12,0.438477,-0.319824,0.641113,10.9375,86.875,20.75,-0.489846,-0.647148,-2.95047
8797,-44,-45,20,86,81,10,-13,-29,0.319824,-0.291016,0.648926,4.0625,84.375,18.8125,-0.481294,-0.61432,-2.96099
8797,2,44,97,127,127,104,-29,-6,0.319824,-0.291016,0.648926,4.0625,84.375,18.8125,-0.481294,-0.61432,-2.96099
8814,70,44,-6,-25,-103,-10,49,48,0.319824,-0.291016,0.648926,4.0625,84.375,18.8125,-0.481294,-0.61432,-2.96099
8814,-125,-35,-94,-42,-54,-94,-37,-57,0.319824,-0.291016,0.648926,4.0625,84.375,18.8125,-0.481294,-0.61432,-2.96099
8815,127,-19,35,99,53,92,-39,45,0.388184,-0.363281,0.683105,4,82.9375,18.375,-0.474936,-0.583173,-2.97014
8815,-109,-3,53,106,127,35,66,-37,0.388184,-0.363281,0.683105,4,82.9375,18.375,-0.474936,-0.583173,-2.97014
8827,-15,22,24,-96,-89,-12,-37,-32,0.388184,-0.363281,0.683105,4,82.9375,18.375,-0.474936,-0.583173,-2.97014
8827,71,8,24,-28,-58,-26,18,18,0.388184,-0.363281,0.683105,4,82.9375,18.375,-0.474936,-0.583173,-2.97014
8836,20,15,77,29,61,-61,-47,-7,0.388672,-0.355469,0.708008,9.1875,81.1875,19.1875,-0.467262,-0.552863,-2.97832
8836,113,-19,-29,-58,-17,-38,11,63,0.388672,-0.355469,0.708008,9.1875,81.1875,19.1875,-0.467262,-0.552863,-2.97832
8843,-62,-12,-28,-8,122,13,-34,-60,0.388672,-0.355469,0.708008,9.1875,81.1875,19.1875,-0.467262,-0.552863,-2.97832
8843,-46,27,60,127,127,102,4,13,0.388672,-0.355469,0.708008,9.1875,81.1875,19.1875,-0.467262,-0.552863,-2.97832
8849,-7,16,-29,-128,-128,-11,63,0,0.257324,-0.348145,0.72998,8.1875,76.6875,16.9375,-0.460026,-0.521733,-2.9863
8849,30,-3,-31,-64,-128,-76,-37,-30,0.257324,-0.348145,0.72998,8.1875,76.6875,16.9375,-0.460026,-0.521733,-2.9863
8867,80,-28,-51,-95,-82,-86,-25,18,0.257324,-0.348145,0.72998,8.1875,76.6875,16.9375,-0.460026,-0.521733,-2.9863
8867,-47,-43,-10,127,127,127,-10,53,0.257324,-0.348145,0.72998,8.1875,76.6875,16.9375,-0.460026,-0.521733,-2.9863
8868,46,43,68,113,13,6,33,1,0.243164,-0.34082,0.729492,10.9375,74.625,21.3125,-0.453135,-0.491115,-2.99201
8868,8,8,-35,-74,-122,-72,-32,-15,0.243164,-0.34082,0.729492,10.9375,74.625,21.3125,-0.453135,-0.491115,-2.99201
8881,12,-38,-93,-72,-3,-18,9,5,0.243164,-0.34082,0.729492,10.9375,74.625,21.3125,-0.453135,-0.491115,-2.99201
8881,74,2,33,64,29,60,18,-3,0.243164,-0.34082,0.729492,10.9375,74.625,21.3125,-0.453135,-0.491115,-2.99201
8889,-55,-10,-9,-44,-115,-40,-25,-17,0.341797,-0.387207,0.69873,7.375,74.5,25.25,-0.450027,-0.46254,-2.99525
8889,61,12,24,-13,28,11,-12,-7,0.341797,-0.387207,0.69873,7.375,74.5,25.25,-0.450027,-0.46254,-2.99525
8903,30,8,120,66,49,21,73,65,0.341797,-0.387207,0.69873,7.375,74.5,25.25,-0.450027,-0.46254,-2.99525
8903,-10,-2,1,-12,-14,5,8,11,0.341797,-0.387207,0.69873,7.375,74.5,25.25,-0.450027,-0.46254,-2.99525
8911,-75,-23,-6,-73,23,-36,-65,-100,0.349121,-0.417969,0.677734,7.3125,70.3125,20.125,-0.447595,-0.43705,-2.99913
8911,-48,-29,-101,-113,-97,-81,-32,-56,0.349121,-0.417969,0.677734,7.3125,70.3125,20.125,-0.447595,-0.43705,-2.99913
8927,118,-2,-67,7,96,34,20,74,0.349121,-0.417969,0.677734,7.3125,70.3125,20.125,-0.447595,-0.43705,-2.99913
8927,-67,6,119,111,121,24,-26,-42,0.349121,-0.417969,0.677734,7.3125,70.3125,20.125,-0.447595,-0.43705,-2.99913
8928,72,-1,-45,-128,-86,18,36,58,0.294922,-0.330566,0.681152,13.4375,71.125,15.4375,-0.440578,-0.411463,-3.00533
8928,3,-15,-33,-18,-7,8,-22,-16,0.294922,-0.330566,0.681152,13.4375,71.125,15.4375,-0.440578,-0.411463,-3.00533
8957,-28,-3,-30,16,-70,-20,-24,6,0.294922,-0.330566,0.681152,13.4375,71.125,15.4375,-0.440578,-0.411463,-3.00533
8957,89,6,-44,-30,65,29,45,15,0.294922,-0.330566,0.681152,13.4375,71.125,15.4375,-0.440578,-0.411463,-3.00533
8958,-82,-23,-65,-66,-105,-44,-12,-13,0.282227,-0.374023,0.737305,3.125,67.5,14.5,-0.437865,-0.386681,-3.01102
8958,-70,-12,54,122,127,54,-20,-34,0.282227,-0.374023,0.737305,3.125,67.5,14.5,-0.437865,-0.386681,-3.01102
8971,-1,3,-5,47,-12,-17,16,-1,0.282227,-0.374023,0.737305,3.125,67.5,14.5,-0.437865,-0.386681,-3.01102
8971,89,-6,-75,-128,-128,-128,-69,22,0.282227,-0.374023,0.737305,3.125,67.5,14.5,-0.437865,-0.386681,-3.01102
8978,-58,-2,53,127,127,110,74,-38,0.31543,-0.376953,0.790527,4.25,62.25,13.25,-0.434575,-0.364549,-3.01618
8978,-122,34,61,-16,-83,70,77,-17,0.31543,-0.376953,0.790527,4.25,62.25,13.25,-0.434575,-0.364549,-3.01618
8995,45,34,-7,-105,-57,-14,-72,-25,0.31543,-0.376953,0.790527,4.25,62.25,13.25,-0.434575,-0.364549,-3.01618
8995,-57,8,27,-126,-128,-96,-2,-57,0.31543,-0.376953,0.790527,4.25,62.25,13.25,-0.434575,-0.364549,-3.01618
8996,7,-33,-128,-82,80,-38,-24,42,0.327148,-0.419434,0.821289,-10.1875,58.3125,6.125,-0.436543,-0.345163,-3.02299
8996,-18,-7,39,127,6,37,6,4,0.327148,-0.419434,0.821289,-10.1875,58.3125,6.125,-0.436543,-0.345163,-3.02299
9000,25,19,-22,125,127,102,46,4,0.327148,-0.419434,0.821289,-10.1875,58.3125,6.125,-0.436543,-0.345163,-3.02299
9000,-4,32,40,-46,-109,17,16,35,0.327148,-0.419434,0.821289,-10.1875,58.3125,6.125,-0.436543,-0.345163,-3.02299
9016,-19,-11,-21,-93,-50,-21,-21,-34,0.194336,-0.313965,0.797852,3.1875,50.3125,5.125,-0.432153,-0.326254,-3.0295
9016,31,-14,-28,7,74,-7,48,25,0.194336,-0.313965,0.797852,3.1875,50.3125,5.125,-0.432153,-0.326254,-3.0295
9024,-18,-17,-75,-128,-128,-82,-34,-22,0.194336,-0.313965,0.797852,3.1875,50.3125,5.125,-0.432153,-0.326254,-3.0295
9024,46,-16,1,102,107,1,-50,10,0.194336,-0.313965,0.797852,3.1875,50.3125,5.125,-0.432153,-0.326254,-3.0295
9030,31,14,6,-56,-115,-60,18,20,0.180664,-0.245117,0.791016,14.6875,43.5625,15.875,-0.423957,-0.308223,-3.0317
9030,-12,-38,-33,86,122,15,1,-2,0.180664,-0.245117,0.791016,14.6875,43.5625,15.875,-0.423957,-0.308223,-3.0317
9046,-47,19,90,64,13,88,3,-37,0.180664,-0.245117,0.791016,14.6875,43.5625,15.875,-0.423957,-0.308223,-3.0317
9046,-54,5,-33,-54,-59,-23,1,-26,0.180664,-0.245117,0.791016,14.6875,43.5625,15.875,-0.423957,-0.308223,-3.0317
9053,39,1,99,-36,-34,-25,-9,10,0.187988,-0.384277,0.882324,6.4375,41.75,11.8125,-0.420674,-0.290802,-3.03408
9053,47,2,-2,70,60,43,16,24,0.187988,-0.384277,0.882324,6.4375,41.75,11.8125,-0.420674,-0.290802,-3.03408
9085,-33,-11,-44,-128,-106,-34,24,-15,0.187988,-0.384277,0.882324,6.4375,41.75,11.8125,-0.420674,-0.290802,-3.03408
9085,76,10,23,109,53,-20,-30,-18,0.187988,-0.384277,0.882324,6.4375,41.75,11.8125,-0.420674,-0.290802,-3.03408
9087,-78,6,5,120,90,40,-16,-39,0.214844,-0.407227,0.822754,3.0625,41.3125,6.6875,-0.419475,-0.27564,-3.03772
9087,-19,-14,-39,-128,-128,-115,-25,9,0.214844,-0.407227,0.822754,3.0625,41.3125,6.6875,-0.419475,-0.27564,-3.03772
9091,29,2,84,123,127,32,-24,26,0.214844,-0.407227,0.822754,3.0625,41.3125,6.6875,-0.419475,-0.27564,-3.03772
9091,-48,2,-4,45,30,58,30,15,0.214844,-0.407227,0.822754,3.0625,41.3125,6.6875,-0.419475,-0.27564,-3.03772
9093,99,11,11,-22,-88,-35,54,60,0.202637,-0.379883,0.821777,9.375,37.0625,5.75,-0.415644,-0.262044,-3.04115
9093,9,-8,-47,1,-12,48,-44,-29,0.202637,-0.379883,0.821777,9.375,37.0625,5.75,-0.415644,-0.262044,-3.04115
9097,-11,7,5,-128,-128,-58,-5,28,0.202637,-0.379883,0.821777,9.375,37.0625,5.75,-0.415644,-0.262044,-3.04115
9097,-63,-15,-11,42,-20,-37,-69,-73,0.202637,-0.379883,0.821777,9.375,37.0625,5.75,-0.415644,-0.262044,-3.04115
9112,6,-4,-29,12,-40,28,72,25,-0.403809,-0.498535,0.608887,9,36.6875,8.625,-0.41708,-0.235279,-3.04236
9112,16,4,72,97,85,75,-38,-6,-0.403809,-0.498535,0.608887,9,36.6875,8.625,-0.41708,-0.235279,-3.04236
9120,26,20,-2,-90,-68,-75,4,29,-0.403809,-0.498535,0.608887,9,36.6875,8.625,-0.41708,-0.235279,-3.04236
9120,-70,-33,-26,-128,-48,-32,-80,-27,-0.403809,-0.498535,0.608887,9,36.6875,8.625,-0.41708,-0.235279,-3.04236
9129,10,-6,-58,116,106,13,20,-14,0.431641,-0.463867,1.20068,8.1875,31.8125,3.6875,-0.412027,-0.227735,-3.04612
9129,50,11,-1,-8,-97,-49,11,-6,0.431641,-0.463867,1.20068,8.1875,31.8125,3.6875,-0.412027,-0.227735,-3.04612
9143,13,0,46,57,122,101,78,17,0.431641,-0.463867,1.20068,8.1875,31.8125,3.6875,-0.412027,-0.227735,-3.04612
9143,34,8,28,-71,-74,-8,-25,-2,0.431641,-0.463867,1.20068,8.1875,31.8125,3.6875,-0.412027,-0.227735,-3.04612
9150,-58,-20,-20,-1,63,21,-24,-39,-0.28125,-0.453125,0.163086,3.625,34.625,-3.3125,-0.417985,-0.208845,-3.05036
9150,2,-1,-5,-106,-43,-32,13,14,-0.28125,-0.453125,0.163086,3.625,34.625,-3.3125,-0.417985,-0.208845,-3.05036
9157,-35,-11,3,93,82,-15,-26,-18,-0.28125,-0.453125,0.163086,3.625,34.625,-3.3125,-0.417985,-0.208845,-3.05036
9157,23,-1,-100,-127,-98,-1,64,28,-0.28125,-0.453125,0.163086,3.625,34.625,-3.3125,-0.417985,-0.208845,-3.05036
9172,54,0,7,43,66,71,-43,3,0.645508,-0.265625,1.57031,-0.4375,30.625,-2,-0.407431,-0.207115,-3.05732
9172,-25,24,117,75,-9,4,17,14,0.645508,-0.265625,1.57031,-0.4375,30.625,-2,-0.407431,-0.207115,-3.05732
9180,-1,-1,32,-76,51,-38,-38,-7,0.645508,-0.265625,1.57031,-0.4375,30.625,-2,-0.407431,-0.207115,-3.05732
9180,48,24,-18,38,127,72,29,26,0.645508,-0.265625,1.57031,-0.4375,30.625,-2,-0.407431,-0.207115,-3.05732
9189,0,16,49,-54,-58,-52,-12,-26,-0.198242,-0.402832,0.321777,-4.5,21.1875,-3.125,-0.414201,-0.193989,-3.06012
9189,-11,-39,-104,-128,-20,-22,1,12,-0.198242,-0.402832,0.321777,-4.5,21.1875,-3.125,-0.414201,-0.193989,-3.06012
9211,-29,11,46,127,43,31,17,2,-0.198242,-0.402832,0.321777,-4.5,21.1875,-3.125,-0.414201,-0.193989,-3.06012
9211,26,12,25,-8,-38,-11,6,6,-0.198242,-0.402832,0.321777,-4.5,21.1875,-3.125,-0.414201,-0.193989,-3.06012
9213,-43,-5,-3,-48,-29,-8,-10,0,0.339844,-0.420898,1.16064,1.0625,23,-3.75,-0.410922,-0.189662,-3.06501
9213,-36,0,3,-67,-128,-15,-2,-25,0.339844,-0.420898,1.16064,1.0625,23,-3.75,-0.410922,-0.189662,-3.06501
9218,42,-25,-128,-128,-128,-92,-14,-12,0.339844,-0.420898,1.16064,1.0625,23,-3.75,-0.410922,-0.189662,-3.06501
9218,-11,-35,21,-16,121,5,8,14,0.339844,-0.420898,1.16064,1.0625,23,-3.75,-0.410922,-0.189662,-3.06501
9240,-49,14,34,57,9,-25,-4,11,0.0478516,-0.219238,0.644531,-3.3125,26.375,-3,-0.409868,-0.179783,-3.06996
9240,-9,4,30,78,-46,-18,-25,7,0.0478516,-0.219238,0.644531,-3.3125,26.375,-3,-0.409868,-0.179783,-3.06996
9241,-32,11,8,90,31,43,-86,-39,0.0478516,-0.219238,0.644531,-3.3125,26.375,-3,-0.409868,-0.179783,-3.06996
9241,57,10,35,127,120,14,96,73,0.0478516,-0.219238,0.644531,-3.3125,26.375,-3,-0.409868,-0.179783,-3.06996
9249,-21,-5,-64,-119,-110,-62,-13,-11,-0.0283203,-0.67334,0.810547,-2.5625,23.0625,-5.8125,-0.417018,-0.168334,-3.07397
9249,-57,-2,42,83,127,28,-4,-68,-0.0283203,-0.67334,0.810547,-2.5625,23.0625,-5.8125,-0.417018,-0.168334,-3.07397
9264,58,58,127,41,-33,22,-11,30,-0.0283203,-0.67334,0.810547,-2.5625,23.0625,-5.8125,-0.417018,-0.168334,-3.07397
9264,2,1,-34,-103,-102,-16,25,15,-0.0283203,-0.67334,0.810547,-2.5625,23.0625,-5.8125,-0.417018,-0.168334,-3.07397
9270,37,-23,6,-7,-38,-17,-33,4,0.437012,-0.197266,1.09668,-14.8125,19.75,-2.8125,-0.414974,-0.168607,-3.07873
9270,95,4,-57,-127,-77,-46,-7,21,0.437012,-0.197266,1.09668,-14.8125,19.75,-2.8125,-0.414974,-0.168607,-3.07873
9278,-64,-58,-128,-117,-21,-8,18,-10,0.437012,-0.197266,1.09668,-14.8125,19.75,-2.8125,-0.414974,-0.168607,-3.07873
9278,-31,10,97,127,100,68,3,-61,0.437012,-0.197266,1.09668,-14.8125,19.75,-2.8125,-0.414974,-0.168607,-3.07873
9293,-15,10,56,-55,-54,-14,7,27,-0.145508,-0.55127,0.478516,6.3125,13.8125,6.5,-0.420424,-0.157232,-3.07745
9293,-11,-13,-58,-56,-20,-5,-15,-2,-0.145508,-0.55127,0.478516,6.3125,13.8125,6.5,-0.420424,-0.157232,-3.07745
9300,70,11,90,72,60,21,24,35,-0.145508,-0.55127,0.478516,6.3125,13.8125,6.5,-0.420424,-0.157232,-3.07745
9300,-2,-16,-111,-128,-119,-7,81,29,-0.145508,-0.55127,0.478516,6.3125,13.8125,6.5,-0.420424,-0.157232,-3.07745
9309,-14,-30,-46,127,127,3,-68,-38,0.592285,0,1.46631,-2.6875,16.5625,8.0625,-0.406742,-0.159972,-3.07941
9309,13,41,78,55,109,75,-14,17,0.592285,0,1.46631,-2.6875,16.5625,8.0625,-0.406742,-0.159972,-3.07941
9323,3,12,5,-63,-128,-127,4,17,0.592285,0,1.46631,-2.6875,16.5625,8.0625,-0.406742,-0.159972,-3.07941
9323,-47,-11,14,88,127,103,-6,-52,0.592285,0,1.46631,-2.6875,16.5625,8.0625,-0.406742,-0.159972,-3.07941
9330,-54,16,-3,-31,-114,28,-27,0,-0.356934,-0.643066,0.279785,-1.25,12.1875,-3.625,-0.418386,-0.146155,-3.08062
9330,-23,2,-23,-53,-60,-31,38,-21,-0.356934,-0.643066,0.279785,-1.25,12.1875,-3.625,-0.418386,-0.146155,-3.08062
9346,12,-15,23,127,127,18,-40,-7,-0.356934,-0.643066,0.279785,-1.25,12.1875,-3.625,-0.418386,-0.146155,-3.08062
9346,14,20,-13,6,-38,-22,-34,-13,-0.356934,-0.643066,0.279785,-1.25,12.1875,-3.625,-0.418386,-0.146155,-3.08062
9353,119,0,-45,-90,-86,-17,38,49,0.771484,-0.132812,1.73535,-3.125,10.8125,-2.125,-0.404952,-0.155741,-3.08494
9353,-61,-22,-64,-24,-75,-30,-64,-17,0.771484,-0.132812,1.73535,-3.125,10.8125,-2.125,-0.404952,-0.155741,-3.08494
9361,-22,-25,-98,-128,-68,-9,34,10,0.771484,-0.132812,1.73535,-3.125,10.8125,-2.125,-0.404952,-0.155741,-3.08494
9361,-49,-23,-38,-122,-68,-67,-67,-28,0.771484,-0.132812,1.73535,-3.125,10.8125,-2.125,-0.404952,-0.155741,-3.08494
9367,4,-1,-2,114,127,72,33,-4,-0.452148,-0.60791,0.0737305,10,4.875,6.875,-0.414473,-0.141377,-3.08145
9367,73,39,98,105,127,60,72,52,-0.452148,-0.60791,0.0737305,10,4.875,6.875,-0.414473,-0.141377,-3.08145
9383,-30,-18,-16,-103,-48,-30,10,-15,-0.452148,-0.60791,0.0737305,10,4.875,6.875,-0.414473,-0.141377,-3.08145
9383,-31,-12,-37,95,28,-8,-18,-31,-0.452148,-0.60791,0.0737305,10,4.875,6.875,-0.414473,-0.141377,-3.08145
9390,5,19,37,77,94,22,-44,18,0.670898,-0.131836,1.76367,1.125,5.25,9.875,-0.400071,-0.148642,-3.08106
9390,43,18,0,-102,-61,-23,10,27,0.670898,-0.131836,1.76367,1.125,5.25,9.875,-0.400071,-0.148642,-3.08106
9397,-12,-4,38,77,-14,10,-7,-32,0.670898,-0.131836,1.76367,1.125,5.25,9.875,-0.400071,-0.148642,-3.08106
9397,32,17,53,39,42,26,2,-6,0.670898,-0.131836,1.76367,1.125,5.25,9.875,-0.400071,-0.148642,-3.08106
9413,-107,-6,-1,-48,-17,27,10,-34,-0.423828,-0.505859,0.10498,0.6875,3.0625,-0.5,-0.4101,-0.136668,-3.08014
9413,18,-6,-35,10,-27,-58,-2,1,-0.423828,-0.505859,0.10498,0.6875,3.0625,-0.5,-0.4101,-0.136668,-3.08014
9421,-18,-3,-20,66,101,40,-3,10,-0.423828,-0.505859,0.10498,0.6875,3.0625,-0.5,-0.4101,-0.136668,-3.08014
9421,6,-22,-90,-128,-128,-83,1,33,-0.423828,-0.505859,0.10498,0.6875,3.0625,-0.5,-0.4101,-0.136668,-3.08014
9427,63,-25,22,127,127,35,53,19,0.689941,-0.268555,1.6499,5.75,3.25,1.125,-0.398068,-0.146546,-3.08165
9427,-5,24,91,90,59,57,7,26,0.689941,-0.268555,1.6499,5.75,3.25,1.125,-0.398068,-0.146546,-3.08165
9451,-44,22,23,-128,-126,-83,-29,-55,0.689941,-0.268555,1.6499,5.75,3.25,1.125,-0.398068,-0.146546,-3.08165
9451,71,-10,-5,28,98,15,-7,5,0.689941,-0.268555,1.6499,5.75,3.25,1.125,-0.398068,-0.146546,-3.08165
9452,-65,-14,-53,33,-56,21,84,-18,-0.375,-0.461914,0.20752,3.3125,-1.5,3.8125,-0.40555,-0.136279,-3.07907
9452,62,-11,-6,-52,37,-20,-72,11,-0.375,-0.461914,0.20752,3.3125,-1.5,3.8125,-0.40555,-0.136279,-3.07907
9491,-25,-2,-24,-3,-42,35,44,8,-0.375,-0.461914,0.20752,3.3125,-1.5,3.8125,-0.40555,-0.136279,-3.07907
9491,-44,17,66,27,63,-19,-56,-11,-0.375,-0.461914,0.20752,3.3125,-1.5,3.8125,-0.40555,-0.136279,-3.07907
9493,40,7,-23,44,49,10,-7,12,-0.246582,-0.390137,0.300293,2.3125,-0.1875,0.8125,-0.403544,-0.136531,-3.07767
9493,16,-23,-51,-101,-73,-94,-6,16,-0.246582,-0.390137,0.300293,2.3125,-0.1875,0.8125,-0.403544,-0.136531,-3.07767
9504,36,-4,17,111,22,74,37,7,-0.246582,-0.390137,0.300293,2.3125,-0.1875,0.8125,-0.403544,-0.136531,-3.07767
9504,-39,22,70,70,59,55,14,-37,-0.246582,-0.390137,0.300293,2.3125,-0.1875,0.8125,-0.403544,-0.136531,-3.07767
9504,32,-8,-49,-128,-128,-53,25,30,-0.246582,-0.390137,0.300293,2.3125,-0.1875,0.8125,-0.403544,-0.136531,-3.07767
9504,-8,-13,38,71,-18,-15,-31,-56,-0.246582,-0.390137,0.300293,2.3125,-0.1875,0.8125,-0.403544,-0.136531,-3.07767
9511,-1,-13,-43,-60,84,38,0,23,-0.246582,-0.390137,0.300293,2.3125,-0.1875,0.8125,-0.403544,-0.136531,-3.07767
9511,8,17,108,105,-78,12,21,15,-0.246582,-0.390137,0.300293,2.3125,-0.1875,0.8125,-0.403544,-0.136531,-3.07767
9518,24,17,-26,-62,30,9,28,-7,0.496094,-0.370605,1.41064,1.6875,2,-1.5625,-0.397732,-0.143196,-3.07924
9518,17,14,50,69,-1,28,33,59,0.496094,-0.370605,1.41064,1.6875,2,-1.5625,-0.397732,-0.143196,-3.07924
9534,10,12,8,-48,-26,-38,-19,-44,0.496094,-0.370605,1.41064,1.6875,2,-1.5625,-0.397732,-0.143196,-3.07924
9534,27,-26,-36,-62,-53,-3,-27,14,0.496094,-0.370605,1.41064,1.6875,2,-1.5625,-0.397732,-0.143196,-3.07924
9535,31,4,-4,-91,15,-32,1,-15,-0.156738,-0.308105,0.439453,0.125,-4.1875,1.4375,-0.400504,-0.138853,-3.07778
9535,-60,-26,-82,-28,-34,-2,-22,-21,-0.156738,-0.308105,0.439453,0.125,-4.1875,1.4375,-0.400504,-0.138853,-3.07778
9549,43,-4,-9,-26,50,-11,20,22,-0.156738,-0.308105,0.439453,0.125,-4.1875,1.4375,-0.400504,-0.138853,-3.07778
9549,-21,-13,-17,-90,-108,21,-53,-19,-0.156738,-0.308105,0.439453,0.125,-4.1875,1.4375,-0.400504,-0.138853,-3.07778
9556,41,19,47,51,7,-16,-11,23,0.435059,-0.404785,1.28076,5.0625,-3.1875,1.5625,-0.395856,-0.145462,-3.0773
9556,-30,-8,-4,-25,127,85,25,-26,0.435059,-0.404785,1.28076,5.0625,-3.1875,1.5625,-0.395856,-0.145462,-3.0773
9572,-36,19,47,127,116,82,34,-43,0.435059,-0.404785,1.28076,5.0625,-3.1875,1.5625,-0.395856,-0.145462,-3.0773
9572,26,23,-14,-128,-116,-126,-36,23,0.435059,-0.404785,1.28076,5.0625,-3.1875,1.5625,-0.395856,-0.145462,-3.0773
9573,-19,4,55,112,38,26,-37,-35,-0.0786133,-0.297363,0.583496,-6.6875,-3.625,-3.8125,-0.399198,-0.143001,-3.07778
9573,0,17,79,57,12,36,47,13,-0.0786133,-0.297363,0.583496,-6.6875,-3.625,-3.8125,-0.399198,-0.143001,-3.07778
9594,-31,-19,-86,-118,-128,-87,-9,20,-0.0786133,-0.297363,0.583496,-6.6875,-3.625,-3.8125,-0.399198,-0.143001,-3.07778
9594,36,-10,-75,-5,127,13,-14,-12,-0.0786133,-0.297363,0.583496,-6.6875,-3.625,-3.8125,-0.399198,-0.143001,-3.07778
9595,-75,-20,-20,36,-14,18,-34,-23,0.335938,-0.427246,1.1167,5.875,-0.875,-6.8125,-0.396011,-0.148,-3.08002
9595,24,15,40,11,36,3,33,30,0.335938,-0.427246,1.1167,5.875,-0.875,-6.8125,-0.396011,-0.148,-3.08002
9616,-10,-19,-36,-58,-74,-3,-60,-38,0.335938,-0.427246,1.1167,5.875,-0.875,-6.8125,-0.396011,-0.148,-3.08002
9616,23,-4,19,112,24,1,27,4,0.335938,-0.427246,1.1167,5.875,-0.875,-6.8125,-0.396011,-0.148,-3.08002
9618,-26,-4,-48,-128,-112,-43,2,-5,0.512695,-0.213867,0.941895,3.625,-8.375,-1.25,-0.390822,-0.159697,-3.07997
9618,12,-20,-83,-85,-79,-45,-19,3,0.512695,-0.213867,0.941895,3.625,-8.375,-1.25,-0.390822,-0.159697,-3.07997
9632,26,10,103,82,86,51,19,25,0.512695,-0.213867,0.941895,3.625,-8.375,-1.25,-0.390822,-0.159697,-3.07997
9632,15,3,-40,83,48,-37,-17,-8,0.512695,-0.213867,0.941895,3.625,-8.375,-1.25,-0.390822,-0.159697,-3.07997
9633,12,26,127,127,41,42,42,24,0.146973,-0.422852,0.95752,-8.125,2,-1.125,-0.394083,-0.158627,-3.08052
9633,-35,-6,-94,-110,-76,12,-22,-11,0.146973,-0.422852,0.95752,-8.125,2,-1.125,-0.394083,-0.158627,-3.08052
9654,-3,1,39,100,85,7,-22,-26,0.146973,-0.422852,0.95752,-8.125,2,-1.125,-0.394083,-0.158627,-3.08052
9654,-35,9,54,-69,-37,2,76,-40,0.146973,-0.422852,0.95752,-8.125,2,-1.125,-0.394083,-0.158627,-3.08052
9656,-4,-30,-60,74,75,-19,-33,-19,0.0922852,-0.354492,0.881348,-5.75,-0.375,-5.4375,-0.39542,-0.158084,-3.08228
9656,87,4,-7,34,60,-1,71,31,0.0922852,-0.354492,0.881348,-5.75,-0.375,-5.4375,-0.39542,-0.158084,-3.08228
9668,-40,4,-35,-102,-112,-44,-56,2,0.0922852,-0.354492,0.881348,-5.75,-0.375,-5.4375,-0.39542,-0.158084,-3.08228
9668,-25,6,30,127,94,29,-16,-18,0.0922852,-0.354492,0.881348,-5.75,-0.375,-5.4375,-0.39542,-0.158084,-3.08228
9676,15,2,39,-127,-65,-4,3,11,0.173828,-0.348145,0.86377,-3.4375,-2.5625,-4.5625,-0.396142,-0.160047,-3.08343
9676,-50,-41,-75,89,71,-7,30,-18,0.173828,-0.348145,0.86377,-3.4375,-2.5625,-4.5625,-0.396142,-0.160047,-3.08343
9699,12,-13,-24,-66,22,-9,-27,12,0.173828,-0.348145,0.86377,-3.4375,-2.5625,-4.5625,-0.396142,-0.160047,-3.08343
9699,58,-4,72,-25,-83,19,7,22,0.173828,-0.348145,0.86377,-3.4375,-2.5625,-4.5625,-0.396142,-0.160047,-3.08343
9701,-36,-7,17,-75,46,-5,20,-17,0.15625,-0.321289,0.881348,-0.875,-3.5,-0.5625,-0.395479,-0.16142,-3.08334
9701,-108,14,94,127,83,25,-45,10,0.15625,-0.321289,0.881348,-0.875,-3.5,-0.5625,-0.395479,-0.16142,-3.08334
9714,64,20,-43,42,-14,17,23,12,0.15625,-0.321289,0.881348,-0.875,-3.5,-0.5625,-0.395479,-0.16142,-3.08334
9714,-23,-15,-19,-71,-128,-76,-27,4,0.15625,-0.321289,0.881348,-0.875,-3.5,-0.5625,-0.395479,-0.16142,-3.08334
9716,49,-7,-27,-117,-35,-60,-31,14,0.137207,-0.358398,0.879883,-7.125,-1.875,-1.75,-0.397572,-0.161713,-3.08372
9716,35,4,127,78,64,79,-8,-10,0.137207,-0.358398,0.879883,-7.125,-1.875,-1.75,-0.397572,-0.161713,-3.08372
9728,10,13,-40,42,5,31,56,1,0.137207,-0.358398,0.879883,-7.125,-1.875,-1.75,-0.397572,-0.161713,-3.08372
9728,-40,-9,-29,-101,-50,-28,-12,-29,0.137207,-0.358398,0.879883,-7.125,-1.875,-1.75,-0.397572,-0.161713,-3.08372
9737,-34,-13,51,121,73,-4,2,-10,0.09375,-0.362793,0.88623,-5.75,-1.6875,-4.8125,-0.399074,-0.161455,-3.08502
9737,63,-6,-26,-96,-103,-10,14,-4,0.09375,-0.362793,0.88623,-5.75,-1.6875,-4.8125,-0.399074,-0.161455,-3.08502
9752,-28,-5,91,87,79,-29,-30,-18,0.09375,-0.362793,0.88623,-5.75,-1.6875,-4.8125,-0.399074,-0.161455,-3.08502
9752,19,27,82,127,60,81,62,28,0.09375,-0.362793,0.88623,-5.75,-1.6875,-4.8125,-0.399074,-0.161455,-3.08502
9753,12,19,-4,-119,-128,-38,-29,21,-0.106934,-0.47168,1.05518,-8.6875,6.375,-8.3125,-0.402052,-0.153494,-3.08852
9753,-12,-15,-91,-36,26,-35,-28,-46,-0.106934,-0.47168,1.05518,-8.6875,6.375,-8.3125,-0.402052,-0.153494,-3.08852
9774,-12,1,39,69,109,31,23,8,-0.106934,-0.47168,1.05518,-8.6875,6.375,-8.3125,-0.402052,-0.153494,-3.08852
9774,11,-5,-16,18,-45,0,1,21,-0.106934,-0.47168,1.05518,-8.6875,6.375,-8.3125,-0.402052,-0.153494,-3.08852
9775,42,0,-21,-40,-38,-25,21,19,0.227051,-0.484863,1.30566,-10.3125,-0.9375,2,-0.404121,-0.153877,-3.08803
9775,-19,-10,17,85,92,33,-46,-31,0.227051,-0.484863,1.30566,-10.3125,-0.9375,2,-0.404121,-0.153877,-3.08803
9797,-70,-19,-14,-128,-128,-74,-6,11,0.227051,-0.484863,1.30566,-10.3125,-0.9375,2,-0.404121,-0.153877,-3.08803
9797,-93,-7,-63,100,11,-6,-24,-34,0.227051,-0.484863,1.30566,-10.3125,-0.9375,2,-0.404121,-0.153877,-3.08803
9798,65,10,-34,-9,3,56,51,8,-0.337891,-0.366211,0.401367,-2.6875,-3.25,2.9375,-0.40951,-0.1445,-3.08592
9798,40,3,-51,-59,57,-19,-22,9,-0.337891,-0.366211,0.401367,-2.6875,-3.25,2.9375,-0.40951,-0.1445,-3.08592
9811,39,-3,20,-31,1,-28,28,24,-0.337891,-0.366211,0.401367,-2.6875,-3.25,2.9375,-0.40951,-0.1445,-3.08592
9811,15,-4,3,-47,75,3,33,15,-0.337891,-0.366211,0.401367,-2.6875,-3.25,2.9375,-0.40951,-0.1445,-3.08592
9813,-27,5,71,127,85,124,-48,-27,0.279297,-0.472168,1.23486,-5.625,-0.6875,-1.4375,-0.409947,-0.146989,-3.08649
9813,-32,19,-89,-128,-103,-71,25,4,0.279297,-0.472168,1.23486,-5.625,-0.6875,-1.4375,-0.409947,-0.146989,-3.08649
9834,-12,-11,1,-22,-42,-7,-24,-3,0.279297,-0.472168,1.23486,-5.625,-0.6875,-1.4375,-0.409947,-0.146989,-3.08649
9834,72,6,-7,16,54,-30,20,31,0.279297,-0.472168,1.23486,-5.625,-0.6875,-1.4375,-0.409947,-0.146989,-3.08649
9836,65,-8,-52,10,-27,-1,-25,-21,0.621094,-0.14502,1.13477,-0.75,-1.75,-4.8125,-0.402263,-0.159093,-3.08898
9836,-61,-7,87,94,127,50,2,-41,0.621094,-0.14502,1.13477,-0.75,-1.75,-4.8125,-0.402263,-0.159093,-3.08898
9848,22,4,-41,-71,-76,-28,-9,23,0.621094,-0.14502,1.13477,-0.75,-1.75,-4.8125,-0.402263,-0.159093,-3.08898
9848,-14,-14,-11,-18,29,32,0,6,0.621094,-0.14502,1.13477,-0.75,-1.75,-4.8125,-0.402263,-0.159093,-3.08898
9856,-12,0,-4,53,56,13,25,-9,-0.350098,-0.37207,0.382812,0.0625,-2.375,1.125,-0.406953,-0.149493,-3.08757
9856,-22,-10,-4,-55,-128,-107,-82,14,-0.350098,-0.37207,0.382812,0.0625,-2.375,1.125,-0.406953,-0.149493,-3.08757
9880,31,-14,-26,33,87,34,-2,20,-0.350098,-0.37207,0.382812,0.0625,-2.375,1.125,-0.406953,-0.149493,-3.08757
9880,-62,27,40,32,106,25,-1,-26,-0.350098,-0.37207,0.382812,0.0625,-2.375,1.125,-0.406953,-0.149493,-3.08757
9881,38,20,32,-47,-17,-53,-37,19,-0.141602,-0.560547,0.901855,-5.4375,-1.375,4.8125,-0.412943,-0.142067,-3.08528
9881,42,1,-30,31,31,5,49,-23,-0.141602,-0.560547,0.901855,-5.4375,-1.375,4.8125,-0.412943,-0.142067,-3.08528
9894,-47,-32,-76,62,91,62,-53,9,-0.141602,-0.560547,0.901855,-5.4375,-1.375,4.8125,-0.412943,-0.142067,-3.08528
9894,0,29,68,90,-7,-1,7,25,-0.141602,-0.560547,0.901855,-5.4375,-1.375,4.8125,-0.412943,-0.142067,-3.08528
9895,24,4,24,10,-50,16,26,13,0.73291,-0.283691,1.4248,-0.5625,0.3125,-2.0625,-0.405353,-0.154799,-3.08711
9895,22,-10,-62,-128,-70,-56,-6,8,0.73291,-0.283691,1.4248,-0.5625,0.3125,-2.0625,-0.405353,-0.154799,-3.08711
9908,18,-13,-33,86,-85,-26,-3,12,0.73291,-0.283691,1.4248,-0.5625,0.3125,-2.0625,-0.405353,-0.154799,-3.08711
9908,-10,3,38,70,39,40,-35,-29,0.73291,-0.283691,1.4248,-0.5625,0.3125,-2.0625,-0.405353,-0.154799,-3.08711
9916,-33,13,66,37,-5,11,40,8,0.210449,-0.196777,0.666504,3.25,-1.875,-2.4375,-0.402172,-0.158126,-3.08793
9916,77,-9,-53,-72,-117,-45,-17,1,0.210449,-0.196777,0.666504,3.25,-1.875,-2.4375,-0.402172,-0.158126,-3.08793
9932,-68,-7,41,4,88,31,12,-32,0.210449,-0.196777,0.666504,3.25,-1.875,-2.4375,-0.402172,-0.158126,-3.08793
9932,55,-1,-33,-83,-23,38,27,33,0.210449,-0.196777,0.666504,3.25,-1.875,-2.4375,-0.402172,-0.158126,-3.08793
9933,14,-10,-43,-76,-99,-81,-5,-4,-0.419434,-0.53125,0.415039,-4.375,-2.75,5.4375,-0.411938,-0.146203,-3.08462
9933,-86,-17,104,127,127,67,-65,-41,-0.419434,-0.53125,0.415039,-4.375,-2.75,5.4375,-0.411938,-0.146203,-3.08462
9955,-37,40,40,17,6,-2,37,-30,-0.419434,-0.53125,0.415039,-4.375,-2.75,5.4375,-0.411938,-0.146203,-3.08462
9955,27,-18,-101,-122,-123,-100,-10,23,-0.419434,-0.53125,0.415039,-4.375,-2.75,5.4375,-0.411938,-0.146203,-3.08462
9956,23,-13,-79,-20,127,14,-15,13,0.265625,-0.495117,1.22803,-4.5,-1,3.125,-0.412716,-0.147737,-3.08362
9956,-24,1,94,90,38,48,34,6,0.265625,-0.495117,1.22803,-4.5,-1,3.125,-0.412716,-0.147737,-3.08362
9968,-19,6,6,103,21,-35,8,-16,0.265625,-0.495117,1.22803,-4.5,-1,3.125,-0.412716,-0.147737,-3.08362
9968,-32,-25,-7,-54,0,8,-50,-15,0.265625,-0.495117,1.22803,-4.5,-1,3.125,-0.412716,-0.147737,-3.08362
9983,-41,20,45,-22,-4,27,25,-6,0.709961,-0.174316,1.24463,2.5,1.5625,-2,-0.403456,-0.160037,-3.08568
9983,46,15,31,-57,-71,-20,29,28,0.709961,-0.174316,1.24463,2.5,1.5625,-2,-0.403456,-0.160037,-3.08568
9991,-11,-9,-39,2,9,49,13,8,0.709961,-0.174316,1.24463,2.5,1.5625,-2,-0.403456,-0.160037,-3.08568
9991,26,21,54,30,56,-18,-20,-24,0.709961,-0.174316,1.24463,2.5,1.5625,-2,-0.403456,-0.160037,-3.08568
9993,17,-16,20,-8,-74,-31,-29,10,-0.186523,-0.29541,0.46875,0,-1.75,0.1875,-0.405612,-0.154018,-3.08512
9993,-6,-5,-81,5,71,22,16,-3,-0.186523,-0.29541,0.46875,0,-1.75,0.1875,-0.405612,-0.154018,-3.08512
10014,60,6,28,-1,-80,-37,10,19,-0.186523,-0.29541,0.46875,0,-1.75,0.1875,-0.405612,-0.154018,-3.08512
10014,60,-27,-66,-97,-86,-6,-15,37,-0.186523,-0.29541,0.46875,0,-1.75,0.1875,-0.405612,-0.154018,-3.08512
10015,-114,-32,-17,48,110,50,8,-57,-0.308594,-0.575684,0.645996,-1.9375,-1.125,4.5625,-0.413106,-0.143487,-3.08248
10015,-26,32,-19,-72,-118,-88,-39,0,-0.308594,-0.575684,0.645996,-1.9375,-1.125,4.5625,-0.413106,-0.143487,-3.08248
10037,24,-4,8,73,111,32,6,2,-0.308594,-0.575684,0.645996,-1.9375,-1.125,4.5625,-0.413106,-0.143487,-3.08248
10037,27,10,78,-10,70,-24,51,-8,-0.308594,-0.575684,0.645996,-1.9375,-1.125,4.5625,-0.413106,-0.143487,-3.08248
10038,32,14,49,73,-8,58,10,10,0.678711,-0.35791,1.25781,-0.0625,0.3125,2.0625,-0.408863,-0.154684,-3.08246
10038,-8,-22,-108,-15,62,54,37,23,0.678711,-0.35791,1.25781,-0.0625,0.3125,2.0625,-0.408863,-0.154684,-3.08246
10051,29,14,-40,-128,-99,-68,-28,11,0.678711,-0.35791,1.25781,-0.0625,0.3125,2.0625,-0.408863,-0.154684,-3.08246
10051,3,-15,83,7,0,-6,-5,-25,0.678711,-0.35791,1.25781,-0.0625,0.3125,2.0625,-0.408863,-0.154684,-3.08246
10053,14,6,88,79,98,34,9,16,0.0424805,-0.337891,0.847168,5.875,1.625,-7.25,-0.405799,-0.15276,-3.08511
10053,55,29,40,-5,14,50,49,30,0.0424805,-0.337891,0.847168,5.875,1.625,-7.25,-0.405799,-0.15276,-3.08511
10073,-54,4,29,-96,-74,-17,-22,-35,0.0424805,-0.337891,0.847168,5.875,1.625,-7.25,-0.405799,-0.15276,-3.08511
10073,-3,-18,-110,-128,-119,-44,-3,0,0.0424805,-0.337891,0.847168,5.875,1.625,-7.25,-0.405799,-0.15276,-3.08511
10082,22,-16,-39,20,-11,-47,-13,-7,0.181641,-0.362305,0.889648,0.3125,-2.25,2.5,-0.405444,-0.153921,-3.08403
10082,-24,-8,33,-46,70,-12,-1,8,0.181641,-0.362305,0.889648,0.3125,-2.25,2.5,-0.405444,-0.153921,-3.08403
10096,51,4,127,96,-11,23,6,1,0.181641,-0.362305,0.889648,0.3125,-2.25,2.5,-0.405444,-0.153921,-3.08403
10096,-39,16,-60,-23,-51,-15,-16,12,0.181641,-0.362305,0.889648,0.3125,-2.25,2.5,-0.405444,-0.153921,-3.08403
10098,-52,-8,-61,-71,69,44,17,5,0.123535,-0.378906,0.882812,-2.8125,-0.8125,4.25,-0.406527,-0.153001,-3.08264
10098,-33,8,-5,-66,-96,-23,-27,-45,0.123535,-0.378906,0.882812,-2.8125,-0.8125,4.25,-0.406527,-0.153001,-3.08264
10127,37,-9,-39,53,61,30,51,12,0.123535,-0.378906,0.882812,-2.8125,-0.8125,4.25,-0.406527,-0.153001,-3.08264
10127,-9,10,-14,-56,-86,-55,-38,-14,0.123535,-0.378906,0.882812,-2.8125,-0.8125,4.25,-0.406527,-0.153001,-3.08264
10127,6,-21,-5,106,81,68,38,39,0.135742,-0.378418,0.859375,0.9375,1.875,0.5,-0.406349,-0.152109,-3.08258
10127,10,1,-13,89,18,31,-16,-11,0.135742,-0.378418,0.859375,0.9375,1.875,0.5,-0.406349,-0.152109,-3.08258
10133,12,8,-37,-128,-86,-23,-13,6,0.135742,-0.378418,0.859375,0.9375,1.875,0.5,-0.406349,-0.152109,-3.08258
10133,38,10,-46,127,37,35,-5,13,0.135742,-0.378418,0.859375,0.9375,1.875,0.5,-0.406349,-0.152109,-3.08258
10142,-42,1,-11,-38,-93,-61,8,-6,0.19043,-0.342285,0.869141,-0.0625,-0.25,-2.0625,-0.40562,-0.153652,-3.08332
10142,31,-18,89,-71,-86,-31,-19,-22,0.19043,-0.342285,0.869141,-0.0625,-0.25,-2.0625,-0.40562,-0.153652,-3.08332
10157,-45,-18,31,-38,-63,-14,-10,-1,0.19043,-0.342285,0.869141,-0.0625,-0.25,-2.0625,-0.40562,-0.153652,-3.08332
10157,-22,-12,-68,-23,59,30,-4,2,0.19043,-0.342285,0.869141,-0.0625,-0.25,-2.0625,-0.40562,-0.153652,-3.08332
10158,29,4,-10,-41,-73,-17,-45,4,0.207031,-0.369141,0.874023,-2.5,-1,0.1875,-0.40634,-0.155362,-3.08316
10158,46,19,23,127,57,22,43,8,0.207031,-0.369141,0.874023,-2.5,-1,0.1875,-0.40634,-0.155362,-3.08316
10179,-45,6,-21,-77,11,-72,5,10,0.207031,-0.369141,0.874023,-2.5,-1,0.1875,-0.40634,-0.155362,-3.08316
10179,-8,-4,0,4,0,73,-18,-18,0.207031,-0.369141,0.874023,-2.5,-1,0.1875,-0.40634,-0.155362,-3.08316
10180,57,1,13,-128,35,-26,43,30,0.0922852,-0.353027,0.887695,-1.625,-0.3125,1.1875,-0.406304,-0.153922,-3.08284
10180,-37,-8,-41,125,106,47,-22,-37,0.0922852,-0.353027,0.887695,-1.625,-0.3125,1.1875,-0.406304,-0.153922,-3.08284
10193,45,22,1,113,-34,2,-11,16,0.0922852,-0.353027,0.887695,-1.625,-0.3125,1.1875,-0.406304,-0.153922,-3.08284
10193,-13,7,7,4,9,25,60,16,0.0922852,-0.353027,0.887695,-1.625,-0.3125,1.1875,-0.406304,-0.153922,-3.08284
10202,30,24,39,26,33,-11,-16,-9,0.0395508,-0.385254,0.836426,2.5625,-2.375,-0.75,-0.405981,-0.152269,-3.0827
10202,34,-6,6,-127,-128,-34,29,34,0.0395508,-0.385254,0.836426,2.5625,-2.375,-0.75,-0.405981,-0.152269,-3.0827
10217,-8,-21,-32,-116,-5,-8,-19,-27,0.0395508,-0.385254,0.836426,2.5625,-2.375,-0.75,-0.405981,-0.152269,-3.0827
10217,-112,-36,38,39,74,-23,-46,-37,0.0395508,-0.385254,0.836426,2.5625,-2.375,-0.75,-0.405981,-0.152269,-3.0827
10218,41,2,-6,-116,-128,-40,17,34,0.13916,-0.360352,1.00049,0.75,2.6875,-1.875,-0.403962,-0.151153,-3.08385
10218,2,-11,-5,105,127,43,5,-10,0.13916,-0.360352,1.00049,0.75,2.6875,-1.875,-0.403962,-0.151153,-3.08385
10239,-12,18,17,109,75,78,-23,-2,0.13916,-0.360352,1.00049,0.75,2.6875,-1.875,-0.403962,-0.151153,-3.08385
10239,38,27,77,-82,-85,-32,10,2,0.13916,-0.360352,1.00049,0.75,2.6875,-1.875,-0.403962,-0.151153,-3.08385
10240,-34,-4,-30,-113,-128,-114,-42,-27,0.154785,-0.471191,1.13379,-9.125,5.3125,0.125,-0.40666,-0.148653,-3.08465
10240,17,-21,-75,77,78,71,72,35,0.154785,-0.471191,1.13379,-9.125,5.3125,0.125,-0.40666,-0.148653,-3.08465
10253,36,10,83,80,89,69,15,-5,0.154785,-0.471191,1.13379,-9.125,5.3125,0.125,-0.40666,-0.148653,-3.08465
10253,23,10,-26,-46,-43,-18,10,-2,0.154785,-0.471191,1.13379,-9.125,5.3125,0.125,-0.40666,-0.148653,-3.08465
10269,32,3,32,-66,-68,-51,-5,8,-0.102051,-0.466309,0.950195,-5.8125,2.0625,-5.1875,-0.409643,-0.142603,-3.08644
10269,-47,-23,-75,-92,-128,-101,-42,-20,-0.102051,-0.466309,0.950195,-5.8125,2.0625,-5.1875,-0.409643,-0.142603,-3.08644
10276,45,-3,35,104,127,55,-41,21,-0.102051,-0.466309,0.950195,-5.8125,2.0625,-5.1875,-0.409643,-0.142603,-3.08644
10276,-6,-2,61,126,47,47,49,-3,-0.102051,-0.466309,0.950195,-5.8125,2.0625,-5.1875,-0.409643,-0.142603,-3.08644
10278,0,28,4,39,26,33,12,-5,-0.0996094,-0.335938,0.59375,10.25,-6,-2.875,-0.407796,-0.14008,-3.08622
10278,0,14,-1,-20,20,1,16,19,-0.0996094,-0.335938,0.59375,10.25,-6,-2.875,-0.407796,-0.14008,-3.08622
10299,-42,-19,-34,-128,-128,-79,-4,13,-0.0996094,-0.335938,0.59375,10.25,-6,-2.875,-0.407796,-0.14008,-3.08622
10299,3,-30,-115,-16,17,-44,-26,-2,-0.0996094,-0.335938,0.59375,10.25,-6,-2.875,-0.407796,-0.14008,-3.08622
10301,-11,3,61,127,107,66,2,-6,0.277344,-0.235352,0.638184,4.0625,-10.5625,3.5625,-0.405791,-0.147232,-3.08376
10301,25,21,93,78,83,64,78,39,0.277344,-0.235352,0.638184,4.0625,-10.5625,3.5625,-0.405791,-0.147232,-3.08376
10312,17,21,55,-27,-17,21,-69,-66,0.277344,-0.235352,0.638184,4.0625,-10.5625,3.5625,-0.405791,-0.147232,-3.08376
10312,18,0,5,-120,-92,-89,23,45,0.277344,-0.235352,0.638184,4.0625,-10.5625,3.5625,-0.405791,-0.147232,-3.08376
10330,-82,-33,-15,121,107,-63,-88,-57,0.451172,-0.401855,1.10693,-12.6875,-0.125,4.125,-0.408661,-0.153344,-3.08263
10330,22,10,44,45,22,86,22,25,0.451172,-0.401855,1.10693,-12.6875,-0.125,4.125,-0.408661,-0.153344,-3.08263
10337,48,-3,-18,-87,-28,-23,78,7,0.451172,-0.401855,1.10693,-12.6875,-0.125,4.125,-0.408661,-0.153344,-3.08263
10337,-38,-6,49,-13,-30,5,-15,28,0.451172,-0.401855,1.10693,-12.6875,-0.125,4.125,-0.408661,-0.153344,-3.08263
10338,59,9,-18,-27,64,30,17,-8,0.0161133,-0.45752,1.11768,-12.125,5.8125,-3.125,-0.411895,-0.147931,-3.08451
10338,-6,-6,-40,53,17,-55,-55,-34,0.0161133,-0.45752,1.11768,-12.125,5.8125,-3.125,-0.411895,-0.147931,-3.08451
10359,-38,-7,21,-95,-113,-77,9,22,0.0161133,-0.45752,1.11768,-12.125,5.8125,-3.125,-0.411895,-0.147931,-3.08451
10359,1,20,90,127,127,127,25,8,0.0161133,-0.45752,1.11768,-12.125,5.8125,-3.125,-0.411895,-0.147931,-3.08451
10360,31,32,-57,-84,-107,14,9,23,-0.15918,-0.365234,0.678223,5.25,-4.1875,-3.0625,-0.41154,-0.143089,-3.08468
10360,-75,-16,23,-78,-128,-41,-40,-23,-0.15918,-0.365234,0.678223,5.25,-4.1875,-3.0625,-0.41154,-0.143089,-3.08468
10382,1,-18,-77,-5,9,-25,4,-26,-0.15918,-0.365234,0.678223,5.25,-4.1875,-3.0625,-0.41154,-0.143089,-3.08468
10382,-28,-2,44,-40,-4,-37,-26,-26,-0.15918,-0.365234,0.678223,5.25,-4.1875,-3.0625,-0.41154,-0.143089,-3.08468
10383,-1,-8,44,127,124,80,7,7,0.32373,-0.242188,0.695312,2.3125,-9.3125,4.625,-0.409839,-0.150597,-3.08212
10383,46,10,-32,-103,-52,-66,-13,-5,0.32373,-0.242188,0.695312,2.3125,-9.3125,4.625,-0.409839,-0.150597,-3.08212
10404,-25,-8,58,-86,-43,62,14,28,0.32373,-0.242188,0.695312,2.3125,-9.3125,4.625,-0.409839,-0.150597,-3.08212
10404,-10,-5,34,89,-26,-34,11,-13,0.32373,-0.242188,0.695312,2.3125,-9.3125,4.625,-0.409839,-0.150597,-3.08212
10405,11,-4,-66,-50,7,28,36,10,0.354004,-0.418945,1.28076,-10.875,4.9375,5.125,-0.410558,-0.15187,-3.08167
10405,38,5,-9,27,-54,-35,-49,12,0.354004,-0.418945,1.28076,-10.875,4.9375,5.125,-0.410558,-0.15187,-3.08167
10419,-56,-6,-6,37,109,-35,-79,-43,0.354004,-0.418945,1.28076,-10.875,4.9375,5.125,-0.410558,-0.15187,-3.08167
10419,15,23,36,61,-19,34,-11,-6,0.354004,-0.418945,1.28076,-10.875,4.9375,5.125,-0.410558,-0.15187,-3.08167
10421,-15,0,-31,-69,-41,-18,10,4,-0.263672,-0.410645,0.706543,4.25,-0.3125,-5.4375,-0.411055,-0.143497,-3.083
10421,75,-17,-20,-83,-83,-23,0,5,-0.263672,-0.410645,0.706543,4.25,-0.3125,-5.4375,-0.411055,-0.143497,-3.083
10441,-80,-36,-35,46,28,-14,-31,-36,0.569824,-0.262207,0.960938,4,-3.625,6.0625,-0.406579,-0.154049,-3.08104
10441,34,-2,-5,52,116,70,4,4,0.569824,-0.262207,0.960938,4,-3.625,6.0625,-0.406579,-0.154049,-3.08104
10442,45,27,67,76,42,-15,-3,29,0.569824,-0.262207,0.960938,4,-3.625,6.0625,-0.406579,-0.154049,-3.08104
10442,-47,4,-10,-92,-51,-14,20,-21,0.569824,-0.262207,0.960938,4,-3.625,6.0625,-0.406579,-0.154049,-3.08104
10488,62,-2,-33,11,-60,-39,1,5,-0.337402,-0.481445,0.703613,3.5,1.875,-3,-0.409137,-0.142759,-3.08169
10488,-17,-31,-81,-102,-51,-8,-4,-4,-0.337402,-0.481445,0.703613,3.5,1.875,-3,-0.409137,-0.142759,-3.08169
10491,-36,-25,-45,-42,15,21,-3,-25,0.597656,-0.373047,1.26074,-5.875,1.0625,9.875,-0.407706,-0.150791,-3.07925
10491,-40,-2,49,92,96,20,6,18,0.597656,-0.373047,1.26074,-5.875,1.0625,9.875,-0.407706,-0.150791,-3.07925
10495,86,44,77,-26,-68,49,40,35,0.597656,-0.373047,1.26074,-5.875,1.0625,9.875,-0.407706,-0.150791,-3.07925
10495,-61,-3,-8,74,-2,-37,11,-24,0.597656,-0.373047,1.26074,-5.875,1.0625,9.875,-0.407706,-0.150791,-3.07925
10496,36,0,-15,-65,43,-10,-68,8,0.597656,-0.373047,1.26074,-5.875,1.0625,9.875,-0.407706,-0.150791,-3.07925
10496,9,-3,7,-50,-53,55,34,11,0.597656,-0.373047,1.26074,-5.875,1.0625,9.875,-0.407706,-0.150791,-3.07925
10497,35,8,29,88,124,9,53,12,0.104004,-0.3125,0.465332,9.875,-5.625,-3.0625,-0.406727,-0.153511,-3.07902
10497,-27,8,12,82,49,59,32,-8,0.104004,-0.3125,0.465332,9.875,-5.625,-3.0625,-0.406727,-0.153511,-3.07902
10500,-33,5,66,-68,-128,-50,-16,-28,0.104004,-0.3125,0.465332,9.875,-5.625,-3.0625,-0.406727,-0.153511,-3.07902
10500,-17,-18,-106,-128,-112,-55,-16,-9,0.104004,-0.3125,0.465332,9.875,-5.625,-3.0625,-0.406727,-0.153511,-3.07902
10508,63,6,33,-101,-110,-32,-3,39,-0.343262,-0.440918,0.659668,4.875,8,-2.375,-0.408258,-0.140262,-3.08041
10508,-22,-45,-71,-21,-9,-29,11,-16,-0.343262,-0.440918,0.659668,4.875,8,-2.375,-0.408258,-0.140262,-3.08041
10515,-50,-32,17,120,79,0,-30,-26,-0.343262,-0.440918,0.659668,4.875,8,-2.375,-0.408258,-0.140262,-3.08041
10515,-27,16,27,101,96,36,-1,1,-0.343262,-0.440918,0.659668,4.875,8,-2.375,-0.408258,-0.140262,-3.08041
10531,65,20,-21,-58,-1,8,38,26,0.097168,-0.507324,1.22363,-9.625,7.4375,4.5625,-0.411035,-0.135125,-3.08002
10531,27,8,101,-22,6,-11,-27,5,0.097168,-0.507324,1.22363,-9.625,7.4375,4.5625,-0.411035,-0.135125,-3.08002
10532,-84,-18,-53,-128,-116,-12,59,-22,0.097168,-0.507324,1.22363,-9.625,7.4375,4.5625,-0.411035,-0.135125,-3.08002
10532,83,3,74,126,127,7,-21,-16,0.097168,-0.507324,1.22363,-9.625,7.4375,4.5625,-0.411035,-0.135125,-3.08002
10546,-43,-3,-48,-15,-68,30,-28,-10,0.42627,-0.443848,1.35059,-9.5,3.75,5.1875,-0.411132,-0.138864,-3.07935
10546,12,13,30,14,59,3,2,-6,0.42627,-0.443848,1.35059,-9.5,3.75,5.1875,-0.411132,-0.138864,-3.07935
10552,25,8,-33,-62,-90,-78,-18,18,0.42627,-0.443848,1.35059,-9.5,3.75,5.1875,-0.411132,-0.138864,-3.07935
10552,-20,-18,-40,14,93,30,24,-17,0.42627,-0.443848,1.35059,-9.5,3.75,5.1875,-0.411132,-0.138864,-3.07935
10568,-36,-28,-107,-93,-84,-33,-18,-32,0.524902,-0.432129,1.37695,-4.6875,1.25,2.0625,-0.408961,-0.145895,-3.07929
10568,34,1,53,68,88,31,-5,19,0.524902,-0.432129,1.37695,-4.6875,1.25,2.0625,-0.408961,-0.145895,-3.07929
10575,20,15,-5,15,16,41,-8,-7,0.524902,-0.432129,1.37695,-4.6875,1.25,2.0625,-0.408961,-0.145895,-3.07929
10575,-1,14,43,34,-14,-29,-15,6,0.524902,-0.432129,1.37695,-4.6875,1.25,2.0625,-0.408961,-0.145895,-3.07929
10591,-11,-10,-87,-48,-35,0,3,-8,0.167969,-0.493652,1.23096,-6.75,1,4.0625,-0.410593,-0.144423,-3.07835
10591,32,4,-12,-16,-28,-4,-25,-4,0.167969,-0.493652,1.23096,-6.75,1,4.0625,-0.410593,-0.144423,-3.07835
10592,21,10,70,98,66,32,22,14,0.167969,-0.493652,1.23096,-6.75,1,4.0625,-0.410593,-0.144423,-3.07835
10592,-44,5,16,-19,-68,3,-43,-2,0.167969,-0.493652,1.23096,-6.75,1,4.0625,-0.410593,-0.144423,-3.07835
10607,8,-11,13,-5,-8,-45,26,28,-0.429199,-0.535645,0.632812,-6.8125,-0.875,6.4375,-0.418953,-0.130886,-3.07535
10607,-31,-29,-97,-10,24,-72,-4,-11,-0.429199,-0.535645,0.632812,-6.8125,-0.875,6.4375,-0.418953,-0.130886,-3.07535
10612,39,2,31,61,32,87,35,3,-0.429199,-0.535645,0.632812,-6.8125,-0.875,6.4375,-0.418953,-0.130886,-3.07535
10612,-53,-2,87,-96,-101,-82,-96,17,-0.429199,-0.535645,0.632812,-6.8125,-0.875,6.4375,-0.418953,-0.130886,-3.07535
10628,-15,-15,-11,127,127,103,61,-12,0.0292969,-0.266113,0.521973,0.5,-3.125,0.375,-0.41962,-0.130594,-3.07461
10628,42,57,54,-47,-114,22,-15,10,0.0292969,-0.266113,0.521973,0.5,-3.125,0.375,-0.41962,-0.130594,-3.07461
10635,7,0,-64,-82,-104,-78,-42,-25,0.0292969,-0.266113,0.521973,0.5,-3.125,0.375,-0.41962,-0.130594,-3.07461
10635,-12,-14,-70,-48,34,-6,6,-14,0.0292969,-0.266113,0.521973,0.5,-3.125,0.375,-0.41962,-0.130594,-3.07461
10650,33,0,-7,79,106,34,-7,-16,0.735352,-0.272461,1.36279,-0.5,-1.5625,-2.1875,-0.412154,-0.144697,-3.07617
10650,-12,-19,-40,-128,-76,-17,-30,-4,0.735352,-0.272461,1.36279,-0.5,-1.5625,-2.1875,-0.412154,-0.144697,-3.07617
10651,11,-32,-11,37,-43,-12,27,13,0.735352,-0.272461,1.36279,-0.5,-1.5625,-2.1875,-0.412154,-0.144697,-3.07617
10651,29,0,40,-128,-128,-28,6,16,0.735352,-0.272461,1.36279,-0.5,-1.5625,-2.1875,-0.412154,-0.144697,-3.07617
10666,-50,-22,-89,104,110,41,17,-12,-0.458496,-0.458496,0.490723,1.25,-1.4375,0.0625,-0.417258,-0.132018,-3.07523
10666,-35,7,43,57,-44,1,-21,-9,-0.458496,-0.458496,0.490723,1.25,-1.4375,0.0625,-0.417258,-0.132018,-3.07523
10673,22,25,51,-19,29,15,15,30,-0.458496,-0.458496,0.490723,1.25,-1.4375,0.0625,-0.417258,-0.132018,-3.07523
10673,0,-7,-78,-75,-35,-30,0,-29,-0.458496,-0.458496,0.490723,1.25,-1.4375,0.0625,-0.417258,-0.132018,-3.07523
10688,4,-4,25,-91,-104,-107,18,6,0.73877,-0.288086,1.27979,-3.4375,-4.875,-1.1875,-0.412185,-0.147124,-3.07578
10688,-29,-20,-17,-58,47,108,-3,-22,0.73877,-0.288086,1.27979,-3.4375,-4.875,-1.1875,-0.412185,-0.147124,-3.07578
10695,-2,25,20,75,64,6,15,5,0.73877,-0.288086,1.27979,-3.4375,-4.875,-1.1875,-0.412185,-0.147124,-3.07578
10695,48,15,21,-22,-34,2,26,15,0.73877,-0.288086,1.27979,-3.4375,-4.875,-1.1875,-0.412185,-0.147124,-3.07578
10711,-72,-14,-33,-69,-82,-87,-49,13,-0.492676,-0.444336,0.400391,1.25,0.0625,1.0625,-0.417738,-0.13336,-3.07452
10711,31,-2,26,23,39,15,31,-33,-0.492676,-0.444336,0.400391,1.25,0.0625,1.0625,-0.417738,-0.13336,-3.07452
10711,-33,14,55,60,36,44,43,10,-0.492676,-0.444336,0.400391,1.25,0.0625,1.0625,-0.417738,-0.13336,-3.07452
10711,84,3,-12,15,28,0,9,40,-0.492676,-0.444336,0.400391,1.25,0.0625,1.0625,-0.417738,-0.13336,-3.07452
10726,-50,15,72,99,62,29,-42,-43,0.584473,-0.383301,1.37158,0.0625,-4,-1.25,-0.412712,-0.144214,-3.07509
10726,36,13,30,28,46,2,25,32,0.584473,-0.383301,1.37158,0.0625,-4,-1.25,-0.412712,-0.144214,-3.07509
10732,2,-10,62,-40,-41,-30,-58,-15,0.584473,-0.383301,1.37158,0.0625,-4,-1.25,-0.412712,-0.144214,-3.07509
10732,41,3,-22,-13,-9,-16,77,29,0.584473,-0.383301,1.37158,0.0625,-4,-1.25,-0.412712,-0.144214,-3.07509
10756,-11,-7,-71,36,-41,-34,-40,-18,0.31543,-0.197754,0.777344,0.4375,-6.6875,-0.125,-0.409594,-0.15107,-3.07466
10756,10,-11,33,-16,80,15,-57,3,0.31543,-0.197754,0.777344,0.4375,-6.6875,-0.125,-0.409594,-0.15107,-3.07466
10757,-22,-2,-52,114,39,-10,21,0,0.31543,-0.197754,0.777344,0.4375,-6.6875,-0.125,-0.409594,-0.15107,-3.07466
10757,-43,-21,-48,-97,-13,25,-52,-44,0.31543,-0.197754,0.777344,0.4375,-6.6875,-0.125,-0.409594,-0.15107,-3.07466
10771,-8,-2,37,62,100,20,39,12,-0.446289,-0.506836,0.356934,-4.125,-3.4375,1.5,-0.418942,-0.139427,-3.07251
10771,38,45,14,30,11,13,23,19,-0.446289,-0.506836,0.356934,-4.125,-3.4375,1.5,-0.418942,-0.139427,-3.07251
10772,5,-11,-55,-128,-128,-69,-10,-22,-0.446289,-0.506836,0.356934,-4.125,-3.4375,1.5,-0.418942,-0.139427,-3.07251
10772,-57,-13,34,127,121,53,-14,29,-0.446289,-0.506836,0.356934,-4.125,-3.4375,1.5,-0.418942,-0.139427,-3.07251
10786,42,31,113,35,68,45,18,-5,0.0986328,-0.563477,0.996094,-3.125,-1.6875,-2.0625,-0.422521,-0.138752,-3.07262
10786,-70,-7,4,-102,-99,-74,-27,-43,0.0986328,-0.563477,0.996094,-3.125,-1.6875,-2.0625,-0.422521,-0.138752,-3.07262
10793,-8,-17,-43,-93,2,21,24,1,0.0986328,-0.563477,0.996094,-3.125,-1.6875,-2.0625,-0.422521,-0.138752,-3.07262
10793,-16,-8,-45,-27,-33,-26,-27,-22,0.0986328,-0.563477,0.996094,-3.125,-1.6875,-2.0625,-0.422521,-0.138752,-3.07262
10816,73,7,15,36,-39,-23,-27,7,0.674805,-0.304688,1.44043,0,-3.5625,-0.9375,-0.414958,-0.151222,-3.07344
10816,-27,-1,25,65,53,34,32,20,0.674805,-0.304688,1.44043,0,-3.5625,-0.9375,-0.414958,-0.151222,-3.07344
10816,33,11,37,-26,-18,37,-25,1,0.674805,-0.304688,1.44043,0,-3.5625,-0.9375,-0.414958,-0.151222,-3.07344
10816,-50,-8,-26,21,18,-18,-2,-36,0.674805,-0.304688,1.44043,0,-3.5625,-0.9375,-0.414958,-0.151222,-3.07344
10831,-10,2,-10,-128,-100,-41,9,11,0.753418,-0.250488,1.35791,-4.6875,-3.75,0.5,-0.40887,-0.165342,-3.07398
10831,66,-27,-112,-128,-128,-57,-4,9,0.753418,-0.250488,1.35791,-4.6875,-3.75,0.5,-0.40887,-0.165342,-3.07398
10832,-40,-22,-30,76,95,-6,-76,6,0.753418,-0.250488,1.35791,-4.6875,-3.75,0.5,-0.40887,-0.165342,-3.07398
10832,16,35,111,104,107,115,67,1,0.753418,-0.250488,1.35791,-4.6875,-3.75,0.5,-0.40887,-0.165342,-3.07398
10847,1,16,-75,-112,-60,-23,-21,15,0.526855,-0.180664,1.10156,-1.5625,-2.5,-0.875,-0.402723,-0.174415,-3.07502
10847,6,-28,-57,74,98,-6,-75,-4,0.526855,-0.180664,1.10156,-1.5625,-2.5,-0.875,-0.402723,-0.174415,-3.07502
10852,-13,12,39,106,50,81,87,17,0.526855,-0.180664,1.10156,-1.5625,-2.5,-0.875,-0.402723,-0.174415,-3.07502
10852,33,22,114,41,54,-12,-2,-8,0.526855,-0.180664,1.10156,-1.5625,-2.5,-0.875,-0.402723,-0.174415,-3.07502
10868,-29,-18,-17,-84,-5,-6,-22,3,0.423828,-0.142578,0.957031,-0.875,-6.25,-1.5,-0.397212,-0.18266,-3.07574
10868,5,6,16,-101,-57,-26,3,-9,0.423828,-0.142578,0.957031,-0.875,-6.25,-1.5,-0.397212,-0.18266,-3.07574
10875,45,-9,-20,59,-35,-22,-27,4,0.423828,-0.142578,0.957031,-0.875,-6.25,-1.5,-0.397212,-0.18266,-3.07574
10875,-51,-3,47,17,-62,-9,-1,-20,0.423828,-0.142578,0.957031,-0.875,-6.25,-1.5,-0.397212,-0.18266,-3.07574
10891,35,7,46,40,21,32,38,39,0.48584,-0.157227,0.993652,-0.8125,-5.0625,0.1875,-0.39175,-0.191421,-3.07601
10891,16,-7,-25,-72,-40,-44,0,9,0.48584,-0.157227,0.993652,-0.8125,-5.0625,0.1875,-0.39175,-0.191421,-3.07601
10892,-32,-9,45,-128,-38,18,-25,-11,0.48584,-0.157227,0.993652,-0.8125,-5.0625,0.1875,-0.39175,-0.191421,-3.07601
10892,-19,-13,-20,66,-11,-18,-18,-9,0.48584,-0.157227,0.993652,-0.8125,-5.0625,0.1875,-0.39175,-0.191421,-3.07601
10906,23,2,25,64,75,-7,13,4,0.52832,-0.170898,1.17822,-4.8125,-2.3125,2.1875,-0.386349,-0.198963,-3.07644
10906,-49,14,35,97,56,85,44,0,0.52832,-0.170898,1.17822,-4.8125,-2.3125,2.1875,-0.386349,-0.198963,-3.07644
10913,40,24,58,11,-92,-62,-89,-26,0.52832,-0.170898,1.17822,-4.8125,-2.3125,2.1875,-0.386349,-0.198963,-3.07644
10913,-64,-2,26,-31,-62,-27,-22,8,0.52832,-0.170898,1.17822,-4.8125,-2.3125,2.1875,-0.386349,-0.198963,-3.07644
10936,17,-13,-47,-28,-9,35,-16,0,0.730957,-0.202637,1.46387,-1.3125,0.1875,-1.4375,-0.377764,-0.209524,-3.07879
10936,30,3,-5,-15,75,-28,29,-4,0.730957,-0.202637,1.46387,-1.3125,0.1875,-1.4375,-0.377764,-0.209524,-3.07879
10937,-3,4,-20,-28,18,19,20,-3,0.730957,-0.202637,1.46387,-1.3125,0.1875,-1.4375,-0.377764,-0.209524,-3.07879
10937,20,22,66,12,-44,13,11,12,0.730957,-0.202637,1.46387,-1.3125,0.1875,-1.4375,-0.377764,-0.209524,-3.07879
10959,-53,-7,29,50,-4,-21,-21,-36,0.641602,-0.29541,1.45312,2.875,-1.0625,-0.9375,-0.370279,-0.217772,-3.08031
10959,-31,-29,-94,-71,-128,-20,38,-9,0.641602,-0.29541,1.45312,2.875,-1.0625,-0.9375,-0.370279,-0.217772,-3.08031
10959,26,-29,-57,-58,70,-24,-6,13,0.641602,-0.29541,1.45312,2.875,-1.0625,-0.9375,-0.370279,-0.217772,-3.08031
10959,-35,-10,28,88,83,-17,-41,-25,0.641602,-0.29541,1.45312,2.875,-1.0625,-0.9375,-0.370279,-0.217772,-3.08031
10982,-1,21,44,-74,-11,54,18,-2,0.0522461,-0.566406,0.865723,1.4375,-3.3125,0.0625,-0.375182,-0.214793,-3.07869
10982,-16,20,33,33,60,40,51,11,0.0522461,-0.566406,0.865723,1.4375,-3.3125,0.0625,-0.375182,-0.214793,-3.07869
10982,-22,0,52,-96,-123,-87,-14,-14,0.0522461,-0.566406,0.865723,1.4375,-3.3125,0.0625,-0.375182,-0.214793,-3.07869
10982,17,-43,-90,-128,-38,-61,-1,31,0.0522461,-0.566406,0.865723,1.4375,-3.3125,0.0625,-0.375182,-0.214793,-3.07869
10996,9,-7,2,103,100,98,9,-1,-0.416016,-0.581543,0.235352,-0.625,-3.375,0.0625,-0.386666,-0.203871,-3.07593
10996,0,23,43,-42,-54,-45,-21,9,-0.416016,-0.581543,0.235352,-0.625,-3.375,0.0625,-0.386666,-0.203871,-3.07593
10996,16,-2,-75,54,-99,-20,64,8,-0.416016,-0.581543,0.235352,-0.625,-3.375,0.0625,-0.386666,-0.203871,-3.07593
10996,60,21,-36,76,102,-3,25,20,-0.416016,-0.581543,0.235352,-0.625,-3.375,0.0625,-0.386666,-0.203871,-3.07593
11018,-61,-4,-19,-98,-57,3,-60,-32,0.20166,-0.203613,0.825684,-2.5625,-1.625,-0.1875,-0.384548,-0.204968,-3.07631
11018,-5,-8,46,111,-74,-37,-5,36,0.20166,-0.203613,0.825684,-2.5625,-1.625,-0.1875,-0.384548,-0.204968,-3.07631
11019,-121,0,94,39,127,30,-14,-52,0.20166,-0.203613,0.825684,-2.5625,-1.625,-0.1875,-0.384548,-0.204968,-3.07631
11019,52,-6,-126,-7,4,42,16,-4,0.20166,-0.203613,0.825684,-2.5625,-1.625,-0.1875,-0.384548,-0.204968,-3.07631
11042,43,2,-42,-16,27,-35,9,3,0.722168,-0.203613,1.58057,3.6875,-3.6875,0.375,-0.373455,-0.215515,-3.07775
11042,2,9,-8,-104,-45,-2,-7,0,0.722168,-0.203613,1.58057,3.6875,-3.6875,0.375,-0.373455,-0.215515,-3.07775
11042,-17,-34,-6,6,35,-35,-27,-10,0.722168,-0.203613,1.58057,3.6875,-3.6875,0.375,-0.373455,-0.215515,-3.07775
11042,-17,16,-9,108,99,47,31,-6,0.722168,-0.203613,1.58057,3.6875,-3.6875,0.375,-0.373455,-0.215515,-3.07775
11056,-43,4,38,8,-59,11,43,17,-0.24707,-0.635254,0.40918,4.8125,-5.125,1.625,-0.382935,-0.20798,-3.07427
11056,7,-17,-50,-70,48,-17,-74,-19,-0.24707,-0.635254,0.40918,4.8125,-5.125,1.625,-0.382935,-0.20798,-3.07427
11063,45,-5,-15,31,22,-35,6,6,-0.24707,-0.635254,0.40918,4.8125,-5.125,1.625,-0.382935,-0.20798,-3.07427
11063,5,13,127,62,108,87,66,-18,-0.24707,-0.635254,0.40918,4.8125,-5.125,1.625,-0.382935,-0.20798,-3.07427
11079,6,27,-13,-16,-38,-44,8,23,0.167969,-0.233887,0.799805,-7.4375,-4.4375,-0.25,-0.383504,-0.209211,-3.07421
11079,10,-20,-62,-69,-76,-47,-5,9,0.167969,-0.233887,0.799805,-7.4375,-4.4375,-0.25,-0.383504,-0.209211,-3.07421
11079,-26,-12,0,88,114,89,23,-34,0.167969,-0.233887,0.799805,-7.4375,-4.4375,-0.25,-0.383504,-0.209211,-3.07421
11079,47,34,35,-29,-10,45,57,32,0.167969,-0.233887,0.799805,-7.4375,-4.4375,-0.25,-0.383504,-0.209211,-3.07421
11102,40,14,127,-53,-72,-68,6,-1,0.551758,-0.414551,1.33398,-0.125,-0.6875,-1.75,-0.380605,-0.215703,-3.07526
11102,-75,-13,27,-42,34,24,45,-10,0.551758,-0.414551,1.33398,-0.125,-0.6875,-1.75,-0.380605,-0.215703,-3.07526
11102,7,18,-16,44,2,-4,-41,7,0.551758,-0.414551,1.33398,-0.125,-0.6875,-1.75,-0.380605,-0.215703,-3.07526
11102,-3,-40,-70,-109,-128,-70,-31,4,0.551758,-0.414551,1.33398,-0.125,-0.6875,-1.75,-0.380605,-0.215703,-3.07526
11117,1,0,-33,4,53,27,-4,-33,-0.322754,-0.475098,0.202637,1.0625,-3.75,0.1875,-0.389325,-0.207368,-3.07282
11117,-13,-10,-63,-19,-28,-13,8,-17,-0.322754,-0.475098,0.202637,1.0625,-3.75,0.1875,-0.389325,-0.207368,-3.07282
11118,35,-13,-9,-110,-87,-48,1,26,-0.322754,-0.475098,0.202637,1.0625,-3.75,0.1875,-0.389325,-0.207368,-3.07282
11118,-54,-33,-17,109,109,66,-28,-36,-0.322754,-0.475098,0.202637,1.0625,-3.75,0.1875,-0.389325,-0.207368,-3.07282
11139,5,6,-13,-10,-59,-15,6,46,0.706543,-0.199707,1.67822,-0.5,-2.1875,3.0625,-0.378562,-0.216206,-3.07378
11139,37,11,14,45,-57,-45,-33,-12,0.706543,-0.199707,1.67822,-0.5,-2.1875,3.0625,-0.378562,-0.216206,-3.07378
11139,-9,-2,-81,-72,54,81,85,10,0.706543,-0.199707,1.67822,-0.5,-2.1875,3.0625,-0.378562,-0.216206,-3.07378
11139,12,-2,-55,-90,14,-15,-35,-25,0.706543,-0.199707,1.67822,-0.5,-2.1875,3.0625,-0.378562,-0.216206,-3.07378
11162,54,-4,85,114,66,-69,-73,-3,-0.361816,-0.530762,0.074707,1.0625,-0.875,-2.0625,-0.389497,-0.206944,-3.07199
11162,-10,13,34,73,35,118,24,-10,-0.361816,-0.530762,0.074707,1.0625,-0.875,-2.0625,-0.389497,-0.206944,-3.07199
11162,-1,21,112,45,51,-23,52,33,-0.361816,-0.530762,0.074707,1.0625,-0.875,-2.0625,-0.389497,-0.206944,-3.07199
11162,1,4,-78,-128,-86,-51,-80,8,-0.361816,-0.530762,0.074707,1.0625,-0.875,-2.0625,-0.389497,-0.206944,-3.07199
11176,11,-2,41,52,27,45,39,-17,0.729004,-0.222656,1.72412,-1.6875,0.0625,-2.3125,-0.378906,-0.215941,-3.07504
11176,55,4,15,127,79,-26,-27,29,0.729004,-0.222656,1.72412,-1.6875,0.0625,-2.3125,-0.378906,-0.215941,-3.07504
11176,-34,-14,-114,-73,-88,-17,-18,3,0.729004,-0.222656,1.72412,-1.6875,0.0625,-2.3125,-0.378906,-0.215941,-3.07504
11176,-49,-3,69,54,70,3,18,-45,0.729004,-0.222656,1.72412,-1.6875,0.0625,-2.3125,-0.378906,-0.215941,-3.07504
11198,15,-5,-54,-84,25,5,-9,1,-0.396973,-0.545898,0.0595703,4.0625,-2.875,1.8125,-0.389629,-0.205986,-3.07155
11198,35,16,27,-27,19,17,-5,17,-0.396973,-0.545898,0.0595703,4.0625,-2.875,1.8125,-0.389629,-0.205986,-3.07155
11206,14,-4,-5,-90,-117,-5,43,19,-0.396973,-0.545898,0.0595703,4.0625,-2.875,1.8125,-0.389629,-0.205986,-3.07155
11206,-45,5,106,127,39,-38,-60,-26,-0.396973,-0.545898,0.0595703,4.0625,-2.875,1.8125,-0.389629,-0.205986,-3.07155
11220,-1,-17,-118,-122,-60,4,-27,-9,0.719727,-0.179199,1.69922,-1.375,-1.9375,4,-0.378514,-0.214971,-3.07252
11220,16,6,18,27,40,2,-8,-14,0.719727,-0.179199,1.69922,-1.375,-1.9375,4,-0.378514,-0.214971,-3.07252
11221,1,0,-17,80,-62,-42,1,6,0.719727,-0.179199,1.69922,-1.375,-1.9375,4,-0.378514,-0.214971,-3.07252
11221,55,5,43,54,48,20,31,32,0.719727,-0.179199,1.69922,-1.375,-1.9375,4,-0.378514,-0.214971,-3.07252
11238,-33,-2,66,0,-34,93,-21,-1,-0.351074,-0.53125,0.108398,-0.375,-2.125,-2.125,-0.389764,-0.206163,-3.07051
11238,-60,-3,19,-29,11,-23,17,-33,-0.351074,-0.53125,0.108398,-0.375,-2.125,-2.125,-0.389764,-0.206163,-3.07051
11239,33,10,-30,50,-92,-13,-112,-34,-0.351074,-0.53125,0.108398,-0.375,-2.125,-2.125,-0.389764,-0.206163,-3.07051
11239,30,30,18,-127,-22,-4,65,31,-0.351074,-0.53125,0.108398,-0.375,-2.125,-2.125,-0.389764,-0.206163,-3.07051
11259,-43,-20,-20,-6,-20,-10,-10,0,0.743164,-0.262207,1.67627,-5.1875,-0.75,-1.8125,-0.381633,-0.21592,-3.07311
11259,-14,11,-34,82,0,9,-10,-2,0.743164,-0.262207,1.67627,-5.1875,-0.75,-1.8125,-0.381633,-0.21592,-3.07311
11259,17,-6,-65,-52,-5,9,-14,13,0.743164,-0.262207,1.67627,-5.1875,-0.75,-1.8125,-0.381633,-0.21592,-3.07311
11259,-75,-28,-91,-37,-104,-72,-11,-27,0.743164,-0.262207,1.67627,-5.1875,-0.75,-1.8125,-0.381633,-0.21592,-3.07311
11281,49,0,40,-55,-36,12,41,19,-0.346191,-0.493164,0.141113,-0.75,-2.125,0.5625,-0.391918,-0.206757,-3.07053
11281,13,-8,-83,55,85,43,-7,7,-0.346191,-0.493164,0.141113,-0.75,-2.125,0.5625,-0.391918,-0.206757,-3.07053
11282,-18,19,46,-8,7,11,26,5,-0.346191,-0.493164,0.141113,-0.75,-2.125,0.5625,-0.391918,-0.206757,-3.07053
11282,37,-14,-56,-30,-94,-60,-30,16,-0.346191,-0.493164,0.141113,-0.75,-2.125,0.5625,-0.391918,-0.206757,-3.07053
11296,-10,-8,43,113,121,24,51,-5,0.645996,-0.230469,1.59521,-1.9375,-1.375,4.4375,-0.383161,-0.214106,-3.07092
11296,16,-8,18,-94,-67,-41,-10,17,0.645996,-0.230469,1.59521,-1.9375,-1.375,4.4375,-0.383161,-0.214106,-3.07092
11297,23,21,17,127,114,109,28,11,0.645996,-0.230469,1.59521,-1.9375,-1.375,4.4375,-0.383161,-0.214106,-3.07092
11297,39,16,8,-94,-72,-43,-75,2,0.645996,-0.230469,1.59521,-1.9375,-1.375,4.4375,-0.383161,-0.214106,-3.07092
11326,-78,-27,-83,-48,-122,-40,-35,-30,-0.283203,-0.450684,0.20166,-4,-2.3125,-0.5625,-0.392925,-0.206457,-3.06909
11326,-19,-19,30,-116,-113,-17,53,-15,-0.283203,-0.450684,0.20166,-4,-2.3125,-0.5625,-0.392925,-0.206457,-3.06909
11327,30,-10,8,73,127,-1,11,-2,-0.283203,-0.450684,0.20166,-4,-2.3125,-0.5625,-0.392925,-0.206457,-3.06909
11327,-31,22,76,-9,-19,33,-5,6,-0.283203,-0.450684,0.20166,-4,-2.3125,-0.5625,-0.392925,-0.206457,-3.06909
11341,46,9,-37,-20,55,18,55,3,0.657715,-0.317871,1.60547,-3.0625,0,-2.625,-0.385832,-0.214306,-3.07156
11341,8,-4,-78,110,58,38,-16,5,0.657715,-0.317871,1.60547,-3.0625,0,-2.625,-0.385832,-0.214306,-3.07156
11341,11,18,71,-128,-128,-77,-40,20,0.657715,-0.317871,1.60547,-3.0625,0,-2.625,-0.385832,-0.214306,-3.07156
11341,-62,-8,84,53,27,9,24,-36,0.657715,-0.317871,1.60547,-3.0625,0,-2.625,-0.385832,-0.214306,-3.07156
11355,53,3,-2,-36,-38,-21,-14,14,-0.288574,-0.424805,0.256836,1.25,-5.3125,1.8125,-0.393011,-0.207018,-3.06873
11355,-54,-27,-67,-128,-100,-54,9,-33,-0.288574,-0.424805,0.256836,1.25,-5.3125,1.8125,-0.393011,-0.207018,-3.06873
11363,-15,-48,-2,78,30,20,30,-12,-0.288574,-0.424805,0.256836,1.25,-5.3125,1.8125,-0.393011,-0.207018,-3.06873
11363,52,13,69,109,71,44,-54,36,-0.288574,-0.424805,0.256836,1.25,-5.3125,1.8125,-0.393011,-0.207018,-3.06873
11379,-37,30,74,127,36,36,-17,-20,0.565918,-0.368652,1.21387,-5.125,-5,6.8125,-0.392189,-0.214731,-3.06649
11379,38,27,108,5,38,-7,22,-2,0.565918,-0.368652,1.21387,-5.125,-5,6.8125,-0.392189,-0.214731,-3.06649
11379,-11,8,-2,-111,-123,-58,-36,-6,0.565918,-0.368652,1.21387,-5.125,-5,6.8125,-0.392189,-0.214731,-3.06649
11379,1,-22,-14,-128,-126,-15,33,36,0.565918,-0.368652,1.21387,-5.125,-5,6.8125,-0.392189,-0.214731,-3.06649
11401,20,-18,-7,-31,79,57,12,-49,0.279297,-0.369629,0.950684,-1.625,2.5,-1.0625,-0.392018,-0.215386,-3.06726
11401,-4,2,52,104,86,-7,-40,-12,0.279297,-0.369629,0.950684,-1.625,2.5,-1.0625,-0.392018,-0.215386,-3.06726
11402,-24,5,8,-107,-66,-10,8,4,0.279297,-0.369629,0.950684,-1.625,2.5,-1.0625,-0.392018,-0.215386,-3.06726
11402,-5,1,-16,53,27,-14,-37,-9,0.279297,-0.369629,0.950684,-1.625,2.5,-1.0625,-0.392018,-0.215386,-3.06726
11415,22,3,45,30,-85,-39,30,27,0.158203,-0.394531,0.87207,2.0625,-0.875,-0.9375,-0.392108,-0.214644,-3.06728
11415,11,4,62,20,98,57,11,22,0.158203,-0.394531,0.87207,2.0625,-0.875,-0.9375,-0.392108,-0.214644,-3.06728
11423,39,15,-8,-25,89,33,-19,-28,0.158203,-0.394531,0.87207,2.0625,-0.875,-0.9375,-0.392108,-0.214644,-3.06728
11423,-61,-5,-74,-111,-104,-69,7,15,0.158203,-0.394531,0.87207,2.0625,-0.875,-0.9375,-0.392108,-0.214644,-3.06728
11447,-12,-6,-6,61,98,-10,-19,-9,0.140137,-0.383789,0.852539,0.3125,-5.6875,2,-0.392899,-0.214565,-3.06569
11447,59,24,101,90,61,62,9,25,0.140137,-0.383789,0.852539,0.3125,-5.6875,2,-0.392899,-0.214565,-3.06569
11447,-73,-9,-81,-62,-49,-24,5,-14,0.140137,-0.383789,0.852539,0.3125,-5.6875,2,-0.392899,-0.214565,-3.06569
11447,9,-17,-5,-63,-85,-39,-17,-16,0.140137,-0.383789,0.852539,0.3125,-5.6875,2,-0.392899,-0.214565,-3.06569
11460,-2,-7,4,79,66,-7,9,4,0.214844,-0.378418,0.856934,0.75,-5.625,5.3125,-0.393672,-0.215931,-3.06308
11460,12,-1,-12,-6,-61,34,-20,25,0.214844,-0.378418,0.856934,0.75,-5.625,5.3125,-0.393672,-0.215931,-3.06308
11462,49,-4,-46,-35,-27,-19,-22,-5,0.214844,-0.378418,0.856934,0.75,-5.625,5.3125,-0.393672,-0.215931,-3.06308
11462,-26,4,-12,-50,-53,-25,14,-15,0.214844,-0.378418,0.856934,0.75,-5.625,5.3125,-0.393672,-0.215931,-3.06308
11475,-60,-15,-5,34,18,28,67,22,0.196777,-0.361328,0.864746,-1.1875,-2.375,0.125,-0.394242,-0.216456,-3.06265
11475,47,-3,-33,-81,-58,-56,-40,0,0.196777,-0.361328,0.864746,-1.1875,-2.375,0.125,-0.394242,-0.216456,-3.06265
11483,-5,15,65,101,127,32,-14,-2,0.196777,-0.361328,0.864746,-1.1875,-2.375,0.125,-0.394242,-0.216456,-3.06265
11483,19,2,-10,52,-27,23,16,-21,0.196777,-0.361328,0.864746,-1.1875,-2.375,0.125,-0.394242,-0.216456,-3.06265
11498,62,1,-58,-66,26,10,25,26,0.109863,-0.351562,0.650879,1.3125,-4.125,-3.875,-0.395492,-0.217012,-3.06302
11498,-109,0,50,102,31,-13,-6,-21,0.109863,-0.351562,0.650879,1.3125,-4.125,-3.875,-0.395492,-0.217012,-3.06302
11499,11,-19,-11,-91,-95,-15,-10,5,0.109863,-0.351562,0.650879,1.3125,-4.125,-3.875,-0.395492,-0.217012,-3.06302
11499,-3,-9,-15,-49,-2,1,9,-11,0.109863,-0.351562,0.650879,1.3125,-4.125,-3.875,-0.395492,-0.217012,-3.06302
11521,-44,-2,37,43,31,-7,-31,-15,-0.36084,-0.356445,0.329102,3.25,-1.375,-3.25,-0.399036,-0.207137,-3.06289
11521,41,3,-13,-47,-26,-10,4,-4,-0.36084,-0.356445,0.329102,3.25,-1.375,-3.25,-0.399036,-0.207137,-3.06289
11522,17,-14,-40,-54,-84,-7,10,5,-0.36084,-0.356445,0.329102,3.25,-1.375,-3.25,-0.399036,-0.207137,-3.06289
11522,-51,-21,-20,28,127,14,0,-6,-0.36084,-0.356445,0.329102,3.25,-1.375,-3.25,-0.399036,-0.207137,-3.06289
11535,39,11,36,29,7,48,-4,7,-0.0185547,-0.311523,0.586914,0.75,-6.5,3.9375,-0.400693,-0.204985,-3.0604
11535,-28,29,44,15,-11,11,10,8,-0.0185547,-0.311523,0.586914,0.75,-6.5,3.9375,-0.400693,-0.204985,-3.0604
11543,4,6,-25,9,10,-26,-22,-10,-0.0185547,-0.311523,0.586914,0.75,-6.5,3.9375,-0.400693,-0.204985,-3.0604
11543,63,4,5,-99,-61,19,35,14,-0.0185547,-0.311523,0.586914,0.75,-6.5,3.9375,-0.400693,-0.204985,-3.0604
11567,39,4,-16,-23,-8,-48,-21,7,0.641602,-0.288574,1.46777,1.5625,-7.375,1.25,-0.39291,-0.215052,-3.06046
11567,-27,-20,-60,19,13,-5,-38,-13,0.641602,-0.288574,1.46777,1.5625,-7.375,1.25,-0.39291,-0.215052,-3.06046
11568,-49,0,-10,70,62,51,38,12,0.641602,-0.288574,1.46777,1.5625,-7.375,1.25,-0.39291,-0.215052,-3.06046
11568,43,6,20,17,4,1,-6,13,0.641602,-0.288574,1.46777,1.5625,-7.375,1.25,-0.39291,-0.215052,-3.06046
11581,-55,5,57,-128,-128,-73,-42,-12,-0.283691,-0.478516,0.197754,0,-10.375,-3.125,-0.402026,-0.210166,-3.05818
11581,36,-4,10,47,79,38,49,-24,-0.283691,-0.478516,0.197754,0,-10.375,-3.125,-0.402026,-0.210166,-3.05818
11581,-26,4,53,108,80,19,-24,21,-0.283691,-0.478516,0.197754,0,-10.375,-3.125,-0.402026,-0.210166,-3.05818
11581,-3,6,19,-28,-42,-15,-10,-6,-0.283691,-0.478516,0.197754,0,-10.375,-3.125,-0.402026,-0.210166,-3.05818
11595,7,-1,-50,-6,20,6,-3,-8,0.611816,-0.243652,1.50977,-3.3125,-14.3125,-1.4375,-0.394296,-0.221678,-3.05857
11595,40,-20,-128,-125,-128,-23,2,15,0.611816,-0.243652,1.50977,-3.3125,-14.3125,-1.4375,-0.394296,-0.221678,-3.05857
11604,-13,-4,23,47,87,0,1,-16,0.611816,-0.243652,1.50977,-3.3125,-14.3125,-1.4375,-0.394296,-0.221678,-3.05857
11604,39,5,17,68,48,68,64,18,0.611816,-0.243652,1.50977,-3.3125,-14.3125,-1.4375,-0.394296,-0.221678,-3.05857
11618,-39,4,-34,-36,-79,-27,-80,-16,-0.320312,-0.496582,0.173828,-5.8125,-20.0625,-1.625,-0.406433,-0.21894,-3.0542
11618,21,7,25,-12,69,7,8,16,-0.320312,-0.496582,0.173828,-5.8125,-20.0625,-1.625,-0.406433,-0.21894,-3.0542
11619,5,5,-21,43,9,-4,15,6,-0.320312,-0.496582,0.173828,-5.8125,-20.0625,-1.625,-0.406433,-0.21894,-3.0542
11619,-4,5,4,11,-33,20,2,-14,-0.320312,-0.496582,0.173828,-5.8125,-20.0625,-1.625,-0.406433,-0.21894,-3.0542
11640,-20,-4,-7,-126,-34,-53,20,20,0.646484,-0.266602,1.56201,-8.25,-22.8125,-2.3125,-0.400541,-0.233447,-3.05388
11640,-24,-13,10,60,35,22,7,-11,0.646484,-0.266602,1.56201,-8.25,-22.8125,-2.3125,-0.400541,-0.233447,-3.05388
11642,23,7,85,-19,6,3,-14,-24,0.646484,-0.266602,1.56201,-8.25,-22.8125,-2.3125,-0.400541,-0.233447,-3.05388
11642,14,-7,-104,-54,-37,-44,8,-12,0.646484,-0.266602,1.56201,-8.25,-22.8125,-2.3125,-0.400541,-0.233447,-3.05388
11655,37,8,36,8,27,13,-20,-3,-0.296387,-0.506836,0.138184,-8.25,-29.625,-7.5625,-0.413964,-0.235112,-3.04981
11655,-55,-9,-77,30,36,5,4,17,-0.296387,-0.506836,0.138184,-8.25,-29.625,-7.5625,-0.413964,-0.235112,-3.04981
11663,12,-4,-48,-77,-77,-23,-4,-11,-0.296387,-0.506836,0.138184,-8.25,-29.625,-7.5625,-0.413964,-0.235112,-3.04981
11663,-4,5,86,82,75,28,27,7,-0.296387,-0.506836,0.138184,-8.25,-29.625,-7.5625,-0.413964,-0.235112,-3.04981
11678,10,6,-7,-5,25,-7,-5,-9,0.672852,-0.175781,1.56201,-11.25,-36.25,-6.8125,-0.406832,-0.254486,-3.04963
11678,56,1,10,-128,-104,-73,-18,6,0.672852,-0.175781,1.56201,-11.25,-36.25,-6.8125,-0.406832,-0.254486,-3.04963
11679,-89,-22,-26,116,93,21,12,-23,0.672852,-0.175781,1.56201,-11.25,-36.25,-6.8125,-0.406832,-0.254486,-3.04963
11679,0,-1,-50,39,-85,2,5,25,0.672852,-0.175781,1.56201,-11.25,-36.25,-6.8125,-0.406832,-0.254486,-3.04963
11701,24,12,43,85,127,74,17,-17,0.509766,-0.448242,1.19678,-11.6875,-39.625,-5.125,-0.410232,-0.271502,-3.04617
11701,-29,11,49,24,2,23,19,-15,0.509766,-0.448242,1.19678,-11.6875,-39.625,-5.125,-0.410232,-0.271502,-3.04617
11709,-20,1,4,-73,-123,-60,1,-4,0.509766,-0.448242,1.19678,-11.6875,-39.625,-5.125,-0.410232,-0.271502,-3.04617
11709,4,-19,-29,-21,-8,-12,-41,5,0.509766,-0.448242,1.19678,-11.6875,-39.625,-5.125,-0.410232,-0.271502,-3.04617
11724,-35,5,28,-6,-40,-15,-14,-13,0.181152,-0.294434,0.663086,-4.875,-52.375,-12.8125,-0.412908,-0.289315,-3.0427
11724,61,5,40,34,-10,6,6,20,0.181152,-0.294434,0.663086,-4.875,-52.375,-12.8125,-0.412908,-0.289315,-3.0427
11725,-24,-23,-61,-84,19,21,-14,-9,0.181152,-0.294434,0.663086,-4.875,-52.375,-12.8125,-0.412908,-0.289315,-3.0427
11725,11,9,78,53,56,12,-13,-25,0.181152,-0.294434,0.663086,-4.875,-52.375,-12.8125,-0.412908,-0.289315,-3.0427
11738,-3,-24,-123,-57,-128,-39,16,13,0.191895,-0.387207,0.760742,-7.0625,-48.0625,-12.6875,-0.417436,-0.304641,-3.03951
11738,-19,-16,-14,-66,-32,-23,-18,1,0.191895,-0.387207,0.760742,-7.0625,-48.0625,-12.6875,-0.417436,-0.304641,-3.03951
11739,12,4,48,69,109,40,14,-7,0.191895,-0.387207,0.760742,-7.0625,-48.0625,-12.6875,-0.417436,-0.304641,-3.03951
11739,-28,18,75,64,89,29,7,3,0.191895,-0.387207,0.760742,-7.0625,-48.0625,-12.6875,-0.417436,-0.304641,-3.03951
11769,43,21,30,12,-27,10,9,1,0.180176,-0.339844,0.782715,-0.875,-55.6875,-13,-0.418659,-0.321814,-3.03563
11769,-4,-15,-85,-92,-105,-63,10,4,0.180176,-0.339844,0.782715,-0.875,-55.6875,-13,-0.418659,-0.321814,-3.03563
11769,-24,-20,-7,-14,36,-6,-49,-15,0.180176,-0.339844,0.782715,-0.875,-55.6875,-13,-0.418659,-0.321814,-3.03563
11769,-9,-12,-9,-27,56,12,13,-8,0.180176,-0.339844,0.782715,-0.875,-55.6875,-13,-0.418659,-0.321814,-3.03563
11792,9,-25,-25,-5,0,-24,18,20,0.20459,-0.342285,0.803223,-2.1875,-55.625,-14.4375,-0.420169,-0.339134,-3.03229
11792,-2,29,29,108,91,101,-17,-17,0.20459,-0.342285,0.803223,-2.1875,-55.625,-14.4375,-0.420169,-0.339134,-3.03229
11793,33,32,41,-4,-77,-36,20,23,0.20459,-0.342285,0.803223,-2.1875,-55.625,-14.4375,-0.420169,-0.339134,-3.03229
11793,-4,2,-50,-103,-53,-31,-31,-8,0.20459,-0.342285,0.803223,-2.1875,-55.625,-14.4375,-0.420169,-0.339134,-3.03229
11799,-24,-16,-14,-21,-37,3,14,4,0.241211,-0.408203,0.773438,-17.625,-63.9375,-18.3125,-0.42886,-0.360053,-3.02826
11799,5,-4,67,25,71,-4,4,-17,0.241211,-0.408203,0.773438,-17.625,-63.9375,-18.3125,-0.42886,-0.360053,-3.02826
11800,-41,-11,-61,21,26,30,11,-2,0.241211,-0.408203,0.773438,-17.625,-63.9375,-18.3125,-0.42886,-0.360053,-3.02826
11800,-20,4,15,-1,-66,-21,-25,-32,0.241211,-0.408203,0.773438,-17.625,-63.9375,-18.3125,-0.42886,-0.360053,-3.02826
11821,21,-3,-18,-57,51,-16,-11,2,0.253906,-0.417969,0.753418,-10.4375,-66.375,-20.0625,-0.435396,-0.381908,-3.02407
11821,-43,-1,72,12,-30,-10,23,10,0.253906,-0.417969,0.753418,-10.4375,-66.375,-20.0625,-0.435396,-0.381908,-3.02407
11821,70,0,-55,-22,48,30,40,25,0.253906,-0.417969,0.753418,-10.4375,-66.375,-20.0625,-0.435396,-0.381908,-3.02407
11821,-29,-6,-25,79,-20,-17,-21,-5,0.253906,-0.417969,0.753418,-10.4375,-66.375,-20.0625,-0.435396,-0.381908,-3.02407
11844,-46,-5,5,-65,-58,-19,-15,-19,0.282715,-0.325195,0.760742,-1.5,-67.75,-19.9375,-0.436634,-0.404701,-3.02044
11844,9,-9,-3,25,41,-33,-28,-5,0.282715,-0.325195,0.760742,-1.5,-67.75,-19.9375,-0.436634,-0.404701,-3.02044
11845,-8,-2,54,-20,-45,-16,23,-11,0.282715,-0.325195,0.760742,-1.5,-67.75,-19.9375,-0.436634,-0.404701,-3.02044
11845,45,-6,-8,9,69,41,24,31,0.282715,-0.325195,0.760742,-1.5,-67.75,-19.9375,-0.436634,-0.404701,-3.02044
11858,26,27,62,127,-21,19,-6,11,0.33252,-0.334473,0.791992,-8.875,-71.0625,-24.0625,-0.440188,-0.429324,-3.01752
11858,-21,1,-29,-111,-1,-41,-23,16,0.33252,-0.334473,0.791992,-8.875,-71.0625,-24.0625,-0.440188,-0.429324,-3.01752
11859,42,-12,13,-29,-38,3,1,8,0.33252,-0.334473,0.791992,-8.875,-71.0625,-24.0625,-0.440188,-0.429324,-3.01752
11859,-36,-9,-14,54,26,-3,-12,-50,0.33252,-0.334473,0.791992,-8.875,-71.0625,-24.0625,-0.440188,-0.429324,-3.01752
11881,-25,10,51,56,38,11,5,-12,0.408203,-0.311523,0.779785,-2.625,-73.375,-29.75,-0.440366,-0.456958,-3.01647
11881,-18,-2,-8,-72,-60,2,1,-8,0.408203,-0.311523,0.779785,-2.625,-73.375,-29.75,-0.440366,-0.456958,-3.01647
11882,-8,-2,1,-14,2,-35,-9,8,0.408203,-0.311523,0.779785,-2.625,-73.375,-29.75,-0.440366,-0.456958,-3.01647
11882,13,3,20,-12,18,26,7,14,0.408203,-0.311523,0.779785,-2.625,-73.375,-29.75,-0.440366,-0.456958,-3.01647
11905,-17,2,8,56,70,22,3,2,0.459961,-0.377441,0.781738,7.6875,-76.5625,-27.125,-0.439333,-0.485134,-3.01324
11905,32,3,3,-29,-86,-15,3,17,0.459961,-0.377441,0.781738,7.6875,-76.5625,-27.125,-0.439333,-0.485134,-3.01324
11905,26,-7,-2,15,-3,-4,-6,-13,0.459961,-0.377441,0.781738,7.6875,-76.5625,-27.125,-0.439333,-0.485134,-3.01324
11905,-97,-20,-11,-94,-106,-74,0,-11,0.459961,-0.377441,0.781738,7.6875,-76.5625,-27.125,-0.439333,-0.485134,-3.01324
11919,24,-22,-83,-43,63,22,-47,-9,0.44873,-0.35498,0.695312,16.8125,-75.625,-20.5625,-0.436848,-0.512251,-3.00743
11919,43,18,54,105,123,65,31,4,0.44873,-0.35498,0.695312,16.8125,-75.625,-20.5625,-0.436848,-0.512251,-3.00743
11919,-22,22,63,18,-82,55,-11,14,0.44873,-0.35498,0.695312,16.8125,-75.625,-20.5625,-0.436848,-0.512251,-3.00743
11919,32,15,16,54,61,-30,-5,21,0.44873,-0.35498,0.695312,16.8125,-75.625,-20.5625,-0.436848,-0.512251,-3.00743
11941,6,-8,-53,-128,-128,-53,14,3,0.344727,-0.416992,0.674316,-16.125,-86.4375,-21.8125,-0.448298,-0.540096,-2.99937
11941,-32,-21,-28,-51,8,-5,-8,-27,0.344727,-0.416992,0.674316,-16.125,-86.4375,-21.8125,-0.448298,-0.540096,-2.99937
11942,37,11,34,2,20,13,26,20,0.344727,-0.416992,0.674316,-16.125,-86.4375,-21.8125,-0.448298,-0.540096,-2.99937
11942,27,4,5,9,3,18,-5,5,0.344727,-0.416992,0.674316,-16.125,-86.4375,-21.8125,-0.448298,-0.540096,-2.99937
11964,-22,-7,-31,19,15,-5,-1,-8,0.380859,-0.45752,0.693359,0.8125,-83.0625,-25.125,-0.45407,-0.567119,-2.99208
11964,1,-6,-19,28,-28,-6,7,19,0.380859,-0.45752,0.693359,0.8125,-83.0625,-25.125,-0.45407,-0.567119,-2.99208
11964,-21,1,47,1,-94,-35,-24,-14,0.380859,-0.45752,0.693359,0.8125,-83.0625,-25.125,-0.45407,-0.567119,-2.99208
11964,51,-2,-31,-39,68,20,13,43,0.380859,-0.45752,0.693359,0.8125,-83.0625,-25.125,-0.45407,-0.567119,-2.99208
11987,-108,-2,76,111,70,16,-2,-52,0.46582,-0.35791,0.692871,24.0625,-83.8125,-21.875,-0.450022,-0.595421,-2.9848
11987,17,-4,-69,-51,-48,-10,-4,1,0.46582,-0.35791,0.692871,24.0625,-83.8125,-21.875,-0.450022,-0.595421,-2.9848
11988,-10,-24,-78,-6,18,-18,-24,-15,0.46582,-0.35791,0.692871,24.0625,-83.8125,-21.875,-0.450022,-0.595421,-2.9848
11988,23,0,-47,-37,-75,-33,-4,8,0.46582,-0.35791,0.692871,24.0625,-83.8125,-21.875,-0.450022,-0.595421,-2.9848
12001,11,-7,35,-23,15,34,1,7,0.47168,-0.244141,0.703613,20.625,-79.5625,-18.8125,-0.444698,-0.622172,-2.97868
12001,-25,1,42,91,78,38,36,-13,0.47168,-0.244141,0.703613,20.625,-79.5625,-18.8125,-0.444698,-0.622172,-2.97868
12001,2,17,51,27,28,-8,-30,11,0.47168,-0.244141,0.703613,20.625,-79.5625,-18.8125,-0.444698,-0.622172,-2.97868
12001,25,14,2,-26,-22,41,17,-16,0.47168,-0.244141,0.703613,20.625,-79.5625,-18.8125,-0.444698,-0.622172,-2.97868
12024,41,0,-31,-107,-128,-69,-40,-10,0.473633,-0.354004,0.706055,-16.3125,-82.5,-21.5625,-0.454818,-0.648804,-2.97138
12024,-18,-9,16,35,31,-19,-15,-9,0.473633,-0.354004,0.706055,-16.3125,-82.5,-21.5625,-0.454818,-0.648804,-2.97138
12025,-23,-5,15,93,109,34,0,-8,0.473633,-0.354004,0.706055,-16.3125,-82.5,-21.5625,-0.454818,-0.648804,-2.97138
12025,-4,10,-10,-59,-67,6,17,7,0.473633,-0.354004,0.706055,-16.3125,-82.5,-21.5625,-0.454818,-0.648804,-2.97138
12038,-2,4,35,21,26,1,6,10,0.51123,-0.401367,0.644531,-3.375,-88.4375,-20.125,-0.463967,-0.677762,-2.9606
12038,6,-18,-6,-70,-66,-18,-2,6,0.51123,-0.401367,0.644531,-3.375,-88.4375,-20.125,-0.463967,-0.677762,-2.9606
12038,27,4,5,-84,-54,-23,-10,-2,0.51123,-0.401367,0.644531,-3.375,-88.4375,-20.125,-0.463967,-0.677762,-2.9606
12038,14,-10,-36,69,86,33,2,17,0.51123,-0.401367,0.644531,-3.375,-88.4375,-20.125,-0.463967,-0.677762,-2.9606
12069,3,-2,1,30,6,4,13,26,0.568359,-0.333496,0.65332,38.5,-87.75,-19,-0.4572,-0.707114,-2.9505
12069,3,-1,0,-64,-99,-38,-18,-9,0.568359,-0.333496,0.65332,38.5,-87.75,-19,-0.4572,-0.707114,-2.9505
12070,-2,-5,32,18,94,30,34,3,0.568359,-0.333496,0.65332,38.5,-87.75,-19,-0.4572,-0.707114,-2.9505
12070,-29,4,8,53,10,1,-20,-19,0.568359,-0.333496,0.65332,38.5,-87.75,-19,-0.4572,-0.707114,-2.9505
12084,16,20,77,7,-30,7,9,0,0.650879,-0.188965,0.648926,28.6875,-84.25,-20.125,-0.449425,-0.737445,-2.94411
12084,33,-1,-35,79,96,-13,17,21,0.650879,-0.188965,0.648926,28.6875,-84.25,-20.125,-0.449425,-0.737445,-2.94411
12085,-32,-13,-44,-38,-128,21,-24,0,0.650879,-0.188965,0.648926,28.6875,-84.25,-20.125,-0.449425,-0.737445,-2.94411
12085,31,5,30,-17,63,-10,-16,-35,0.650879,-0.188965,0.648926,28.6875,-84.25,-20.125,-0.449425,-0.737445,-2.94411
12099,21,8,2,37,75,0,18,-2,0.709961,-0.323242,0.576172,-13.125,-82.375,-22.375,-0.460362,-0.767955,-2.93565
12099,-91,3,28,-10,-54,2,-63,-8,0.709961,-0.323242,0.576172,-13.125,-82.375,-22.375,-0.460362,-0.767955,-2.93565
12099,37,11,-5,8,2,-11,24,3,0.709961,-0.323242,0.576172,-13.125,-82.375,-22.375,-0.460362,-0.767955,-2.93565
12099,-34,-19,-44,-24,-81,-15,10,-1,0.709961,-0.323242,0.576172,-13.125,-82.375,-22.375,-0.460362,-0.767955,-2.93565
12121,17,-3,-14,-64,-48,-9,1,16,0.680664,-0.465332,0.536133,2,-82.6875,-20.375,-0.472101,-0.796502,-2.92217
12121,6,-17,-21,-44,45,1,0,-6,0.680664,-0.465332,0.536133,2,-82.6875,-20.375,-0.472101,-0.796502,-2.92217
12121,17,-9,-38,-23,-22,2,6,12,0.680664,-0.465332,0.536133,2,-82.6875,-20.375,-0.472101,-0.796502,-2.92217
12121,-14,8,103,112,26,6,-7,-16,0.680664,-0.465332,0.536133,2,-82.6875,-20.375,-0.472101,-0.796502,-2.92217
12145,-4,1,-17,8,60,3,1,8,0.687988,-0.325195,0.56543,40.6875,-85.8125,-20.8125,-0.46657,-0.826127,-2.91107
12145,2,-6,-17,-17,-109,-21,-3,0,0.687988,-0.325195,0.56543,40.6875,-85.8125,-20.8125,-0.46657,-0.826127,-2.91107
12145,10,-8,-36,-77,28,-2,-3,1,0.687988,-0.325195,0.56543,40.6875,-85.8125,-20.8125,-0.46657,-0.826127,-2.91107
12145,-61,-17,-58,59,60,14,4,-16,0.687988,-0.325195,0.56543,40.6875,-85.8125,-20.8125,-0.46657,-0.826127,-2.91107
12159,8,11,15,61,53,32,34,18,0.724609,-0.200195,0.602539,20.6875,-84.4375,-21.5625,-0.463375,-0.855933,-2.90371
12159,22,22,7,77,19,10,-34,-17,0.724609,-0.200195,0.602539,20.6875,-84.4375,-21.5625,-0.463375,-0.855933,-2.90371
12159,0,13,48,-65,-95,-37,-12,-6,0.724609,-0.200195,0.602539,20.6875,-84.4375,-21.5625,-0.463375,-0.855933,-2.90371
12159,-25,-13,-24,-68,-55,-12,-11,2,0.724609,-0.200195,0.602539,20.6875,-84.4375,-21.5625,-0.463375,-0.855933,-2.90371
12181,14,-17,-58,-91,-40,8,9,6,0.82373,-0.241211,0.489258,-18,-79.8125,-22.625,-0.475689,-0.886649,-2.89547
12181,-52,-5,24,99,91,19,-2,-33,0.82373,-0.241211,0.489258,-18,-79.8125,-22.625,-0.475689,-0.886649,-2.89547
12182,-3,-12,-36,-54,-18,-15,-3,-7,0.82373,-0.241211,0.489258,-18,-79.8125,-22.625,-0.475689,-0.886649,-2.89547
12182,22,2,-16,-61,-15,-7,0,2,0.82373,-0.241211,0.489258,-18,-79.8125,-22.625,-0.475689,-0.886649,-2.89547
12211,-4,-1,15,84,-16,-3,-7,-6,0.781738,-0.397949,0.473145,-8.8125,-81.9375,-18.1875,-0.493434,-0.914911,-2.87926
12211,46,1,-34,-46,1,3,22,16,0.781738,-0.397949,0.473145,-8.8125,-81.9375,-18.1875,-0.493434,-0.914911,-2.87926
12212,-19,-3,50,88,75,21,2,-10,0.781738,-0.397949,0.473145,-8.8125,-81.9375,-18.1875,-0.493434,-0.914911,-2.87926
12212,-4,-5,-14,37,85,26,20,15,0.781738,-0.397949,0.473145,-8.8125,-81.9375,-18.1875,-0.493434,-0.914911,-2.87926
12227,5,4,-11,-13,-44,-10,-26,-11,0.855957,-0.310547,0.506348,19.625,-83.125,-20.1875,-0.498127,-0.944348,-2.86537
12227,18,7,-39,-128,-128,-27,-2,10,0.855957,-0.310547,0.506348,19.625,-83.125,-20.1875,-0.498127,-0.944348,-2.86537
12227,-14,-1,3,57,64,-1,-7,-9,0.855957,-0.310547,0.506348,19.625,-83.125,-20.1875,-0.498127,-0.944348,-2.86537
12227,17,12,57,11,21,14,15,11,0.855957,-0.310547,0.506348,19.625,-83.125,-20.1875,-0.498127,-0.944348,-2.86537
12241,-20,-18,-36,-44,-90,-26,-18,-8,0.922363,-0.148438,0.463379,13.25,-75.3125,-25.1875,-0.496575,-0.974745,-2.86025
12241,-1,9,32,55,118,49,21,-7,0.922363,-0.148438,0.463379,13.25,-75.3125,-25.1875,-0.496575,-0.974745,-2.86025
12242,8,-1,-50,47,22,1,-2,11,0.922363,-0.148438,0.463379,13.25,-75.3125,-25.1875,-0.496575,-0.974745,-2.86025
12242,-8,5,40,-32,-21,-6,-15,-3,0.922363,-0.148438,0.463379,13.25,-75.3125,-25.1875,-0.496575,-0.974745,-2.86025
12264,-21,-6,-9,53,-37,-29,-5,-10,0.868164,-0.220703,0.390625,-16.9375,-71.5,-19.25,-0.511684,-1.00197,-2.84911
12264,-16,-6,-32,-128,-109,-30,-4,-3,0.868164,-0.220703,0.390625,-16.9375,-71.5,-19.25,-0.511684,-1.00197,-2.84911
12265,10,-9,-56,77,98,36,15,3,0.868164,-0.220703,0.390625,-16.9375,-71.5,-19.25,-0.511684,-1.00197,-2.84911
12265,27,21,77,96,97,10,13,24,0.868164,-0.220703,0.390625,-16.9375,-71.5,-19.25,-0.511684,-1.00197,-2.84911
12279,-21,-4,0,-27,9,22,12,-16,0.858887,-0.419434,0.412109,-11.9375,-71.6875,-17,-0.534766,-1.02563,-2.82904
12279,4,11,-14,9,-40,-23,-21,-6,0.858887,-0.419434,0.412109,-11.9375,-71.6875,-17,-0.534766,-1.02563,-2.82904
12279,18,-1,-33,-53,-53,-24,-4,-4,0.858887,-0.419434,0.412109,-11.9375,-71.6875,-17,-0.534766,-1.02563,-2.82904
12279,-25,-6,-40,-53,-51,-6,2,23,0.858887,-0.419434,0.412109,-11.9375,-71.6875,-17,-0.534766,-1.02563,-2.82904
12301,35,0,20,-22,19,-4,-6,-6,0.887695,-0.355957,0.416504,24.6875,-68.8125,-13.1875,-0.544537,-1.04787,-2.80898
12301,5,-11,21,6,-19,-5,19,17,0.887695,-0.355957,0.416504,24.6875,-68.8125,-13.1875,-0.544537,-1.04787,-2.80898
12302,-60,-9,-21,-63,-27,-18,-17,-14,0.887695,-0.355957,0.416504,24.6875,-68.8125,-13.1875,-0.544537,-1.04787,-2.80898
12302,11,-10,-31,-27,-14,-1,-12,-6,0.887695,-0.355957,0.416504,24.6875,-68.8125,-13.1875,-0.544537,-1.04787,-2.80898
12324,20,20,47,116,123,34,8,17,0.822266,-0.160645,0.40332,36.125,-67.9375,-13.375,-0.54324,-1.0711,-2.79513
12324,-27,15,83,17,-20,-5,4,-2,0.822266,-0.160645,0.40332,36.125,-67.9375,-13.375,-0.54324,-1.0711,-2.79513
12324,9,-7,-54,-41,12,-6,4,-3,0.822266,-0.160645,0.40332,36.125,-67.9375,-13.375,-0.54324,-1.0711,-2.79513
12324,14,1,1,1,1,6,-5,-6,0.822266,-0.160645,0.40332,36.125,-67.9375,-13.375,-0.54324,-1.0711,-2.79513
12338,12,-6,-13,-60,-60,-12,5,18,0.884277,-0.116699,0.39502,6.3125,-69.8125,-20.5625,-0.547652,-1.09694,-2.78624
12338,-2,-10,1,-6,2,2,-5,-26,0.884277,-0.116699,0.39502,6.3125,-69.8125,-20.5625,-0.547652,-1.09694,-2.78624
12346,-14,-1,17,-33,-6,-14,-3,-2,0.884277,-0.116699,0.39502,6.3125,-69.8125,-20.5625,-0.547652,-1.09694,-2.78624
12346,1,4,38,62,12,15,18,-8,0.884277,-0.116699,0.39502,6.3125,-69.8125,-20.5625,-0.547652,-1.09694,-2.78624
12361,71,2,-14,27,67,4,3,3,1.01904,-0.287109,0.382324,-12.625,-66.9375,-18.8125,-0.567635,-1.12034,-2.76913
12361,-92,-11,-12,46,32,10,-9,-11,1.01904,-0.287109,0.382324,-12.625,-66.9375,-18.8125,-0.567635,-1.12034,-2.76913
12362,16,19,73,7,-42,-12,-5,3,1.01904,-0.287109,0.382324,-12.625,-66.9375,-18.8125,-0.567635,-1.12034,-2.76913
12362,13,-20,-89,-76,-53,-19,-13,-9,1.01904,-0.287109,0.382324,-12.625,-66.9375,-18.8125,-0.567635,-1.12034,-2.76913
12384,-15,-4,-22,-45,-34,-7,-3,-6,0.955566,-0.265625,0.301758,-0.3125,-59,-14.375,-0.585814,-1.14144,-2.7499
12384,53,-10,-20,-14,-14,-3,5,26,0.955566,-0.265625,0.301758,-0.3125,-59,-14.375,-0.585814,-1.14144,-2.7499
12385,4,0,-42,33,24,1,-2,-14,0.955566,-0.265625,0.301758,-0.3125,-59,-14.375,-0.585814,-1.14144,-2.7499
12385,-25,-6,55,21,24,-2,-14,-7,0.955566,-0.265625,0.301758,-0.3125,-59,-14.375,-0.585814,-1.14144,-2.7499
12398,-5,2,10,-33,-1,14,14,0,0.857422,-0.209961,0.287109,0.5625,-55.8125,-16.9375,-0.599695,-1.16124,-2.73463
12398,9,-10,-43,-3,33,6,6,-1,0.857422,-0.209961,0.287109,0.5625,-55.8125,-16.9375,-0.599695,-1.16124,-2.73463
12406,7,6,23,48,-13,-4,-1,8,0.857422,-0.209961,0.287109,0.5625,-55.8125,-16.9375,-0.599695,-1.16124,-2.73463
12406,29,8,14,-39,-47,-13,0,-5,0.857422,-0.209961,0.287109,0.5625,-55.8125,-16.9375,-0.599695,-1.16124,-2.73463
12421,-19,-2,42,-10,11,1,-8,7,0.896973,-0.199219,0.321289,-12.125,-55.1875,-14.875,-0.618057,-1.17973,-2.71886
12421,-5,-8,-37,17,5,18,8,-9,0.896973,-0.199219,0.321289,-12.125,-55.1875,-14.875,-0.618057,-1.17973,-2.71886
12421,-13,4,17,-26,15,5,0,-12,0.896973,-0.199219,0.321289,-12.125,-55.1875,-14.875,-0.618057,-1.17973,-2.71886
12421,21,-5,-4,33,13,4,-27,-13,0.896973,-0.199219,0.321289,-12.125,-55.1875,-14.875,-0.618057,-1.17973,-2.71886
12444,-24,1,-3,31,10,-18,3,-2,0.995605,-0.194336,0.263672,-10.8125,-52.4375,-12.25,-0.64004,-1.19858,-2.69946
12444,37,10,9,-27,-10,3,5,13,0.995605,-0.194336,0.263672,-10.8125,-52.4375,-12.25,-0.64004,-1.19858,-2.69946
12445,-14,-2,64,-14,-48,-13,-2,-4,0.995605,-0.194336,0.263672,-10.8125,-52.4375,-12.25,-0.64004,-1.19858,-2.69946
12445,-15,-18,-114,-47,-14,-4,6,1,0.995605,-0.194336,0.263672,-10.8125,-52.4375,-12.25,-0.64004,-1.19858,-2.69946
12457,2,5,29,38,27,18,-2,2,0.916016,-0.183105,0.23877,-7,-51.875,-12.75,-0.661974,-1.21651,-2.67844
12457,13,2,1,32,14,0,-1,2,0.916016,-0.183105,0.23877,-7,-51.875,-12.75,-0.661974,-1.21651,-2.67844
12473,4,-2,20,-19,-13,-6,-1,-1,0.916016,-0.183105,0.23877,-7,-51.875,-12.75,-0.661974,-1.21651,-2.67844
12473,-7,4,36,-11,-13,-2,5,-9,0.916016,-0.183105,0.23877,-7,-51.875,-12.75,-0.661974,-1.21651,-2.67844
12481,-8,-6,-21,9,-14,-9,-11,5,0.975098,-0.15918,0.248047,-3.625,-53.1875,-12.9375,-0.682928,-1.23474,-2.65709
12481,5,6,-53,-37,-12,-15,-2,-3,0.975098,-0.15918,0.248047,-3.625,-53.1875,-12.9375,-0.682928,-1.23474,-2.65709
12482,-3,0,-5,-12,-5,-6,-17,-4,0.975098,-0.15918,0.248047,-3.625,-53.1875,-12.9375,-0.682928,-1.23474,-2.65709
12482,15,1,22,46,18,3,4,14,0.975098,-0.15918,0.248047,-3.625,-53.1875,-12.9375,-0.682928,-1.23474,-2.65709
12505,-15,-3,-6,1,0,9,5,-7,0.942871,-0.128418,0.225098,1,-51.9375,-14.5625,-0.701771,-1.25356,-2.63686
12505,-7,18,106,29,29,7,4,1,0.942871,-0.128418,0.225098,1,-51.9375,-14.5625,-0.701771,-1.25356,-2.63686
12505,18,11,-53,4,25,11,11,10,0.942871,-0.128418,0.225098,1,-51.9375,-14.5625,-0.701771,-1.25356,-2.63686
12505,-19,2,-19,-31,-35,-12,-4,-7,0.942871,-0.128418,0.225098,1,-51.9375,-14.5625,-0.701771,-1.25356,-2.63686
12517,-32,-6,6,-61,-51,-14,-6,-7,0.982422,-0.160156,0.14209,-6.3125,-54.9375,-17.875,-0.730564,-1.27416,-2.60902
12517,8,-3,-16,14,36,9,-4,3,0.982422,-0.160156,0.14209,-6.3125,-54.9375,-17.875,-0.730564,-1.27416,-2.60902
12526,6,-1,6,65,37,13,5,4,0.982422,-0.160156,0.14209,-6.3125,-54.9375,-17.875,-0.730564,-1.27416,-2.60902
12526,11,5,22,2,0,-6,1,2,0.982422,-0.160156,0.14209,-6.3125,-54.9375,-17.875,-0.730564,-1.27416,-2.60902
12540,-11,-3,-14,-17,-20,-6,-7,-10,0.999023,-0.205078,0.0820312,-6.875,-54.1875,-16.6875,-0.769673,-1.29396,-2.57147
12540,-1,-3,13,-24,-14,-5,2,0,0.999023,-0.205078,0.0820312,-6.875,-54.1875,-16.6875,-0.769673,-1.29396,-2.57147
12541,-10,-8,-33,-14,-14,11,-10,-7,0.999023,-0.205078,0.0820312,-6.875,-54.1875,-16.6875,-0.769673,-1.29396,-2.57147
12541,1,5,9,-10,-6,-16,12,-3,0.999023,-0.205078,0.0820312,-6.875,-54.1875,-16.6875,-0.769673,-1.29396,-2.57147
12564,-5,-22,-31,-7,-4,-3,-8,5,1.17432,-0.143066,0.0893555,-9.125,-44,-13.5,-0.803525,-1.31144,-2.53956
12564,4,3,8,14,1,-15,-17,-16,1.17432,-0.143066,0.0893555,-9.125,-44,-13.5,-0.803525,-1.31144,-2.53956
12565,-9,1,15,22,8,7,12,5,1.17432,-0.143066,0.0893555,-9.125,-44,-13.5,-0.803525,-1.31144,-2.53956
12565,-3,6,21,9,-2,1,-6,0,1.17432,-0.143066,0.0893555,-9.125,-44,-13.5,-0.803525,-1.31144,-2.53956
12587,5,13,-2,8,12,12,12,-4,1.24219,-0.0351562,0.151855,-3.75,-24.0625,-8.5625,-0.811613,-1.32404,-2.53246
12587,5,-3,-10,-7,-5,1,0,3,1.24219,-0.0351562,0.151855,-3.75,-24.0625,-8.5625,-0.811613,-1.32404,-2.53246
12588,0,2,17,-9,-11,-9,-2,-1,1.24219,-0.0351562,0.151855,-3.75,-24.0625,-8.5625,-0.811613,-1.32404,-2.53246
12588,-7,7,-14,-7,-2,1,-4,-4,1.24219,-0.0351562,0.151855,-3.75,-24.0625,-8.5625,-0.811613,-1.32404,-2.53246
12601,0,5,-3,13,5,-2,0,-2,1.23779,-0.0200195,0.130859,-9.8125,-13.375,-2.5,-0.817765,-1.33234,-2.52863
12601,1,3,-13,-3,-4,1,0,2,1.23779,-0.0200195,0.130859,-9.8125,-13.375,-2.5,-0.817765,-1.33234,-2.52863
12602,5,2,15,2,-5,3,0,-6,1.23779,-0.0200195,0.130859,-9.8125,-13.375,-2.5,-0.817765,-1.33234,-2.52863
12602,0,3,16,1,2,-7,2,12,1.23779,-0.0200195,0.130859,-9.8125,-13.375,-2.5,-0.817765,-1.33234,-2.52863
12624,4,-16,-18,-2,0,-11,-6,-5,1.3208,0.0126953,0.0878906,-7.375,-5.1875,2.0625,-0.820236,-1.33938,-2.52842
12624,0,4,-11,4,6,49,21,23,1.3208,0.0126953,0.0878906,-7.375,-5.1875,2.0625,-0.820236,-1.33938,-2.52842
12625,-12,-19,2,-6,-15,-64,-30,-30,1.3208,0.0126953,0.0878906,-7.375,-5.1875,2.0625,-0.820236,-1.33938,-2.52842
12625,3,8,13,2,-2,-3,-3,-5,1.3208,0.0126953,0.0878906,-7.375,-5.1875,2.0625,-0.820236,-1.33938,-2.52842
12648,8,2,-10,10,8,18,19,20,1.26855,0.0229492,0.0610352,7.625,4.4375,1.4375,-0.807724,-1.34447,-2.53838
12648,-8,-25,-4,-5,-5,-5,5,19,1.26855,0.0229492,0.0610352,7.625,4.4375,1.4375,-0.807724,-1.34447,-2.53838
12649,-6,-34,-24,-4,-5,-13,-2,-15,1.26855,0.0229492,0.0610352,7.625,4.4375,1.4375,-0.807724,-1.34447,-2.53838
12649,-2,-1,-10,-6,-6,-4,-5,11,1.26855,0.0229492,0.0610352,7.625,4.4375,1.4375,-0.807724,-1.34447,-2.53838
12661,15,68,43,13,7,17,12,0,1.18018,-0.0683594,0.116699,19.125,6.8125,2.25,-0.791926,-1.34551,-2.54734
12661,3,56,7,1,-4,-21,4,-2,1.18018,-0.0683594,0.116699,19.125,6.8125,2.25,-0.791926,-1.34551,-2.54734
12661,-6,-68,-49,-13,4,45,9,6,1.18018,-0.0683594,0.116699,19.125,6.8125,2.25,-0.791926,-1.34551,-2.54734
12661,-9,-10,-16,-6,-6,-38,-33,-10,1.18018,-0.0683594,0.116699,19.125,6.8125,2.25,-0.791926,-1.34551,-2.54734
12684,-3,12,-7,-7,-3,1,6,29,1.03467,-0.139648,0.132324,35.5,2.625,1.125,-0.778962,-1.34577,-2.54812
12684,9,-46,1,4,4,-1,-2,-17,1.03467,-0.139648,0.132324,35.5,2.625,1.125,-0.778962,-1.34577,-2.54812
12685,-29,-38,-41,-19,-15,-15,2,4,1.03467,-0.139648,0.132324,35.5,2.625,1.125,-0.778962,-1.34577,-2.54812
12685,20,96,77,9,11,44,22,7,1.03467,-0.139648,0.132324,35.5,2.625,1.125,-0.778962,-1.34577,-2.54812
12706,-10,-22,-92,-1,8,5,-17,4,1.04346,-0.183594,0.163086,54.75,-3.375,2.875,-0.768675,-1.3456,-2.53894
12706,-9,-46,-70,-15,-18,-60,-9,40,1.04346,-0.183594,0.163086,54.75,-3.375,2.875,-0.768675,-1.3456,-2.53894
12707,20,105,46,11,-2,-2,12,18,1.04346,-0.183594,0.163086,54.75,-3.375,2.875,-0.768675,-1.3456,-2.53894
12707,-6,-101,-63,10,11,19,11,7,1.04346,-0.183594,0.163086,54.75,-3.375,2.875,-0.768675,-1.3456,-2.53894
12721,-29,16,24,-34,-11,36,8,-14,1.05664,-0.231934,0.0576172,74.5625,-5.8125,8.375,-0.771742,-1.34623,-2.51013
12721,2,107,-11,0,-10,-48,-37,-6,1.05664,-0.231934,0.0576172,74.5625,-5.8125,8.375,-0.771742,-1.34623,-2.51013
12721,-18,28,-18,-13,-9,-8,-10,-22,1.05664,-0.231934,0.0576172,74.5625,-5.8125,8.375,-0.771742,-1.34623,-2.51013
12721,-8,-7,6,4,0,-6,2,-7,1.05664,-0.231934,0.0576172,74.5625,-5.8125,8.375,-0.771742,-1.34623,-2.51013
12744,60,102,112,60,32,13,11,22,1.0918,-0.23291,0.0253906,72.5625,-7.9375,10.9375,-0.78246,-1.34687,-2.47345
12744,-14,-128,-50,-17,5,27,6,-10,1.0918,-0.23291,0.0253906,72.5625,-7.9375,10.9375,-0.78246,-1.34687,-2.47345
12745,6,69,127,3,-3,3,-4,-3,1.0918,-0.23291,0.0253906,72.5625,-7.9375,10.9375,-0.78246,-1.34687,-2.47345
12745,-22,-97,-87,-29,-16,-16,-13,-23,1.0918,-0.23291,0.0253906,72.5625,-7.9375,10.9375,-0.78246,-1.34687,-2.47345
12767,-11,-128,-37,-1,-7,-19,-14,-13,1.08936,-0.112793,0.104492,52.625,-9.25,9.6875,-0.785388,-1.34934,-2.45211
12767,18,8,26,8,4,12,2,-6,1.08936,-0.112793,0.104492,52.625,-9.25,9.6875,-0.785388,-1.34934,-2.45211
12767,24,-84,78,18,8,-3,1,2,1.08936,-0.112793,0.104492,52.625,-9.25,9.6875,-0.785388,-1.34934,-2.45211
12767,-25,-63,-39,-22,-7,13,2,-1,1.08936,-0.112793,0.104492,52.625,-9.25,9.6875,-0.785388,-1.34934,-2.45211
12781,0,26,-11,-5,-2,-16,-5,-9,1.11328,-0.0268555,0.0737305,13.9375,-3.8125,3.625,-0.784932,-1.35355,-2.44734
12781,15,70,-72,7,4,9,5,-6,1.11328,-0.0268555,0.0737305,13.9375,-3.8125,3.625,-0.784932,-1.35355,-2.44734
12782,-7,-2,16,-3,4,0,1,14,1.11328,-0.0268555,0.0737305,13.9375,-3.8125,3.625,-0.784932,-1.35355,-2.44734
12782,19,75,-52,12,2,4,0,3,1.11328,-0.0268555,0.0737305,13.9375,-3.8125,3.625,-0.784932,-1.35355,-2.44734
12804,-19,-29,54,-7,-7,-13,-12,-22,1.1748,-0.0375977,0.157227,-17.1875,8.375,1.75,-0.773974,-1.35375,-2.46411
12804,-15,-56,13,-12,-14,-23,-12,-21,1.1748,-0.0375977,0.157227,-17.1875,8.375,1.75,-0.773974,-1.35375,-2.46411
12804,-4,-57,-120,-11,-1,23,0,-2,1.1748,-0.0375977,0.157227,-17.1875,8.375,1.75,-0.773974,-1.35375,-2.46411
12804,10,43,77,8,14,27,8,2,1.1748,-0.0375977,0.157227,-17.1875,8.375,1.75,-0.773974,-1.35375,-2.46411
12826,-3,16,-95,-12,-8,-17,-11,-12,1.13428,-0.0839844,0.179199,-51.375,25.5625,7.6875,-0.766028,-1.34739,-2.4905
12826,4,-8,47,11,12,15,9,8,1.13428,-0.0839844,0.179199,-51.375,25.5625,7.6875,-0.766028,-1.34739,-2.4905
12827,8,71,7,0,-8,-22,0,12,1.13428,-0.0839844,0.179199,-51.375,25.5625,7.6875,-0.766028,-1.34739,-2.4905
12827,-7,9,-16,-21,-18,-13,-6,-4,1.13428,-0.0839844,0.179199,-51.375,25.5625,7.6875,-0.766028,-1.34739,-2.4905
12841,4,47,25,6,15,37,18,4,1.04297,-0.130371,0.130859,-62.5,31.25,14.3125,-0.77095,-1.33755,-2.50785
12841,-12,35,32,15,10,9,-1,-9,1.04297,-0.130371,0.130859,-62.5,31.25,14.3125,-0.77095,-1.33755,-2.50785
12841,17,32,-10,6,12,5,6,9,1.04297,-0.130371,0.130859,-62.5,31.25,14.3125,-0.77095,-1.33755,-2.50785
12841,-10,9,21,11,-8,-16,-8,-3,1.04297,-0.130371,0.130859,-62.5,31.25,14.3125,-0.77095,-1.33755,-2.50785
12864,-10,-54,23,-6,-18,-26,-11,-3,1.06494,-0.177734,0.147461,-24,32.4375,20.1875,-0.770115,-1.32533,-2.51732
12864,4,-67,-69,-22,-8,-5,1,1,1.06494,-0.177734,0.147461,-24,32.4375,20.1875,-0.770115,-1.32533,-2.51732
12864,-4,6,-24,4,2,9,-1,-3,1.06494,-0.177734,0.147461,-24,32.4375,20.1875,-0.770115,-1.32533,-2.51732
12864,9,-75,31,10,7,9,3,6,1.06494,-0.177734,0.147461,-24,32.4375,20.1875,-0.770115,-1.32533,-2.51732
12887,3,-78,-9,4,-10,-18,-8,-5,1.10107,-0.159668,0.15918,1.5625,32.5625,10.6875,-0.750171,-1.3158,-2.53717
12887,0,-57,3,0,0,5,0,-7,1.10107,-0.159668,0.15918,1.5625,32.5625,10.6875,-0.750171,-1.3158,-2.53717
12887,6,54,31,19,6,16,5,10,1.10107,-0.159668,0.15918,1.5625,32.5625,10.6875,-0.750171,-1.3158,-2.53717
12887,0,9,-21,-25,-11,-10,-5,-4,1.10107,-0.159668,0.15918,1.5625,32.5625,10.6875,-0.750171,-1.3158,-2.53717
12901,-1,-41,26,15,5,-14,-4,-3,1.04932,-0.145508,0.209961,3.3125,39.9375,9.25,-0.720428,-1.30422,-2.5668
12901,-10,-36,-43,-30,-6,12,8,-1,1.04932,-0.145508,0.209961,3.3125,39.9375,9.25,-0.720428,-1.30422,-2.5668
12902,-8,-39,-8,-2,5,11,5,0,1.04932,-0.145508,0.209961,3.3125,39.9375,9.25,-0.720428,-1.30422,-2.5668
12902,-12,94,67,18,1,-6,-1,-3,1.04932,-0.145508,0.209961,3.3125,39.9375,9.25,-0.720428,-1.30422,-2.5668
12924,0,41,-63,-11,1,-1,-3,-4,0.925293,-0.177734,0.25293,4.3125,40.6875,24,-0.705923,-1.28712,-2.58011
12924,11,64,22,-2,-8,-13,-10,-5,0.925293,-0.177734,0.25293,4.3125,40.6875,24,-0.705923,-1.28712,-2.58011
12924,5,-36,53,11,1,0,-2,2,0.925293,-0.177734,0.25293,4.3125,40.6875,24,-0.705923,-1.28712,-2.58011
12924,19,-19,-55,-11,8,7,5,6,0.925293,-0.177734,0.25293,4.3125,40.6875,24,-0.705923,-1.28712,-2.58011
12948,-6,62,25,-1,-6,-16,-6,-6,0.848633,-0.236816,0.330566,11.5625,39.375,34.125,-0.699408,-1.26565,-2.58233
12948,-4,56,8,6,-4,0,-2,0,0.848633,-0.236816,0.330566,11.5625,39.375,34.125,-0.699408,-1.26565,-2.58233
12949,-3,28,-37,-7,0,10,5,0,0.846191,-0.187988,0.396973,18.9375,40.1875,29.375,-0.681648,-1.24504,-2.59321
12949,8,41,42,18,3,-7,-3,-1,0.846191,-0.187988,0.396973,18.9375,40.1875,29.375,-0.681648,-1.24504,-2.59321
12960,-1,30,-20,-7,-4,-1,3,-2,0.846191,-0.187988,0.396973,18.9375,40.1875,29.375,-0.681648,-1.24504,-2.59321
12960,3,124,53,19,7,17,4,-5,0.846191,-0.187988,0.396973,18.9375,40.1875,29.375,-0.681648,-1.24504,-2.59321
12961,-7,80,-54,-9,-7,-11,-2,-6,0.846191,-0.187988,0.396973,18.9375,40.1875,29.375,-0.681648,-1.24504,-2.59321
12961,1,55,-2,-7,-4,-9,-3,-1,0.846191,-0.187988,0.396973,18.9375,40.1875,29.375,-0.681648,-1.24504,-2.59321
12984,-4,41,8,-11,-4,-5,-1,0,0.816406,-0.199707,0.405273,27.5,42.0625,16.8125,-0.6524,-1.22615,-2.61309
12984,0,52,52,26,0,6,2,0,0.816406,-0.199707,0.405273,27.5,42.0625,16.8125,-0.6524,-1.22615,-2.61309
12984,-1,-15,-5,-15,2,0,-2,-2,0.816406,-0.199707,0.405273,27.5,42.0625,16.8125,-0.6524,-1.22615,-2.61309
12984,-7,-16,-14,-16,0,3,-2,-5,0.816406,-0.199707,0.405273,27.5,42.0625,16.8125,-0.6524,-1.22615,-2.61309
13007,5,4,7,1,-6,-12,-2,1,0.759277,-0.240723,0.38623,26.625,45.5,18.375,-0.628954,-1.20573,-2.62764
13007,-3,-26,8,-8,-3,3,-4,-4,0.759277,-0.240723,0.38623,26.625,45.5,18.375,-0.628954,-1.20573,-2.62764
13007,1,-39,-3,-4,1,-8,-4,1,0.759277,-0.240723,0.38623,26.625,45.5,18.375,-0.628954,-1.20573,-2.62764
13007,-2,-15,21,3,-5,-1,2,-1,0.759277,-0.240723,0.38623,26.625,45.5,18.375,-0.628954,-1.20573,-2.62764
13021,7,-14,6,-9,1,5,6,5,0.691406,-0.29248,0.394531,25.5,47.625,25.25,-0.614254,-1.18244,-2.63404
13021,-4,-29,-15,12,8,-4,0,-1,0.691406,-0.29248,0.394531,25.5,47.625,25.25,-0.614254,-1.18244,-2.63404
13021,0,-37,-10,4,1,0,1,-6,0.691406,-0.29248,0.394531,25.5,47.625,25.25,-0.614254,-1.18244,-2.63404
13021,-5,-12,2,2,-3,1,-3,-5,0.691406,-0.29248,0.394531,25.5,47.625,25.25,-0.614254,-1.18244,-2.63404
13044,-21,-34,-12,0,-3,-2,-6,-6,0.691895,-0.258301,0.413086,33.4375,42,23.25,-0.597471,-1.16159,-2.63949
13044,-2,-27,-4,-11,-4,-6,-2,2,0.691895,-0.258301,0.413086,33.4375,42,23.25,-0.597471,-1.16159,-2.63949
13044,7,-4,28,1,-13,-21,-4,4,0.691895,-0.258301,0.413086,33.4375,42,23.25,-0.597471,-1.16159,-2.63949
13044,10,-11,21,-1,-3,8,1,-1,0.691895,-0.258301,0.413086,33.4375,42,23.25,-0.597471,-1.16159,-2.63949
13067,14,-3,-19,12,16,21,6,3,0.713867,-0.275879,0.395508,30.125,38.25,17,-0.582009,-1.14366,-2.64505
13067,-23,-62,-25,-17,5,0,-1,-17,0.713867,-0.275879,0.395508,30.125,38.25,17,-0.582009,-1.14366,-2.64505
13067,-18,-27,-70,-5,-2,2,0,-9,0.713867,-0.275879,0.395508,30.125,38.25,17,-0.582009,-1.14366,-2.64505
13067,-7,-17,31,-4,-9,-17,-4,-3,0.713867,-0.275879,0.395508,30.125,38.25,17,-0.582009,-1.14366,-2.64505
13081,-2,-18,-25,-8,-8,-10,-3,0,0.748535,-0.313965,0.446289,29.8125,40.375,7.6875,-0.561702,-1.12612,-2.65621
13081,14,19,43,9,1,13,4,8,0.748535,-0.313965,0.446289,29.8125,40.375,7.6875,-0.561702,-1.12612,-2.65621
13082,10,1,10,1,1,-5,-1,4,0.748535,-0.313965,0.446289,29.8125,40.375,7.6875,-0.561702,-1.12612,-2.65621
13082,-6,-19,-27,-1,1,1,0,-2,0.748535,-0.313965,0.446289,29.8125,40.375,7.6875,-0.561702,-1.12612,-2.65621
13111,5,18,26,1,0,3,-2,0,0.750977,-0.347656,0.418945,33.25,42.75,1.75,-0.539745,-1.1095,-2.66878
13111,1,-3,-14,-1,0,-7,-2,-1,0.750977,-0.347656,0.418945,33.25,42.75,1.75,-0.539745,-1.1095,-2.66878
13113,-3,0,1,1,-1,0,1,-1,0.785156,-0.310059,0.433594,36.0625,42.0625,2.625,-0.516879,-1.09368,-2.68087
13113,-1,6,9,6,1,2,2,0,0.785156,-0.310059,0.433594,36.0625,42.0625,2.625,-0.516879,-1.09368,-2.68087
13126,3,-3,13,-1,-4,-6,0,0,0.785156,-0.310059,0.433594,36.0625,42.0625,2.625,-0.516879,-1.09368,-2.68087
13126,-3,17,18,3,-6,1,-7,-3,0.785156,-0.310059,0.433594,36.0625,42.0625,2.625,-0.516879,-1.09368,-2.68087
13128,0,-20,-10,-2,4,9,-1,2,0.80957,-0.243652,0.437988,32.5625,40,2.6875,-0.494462,-1.07938,-2.69336
13128,10,2,-11,0,4,0,2,2,0.80957,-0.243652,0.437988,32.5625,40,2.6875,-0.494462,-1.07938,-2.69336
13140,-17,-10,-11,0,0,0,-3,-10,0.80957,-0.243652,0.437988,32.5625,40,2.6875,-0.494462,-1.07938,-2.69336
13140,-10,-10,3,-2,-5,-8,-3,-1,0.80957,-0.243652,0.437988,32.5625,40,2.6875,-0.494462,-1.07938,-2.69336
13149,3,30,76,7,0,-1,1,3,0.840332,-0.209961,0.410156,16.9375,40.3125,3.5625,-0.478562,-1.06658,-2.70491
13149,6,-21,-77,-7,-2,0,-2,2,0.840332,-0.209961,0.410156,16.9375,40.3125,3.5625,-0.478562,-1.06658,-2.70491
13164,11,9,5,-3,-3,-4,-2,3,0.840332,-0.209961,0.410156,16.9375,40.3125,3.5625,-0.478562,-1.06658,-2.70491
13164,3,-20,-17,-4,2,-1,-1,3,0.840332,-0.209961,0.410156,16.9375,40.3125,3.5625,-0.478562,-1.06658,-2.70491
13165,0,13,44,4,1,0,2,2,0.839844,-0.208008,0.405273,5.25,39.8125,4.875,-0.468202,-1.05368,-2.71449
13165,0,4,9,-2,-4,-12,-3,0,0.839844,-0.208008,0.405273,5.25,39.8125,4.875,-0.468202,-1.05368,-2.71449
13186,-9,2,-10,-7,-5,7,-2,-6,0.839844,-0.208008,0.405273,5.25,39.8125,4.875,-0.468202,-1.05368,-2.71449
13186,2,13,22,8,0,-3,2,3,0.839844,-0.208008,0.405273,5.25,39.8125,4.875,-0.468202,-1.05368,-2.71449
13188,-5,-23,-43,-9,8,13,1,-6,0.817383,-0.199219,0.397461,2.6875,39.0625,5.75,-0.459929,-1.04132,-2.72304
13188,-9,-2,-16,-7,-1,-4,-3,-3,0.817383,-0.199219,0.397461,2.6875,39.0625,5.75,-0.459929,-1.04132,-2.72304
13200,3,-1,21,2,-1,-6,-3,0,0.817383,-0.199219,0.397461,2.6875,39.0625,5.75,-0.459929,-1.04132,-2.72304
13200,2,13,38,0,-5,-1,0,3,0.817383,-0.199219,0.397461,2.6875,39.0625,5.75,-0.459929,-1.04132,-2.72304
13209,10,14,33,3,-4,-7,-1,2,0.783203,-0.208008,0.394043,-1.375,38.9375,6.25,-0.454131,-1.02858,-2.73028
13209,-5,-9,-4,4,4,0,2,-3,0.783203,-0.208008,0.394043,-1.375,38.9375,6.25,-0.454131,-1.02858,-2.73028
13224,-4,8,25,1,-2,-5,-1,1,0.783203,-0.208008,0.394043,-1.375,38.9375,6.25,-0.454131,-1.02858,-2.73028
13224,-4,-25,-38,-14,-5,-6,-4,-3,0.783203,-0.208008,0.394043,-1.375,38.9375,6.25,-0.454131,-1.02858,-2.73028
13225,0,5,4,5,-2,-1,5,2,0.760254,-0.215332,0.429688,2.875,37.4375,8.8125,-0.448574,-1.01541,-2.73581
13225,-5,4,-27,-18,2,12,-2,0,0.760254,-0.215332,0.429688,2.875,37.4375,8.8125,-0.448574,-1.01541,-2.73581
13247,6,-7,17,6,2,2,-1,-4,0.760254,-0.215332,0.429688,2.875,37.4375,8.8125,-0.448574,-1.01541,-2.73581
13247,4,19,23,4,0,-5,-2,-4,0.760254,-0.215332,0.429688,2.875,37.4375,8.8125,-0.448574,-1.01541,-2.73581
13248,-10,4,-13,-9,-5,-6,-5,-1,0.766113,-0.209961,0.490723,14.875,37.0625,8.3125,-0.438087,-1.0016,-2.74188
13248,-1,-5,23,7,-2,-6,1,-2,0.766113,-0.209961,0.490723,14.875,37.0625,8.3125,-0.438087,-1.0016,-2.74188
13269,-5,-8,-18,-5,1,10,-1,0,0.766113,-0.209961,0.490723,14.875,37.0625,8.3125,-0.438087,-1.0016,-2.74188
13269,0,4,3,2,2,3,2,1,0.766113,-0.209961,0.490723,14.875,37.0625,8.3125,-0.438087,-1.0016,-2.74188
13271,3,-13,-22,-3,0,-2,-4,0,0.76709,-0.160645,0.531738,20.5625,35.75,9.0625,-0.423967,-0.987923,-2.74887
13271,-5,10,16,-2,-5,-1,0,0,0.76709,-0.160645,0.531738,20.5625,35.75,9.0625,-0.423967,-0.987923,-2.74887
13284,-4,-26,-50,-5,6,-4,0,-1,0.76709,-0.160645,0.531738,20.5625,35.75,9.0625,-0.423967,-0.987923,-2.74887
13284,-1,20,7,-2,-2,6,-2,-4,0.76709,-0.160645,0.531738,20.5625,35.75,9.0625,-0.423967,-0.987923,-2.74887
13286,3,5,7,6,-2,1,0,0,0.759277,-0.140625,0.549316,17.625,34.5625,9.125,-0.410835,-0.974798,-2.75588
13286,-4,1,-23,-3,1,-2,1,0,0.759277,-0.140625,0.549316,17.625,34.5625,9.125,-0.410835,-0.974798,-2.75588
13307,0,8,7,-6,-6,-8,-1,-1,0.759277,-0.140625,0.549316,17.625,34.5625,9.125,-0.410835,-0.974798,-2.75588
13307,0,-2,-16,-4,1,6,3,-2,0.759277,-0.140625,0.549316,17.625,34.5625,9.125,-0.410835,-0.974798,-2.75588
13309,0,3,-3,-6,-1,-5,0,-2,0.714355,-0.139648,0.586914,5.25,34.25,9.75,-0.402239,-0.960523,-2.76222
13309,-3,-3,17,-1,-2,0,-4,-2,0.714355,-0.139648,0.586914,5.25,34.25,9.75,-0.402239,-0.960523,-2.76222
13320,13,5,20,8,0,-1,2,3,0.714355,-0.139648,0.586914,5.25,34.25,9.75,-0.402239,-0.960523,-2.76222
13320,-14,-37,-10,-3,-4,-10,-2,-3,0.714355,-0.139648,0.586914,5.25,34.25,9.75,-0.402239,-0.960523,-2.76222
13329,-3,8,-15,4,5,8,2,-1,0.67334,-0.162598,0.631836,4.75,33.1875,9.5625,-0.394634,-0.945366,-2.76792
13329,2,1,0,-1,-1,-2,-2,0,0.67334,-0.162598,0.631836,4.75,33.1875,9.5625,-0.394634,-0.945366,-2.76792
13345,-6,-7,11,1,-3,2,-2,0,0.67334,-0.162598,0.631836,4.75,33.1875,9.5625,-0.394634,-0.945366,-2.76792
13345,11,5,-4,-9,0,-8,-4,1,0.67334,-0.162598,0.631836,4.75,33.1875,9.5625,-0.394634,-0.945366,-2.76792
13346,2,-9,-7,-3,-1,-2,-1,-1,0.648438,-0.200684,0.651855,13,31.4375,9.375,-0.385928,-0.930042,-2.7719
13346,-12,-11,24,1,-3,-5,-3,-7,0.648438,-0.200684,0.651855,13,31.4375,9.375,-0.385928,-0.930042,-2.7719
13367,2,18,-8,2,-4,-6,0,-2,0.648438,-0.200684,0.651855,13,31.4375,9.375,-0.385928,-0.930042,-2.7719
13367,-3,7,-32,-2,4,5,-1,-1,0.648438,-0.200684,0.651855,13,31.4375,9.375,-0.385928,-0.930042,-2.7719
13368,-7,2,20,-2,-6,-4,-2,-6,0.606934,-0.172852,0.659668,18.375,31.4375,7.5,-0.374025,-0.914727,-2.77729
13368,4,-9,-12,0,4,5,2,2,0.606934,-0.172852,0.659668,18.375,31.4375,7.5,-0.374025,-0.914727,-2.77729
13380,-5,-6,1,0,-2,-3,-3,-2,0.606934,-0.172852,0.659668,18.375,31.4375,7.5,-0.374025,-0.914727,-2.77729
13380,-3,5,1,0,-5,-3,-2,-2,0.606934,-0.172852,0.659668,18.375,31.4375,7.5,-0.374025,-0.914727,-2.77729
13389,0,15,17,-5,-3,-6,-3,0,0.552734,-0.155273,0.714844,23.0625,34.25,8.3125,-0.359818,-0.897122,-2.78317
13389,0,-33,-33,3,3,7,0,1,0.552734,-0.155273,0.714844,23.0625,34.25,8.3125,-0.359818,-0.897122,-2.78317
13404,-4,3,-8,-5,-1,2,-1,-3,0.552734,-0.155273,0.714844,23.0625,34.25,8.3125,-0.359818,-0.897122,-2.78317
13404,0,5,15,6,0,-1,0,1,0.552734,-0.155273,0.714844,23.0625,34.25,8.3125,-0.359818,-0.897122,-2.78317
13410,8,-37,-10,3,4,3,3,4,0.529785,-0.233398,0.78125,21.5625,35.125,2.9375,-0.346397,-0.878161,-2.78964
13410,-2,31,56,4,-5,-6,-1,-3,0.529785,-0.233398,0.78125,21.5625,35.125,2.9375,-0.346397,-0.878161,-2.78964
13426,6,31,17,8,-3,-8,-3,2,0.529785,-0.233398,0.78125,21.5625,35.125,2.9375,-0.346397,-0.878161,-2.78964
13426,-16,-66,-95,-21,7,10,0,-4,0.529785,-0.233398,0.78125,21.5625,35.125,2.9375,-0.346397,-0.878161,-2.78964
13428,-1,-10,26,3,-1,-3,-4,-2,0.533691,-0.247559,0.785645,20.25,34.625,-7.625,-0.330752,-0.860852,-2.8005
13428,-1,10,-5,-2,0,-2,-2,0,0.533691,-0.247559,0.785645,20.25,34.625,-7.625,-0.330752,-0.860852,-2.8005
13440,-4,-15,-38,-4,-3,-2,-1,-1,0.533691,-0.247559,0.785645,20.25,34.625,-7.625,-0.330752,-0.860852,-2.8005
13440,8,27,42,2,-8,-9,0,1,0.533691,-0.247559,0.785645,20.25,34.625,-7.625,-0.330752,-0.860852,-2.8005
13455,-7,-16,-46,-9,-7,-8,-4,-5,0.512207,-0.231445,0.762207,18.125,33.9375,-8.8125,-0.316008,-0.844398,-2.81118
13455,3,17,27,12,10,16,4,2,0.512207,-0.231445,0.762207,18.125,33.9375,-8.8125,-0.316008,-0.844398,-2.81118
13463,4,10,-6,-4,1,3,-2,-1,0.512207,-0.231445,0.762207,18.125,33.9375,-8.8125,-0.316008,-0.844398,-2.81118
13463,-3,-12,-24,2,-3,-2,0,-2,0.512207,-0.231445,0.762207,18.125,33.9375,-8.8125,-0.316008,-0.844398,-2.81118
13470,1,-1,-7,-1,0,-3,0,-2,0.550293,-0.216797,0.778809,15.5,30.6875,-5.875,-0.303759,-0.829193,-2.8197
13470,0,7,-6,-4,-5,-7,-3,-2,0.550293,-0.216797,0.778809,15.5,30.6875,-5.875,-0.303759,-0.829193,-2.8197
13487,-2,18,22,1,1,2,2,2,0.550293,-0.216797,0.778809,15.5,30.6875,-5.875,-0.303759,-0.829193,-2.8197
13487,-4,-11,-2,7,1,3,-1,-2,0.550293,-0.216797,0.778809,15.5,30.6875,-5.875,-0.303759,-0.829193,-2.8197
13489,-5,15,18,-2,-6,-4,-3,-2,0.635742,-0.26123,0.783691,16.5,30,-9.8125,-0.292016,-0.816181,-2.82848
13489,4,19,-11,-2,-1,-4,-3,1,0.635742,-0.26123,0.783691,16.5,30,-9.8125,-0.292016,-0.816181,-2.82848
13500,2,-16,30,8,4,3,2,3,0.635742,-0.26123,0.783691,16.5,30,-9.8125,-0.292016,-0.816181,-2.82848
13500,-6,-19,-21,-8,-2,-2,0,-1,0.635742,-0.26123,0.783691,16.5,30,-9.8125,-0.292016,-0.816181,-2.82848
13509,-2,35,6,-4,2,2,0,-2,0.70459,-0.260742,0.738281,16.3125,30.25,-15.8125,-0.27935,-0.805737,-2.83916
13509,6,-4,-8,3,-1,-3,-1,1,0.70459,-0.260742,0.738281,16.3125,30.25,-15.8125,-0.27935,-0.805737,-2.83916
13523,-18,-28,-38,-16,-10,-8,-7,-8,0.70459,-0.260742,0.738281,16.3125,30.25,-15.8125,-0.27935,-0.805737,-2.83916
13523,3,22,71,11,2,-2,0,1,0.70459,-0.260742,0.738281,16.3125,30.25,-15.8125,-0.27935,-0.805737,-2.83916
